"impl","estimand","coef","se"
"emulate","ITT",-0.429421837661231,0.0667035549873912
"emulate","PP",-0.429421837661228,0.066703554987389
"TrialEmulation","ITT",-0.437215031952468,0.0637264810963794
"TrialEmulation","PP",-0.437215031952468,0.0637264810963794
