method,weight_mean,weight_sd,coef,se,or_hr
py_manual_iptw,0.9975970358900681,0.40830609378032945,-0.21499847507761244,0.1064223906443791,0.8065426700913633
py_naive,,,-0.32098097840574386,0.10227139240608159,0.7254370498281231
py_point_treatment,0.9988539268976216,0.31021216673827295,1.9944781689476716,0.09932347177346444,
