method,weight_mean,weight_sd,coef,se,or_hr
py_manual_iptw,0.9975970358900683,0.4083060937803354,-0.21499847507761075,0.10642239064437765,0.8065426700913646
py_naive,,,-0.3209809784057398,0.10227139240607924,0.725437049828126
py_point_treatment,0.9988539268976218,0.31021216673827307,1.9944781689476634,0.09932347177346447,
