"method","weight_mean","weight_sd","coef","se","or_hr"
"r_manual_iptw",0.997597035890068,0.408306093780321,-0.214998474716731,0.106412551008302,0.80654267038243
"r_ipwtm",0.997323335049013,0.285502097685336,-0.153868955962929,0.102382485772422,0.857384368759049
"r_naive",NA,NA,-0.32098097519887,0.102267920059576,0.725437052154508
"r_point_treatment",0.998853926897622,0.310212166738274,1.99447816894766,0.0993069109610484,NA
