period,risk_always,risk_never,true_rd,true_or,true_log_or
0,.016100001,.023499999,-.0073999986052513,.67995368569836,-.3857305923986438
1,.022600001,.021500001,.0010999999940395,1.052345803888709,.0510217712227453
2,.0298,.0243,.0054999999701977,1.233289476458153,.2096849707212861
3,.035999998,.027100001,.0088999979197979,1.340677593792517,.2931751531656823
4,.035399999,.023800001,.0115999989211559,1.505281879697045,.4089801761429946
5,.043699998,.0294,.0142999980598688,1.508621233142465,.4111961430715185
6,.041000001,.025900001,.0151000004261732,1.607937001309079,.4749519916989115
7,.046,.030099999,.0159000009298325,1.553709903928495,.4406455575104437
