"intercept","cu_high","feed0","time","se_intercept","se_cu_high","se_feed0","se_time"
25.3721562685099,-0.896093624387639,0.346744410907596,1.48743259048701,1.44961964584852,1.47001349806535,0.0571828819521087,0.875863972784066
