"num_cu_high","den_cu_high","den_startwt","den_evit100","den_evit200","ps_intercept","ps_startwt","ps_evit100","ps_evit200","pr_treat"
0.220315525857934,0.206256083702738,0.0179282493059393,0.00935169158509265,0.126302647167511,-2.1122530128132,0.0591129994560621,-0.172980698818528,-0.138052928642557,0.333333333333333
