"rx2","number","size","se_rx2","se_number","se_size"
-0.268818219195128,-0.0230749747201513,-0.0743497063388394,0.247286641709626,0.0602809169297042,0.0808349413252367
