"intercept","cu_high","feed0","time","se_intercept","se_cu_high","se_feed0","se_time"
-8.87254447699473,-0.164178899762198,0.26856567859314,-1.40524500203421,1.83206728263673,0.636286974950533,0.0597203243631726,0.747784024270444
