"intercept","cu_high","feed0","time","se_intercept","se_cu_high","se_feed0","se_time"
25.7239927892924,-1.01240787922116,0.349633179868268,1.41763662182402,1.60276940447249,1.54214771905673,0.0579787095597309,0.898504024459335
