"intercept","age","educ","black","hispan","married","nodegree","re74","re75","numerator_intercept","se_intercept","se_age","se_educ","se_black","se_hispan","se_married","se_nodegree","se_re74","se_re75","se_numerator_intercept"
-4.72864932405592,0.0157770709858204,0.161306877011067,3.06536772923412,0.983633610278194,-0.832113271326341,0.707296881079664,-7.1776685680759e-05,5.34464463884473e-05,-0.841101093848574,1.01704781505377,0.0135767333575715,0.0651253314279318,0.286511900577169,0.425651695119675,0.290322205200972,0.337662490208456,2.87468443875443e-05,4.63476414297113e-05,0.0879568102502687
