"intercept","cu_high","feed0","time","se_intercept","se_cu_high","se_feed0","se_time"
-8.86783900578926,-0.164093461408426,0.268494458877337,-1.40520799398397,1.8365106842488,0.636089763648331,0.0596969609986441,0.747475075540997
