"rx2","number","size"
-0.268818219195128,-0.0230749747201513,-0.0743497063388394
