"intercept","cu_high","feed0","time","se_intercept","se_cu_high","se_feed0","se_time"
25.7239927892924,-1.01240787922117,0.349633179868268,1.41763662182402,1.40177599121579,1.7166572093881,0.0486870485439822,0.777398966803453
