"intercept","cu_high","feed0","time","se_intercept","se_cu_high","se_feed0","se_time"
25.3721562685099,-0.89609362438764,0.346744410907596,1.48743259048701,1.27398759943921,1.63882228517517,0.0480601485246732,0.758849566981796
