"intercept","age","educ","black","hispan","married","nodegree","re74","re75","numerator_intercept"
-4.72864932405592,0.0157770709858204,0.161306877011067,3.06536772923412,0.983633610278194,-0.832113271326341,0.707296881079664,-7.1776685680759e-05,5.34464463884473e-05,-0.841101093848574
