"intercept","D","time","se_intercept","se_D","se_time"
2.08673488805121,0.798236783580573,-1.0295371852684,0.189780529174817,0.255589257406893,0.0401796913393889
