"intercept","D","time","se_intercept","se_D","se_time"
2.01660715479089,0.810538843939425,-1.01521887813284,0.19882741289282,0.259670548926134,0.0436006167130882
