"term","estimate","se","n","nevent"
"conc.lag",-0.0282704462288763,0.0166563191077531,154,95
