"term","estimate","se","n","nevent"
"conc.lag",-0.0813185793853184,0.0130063385724204,213,154
