estimator,ate,se,po1,po0,ci_lo,ci_hi
aipw_notrim,0.203336450194,0.015881710333,0.385299691815,0.181963241621,0.172208869930,0.234464030459
aipw_trim,0.203336450194,0.015881710333,0.385299691815,0.181963241621,0.172208869930,0.234464030459
tmle_notrim,0.203335618286,0.015881540868,0.384300585331,0.180964967046,0.172208370166,0.234462866406
tmle_trim,0.203335618286,0.015881540868,0.384300585331,0.180964967046,0.172208370166,0.234462866406
