"estimator","ate","se","po1","po0","ci_lo","ci_hi"
"aipw_notrim",2.50132155244283,0.0379994808232645,3.47425731069739,0.972935758254561,2.42684393859801,2.57579916628765
"aipw_trim",2.50132155244283,0.0379994808232645,3.47425731069739,0.972935758254561,2.42684393859801,2.57579916628765
"tmle_notrim",2.50132230039429,0.0379995235414868,3.47558263175053,0.97426033135624,2.4268446028233,2.57579999796529
"tmle_trim",2.50132230039429,0.0379995235414868,3.47558263175053,0.97426033135624,2.4268446028233,2.57579999796529
