estimator,ate,se,po1,po0,ci_lo,ci_hi
aipw_notrim,2.501321552538,0.037999480533,3.474257310833,0.972935758295,2.426843939262,2.575799165815
aipw_trim,2.501321552538,0.037999480533,3.474257310833,0.972935758295,2.426843939262,2.575799165815
tmle_notrim,2.501322300487,0.037999523252,3.475582631795,0.974260331309,2.426844603484,2.575799997489
tmle_trim,2.501322300487,0.037999523252,3.475582631795,0.974260331309,2.426844603484,2.575799997489
