"estimator","ate","se","po1","po0","ci_lo","ci_hi"
"aipw_notrim",0.203336450079874,0.0158817103752586,0.385299691828278,0.181963241748403,0.172208869731472,0.234464030428277
"aipw_trim",0.203336450079874,0.0158817103752586,0.385299691828278,0.181963241748403,0.172208869731472,0.234464030428277
"tmle_notrim",0.203335628325019,0.0158815409151688,0.38430059405148,0.180964965726461,0.172208380112289,0.23446287653775
"tmle_trim",0.203335628325019,0.0158815409151688,0.38430059405148,0.180964965726461,0.172208380112289,0.23446287653775
