"Method","Coefficient","OR","Survival_A0","Survival_A1"
"Program_17.2_crude",0.335476060047415,1.39860604722351,0.82010566588885,0.761786506421464
"Program_17.3_IPweighted",-0.179384005298784,0.835784891939549,0.804651646025587,0.806667250392963
