"id","L","X","status","z1","z2","cgroup","tgroup"
1,0,3.47866762973193,1,1,-1.26041649389072,1,0
2,0,0.0195815804077564,1,1,-1.73326489722149,1,0
3,0,1.06141197974175,1,1,-0.121533503262312,1,0
4,0,0.973131415076424,2,1,0.509274711938511,1,1
5,0,1.54886448010125,1,0,1.79619888660722,0,1
6,0,3.6677998899062,2,0,-0.401366736938244,0,0
7,0,1.96665525520783,1,1,0.834418294415573,1,1
8,0,6,0,0,-1.98065078606945,0,0
9,0,3.32490765424146,1,1,2.31764798613708,1,1
10,0,0.204527776083057,1,1,0.547327098103585,1,1
11,0,0.0721661062959183,1,0,-0.960749600339184,0,0
12,0,0.820178716695164,1,0,-3.19003652291455,0,0
13,0,0.244636188406019,1,1,-1.85725338298423,1,0
14,0,0.930593710114091,1,1,-0.355794439814016,1,0
15,0,0.81854216148156,2,0,-0.0902504790958843,0,0
16,0,0.653748986151515,2,0,-0.66914383089895,0,0
17,0,1.06486906496914,2,1,-0.894085902901179,1,0
18,0,1.5062560164025,1,1,-1.32648509292825,1,0
19,0,0.333438914174113,1,0,-1.14205233604794,0,0
20,0,0.787525532729443,1,1,-1.59744082922221,1,0
21,0,0.00139111514714999,2,0,-0.384158422059793,0,0
22,0,0.475110036133538,1,1,0.741239961989445,1,1
23,0,0.01291692882021,2,1,0.0628694543171393,1,1
24,0,0.0408328947672895,1,0,0.447662642209738,0,1
25,0,0.978326986224001,1,0,-0.0266816690978631,0,0
26,0,0.822641327402128,1,0,-0.00646719264691284,0,0
27,0,0.823436117717012,1,1,-1.89087270544814,1,0
28,0,0.213732878230308,1,0,0.760742895577572,0,1
29,0,0.23892541509362,2,0,0.332449499487329,0,1
30,0,0.11572979701062,0,0,-0.391889802397096,0,0
31,0,0.467046784865302,1,1,1.1789129261941,1,1
32,0,1.94758681205856,1,1,-0.309995361660132,1,0
33,0,0.795223887839464,1,0,-1.11725035966031,0,0
34,0,0.297609652010203,1,1,-1.55894573912795,1,0
35,0,0.469620202862215,2,0,0.821011028686826,0,1
36,0,1.305271855667,2,0,0.162722944252368,0,1
37,0,0.158027035565104,1,0,-2.4844958537431,0,0
38,0,0.549038349226986,0,0,0.0851442467189274,0,1
39,0,0.481702104070264,1,1,0.317889008324856,1,1
40,0,0.125263556887564,2,1,1.31518482628535,1,1
41,0,1.48938445101649,2,0,0.499608816579727,0,1
42,0,0.865758488144941,2,1,2.08517372205064,1,1
43,0,0.493791696305076,0,1,0.532885861549418,1,1
44,0,0.176368805240299,2,1,1.40974645846007,1,1
45,0,1.26421549978356,0,0,0.679748383212296,0,1
46,0,0.0969757287860467,2,1,1.09052346160274,1,1
47,0,1.34602075762819,2,0,1.85196435867702,0,1
48,0,2.48413954794566,2,0,-0.0158612266439434,0,0
49,0,0.466221117181823,2,0,-0.105548679916152,0,0
50,0,4.13361900673429,2,1,0.123161586381042,1,1
51,0,0.19088905634159,1,1,0.0459401661026165,1,1
52,0,0.626843741577588,1,0,-0.778773001938907,0,0
53,0,0.503768629871772,1,1,-2.45009419790121,1,0
54,0,0.656954811595526,2,0,0.742557625916835,0,1
55,0,0.484028208863044,2,0,0.779340904500982,0,1
56,0,1.11011775009246,2,0,0.903542274873793,0,1
57,0,0.102699118921891,2,1,3.39829892206701,1,1
58,0,1.59782315117765,2,0,-0.138867689092824,0,0
59,0,0.614168893917794,1,0,-0.836733259425823,0,0
60,0,0.903335664244484,0,0,-0.206157093912234,0,0
61,0,0.0594992108303861,1,1,0.286322980666237,1,1
62,0,1.54512433645626,0,0,-0.574730287061726,0,0
63,0,0.535846216398108,2,1,0.256761759689672,1,1
64,0,0.658488598061444,2,1,-1.07220560043125,1,0
65,0,0.0343333911133546,0,0,-0.603578944391115,0,0
66,0,1.04962703960351,1,1,-1.27581808115891,1,0
67,0,2.46370994454298,1,1,0.388324323343009,1,1
68,0,0.681043444907762,1,0,0.580943191010827,0,1
69,0,0.166842750709339,1,1,-0.957768537714248,1,0
70,0,2.10505564697087,0,0,0.31062955284386,0,1
71,0,0.187577783295903,1,1,-0.167610218542505,1,0
72,0,1.3285037305707,2,1,1.5431144022118,1,1
73,0,1.24424227548961,1,0,-0.910422557384483,0,0
74,0,0.712436976085541,2,0,-0.568377372957477,0,0
75,0,3.44424832301835,0,0,-0.250635788422743,0,0
76,0,0.774088281517228,0,0,-1.02215032692133,0,0
77,0,1.43976513424246,1,1,0.27729218859941,1,1
78,0,0.428911406084902,1,0,1.086286862533,0,1
79,0,0.304435418701486,1,1,-1.27101541956649,1,0
80,0,4.93727096968347,1,1,0.213157736156714,1,1
81,0,0.677043387539262,2,0,1.14307180505015,0,1
82,0,0.0775272309600732,1,1,0.0137750143659199,1,1
83,0,0.327987834169996,0,0,-2.09509565073049,0,0
84,0,0.847026135622444,2,0,1.13423582657074,0,1
85,0,0.468828174716072,1,1,-1.25251376335532,1,0
86,0,1.29232198236327,1,1,0.845983802937575,1,1
87,0,0.882217578823191,1,1,-0.304895759848855,1,0
88,0,3.76533083432432,2,0,-0.281037207359029,0,0
89,0,0.893946208125427,1,1,-1.36135980543652,1,0
90,0,0.74253289261759,2,1,1.07336475247425,1,1
91,0,0.173744717670678,1,0,-0.549925358481642,0,0
92,0,0.489663890110435,1,0,1.50690184223281,0,1
93,0,0.462200009209808,1,0,-0.668066968989172,0,0
94,0,5.2132309335383,2,0,0.835666500207189,0,1
95,0,4.21521388133893,2,0,-0.496301158084541,0,0
96,0,1.09214125827989,1,0,-0.840597037243969,0,0
97,0,0.0715539696452396,2,1,2.42333910769793,1,1
98,0,0.172478071875554,1,0,0.436714532846591,0,1
99,0,2.86268393757577,2,0,-0.24854376049864,0,0
100,0,0.215577968784879,1,1,-0.877061448887497,1,0
101,0,0.972920376541289,2,0,1.09797030255087,0,1
102,0,0.73398428644748,1,1,-2.44749730984964,1,0
103,0,0.899510560461707,1,1,-0.305641120707979,1,0
104,0,0.0613461816198081,2,1,1.76513320617914,1,1
105,0,0.00466571060247192,0,0,-0.31728670779516,0,0
106,0,0.714829238926262,1,1,0.000913207623300465,1,1
107,0,0.562562681720263,1,1,1.01092669064483,1,1
108,0,1.62211177415694,1,0,-0.308086669193609,0,0
109,0,0.381434503942728,0,0,1.21392306915198,0,1
110,0,0.125145939678606,1,0,-0.649316353738576,0,0
111,0,1.52832809159106,1,1,1.9073924002922,1,1
112,0,0.921884317264426,1,0,-1.47979359793894,0,0
113,0,0.153292307360697,2,1,2.25780068109056,1,1
114,0,3.13432810948703,1,1,0.841388273961204,1,1
115,0,0.412268091442537,1,0,-1.08263994630887,0,0
116,0,0.581422729490417,1,1,0.490132896012327,1,1
117,0,0.766527489460844,1,1,-0.290201833366645,1,0
118,0,0.359563535351119,1,1,-0.582802295235279,1,0
119,0,0.150016155483162,2,0,2.38525371095368,0,1
120,0,1.56122373173633,2,0,1.81027765999708,0,1
121,0,0.459791909470426,2,0,0.11590400853348,0,1
122,0,0.203053236724754,1,0,-0.224750239549771,0,0
123,0,0.518682414756623,1,0,0.913486462658214,0,1
124,0,0.413854710473357,1,1,-0.163199817203974,1,0
125,0,0.875805012852621,1,1,-1.07696932800023,1,0
126,0,0.100777725676042,2,0,0.746912743279968,0,1
127,0,0.653860968808408,1,0,-0.337904995256584,0,0
128,0,0.266572503265422,1,1,-0.807634708057055,1,0
129,0,0.698246348858955,1,0,0.111907087957412,0,1
130,0,2.27094761470295,2,0,-0.313899933238374,0,0
131,0,0.459763028187446,2,0,0.137634680949173,0,1
132,0,1.75402935488362,1,1,-0.42000131930408,1,0
133,0,0.305720805561642,1,1,-0.68266708735428,1,0
134,0,1.54877860264714,2,0,1.09742489782596,0,1
135,0,0.464691718192715,1,1,1.16792445696509,1,1
136,0,0.858206072201331,0,1,0.438432605883933,1,1
137,0,1.1399169077906,2,0,0.840944026378531,0,1
138,0,2.35260279159278,1,1,0.681879620301075,1,1
139,0,0.478758787937896,1,1,-0.276107580114929,1,0
140,0,0.0865837722866567,2,0,0.89295052085183,0,1
141,0,0.0624465024229122,2,1,2.53376770241445,1,1
142,0,5.32938915008533,0,1,-1.1054317401322,1,0
143,0,1.30992530805303,1,0,-1.73462658266486,0,0
144,0,0.242947678523964,1,1,0.184266952905342,1,1
145,0,0.521846147351284,1,1,1.41951585550285,1,1
146,0,1.17570667025696,1,1,-1.25908733713686,1,0
147,0,0.115640559332748,1,1,-0.768740207642355,1,0
148,0,2.64317875046919,1,0,-0.91985488951457,0,0
149,0,2.10145137877939,1,0,0.285176868868585,0,1
150,0,0.0686291915029827,1,1,-0.590223727864145,1,0
151,0,0.754190608859062,0,0,-0.00295225047165454,0,0
152,0,1.08377124505325,1,1,0.536844364720795,1,1
153,0,0.00809645874873106,1,0,-0.242726360268336,0,0
154,0,0.257495907652746,2,0,-1.42364911486188,0,0
155,0,1.41901568734146,1,0,-0.516202023021304,0,0
156,0,0.373320618023076,2,0,-0.618154269364785,0,0
157,0,0.350135806380406,2,1,-0.885590263362934,1,0
158,0,0.997386598995802,1,0,-1.01292743107824,0,0
159,0,2.45449219738658,2,1,0.277128707477022,1,1
160,0,0.372125122480564,1,1,-0.637972910160359,1,0
161,0,0.43524128391077,1,1,-0.782191228407297,1,0
162,0,1.54951232746635,2,1,0.374492244399942,1,1
163,0,2.18030006192794,1,1,0.0186207601782362,1,1
164,0,0.357521368999796,1,1,-2.24879547813623,1,0
165,0,0.317097860772098,1,1,-0.72629419771729,1,0
166,0,0.812287766530416,1,1,-0.531482594436151,1,0
167,0,0.220605217790981,1,1,-0.00243980989956929,1,0
168,0,0.168063204197168,2,0,0.428875613477057,0,1
169,0,0.563264918452602,2,1,-0.476101770631089,1,0
170,0,2.60719106843074,0,0,-0.321480364202158,0,0
171,0,0.13567792085419,1,0,-0.957338876344368,0,0
172,0,0.0442073655074956,1,1,-0.642237484523731,1,0
173,0,0.123268119904029,2,0,1.0062235083961,0,1
174,0,1.98284612065116,1,0,-1.54394608737515,0,0
175,0,0.274537554037459,2,1,1.75110317826315,1,1
176,0,0.728609731391582,0,0,0.444095770922849,0,1
177,0,1.27180397775778,2,1,0.247259401602712,1,1
178,0,5.69825528577158,2,0,-0.197436131158272,0,0
179,0,0.146769075262945,0,0,0.799209239495009,0,1
180,0,0.62165212820533,1,0,0.0177252666437677,0,1
181,0,2.11727950009096,1,0,-1.4265542796652,0,0
182,0,0.239114008948828,2,1,2.10483089809735,1,1
183,0,0.440955540474831,1,0,-1.53146838420178,0,0
184,0,2.27372209710481,2,1,1.66812847317269,1,1
185,0,1.12048324526682,1,1,0.323860118956831,1,1
186,0,0.455775895555656,2,0,1.79972907865717,0,1
187,0,1.26884048270127,1,1,-1.4580399466948,1,0
188,0,1.27883920022478,1,1,0.54768464539115,1,1
189,0,0.468385796769228,1,1,0.966054114987114,1,1
190,0,1.01718606488401,1,0,-0.501196063933123,0,0
191,0,0.041279956236705,1,0,-0.249176042777237,0,0
192,0,0.593144076574626,1,1,-1.55415818810876,1,0
193,0,0.472784346872793,2,0,-0.490670333307696,0,0
194,0,0.7041440711334,1,0,0.345643894028446,0,1
195,0,1.2132449944814,0,1,-1.11662303665032,1,0
196,0,0.237448140851481,1,1,0.00424130295252963,1,1
197,0,0.374128824464042,1,0,-2.01652293212025,0,0
198,0,0.172386260762809,2,0,0.120069397328542,0,1
199,0,2.23674257683676,1,0,0.481033340172766,0,1
200,0,1.61749841434508,1,1,1.31605105780691,1,1
201,0,0.287109075429591,1,1,1.26600534214925,1,1
202,0,0.0810223923478328,1,0,-0.840810509625967,0,0
203,0,1.07587953690588,2,1,1.44794725382733,1,1
204,0,0.368555916765141,2,1,0.294143691933292,1,1
205,0,0.394245318537101,1,1,1.58934089004747,1,1
206,0,0.147823244293532,2,0,2.59238590447385,0,1
207,0,0.119062619849417,1,1,0.293820707974225,1,1
208,0,1.00103652521025,2,0,1.96866805025457,0,1
209,0,0.0759253231707857,1,0,-0.42571154344207,0,0
210,0,1.43971355492853,2,0,-0.369919545714856,0,0
211,0,0.361741306824545,2,0,0.524593325466566,0,1
212,0,0.772506096156447,1,1,-1.60689761269991,1,0
213,0,0.529911712973238,1,0,-0.499527200829776,0,0
214,0,2.10292898103636,1,0,-0.637051098834799,0,0
215,0,1.55069527025835,1,0,0.6913419886271,0,1
216,0,0.873102518698368,1,0,-2.41530728895494,0,0
217,0,0.434029218732039,1,1,0.216055643910719,1,1
218,0,0.435389669050173,2,0,0.479041497867745,0,1
219,0,0.161349270704695,1,0,-1.01403400103287,0,0
220,0,0.579005310536633,1,0,0.403230328150823,0,1
221,0,0.131456068372005,1,1,1.38506895536049,1,1
222,0,0.172826051712036,0,0,0.264892432403012,0,1
223,0,0.0183927356388773,2,1,1.24782743822094,1,1
224,0,0.175520522824723,1,0,0.45445361722978,0,1
225,0,0.530623484554125,2,0,0.0679175538564729,0,1
226,0,0.400958822207392,1,0,-0.731694342732324,0,0
227,0,0.283166881225467,2,1,0.17766395468042,1,1
228,0,0.84229978365149,2,0,2.27831816937469,0,1
229,0,0.126356076137852,1,0,0.00210744528299355,0,1
230,0,0.221510744348666,2,1,2.14540507328933,1,1
231,0,0.824168052817572,1,1,-0.595726528414286,1,0
232,0,0.240363028259188,0,0,0.992602096563664,0,1
233,0,2.5520088353748,2,1,-0.425448932146,1,0
234,0,2.77537746356332,0,0,-1.12538304107219,0,0
235,0,1.019891928163,1,0,0.444210030343815,0,1
236,0,0.941876511741038,1,0,-0.80389642735237,0,0
237,0,3.68350679656637,2,0,-0.396206891611974,0,0
238,0,0.0710852360102843,1,1,-0.279467620914996,1,0
239,0,1.06227203904819,1,1,1.02637513144417,1,1
240,0,0.386999848710616,1,1,-0.708397215803788,1,0
241,0,0.963578301692338,2,0,-0.170620109177025,0,0
242,0,0.574102444379381,1,0,-0.601430635917683,0,0
243,0,0.418569791916569,2,1,0.801029723107643,1,1
244,0,0.135040425955621,1,1,0.470168487501311,1,1
245,0,2.0164557904709,2,1,-0.0986308034075387,1,0
246,0,0.220243710233747,2,0,1.25720297055782,0,1
247,0,0.298945769148029,1,1,0.900069676693824,1,1
248,0,1.43250450010531,1,0,-1.26644052620004,0,0
249,0,2.50242675144473,2,0,1.5270835014387,0,1
250,0,0.0528119619559899,2,1,2.19335591180553,1,1
251,0,0.703623691871636,2,1,-0.513768604564698,1,0
252,0,0.306592836890829,1,1,-0.370686220091029,1,0
253,0,1.68033857665617,1,0,0.333507123026498,0,1
254,0,0.359756361089146,1,1,-1.15677549882002,1,0
255,0,0.817579265676379,1,1,-1.58242798919687,1,0
256,0,0.812601046160741,2,1,0.312255206519202,1,1
257,0,0.115917140873353,1,0,-1.0366904868064,0,0
258,0,0.20133987933925,1,0,0.339491305190605,0,1
259,0,0.0434021838009357,0,1,0.523770878507981,1,1
260,0,1.03170807044762,2,0,-0.506538372773072,0,0
261,0,1.39023094483114,1,0,-1.99579051310559,0,0
262,0,0.165747589013559,2,1,0.810561826922155,1,1
263,0,0.791536514074602,0,1,-1.13898912992794,1,0
264,0,0.353975894341181,1,1,1.09746494774664,1,1
265,0,0.537486317323083,2,0,-1.33778661743074,0,0
266,0,0.806174520403147,0,1,0.429544670486385,1,1
267,0,1.02560279890895,0,0,0.885443777128779,0,1
268,0,1.66949976794643,2,1,0.50494354087514,1,1
269,0,0.292087640190564,1,1,-0.38603881468991,1,0
270,0,1.91185650726159,0,1,1.15733284207518,1,1
271,0,0.956501135069476,1,0,-1.66998397779833,0,0
272,0,0.939376225577799,0,1,1.78770922081122,1,1
273,0,0.23004536024464,1,1,1.15282393070402,1,1
274,0,1.36284865243576,2,1,0.0981126960202877,1,1
275,0,0.064391885602878,2,0,0.479218948957065,0,1
276,0,0.0260335475263684,1,1,-1.62690632673119,1,0
277,0,2.15828770927416,1,0,0.887267057947488,0,1
278,0,1.41020045716784,1,1,-0.0057368756644634,1,0
279,0,0.257307828159725,2,1,-0.459071959482947,1,0
280,0,1.09363041908217,1,1,0.823160877974731,1,1
281,0,0.396550972643174,1,0,-0.757452633582014,0,0
282,0,0.531910627997807,2,1,0.697422017236676,1,1
283,0,2.02753254212439,0,0,-0.122601783047551,0,0
284,0,1.03755012443404,2,0,1.8384792368639,0,1
285,0,1.96443893079028,1,1,-0.907631023146461,1,0
286,0,0.261219795793295,0,0,-0.211120127637891,0,0
287,0,0.0287560790519264,1,0,-0.0690831145917518,0,0
288,0,0.874145065216772,1,1,-0.517862825721934,1,0
289,0,0.0153551451671041,2,1,1.74706870952898,1,1
290,0,1.37921930443026,0,1,-1.51382845940269,1,0
291,0,0.838697482689479,2,1,0.58285087432544,1,1
292,0,0.153717710935461,2,1,2.45880108801915,1,1
293,0,2.38431541517497,2,0,-0.318720867474993,0,0
294,0,0.354279361135258,1,1,-1.64719138067677,1,0
295,0,0.148391537341196,2,1,1.59753480967177,1,1
296,0,0.523386783039611,2,1,0.215998642711498,1,1
297,0,0.442311244001694,1,1,0.913740667124138,1,1
298,0,0.555495828497238,2,1,0.0235100244429716,1,1
299,0,0.615571218954944,1,0,0.473034824627865,0,1
300,0,2.61962393298745,0,0,0.363487729421919,0,1
301,0,1.33134984563543,1,0,-0.13584447411267,0,0
302,0,2.18748865516526,1,0,0.246442797723087,0,1
303,0,0.211676557686543,1,1,-0.678803562402761,1,0
304,0,6,0,0,-0.975948499739048,0,0
305,0,1.4775250472255,1,1,-0.208520471798391,1,0
306,0,4.1441103319327,0,0,-0.0738127102239646,0,0
307,0,0.28318777680397,0,1,1.53399163138481,1,1
308,0,0.252920348190971,0,0,1.05232730741259,0,1
309,0,4.5990755556904,1,1,0.116481649791647,1,1
310,0,1.66080414967801,2,0,-1.06574193588684,0,0
311,0,3.20888331441627,1,1,0.422747557177605,1,1
312,0,3.10863487817253,1,0,1.4069944430572,0,1
313,0,0.413246182995232,1,0,-1.98604395928792,0,0
314,0,1.14512553028304,1,1,-0.399987841024337,1,0
315,0,0.372518759510835,2,0,1.33365640333333,0,1
316,0,0.721811928541943,1,1,0.781779299407221,1,1
317,0,0.707267230182131,1,0,-1.25410238633672,0,0
318,0,2.33359541211732e-05,2,0,1.30759694720667,0,1
319,0,0.368715275074276,1,0,-1.08825349405444,0,0
320,0,6,0,0,-0.857300720542762,0,0
321,0,0.363780360841301,1,1,0.200249156535483,1,1
322,0,0.36008694417714,1,1,0.520997154621009,1,1
323,0,1.51628636822406,1,1,-1.38389665086206,1,0
324,0,0.616811232144847,0,1,0.555805778571554,1,1
325,0,2.13989123587591,2,0,0.853173108777509,0,1
326,0,1.29517474681584,1,1,0.0323082530376289,1,1
327,0,0.89355171037217,0,1,1.10499724460217,1,1
328,0,0.261469458283458,1,1,0.0283513362566219,1,1
329,0,0.295270923240204,2,0,0.927051615868839,0,1
330,0,1.02887540682507,1,0,-0.666731402152683,0,0
331,0,0.0381114265921787,2,1,0.827302524905909,1,1
332,0,0.424617428287434,1,1,0.749797394370671,1,1
333,0,2.45614141942402,2,0,-0.887458021532183,0,0
334,0,0.249223910570044,0,0,-0.716476518063572,0,0
335,0,0.302948613563057,1,1,0.0750944617087608,1,1
336,0,0.396305893986083,1,0,1.99921326352507,0,1
337,0,0.767772622585671,0,0,0.491092060235468,0,1
338,0,0.27497022898189,1,1,1.66698503861166,1,1
339,0,0.406175673603789,1,0,0.331459039415256,0,1
340,0,0.258717812266318,1,1,1.34109238074028,1,1
341,0,2.24838750788717,2,1,1.02000512150565,1,1
342,0,1.47971139869963,2,0,-0.93058667822381,0,0
343,0,0.123384065068942,2,1,0.358304930588982,1,1
344,0,0.718865281751503,1,1,-1.12712132336051,1,0
345,0,0.675457846173186,1,1,-0.163443339970282,1,0
346,0,0.0245784037831178,1,1,0.69486777554765,1,1
347,0,0.696706113507505,1,1,1.94635196639805,1,1
348,0,0.749223978931265,1,1,-1.74515448453601,1,0
349,0,0.00246144758240177,1,1,-0.273918972885884,1,0
350,0,0.0926498815680701,2,0,2.41001982303058,0,1
351,0,0.0262406936858252,1,0,-1.03851374978803,0,0
352,0,0.585204208772407,2,1,-0.628579903474446,1,0
353,0,0.0547096394982839,1,1,-0.484697801549857,1,0
354,0,0.532737988804674,0,1,-1.2238022826293,1,0
355,0,2.79529399702042,1,1,0.535848407902722,1,1
356,0,2.54701538699328,1,0,-0.406987541522161,0,0
357,0,1.10274363826542,1,1,0.394416117473346,1,1
358,0,1.04960855821928,1,0,0.75671874178836,0,1
359,0,0.111328178624613,1,0,-1.55784805555267,0,0
360,0,0.149125422875905,1,0,-0.422113016339181,0,0
361,0,1.3725554322203,0,0,-1.9382150904356,0,0
362,0,0.988688105717301,0,0,0.123825846913925,0,1
363,0,0.596892631421677,1,1,-0.629516206209674,1,0
364,0,6,0,0,-0.741100108474223,0,0
365,0,0.222258778021596,1,0,1.13747757691567,0,1
366,0,0.495435324070273,0,0,1.8618120164338,0,1
367,0,1.15348519629862,1,0,1.38359063447374,0,1
368,0,2.13551105743913,2,1,-0.0200868112711004,1,0
369,0,0.761642894565865,1,0,0.882445634230921,0,1
370,0,1.03301382984966,2,1,0.672809438922735,1,1
371,0,0.4600108613639,2,0,2.30147007689164,0,1
372,0,2.37247496796712,1,1,-0.510196652525507,1,0
373,0,1.89005772678942,1,1,0.817194730901432,1,1
374,0,0.767279513484773,2,1,0.400187575155736,1,1
375,0,0.127848789992791,2,1,1.22756106099823,1,1
376,0,3.55221644043922,0,0,-0.911783882309301,0,0
377,0,0.752210760882857,2,0,1.09725765806984,0,1
378,0,1.32697997713964,2,1,-0.242097734106709,1,0
379,0,0.785295580703738,1,1,0.167456384084344,1,1
380,0,2.04947645296016,1,1,1.1187764099106,1,1
381,0,0.566158310199777,0,0,-0.512681147744455,0,0
382,0,2.21026924568313,2,0,1.0687014285941,0,1
383,0,0.775185052802644,2,0,-0.591665763947014,0,0
384,0,0.283206133002152,2,1,-0.555313290232413,1,0
385,0,4.95219157467059,2,1,0.804590181911895,1,1
386,0,1.05301169666907,1,1,-0.311504142696418,1,0
387,0,3.112136569495,0,0,-1.04977106326661,0,0
388,0,0.000588807587281858,2,1,0.814375838288252,1,1
389,0,0.185366225254481,2,0,1.62545380223945,0,1
390,0,1.9709610266626,1,0,0.236523793465954,0,1
391,0,2.1426799453729,2,0,-0.838658146304719,0,0
392,0,1.43413973551279,2,0,0.211753575693697,0,1
393,0,0.657048741761389,2,1,0.712852227371369,1,1
394,0,1.41675784096349,2,0,0.0464729509220788,0,1
395,0,0.00551370073856726,2,1,0.696454484616075,1,1
396,0,1.6164708980546,1,0,1.40551275992225,0,1
397,0,0.121293614831124,2,1,-0.553482035398373,1,0
398,0,0.72747975277404,0,1,0.399476621925386,1,1
399,0,0.274264882547075,1,0,0.496243985313147,0,1
400,0,0.217904503965813,1,0,-1.22060916132875,0,0
401,0,0.548779622247781,1,1,0.174346579182299,1,1
402,0,2.04087833563642,2,0,-0.219224096518527,0,0
403,0,0.914803589592936,2,1,-0.861725359900451,1,0
404,0,0.394019911510606,2,1,0.661153344248704,1,1
405,0,1.10329512817164,0,1,-0.442291603286951,1,0
406,0,0.521378311496102,1,0,-0.0349737939994522,0,0
407,0,0.862425340682277,2,0,-0.06419175298499,0,0
408,0,0.450715760186801,2,1,1.60715627422863,1,1
409,0,0.385570954192383,0,0,-1.11128825083197,0,0
410,0,0.988614445593378,1,0,1.18200097777544,0,1
411,0,0.0431777148961124,1,1,0.635695216615686,1,1
412,0,0.476393198558504,1,0,-0.047360391227683,0,0
413,0,2.22015715125735,2,0,-0.607125862517111,0,0
414,0,1.39500401055599,1,0,-0.0854223216283313,0,0
415,0,0.409431535950441,1,1,-1.72038322047748,1,0
416,0,0.786354337559783,1,1,-1.13832989385386,1,0
417,0,0.193164543421837,1,1,1.21856849165004,1,1
418,0,2.22094230273371,2,1,-0.393290956762936,1,0
419,0,0.713721124116046,2,0,-0.27322898132412,0,0
420,0,0.174197486582815,1,1,0.139622650310344,1,1
421,0,0.524750921600385,1,1,0.671678369120262,1,1
422,0,0.323772902164051,1,0,-0.703792073003663,0,0
423,0,1.14627037180111,1,0,-0.412690972562465,0,0
424,0,0.569987338615782,1,1,-0.237455505319445,1,0
425,0,0.935217361466757,1,0,-0.312574100941651,0,0
426,0,0.11568425747905,2,1,1.86512596077443,1,1
427,0,0.19587519779839,1,0,-0.755657411706255,0,0
428,0,0.561623269803959,1,1,1.00444432658641,1,1
429,0,0.829348949507652,1,1,0.0512897763106923,1,1
430,0,6,0,0,-1.20400471823366,0,0
431,0,2.32350125360867,2,1,0.226229286238335,1,1
432,0,0.961860079939167,0,0,0.117532866617946,0,1
433,0,0.0246969669681595,1,1,-0.89289121706865,1,0
434,0,0.212109138568242,0,0,0.415035700254753,0,1
435,0,0.785222210406201,1,1,-2.13009487144144,1,0
436,0,0.0341524771726025,1,0,-2.30746968786251,0,0
437,0,1.44880687705468,1,1,-2.00336915415271,1,0
438,0,0.247375499457121,0,1,1.4906739613964,1,1
439,0,0.0401683139833294,1,1,0.0689882664999239,1,1
440,0,0.21423880336732,1,1,0.146497050240112,1,1
441,0,1.35681948961294,1,0,0.0953041053464575,0,1
442,0,0.202094947420055,1,1,-2.03553775188609,1,0
443,0,0.0554557313100513,2,0,1.15091244747752,0,1
444,0,0.076550693158193,1,1,-1.13890314286115,1,0
445,0,2.47203094086017,2,0,0.450369891156999,0,1
446,0,0.0871096572925827,2,0,0.948269751378102,0,1
447,0,2.24379529367359,1,1,0.144446259426813,1,1
448,0,1.52867408815319,2,0,0.386836057330317,0,1
449,0,0.700722352947692,2,1,1.68785759649768,1,1
450,0,0.543923269257433,0,0,-0.760847535509354,0,0
451,0,0.0815624856769877,2,0,0.72010136107285,0,1
452,0,0.198954750980135,1,1,-0.448098522471828,1,0
453,0,1.43009535016636,2,1,-0.226209906867536,1,0
454,0,0.160514872391646,1,1,0.68289024331949,1,1
455,0,0.849334712450703,0,1,-0.104250901409586,1,0
456,0,1.07078498165635,1,0,0.669497602854312,0,1
457,0,0.456418430968608,2,0,0.995052162936684,0,1
458,0,0.310037342320777,1,0,-0.4969541165642,0,0
459,0,2.49204468717342,2,1,1.03301802909649,1,1
460,0,0.98688880304155,2,0,3.32444647239339,0,1
461,0,2.56861016488781,1,0,1.19502696339193,0,1
462,0,1.62407685265752,2,0,0.689583225153713,0,1
463,0,0.261878683184938,2,0,0.486849739188551,0,1
464,0,0.542476282825818,2,1,1.3757126857576,1,1
465,0,0.715240873289787,1,1,-0.114416672607678,1,0
466,0,1.9374558608979,0,0,-1.2110182957288,0,0
467,0,0.676923866986418,1,0,-0.647519363656387,0,0
468,0,0.223148374729266,0,0,0.693310171014873,0,1
469,0,1.53732874730633,2,0,0.425579754370174,0,1
470,0,0.566992917374162,1,0,0.593205854544846,0,1
471,0,0.73218324712884,2,1,0.482600456192742,1,1
472,0,0.757987958332891,1,1,-1.24555200132843,1,0
473,0,0.42263646460482,1,1,-1.17808422455856,1,0
474,0,3.14056275573463,2,0,-0.427861248918283,0,0
475,0,0.809122370526174,1,1,-0.696616422061889,1,0
476,0,1.09475170663014,0,0,-0.873880908188623,0,0
477,0,2.24872947081366,1,0,1.14662406037448,0,1
478,0,3.03874080690245,0,0,-0.447943157504703,0,0
479,0,0.467424827438231,1,1,-0.314603739876243,1,0
480,0,0.158364723019025,1,1,0.0341493099564204,1,1
481,0,0.428335671752322,2,0,-0.201525069759714,0,0
482,0,0.360682956754548,1,1,1.66029460373945,1,1
483,0,0.538928215180221,2,1,0.287197360851223,1,1
484,0,2.30994534511364,2,1,0.466844902242365,1,1
485,0,0.433466054424097,2,1,0.209054741783629,1,1
486,0,1.6981698312353,1,0,-0.897706998499178,0,0
487,0,0.961330600085168,1,0,-0.606751568913334,0,0
488,0,0.785247250440386,1,1,0.519034368832734,1,1
489,0,2.12746160386103,1,0,-0.816378108797882,0,0
490,0,0.0501066621727963,1,1,-0.165450615186319,1,0
491,0,0.732525686939443,2,1,0.193687030441554,1,1
492,0,0.0356170845528444,0,0,0.860225161800484,0,1
493,0,0.314325310213188,0,0,1.98260932095874,0,1
494,0,1.3719109877116,2,0,-1.2236559798805,0,0
495,0,0.348522263243468,2,0,1.03716992529773,0,1
496,0,0.412372644547002,2,1,1.42212348134532,1,1
497,0,1.561870221067,2,1,-0.298756518831144,1,0
498,0,0.321731649355473,1,0,0.131243294935936,0,1
499,0,0.717777516455535,1,0,-0.939198769405093,0,0
500,0,4.14848722207747,2,0,0.0781065410883772,0,1
501,0,1.89480513644715,0,0,-0.945837502254165,0,0
502,0,0.115033532211671,2,0,0.987197552446592,0,1
503,0,2.9788666015907,2,0,-0.220689756212726,0,0
504,0,0.40707108746888,1,1,-1.33893412381134,1,0
505,0,2.34542228186476,2,0,0.695213942911588,0,1
506,0,0.0952460678915183,0,1,-1.55251602981996,1,0
507,0,3.07085675891542,2,0,0.856287237446965,0,1
508,0,4.89711945286747,2,0,0.105797937326513,0,1
509,0,0.0925112838229734,0,1,-0.355152116822735,1,0
510,0,0.153511880865862,1,1,0.57652577703906,1,1
511,0,1.14035131079831,1,0,-0.778842436947608,0,0
512,0,0.0978690213194777,1,0,-0.5409962000282,0,0
513,0,0.393213880412053,2,1,1.25976959269662,1,1
514,0,0.217653275270647,1,1,1.70547055960162,1,1
515,0,0.127395004270866,1,1,-1.17561969348709,1,0
516,0,0.29933554283034,1,0,0.0338171615772833,0,1
517,0,2.82428202031445,1,1,-0.513442671501812,1,0
518,0,0.770392857402541,2,1,0.548429946161954,1,1
519,0,0.842720857724057,1,0,1.57194910251339,0,1
520,0,1.85305950075657,1,0,0.480815544357061,0,1
521,0,0.0371246101955573,0,0,-0.867532930413577,0,0
522,0,0.207439081823231,1,0,-1.82292917251797,0,0
523,0,1.32133858148806,1,0,-1.12738889038026,0,0
524,0,0.900164985428859,2,1,0.642201960764641,1,1
525,0,0.69392043127961,1,0,-0.765299873608428,0,0
526,0,4.43215470416744,2,0,0.115917695904883,0,1
527,0,0.171324537295074,1,0,-1.13288273598714,0,0
528,0,0.468795064927572,1,1,-0.266811591360299,1,0
529,0,0.06266228262866,1,1,-0.696512644439861,1,0
530,0,0.302730337797461,1,1,0.0732143000084545,1,1
531,0,0.482160415722381,2,1,1.24183165423285,1,1
532,0,0.473506063974508,1,1,0.438016202885544,1,1
533,0,2.89905159185269,2,1,1.06872944332546,1,1
534,0,1.65734482075183,1,0,-0.992834421040014,0,0
535,0,0.514538423886284,2,1,0.548356443783883,1,1
536,0,1.02310801888665,1,0,-0.624777484936949,0,0
537,0,1.98812011670133,1,0,-0.804528267250621,0,0
538,0,0.0380238038473096,1,0,-1.06543424705432,0,0
539,0,0.511851214205964,0,0,0.190433489220298,0,1
540,0,0.387073126896545,2,0,0.657592995138627,0,1
541,0,1.24003235459729,1,0,-0.592680583336909,0,0
542,0,0.16910732582808,1,1,1.5307939399683,1,1
543,0,0.992515471757998,0,1,-0.617919767576257,1,0
544,0,0.155197438808829,1,1,-0.175142923838398,1,0
545,0,0.111177350367201,2,0,-1.01885302882951,0,0
546,0,1.11267467498181,1,1,0.00314242225551671,1,1
547,0,0.0885195466169094,1,0,0.00208431998358939,0,1
548,0,0.90304373537578,1,1,-1.15355252416986,1,0
549,0,1.2544089387642,1,0,1.36589973539411,0,1
550,0,0.181202810760622,2,0,-0.0877061938944792,0,0
551,0,1.00167950537846,1,0,-0.669776279860788,0,0
552,0,5.26854877457529,2,0,-0.857247839945764,0,0
553,0,0.0368600769494407,1,0,0.478242707180349,0,1
554,0,0.022045251138181,1,1,-0.835345042375667,1,0
555,0,0.546503706831367,1,1,0.902341436647959,1,1
556,0,0.669794574605554,2,0,0.590763074862761,0,1
557,0,1.23103462517731,0,0,0.941059326328092,0,1
558,0,6,0,0,0.225868020031226,0,1
559,0,0.209299479091494,1,0,-1.09376386576888,0,0
560,0,0.00762622353030592,2,0,1.70268137867516,0,1
561,0,0.388867743313313,0,0,0.475781061260897,0,1
562,0,2.16957956010587,1,0,-0.537021528525631,0,0
563,0,0.585622203931484,2,1,1.13609748104771,1,1
564,0,0.0439835764855498,2,0,-0.329524730841456,0,0
565,0,0.174374164266365,1,1,-0.813680880454379,1,0
566,0,1.5462617763217,2,0,0.169384917255081,0,1
567,0,0.338316646715005,0,0,2.69669112256989,0,1
568,0,0.341821584918525,2,0,2.1050469203038,0,1
569,0,0.503287203740204,1,0,0.999857545289666,0,1
570,0,0.403508380427631,1,0,1.09257166401014,0,1
571,0,0.14950920380099,2,0,0.829612507785103,0,1
572,0,0.829493350492081,2,1,1.14709276083235,1,1
573,0,1.04473117957009,0,1,-0.425172251454169,1,0
574,0,2.15586670335507,1,0,-1.01893961086952,0,0
575,0,4.43156236973499,2,0,-0.174719887353938,0,0
576,0,2.09182384928537,2,1,0.51066605422083,1,1
577,0,0.153565157347456,2,1,0.595724267616196,1,1
578,0,0.330264100422093,1,0,0.207219775375739,0,1
579,0,0.554615507207894,1,1,-0.441797898659404,1,0
580,0,0.00752806323440196,1,1,-1.52717117050209,1,0
581,0,3.50443584115009,1,1,-0.493167308536493,1,0
582,0,1.35833902357499,2,1,0.894983865667976,1,1
583,0,1.18081962678433,1,1,-0.297388670109392,1,0
584,0,0.141649037794786,1,0,-0.614507001509934,0,0
585,0,0.653980177651091,1,1,1.05104013690771,1,1
586,0,2.37720621009456,2,1,-1.55047552963277,1,0
587,0,5.34222140134296,2,0,-0.437905363775629,0,0
588,0,3.64167603963254,2,0,-0.492715247908572,0,0
589,0,0.528491611683797,1,1,-0.660567650470526,1,0
590,0,2.99153583959625,1,1,0.264249575606109,1,1
591,0,2.25514044035573,1,0,-0.039731265445551,0,0
592,0,0.333193982756864,1,0,0.280445503796948,0,1
593,0,1.53973882859583,1,1,-0.0767753526233924,1,0
594,0,0.576861037288239,1,1,-0.176135440429046,1,0
595,0,0.648780458553598,0,1,0.608935882428389,1,1
596,0,0.380810005062557,2,0,0.890316093606614,0,1
597,0,3.0239418973876,1,1,0.0625227740679994,1,1
598,0,0.933760454175264,1,1,0.0480148044921636,1,1
599,0,1.24401444219863,2,0,1.62691479933115,0,1
600,0,0.285102554172122,1,0,-1.17026813999112,0,0
601,0,0.82992039262734,1,1,-1.2180973946055,1,0
602,0,0.542978647731945,1,0,-0.775025817926152,0,0
603,0,0.743364725097256,1,0,0.460754897831642,0,1
604,0,0.312219582146151,1,1,0.914956224064782,1,1
605,0,0.0900827536143969,1,0,0.595749071322609,0,1
606,0,0.580463052421602,2,0,1.22405844681424,0,1
607,0,0.251166337810254,1,1,-0.623540479230206,1,0
608,0,0.155837612410421,1,0,-0.618563137830041,0,0
609,0,0.102949037330657,1,1,0.257507917851453,1,1
610,0,1.22076397339949,1,0,-0.459575856369121,0,0
611,0,0.376952765509486,0,0,1.16082109083341,0,1
612,0,0.476480660094532,1,1,-1.12381193453212,1,0
613,0,0.639910525628768,1,1,-0.880117291764672,1,0
614,0,0.855120719629247,1,1,-0.0211581678152013,1,0
615,0,0.0216259985797715,1,1,0.338481199368814,1,1
616,0,0.368705783939645,1,0,-0.0874408826299918,0,0
617,0,0.70264252983713,2,1,0.848376327012973,1,1
618,0,0.88862582533382,1,1,-2.75776417739381,1,0
619,0,0.514525822297557,1,1,-1.75807264180152,1,0
620,0,0.216422151519099,2,1,2.42234234839546,1,1
621,0,0.334746543114448,2,1,0.920330305187226,1,1
622,0,0.531187008070187,2,1,0.76766354746365,1,1
623,0,0.259372101349811,2,1,1.16419724959396,1,1
624,0,0.703763499057832,1,1,-0.44890327442114,1,0
625,0,1.0048506936853,2,0,1.1022881246528,0,1
626,0,1.02078139280625,1,1,-1.10970068467243,1,0
627,0,0.432343329542873,1,0,0.14047138231727,0,1
628,0,0.398780211609608,2,0,-0.0652482434804049,0,0
629,0,0.647419776010047,2,1,0.681760570359921,1,1
630,0,0.25450325930176,1,1,-2.45397503689981,1,0
631,0,3.88079125868595,1,0,-1.16170437890898,0,0
632,0,0.772373152356553,2,0,0.453262269779987,0,1
633,0,0.346146266286572,0,0,-1.67826555238583,0,0
634,0,1.29640079112418,1,0,0.6387531244884,0,1
635,0,0.00804431115587552,0,1,-0.459865179289668,1,0
636,0,1.78399315668217,2,1,-0.0207509238338048,1,0
637,0,0.126542443017542,2,0,1.94368740298252,0,1
638,0,1.73074307531203,2,0,0.0978287516831955,0,1
639,0,0.073394641901056,0,1,0.323730086786892,1,1
640,0,2.22036245194616,1,0,0.522842957881403,0,1
641,0,0.89899444007806,2,0,0.106139807871617,0,1
642,0,1.20437052781606,1,1,0.821128729604384,1,1
643,0,1.39291181105247,2,0,1.73411224663757,0,1
644,0,0.240098914987807,1,1,-1.66586195240575,1,0
645,0,0.475266536288087,1,0,0.298053257135089,0,1
646,0,0.437648953348806,1,0,-0.53710844407268,0,0
647,0,0.727505153900315,2,1,0.55283478013827,1,1
648,0,1.78767868054889,1,0,1.79946146277719,0,1
649,0,0.057724218277628,1,0,-0.37649338028742,0,0
650,0,0.771530537612227,1,1,-1.18541617954125,1,0
651,0,0.4212931151047,2,0,0.199042359910683,0,1
652,0,0.706506638388166,2,0,2.3494963425773,0,1
653,0,0.0760545445957428,2,1,0.0949336109879648,1,1
654,0,0.184244972120101,1,1,-1.37026462410857,1,0
655,0,0.972888929606027,1,0,0.341752679205911,0,1
656,0,0.262787532166719,1,1,-1.06367326829834,1,0
657,0,0.288820700627052,2,1,1.61259003960253,1,1
658,0,1.69451736807082,1,0,0.285206510032696,0,1
659,0,1.95199930663691,2,0,-0.551007127200977,0,0
660,0,0.0615852155192924,2,1,1.22545082459945,1,1
661,0,0.451421806851944,2,1,1.46224185015517,1,1
662,0,0.0248978827998666,1,0,-3.40227078418996,0,0
663,0,0.20284952986301,1,1,-0.622432283170312,1,0
664,0,1.29708677446353,1,1,0.038920544014938,1,1
665,0,0.709814095416034,2,1,0.670472897459976,1,1
666,0,0.218789236657499,1,1,-0.769319531776985,1,0
667,0,0.185737780723587,1,0,-0.778995019740145,0,0
668,0,0.983017154831136,1,0,0.509592116111501,0,1
669,0,0.986181440291232,1,0,-0.336430066179935,0,0
670,0,0.756642874525467,1,1,1.41250910076725,1,1
671,0,0.0331460063656171,0,1,-1.13367075748176,1,0
672,0,0.344036490907984,1,0,-1.2117485441386,0,0
673,0,1.23529636168746,2,0,-0.161820165075747,0,0
674,0,0.582138620925518,2,1,0.664801734531419,1,1
675,0,0.626820829803825,1,1,-0.46981551315679,1,0
676,0,2.62926765243081,2,0,0.96122851435486,0,1
677,0,1.0106862724282,1,0,-1.54940458147493,0,0
678,0,1.03502901167343,2,0,0.381365499379224,0,1
679,0,3.35770738541204,1,1,-0.713388255482767,1,0
680,0,0.851627656048452,2,0,0.732320082664206,0,1
681,0,0.844162187595436,1,1,-0.903164748370875,1,0
682,0,0.0195925117290767,1,1,0.139711122083686,1,1
683,0,0.0823198303490847,1,1,-1.10485693120184,1,0
684,0,0.243209134848633,1,0,-0.502252153532946,0,0
685,0,0.313265346993312,1,1,-0.728901063315465,1,0
686,0,0.182628247704299,2,0,1.32196939426737,0,1
687,0,1.09094955112816,1,0,2.29338238162821,0,1
688,0,0.084061562983593,1,1,-1.46867680845846,1,0
689,0,0.447689324796979,1,0,-0.400697261812684,0,0
690,0,0.861740655299901,1,0,-0.471332600250967,0,0
691,0,1.00530196058242,2,0,0.99635356705503,0,1
692,0,0.221174165404038,1,0,-0.440748404083601,0,0
693,0,0.462571866565714,1,1,1.50731679995892,1,1
694,0,1.04558254392358,1,0,-1.31255458339303,0,0
695,0,0.40778835354023,2,0,1.0335755282097,0,1
696,0,0.626110113721047,1,0,0.451352282088599,0,1
697,0,0.288731532870437,1,0,0.807849207476161,0,1
698,0,2.05125808628693,1,1,0.306237147143231,1,1
699,0,0.654811326510866,1,0,-0.741224433979065,0,0
700,0,0.846441579132665,1,0,0.817035866486671,0,1
701,0,0.842602230337734,1,0,-1.37286189121526,0,0
702,0,0.455528174868965,2,1,2.06006596672175,1,1
703,0,1.81598001208945,2,1,-0.128449249566099,1,0
704,0,5.60496147273675,2,0,-0.829161049366734,0,0
705,0,0.0752077959141073,1,0,0.200259626056654,0,1
706,0,0.255245990437769,1,1,-0.389358095582782,1,0
707,0,0.020940123761782,1,0,0.43477865394204,0,1
708,0,0.71764277680184,2,0,1.35226015910656,0,1
709,0,2.39295085530596,1,1,0.341775573483144,1,1
710,0,2.15408836030481,1,0,-0.454421252393092,0,0
711,0,0.0946376627931992,0,1,1.61480633120993,1,1
712,0,2.06354219769158,2,1,0.983761161208568,1,1
713,0,2.0133419034034,1,1,-0.422682733215214,1,0
714,0,0.592288072696067,0,0,-0.161644705128934,0,0
715,0,1.60110043196831,1,0,-0.588566376383638,0,0
716,0,0.434659950650665,2,1,0.887043276580536,1,1
717,0,1.47930336287916,2,1,-0.0899483931906422,1,0
718,0,1.3448697689009,1,1,-1.37216115564055,1,0
719,0,0.20838986594743,1,1,-0.167921646187567,1,0
720,0,1.06236783493148,1,0,1.71943149623171,0,1
721,0,1.0587737888494,0,1,-0.549365968167989,1,0
722,0,1.09656390689437,1,1,0.817795467020153,1,1
723,0,2.1965675099104,0,0,-1.34723665623549,0,0
724,0,0.020316776009826,1,1,-0.799581327829763,1,0
725,0,1.02507557880191,2,1,-1.4797580500653,1,0
726,0,0.359722374586614,2,0,0.50662473906412,0,1
727,0,0.597350085222203,1,1,1.09029964735954,1,1
728,0,0.00537710691738133,1,1,-0.874043653009719,1,0
729,0,0.330681717023253,0,1,-0.65775330390979,1,0
730,0,3.4805545662873,2,0,0.113362801338282,0,1
731,0,0.201179201063084,1,1,-0.6211710336372,1,0
732,0,2.10798317410722,2,0,1.55670515321918,0,1
733,0,0.292936440396589,0,1,0.541199647788931,1,1
734,0,0.402191636099603,1,1,-0.901140120807272,1,0
735,0,0.470942324027419,0,0,-0.25669870981373,0,0
736,0,0.522183076673768,1,0,-0.515013886487654,0,0
737,0,0.163375478842523,1,0,0.0224009323959281,0,1
738,0,0.0520859970207878,1,1,-0.485644658933527,1,0
739,0,1.08004443278312,2,0,0.30511637607889,0,1
740,0,0.477602824767253,1,1,-0.480914639098582,1,0
741,0,1.13604521793936,1,0,-1.12988051692105,0,0
742,0,0.20835955762776,1,0,-0.235572829063217,0,0
743,0,0.00995025320474503,1,0,-1.27660065429583,0,0
744,0,0.260828178064693,1,1,1.75349668599957,1,1
745,0,1.05899253672198,2,1,1.2513433878105,1,1
746,0,3.86607693197827,0,0,-0.692059312537804,0,0
747,0,1.56535292349409,2,1,0.424501445104256,1,1
748,0,0.566412292434827,1,0,-0.887710121641596,0,0
749,0,0.390036289269726,0,1,0.972964761322222,1,1
750,0,4.23463497931759,0,0,-0.625006385157368,0,0
751,0,3.56387162581086,0,1,-0.403814116258865,1,0
752,0,1.03540472845323,1,0,-0.741264847906309,0,0
753,0,0.503428801186532,2,0,0.462405690858036,0,1
754,0,0.312194352451009,2,0,1.06198647209214,0,1
755,0,1.11395786652296,1,0,1.5702025869115,0,1
756,0,0.378164624270217,2,1,-0.0500658415012933,1,0
757,0,0.214548093828851,2,1,2.21018513960743,1,1
758,0,1.47233753294598,1,0,-0.0880345410615725,0,0
759,0,0.222469852825929,1,1,0.829332864313384,1,1
760,0,0.141227817274282,1,0,0.491788734625947,0,1
761,0,1.06316218152642,0,0,-0.727500533985385,0,0
762,0,1.38149594601773,2,0,-0.170072092823998,0,0
763,0,1.41026889585797,0,1,-0.366413884787677,1,0
764,0,0.19841869319754,1,0,-2.22573819912525,0,0
765,0,1.41836504616992,1,0,0.937343769482634,0,1
766,0,0.367517398990659,1,0,-0.675857120016305,0,0
767,0,4.1392092734841,2,0,0.0332219983244158,0,1
768,0,0.600939625654214,0,0,1.182333737033,0,1
769,0,0.035469106277661,1,1,-1.88671639413459,1,0
770,0,0.658749476024055,1,1,0.260927824371681,1,1
771,0,1.4921927701268,2,1,0.480765995666103,1,1
772,0,1.0049435883408,1,1,-1.0889226811497,1,0
773,0,0.785413926910397,1,1,-0.552850396257974,1,0
774,0,0.221085055063851,2,0,0.61552780933271,0,1
775,0,1.32511776140697,2,0,2.34399329863074,0,1
776,0,0.270998366583512,1,1,-2.07598084838957,1,0
777,0,0.349618001667667,1,1,-1.32900228729521,1,0
778,0,0.863837849213365,1,0,-0.555307221618053,0,0
779,0,1.6951585156096,1,0,0.847972736147497,0,1
780,0,2.79753486334354,1,0,0.133719464502162,0,1
781,0,0.115678691139375,2,0,1.25276095411604,0,1
782,0,1.52001570360613,1,0,-0.468137222780943,0,0
783,0,0.310937731971069,1,1,-2.12970416705757,1,0
784,0,0.656165499589384,1,0,0.555913813656133,0,1
785,0,0.547779541008064,2,1,-0.634826572723678,1,0
786,0,0.892441055426995,0,0,-1.49636218435353,0,0
787,0,0.116934863011721,1,1,-0.327926335090408,1,0
788,0,1.56918531772001,1,0,-1.27477394704193,0,0
789,0,0.109745151622696,1,1,-0.663891099660462,1,0
790,0,0.81749629980672,1,1,-1.1695122668124,1,0
791,0,0.660639774724266,1,0,-1.55815595511036,0,0
792,0,1.1065475314766,0,1,0.274065558013141,1,1
793,0,1.30407481506513,1,1,-0.779824223619509,1,0
794,0,0.834669064822098,1,1,-0.94638697471697,1,0
795,0,0.398464217437128,1,0,-1.05070461158159,0,0
796,0,4.453060621975,2,0,-0.624108037669345,0,0
797,0,0.0162168985725901,1,1,-0.0515235781116064,1,0
798,0,0.308359265327454,0,0,0.100118889175384,0,1
799,0,1.3543813303113,0,0,-0.057504659454444,0,0
800,0,1.11398899972089,2,0,-0.466117874166544,0,0
801,0,1.30107647749301,2,1,0.569673310793668,1,1
802,0,0.313743168988807,1,1,-0.583031980510448,1,0
803,0,0.751392376852946,2,0,1.08852032697135,0,1
804,0,0.606646618118965,2,0,0.236749567271906,0,1
805,0,2.44071258257848,2,0,-0.170947606415472,0,0
806,0,6,0,0,-0.389324041238285,0,0
807,0,1.80867523163924,2,0,0.16645999964342,0,1
808,0,1.12616150985838,2,0,0.684955955096448,0,1
809,0,1.02269420725697,1,1,-0.25368400563079,1,0
810,0,0.744041360536627,1,1,-0.884403369062803,1,0
811,0,0.128205912611794,1,1,1.1918023428444,1,1
812,0,0.82160111445402,2,1,0.769969930776923,1,1
813,0,1.0835564931021,2,0,1.42743493217357,0,1
814,0,2.02584157599181,1,1,-0.890209905690748,1,0
815,0,0.613038582303149,2,0,1.01464767065391,0,1
816,0,0.218496505791942,0,1,0.100269934671919,1,1
817,0,0.417023655107475,1,1,-2.85192970888668,1,0
818,0,1.47880660954985,1,1,-0.151171264396556,1,0
819,0,0.53508313428791,2,0,1.09608595839651,0,1
820,0,0.159546916811234,1,1,-0.686428034132363,1,0
821,0,1.93182152850558,2,0,0.702825181269393,0,1
822,0,0.211843075896853,2,0,0.955256597953745,0,1
823,0,1.57745286507565,2,0,0.253336818712919,0,1
824,0,0.640174019120918,1,1,-0.0280929813209324,1,0
825,0,0.610145879385244,2,0,0.221555111914587,0,1
826,0,0.931022747730215,0,0,-0.843623104137366,0,0
827,0,1.45685009105711,1,1,-0.444897943772641,1,0
828,0,0.238036510856023,2,1,-0.791881316433687,1,0
829,0,0.402893336216935,1,1,-0.149919404783075,1,0
830,0,0.157467463316284,1,1,-0.715573699663711,1,0
831,0,1.19957552951665,2,1,0.424184585154965,1,1
832,0,3.49737241172476,0,0,0.61577579338138,0,1
833,0,0.572441802945076,2,0,1.45637256335408,0,1
834,0,0.222784032892932,1,1,-0.16381109839041,1,0
835,0,0.582349884472274,1,0,-0.452590028000217,0,0
836,0,0.146627269741254,2,1,0.0885911019505889,1,1
837,0,0.422149674037738,0,1,1.1723384705262,1,1
838,0,4.70765163154704,2,0,-1.04436319008603,0,0
839,0,0.248822001146525,1,1,-0.283431092864441,1,0
840,0,0.504583045294352,2,0,0.951920021061449,0,1
841,0,0.0833232047663438,2,1,0.343024206902817,1,1
842,0,0.396229271953465,2,0,0.437545611838356,0,1
843,0,0.455652136179789,2,1,1.36208916200324,1,1
844,0,0.151289610095843,1,1,-0.809640727604838,1,0
845,0,0.878461304180317,1,1,0.44263904773737,1,1
846,0,1.22012259872181,1,0,0.589931185257738,0,1
847,0,0.27433835511006,1,0,-0.861537574217392,0,0
848,0,1.68820491793418,2,0,-0.615605547777272,0,0
849,0,0.654171888357742,2,0,0.220951368108231,0,1
850,0,0.777768315904579,1,0,0.311172391297072,0,1
851,0,0.442127852302249,1,0,-2.33534393739298,0,0
852,0,0.605479501025158,1,1,-0.869610229267883,1,0
853,0,0.709282162909706,0,1,0.902653729754662,1,1
854,0,0.265509595966784,1,1,0.595580174968422,1,1
855,0,1.73973131741686,1,0,-0.541143648445949,0,0
856,0,0.341850048105287,1,0,0.457635912511367,0,1
857,0,1.0787976565326,1,0,-1.3733293998756,0,0
858,0,0.24075184330548,1,0,-1.53902959337514,0,0
859,0,1.56518319687608,1,0,0.528271077069597,0,1
860,0,0.726964460095411,1,0,-0.703029648356821,0,0
861,0,3.98701501908333,2,0,-0.911124547781825,0,0
862,0,0.312363151302695,2,1,0.911436337180294,1,1
863,0,0.164632000016112,2,0,0.86862082200949,0,1
864,0,0.256401560341572,2,0,0.260368081442718,0,1
865,0,0.0273200158429506,1,0,0.182242246081919,0,1
866,0,0.645641337908261,1,1,-1.06964968027446,1,0
867,0,0.23229775721435,1,1,1.39276543707451,1,1
868,0,0.660880024086544,1,0,0.908962510378973,0,1
869,0,2.61317016320016,1,1,1.11855141396825,1,1
870,0,0.150126075181186,1,0,0.690506089419781,0,1
871,0,0.585710161055128,0,0,-0.10823517378771,0,0
872,0,1.28994427007812,2,0,0.492828356252502,0,1
873,0,0.204224205513015,1,0,-0.436343463210346,0,0
874,0,1.67666080913847,1,1,0.212903009128756,1,1
875,0,0.65346265829496,1,0,-0.760225779666421,0,0
876,0,0.928391072605163,1,0,-1.20042091614129,0,0
877,0,0.163348008664186,1,1,-1.11955492345983,1,0
878,0,1.83773264714844,2,0,0.152616132816247,0,1
879,0,0.411084508523345,0,0,-0.40727094068112,0,0
880,0,1.73505003756508,1,0,-0.350123189479105,0,0
881,0,0.369003644015304,2,0,0.273494486537138,0,1
882,0,0.280167980362251,0,0,-0.426174578482458,0,0
883,0,0.409378610082975,2,1,0.0831522367786679,1,1
884,0,0.458760906687353,0,0,0.773075321635883,0,1
885,0,0.44838933434196,1,1,0.0470576679569358,1,1
886,0,0.832035768339629,2,0,1.09820863086088,0,1
887,0,0.0640062247155246,1,0,-0.640752416952621,0,0
888,0,2.05887074603942,1,0,-0.928564785489611,0,0
889,0,0.897876448377115,2,1,0.268234067126289,1,1
890,0,1.73551242798567,0,1,-0.551964983239836,1,0
891,0,0.121869187306014,2,0,1.98494494597271,0,1
892,0,1.43388930494159,2,1,1.1048411397068,1,1
893,0,0.405406634418063,1,0,-0.704417337662523,0,0
894,0,0.413165170867054,1,1,0.588577245766573,1,1
895,0,1.2965198382281,2,0,0.502422525404196,0,1
896,0,0.826523210278306,1,0,-1.0945734682255,0,0
897,0,0.0226489526274154,1,1,-0.321060020218587,1,0
898,0,0.275313762416429,0,1,0.92961336381083,1,1
899,0,0.0352488971950813,1,0,-0.619210370847005,0,0
900,0,0.611941783606774,2,0,-0.335171166745121,0,0
901,0,0.571817144752942,1,0,-0.495019235349926,0,0
902,0,1.01332192422274,1,0,-0.35820331493866,0,0
903,0,1.88555496417962,1,0,-1.85584353956391,0,0
904,0,0.645217816734667,2,0,0.51983615932895,0,1
905,0,0.00909508241119494,1,0,-1.14289239897367,0,0
906,0,0.483261779517763,1,1,-1.00043341586009,1,0
907,0,0.400610500423665,1,0,0.190179796976169,0,1
908,0,0.0317533496104566,1,0,-1.7407564630264,0,0
909,0,0.379772602549047,1,0,1.33894939257657,0,1
910,0,0.0161780214180441,2,1,-0.540885708699717,1,0
911,0,1.00485808603465,0,1,0.000967804217996471,1,1
912,0,0.976499380440664,2,0,0.164866613912258,0,1
913,0,0.170867604362085,1,1,-0.975819812441893,1,0
914,0,0.65202035009861,0,0,-1.02504379332587,0,0
915,0,0.149245389426748,0,0,-1.27506669578104,0,0
916,0,0.425928531883258,1,1,0.453438332578943,1,1
917,0,0.0579617199732299,2,1,-0.0487879249948525,1,0
918,0,4.06377843271093,2,1,0.0423451022264008,1,1
919,0,0.368150457794742,1,1,0.102648399264613,1,1
920,0,0.608897553663602,1,0,-0.62040185805394,0,0
921,0,1.54749460515498,1,0,0.348486952234107,0,1
922,0,4.26432725608521,2,0,-0.407038879559359,0,0
923,0,1.23449288929502,0,0,-1.00563461547607,0,0
924,0,0.00950689901701588,2,0,-0.128020660009401,0,0
925,0,0.386096699717005,2,1,1.95379483803086,1,1
926,0,1.37766507868769,1,0,-0.160784224239719,0,0
927,0,1.42351100995571,1,1,0.0965506797766521,1,1
928,0,0.724793767174801,2,0,0.273289324708426,0,1
929,0,0.209143937751888,1,1,-0.468834450510075,1,0
930,0,0.099241172110347,1,1,-0.579255951533517,1,0
931,0,0.159532213876666,1,1,-1.34307365182187,1,0
932,0,0.445944834675193,1,1,0.0268532346295636,1,1
933,0,1.91364798807247,2,0,-0.973912816439321,0,0
934,0,0.492333843878283,2,1,0.561951739361974,1,1
935,0,0.383830104886028,0,0,1.02565393958241,0,1
936,0,0.762843606146709,1,1,0.141389293421297,1,1
937,0,3.26518535196601,2,0,1.18511425424119,0,1
938,0,1.11784310808277,1,1,-1.63501593253204,1,0
939,0,0.0875934729972889,2,1,0.527086717333598,1,1
940,0,1.0423245963951,0,0,-0.133857725689972,0,0
941,0,0.579996081637539,1,1,1.6658283123505,1,1
942,0,0.135705771904084,1,0,-0.90905502678272,0,0
943,0,1.26696698100462,2,0,-0.806726447039449,0,0
944,0,5.50749102579363,0,0,-0.728782429315425,0,0
945,0,0.583276073835936,1,0,0.507705580491776,0,1
946,0,0.542266359568726,1,0,-1.91642913667005,0,0
947,0,1.14210967657115,2,0,0.377049305664993,0,1
948,0,1.96488736512843,2,0,-0.451617795228978,0,0
949,0,0.0123598060391348,1,0,-0.622527500532326,0,0
950,0,3.35818712585986,2,0,-0.290080904703888,0,0
951,0,1.77602396282627,2,0,-0.382593117318185,0,0
952,0,0.388841529593683,1,0,0.0759903184313973,0,1
953,0,0.77243582316103,1,1,-1.4604456025702,1,0
954,0,1.56585583215469,2,1,0.985901096519229,1,1
955,0,1.9079783302616,1,1,2.78520670984323,1,1
956,0,2.12801528907032,2,0,-0.329454584220036,0,0
957,0,0.179261121209636,1,1,0.278508409982122,1,1
958,0,1.4602442093101,1,1,1.18223723049194,1,1
959,0,3.53672937849113,1,0,-0.814558835101871,0,0
960,0,3.74280545291631,1,0,-0.53916053545154,0,0
961,0,0.501068409784245,1,0,-0.294199233689127,0,0
962,0,0.26154367986547,2,1,-0.763972010296105,1,0
963,0,0.18219161971673,1,1,1.29017827599023,1,1
964,0,3.23902373758166,2,0,-1.38180686102787,0,0
965,0,0.171821021250887,2,1,0.991789310546156,1,1
966,0,0.00623500992038358,0,1,1.06355107447671,1,1
967,0,0.346431486337483,1,0,0.121404663399866,0,1
968,0,0.0245579325166782,2,1,1.97840098502895,1,1
969,0,0.0506391348240257,2,1,1.2429624445095,1,1
970,0,0.10022893486775,2,1,0.97348829553401,1,1
971,0,0.0682681525879073,0,0,-0.788201419825922,0,0
972,0,1.17326648850788,2,1,2.02582239285109,1,1
973,0,0.274248127471989,2,0,0.782052148370178,0,1
974,0,1.68780310064092,2,1,0.224009727577776,1,1
975,0,0.73871328839247,0,0,0.809505396448087,0,1
976,0,1.03920825120829,1,1,-0.533804186999462,1,0
977,0,1.29965333862269,2,0,0.611457670291378,0,1
978,0,0.493714066877767,1,0,0.61828835143861,0,1
979,0,0.819797238376492,2,1,1.72481840522875,1,1
980,0,0.359089952405902,0,1,-0.860415238216145,1,0
981,0,0.0614512594151562,1,0,-0.190227582131013,0,0
982,0,0.304303420122995,2,0,-0.183137243317027,0,0
983,0,1.91831447673246,1,1,0.0884241504801025,1,1
984,0,0.597560864126599,1,0,0.139256851876726,0,1
985,0,0.301907301569978,0,0,1.18424501209541,0,1
986,0,1.0622338958917,2,1,0.306364064914511,1,1
987,0,0.533676627209339,1,0,-0.66547938089042,0,0
988,0,0.547088509923909,1,0,0.586962301197085,0,1
989,0,0.277618458567148,0,1,-1.61689267051936,1,0
990,0,1.52584485552376,2,1,0.875635803440413,1,1
991,0,1.72814334845805,1,1,-0.187504691542709,1,0
992,0,0.115617888189475,2,0,0.676785357606196,0,1
993,0,0.95313811860029,1,1,1.4799299127808,1,1
994,0,0.149722115078811,1,1,-0.703724184325662,1,0
995,0,0.526336841285229,0,1,-0.508308087998784,1,0
996,0,0.703949430591961,2,1,1.02058567727525,1,1
997,0,0.912562739257148,2,1,1.09586095872514,1,1
998,0,0.505428814223685,1,1,-0.73602081381436,1,0
999,0,0.297227704726165,2,1,2.01027284062552,1,1
1000,0,2.4085233019044,0,1,-0.413325017022013,1,0
1001,0,1.25197759852657,2,0,0.380609469008347,0,1
1002,0,1.69265906947354,0,1,0.735447195777694,1,1
1003,0,4.05580567816893,0,0,-0.0743816333105471,0,0
1004,0,0.0140889051059882,0,1,-0.609216923530826,1,0
1005,0,1.8342726592275,2,1,0.600934010048406,1,1
1006,0,1.2734684442061,2,1,2.28647177366212,1,1
1007,0,0.432209293954347,1,0,-0.588691205332961,0,0
1008,0,1.0242446258752,0,1,-0.32116989004107,1,0
1009,0,0.157506755360918,1,1,-0.961501933297865,1,0
1010,0,0.661185739510851,2,0,0.364106868602613,0,1
1011,0,1.42669050551011,0,0,0.325845360270302,0,1
1012,0,0.200180254722625,1,1,-1.50757487166151,1,0
1013,0,0.0892462455008898,1,1,0.702375215976742,1,1
1014,0,0.0069404564993862,1,1,-0.722146213779737,1,0
1015,0,1.42305608813909,1,0,-0.610281007441662,0,0
1016,0,0.369876539056073,2,1,0.902744325393993,1,1
1017,0,1.68584171806,1,1,-0.457739084822107,1,0
1018,0,0.888502485671249,0,1,-1.03501495146278,1,0
1019,0,1.19680015215748,1,1,-1.7456101097044,1,0
1020,0,1.73691269528701,2,0,0.79651701468673,0,1
1021,0,0.337333613046291,1,0,0.497079403671009,0,1
1022,0,0.471979522456725,0,1,1.12501166095906,1,1
1023,0,0.888631446901877,2,1,0.771994235798536,1,1
1024,0,1.39483865040044,0,1,-0.35909641592471,1,0
1025,0,0.232486647543639,1,1,-0.11199909226566,1,0
1026,0,0.616326047288095,2,1,0.334550273613719,1,1
1027,0,1.31652533155613,1,1,-0.660129304561465,1,0
1028,0,0.0683213642487817,1,1,-1.91932495886063,1,0
1029,0,0.42966588451187,1,1,-0.744865622635007,1,0
1030,0,0.580658407140895,1,1,-0.241684574988736,1,0
1031,0,0.109340866969701,1,1,0.749199138735995,1,1
1032,0,0.836127765215499,1,1,-1.73049257836398,1,0
1033,0,1.12557608071187,2,0,1.35777555828799,0,1
1034,0,0.0625122462709745,0,0,0.65633660306792,0,1
1035,0,0.397220691442453,0,1,-0.654239903239457,1,0
1036,0,0.0139264079431693,0,1,-2.09971982096891,1,0
1037,0,0.058102468763387,2,1,0.553319529382303,1,1
1038,0,0.939773677201998,1,1,-0.740770794899749,1,0
1039,0,6,0,1,-0.737176354075238,1,0
1040,0,0.826591306166409,1,0,-1.9006528956339,0,0
1041,0,1.08272518719965,2,1,0.853375256146304,1,1
1042,0,0.905249060904169,0,0,0.55358990667705,0,1
1043,0,0.893891024270835,1,1,-0.157625003226045,1,0
1044,0,0.445428786746668,1,1,0.671963514533702,1,1
1045,0,0.536829942819528,2,0,0.682556753526534,0,1
1046,0,1.32404371433138,1,1,-0.234341533604773,1,0
1047,0,0.456167749371473,0,1,-0.606822921581989,1,0
1048,0,2.58904377929866,0,0,0.188034854920052,0,1
1049,0,1.58657663213064,2,0,-0.023131038363246,0,0
1050,0,0.689181654107434,0,1,-1.48195684764892,1,0
1051,0,2.4324623187258,0,1,1.02292838877703,1,1
1052,0,0.0163819783928706,2,0,-0.491379786528799,0,0
1053,0,1.27968416739386,2,1,-0.0380557331512229,1,0
1054,0,0.352871132393678,0,0,-1.54260185421712,0,0
1055,0,1.72439529619871,2,0,1.13445319140642,0,1
1056,0,0.45942965992688,1,1,0.120090450468909,1,1
1057,0,0.0418899000272683,1,1,0.422800287728016,1,1
1058,0,0.0324203688049128,1,1,-1.74990574029925,1,0
1059,0,0.056207445536932,1,1,0.163475865561207,1,1
1060,0,0.0583673758688743,1,0,-2.07669646357034,0,0
1061,0,0.186407247729116,1,0,-1.23681901460767,0,0
1062,0,0.29087786563104,1,0,-0.154309260560885,0,0
1063,0,0.651724256774712,1,1,0.214426900402351,1,1
1064,0,0.582956598523114,1,0,-1.39792218201696,0,0
1065,0,0.793955527760586,1,1,0.242157821823371,1,1
1066,0,0.34405916539025,1,0,0.545474769690245,0,1
1067,0,0.165071049705148,0,0,0.177375517097459,0,1
1068,0,0.266987292068027,1,1,-1.84397333644147,1,0
1069,0,0.695651896615795,2,1,1.77780454905739,1,1
1070,0,1.05234352462969,1,1,-2.20367610841053,1,0
1071,0,1.16597516397885,1,0,-0.929349663165589,0,0
1072,0,0.535539618700296,2,0,0.239366226611733,0,1
1073,0,0.6599936261108,1,1,0.600492796543296,1,1
1074,0,3.30979317116241,0,0,-1.44792449274147,0,0
1075,0,0.132168289230162,1,0,-0.0457237620973232,0,0
1076,0,0.881222109700013,2,0,1.54046148861415,0,1
1077,0,0.0833036576390494,1,1,-0.433594417190225,1,0
1078,0,2.55173083860714,2,1,0.701490242906295,1,1
1079,0,0.266266664706857,2,1,0.728298085091849,1,1
1080,0,0.544775556772947,0,0,0.63466575965562,0,1
1081,0,2.95387633927082,2,0,0.515854515365836,0,1
1082,0,0.19004168325324,0,1,0.990488274222362,1,1
1083,0,2.24864277134644,2,0,-0.282521244894621,0,0
1084,0,1.67723454580287,2,0,-0.766993606881753,0,0
1085,0,0.526445605741031,2,0,-0.0802544163709559,0,0
1086,0,1.09720386470376,1,0,-0.890130003840539,0,0
1087,0,0.134978137808689,1,1,0.785542860812091,1,1
1088,0,0.613899604890904,1,1,-0.300902268749312,1,0
1089,0,0.595914494976933,1,1,-0.743891137808447,1,0
1090,0,1.06307291504419,1,1,-0.337325118598762,1,0
1091,0,0.0856327924354862,1,1,-1.51170165386314,1,0
1092,0,0.168650812055697,1,1,0.180708725118809,1,1
1093,0,0.0568759797285713,2,0,-0.0468257625520178,0,0
1094,0,2.73932750890864,1,0,-0.181354502826403,0,0
1095,0,0.240012445384831,1,1,-0.250080237440241,1,0
1096,0,0.253070413530035,1,1,-0.803953707649883,1,0
1097,0,1.02666131755391,1,0,-0.268164348009769,0,0
1098,0,0.376487190873451,2,0,-1.25165450279598,0,0
1099,0,1.16401052781812,1,1,-0.312152751880248,1,0
1100,0,0.539088863183688,1,1,1.46914078132666,1,1
1101,0,1.79395837051914,2,0,0.384794887076314,0,1
1102,0,0.213444680280981,1,0,-1.66437714949821,0,0
1103,0,1.05365591057594,1,1,-0.225871070040014,1,0
1104,0,0.331161815141536,1,1,-2.08896526147586,1,0
1105,0,0.329157843242805,0,0,0.550841388715683,0,1
1106,0,0.580394055259915,1,1,-0.623998205112495,1,0
1107,0,0.0383209403890039,2,1,-0.0215961003136294,1,0
1108,0,0.772797464897569,2,0,1.98362311272836,0,1
1109,0,0.0482402369379997,0,1,1.38914828199203,1,1
1110,0,0.231893686327216,1,1,0.18876387128962,1,1
1111,0,0.136858896527781,1,1,0.522188213088078,1,1
1112,0,0.735956705337042,2,0,1.66906405877931,0,1
1113,0,0.287650431830176,2,1,2.5824711420175,1,1
1114,0,0.478966125910798,1,1,0.047941696162515,1,1
1115,0,5.57872058428816,1,0,-0.649997118707324,0,0
1116,0,0.0630293672096657,1,1,-0.214281832683106,1,0
1117,0,1.71909748662186,2,1,-0.280043862420995,1,0
1118,0,0.41119984871731,1,1,-1.42302805195393,1,0
1119,0,0.019235988726748,2,0,1.85082856251255,0,1
1120,0,0.0215938181702041,1,1,-0.686438853354981,1,0
1121,0,0.256244426307333,2,1,1.08560514309498,1,1
1122,0,0.00170434862262725,1,1,1.46262631519723,1,1
1123,0,0.420122694069391,1,0,0.104944353726917,0,1
1124,0,2.45838660595191,2,0,-0.0309133272198541,0,0
1125,0,2.17641192670173,1,1,-0.628283152309128,1,0
1126,0,2.45815690902563,2,0,1.69186163447954,0,1
1127,0,0.0512493218895269,2,1,1.47833713790612,1,1
1128,0,0.116964783608138,1,1,-0.577288645284851,1,0
1129,0,0.480552452305953,0,1,1.85930743466346,1,1
1130,0,0.0255509122265693,0,1,1.89843236786788,1,1
1131,0,0.0898606677779543,1,0,1.82578725116255,0,1
1132,0,0.415844545169699,0,0,-0.0492618900592335,0,0
1133,0,0.839538605743827,1,0,-0.216685474250607,0,0
1134,0,0.364371704582462,2,1,0.614411013964157,1,1
1135,0,0.652023504351951,1,1,-0.485618047613052,1,0
1136,0,0.0323516168221486,2,1,0.816365644505509,1,1
1137,0,1.40370008609241,0,1,0.208190221316852,1,1
1138,0,0.0621140633155637,2,1,0.0447387344508228,1,1
1139,0,0.255614391104999,1,1,-0.606131235406316,1,0
1140,0,0.821047982599832,1,0,-0.888425932100356,0,0
1141,0,0.94361514935303,1,0,0.460789977742634,0,1
1142,0,0.0552562199578228,2,0,0.160045266557559,0,1
1143,0,0.393188910917559,2,0,1.92708141899074,0,1
1144,0,0.0112047837346019,1,0,-1.87542906467681,0,0
1145,0,2.14345178559229,1,1,-0.37662437867278,1,0
1146,0,0.372012232774377,1,0,-1.03691773027638,0,0
1147,0,0.635268362735405,2,0,2.34985680670524,0,1
1148,0,0.778552419159968,2,1,0.193232711580854,1,1
1149,0,0.641422718565169,1,1,1.1282631417305,1,1
1150,0,0.0975141602210273,2,0,-0.162491788443856,0,0
1151,0,0.699858489535691,2,0,-1.03439955432398,0,0
1152,0,2.85680166875658,2,0,1.28678932708,0,1
1153,0,0.143134895684311,1,0,-1.02505752212708,0,0
1154,0,0.0460970153411229,0,1,-0.0741939323360269,1,0
1155,0,1.6754838589026,1,1,0.23154636954374,1,1
1156,0,0.569343747543474,1,1,0.664511387086728,1,1
1157,0,0.278627243171571,1,1,-0.559235153162729,1,0
1158,0,0.00311401371612631,1,0,-0.807841627007693,0,0
1159,0,1.73349634383114,1,1,-1.20825868532205,1,0
1160,0,0.580558490945414,2,1,-0.316853551199156,1,0
1161,0,0.945792018393086,1,0,-0.888487951949953,0,0
1162,0,0.429522493762529,2,0,-0.111215570247644,0,0
1163,0,0.8906269892463,2,1,-0.0916961649339457,1,0
1164,0,0.409060794125584,0,1,-0.517060322772898,1,0
1165,0,0.232841206093193,2,0,0.3056471973347,0,1
1166,0,0.162662660232599,1,0,-0.241365935435445,0,0
1167,0,0.144851633249924,1,0,1.08396347132354,0,1
1168,0,0.381073354982688,0,0,-1.88150764020453,0,0
1169,0,0.524999143233837,1,1,0.942404107310558,1,1
1170,0,1.70624127247759,1,0,-0.273974555559271,0,0
1171,0,1.40136699524564,1,0,-0.942663190249173,0,0
1172,0,0.638034591930255,2,0,0.866600735410993,0,1
1173,0,0.355171775341908,1,0,-0.970638892940066,0,0
1174,0,0.0443203490749453,1,1,-0.22556613746964,1,0
1175,0,0.0994343621035417,0,0,-0.348061976749086,0,0
1176,0,0.428189315522711,0,1,0.281807526058805,1,1
1177,0,1.39552494236218,2,0,-0.0303492471121226,0,0
1178,0,2.36826240429878,1,1,-0.295151313399513,1,0
1179,0,0.670805275345377,1,1,1.58707730999362,1,1
1180,0,0.704605230906322,2,0,1.02701170880942,0,1
1181,0,0.285161989876683,1,1,-0.321229333652233,1,0
1182,0,0.630645626778665,1,0,0.274092136028056,0,1
1183,0,0.212791250844781,1,1,-1.26416911526405,1,0
1184,0,0.340428242925061,0,0,0.0476139623677539,0,1
1185,0,0.694029980181148,2,0,1.0552161817128,0,1
1186,0,1.08603059413562,2,0,0.870095312281678,0,1
1187,0,0.740273956711372,1,0,-0.546699445522867,0,0
1188,0,1.67015712363572,1,1,-0.934734806188898,1,0
1189,0,0.109740344350892,2,1,1.57222972978355,1,1
1190,0,0.760074645029527,1,1,1.17626626848433,1,1
1191,0,2.34772044939555,2,1,0.788516100352497,1,1
1192,0,2.32070728679896,2,0,0.120734036092271,0,1
1193,0,0.0316549016895093,1,0,-0.370727964725335,0,0
1194,0,0.43797348376969,2,0,0.620993004658902,0,1
1195,0,0.88731685458751,1,0,-0.695094618299587,0,0
1196,0,0.898597055454451,2,0,-0.277895732374177,0,0
1197,0,0.549948098783439,0,0,0.114752850740435,0,1
1198,0,0.60529233765871,2,1,0.88933740698583,1,1
1199,0,2.62501169014456,2,0,0.292628828393539,0,1
1200,0,1.40604586321457,2,0,1.63819643019148,0,1
1201,0,0.386955049401555,1,0,-1.48600214693364,0,0
1202,0,3.62058560726751,2,0,-1.53291892529955,0,0
1203,0,0.730024059584188,1,0,-1.19675857727413,0,0
1204,0,0.762756231822786,2,0,1.01025373132188,0,1
1205,0,0.674225331958907,2,0,-0.162514769879835,0,0
1206,0,1.05544288727773,2,0,1.43489003609049,0,1
1207,0,0.69262881282472,1,1,-1.4327856917429,1,0
1208,0,1.07307077480704,2,0,0.559080328798149,0,1
1209,0,0.302888522856341,1,1,-0.139142633849441,1,0
1210,0,0.0464369496895937,1,0,0.890306292333144,0,1
1211,0,5.27239799992528,1,0,1.95353321092265,0,1
1212,0,1.21876319559912,0,1,1.82427127591175,1,1
1213,0,0.952894975561765,1,1,-0.0279354048080412,1,0
1214,0,0.756448100088179,1,0,-2.65628307291411,0,0
1215,0,0.494801687880108,2,0,0.00555442557539744,0,1
1216,0,0.881484677094807,2,0,0.0382854090136587,0,1
1217,0,0.288774228373709,2,0,-0.000900875096979593,0,0
1218,0,0.171102697049735,1,1,-1.80730966828242,1,0
1219,0,1.70987006313992,1,1,0.171292446718666,1,1
1220,0,0.0331291257468076,1,1,-0.666396118034088,1,0
1221,0,0.71642215811009,1,0,-0.625061383594763,0,0
1222,0,0.44317783080559,1,0,0.185583604805473,0,1
1223,0,1.27745640988456,1,1,-1.0356057610994,1,0
1224,0,0.14887439321403,1,0,-0.611466932284576,0,0
1225,0,1.39604796655476,0,0,-1.68482838692252,0,0
1226,0,1.3982417171034,2,0,0.819064998852568,0,1
1227,0,1.75729066415001,2,0,1.64153454952738,0,1
1228,0,0.398481891709407,1,1,-0.318861563499253,1,0
1229,0,0.276112572908837,1,0,1.29020464514543,0,1
1230,0,0.534578845549128,2,0,0.0361882648479355,0,1
1231,0,0.416469111474877,1,1,-2.35165835261658,1,0
1232,0,0.0995488351066894,1,0,0.488501261183316,0,1
1233,0,2.56941360140774,1,1,0.293302528788654,1,1
1234,0,4.49103645980358,0,0,-0.960153534323871,0,0
1235,0,1.02724235666169,2,1,0.112709620158129,1,1
1236,0,1.29703512247918,2,0,0.341224148460733,0,1
1237,0,0.134431536309564,2,0,0.238550443030027,0,1
1238,0,2.33659351373996,2,0,0.311744030172973,0,1
1239,0,0.211234926243219,2,1,-0.150580883692291,1,0
1240,0,0.107237907327901,2,0,1.02515005752717,0,1
1241,0,0.022508841784451,2,0,0.311411693782694,0,1
1242,0,0.0262573499418187,1,0,-0.633885096954663,0,0
1243,0,2.30757198049557,1,1,-0.165129880988064,1,0
1244,0,0.459067731474837,0,1,-0.182860726156326,1,0
1245,0,1.18307099611077,1,1,-1.36758255556861,1,0
1246,0,1.02980386120723,1,0,-0.214368211378619,0,0
1247,0,0.0401188720480983,1,1,-1.07179230571512,1,0
1248,0,0.0426452793180943,0,0,-0.85096538155877,0,0
1249,0,2.59841828252228,2,0,0.750351275866103,0,1
1250,0,0.217225215892452,2,1,-0.394538603481996,1,0
1251,0,0.675885795305173,0,0,-0.862056075595872,0,0
1252,0,2.53520675709709,1,1,-0.923613044047157,1,0
1253,0,3.79140206295251,2,1,-0.493547261928724,1,0
1254,0,0.142598645393226,1,0,-0.610752290322605,0,0
1255,0,0.15658392610206,1,0,0.400688387888231,0,1
1256,0,1.4069529756918,1,0,0.0158438180157886,0,1
1257,0,1.5726345431687,2,1,-1.66037657992665,1,0
1258,0,1.79844025183701,1,0,-1.34023153640511,0,0
1259,0,1.87234670684302,2,0,-0.387624541570087,0,0
1260,0,0.432431117282477,1,1,-0.412433722308093,1,0
1261,0,2.75505522846153,1,1,-0.362620786436949,1,0
1262,0,0.0237007971953739,1,0,-0.307097050305113,0,0
1263,0,0.515719610912781,1,1,0.557636519300476,1,1
1264,0,0.531973302102419,2,0,0.676410638041077,0,1
1265,0,0.697018560011413,1,0,-0.712299245095974,0,0
1266,0,0.0178391720554843,1,0,-1.41979494385307,0,0
1267,0,0.10872040721043,1,1,-0.158406728619435,1,0
1268,0,1.16483974541571,1,1,-0.30748434144324,1,0
1269,0,3.59511361308633,2,0,-0.584881111715187,0,0
1270,0,0.300825665031654,1,1,0.0860890947495122,1,1
1271,0,2.06572197813328,2,0,-1.14518414314518,0,0
1272,0,0.50697022607436,1,1,-0.499928472752649,1,0
1273,0,0.168791930836762,1,0,0.852146518676061,0,1
1274,0,0.551471814978799,2,1,0.674398536482589,1,1
1275,0,0.0444605003571306,1,0,0.383837426136803,0,1
1276,0,2.26021476722896,2,0,0.39101513683533,0,1
1277,0,0.536000325396447,1,0,-1.8093789313666,0,0
1278,0,0.289087540302428,1,0,0.046652915985164,0,1
1279,0,0.0481290961895804,1,0,-0.942975318282003,0,0
1280,0,0.325054218802062,1,0,-0.810421888507763,0,0
1281,0,0.0541823573397972,2,1,2.04950417258617,1,1
1282,0,0.855868470508701,1,1,-1.02029169181933,1,0
1283,0,0.722751677858174,1,0,1.12777589692872,0,1
1284,0,1.71043746728013,2,0,0.657239002427769,0,1
1285,0,1.4481282698345,2,1,0.307594095523526,1,1
1286,0,0.0535571233527675,1,0,-0.66594703101367,0,0
1287,0,0.753657401230253,1,0,0.380895319293564,0,1
1288,0,0.337999673437049,2,0,-1.23601540284033,0,0
1289,0,1.00301811918299,1,0,0.519012851685284,0,1
1290,0,2.16021391573026,1,1,-1.25464423279727,1,0
1291,0,0.0351285324719276,1,0,-0.27194282885645,0,0
1292,0,0.169543200948687,1,0,0.0829587777331046,0,1
1293,0,0.501163903166497,2,0,1.84276834651087,0,1
1294,0,1.04957756479806,1,1,0.0193571547017138,1,1
1295,0,0.300656507727653,1,1,0.0139057206311538,1,1
1296,0,0.553450390025703,1,0,0.0569395494659723,0,1
1297,0,0.9433118980658,1,1,-0.542956500251002,1,0
1298,0,2.18617464582851,1,0,-0.0756327314541301,0,0
1299,0,0.501260339947021,1,1,-0.567708753675281,1,0
1300,0,2.56611875117607,1,1,-1.35858838622213,1,0
1301,0,0.0544492124295057,1,1,-1.51232582431891,1,0
1302,0,0.382064161250875,1,0,0.447870961367536,0,1
1303,0,0.157256063099716,1,1,-0.849843671431888,1,0
1304,0,0.724587865996256,2,0,0.423219280414034,0,1
1305,0,1.07168276630201,2,0,0.054062646121715,0,1
1306,0,0.0239329832933716,1,1,-1.07562184731107,1,0
1307,0,0.532682613450841,1,1,0.193612602489676,1,1
1308,0,3.3463930036539,1,1,0.292457906008357,1,1
1309,0,0.569476182669215,0,0,-0.735103504942459,0,0
1310,0,0.063937106601679,1,1,0.0439370519511686,1,1
1311,0,1.48968658735426,1,0,-1.25715397178646,0,0
1312,0,0.549721935143073,0,0,0.729485697810085,0,1
1313,0,0.167294488587081,2,1,0.138924349058082,1,1
1314,0,1.60438568822,1,1,1.00182755054665,1,1
1315,0,0.379921691274905,1,0,-0.626563722948761,0,0
1316,0,2.24450809106308,2,0,-0.940403304178754,0,0
1317,0,0.635295231466016,1,1,-1.54723342272743,1,0
1318,0,0.274403643918116,1,1,1.08479287299073,1,1
1319,0,0.0773355422651485,1,0,0.0273940105850737,0,1
1320,0,0.686866806871069,1,1,0.377683817008932,1,1
1321,0,1.57928227722002,2,0,0.27843117818011,0,1
1322,0,0.533085386232405,2,0,1.45451619367539,0,1
1323,0,1.0512796510081,1,1,-2.3061855752785,1,0
1324,0,1.14083991567258,1,0,1.78211677027987,0,1
1325,0,1.00629640432696,0,1,0.0984162116520474,1,1
1326,0,4.38747882843018,0,1,-0.931419917362457,1,0
1327,0,0.36475271673074,2,0,-0.00359291984659672,0,0
1328,0,0.786284237660696,2,1,-0.552868291252182,1,0
1329,0,0.426562144529798,1,1,-0.40786040151806,1,0
1330,0,0.596338424993863,1,1,0.741313089636295,1,1
1331,0,0.55357477180293,1,1,-0.269664100058661,1,0
1332,0,0.961677435460687,2,1,1.40193572375239,1,1
1333,0,5.0952235249098,1,1,0.458126223015645,1,1
1334,0,0.515347555367683,2,0,1.71192410573956,0,1
1335,0,0.2764172060937,1,1,1.41675560766395,1,1
1336,0,2.6232086930454,2,0,0.437630640585223,0,1
1337,0,0.098317545184925,1,0,-0.636569294640346,0,0
1338,0,0.165465807636808,0,0,1.03444445865329,0,1
1339,0,0.0186145431901493,1,1,-1.24472383854646,1,0
1340,0,1.04896892292459,1,0,-1.86561352646983,0,0
1341,0,2.39905355412482,2,0,-0.488403929483639,0,0
1342,0,0.0324701860901018,1,1,-1.69404192193347,1,0
1343,0,0.0968701750757288,0,1,-0.457265435895187,1,0
1344,0,0.266320036583925,2,0,0.7749006932328,0,1
1345,0,0.276414176507761,2,1,1.2795930796857,1,1
1346,0,0.658426001049098,1,1,-0.217657616150847,1,0
1347,0,1.95132737476501,2,1,0.90544176284447,1,1
1348,0,1.33940673934436,1,0,1.27367769342688,0,1
1349,0,0.161949738023581,1,1,0.520351567515741,1,1
1350,0,0.174696901075177,1,0,-1.35662849097479,0,0
1351,0,1.36996642989768,2,1,0.658055768043206,1,1
1352,0,0.0558691098256859,2,1,1.45729592674703,1,1
1353,0,0.886231123423627,1,1,1.55533868708001,1,1
1354,0,6,0,0,-0.443822093609591,0,0
1355,0,1.25590660439847,2,1,0.880972257497873,1,1
1356,0,1.51423070639149,1,0,-0.150938934630961,0,0
1357,0,0.997944074837648,1,1,0.547139457349218,1,1
1358,0,0.0400220274054471,1,0,0.142566126060476,0,1
1359,0,1.02749203021328,0,0,0.920735328638133,0,1
1360,0,1.0859798107308,2,0,1.05221914932202,0,1
1361,0,0.218234088299912,1,1,-1.2112742910713,1,0
1362,0,0.202588377871674,1,0,-0.349961228518717,0,0
1363,0,1.7929631023649,2,0,1.40700307665939,0,1
1364,0,0.533255832175862,2,0,-0.306974966662681,0,0
1365,0,1.80972836145825,1,0,-0.992753296195338,0,0
1366,0,1.21753200097472,1,0,-0.401275730538152,0,0
1367,0,0.766572458669543,0,1,-1.55106166970004,1,0
1368,0,0.457588608882912,1,1,1.99656075474468,1,1
1369,0,0.400249281213481,1,1,-0.366609096063072,1,0
1370,0,1.1614444135928,1,1,-1.00897840011291,1,0
1371,0,1.61289693477253,0,0,-0.0834201248075987,0,0
1372,0,0.0403130947661218,1,1,0.485171996873247,1,1
1373,0,0.233608735074997,2,0,1.8932253150493,0,1
1374,0,1.46432507291238,2,0,0.898202516938951,0,1
1375,0,0.0528381944677934,2,0,1.54384822000461,0,1
1376,0,1.18088709157205,1,0,-0.268032969119953,0,0
1377,0,0.745948441196665,2,0,2.31308730103591,0,1
1378,0,0.0206082574231279,1,1,-3.31109741221064,1,0
1379,0,0.987552715664563,2,1,0.767922941377709,1,1
1380,0,1.52027843142708,1,1,0.945714477702878,1,1
1381,0,0.472995448185533,2,0,1.40450660170563,0,1
1382,0,0.0155294499422326,2,0,1.02657677749462,0,1
1383,0,0.48935563414658,2,1,0.0653774424682339,1,1
1384,0,0.131882191872315,1,0,-1.50690734456198,0,0
1385,0,1.134632615915,1,0,-1.07351971429344,0,0
1386,0,1.71204259930665,2,0,-0.116658472464722,0,0
1387,0,0.331727870751265,1,1,0.258599950207124,1,1
1388,0,2.2811728838525,1,1,0.424968680551687,1,1
1389,0,0.600255763195617,2,1,-0.314905990962886,1,0
1390,0,0.265256116787593,0,1,0.323119553099765,1,1
1391,0,0.574742658599604,2,0,-0.64154656053687,0,0
1392,0,0.673240803064295,1,0,-1.35955046583313,0,0
1393,0,0.361539172740234,1,1,-0.763153833628215,1,0
1394,0,0.0564835407971819,1,1,-0.0769252030117057,1,0
1395,0,0.810165942336122,0,1,-0.608709676252377,1,0
1396,0,1.1231394043526,2,1,0.35565254447495,1,1
1397,0,2.43391793959816,1,1,-0.138583491990052,1,0
1398,0,0.690480548603425,2,1,0.0174312111123103,1,1
1399,0,0.234279454911037,2,0,0.807587796057054,0,1
1400,0,0.0217502734149486,2,1,0.250683652831683,1,1
1401,0,1.34716311890025,2,0,-0.120747218813089,0,0
1402,0,0.346749401835113,1,1,-0.818497468028053,1,0
1403,0,0.346577321870662,1,1,-0.346925835408321,1,0
1404,0,0.432876548538521,2,0,-0.375879594922861,0,0
1405,0,0.62601378931217,1,1,-0.346256857718794,1,0
1406,0,0.442793670445744,1,1,0.0134625890251663,1,1
1407,0,0.376585862808213,2,1,1.3077088070912,1,1
1408,0,4.11181648572286,0,0,1.22838531550853,0,1
1409,0,0.403678520679222,1,0,0.985818994650671,0,1
1410,0,0.080171956991156,0,1,1.25870779123051,1,1
1411,0,0.281711714484345,2,0,1.73837841400088,0,1
1412,0,0.281618523101012,0,0,0.976690486669738,0,1
1413,0,0.36991833365611,1,1,1.55529602856581,1,1
1414,0,0.294518195776983,1,1,-0.666797560898997,1,0
1415,0,0.244613308438388,1,1,-1.02312318894038,1,0
1416,0,3.143123003069,2,0,0.632454761187719,0,1
1417,0,2.41863414955636,0,0,-0.904500292121203,0,0
1418,0,0.383205571119387,1,1,-0.447260674242566,1,0
1419,0,0.0568980628502449,1,1,-1.69081292149347,1,0
1420,0,1.45889187861677,1,0,0.129200146126684,0,1
1421,0,0.506207127439317,1,1,-0.894944321418994,1,0
1422,0,0.564698359781865,2,1,-0.636978694117431,1,0
1423,0,0.230145434135948,1,0,0.137700522741311,0,1
1424,0,0.137352419502908,2,1,0.232856486311335,1,1
1425,0,1.07079988017987,0,0,-0.173863541692365,0,0
1426,0,0.0358769708475542,1,1,-0.951349650511676,1,0
1427,0,1.46566549316049,0,0,0.0237236384775459,0,1
1428,0,2.06355169926603,1,1,-1.17444963770909,1,0
1429,0,0.237069724190779,2,0,0.0601950298453142,0,1
1430,0,0.0658403330419682,1,0,-2.68981660694098,0,0
1431,0,0.794444416385616,2,1,0.117881027820422,1,1
1432,0,0.112054152392364,2,0,0.762454605951622,0,1
1433,0,0.344797426517112,2,0,0.809475821315943,0,1
1434,0,0.712968905626574,2,0,2.61007319089902,0,1
1435,0,0.0407172545970399,1,0,-1.76375673600408,0,0
1436,0,0.0448068614903963,1,1,-2.28173993775227,1,0
1437,0,0.440877230086544,1,1,0.0306852030288947,1,1
1438,0,0.818200446665287,0,1,1.12512111221801,1,1
1439,0,0.071174377290477,1,1,1.22318370252196,1,1
1440,0,0.105642937993389,1,1,0.562880355179857,1,1
1441,0,0.500250856167013,1,1,0.372942682596642,1,1
1442,0,0.694702347823558,1,1,-0.30502744349402,1,0
1443,0,0.125377895310521,0,0,-1.05249318089065,0,0
1444,0,2.04676515920516,1,0,-1.12466371482609,0,0
1445,0,0.183529347643966,1,1,0.219053325155237,1,1
1446,0,0.0244897605265039,1,0,-1.83002486936351,0,0
1447,0,0.13984134910354,1,1,0.309741929005658,1,1
1448,0,0.529383562395255,2,1,0.866085179476937,1,1
1449,0,1.37017371716997,2,0,-0.70437262119739,0,0
1450,0,0.244055497871569,1,0,-1.52788526166774,0,0
1451,0,0.561251120218752,1,1,-1.26471448467441,1,0
1452,0,0.0991401125085829,2,0,0.762357934049739,0,1
1453,0,1.08455991603743,2,0,0.397366074683287,0,1
1454,0,0.337477790630057,1,1,0.517037592589844,1,1
1455,0,1.18510968686304,2,0,0.588091548625573,0,1
1456,0,0.86075208955907,2,0,0.312530475059719,0,1
1457,0,0.312695639828841,0,0,0.0532448560600941,0,1
1458,0,1.00984569328527,0,1,0.18151844266683,1,1
1459,0,1.60117194311246,1,0,0.561895717596072,0,1
1460,0,0.0372274404234696,1,1,-1.57270006661641,1,0
1461,0,0.106387849920164,1,0,0.0164616575644607,0,1
1462,0,0.745782029504577,0,1,0.0415179194845454,1,1
1463,0,0.818067771168109,2,1,1.58091560450889,1,1
1464,0,0.406161975397951,1,1,-1.08986454463333,1,0
1465,0,0.463598342357528,2,1,0.683546653852961,1,1
1466,0,1.29588279699215,1,1,0.12810530603588,1,1
1467,0,1.13915078962843,0,0,1.81097934090383,0,1
1468,0,1.13132082230745,1,1,-0.0274193491273972,1,0
1469,0,0.843731860319773,0,0,1.40453625060562,0,1
1470,0,0.809831523026029,0,1,0.0981769478828757,1,1
1471,0,2.47662512295469,2,0,0.509261965823898,0,1
1472,0,0.237109151764252,2,0,0.864441181888837,0,1
1473,0,3.48544517705124,2,0,0.247623937726705,0,1
1474,0,4.11756115314276,2,0,-1.31429982124153,0,0
1475,0,1.03903209214272,1,1,0.0142451153426998,1,1
1476,0,1.23219378438037,2,0,1.22737840155311,0,1
1477,0,0.998844625018773,2,1,0.869228273532243,1,1
1478,0,0.101353893662109,2,0,0.385882313191841,0,1
1479,0,0.165882859773918,1,1,-1.09654229573078,1,0
1480,0,1.39559814990916,2,0,-0.59612669413965,0,0
1481,0,1.92009570136153,2,1,-0.00422605847384449,1,0
1482,0,0.0912087873000534,1,1,-0.236222128856509,1,0
1483,0,0.877997908251312,1,0,-0.201027555228841,0,0
1484,0,0.00266128762644435,1,0,-1.73005175924098,0,0
1485,0,0.542708569917138,1,0,-0.0640617580792504,0,0
1486,0,0.783980398562503,2,0,1.71189372992232,0,1
1487,0,3.30688772449176,1,0,-0.259668392296653,0,0
1488,0,3.00880824372012,1,0,1.75454828304042,0,1
1489,0,0.575189697458773,1,0,-0.488306863326079,0,0
1490,0,0.28848095867212,2,1,1.6540800929958,1,1
1491,0,0.624902129916448,1,1,-0.31457447233407,1,0
1492,0,0.293299535130406,2,1,-0.0802553660482463,1,0
1493,0,0.0587367652655397,2,1,1.2305419376186,1,1
1494,0,1.8282642563635,1,1,-1.13566410628546,1,0
1495,0,0.389987288299639,1,1,0.0159668105379099,1,1
1496,0,0.533938982265964,2,0,0.330442798100983,0,1
1497,0,1.0488168498878,1,0,-1.59122344208814,0,0
1498,0,0.0929041088623737,1,1,-0.775753914838835,1,0
1499,0,0.984228695564555,1,1,-2.29214922888452,1,0
1500,0,0.489920460344945,1,0,-1.24127710012184,0,0
1501,0,0.171313768712877,1,1,-0.345850959531937,1,0
1502,0,0.383858693936638,1,0,-1.19239953365958,0,0
1503,0,0.177756030403692,1,0,-0.377071063817802,0,0
1504,0,2.56502705706656,1,0,0.146601733587276,0,1
1505,0,0.0844737654449014,1,1,2.11458153397594,1,1
1506,0,0.263492451925457,1,0,0.389053091531082,0,1
1507,0,1.20138598157149,1,1,-1.28859022467314,1,0
1508,0,0.205230734092123,2,0,0.09642802470515,0,1
1509,0,0.714860039884911,2,0,1.5445817006606,0,1
1510,0,1.40325444707753,1,1,0.774457338314286,1,1
1511,0,0.408394039166269,2,1,0.324795448547362,1,1
1512,0,0.00533259449254869,1,1,-0.274342818090479,1,0
1513,0,0.0475965989785338,1,1,-2.71686066709449,1,0
1514,0,0.137820413273754,2,0,0.163646044483109,0,1
1515,0,0.879200667321417,1,0,-0.255698919160946,0,0
1516,0,1.88327862729031,2,1,-0.835327274542719,1,0
1517,0,0.409745102127393,0,0,0.973852670974781,0,1
1518,0,0.829998351109168,1,1,-0.0992897657630323,1,0
1519,0,0.114867940828803,2,1,1.23941460426035,1,1
1520,0,0.650978499601099,2,0,1.71986585417617,0,1
1521,0,2.14151594680193,2,0,-0.895380218439937,0,0
1522,0,0.768853858225143,1,1,1.55515355388553,1,1
1523,0,0.19904589074281,2,0,1.71310690068222,0,1
1524,0,0.535007183330761,2,0,1.96529209212516,0,1
1525,0,0.520070334247758,1,0,0.17325806963171,0,1
1526,0,0.902365985071363,2,0,1.28108084247112,0,1
1527,0,0.0721480906200878,1,0,-1.71084591580104,0,0
1528,0,1.9770965498345,1,0,-0.958924731917025,0,0
1529,0,0.396437455524018,0,0,0.269580491491716,0,1
1530,0,0.0607134645486107,1,0,-0.19562432110536,0,0
1531,0,0.789179100379764,2,0,0.469223947106293,0,1
1532,0,0.60796710599447,0,1,1.07820953508144,1,1
1533,0,0.120679652318358,0,0,1.06504975437979,0,1
1534,0,0.232917270879495,1,0,-0.465197353768947,0,0
1535,0,1.13485794404097,2,1,0.465030170582597,1,1
1536,0,0.43909899300257,0,1,1.68621661291369,1,1
1537,0,0.778052440230375,1,1,-0.623976243552092,1,0
1538,0,0.218884335351937,0,0,1.34730334200897,0,1
1539,0,0.319879658382926,2,1,0.564318040797104,1,1
1540,0,0.211030373836572,1,0,-0.0237906398332496,0,0
1541,0,2.4818712515279,1,1,0.530024062832134,1,1
1542,0,0.321113855267564,0,1,0.310240206633329,1,1
1543,0,2.34746606694671,2,1,1.14892901825473,1,1
1544,0,0.194529936802654,2,1,0.290878222641376,1,1
1545,0,1.63228254964145,1,0,-0.26019842700507,0,0
1546,0,0.249091164264075,2,0,-0.0845642087318108,0,0
1547,0,0.226451137297419,1,0,-2.40157647621923,0,0
1548,0,1.61668220539701,0,1,-0.367498271191342,1,0
1549,0,0.622612403031851,1,1,-0.970004826381241,1,0
1550,0,1.50913546572834,1,0,0.233382377129586,0,1
1551,0,1.59465255526205,0,0,-0.529521936137537,0,0
1552,0,0.180844346671219,2,1,1.99846707312306,1,1
1553,0,0.412515347133197,2,0,1.7256485034046,0,1
1554,0,1.3448807673388,1,0,-0.121973248308902,0,0
1555,0,2.9732089241392,1,0,-0.991393337164538,0,0
1556,0,0.230205499190593,2,0,1.36580215932151,0,1
1557,0,1.29037584799031,0,0,0.354843411880566,0,1
1558,0,0.888270366069973,2,1,0.512936519315088,1,1
1559,0,0.152932452347667,1,1,0.493860631122679,1,1
1560,0,1.51395265789846,2,0,-0.575529165834696,0,0
1561,0,0.575414465871238,1,1,1.21812505018744,1,1
1562,0,0.627249206105868,0,0,-1.2768442665039,0,0
1563,0,1.16089355121818,1,0,-1.29850552835998,0,0
1564,0,0.345034991930155,1,0,0.350186991158574,0,1
1565,0,1.43035054138181,2,0,0.732465560125601,0,1
1566,0,0.27993089338018,2,0,1.95984968764391,0,1
1567,0,0.577289624461827,1,1,1.00269741117079,1,1
1568,0,1.78715507424048,2,0,0.371604564717162,0,1
1569,0,0.271850348800392,1,0,-1.75382454569856,0,0
1570,0,0.687571139938141,1,0,0.258821768902665,0,1
1571,0,0.117054495667788,1,0,-0.286014714666932,0,0
1572,0,0.17228746485966,1,0,-0.0661883542346491,0,0
1573,0,0.0585306342691183,0,1,1.01445455039378,1,1
1574,0,0.111132156178912,1,1,-0.669284624423,1,0
1575,0,0.381881734356284,0,1,0.0422219013975671,1,1
1576,0,0.335050107633566,1,1,-0.856841034844818,1,0
1577,0,0.122313490817959,1,1,0.671225805676555,1,1
1578,0,1.95679826912492,2,1,-0.355306759701139,1,0
1579,0,0.57098536749082,1,1,-0.63726818328257,1,0
1580,0,5.00202272145487,1,0,-1.06843654242291,0,0
1581,0,0.642260340973735,0,0,-0.65909833709737,0,0
1582,0,0.0660424158671398,1,1,0.16938972594164,1,1
1583,0,3.366700914553,2,0,-1.41044842503712,0,0
1584,0,0.139079488134376,2,0,2.05029376231108,0,1
1585,0,0.108755163828054,2,0,0.632870188139157,0,1
1586,0,0.226933361852415,2,1,1.49591918159233,1,1
1587,0,0.15986369190604,0,1,-0.608631101482215,1,0
1588,0,0.190923660634244,1,1,0.0612142439995144,1,1
1589,0,0.332383749257027,2,0,2.33357818304954,0,1
1590,0,3.51981665967383,2,0,1.059877498975,0,1
1591,0,4.42581449563574,2,0,-0.914228361419849,0,0
1592,0,0.751409006583785,1,1,-0.0265945678776611,1,0
1593,0,0.0258904710427728,1,0,-2.09459980734945,0,0
1594,0,1.19687046555877,2,1,-0.375201089171474,1,0
1595,0,0.537756052175872,0,0,0.0638542562990958,0,1
1596,0,6,0,0,-0.613316971280969,0,0
1597,0,0.133050512581312,1,1,0.105811957767028,1,1
1598,0,0.478764029931741,1,0,-0.33760103599678,0,0
1599,0,0.175113621603305,0,1,-1.53211716314425,1,0
1600,0,0.474850718432562,2,0,1.35019469939555,0,1
1601,0,0.224827916050951,0,1,0.517279348802815,1,1
1602,0,0.10147752131392,1,1,0.602680239898303,1,1
1603,0,0.112993409692034,2,1,0.958612267615827,1,1
1604,0,0.211691137284125,1,1,-1.56143817907367,1,0
1605,0,0.111401559164127,0,0,0.631777717448911,0,1
1606,0,0.42028263832132,0,0,-0.586685660250973,0,0
1607,0,0.252940920204852,1,0,-0.806129625477907,0,0
1608,0,0.889051704035867,1,0,0.283150611985404,0,1
1609,0,1.5308456533065,1,0,-0.0303608410273824,0,0
1610,0,0.178479170871331,1,0,1.95088308614525,0,1
1611,0,0.803381495878371,1,0,0.264772303435491,0,1
1612,0,0.478301345621126,2,1,-1.07570311734028,1,0
1613,0,0.839464899838725,2,1,1.93262983828431,1,1
1614,0,1.59888764022528,2,1,-0.23191525441462,1,0
1615,0,0.404233947499483,1,0,-1.14340342548425,0,0
1616,0,0.427642006699983,2,0,1.35924139281909,0,1
1617,0,0.134459900816336,1,0,1.76624815502654,0,1
1618,0,0.944702286269117,1,1,0.176702968503992,1,1
1619,0,0.118775591254234,0,0,0.456925542968744,0,1
1620,0,0.0687457605608882,2,1,0.28296905119405,1,1
1621,0,0.8210992904112,1,1,0.171290573224943,1,1
1622,0,1.7081000392282,1,0,-0.585862648075644,0,0
1623,0,0.24433514537033,1,0,-0.0424028850950958,0,0
1624,0,0.0340268075162768,1,1,-0.496778707682316,1,0
1625,0,0.503769056340593,2,0,1.07222132342446,0,1
1626,0,0.51370778430716,2,0,0.261692445062857,0,1
1627,0,0.896829641513123,1,1,-0.182350899860354,1,0
1628,0,0.191339308813256,1,1,1.46900211110659,1,1
1629,0,1.96354376039265,1,1,0.301673355533663,1,1
1630,0,1.32900133848997,1,1,0.555845883172033,1,1
1631,0,1.09507469290432,2,0,0.865378289207822,0,1
1632,0,1.86477700883788,1,0,0.226529032858823,0,1
1633,0,0.198168099287167,2,0,0.331663195930517,0,1
1634,0,0.938288467004895,0,0,-1.61321890565205,0,0
1635,0,0.0257092993406807,2,0,0.71869246000714,0,1
1636,0,0.389933375807466,1,0,-1.78931600940684,0,0
1637,0,3.52018797778806,2,0,-1.32668845267855,0,0
1638,0,1.0238500698221,1,1,0.582368974809691,1,1
1639,0,0.339503971782606,1,1,1.14928851945949,1,1
1640,0,3.4714182606203,1,1,2.12555150643057,1,1
1641,0,0.275134514119728,1,1,0.106048239246306,1,1
1642,0,0.505015018906886,1,0,-0.045227310652739,0,0
1643,0,0.346597695739348,0,0,-0.708421393245693,0,0
1644,0,0.822539610203428,1,1,-0.15616947098023,1,0
1645,0,0.148885377871306,2,0,0.569690103417957,0,1
1646,0,0.463919097998367,1,0,-0.555437936206115,0,0
1647,0,0.342534597951335,0,0,0.981621744753352,0,1
1648,0,1.058891782541,1,0,-0.224288520920036,0,0
1649,0,0.24752180101455,1,0,-2.604012147503,0,0
1650,0,0.105382755090904,1,0,-1.28251228389405,0,0
1651,0,1.2814725503057,1,1,-0.73234019903172,1,0
1652,0,0.00851357163046728,1,1,1.60049693224538,1,1
1653,0,0.135881852369143,2,0,2.1197819404182,0,1
1654,0,2.03608784042425,1,1,0.390812215189408,1,1
1655,0,0.257625332997577,1,1,-0.48869112869303,1,0
1656,0,0.566891988049069,1,1,-0.780105420028512,1,0
1657,0,0.637175574819946,1,1,0.375416047792513,1,1
1658,0,0.0134014372090972,2,1,1.8143952105504,1,1
1659,0,1.69455934581747,2,0,0.805143718756994,0,1
1660,0,0.133981214527006,1,0,-0.290824931369183,0,0
1661,0,1.83563122284761,2,0,0.0427191352996016,0,1
1662,0,0.829134894948969,1,1,-0.4398529600764,1,0
1663,0,0.5505444582258,1,1,1.42637752522695,1,1
1664,0,2.58762927427625,2,1,-1.0019899987382,1,0
1665,0,1.71136326815177,1,1,1.0261350097282,1,1
1666,0,0.0680794442693392,0,0,-0.47692654455155,0,0
1667,0,0.268398095952657,1,0,-0.386565571800023,0,0
1668,0,0.539317445274452,1,0,-0.322468729780269,0,0
1669,0,0.0286742306424548,1,1,-1.79360646525765,1,0
1670,0,0.458151707589339,2,1,1.31694089220566,1,1
1671,0,6,0,0,-1.01296445224478,0,0
1672,0,1.05095663161499,2,1,0.338377600016403,1,1
1673,0,1.83211926412883,1,1,-1.28197687911731,1,0
1674,0,0.0978383383016669,1,1,1.2915696103687,1,1
1675,0,0.107232187603038,1,1,-0.00336341370652361,1,0
1676,0,0.280256416139755,1,1,-1.23908373579898,1,0
1677,0,0.660431577267009,0,0,0.303747619407364,0,1
1678,0,0.334691346579933,1,0,-0.975943761068164,0,0
1679,0,0.430589821189642,0,0,-1.45088933633812,0,0
1680,0,0.906532646920915,0,1,-0.547267404195184,1,0
1681,0,0.0755604027263074,1,0,0.401313139611891,0,1
1682,0,0.997377890068682,2,1,-0.0289304975293959,1,0
1683,0,0.881160530660113,1,1,0.643040065129831,1,1
1684,0,0.618694079452639,1,0,-1.76907721770155,0,0
1685,0,0.176325269655925,1,1,-1.05246972719336,1,0
1686,0,3.39197499514428,2,0,-1.45779144947595,0,0
1687,0,2.75784611832135,2,0,0.0212578440263998,0,1
1688,0,0.144024794034563,0,1,1.094598291625,1,1
1689,0,1.13207995270689,0,1,-0.162844094927896,1,0
1690,0,1.01419733526806,0,1,-0.849454757299187,1,0
1691,0,0.301500701538403,1,0,-0.15708695888065,0,0
1692,0,1.29828353534477,2,1,0.371113094310399,1,1
1693,0,0.0409039427707775,0,1,1.16172935647057,1,1
1694,0,0.386598796543003,1,0,1.02684919458472,0,1
1695,0,0.858203299964468,0,1,0.257112294683415,1,1
1696,0,0.733797991027435,0,0,-0.230862041783872,0,0
1697,0,0.300380778849481,2,0,0.0598381905689763,0,1
1698,0,2.97367139798493,2,0,-0.783944569664531,0,0
1699,0,0.0808041519944634,1,1,-0.636315874775238,1,0
1700,0,0.0221131573100925,2,1,-0.0562674060762066,1,0
1701,0,0.456076206551028,2,0,1.25341825553605,0,1
1702,0,0.494028635082567,1,0,-2.26789023366236,0,0
1703,0,0.431699905240869,2,0,1.25601585839722,0,1
1704,0,1.18451091605072,2,0,0.0171531010777517,0,1
1705,0,0.189050343121834,2,0,1.33597352746252,0,1
1706,0,1.71560118636148,0,0,0.74671883472116,0,1
1707,0,2.26081042487425,2,1,0.818862920222452,1,1
1708,0,3.94543727412618,2,0,-0.0993237538162278,0,0
1709,0,0.246002697130966,1,0,-0.418440469307223,0,0
1710,0,2.8996002453289,2,0,0.696722089610153,0,1
1711,0,0.55183208555185,0,1,-1.24245708116906,1,0
1712,0,0.0395434048318049,1,1,0.547477506179014,1,1
1713,0,0.566266584290675,1,1,0.248721450150057,1,1
1714,0,0.24890734322738,2,0,-0.0689958554826012,0,0
1715,0,0.289648379037793,1,1,-0.18943461563911,1,0
1716,0,0.144940582829902,2,1,-0.953827681997986,1,0
1717,0,0.272460932731029,1,0,-0.576515023688669,0,0
1718,0,0.255683648210209,0,0,-1.6707733722109,0,0
1719,0,1.13900627867743,1,1,0.957543710115228,1,1
1720,0,0.0963679612247889,2,1,0.00817938473253493,1,1
1721,0,2.09548275809022,2,0,-0.865245838359413,0,0
1722,0,0.921960579752702,2,0,0.64885988827051,0,1
1723,0,3.0248564759794,1,0,-0.846325181508243,0,0
1724,0,0.0712307469843318,0,1,-0.295258956461548,1,0
1725,0,0.168028918125044,0,0,-1.31086201071543,0,0
1726,0,0.932771945134221,1,0,-1.08721202044722,0,0
1727,0,0.665278417811964,1,0,-0.747141637244894,0,0
1728,0,1.10182139574151,2,1,0.768161719598618,1,1
1729,0,1.10480650825153,1,0,-2.15171751812297,0,0
1730,0,0.392067755491985,1,0,1.92573518963222,0,1
1731,0,0.202820479244572,1,0,-0.701432708997397,0,0
1732,0,0.307352132687783,2,1,1.09345195423729,1,1
1733,0,0.337206046569909,2,1,0.806026771406249,1,1
1734,0,0.0648599904988208,1,1,-1.24951459321239,1,0
1735,0,1.94260283008584,2,0,0.800435187972638,0,1
1736,0,1.45624950231837,2,1,1.05951524456184,1,1
1737,0,0.542538972554662,1,0,0.344332849062117,0,1
1738,0,3.90743212416796,2,1,0.326365046927917,1,1
1739,0,0.0833231992047414,1,1,-1.16983631537001,1,0
1740,0,0.684971140934834,1,0,0.436970198699285,0,1
1741,0,0.0503916785169668,1,1,1.43050786479695,1,1
1742,0,0.161426725486914,0,0,-0.0385780949640353,0,0
1743,0,0.189540061262829,2,1,0.338979205062129,1,1
1744,0,2.51626666980529,1,1,0.555666048339295,1,1
1745,0,6,0,0,-1.01684605713557,0,0
1746,0,0.0645255431798128,2,0,1.67409521121987,0,1
1747,0,0.181267757661243,1,0,-0.185421999211385,0,0
1748,0,0.295712502944995,1,1,-1.2779148046697,1,0
1749,0,0.259292640357076,1,0,-0.150041103145467,0,0
1750,0,0.0773946721572701,1,0,-0.689782179658016,0,0
1751,0,0.0584630164142811,0,0,-0.424006756608794,0,0
1752,0,0.975101720541716,0,0,-1.15335916973125,0,0
1753,0,0.135409977779654,2,0,0.919964198445306,0,1
1754,0,0.369225401362934,2,0,0.549702970685796,0,1
1755,0,0.0115265384174339,1,1,-0.725726944557786,1,0
1756,0,1.43543925164257,1,1,0.231696977187292,1,1
1757,0,0.264527650121056,1,1,-0.332980958217702,1,0
1758,0,1.49118961113329,2,0,1.3784352407494,0,1
1759,0,1.18339922716045,2,1,1.11798845098265,1,1
1760,0,0.969248785803141,2,1,0.888589101521984,1,1
1761,0,0.459395451948386,1,1,1.91243430019243,1,1
1762,0,0.738998890927432,2,0,0.148257525951681,0,1
1763,0,2.18667881745031,2,0,0.0342000859188852,0,1
1764,0,1.43914205732211,1,0,1.24234393855203,0,1
1765,0,3.43755948210517,2,0,0.939416431098245,0,1
1766,0,0.0315755971772698,1,1,-1.73425944845966,1,0
1767,0,0.0838625217419915,1,1,-1.67305567939866,1,0
1768,0,0.0547376580048813,1,1,-0.973278764149765,1,0
1769,0,0.35367734052988,2,0,0.687206413800914,0,1
1770,0,1.21933498949251,2,0,0.678140597934229,0,1
1771,0,1.39314274104242,2,0,-0.987107144937238,0,0
1772,0,0.102549852923161,1,1,-0.71791166459409,1,0
1773,0,0.863272604760549,2,1,-1.34471122434567,1,0
1774,0,0.70166309878132,1,0,-1.0643135576396,0,0
1775,0,0.0102672016940256,2,0,-0.5828227836706,0,0
1776,0,1.76917731269096,1,0,-1.09631642843917,0,0
1777,0,0.0285956072271814,1,0,-2.21948548495163,0,0
1778,0,0.831999939250527,1,0,-1.42085206739333,0,0
1779,0,1.06818359763439,1,1,-1.12666358885782,1,0
1780,0,2.02301846145243,1,0,-1.30527476384791,0,0
1781,0,0.739934770390391,0,1,-0.693591426783196,1,0
1782,0,2.26595977671396,1,0,-0.849833562742512,0,0
1783,0,0.939364597857223,2,1,0.148982712591081,1,1
1784,0,0.611385362867094,1,1,-1.00071981293895,1,0
1785,0,0.294414081269559,2,0,0.894152838733996,0,1
1786,0,0.112707101259637,2,0,1.35629177327853,0,1
1787,0,0.28653339786962,1,0,-0.44696932277851,0,0
1788,0,5.96813119444702,2,0,-0.758802265841448,0,0
1789,0,0.73722147808062,1,0,0.681231769436409,0,1
1790,0,0.000505925008044944,1,1,-1.30670192824826,1,0
1791,0,0.715106784941518,1,1,0.244271547780824,1,1
1792,0,0.704550025002964,1,1,-1.60979292534445,1,0
1793,0,0.0543432054474533,1,1,0.25618195673306,1,1
1794,0,0.0488882672261438,0,1,0.2893667588889,1,1
1795,0,2.30559090821278,1,0,0.0732265304345224,0,1
1796,0,0.634456154404772,1,1,-1.31989566173784,1,0
1797,0,0.238527247773076,2,1,1.29788211168019,1,1
1798,0,4.17094640744229,0,1,0.77380735720977,1,1
1799,0,0.458049744530531,1,1,1.18252801643696,1,1
1800,0,4.28010702133179,0,0,-0.432390668113953,0,0
1801,0,0.0550036303052062,1,1,1.67911368821523,1,1
1802,0,0.000929649298389753,0,1,0.308862674293936,1,1
1803,0,3.00850726029933,2,1,0.54464133728076,1,1
1804,0,0.559145636894081,1,1,-0.909724975562824,1,0
1805,0,2.29850080485145,0,1,-0.225118511357348,1,0
1806,0,0.974642398456733,0,1,0.786406326694109,1,1
1807,0,1.04196481827001,2,0,-0.764051919266863,0,0
1808,0,0.934715115557081,2,0,-0.0274422416834715,0,0
1809,0,0.316522408862251,1,1,-1.25796411904494,1,0
1810,0,0.0368183851242065,0,1,-1.13342506092397,1,0
1811,0,0.972889412647409,2,1,0.608942512563581,1,1
1812,0,0.548233009706734,2,1,1.59911345259838,1,1
1813,0,0.676882754115288,1,0,-0.174984123998179,0,0
1814,0,0.862421458174161,1,0,-0.313742259647247,0,0
1815,0,3.02518819895535,2,0,-0.609954450237785,0,0
1816,0,1.27726880893021,2,1,1.21520875263024,1,1
1817,0,1.36079267173251,2,1,0.632625326442696,1,1
1818,0,1.66486817470052,2,0,-0.109129797421223,0,0
1819,0,0.102780922794158,1,1,0.731458090301766,1,1
1820,0,0.339971928328845,1,1,0.0580610582384623,1,1
1821,0,0.777370044961572,0,1,0.626199534462423,1,1
1822,0,0.234999920593908,1,1,-0.680822074917372,1,0
1823,0,0.00546594660257219,1,1,0.802518442610449,1,1
1824,0,0.219146624187213,1,1,-0.61423388816685,1,0
1825,0,0.67755093026869,0,0,-1.62717293444312,0,0
1826,0,0.263925190619582,1,0,-0.477896021583479,0,0
1827,0,2.99554076469705,1,1,-1.52474193943901,1,0
1828,0,2.9153528176412,1,1,2.2911451662887,1,1
1829,0,0.218412141433246,2,0,-0.636003790219955,0,0
1830,0,1.18819723020898,1,1,-1.67597283737052,1,0
1831,0,0.762032292838737,1,0,1.28702409821339,0,1
1832,0,2.1490027072529,0,1,-0.650501546953469,1,0
1833,0,0.576837589925946,1,1,-0.412007246963486,1,0
1834,0,0.174338665997894,1,1,1.59137745352076,1,1
1835,0,0.50156533791359,1,0,-1.27277146267526,0,0
1836,0,0.186514846736376,1,0,0.816315759490346,0,1
1837,0,0.449402610628122,2,0,-0.0829655949370464,0,0
1838,0,1.4996007300872,1,1,-1.79819460008325,1,0
1839,0,0.561514095575715,1,0,0.554331551049347,0,1
1840,0,0.264853991898875,2,0,-0.0323967602622493,0,0
1841,0,0.95912376942556,1,1,0.437638283075743,1,1
1842,0,0.123492365240783,1,1,0.101842154176411,1,1
1843,0,0.373101914653983,2,0,1.49744621409841,0,1
1844,0,0.294844951586432,1,1,0.641710363281455,1,1
1845,0,0.380987045801124,0,1,-0.270284283566424,1,0
1846,0,0.181277480173636,1,1,-0.0217592115712975,1,0
1847,0,1.2191794173558,1,1,0.142458946941667,1,1
1848,0,6,0,0,-1.23535994445019,0,0
1849,0,0.523280482610328,2,0,0.734886475312188,0,1
1850,0,1.2575453499219,2,1,1.10188697813595,1,1
1851,0,0.953883715113309,1,0,-0.651711724715264,0,0
1852,0,2.10288892043793,1,0,0.559915091252907,0,1
1853,0,0.477932573606571,0,0,0.146429973226902,0,1
1854,0,0.455960668459348,2,1,0.660264831436014,1,1
1855,0,0.687795197963373,2,0,0.463206524112292,0,1
1856,0,0.236189997146907,2,0,-0.185021724183756,0,0
1857,0,0.488860485045332,2,1,0.43819099880193,1,1
1858,0,0.0677441899177371,1,0,0.115986339968916,0,1
1859,0,1.72350779112423,1,1,0.313332949228843,1,1
1860,0,0.511030611554585,2,1,1.56732573139314,1,1
1861,0,1.10523071430538,2,0,-0.460513826242771,0,0
1862,0,1.93541928164533,1,0,0.452044769151775,0,1
1863,0,0.00116893650895267,2,0,-0.747885591509075,0,0
1864,0,0.266189164670976,1,1,-0.685997643344937,1,0
1865,0,0.267916479187578,0,1,0.641255871132957,1,1
1866,0,3.92758767836622,2,0,-0.839542573308042,0,0
1867,0,0.0897273272165156,1,1,-1.66590460521367,1,0
1868,0,0.248650722220067,2,0,1.4823671904539,0,1
1869,0,0.0501214508658252,1,0,-0.368517586978888,0,0
1870,0,1.62980150153961,2,0,-0.183885957957924,0,0
1871,0,0.798751436375969,2,1,-0.56488955336205,1,0
1872,0,0.493522450765317,1,1,-1.47528930404519,1,0
1873,0,0.430954867445231,1,0,-0.487531191184424,0,0
1874,0,0.108138854977127,1,1,-0.397433682712233,1,0
1875,0,1.96962288455206,1,1,0.698156645034139,1,1
1876,0,0.0730748816082875,0,0,0.771547265980027,0,1
1877,0,0.0708441261075014,1,1,-0.626271626192795,1,0
1878,0,0.570099384760568,1,1,0.596392493445427,1,1
1879,0,0.797191967846706,0,0,-0.579823010084442,0,0
1880,0,0.518484776055442,2,0,2.08829637973299,0,1
1881,0,3.50220891770269,1,0,0.956976342614794,0,1
1882,0,1.06310201606287,1,1,0.296511987265365,1,1
1883,0,0.513919100980545,1,1,-0.101080357131402,1,0
1884,0,1.47008250469304,2,1,0.484674689198929,1,1
1885,0,0.426949560062952,1,1,1.38420484849446,1,1
1886,0,0.560922124772437,1,0,0.89481059060389,0,1
1887,0,4.34150244091328,2,1,-1.0149684749893,1,0
1888,0,0.409987937865232,1,1,0.51824552044527,1,1
1889,0,0.0542159187196804,1,1,1.94762707077428,1,1
1890,0,0.0308632809420007,1,0,-1.38538338024009,0,0
1891,0,1.48694179086465,1,1,0.11918739565124,1,1
1892,0,0.048172521352443,1,0,-0.335502953212544,0,0
1893,0,0.0151478090007137,0,0,1.05023837850282,0,1
1894,0,0.133466108045039,2,1,0.48491983821407,1,1
1895,0,0.161164688567321,0,0,0.479386030440911,0,1
1896,0,0.651989870890689,1,1,0.232295225219617,1,1
1897,0,0.00232934144623356,1,1,-0.457081178151879,1,0
1898,0,2.76934574962883,1,0,-0.0320130192106221,0,0
1899,0,0.070876970725409,2,0,1.80948117838401,0,1
1900,0,1.80545484994278,2,1,-0.892751712065346,1,0
1901,0,0.698920053452069,2,1,1.16614655856576,1,1
1902,0,0.368253099494037,2,0,-1.01539002248435,0,0
1903,0,1.5692448514472,2,0,0.369465532153307,0,1
1904,0,2.70626383314774,2,0,-0.21126398635281,0,0
1905,0,0.0284335759848838,1,1,0.046004501822609,1,1
1906,0,0.0680624140222342,1,1,0.77370480444069,1,1
1907,0,0.636281555843537,1,1,-1.8382863434824,1,0
1908,0,0.029951615661882,1,1,0.554716229212898,1,1
1909,0,0.268534946565827,0,1,0.398090594584685,1,1
1910,0,0.465320428594023,1,0,0.919199189392706,0,1
1911,0,3.57854809922477,0,0,0.0115968223694734,0,1
1912,0,1.00767824667636,1,0,0.685697789789301,0,1
1913,0,0.428421341476322,2,1,0.86666527551629,1,1
1914,0,0.720837598053008,1,0,-1.49344462084062,0,0
1915,0,1.10797572038764,2,1,1.22059910035798,1,1
1916,0,0.770658059045672,0,0,0.219274662528884,0,1
1917,0,6,0,0,0.528193105744013,0,1
1918,0,0.0627271056075736,1,0,0.474498728122078,0,1
1919,0,0.885408393126056,1,0,-1.48785342813447,0,0
1920,0,0.990261267593969,1,1,0.168223790938902,1,1
1921,0,0.778725309115109,1,1,-0.121386605435819,1,0
1922,0,2.16634492688259,2,0,1.01783548468865,0,1
1923,0,1.36005393193157,1,1,0.534657244051169,1,1
1924,0,0.183432615315201,1,1,-0.299979932637346,1,0
1925,0,0.349806122990582,1,1,1.507249365165,1,1
1926,0,0.169829885182006,2,0,2.42612359047873,0,1
1927,0,1.8841509381898,1,1,0.627500170578325,1,1
1928,0,0.044721452097033,0,1,0.341361060361976,1,1
1929,0,0.743876554152878,1,1,0.187667390704509,1,1
1930,0,1.59568320194808,1,0,-1.68088508112733,0,0
1931,0,0.444328109098267,1,1,-0.448574122354402,1,0
1932,0,0.41783173185085,1,0,-0.662179985352815,0,0
1933,0,0.0544367109735807,0,0,-0.370369232687451,0,0
1934,0,0.515875829719916,1,0,-0.534650447504756,0,0
1935,0,2.57324302254701,2,0,-0.0146101232736021,0,0
1936,0,0.377748376227536,1,1,0.274459539387523,1,1
1937,0,0.284727471132357,1,1,0.53919832181107,1,1
1938,0,0.428278802779717,1,0,1.18631606735671,0,1
1939,0,0.505433074831926,1,0,1.26039300092915,0,1
1940,0,1.57981011118211,1,1,-1.07980636608621,1,0
1941,0,1.21289245928499,1,1,-0.314728181232428,1,0
1942,0,3.77997735512002,2,0,-0.221556823356898,0,0
1943,0,1.50191542252337,1,1,0.363129306918697,1,1
1944,0,0.187603746139171,1,0,-0.546306760146682,0,0
1945,0,0.0329622444837266,2,0,0.887258347636747,0,1
1946,0,0.973861282816118,1,1,0.796437287546658,1,1
1947,0,0.189235037156947,1,1,-0.535024137752764,1,0
1948,0,0.0177784918696264,2,0,-0.525580328590695,0,0
1949,0,0.876644180939577,1,1,0.604695353997747,1,1
1950,0,0.0371931151797374,0,0,-0.667827841781277,0,0
1951,0,2.01969200871681,2,0,1.09691216010058,0,1
1952,0,1.00286887581308,2,0,0.583503403849975,0,1
1953,0,0.927916145093668,1,1,-0.408011502903512,1,0
1954,0,2.93619140191853,2,1,-0.247348936081825,1,0
1955,0,1.5034346528508,1,1,-0.409948852634794,1,0
1956,0,0.56247261842888,1,1,-1.45229200130956,1,0
1957,0,0.192866300543149,0,1,1.23679672674537,1,1
1958,0,1.61647060588258,0,0,0.715900243905541,0,1
1959,0,0.114590387317189,1,1,-1.47183707376004,1,0
1960,0,0.955681806527443,2,0,-0.400958087008903,0,0
1961,0,0.0104901572128158,1,0,-1.62542477922016,0,0
1962,0,0.011184705215406,1,1,0.812293345391043,1,1
1963,0,0.948733113843758,1,1,-0.779615777062202,1,0
1964,0,0.600512300928434,0,0,1.48163670818317,0,1
1965,0,1.50419796119422,1,1,1.05231223619694,1,1
1966,0,0.155393486296968,1,0,-1.37130787780035,0,0
1967,0,0.196227161352608,1,0,1.3754139263671,0,1
1968,0,0.0657267613091577,1,1,0.0684984661610141,1,1
1969,0,0.359165752461326,2,1,-0.416729167167581,1,0
1970,0,0.732542098155951,1,1,-0.110417992531559,1,0
1971,0,0.14724302225508,2,0,0.231468204564634,0,1
1972,0,2.01032486925322,2,0,1.20223790057083,0,1
1973,0,0.484005174584678,2,1,0.664233595938973,1,1
1974,0,0.35861033265409,1,1,0.726758869466896,1,1
1975,0,0.925838542964169,1,1,0.644872662901463,1,1
1976,0,0.0316523672358884,2,1,2.58335543358837,1,1
1977,0,0.282083403634271,1,0,0.697580470315266,0,1
1978,0,1.70850476681121,2,0,0.348308619741382,0,1
1979,0,0.120838987264612,2,1,-0.0838104239110835,1,0
1980,0,1.42981819202778,1,1,0.484605921706852,1,1
1981,0,0.177916643071713,1,1,-0.702416972593195,1,0
1982,0,0.00605737938304919,2,0,1.77043440175263,0,1
1983,0,0.177120416035436,1,1,-1.26160480183263,1,0
1984,0,1.11517199628802,2,1,-0.039510122101888,1,0
1985,0,1.9815215960143,1,1,-0.964601959593765,1,0
1986,0,0.59501608500147,2,1,-0.569553586270073,1,0
1987,0,0.54052871365346,0,0,2.18782149507442,0,1
1988,0,0.16695960325685,1,0,0.0933842874623566,0,1
1989,0,0.0215760080426402,2,1,1.87335563671908,1,1
1990,0,6,0,0,0.0141481528597914,0,1
1991,0,0.473563054046864,2,0,-0.628386923260239,0,0
1992,0,0.336743946156421,1,1,-2.12745222016221,1,0
1993,0,3.61209900902013,1,1,0.540279312369833,1,1
1994,0,4.32851107489615,2,0,0.447105881167559,0,1
1995,0,1.76722586616937,2,0,0.619469344695863,0,1
1996,0,0.390487092734507,1,0,2.09900438629708,0,1
1997,0,0.238608255829247,2,0,1.12656075429633,0,1
1998,0,0.163814908539114,1,1,0.124818349500471,1,1
1999,0,0.0467580464444191,1,1,-2.36954161562541,1,0
2000,0,0.263797773196509,0,0,-0.53000919833444,0,0
2001,0,0.058823573066012,2,1,-0.015955691974692,1,0
2002,0,1.89421405777614,1,1,1.23268486860564,1,1
2003,0,0.977062865376167,1,0,0.485623589540673,0,1
2004,0,5.44570259529711,2,0,-0.374218858325161,0,0
2005,0,0.274627821388298,2,0,2.40926357467427,0,1
2006,0,1.21391362480252,1,1,1.25175286860805,1,1
2007,0,1.4872291490745,0,1,1.03907352717634,1,1
2008,0,0.109580979397879,1,0,-1.92514576867822,0,0
2009,0,1.20988184464815,0,0,0.203812598770356,0,1
2010,0,0.0528711253501657,1,1,-0.559734043222984,1,0
2011,0,1.47489418720515,2,1,-0.598058343086696,1,0
2012,0,0.123506106099297,2,0,-1.03636876331448,0,0
2013,0,1.05097188303868,0,0,1.59657653939521,0,1
2014,0,0.308666967262324,2,1,0.29557976400601,1,1
2015,0,0.0751239204945969,1,0,-0.440532503096864,0,0
2016,0,0.458326614100856,1,1,-1.17142441474812,1,0
2017,0,4.83253836785188,2,0,-0.0959938742663365,0,0
2018,0,0.413587793064052,1,1,0.466373074715543,1,1
2019,0,0.563937300845164,1,0,-1.97654070845725,0,0
2020,0,0.0876653929701401,1,1,-1.05942720407891,1,0
2021,0,0.704265231291638,1,1,-1.83366746471035,1,0
2022,0,0.732122681414088,0,0,0.673363848924407,0,1
2023,0,0.217462097766967,1,1,-0.381505445903978,1,0
2024,0,1.24721004531496,1,0,-0.00724760579958318,0,0
2025,0,0.0627515323002683,1,0,-2.47065500186415,0,0
2026,0,0.43803951851232,1,0,-0.151804943828071,0,0
2027,0,1.36133220581473,1,0,-1.2126695281292,0,0
2028,0,0.0643410584398945,1,1,0.374252263730314,1,1
2029,0,0.106464415536294,2,0,-0.0547814640151209,0,0
2030,0,0.115929831756467,2,0,0.255791962021156,0,1
2031,0,3.40865552214128,2,0,0.574793023821713,0,1
2032,0,3.46077016813705,2,0,-0.540858907709917,0,0
2033,0,0.186787498980909,1,1,0.0298825823282495,1,1
2034,0,2.11565237231634,1,1,0.0897298800010049,1,1
2035,0,0.00781604406208689,2,1,0.448684985436449,1,1
2036,0,0.66124682673653,1,0,0.102976072606558,0,1
2037,0,0.0294421258674728,1,1,0.872675544186457,1,1
2038,0,1.47862290066675,1,0,-0.111572717904179,0,0
2039,0,0.467312821528737,1,0,-0.990060727490724,0,0
2040,0,0.23548456228502,2,0,1.80182087433702,0,1
2041,0,0.108663925883984,1,0,-0.624892602230514,0,0
2042,0,0.477077552662807,0,1,1.48249754881514,1,1
2043,0,0.663636824636441,2,0,0.833359981244793,0,1
2044,0,0.738387273132292,1,1,-0.306893719664714,1,0
2045,0,0.307208109001649,1,1,-1.23054642637486,1,0
2046,0,4.20561451123138,2,0,1.11053205725585,0,1
2047,0,0.99362442890803,0,1,0.905564932628236,1,1
2048,0,0.0439162521146559,1,1,-0.73803833128485,1,0
2049,0,2.74272033908251,1,0,-0.185847604656067,0,0
2050,0,0.330075720945994,0,1,0.698495108169961,1,1
2051,0,0.516756710906824,0,1,-1.01911407844415,1,0
2052,0,0.528344462900003,2,1,0.21808995804869,1,1
2053,0,0.564086110894427,1,1,-0.708087885528374,1,0
2054,0,1.34467247345165,2,0,-0.692084289895082,0,0
2055,0,0.628961294302277,1,0,-1.05349526825518,0,0
2056,0,0.291290648575,2,0,1.59688720396368,0,1
2057,0,1.2473629899696,1,0,-0.49547841010462,0,0
2058,0,0.856412419166831,1,1,0.127503633298598,1,1
2059,0,0.543357387473806,1,0,-0.653647749115726,0,0
2060,0,1.02465148713161,1,1,-0.316298386118212,1,0
2061,0,0.640522493049502,0,1,-0.197905587437404,1,0
2062,0,0.187280489858005,0,0,-0.886109324956843,0,0
2063,0,0.536961235899549,1,0,-0.940097706631898,0,0
2064,0,1.72373920500483,2,0,-0.10337478363351,0,0
2065,0,2.97795782797039,0,1,0.441120751998481,1,1
2066,0,0.0882654098960019,2,1,1.45413154812903,1,1
2067,0,0.576945059036669,2,0,1.08873686455801,0,1
2068,0,0.988461617776501,1,0,-0.46831418382769,0,0
2069,0,0.00411482692817517,2,0,1.75986439965967,0,1
2070,0,0.295737026082607,1,0,-0.652770258989216,0,0
2071,0,2.21873006624168,1,1,0.42102594496046,1,1
2072,0,0.655288049930544,2,1,0.601787925962541,1,1
2073,0,0.391837922676455,2,0,1.55736816534494,0,1
2074,0,0.0255359313309523,1,1,0.295757763718367,1,1
2075,0,0.584052009337329,1,1,0.865108330815927,1,1
2076,0,2.71271160776084,2,0,-0.757763885772443,0,0
2077,0,0.77246034424829,1,1,-1.61700661044707,1,0
2078,0,0.57349685055619,2,0,1.27271762955439,0,1
2079,0,0.850334644673348,1,0,0.520558211512793,0,1
2080,0,0.191928516316013,2,0,2.18176387323466,0,1
2081,0,2.76749073195911,2,0,-0.794496793990388,0,0
2082,0,0.216357718587289,1,0,-0.883304801276812,0,0
2083,0,0.0948385768571043,2,0,2.86064215959102,0,1
2084,0,0.155492044739846,1,0,-0.505980966319231,0,0
2085,0,0.885431158360358,2,1,1.61943173668191,1,1
2086,0,0.0245206354044606,2,1,1.95485295950958,1,1
2087,0,0.280517077935928,1,1,-0.186681691643043,1,0
2088,0,0.56266939295721,1,0,-1.75952721444947,0,0
2089,0,1.14095851316798,1,0,-0.202973360677068,0,0
2090,0,1.09619346161497,2,1,0.0544286064474975,1,1
2091,0,1.46490890482302,1,0,-0.775787856820802,0,0
2092,0,1.22773263846346,1,0,-0.654628710990119,0,0
2093,0,0.120944951504297,2,0,0.185520898391908,0,1
2094,0,0.249184394876162,0,1,-2.85660360090325,1,0
2095,0,0.925131793739558,1,1,-1.49263351857137,1,0
2096,0,0.144360853282402,0,1,-0.747232845420759,1,0
2097,0,0.616404915758075,1,1,-0.407324615908792,1,0
2098,0,0.187668921340163,2,1,0.2212726148273,1,1
2099,0,0.0837440762826352,1,1,-1.27464752969285,1,0
2100,0,1.73355247378922,1,1,-1.05840617939821,1,0
2101,0,0.327132877151931,2,0,1.00995331262567,0,1
2102,0,0.917648732041319,0,0,-0.211830997598251,0,0
2103,0,0.82346337763245,1,1,-1.6729523320497,1,0
2104,0,0.566235750028814,1,0,-0.357941126507963,0,0
2105,0,0.077628244021114,1,1,-0.783499330986775,1,0
2106,0,0.916074475930021,1,1,-1.18965521809497,1,0
2107,0,3.57002690284837,2,0,-0.279472743293534,0,0
2108,0,0.4246650946637,0,1,-0.0834836786570275,1,0
2109,0,3.36485321490126,1,1,-0.281588382732383,1,0
2110,0,2.63422674333758,2,1,0.615610479893042,1,1
2111,0,2.52805069767483,2,1,-0.255594112301796,1,0
2112,0,1.45026843423746,2,0,-0.0433666011396836,0,0
2113,0,0.00863763626526339,2,1,1.11598254653866,1,1
2114,0,0.210032204763696,1,1,-0.725069362200883,1,0
2115,0,0.133264712309615,1,1,-0.061929125164732,1,0
2116,0,0.300497764865714,0,0,0.801247718207554,0,1
2117,0,2.32282860291786,1,0,-1.10791961578792,0,0
2118,0,0.421079229563475,0,0,2.13484722723055,0,1
2119,0,0.478696131755427,2,1,0.95352576238678,1,1
2120,0,0.0416276324540377,0,1,-1.33331709982956,1,0
2121,0,0.416577100120975,2,1,0.926254664263986,1,1
2122,0,0.837027353327707,1,1,-1.46344119690172,1,0
2123,0,0.359390605245786,1,1,0.976716747467036,1,1
2124,0,0.248175148676446,1,1,-0.22271671261318,1,0
2125,0,0.227187745364633,1,1,-0.300203308610951,1,0
2126,0,2.02757051874039,1,0,0.462966340149194,0,1
2127,0,0.26118260492863,1,1,-0.611054449955049,1,0
2128,0,2.25573956655959,0,0,0.273350260551608,0,1
2129,0,0.00961198688874694,2,0,0.961445568035075,0,1
2130,0,1.09654417111789,2,0,1.94390689867139,0,1
2131,0,0.965398428961635,0,1,0.898695046072752,1,1
2132,0,0.768274296794569,1,1,-0.255571500188482,1,0
2133,0,0.630792132908035,1,1,-0.640348095468698,1,0
2134,0,0.726628811743921,2,0,-0.185474562774106,0,0
2135,0,1.14120978762068,1,0,-1.14657117230216,0,0
2136,0,0.32579270061614,1,1,-1.26123236218309,1,0
2137,0,0.488067774107552,1,1,0.623913278080858,1,1
2138,0,0.563572799358374,1,0,-1.05170325323376,0,0
2139,0,3.73130660701736,1,0,0.303313210816259,0,1
2140,0,0.058464022136106,1,0,-0.565141494462261,0,0
2141,0,1.03088354425259,1,0,0.628848312870682,0,1
2142,0,0.264982748622828,1,0,-0.769013793304356,0,0
2143,0,0.0152650608050467,1,0,-0.508717722378687,0,0
2144,0,0.163198320294309,2,0,0.737297317256781,0,1
2145,0,2.30245154499557,0,1,1.86233100476821,1,1
2146,0,0.621001748653264,1,1,-0.908795628202306,1,0
2147,0,0.152185074888352,1,1,-2.32827439810265,1,0
2148,0,3.28662811480723,1,0,-0.452774144171184,0,0
2149,0,0.72358163084717,1,1,-0.074424468864277,1,0
2150,0,0.346554130207229,1,1,-0.637272303109444,1,0
2151,0,0.0637934568496665,2,1,2.1259165741836,1,1
2152,0,1.10768551948594,1,1,-1.37336315021028,1,0
2153,0,0.379176155701338,1,1,-1.25987050592831,1,0
2154,0,0.390160460116006,2,0,1.34606233430017,0,1
2155,0,0.573692104198412,2,1,0.276640867648446,1,1
2156,0,1.85324434318708,1,0,-0.952690369475118,0,0
2157,0,0.191814363319102,1,1,-0.146625734656784,1,0
2158,0,0.740749019728652,2,0,1.06522494831815,0,1
2159,0,0.329335456677332,1,1,1.64976772290637,1,1
2160,0,1.29417227728744,2,1,0.629106202012317,1,1
2161,0,0.654024481790592,1,1,-1.26454718093947,1,0
2162,0,0.400822688823716,2,1,0.0481223945732353,1,1
2163,0,0.165033712408106,1,1,0.814253382756347,1,1
2164,0,2.74932534550006,2,0,0.112072366815972,0,1
2165,0,0.0911808433906323,2,0,0.635530779933776,0,1
2166,0,0.511126453592624,2,1,-0.909624190425293,1,0
2167,0,0.168778235403555,2,1,1.85391395752435,1,1
2168,0,0.09709704057037,2,1,1.80709393230459,1,1
2169,0,0.405117967201191,1,1,-1.4985838868423,1,0
2170,0,2.14290102417018,1,0,0.842545746724052,0,1
2171,0,0.268607981106797,1,1,-1.14265736976114,1,0
2172,0,0.373961101165144,1,0,-0.670326738311067,0,0
2173,0,0.424176659505328,1,0,-0.857235193155852,0,0
2174,0,1.30532983618777,2,0,1.09686088445394,0,1
2175,0,1.62470604376188,1,0,-0.0451368005742096,0,0
2176,0,0.440824183945855,0,1,0.942416338554326,1,1
2177,0,1.3510189223611,2,0,0.948340274987099,0,1
2178,0,2.80196578247734,2,0,0.192779580881597,0,1
2179,0,0.0252326665093391,2,0,1.44151645846573,0,1
2180,0,0.174854292223851,0,0,-0.0939070976084872,0,0
2181,0,0.00672992000600285,1,0,0.636159105406899,0,1
2182,0,0.523860503210595,2,1,0.613363792409679,1,1
2183,0,0.396161028717616,1,1,-0.94601225359762,1,0
2184,0,0.135980402684836,2,0,0.83189899469077,0,1
2185,0,0.361572061683882,1,1,-1.09793982963928,1,0
2186,0,0.999625288460209,2,0,0.580160653013139,0,1
2187,0,0.402085731562041,1,1,-0.625318522941015,1,0
2188,0,5.43257811355926,2,0,0.506919251470332,0,1
2189,0,0.352590676006551,1,1,-0.311867934696032,1,0
2190,0,1.06415566245793,1,1,-0.157675997225437,1,0
2191,0,0.0738045106136173,1,1,0.887518823337324,1,1
2192,0,0.364897404289365,2,1,0.719643004988453,1,1
2193,0,1.28948288512548,1,0,-0.657533113526659,0,0
2194,0,0.839408790487475,1,0,-0.174148365258391,0,0
2195,0,1.71917372407703,1,1,1.06789560936678,1,1
2196,0,6,0,0,-1.21453276341948,0,0
2197,0,0.20172269487301,1,1,0.404115953621789,1,1
2198,0,0.604048812967171,1,1,-1.74509271528629,1,0
2199,0,1.0648417721192,0,0,1.08496298901146,0,1
2200,0,0.127010418415447,1,1,0.262045061983524,1,1
2201,0,1.85711025927955,1,1,1.01324704081036,1,1
2202,0,0.476068605539523,1,0,0.306637223109706,0,1
2203,0,1.21346100337927,1,0,-1.77222206537977,0,0
2204,0,0.199995747547055,1,1,-0.0659500207040877,1,0
2205,0,0.885923284246002,2,0,0.035475882131934,0,1
2206,0,0.940743576192322,1,1,0.219167298963212,1,1
2207,0,6,0,0,-1.33580891004923,0,0
2208,0,0.0804522299063912,1,0,-1.0184404010411,0,0
2209,0,1.9577712473888,1,0,0.477701813836165,0,1
2210,0,0.516739420907276,1,1,-1.50116022298062,1,0
2211,0,0.0662684824311941,2,1,-0.590111778375922,1,0
2212,0,3.68773391755044,2,1,0.516465975405303,1,1
2213,0,0.233225767958835,1,0,0.212679722393981,0,1
2214,0,0.551900415179926,2,0,1.34279483836422,0,1
2215,0,1.51473379362659,1,0,-1.01160138639939,0,0
2216,0,2.96589652889542,2,1,0.210028834769111,1,1
2217,0,0.193435346084708,1,0,-1.93747407041658,0,0
2218,0,0.967153294437461,1,1,0.337295237645231,1,1
2219,0,0.619060324396134,0,0,1.03797979306861,0,1
2220,0,0.0902555317232558,1,1,0.449695476730927,1,1
2221,0,0.525334003520751,1,0,-0.368878361595985,0,0
2222,0,0.90256800852124,0,0,-1.14296371120298,0,0
2223,0,0.279934957646969,2,1,-0.00374498045422529,1,0
2224,0,0.376928952821915,2,0,1.17421224914926,0,1
2225,0,0.908378238479296,0,0,-0.159552727803539,0,0
2226,0,0.517447464309827,1,1,-1.52971751402279,1,0
2227,0,0.155508630401646,1,0,-0.923937713468178,0,0
2228,0,0.222194350860182,1,0,-0.0362224870865932,0,0
2229,0,0.308273844488529,2,1,0.444827251553951,1,1
2230,0,1.61305379113698,1,1,-0.126778632821779,1,0
2231,0,0.541599467034431,1,0,-0.54982431566257,0,0
2232,0,0.268983344340935,1,1,0.23033264432764,1,1
2233,0,0.0371056360503038,0,0,1.01266780722521,0,1
2234,0,0.0306288677551691,1,0,-1.23132090370548,0,0
2235,0,0.68008956058012,2,1,-0.386485124580131,1,0
2236,0,0.39645664699261,1,0,1.00502231486361,0,1
2237,0,0.914942503833646,2,0,-0.23235526240339,0,0
2238,0,0.83939849898293,1,1,1.00029547364399,1,1
2239,0,0.560912931672023,1,0,0.475181517530716,0,1
2240,0,0.79283369216317,1,1,-0.469502880494518,1,0
2241,0,0.0749272314574417,1,1,-1.75330260437412,1,0
2242,0,0.90488980234838,1,1,0.741517195556495,1,1
2243,0,0.0760953550316098,1,1,-0.390254407625925,1,0
2244,0,0.189198303363483,2,0,0.951815584359219,0,1
2245,0,0.509919136843265,2,1,1.19418084389363,1,1
2246,0,0.799374269398637,1,0,-1.92418879461068,0,0
2247,0,0.720836347512616,1,1,-0.238300054444708,1,0
2248,0,0.069638679924743,1,1,-1.10671584722642,1,0
2249,0,0.22702397008749,2,0,0.776444312805602,0,1
2250,0,1.15517707203185,1,1,0.135423069277637,1,1
2251,0,0.755368446971648,2,0,-0.671248378478483,0,0
2252,0,0.0197925439617727,1,1,-1.64195542006793,1,0
2253,0,0.0647005469041738,1,1,0.611654003758915,1,1
2254,0,0.909481164147433,1,0,-0.500028115104836,0,0
2255,0,0.370443853009934,1,1,0.200831961984139,1,1
2256,0,0.829699974641182,0,1,-0.130745337929242,1,0
2257,0,0.0933999657695662,2,1,0.0832180838915152,1,1
2258,0,1.29281261857874,2,0,-0.00324165322233633,0,0
2259,0,0.0132036529829095,1,1,0.665056540313864,1,1
2260,0,1.26174454803818,2,0,1.43431204782568,0,1
2261,0,1.89478226681717,2,0,0.509770278095689,0,1
2262,0,0.128882058446325,2,0,0.956739518384308,0,1
2263,0,0.555580361165762,1,0,1.82672232338179,0,1
2264,0,1.18326446150853,1,0,0.608266071005823,0,1
2265,0,0.684365266691833,2,0,1.07119666020178,0,1
2266,0,0.105246675251937,1,0,0.331473755770754,0,1
2267,0,0.319315814576762,1,1,-0.4012499761146,1,0
2268,0,0.0496737806547627,1,0,-1.25696891886546,0,0
2269,0,1.70067581252976,1,1,-0.855649688046238,1,0
2270,0,0.320515747437918,1,0,-1.48658402712403,0,0
2271,0,4.29591866879177,2,0,-0.520429943111442,0,0
2272,0,0.698039860963602,1,0,-0.21628645277752,0,0
2273,0,0.0798663206608752,1,1,0.799103185720268,1,1
2274,0,0.535993242091594,1,1,-1.00101502762587,1,0
2275,0,0.612837423798095,0,1,-1.69580396821759,1,0
2276,0,1.52485819781339,2,0,0.207324037856183,0,1
2277,0,0.43575002905404,2,0,0.218308495313185,0,1
2278,0,0.136844419247837,1,1,-0.483922109024725,1,0
2279,0,2.98948260645072,0,0,0.457149588611247,0,1
2280,0,0.0565180232080631,2,1,-0.468896616825564,1,0
2281,0,0.389596502209719,1,1,1.19823246546637,1,1
2282,0,1.11394243004421,0,1,0.322517096126258,1,1
2283,0,0.0363891082221963,1,1,-0.135378495933511,1,0
2284,0,0.215168378332903,2,0,0.263072634337219,0,1
2285,0,1.75730904317681,1,0,0.92416924306786,0,1
2286,0,0.485989842839585,0,1,1.8900470049549,1,1
2287,0,1.08462947359169,1,1,1.46971921353215,1,1
2288,0,3.12795347522901,2,0,0.681672715515208,0,1
2289,0,1.16862120216415,2,0,0.347842345062516,0,1
2290,0,1.13827132619917,0,1,-0.154846054890107,1,0
2291,0,0.27475245066698,1,1,-1.58577462876299,1,0
2292,0,0.129690012849053,2,1,2.25358146259542,1,1
2293,0,1.14083682732852,1,1,0.628103340502305,1,1
2294,0,0.113925300976755,1,1,-0.412281921509473,1,0
2295,0,0.702716479217388,1,1,-0.74540277105894,1,0
2296,0,1.76178671157915,1,1,0.23581610094355,1,1
2297,0,0.659312755002886,2,0,0.491217398947123,0,1
2298,0,1.32309628418168,2,1,2.07076517376887,1,1
2299,0,0.421249481572442,1,0,-0.174839240059098,0,0
2300,0,0.866612901130809,2,1,-0.206693200007695,1,0
2301,0,1.82500476032447,2,0,-0.318322933706415,0,0
2302,0,0.335302598863514,1,1,-0.00671529808508035,1,0
2303,0,0.845105812448475,2,0,1.25262435780807,0,1
2304,0,0.898520229437122,2,0,-0.534034736329045,0,0
2305,0,0.633728733907143,0,0,0.457621520082402,0,1
2306,0,1.66435093340345,2,0,-0.660251497890612,0,0
2307,0,1.59040638056959,2,1,-0.0120515548389428,1,0
2308,0,1.23439988706652,2,0,-0.156145904665534,0,0
2309,0,0.129165288187487,1,1,-0.37775686832367,1,0
2310,0,0.400995919066154,2,1,1.44385256404333,1,1
2311,0,1.68561665508798,2,0,1.14460692108461,0,1
2312,0,0.158364054425953,1,1,0.359595320101145,1,1
2313,0,4.88972629202268,2,1,-0.816411676762961,1,0
2314,0,0.264025138803173,2,0,-0.915068498006973,0,0
2315,0,0.245150958309254,1,1,-0.862995612734442,1,0
2316,0,0.967673783210434,1,1,1.26833763617933,1,1
2317,0,0.912708395471122,2,1,0.462665070440443,1,1
2318,0,1.02805905777515,2,0,0.716124093909615,0,1
2319,0,0.115641402413514,1,1,0.34432192820204,1,1
2320,0,1.95512273574919,2,0,-0.952376594168293,0,0
2321,0,1.73007256056355,2,0,1.25900187570637,0,1
2322,0,0.36101558890382,1,1,-0.603057312592614,1,0
2323,0,1.55371349589203,1,1,-0.0706612032966498,1,0
2324,0,0.475650885678641,2,1,-0.722616219090968,1,0
2325,0,1.23889300514535,2,1,1.85002302975142,1,1
2326,0,1.59679736203228,1,0,0.708729426995383,0,1
2327,0,0.108341449422849,1,0,1.93715431887304,0,1
2328,0,0.85176616293827,1,1,-0.297655731323182,1,0
2329,0,0.729867028759159,1,1,-1.64088321080049,1,0
2330,0,0.041789860569693,1,1,-1.6714139087642,1,0
2331,0,0.190635698247314,1,1,-0.17913299196288,1,0
2332,0,0.783791429512588,1,1,-2.50296954604622,1,0
2333,0,0.0299051353677072,1,1,-0.393181121667349,1,0
2334,0,0.129685365341955,1,1,0.215773995831274,1,1
2335,0,0.0338741425480594,1,1,-0.416458125999069,1,0
2336,0,1.44976325531195,1,0,-2.2125599554813,0,0
2337,0,0.432820102820794,0,0,-0.331376775130405,0,0
2338,0,0.273645153890053,0,1,-0.746725501705694,1,0
2339,0,2.3328514697563,2,0,-0.70390861809747,0,0
2340,0,0.0989014985917604,1,1,-2.3580613533948,1,0
2341,0,0.0240445633729299,0,0,1.12890976030792,0,1
2342,0,0.313270234159634,1,1,-1.8772691362333,1,0
2343,0,0.0765785362088053,1,1,-1.78561669595888,1,0
2344,0,2.19068311447556,1,1,0.783868716952205,1,1
2345,0,3.55508211744458,2,0,-0.458340544361681,0,0
2346,0,0.382099464949246,1,0,-0.397197618102889,0,0
2347,0,1.06579076617521,2,0,1.75226100562537,0,1
2348,0,0.835949511887593,1,1,-2.31283996394778,1,0
2349,0,1.17077769090732,0,1,-0.645004631687819,1,0
2350,0,1.30986579785491,1,1,-0.77991118578516,1,0
2351,0,0.0501175363179187,1,1,-1.18424109041862,1,0
2352,0,0.0948107704367046,0,0,1.4468926330408,0,1
2353,0,0.359656254743492,1,1,-0.541030123539925,1,0
2354,0,5.2797762698325,0,0,-0.18777590592929,0,0
2355,0,0.363767800413851,1,1,0.371235347194822,1,1
2356,0,0.305554414399382,1,0,-1.54557667497036,0,0
2357,0,0.533410976790065,1,1,-0.511451968856725,1,0
2358,0,0.752433950601541,2,1,-0.412229180105285,1,0
2359,0,0.771645872579414,1,0,0.0991547387809982,0,1
2360,0,1.31688497481083,1,1,-0.500716371959674,1,0
2361,0,0.818946091218858,1,1,1.38386813628041,1,1
2362,0,0.252384306862088,2,0,1.11161022909036,0,1
2363,0,0.366539180377783,0,1,0.0554282084207608,1,1
2364,0,0.285239497972638,0,1,2.0162457921412,1,1
2365,0,0.141975673136587,2,1,-0.91334098212715,1,0
2366,0,0.0518295264649062,1,1,-0.0469716003092853,1,0
2367,0,0.048313144458808,2,0,-1.63631338776635,0,0
2368,0,0.0119042202857703,2,1,1.18053295695952,1,1
2369,0,0.0186962482670008,2,1,0.572161994684834,1,1
2370,0,0.848818163619896,1,0,-0.6217003026329,0,0
2371,0,0.566001674171847,1,0,-0.39680913454,0,0
2372,0,0.462776838394663,1,0,0.597493979526378,0,1
2373,0,1.93792770993633,1,1,-1.07738868743753,1,0
2374,0,0.858223755409253,1,0,0.397002624272301,0,1
2375,0,0.754935351826033,1,0,1.03589791929054,0,1
2376,0,0.635701629876626,1,1,-1.43227143680833,1,0
2377,0,0.409630209995586,1,1,-0.00616488795033976,1,0
2378,0,0.0784378622532066,2,1,1.59562475824781,1,1
2379,0,1.82353591309244,2,1,1.43925438201838,1,1
2380,0,2.50859717861741,1,0,1.01768385800555,0,1
2381,0,0.910697207975903,1,1,-0.809413048063929,1,0
2382,0,0.843227512208209,1,0,0.589317193579822,0,1
2383,0,1.13375400762491,1,1,0.267475778329633,1,1
2384,0,2.24485366063653,2,1,0.386446876208451,1,1
2385,0,0.153643495948075,2,0,0.780351950942899,0,1
2386,0,0.304589658418531,2,1,0.431882622803943,1,1
2387,0,1.35165178345732,1,1,-2.06256463939493,1,0
2388,0,1.32294237771789,1,1,1.03196063092257,1,1
2389,0,0.52715748587859,1,0,-0.0367871849277924,0,0
2390,0,2.31861924559737,1,1,-0.382620471693612,1,0
2391,0,0.670297714199499,1,1,-0.677751610394826,1,0
2392,0,4.45414320659837,1,0,0.378285729986669,0,1
2393,0,0.652030415307788,2,1,-0.255978308219441,1,0
2394,0,0.294082928406105,1,0,0.0367919843048186,0,1
2395,0,0.150591454779108,0,1,-0.583259911022059,1,0
2396,0,1.49993185547594,1,0,-0.858436880025314,0,0
2397,0,0.0113595691481898,1,0,-1.09538372584963,0,0
2398,0,0.929592378849565,1,1,-0.0661709244119787,1,0
2399,0,1.62690837762008,1,0,-0.239544533726995,0,0
2400,0,0.515886899555309,2,0,-1.14389499026376,0,0
2401,0,2.34162679378168,2,1,0.281236099965415,1,1
2402,0,2.48082015161662,1,0,0.737784510529336,0,1
2403,0,0.702116739019921,2,0,1.25093140738016,0,1
2404,0,0.0977109299438857,2,1,1.70809134949366,1,1
2405,0,0.206772904572606,1,1,-0.538110001023655,1,0
2406,0,3.59278238657048,2,0,-0.696348739722502,0,0
2407,0,1.34198542565661,1,1,1.70647071826164,1,1
2408,0,1.40307521550884,2,1,0.590264607815894,1,1
2409,0,0.565769984918662,1,1,-0.933673029041452,1,0
2410,0,1.67254524305463,0,1,2.22328053544513,1,1
2411,0,0.821898707578029,1,1,1.37561925115638,1,1
2412,0,0.0454616360366344,0,1,-0.442977354204782,1,0
2413,0,0.286526880784851,1,1,-0.386694896385471,1,0
2414,0,0.218488904639829,2,0,1.38659861039648,0,1
2415,0,0.65928493005534,0,0,0.415146657710516,0,1
2416,0,1.19203797225947,1,1,0.0296300069399443,1,1
2417,0,0.376489288275488,1,1,0.333220166229507,1,1
2418,0,1.23645902923279,2,0,-0.505445749242542,0,0
2419,0,0.0275816969794216,2,0,3.33078290862503,0,1
2420,0,0.0469878463495038,2,0,0.071854228651445,0,1
2421,0,1.72651663900286,1,1,1.30051859597083,1,1
2422,0,0.093850310270985,0,0,-0.28846438355994,0,0
2423,0,0.0462168896513568,2,1,0.854400610518082,1,1
2424,0,0.956596682872221,1,0,-0.03944058653627,0,0
2425,0,0.366479506293561,2,0,-0.622542554536851,0,0
2426,0,0.18883922425853,2,1,0.187299668952256,1,1
2427,0,0.830318597338986,1,0,-0.611849497793435,0,0
2428,0,0.0775586222751293,1,1,1.88649993156048,1,1
2429,0,0.331243723370416,1,0,-0.922357377114903,0,0
2430,0,1.0900913284022,1,1,1.33571456171506,1,1
2431,0,0.685838075567008,1,0,0.318667929257781,0,1
2432,0,3.40826158722242,0,0,0.275190691116307,0,1
2433,0,1.51689995932226,1,1,-0.603618781860425,1,0
2434,0,0.307176721415014,1,1,-0.772002864999187,1,0
2435,0,2.52629862132482,1,1,0.155636191701246,1,1
2436,0,0.20823567968078,1,1,-0.426486714237535,1,0
2437,0,0.267735047003707,1,0,-0.0553023366748099,0,0
2438,0,0.0276275351084964,1,0,1.62813001627878,0,1
2439,0,1.07957817695995,2,0,-0.13113114140314,0,0
2440,0,1.14834888448368,1,0,0.365105799810297,0,1
2441,0,0.505897420514699,1,0,-0.0728482991215994,0,0
2442,0,1.72857166533927,2,0,1.05318482892817,0,1
2443,0,6,0,0,-1.40060915169712,0,0
2444,0,0.000799685653014203,1,0,0.193532978126732,0,1
2445,0,0.23880896161882,0,0,1.91382847971953,0,1
2446,0,1.21927114062858,2,0,-1.17790518052462,0,0
2447,0,1.203253940744,0,0,0.014503543409704,0,1
2448,0,0.0771539938827519,1,0,-0.284475315736832,0,0
2449,0,0.588991590883546,2,1,2.04934188862446,1,1
2450,0,0.641558027515809,0,1,-1.16270262801893,1,0
2451,0,0.40045140446728,1,0,-0.675099353337646,0,0
2452,0,0.0714748942449518,1,1,0.536988139859616,1,1
2453,0,1.01911438859932,2,1,1.33265543431713,1,1
2454,0,0.274925935468834,1,0,-1.6248311206481,0,0
2455,0,0.81368556251606,1,1,-0.437010964173683,1,0
2456,0,0.356416542913207,1,1,-1.05586735858837,1,0
2457,0,0.350732544006305,2,1,-0.588927558683763,1,0
2458,0,0.866636599027174,1,0,-1.08295130522153,0,0
2459,0,0.078309452337681,1,1,-0.017080119321266,1,0
2460,0,0.220489455885144,0,0,-0.91541587339522,0,0
2461,0,0.280979779959915,1,1,-1.30557745756372,1,0
2462,0,0.0394677511958383,1,1,-1.76616771928229,1,0
2463,0,0.385381634340561,2,0,1.6145239832293,0,1
2464,0,0.708989048625691,1,0,-1.25905478719802,0,0
2465,0,0.227125202414342,1,0,-0.0446542334819449,0,0
2466,0,0.379508773443771,2,0,-1.10633382356156,0,0
2467,0,1.77782380438457,2,0,-1.09625201040969,0,0
2468,0,0.975689645856619,0,1,0.667683319734741,1,1
2469,0,0.520609409877832,2,0,-0.227574961552913,0,0
2470,0,0.523294809645636,2,0,0.517802977231542,0,1
2471,0,0.69388951717128,2,1,-0.510820019600877,1,0
2472,0,0.663184369009892,2,1,2.48376003132576,1,1
2473,0,0.551956403265665,0,1,-1.42563802692154,1,0
2474,0,0.806572827896645,2,0,-0.690568103378422,0,0
2475,0,1.25566233041483,0,0,-0.016156459418923,0,0
2476,0,1.01395470414147,1,0,0.103227991405524,0,1
2477,0,1.35135147419795,2,1,-0.557969762525569,1,0
2478,0,1.55048485486521,2,0,0.813733573909589,0,1
2479,0,0.234067291228297,1,1,-1.42330731318469,1,0
2480,0,0.519494687517484,0,1,1.09964293490694,1,1
2481,0,0.115811742990234,2,0,0.448769233102515,0,1
2482,0,0.265205018723569,2,1,0.160996070502125,1,1
2483,0,1.65553530487541,2,0,0.904978111986652,0,1
2484,0,1.20657201545934,0,0,-1.34157361475122,0,0
2485,0,1.27539963454101,1,0,-0.214642286387646,0,0
2486,0,0.498090397867321,1,1,-0.520323769149466,1,0
2487,0,0.352268144595575,1,1,0.0484496036592903,1,1
2488,0,0.786768596703096,0,1,-0.524579280353948,1,0
2489,0,1.46034820790933,1,1,-0.870941527170889,1,0
2490,0,0.236450815687863,1,1,0.609032755698202,1,1
2491,0,0.176010254325555,2,0,-0.240235202282592,0,0
2492,0,0.492010820148624,2,0,1.17410316877363,0,1
2493,0,2.14316301920938,1,0,-0.195893541980734,0,0
2494,0,1.45804468134849,2,0,0.606248205099774,0,1
2495,0,0.530393105272924,1,1,-0.436815363029346,1,0
2496,0,0.234677698260565,1,0,-0.13805487291823,0,0
2497,0,0.305692983702855,2,1,1.63819660110933,1,1
2498,0,0.0130360634007168,1,1,-1.51986639540578,1,0
2499,0,1.21317009435563,1,0,-0.163644808900517,0,0
2500,0,1.30709168305093,1,1,1.5753948072214,1,1
2501,0,0.261985902841031,2,1,-0.71862512837723,1,0
2502,0,0.575870459869466,1,0,0.320702502327104,0,1
2503,0,0.201467711729851,2,1,-0.129154669725354,1,0
2504,0,2.60246660780913,2,0,0.614309259135601,0,1
2505,0,0.140999814044317,1,0,-0.94079543718442,0,0
2506,0,0.984884922703107,0,0,-0.927307198781474,0,0
2507,0,4.29468058670561,0,1,-0.980971212177416,1,0
2508,0,1.08173325961384,1,0,0.835049115332286,0,1
2509,0,0.443032856306693,1,0,0.330762622274578,0,1
2510,0,4.93817758854879,2,0,-0.877234112082464,0,0
2511,0,1.57733816512503,1,1,-1.68109593633428,1,0
2512,0,0.579716258090548,1,1,-0.993280155154043,1,0
2513,0,1.5256412151513,2,0,1.66808963002022,0,1
2514,0,0.365071248681484,1,0,-0.657156922551667,0,0
2515,0,0.581828190290544,2,1,-0.44424731899877,1,0
2516,0,0.131284509005667,1,0,-0.370386194622496,0,0
2517,0,0.423615186291573,2,0,0.0955966652924669,0,1
2518,0,0.103714032034473,2,1,1.83087533857936,1,1
2519,0,1.24402723887099,2,0,0.954388004226264,0,1
2520,0,0.666895554671292,1,0,0.347892696201641,0,1
2521,0,1.06743856033082,1,1,-0.582669915294675,1,0
2522,0,0.0809705152349941,2,0,2.16875735960266,0,1
2523,0,0.135293158716593,2,0,0.473600331248774,0,1
2524,0,1.77348278396217,1,1,-1.26764594028817,1,0
2525,0,2.3545724848529,0,1,0.127870793249802,1,1
2526,0,1.39756343524894,1,1,0.878803715094985,1,1
2527,0,1.74249563987056,0,0,1.08355625338724,0,1
2528,0,0.494490616644422,0,0,2.29105461509551,0,1
2529,0,1.46186484807619,1,0,-0.0406791226819518,0,0
2530,0,2.48443479559255,2,0,0.507542955602373,0,1
2531,0,0.273793052133647,1,1,-1.17082167687493,1,0
2532,0,2.95460277468357,1,0,0.27721279791126,0,1
2533,0,1.26165830183603,1,1,0.966793658698727,1,1
2534,0,1.54115059291528,2,1,0.82018745148458,1,1
2535,0,3.69411150736248,1,1,-0.790027316820156,1,0
2536,0,0.496283831785608,1,0,-0.525514353084722,0,0
2537,0,1.03540487772306,2,1,-0.423340466479743,1,0
2538,0,0.924043585046017,1,1,-0.192946526817477,1,0
2539,0,0.504096945594105,1,1,-0.673085496421563,1,0
2540,0,0.869684203821396,2,1,0.703349808299615,1,1
2541,0,0.0343499998216225,2,0,0.965451133586481,0,1
2542,0,0.406805260816114,2,1,0.758396550639004,1,1
2543,0,0.783614735062512,2,1,-0.289079051740746,1,0
2544,0,0.123987203687991,1,1,-0.28161916450835,1,0
2545,0,1.29949200445567,1,0,0.451902307650907,0,1
2546,0,0.0375721618266249,2,0,1.90586338477878,0,1
2547,0,0.503578404697698,2,0,0.0321802216519371,0,1
2548,0,1.6135005203615,1,1,-0.569699527606973,1,0
2549,0,2.72213217661522,2,0,-0.37241765138424,0,0
2550,0,5.60627157845385,2,0,-0.0700859780246718,0,0
2551,0,1.45811236769391,2,1,0.011283014887823,1,1
2552,0,2.32466596799592,0,0,-0.907400708417516,0,0
2553,0,0.0861484986629665,2,1,2.28173566262684,1,1
2554,0,6,0,0,-1.74915528586941,0,0
2555,0,0.00128202779324877,1,0,0.475013710734403,0,1
2556,0,0.641466803769132,1,1,0.0839079169606183,1,1
2557,0,1.99840591560441,2,1,0.20146535898917,1,1
2558,0,0.765957838545243,0,1,-1.0302318764897,1,0
2559,0,0.249113420767442,1,0,-0.233054863146162,0,0
2560,0,0.889390000807487,2,1,0.914355772648001,1,1
2561,0,1.03919461369514,0,1,-0.880953928686652,1,0
2562,0,1.27772132785896,2,0,0.0281227449322379,0,1
2563,0,2.1301403548951,2,0,0.455804591978932,0,1
2564,0,1.53329755193978,1,0,1.85781781025991,0,1
2565,0,0.732162263740557,2,0,1.72857924344484,0,1
2566,0,1.6015516629528,1,1,1.26777584522856,1,1
2567,0,1.53325863432426,1,1,-0.98141361891508,1,0
2568,0,0.0254523381590843,0,1,-0.462079881823582,1,0
2569,0,0.19760262487655,1,0,-1.03079540610564,0,0
2570,0,0.535174215021224,1,0,-0.400123391610378,0,0
2571,0,0.220588009244659,2,0,0.661136717627341,0,1
2572,0,2.65723793987192,1,1,-1.70659920973068,1,0
2573,0,0.544993808478629,1,1,0.162786810561029,1,1
2574,0,0.275664602944775,1,0,-1.18004920845661,0,0
2575,0,0.752747679750125,0,1,0.40208523844354,1,1
2576,0,0.185738342857411,1,1,-2.14880465516368,1,0
2577,0,0.780635290835786,2,0,1.81111759118181,0,1
2578,0,0.858193577759464,2,1,1.46164595802705,1,1
2579,0,1.57747480719826,0,1,0.726125178579953,1,1
2580,0,0.0538208313920124,1,1,-0.079892365618555,1,0
2581,0,0.217017923509385,1,1,0.703422783539403,1,1
2582,0,1.03363724601108,2,0,0.467604581840295,0,1
2583,0,0.0575705550061932,1,1,0.102294135173951,1,1
2584,0,4.59026198739288,2,0,-0.943161697120062,0,0
2585,0,0.0536603728267881,1,0,1.02993303367595,0,1
2586,0,0.539859899882678,1,1,1.4118021034077,1,1
2587,0,2.72017905356625,1,0,0.504085139949785,0,1
2588,0,0.155554057839426,2,1,1.44729695735012,1,1
2589,0,0.0317500748324858,1,1,-2.23809770198881,1,0
2590,0,2.07733400712247,1,0,-0.888275382493856,0,0
2591,0,0.802599074354031,1,1,-0.662360500812014,1,0
2592,0,3.90237194324668,2,0,-1.18451241283467,0,0
2593,0,1.8251426244948,1,1,0.461688459104775,1,1
2594,0,0.0804258177285485,2,0,1.25013933209372,0,1
2595,0,0.200463365582507,1,1,-0.301368049769577,1,0
2596,0,0.203385095250776,1,1,0.936590473627849,1,1
2597,0,0.554673464187347,1,0,-0.55280605713971,0,0
2598,0,0.139811157040201,1,1,0.744500572181391,1,1
2599,0,1.62833078673785,2,0,0.857492898839023,0,1
2600,0,2.33429026914252,1,0,-0.744370127039473,0,0
2601,0,0.900587443752894,1,1,-0.453611427991086,1,0
2602,0,0.399887435587845,1,0,-0.035405223525414,0,0
2603,0,3.41713973330112,0,0,0.230019916838141,0,1
2604,0,0.717873407173093,1,1,-0.450626265709929,1,0
2605,0,0.738820038086951,1,0,0.32667212672532,0,1
2606,0,0.41740572595559,1,0,-1.84677582940085,0,0
2607,0,0.0644684192952464,1,1,-0.53166976703265,1,0
2608,0,0.332690597095466,2,0,0.723721522356683,0,1
2609,0,2.66353157031479,2,0,1.11183241770983,0,1
2610,0,0.0707986112684011,0,1,0.571634466598595,1,1
2611,0,0.718336762346676,1,1,-0.941829141490856,1,0
2612,0,0.199369872942291,2,0,-0.443220715900532,0,0
2613,0,0.314352574486969,2,0,0.435891575602804,0,1
2614,0,0.0898792031712861,1,0,0.0467057481729187,0,1
2615,0,0.246765316167527,1,0,-1.28412563482125,0,0
2616,0,0.0413961994494235,1,0,-1.56920319252808,0,0
2617,0,0.276938722276231,1,1,-0.585339794552473,1,0
2618,0,0.934390506396691,0,1,-1.19623423237538,1,0
2619,0,0.947116954188443,1,1,-0.153525646913688,1,0
2620,0,1.59769858233631,0,0,-0.455439602520782,0,0
2621,0,1.37666736279411,2,1,-0.364328734949134,1,0
2622,0,0.46116460549108,2,0,0.466730704127434,0,1
2623,0,0.293107512437045,1,1,-0.621531646776913,1,0
2624,0,0.459090029432905,1,1,-1.34386604148049,1,0
2625,0,0.182825833285605,0,1,0.647399611466193,1,1
2626,0,0.0400258742114859,1,1,-1.30067609874755,1,0
2627,0,2.36907960722956,1,0,0.669969041001282,0,1
2628,0,0.121624340988838,1,0,-0.516024848308108,0,0
2629,0,0.847532821180753,0,1,0.182878485075278,1,1
2630,0,0.278093129486779,1,0,-1.51985229802209,0,0
2631,0,0.202284210553458,1,0,-0.198668256328025,0,0
2632,0,0.366868953106701,0,0,1.31520774332704,0,1
2633,0,0.159523544319319,1,0,-1.33425924436747,0,0
2634,0,0.116627495735884,0,0,1.83292078081006,0,1
2635,0,0.171336431765979,1,0,-0.975224225203209,0,0
2636,0,0.175086307182276,1,1,-1.24713276383001,1,0
2637,0,0.350251279459304,1,1,0.235933517928705,1,1
2638,0,0.00631461512210658,1,0,-0.80488415807669,0,0
2639,0,2.27915989301844,2,0,0.00934354260609369,0,1
2640,0,1.09705190952915,2,1,0.531658421671521,1,1
2641,0,0.645867383037685,1,0,0.212255435352384,0,1
2642,0,2.3074298110778,2,0,-0.622569252847929,0,0
2643,0,0.0077934970334049,1,0,-0.823825561338247,0,0
2644,0,0.641275966360658,2,0,0.340874869546043,0,1
2645,0,0.361726639062713,2,0,2.56136966653468,0,1
2646,0,0.441942767550548,0,1,-0.311469205351344,1,0
2647,0,1.15027895839577,1,1,-0.933658240255878,1,0
2648,0,0.105778808243335,2,0,0.357264586753126,0,1
2649,0,0.276442030491618,1,0,-0.266052150330729,0,0
2650,0,0.904649127730886,1,1,1.21438566503814,1,1
2651,0,0.439144395411528,2,0,-0.0933746398222841,0,0
2652,0,0.501579030374516,1,1,-0.554235292464136,1,0
2653,0,0.844420447927982,1,0,0.936185492130209,0,1
2654,0,0.38049553540841,1,0,-0.365739373981579,0,0
2655,0,0.100067732855678,0,1,0.35230113790822,1,1
2656,0,0.20452456699365,1,0,1.00400276205852,0,1
2657,0,0.608798876778101,2,1,-0.586265175269495,1,0
2658,0,0.482902337750025,1,0,-0.712865962916232,0,0
2659,0,2.2812400993889,2,0,1.06706513476104,0,1
2660,0,0.936435737934597,2,1,0.403262837173853,1,1
2661,0,0.343007740984001,2,1,0.0276614241087701,1,1
2662,0,0.750756645828031,2,1,0.0911395835471661,1,1
2663,0,0.822076494300973,1,1,-0.47208650640283,1,0
2664,0,0.799586506418107,1,1,1.75821093267427,1,1
2665,0,0.39625144767074,1,1,-0.662833443494164,1,0
2666,0,0.32008715957295,1,0,0.999950560196532,0,1
2667,0,0.758369162397778,2,0,1.20795377066315,0,1
2668,0,2.66779774193017,2,0,1.09262465503747,0,1
2669,0,0.442963760967056,0,1,-0.809292196150505,1,0
2670,0,0.530265252197185,1,0,-0.122107159723018,0,0
2671,0,0.385497310087122,1,1,-1.81349881557777,1,0
2672,0,0.272751489341684,1,1,-1.63321345139734,1,0
2673,0,0.786654560025086,1,1,0.333064122962115,1,1
2674,0,2.2965555401715,1,0,-0.702628552409061,0,0
2675,0,0.240095925509213,2,1,1.44654636469476,1,1
2676,0,0.196860416704117,1,0,-0.422256058642533,0,0
2677,0,0.286342740236911,1,0,-0.222053885829684,0,0
2678,0,0.388092559568673,1,0,-0.260005726364339,0,0
2679,0,1.04678284591418,1,1,-0.143169764708423,1,0
2680,0,0.713965655864044,1,1,1.43656359536266,1,1
2681,0,0.0205180710776344,1,0,-2.09378152222266,0,0
2682,0,2.51541752148519,2,0,-1.49285009883534,0,0
2683,0,5.26630470800411,2,0,-0.685189207116375,0,0
2684,0,0.926158671263385,1,0,0.576114117259667,0,1
2685,0,0.0424714150827973,1,0,-1.42379082347131,0,0
2686,0,1.30437162568121,2,1,0.3798510236876,1,1
2687,0,1.7249909665608,1,0,-0.407852072310975,0,0
2688,0,1.22470132280587,1,0,-0.386849792837825,0,0
2689,0,0.79886005387565,2,0,-1.24406894965715,0,0
2690,0,0.537166352270796,2,0,0.60195044755717,0,1
2691,0,0.549219965220521,2,1,0.853573073168574,1,1
2692,0,2.6247818612804,0,1,0.42531007130551,1,1
2693,0,1.90012258203333,2,1,0.516901091808018,1,1
2694,0,0.836958382278681,0,0,-0.459704466905528,0,0
2695,0,0.709400701647004,0,1,-0.746964711281112,1,0
2696,0,0.378935439094701,1,0,-0.61723959095065,0,0
2697,0,1.37474871984768,2,1,-0.269354499219967,1,0
2698,0,0.44618785244412,2,0,0.963544417365556,0,1
2699,0,0.0492903894863416,1,1,0.572721430061415,1,1
2700,0,0.0216700299492638,2,0,0.606056196694492,0,1
2701,0,2.08037363897626,2,0,0.406507243496285,0,1
2702,0,0.504417541108612,1,0,0.00308205550911154,0,1
2703,0,0.249944375756811,1,1,0.192606200381881,1,1
2704,0,0.0298088518078975,1,0,-1.61236673569904,0,0
2705,0,0.0154386049021044,2,1,-0.0224729679117637,1,0
2706,0,0.0247552866737048,0,1,-0.0473912492964658,1,0
2707,0,0.243931167519722,2,1,1.36572392184322,1,1
2708,0,0.081681782241331,1,0,-0.9874648743988,0,0
2709,0,0.166728201360729,2,1,1.31344862252574,1,1
2710,0,1.27817861726927,1,0,-0.420349711666304,0,0
2711,0,0.286460693959656,1,1,-0.25587608155577,1,0
2712,0,0.203521666999044,1,0,-0.788227335214158,0,0
2713,0,1.38011863346382,2,0,1.11639107927253,0,1
2714,0,0.138140597070257,0,1,1.13836817128163,1,1
2715,0,0.516332032724394,1,0,0.0463188951539853,0,1
2716,0,0.288625868950594,1,1,-0.718977040637824,1,0
2717,0,6,0,0,-0.886013429034832,0,0
2718,0,2.10860719678236,1,0,-0.561214198640185,0,0
2719,0,1.31075065216453,1,0,-0.771892121131764,0,0
2720,0,1.08647818842454,2,1,0.152062557063455,1,1
2721,0,1.15381323161983,1,1,0.190071299231626,1,1
2722,0,0.271742309754094,0,1,1.83050149167195,1,1
2723,0,0.833093239590249,1,0,0.146979566022376,0,1
2724,0,0.470724540078317,1,1,-0.763878251503571,1,0
2725,0,0.566527546272823,2,0,0.276077305645012,0,1
2726,0,0.566365010234771,2,0,1.54705804070572,0,1
2727,0,0.410861541272329,0,0,0.970443211967323,0,1
2728,0,0.167491145323091,1,0,-1.59514739493684,0,0
2729,0,0.564699676628012,2,0,0.353231125658779,0,1
2730,0,1.52757567013956,2,0,-0.166445586781033,0,0
2731,0,0.297855714588962,1,1,0.0566968701225189,1,1
2732,0,3.61432474257044,2,0,1.3290650001958,0,1
2733,0,0.264675858939041,2,1,0.864814927413591,1,1
2734,0,0.823139932741611,1,1,-0.254681012441439,1,0
2735,0,0.795500332259506,2,1,0.583484778968083,1,1
2736,0,0.834545570338389,1,1,0.195165088456056,1,1
2737,0,0.232083247341911,1,0,-0.730749700475172,0,0
2738,0,4.89835303248771,0,1,0.20699645088961,1,1
2739,0,0.738423785536224,1,1,-0.362193953035134,1,0
2740,0,0.00451687801101704,1,1,-1.41244209779009,1,0
2741,0,0.347201422037836,2,1,-0.174651658346481,1,0
2742,0,1.87522296594081,1,0,-1.57300540410396,0,0
2743,0,1.05999582285167,2,0,1.45571882384948,0,1
2744,0,0.56504285914267,1,1,-0.0967127326906679,1,0
2745,0,0.586983726819651,2,0,-0.730978718752973,0,0
2746,0,0.549551550921026,1,0,2.56424673743864,0,1
2747,0,0.0289378349605666,1,0,-1.02010862003263,0,0
2748,0,1.49609971275433,1,0,-1.07301276501963,0,0
2749,0,1.41867531878913,1,0,-0.529751673727132,0,0
2750,0,1.1060041582528,2,1,-0.321524236257367,1,0
2751,0,3.502858918393,1,1,2.03245441423267,1,1
2752,0,0.601671483016598,1,1,-0.658339956989029,1,0
2753,0,0.381124559178594,1,1,0.537660527694099,1,1
2754,0,0.545329476396243,0,0,-0.0878028880230037,0,0
2755,0,0.136815805903234,2,0,-0.599950231086474,0,0
2756,0,0.794159901161169,1,0,-0.486884264186024,0,0
2757,0,0.264136096718264,1,1,-0.761918880839297,1,0
2758,0,2.40743259274708,2,0,0.0628308623792709,0,1
2759,0,0.166347304610743,1,1,-2.00408975408347,1,0
2760,0,0.134899308067763,1,0,-0.580611034375841,0,0
2761,0,1.85881961787753,0,0,-0.606209612443835,0,0
2762,0,1.12474357835625,1,1,0.953524655871161,1,1
2763,0,0.699701102513473,2,0,1.02998317983256,0,1
2764,0,0.176532868221936,1,0,-0.309772047685822,0,0
2765,0,0.898662680342231,2,1,0.990423174260631,1,1
2766,0,0.079656106384429,1,1,-1.474978576503,1,0
2767,0,0.988775397840152,1,1,-0.955458608482536,1,0
2768,0,0.993754789245624,1,0,-0.887005982354805,0,0
2769,0,0.138233319296066,1,0,-1.95335553426756,0,0
2770,0,2.69305313246635,1,1,-0.858366367260383,1,0
2771,0,0.143607115618082,1,0,-0.4347055442991,0,0
2772,0,0.147360069108511,2,1,-0.157524824161136,1,0
2773,0,0.00832758339980034,1,0,-1.76770344999694,0,0
2774,0,0.680605072141436,1,0,-0.802108538468072,0,0
2775,0,0.0168153649076893,1,1,0.208923426728254,1,1
2776,0,1.4513818000974,1,0,-0.901778100090278,0,0
2777,0,1.04891693066164,1,1,-1.69488736623162,1,0
2778,0,2.90458224431692,1,0,-0.739225747681988,0,0
2779,0,0.33848280561801,2,1,-0.589473813474544,1,0
2780,0,1.52784522235966,2,0,0.282933935291686,0,1
2781,0,0.4730950606102,2,1,-0.236722120255214,1,0
2782,0,1.09683051630723,2,0,-0.450532289203649,0,0
2783,0,0.819074669852853,0,0,-0.653107863468734,0,0
2784,0,0.617687577618201,2,0,0.189712465473296,0,1
2785,0,0.7016339158464,2,0,-0.0335850328133982,0,0
2786,0,0.0308596250376383,1,1,-1.4959468477277,1,0
2787,0,0.355049253751834,0,1,-0.617339395973738,1,0
2788,0,0.278878571424239,1,1,0.219268602956839,1,1
2789,0,1.86165730300517,2,1,0.132485607342427,1,1
2790,0,0.448321887845226,1,0,-1.13709468762967,0,0
2791,0,0.566296351139178,1,1,0.725898077100202,1,1
2792,0,4.32053423354206,1,0,-1.05996419729145,0,0
2793,0,0.4294891980361,1,0,-0.546361321875044,0,0
2794,0,0.85817518196129,1,1,-0.701089324898239,1,0
2795,0,0.0575157368672333,1,0,-0.742881146403628,0,0
2796,0,0.613251889961634,1,0,0.668045673095421,0,1
2797,0,0.657583149109743,1,0,1.91928512211371,0,1
2798,0,0.119104127263514,2,1,0.0724285073665659,1,1
2799,0,0.272950204522826,0,1,0.314935715230705,1,1
2800,0,0.0749927200376987,0,0,0.42046352733312,0,1
2801,0,0.573952986999945,1,1,0.200200495493152,1,1
2802,0,0.276287547497333,1,0,0.935664430695276,0,1
2803,0,0.110806745964116,1,1,-2.21171543479432,1,0
2804,0,0.836234469807774,2,0,2.27358072545668,0,1
2805,0,1.01324262199033,2,0,-0.0159004600732122,0,0
2806,0,0.338461810121493,2,1,2.98275186896589,1,1
2807,0,0.290885804666404,1,1,-1.81353919736179,1,0
2808,0,0.0859493119373933,1,1,-0.408391895195716,1,0
2809,0,0.0938864810861896,0,1,0.030122593304031,1,1
2810,0,0.0625269805851634,1,0,-0.0835049699469242,0,0
2811,0,0.0207711083455426,1,1,0.517588773595694,1,1
2812,0,2.15308142742601,2,1,0.242318203810398,1,1
2813,0,4.0603273197344,2,0,-0.578277707651559,0,0
2814,0,1.46886785204212,0,1,0.635034277376079,1,1
2815,0,0.568674116799747,1,0,-0.478588989844555,0,0
2816,0,0.409316772558583,1,0,-0.111864450501042,0,0
2817,0,0.164267159419118,2,1,2.73458762158674,1,1
2818,0,0.0999720505623515,1,1,-0.107989004758886,1,0
2819,0,0.60499852231196,1,0,-0.0225776505025129,0,0
2820,0,0.119192348621992,2,0,1.51791898133081,0,1
2821,0,0.655650083596508,0,0,-0.85517200244498,0,0
2822,0,0.18064601106698,1,1,0.462121296922893,1,1
2823,0,2.20129530508024,2,1,0.104569578461432,1,1
2824,0,0.6029080444326,0,0,1.04202452656738,0,1
2825,0,6,0,0,-0.350067173619822,0,0
2826,0,0.518937682112058,0,0,-1.17365917970823,0,0
2827,0,0.88693883174292,1,0,-0.869669148871192,0,0
2828,0,1.20195658017555,1,1,1.3059131071073,1,1
2829,0,2.18242283003892,1,1,0.967404246740108,1,1
2830,0,0.417596105250187,1,0,-0.886907952888253,0,0
2831,0,4.74264107974539,1,0,1.76928539366588,0,1
2832,0,1.15832484948138,0,1,1.17853009445976,1,1
2833,0,0.982857344793016,1,0,-0.985549879767616,0,0
2834,0,0.0293462463414785,1,1,-0.320655021589186,1,0
2835,0,0.000645617193369298,2,0,0.330850936999128,0,1
2836,0,0.278170374851176,2,0,0.223347165061651,0,1
2837,0,0.422794710108459,2,1,1.47339938310521,1,1
2838,0,3.62040486497184,0,0,0.194116542611561,0,1
2839,0,1.04591637110767,1,1,-1.10755008947796,1,0
2840,0,0.379009312483569,1,1,-2.45299843444403,1,0
2841,0,4.48797149494498,2,0,-0.252592042781737,0,0
2842,0,0.0761077653288976,1,1,0.612255837519943,1,1
2843,0,0.603723846589476,1,0,-0.168893463613747,0,0
2844,0,0.386642333290739,1,1,0.052492642789438,1,1
2845,0,0.0587113978426249,2,0,0.272330450417529,0,1
2846,0,0.116174315571248,1,0,-1.25098598662143,0,0
2847,0,2.59109151536173,2,0,-0.0946488758892905,0,0
2848,0,2.20601887131731,0,1,0.936696764342729,1,1
2849,0,0.702283820982381,1,0,-0.666619264192269,0,0
2850,0,2.21032336664697,0,1,-0.500841534500472,1,0
2851,0,1.34323598070093,2,1,-0.755053300736779,1,0
2852,0,0.0984890142060644,1,1,-0.0878385139847447,1,0
2853,0,0.735258787100067,1,0,-0.552209831037521,0,0
2854,0,0.8524018782995,1,1,-0.836079013748263,1,0
2855,0,0.352199298621947,1,1,-0.95945913711135,1,0
2856,0,1.12396059934982,2,0,1.9003880315838,0,1
2857,0,0.813753812448335,2,0,1.09980013371153,0,1
2858,0,0.624841045459063,1,0,-0.1066320094639,0,0
2859,0,1.64975998870882,2,0,1.47533916242241,0,1
2860,0,0.88579665583156,1,1,-1.48216610351303,1,0
2861,0,1.54921192365388,0,0,0.537102744738522,0,1
2862,0,0.190268217046002,1,0,-1.69750453239084,0,0
2863,0,0.0148684037780451,1,1,-0.10209326500933,1,0
2864,0,0.0512278710888103,2,0,0.778200129468086,0,1
2865,0,0.369365610810825,2,0,-0.0326511449852616,0,0
2866,0,0.39596230802083,1,0,-2.23573535906288,0,0
2867,0,0.653582486964232,1,0,0.234507035648983,0,1
2868,0,0.806424044347224,1,1,0.372730766866766,1,1
2869,0,0.227436882175111,2,1,1.56745469019113,1,1
2870,0,1.11819229283768,1,1,-0.928372057388501,1,0
2871,0,0.16556980535737,2,1,2.37455702198949,1,1
2872,0,0.968449094320133,1,0,0.476446533033748,0,1
2873,0,0.179704963271479,1,1,-1.65435741729834,1,0
2874,0,0.47299395754172,1,0,-1.29350625606747,0,0
2875,0,6,0,0,0.202985146343542,0,1
2876,0,0.396259513994058,0,0,-0.622084919142957,0,0
2877,0,0.338259954668967,1,1,0.444482433521518,1,1
2878,0,0.0592719256023557,0,0,0.955775861793641,0,1
2879,0,0.331712012924959,1,0,-1.65752167707322,0,0
2880,0,0.789429189896009,2,1,-0.322762691196425,1,0
2881,0,0.0487742012042694,2,1,-1.27455630512306,1,0
2882,0,0.223618360414031,1,0,-1.08345162141942,0,0
2883,0,0.488057668022603,1,0,0.757834333903496,0,1
2884,0,3.25530590630575,2,1,0.409399272517826,1,1
2885,0,0.401357854267251,1,0,-0.499174376888717,0,0
2886,0,0.68208911681221,1,0,-2.39489108181025,0,0
2887,0,0.0189070204237679,2,1,2.99996422553282,1,1
2888,0,0.349752203709714,1,1,-1.72573600839576,1,0
2889,0,0.400574256768972,2,1,1.44155065510173,1,1
2890,0,0.656488912060497,1,1,1.00448896580561,1,1
2891,0,0.469065191334644,2,1,0.435655039926827,1,1
2892,0,0.336731662973762,0,0,-0.528281455120416,0,0
2893,0,2.527953983753,1,1,1.45402569839933,1,1
2894,0,1.06198483457168,0,1,-0.362768344817347,1,0
2895,0,0.812246462525162,2,0,1.03157872859115,0,1
2896,0,2.06477807365007,1,1,0.0384767280925877,1,1
2897,0,2.16836897528115,1,1,-0.858677285501785,1,0
2898,0,0.424596772719037,1,0,0.489483392612735,0,1
2899,0,1.02813277252386,2,1,1.49882440193469,1,1
2900,0,0.336755383926956,1,0,0.122551596719654,0,1
2901,0,0.430856948225708,2,1,0.448584847537622,1,1
2902,0,4.40833759804567,0,0,-0.140986366084839,0,0
2903,0,0.000849419742175085,1,1,0.515982738391308,1,1
2904,0,0.129200329755375,1,1,-1.04719303283977,1,0
2905,0,0.0107784290382166,1,0,-0.0468147285733168,0,0
2906,0,0.360591082447713,2,1,0.546047396995469,1,1
2907,0,1.27048114523589,1,1,-1.34445392925372,1,0
2908,0,1.51906347859861,1,1,1.71193529675564,1,1
2909,0,0.148136566095304,1,1,0.0453717744648055,1,1
2910,0,0.369627829035152,1,0,-0.756920183579493,0,0
2911,0,1.55189099100812,2,1,0.910487738994123,1,1
2912,0,2.60884212591695,2,0,-0.687783414950378,0,0
2913,0,6,0,0,-0.912289252542744,0,0
2914,0,0.00193403800255946,1,0,-0.282824231416854,0,0
2915,0,0.444295877825546,1,0,1.10507910165344,0,1
2916,0,0.433480255305767,0,0,1.00774441168193,0,1
2917,0,0.214594719061724,1,0,-1.37490306662949,0,0
2918,0,1.45099180927685,1,0,-2.11638142084789,0,0
2919,0,0.225234215075793,2,0,1.65966286979266,0,1
2920,0,0.164475061036072,1,0,1.72645258060411,0,1
2921,0,0.786580096843357,2,0,0.439814088681215,0,1
2922,0,0.24634280249871,2,0,1.24039523158914,0,1
2923,0,0.756816436907223,2,1,0.31822954720758,1,1
2924,0,0.371244288980961,0,1,0.279893498002152,1,1
2925,0,0.420090990395593,1,1,-1.15528482633434,1,0
2926,0,0.770153233251966,1,1,-0.725049589702143,1,0
2927,0,0.642204820811437,2,1,0.225669487979464,1,1
2928,0,0.892079563353339,0,0,0.590476283796483,0,1
2929,0,0.370977793549401,2,0,0.526046362788026,0,1
2930,0,1.02363709375358,2,1,1.36429712454504,1,1
2931,0,0.901414610603587,1,1,-0.729681942325938,1,0
2932,0,0.561496290168905,1,1,-1.48634191777914,1,0
2933,0,0.0119007284558646,1,1,-0.976340826739872,1,0
2934,0,5.85513100478933,2,0,-1.41285599551695,0,0
2935,0,2.49269100837409,0,0,-0.76236943877136,0,0
2936,0,0.668108302650928,1,1,-0.153795566713917,1,0
2937,0,0.50098608453392,1,1,1.13970085582107,1,1
2938,0,0.262205756438266,1,1,-0.0461303524484407,1,0
2939,0,2.44878628214132,2,0,-0.618410947546592,0,0
2940,0,0.353747309771738,1,1,-0.179714867111316,1,0
2941,0,0.058701806324169,2,1,0.194618109079901,1,1
2942,0,0.300562586781807,2,0,0.296251888000956,0,1
2943,0,1.70430028275968,2,1,1.38450590687502,1,1
2944,0,0.687099125014477,2,1,0.73307243392067,1,1
2945,0,0.65466069474949,2,0,0.406521514740942,0,1
2946,0,6,0,0,-0.0325984556809533,0,0
2947,0,0.166241854173059,1,1,-0.634180544690885,1,0
2948,0,0.387293469733068,1,1,-0.794914457672267,1,0
2949,0,2.14872602241692,2,0,0.83001933151689,0,1
2950,0,0.407943849059074,1,1,-0.345479996599447,1,0
2951,0,1.26912784236687,2,1,1.47528093499397,1,1
2952,0,0.458610014304995,1,1,-0.951018108442928,1,0
2953,0,2.40334851199464,1,1,0.478853340819451,1,1
2954,0,0.288901102371542,1,1,-0.0956768611004576,1,0
2955,0,2.77828631319954,2,0,0.653485871196009,0,1
2956,0,0.859298885455223,2,1,-1.34270038370106,1,0
2957,0,0.116960648446932,2,0,0.0663907615771912,0,1
2958,0,1.11378700161974,0,0,-1.00022036216941,0,0
2959,0,1.67231731473004,2,1,-0.19847453108214,1,0
2960,0,1.02093666520816,2,0,0.0903075654187297,0,1
2961,0,2.26991925699015,0,1,-0.326007216390693,1,0
2962,0,1.4930740756636,2,1,0.978213002196629,1,1
2963,0,4.14154238890566,1,0,-0.693536591115355,0,0
2964,0,0.83866861181243,1,0,-0.146623029421449,0,0
2965,0,0.0888295137990147,1,1,2.81697153097281,1,1
2966,0,3.46552329235806,1,1,-0.559801508847272,1,0
2967,0,0.144768319741193,1,1,-0.381995080048775,1,0
2968,0,0.436033258337424,2,1,0.495668376483449,1,1
2969,0,0.000699287024788367,1,0,-1.93219106039364,0,0
2970,0,0.619021239330054,2,0,0.999989025161553,0,1
2971,0,0.388246645903479,2,0,0.561027086007385,0,1
2972,0,2.3224221257787,2,1,1.825304978278,1,1
2973,0,2.70875523138204,2,0,0.873737604544554,0,1
2974,0,5.24701634167069,2,0,-0.116359525564867,0,0
2975,0,0.557098289793913,2,0,-0.598213437607192,0,0
2976,0,0.473829988340184,2,1,1.29926224902361,1,1
2977,0,0.0258803509298856,1,0,-0.522154181365506,0,0
2978,0,0.850179844225446,0,0,1.25784186762694,0,1
2979,0,0.187031789207301,2,0,-0.322001684795224,0,0
2980,0,0.18036464632595,1,0,-0.861945017667811,0,0
2981,0,1.5041887242841,2,0,-1.45426077242411,0,0
2982,0,0.781210411977198,1,0,0.580733489640182,0,1
2983,0,0.868195005506307,1,0,-0.780740158639792,0,0
2984,0,0.0487957440912355,1,1,-0.191601907866886,1,0
2985,0,3.05395622737706,0,0,-0.245888111339647,0,0
2986,0,0.196586491291177,1,1,0.181394410330455,1,1
2987,0,0.39379034700025,2,0,0.053939250310687,0,1
2988,0,1.96310133089529,1,1,0.987427495560492,1,1
2989,0,0.974624636481038,2,1,-0.305722057945698,1,0
2990,0,0.331552260561315,2,1,-0.73731991207863,1,0
2991,0,0.91125218796646,1,0,0.260877246591182,0,1
2992,0,2.87126970081276,2,0,-0.790233885471794,0,0
2993,0,0.57927775107239,2,0,0.809097014526202,0,1
2994,0,0.525382517273883,1,1,0.705207490123311,1,1
2995,0,0.714682742466938,1,1,0.333620808379971,1,1
2996,0,0.277294665575027,0,0,-1.17932927254627,0,0
2997,0,1.10096588356821,1,1,-1.55349325392148,1,0
2998,0,0.585769259534565,1,0,-0.156513134089828,0,0
2999,0,0.316667067588781,2,0,-0.405704600140214,0,0
3000,0,0.285405820899648,1,1,-1.44900833087109,1,0
