"id","L","X","status","z1","z2","cgroup","tgroup"
1,0,0.571930501045953,1,0,-0.274227726145239,0,0
2,0,0.911817177182008,2,0,0.87082109243268,0,1
3,0,2.68030996193549,2,0,0.640318738448057,0,1
4,0,1.33880354679105,1,1,-0.950847350212925,1,0
5,0,0.0964664987518613,1,0,1.53460446829622,0,1
6,0,1.98185900910122,2,0,-0.422773751115363,0,0
7,0,0.201757626889884,1,1,-1.46113619370486,1,0
8,0,0.146516212600531,0,1,-1.09594264097863,1,0
9,0,0.786767248592843,0,0,-0.349073791823173,0,0
10,0,0.0209632814398154,1,1,-2.32568660337905,1,0
11,0,0.118708987635809,2,1,2.55897693778509,1,1
12,0,0.472654066103592,1,0,1.40379639516937,0,1
13,0,1.13771208119184,1,1,-2.22354096296523,1,0
14,0,1.09636345008278,1,1,-1.1145318476302,1,0
15,0,0.312792366872789,2,1,0.900748747129335,1,1
16,0,3.49766574349539,2,0,-0.417113244241242,0,0
17,0,0.122460195397311,1,1,1.98843326180699,1,1
18,0,1.51827352846422,1,0,-0.630235875642658,0,0
19,0,1.04123136541528,1,0,-2.3382648296981,0,0
20,0,0.438667455176539,1,1,-0.994066694686926,1,0
21,0,0.073893480220084,1,1,0.542986173162447,1,1
22,0,1.64802993976971,2,0,1.78458680292996,0,1
23,0,0.255601633428592,1,1,-1.6921648452596,1,0
24,0,0.564165788213503,1,0,-1.20893412173006,0,0
25,0,0.0277395966248732,2,1,2.26022308885091,1,1
26,0,1.16865197141678,1,0,-0.0195724913258733,0,0
27,0,4.26800478998439,1,1,-0.00174780839289129,1,0
28,0,0.246378793049141,2,1,-0.586983696684605,1,0
29,0,5.93943854686504,2,0,-0.178553397507377,0,0
30,0,0.02121070250842,2,1,-0.0102091125263185,1,0
31,0,0.163589780184285,1,1,-0.571244266170898,1,0
32,0,0.383640049095602,2,0,1.07705501426853,0,1
33,0,0.897889090561656,1,0,-1.03431079607067,0,0
34,0,0.0463247309993101,1,0,0.245407768530019,0,1
35,0,0.553601456942881,1,0,-0.621651601906641,0,0
36,0,0.398578554325925,1,0,0.226699501833323,0,1
37,0,0.588660286955134,1,0,0.816887791376617,0,1
38,0,2.84828516839104,2,0,0.382849117261063,0,1
39,0,2.13088750385568,2,0,0.350647268440257,0,1
40,0,0.213498056435454,1,1,-1.62761866562911,1,0
41,0,0.20854997266702,1,1,0.745735442634819,1,1
42,0,1.36073033325374,0,1,0.0458956136590924,1,1
43,0,3.60414637969724,2,1,-1.17806876630749,1,0
44,0,3.40734773133572,2,0,0.381205946426353,0,1
45,0,0.375896316346559,1,0,0.194078528413998,0,1
46,0,0.0279680790839797,1,1,-0.764537203826762,1,0
47,0,0.393241653315176,1,1,0.492968836800902,1,1
48,0,0.205303745942783,0,1,-0.484127976513767,1,0
49,0,4.58248603474851,1,1,0.884582507343828,1,1
50,0,3.72716704204124,2,0,-0.974636955306576,0,0
51,0,0.0990088111019655,1,1,0.164274483973348,1,1
52,0,0.402188481716105,1,0,-1.61928702764804,0,0
53,0,1.3640464993425,2,0,0.0278071084089859,0,1
54,0,0.492177996536398,1,0,-1.37074451484175,0,0
55,0,0.501036942630621,1,1,-0.755125293432028,1,0
56,0,0.318609595523663,1,1,0.146087611453043,1,1
57,0,0.207978790625534,1,0,-0.683454632851245,0,0
58,0,0.102868455038114,1,0,-0.391487377753718,0,0
59,0,2.86440096204793,1,1,-0.488536878206343,1,0
60,0,0.983866744890476,2,0,1.68133180206455,0,1
61,0,2.04817560512713,1,0,0.725715291171131,0,1
62,0,0.220489765169999,2,0,0.893188237958213,0,1
63,0,0.291180740818854,1,0,1.40692374978619,0,1
64,0,0.00831888111619994,1,1,-0.571162450110709,1,0
65,0,0.70025346714782,1,0,0.220187452406813,0,1
66,0,0.311107041451552,1,1,-0.87924779538259,1,0
67,0,1.04232459650913,2,1,-0.00777382231683671,1,0
68,0,0.726266863717923,1,1,-0.342055758799199,1,0
69,0,0.420401350905498,0,1,1.28786774994968,1,1
70,0,0.0943232743845857,1,1,-1.72175016334274,1,0
71,0,0.210205390424894,1,1,-1.97438673845526,1,0
72,0,2.78344970817367,0,0,0.641186489999483,0,1
73,0,1.02080504168465,2,0,1.01535586769192,0,1
74,0,0.0874098628161807,1,0,-1.43940891039816,0,0
75,0,0.33473608428021,2,0,0.564529290515701,0,1
76,0,0.173623419767679,1,1,0.29183276809694,1,1
77,0,1.48186056007174,2,1,0.571142819882566,1,1
78,0,0.679168304976185,2,0,0.45665774538351,0,1
79,0,0.563593192782269,2,1,0.950241286832531,1,1
80,0,1.48828510621339,2,0,1.28207247675011,0,1
81,0,0.405942914539075,1,0,0.592306242883964,0,1
82,0,0.0151542911708261,2,1,2.35701058048053,1,1
83,0,0.338325072878982,1,0,0.132700281440873,0,1
84,0,0.651368094086859,1,1,-0.282606084149231,1,0
85,0,0.520341964489385,1,0,-0.83166171015744,0,0
86,0,0.195709965405385,1,1,-0.0379542690760006,1,0
87,0,0.885219695759292,1,1,0.651276685314889,1,1
88,0,0.311853279029313,2,1,0.980897346344913,1,1
89,0,3.11850717250186,2,0,-0.301382989229286,0,0
90,0,0.651964521750446,0,0,-0.696923284611922,0,0
91,0,1.38871926957361,1,1,-0.0453982432863099,1,0
92,0,1.50823271522919,0,1,-1.48094614797813,1,0
93,0,0.236809718090104,1,0,-2.24000970243768,0,0
94,0,0.124985055395018,1,0,0.139818704089739,0,1
95,0,0.314106590424975,0,0,0.417304914828224,0,1
96,0,6,0,0,-0.093188283415152,0,0
97,0,0.231671486225524,1,1,-0.670181344407182,1,0
98,0,2.0123558629497,1,1,-0.214206868878675,1,0
99,0,0.465368667512955,2,0,-0.398204087858281,0,0
100,0,1.22365077743034,2,0,1.49101436820969,0,1
101,0,1.11025958331576,1,1,0.428615784416789,1,1
102,0,0.821722201805702,1,1,-2.15182210292223,1,0
103,0,0.710556055559119,1,0,-0.0558870223033087,0,0
104,0,0.461729979311847,2,0,0.0497050829278285,0,1
105,0,0.561143770854322,2,0,0.502244730525027,0,1
106,0,1.47474624372725,1,1,-0.468856875620442,1,0
107,0,2.27666283044182,2,0,-0.260061954924678,0,0
108,0,0.36176393824485,2,1,1.66764436100252,1,1
109,0,0.169737906368725,1,0,0.205742709935075,0,1
110,0,0.27721955621876,1,1,0.29726604573133,1,1
111,0,0.825708367915118,1,0,-0.380414927012231,0,0
112,0,2.27219947321472,0,0,0.784620514080201,0,1
113,0,0.051285108561659,2,1,1.62494261341895,1,1
114,0,0.36873903788485,2,1,0.759054941672131,1,1
115,0,0.233671912579288,2,1,0.566653596936753,1,1
116,0,3.11797763614947,2,0,0.779031660955574,0,1
117,0,0.0448592444579421,0,0,-0.418666224558267,0,0
118,0,0.624600866168474,1,0,-0.450087153190675,0,0
119,0,0.0829811611523231,0,1,-1.4026529836937,1,0
120,0,0.178591229135842,1,1,-1.45105822520901,1,0
121,0,0.689431214454632,1,0,-0.341071937132034,0,0
122,0,0.579549132362146,2,1,2.64859413908608,1,1
123,0,1.01122970370722,1,1,-1.44578955029314,1,0
124,0,0.21235476647062,1,1,-0.23121408575485,1,0
125,0,1.23362222957563,2,1,0.348973139566987,1,1
126,0,2.81629646817843,0,0,0.773331454704591,0,1
127,0,0.291059496509037,0,1,-1.02169691641898,1,0
128,0,3.80593722996612,0,0,0.00223201056243627,0,1
129,0,0.232009933297796,2,0,0.346521738478508,0,1
130,0,0.782277985916065,2,1,0.0176669898250426,1,1
131,0,0.897546037771928,1,1,0.0927059975236887,1,1
132,0,0.341531387409355,1,1,-1.43271287802219,1,0
133,0,0.458597126852409,1,1,-0.26733480342805,1,0
134,0,0.576757827054465,1,0,-1.81907241474104,0,0
135,0,0.141082914482761,2,1,0.196974133485975,1,1
136,0,3.07991528883576,0,0,-1.48571766668983,0,0
137,0,0.326902626907082,2,0,2.57156370615244,0,1
138,0,2.23155780099625,2,0,1.4528158522962,0,1
139,0,0.988136882159039,1,0,-0.47205468083904,0,0
140,0,0.0664412478605906,0,0,-1.12954925307385,0,0
141,0,0.757975274895782,0,0,-1.15274284338204,0,0
142,0,0.309401916740074,1,1,0.0759631400240211,1,1
143,0,2.23107654545762,2,1,0.975201431847581,1,1
144,0,0.134725438152719,1,1,-0.657105219467674,1,0
145,0,2.16473256015034,1,1,0.283193100269212,1,1
146,0,0.235126311970877,1,1,-0.685794205343455,1,0
147,0,1.09681643568133,2,1,-1.60251109388983,1,0
148,0,0.558151127770543,0,0,-0.981319786362352,0,0
149,0,0.181397933367958,1,1,-0.267329165137858,1,0
150,0,1.87755100466768,1,1,-0.151872689564728,1,0
151,0,0.912963389793556,1,1,-1.07488508037053,1,0
152,0,0.268609233560873,0,0,-0.770181281181502,0,0
153,0,6,0,0,0.314842621750053,0,1
154,0,0.829161312431097,0,1,0.696483148091534,1,1
155,0,0.711674671102478,1,1,0.138657704750474,1,1
156,0,0.43156823143363,0,0,-0.659982663087625,0,0
157,0,2.40415590759461,2,0,0.708199357976202,0,1
158,0,0.425093353535453,1,0,-2.02565796661375,0,0
159,0,0.759231060080861,1,1,-0.853518654788666,1,0
160,0,0.948391961365563,2,1,0.237975305985433,1,1
161,0,1.28804458204333,2,1,-0.993850036596536,1,0
162,0,0.719337358724477,2,0,1.51402276207983,0,1
163,0,0.123403501183271,1,1,-0.512092420930035,1,0
164,0,0.178761292100971,2,1,-1.1406688201995,1,0
165,0,0.337399796986089,1,0,0.786885077708092,0,1
166,0,1.42455984119786,2,0,-2.30233605684892,0,0
167,0,0.403479634878919,1,0,0.85790447694184,0,1
168,0,0.50035153766998,1,0,-1.05902928620214,0,0
169,0,0.346610348609865,1,1,-1.31728882327768,1,0
170,0,0.28609399462664,1,1,0.735749786501726,1,1
171,0,2.56715292490977,1,0,0.129791309978569,0,1
172,0,0.937130837526466,2,0,2.58252939559556,0,1
173,0,0.245141007371814,1,1,-0.0772403504493534,1,0
174,0,1.72321905183284,2,1,0.714986027575743,1,1
175,0,1.19069036809019,1,0,0.255756709972488,0,1
176,0,0.439569471145199,1,1,1.10307258892778,1,1
177,0,2.52834009937942,0,0,-0.586561899605328,0,0
178,0,0.384262385168795,1,0,-0.502417956878026,0,0
179,0,0.742124263338043,1,0,-0.969638528414542,0,0
180,0,1.07226756070268,2,0,-1.03055265757246,0,0
181,0,0.738658226877955,2,0,0.715569074623727,0,1
182,0,0.508610151459636,1,0,0.650171182678276,0,1
183,0,0.970217979918911,1,1,-0.516656117990809,1,0
184,0,0.0183536640057961,0,0,-0.453146627970868,0,0
185,0,1.19698868484816,1,0,-0.792842325106515,0,0
186,0,0.410938369787571,1,0,-0.785306918862197,0,0
187,0,0.692600530847386,2,0,-0.149936124002229,0,0
188,0,0.444806141930581,1,0,-1.18144311703335,0,0
189,0,0.674400417126413,1,0,-0.345762323303675,0,0
190,0,0.0962252378490116,1,0,-0.566118356631501,0,0
191,0,0.54766833321682,2,0,1.37060888168527,0,1
192,0,1.63328205723694,1,1,2.90973968830461,1,1
193,0,0.415801059199861,0,0,-0.347323396090194,0,0
194,0,0.37077891811226,1,1,-2.04040471756878,1,0
195,0,0.0863549718053121,1,0,0.0831445158654403,0,1
196,0,0.222777038827798,1,1,-0.439756694736708,1,0
197,0,0.757881685058126,0,1,0.411878196614925,1,1
198,0,2.29067373551935,1,0,-0.0201495393428906,0,0
199,0,1.20753057301044,0,0,-1.69634599530655,0,0
200,0,0.305510231786906,1,1,-1.37365301515441,1,0
201,0,5.97092556590699,2,0,0.324602397064092,0,1
202,0,0.0562376651054076,0,1,-0.0487166801313854,1,0
203,0,0.599991343915462,0,1,-0.645663363146077,1,0
204,0,0.0757336774890923,1,1,-1.74851291549233,1,0
205,0,0.20897010935025,1,1,-1.23171428030285,1,0
206,0,0.441057549206517,1,1,-0.503779036522334,1,0
207,0,1.65024162577395,2,1,-0.292856095113596,1,0
208,0,0.60846083083235,1,0,-0.243205240276191,0,0
209,0,0.706216854780611,1,1,0.1211401988371,1,1
210,0,0.987210159846237,1,0,-0.405079177307919,0,0
211,0,0.418843218277265,1,1,-1.08763955694054,1,0
212,0,0.884071590844709,1,1,-0.117479411380068,1,0
213,0,0.217100867590915,2,0,2.44285242907939,0,1
214,0,2.04302737220816,1,0,0.759351756150553,0,1
215,0,1.17140147991441,2,0,1.15862584322354,0,1
216,0,0.212008383622828,1,1,-1.34539383156553,1,0
217,0,1.10810490990853,1,1,-0.466252265506982,1,0
218,0,0.174142730866459,2,1,0.297786047108787,1,1
219,0,2.53140087218114,2,0,0.447946381145083,0,1
220,0,0.0842982103689993,1,0,-1.42514067940856,0,0
221,0,0.60668581423207,1,0,0.496205634704805,0,1
222,0,0.341137631890034,2,0,1.48252341111907,0,1
223,0,0.0202481896458584,2,0,0.298775035883046,0,1
224,0,0.365790318147142,1,1,0.836097330902361,1,1
225,0,0.694079246992866,0,0,-0.60478799379965,0,0
226,0,0.035770130219719,2,0,0.335097447660947,0,1
227,0,0.483208615430233,2,1,-0.3351023736387,1,0
228,0,1.08027149084231,1,1,-0.55648154947078,1,0
229,0,3.33754925546476,2,0,0.406727204750399,0,1
230,0,0.0713781324147593,1,1,-2.3002800255303,1,0
231,0,0.293796158706149,0,0,-1.43073372009842,0,0
232,0,0.921044765979164,1,1,2.08273035466804,1,1
233,0,0.491408242480105,2,1,2.464670932995,1,1
234,0,1.42669188199137,2,0,1.59033797634721,0,1
235,0,0.569977261551432,1,0,0.107306177533235,0,1
236,0,1.43144577722025,1,1,-1.27488643352791,1,0
237,0,0.478258925535636,1,1,0.318120140260254,1,1
238,0,2.81245537723104,0,0,-0.838426232082703,0,0
239,0,0.52579954714785,1,1,0.500212223100789,1,1
240,0,0.0673386450495038,1,1,1.21852905437659,1,1
241,0,1.77407306334618,2,1,0.69021047953656,1,1
242,0,0.82531715122362,0,0,-1.71134025179622,0,0
243,0,0.0592933095056437,2,1,0.662069636591054,1,1
244,0,0.2372492146614,1,1,1.09543406007052,1,1
245,0,2.12742303187648,0,0,-0.196627996551054,0,0
246,0,0.781846750062147,1,1,1.46615803473025,1,1
247,0,0.0651528404062305,2,1,1.24105304835274,1,1
248,0,0.214972161452236,1,0,0.902009730681333,0,1
249,0,0.0768081674440396,0,1,0.722258720494975,1,1
250,0,0.191641131269681,1,0,-1.15832786327766,0,0
251,0,3.16587121626549,2,0,-1.33755912995834,0,0
252,0,0.0837510862698691,2,1,1.60437998746497,1,1
253,0,0.324987487716633,1,1,-2.41193744003198,1,0
254,0,1.66866647993885,2,0,-0.20116107547357,0,0
255,0,0.216495885309412,1,1,0.130705136952475,1,1
256,0,0.558767961338162,0,1,1.54133356435058,1,1
257,0,0.57382193303304,2,1,-0.0144114127569936,1,0
258,0,0.121883280226222,1,1,-0.125474699152351,1,0
259,0,0.107183282818937,2,0,0.639416064004655,0,1
260,0,1.63930182735421,1,1,-1.0486648856649,1,0
261,0,0.175890757546832,1,1,-0.0155017324438686,1,0
262,0,0.123535990695859,2,0,0.533546249589705,0,1
263,0,0.25716144205128,1,1,0.767603150516201,1,1
264,0,0.240583211069072,1,1,-0.328803148572309,1,0
265,0,0.0865648586606806,1,1,1.16920926445959,1,1
266,0,0.392862858965935,1,0,-1.10918064263146,0,0
267,0,0.0955325793945392,2,1,1.00982560055789,1,1
268,0,1.67161466483226,2,0,0.114225734664195,0,1
269,0,0.43889263865661,1,1,0.788735655642278,1,1
270,0,3.96659945263755,2,0,-0.22039565401151,0,0
271,0,4.5343410110385,1,1,-0.907328527010943,1,0
272,0,1.19246192404513,1,1,0.0839940425432905,1,1
273,0,0.224212577611037,2,1,2.41070670577512,1,1
274,0,0.482172629994687,1,0,-1.07338044162322,0,0
275,0,0.325495484436654,1,1,0.340435829429819,1,1
276,0,0.366877555368516,2,0,-1.46218635369894,0,0
277,0,0.693041375223131,1,0,0.435839953325543,0,1
278,0,3.61951137173658,2,0,0.53952889503446,0,1
279,0,5.45233041964836,1,1,1.21762696637575,1,1
280,0,0.186032380273188,2,1,0.563460639265248,1,1
281,0,1.8967722212492,2,0,1.91543519171302,0,1
282,0,0.521662433105903,2,0,0.171572460209283,0,1
283,0,0.373263536029624,0,1,-0.458586274872342,1,0
284,0,1.07616820647148,1,1,-0.386116947465695,1,0
285,0,2.28728014309965,1,0,-0.50396081960205,0,0
286,0,0.308069938721803,1,0,1.00865645896846,0,1
287,0,0.286748719456592,2,1,0.148885685026972,1,1
288,0,0.0106429715379837,1,0,-2.34483357223142,0,0
289,0,2.56172578815582,1,1,0.845308214092885,1,1
290,0,0.268499193345836,1,1,0.394439268730872,1,1
291,0,0.25262510594327,1,0,-1.03171696694124,0,0
292,0,0.235105188387445,1,0,-0.604872692133518,0,0
293,0,1.28966295858156,2,1,1.23223212591372,1,1
294,0,1.0519861957843,1,1,-1.46483209947836,1,0
295,0,0.0542219549033457,1,1,-1.25240965718985,1,0
296,0,0.632190671717045,1,0,-0.102568005645923,0,0
297,0,0.756217349323475,2,0,0.816284139886915,0,1
298,0,0.272340336814523,0,1,0.727249791164307,1,1
299,0,0.0588009114679771,1,1,-1.06451769368186,1,0
300,0,1.27272636208531,2,0,-0.542001151013508,0,0
301,0,0.204590068687113,1,1,0.36363168873759,1,1
302,0,0.574247284204283,2,0,0.0328094910551854,0,1
303,0,0.205140191408295,1,1,1.06668546550205,1,1
304,0,0.686428165063262,0,0,-0.262021475413016,0,0
305,0,0.466971616564359,1,0,-1.85260896736568,0,0
306,0,0.0367285789037139,1,0,-0.742851312283007,0,0
307,0,0.791414616865051,1,1,-0.310976687522416,1,0
308,0,0.0292197025070588,0,0,0.196997238817166,0,1
309,0,4.64511451593844,0,0,0.417138933184223,0,1
310,0,1.59391074209055,2,1,-0.6871228589301,1,0
311,0,1.27668245385091,0,1,0.278655859870762,1,1
312,0,0.747132559677476,2,1,-0.168308499633791,1,0
313,0,1.20606093253514,1,1,-1.73801343769424,1,0
314,0,0.827422385793629,2,0,1.02840211198945,0,1
315,0,1.74548543419432,1,1,0.418533500828145,1,1
316,0,1.52691434977567,2,0,-0.731193542855746,0,0
317,0,0.45614965333678,1,0,-0.240316491675155,0,0
318,0,0.373846799469775,2,1,-0.156497025886871,1,0
319,0,0.537161152840817,1,1,0.292044334914976,1,1
320,0,0.471593764805237,1,1,0.133622821034436,1,1
321,0,0.0394405741243726,1,1,-0.305697899900283,1,0
322,0,0.953269875076001,1,0,0.968974839939436,0,1
323,0,0.219857227398356,2,1,2.32561867634673,1,1
324,0,1.73073898039346,2,0,0.860907093861615,0,1
325,0,0.513493389628238,1,1,-1.43846816772168,1,0
326,0,0.0330390649552811,2,0,0.174789346328498,0,1
327,0,0.261545421231247,1,1,0.598918549658646,1,1
328,0,0.106140542775393,0,1,-0.798181000203688,1,0
329,0,2.55486718579489,2,1,0.400141409167368,1,1
330,0,0.829172697056149,2,0,1.13027530030848,0,1
331,0,0.0920715268745401,1,0,-0.614896814484672,0,0
332,0,1.52917746320227,2,0,1.10193506823973,0,1
333,0,0.276134934506544,1,1,-0.764098541179532,1,0
334,0,1.07788222070951,2,0,2.08485143659166,0,1
335,0,0.589720330846245,1,0,-0.739972689934848,0,0
336,0,0.815579257439585,1,1,0.611252461238254,1,1
337,0,0.166586263501266,2,0,1.16560072175146,0,1
338,0,1.20983750805614,2,0,0.960138884460201,0,1
339,0,1.45385483430004,2,1,-0.272052682369155,1,0
340,0,0.34010590706265,1,1,0.0925985061443616,1,1
341,0,0.0191914606683443,2,0,2.23435688568963,0,1
342,0,0.481181262361985,1,1,-0.77014000790406,1,0
343,0,2.04360544073418,2,0,0.673559656705129,0,1
344,0,0.826484100334705,1,1,1.35705098036583,1,1
345,0,1.48437588703927,2,0,2.66354915082437,0,1
346,0,1.08007422239322,2,1,-1.20101512048242,1,0
347,0,4.68604163549153,0,0,-0.779280984403479,0,0
348,0,1.10894533495108,0,1,1.27263376855307,1,1
349,0,2.5272917750547,1,1,-1.17676573325103,1,0
350,0,0.554030901101706,1,1,-0.140560651954492,1,0
351,0,0.149539326381937,2,0,0.818141543549545,0,1
352,0,0.101716468481648,1,1,1.21025832574335,1,1
353,0,1.66246426749024,1,0,-0.858468682369171,0,0
354,0,0.625161972517769,0,0,-0.404384213640673,0,0
355,0,0.53332659485166,1,1,-0.3169109087781,1,0
356,0,0.269395575614417,1,1,1.67972342756922,1,1
357,0,0.887455824333694,2,1,0.793879883962284,1,1
358,0,0.123252135982312,1,1,-0.975146851029326,1,0
359,0,0.941547046831423,2,0,-1.41771858563812,0,0
360,0,0.0370078340047095,1,0,0.257058294252223,0,1
361,0,0.17079924917051,1,0,0.790991160089766,0,1
362,0,0.222535573084723,0,1,0.0186292324442794,1,1
363,0,0.31031923713585,1,1,1.03844829369297,1,1
364,0,0.482243670928195,2,1,0.0337008713329969,1,1
365,0,0.142452070902952,1,0,0.357576711805449,0,1
366,0,0.0556692671785451,0,0,-0.170937473859745,0,0
367,0,0.349320888312393,1,0,-1.46491811010333,0,0
368,0,0.566598333041245,2,1,-0.577527419789792,1,0
369,0,0.150081620267029,1,1,-0.0165926964628006,1,0
370,0,0.463242528692532,0,0,-1.41872755495213,0,0
371,0,0.943919390117559,1,1,-0.198763319587128,1,0
372,0,0.070638876015657,0,0,1.91448938481757,0,1
373,0,3.00320043315551,1,0,-1.35243805545998,0,0
374,0,1.18610359059836,2,1,1.02110623201787,1,1
375,0,0.39416325125842,2,1,0.601508685211228,1,1
376,0,0.511813353882166,1,0,2.19219462395043,0,1
377,0,0.950908949426662,1,1,-1.03011064291913,1,0
378,0,2.77326498023466,1,1,-0.485586400804093,1,0
379,0,1.14271274691053,1,1,-1.45691651040174,1,0
380,0,2.39351160040545,2,0,1.11939762387865,0,1
381,0,0.000132779800499792,1,1,-1.37144969045103,1,0
382,0,0.089554252235045,1,0,-0.797070988222722,0,0
383,0,4.08409128987422,1,1,-0.299861572573141,1,0
384,0,0.214388881349921,1,0,0.417320554668316,0,1
385,0,2.11775753437179,1,1,-1.48657631379435,1,0
386,0,0.200452968753064,1,1,0.459833757749852,1,1
387,0,3.44735514418328,1,1,0.766336705027525,1,1
388,0,0.692624334821254,2,1,0.225179415862176,1,1
389,0,1.02718527286456,0,0,-0.270860186031897,0,0
390,0,0.250585195147587,1,0,-1.60363132743377,0,0
391,0,0.221555991481103,2,1,0.384655359500906,1,1
392,0,0.341668033232773,2,1,1.17708614484679,1,1
393,0,2.30540163157155,2,1,-0.339039469325923,1,0
394,0,1.37453373985265,2,1,0.715876525865098,1,1
395,0,0.849517252071688,2,1,-0.668582773530399,1,0
396,0,0.440152634062644,1,1,-0.57505367101432,1,0
397,0,0.448286788819712,2,0,-1.92362290353189,0,0
398,0,0.119466684594908,2,1,1.64967599815903,1,1
399,0,0.14450465493892,1,0,-0.164963511888606,0,0
400,0,0.348704267872315,2,0,0.137378861220652,0,1
401,0,0.284115371721975,1,1,-0.479934618046418,1,0
402,0,0.0113994498758994,1,1,-1.67266016373234,1,0
403,0,1.32695563968101,2,1,-0.217065170099317,1,0
404,0,0.29866448734999,1,1,-0.63417565229306,1,0
405,0,0.900468542386627,1,1,-0.671384282201947,1,0
406,0,2.26559754823857,2,0,-0.758642445499714,0,0
407,0,0.084968339651823,0,0,0.0944135951999191,0,1
408,0,0.59136137381793,2,1,1.04170736840902,1,1
409,0,0.0815336486876457,2,1,1.70254648172718,1,1
410,0,4.45894632166968,2,0,-0.267162806743313,0,0
411,0,0.617127439727655,1,1,1.34562691937816,1,1
412,0,0.0497998202594147,1,1,-0.314087651599365,1,0
413,0,4.50104721224812,2,0,0.266015520465781,0,1
414,0,0.261016584469129,2,1,0.399932255661214,1,1
415,0,2.97779396316077,1,1,-0.505402665235056,1,0
416,0,0.420801429660428,2,1,1.05667917677894,1,1
417,0,0.581915383097969,1,0,-0.454153155968781,0,0
418,0,0.433389883588613,1,0,1.36159392722596,0,1
419,0,2.15158226357606,2,0,-0.412304312163107,0,0
420,0,0.848657809094816,1,1,1.16458947971091,1,1
421,0,0.255582089512649,1,0,-1.01599059374949,0,0
422,0,0.0371728845375321,1,1,0.500799596604501,1,1
423,0,1.14239173270834,2,0,-0.553382195733506,0,0
424,0,0.155710812967064,1,1,0.831594883982845,1,1
425,0,1.44273119668166,0,1,-1.03146004704454,1,0
426,0,3.46193611228382,1,1,0.990171978515655,1,1
427,0,1.36484825970837,2,0,1.08979669270377,0,1
428,0,1.19273876850178,2,0,-0.750972177143297,0,0
429,0,2.01690951678575,1,0,-1.08200356250426,0,0
430,0,0.568584123821131,1,1,-0.828521416599246,1,0
431,0,1.14627655378661,1,1,-0.189183617262353,1,0
432,0,0.400650544532801,2,1,-0.447523050582317,1,0
433,0,3.06782158091664,0,0,0.415657873689685,0,1
434,0,2.77679517040156,2,0,-0.00414732218027684,0,0
435,0,0.572519764925043,0,0,-0.788716089270057,0,0
436,0,0.803699727690431,1,1,0.228807657581913,1,1
437,0,1.08568288119622,1,1,-0.579998353206205,1,0
438,0,1.47392451689877,1,0,-0.861139679348021,0,0
439,0,0.304944568003217,0,1,0.582672793652056,1,1
440,0,1.55669535510242,0,0,-0.20122346554995,0,0
441,0,0.338818754753808,1,0,-1.16496113813452,0,0
442,0,0.0119788315957357,1,0,-1.82033500782146,0,0
443,0,0.230600337134481,2,1,-0.90940755397377,1,0
444,0,0.368214531563065,2,0,0.868643252066914,0,1
445,0,0.114888496430049,1,0,-3.14690611289206,0,0
446,0,1.34297333704775,1,0,-1.58021962978245,0,0
447,0,0.0867953988271749,2,0,0.577541850461152,0,1
448,0,0.784069445396925,1,0,-0.0841254528795952,0,0
449,0,0.116203644623359,0,1,1.26180506844106,1,1
450,0,0.426490174828758,0,0,1.14671068398663,0,1
451,0,1.21693293686894,1,0,0.65289779882986,0,1
452,0,0.222700838248975,1,1,-0.734861326291666,1,0
453,0,0.236795016710468,1,0,-2.26829562288323,0,0
454,0,0.839370295203984,1,1,-0.790845458659922,1,0
455,0,4.64506848376799,0,0,0.77737820387572,0,1
456,0,1.64894556017666,1,1,1.07083984357219,1,1
457,0,0.33565114421721,2,1,1.74922182937237,1,1
458,0,0.288415362085981,1,0,-0.162740076089653,0,0
459,0,1.6250203020368,2,1,1.92653759073454,1,1
460,0,0.109537929605478,2,1,-0.231313725778599,1,0
461,0,0.223511501778644,2,1,0.877123974249687,1,1
462,0,1.28041471807831,1,1,1.53013760593169,1,1
463,0,2.63268500177789,2,0,-0.303931094607735,0,0
464,0,0.570794639876233,0,0,-1.14847345725298,0,0
465,0,0.668161331402142,2,0,1.29571792070619,0,1
466,0,0.135224036621812,2,1,0.459566546512462,1,1
467,0,3.06821991689503,0,0,-0.190226207996204,0,0
468,0,0.928000384265556,1,1,-0.739405887801568,1,0
469,0,0.933975996989801,1,0,1.05017927668064,0,1
470,0,0.342777802964796,1,1,-1.00693615052084,1,0
471,0,4.19263650663197,0,0,0.112176515680619,0,1
472,0,0.141761025403556,2,0,2.63580600621721,0,1
473,0,0.52457748601834,0,1,-0.576232747416064,1,0
474,0,0.540662533504971,1,0,-0.930561401900671,0,0
475,0,1.78478375567724,2,0,1.54705613879852,0,1
476,0,6,0,0,-1.26512646024316,0,0
477,0,0.423302616518109,1,1,-1.40826537413092,1,0
478,0,1.9871700738676,0,0,-0.417060094553114,0,0
479,0,0.296678171733541,1,0,-1.65964121758102,0,0
480,0,0.931093668365391,2,0,1.91225693697257,0,1
481,0,0.224594545866172,2,1,1.27500202823644,1,1
482,0,3.25516929782568,2,1,0.565639015440051,1,1
483,0,2.5116879489799,1,0,0.402831508935513,0,1
484,0,3.23463418348393,1,0,0.0198868797628663,0,1
485,0,6,0,1,-0.423239866696942,1,0
486,0,0.0726459666428495,2,0,2.32872766384149,0,1
487,0,0.399832122598882,1,1,1.47253703026044,1,1
488,0,0.986483797317842,0,1,0.125600350899298,1,1
489,0,0.709746482117675,0,0,0.84415110738784,0,1
490,0,0.15029682297467,2,0,2.7416806052442,0,1
491,0,2.54676247987897,2,0,1.27503139989918,0,1
492,0,1.78373066338897,1,0,-0.0808323468860567,0,0
493,0,0.406861627065337,1,0,-1.38621199314063,0,0
494,0,3.06618328593768,2,0,-1.12529321875751,0,0
495,0,3.3838013519174,0,0,0.53864336044828,0,1
496,0,0.392166323833963,1,0,0.0114709432264549,0,1
497,0,0.116765249679928,2,0,-0.400840352887344,0,0
498,0,1.65327753851407,2,1,0.525642256248894,1,1
499,0,2.87777325002227,1,1,0.0624659561002942,1,1
500,0,0.836604809324327,2,0,1.55334096818728,0,1
501,0,0.102398246526718,0,1,-0.50150105962746,1,0
502,0,0.0524626860732124,2,0,-0.267009489913464,0,0
503,0,0.159998351140391,2,1,0.194268748888063,1,1
504,0,1.35143473362898,2,0,1.13340016435191,0,1
505,0,3.46500977445406,1,0,-0.307075563402314,0,0
506,0,2.33497252998253,0,1,0.545040659810926,1,1
507,0,0.221524321428612,1,0,0.0802687164479757,0,1
508,0,0.0392829440001146,1,0,0.431433982027996,0,1
509,0,0.063277635570223,1,0,-0.258159677188092,0,0
510,0,1.97342611107116,1,0,-1.30235490492469,0,0
511,0,0.701366645029062,1,1,0.599822800814855,1,1
512,0,0.603135904832377,1,0,-0.0966193880818491,0,0
513,0,2.46502330516974,1,1,-0.044642799557487,1,0
514,0,0.0342553691550922,1,1,0.449610897651024,1,1
515,0,6.37466831084845e-05,1,0,-1.13092363762849,0,0
516,0,0.319972275427264,1,1,-2.17268127641807,1,0
517,0,0.0802051376708375,1,0,-0.479580010078389,0,0
518,0,1.18160277458799,2,0,-0.106722793600869,0,0
519,0,0.0736649396416339,2,0,2.30122118241076,0,1
520,0,0.0603914146363072,1,1,-1.26705091990955,1,0
521,0,2.97634326176387,1,0,-0.809414594819598,0,0
522,0,1.94273256897608,1,0,-1.84985654090374,0,0
523,0,0.129725882413998,1,1,-0.391795256026405,1,0
524,0,0.935755644417968,2,0,-0.477463352041335,0,0
525,0,0.858981475614637,2,0,-1.04690191062352,0,0
526,0,1.89331808439428,2,0,-0.499667426817428,0,0
527,0,0.924835260957479,0,1,-0.324494834082626,1,0
528,0,0.289591158739167,1,0,-0.938117003060048,0,0
529,0,0.51296195140628,1,1,0.234446720649301,1,1
530,0,4.42251652688441,2,0,-1.20789880406984,0,0
531,0,2.31376270453135,0,0,-0.530006272381969,0,0
532,0,0.557605837320397,2,0,1.98221019018376,0,1
533,0,1.88788389410532,2,1,0.15279563352044,1,1
534,0,1.00081382271075,1,1,0.390834880614379,1,1
535,0,2.46097543880147,1,1,0.741953676927031,1,1
536,0,0.240494492208861,2,1,1.29614550448488,1,1
537,0,0.653724505454391,2,1,0.204816034398376,1,1
538,0,0.780155057489618,2,0,1.2084678898329,0,1
539,0,1.61833463022777,2,0,-1.15433763088731,0,0
540,0,0.455260263709484,1,0,0.0942239113941793,0,1
541,0,0.308486490199963,0,1,-0.90228378008672,1,0
542,0,0.0383483604401165,1,0,0.470237582398389,0,1
543,0,2.99933695900391,2,0,1.34190257013607,0,1
544,0,0.979144201970301,2,1,0.132530562210389,1,1
545,0,0.887264889070633,2,0,-0.356435481314003,0,0
546,0,0.878763074304154,1,1,-1.05090462032083,1,0
547,0,0.0103656431237056,2,0,2.16935375300644,0,1
548,0,0.0400612397331218,2,1,0.47307533887965,1,1
549,0,0.482789700087722,2,0,1.15595722926545,0,1
550,0,0.874022862526349,2,0,-0.515595819043977,0,0
551,0,0.724964886903763,0,0,0.258059659998883,0,1
552,0,0.530710376462215,1,0,-1.32089912343457,0,0
553,0,0.694992011154968,1,1,-0.766359106023081,1,0
554,0,0.375152941720644,2,0,0.787867741251979,0,1
555,0,0.0891667472558156,1,1,-0.316907101270777,1,0
556,0,0.0209019701087769,2,1,1.15766161106856,1,1
557,0,0.0736783966171758,0,1,1.70396184726814,1,1
558,0,0.4988836288261,1,1,0.495087232665255,1,1
559,0,0.776874534785748,0,0,-0.211200361623791,0,0
560,0,0.530922488164146,1,0,0.331892431818529,0,1
561,0,0.847448718682452,0,1,0.448040936622536,1,1
562,0,2.34052529197076,1,0,-0.746533849265833,0,0
563,0,3.27787606088277,1,0,-3.26819708277492,0,0
564,0,0.714127888855878,0,1,0.235235529476782,1,1
565,0,0.0953675120129534,2,1,-0.230571557939567,1,0
566,0,0.301338538155423,1,0,-0.268355688446242,0,0
567,0,0.9910880292391,1,1,-1.68075548602955,1,0
568,0,0.256064860644412,2,1,-0.398276729566112,1,0
569,0,1.50896657261558,1,0,-1.40791510647508,0,0
570,0,0.0794926340691567,2,1,0.127027952387134,1,1
571,0,4.8919254216674,2,0,-0.309044915077613,0,0
572,0,0.335606304580787,1,0,1.23608920470568,0,1
573,0,0.435032327034522,1,1,-1.06001438869251,1,0
574,0,1.73504776404126,1,0,-1.37408022131906,0,0
575,0,0.112610470301599,1,0,-1.69660856268005,0,0
576,0,0.715589807697198,1,1,0.0135936304171042,1,1
577,0,0.283324342206596,0,1,-0.442212024309123,1,0
578,0,0.365587660537488,2,1,1.64614574377557,1,1
579,0,0.115910930262651,1,1,0.00594558710402582,1,1
580,0,0.931256387303454,2,0,0.895781235176821,0,1
581,0,0.149885192842314,0,1,0.647368303432739,1,1
582,0,0.490711866994599,1,0,-0.602809250159694,0,0
583,0,1.1659654323257,1,0,-1.14825308807972,0,0
584,0,0.796408379031094,0,0,-1.39483285915336,0,0
585,0,1.07977156798867,2,0,-0.174363070816656,0,0
586,0,0.916789524880291,1,1,0.952647881205256,1,1
587,0,1.97930743537889,1,1,-0.0137540392074544,1,0
588,0,0.917235101632747,0,1,-0.703290177691331,1,0
589,0,0.219487927080632,2,0,1.38530621017709,0,1
590,0,0.0352363466085027,1,0,-1.47682108849776,0,0
591,0,1.86921706299639,2,0,0.222544418008561,0,1
592,0,0.0927351365917159,2,1,0.0748922666907322,1,1
593,0,0.204321593087974,1,1,-0.785773129370173,1,0
594,0,0.493074112575848,1,1,-1.51644813415377,1,0
595,0,1.64696574631208,1,1,0.951173627427447,1,1
596,0,0.602891508133654,1,1,-0.0233388894838365,1,0
597,0,0.524959151805119,2,0,1.74553415511935,0,1
598,0,0.156860657475938,1,0,1.27116673605079,0,1
599,0,0.945884736174792,2,0,1.27641936648518,0,1
600,0,0.635822582114707,2,0,0.583610526462079,0,1
601,0,0.597916107081424,2,0,0.457501662731252,0,1
602,0,0.962027153722953,1,1,-0.714744606917948,1,0
603,0,0.0130254140313643,2,1,0.00576747102510009,1,1
604,0,0.785722341388464,0,0,0.525965379706183,0,1
605,0,0.0405069879461143,2,1,1.08780192386738,1,1
606,0,1.09525905672185,2,0,0.213298031016865,0,1
607,0,0.17926790773219,2,0,1.27566652881983,0,1
608,0,2.07060008297822,2,0,1.13980580810553,0,1
609,0,1.04443405036353,1,0,-0.186338580686543,0,0
610,0,1.64044080745476,2,0,-0.281178369588851,0,0
611,0,1.21891047184666,0,0,0.045435321392885,0,1
612,0,3.97328423742075,0,0,0.212603828782617,0,1
613,0,0.615309342590746,1,0,1.37279856715321,0,1
614,0,0.503468099863462,1,1,-1.11574932966158,1,0
615,0,3.05420541049907,0,0,-0.551052625845142,0,0
616,0,1.12705789710807,2,0,-0.463740728128913,0,0
617,0,1.72588457663854,0,0,-0.700769641201736,0,0
618,0,0.593938300589497,0,1,1.34203881880538,1,1
619,0,0.316290745085343,1,1,0.862181471028956,1,1
620,0,2.66783952074858,1,1,-1.39465433340835,1,0
621,0,1.16818839562347,1,0,-0.0931835655488232,0,0
622,0,0.459846782157603,2,1,1.84501971600735,1,1
623,0,0.354819363855556,1,0,-1.51902869108295,0,0
624,0,2.86688406255871,2,1,0.0962501101980808,1,1
625,0,0.728358060488269,2,0,2.33908428507646,0,1
626,0,0.809554535274704,0,0,0.263788617675395,0,1
627,0,0.257741318080385,2,1,1.42215616388018,1,1
628,0,1.82855308160177,1,1,-0.0265589356115736,1,0
629,0,0.588394271949274,0,1,0.245565448783925,1,1
630,0,2.1434558338947,2,1,-0.0658264404360221,1,0
631,0,1.12981212825559,1,1,0.225029195460315,1,1
632,0,0.774739509736767,1,1,-1.30697031859638,1,0
633,0,1.97150596323181,1,1,0.563417294899414,1,1
634,0,1.17776411518346,1,1,0.412593664718353,1,1
635,0,0.526959679346934,1,0,-1.05103804184667,0,0
636,0,3.94357916278144,0,0,-0.642009056000975,0,0
637,0,0.0477451944102144,1,1,0.122055960209381,1,1
638,0,0.675271993568121,2,1,0.981831272910911,1,1
639,0,0.807205292441686,1,1,0.665831776143007,1,1
640,0,0.861771173579298,2,1,1.49250338184353,1,1
641,0,0.302142217351213,1,0,-3.61798120934761,0,0
642,0,0.211502315402426,2,0,0.904299849965599,0,1
643,0,1.84199472889304,0,0,0.0651967137940148,0,1
644,0,1.69011890799229,1,0,0.688379764812532,0,1
645,0,0.914181375252912,1,0,0.075678890923487,0,1
646,0,0.157873382170995,0,0,0.519460897430919,0,1
647,0,0.680373429769673,1,1,0.51601726653906,1,1
648,0,0.585375991194339,1,1,-0.110378952551946,1,0
649,0,0.224201142820346,1,0,1.15047376912068,0,1
650,0,2.29201647178948,1,0,1.68958213279528,0,1
651,0,0.754416886278669,2,0,0.974568782358112,0,1
652,0,0.441512823360636,2,1,1.05312330671684,1,1
653,0,0.153361740242026,2,0,1.68059599796522,0,1
654,0,0.860348615648026,1,0,-1.15295610058686,0,0
655,0,1.59716149792075,0,0,1.58143984814454,0,1
656,0,0.530497847745816,0,0,0.31674845667418,0,1
657,0,2.21858385100271,2,1,-1.53516472609303,1,0
658,0,0.381346585065469,2,1,-0.617280375146073,1,0
659,0,1.28799404008871,1,1,0.998149685296295,1,1
660,0,0.000351965427398682,0,1,-0.673583705763719,1,0
661,0,0.0600970757538656,1,0,-0.271769679499441,0,0
662,0,1.26769084889794,2,1,0.511016697091045,1,1
663,0,0.0028992040703694,0,1,1.03642961292544,1,1
664,0,3.9952303717445,2,0,-0.112262420166373,0,0
665,0,1.11264376629795,2,0,-0.601708418103201,0,0
666,0,1.99731185100973,0,1,-0.235659764061047,1,0
667,0,0.0831554427614744,1,0,-1.68022092102579,0,0
668,0,0.775171199053568,0,0,-0.894815333318664,0,0
669,0,1.45652112852399,2,0,0.232520864925909,0,1
670,0,2.26692354880058,2,1,-0.851912355616565,1,0
671,0,0.147428351375811,1,1,0.470583911017197,1,1
672,0,0.836707999658381,1,1,-1.12561903930398,1,0
673,0,0.721234378240223,2,1,1.41849716154791,1,1
674,0,1.09694988849028,2,1,-1.19546852429696,1,0
675,0,3.38010897389738,1,0,-0.916944571157616,0,0
676,0,0.194258606061339,0,0,-0.552083436988654,0,0
677,0,0.167336260852542,1,1,-1.09090718507044,1,0
678,0,1.17776226990829,1,0,-1.14203841199668,0,0
679,0,1.28836907283166,1,1,0.541937128435249,1,1
680,0,0.992164197866323,1,0,1.31560916094344,0,1
681,0,0.322879356942059,1,1,1.43383318549583,1,1
682,0,0.400194184183789,1,1,0.269455313151662,1,1
683,0,0.0747689943807512,1,1,-0.298719241742097,1,0
684,0,1.58852699131156,1,1,-1.53069103182052,1,0
685,0,2.16413723106925,1,0,0.0235207962534839,0,1
686,0,0.129756815036599,1,1,-0.294307091008104,1,0
687,0,0.546395605645767,2,1,1.72859000806288,1,1
688,0,0.0798423473919137,1,1,-3.18030141782976,1,0
689,0,0.458180267797669,1,1,1.16848981725386,1,1
690,0,0.545115717907919,1,0,1.25510559015535,0,1
691,0,1.19532867334783,0,0,0.385055057110543,0,1
692,0,1.16397891714553,1,1,0.599683780656048,1,1
693,0,1.37784303712434,1,1,0.803031061368995,1,1
694,0,0.704534759306116,2,0,0.799430926700512,0,1
695,0,0.875752690372449,1,1,1.75447570486181,1,1
696,0,0.605678910460472,2,1,-0.80355448332601,1,0
697,0,0.513457706467889,1,1,-1.93335406454931,1,0
698,0,0.0768488507058722,1,0,-1.42008000096467,0,0
699,0,0.272905832435453,2,1,0.938366905478349,1,1
700,0,0.207619847651917,2,0,2.21560943857695,0,1
701,0,0.0146096948647371,1,0,-1.63610080477999,0,0
702,0,0.544703689714273,0,0,0.443379305068692,0,1
703,0,0.650099871446715,1,0,-1.41573475677369,0,0
704,0,0.602826726094669,0,1,1.76980028797109,1,1
705,0,1.06073055958455,2,1,0.24712248562309,1,1
706,0,0.603878107920645,0,1,1.43224949894716,1,1
707,0,1.16804819461972,1,1,1.63211117386811,1,1
708,0,0.264678294239211,2,0,1.90372419648107,0,1
709,0,0.113156999771794,0,1,-0.55822343869761,1,0
710,0,0.905852380715631,1,1,1.2845633665232,1,1
711,0,0.192907875636187,1,1,1.5643562215998,1,1
712,0,0.621896462544883,1,0,0.335354557948053,0,1
713,0,2.35018431425163,2,0,0.894074890469062,0,1
714,0,0.795714013731307,1,0,0.44929435655713,0,1
715,0,0.19720467090542,1,1,-0.196793291567816,1,0
716,0,1.51372691032613,1,0,-1.54638934205642,0,0
717,0,2.8964958836635,0,1,-0.514131662000773,1,0
718,0,0.617936418894269,2,0,1.02002537042941,0,1
719,0,2.30070208362381,2,0,1.6122722595484,0,1
720,0,0.881188743317753,0,1,1.49598210241642,1,1
721,0,0.257405046172594,1,1,-0.0419552623885046,1,0
722,0,1.63915083621288,0,1,0.385003697132599,1,1
723,0,2.69281923538826,1,0,1.21619212458993,0,1
724,0,2.85204289342843,2,0,-0.974043243429025,0,0
725,0,1.15959778251781,1,1,0.694804010749136,1,1
726,0,0.19006245805148,2,1,0.045071392002193,1,1
727,0,0.635421577393641,2,1,0.589769328649264,1,1
728,0,0.248017911875049,2,1,1.77713713072151,1,1
729,0,1.48671572017349,1,1,0.600933947369094,1,1
730,0,5.25760968615153,1,0,0.0443735558358235,0,1
731,0,0.412292171837838,2,1,1.0143056050553,1,1
732,0,0.0634163915195099,1,0,-1.99028797530511,0,0
733,0,0.870746220731167,1,1,0.455485407220678,1,1
734,0,0.0253624824314828,2,0,1.63773085907256,0,1
735,0,1.72065522332633,2,1,-0.132306328068913,1,0
736,0,0.504896509283777,1,0,-1.31909669147635,0,0
737,0,6,0,0,-0.500592955379258,0,0
738,0,0.515553137268758,1,0,-0.117345565106083,0,0
739,0,1.21792480906372,1,1,-0.00390684273423322,1,0
740,0,0.953829124921405,1,0,0.00171395580151349,0,1
741,0,1.42609134461076,2,0,1.86316561636818,0,1
742,0,0.661818471616599,1,1,-1.12876694552165,1,0
743,0,0.563436773023771,1,1,1.11865605647119,1,1
744,0,1.30433825527279,1,0,-0.360059543963401,0,0
745,0,0.043218310978415,2,0,0.382627058001347,0,1
746,0,0.205975566828015,2,0,1.82752296447491,0,1
747,0,0.52287299767022,2,1,-0.23472623775571,1,0
748,0,0.547599508459738,2,0,1.54474267362318,0,1
749,0,1.85043803434617,2,0,0.595009807014558,0,1
750,0,0.68930184684158,1,1,-1.25589457022974,1,0
751,0,0.474683943017851,1,1,-1.19016012683853,1,0
752,0,2.81492690154178,2,0,-0.503530871934904,0,0
753,0,3.44118865517279,0,0,-0.418788960248434,0,0
754,0,0.937861312801639,0,0,-1.05029814025678,0,0
755,0,0.771851230143904,1,1,0.377665957132246,1,1
756,0,1.84464499359399,1,0,0.0274591186205446,0,1
757,0,1.77530912352208,1,0,-1.52940760666382,0,0
758,0,1.0968495749932,2,0,1.00307928298265,0,1
759,0,0.0136852735167982,1,0,-1.37978577782677,0,0
760,0,0.607384101646422,1,0,-1.56363256776388,0,0
761,0,3.80764476796824,2,0,-0.276803883342488,0,0
762,0,1.11666140414873,1,1,0.783851185909912,1,1
763,0,0.732955414180954,0,0,-0.78511383434865,0,0
764,0,0.204742898543676,0,0,0.880873149348842,0,1
765,0,0.120875973718953,1,1,0.122838395363113,1,1
766,0,0.19342701004232,2,0,0.673551599062195,0,1
767,0,0.141414553145076,1,1,-2.31484134829963,1,0
768,0,0.503255952573847,1,1,-0.207551100329553,1,0
769,0,2.03531508145494,1,1,0.27980652073625,1,1
770,0,1.89538932230082,2,0,0.391333256684929,0,1
771,0,0.440788759451417,1,1,-0.409042849713324,1,0
772,0,0.0532193609179384,1,0,0.0585969971206806,0,1
773,0,1.16098508547309,1,1,-0.655323877567149,1,0
774,0,0.763637206232463,1,1,-0.767281276960751,1,0
775,0,0.525333203362192,1,0,-1.03927472596131,0,0
776,0,0.119765785882038,2,0,0.81267870249059,0,1
777,0,0.1279490515149,1,1,-2.2588869089157,1,0
778,0,0.749790386031233,1,0,-0.227151107535738,0,0
779,0,0.819944432909389,1,0,-0.511659119776366,0,0
780,0,0.991290920695869,1,0,1.27990169591564,0,1
781,0,1.46413087534408,0,1,-1.31330691977557,1,0
782,0,0.0591884795050651,1,1,-1.17359536077242,1,0
783,0,0.326385787242121,1,1,-0.0111040122016904,1,0
784,0,0.577369855946481,2,0,0.452455539332531,0,1
785,0,0.691849810908582,2,0,-0.618348660951937,0,0
786,0,0.441202659923213,1,1,-0.972412310300077,1,0
787,0,0.477591363731685,1,1,-0.363770695588625,1,0
788,0,1.50566340238721,2,0,0.293297560224345,0,1
789,0,0.671687431429102,1,1,0.14037506925385,1,1
790,0,0.941783667081836,1,0,-0.887101369458459,0,0
791,0,0.108789532184909,1,0,-1.20134612006926,0,0
792,0,0.331438485300183,2,1,1.66523461992514,1,1
793,0,0.518789673034303,1,0,0.547945030409313,0,1
794,0,0.502317515447382,1,1,-2.39584221391707,1,0
795,0,0.546520229631079,1,1,-0.791903386439213,1,0
796,0,0.401235457977468,1,0,-1.8163736596902,0,0
797,0,0.819703163310157,2,0,1.92881431979134,0,1
798,0,0.883468600681015,1,0,1.20208713179072,0,1
799,0,0.0202022345290216,1,0,1.08782694288072,0,1
800,0,1.08272820374361,1,1,0.00986910242039258,1,1
801,0,0.83061825293027,1,1,-0.351396850777105,1,0
802,0,2.56078541374718,2,0,0.302031191456958,0,1
803,0,0.972464044267933,0,0,1.93029158015962,0,1
804,0,0.168065523088591,2,0,0.453148543304343,0,1
805,0,2.09210973230229,2,0,-2.31188629111496,0,0
806,0,0.213094690099864,2,0,-0.324884715847996,0,0
807,0,2.2059652822738,1,0,-0.074538739631751,0,0
808,0,1.48712910899566,1,0,-1.06216490798933,0,0
809,0,0.0481105117756498,2,1,1.54730195579871,1,1
810,0,0.8642011823388,1,0,0.294208140763222,0,1
811,0,0.211535125342342,2,1,1.74373472765713,1,1
812,0,0.565782463923784,2,0,1.93922338459416,0,1
813,0,0.719026913796524,2,0,1.52547024362492,0,1
814,0,0.940022509887953,1,1,-0.124430491737414,1,0
815,0,2.61650256773483,2,0,-0.565377889099267,0,0
816,0,0.907288101465416,1,1,-0.478046382192019,1,0
817,0,1.40591637903302,2,1,1.1289843578636,1,1
818,0,1.15472016613818,1,1,0.500242379382427,1,1
819,0,2.3960452247411,0,0,-0.712487556837194,0,0
820,0,1.32088264735157,1,1,0.501186380623651,1,1
821,0,0.547369015785579,1,1,0.885251445760019,1,1
822,0,4.18275699124792,2,1,-1.36266241357677,1,0
823,0,4.54923921676496,2,0,-0.924901727501434,0,0
824,0,1.42233211458399,2,0,0.185281407631487,0,1
825,0,6,0,0,-0.448121967729642,0,0
826,0,1.04928306491612,2,0,0.696545739983441,0,1
827,0,1.31502976319285,2,0,0.140168828913593,0,1
828,0,0.388286549145296,1,0,0.920120976747456,0,1
829,0,0.206520976040527,1,1,-1.58338585151052,1,0
830,0,1.65605199953449,1,1,-1.07015058909875,1,0
831,0,0.202368467043974,1,1,0.247972438548678,1,1
832,0,1.01901188182334,0,0,1.98555877752875,0,1
833,0,0.431463151130961,1,1,0.24137632437413,1,1
834,0,1.45605176416372,2,0,-0.510749309379486,0,0
835,0,2.0043791582187,0,0,0.806655347030348,0,1
836,0,1.7554021984385,2,1,-0.354686562931926,1,0
837,0,0.149646641019507,1,0,-0.71537062775686,0,0
838,0,0.117517742465353,1,1,0.902705818093681,1,1
839,0,0.0376266884639236,2,0,-0.0818740948425229,0,0
840,0,0.0878635607659817,0,0,-1.06306147214897,0,0
841,0,0.228331787578029,1,1,0.565711498915166,1,1
842,0,0.381868698257082,1,0,-0.147885559877948,0,0
843,0,0.177692805570821,1,0,-1.21015038896853,0,0
844,0,0.236571073170961,1,1,-0.705665933578949,1,0
845,0,1.7880746598045,0,1,0.798046669320919,1,1
846,0,0.580903309980459,2,0,-0.0583492159955893,0,0
847,0,0.035976525904954,1,0,0.831451024245302,0,1
848,0,0.929017628280697,0,1,-0.646048396083741,1,0
849,0,0.202141125441717,2,0,0.536148789582031,0,1
850,0,1.72847211671372,0,1,-0.746812339890962,1,0
851,0,3.68585533289369,1,1,0.209880982702446,1,1
852,0,0.538443195572262,1,0,0.509613508796413,0,1
853,0,0.122083700844092,2,1,1.88015114400665,1,1
854,0,0.0919093422643722,1,0,0.189210537248411,0,1
855,0,0.575068322941661,0,0,-0.310309997496428,0,0
856,0,0.053943548338662,0,0,1.22339521085145,0,1
857,0,3.29841036536034,2,1,-0.154781031970222,1,0
858,0,0.754446253225461,1,1,0.230931219568594,1,1
859,0,0.0246364366152341,1,1,-0.420804207297385,1,0
860,0,0.956708747297865,2,0,1.16548772925006,0,1
861,0,0.0727671571075916,0,1,1.41257606913636,1,1
862,0,0.363354679241209,1,1,-0.534321299886726,1,0
863,0,0.435135203103224,0,0,-0.116570722147277,0,0
864,0,2.09943406040911,1,1,0.824262176369591,1,1
865,0,0.419191559990524,1,0,0.880063173132211,0,1
866,0,5.50894571056134,2,1,-1.06342234052056,1,0
867,0,0.627726110138015,1,1,0.436270833114798,1,1
868,0,1.13384632847666,1,0,-0.582622442658246,0,0
869,0,0.331913915773233,0,1,0.605559828600764,1,1
870,0,0.132441031037896,2,0,0.462001771152678,0,1
871,0,1.9254522220839,2,0,-0.331499814188017,0,0
872,0,1.23159668286256,1,0,0.492728529391511,0,1
873,0,0.0091130452093166,1,1,-2.96110250293535,1,0
874,0,1.0017063498236,1,0,-0.319427136352974,0,0
875,0,0.116279880176969,1,1,0.539640602725329,1,1
876,0,0.12868837881709,1,0,-2.20639886838147,0,0
877,0,0.0936466243092674,1,0,-0.312094344794049,0,0
878,0,1.02701960950356,1,0,-0.477709030316976,0,0
879,0,5.85130182023972,2,0,-1.22932984060124,0,0
880,0,2.19385309576481,2,1,0.334708778061108,1,1
881,0,3.9852131601396,1,1,-0.0411027327508634,1,0
882,0,1.1295580713971,1,1,0.431904373671933,1,1
883,0,0.574645884335041,0,1,-0.54565402355323,1,0
884,0,0.744613212454987,1,1,-1.01061283799711,1,0
885,0,2.85790942298565,2,0,-0.484394362237965,0,0
886,0,1.974154067197,2,1,-0.258121868439963,1,0
887,0,0.163513191965824,2,0,1.53096656669755,0,1
888,0,1.42463701466719,0,1,-0.118851445458092,1,0
889,0,1.01070486940876,2,1,0.866229253965674,1,1
890,0,0.397212533054479,1,1,1.31551420746025,1,1
891,0,1.09463366679847,0,1,0.382485312609818,1,1
892,0,0.225588544536239,1,0,-0.047602753430487,0,0
893,0,0.229960258175684,1,1,-1.39336499008165,1,0
894,0,6,0,0,-0.0379950983961164,0,0
895,0,1.08387268468117,1,1,0.0258123266357043,1,1
896,0,0.18966259610994,1,1,-0.668963309356018,1,0
897,0,1.21147854050391,1,0,-0.439254497498562,0,0
898,0,0.0403352115084704,1,0,-0.0374301744471594,0,0
899,0,0.96281006000936,0,0,-0.604587651728892,0,0
900,0,0.254554511511029,1,0,-0.102382366082198,0,0
901,0,0.332929982687767,0,0,-0.476211815597109,0,0
902,0,0.625795370682057,2,1,2.01761758852513,1,1
903,0,0.197108155984527,2,1,1.99141031923997,1,1
904,0,0.747039032230543,1,1,0.422010792180705,1,1
905,0,0.626662292828163,0,0,-0.51482417074662,0,0
906,0,2.65638555929724,2,1,-1.07885668583321,1,0
907,0,0.37837018630113,1,1,-0.796409480621754,1,0
908,0,0.727014647888699,2,0,0.335768004507745,0,1
909,0,0.272209509152475,1,0,-1.68162265157736,0,0
910,0,0.0159628959984392,1,1,0.538571915704604,1,1
911,0,1.0920301757355,1,0,2.22751717781885,0,1
912,0,0.386116900443605,1,0,-1.05750005979644,0,0
913,0,6,0,0,-0.557778970411857,0,0
914,0,0.531418109249886,0,0,0.844794344117844,0,1
915,0,0.268638953492842,2,0,0.50247619275317,0,1
916,0,0.542637316404534,1,1,-0.796086372589263,1,0
917,0,0.394759221623341,0,1,-1.64146750269278,1,0
918,0,0.773419679797184,2,0,0.477928138562903,0,1
919,0,6,0,0,-0.394320891323859,0,0
920,0,1.04634830139755,2,0,2.14107390469031,0,1
921,0,0.0966549230118593,0,1,1.15026796882234,1,1
922,0,1.74716556523089,1,1,-1.14263764332834,1,0
923,0,3.14354177448755,2,1,-0.59664909576719,1,0
924,0,0.440030498430133,0,1,-1.14134047494356,1,0
925,0,0.342548530045216,2,1,-0.106452756468645,1,0
926,0,2.06885185336521,1,0,-1.0328343056599,0,0
927,0,0.126964369510331,1,1,-1.29685107256714,1,0
928,0,0.0918406833708051,1,1,-0.503376725252152,1,0
929,0,0.312779698917476,2,0,0.463049872281907,0,1
930,0,1.25107675988141,2,1,0.564898366739467,1,1
931,0,0.166067715615494,1,1,-1.50258634097446,1,0
932,0,0.00185194268951971,1,1,-1.19143614841544,1,0
933,0,0.629196676949916,1,1,0.594542779948191,1,1
934,0,0.502221808999665,2,1,0.764117851953782,1,1
935,0,0.913466158338585,1,0,0.744610970725202,0,1
936,0,1.52928500414433,2,0,-0.393280901192978,0,0
937,0,1.96810894024832,1,0,-0.229859790708244,0,0
938,0,1.59304856000368,2,1,-0.81754610599798,1,0
939,0,2.58810815021713,0,0,-2.64219754877229,0,0
940,0,1.57311458038045,1,0,0.734479903993935,0,1
941,0,0.14079930814242,2,1,1.30493632990964,1,1
942,0,0.670217253888647,0,1,1.73631786115892,1,1
943,0,1.33482278866024,2,0,0.48323006965472,0,1
944,0,0.18955343417309,1,1,0.44669640056362,1,1
945,0,0.174417908324049,2,0,1.75033687373687,0,1
946,0,1.21276873838352,2,0,0.186165054308369,0,1
947,0,0.512745876832479,2,1,2.00579954393411,1,1
948,0,0.828619808604642,2,1,-0.114905616513173,1,0
949,0,0.663976123261622,1,1,-0.798931069907063,1,0
950,0,0.424668338770668,0,0,-1.38446078144274,0,0
951,0,3.50320859720416,1,0,0.408171097730675,0,1
952,0,1.72259900395129,2,0,0.436178919137341,0,1
953,0,0.989210790888166,0,0,2.32369010069542,0,1
954,0,0.226181253346102,1,0,-0.236879912452895,0,0
955,0,0.118604382371621,2,0,1.65105109684377,0,1
956,0,0.18977685996066,1,1,0.105747569635905,1,1
957,0,0.179315415164904,1,1,0.0425998755899143,1,1
958,0,1.73135946550306,1,0,0.264603558748164,0,1
959,0,1.41957480615784,1,1,0.295158362012024,1,1
960,0,0.246465760992656,1,1,1.77284140271521,1,1
961,0,1.2257685610471,1,1,-1.19248672076281,1,0
962,0,0.0148016524811586,0,1,1.41585593941777,1,1
963,0,1.37007906632476,1,1,-0.172065437457734,1,0
964,0,0.911293257096122,1,1,-0.462456528762119,1,0
965,0,0.347861417200239,1,1,0.810617475473095,1,1
966,0,0.764158687090335,1,0,-0.647699981098596,0,0
967,0,0.605621861097369,0,0,-0.277852894003924,0,0
968,0,1.42410967499018,0,0,0.1064107033429,0,1
969,0,0.155896155716019,1,0,1.30736854084834,0,1
970,0,0.216400897919901,1,1,0.439378070986997,1,1
971,0,2.24247438378408,2,0,0.707468769812219,0,1
972,0,0.0547889158785533,2,1,0.900613845672696,1,1
973,0,1.75582143530348,2,1,-0.215912638863861,1,0
974,0,0.229888014117806,2,1,-0.403493210714764,1,0
975,0,0.7917725491529,2,1,0.114808252960249,1,1
976,0,0.380625927231312,1,1,-1.62688601109162,1,0
977,0,0.238685917777742,0,0,-0.591291154840608,0,0
978,0,1.18508263014498,1,1,0.333944434632969,1,1
979,0,1.55680212973045,1,1,0.299073799959688,1,1
980,0,4.09160891876845,2,0,-0.126544144038235,0,0
981,0,0.876533597167185,1,0,0.380163408887322,0,1
982,0,1.1123299395879,2,0,0.306930140826338,0,1
983,0,1.68857208327582,1,0,-1.07087521201761,0,0
984,0,0.388061600974691,1,1,0.347492836729248,1,1
985,0,0.838345954758963,1,1,0.287145330280428,1,1
986,0,0.157430612490361,2,1,-0.739917790272907,1,0
987,0,0.484113226949371,1,1,1.17703254421611,1,1
988,0,2.36592221729634,2,1,-0.431326029075629,1,0
989,0,0.105254622154786,1,1,-1.32344028621923,1,0
990,0,0.994125505149747,1,0,0.475562985552002,0,1
991,0,1.85400307703735,2,1,0.863769296921195,1,1
992,0,0.420847713014666,1,0,0.670871980058676,0,1
993,0,2.13819581247555,2,1,0.460478119741855,1,1
994,0,0.184990582395969,2,1,2.63072548473405,1,1
995,0,0.609139663535337,1,0,-0.659684448594933,0,0
996,0,0.667574372197311,1,0,-1.1355777243446,0,0
997,0,0.338364534884277,2,1,-0.333557442205333,1,0
998,0,0.0218721400940988,2,1,0.228586472187759,1,1
999,0,0.0171296779419277,1,1,-0.735778238008321,1,0
1000,0,1.12696633355645,1,0,-0.178716779947582,0,0
1001,0,0.492029927230941,1,0,0.38285405643581,0,1
1002,0,4.62484412488151,0,0,0.14394780511365,0,1
1003,0,0.0235748064691499,1,0,1.49072598443243,0,1
1004,0,0.0689277133412244,2,1,-0.367043862673119,1,0
1005,0,2.00762289576232,0,0,0.708450106296571,0,1
1006,0,2.31541493658572,1,1,1.70544212878401,1,1
1007,0,0.398126547517363,1,1,-0.840849570109795,1,0
1008,0,0.344509011940398,1,1,0.69668332217034,1,1
1009,0,2.00901083870888,1,1,-0.665207016573818,1,0
1010,0,0.449965835960516,2,1,-0.799286708645586,1,0
1011,0,0.784678497158759,2,1,1.40155918090257,1,1
1012,0,4.32775943143971,1,1,0.229634972545746,1,1
1013,0,1.16588438500802,2,0,0.501503308338179,0,1
1014,0,1.87257894625266,0,0,0.13203933691203,0,1
1015,0,1.2772014702647,1,0,-2.32959581630025,0,0
1016,0,0.203440281919945,2,0,0.512030074913,0,1
1017,0,1.86982874176554,2,0,0.621268848111484,0,1
1018,0,0.167765078351785,1,0,0.997500956179288,0,1
1019,0,0.00104625465809052,1,0,-0.390128198130063,0,0
1020,0,1.09640173107286,1,1,-1.12373865035778,1,0
1021,0,6,0,0,0.979879587247624,0,1
1022,0,1.78028693042912,1,1,-1.03850657415469,1,0
1023,0,2.03812047172244,2,0,-0.193827328406718,0,0
1024,0,1.29405039517473,1,0,-1.5357510295822,0,0
1025,0,0.479640474852926,1,1,-0.0903147682113056,1,0
1026,0,2.17913793937753,1,1,0.665388158258942,1,1
1027,0,0.247665892044703,0,1,-1.29556555928571,1,0
1028,0,0.390068149804687,2,1,0.404512177830916,1,1
1029,0,0.153483442493728,1,1,-0.30163947401352,1,0
1030,0,0.320743930550908,2,1,0.0599861107724789,1,1
1031,0,0.262279659937512,2,0,1.72902476736867,0,1
1032,0,0.352004032077923,0,0,-0.124440405562923,0,0
1033,0,1.10025833837314,2,0,1.55535429212448,0,1
1034,0,4.0698656894558,2,0,1.56761798710483,0,1
1035,0,1.10443719698068,2,1,1.43983306822048,1,1
1036,0,1.62629272956618,1,0,-0.32123792385113,0,0
1037,0,1.6781584860021,0,1,1.00169817092601,1,1
1038,0,1.82001397955975,2,0,0.00723439417861517,0,1
1039,0,0.527709782713021,1,1,-1.65053866864047,1,0
1040,0,1.57372406686989,1,1,-0.174031923252071,1,0
1041,0,2.62805820877719,2,1,-1.40069597186813,1,0
1042,0,0.664730425924063,0,1,-0.292696795101812,1,0
1043,0,0.116124739647654,1,1,-1.71739887105112,1,0
1044,0,6,0,0,-0.811701959245822,0,0
1045,0,1.62893388107017,2,0,0.955700434696714,0,1
1046,0,1.35392517925554,2,1,1.53988442053963,1,1
1047,0,0.145232112457355,0,1,0.582159646174908,1,1
1048,0,3.10722371383822,2,0,0.196569743329992,0,1
1049,0,0.203704073352035,2,1,1.2707708424028,1,1
1050,0,0.664600083521121,2,0,-0.22087970248069,0,0
1051,0,0.154282753532618,1,1,0.628537823698513,1,1
1052,0,1.22631401754567,0,0,-0.524152947336298,0,0
1053,0,0.495471431472143,2,1,0.644647011017985,1,1
1054,0,1.88400945218431,1,1,-1.97713728596631,1,0
1055,0,0.613717551097242,1,1,-0.507693231642418,1,0
1056,0,1.74731441632193,2,0,-0.30019251657322,0,0
1057,0,0.721670672982827,2,0,-0.960122697654946,0,0
1058,0,1.12281150970004,1,1,0.0535983410704425,1,1
1059,0,0.379837354417113,1,0,0.76384898424844,0,1
1060,0,0.0434104118729004,2,0,1.5997218638201,0,1
1061,0,0.193536404464746,2,0,2.28054892999866,0,1
1062,0,0.276481003183028,0,1,0.651312727554926,1,1
1063,0,0.511731549056694,1,0,-0.0902621980811996,0,0
1064,0,1.5659022393326,0,0,-0.840062326210792,0,0
1065,0,0.10531707280197,1,1,-1.86525224983946,1,0
1066,0,2.38769019654012,1,1,1.16388447112209,1,1
1067,0,0.629954439488136,1,0,1.29654250962988,0,1
1068,0,0.133343885004521,1,1,-1.43897459539735,1,0
1069,0,1.51768290491068,1,0,0.683648761004353,0,1
1070,0,1.74301679160279,2,0,0.0919547012805469,0,1
1071,0,0.684547924126188,0,0,1.7950198695741,0,1
1072,0,0.0569079407621687,2,1,0.00222793837101613,1,1
1073,0,1.49875955388656,2,0,0.90716731961675,0,1
1074,0,1.87167194361488,0,1,0.418317007053824,1,1
1075,0,1.32538896448299,1,0,-2.36734210896449,0,0
1076,0,0.130758271641293,1,0,-0.418775333355192,0,0
1077,0,0.0702304947114788,2,0,2.09045487940611,0,1
1078,0,1.83890967565553,1,0,-0.0652155651214786,0,0
1079,0,0.507179639928209,1,0,-0.905468694090746,0,0
1080,0,0.0239601117409336,1,1,-1.12404914801431,1,0
1081,0,3.0925022670537,2,0,-0.254754573224297,0,0
1082,0,0.149564633969799,1,1,0.776324885822541,1,1
1083,0,0.675492952370848,2,0,-0.471624822755115,0,0
1084,0,2.37262397657917,1,1,-0.890933862631906,1,0
1085,0,0.604207577260115,1,0,-1.4534357778914,0,0
1086,0,4.32750544200341,0,0,-1.13677414570834,0,0
1087,0,0.775814881440904,1,0,1.63724880370593,0,1
1088,0,0.768208894878626,0,0,-0.0286883206022738,0,0
1089,0,0.268835195344868,0,0,-1.13989089956971,0,0
1090,0,4.81907861660563,1,1,0.512515860938217,1,1
1091,0,2.16847408875203,2,1,-0.219964202418354,1,0
1092,0,2.95179548374988,2,1,-0.846609644879143,1,0
1093,0,0.104617598802617,1,1,1.03966476928524,1,1
1094,0,0.0458951449642579,0,1,-0.0121489752178097,1,0
1095,0,0.394987705707675,1,1,-1.57519251212766,1,0
1096,0,1.00286776820642,1,0,-1.20136163770781,0,0
1097,0,0.142461738741511,1,1,0.865200861790251,1,1
1098,0,0.0353406751982518,1,1,0.58593671321221,1,1
1099,0,1.09493991771725,2,0,-0.701653675670163,0,0
1100,0,0.264457500417625,1,1,-0.299229275591219,1,0
1101,0,0.281835543139984,1,0,-0.686542625424508,0,0
1102,0,0.8637431105511,2,0,-0.071480846350711,0,0
1103,0,2.30270551046166,0,1,-0.892521081782894,1,0
1104,0,0.634656936916784,1,0,0.292250269926351,0,1
1105,0,1.88711228618104,0,0,-1.02253165326743,0,0
1106,0,0.197987112561983,2,1,0.334678516301123,1,1
1107,0,2.17227437507901,1,0,-0.967001741776094,0,0
1108,0,0.625363243617421,2,1,0.283001321526394,1,1
1109,0,1.21255134698245,1,1,-0.493525432679827,1,0
1110,0,1.32436235435307,0,1,0.30673717332361,1,1
1111,0,1.38057683656405,2,0,0.948076290664739,0,1
1112,0,0.397539914915575,1,1,0.313271764637061,1,1
1113,0,0.393974625815948,0,1,0.165383107501001,1,1
1114,0,0.148276972273986,0,1,-1.32375452254498,1,0
1115,0,0.371816176517616,2,1,2.47809154511995,1,1
1116,0,0.175167997007061,2,1,1.72752158419352,1,1
1117,0,0.148086284463794,2,1,2.76763919472683,1,1
1118,0,1.33913824990236,1,0,-0.636868452667633,0,0
1119,0,2.90263820211973,0,0,0.355986058868993,0,1
1120,0,1.55211870001085,2,1,0.474989083245204,1,1
1121,0,0.521058268845248,1,1,0.114377255034719,1,1
1122,0,0.784567873641724,2,0,1.50217027061218,0,1
1123,0,1.02376389501316,1,1,0.941635187791906,1,1
1124,0,0.0832076755336819,1,1,1.80632335237687,1,1
1125,0,2.24867797141449,2,0,-0.14112983079023,0,0
1126,0,0.249268376825059,1,0,-0.537240666935456,0,0
1127,0,1.69435329762849,1,1,-0.057600776907248,1,0
1128,0,0.261051983726776,2,1,0.137782018039807,1,1
1129,0,0.390094606826491,2,1,0.549006891187582,1,1
1130,0,0.301028464121262,0,0,0.165967124269249,0,1
1131,0,0.629715296147233,0,0,-0.695720347251858,0,0
1132,0,3.02002337051385,2,1,0.102889760292848,1,1
1133,0,2.50496272269735,1,1,0.000333381168132811,1,1
1134,0,1.25458349676869,1,1,-1.42119317058617,1,0
1135,0,0.965373673945528,1,0,-1.36022873583461,0,0
1136,0,0.212217529660008,2,1,-0.607437353772824,1,0
1137,0,4.02462803227278,2,0,-0.0856031613145465,0,0
1138,0,1.3760062085024,1,0,-1.22514445930772,0,0
1139,0,1.5911821540073,1,0,-0.874258565270013,0,0
1140,0,0.0475363170761394,2,1,2.52050112484995,1,1
1141,0,0.265013753597281,1,0,0.146076856522019,0,1
1142,0,0.128321841221479,1,0,-1.18193038796849,0,0
1143,0,0.958478225761305,1,0,0.223850824741784,0,1
1144,0,0.229251178385909,1,0,-0.437737386978059,0,0
1145,0,0.488723300399196,1,0,0.0326472003751066,0,1
1146,0,0.598215359683569,1,1,0.339557280352174,1,1
1147,0,0.207586771194286,0,0,1.11919326348551,0,1
1148,0,1.01868211685916,1,0,0.368702868775076,0,1
1149,0,1.08853736701637,0,0,-0.488796908557861,0,0
1150,0,0.0338175690089274,1,0,-1.04959947475632,0,0
1151,0,0.520307967834568,1,1,-1.27584887928905,1,0
1152,0,0.728803006932139,0,0,-0.463653361869787,0,0
1153,0,0.63153505754225,1,1,0.35689077597696,1,1
1154,0,0.252609634503091,2,1,-0.258782993000325,1,0
1155,0,0.284296694351619,1,0,-0.552162640744092,0,0
1156,0,1.09933578247446,1,0,-0.0932306019840907,0,0
1157,0,1.04980085609851,2,0,0.634034205506193,0,1
1158,0,0.156522222460968,1,0,-1.49409746269239,0,0
1159,0,0.897002626831333,0,0,-1.38815666505681,0,0
1160,0,1.09653560883841,1,1,-0.262431613134259,1,0
1161,0,0.766617370634465,1,1,1.0445688624631,1,1
1162,0,0.674222097963291,2,1,-0.0501228434796506,1,0
1163,0,0.571489825964763,1,0,0.69179078584051,0,1
1164,0,1.95608829293626,1,1,-0.52306777880235,1,0
1165,0,1.14389155372221,2,1,-0.64637436775616,1,0
1166,0,0.500560545353487,2,0,-0.244097803708026,0,0
1167,0,1.12059799040514,2,0,0.947731727458844,0,1
1168,0,0.75918766421932,1,0,-0.760627571257034,0,0
1169,0,1.43267242620142,1,1,0.736380237763706,1,1
1170,0,0.21956977289192,1,1,-0.506619473387488,1,0
1171,0,0.151170881104859,2,1,0.505679039451817,1,1
1172,0,0.123210991979401,2,0,1.59118005721332,0,1
1173,0,0.518216273436944,0,0,-1.89115387171396,0,0
1174,0,1.24997969925646,0,0,-1.5904621897416,0,0
1175,0,0.017689338568374,1,0,-0.687003934235913,0,0
1176,0,0.958931809457273,1,0,1.12451306215987,0,1
1177,0,0.117409670104583,0,0,0.57233470045105,0,1
1178,0,0.133870949871143,1,1,-0.65149870851375,1,0
1179,0,0.208292704848369,1,0,0.344559588520214,0,1
1180,0,0.15832502628013,1,0,-0.857840447587815,0,0
1181,0,0.0530355878897874,1,0,1.2962032761515,0,1
1182,0,0.249633844941854,0,0,1.43005979577267,0,1
1183,0,0.77766145269076,0,0,1.3104451163647,0,1
1184,0,0.898655340955024,2,0,0.52218867839708,0,1
1185,0,0.0931562266002099,0,0,-0.576027958654121,0,0
1186,0,0.199377275147725,1,0,-1.00610319469104,0,0
1187,0,0.211432985967191,1,1,-0.333897466956417,1,0
1188,0,0.378910707687207,2,1,-0.61599075670461,1,0
1189,0,1.04691154201348,1,0,-0.464784646284345,0,0
1190,0,2.13151125858227,0,0,-0.639979685729829,0,0
1191,0,0.710244224466319,1,1,0.97859851607937,1,1
1192,0,0.259779811623098,1,0,1.14878071570121,0,1
1193,0,0.324179476907097,1,0,-1.22651137527763,0,0
1194,0,1.40495309611539,1,1,-1.16964262543094,1,0
1195,0,0.397526679780906,1,0,1.58623951545946,0,1
1196,0,0.246484940833359,1,1,1.03901250513824,1,1
1197,0,3.36331655345374,2,0,-2.33516552557298,0,0
1198,0,0.831134053753296,1,0,-0.755697972201568,0,0
1199,0,1.96637512704299,2,1,1.46970119366852,1,1
1200,0,0.305848777767083,1,0,-1.55504050085222,0,0
1201,0,0.819452440040505,2,0,-1.91533331478464,0,0
1202,0,0.220802938414909,2,0,-0.347163094710059,0,0
1203,0,1.34909261260347,2,0,1.04624454146852,0,1
1204,0,0.270536259502178,2,0,2.3490573715637,0,1
1205,0,0.891320221321256,2,0,-0.295573759471262,0,0
1206,0,3.23657564508418,0,0,-0.286896577099096,0,0
1207,0,0.741208023563415,2,1,1.50342208414839,1,1
1208,0,0.00285978429019451,0,1,0.114364495997884,1,1
1209,0,0.110889386656098,2,1,1.53973494527232,1,1
1210,0,0.541666869247546,1,0,-2.03698743328949,0,0
1211,0,0.490248918055901,1,1,0.884412621752672,1,1
1212,0,0.276879694673353,1,0,-1.21701583125105,0,0
1213,0,0.595033693437775,0,0,-0.492314766020117,0,0
1214,0,1.40560903007852,2,0,0.477376863481591,0,1
1215,0,1.00231403324782,2,1,-1.87610451977437,1,0
1216,0,0.780894455935283,1,0,-0.7484658398397,0,0
1217,0,0.330858683834473,0,1,1.39922828835319,1,1
1218,0,0.502855175138694,1,0,-0.0702563389249732,0,0
1219,0,0.0136676821921488,1,1,0.197748669835734,1,1
1220,0,2.18800365791393,2,1,0.658988139802047,1,1
1221,0,1.17025748278074,1,0,-1.32027877115441,0,0
1222,0,1.34634591248024,1,1,-0.34620266449254,1,0
1223,0,0.893825475080883,1,0,-0.15404636778202,0,0
1224,0,0.775976170052365,1,1,0.530929037615764,1,1
1225,0,2.05172812642921,1,1,0.261343614535474,1,1
1226,0,0.565764378008129,1,1,-0.0679770903432379,1,0
1227,0,1.36172383221255,2,0,-0.553243365175739,0,0
1228,0,0.262747963378531,1,0,-0.0654215104662557,0,0
1229,0,2.78397149926226,1,0,1.05269356092148,0,1
1230,0,0.120040086355449,1,1,-0.299619563651035,1,0
1231,0,0.0632948514673645,2,1,1.12453922636897,1,1
1232,0,0.180349806323647,0,0,-0.0803627095766619,0,0
1233,0,0.849856544460808,1,0,0.288617102207666,0,1
1234,0,2.54009332847552,2,1,0.643574287244418,1,1
1235,0,3.21944898968777,2,0,0.225957844240841,0,1
1236,0,1.59324311052968,2,0,-0.0781531925935552,0,0
1237,0,2.90097817428089,2,0,0.588172022799429,0,1
1238,0,0.0856928876372326,1,1,-0.803219541702299,1,0
1239,0,0.0449504823567891,2,1,0.340425381474761,1,1
1240,0,0.457405618292046,2,0,1.14389826423396,0,1
1241,0,1.36212697496686,2,0,0.381934800055992,0,1
1242,0,0.333610597232409,1,0,1.53909829784213,0,1
1243,0,0.286374528789931,1,1,0.087027204795942,1,1
1244,0,0.157355488658774,2,0,0.764355816683659,0,1
1245,0,0.295977289873573,1,0,-0.806322467251076,0,0
1246,0,4.50649261460332,2,0,-1.68995427314225,0,0
1247,0,0.0348148607195535,1,1,-1.45077828213569,1,0
1248,0,0.184379187053923,1,1,-1.84707951861717,1,0
1249,0,1.92779028788209,0,0,0.183849247877383,0,1
1250,0,2.17716380643348,0,1,0.205742380265347,1,1
1251,0,1.28286605961679,2,1,-0.346928947235105,1,0
1252,0,0.47076725184044,2,0,-0.446071963999126,0,0
1253,0,0.0304726061894734,1,1,-0.802624472054863,1,0
1254,0,0.814873401833543,1,0,0.43548780889806,0,1
1255,0,3.85088588724054,0,0,0.690384049395586,0,1
1256,0,1.44149040522367,1,0,-1.89451473815835,0,0
1257,0,0.960690533851731,2,0,0.497212787310147,0,1
1258,0,5.27153345444052,2,0,0.0093469351849908,0,1
1259,0,1.05934614063762,2,1,1.82087985230827,1,1
1260,0,0.131018160493223,2,1,1.4243645270791,1,1
1261,0,0.662453483160091,1,1,-1.89539148757817,1,0
1262,0,1.39535922559743,2,0,0.779171225411626,0,1
1263,0,1.93455481837216,1,0,-0.00800151554085653,0,0
1264,0,0.575033197377255,1,1,-1.40466508266348,1,0
1265,0,0.131063932615039,2,0,0.783416230831956,0,1
1266,0,0.105865262464653,2,1,1.02522858936254,1,1
1267,0,0.235156841431783,1,0,-1.01929312638911,0,0
1268,0,5.23150054963103,1,0,-1.69343030950477,0,0
1269,0,1.58439915880212,1,1,-0.701807091381897,1,0
1270,0,0.293473834482469,2,0,0.153862457439035,0,1
1271,0,0.0859365460456494,1,1,-0.589250173042203,1,0
1272,0,0.840664678530954,2,0,1.11730623840052,0,1
1273,0,1.79677148437939,2,0,-1.44577224921914,0,0
1274,0,0.115739103932169,1,1,2.83737708780655,1,1
1275,0,0.870124719289406,2,0,0.262842727156871,0,1
1276,0,0.698845161668439,1,0,-1.30838522266406,0,0
1277,0,0.803087893305584,1,0,-0.811396499765901,0,0
1278,0,0.533931510437106,1,1,-1.33935969486632,1,0
1279,0,0.314315879744892,2,0,0.509609929453209,0,1
1280,0,1.820258339867,0,0,-0.762764887125959,0,0
1281,0,0.233481636097137,1,1,-0.964246827624844,1,0
1282,0,0.196386355032768,1,0,-0.87118041402682,0,0
1283,0,0.79340734208705,2,1,0.622960541588599,1,1
1284,0,0.341719487066541,2,0,-0.628435027560289,0,0
1285,0,0.115211754236565,2,0,1.42680928096685,0,1
1286,0,0.141057414281847,2,0,0.0189467986849625,0,1
1287,0,0.148390296874619,1,0,1.20963163166785,0,1
1288,0,0.453449624458347,2,0,0.545111488137307,0,1
1289,0,1.30615172614505,1,0,-1.33367120787101,0,0
1290,0,2.14612770549896,0,0,1.46157222935009,0,1
1291,0,0.0495193971434915,1,1,-1.34014035676214,1,0
1292,0,0.101852724508392,1,1,0.37388506730999,1,1
1293,0,0.288031475621488,1,0,-0.40338834613222,0,0
1294,0,0.562479036804426,1,0,-0.205057093504503,0,0
1295,0,0.903978214097152,1,0,-1.80645817867419,0,0
1296,0,1.53011481706487,2,0,-2.05916459822904,0,0
1297,0,0.807420785228411,0,1,1.44212287235098,1,1
1298,0,2.74211170571129,1,1,-0.0792448179669275,1,0
1299,0,0.0368716248967743,1,1,0.333800599153696,1,1
1300,0,0.39579734233438,2,1,-1.18246633264567,1,0
1301,0,0.423287554676962,1,1,0.729362975723312,1,1
1302,0,0.254798479028611,1,0,0.146747901977399,0,1
1303,0,0.106788829836963,1,0,0.21379194312783,0,1
1304,0,0.348345689682933,1,0,-1.46727711514123,0,0
1305,0,0.686514720296656,1,1,0.0639938681699601,1,1
1306,0,0.0614805185574775,1,0,0.517356764398264,0,1
1307,0,0.227917519517413,1,1,-1.26227691209159,1,0
1308,0,1.55514735369337,2,0,0.343386817404799,0,1
1309,0,0.847743267920881,1,0,-0.416540188237197,0,0
1310,0,6,0,0,-2.23933714462092,0,0
1311,0,1.02273244040997,1,1,0.717283343270214,1,1
1312,0,0.311139532565486,2,1,0.816285248599683,1,1
1313,0,0.69579414712886,0,1,0.471682195916465,1,1
1314,0,0.875671157857054,1,0,-0.497265185225389,0,0
1315,0,1.23345850018316,1,0,-1.07154317791219,0,0
1316,0,1.15087227492287,1,0,-0.545435674533837,0,0
1317,0,0.534821825297609,2,1,-0.444983315546516,1,0
1318,0,0.154158878734812,2,0,0.547318764479514,0,1
1319,0,0.953885322438628,1,0,-0.527887489763215,0,0
1320,0,0.828151891280114,2,1,-0.664034119953998,1,0
1321,0,1.86020058376499,2,0,0.146628988342055,0,1
1322,0,0.464381045923517,2,0,-0.481677058021131,0,0
1323,0,0.7567221531872,2,0,1.33488411361705,0,1
1324,0,0.550967299529014,1,1,-0.854880523581162,1,0
1325,0,1.2603825823288,2,0,0.336624744386323,0,1
1326,0,0.191446209410343,1,1,-1.28916553390977,1,0
1327,0,0.262517276401916,1,1,-1.02307513232592,1,0
1328,0,0.906238219842405,2,0,1.39167037997822,0,1
1329,0,0.163816682547056,0,0,-0.217008102045893,0,0
1330,0,0.406296554803112,2,1,0.27000895297175,1,1
1331,0,0.134517063409442,2,1,1.58808315866642,1,1
1332,0,0.123096750730482,1,0,-1.66027943074547,0,0
1333,0,1.32859457648822,2,1,0.87538438512077,1,1
1334,0,0.290061749516091,1,0,0.109519890395258,0,1
1335,0,1.26956595805393,1,0,-0.329040700852813,0,0
1336,0,0.902724994645943,1,1,-1.14792012616765,1,0
1337,0,0.87998202594543,2,0,-0.0217335068782202,0,0
1338,0,0.413394280124828,1,1,-0.671047934782557,1,0
1339,0,0.368190721579692,1,1,-0.611127098103191,1,0
1340,0,0.0284114461771799,0,1,0.568570303287982,1,1
1341,0,0.0788975410971869,1,0,-0.733290439480691,0,0
1342,0,2.54483028356794,1,1,0.546670885794355,1,1
1343,0,0.0154462599386594,1,0,-2.95919724747549,0,0
1344,0,1.10786737947535,1,0,-1.29263144305502,0,0
1345,0,0.629325908541211,0,1,-1.3748629535875,1,0
1346,0,0.265595689014953,1,1,0.188968637747924,1,1
1347,0,0.0281643116968877,1,1,-1.63560397325774,1,0
1348,0,0.409801228679197,2,0,0.415781585508471,0,1
1349,0,0.821587838868129,1,0,-1.84560085381148,0,0
1350,0,0.410402792003936,2,0,0.400864056645474,0,1
1351,0,0.938863090215983,1,1,-0.331538182549237,1,0
1352,0,1.62671291430384,1,1,-0.149920905755184,1,0
1353,0,2.80402488901436,2,0,-0.165485816124878,0,0
1354,0,0.254362776664784,1,0,-1.38772984381029,0,0
1355,0,0.877925949131402,1,1,0.748028226602241,1,1
1356,0,0.0595763551720103,1,1,-1.51205701731874,1,0
1357,0,0.513016177991268,2,0,-0.21263760969334,0,0
1358,0,0.778068848336395,1,1,-0.792487294683588,1,0
1359,0,0.0511002530764677,1,1,-1.19483326110016,1,0
1360,0,0.387706444846382,2,0,0.934329314905175,0,1
1361,0,5.20909962628754,0,0,-0.361823722395002,0,0
1362,0,1.36527786759681,1,1,0.29409395289428,1,1
1363,0,0.128143314058744,2,0,1.33064490962457,0,1
1364,0,0.250336283244448,2,1,1.05019982097408,1,1
1365,0,0.235805704727179,2,0,-0.492478925121449,0,0
1366,0,1.08390528583891,1,1,-1.67274913017978,1,0
1367,0,0.122952599843914,2,1,0.707885144386436,1,1
1368,0,0.339633888458792,2,1,1.72710262984116,1,1
1369,0,0.29192647961804,1,1,-1.5262687635642,1,0
1370,0,0.214067144604227,2,1,1.11414664107284,1,1
1371,0,1.62368713878095,0,0,-0.744645163076394,0,0
1372,0,3.61321856519647,1,1,-0.0246983863856833,1,0
1373,0,0.69385094747698,0,1,0.44586595528644,1,1
1374,0,0.268124731289223,2,0,0.891420369219021,0,1
1375,0,4.01488042754738,2,0,-0.51733133384846,0,0
1376,0,1.73828564150715,1,1,-0.411351391799792,1,0
1377,0,0.0491205927145436,1,1,-0.870161976145704,1,0
1378,0,1.43771264068204,1,1,-0.853727672789331,1,0
1379,0,1.4860749275734,0,0,0.267032305865718,0,1
1380,0,2.33382113367471,2,1,0.735027743632718,1,1
1381,0,2.72079088932842,2,0,0.641139413008198,0,1
1382,0,1.40767858874493,1,1,-0.334534802775614,1,0
1383,0,0.562290094258668,2,0,0.663925399834394,0,1
1384,0,0.717590245610189,1,0,-1.61105649937951,0,0
1385,0,0.490397394945224,0,0,-0.818242306253008,0,0
1386,0,1.82401044124246,1,0,-1.62157652188386,0,0
1387,0,1.82256435664992,0,1,0.756962807925154,1,1
1388,0,1.52408063112726,1,1,-0.872029360503733,1,0
1389,0,0.0118309389425248,2,1,0.351598489205676,1,1
1390,0,1.0731073117531,2,0,1.12151606184283,0,1
1391,0,1.59585778481193,1,1,0.848867431995608,1,1
1392,0,3.40486701411405,2,0,-0.500217388476356,0,0
1393,0,0.552580368473661,2,0,0.479991717331514,0,1
1394,0,1.44641264565876,1,0,0.533444668452243,0,1
1395,0,3.6979500012778,2,0,-0.114851909204868,0,0
1396,0,0.0193788274777565,2,0,0.934205798521579,0,1
1397,0,2.89836053843426,2,1,-0.787360682615284,1,0
1398,0,1.8785401126669,1,1,0.252626688470638,1,1
1399,0,0.187124636605291,1,1,0.717686647858368,1,1
1400,0,0.684321087998145,2,1,0.471919016751595,1,1
1401,0,0.110924146369225,1,0,-1.8985951566247,0,0
1402,0,0.570156608419799,2,1,-0.0245489158815235,1,0
1403,0,0.766602702109783,1,1,-1.24984952058413,1,0
1404,0,3.68668320051121,2,1,1.2932619676245,1,1
1405,0,0.500955020499341,2,0,0.974565936636522,0,1
1406,0,0.0786794647715058,2,1,2.27016237227311,1,1
1407,0,1.12895138521825,0,1,0.126767653757074,1,1
1408,0,0.394590922178988,2,0,0.0702597529118773,0,1
1409,0,2.35743614919804,1,0,-0.843077407913545,0,0
1410,0,0.483548181752364,0,1,0.216242983095211,1,1
1411,0,0.597735317133638,0,1,-0.692129889444886,1,0
1412,0,0.801611764069471,1,0,0.397827854394166,0,1
1413,0,0.231614402224297,1,0,-0.475585172270329,0,0
1414,0,0.63865884238168,1,1,-1.82625251253708,1,0
1415,0,0.536285765591548,1,1,-1.3256274662787,1,0
1416,0,0.943619879160619,1,1,0.858547854389279,1,1
1417,0,0.166287051340356,2,0,1.54849918577816,0,1
1418,0,1.73750000371552,1,1,-1.07818231239995,1,0
1419,0,0.455769771758694,2,1,0.761404689714715,1,1
1420,0,2.85318488565584,0,1,-0.361741377936592,1,0
1421,0,1.1641606533279,0,1,-0.654653625345803,1,0
1422,0,0.558971524937618,2,0,1.48116236525684,0,1
1423,0,0.247402575075499,2,1,-0.0231592648032611,1,0
1424,0,1.94054252662689,2,0,0.999906086119241,0,1
1425,0,1.00920236433173,0,0,-1.41440248975265,0,0
1426,0,2.62108801131065,1,1,-0.387583803127057,1,0
1427,0,0.177272485653894,1,1,-1.37664958181131,1,0
1428,0,0.0678352946797259,1,1,-1.12545689871308,1,0
1429,0,0.539985516505268,1,1,1.64329487503698,1,1
1430,0,3.29205217120968,2,1,0.124963923238752,1,1
1431,0,0.37968275070478,2,1,1.89400604515179,1,1
1432,0,0.671864167373149,2,1,1.37852694666322,1,1
1433,0,0.578902503475547,0,0,0.0303061694030966,0,1
1434,0,0.194025486926603,1,0,0.432300562588695,0,1
1435,0,0.39490319563447,1,1,-1.15817959967379,1,0
1436,0,1.92680868109312,2,0,0.354408910838984,0,1
1437,0,3.27839762305008,1,0,-0.881570802555288,0,0
1438,0,1.0958445296048,2,0,0.944538664150353,0,1
1439,0,1.3644306920625,2,1,-1.07052613800371,1,0
1440,0,0.757641025508444,0,0,1.17098679517009,0,1
1441,0,1.68213364826232,1,0,-0.901470188363603,0,0
1442,0,0.0720687633618974,1,1,-0.21907014790084,1,0
1443,0,0.91759937031499,1,0,-0.723060046742248,0,0
1444,0,0.33576069087099,2,0,1.98298699317059,0,1
1445,0,0.294768954045931,1,1,-1.5641043958501,1,0
1446,0,2.07031449917609,2,1,0.574026457304996,1,1
1447,0,0.678502982790153,1,0,-1.15811485019359,0,0
1448,0,1.37991976350234,1,0,0.290286289320528,0,1
1449,0,3.34953607103515,0,0,0.254551925647659,0,1
1450,0,0.390005789160882,1,1,-0.699240491065943,1,0
1451,0,0.986635189874159,1,1,1.26577825266548,1,1
1452,0,1.9393635879974,1,1,-1.00731828407059,1,0
1453,0,0.598971565846463,1,1,-0.601370017186295,1,0
1454,0,0.644779234608318,2,0,0.722835260691093,0,1
1455,0,0.0557912499005267,1,1,-1.5417574548628,1,0
1456,0,0.164765297960129,2,1,0.43757985247379,1,1
1457,0,3.38586336164961,2,0,0.708033041918742,0,1
1458,0,0.665100730518086,2,0,0.773577450743487,0,1
1459,0,0.178300963106012,2,1,2.23108968791998,1,1
1460,0,0.137909316580739,2,1,0.209534157404691,1,1
1461,0,0.503966971277349,1,1,-0.604888408281425,1,0
1462,0,0.152130291330425,0,0,-0.650682928360329,0,0
1463,0,0.940998336382785,2,1,1.24160619685304,1,1
1464,0,0.680517363568502,1,1,-0.849194900042771,1,0
1465,0,1.85662612059795,1,0,0.850635018496611,0,1
1466,0,0.260121384262337,1,1,0.575757963053578,1,1
1467,0,2.30218028503228,2,0,0.570863492405656,0,1
1468,0,0.632911010256893,2,0,0.580761473849018,0,1
1469,0,0.933642711255576,2,1,1.05873456846217,1,1
1470,0,0.23718270275855,1,0,1.8996767860819,0,1
1471,0,0.277463583227447,1,1,0.824069717498588,1,1
1472,0,0.666864864625383,1,0,-0.467137415681707,0,0
1473,0,0.622698136585813,1,0,-0.315843390031716,0,0
1474,0,1.98738722597292,1,0,0.36322488212805,0,1
1475,0,0.171703522902571,1,1,-0.972825124823887,1,0
1476,0,0.826310812012948,2,0,0.648889921021816,0,1
1477,0,0.128777200134808,2,0,-0.629211696740756,0,0
1478,0,0.179980180271178,1,1,-1.18682501602011,1,0
1479,0,0.426844590816961,1,1,0.995579236589185,1,1
1480,0,0.519701006511847,0,1,0.63128496065822,1,1
1481,0,3.10503868351714,1,0,1.05996020769444,0,1
1482,0,0.457136845463776,1,0,1.77475886822778,0,1
1483,0,0.0812130304411752,1,1,-1.14032848548003,1,0
1484,0,0.537871359867173,2,0,1.64174796483817,0,1
1485,0,5.41646697220016,0,0,-1.71514845439359,0,0
1486,0,0.541252960274029,1,0,0.13577015568979,0,1
1487,0,1.22910385396419,1,0,-1.20523389215825,0,0
1488,0,0.54900921570758,0,1,-0.698332083616783,1,0
1489,0,0.20054021622124,1,0,-1.05809889834084,0,0
1490,0,1.87810220917555,1,0,1.18482184855886,0,1
1491,0,0.668177095269897,2,0,0.591221657990233,0,1
1492,0,0.164967381996541,2,0,0.612031139689967,0,1
1493,0,2.82173710273391,2,0,0.549055341222471,0,1
1494,0,0.0710193701824512,0,1,-0.132457658379736,1,0
1495,0,1.77894404640063,1,1,-0.790278126619627,1,0
1496,0,1.58730478025973,0,0,1.38006014544074,0,1
1497,0,0.436151996306302,1,1,-0.149112397536418,1,0
1498,0,0.179066929092121,1,1,-0.450741688320662,1,0
1499,0,1.37368494486247,2,1,-0.462361615562413,1,0
1500,0,0.0819787948355995,1,1,0.233741848223663,1,1
1501,0,0.56220528866467,2,0,1.63603613897985,0,1
1502,0,0.145261008271975,2,0,1.61761296989275,0,1
1503,0,0.177349668315169,1,0,-0.972031515852296,0,0
1504,0,0.402851689837891,2,1,0.605767958745517,1,1
1505,0,0.237107961220914,1,0,-0.978411685824734,0,0
1506,0,2.02174525150368,1,0,0.488548437277708,0,1
1507,0,5.69117970417714,2,0,0.524226934776687,0,1
1508,0,1.22375854089858,2,0,0.85494961085199,0,1
1509,0,0.667698274270376,1,0,1.73069361636385,0,1
1510,0,0.300013756387762,2,0,0.395328284088772,0,1
1511,0,1.21815496470232,2,0,0.207759585750072,0,1
1512,0,0.329752266407013,0,1,-1.08381393229147,1,0
1513,0,0.169801775946876,2,0,-0.163159536608874,0,0
1514,0,0.255164398421205,2,1,1.97291157798434,1,1
1515,0,0.406490983441472,0,1,-1.00138943588075,1,0
1516,0,3.45701160325715,1,0,0.38501308396003,0,1
1517,0,2.59231289227804,0,0,1.11189509254366,0,1
1518,0,1.27513329641038,2,1,-0.0447591880013336,1,0
1519,0,1.40975307500027,1,0,-0.927685895972945,0,0
1520,0,0.324314401938723,1,1,0.141206259383984,1,1
1521,0,0.876624599908598,2,1,1.11558569437647,1,1
1522,0,0.166563182938249,2,1,0.949413400029675,1,1
1523,0,0.344782186265089,1,1,0.197965292689272,1,1
1524,0,1.72763421357643,2,1,-1.05400138318824,1,0
1525,0,6,0,0,-1.56563176921014,0,0
1526,0,1.51326247757868,1,1,-1.45807349523981,1,0
1527,0,0.565567184239626,0,0,1.54562883582622,0,1
1528,0,0.713516495081804,2,1,-0.241911422503571,1,0
1529,0,0.121208907415355,2,0,1.76918797796085,0,1
1530,0,0.22661020877199,1,0,-0.997526682187057,0,0
1531,0,1.17230695632227,1,1,-0.177268655633494,1,0
1532,0,1.21465453925074,1,0,-2.012686903283,0,0
1533,0,0.251536717356,1,0,-0.868985462590978,0,0
1534,0,1.36807923480486,1,1,-0.805634353728332,1,0
1535,0,0.126486995692272,1,1,-0.0287958174118767,1,0
1536,0,0.400494442383939,2,0,-0.513887668537857,0,0
1537,0,0.736270640652073,1,0,-0.591150227030295,0,0
1538,0,0.689390355580985,1,0,0.639982293201618,0,1
1539,0,0.773240268789805,2,0,0.569928280056904,0,1
1540,0,0.0639944806744971,1,1,-0.115945080358513,1,0
1541,0,0.123174545667363,2,0,-0.227083416796859,0,0
1542,0,0.0435029067514903,0,0,0.426432523402907,0,1
1543,0,2.53615345011779,2,0,-0.505347426568501,0,0
1544,0,1.91609985937237,2,0,-0.34888468941004,0,0
1545,0,0.311829968072399,1,1,0.229655934009602,1,1
1546,0,0.603621806370726,1,0,2.58048572247235,0,1
1547,0,0.138971125400039,2,0,1.56769295159484,0,1
1548,0,0.311647484700632,1,1,-1.22275207364064,1,0
1549,0,0.302892257700795,2,1,0.710185482228715,1,1
1550,0,2.13102730387221,1,0,0.313322366899804,0,1
1551,0,0.520108731755305,1,0,-2.49068830863679,0,0
1552,0,0.168334819123034,1,1,-0.506882127123109,1,0
1553,0,0.289928150591103,2,0,-0.408656143020299,0,0
1554,0,0.50111133091083,2,0,2.63781964906143,0,1
1555,0,0.0348387792628948,2,0,0.869524881017406,0,1
1556,0,0.434669351768874,2,0,1.07078463772095,0,1
1557,0,0.146016058704552,1,1,-0.374999794998251,1,0
1558,0,1.10673314251505,1,1,1.27628976843221,1,1
1559,0,0.802489850470296,2,1,-0.450996876935391,1,0
1560,0,5.16159711444861,2,0,0.597633526255641,0,1
1561,0,1.06118147261441,0,1,-0.885064101271509,1,0
1562,0,0.347497969244917,0,0,0.0383778986851947,0,1
1563,0,0.558598462838155,1,1,-1.53939061767376,1,0
1564,0,0.0894026149810703,2,0,-0.555229467666643,0,0
1565,0,1.18490552459174,1,1,0.603960641203292,1,1
1566,0,0.116688293609724,1,0,-0.967488774172885,0,0
1567,0,1.64698850914742,1,1,0.507392334841224,1,1
1568,0,0.256339411292299,1,1,-1.05248180707255,1,0
1569,0,0.198023113675377,1,1,1.32328349075472,1,1
1570,0,0.417593307671774,1,0,0.141274203762884,0,1
1571,0,0.0442753169391778,1,0,1.04951923902823,0,1
1572,0,0.316907480617827,1,0,-1.17658592637787,0,0
1573,0,0.336532933155097,1,1,0.230018772611527,1,1
1574,0,1.92023919281125,1,1,1.68256805816959,1,1
1575,0,3.63945899531245,0,0,-0.0406747262950939,0,0
1576,0,0.544890591867823,1,0,-1.29988614372133,0,0
1577,0,0.0126502806153558,2,1,0.426928007229706,1,1
1578,0,4.62932767904703,1,0,-0.548997742517779,0,0
1579,0,1.34825560553278,1,0,-0.511890661183946,0,0
1580,0,0.678697596620421,2,0,1.01623605048352,0,1
1581,0,1.04615280019022,2,1,-0.169786817861543,1,0
1582,0,1.22858957809307,2,0,1.68075320047575,0,1
1583,0,0.375413947255931,0,0,0.368535449301497,0,1
1584,0,0.272285642004611,1,1,0.156947575006941,1,1
1585,0,1.63579445741398,2,0,0.0400691157163053,0,1
1586,0,1.91202043797452,1,1,-0.338765089129616,1,0
1587,0,1.51325143618285,2,0,-0.49190014447831,0,0
1588,0,1.56060105829126,1,0,0.0332088769554299,0,1
1589,0,1.00454493115346,0,0,0.943261483704128,0,1
1590,0,1.20423429040069,2,0,-0.21461328733912,0,0
1591,0,2.1029051453226,2,0,0.763217075077956,0,1
1592,0,0.382559922739059,1,0,1.71237977664628,0,1
1593,0,0.516956696396075,1,0,-0.53427548459419,0,0
1594,0,3.1298506493758,2,0,-0.437742153457521,0,0
1595,0,0.179341684904945,2,0,0.999321200365164,0,1
1596,0,0.926082323829386,1,1,-0.169742785012157,1,0
1597,0,0.451156561278538,1,1,0.159537540836009,1,1
1598,0,0.35261087740461,0,1,1.34545062195049,1,1
1599,0,2.36717677133678,1,1,-0.863218488142466,1,0
1600,0,0.363326423967122,2,1,0.306498366873997,1,1
1601,0,0.213426952260999,1,1,-1.70620455353358,1,0
1602,0,1.88970403240223,1,0,-0.174648060169657,0,0
1603,0,0.814868904098448,1,0,-1.75934714522031,0,0
1604,0,0.511799858262142,0,0,1.24229578694237,0,1
1605,0,0.295817304294364,1,1,-1.33374764526423,1,0
1606,0,4.29646895377888,2,0,0.784935192643464,0,1
1607,0,0.581146599645617,2,1,2.12410814728025,1,1
1608,0,0.820646667911092,2,0,1.56149107056876,0,1
1609,0,0.698778945504489,2,0,0.540096951254567,0,1
1610,0,1.62184696637966,1,1,0.0794191544285095,1,1
1611,0,0.0517084066976545,2,1,-0.104849760329905,1,0
1612,0,0.0181349050051134,0,0,-2.1530390950968,0,0
1613,0,0.850706907610099,0,1,1.7015813464574,1,1
1614,0,0.491470971481965,2,1,0.270704745796218,1,1
1615,0,0.983097530022116,2,1,0.186841768712213,1,1
1616,0,0.539056446137189,1,0,0.239779915256806,0,1
1617,0,0.0622281047962424,1,0,0.342924992193526,0,1
1618,0,0.26713159049995,1,0,-0.941703169253914,0,0
1619,0,0.0745949665744498,1,1,0.894004735133229,1,1
1620,0,1.23797219575946,1,0,-1.50961221718158,0,0
1621,0,2.31630228003401,2,0,-0.857778827737115,0,0
1622,0,2.28959365429688,1,1,1.67996397765472,1,1
1623,0,0.696213009012951,2,1,-0.154995184077375,1,0
1624,0,2.62566599449556,1,0,0.136291325560786,0,1
1625,0,2.34159419186185,1,1,0.367636011800431,1,1
1626,0,0.698593822248105,1,0,0.308128876728876,0,1
1627,0,0.826670752310366,1,1,-0.514300977217483,1,0
1628,0,0.484703940149036,1,0,1.45397855311646,0,1
1629,0,0.279115016982443,1,1,0.620522333916047,1,1
1630,0,0.693265710932465,1,1,-0.0172835873308029,1,0
1631,0,0.805520832977921,1,0,-1.12150637877795,0,0
1632,0,0.432728378648236,1,1,3.09184327938626,1,1
1633,0,0.333475625061374,1,0,-0.569108396635746,0,0
1634,0,0.55380962208144,1,1,-2.39112116208923,1,0
1635,0,0.556603996154369,1,1,-0.516899091594832,1,0
1636,0,0.825871327229034,2,0,1.40647708349032,0,1
1637,0,0.156606691079045,1,1,0.370920477473409,1,1
1638,0,0.607486162545639,2,1,-1.87342500946835,1,0
1639,0,0.0378682346593473,1,0,-2.40915353545725,0,0
1640,0,0.216240492842244,2,0,-0.53491882231641,0,0
1641,0,1.88576665396492,0,0,0.306082541256179,0,1
1642,0,1.12201462769646,1,0,-1.65254837994411,0,0
1643,0,0.540917250976172,2,0,-0.274840453188617,0,0
1644,0,2.49817996987339,2,0,1.10646978918355,0,1
1645,0,1.40878279080819,2,0,1.18262872923012,0,1
1646,0,0.0402742897947783,1,0,1.40443491897765,0,1
1647,0,0.342768495538634,2,0,-0.0951751287087595,0,0
1648,0,0.0924309157944955,0,0,-1.20484953969307,0,0
1649,0,0.533058195251681,1,0,0.490539953853335,0,1
1650,0,0.294929463186904,2,1,0.632244207983885,1,1
1651,0,0.90655871309439,2,1,0.135468676149256,1,1
1652,0,0.150981596636218,1,1,1.14383873576002,1,1
1653,0,0.338809170225806,1,0,0.428994158470244,0,1
1654,0,0.615134349369318,2,1,-1.22476915309398,1,0
1655,0,6,0,0,-0.317057133127013,0,0
1656,0,0.281689436524526,2,0,1.5706747295341,0,1
1657,0,1.05046829546112,2,1,0.989297891660742,1,1
1658,0,0.199763885311794,1,1,-0.934220152078148,1,0
1659,0,2.79863752289287,2,0,-0.248059681628813,0,0
1660,0,0.178084547321002,0,1,1.00705747709274,1,1
1661,0,0.65543434065505,1,0,-0.771763970500556,0,0
1662,0,0.466287797320021,2,1,0.863002303710008,1,1
1663,0,0.270730283912938,1,0,-1.74163672552582,0,0
1664,0,1.33517470162394,1,1,-0.335617363457324,1,0
1665,0,0.593014773701668,2,1,0.905877055131768,1,1
1666,0,0.247642321677857,1,1,-3.03116466786805,1,0
1667,0,0.172920487717602,2,1,1.32242839038431,1,1
1668,0,0.490226675140632,1,0,-1.31098752976576,0,0
1669,0,0.0626562550004801,2,1,-0.106372224607078,1,0
1670,0,2.42840433256732,0,0,-1.35095526323879,0,0
1671,0,6,0,0,-0.682170897897022,0,0
1672,0,0.718015081387847,0,0,-1.4898115307522,0,0
1673,0,0.111228519081901,2,1,1.09353048824324,1,1
1674,0,0.00558319082203528,1,0,0.332657062638929,0,1
1675,0,0.0158548976143002,1,1,0.501575470154476,1,1
1676,0,0.958365105811099,1,1,0.918350792028829,1,1
1677,0,0.162610800329129,1,1,-1.45218593825414,1,0
1678,0,0.358113247922346,1,0,0.0829977657319119,0,1
1679,0,1.54700363395222,1,0,-0.824777329481265,0,0
1680,0,0.949803324320863,2,0,-0.554743269062572,0,0
1681,0,0.691658426076174,0,0,-0.957601699905538,0,0
1682,0,0.480032553292319,2,0,-1.64951631106509,0,0
1683,0,1.26197558345745,2,1,0.428582027610802,1,1
1684,0,0.0820084327015873,2,1,1.32619270740196,1,1
1685,0,1.75996211779734,2,1,1.21348856821475,1,1
1686,0,2.97180630830807,1,1,0.708661479309885,1,1
1687,0,0.896113588167258,1,0,0.519564690292444,0,1
1688,0,2.08696875074843,1,1,-0.881162995552702,1,0
1689,0,2.15155481344086,2,0,-0.202257112521212,0,0
1690,0,0.213294683319849,1,0,1.95647879182226,0,1
1691,0,1.7517802462504,1,0,0.344606282639535,0,1
1692,0,0.0220823649144766,1,0,0.277277548623671,0,1
1693,0,0.173908124496745,1,0,-0.544454026502366,0,0
1694,0,0.155521908109575,2,0,0.960010952372862,0,1
1695,0,1.24660640376389,2,0,0.637132017202043,0,1
1696,0,0.691423990101899,1,0,-0.660992281750456,0,0
1697,0,0.573852974324756,2,1,0.946885328877441,1,1
1698,0,1.0137240370922,1,1,1.25859662017534,1,1
1699,0,0.21915581173223,2,0,0.479465383861708,0,1
1700,0,3.39120188987717,1,1,1.02296773117685,1,1
1701,0,0.64797152688849,2,1,1.7328634415766,1,1
1702,0,0.162040324926863,1,0,-1.12937386168568,0,0
1703,0,0.469347803483977,2,0,-0.797368925804537,0,0
1704,0,1.02508298383982,1,1,-0.201037485913071,1,0
1705,0,0.484764547060326,1,0,-0.412454873332711,0,0
1706,0,0.163580391151866,2,0,0.272961757482304,0,1
1707,0,0.210990967481874,1,0,-1.02373284450097,0,0
1708,0,0.638454093105454,2,1,0.907725755752316,1,1
1709,0,1.90255632313589,0,0,0.888414561595201,0,1
1710,0,0.248654033784847,1,1,-0.448394454190198,1,0
1711,0,0.141489677628678,1,1,-0.873853215602911,1,0
1712,0,0.225517706604596,2,0,1.64264092503427,0,1
1713,0,0.272086602949878,2,0,-0.224444116059933,0,0
1714,0,0.539196881776055,0,0,2.98392298298092,0,1
1715,0,0.0037019089976923,1,1,-0.446612763713489,1,0
1716,0,4.90694796346005,2,0,0.128073468920183,0,1
1717,0,0.000729251677841879,1,0,-0.815273507241883,0,0
1718,0,0.201204859038863,1,1,0.502009665907723,1,1
1719,0,0.0850909358249631,2,1,0.481859189909379,1,1
1720,0,1.03030825180009,2,0,-0.968364257955822,0,0
1721,0,4.25718296395407,1,1,1.48887807235389,1,1
1722,0,3.87199795262672,2,0,-1.25654513927501,0,0
1723,0,0.124062814462201,0,0,-1.46963267080855,0,0
1724,0,0.576959462114732,1,1,0.0951574061671526,1,1
1725,0,0.00481496976238326,1,1,-0.917161258624348,1,0
1726,0,0.00734571828064815,0,0,0.989340335610245,0,1
1727,0,0.539747896371776,0,0,-0.439381380493036,0,0
1728,0,1.2676230886681,1,1,1.24864281753877,1,1
1729,0,0.769243317879523,2,0,0.709198663099326,0,1
1730,0,1.01785248020383,2,0,0.64582587702748,0,1
1731,0,0.489813913048308,1,1,-1.25596119059189,1,0
1732,0,0.512676541725984,2,1,0.590589666141471,1,1
1733,0,2.76690798135576,2,0,0.372517618048974,0,1
1734,0,0.626836423619206,1,0,0.490643428796645,0,1
1735,0,0.622439618245439,2,0,1.81716348254974,0,1
1736,0,0.0382283933709825,2,1,2.88486660993294,1,1
1737,0,1.62656156803885,2,0,-0.643223767079818,0,0
1738,0,0.587101920526118,0,1,1.67621285398462,1,1
1739,0,0.545534614900492,1,1,-0.814166448113584,1,0
1740,0,1.18912178876844,1,0,-0.715582123474085,0,0
1741,0,0.463514024436153,1,1,-0.158273308593454,1,0
1742,0,0.630013431043134,2,0,0.0831110182902875,0,1
1743,0,1.1514286013941,0,0,0.688901778332357,0,1
1744,0,0.318338856152234,1,0,-1.89480577451086,0,0
1745,0,0.565147047225757,2,0,-0.408844981520078,0,0
1746,0,1.47263528788289,2,0,0.342909571185994,0,1
1747,0,0.258470597957887,1,1,0.225451739724908,1,1
1748,0,0.394421749972031,1,1,3.03182533080586,1,1
1749,0,1.93291504246493,0,0,-1.20245275489586,0,0
1750,0,0.787800364246964,1,1,0.281290960745096,1,1
1751,0,2.22360963828676,1,1,0.341285313028788,1,1
1752,0,0.409609454346362,1,0,-1.37509920509465,0,0
1753,0,0.109277928213186,2,1,1.16961916586567,1,1
1754,0,3.04260777522934,1,1,-0.488235301852148,1,0
1755,0,2.01330230266558,2,1,-0.962779745948161,1,0
1756,0,0.432890867247559,1,1,-0.851206449638579,1,0
1757,0,0.891157151786037,1,1,0.967946120732749,1,1
1758,0,1.44289973017698,1,1,1.14727457573205,1,1
1759,0,1.07447149150161,2,0,0.889849157812706,0,1
1760,0,0.180404491706957,0,0,-0.310027704689175,0,0
1761,0,0.357603166530961,1,1,0.525775012949293,1,1
1762,0,0.0491680339946928,0,0,0.782946660196478,0,1
1763,0,1.22085175016177,2,0,0.411622186603642,0,1
1764,0,0.473591079593476,1,0,-0.615823285170009,0,0
1765,0,0.685220196052229,1,1,0.416918572827307,1,1
1766,0,2.48344037992259,0,1,-0.0729628937913469,1,0
1767,0,0.061042332510496,1,1,-0.311962475946745,1,0
1768,0,0.71052084724747,1,0,1.15947622893156,0,1
1769,0,0.336262224730864,1,0,-0.474704135528702,0,0
1770,0,2.11416751061472,2,0,-0.550374235916241,0,0
1771,0,0.168730414662037,1,1,0.093446600712788,1,1
1772,0,1.989436833078,2,0,-0.178750025002123,0,0
1773,0,0.118373338241155,1,0,-0.496747773680325,0,0
1774,0,0.698609184384916,2,0,-0.950994268754772,0,0
1775,0,0.128727187976582,1,0,0.481683098551763,0,1
1776,0,0.456113454849678,0,0,-0.241667438970433,0,0
1777,0,1.63260467856122,1,1,0.175437723115714,1,1
1778,0,0.324070153168721,1,0,0.481227979029317,0,1
1779,0,0.113722590902905,1,0,-0.825521621086586,0,0
1780,0,1.48874472145825,2,1,-0.414790182197991,1,0
1781,0,0.21645069066999,1,0,-2.42417632446662,0,0
1782,0,4.20467040659628,2,0,0.080218573503813,0,1
1783,0,0.997667974750352,1,1,-0.389697277089585,1,0
1784,0,1.49055232661394,1,1,-0.568197532060051,1,0
1785,0,0.762428055528204,1,0,-0.771192375493657,0,0
1786,0,0.284328418897441,1,0,0.143858657538518,0,1
1787,0,1.01828240378939,1,0,-0.00511807885726174,0,0
1788,0,0.250098313657721,1,0,0.419016051501448,0,1
1789,0,2.24724593261878,0,0,-1.0715274137443,0,0
1790,0,0.608204854860518,2,0,1.88091950604537,0,1
1791,0,0.0674048704917841,1,0,-1.81426715369693,0,0
1792,0,3.17928408539252,1,0,1.01058315621608,0,1
1793,0,0.380712555506738,2,0,0.489805197749815,0,1
1794,0,0.0427915650871522,2,1,2.10712021436571,1,1
1795,0,0.184458967345486,1,0,-2.2789132490981,0,0
1796,0,0.671400299630864,2,0,1.06598290556504,0,1
1797,0,0.53606839774808,2,1,0.864008352800413,1,1
1798,0,0.056431846255521,1,0,-0.777904888828832,0,0
1799,0,1.12775182335285,1,1,-1.32486526420759,1,0
1800,0,0.159027148776311,1,0,-0.883705614480006,0,0
1801,0,1.1230742981558,1,0,-0.46818376972081,0,0
1802,0,0.208795584504697,1,1,0.40182083813436,1,1
1803,0,0.1241013932489,1,1,-0.724935723738953,1,0
1804,0,0.737561279946359,1,0,-1.59560276533432,0,0
1805,0,0.432363773153249,1,0,-0.756453238968734,0,0
1806,0,1.95325173445763,1,1,-0.122378113577468,1,0
1807,0,0.326602140495394,1,1,0.0223971807241584,1,1
1808,0,0.764797870388869,1,1,-0.511509429191987,1,0
1809,0,0.367389867562046,1,0,-0.108640065842842,0,0
1810,0,1.31676713247556,1,0,0.784076959277595,0,1
1811,0,1.02254739443468,1,1,0.903835627649194,1,1
1812,0,0.596112669296124,1,0,-0.256186039986132,0,0
1813,0,3.59829229255178,1,0,0.515860042758665,0,1
1814,0,1.19300253874383,2,1,0.0159671838423119,1,1
1815,0,1.82981559920148,2,0,0.206104118184849,0,1
1816,0,0.297695116193234,1,0,-0.57357032027724,0,0
1817,0,0.339050796308238,1,1,-0.278364069034252,1,0
1818,0,0.0532839943965276,0,1,0.306645850681096,1,1
1819,0,0.740692615440708,1,1,-0.296670563084276,1,0
1820,0,0.0194407042074062,1,0,0.815616973846103,0,1
1821,0,0.148358346598204,1,1,-0.848397220327871,1,0
1822,0,0.0210972462525429,2,1,2.68447895024496,1,1
1823,0,1.99596678838134,0,0,1.96122312028272,0,1
1824,0,0.0567301345732397,2,0,2.53221612643403,0,1
1825,0,0.652957495592184,2,0,-1.02893299614438,0,0
1826,0,2.96205224131407,2,0,0.89144165065873,0,1
1827,0,0.0154661838802638,2,0,1.26115441342204,0,1
1828,0,0.584074184298515,0,0,0.93203063641593,0,1
1829,0,0.0642042745220256,1,1,0.645465804536468,1,1
1830,0,0.301928160564492,1,0,0.646584221617429,0,1
1831,0,0.832127578584563,2,0,0.215848988182964,0,1
1832,0,0.480642699622952,0,1,1.01590635090395,1,1
1833,0,0.0270043010596102,2,1,0.585527836672152,1,1
1834,0,1.72530946011345,0,0,-0.557972090530961,0,0
1835,0,0.247232225096248,1,0,-1.01687426807299,0,0
1836,0,2.48903388413778,1,1,0.0656349976462144,1,1
1837,0,0.0753184768562679,1,1,-1.41275012710154,1,0
1838,0,0.0164111510482237,1,1,-1.86933488195866,1,0
1839,0,2.19672760918231,1,0,-0.399468437965513,0,0
1840,0,1.25423984040528,2,0,2.49241603380469,0,1
1841,0,2.07407137671638,2,0,1.02697871648517,0,1
1842,0,1.14353546734802,1,0,0.0895099231104041,0,1
1843,0,1.08470613290584,1,1,0.239330372021472,1,1
1844,0,0.309116442007531,1,1,-1.42885319687235,1,0
1845,0,0.749506552800781,0,1,0.192680312082196,1,1
1846,0,0.263554614438634,1,0,0.412685680841168,0,1
1847,0,2.09381320078234,2,0,0.817272853172175,0,1
1848,0,4.18299557330708,0,0,-0.0689993049562985,0,0
1849,0,0.620864089459286,0,1,0.114803557539289,1,1
1850,0,1.18344184546698,1,1,-1.79705838810398,1,0
1851,0,0.179098087052504,0,0,1.23316262701911,0,1
1852,0,0.980030202866848,1,1,-1.2801932114186,1,0
1853,0,0.209016949725844,1,1,-0.800383089078956,1,0
1854,0,0.128690747632754,2,1,1.23031213362419,1,1
1855,0,0.127766053961037,0,1,-0.366462554954921,1,0
1856,0,0.0684209388799537,1,0,0.577307721822765,0,1
1857,0,0.456345504203768,1,1,-0.486695866601769,1,0
1858,0,0.199512025685331,1,1,-0.428364212474542,1,0
1859,0,0.257795271948301,0,1,-0.997075862970754,1,0
1860,0,0.0765367826208867,1,1,-1.496610138894,1,0
1861,0,0.576870545946298,2,0,1.04828036155934,0,1
1862,0,2.01662996600213,1,0,1.3949402799196,0,1
1863,0,2.53576430613832,1,1,1.40741369872961,1,1
1864,0,0.104497071272358,2,1,0.0644130245806298,1,1
1865,0,0.231013050902979,0,0,-0.225571083240202,0,0
1866,0,0.448200697242469,1,1,-1.37103692013729,1,0
1867,0,0.578120248636978,2,0,-0.569468967945923,0,0
1868,0,1.26657205866457,1,1,-1.54407064045662,1,0
1869,0,2.9235187500587,2,0,0.345137619428365,0,1
1870,0,1.11767649596624,2,0,-0.131111927663473,0,0
1871,0,2.963063209757,1,1,0.555906824534671,1,1
1872,0,0.627859923532052,1,0,-0.199839655132843,0,0
1873,0,0.113488687428626,1,1,1.45533390811571,1,1
1874,0,0.094900309488165,0,0,-0.870741897128243,0,0
1875,0,3.24497604093773,2,0,0.833821792915926,0,1
1876,0,2.13434015427915,2,0,-0.767373801928217,0,0
1877,0,1.66068702890575,1,1,0.30312346057828,1,1
1878,0,1.79135513376977,2,0,0.582374282196512,0,1
1879,0,1.12237992332712,1,1,0.375311362007873,1,1
1880,0,0.701253186796711,1,0,0.000367507914846835,0,1
1881,0,1.38200835088075,0,1,-0.992033807931512,1,0
1882,0,0.114650391641531,1,1,1.54917986591134,1,1
1883,0,0.956139943745421,1,1,-0.227183324235903,1,0
1884,0,0.0278719207258188,1,0,-2.21100701741256,0,0
1885,0,1.42623868262169,1,1,0.569397052292626,1,1
1886,0,0.15137761271159,1,1,-1.12536773336019,1,0
1887,0,2.42661028789977,0,1,-1.32109931543545,1,0
1888,0,2.20400386174042,2,0,1.58806391154312,0,1
1889,0,0.0873864647073697,1,0,-1.77459837212186,0,0
1890,0,1.44304900240289,2,1,-0.822545136374775,1,0
1891,0,0.25563584406358,2,1,0.893358413231282,1,1
1892,0,0.0317627986141877,1,1,0.487545503266479,1,1
1893,0,0.0240211370969643,2,1,1.1172404915287,1,1
1894,0,1.6669393473808,2,0,0.647019390624078,0,1
1895,0,0.286539789188066,1,1,-1.69039342086809,1,0
1896,0,0.949893363812615,1,1,0.129628560084504,1,1
1897,0,0.0191102346262447,2,1,-0.483060450943047,1,0
1898,0,1.38089775886467,2,1,0.289515754169649,1,1
1899,0,1.90743855401096,1,0,-1.92228489338959,0,0
1900,0,1.47182037717091,2,0,-0.831586637350738,0,0
1901,0,0.865977892674708,1,0,0.117973492282373,0,1
1902,0,0.59720788315507,1,1,-0.348255425640057,1,0
1903,0,0.591833669071396,0,0,1.82306870276189,0,1
1904,0,0.507679940796014,1,0,0.0917522962046525,0,1
1905,0,0.163900485120454,2,1,0.262667815705221,1,1
1906,0,0.343729312484956,1,0,0.401888784293886,0,1
1907,0,0.0748750819937836,1,0,-0.213550822733597,0,0
1908,0,1.61852548065515,1,1,0.551018709280295,1,1
1909,0,1.18350175002785,2,1,1.48139126450839,1,1
1910,0,0.128444051370025,0,1,-0.0462457431454874,1,0
1911,0,0.220482231428226,0,1,1.42511748699044,1,1
1912,0,2.23108701608945,1,0,-0.778707528022054,0,0
1913,0,0.397320077185882,0,0,-0.292717515343447,0,0
1914,0,1.03186779817373,1,0,-1.7471365072423,0,0
1915,0,3.48094737756455,2,0,1.41270951843885,0,1
1916,0,0.665248060030415,1,1,-1.23525972407176,1,0
1917,0,1.21813679344673,1,1,-0.422182619684181,1,0
1918,0,0.399589709973057,2,1,1.6563986537219,1,1
1919,0,3.46434160187542,1,0,0.870049509190215,0,1
1920,0,0.158889716964456,1,1,-1.69158249165632,1,0
1921,0,0.118014356734188,1,1,0.154217361571714,1,1
1922,0,0.285938753275251,2,1,0.308344541554673,1,1
1923,0,0.120471378809637,1,1,-0.75112977836486,1,0
1924,0,0.328413392109097,1,0,-0.788925418001134,0,0
1925,0,1.94796659812931,2,0,0.386226727741281,0,1
1926,0,1.54370303413235,1,1,-0.675534167636259,1,0
1927,0,0.545796351507306,0,0,-1.53667499612258,0,0
1928,0,1.61920273280745,2,0,-0.173302896784937,0,0
1929,0,3.70285459372588,1,0,-0.581318982245767,0,0
1930,0,2.43367136902505,2,0,2.03043429521989,0,1
1931,0,1.29135940223932,0,0,-0.0925339950203728,0,0
1932,0,0.581030503515866,1,1,2.53865550714449,1,1
1933,0,0.563275386551453,1,0,1.49979768686148,0,1
1934,0,3.06019648599128,0,1,1.18684845922925,1,1
1935,0,1.62386260046175,2,0,0.267384692420425,0,1
1936,0,0.36156709894216,1,1,0.267061736465269,1,1
1937,0,0.395209815933824,2,0,0.582539507057049,0,1
1938,0,0.113088886440561,1,1,-1.51135740524465,1,0
1939,0,0.455831149433015,2,1,-0.588698523649937,1,0
1940,0,0.796951860301838,2,0,0.06798240151335,0,1
1941,0,0.114051129797094,2,0,0.0975970092095632,0,1
1942,0,0.701246672640181,1,0,-1.32471284399176,0,0
1943,0,2.5663876002962,2,0,0.756409805597523,0,1
1944,0,0.791016097024223,1,1,1.6233072654589,1,1
1945,0,0.421404430068729,2,0,0.396716686747585,0,1
1946,0,1.24277486142887,2,1,-0.39656017176319,1,0
1947,0,1.25002194990068,2,0,-0.156305310437927,0,0
1948,0,0.287798997961367,1,1,-1.00276767755305,1,0
1949,0,0.0368372998546718,2,1,0.804371702433546,1,1
1950,0,0.920042388951153,1,0,-1.48175119490188,0,0
1951,0,0.216456907856628,1,0,0.0631987924990996,0,1
1952,0,0.013519096034747,1,1,-0.551360022934687,1,0
1953,0,0.074249572470364,1,0,0.0377706682765921,0,1
1954,0,0.750393019201777,1,1,0.267845227721377,1,1
1955,0,0.235882383237749,1,1,0.4234624828802,1,1
1956,0,4.51056278177733,1,1,0.557892696364899,1,1
1957,0,1.87421424012539,2,0,0.189061481262675,0,1
1958,0,3.37382075068795,2,0,0.551778392510149,0,1
1959,0,0.0122295188938725,1,0,-2.1682090239711,0,0
1960,0,0.140651982894552,2,0,-0.254198545131325,0,0
1961,0,1.71010768266736,1,1,-0.911443215368455,1,0
1962,0,0.373279755887429,1,0,1.73048784734251,0,1
1963,0,0.12692103867452,2,0,-1.03541564939923,0,0
1964,0,0.533381300272046,1,1,-0.167546022762812,1,0
1965,0,1.0448466268542,2,0,1.56183144756566,0,1
1966,0,1.19523203310867,0,1,0.309758816932139,1,1
1967,0,1.26104073092408,2,0,0.519915109837455,0,1
1968,0,0.416853852425947,1,0,-0.557056868690242,0,0
1969,0,0.599225564241048,1,1,-0.693662861473827,1,0
1970,0,0.385069769496719,0,0,-0.33836083952476,0,0
1971,0,0.483246536228882,1,1,-1.11677681819258,1,0
1972,0,1.01429834020189,1,0,1.90256391421862,0,1
1973,0,0.832339819191042,2,1,0.0508019395203881,1,1
1974,0,0.136412670537977,1,0,-2.05428725409431,0,0
1975,0,0.185654643926863,1,1,0.18960536940041,1,1
1976,0,1.9280974388498,2,0,-0.408910057883818,0,0
1977,0,0.200092000088034,1,0,-1.09053981860206,0,0
1978,0,0.0542234222638991,1,1,1.26340665487111,1,1
1979,0,3.6397261376817,1,0,-0.427191813339807,0,0
1980,0,0.0230432111236701,2,1,0.419616826044989,1,1
1981,0,3.66304907504761,2,0,-1.72740896226895,0,0
1982,0,0.195881171772877,0,1,-0.179798826757458,1,0
1983,0,0.478492214364111,2,1,1.33135470038092,1,1
1984,0,1.20205048840788,1,1,-0.011898462339662,1,0
1985,0,0.214284387073752,2,1,-0.224721507261274,1,0
1986,0,0.509651690166829,1,1,-0.454589005854208,1,0
1987,0,0.0222542286652188,2,1,-1.33601447244862,1,0
1988,0,0.386234261922066,1,0,1.26143264550683,0,1
1989,0,0.0204541482863619,1,1,0.291144435929033,1,1
1990,0,0.406190032192338,2,1,1.35127681362427,1,1
1991,0,2.90816951454005,2,0,-0.863501318865917,0,0
1992,0,1.29949461803947,1,0,-1.42158129945516,0,0
1993,0,0.697573802022128,2,0,-0.33878284470962,0,0
1994,0,0.863851379669799,1,0,-1.48996422788417,0,0
1995,0,2.42253516115304,2,1,0.109912605908842,1,1
1996,0,1.24950860356895,1,1,1.08069105680068,1,1
1997,0,0.143506068302766,1,0,0.00554516857227626,0,1
1998,0,0.014648844549429,2,1,0.680555226434224,1,1
1999,0,0.287496167235717,2,0,-0.370630906993586,0,0
2000,0,0.721834562560835,1,1,0.734756613692887,1,1
2001,0,1.92648846666983,1,1,0.390281143854526,1,1
2002,0,0.398202097558767,2,1,1.49841150779155,1,1
2003,0,0.286960848541594,1,0,-0.0148149835443112,0,0
2004,0,2.35282717957611,1,0,-0.99681549348851,0,0
2005,0,0.0662386601698196,2,0,1.03444811870478,0,1
2006,0,0.730552762686226,2,0,0.935729021609062,0,1
2007,0,0.152664188551763,2,0,1.6418917986367,0,1
2008,0,0.556116650884877,2,0,0.98829814332532,0,1
2009,0,2.13705888592799,1,0,-0.0289408371738543,0,0
2010,0,0.222795490761886,1,0,-1.77908413444051,0,0
2011,0,0.391342475987547,1,1,-0.420165117349409,1,0
2012,0,1.55638976058864,1,0,0.876231510227076,0,1
2013,0,0.622978515700466,1,1,0.0448406796678599,1,1
2014,0,1.20956812328805,1,0,0.233508857905532,0,1
2015,0,0.463486810525258,0,1,0.829957301486434,1,1
2016,0,1.45879652497933,1,0,-1.52569566417413,0,0
2017,0,0.0302400805552851,1,1,1.27718823272011,1,1
2018,0,0.73636037220542,2,0,0.199978631573597,0,1
2019,0,2.31964210263369,1,1,0.503764361640502,1,1
2020,0,1.44453579631099,1,1,0.346282338156148,1,1
2021,0,0.239519518763745,1,1,0.210563201310811,1,1
2022,0,0.780810373768207,1,0,-0.794465291090932,0,0
2023,0,0.858772534137645,1,1,-0.300768811397534,1,0
2024,0,0.0176038985788484,1,1,-0.404912562935356,1,0
2025,0,1.11746666332086,0,0,-0.643204853796227,0,0
2026,0,0.718400405846564,2,0,-0.19059898400478,0,0
2027,0,0.133285157854224,2,1,1.53374600000117,1,1
2028,0,0.967737908411073,2,1,0.737514045208523,1,1
2029,0,0.029937777047356,0,0,1.0085134826849,0,1
2030,0,0.282852858744577,1,0,-0.709415275691218,0,0
2031,0,0.487874022195175,0,0,-0.171619112097626,0,0
2032,0,1.87133056089388,2,0,1.1125202454343,0,1
2033,0,1.6616639728195,1,0,-1.00245260322215,0,0
2034,0,0.0755394988155066,2,1,-0.0695107365098697,1,0
2035,0,0.988515092285484,2,1,-0.460500194891173,1,0
2036,0,0.6470818308844,1,0,0.165216481027213,0,1
2037,0,0.923475047269451,1,0,-2.06051395323158,0,0
2038,0,0.00503703641394774,0,1,-1.20451357835277,1,0
2039,0,2.69041927531362,0,1,1.10714706689195,1,1
2040,0,0.111165994793619,2,1,0.904448508995922,1,1
2041,0,1.66255126022909,1,0,-0.708551185002247,0,0
2042,0,0.296020896920914,2,0,0.924054464874486,0,1
2043,0,1.25124157071054,2,0,-0.397420502937405,0,0
2044,0,0.444955562029584,1,0,1.38112058168814,0,1
2045,0,1.63714543882874,0,0,0.94094686979013,0,1
2046,0,2.79124820425788,1,0,-0.164628626686875,0,0
2047,0,1.566597000435,1,1,0.502204542089875,1,1
2048,0,0.717143465827918,1,0,-0.413072350415499,0,0
2049,0,1.41946428406054,2,1,1.90349567051817,1,1
2050,0,3.12233700282271,2,0,-0.268526835644289,0,0
2051,0,0.20762180900286,2,1,0.151016256032536,1,1
2052,0,1.951888648234,1,0,-0.174980894211815,0,0
2053,0,1.84509433393539,2,1,-0.863567903430043,1,0
2054,0,2.14869479676247,1,0,-0.51288057850894,0,0
2055,0,2.32497146663566,0,0,-1.44884502290896,0,0
2056,0,0.170221638279995,0,1,-1.62570003206359,1,0
2057,0,0.682600207811967,1,1,-0.0836183238801741,1,0
2058,0,0.561704048886895,0,1,1.25239045938518,1,1
2059,0,0.520936549884075,2,1,0.627843224979263,1,1
2060,0,1.80947699230806,0,1,-2.14151768829054,1,0
2061,0,1.05465804611506,1,0,-1.77516071267336,0,0
2062,0,0.0852517789682531,0,0,-0.00913387754003852,0,0
2063,0,0.534927489527482,1,1,-0.035665078609876,1,0
2064,0,0.425721324232219,1,0,0.469382287960329,0,1
2065,0,0.494320608862553,1,1,1.88406679156633,1,1
2066,0,0.5497128457867,1,0,0.797832910235372,0,1
2067,0,0.466009734777935,1,1,0.769903784915338,1,1
2068,0,0.741092332681778,2,1,0.464101187803079,1,1
2069,0,0.62810515144385,2,0,1.08781789945236,0,1
2070,0,0.134846323584428,1,1,-0.73923703414222,1,0
2071,0,0.0102807176769994,1,1,1.8599738594544,1,1
2072,0,0.194220246938638,1,0,0.361626325185193,0,1
2073,0,0.23869015706379,1,1,-0.892496929878696,1,0
2074,0,0.0277886201174868,1,1,1.22502963564424,1,1
2075,0,0.544420426049985,1,0,-0.372886670425999,0,0
2076,0,0.55468395659516,2,0,0.455806676325933,0,1
2077,0,0.935746799850071,1,0,0.435986010753483,0,1
2078,0,0.192831734354504,2,1,0.651358173333443,1,1
2079,0,0.157147452699044,1,1,-1.37774121962085,1,0
2080,0,0.559616603252164,2,0,0.851742387072073,0,1
2081,0,0.668486226998646,2,0,0.427144497183622,0,1
2082,0,0.823492743462626,1,1,2.80739115009871,1,1
2083,0,0.954258760317998,2,1,-0.0870455211479061,1,0
2084,0,0.344505937004986,1,1,-0.811691732819888,1,0
2085,0,1.8406024996651,0,0,0.443729766303016,0,1
2086,0,1.46633733510172,1,1,-1.56290610641236,1,0
2087,0,1.60099667882625,2,0,-1.06221430651054,0,0
2088,0,1.61247239898052,1,1,-0.266336918641249,1,0
2089,0,0.406733484797662,2,0,0.944952237855625,0,1
2090,0,2.27475824765861,0,1,0.0835473723370736,1,1
2091,0,0.297420252263072,1,1,-1.20422912472772,1,0
2092,0,0.00259765623085103,2,0,1.02457128381815,0,1
2093,0,0.970223914756066,1,0,-1.57789815212751,0,0
2094,0,0.696491332957061,2,0,0.0603195646131786,0,1
2095,0,0.637848822843907,2,1,1.42396178199986,1,1
2096,0,0.789185037201767,1,1,-1.78386269603034,1,0
2097,0,1.49145707602848,1,1,0.475343164308825,1,1
2098,0,0.0777491718498314,2,1,1.46809072758073,1,1
2099,0,0.778048236185766,2,0,2.09856015660894,0,1
2100,0,1.90424867723053,2,1,0.0831988781916577,1,1
2101,0,0.268968781639318,1,1,-0.0221801445647688,1,0
2102,0,0.182926958871798,2,0,-0.239283562134106,0,0
2103,0,0.717021542215773,1,1,0.845299688679434,1,1
2104,0,0.259934350640211,1,0,-0.0568048317620617,0,0
2105,0,0.527906653032187,1,1,-0.687023259639498,1,0
2106,0,3.9984236857695,2,1,-1.43714351248495,1,0
2107,0,1.22767644345743,1,0,-1.52663572533305,0,0
2108,0,0.0122646596115972,2,0,0.258218712669355,0,1
2109,0,5.3968673288296,2,0,-0.323174163782081,0,0
2110,0,0.166929021133755,1,1,-0.322693239435684,1,0
2111,0,0.47153590247035,0,0,-1.2758720812099,0,0
2112,0,0.932999281478395,1,1,-0.0339480005400993,1,0
2113,0,0.0557182172545174,1,0,0.0125517517881039,0,1
2114,0,0.294162449891685,2,0,0.228579825262281,0,1
2115,0,1.32414413816209,2,0,0.0279677419770889,0,1
2116,0,2.28310546618874,1,1,0.0291819661582086,1,1
2117,0,0.327401249004062,2,1,-0.0347095320240961,1,0
2118,0,0.449647106630706,1,1,0.239016967788689,1,1
2119,0,0.449682135707097,2,1,2.54919549967787,1,1
2120,0,0.345262081658792,1,0,-1.37374677835771,0,0
2121,0,1.49561341753145,1,1,-0.0739111236253474,1,0
2122,0,1.02815411641627,1,0,-0.649045298258735,0,0
2123,0,0.195623225640951,1,1,-1.36836084644156,1,0
2124,0,1.0619790221415,1,0,0.892596101123266,0,1
2125,0,1.31743775790106,2,0,0.109794523623904,0,1
2126,0,1.78361913420612,2,0,-0.416364067958865,0,0
2127,0,0.909682144670481,1,0,-0.167859977217731,0,0
2128,0,0.0355268732279756,0,0,-0.244414165159569,0,0
2129,0,0.298230449782127,2,1,0.627276183886156,1,1
2130,0,0.0194538702901898,1,1,0.271760256837599,1,1
2131,0,0.111774846751043,1,0,-1.34732670557132,0,0
2132,0,0.288530585880755,1,1,-1.24618990503594,1,0
2133,0,0.66696230712407,1,0,0.731415226836799,0,1
2134,0,0.519227270385095,2,1,0.154799030864402,1,1
2135,0,0.0691772688499626,1,0,-0.159727611106623,0,0
2136,0,0.281408374373801,2,0,-0.0175137022929237,0,0
2137,0,1.74555715959692,1,1,0.628990258723235,1,1
2138,0,1.70546635624015,1,0,0.154342795750826,0,1
2139,0,1.32013850746883,1,0,0.0295988960606018,0,1
2140,0,3.79766846910692,2,0,-0.732569464942113,0,0
2141,0,0.0411726163811074,1,1,0.210274372373798,1,1
2142,0,0.819056082570359,0,0,0.606125744665559,0,1
2143,0,0.486710485645003,1,1,-0.591750088268799,1,0
2144,0,0.046000877710941,1,1,0.529834270060742,1,1
2145,0,0.0288024834164795,1,0,0.136982994363151,0,1
2146,0,2.61524039815877,1,0,-2.619197058181,0,0
2147,0,0.613656555426493,1,0,-0.706447303021634,0,0
2148,0,0.477047371450121,1,1,0.282275183762927,1,1
2149,0,0.104456113240648,2,1,-1.41048774517562,1,0
2150,0,0.795849934661442,1,1,-1.23637632929858,1,0
2151,0,1.08937700192043,2,0,0.659939135374506,0,1
2152,0,0.696736154903622,1,0,-1.40991250881115,0,0
2153,0,0.534768314881516,1,0,-1.4038597172501,0,0
2154,0,0.689792340018382,1,0,0.459601121587357,0,1
2155,0,0.0545052105222618,1,1,0.798171617568698,1,1
2156,0,0.0340905994312878,1,1,-0.410358866336869,1,0
2157,0,0.921299359368929,1,0,-0.412185588140068,0,0
2158,0,0.258960956297207,1,0,0.353722749369487,0,1
2159,0,0.505482940725639,1,0,-0.943724367938471,0,0
2160,0,1.07578242364815,2,1,-0.246161837152666,1,0
2161,0,2.69198614483815,1,1,0.0191770897359394,1,1
2162,0,0.674191119305424,1,1,-2.13475922137234,1,0
2163,0,0.0507823815375207,1,0,0.0907696722259328,0,1
2164,0,1.7330057274914,1,1,0.756793056968319,1,1
2165,0,0.665240893670629,1,0,-0.719963588637542,0,0
2166,0,1.40512923825122,1,0,0.301360132085511,0,1
2167,0,2.99667898565531,0,1,-0.218031329442687,1,0
2168,0,2.16129676593491,2,1,0.739500789138432,1,1
2169,0,0.521038171524803,0,0,-1.07011513709414,0,0
2170,0,3.16816876839282,1,1,0.701411432758347,1,1
2171,0,2.51566845409874,2,0,1.10443036186243,0,1
2172,0,0.867167496493888,1,0,0.618937106966812,0,1
2173,0,1.28476375623002,1,1,0.620540789039331,1,1
2174,0,0.0067461086007263,1,1,-0.0511107999227206,1,0
2175,0,1.2429321027012,0,1,0.139396599850972,1,1
2176,0,1.80570646043188,1,1,1.45204694546224,1,1
2177,0,1.22005534580616,2,0,1.76845690616666,0,1
2178,0,0.247099048166224,1,1,1.23400619534258,1,1
2179,0,0.0654642955171381,2,1,0.686666175396123,1,1
2180,0,0.53681287959866,0,0,0.592899690179914,0,1
2181,0,0.0111925202854361,1,0,0.264897036248827,0,1
2182,0,0.273013722208031,2,1,2.16284048030223,1,1
2183,0,0.640453145175266,1,0,-0.223101010743778,0,0
2184,0,0.266457165667445,1,1,-1.2077426521554,1,0
2185,0,0.516025225374471,2,0,0.39004731974352,0,1
2186,0,0.895400612837503,2,0,0.953926810328605,0,1
2187,0,0.319638105230196,1,0,-0.709633809536215,0,0
2188,0,0.250255038680287,1,1,-0.247762897677831,1,0
2189,0,0.835463277233532,0,0,-1.14157973603511,0,0
2190,0,2.23236593213668,0,0,0.507100296004911,0,1
2191,0,0.120152816514752,1,1,-0.872810463946344,1,0
2192,0,0.772522119753088,1,1,1.56301539121815,1,1
2193,0,4.8973348426157,1,1,0.22415248009255,1,1
2194,0,2.15462325610772,2,0,-1.53282699878629,0,0
2195,0,1.29260373922686,0,0,-0.397611336449924,0,0
2196,0,3.59523192003541,2,0,-0.663386289156388,0,0
2197,0,1.54390996247404,1,1,0.901526465446914,1,1
2198,0,0.603498174327726,1,0,-0.404208993906318,0,0
2199,0,0.252391279696897,1,1,-1.03403172042616,1,0
2200,0,0.195109712778306,2,0,0.0781777260009669,0,1
2201,0,3.12144271329433,2,0,0.0898645757995771,0,1
2202,0,0.00509903388817803,2,0,1.58589843413635,0,1
2203,0,0.233274441985516,1,0,0.418519703082533,0,1
2204,0,1.60129622799978,1,0,-1.02051950550757,0,0
2205,0,0.793065490886859,2,1,0.0149910679687605,1,1
2206,0,5.21441599947024,0,0,-0.219328282598868,0,0
2207,0,0.0943529261506803,1,1,0.40917474037842,1,1
2208,0,3.73828227935092,2,0,-0.383139536728032,0,0
2209,0,0.199526785331964,2,0,1.11762676549878,0,1
2210,0,0.560164429155756,1,0,-1.34683702646628,0,0
2211,0,0.579563395413385,2,0,0.195241853827946,0,1
2212,0,2.23285162510971,0,0,0.838709541745926,0,1
2213,0,0.182548515758113,1,1,-1.42689079091289,1,0
2214,0,1.1258687916692,1,1,-1.12999656424729,1,0
2215,0,0.674858547235637,1,1,-1.35299516647294,1,0
2216,0,0.308410117995884,1,1,1.42668911135226,1,1
2217,0,0.129946999541353,2,1,-0.599662368827102,1,0
2218,0,0.415894720318505,2,1,-0.302649338069555,1,0
2219,0,0.944818995792487,2,0,-0.311780076118701,0,0
2220,0,0.401472714339158,1,1,-1.51978940172854,1,0
2221,0,0.222252830526651,1,1,0.427198821603731,1,1
2222,0,0.103893534006859,2,0,0.530074061954165,0,1
2223,0,0.610889932263953,2,1,-0.0268549466503748,1,0
2224,0,5.69691781482284,2,0,-0.506267487722754,0,0
2225,0,0.0193281880771192,0,0,0.484500619373798,0,1
2226,0,0.646732126972452,1,0,-0.874345433946871,0,0
2227,0,0.609703576428169,1,0,0.514516268899059,0,1
2228,0,0.782603429489184,2,0,1.21120941335804,0,1
2229,0,0.236810475669933,2,1,1.4904873940976,1,1
2230,0,0.233658342286061,1,1,-0.538771591660849,1,0
2231,0,1.14731296147815,2,1,0.144295907641407,1,1
2232,0,0.607540456131024,1,0,-0.109741039600512,0,0
2233,0,1.71590066256719,2,1,0.702469579690893,1,1
2234,0,0.0840651380458491,1,0,-1.82583609872421,0,0
2235,0,0.257152644379761,1,1,0.640314989439188,1,1
2236,0,0.0690633291340062,2,0,1.72260138372773,0,1
2237,0,0.356807148750391,1,0,1.26936819850661,0,1
2238,0,0.736913806732919,2,0,0.544135403086853,0,1
2239,0,1.92207897392412,0,1,-0.406013415288191,1,0
2240,0,0.787571752064399,1,1,-0.935755336343245,1,0
2241,0,0.387716100779586,1,1,-1.00584785730034,1,0
2242,0,1.99090795735999,1,1,0.814419117758609,1,1
2243,0,2.26527781850605,2,1,0.187376006147802,1,1
2244,0,0.669356530382993,1,1,-0.523984768392224,1,0
2245,0,3.42879991924675,2,0,1.09157912970732,0,1
2246,0,0.75673641307357,2,0,0.62302007311517,0,1
2247,0,1.55837997454433,2,0,1.15821105167627,0,1
2248,0,5.4069744517764,2,1,-0.68115072955656,1,0
2249,0,0.0597124920106537,2,1,0.646400923791475,1,1
2250,0,0.208452118759616,2,0,0.0680907224117726,0,1
2251,0,0.42917323743998,1,1,0.533704244945277,1,1
2252,0,0.874864935851597,2,0,0.458165424049438,0,1
2253,0,0.0935904351055777,2,0,0.234751061530204,0,1
2254,0,0.0118807410033648,1,0,-2.24260478735321,0,0
2255,0,0.0285595282912254,0,1,1.09379340672893,1,1
2256,0,0.471461142316803,1,1,0.332111433383775,1,1
2257,0,0.160645471467825,1,1,0.409982984513534,1,1
2258,0,1.1064572555926,2,1,0.975682052452711,1,1
2259,0,1.05129407292758,2,1,0.367975752929763,1,1
2260,0,0.116063471968818,1,0,-0.804996194720568,0,0
2261,0,0.000843930588896811,2,0,0.486168353685477,0,1
2262,0,2.39990550403794,0,0,0.108245523027691,0,1
2263,0,0.572900079306477,0,0,1.05958912635311,0,1
2264,0,0.305908757720237,1,1,-0.724977901489173,1,0
2265,0,0.0170433676491181,0,0,0.393062593565687,0,1
2266,0,1.00113161867573,1,0,-1.031939120395,0,0
2267,0,0.423644188170632,0,0,0.674180300116435,0,1
2268,0,2.92113596049633,2,0,0.493013004204082,0,1
2269,0,0.984185593036662,1,1,0.732205991605595,1,1
2270,0,1.02487876810906,2,1,0.979069206898409,1,1
2271,0,1.23596502250746,2,0,1.16765766531629,0,1
2272,0,0.0720088598173775,1,1,-0.81948694564175,1,0
2273,0,0.12929840300717,2,1,1.22251066520106,1,1
2274,0,0.080777338066338,1,1,-1.75322561606416,1,0
2275,0,0.159525219812069,1,0,-1.02682428438929,0,0
2276,0,1.1175139305959,1,1,0.556052280383932,1,1
2277,0,1.2976720209018,1,1,-0.236449190607481,1,0
2278,0,4.94215583850892,1,1,-0.93470567520489,1,0
2279,0,1.28784365641574,0,1,-0.623548850718095,1,0
2280,0,3.45784850390574,1,1,-0.247918079890476,1,0
2281,0,0.0817898740818446,1,1,-0.482125067987974,1,0
2282,0,0.789345476219195,1,1,-0.292921006888604,1,0
2283,0,0.399822944797971,1,0,-0.447602682110573,0,0
2284,0,1.80038546587017,0,0,-1.66210661004214,0,0
2285,0,0.131252288013178,2,1,-0.182904247124114,1,0
2286,0,0.796550597751055,1,1,0.965146884939855,1,1
2287,0,1.43566306020267,2,0,0.96051303372859,0,1
2288,0,0.0385203203056584,0,1,0.679596469348414,1,1
2289,0,2.21802548123063,1,0,-0.613648851837884,0,0
2290,0,0.100716171345503,1,0,0.17836684679134,0,1
2291,0,0.0390126799756346,1,1,0.256968112728379,1,1
2292,0,1.69624461544646,1,1,-0.155643610152158,1,0
2293,0,0.127285150413689,1,0,1.71384601983204,0,1
2294,0,0.334055387704085,2,1,-0.554041584005937,1,0
2295,0,0.0957395987186938,1,1,-0.179612085752686,1,0
2296,0,0.0446936073997405,1,0,-0.520006213703808,0,0
2297,0,0.488009185873874,1,1,-1.23175917651237,1,0
2298,0,0.620177648276694,1,0,0.206091995774428,0,1
2299,0,0.0422940459789093,2,1,2.04178609978418,1,1
2300,0,2.2523327507662,2,0,-0.445487632247182,0,0
2301,0,2.96478983528795,1,0,-0.293877344409814,0,0
2302,0,1.02788769847437,1,1,0.481864736205509,1,1
2303,0,0.438348158572198,1,1,0.754171893214069,1,1
2304,0,0.0916944093859513,1,0,1.3747508828434,0,1
2305,0,0.208737147197289,1,0,-1.12884664903233,0,0
2306,0,0.0898547381445668,2,1,0.923697079277676,1,1
2307,0,2.53467577065366,2,0,-0.609374217054932,0,0
2308,0,0.348495253714699,2,0,1.52661813080231,0,1
2309,0,0.104504816051637,2,1,1.05289696601479,1,1
2310,0,1.86016822601864,2,0,-0.407225816881451,0,0
2311,0,1.16625987793888,1,0,0.240592669361795,0,1
2312,0,1.52948486831234,1,1,-0.39368424520165,1,0
2313,0,1.33991945579686,1,0,-0.571436876346975,0,0
2314,0,0.23909325026325,2,0,0.438945147873566,0,1
2315,0,1.4478834031801,2,1,1.00976772186754,1,1
2316,0,0.808109296516676,1,1,-0.0726936016312418,1,0
2317,0,0.311889884372552,0,0,0.592728441380742,0,1
2318,0,3.34604314879631,2,0,-0.211725482660998,0,0
2319,0,3.57833949391995,0,1,-1.88435097159444,1,0
2320,0,0.130076612088724,1,1,-0.57447971039069,1,0
2321,0,0.821226219394933,2,1,0.512287420128724,1,1
2322,0,0.753120137009157,1,1,-0.386228248471414,1,0
2323,0,0.383103818039166,1,0,-1.12534273006675,0,0
2324,0,0.414955978204085,2,0,1.22220181996214,0,1
2325,0,6,0,0,-1.11558172882822,0,0
2326,0,0.0877616005895979,1,0,-0.879435661019005,0,0
2327,0,3.68554561088483,0,0,-1.05222525777241,0,0
2328,0,0.189171810451915,1,0,-0.821153334029653,0,0
2329,0,0.265333294041184,2,1,1.03672151842516,1,1
2330,0,0.225734511758313,0,1,1.07577652390102,1,1
2331,0,0.077245947947321,1,1,-1.18696817661092,1,0
2332,0,1.33443945617429,2,1,-0.676675719173864,1,0
2333,0,1.78545133102966,2,1,-0.361462493462276,1,0
2334,0,1.1262569698788,1,1,-0.763504993429625,1,0
2335,0,0.336947913688629,1,1,1.35169574916528,1,1
2336,0,0.00421034320397212,2,1,0.0396251914134069,1,1
2337,0,4.67556464768259,0,0,-1.05168578384007,0,0
2338,0,1.79588873209402,2,0,-0.591620441370248,0,0
2339,0,0.53575875657451,1,0,0.815895049415577,0,1
2340,0,0.850175208728755,0,1,-0.218272843109778,1,0
2341,0,0.382360290099332,1,0,-1.26103832413004,0,0
2342,0,0.889957197020587,2,0,0.649879754832895,0,1
2343,0,0.734332283585711,2,0,0.690617467833639,0,1
2344,0,0.539058261050057,0,0,-0.0705865123189099,0,0
2345,0,0.362479714410838,2,0,0.149056934070645,0,1
2346,0,0.0816521809816757,1,1,-0.911857953290984,1,0
2347,0,0.106922367246935,0,1,2.44445655711411,1,1
2348,0,0.0888956831518425,1,1,0.52010003388613,1,1
2349,0,1.49071252091294,1,1,-1.24725746074843,1,0
2350,0,4.03635247850451,2,0,0.634416915319437,0,1
2351,0,0.580399550746829,1,1,2.23406307145599,1,1
2352,0,0.72967271264062,1,0,-0.782641569691704,0,0
2353,0,3.29052636675098,2,1,-0.671743705431625,1,0
2354,0,2.36809750228293,2,0,-0.426864899651105,0,0
2355,0,3.62683597366696,2,1,0.0535033398289684,1,1
2356,0,0.306947031449963,1,1,0.124315094994765,1,1
2357,0,1.06932399504093,1,0,1.0005366893065,0,1
2358,0,0.781284674559374,1,0,-0.95158487459453,0,0
2359,0,0.981725300114533,1,0,0.380861310692583,0,1
2360,0,0.563113611178342,0,0,1.26025226524503,0,1
2361,0,0.804457643753144,2,0,1.15255986138904,0,1
2362,0,0.0277976267063452,2,1,1.63437785596994,1,1
2363,0,1.24020956441935,1,0,1.32795502076863,0,1
2364,0,0.664528299336356,2,0,0.197928837241904,0,1
2365,0,0.148966917877596,1,0,-1.30945255932301,0,0
2366,0,1.62950195206632,1,0,-0.466311984848956,0,0
2367,0,0.501534220043151,0,1,-0.127530075740746,1,0
2368,0,0.443463630787559,2,1,1.57383226821748,1,1
2369,0,1.01135423031877,1,0,-0.219099745592319,0,0
2370,0,0.0155790571656646,1,1,-0.223408028687487,1,0
2371,0,0.151730649632352,1,1,-0.441710859172506,1,0
2372,0,0.741048747052749,0,1,0.847660610882674,1,1
2373,0,0.801442770783926,1,1,1.47918672644574,1,1
2374,0,0.833197197637906,1,0,0.672520604109428,0,1
2375,0,0.199469497435634,2,0,-0.563421186340839,0,0
2376,0,0.633188438398046,2,0,-0.378100548979223,0,0
2377,0,0.392025616486846,1,0,-2.13785808834003,0,0
2378,0,0.478759478813982,2,0,1.71941381458686,0,1
2379,0,0.00431674222151438,0,1,-0.476687649262518,1,0
2380,0,2.38657378562352,1,1,0.791085203769423,1,1
2381,0,0.18149608872526,2,1,-0.669756243697003,1,0
2382,0,1.55213742137335,1,1,-0.486188545792147,1,0
2383,0,0.198815738744971,1,1,-1.21226179140152,1,0
2384,0,1.57772516476477,2,1,0.412791996521391,1,1
2385,0,0.694965098955357,1,0,-0.0515018757752969,0,0
2386,0,0.393262646584926,1,1,0.827581434124817,1,1
2387,0,0.496655247553718,2,0,0.732364714243457,0,1
2388,0,0.81789140436637,1,0,-0.458276018796709,0,0
2389,0,0.109363601027027,1,1,-1.51337470491224,1,0
2390,0,1.73661251862844,0,0,-2.53849616276634,0,0
2391,0,0.0263621333273751,1,0,0.571289996755226,0,1
2392,0,0.175938802172295,1,1,-0.976479387708694,1,0
2393,0,0.0839018158335652,1,0,-1.6438870318656,0,0
2394,0,0.907249783756398,1,1,-1.51470184926185,1,0
2395,0,0.154573554766068,1,1,0.416972354842694,1,1
2396,0,0.382638130832922,1,1,0.346147687877438,1,1
2397,0,0.115580578347019,1,1,0.0572309043065246,1,1
2398,0,0.198836766009111,1,1,-0.733007667680953,1,0
2399,0,0.984350300680389,1,0,-1.75843839434423,0,0
2400,0,0.30194174801404,1,1,-1.2136259009575,1,0
2401,0,0.299316066594533,2,1,1.28772412643413,1,1
2402,0,2.93289718807258,2,0,-0.777055190901218,0,0
2403,0,0.48512022143057,2,1,0.875897092436849,1,1
2404,0,0.518844697534319,2,0,2.60606051649792,0,1
2405,0,0.596249570823038,2,0,-1.72050984655786,0,0
2406,0,1.55646375827027,1,0,-0.16935087527974,0,0
2407,0,0.361819576594975,1,1,-0.190546283188742,1,0
2408,0,2.05559110971723,1,0,-0.57151695204353,0,0
2409,0,0.478397449700932,1,0,-0.649691008400727,0,0
2410,0,0.529917128888845,0,0,0.00912730549847298,0,1
2411,0,1.24598245027127,2,0,1.3119697017929,0,1
2412,0,0.259368983413873,2,0,0.88969625926239,0,1
2413,0,0.061891997745863,2,1,0.113986247807908,1,1
2414,0,0.531831151346759,2,0,-0.454833849973038,0,0
2415,0,0.733462771380606,1,0,1.01299096906868,0,1
2416,0,0.0303180385437476,1,1,0.98481181464183,1,1
2417,0,0.274099477925596,1,1,0.337957138249109,1,1
2418,0,0.561089716935165,1,0,-1.54062077656073,0,0
2419,0,0.513288889286645,2,1,2.3654209323888,1,1
2420,0,2.45137824116544,1,0,-1.09535396081417,0,0
2421,0,4.43017221962105,2,0,-0.209363197950454,0,0
2422,0,1.61554345076491,1,0,0.347846113041697,0,1
2423,0,0.981298654029767,0,0,-2.67388754569879,0,0
2424,0,0.589293139935987,1,1,-2.13204568271401,1,0
2425,0,0.34031709223924,2,1,1.67249673904477,1,1
2426,0,0.363736669518179,2,1,1.25836353790397,1,1
2427,0,0.763092850978449,2,1,0.927652677029118,1,1
2428,0,0.207529298535006,1,1,-0.483214847282443,1,0
2429,0,0.00338136296969183,1,1,-1.45410511693282,1,0
2430,0,0.379707272468497,1,0,-1.58166816652344,0,0
2431,0,0.782605851860188,1,1,0.737040982281398,1,1
2432,0,1.09366882233122,1,1,1.93988007346586,1,1
2433,0,4.7340316774467,2,1,-0.944646340082002,1,0
2434,0,2.00979954940694,0,0,-1.39198410256987,0,0
2435,0,1.78806459841629,0,1,0.928650326952195,1,1
2436,0,0.0179119287620069,1,0,0.359894975125891,0,1
2437,0,3.88002970566352,0,1,-0.593438515167417,1,0
2438,0,1.63695278793339,2,1,0.262690099164613,1,1
2439,0,1.18077530988684,1,0,-0.301525185537837,0,0
2440,0,4.21098641769932,1,1,-0.680004020233228,1,0
2441,0,0.345403633000697,2,0,0.115561320185106,0,1
2442,0,0.417168264353942,1,0,1.22167255548841,0,1
2443,0,2.48994857056683,2,0,-1.19760842666178,0,0
2444,0,0.237513243531187,0,1,0.00665374669605356,1,1
2445,0,1.64564930539415,0,0,-0.711055049807958,0,0
2446,0,0.603901960209964,1,0,-0.0473412907996799,0,0
2447,0,0.760964262181678,1,0,1.83168521956773,0,1
2448,0,6,0,0,0.321058963119319,0,1
2449,0,0.222420528386588,2,1,1.41809897439196,1,1
2450,0,0.652189869972787,2,1,0.922475944874467,1,1
2451,0,1.22619986359317,1,1,0.256272354577933,1,1
2452,0,0.381926883555338,2,0,0.632802094445837,0,1
2453,0,0.0388088139394919,0,0,0.889936213008533,0,1
2454,0,0.304594015758672,1,1,0.0353777998581413,1,1
2455,0,0.697172581398094,0,0,0.437613645766227,0,1
2456,0,0.135136221649839,1,1,-0.723964299468793,1,0
2457,0,0.346795688327435,2,0,0.399188224793166,0,1
2458,0,0.479214700509383,1,0,-1.23527918956313,0,0
2459,0,0.289168144716065,1,1,-0.736526524772297,1,0
2460,0,2.14273338649295,1,0,0.828337741782132,0,1
2461,0,0.196938927271744,2,1,1.39140870991531,1,1
2462,0,0.663445270541804,2,0,-0.198791170535052,0,0
2463,0,1.40421562828124,0,0,0.713189862936566,0,1
2464,0,0.288239775977692,0,0,0.112066936158853,0,1
2465,0,0.4045145006505,1,1,-0.294488761509656,1,0
2466,0,1.10592273374399,0,1,-0.0916143707497392,1,0
2467,0,0.370852418382883,1,1,-0.334524541877668,1,0
2468,0,0.859379082297285,0,0,-0.189353699303586,0,0
2469,0,0.530095444937517,2,0,0.445308346795201,0,1
2470,0,0.180141693246545,1,1,-0.960932762815194,1,0
2471,0,0.0312582167465145,1,1,0.834485653718754,1,1
2472,0,0.155068498742241,1,0,-0.568580798680682,0,0
2473,0,0.138042616876302,1,0,-0.20352746091105,0,0
2474,0,0.518377099800959,2,1,1.22687331672355,1,1
2475,0,4.33957156297372,1,0,-0.724835072249681,0,0
2476,0,0.140813903842244,1,0,-0.673285356645014,0,0
2477,0,0.348890923050303,1,1,-1.12600187339976,1,0
2478,0,0.276480653445538,2,0,1.34690538246589,0,1
2479,0,0.250258706949936,2,0,-0.738769668511571,0,0
2480,0,0.308035664997258,2,1,-0.717357471152474,1,0
2481,0,0.864560617533279,2,0,0.613014909181429,0,1
2482,0,0.212444583056233,1,1,-0.522565102282712,1,0
2483,0,1.42452930767886,2,0,-0.616566907436446,0,0
2484,0,3.23831677903791,1,0,-0.791155980296378,0,0
2485,0,0.106545190074537,2,1,1.12352099103071,1,1
2486,0,0.250109708691807,1,0,-0.241937303541174,0,0
2487,0,0.254197812949618,0,0,-0.520652939575094,0,0
2488,0,0.571621649725745,2,0,0.670923957102673,0,1
2489,0,0.186521338096006,0,1,-0.580942848119502,1,0
2490,0,0.164932547208251,1,1,-0.137173396036779,1,0
2491,0,3.31045179006954,0,0,-0.210113532767328,0,0
2492,0,0.382510769007448,2,1,1.20381591510106,1,1
2493,0,1.31256518788748,2,0,0.705103452511144,0,1
2494,0,2.43477919152706,1,1,0.849800990761292,1,1
2495,0,2.33790697636236,1,1,0.0920623673774943,1,1
2496,0,0.0822501746759437,1,1,1.01932458524947,1,1
2497,0,0.650634017462532,0,1,1.39357150686498,1,1
2498,0,0.339008050473549,2,1,0.978402809949825,1,1
2499,0,0.119705779359351,1,1,0.905169573361064,1,1
2500,0,0.446065347641706,0,0,-0.161092499052003,0,0
2501,0,1.61640638502855,2,0,0.396043807403168,0,1
2502,0,0.133751204466842,1,1,-1.24411268501613,1,0
2503,0,0.0274354043423088,2,1,2.23785109075183,1,1
2504,0,0.0787260183114324,1,0,-0.290895748410862,0,0
2505,0,0.117225306603631,1,1,0.0333029537826194,1,1
2506,0,1.7453133889397,0,0,-0.623055476194857,0,0
2507,0,2.07003202599784,0,1,-0.586348462747007,1,0
2508,0,1.80925064685939,1,0,-1.46622299420138,0,0
2509,0,0.30226305835568,1,1,0.153980229447234,1,1
2510,0,0.136111640930385,2,1,2.07371412560237,1,1
2511,0,0.0370545823208986,1,1,-0.815775795677621,1,0
2512,0,0.187565497672548,2,0,0.62814798923581,0,1
2513,0,0.779152451882279,2,0,1.64231601621993,0,1
2514,0,0.821845357616742,0,0,-0.875925802688271,0,0
2515,0,0.0663889521786918,1,0,-1.04111719968145,0,0
2516,0,3.27743613306892,1,1,1.16812221244624,1,1
2517,0,1.58167196429662,1,0,-0.568173256344935,0,0
2518,0,3.5687168958808,2,1,-0.139790769165336,1,0
2519,0,1.48798613171914,2,1,1.39132218266605,1,1
2520,0,0.169696837141292,0,1,0.440450164713638,1,1
2521,0,0.664818581590192,2,0,0.557372365473551,0,1
2522,0,2.97354587497868,1,0,-0.985611482507017,0,0
2523,0,2.62637957878673,1,0,-1.69091582111257,0,0
2524,0,1.42823166927729,1,0,-0.76155299138438,0,0
2525,0,0.960047684847506,1,0,0.430210094180247,0,1
2526,0,0.425236365474367,1,1,-1.12517896834493,1,0
2527,0,0.106847566957523,2,1,-0.535601396469707,1,0
2528,0,0.00205054120777355,2,1,1.91290376522235,1,1
2529,0,1.66901133626307,1,0,-1.89326108363482,0,0
2530,0,0.706305207832164,1,0,-1.49275011095097,0,0
2531,0,2.04560877399767,1,0,0.0984196401084439,0,1
2532,0,0.137861759258294,2,1,0.68787309582538,1,1
2533,0,0.496497627472111,2,0,-0.060444513616562,0,0
2534,0,0.681276912467774,2,0,0.623221107809289,0,1
2535,0,1.76475108290712,0,0,-0.105121311862273,0,0
2536,0,0.384322560081879,0,1,-0.325979016111497,1,0
2537,0,0.690357334487301,2,1,0.752302426944298,1,1
2538,0,2.11014565493128,1,1,2.33565269099261,1,1
2539,0,1.42634939701168,1,0,-0.306166652997013,0,0
2540,0,0.79060691408813,0,1,-0.134403113211609,1,0
2541,0,2.0051032430897,1,1,-1.02544136710894,1,0
2542,0,1.26382011670006,2,1,0.00961420574203919,1,1
2543,0,0.0228662290767419,2,0,0.218755690736948,0,1
2544,0,0.0667197573766997,1,0,-1.60538153862786,0,0
2545,0,0.547622096150018,1,1,-0.342710614557466,1,0
2546,0,0.329285224983841,2,0,0.460916959276925,0,1
2547,0,1.90017066286715,1,0,1.59390043997384,0,1
2548,0,0.90286571062957,1,0,-1.29295437292418,0,0
2549,0,0.531295415922644,1,0,-0.146910740402822,0,0
2550,0,0.118151305774605,2,1,3.3833615416933,1,1
2551,0,0.113282492850103,1,0,-0.603182701196906,0,0
2552,0,0.533079925727144,0,1,1.4394147816963,1,1
2553,0,0.915462178491792,0,1,0.400892235848703,1,1
2554,0,0.830801389486768,1,1,-1.5358525406556,1,0
2555,0,0.151490779687938,2,1,1.17117577732928,1,1
2556,0,0.128749204296787,2,0,1.43256118080196,0,1
2557,0,0.358760779016646,1,0,-3.49765802290363,0,0
2558,0,0.515678938612813,2,0,-0.00270429805372866,0,0
2559,0,1.65999536652017,1,1,-1.07692901238012,1,0
2560,0,0.161507211543058,2,1,-0.735331056182889,1,0
2561,0,0.219563540404468,2,0,-0.15741090968624,0,0
2562,0,0.505682151856156,1,1,1.46746891349672,1,1
2563,0,0.225125072847928,2,1,0.672769374948554,1,1
2564,0,3.73680716070036,0,0,-1.14107390017284,0,0
2565,0,0.083286921198728,1,0,-0.978679072403539,0,0
2566,0,0.44223581210991,1,1,-0.00956331561150953,1,0
2567,0,1.21158646986117,2,0,-0.100166600304396,0,0
2568,0,4.980394616443,0,0,-0.523569914497126,0,0
2569,0,0.787593022964174,1,1,-0.649634798192318,1,0
2570,0,0.839157323737935,1,1,1.27456028132346,1,1
2571,0,0.682703270817558,2,0,-0.699554646019389,0,0
2572,0,0.584934271041747,1,1,-0.770804151919431,1,0
2573,0,1.16726834538047,1,1,1.11506203887134,1,1
2574,0,0.109771831962096,1,0,0.770926969364825,0,1
2575,0,1.18149712491978,1,0,-0.28808632733579,0,0
2576,0,0.47238123740198,1,1,-0.117946201395688,1,0
2577,0,1.16108270009785,1,1,-0.518354326027264,1,0
2578,0,0.168115061563028,2,1,0.268056681719253,1,1
2579,0,0.324869773661097,0,1,-0.210629978172355,1,0
2580,0,2.37458645580373,2,0,1.35408944826523,0,1
2581,0,0.102125759765288,0,0,-0.42451501339086,0,0
2582,0,2.11631028602521,0,0,0.703320677967449,0,1
2583,0,0.288413838937116,1,1,0.933667294062362,1,1
2584,0,2.03495128309291,1,0,0.328722161809398,0,1
2585,0,0.019551115559317,1,0,-1.24913680362353,0,0
2586,0,0.719072169167622,1,1,-0.404518911776738,1,0
2587,0,1.56555745657479,2,0,0.765978608173017,0,1
2588,0,0.0420014631368566,1,0,-1.02151557528855,0,0
2589,0,0.0986268251380103,0,1,1.84919424587191,1,1
2590,0,0.495429999414015,1,1,-0.713947761389648,1,0
2591,0,0.509851772207041,1,0,0.17681492975786,0,1
2592,0,1.35241348081024,1,0,1.77284627632849,0,1
2593,0,0.118153084287162,0,1,1.78073999748483,1,1
2594,0,0.0540507150344847,0,0,0.0231306023797996,0,1
2595,0,0.284135200386673,2,0,1.17991833015839,0,1
2596,0,1.52566084017356,0,0,-0.464182899525307,0,0
2597,0,0.156075738889885,1,1,-1.3746175377324,1,0
2598,0,0.0816872821435885,1,1,0.101096813138473,1,1
2599,0,0.510988914551303,1,0,-0.148503869486925,0,0
2600,0,0.191815376082866,2,1,-1.22627804281116,1,0
2601,0,3.48502653063442,2,0,0.647609889878889,0,1
2602,0,0.0883927152482818,1,0,-0.745518473759444,0,0
2603,0,0.466271307577077,1,0,0.630181909597714,0,1
2604,0,0.146288848493234,1,0,-0.323913986044511,0,0
2605,0,0.209278795092223,1,1,-1.37639069742569,1,0
2606,0,1.07878401813018,2,0,-0.250776134315305,0,0
2607,0,1.11026592587571,1,1,-1.05813877511562,1,0
2608,0,0.226809350707698,2,0,-1.3175919467462,0,0
2609,0,1.7022661583413,1,1,0.394966088249295,1,1
2610,0,1.13927773139343,1,0,-1.00803463218395,0,0
2611,0,0.271002506470735,1,0,-0.253991421747753,0,0
2612,0,0.681291967630386,0,1,-2.41141819101004,1,0
2613,0,0.184030346459532,2,1,0.0174156705846424,1,1
2614,0,0.372321062802272,2,1,1.62362309934487,1,1
2615,0,0.546733604499738,1,1,-0.87544586603218,1,0
2616,0,1.41909516373212,1,0,-1.72460453496884,0,0
2617,0,0.000290888727615246,1,1,0.628867196949882,1,1
2618,0,1.3332932097293,2,0,0.811867978950566,0,1
2619,0,0.135195515598924,1,1,-1.41360291029859,1,0
2620,0,1.46203319223315,2,1,1.59287253633322,1,1
2621,0,1.59814611726281,1,0,-1.18857797745183,0,0
2622,0,0.352024848779056,1,0,0.110470203410566,0,1
2623,0,0.722188096078715,1,0,-2.31156210046483,0,0
2624,0,0.426540735309126,2,1,1.28385546197012,1,1
2625,0,3.51736137550779,1,1,0.797142677298359,1,1
2626,0,0.140290427243919,1,0,1.15911862160956,0,1
2627,0,0.227106000731435,1,0,-1.37492310626741,0,0
2628,0,0.400680681757694,1,0,1.04082974328084,0,1
2629,0,0.0681922095326603,2,1,0.326101845142276,1,1
2630,0,0.867161998146085,2,1,0.363716594612166,1,1
2631,0,1.97519102791417,1,0,1.3915248158074,0,1
2632,0,1.81346858860917,0,0,0.0345747565264615,0,1
2633,0,0.000630655788458915,1,0,-0.778221185441196,0,0
2634,0,0.73670175857842,0,0,-0.0520784821745997,0,0
2635,0,0.292313399887524,1,1,0.175834782260645,1,1
2636,0,0.60415400503188,1,1,-0.162517759458736,1,0
2637,0,2.71798992940962,2,0,0.486953916211389,0,1
2638,0,1.26823900533335,2,0,-0.326156196768899,0,0
2639,0,0.650672821894244,2,0,-0.0174757604943668,0,0
2640,0,0.370389270290378,0,1,0.645604529661698,1,1
2641,0,0.730624149959008,2,1,1.3963613862149,1,1
2642,0,0.348010316224042,1,0,-0.986030028609114,0,0
2643,0,0.413635401651304,1,0,-0.484966698122511,0,0
2644,0,0.986189575530803,2,0,-0.412065579719412,0,0
2645,0,0.00012532376034149,1,1,0.318800279469816,1,1
2646,0,2.82255403053219,2,0,-0.424102886585857,0,0
2647,0,0.854486722974295,2,0,0.358492781897649,0,1
2648,0,1.33330705026298,1,0,0.202048934706948,0,1
2649,0,1.73399503303152,1,0,-0.18870699766852,0,0
2650,0,0.774937067592029,2,1,-0.331729981084331,1,0
2651,0,1.61436105075857,1,1,-0.115462892548877,1,0
2652,0,0.515676311171,1,1,0.734279004775067,1,1
2653,0,3.01007055592694,2,0,-0.19245876076404,0,0
2654,0,3.63806679890046,0,0,-0.712081078826562,0,0
2655,0,0.49173532827105,1,0,-0.940021172205213,0,0
2656,0,0.363365244378552,2,0,0.184172756489195,0,1
2657,0,0.799143009907995,1,0,-1.95967478146658,0,0
2658,0,0.62659728839284,2,1,-0.175643050746034,1,0
2659,0,0.558423529645433,1,0,0.573111749330704,0,1
2660,0,0.20546366025434,1,1,-0.502518735584854,1,0
2661,0,1.93478632674843,0,1,-0.183266333139419,1,0
2662,0,0.772193998977305,1,1,-0.278770823582346,1,0
2663,0,0.60591810832266,1,1,0.501121545061688,1,1
2664,0,0.972491664562674,2,1,-0.822267810100773,1,0
2665,0,0.77469029558059,2,0,0.316432001546581,0,1
2666,0,2.48794128637011,1,0,-0.153108205852718,0,0
2667,0,0.639162666277212,2,1,-0.365359200513183,1,0
2668,0,0.105070543165008,0,0,-2.03533564156542,0,0
2669,0,0.628722788557977,2,0,1.23607798468773,0,1
2670,0,0.0318066403269768,0,0,1.41829037654702,0,1
2671,0,0.341108441848434,1,1,-0.816008732617743,1,0
2672,0,1.5196984298585,2,1,0.1196806499151,1,1
2673,0,0.130819153413405,1,1,-0.770138912930766,1,0
2674,0,0.511119823922594,1,0,0.243309059391499,0,1
2675,0,1.37893019449376,0,0,-0.112296962492378,0,0
2676,0,2.60897141083196,1,1,-0.17481905733748,1,0
2677,0,0.115275292162203,1,1,-0.542504387766079,1,0
2678,0,0.0863455795085995,1,1,0.824019396469381,1,1
2679,0,4.13254623298699,2,1,-0.611627632394517,1,0
2680,0,0.544005436822772,0,0,0.314563459862504,0,1
2681,0,0.852354552577327,1,1,0.184836462235802,1,1
2682,0,1.34088405669202,1,0,0.654473879608092,0,1
2683,0,1.21988291134205,1,1,0.832950536595702,1,1
2684,0,3.6555263738304,0,1,-0.758214168472466,1,0
2685,0,0.178707455022132,1,1,1.4293936499322,1,1
2686,0,0.707604499070558,2,1,2.09473829929294,1,1
2687,0,0.0812666055283967,2,1,2.44494049742652,1,1
2688,0,1.14325643057181,0,1,0.499623600724772,1,1
2689,0,0.899000285448706,1,0,0.186074956565777,0,1
2690,0,0.00663633298479998,1,1,-1.23475889461985,1,0
2691,0,0.303910861468013,2,0,1.00610975429314,0,1
2692,0,0.428816689511818,1,1,-1.11585598529326,1,0
2693,0,1.10914531908332,1,0,0.26038286713466,0,1
2694,0,1.89618448555157,2,1,-0.0848164579749453,1,0
2695,0,0.0333936613939707,1,0,0.614093022117644,0,1
2696,0,0.613703065655086,2,0,0.273544215100045,0,1
2697,0,0.321414986004432,0,1,-0.367604728194288,1,0
2698,0,3.18769519620705,1,0,0.785514264819794,0,1
2699,0,0.971370386646229,1,1,-0.789257156692254,1,0
2700,0,0.0988003188321918,1,1,0.830838634596899,1,1
2701,0,3.60603268520228,2,0,-1.31353124909727,0,0
2702,0,0.229429511268469,1,0,-1.02540651782013,0,0
2703,0,0.0627929784061156,2,1,1.75006589829496,1,1
2704,0,1.30895023567069,1,1,1.83520050833472,1,1
2705,0,1.74991289049185,1,0,1.52268074804777,0,1
2706,0,1.64592220308412,2,0,0.546229029853613,0,1
2707,0,1.57650426221864,1,0,-0.457333678999657,0,0
2708,0,0.755960975343196,1,1,0.236496131727301,1,1
2709,0,1.94133045462271,0,0,-0.87726978455711,0,0
2710,0,0.490456545336005,2,0,0.502221288867436,0,1
2711,0,1.07195868777732,0,0,-1.08707055428946,0,0
2712,0,2.32757530672815,2,1,0.866640243559635,1,1
2713,0,5.19325742341792,2,0,1.25749491801075,0,1
2714,0,2.01598076770703,0,1,0.907224616206439,1,1
2715,0,2.76533138198199,2,0,-1.02127712762688,0,0
2716,0,0.0512651962622354,2,1,-0.0351626219633213,1,0
2717,0,0.327178901719033,2,1,1.21550131304465,1,1
2718,0,0.0679441004381779,1,1,-0.571904783050671,1,0
2719,0,3.63030691520097,1,1,1.55696246782404,1,1
2720,0,6,0,1,-0.0160914972910081,1,0
2721,0,2.02102458348676,1,1,0.290406669843603,1,1
2722,0,2.1379708132303,1,1,1.12352589885939,1,1
2723,0,3.30074862416691,1,0,-1.17719968990548,0,0
2724,0,0.0493736139571328,1,1,-0.600132482897332,1,0
2725,0,0.971511494803333,1,1,1.68883896483248,1,1
2726,0,1.53266130636136,0,0,0.226892274174443,0,1
2727,0,5.2328351468074,2,0,-0.564665272284056,0,0
2728,0,0.379264394369327,0,1,0.977089528642196,1,1
2729,0,0.811451599902532,1,1,0.00180512056580487,1,1
2730,0,0.0414157519047275,1,1,0.953905052537985,1,1
2731,0,0.567604605812219,2,0,1.46662163687023,0,1
2732,0,0.320975639982215,1,0,0.512809399085247,0,1
2733,0,1.83845785136024,0,1,0.485655153911135,1,1
2734,0,0.872539049214324,2,1,-0.444533820235908,1,0
2735,0,1.17067118418317,1,0,1.69975214132983,0,1
2736,0,0.631317531437696,2,1,0.390114575849548,1,1
2737,0,0.276235750612359,1,0,-0.0828804592372067,0,0
2738,0,3.07718840159818,2,0,0.26779432415159,0,1
2739,0,1.79341620999312,2,0,-0.198277577950031,0,0
2740,0,2.67726088263624,2,0,0.466920951524798,0,1
2741,0,0.430410703023275,0,0,-0.97223853411808,0,0
2742,0,0.129311604779551,2,0,1.26550991091367,0,1
2743,0,0.292870103723394,1,1,-0.247195429716256,1,0
2744,0,0.780777945760988,1,0,-0.06221074014246,0,0
2745,0,3.85994315768282,0,1,0.712332953247343,1,1
2746,0,0.67905725141577,1,1,-0.304285180943387,1,0
2747,0,1.43315134726503,2,0,0.144870217524888,0,1
2748,0,0.679418704209165,0,0,-0.487710615857764,0,0
2749,0,0.293392603524154,2,1,-0.687847152903502,1,0
2750,0,1.47688895268291,2,1,-0.485474571051791,1,0
2751,0,0.945832178869698,1,0,-1.15853689098908,0,0
2752,0,0.625145375015036,1,0,-0.0824712642550842,0,0
2753,0,1.26035378882955,2,0,1.00940076715753,0,1
2754,0,0.0857559798043148,1,1,0.638068558607433,1,1
2755,0,1.12574510592272,1,1,-0.333024352279292,1,0
2756,0,5.0788530126912,2,0,-0.588429909485709,0,0
2757,0,0.337781997030299,2,0,0.502021538323416,0,1
2758,0,3.25766419949131,1,0,-0.538043042330028,0,0
2759,0,0.0404285191156441,2,1,0.651470525272682,1,1
2760,0,1.0413520656728,2,0,-0.834586143650466,0,0
2761,0,0.307669659748782,1,1,-0.580762860708077,1,0
2762,0,0.0963605275306591,1,0,0.0504660243547746,0,1
2763,0,0.479935842809693,2,1,0.287280233968143,1,1
2764,0,0.254101284143435,1,1,0.838677253987593,1,1
2765,0,1.21817505816618,1,1,0.840091625987384,1,1
2766,0,0.32181777726877,1,1,-2.98045754678216,1,0
2767,0,1.45076802621285,0,1,2.03143719960528,1,1
2768,0,0.0633728690817404,1,1,0.742529506066097,1,1
2769,0,0.0581916907812487,1,1,-0.595741167204267,1,0
2770,0,0.472506719322914,1,1,0.0363879203315899,1,1
2771,0,0.576239522138948,2,0,1.30824642255372,0,1
2772,0,0.714651383907829,1,0,-1.07831999625124,0,0
2773,0,0.615043171371023,0,0,-1.11087391467629,0,0
2774,0,0.157041136820752,1,1,-2.35961048255872,1,0
2775,0,0.12184381614165,1,0,-0.576418544746526,0,0
2776,0,0.505242749562071,1,1,-0.269820864730768,1,0
2777,0,0.284091255460975,2,0,1.34391931960455,0,1
2778,0,0.0250352750539068,2,0,0.457759398109763,0,1
2779,0,0.671133926413244,1,0,-2.90090218964634,0,0
2780,0,2.58892818132189,2,0,-0.69900526264172,0,0
2781,0,1.15583313267885,2,1,0.310984875285144,1,1
2782,0,0.614599916030108,0,0,0.553773423854432,0,1
2783,0,0.57086016526104,1,1,-0.451498212511802,1,0
2784,0,1.40194408944392,2,1,-0.952730139531458,1,0
2785,0,0.47188406173784,0,0,-1.4371797183071,0,0
2786,0,0.750749820724429,1,1,-1.60736037218193,1,0
2787,0,0.496102762716378,1,0,-1.69071680821672,0,0
2788,0,0.229464329101652,1,0,-0.156147331341121,0,0
2789,0,0.801967392476303,1,0,-1.556405135164,0,0
2790,0,0.449660813010268,1,1,0.608959577562482,1,1
2791,0,0.441266215003531,2,0,1.27720624046164,0,1
2792,0,1.53124931049416,2,1,1.03059537459716,1,1
2793,0,2.26087830939948,1,0,-0.513109330927577,0,0
2794,0,0.808770768417331,1,1,-0.825239159344459,1,0
2795,0,0.93093489136177,1,0,0.416178501299341,0,1
2796,0,0.183079892575531,1,1,-0.437499100553149,1,0
2797,0,0.683005288400347,1,0,-0.750958183585017,0,0
2798,0,0.516622812151298,1,0,-1.37465570903551,0,0
2799,0,0.57459037762142,1,1,1.33264278916203,1,1
2800,0,0.333476066526862,1,1,-1.86214049040463,1,0
2801,0,2.88515992247152,1,0,0.411343103179423,0,1
2802,0,0.225938475030576,1,0,-0.280832657736114,0,0
2803,0,2.42840651959871,2,0,0.847096033601254,0,1
2804,0,0.267380757810806,1,1,2.08314361092802,1,1
2805,0,0.172863037618713,1,1,0.560494417466535,1,1
2806,0,0.348684845719779,1,0,-0.0914319536920138,0,0
2807,0,0.613717937113204,2,1,0.215626898235953,1,1
2808,0,1.2580595258626,1,1,-0.551143425722584,1,0
2809,0,0.465996105354231,1,1,0.97777250786485,1,1
2810,0,1.99601086916777,1,1,0.266702739163499,1,1
2811,0,2.28948543978535,1,1,0.684064417072163,1,1
2812,0,0.775471087416652,0,0,-0.094949007524644,0,0
2813,0,1.56461852980353,1,1,0.410782955484451,1,1
2814,0,6,0,0,-1.14751264205986,0,0
2815,0,1.09958843982123,1,0,-0.768062830022999,0,0
2816,0,0.0847342355510897,2,1,1.15080556511066,1,1
2817,0,1.8517958050259,2,0,2.10154803842407,0,1
2818,0,0.704539541115589,1,0,0.81730842062579,0,1
2819,0,1.81526051213344,0,0,-1.06048475639942,0,0
2820,0,1.26957956914819,1,1,-0.986705389035321,1,0
2821,0,1.7059932804356,0,0,-0.604218080278776,0,0
2822,0,0.568050540804428,2,0,0.567150311009558,0,1
2823,0,6,0,0,1.18559437025176,0,1
2824,0,0.0907547590939408,1,1,-1.69751525146764,1,0
2825,0,0.259478155394189,1,0,0.93746116572308,0,1
2826,0,3.62413899760302,1,0,-0.841314599501759,0,0
2827,0,0.489891098966558,1,1,0.0629237994826998,1,1
2828,0,0.194220600534011,2,1,1.26940373797313,1,1
2829,0,0.291823051596523,2,1,0.751795412331927,1,1
2830,0,0.293095354450496,1,1,-1.35705030414932,1,0
2831,0,0.600636219716097,1,0,-2.53672565046208,0,0
2832,0,0.383088225121594,1,0,-1.02645587932695,0,0
2833,0,0.0204050818134057,1,1,0.299283593438929,1,1
2834,0,1.75138913405438,0,0,-0.451177334383874,0,0
2835,0,0.879686982173835,2,1,1.51176192669953,1,1
2836,0,0.288538999591884,1,0,-0.134006877201914,0,0
2837,0,0.56408414592894,2,1,-0.806622562502582,1,0
2838,0,0.180595636208316,1,0,-0.244965822960615,0,0
2839,0,1.67895423728315,1,1,0.270349842814116,1,1
2840,0,0.93867017266651,0,1,-0.28729258020494,1,0
2841,0,2.37259511402366,1,0,-0.175475988739601,0,0
2842,0,0.266353509716532,1,0,-1.95342700123281,0,0
2843,0,0.858502312507545,1,0,-0.202190324059191,0,0
2844,0,6,0,1,0.771137018282263,1,1
2845,0,0.568442921008466,1,1,0.193514737462767,1,1
2846,0,3.48529314896335,2,0,-0.0179784186537311,0,0
2847,0,0.598943071031999,2,1,0.412824000130728,1,1
2848,0,4.99189267467146,2,0,-0.33840466143681,0,0
2849,0,2.23164193642636,0,0,0.0164635400394587,0,1
2850,0,1.55326032394657,1,1,-0.746222048655236,1,0
2851,0,0.833602743768859,2,0,0.332614111424972,0,1
2852,0,0.762070888531352,2,1,-0.147029887669991,1,0
2853,0,0.00828204633162468,2,1,0.712804792183064,1,1
2854,0,1.81061774871221,2,0,0.403056216119173,0,1
2855,0,0.16436482828774,2,1,0.51088801256913,1,1
2856,0,0.0384576421426056,1,1,-0.123072279057564,1,0
2857,0,0.289156094053585,2,1,0.816967451305871,1,1
2858,0,0.723826239304452,2,1,-0.856790031905415,1,0
2859,0,1.90366406515346,2,0,0.706727091647898,0,1
2860,0,0.0710435368421297,1,1,-0.494811884859154,1,0
2861,0,1.35532217996905,2,1,0.497311672089988,1,1
2862,0,1.45664278856453,1,1,0.0449923905136753,1,1
2863,0,1.17664184134107,1,1,-1.68432768113375,1,0
2864,0,1.36339324270353,1,1,-0.738155736936425,1,0
2865,0,0.514949029149209,1,1,0.481177380625085,1,1
2866,0,4.14875972974497,2,0,0.537822643547894,0,1
2867,0,0.449971818521316,1,1,0.0133251512558494,1,1
2868,0,0.600628008943578,1,1,0.724408927712334,1,1
2869,0,0.600156637664773,1,1,-1.59146049083028,1,0
2870,0,1.85236434141795,0,0,1.92857916951364,0,1
2871,0,0.411787029976646,0,0,0.771637182283735,0,1
2872,0,0.0837260107216607,1,0,-0.126991189458127,0,0
2873,0,1.07727289183031,2,0,1.48877401417625,0,1
2874,0,0.973746377259827,1,0,0.409765289197816,0,1
2875,0,0.177324300974211,2,0,1.47931326882215,0,1
2876,0,5.52631076795219,2,0,-0.576672127182144,0,0
2877,0,0.0496596810891434,0,0,0.861328277003756,0,1
2878,0,2.09761364507031,1,0,-0.626230269664593,0,0
2879,0,0.46455602147471,1,1,-0.853475047957892,1,0
2880,0,0.704522724459973,2,1,0.534556055913491,1,1
2881,0,0.24912115742063,1,1,-0.127472150932428,1,0
2882,0,0.119055258389272,0,0,-1.33047469762662,0,0
2883,0,0.314502584074395,2,0,-0.187387691387231,0,0
2884,0,0.184031049181649,1,0,0.59574373067558,0,1
2885,0,0.163996011114017,1,0,0.476722793920292,0,1
2886,0,0.768921029457881,1,1,-0.325979420673656,1,0
2887,0,0.152732001046196,1,1,0.592204047067655,1,1
2888,0,0.757075803584379,1,1,-0.0482521918802267,1,0
2889,0,0.123625870053846,1,1,-2.14585417497107,1,0
2890,0,1.01868059258899,2,0,0.835523462684239,0,1
2891,0,1.53906652564837,2,0,-2.02948907861312,0,0
2892,0,0.204564779798198,1,1,0.193286977380846,1,1
2893,0,0.245137916425849,0,0,-0.636361185853293,0,0
2894,0,4.94116307735438,1,0,0.946159470350729,0,1
2895,0,1.71664805194352,1,0,-0.821817588126056,0,0
2896,0,0.22241717106243,2,0,0.15964445290706,0,1
2897,0,0.196476005810808,1,0,-1.76646743881989,0,0
2898,0,0.0825504555672967,1,0,-0.890123222537899,0,0
2899,0,0.620017904248671,1,0,-1.66567785479666,0,0
2900,0,1.44695805123978,2,0,-0.0144732559999341,0,0
2901,0,1.30688138664733,1,1,0.0537732245214867,1,1
2902,0,0.0865286429712072,1,0,-0.370893158428066,0,0
2903,0,1.19939211755991,0,0,-1.0330177160936,0,0
2904,0,0.108895486860788,1,1,0.313251924855542,1,1
2905,0,0.560149019879984,2,0,-1.14754217592654,0,0
2906,0,2.07115253282822,2,1,0.170586716079392,1,1
2907,0,0.099431446035877,2,0,0.0393774361963054,0,1
2908,0,0.0745034895837234,0,1,-0.518919546232595,1,0
2909,0,0.502166993295153,0,0,-0.61567801980995,0,0
2910,0,1.28530913058908,1,1,-0.426664072937995,1,0
2911,0,2.15335276127011,2,0,-0.476423145370897,0,0
2912,0,1.83725509479967,1,1,0.201808955300872,1,1
2913,0,0.192762227547026,2,1,2.13746643391155,1,1
2914,0,0.752490734816097,1,1,-1.00951998293936,1,0
2915,0,0.714602036149434,2,1,1.42295801784468,1,1
2916,0,0.266857754501334,2,0,1.10670578467417,0,1
2917,0,0.886689902343486,1,0,0.0574941391121273,0,1
2918,0,0.00637368769557219,2,1,1.3052612865793,1,1
2919,0,0.228230707609862,1,0,-1.28031652857758,0,0
2920,0,1.60923304935678,1,0,-0.763020725646727,0,0
2921,0,0.00530893372264772,1,1,-1.19135751802916,1,0
2922,0,0.072650595827653,1,1,-0.786499418206567,1,0
2923,0,0.451793621024369,2,1,0.755563545050424,1,1
2924,0,0.510221617886526,0,1,-0.329473142468728,1,0
2925,0,0.587766339838259,0,1,-0.254843634105058,1,0
2926,0,3.45787696959059,1,0,0.0222002842326544,0,1
2927,0,0.5440335278393,1,1,-2.34818011003574,1,0
2928,0,0.174555170487407,1,1,0.207063880329045,1,1
2929,0,0.286387834836333,2,1,0.66965642336318,1,1
2930,0,4.01478621798257,0,1,1.02110932552209,1,1
2931,0,0.922235584078741,2,0,-0.26184069824018,0,0
2932,0,3.78159802401325,2,1,-1.11853617726073,1,0
2933,0,0.19003667589967,1,1,-1.53444851632721,1,0
2934,0,0.71712759455007,2,1,-0.103315939742588,1,0
2935,0,0.941902888781212,1,1,-0.699510052036687,1,0
2936,0,0.633786216585442,1,0,-1.10395890183889,0,0
2937,0,0.23723247025946,1,1,-0.750822519883116,1,0
2938,0,2.11819255671734,2,0,-0.0658314329866458,0,0
2939,0,0.241036966278153,1,0,0.308913903313394,0,1
2940,0,1.83466285165257,1,1,0.46144636454575,1,1
2941,0,0.321460406027454,2,0,-0.712011436750948,0,0
2942,0,0.251706931106368,2,0,0.058829941813635,0,1
2943,0,0.666571632027626,0,0,1.09774487188995,0,1
2944,0,1.24645799803018,1,1,0.79367232758963,1,1
2945,0,0.505398248639811,1,1,0.478094548965053,1,1
2946,0,1.3385406815252,2,0,1.01143762740388,0,1
2947,0,0.0913125428927514,2,1,0.122955221356369,1,1
2948,0,0.0522097626825563,1,1,-1.00567273793542,1,0
2949,0,0.142712966192088,2,1,0.946680069437671,1,1
2950,0,5.3521285281117,1,1,-0.510442146266818,1,0
2951,0,0.110606127555156,1,1,0.781006440255178,1,1
2952,0,0.897069155942716,1,0,1.19797234901471,0,1
2953,0,1.35308230063577,1,1,-0.324527765452737,1,0
2954,0,0.85410692356187,2,0,0.999632891163671,0,1
2955,0,0.122981763081447,2,1,1.4275902400813,1,1
2956,0,0.153037331377467,0,0,-0.0819795527366839,0,0
2957,0,4.74225688669639,2,1,-0.753858418231855,1,0
2958,0,6,0,0,-0.772123458840828,0,0
2959,0,1.40797098477681,0,0,1.49374589313787,0,1
2960,0,0.062027962179999,0,0,0.633656635876842,0,1
2961,0,1.4723083550142,1,1,-1.79291324645537,1,0
2962,0,0.0563430491115832,2,1,0.418609990173842,1,1
2963,0,0.493382858007752,1,0,-1.75142472736907,0,0
2964,0,0.177361551013717,1,0,0.147049324259223,0,1
2965,0,0.145699443875984,2,1,1.84917471868699,1,1
2966,0,1.34264852744976,2,0,-0.903303256910573,0,0
2967,0,3.89757740675229,2,0,-0.607853449722057,0,0
2968,0,0.0201865815470377,1,0,-0.107308444467164,0,0
2969,0,1.18696758763345,1,1,2.37524943648427,1,1
2970,0,2.58656905194519,1,0,0.165710660210541,0,1
2971,0,2.18669590916311,1,1,-0.809772429863068,1,0
2972,0,0.275158506803596,1,0,0.615642455210701,0,1
2973,0,0.370525763884605,2,0,1.63038124073793,0,1
2974,0,1.37373941877971,1,0,-0.585347519669591,0,0
2975,0,0.626628350683907,0,1,-0.0321687587299951,1,0
2976,0,0.0400744770033654,1,1,-1.70436100593487,1,0
2977,0,0.932915856791336,1,0,-1.20510318478491,0,0
2978,0,1.06519783007937,0,1,-0.836664149841083,1,0
2979,0,0.0300863238375403,2,0,1.24287385700611,0,1
2980,0,0.406281193005471,1,1,-0.471383363863823,1,0
2981,0,0.248687502996213,2,1,0.884781502428983,1,1
2982,0,0.252356332741381,1,1,-1.19099925186541,1,0
2983,0,0.0475439706292761,1,0,-0.38676744240645,0,0
2984,0,0.825357561161196,2,1,-0.125809894721399,1,0
2985,0,3.91183180372387,2,0,0.473886699527262,0,1
2986,0,0.223767975769011,2,0,1.20884042748584,0,1
2987,0,2.05270186271723,2,0,-0.730432619654046,0,0
2988,0,0.376946854715546,0,0,0.912461476817416,0,1
2989,0,0.605408692919453,1,1,1.07954563347955,1,1
2990,0,3.05786318227855,1,1,-0.995229239250846,1,0
2991,0,0.536845026916889,1,0,-0.890453624044347,0,0
2992,0,0.432082897020852,2,1,-1.14206798315965,1,0
2993,0,0.646029237731336,0,1,0.768285646568393,1,1
2994,0,0.426501302179552,1,1,1.99193944157643,1,1
2995,0,0.770246445784458,0,0,-0.0612911383798148,0,0
2996,0,0.380769418483854,1,1,0.451752963511232,1,1
2997,0,0.0114704943413897,1,1,0.528247840813456,1,1
2998,0,0.398611430270806,2,1,1.09567456936605,1,1
2999,0,0.18566647354656,1,1,-0.960086954867605,1,0
3000,0,0.309461565119488,0,0,-0.1052688036107,0,0
