"id","L","X","status","z1","z2","cgroup","tgroup"
1,0,0.49141201430751,1,0,0.814381786996468,0,1
2,0,0.51368204042133,1,1,-1.38060194613853,1,0
3,0,0.334687537203232,0,0,0.571317818530961,0,1
4,0,0.211680984672317,1,0,-1.60488499008187,0,0
5,0,0.324162701902012,1,1,-0.0442697737405443,1,0
6,0,0.505685032285607,1,1,-0.217216689181232,1,0
7,0,2.3268689934114,1,1,-0.0365549334310925,1,0
8,0,0.706718225652973,0,1,-0.302856450360995,1,0
9,0,1.35309675091797,1,1,0.587015974646054,1,1
10,0,1.43409996515635,1,0,-0.383609861909402,0,0
11,0,0.361384546058837,2,1,0.415117628308256,1,1
12,0,0.672527447259531,1,0,0.728048453021441,0,1
13,0,1.44370274402134,2,1,1.35230538022825,1,1
14,0,0.336113196968271,2,0,1.08689985516434,0,1
15,0,0.85277658649432,1,0,0.681481577447203,0,1
16,0,0.461286110445649,1,0,2.51480781739899,0,1
17,0,1.25955914491147,1,1,-1.05124909624777,1,0
18,0,0.132532025080795,1,0,-0.706474085397117,0,0
19,0,0.412584838807505,1,0,0.389292264076568,0,1
20,0,0.372339171925266,2,1,1.50506206162372,1,1
21,0,1.49165220387756,1,1,1.1003831697462,1,1
22,0,0.0909347181942351,1,1,0.508072398487441,1,1
23,0,1.91575424263862,1,1,0.268233530692254,1,1
24,0,1.06089149681625,2,0,-0.541836283346102,0,0
25,0,0.48447060679991,1,0,-0.170506524070424,0,0
26,0,0.261496847052768,2,0,-0.131912476568848,0,0
27,0,0.653523430971486,2,0,0.193128555471929,0,1
28,0,0.805060827337931,2,1,0.123709127687805,1,1
29,0,0.383799461986591,2,1,0.361537888324666,1,1
30,0,0.716593796296607,1,0,-0.748110620538246,0,0
31,0,1.23752740558707,2,0,-1.73640078834549,0,0
32,0,0.552435920454345,1,1,-2.12984495853792,1,0
33,0,1.01392599263467,2,1,1.45867420966997,1,1
34,0,1.81728385961904,2,0,-0.968269656457679,0,0
35,0,0.412858846857189,1,0,-1.07781059540993,0,0
36,0,0.310768689960241,0,1,1.88378539340445,1,1
37,0,0.139895678758131,2,1,1.54481036636892,1,1
38,0,1.41657607647177,1,0,-0.234029567014179,0,0
39,0,0.12972707977711,1,0,-0.432212374475273,0,0
40,0,1.97388177806596,1,1,-0.22165318378441,1,0
41,0,4.72086012872636,1,1,0.0871462672402284,1,1
42,0,2.24894835637924,1,1,0.270974716665042,1,1
43,0,0.122352580061873,0,0,0.401905716855885,0,1
44,0,0.297611679407527,2,1,1.1790558639135,1,1
45,0,0.416230068314846,2,0,0.272387946212435,0,1
46,0,1.45254491538478,1,1,-0.735630587271811,1,0
47,0,0.388709996443759,2,0,0.674911476572842,0,1
48,0,0.596840649015184,1,0,-0.192902339003867,0,0
49,0,1.23911933089601,1,1,-0.807349781833401,1,0
50,0,1.11433540340067,1,0,-2.83127688589342,0,0
51,0,0.84317420586329,1,0,0.796912576845366,0,1
52,0,1.08578126206238,2,0,-0.785519302465218,0,0
53,0,0.374831864047753,1,0,-2.05032450214435,0,0
54,0,1.65622204582486,1,1,-1.0191751446768,1,0
55,0,0.274198151402079,2,1,0.403266038056376,1,1
56,0,1.51250974224923,2,1,0.592006942449245,1,1
57,0,0.561328118227262,0,0,-0.06361522147187,0,0
58,0,0.106996245967476,1,0,-0.995251362458691,0,0
59,0,2.95933696727079,2,0,1.43679974185864,0,1
60,0,2.13492738514389,1,1,0.207471731300898,1,1
61,0,0.46226026649154,1,1,0.279959835588128,1,1
62,0,1.22160377923464,1,0,0.048676377227207,0,1
63,0,1.17574546381441,2,0,-0.159338784747258,0,0
64,0,0.0622550668009147,1,1,-0.898427981317801,1,0
65,0,1.80373244543694,2,0,0.448594911271697,0,1
66,0,1.40195434982869,2,0,1.16376034644227,0,1
67,0,0.826898163921486,1,1,0.416560928008072,1,1
68,0,0.243387191245953,0,0,0.339351255674782,0,1
69,0,1.16591516090216,1,1,0.328898725598737,1,1
70,0,0.0967654350625606,2,1,1.51211366074055,1,1
71,0,1.73735933976316,1,0,0.992621119379259,0,1
72,0,1.37528644996454,1,0,-0.285887818430881,0,0
73,0,2.08018870644313,2,1,0.0909370823588633,1,1
74,0,0.136454127108057,0,1,-0.952578853417205,1,0
75,0,0.059929413886849,1,0,1.2708242243317,0,1
76,0,0.938607378316354,1,1,-0.0546920966242049,1,0
77,0,0.594251871500935,1,0,1.29966891178214,0,1
78,0,0.639275963877276,0,0,-0.030719567151707,0,0
79,0,0.0395456539381416,1,0,-0.240022829595618,0,0
80,0,2.26314247035452,2,1,0.0100787878252268,1,1
81,0,0.00672794569753944,2,1,0.655622261590454,1,1
82,0,0.165642615143172,1,1,0.464256004953699,1,1
83,0,0.273940954049158,1,0,-2.30259666325768,0,0
84,0,0.881470871126484,1,1,0.0444359229320743,1,1
85,0,0.136858802387181,2,1,0.75855862477052,1,1
86,0,0.507318203249992,1,1,-1.98754759679301,1,0
87,0,0.340319309755622,1,0,-0.451127640732826,0,0
88,0,0.434721120934745,1,0,-1.30922442690851,0,0
89,0,0.445841143522068,1,0,-0.623940023662601,0,0
90,0,1.17139465822562,2,0,1.48935311757645,0,1
91,0,1.58290419104331,2,0,-0.804716074526443,0,0
92,0,0.0265931389148666,1,1,0.27622351916493,1,1
93,0,0.685702505770817,1,1,-0.259876339057041,1,0
94,0,0.720330351168056,1,1,-0.094808857357336,1,0
95,0,2.85312357780412,2,1,-0.221141357010345,1,0
96,0,1.3774550737434,2,1,0.135259947484114,1,1
97,0,4.00077238637546,2,0,0.907435887489942,0,1
98,0,0.140255113034875,0,0,0.412656341035414,0,1
99,0,1.71703972759209,0,0,-0.818240096787347,0,0
100,0,0.169117334179899,2,1,-0.667312925944982,1,0
101,0,0.363066459019285,1,1,-0.482062103480061,1,0
102,0,0.0887652714522799,1,0,-2.31168901138202,0,0
103,0,0.65393932885697,2,1,2.55850772119301,1,1
104,0,0.128736577145386,0,1,-0.267255330495923,1,0
105,0,0.123147578640679,2,1,2.26692513877319,1,1
106,0,1.97720669693126,1,0,0.447315539307602,0,1
107,0,2.58920047694373,2,0,0.399918888721983,0,1
108,0,0.0116332300444997,2,1,1.27277019233828,1,1
109,0,1.30115557151536,0,0,-0.905976932388977,0,0
110,0,1.0147117674177,1,1,0.632404396840896,1,1
111,0,1.3601118295081,2,0,0.806967636777152,0,1
112,0,0.842407362439455,1,0,0.36107981059146,0,1
113,0,0.13143436326638,1,1,-2.41384581104381,1,0
114,0,0.0643828959813241,1,1,-0.358865342814983,1,0
115,0,0.738705311333944,1,0,0.675877760770303,0,1
116,0,0.437615243042188,2,1,0.344842839177995,1,1
117,0,0.283295403307275,1,1,-0.256833262812807,1,0
118,0,0.595084742085846,1,1,-0.597324202532638,1,0
119,0,0.916773186595661,1,1,-0.369506303737388,1,0
120,0,0.101595966754907,1,1,-0.286474148261279,1,0
121,0,0.846740294917611,1,1,0.979300430136703,1,1
122,0,0.0870506025693708,1,1,0.245757169732841,1,1
123,0,0.284055597413995,1,0,-1.70841008397012,0,0
124,0,1.42255102460805,1,1,0.0846786199139602,1,1
125,0,0.16080024766118,0,1,1.53147869586988,1,1
126,0,0.86986091130463,2,1,-0.16445853403263,1,0
127,0,0.0330306792808451,1,1,-0.873365384554999,1,0
128,0,0.433292938443989,1,0,-1.47366505326695,0,0
129,0,0.224175164977982,1,1,-0.251982775476292,1,0
130,0,1.18418557153133,2,1,2.05443098823465,1,1
131,0,0.204147266481237,2,0,0.585815124870237,0,1
132,0,0.437171716980246,2,0,0.330766471785849,0,1
133,0,2.30198344901148,2,1,-1.45501040287666,1,0
134,0,3.32958628820059,2,0,-1.27128613806308,0,0
135,0,0.434684963863853,1,1,1.64923755470762,1,1
136,0,0.00176505733641145,2,1,0.564928869694228,1,1
137,0,0.292525897105188,1,0,0.102365187315161,0,1
138,0,2.52574703656137,0,1,-1.39112721451633,1,0
139,0,0.859016455247456,2,1,-0.0508373142976296,1,0
140,0,0.494408685190579,2,1,0.30816905288297,1,1
141,0,0.370579256365697,0,1,0.528409653337039,1,1
142,0,1.77058653300752,2,0,0.243376293220009,0,1
143,0,1.09971152677087,1,1,-0.728261515182495,1,0
144,0,0.17348000779748,0,0,1.39177659226487,0,1
145,0,0.854054425532619,0,1,-0.844258243744697,1,0
146,0,1.23669796889197,1,0,-0.483908955574537,0,0
147,0,0.404280439755291,1,1,0.151766128130608,1,1
148,0,0.368471064388667,1,1,-0.945996417428642,1,0
149,0,0.660804376627008,0,0,0.866141278077422,0,1
150,0,0.433650903932621,1,0,-0.746821400761728,0,0
151,0,3.26905186320454,2,1,0.00272795907390199,1,1
152,0,2.19795325198926,2,0,0.49531166827963,0,1
153,0,0.183454040178898,2,1,1.9350050851069,1,1
154,0,0.211521520911945,1,1,-2.52017550281039,1,0
155,0,1.28817025521759,1,0,1.23040090260652,0,1
156,0,2.07025603585702,2,0,0.823685351709938,0,1
157,0,0.231411264904518,1,1,-0.125490298850434,1,0
158,0,0.4949772103897,2,0,1.25623887240761,0,1
159,0,0.707088129982164,2,0,-0.395535770685531,0,0
160,0,0.876348140065742,1,1,1.24546147861863,1,1
161,0,1.14641872159901,1,0,-0.605697748090666,0,0
162,0,1.2779613779154,1,1,-0.515185531929462,1,0
163,0,2.84915362605008,2,1,-0.217586826728439,1,0
164,0,1.79740781252659,1,0,-1.22834490023223,0,0
165,0,0.0595663963898411,2,0,1.68104669020036,0,1
166,0,0.457799520670017,1,1,-1.19983314675971,1,0
167,0,0.531860470659349,2,1,0.0727276494562931,1,1
168,0,0.445894363575496,1,1,1.38073029717531,1,1
169,0,0.00889169266636438,1,0,-0.660138736795142,0,0
170,0,0.0385910825053695,1,1,0.139446265643473,1,1
171,0,0.0366544395866618,1,1,1.13148028062059,1,1
172,0,4.53992126385234,2,0,0.374783511161402,0,1
173,0,1.08150294981897,0,0,-0.00407473108764721,0,0
174,0,0.511763745525584,2,1,0.605708038885032,1,1
175,0,0.834238414956234,1,1,0.560017795958118,1,1
176,0,0.602334150989606,2,1,-0.1088240561861,1,0
177,0,3.27438042541816,1,0,-0.858248449943655,0,0
178,0,0.683207909266154,0,1,0.661691077538802,1,1
179,0,0.7127290292778,2,0,1.05183626318944,0,1
180,0,0.608543485540567,2,1,-0.16249538293013,1,0
181,0,0.0770583652642912,1,0,0.104067100204355,0,1
182,0,2.07932291482454,2,0,1.28854180264486,0,1
183,0,2.83118680897065,1,0,-0.104582600080001,0,0
184,0,0.703172764142172,1,1,-0.406516137654876,1,0
185,0,0.798541776806903,1,1,2.16486511558331,1,1
186,0,0.185296457201464,1,1,-0.88052410092952,1,0
187,0,0.87913172781507,2,0,1.67925276401828,0,1
188,0,0.210925693138509,1,1,0.363594074004462,1,1
189,0,0.552146444598047,2,0,0.277177752800001,0,1
190,0,1.78545097831338,2,0,0.419952136834432,0,1
191,0,2.53259308067957,2,0,1.79701100479001,0,1
192,0,0.180173282938225,1,1,-0.130418760714029,1,0
193,0,0.327843330542709,2,0,0.415013816023983,0,1
194,0,0.350828878156612,1,1,0.303332607893846,1,1
195,0,1.47755899593365,2,0,0.775347926612604,0,1
196,0,0.594078620930645,2,0,1.31027501261417,0,1
197,0,0.7121539527778,1,0,-2.1771168434875,0,0
198,0,1.43450469256139,2,1,0.362345593963653,1,1
199,0,0.0452690266554587,2,1,0.656420435122918,1,1
200,0,3.19281043809903,1,0,-0.0324188025617264,0,0
201,0,0.403494827737549,2,1,0.408738346382873,1,1
202,0,0.261141837839802,0,1,-0.313493449171836,1,0
203,0,0.975895218067201,1,1,1.11738786335342,1,1
204,0,2.33649292178367,1,0,0.796257987233681,0,1
205,0,1.13204954447918,2,0,-0.446017754901278,0,0
206,0,0.0653546981480574,1,1,0.368814028400224,1,1
207,0,0.563449956248954,1,1,-2.25147275069163,1,0
208,0,0.488314121555919,0,0,0.262500431256871,0,1
209,0,0.740925831859039,1,1,1.00787475267699,1,1
210,0,0.0739397959350881,1,1,-1.56139117478017,1,0
211,0,0.308075153374553,1,1,-0.292704832385132,1,0
212,0,0.755916904984441,2,0,-0.642485905933517,0,0
213,0,2.02263744377018,2,0,-1.05066675660546,0,0
214,0,0.204117780913245,1,1,-1.57989686718833,1,0
215,0,3.62596945419713,2,0,0.524052103439517,0,1
216,0,0.364515876813899,1,1,-0.33187691165447,1,0
217,0,0.0863575786158479,1,1,0.0991399919142778,1,1
218,0,0.0275880484863403,1,1,0.167402912290626,1,1
219,0,0.477499471079938,1,0,-0.0632874941385833,0,0
220,0,0.0164930701071638,2,0,1.34620010473522,0,1
221,0,0.910883320252787,1,1,0.132172953369937,1,1
222,0,0.161622250625615,0,0,0.383603986769293,0,1
223,0,0.896207417692712,1,0,-1.00173014471713,0,0
224,0,0.938296852012475,0,0,0.843364118420911,0,1
225,0,1.00197412086044,1,1,0.330726126001985,1,1
226,0,2.21373481432298,1,1,-1.72978177195177,1,0
227,0,5.83318509782016,0,0,-0.513580703378994,0,0
228,0,0.489483558085435,1,1,0.244966694358219,1,1
229,0,0.629116575771155,1,0,-0.0904419023801152,0,0
230,0,1.82091202898821,1,0,0.29875953975494,0,1
231,0,0.70699889799997,1,0,1.67022027155603,0,1
232,0,0.633805657339569,1,1,-0.0369826500736517,1,0
233,0,0.0534722626472621,2,1,-0.665673149693621,1,0
234,0,0.373924375123054,1,0,0.569781515771943,0,1
235,0,0.152442810928088,1,1,-0.0572040886978212,1,0
236,0,0.00949129743210199,1,1,-0.463661297319306,1,0
237,0,1.21262053990511,1,0,-0.665022520138515,0,0
238,0,0.468750497486934,1,1,1.08819741273439,1,1
239,0,0.186548594382035,2,1,2.11354139414254,1,1
240,0,0.300898611884083,2,1,2.6497928874793,1,1
241,0,0.443422225988393,1,1,0.780080499946929,1,1
242,0,0.663359055028562,2,0,1.61812646590956,0,1
243,0,0.324193477202981,1,0,-0.329113321883506,0,0
244,0,2.26574379662796,2,0,0.794137403292295,0,1
245,0,0.105269704252788,1,0,-0.84488504963051,0,0
246,0,0.3805566243752,1,1,1.26018400514961,1,1
247,0,1.08880087913499,2,0,0.472804426866904,0,1
248,0,0.0766483066499589,1,0,-2.28789953254863,0,0
249,0,0.774304517990968,2,0,0.151226482406879,0,1
250,0,0.610364290575186,0,0,-0.924195049535057,0,0
251,0,0.261787378467108,1,1,-0.0719050847296052,1,0
252,0,0.238454600516178,1,0,-0.159788112147169,0,0
253,0,0.421432275120861,1,1,-1.64783882168862,1,0
254,0,0.746103373610938,1,0,-0.573047236227641,0,0
255,0,0.200776636688373,1,0,-1.32487715096357,0,0
256,0,0.262504897499477,1,1,-0.0417942424183626,1,0
257,0,2.44389007833049,1,1,-1.34468543706717,1,0
258,0,2.08470599232302,1,1,0.746990146414641,1,1
259,0,0.238585174903839,1,1,0.0522897781255057,1,1
260,0,0.0295659638540085,1,1,-0.704467564720871,1,0
261,0,5.74506382541789,2,0,-0.679212360636959,0,0
262,0,0.601019415383538,0,0,-0.225857319896777,0,0
263,0,0.774990654764842,1,1,0.265276416288383,1,1
264,0,2.93098909820662,1,0,-1.10378093921794,0,0
265,0,0.401121351502715,1,1,1.05384491156198,1,1
266,0,0.649532933409015,0,0,1.60054221603462,0,1
267,0,0.729846349806583,0,1,-0.0451302067013352,1,0
268,0,0.177040828950716,1,0,-0.230562793136246,0,0
269,0,2.19184021436724,2,1,1.87006446040646,1,1
270,0,5.01010754692935,2,1,-0.320011692261717,1,0
271,0,0.680738355687213,1,0,-0.132378874594216,0,0
272,0,5.77783888123415,2,1,-1.14150814024427,1,0
273,0,1.99290114578869,2,0,1.4214308360409,0,1
274,0,0.374296079293157,1,1,-1.70600561863302,1,0
275,0,1.06118416479381,0,0,0.63818709001149,0,1
276,0,0.272664692686324,2,0,1.07946639272818,0,1
277,0,4.20707025445363,2,0,-2.11485350898399,0,0
278,0,0.426646033661258,1,0,0.300042629522899,0,1
279,0,1.34437649350655,1,0,-0.034546695966631,0,0
280,0,0.0209089493168952,1,0,-1.84580602581837,0,0
281,0,3.27687055895392,2,0,-0.219244470134248,0,0
282,0,3.78144854560904,2,0,0.308862137290277,0,1
283,0,1.32085447199643,0,1,0.711187866922992,1,1
284,0,0.351001442206121,2,0,1.054940373737,0,1
285,0,0.235831901588486,1,0,-2.11675604827372,0,0
286,0,0.364028142402794,1,1,0.0126667965339257,1,1
287,0,0.454654793769606,1,0,-0.989671823494899,0,0
288,0,2.74718041629485,2,1,0.524107989170792,1,1
289,0,1.70563015260715,1,1,-1.33762539087165,1,0
290,0,0.327299070584693,1,1,-1.06748193483104,1,0
291,0,1.74475528874299,1,0,0.000348200543166849,0,1
292,0,1.07617549494406,1,1,-1.53690890779929,1,0
293,0,0.641604867558161,1,1,-0.505017613549953,1,0
294,0,1.18715069840721,2,0,-0.294819786560505,0,0
295,0,0.923174084621913,2,1,2.0830615979034,1,1
296,0,0.0400956560111792,1,1,0.264888518640054,1,1
297,0,0.677704183668529,1,1,0.573966225769463,1,1
298,0,0.393272466160345,1,1,-1.75385932629961,1,0
299,0,0.240857626992718,2,0,1.56482047430411,0,1
300,0,0.442403878623305,1,1,-0.303703837032439,1,0
301,0,0.685658842055052,1,1,-0.369693155413453,1,0
302,0,1.48592334323342,1,1,0.0834360271505823,1,1
303,0,1.75849177539122,2,0,-1.08414392800615,0,0
304,0,0.810138032712567,1,1,1.12543808207972,1,1
305,0,0.0993249295025598,1,0,-0.891884144817901,0,0
306,0,1.98668032635663,2,0,-1.16160202549832,0,0
307,0,0.543238443905775,1,1,0.679359974032219,1,1
308,0,0.58832119948018,1,1,-1.59681317831728,1,0
309,0,0.884316831409592,1,0,-0.4553031024087,0,0
310,0,0.78961244549432,1,0,-0.953639157046761,0,0
311,0,0.0995851191618488,2,0,-1.24984170127964,0,0
312,0,0.256721662506052,1,0,-1.35014670836987,0,0
313,0,0.255297150133504,1,1,0.0866159001211889,1,1
314,0,0.797511553730118,2,0,-0.335478276640686,0,0
315,0,0.124346148376801,2,0,0.932290489638955,0,1
316,0,0.401001622119637,1,1,-0.752440084469086,1,0
317,0,1.21226078209778,0,0,-0.407810229434903,0,0
318,0,0.81097340070165,1,1,1.49621293528396,1,1
319,0,0.887012299846337,1,0,-0.768184869008679,0,0
320,0,2.23894060023367,2,0,0.796008499384686,0,1
321,0,0.265728529144926,1,0,-0.123177994805196,0,0
322,0,1.15172219462693,0,1,0.353110124860827,1,1
323,0,1.54092045806518,1,0,-1.76102516554207,0,0
324,0,0.0428199342835386,2,1,1.17380706804064,1,1
325,0,3.75808912364711,1,0,-0.323354639168505,0,0
326,0,0.0304447607276204,2,1,2.58630629954164,1,1
327,0,0.264867531023052,1,0,-0.365621665944427,0,0
328,0,3.16665941036651,1,0,-1.61684277581211,0,0
329,0,2.26510931544286,2,0,0.755411714408244,0,1
330,0,0.51051594198781,1,0,0.127634676782466,0,1
331,0,0.565384310590135,1,1,0.266097742630576,1,1
332,0,0.305459884574672,1,1,-0.639759110371195,1,0
333,0,0.64373194933033,1,0,0.508431204219312,0,1
334,0,0.5542162666648,1,0,1.01092063087927,0,1
335,0,0.173875634527868,2,1,2.5956907769642,1,1
336,0,0.00890992917798638,1,1,-1.01680296114954,1,0
337,0,0.715922741018108,2,0,0.227397058318368,0,1
338,0,0.195133714344144,1,0,1.42896921771763,0,1
339,0,1.61862114223304,2,0,0.10441863681779,0,1
340,0,0.575672197864973,1,1,-0.305507020077665,1,0
341,0,4.51544629801119,2,0,0.738356459959947,0,1
342,0,0.144524052325861,1,1,-1.9792391641127,1,0
343,0,0.558167214251193,1,1,-1.01484949516149,1,0
344,0,0.0565980297150477,1,0,-0.232788579634295,0,0
345,0,1.92670977363984,0,0,0.833434600940419,0,1
346,0,0.04553972016267,1,0,-0.64433339436943,0,0
347,0,0.213564842807593,2,1,0.300235885717906,1,1
348,0,0.730244191814437,1,1,-0.58412908655902,1,0
349,0,0.0749531556415136,1,1,-1.4429773558228,1,0
350,0,0.035410396879971,1,1,-1.11531666154574,1,0
351,0,0.54232160130667,0,0,1.45681026617477,0,1
352,0,1.31348902784417,1,1,0.338875930001428,1,1
353,0,0.160217732636028,2,0,1.35244342765975,0,1
354,0,0.136034912898752,2,1,0.354006870729461,1,1
355,0,2.70792881563962,2,0,-0.203634120233164,0,0
356,0,0.251510691915948,1,1,-1.75473826627242,1,0
357,0,0.0469406216244247,2,1,-0.652399296456556,1,0
358,0,1.51688064119808,1,0,-0.234889842997381,0,0
359,0,0.0108737298931221,1,0,-1.63296561070419,0,0
360,0,0.101010982568065,0,0,0.67631180628221,0,1
361,0,0.406331750024127,1,1,0.359460362913188,1,1
362,0,0.779335771433942,1,1,0.185845901490701,1,1
363,0,0.293135115759033,2,1,1.3923510438145,1,1
364,0,0.920879188925028,0,0,-0.0610946263162508,0,0
365,0,1.25256738128389,2,1,2.80545880632855,1,1
366,0,1.03781617881304,1,1,-0.578716969547621,1,0
367,0,0.639567660382575,2,1,0.955283947822449,1,1
368,0,0.0699987069348549,2,0,0.0328835501781436,0,1
369,0,0.784232844557669,2,1,1.9750909995266,1,1
370,0,0.187704253174501,1,0,-0.980067251379468,0,0
371,0,2.37773853086699,0,0,-1.44509671778582,0,0
372,0,1.00998420578959,1,0,1.54308884298241,0,1
373,0,0.534872984709515,2,1,0.493939940882104,1,1
374,0,6,0,0,-1.68485111276347,0,0
375,0,0.178742049611158,2,1,1.35620981940054,1,1
376,0,1.93526534872066,1,0,0.43438708034018,0,1
377,0,0.139510912063041,0,0,-0.294669781247731,0,0
378,0,0.439532806933966,2,0,1.34115760177243,0,1
379,0,0.217480126976374,2,1,-0.449730552542104,1,0
380,0,1.74526020884514,0,0,0.816210370939441,0,1
381,0,1.31749860637369,2,0,-0.278417802765905,0,0
382,0,0.566434835286007,2,0,-0.00845794848533458,0,0
383,0,0.19754877632353,1,0,0.51631561460946,0,1
384,0,1.35714346547459,1,1,-0.231920623520237,1,0
385,0,0.614354778379052,2,1,0.444858369425291,1,1
386,0,0.0565123837228733,0,1,0.477240743003756,1,1
387,0,1.27012712332341,1,0,-0.940851351689225,0,0
388,0,0.663800718016147,1,1,-0.828765299228604,1,0
389,0,1.7750904682922,1,1,-0.812605482317677,1,0
390,0,0.866139855269063,0,1,0.406020705839438,1,1
391,0,0.523067705594349,2,1,0.881600938541026,1,1
392,0,1.11509393948912,1,1,-0.0225064660587954,1,0
393,0,0.686750642141371,2,0,1.38484892228333,0,1
394,0,6,0,0,-0.13790202129332,0,0
395,0,0.00780759261239688,1,0,1.34146116945132,0,1
396,0,1.2879084861035,1,0,0.514907942632174,0,1
397,0,2.25298054447065,0,0,-0.511701731557735,0,0
398,0,0.632641634026246,1,0,-2.02097279734422,0,0
399,0,1.03126194408052,1,0,-0.905823958927442,0,0
400,0,0.0379897638955539,1,0,-0.68308206236106,0,0
401,0,0.38755335299104,1,1,-1.47049089595085,1,0
402,0,0.284412399577455,2,0,0.33418794938268,0,1
403,0,1.14739407727584,1,0,-1.36627651517646,0,0
404,0,0.479756847072848,1,0,0.170967371852628,0,1
405,0,2.32842508326993,1,1,0.334866267014775,1,1
406,0,0.0520036718395983,1,1,0.926197292920036,1,1
407,0,6,0,0,-0.0840505175609205,0,0
408,0,0.297973841373123,1,1,-0.237891630320725,1,0
409,0,0.0208477545305982,1,1,-3.07327254912817,1,0
410,0,0.217311739415758,2,0,0.883452001309523,0,1
411,0,0.210212139665437,2,1,1.12453574348923,1,1
412,0,0.267619919546743,2,1,2.20161542039097,1,1
413,0,0.652932332782814,1,1,0.222391459466965,1,1
414,0,2.7724494809353,1,1,-0.157896478514424,1,0
415,0,1.96398836706911,1,1,-0.0262169715708986,1,0
416,0,1.3364939024423,1,0,-1.55380564251765,0,0
417,0,0.233757716787941,1,1,-0.599927605777704,1,0
418,0,0.567856714053043,1,0,-1.75064275883063,0,0
419,0,0.0693185387830172,1,1,0.101639741121192,1,1
420,0,0.697543847685059,0,1,-1.27941423285621,1,0
421,0,1.18151750782755,2,1,-2.47302136628688,1,0
422,0,2.27372039755442,2,1,2.15285161607248,1,1
423,0,0.0156742854492376,2,0,2.25635460670833,0,1
424,0,0.566164642712546,1,1,-0.449844326713456,1,0
425,0,0.121534562253365,0,0,0.47649026613061,0,1
426,0,0.493908525398363,1,1,-0.580896792460397,1,0
427,0,1.47943367511419,1,0,0.95791360673004,0,1
428,0,1.21380020375094,1,1,-0.481430608687525,1,0
429,0,0.218880781084412,1,1,-0.982393348758784,1,0
430,0,0.0277149682028559,1,1,-0.546982281247644,1,0
431,0,0.0150392570376274,1,1,-0.834135247105085,1,0
432,0,0.454560308487087,1,1,0.123348308665157,1,1
433,0,1.35903448535319,0,0,-0.347154977888744,0,0
434,0,1.81365177707312,2,0,-0.259639875888005,0,0
435,0,0.30251200207632,1,1,-0.595257047411768,1,0
436,0,0.740210792429377,2,0,0.273154391824511,0,1
437,0,2.64110936804918,1,1,-0.542124915408704,1,0
438,0,0.228364709514115,1,1,-1.0852018868995,1,0
439,0,0.521161231976534,1,0,-1.1979121886343,0,0
440,0,0.0169099255849055,1,0,0.830325536828239,0,1
441,0,0.186757067829522,1,1,0.0866306759380074,1,1
442,0,0.259977199521274,1,1,0.11155251275822,1,1
443,0,1.53079984012814,2,0,1.75399396926997,0,1
444,0,0.469445888521209,2,0,1.40876298652065,0,1
445,0,0.639333547668866,1,1,-0.448580143303719,1,0
446,0,0.366476969427724,1,1,-1.69632410846041,1,0
447,0,0.308628427746486,1,0,0.230389830378719,0,1
448,0,0.014306687113899,1,1,-0.724600328610872,1,0
449,0,0.528280544096204,2,1,0.684766250479741,1,1
450,0,0.255439455473232,2,1,0.711505914473605,1,1
451,0,1.58941055678511,1,1,-0.567970084876702,1,0
452,0,1.72310041460786,1,1,-0.81285432267057,1,0
453,0,4.68444500339173,0,0,0.853215591599746,0,1
454,0,0.182199031188644,1,0,-0.297589171670361,0,0
455,0,0.94608036603128,0,0,-0.277728226836774,0,0
456,0,0.173273468121199,2,0,0.376055912619607,0,1
457,0,1.47321254216397,2,0,-0.146916482864405,0,0
458,0,0.482803315710964,1,0,1.2350829870266,0,1
459,0,0.346952570349516,1,1,-0.137750450987074,1,0
460,0,0.429111980535638,1,0,-0.0782019559591201,0,0
461,0,2.56908735105071,2,0,1.6782949469307,0,1
462,0,6,0,0,-1.31300809453083,0,0
463,0,0.0101934846286725,1,0,-1.45302826708758,0,0
464,0,2.09078099268178,0,1,-0.413256766478839,1,0
465,0,3.69169588893342,2,0,-0.46271830910292,0,0
466,0,0.11917302845957,1,1,0.848362019692545,1,1
467,0,0.227678631503176,1,0,1.18349138996665,0,1
468,0,0.0947816794117292,0,1,0.437742139573961,1,1
469,0,1.45274813754583,2,0,0.155538340200959,0,1
470,0,0.46968629097838,1,1,0.76013275082001,1,1
471,0,0.042163150563644,2,1,0.63865743550422,1,1
472,0,0.118348451985264,1,0,-0.434453823121545,0,0
473,0,0.177474822906428,1,1,0.192269575513959,1,1
474,0,0.498963726110256,2,0,0.543817652198681,0,1
475,0,1.41118130099559,1,1,1.04716605759683,1,1
476,0,1.64247535170775,2,1,0.269518126096434,1,1
477,0,4.40220121685964,2,0,0.910731024789286,0,1
478,0,0.463077072889963,1,0,-1.83647059050996,0,0
479,0,0.804243876509547,1,0,-0.337722105075481,0,0
480,0,1.28659472802051,2,1,1.31469695847154,1,1
481,0,1.30155796751722,1,0,-1.68804130269266,0,0
482,0,0.110793768738707,0,1,1.06473367886376,1,1
483,0,3.48857633449842,1,1,0.856314059507732,1,1
484,0,0.351897471355358,1,1,-0.036600937637496,1,0
485,0,0.276569124957679,1,1,-0.0320018857033752,1,0
486,0,0.804558312156075,2,1,-0.42025774712211,1,0
487,0,1.44901546376567,2,0,2.08250413715756,0,1
488,0,0.815090885975464,2,0,0.321961522524478,0,1
489,0,0.236821718542982,1,1,-1.08788093028084,1,0
490,0,0.489453060614452,0,0,-0.0447907660371167,0,0
491,0,1.54739021848106,0,1,-0.216342001519977,1,0
492,0,0.422405756392978,1,1,1.67501595698064,1,1
493,0,0.127041107015061,1,0,-1.16927429597529,0,0
494,0,1.20091529484746,2,0,-0.68629767889585,0,0
495,0,1.43716389058714,1,0,0.992801103502332,0,1
496,0,2.48852908353659,2,1,0.891429001713329,1,1
497,0,2.10362625461124,2,0,0.0200837386168462,0,1
498,0,0.356839390466981,0,1,0.0736902703658613,1,1
499,0,4.54531602305904,2,0,-1.25922882037088,0,0
500,0,0.140273043381681,1,1,-0.982942458384481,1,0
501,0,2.09278411760934,2,1,-0.179682692222351,1,0
502,0,0.4571376465843,1,0,0.906692053268391,0,1
503,0,0.857619157348508,1,0,-0.526733623095763,0,0
504,0,1.21824397687572,2,1,1.67661980878104,1,1
505,0,0.0904109207518924,2,1,0.665082162434695,1,1
506,0,0.455854926314279,1,0,-1.2061701660233,0,0
507,0,0.348574169137306,2,0,0.109762966338273,0,1
508,0,1.96816939863873,2,0,1.67187891295503,0,1
509,0,1.27815391798356,2,0,-0.122082601905671,0,0
510,0,0.308084528256827,2,1,0.51828891000896,1,1
511,0,0.422054830681913,2,1,1.36715883493575,1,1
512,0,0.383654462011542,1,0,-2.48631407360456,0,0
513,0,1.01896326156235,2,0,-0.953433982697194,0,0
514,0,2.18276385838787,0,0,1.27700849997981,0,1
515,0,2.91542161573415,1,1,-0.484636880399088,1,0
516,0,0.548963751282537,0,0,0.83801913983541,0,1
517,0,0.378945070525233,2,1,1.09845979987146,1,1
518,0,1.05463153997867,1,1,-0.185335881355243,1,0
519,0,1.1495121642031,1,0,-0.588137907916165,0,0
520,0,0.921589617573385,2,1,-0.0543990781647576,1,0
521,0,0.574722971661591,2,1,0.740006015475599,1,1
522,0,0.240647318044125,2,1,0.19859501006015,1,1
523,0,0.085684968448121,1,1,0.225042154733468,1,1
524,0,1.46943533425381,0,1,0.511854564507187,1,1
525,0,0.563202655610968,2,0,-0.761305154476654,0,0
526,0,0.38996992066195,2,1,0.872269313407734,1,1
527,0,0.177516136575056,2,0,1.70392915223372,0,1
528,0,0.0503359336439275,2,1,0.506803572740256,1,1
529,0,0.0838060950596353,1,0,-0.972165319014388,0,0
530,0,1.55402533155996,1,1,0.274740497974376,1,1
531,0,2.3508928526981,2,0,0.476283343136064,0,1
532,0,0.00177421607077122,0,0,-0.498367172661975,0,0
533,0,0.253897964400407,1,1,0.3382830177187,1,1
534,0,1.59019793818465,2,0,0.171513843746718,0,1
535,0,0.449456330061902,1,1,0.221855479752929,1,1
536,0,0.6753590062842,0,0,0.299164179890545,0,1
537,0,0.552241056563706,1,1,-0.19383274873081,1,0
538,0,0.545492705794696,2,1,0.991090930880085,1,1
539,0,0.0585773463050524,0,1,2.10453137112432,1,1
540,0,0.57494048727652,1,1,-0.179367554586087,1,0
541,0,0.176835547659424,1,0,-0.35261278054696,0,0
542,0,4.04733483369152,0,0,-0.742356800229971,0,0
543,0,0.0351921283683271,1,1,-1.30349978086604,1,0
544,0,0.149293147994606,1,1,-0.0112413592061281,1,0
545,0,1.42978557988918,1,0,-0.0916323548521007,0,0
546,0,0.0357821866292294,2,1,1.2050006482988,1,1
547,0,0.829928561831161,2,0,-0.516180177222435,0,0
548,0,0.453666548980665,1,1,-0.448419054239393,1,0
549,0,0.422516950217947,1,1,0.43311607882578,1,1
550,0,0.342693569225097,2,1,0.248656665114595,1,1
551,0,0.29878312034784,1,0,-0.992865908907823,0,0
552,0,0.0476654953384319,1,1,-1.84248688507849,1,0
553,0,0.701714431246122,0,1,0.0915561289215836,1,1
554,0,1.12032370231124,0,1,1.41466713565607,1,1
555,0,6,0,0,-0.560534972780094,0,0
556,0,0.259770025297716,2,0,-0.349559047365991,0,0
557,0,4.45441928381721,0,0,-1.11940688286645,0,0
558,0,1.26205171589014,1,1,0.357462722245839,1,1
559,0,0.41291954045462,1,0,0.686712442186716,0,1
560,0,0.821694273163048,1,0,-1.93154911109135,0,0
561,0,1.18129373858942,1,0,-0.702630428233783,0,0
562,0,1.23492500502431,1,0,0.172179289521925,0,1
563,0,0.241970704137778,1,0,-2.60814623277886,0,0
564,0,0.705823931442097,1,0,-0.967408994993775,0,0
565,0,0.805397229868629,2,1,1.47420577204973,1,1
566,0,0.065494225521084,1,0,1.42001633746732,0,1
567,0,1.77186714889314,2,0,0.541495951564538,0,1
568,0,0.400347966008793,2,1,0.82887378088658,1,1
569,0,0.381481384651294,2,1,0.364728861631703,1,1
570,0,0.0626818392377989,2,1,-0.31975054939333,1,0
571,0,0.476009833613672,2,0,1.7121461864846,0,1
572,0,0.849197974042603,0,0,1.12401660192913,0,1
573,0,0.641232034036646,1,1,-1.05453794896201,1,0
574,0,1.59180102832653,1,1,-0.401405776360416,1,0
575,0,1.15920958420025,2,0,0.992312036851675,0,1
576,0,0.300483161933165,2,0,-0.790171600616068,0,0
577,0,0.0422075639168421,0,0,0.333114314467018,0,1
578,0,0.756245156499467,1,1,-1.35672698890817,1,0
579,0,0.401187955091397,0,0,-0.104860430445722,0,0
580,0,0.0848727329505929,1,0,-1.03253034609578,0,0
581,0,0.316446372218124,1,0,-0.148285752853571,0,0
582,0,0.638523995616631,1,0,-0.371534977246393,0,0
583,0,2.05000956261332,1,1,0.443702997462498,1,1
584,0,1.19047980638127,0,0,1.06195869081579,0,1
585,0,0.0182797089182333,1,1,-0.97203027883558,1,0
586,0,0.0877288479945742,1,0,-1.91604623553991,0,0
587,0,0.337713093659011,2,0,-1.07029124944154,0,0
588,0,0.464989135172042,0,1,0.111261109973808,1,1
589,0,0.409316636389708,2,0,-0.400381826802253,0,0
590,0,0.12658539358648,2,1,-0.236706909045454,1,0
591,0,1.2519649151192,2,1,0.391478847243847,1,1
592,0,0.236080711086591,0,0,-0.45869926556988,0,0
593,0,0.639687708810559,0,0,0.758738116627218,0,1
594,0,0.772621238296993,2,1,-0.177273316600608,1,0
595,0,0.0232395898320819,1,0,0.029957167027385,0,1
596,0,0.234101444532715,2,1,0.838211853915448,1,1
597,0,0.109990234440028,1,0,1.20456622201407,0,1
598,0,0.125689785927534,0,0,-0.604620121822585,0,0
599,0,2.16160085362693,0,0,0.211053452319863,0,1
600,0,0.074460602675875,0,0,0.167165598813271,0,1
601,0,0.104350397683166,2,0,-0.63001872019347,0,0
602,0,0.177609922411812,1,1,-0.197532692979163,1,0
603,0,1.34483950115123,1,1,0.493722200830249,1,1
604,0,1.56614250628619,2,0,-0.0214771268127639,0,0
605,0,0.376666381489543,0,1,0.433517193655797,1,1
606,0,0.619989549293989,1,1,0.425229305186018,1,1
607,0,0.469541658427645,2,1,1.40246276815514,1,1
608,0,0.0999297085535838,1,1,-1.92402174262583,1,0
609,0,0.230031995674522,0,1,0.0901942168482617,1,1
610,0,0.411817280798754,1,1,-0.181770110527255,1,0
611,0,0.270183747062778,1,1,-0.427805220939587,1,0
612,0,3.82431748053366,2,0,-0.281522484420268,0,0
613,0,0.859242024832896,0,1,0.0107605331747462,1,1
614,0,0.510479932030042,0,1,1.01481198415281,1,1
615,0,0.521723924253397,1,1,-0.604318478277945,1,0
616,0,0.591705436170306,1,1,-0.156653791219182,1,0
617,0,0.560578697984253,1,1,-0.266919969203647,1,0
618,0,0.310611864551902,0,1,-1.22361781684082,1,0
619,0,0.46811541107758,1,1,0.725631960318099,1,1
620,0,2.49909847915123,2,1,-0.465437238293819,1,0
621,0,0.332398220057354,1,1,-1.6223817291505,1,0
622,0,0.324632710248791,2,1,2.42307545232678,1,1
623,0,0.755316124038568,2,0,1.84193503401935,0,1
624,0,0.329996394065826,2,1,-0.148833351643973,1,0
625,0,0.0114503838818216,1,1,-1.55101040574378,1,0
626,0,0.18964173250326,1,1,-0.792188954214491,1,0
627,0,0.272691557330811,1,0,0.300804391947701,0,1
628,0,1.06300500894305,1,0,-0.780876281068914,0,0
629,0,1.38033742365259,2,1,-0.0813526742662459,1,0
630,0,0.853343947238109,2,0,-0.347532891561648,0,0
631,0,1.05933529452225,0,0,1.4522622358418,0,1
632,0,1.56379502846993,1,1,0.767333226833535,1,1
633,0,2.58676062141919,2,1,0.51295086247889,1,1
634,0,5.09642758689133,0,0,-0.382325127829474,0,0
635,0,0.120196193594195,1,0,-1.05121235355669,0,0
636,0,0.330192397038142,0,1,0.616182068170986,1,1
637,0,3.73245183058777,2,0,0.150598743355903,0,1
638,0,0.619113574575021,1,1,-1.27595174345235,1,0
639,0,0.415767592066954,0,0,1.21846813795232,0,1
640,0,0.851068599149585,0,0,-1.63721576454873,0,0
641,0,1.62253483572456,1,1,1.36314030128367,1,1
642,0,0.16387274193883,1,0,0.171926909955326,0,1
643,0,1.15328653715551,0,1,1.37453863301392,1,1
644,0,6,0,0,-1.29203691324855,0,0
645,0,0.0110157489481482,2,1,1.38292278225185,1,1
646,0,1.09502130893881,2,1,1.32578856004424,1,1
647,0,1.01581840465466,0,1,0.00400987046286829,1,1
648,0,0.450511559612025,1,1,-1.35981287348379,1,0
649,0,0.0323887063096942,1,1,-1.43197708839612,1,0
650,0,0.115046648825264,2,0,1.13631668601057,0,1
651,0,1.76207570979993,0,0,0.24045113714163,0,1
652,0,0.562056934753681,1,1,1.68209377984051,1,1
653,0,0.211934385098642,1,0,-0.428278008922607,0,0
654,0,0.376141072648209,1,1,-0.257442233920003,1,0
655,0,1.82801957515898,1,0,-0.857876539135283,0,0
656,0,1.70313806893925,0,0,0.618941176473963,0,1
657,0,0.129232227246679,1,1,0.679422338095638,1,1
658,0,0.0220393078163011,1,0,-1.34368838360787,0,0
659,0,2.07994334511201,0,0,0.938718436172496,0,1
660,0,0.831608766316303,1,1,-0.42500174731365,1,0
661,0,0.256482549439708,2,1,-0.445186383402983,1,0
662,0,0.397643962264541,2,1,0.594143214245307,1,1
663,0,2.62038907308253,1,1,0.221001261668787,1,1
664,0,0.95229515523096,2,1,-0.575149567187359,1,0
665,0,0.824558596326944,1,1,1.23192586746508,1,1
666,0,0.655741044062516,1,1,-0.343326665793094,1,0
667,0,0.0418470118341105,2,0,0.890097037431843,0,1
668,0,1.0478666681551,2,1,1.47993971821023,1,1
669,0,0.190283050088762,1,1,0.975310019646992,1,1
670,0,0.242876324844303,1,1,0.114468488349157,1,1
671,0,6,0,0,-1.02126918141695,0,0
672,0,1.16681391039748,1,1,-0.800028680745795,1,0
673,0,2.11231962563016,2,0,0.424877715688418,0,1
674,0,1.98797080515549,2,0,-0.537645464157518,0,0
675,0,3.46563656814396,0,0,1.43529146210575,0,1
676,0,1.71504816664651,1,0,-1.0781782063351,0,0
677,0,0.932204138698013,2,1,0.723047502813325,1,1
678,0,0.0552162776390712,0,0,0.0105638319296315,0,1
679,0,0.395198787441268,2,0,0.825970545234534,0,1
680,0,0.799761476616065,0,1,1.92630562789877,1,1
681,0,0.1878416114324,0,0,-2.28358462650451,0,0
682,0,1.09428486998436,2,0,0.668079298266952,0,1
683,0,1.71752823325667,2,0,1.69303413509531,0,1
684,0,0.625492517195019,2,0,2.48113759861043,0,1
685,0,0.0357904343434969,2,0,0.740289951458418,0,1
686,0,0.425520625614279,1,0,0.415402298104532,0,1
687,0,0.525790554020519,2,0,1.83012532657093,0,1
688,0,0.0742629735265691,1,0,1.3693944527933,0,1
689,0,0.146874011605572,0,0,-1.23446442384363,0,0
690,0,0.0751677349628063,1,1,-0.426992946051467,1,0
691,0,0.492818867166596,2,1,-0.425885209405841,1,0
692,0,0.424487905258035,1,1,-0.647401311393185,1,0
693,0,0.200274706249482,2,0,1.21270547252183,0,1
694,0,0.692056057353814,0,1,0.419885681723703,1,1
695,0,3.26933880026142,0,0,-1.06097149147091,0,0
696,0,1.02641170694863,2,0,-0.228837019947856,0,0
697,0,0.433131277081802,1,0,-0.370564419983109,0,0
698,0,1.28633330419998,1,1,1.48039086831497,1,1
699,0,0.477284626105605,1,1,-0.520019389963274,1,0
700,0,2.00204313848972,1,0,0.0584902026172464,0,1
701,0,0.466835864646298,1,1,-0.0912582842772567,1,0
702,0,0.187907973544917,1,0,-0.798834955281776,0,0
703,0,0.273076765584955,1,1,1.33783119993762,1,1
704,0,1.66578959578098,1,0,-0.193623205674224,0,0
705,0,0.385641399261279,1,1,-3.1666169632753,1,0
706,0,0.542351120884696,2,1,0.319524824665106,1,1
707,0,0.693242114372435,1,0,1.9317652497129,0,1
708,0,0.0152289878322446,1,0,-1.02558519776867,0,0
709,0,0.913273096947504,1,1,-0.946485390744378,1,0
710,0,0.662789346073586,2,1,1.55889836219859,1,1
711,0,0.0723857299535537,0,1,0.0325559480083045,1,1
712,0,0.0621143660354686,1,1,-0.648171492359408,1,0
713,0,0.359654979159435,0,0,2.30658998276046,0,1
714,0,0.317993244645847,1,1,0.133060769765812,1,1
715,0,3.10573725851487,1,1,-1.04565215023072,1,0
716,0,0.0634644729747332,1,1,0.275170456728503,1,1
717,0,0.13311576789176,1,1,0.610728460543663,1,1
718,0,0.978527508264965,2,1,1.07355775468727,1,1
719,0,0.857301086232218,2,1,3.42009102312319,1,1
720,0,0.391285649270802,1,1,0.0754859781741878,1,1
721,0,0.397176847261285,1,0,-0.913749671995998,0,0
722,0,0.182813203743438,1,0,-1.02291286003886,0,0
723,0,0.1823456221217,2,1,1.38785614560199,1,1
724,0,0.421767165169938,1,1,-0.425710812959368,1,0
725,0,1.14083104495728,1,0,-1.31346161889247,0,0
726,0,0.0961791111397297,1,0,0.486021769709653,0,1
727,0,0.405054127840395,2,0,-0.824850888183047,0,0
728,0,0.34382961631636,2,0,0.635466187628559,0,1
729,0,0.347434634757858,2,1,0.95312844755076,1,1
730,0,0.0190293179192255,1,1,-0.5998938216483,1,0
731,0,0.904492983113982,1,1,-0.873184903301586,1,0
732,0,0.189408123018923,1,0,-0.471408904926349,0,0
733,0,3.98911830287844,1,1,-0.303878264376023,1,0
734,0,0.829932566955367,1,1,-0.87364583911128,1,0
735,0,0.990672470282286,2,1,0.805101908814512,1,1
736,0,0.303346937208367,1,0,-0.175756957579913,0,0
737,0,6,0,1,1.22784480851359,1,1
738,0,2.25707905320338,2,0,-0.0587030950778158,0,0
739,0,0.813030023127794,0,0,-0.694408564565383,0,0
740,0,0.425734617217244,1,1,0.191835967203023,1,1
741,0,0.152432929951239,1,1,-1.91635588531158,1,0
742,0,0.587494934349968,2,1,1.49746604337129,1,1
743,0,0.427355299050659,2,0,0.546156539576729,0,1
744,0,0.0820263641934131,1,1,-0.184012971358635,1,0
745,0,0.556483490974666,2,1,-0.347094114230779,1,0
746,0,0.841138442097285,1,0,-0.587976117712327,0,0
747,0,0.170208333681027,0,0,2.31418564024262,0,1
748,0,6,0,0,-0.980055650147545,0,0
749,0,6,0,0,-1.85512636323921,0,0
750,0,0.0504800156211385,1,1,-0.205471982857226,1,0
751,0,2.18794136806536,1,1,0.109741527134141,1,1
752,0,0.677986957426787,2,1,0.515241953554569,1,1
753,0,2.46340102512645,0,1,0.174491059267349,1,1
754,0,0.492679488844177,1,1,0.339179914284958,1,1
755,0,0.404026561505555,2,1,-0.492640789207194,1,0
756,0,0.400898939744319,1,1,-0.93818250861468,1,0
757,0,3.83796661449405,1,0,-1.33428500848296,0,0
758,0,0.858045482655301,1,1,1.94007574176488,1,1
759,0,0.214205066370596,1,1,-0.489078632772038,1,0
760,0,0.203104485403925,2,0,1.58383337071694,0,1
761,0,0.930407263061512,1,0,-0.490570201036155,0,0
762,0,0.629724301422864,1,1,0.559329535936647,1,1
763,0,0.521577371822058,2,0,0.398345283286703,0,1
764,0,0.981504396629759,0,0,0.196940397188916,0,1
765,0,1.36368573329323,2,1,1.04372306969852,1,1
766,0,1.12358736537014,1,0,0.0756911014940901,0,1
767,0,0.179133448127493,1,0,-1.88839827564462,0,0
768,0,0.713526615570449,1,1,0.699253102068997,1,1
769,0,0.697379480883887,1,0,-0.131144873314732,0,0
770,0,0.333560601311054,2,0,2.28882468356156,0,1
771,0,0.176714941429633,2,1,1.47133402065039,1,1
772,0,0.483399028716342,1,0,1.08390925832909,0,1
773,0,0.36649881345952,0,0,1.33292497027569,0,1
774,0,1.2328563496808,2,1,-0.414239990070828,1,0
775,0,2.3997133978414,1,1,0.126078413518399,1,1
776,0,1.42585131960611,0,1,1.10095631804697,1,1
777,0,2.37673364579678,0,0,-0.340177151002905,0,0
778,0,0.0454282022091196,1,1,0.351246257718076,1,1
779,0,0.0513064301865692,1,0,-3.86461860172874,0,0
780,0,1.32172344737082,1,0,-0.656568808870064,0,0
781,0,3.19621065555712,1,1,-0.504475732539205,1,0
782,0,0.898111121983865,1,1,-1.96860818498437,1,0
783,0,0.526271704662058,2,1,-1.48302302683457,1,0
784,0,0.296668354814489,1,0,-0.309429470622571,0,0
785,0,0.0322555231902568,1,0,-1.65467442809213,0,0
786,0,0.899301609442866,1,1,0.654474300406021,1,1
787,0,0.138045784118571,0,1,-0.544604392856957,1,0
788,0,0.778394699545065,1,0,0.00190719918147117,0,1
789,0,0.520238485737002,2,0,0.234448855894382,0,1
790,0,1.6524143637773,1,0,1.21728595250975,0,1
791,0,0.352418462198903,1,1,0.528151429043374,1,1
792,0,2.26998161524534,0,0,-0.592497970487058,0,0
793,0,0.0305169926522136,2,1,1.05527798480422,1,1
794,0,1.96265652134038,1,1,-0.87112346306704,1,0
795,0,1.58397755134892,2,0,1.37791190321756,0,1
796,0,1.9396296167899,1,0,-1.06658426283342,0,0
797,0,0.106526187315369,1,1,0.122523877752921,1,1
798,0,0.752347369559244,1,0,-0.501138089354002,0,0
799,0,0.0310042785694392,0,0,-0.810630113977183,0,0
800,0,1.94018272062143,0,0,-0.448642106350251,0,0
801,0,1.22427164369834,2,1,-0.565514077412656,1,0
802,0,0.239716932001459,2,1,1.32088657688402,1,1
803,0,1.53522111908543,2,0,1.43395284596669,0,1
804,0,0.0673227972919957,2,1,0.608204168862404,1,1
805,0,0.0831381654205769,1,0,-1.98790561010781,0,0
806,0,1.27070003685452,1,0,-0.308433425945518,0,0
807,0,0.0600854923876255,0,0,0.349756335454055,0,1
808,0,0.832287598756865,2,1,0.619083484697164,1,1
809,0,0.413797246176216,1,1,-0.530873060137869,1,0
810,0,1.88867381193198,2,0,1.57773941648993,0,1
811,0,0.484602358175015,1,1,-0.539926602220131,1,0
812,0,1.57236253416378,1,0,-0.300088974736282,0,0
813,0,0.775897674473591,0,0,0.805994476543825,0,1
814,0,0.451816242358144,1,1,-0.999458944989397,1,0
815,0,2.1505318890766,1,1,-0.19054283967983,1,0
816,0,0.761625562103851,2,1,0.00492597591436789,1,1
817,0,0.102370687482513,2,1,2.04401516290457,1,1
818,0,0.828855528277003,0,0,-0.316626285439132,0,0
819,0,0.111089778484474,1,0,-0.432806498367637,0,0
820,0,0.0131243840490421,1,1,-0.614059122498781,1,0
821,0,0.336630036023427,1,0,-1.01207734256048,0,0
822,0,0.376269717531054,0,1,-1.45987314674928,1,0
823,0,0.965262143702789,1,0,0.305171065563515,0,1
824,0,0.578305988534392,1,0,-1.53662465985022,0,0
825,0,0.380340219420214,2,1,1.10610638238928,1,1
826,0,0.0247542001203131,2,0,0.481458863195993,0,1
827,0,0.643647980836225,1,1,-0.589984664748221,1,0
828,0,1.63804505390288,2,0,-0.863206256688017,0,0
829,0,2.07903499419617,1,0,-0.730460796044455,0,0
830,0,1.72643495102723,0,0,0.391377945519622,0,1
831,0,0.0133291045837629,1,1,-0.738528908801082,1,0
832,0,0.0812164322158586,1,1,0.00238790956274889,1,1
833,0,1.06711735638479,0,0,-0.156299692571884,0,0
834,0,0.0138572903871254,1,0,-0.444514817759948,0,0
835,0,0.324780721185201,1,1,0.0970285857925009,1,1
836,0,1.13177950213322,1,0,-2.13242991277238,0,0
837,0,0.08427729247142,1,1,-0.406721255508022,1,0
838,0,0.73390740096798,2,0,1.09219910736057,0,1
839,0,6,0,0,-2.35970886223755,0,0
840,0,2.5890336342035,2,0,0.208165438327793,0,1
841,0,2.40155386530419,1,0,-0.743169233997086,0,0
842,0,1.60870713681165,2,0,-0.473529387321583,0,0
843,0,0.0675872846793203,1,1,-0.30549966324026,1,0
844,0,0.0884762641190732,1,1,-2.28043912880248,1,0
845,0,1.9501804184803,1,0,-0.693589907188749,0,0
846,0,2.06417781112077,0,0,-0.593172797820843,0,0
847,0,0.638183388878338,1,0,0.522554504276392,0,1
848,0,0.172071043276855,0,1,-0.818359762227796,1,0
849,0,0.0179771154648558,2,1,0.0129507462421113,1,1
850,0,0.215233769602,2,1,1.46762481975187,1,1
851,0,0.365932194709604,1,1,1.02103467659756,1,1
852,0,0.972236150077102,1,1,1.16143262301168,1,1
853,0,0.454790242797399,1,1,-1.98046909977188,1,0
854,0,0.0463525155183964,1,1,-0.157545442351233,1,0
855,0,0.244198831592162,1,1,0.0570123873757666,1,1
856,0,0.243675862824776,1,1,-0.955980529168558,1,0
857,0,0.325941537629653,2,0,0.189366683265983,0,1
858,0,0.200779181463062,2,1,1.03885777014283,1,1
859,0,0.261881056552132,0,0,-0.0992090318266393,0,0
860,0,6,0,1,1.40427890084816,1,1
861,0,0.483995527029037,0,1,-0.340515228640177,1,0
862,0,0.273833433166146,0,1,-0.955642608973251,1,0
863,0,4.38329367277523,0,0,-0.464075129744289,0,0
864,0,1.79976157771767,1,0,-0.00367748303705718,0,0
865,0,0.065913210292104,2,0,-0.230548547755686,0,0
866,0,0.300451318361499,1,1,-1.12787874287944,1,0
867,0,0.148567034911284,1,1,0.128151894389851,1,1
868,0,1.15635329353937,1,0,-0.0868242408440742,0,0
869,0,0.543287822828199,2,0,-0.137356987183465,0,0
870,0,1.26098882713824,2,0,0.554487948655933,0,1
871,0,0.113290609455474,2,0,0.684985790565001,0,1
872,0,1.89176507548725,2,1,0.0747250146288696,1,1
873,0,0.990601381005888,1,0,0.604350696080636,0,1
874,0,0.458872764101974,1,1,-1.20898007427499,1,0
875,0,1.89074608503299,1,0,0.39956681990212,0,1
876,0,0.883062233664166,2,1,0.282074117155525,1,1
877,0,0.605351219070793,1,1,-0.950518413294313,1,0
878,0,1.47148951514998,1,0,-0.131194882593463,0,0
879,0,0.527371369735528,1,0,-0.920113432229055,0,0
880,0,0.83879219317668,2,1,1.69291832243989,1,1
881,0,0.925037693974863,2,1,1.90232102674037,1,1
882,0,2.07554054552497,2,0,1.11230941520892,0,1
883,0,0.243472814688421,2,1,0.650885878025815,1,1
884,0,1.04311499837939,2,0,1.44863655049705,0,1
885,0,3.63009084479168,1,0,-0.042593796780586,0,0
886,0,6,0,0,0.3430963880272,0,1
887,0,0.531346915527468,2,0,-1.17012647786856,0,0
888,0,1.11155708252857,1,0,1.50713659432724,0,1
889,0,0.217768216260258,0,0,-2.11681623106092,0,0
890,0,1.57660500456889,0,1,0.975905896147058,1,1
891,0,0.293473641698559,0,1,2.11032768107576,1,1
892,0,0.0130104710275443,1,1,1.1872624058191,1,1
893,0,0.624081740776698,0,0,1.8048345634808,0,1
894,0,1.2293327560202,2,0,-0.0602656996307663,0,0
895,0,0.215431133243722,1,1,-1.23381305731243,1,0
896,0,0.471288824828831,1,0,-0.35162180714708,0,0
897,0,0.188166046278202,2,1,1.58763687392127,1,1
898,0,0.116548929917568,0,1,0.791487429169852,1,1
899,0,2.71790660724531,1,0,1.64445438260374,0,1
900,0,1.51732990425924,1,0,-0.39719186215517,0,0
901,0,0.577141884497275,1,0,-0.585624253696815,0,0
902,0,0.653799662988048,1,1,-0.0281914288838133,1,0
903,0,4.50533110958835,0,0,0.438840993718327,0,1
904,0,2.44834415828345,2,0,0.243823223741061,0,1
905,0,0.171781575498622,1,0,-1.93126299303606,0,0
906,0,0.00920492445102601,1,1,1.1183019868522,1,1
907,0,1.12436529770616,2,0,-1.23822766346837,0,0
908,0,0.252404144963639,1,0,-1.13200909944475,0,0
909,0,0.654226479430993,0,0,-1.42043861646574,0,0
910,0,0.455247231885169,2,0,0.788702331769895,0,1
911,0,1.59947430844167,2,0,-1.10051844060121,0,0
912,0,0.301863415614744,0,0,1.5604911911158,0,1
913,0,0.543415181090167,1,0,-2.03471086688656,0,0
914,0,1.42099766238831,1,0,-1.13997031342844,0,0
915,0,1.0155220462931,1,1,-0.864016524572238,1,0
916,0,0.516350784649452,0,0,0.716143959739029,0,1
917,0,0.0404916929185479,1,1,-1.69885121710401,1,0
918,0,1.07708204536789,1,0,0.60419517256577,0,1
919,0,0.505798928959331,1,1,-0.975351012960247,1,0
920,0,0.366158296039459,1,1,-0.919790457246306,1,0
921,0,1.96542622269196,1,1,0.140190115190383,1,1
922,0,0.478898590905526,1,0,-1.74541480030366,0,0
923,0,0.365324278656495,1,0,-0.258667262188122,0,0
924,0,0.374931845215603,2,0,0.214599269972,0,1
925,0,1.56449900361363,2,0,0.828710972160761,0,1
926,0,0.134605056151649,1,1,-0.773097328717347,1,0
927,0,0.051557378222545,0,0,-1.22371100151307,0,0
928,0,3.10454173104102,0,0,-0.167698879784428,0,0
929,0,0.940259620547295,0,0,-0.414668817260683,0,0
930,0,0.680616113764365,1,1,-1.50598330927804,1,0
931,0,0.321763167080904,1,1,-1.48063156198221,1,0
932,0,1.49049912322641,2,0,-0.819065400179258,0,0
933,0,0.225862906695221,1,0,-0.431586200178711,0,0
934,0,2.01112365610591,2,1,-0.385803926496232,1,0
935,0,0.319540711065333,2,0,0.091314920465531,0,1
936,0,0.462440333054099,2,1,1.12234754965331,1,1
937,0,0.195366413224241,1,0,0.882994078400418,0,1
938,0,0.0375850980025027,1,1,-0.521816508087138,1,0
939,0,0.397125294082671,0,1,0.280806841056879,1,1
940,0,0.0767481390171434,1,1,-0.598110374886536,1,0
941,0,2.01847474235865,1,1,-0.691647542206179,1,0
942,0,0.330607080891325,2,0,0.56972309482836,0,1
943,0,0.624946955451003,1,0,0.174272711489004,0,1
944,0,0.319438942013227,0,0,-0.80894951907695,0,0
945,0,1.96737630982872,1,0,0.307065716473609,0,1
946,0,1.28851138790809,2,1,0.762460354914267,1,1
947,0,1.04193637592663,2,0,-0.699644432462349,0,0
948,0,0.595600348982123,1,1,-0.407016724183568,1,0
949,0,4.59126561074121,2,0,-1.13296452024913,0,0
950,0,0.802889373931582,1,0,-1.08325466731055,0,0
951,0,0.669199750363391,1,1,2.16296280211844,1,1
952,0,0.609527792256223,1,1,-0.745557498147009,1,0
953,0,0.129657407240313,1,1,-0.344254826303582,1,0
954,0,0.0660876974826727,2,0,2.18655030909652,0,1
955,0,1.97127275653239,1,1,1.12742093328596,1,1
956,0,1.00837719921351,2,1,1.37371580955863,1,1
957,0,2.93689446061883,2,0,1.02490046395989,0,1
958,0,2.52112282441927,1,0,-0.514078527482287,0,0
959,0,3.61560687407168,2,0,-0.339374684319127,0,0
960,0,2.57695428107301,2,0,-0.805859162006596,0,0
961,0,1.38429365081494,2,0,-0.0385724328390792,0,0
962,0,6,0,0,-0.0648994398333478,0,0
963,0,0.607568125573168,1,1,0.185068652129962,1,1
964,0,0.457263886362822,1,1,0.181346959066708,1,1
965,0,1.18096338585019,0,0,0.0935112158874254,0,1
966,0,0.279923443735315,1,1,0.130776347467186,1,1
967,0,0.24395840054991,2,0,-0.261830240828979,0,0
968,0,0.300544866268565,2,0,0.269175696445373,0,1
969,0,0.0529217847882878,2,1,1.65786546901016,1,1
970,0,1.47442755318064,1,0,-0.378529881823947,0,0
971,0,0.287801808034434,2,1,-0.189198073702885,1,0
972,0,0.641028965076017,2,1,1.39157196602715,1,1
973,0,0.0101634470936439,1,1,-0.984226019934929,1,0
974,0,1.26695370915594,1,0,-0.264063900531515,0,0
975,0,2.35047122616191,1,1,0.979701725574782,1,1
976,0,0.235233409935223,1,0,1.11209302482521,0,1
977,0,1.31763566256295,2,0,0.624574070952174,0,1
978,0,3.15585904060777,2,0,0.41650735001872,0,1
979,0,1.0641655647471,1,0,-0.304251321284116,0,0
980,0,2.55230536710826,1,1,-0.558888908569147,1,0
981,0,0.402752770093493,1,1,-0.637497762546634,1,0
982,0,0.11483092327318,2,0,0.771463007714386,0,1
983,0,0.617414784978616,1,0,-1.00478920404107,0,0
984,0,0.442910766612464,1,1,0.641360749631003,1,1
985,0,0.113005852826077,2,1,2.77606407274794,1,1
986,0,0.5182813266094,2,1,0.172160059413025,1,1
987,0,0.386814835770673,1,1,-0.133086686846972,1,0
988,0,0.117375067044638,1,1,-0.91963698639913,1,0
989,0,0.429210340105819,1,1,2.04336572035659,1,1
990,0,0.00046359752022743,1,1,-1.62564728550673,1,0
991,0,0.124386404511551,2,0,-0.404048271713328,0,0
992,0,0.298987305746884,1,1,-0.115263689674844,1,0
993,0,2.50218979314833,1,1,0.476066278494951,1,1
994,0,0.517868402647359,0,0,0.17244696114654,0,1
995,0,0.352361596729055,1,1,-1.29273043071064,1,0
996,0,0.325710047889455,1,0,1.25603653049904,0,1
997,0,0.177527309084932,0,0,-1.25815208176868,0,0
998,0,0.144430479124725,1,1,-0.466785736723913,1,0
999,0,0.111899526849459,2,1,0.112094279552857,1,1
1000,0,1.16570730781255,1,1,-0.260786571684053,1,0
1001,0,1.05408837769226,2,1,-0.590290092220633,1,0
1002,0,0.222719615025392,1,0,-1.26198302783348,0,0
1003,0,0.0232695571523405,2,0,1.36587426463139,0,1
1004,0,0.776698507669117,1,0,0.272483818065533,0,1
1005,0,1.89110539970643,1,0,-1.49694726058116,0,0
1006,0,0.52902860926556,2,0,-0.250172024336547,0,0
1007,0,0.71772295050323,0,1,0.893260612887816,1,1
1008,0,1.65762920705332,2,1,-0.798668276435232,1,0
1009,0,0.595400829231191,1,0,-1.5079223549474,0,0
1010,0,0.101463587914855,1,1,-2.38203864518582,1,0
1011,0,2.48971814837427,1,0,-0.407939322474878,0,0
1012,0,0.367684066092156,2,0,-0.667727769575381,0,0
1013,0,3.57695883995964,1,1,-0.491402139491061,1,0
1014,0,1.89589575243493,0,0,0.317793578786196,0,1
1015,0,1.79319977854314,1,1,-0.198501410205718,1,0
1016,0,1.42906275124347,1,1,-0.633324818742168,1,0
1017,0,0.533979678560408,1,1,0.728770959433657,1,1
1018,0,1.40347247550396,1,0,0.353489301671733,0,1
1019,0,1.36918331678305,2,1,0.045619941408949,1,1
1020,0,0.0263228997142516,2,0,0.340688068793851,0,1
1021,0,0.0506994125174484,2,0,-0.396443628560632,0,0
1022,0,0.258496589267904,1,0,-1.60866192067067,0,0
1023,0,1.14905547942678,2,1,1.78392928211524,1,1
1024,0,2.1401613955136,2,0,0.792455410594606,0,1
1025,0,1.04215376540256,1,0,-1.09218952626318,0,0
1026,0,0.497603257086144,1,1,-0.776849950831217,1,0
1027,0,0.0592217873595011,1,0,-1.24900444119559,0,0
1028,0,1.36774875109088,2,0,1.43795162761403,0,1
1029,0,0.243353065840689,1,1,0.532411019876792,1,1
1030,0,2.34832003664221,2,1,-0.756643162218358,1,0
1031,0,0.861171279975173,1,0,-0.517451796963316,0,0
1032,0,2.17229192179458,1,1,-0.622378195066531,1,0
1033,0,0.197615671716712,2,1,0.359858242667248,1,1
1034,0,1.12325002047381,1,0,0.104855051662058,0,1
1035,0,1.12130036888023,0,0,0.584852656785812,0,1
1036,0,0.0568875488149502,1,0,-1.71253519846423,0,0
1037,0,1.23310561954634,1,0,-0.0579237616992257,0,0
1038,0,0.505953248931814,2,1,0.260950436548345,1,1
1039,0,0.309975243055547,1,0,0.536812738415224,0,1
1040,0,0.827064515402659,2,0,0.189781826603979,0,1
1041,0,0.322359835589137,2,0,-1.16947043285714,0,0
1042,0,1.05661305794903,2,0,1.18153020380554,0,1
1043,0,0.723587558677432,1,0,-0.672321805844308,0,0
1044,0,0.468113558607799,1,1,-0.0256016252605517,1,0
1045,0,0.0514087636453057,1,0,0.528088857225561,0,1
1046,0,0.435111333415375,2,1,1.09146517261366,1,1
1047,0,0.0439706136301334,2,1,2.87452555200697,1,1
1048,0,0.331017136066929,2,1,0.0976965091154855,1,1
1049,0,0.307599843169252,0,0,-0.0644300705310653,0,0
1050,0,5.03313143489351,2,0,0.204806108830008,0,1
1051,0,0.130034487094605,1,0,-0.0874151977113138,0,0
1052,0,3.16573654115025,1,1,-1.4607547649117,1,0
1053,0,0.542317227673192,1,1,1.36610199549332,1,1
1054,0,0.850904578207015,2,0,0.508246986511198,0,1
1055,0,0.781340648173968,1,0,-1.35012616950135,0,0
1056,0,2.39802161971417,2,0,-1.37354702915905,0,0
1057,0,0.146120938647827,1,0,-0.00778813533426672,0,0
1058,0,0.0985306665371173,1,0,-0.819194222427558,0,0
1059,0,0.0898302454268223,0,0,-0.235858976166,0,0
1060,0,0.395771202951207,1,1,0.179540530945509,1,1
1061,0,1.01944076802874,2,0,2.11955389431575,0,1
1062,0,0.0705633653114313,1,1,-0.496927823383984,1,0
1063,0,0.568296805946024,1,0,-0.326189476214272,0,0
1064,0,0.238147083725972,2,1,2.15804526785697,1,1
1065,0,1.69318820530892,1,0,0.0588143151132798,0,1
1066,0,1.56974023360945,1,0,1.32079140253469,0,1
1067,0,0.226322434585019,1,1,-0.718423940269073,1,0
1068,0,1.15143526494719,2,0,0.156195193010357,0,1
1069,0,1.30224947626537,1,0,-0.339898669908361,0,0
1070,0,3.1326415882116,1,0,0.36333356694234,0,1
1071,0,0.0854477310891567,2,1,2.19528411581977,1,1
1072,0,0.773265846098655,1,1,-0.188506470351516,1,0
1073,0,0.787049627889761,1,1,-0.51136781339764,1,0
1074,0,0.834621370939111,2,1,1.54796268554122,1,1
1075,0,0.99158861767683,1,1,-1.62636697503769,1,0
1076,0,1.32750976870423,1,1,-0.774497470158459,1,0
1077,0,0.790326740087387,1,0,-1.43312103617579,0,0
1078,0,0.204333843556212,0,0,0.27462003626659,0,1
1079,0,0.942515646909749,1,0,-0.892959277929551,0,0
1080,0,0.308709899214198,1,1,1.15866751429712,1,1
1081,0,0.169406594275749,0,1,-0.401614886807712,1,0
1082,0,1.12209375233165,1,0,-1.33236624526479,0,0
1083,0,0.435271110524405,2,1,0.427381840300364,1,1
1084,0,0.00884631777095535,0,1,1.6117578953345,1,1
1085,0,1.03087717839153,1,0,-0.552483627195108,0,0
1086,0,0.00239670746222991,1,1,-0.928292314418328,1,0
1087,0,0.0809653124948357,2,0,0.221058953238173,0,1
1088,0,0.254167004067103,1,0,-1.87878707650933,0,0
1089,0,3.9406555891037,0,1,0.0108170324945842,1,1
1090,0,0.207057055531831,1,1,-0.940129578389498,1,0
1091,0,1.59492625854909,0,1,0.690812673457741,1,1
1092,0,0.739784078158107,1,1,-0.824476008339621,1,0
1093,0,0.829332957014587,1,1,-0.367385334951159,1,0
1094,0,0.264339583140797,1,1,0.661976488805431,1,1
1095,0,0.0750632512128993,0,0,0.46375070564297,0,1
1096,0,0.261210712293784,0,1,0.103642400035253,1,1
1097,0,2.89160754099162,1,1,-1.45899305001805,1,0
1098,0,1.15159021025843,1,1,0.969414923076267,1,1
1099,0,0.363366768384973,0,1,0.304960941130368,1,1
1100,0,0.460410251508297,1,1,0.703906829448881,1,1
1101,0,0.927399655536267,2,1,1.22659960010494,1,1
1102,0,0.194986283552101,2,0,-0.921901715127394,0,0
1103,0,1.02547418946684,1,1,-0.112392456668295,1,0
1104,0,0.245010048374309,1,0,-0.835721837953972,0,0
1105,0,0.0589928262196344,1,0,-0.313169650517883,0,0
1106,0,0.0812392878349403,1,0,-0.916037019336771,0,0
1107,0,0.141597403712226,0,0,0.287241248979479,0,1
1108,0,0.781915903108561,2,0,1.41054178807741,0,1
1109,0,1.08012592506572,2,0,1.71945153454958,0,1
1110,0,2.15764703834866,2,0,0.930672687006818,0,1
1111,0,0.621486594700296,0,1,0.0223106620305285,1,1
1112,0,0.211932188967136,1,0,-0.690205586421545,0,0
1113,0,0.458833962315835,1,1,-1.62974157446203,1,0
1114,0,0.519030821020233,2,1,0.158247802973797,1,1
1115,0,0.296016783967768,1,0,-0.801389464538549,0,0
1116,0,0.140036925129,1,1,-1.1428117549623,1,0
1117,0,0.819001873430598,2,0,-0.869007808274745,0,0
1118,0,1.63489885812791,1,1,-0.0797492767066636,1,0
1119,0,0.292216886313136,2,0,0.61953509123253,0,1
1120,0,0.48333159675869,2,0,2.70310797388622,0,1
1121,0,0.260723593825383,2,0,0.533678178112438,0,1
1122,0,0.10485392392137,0,0,0.058456850167117,0,1
1123,0,1.34222929906349,0,0,-0.48097828169488,0,0
1124,0,0.738421283922999,1,1,-1.2676574240717,1,0
1125,0,1.01512197094659,0,0,-0.327163042445253,0,0
1126,0,1.94654109930989,2,0,-0.343972705658439,0,0
1127,0,0.685129731218852,1,0,-1.28265907321187,0,0
1128,0,0.170171987318489,1,1,0.164897136404728,1,1
1129,0,0.743295112115765,2,0,0.545136727794945,0,1
1130,0,0.505087217316031,0,0,1.93073347390888,0,1
1131,0,0.51114653565007,1,0,-0.378497406371408,0,0
1132,0,0.00793714136933759,2,1,1.50902059866292,1,1
1133,0,0.0868064055836587,1,0,0.490361266063044,0,1
1134,0,0.585083452667831,1,0,0.399061675572508,0,1
1135,0,0.907668570677439,0,1,-0.914179727859123,1,0
1136,0,1.25571967544827,1,0,0.402010691543433,0,1
1137,0,0.760772340061459,1,0,-1.6438002053547,0,0
1138,0,0.0106904165115788,2,1,2.15707614245077,1,1
1139,0,1.02710649386454,2,0,0.574422757802347,0,1
1140,0,0.42528907553064,2,1,2.1557439665063,1,1
1141,0,0.0135494545919632,1,0,-0.669015895396894,0,0
1142,0,0.513051707031814,2,1,1.61339435241829,1,1
1143,0,0.407662283369108,2,1,0.0802604606129743,1,1
1144,0,1.72630474736351,1,0,-0.0798873048597885,0,0
1145,0,0.521090390781562,0,0,0.874649804508372,0,1
1146,0,1.49710581469181,1,0,-0.0477404424601552,0,0
1147,0,0.9212289764358,2,0,0.749060742891327,0,1
1148,0,0.232616946459167,1,1,-0.0495718906293698,1,0
1149,0,0.535991062961272,1,1,-0.332151868834331,1,0
1150,0,0.341083797284871,2,0,-0.812509870710102,0,0
1151,0,0.194228743652638,1,1,0.276268305716887,1,1
1152,0,6,0,0,-0.989001595763647,0,0
1153,0,0.117355547536929,2,0,0.64876443960034,0,1
1154,0,0.307604565254801,2,1,0.227489232223384,1,1
1155,0,0.156996178915771,2,0,0.808018056287368,0,1
1156,0,0.280813145891789,1,1,1.01136618967205,1,1
1157,0,0.160364409099595,1,0,-0.106657983554049,0,0
1158,0,1.43052820856765,1,0,-1.01963757835171,0,0
1159,0,1.02653135331934,0,0,0.948189666115207,0,1
1160,0,0.920163795879011,1,1,-0.307215890475627,1,0
1161,0,0.287922805454602,0,0,0.971346136369386,0,1
1162,0,0.484418646862426,1,1,-0.758263738318077,1,0
1163,0,0.365304466020754,2,0,1.67266224390512,0,1
1164,0,6,0,0,-1.5882958048598,0,0
1165,0,0.103987866998912,1,1,1.50131700391504,1,1
1166,0,0.41819740463469,2,1,1.57757808419305,1,1
1167,0,0.31397175528192,2,0,-0.293718326436872,0,0
1168,0,0.855898310623945,2,1,0.788723274429508,1,1
1169,0,1.37562777387027,2,0,-0.00570833920241312,0,0
1170,0,0.0168013714478191,2,0,1.5273722347797,0,1
1171,0,0.613891804638253,1,1,0.0634831872384655,1,1
1172,0,0.600396405004312,0,0,-0.614473269235016,0,0
1173,0,0.273481666410977,1,0,-1.1740500457718,0,0
1174,0,0.578036295216491,1,1,-0.229358599753894,1,0
1175,0,0.298226938904022,1,0,-0.00548229754971932,0,0
1176,0,1.61511697367723,1,1,0.243249684495886,1,1
1177,0,0.803370027433931,1,1,-1.32483491663953,1,0
1178,0,0.196280851874118,1,0,-1.41364743752517,0,0
1179,0,1.66205511370277,1,0,-1.16825549772117,0,0
1180,0,0.165589563685139,2,1,1.00484474631123,1,1
1181,0,1.57458890070309,1,1,-0.169535515465489,1,0
1182,0,0.994425576896014,2,0,-0.0672445049096965,0,0
1183,0,2.05647875067363,1,1,-0.582166166958731,1,0
1184,0,0.0172556342529098,1,0,-1.3554585248517,0,0
1185,0,2.12193814569864,2,0,-0.569098214553458,0,0
1186,0,0.168005704376585,0,1,-0.877368392187541,1,0
1187,0,1.95155246127587,2,0,0.38462409857301,0,1
1188,0,0.0810051119575898,0,1,0.515678680582683,1,1
1189,0,1.70236370576025,1,0,0.155677740591227,0,1
1190,0,0.215761294922715,2,0,0.973143370103747,0,1
1191,0,1.26522481315465,1,0,0.649764219072128,0,1
1192,0,0.106013430402334,2,1,0.775062290129011,1,1
1193,0,0.877867852740319,1,0,-0.660079539686677,0,0
1194,0,1.19927234405026,1,1,0.985059096329917,1,1
1195,0,0.0763112052627038,2,1,1.32687074017104,1,1
1196,0,0.203366891170541,0,1,-0.721034599255122,1,0
1197,0,0.723428114989381,2,1,-1.20002040261323,1,0
1198,0,0.609196485695765,1,0,0.000700953573895276,0,1
1199,0,0.520026892892696,1,1,1.73428400474095,1,1
1200,0,1.20642843834755,1,1,0.601243544514698,1,1
1201,0,3.47257914642493,0,0,-0.34966122527266,0,0
1202,0,0.684760730783505,2,0,0.124828705515303,0,1
1203,0,0.382375482209561,1,0,-0.983244179154872,0,0
1204,0,1.01367906806798,2,1,0.39405141951204,1,1
1205,0,0.956664022616114,2,0,-0.262152165347008,0,0
1206,0,0.850090233409332,2,1,0.442947694862443,1,1
1207,0,0.774134988639129,2,1,1.21877747333556,1,1
1208,0,0.309836289033141,1,1,-0.0302620296560236,1,0
1209,0,1.25074494445272,2,0,-0.145470682750204,0,0
1210,0,0.435341256542167,2,1,1.08217449694312,1,1
1211,0,3.10409969021345,2,1,0.360797842937966,1,1
1212,0,0.0834039412438869,0,0,0.26418911365665,0,1
1213,0,1.59855017173723,2,0,0.18619598671525,0,1
1214,0,0.24888566658964,1,0,1.11751699957192,0,1
1215,0,0.227696604752678,1,1,-2.11909292410958,1,0
1216,0,0.104644812946729,1,0,0.186001188080206,0,1
1217,0,0.88840805436791,1,0,-0.400719911049476,0,0
1218,0,0.795813871481902,1,1,-0.766038114877482,1,0
1219,0,0.00601596769072672,1,1,-1.88337745200378,1,0
1220,0,0.551779486820967,2,0,2.42608421834094,0,1
1221,0,0.847450814535105,1,0,0.603907467497858,0,1
1222,0,0.275928903770861,1,1,-0.424339881812529,1,0
1223,0,1.09578866184655,1,1,0.0205033903824091,1,1
1224,0,0.137273295360441,1,1,-0.424237600867374,1,0
1225,0,1.16160988430686,1,0,0.919772857257555,0,1
1226,0,0.231033350022009,0,1,0.382623773161004,1,1
1227,0,0.242149356641636,1,0,0.6717143731519,0,1
1228,0,2.21820880848754,1,0,-1.34875328890322,0,0
1229,0,0.0583607107193992,1,0,-0.224081267318548,0,0
1230,0,0.757291993848114,1,1,-1.14094043884339,1,0
1231,0,1.02777237149174,1,1,0.246731307382456,1,1
1232,0,0.147800690975565,1,0,-0.50055236214899,0,0
1233,0,0.704651028128627,2,0,1.47534671924279,0,1
1234,0,0.259628543134106,1,0,-0.0135027420784955,0,0
1235,0,5.41512919916194,1,0,-0.0918668910757379,0,0
1236,0,0.945650297342434,0,0,1.00116024188419,0,1
1237,0,0.0432326076934228,1,1,-1.69372221735882,1,0
1238,0,2.36676602696422,1,1,-0.422353645661371,1,0
1239,0,0.20765132593157,1,1,-0.592727136359249,1,0
1240,0,0.00718926501908406,1,1,-0.25225649271881,1,0
1241,0,1.97312340587432,1,1,-2.83643014681932,1,0
1242,0,1.85318503715085,1,1,-0.584340396374029,1,0
1243,0,0.294572169936679,1,1,-1.18684148622832,1,0
1244,0,0.067104365631733,1,1,-0.381784594283647,1,0
1245,0,2.20141063720273,2,0,0.577940850231751,0,1
1246,0,0.0698714161727032,1,1,-0.621873553276601,1,0
1247,0,0.743898078121302,1,0,-0.793375056486798,0,0
1248,0,1.2787165458238,1,1,-0.275245530207044,1,0
1249,0,0.836071198922974,1,1,-0.953064627584123,1,0
1250,0,1.02618434658519,2,1,-0.230617893829733,1,0
1251,0,0.415282883933874,1,1,1.90940546935046,1,1
1252,0,1.18244849065422,0,0,-1.26117125904275,0,0
1253,0,0.835745468391407,1,1,-0.0461383312115198,1,0
1254,0,0.436022652843421,1,0,-0.240985005847895,0,0
1255,0,0.109190192799185,1,1,0.494971995150367,1,1
1256,0,0.0927569289953404,1,1,-2.28854367124455,1,0
1257,0,0.14850616499994,1,0,0.220842613078375,0,1
1258,0,0.548665806186682,1,0,-1.5720323693436,0,0
1259,0,0.264500345656303,1,0,0.00739949678841017,0,1
1260,0,0.893008373781251,2,0,0.557516907833294,0,1
1261,0,1.38382796726741,0,0,-0.605041311480337,0,0
1262,0,2.69224650230265,1,1,-0.415703882843146,1,0
1263,0,0.148077439516783,0,1,-1.35280504047936,1,0
1264,0,0.409640820138692,1,0,-1.85264005042106,0,0
1265,0,2.12559122976437,0,0,-0.907556902486907,0,0
1266,0,3.71278372870304,2,1,0.512277210024422,1,1
1267,0,0.956688345342921,1,0,0.245572587891025,0,1
1268,0,2.19511892975526,1,1,-1.28461566608347,1,0
1269,0,1.41004770054595,1,0,0.445868164770142,0,1
1270,0,0.772712578400233,1,0,1.49494807934818,0,1
1271,0,0.781337660849097,0,0,-1.16599119650625,0,0
1272,0,0.622122103786111,1,1,1.19212472074741,1,1
1273,0,0.130096329330812,2,1,1.99174890517566,1,1
1274,0,0.0814532299028232,1,1,-0.471718648366532,1,0
1275,0,0.437962292838293,1,0,-0.794789684256368,0,0
1276,0,0.45117225497961,0,0,0.0744663760120301,0,1
1277,0,1.16200697918733,0,0,-1.1782835129751,0,0
1278,0,0.103168942111424,0,1,0.677575369134454,1,1
1279,0,0.25572940972309,1,1,-0.276241043552876,1,0
1280,0,0.882846266878315,1,1,-0.0359713136035948,1,0
1281,0,0.304598483579113,2,1,0.311857936958164,1,1
1282,0,0.676644329054308,1,0,1.47931920706387,0,1
1283,0,0.533311274589618,2,0,0.872910723212142,0,1
1284,0,0.687891950723875,2,1,1.2872961035257,1,1
1285,0,1.06903969548,2,0,-1.53856661089934,0,0
1286,0,0.118987505397306,1,1,-0.0973170895975202,1,0
1287,0,0.233958104881962,2,1,0.251589797295472,1,1
1288,0,0.26583551739653,0,0,0.206143425600929,0,1
1289,0,0.0135393691348839,2,1,2.99252002572924,1,1
1290,0,0.0575469899907624,1,1,-0.28969896125419,1,0
1291,0,0.408808529523993,1,1,-1.39056313527878,1,0
1292,0,0.526274538100159,2,0,-0.0173002438467204,0,0
1293,0,0.0610439241466487,2,1,0.434074844211038,1,1
1294,0,1.18833725716745,1,1,1.05814907912049,1,1
1295,0,0.653270497974756,2,0,1.78148662058015,0,1
1296,0,0.537809025074893,1,1,-0.059784051437345,1,0
1297,0,0.0118536838876916,1,1,-1.02409979965723,1,0
1298,0,0.435417616932226,2,0,-0.0603488824519303,0,0
1299,0,0.115235579896157,2,0,0.738769853239512,0,1
1300,0,0.0159083876683459,1,1,-1.35656132728705,1,0
1301,0,0.272230453168352,0,0,0.148110051717167,0,1
1302,0,0.69965643112562,1,0,0.379282311658967,0,1
1303,0,0.146357971538296,1,1,-0.772181372140089,1,0
1304,0,0.420765206217766,0,1,-0.0359024935709214,1,0
1305,0,0.0595128320366589,1,1,-1.25090569638234,1,0
1306,0,1.81893140180882,1,0,-1.06294115070713,0,0
1307,0,2.75435107016742,2,0,-0.270494367287695,0,0
1308,0,0.94212032338418,1,0,-1.11824881491386,0,0
1309,0,0.00528110855822229,1,0,0.290879495882304,0,1
1310,0,0.0618601864699022,0,1,0.107147195145251,1,1
1311,0,0.55980016477406,0,1,-0.905098814030562,1,0
1312,0,0.418710118163448,2,1,3.50233110640689,1,1
1313,0,0.241180810028956,1,1,-0.669593525351899,1,0
1314,0,1.72405719566144,1,1,0.0627800538979928,1,1
1315,0,0.579869490183713,1,1,0.878513234670148,1,1
1316,0,0.662287823530482,1,0,0.373255198462159,0,1
1317,0,1.24775623955405,1,0,0.128673128906416,0,1
1318,0,3.06973847030784,2,1,-0.780889237615258,1,0
1319,0,3.02998424197237,0,1,-0.118813730857518,1,0
1320,0,0.660052305708329,0,0,-0.322270509360803,0,0
1321,0,1.04477684544882,1,1,-0.530566376609274,1,0
1322,0,1.42847708160473,2,1,-0.501396614125708,1,0
1323,0,0.154455743963942,2,1,0.0149640506143733,1,1
1324,0,2.87637259185675,2,0,-0.0110082765196987,0,0
1325,0,0.729906658896395,2,0,-0.701566198111148,0,0
1326,0,3.75451836094279,2,0,0.378852398690875,0,1
1327,0,0.0645144953773886,1,1,0.824870609686638,1,1
1328,0,0.916678324962656,0,0,-1.23717285420634,0,0
1329,0,0.720731550062334,1,1,1.31039704675787,1,1
1330,0,2.01186339756222,2,0,1.64633922125277,0,1
1331,0,0.0171657355531264,2,1,1.21295410000644,1,1
1332,0,0.59057279298721,1,1,0.368880256774359,1,1
1333,0,0.548487774691208,1,1,1.16492344367707,1,1
1334,0,1.106059768641,2,0,0.807150385161946,0,1
1335,0,2.73738060332843,2,0,0.698029099285996,0,1
1336,0,0.844398799921129,1,1,-0.441479654590568,1,0
1337,0,2.6687299799616,2,0,0.805392610231606,0,1
1338,0,3.07158517541909,1,1,1.39545277662887,1,1
1339,0,0.585280427293695,1,1,0.690056406879781,1,1
1340,0,0.904176170869285,1,1,0.869389775662491,1,1
1341,0,0.785441809990071,1,0,1.2056232658661,0,1
1342,0,1.21131633186485,0,1,-0.0104408532133603,1,0
1343,0,0.321028719456896,1,1,1.84276172832324,1,1
1344,0,0.5020270529968,1,1,-1.28580908411392,1,0
1345,0,0.305931632758491,1,1,2.483211044315,1,1
1346,0,1.2514968391983,2,0,-1.25006799029004,0,0
1347,0,1.75015381716665,2,0,0.504454611853195,0,1
1348,0,2.95178557788755,2,1,-0.656926786676895,1,0
1349,0,0.430030452520768,1,1,0.516835314838608,1,1
1350,0,1.23112623269359,0,1,2.23503908037301,1,1
1351,0,0.445351621146764,2,1,0.354618619427551,1,1
1352,0,0.441403070507323,0,1,1.82910726920447,1,1
1353,0,0.0549273596455654,0,1,-0.855163637140062,1,0
1354,0,1.36482307388901,0,0,0.176231480881665,0,1
1355,0,0.643238004352483,2,1,0.505759544164263,1,1
1356,0,0.033827173023567,0,1,0.575855540998597,1,1
1357,0,0.152310185780756,1,1,0.399654235473552,1,1
1358,0,0.0517144049487111,1,0,-1.66302751189032,0,0
1359,0,1.28935655889412,0,1,-1.78508843084209,1,0
1360,0,0.338622735192378,0,1,-1.5579406862241,1,0
1361,0,0.208090754646033,1,0,-3.24578538458192,0,0
1362,0,0.962969937033947,1,1,0.640489822398376,1,1
1363,0,0.130576850334378,2,0,1.23223535787831,0,1
1364,0,0.211155633286423,1,1,0.723032991285946,1,1
1365,0,2.14766681194305,0,1,-0.128402646300137,1,0
1366,0,2.82119786123548,1,1,1.63280962893967,1,1
1367,0,1.95584965994067,2,1,0.282200811927183,1,1
1368,0,0.348512570309464,1,1,-0.517801430511972,1,0
1369,0,0.218368858072704,1,0,-0.499201129669589,0,0
1370,0,1.61290593941724,2,0,-0.156386751124991,0,0
1371,0,0.0641128144835174,1,1,0.162584478754803,1,1
1372,0,0.57849704296786,2,1,0.994870319200268,1,1
1373,0,0.909101583974364,1,1,-0.0765014037153764,1,0
1374,0,1.03292557007865,1,1,-0.530729268186291,1,0
1375,0,2.22821847705167,2,0,-0.333851857712222,0,0
1376,0,1.86064881326431,2,0,1.58375669371975,0,1
1377,0,1.85798288968512,1,1,-0.882358157675277,1,0
1378,0,1.81822098350451,1,0,1.56804876339021,0,1
1379,0,3.40567579074069,2,1,-0.102549964160455,1,0
1380,0,0.779693966805289,1,0,-0.0667996716820779,0,0
1381,0,0.329956238468488,0,1,-1.0310025576398,1,0
1382,0,0.307427613892187,1,1,-0.372223511403011,1,0
1383,0,0.120050189773828,2,1,0.668930137414185,1,1
1384,0,1.55912137761459,2,1,1.12621071041321,1,1
1385,0,0.680307980212318,1,0,-0.787182413612866,0,0
1386,0,4.64334982160944,2,0,0.505780506058709,0,1
1387,0,2.16256531134457,1,1,1.30215174768248,1,1
1388,0,0.574588907255993,2,1,-0.144256038116677,1,0
1389,0,0.377477185850122,2,1,0.91052387569385,1,1
1390,0,1.38516254781518,2,0,-0.896594986041286,0,0
1391,0,0.854850854214685,1,0,-0.385080264151631,0,0
1392,0,0.808536719219425,1,0,0.0353250169592292,0,1
1393,0,0.600013811351969,1,0,0.716837073312598,0,1
1394,0,0.997429090992225,1,0,0.556975847623824,0,1
1395,0,0.0214534532278776,0,1,0.477847876265999,1,1
1396,0,2.7394910970122,2,0,0.633047706865372,0,1
1397,0,0.373633103942576,1,0,-1.0093148574189,0,0
1398,0,0.763557064229553,1,1,0.372923590605664,1,1
1399,0,2.21185996843226,2,0,0.897903887880617,0,1
1400,0,0.729059506903315,2,0,0.0968453303702259,0,1
1401,0,0.236456982516064,1,1,-0.559087363757728,1,0
1402,0,0.130808618862859,1,1,-0.266158045982395,1,0
1403,0,0.338381015798955,2,1,0.649825649120573,1,1
1404,0,3.28010608579866,2,0,-0.0811585502483678,0,0
1405,0,0.161731382955965,2,0,0.563644591140365,0,1
1406,0,1.53839605470353,1,1,-0.590094249365286,1,0
1407,0,1.21976821528208,1,1,1.29465698296127,1,1
1408,0,0.366416265568585,1,1,-0.354405053069177,1,0
1409,0,0.446923494520825,1,1,0.106612017654468,1,1
1410,0,0.172918726481609,1,1,-0.713135727566283,1,0
1411,0,1.66238663470107,2,0,-0.898876282372906,0,0
1412,0,0.143322981781441,1,1,0.341152598983716,1,1
1413,0,1.42264420342156,2,0,-1.21179817709061,0,0
1414,0,0.260320043055002,2,0,0.0543604013362349,0,1
1415,0,0.671063270169201,1,1,0.247990814558548,1,1
1416,0,1.82129903342333,2,0,-0.211156594197311,0,0
1417,0,0.432948365361154,2,1,0.79232226890304,1,1
1418,0,0.503573387204964,2,1,0.375508240001506,1,1
1419,0,0.0257428780059125,1,0,0.465898927296441,0,1
1420,0,1.72724907685425,2,0,0.293984214593237,0,1
1421,0,0.558290232533126,1,1,1.47139207798812,1,1
1422,0,0.216650434404736,2,0,-0.145878577126028,0,0
1423,0,0.147260489666528,1,1,0.413366924315248,1,1
1424,0,1.47789933060163,1,0,-1.42067769516808,0,0
1425,0,0.357024905126784,1,0,0.32404798047863,0,1
1426,0,2.37464601025237,1,0,-0.167008211885305,0,0
1427,0,0.0537647847226757,2,1,-0.666237518248043,1,0
1428,0,0.119225504805312,1,1,0.983809785335532,1,1
1429,0,0.641029969527961,1,1,0.337861659889193,1,1
1430,0,0.187507997830552,2,0,1.09926232454051,0,1
1431,0,0.118972417152909,1,1,-0.460750055265008,1,0
1432,0,0.236096106853166,1,1,-2.26109700594161,1,0
1433,0,0.479439089931471,2,1,-0.169006244560684,1,0
1434,0,0.119746023168166,0,1,-0.796986336543608,1,0
1435,0,0.263016167110374,1,1,0.183791913314645,1,1
1436,0,0.835227970741502,2,0,0.362191024721362,0,1
1437,0,0.021692571190646,0,1,0.555165368689652,1,1
1438,0,0.141500748714253,1,0,0.15059655442349,0,1
1439,0,0.0642960958161689,0,1,1.17389209278946,1,1
1440,0,0.570590477691157,1,0,-0.788092404452851,0,0
1441,0,0.629239368286773,1,1,-0.082209328743737,1,0
1442,0,0.483147778237859,0,0,0.18331384570775,0,1
1443,0,0.00648563577416479,0,1,-1.21701751888916,1,0
1444,0,1.78714502451759,1,0,1.46498195498512,0,1
1445,0,0.758468192222259,1,0,-0.114605443815864,0,0
1446,0,1.00243173811899,1,0,-0.424753061430398,0,0
1447,0,0.351994239620666,2,1,1.31493846859586,1,1
1448,0,0.265468745836703,1,1,-0.446256655012804,1,0
1449,0,1.41721095163176,1,1,1.25575043485449,1,1
1450,0,2.73314924846031,2,1,0.897891084783107,1,1
1451,0,0.115548891361204,1,0,0.260725875018853,0,1
1452,0,0.327121265838835,1,1,-0.361520457554433,1,0
1453,0,0.721583761205965,1,1,-1.93067358793265,1,0
1454,0,0.212717965422605,1,1,-0.234765013745608,1,0
1455,0,2.53597355065687,0,1,-0.766169869289124,1,0
1456,0,1.43773932496241,1,0,-1.35275180293248,0,0
1457,0,0.10109139319093,2,0,-1.02947279794943,0,0
1458,0,0.330791704368983,1,0,0.123524296117784,0,1
1459,0,0.0142507706459315,2,1,-0.0971581685122318,1,0
1460,0,3.58315617710301,2,0,-0.143462960535488,0,0
1461,0,0.178495967856506,2,0,1.71415245837781,0,1
1462,0,0.479522314937476,1,0,-0.191455261398536,0,0
1463,0,0.984354106037416,1,0,0.817313868739989,0,1
1464,0,2.51923994358782,1,1,-1.85738285530562,1,0
1465,0,0.456896899203747,1,0,-0.309892982691948,0,0
1466,0,0.330331637734995,2,0,-0.145661467243331,0,0
1467,0,0.769186546971302,2,1,0.478545367738604,1,1
1468,0,0.375353868936107,2,0,0.69311307989174,0,1
1469,0,0.458553493754869,1,0,1.05087174701961,0,1
1470,0,3.67661905785402,0,0,-1.22173202225453,0,0
1471,0,1.567968267167,2,0,0.636337377203561,0,1
1472,0,1.11552514787494,1,0,-1.1312162011763,0,0
1473,0,1.7546033798137,2,0,-0.447741352089576,0,0
1474,0,0.000415362314213926,1,1,-1.10002770268864,1,0
1475,0,0.0651295547173714,1,0,-0.63136562827796,0,0
1476,0,1.10901627532303,0,0,1.48352239960584,0,1
1477,0,0.216182344423645,2,1,0.321395308879106,1,1
1478,0,0.45571865038687,2,0,-0.134327706175105,0,0
1479,0,0.0745191168731389,1,1,-1.09728838314775,1,0
1480,0,0.265355815230407,2,0,0.862428181459131,0,1
1481,0,0.0581089593767432,1,1,0.029136540538277,1,1
1482,0,0.055700740801999,1,1,1.03509261107168,1,1
1483,0,0.240357460985362,2,0,0.187522570171234,0,1
1484,0,0.0419839555194251,2,0,1.81354434852887,0,1
1485,0,1.02426051831097,1,1,-0.288349056653055,1,0
1486,0,0.681473128666055,1,0,0.30321882666546,0,1
1487,0,2.04233705216517,0,1,-0.512420071330516,1,0
1488,0,0.103766172802019,1,0,1.31907896514163,0,1
1489,0,0.125811325670095,2,0,0.810855997458101,0,1
1490,0,0.143269601439993,1,0,-0.933921570296535,0,0
1491,0,0.924431874724803,2,0,0.0666193230001373,0,1
1492,0,0.158281479273462,1,0,-1.75943014160057,0,0
1493,0,0.273953145418058,1,1,0.619529128560907,1,1
1494,0,0.598335767379584,2,1,-0.284861284857019,1,0
1495,0,0.260480713948382,1,1,0.271084113590285,1,1
1496,0,0.0957472154091318,1,1,-0.260056751169925,1,0
1497,0,0.267556090744223,1,1,0.5535311983127,1,1
1498,0,0.00940226511466256,1,0,-0.576902848709648,0,0
1499,0,1.49364928043641,2,0,1.17744536876516,0,1
1500,0,2.64370853538045,1,0,0.951205340211339,0,1
1501,0,0.651785995347331,1,1,0.452347364921061,1,1
1502,0,0.126300904498446,0,0,-0.497715548610814,0,0
1503,0,0.114280995560582,1,1,-1.31568943251916,1,0
1504,0,0.479184249367938,2,1,0.771506437323436,1,1
1505,0,0.663375432659592,1,1,0.755868663725126,1,1
1506,0,0.336540064975801,1,0,-1.45351249549524,0,0
1507,0,0.212819333646659,0,1,1.32484868187436,1,1
1508,0,0.270972748302051,1,1,0.138852257366735,1,1
1509,0,0.107481092282383,2,1,2.18607189249622,1,1
1510,0,0.47705160275525,1,1,-0.897398867874392,1,0
1511,0,1.39217549374301,1,1,1.77905643384592,1,1
1512,0,1.88333477422186,2,1,1.29011792269209,1,1
1513,0,0.409723355081978,1,0,-1.24983846371977,0,0
1514,0,0.60971652525683,1,0,0.526486950378193,0,1
1515,0,0.354436183813195,1,1,-0.235923483775181,1,0
1516,0,0.453821392357592,2,0,0.856442679420258,0,1
1517,0,1.06879499000775,1,1,0.187635072867187,1,1
1518,0,0.815269257181308,2,1,0.0864135881529204,1,1
1519,0,0.0313451298874327,1,0,-2.34827271898321,0,0
1520,0,0.294087224465247,1,0,-0.641341595026866,0,0
1521,0,0.978024358922823,1,1,1.39224781955774,1,1
1522,0,0.0720027979779437,2,1,0.112932981583893,1,1
1523,0,0.226791924778445,1,0,-1.31215192336064,0,0
1524,0,0.28256299982616,2,1,0.665205358693784,1,1
1525,0,1.9208639768654,0,1,0.923336273334343,1,1
1526,0,0.418943203580251,1,1,-0.415496966939137,1,0
1527,0,0.182024074072729,1,1,-0.136090556744523,1,0
1528,0,0.623902041389816,0,1,1.59303197495073,1,1
1529,0,1.80831794937452,0,0,0.977158548888662,0,1
1530,0,0.011413274332881,0,1,2.48663523349566,1,1
1531,0,1.35441158799958,2,0,1.73197833130352,0,1
1532,0,1.0849878445423,1,1,-1.4712133423054,1,0
1533,0,0.140375273913317,2,1,0.30769458356592,1,1
1534,0,1.4087186811265,2,0,0.349924746821298,0,1
1535,0,0.653549587272962,2,1,-0.515203845539234,1,0
1536,0,3.53791451892478,2,0,-0.486080268838902,0,0
1537,0,0.393587035441359,2,0,-2.13846276420898,0,0
1538,0,0.263759664430971,1,1,-0.34109141618565,1,0
1539,0,0.0159645438219098,1,0,-0.458328714826748,0,0
1540,0,2.56103513519377,2,0,0.306870174359575,0,1
1541,0,2.99727899953723,0,0,0.602542056921438,0,1
1542,0,3.88580561458252,2,0,-0.238204001508383,0,0
1543,0,0.577927201711974,1,1,-1.67372020141695,1,0
1544,0,4.92634924349183,2,0,-1.03058718733625,0,0
1545,0,0.0188219853294597,1,0,-2.06154202815114,0,0
1546,0,0.694057953215187,2,0,-0.226964254406576,0,0
1547,0,1.78581235592247,1,0,0.837565315629861,0,1
1548,0,2.14689596253554,1,0,-0.171843485824326,0,0
1549,0,2.10455245473179,2,1,0.170420123692974,1,1
1550,0,0.564345933809733,1,0,-1.36871375322575,0,0
1551,0,0.101497603022287,2,1,0.375176951154848,1,1
1552,0,0.168574448745188,0,0,1.48802726834649,0,1
1553,0,0.116541543975472,0,0,-0.1662574902012,0,0
1554,0,0.0761334630594536,1,0,-0.226507146095179,0,0
1555,0,0.728207479873785,1,1,-0.194847171549435,1,0
1556,0,0.213965452790788,1,1,0.524037432527611,1,1
1557,0,0.687590777071102,1,1,-1.08632680453014,1,0
1558,0,2.52012516437013,0,0,-2.53937265762162,0,0
1559,0,0.0373816634033467,1,0,0.00962196416811687,0,1
1560,0,0.14530490189699,2,0,0.873640569015192,0,1
1561,0,0.13587976356775,1,0,-1.19048798055711,0,0
1562,0,0.801458236860405,1,1,-0.932336141172211,1,0
1563,0,2.43181943659433,1,0,-0.689364995453331,0,0
1564,0,0.27082636368175,1,1,-0.196169893694768,1,0
1565,0,0.407062781277317,2,1,0.360243967354739,1,1
1566,0,1.43352725161385,1,0,-0.792258016204445,0,0
1567,0,0.251983137050173,1,1,-0.0430512256332848,1,0
1568,0,0.00526094592929627,0,1,0.465786721886881,1,1
1569,0,0.355666246709026,2,1,1.05887635675045,1,1
1570,0,1.26372255074481,0,0,-0.229616652083174,0,0
1571,0,0.532333828453587,1,1,0.771388066499472,1,1
1572,0,0.0974550494601021,2,0,-0.13390995552011,0,0
1573,0,0.590254092481448,1,1,-0.201435587770836,1,0
1574,0,0.877007509892186,0,0,-0.255239489384135,0,0
1575,0,0.201394670423136,1,1,1.33320639719724,1,1
1576,0,0.458884538681076,1,0,0.157073930267535,0,1
1577,0,0.707401009276509,0,0,0.915666593349169,0,1
1578,0,0.944823403562399,1,0,-0.0944595308267831,0,0
1579,0,0.0610502188961135,1,1,1.15574874956926,1,1
1580,0,0.0288957770829175,1,0,0.0535951001156546,0,1
1581,0,0.0570234004408121,0,1,-0.553355708403637,1,0
1582,0,0.996681963393232,1,1,-0.239572669563344,1,0
1583,0,0.114703715574688,0,1,1.74082992607509,1,1
1584,0,0.562120572112215,2,1,-0.566027496832998,1,0
1585,0,4.07851957971219,0,0,-1.22692878819485,0,0
1586,0,1.09342027099525,2,0,-0.380932048984137,0,0
1587,0,0.112174540306643,1,0,-0.58120803852636,0,0
1588,0,0.328436703637174,1,1,-0.681349783254454,1,0
1589,0,0.478845625016996,1,0,-0.240594884539789,0,0
1590,0,0.166170112651478,2,1,0.310527156890991,1,1
1591,0,0.385386693242804,1,1,-1.47588234591912,1,0
1592,0,1.04967496100215,1,0,-1.80796448078026,0,0
1593,0,3.46996856421627,2,1,0.495978174021218,1,1
1594,0,1.9750839916207,1,1,-0.551210816862811,1,0
1595,0,0.341107746676664,2,1,0.0653024400146242,1,1
1596,0,2.04123689529521,1,1,-0.634558177271922,1,0
1597,0,0.294659386421546,2,1,0.447672938262459,1,1
1598,0,1.25285573196341,2,0,0.348601429084763,0,1
1599,0,1.31790079068287,1,1,0.296024891641079,1,1
1600,0,3.06530797695484,2,0,0.0144169081263215,0,1
1601,0,0.20828058452738,2,1,0.428973085940464,1,1
1602,0,1.1456372619917,0,0,-0.320092025474769,0,0
1603,0,0.0816668181226967,0,1,1.84926436353379,1,1
1604,0,0.928578025988537,0,1,-1.02235837629556,1,0
1605,0,0.581901859890442,1,0,0.268633277543555,0,1
1606,0,2.55035544656361,1,1,-0.0288925477338366,1,0
1607,0,1.07891852593642,2,0,-0.597340040338164,0,0
1608,0,0.0819105251324361,1,1,-0.470362712502941,1,0
1609,0,1.66807765840199,1,0,-0.7043176143384,0,0
1610,0,0.241529907019381,1,0,-0.630367880890258,0,0
1611,0,0.207212189570228,1,1,-0.191674113696255,1,0
1612,0,0.108099319040775,0,1,0.898426391126583,1,1
1613,0,0.76450941494036,1,0,-0.42846235651861,0,0
1614,0,1.24009538580334,1,1,-0.251153239204796,1,0
1615,0,0.0605820567897634,1,0,0.583117901278518,0,1
1616,0,0.630490469906452,2,0,-1.59717058825669,0,0
1617,0,0.843030409185321,1,1,0.943732358091118,1,1
1618,0,1.47151761108863,1,0,0.137094474926579,0,1
1619,0,0.280808999004656,1,1,0.757338703919062,1,1
1620,0,0.21185702813556,1,1,0.343794684549361,1,1
1621,0,5.33260250186575,2,0,-0.370062825108243,0,0
1622,0,6,0,0,-0.950253434438818,0,0
1623,0,2.29979501805719,1,0,-0.882087410935563,0,0
1624,0,1.13194947631071,2,0,-0.429498431015789,0,0
1625,0,2.84023685433336,2,0,1.40495773517188,0,1
1626,0,1.40223778272145,2,0,1.17304158870349,0,1
1627,0,0.555677419141629,1,1,0.985217768927883,1,1
1628,0,0.325771551338276,2,0,0.378601474686076,0,1
1629,0,1.80041440452139,0,1,0.482292297978252,1,1
1630,0,2.43452769194939,1,1,-0.718755021285605,1,0
1631,0,0.12138718618925,1,1,-1.3808460184144,1,0
1632,0,0.25583731995122,1,1,-0.98671618381148,1,0
1633,0,2.11306773687764,1,0,0.382661002565114,0,1
1634,0,0.267607352775091,1,0,1.02296821886759,0,1
1635,0,0.755753494331694,1,1,-1.59514946863927,1,0
1636,0,1.1538514747812,2,0,1.91189801607903,0,1
1637,0,0.0893692168859274,2,1,1.90791106775067,1,1
1638,0,0.735186455985483,1,0,-0.0411133633320731,0,0
1639,0,0.871239464066772,1,1,0.72944612530105,1,1
1640,0,0.537773250349842,2,0,1.01616838317855,0,1
1641,0,0.796623375629338,1,1,-1.98133862085031,1,0
1642,0,2.80411919275044,2,0,0.198966834707243,0,1
1643,0,0.157692929250529,1,1,-1.70533637059882,1,0
1644,0,5.94348600362692,2,0,0.028398974185756,0,1
1645,0,2.14353661473485,1,1,0.397856310787167,1,1
1646,0,0.500876292457098,2,1,0.309427176088099,1,1
1647,0,0.970600182264895,1,1,-0.720453717091519,1,0
1648,0,0.536404615399301,1,0,-0.934202916977042,0,0
1649,0,0.284049822946422,1,0,-1.40828860271579,0,0
1650,0,1.75934358959256,1,0,0.407720729069602,0,1
1651,0,2.94021613562619,2,0,0.708621176482613,0,1
1652,0,0.200446392172417,1,0,-1.29934981610421,0,0
1653,0,0.400949719672402,0,0,1.09232618667398,0,1
1654,0,3.20535839016491,1,1,-0.201015840192182,1,0
1655,0,0.237551225220282,1,1,0.798498946977809,1,1
1656,0,0.521463555227256,1,1,0.755291294624524,1,1
1657,0,0.926752553493699,1,1,0.586265699551232,1,1
1658,0,0.290294747883881,0,1,0.754950701444849,1,1
1659,0,0.994246462644726,1,0,-0.267527914110605,0,0
1660,0,0.179376934644342,1,1,-0.83749296747819,1,0
1661,0,0.981426275283194,1,0,-0.104549310726049,0,0
1662,0,3.04800736113025,1,0,0.489503476816608,0,1
1663,0,3.24192312394665,2,0,-1.17682461972453,0,0
1664,0,0.31485924920603,1,1,0.394624079275776,1,1
1665,0,0.144430073193009,1,0,-0.336127496776364,0,0
1666,0,1.29966574500956,2,1,0.75345487237629,1,1
1667,0,0.0733182576465863,1,0,-0.976528233511941,0,0
1668,0,0.305202045124906,1,0,-2.51381115277342,0,0
1669,0,0.196345914947023,2,1,0.716044119331737,1,1
1670,0,0.114755333398658,2,0,1.10293973511813,0,1
1671,0,3.07252537092738,2,0,-0.0807830834459862,0,0
1672,0,0.639381554880851,1,1,0.685836093012651,1,1
1673,0,2.33893411068382,1,1,-0.811067944759436,1,0
1674,0,0.058365712089884,1,0,-1.1824391782777,0,0
1675,0,0.981546041808656,2,1,1.77985657917459,1,1
1676,0,0.240298890306546,1,0,1.00061204442415,0,1
1677,0,0.268207858664788,1,1,-1.22297085341757,1,0
1678,0,0.305329949248103,2,1,-0.226435703615122,1,0
1679,0,1.03051744284979,1,1,1.40014778552408,1,1
1680,0,1.00652533942309,2,1,-0.45552783714005,1,0
1681,0,0.574625712387706,1,0,0.247738729873957,0,1
1682,0,0.57733722751785,1,1,-1.17982407505806,1,0
1683,0,1.07986258373343,1,0,-0.466564754521159,0,0
1684,0,4.24880774841409,2,0,-0.919183459728947,0,0
1685,0,0.0788053046530212,1,1,0.621480764600444,1,1
1686,0,0.0879431124832251,2,1,0.590857575960086,1,1
1687,0,0.804167824063929,0,1,1.36749202548441,1,1
1688,0,0.61249317059907,2,0,-1.18198053468805,0,0
1689,0,0.494882852780343,0,0,0.565913685440347,0,1
1690,0,1.22813829049144,2,0,1.235600063675,0,1
1691,0,2.05987008560594,1,1,0.7470975653778,1,1
1692,0,1.2128374738288,1,0,-2.49262082318008,0,0
1693,0,1.04187630504405,1,0,0.405392030610878,0,1
1694,0,0.605897568203221,1,1,-0.620255774234474,1,0
1695,0,0.158924419119461,1,0,-1.25559478956867,0,0
1696,0,0.23718686423828,2,1,-0.259508616304385,1,0
1697,0,0.464367965094722,2,0,-2.09339888230976,0,0
1698,0,0.573390004956108,1,1,-1.64227465783037,1,0
1699,0,0.448997469779625,1,1,0.620646176577151,1,1
1700,0,0.316299263633752,1,1,-1.26511754979148,1,0
1701,0,0.134269252221277,1,1,0.908511309751503,1,1
1702,0,0.0418098666374468,1,1,1.13688420175496,1,1
1703,0,0.0263860588330625,2,1,0.71969528638995,1,1
1704,0,0.131061451253678,1,1,-1.31626981715954,1,0
1705,0,0.0778495489309231,0,1,-0.129283425258041,1,0
1706,0,0.0768826185175549,1,1,-1.13408551180549,1,0
1707,0,0.943380145520031,2,0,-0.219993108871958,0,0
1708,0,0.0709782786395866,1,1,-0.203151686582522,1,0
1709,0,0.571368236692611,2,0,-0.763944789392206,0,0
1710,0,0.224827906737725,0,0,-0.466210046676309,0,0
1711,0,0.0476769699404637,0,1,0.778353496169405,1,1
1712,0,0.279084995635241,1,1,0.635236477400426,1,1
1713,0,1.25890486327357,1,1,-0.236911465661024,1,0
1714,0,0.391588652793957,2,0,0.0638319214687856,0,1
1715,0,2.67392132071153,2,0,0.598975854627961,0,1
1716,0,2.96734706850435,2,0,0.930355066403249,0,1
1717,0,0.675482983180608,2,1,0.744940640007363,1,1
1718,0,0.113164085259656,1,0,0.345275276741758,0,1
1719,0,0.566554108634236,1,0,-0.4214300433368,0,0
1720,0,0.394352841330853,0,1,0.638923956340438,1,1
1721,0,0.176642991694433,1,0,-1.62111852097202,0,0
1722,0,1.21052359297614,1,0,-0.254655881845564,0,0
1723,0,0.0415278691798449,0,1,1.2036113007409,1,1
1724,0,3.13128853400272,1,1,-0.513326281527002,1,0
1725,0,0.401635849389331,1,0,0.199211538991282,0,1
1726,0,1.46429992158499,1,0,-0.0860935687808653,0,0
1727,0,0.552959753227475,1,1,0.636630903137168,1,1
1728,0,0.495205312555245,1,1,1.9346535442957,1,1
1729,0,0.323103132578684,0,0,-0.554222987637427,0,0
1730,0,0.399598935380216,2,1,-0.147157893730454,1,0
1731,0,0.115468684476425,1,1,-0.400443377545089,1,0
1732,0,0.619049239336327,0,1,0.502475557575275,1,1
1733,0,0.691095591140463,2,1,0.70693602930096,1,1
1734,0,0.93652917133383,1,1,-0.981491876959117,1,0
1735,0,0.639983260138836,2,1,0.904296342315467,1,1
1736,0,0.336668716584116,1,0,1.80688325563193,0,1
1737,0,2.28021027894515,0,1,0.0399160343821287,1,1
1738,0,1.50160945177816,1,0,1.67108256348183,0,1
1739,0,1.43800128493689,2,0,0.413283632546727,0,1
1740,0,0.241592710937934,2,1,0.845321750934732,1,1
1741,0,0.819619897522872,1,0,0.997107090350593,0,1
1742,0,2.7853693595777,0,0,-0.964459152802432,0,0
1743,0,1.57096415114119,1,0,-0.827853951317661,0,0
1744,0,1.21731051864723,0,0,-0.633854796448048,0,0
1745,0,2.49624979771767,2,1,-0.916787602379627,1,0
1746,0,1.15021920834388,1,0,0.496069340472399,0,1
1747,0,0.973147199170181,2,0,0.258011435581685,0,1
1748,0,0.173245115064668,1,1,0.244075183704211,1,1
1749,0,0.359377746323345,2,1,-0.195713814691612,1,0
1750,0,0.505150029915272,1,0,0.456276232183276,0,1
1751,0,0.297588329829823,1,0,-0.780859248222105,0,0
1752,0,3.52919862295191,0,0,-1.40373439315978,0,0
1753,0,1.92970000296428,1,1,-0.590880143670645,1,0
1754,0,0.0213157715800869,1,0,0.262396934675436,0,1
1755,0,0.989064713940024,0,0,0.622073359541703,0,1
1756,0,1.38562675766538,2,0,0.107710150301005,0,1
1757,0,2.73356351276158,2,0,0.729280353814877,0,1
1758,0,0.702421397552992,1,0,0.945725793870932,0,1
1759,0,0.633287287593915,1,1,0.628443645667396,1,1
1760,0,0.122058693843536,1,1,0.935059216039846,1,1
1761,0,0.534507390331274,1,1,1.0187814087174,1,1
1762,0,0.527312277167298,2,0,1.39921500108069,0,1
1763,0,0.722653132204305,1,1,0.0916124899194705,1,1
1764,0,0.212200295096831,1,0,-0.889088166346203,0,0
1765,0,0.818086288774007,2,0,-0.948083298180734,0,0
1766,0,3.48726944997907,0,0,-1.47241611633997,0,0
1767,0,3.19720724060292,1,1,-1.18337349245348,1,0
1768,0,0.266967454397341,1,0,1.12464181886652,0,1
1769,0,0.467543203860218,1,1,-0.221745015220788,1,0
1770,0,0.76282556168735,0,1,1.02534501734199,1,1
1771,0,0.091092990204771,1,0,-0.885669799428369,0,0
1772,0,0.357308749171198,1,0,-0.254692064742148,0,0
1773,0,0.345429668979723,1,0,1.69154569256636,0,1
1774,0,0.573177721661071,2,0,0.369056163580062,0,1
1775,0,0.0185838557772083,1,0,-0.78266781638946,0,0
1776,0,0.306286437453649,2,0,2.40773546869118,0,1
1777,0,0.39064765547301,2,0,-0.667816054700799,0,0
1778,0,0.836856838646609,1,1,-1.81703252537143,1,0
1779,0,3.96912731662444,1,0,-0.470532364964241,0,0
1780,0,0.103218349994983,2,0,0.918245729944479,0,1
1781,0,0.613130091999968,0,1,-1.34228989272957,1,0
1782,0,1.40793975571052,1,1,-1.05107765787824,1,0
1783,0,1.02804897649736,2,1,-1.1906002695303,1,0
1784,0,0.317812750804021,2,1,2.5846644520577,1,1
1785,0,0.0868083103978845,1,0,-0.769406603843239,0,0
1786,0,0.27236767699418,1,0,0.84185980218277,0,1
1787,0,1.76852739862682,1,0,-0.495905425299555,0,0
1788,0,3.02596499221129,1,0,0.142204650959647,0,1
1789,0,1.29505425733844,1,1,-0.284412551209451,1,0
1790,0,1.39828140814512,2,1,0.532299161181654,1,1
1791,0,0.687997724866847,2,1,-0.193525957696022,1,0
1792,0,0.478308952907643,1,0,-0.441379427501253,0,0
1793,0,1.89664900744757,2,0,0.808397644339638,0,1
1794,0,0.199310703757024,1,0,-0.876191735874052,0,0
1795,0,3.34828561969635,0,1,1.54973175861159,1,1
1796,0,0.832297737804921,1,0,-1.02536473005944,0,0
1797,0,4.8014007487647,2,0,-0.670880090955472,0,0
1798,0,0.101596730564983,1,1,-0.672742025993956,1,0
1799,0,1.6843611605508,1,0,0.554420277409374,0,1
1800,0,2.98902029254635,2,1,0.635898017653258,1,1
1801,0,0.743463572446878,1,0,-0.326223032772243,0,0
1802,0,2.16974656718473,0,1,-2.02509277501592,1,0
1803,0,0.725912858323668,1,0,-2.96015760974065,0,0
1804,0,0.797780125962363,1,1,-1.40730409156618,1,0
1805,0,3.19396854088737,2,0,0.565097451357353,0,1
1806,0,0.65156455894588,2,0,1.07725340767338,0,1
1807,0,0.132790902754123,2,0,1.48088015807406,0,1
1808,0,2.6896920800209,0,1,-0.627316965477403,1,0
1809,0,2.1925216169497,1,0,-0.501981555058532,0,0
1810,0,0.700992595443598,1,1,0.2103545436383,1,1
1811,0,0.213219228311964,1,1,0.314623286039087,1,1
1812,0,0.192081361376238,1,1,-0.773108579359622,1,0
1813,0,1.01738306907459,2,0,-1.15394512129278,0,0
1814,0,1.03769010085355,0,0,1.32673474952815,0,1
1815,0,0.160478182719767,1,1,0.148618346997582,1,1
1816,0,3.048116417173,1,0,0.894531382294145,0,1
1817,0,0.405675668623307,1,0,-1.30077394642204,0,0
1818,0,0.385883529639349,0,1,-0.456250141897039,1,0
1819,0,0.851510838140479,2,0,1.42638042671708,0,1
1820,0,0.333397664162736,1,1,-1.91160968366585,1,0
1821,0,0.487112619281751,1,1,1.39560574810986,1,1
1822,0,1.26386287205724,1,0,0.0354607283141454,0,1
1823,0,0.0922782568185054,1,1,-1.89979848332157,1,0
1824,0,1.01882975656244,1,1,0.537783623024462,1,1
1825,0,1.72136490102583,0,1,-0.135733018695482,1,0
1826,0,0.0554981372902714,1,1,-0.71033902546896,1,0
1827,0,0.623132781511815,2,0,0.900426677408663,0,1
1828,0,1.27419096805935,1,0,-1.53528706440576,0,0
1829,0,0.753244252699053,2,0,0.639726564203734,0,1
1830,0,1.21740967401081,0,0,-0.0585532458354784,0,0
1831,0,0.0640903497482397,1,0,-0.131300889914155,0,0
1832,0,0.265955875317256,0,0,-0.876471830964143,0,0
1833,0,0.0969658884066175,1,1,-0.711287727069181,1,0
1834,0,5.8731861986761,2,0,-0.405046654340193,0,0
1835,0,1.61489299346304,2,1,-0.504655933660599,1,0
1836,0,1.65147210781773,0,0,-0.0980133709437505,0,0
1837,0,0.625025820176624,1,0,-0.190025547139628,0,0
1838,0,0.50440805597827,1,1,1.07565024071788,1,1
1839,0,0.0944826781562518,1,0,-0.851230585852422,0,0
1840,0,1.91387969394973,2,0,0.725153254523401,0,1
1841,0,0.772884682532364,1,0,0.667860901004578,0,1
1842,0,0.857424938622005,1,0,-0.618195818885352,0,0
1843,0,0.652540925269326,0,0,-0.508056200637507,0,0
1844,0,0.232676533393753,1,0,-0.664191501259633,0,0
1845,0,0.238235333450779,1,1,-1.47642851396488,1,0
1846,0,0.739372572865494,1,1,-0.403035881456615,1,0
1847,0,1.2886069099402,1,1,-0.889418416897314,1,0
1848,0,0.0835892911256342,0,1,-1.05265696473854,1,0
1849,0,0.392880633564498,1,1,-1.76421971761174,1,0
1850,0,1.15083571875653,1,0,-0.481473346531723,0,0
1851,0,0.0464759078754485,1,1,-1.16417615007751,1,0
1852,0,1.70345790373782,0,0,0.350281516889796,0,1
1853,0,1.80259967876011,2,1,-1.19612276608495,1,0
1854,0,3.65503598629607,2,0,-1.04316490452581,0,0
1855,0,0.529094669998742,2,0,0.489142722229173,0,1
1856,0,0.569721203526941,1,1,-0.758982537090292,1,0
1857,0,0.263276126979194,1,0,-0.472358890371405,0,0
1858,0,0.400182597500976,1,1,-1.61733772163579,1,0
1859,0,0.0558462633157085,1,1,-0.381738881919388,1,0
1860,0,0.288144094463888,1,1,-0.376501873084278,1,0
1861,0,0.184746429534763,2,1,-0.499813508785095,1,0
1862,0,0.946246091267108,1,1,-0.215333264236463,1,0
1863,0,0.780246030158757,1,1,-0.405206821541871,1,0
1864,0,2.8928736934922,1,0,-0.530140345254143,0,0
1865,0,0.581175994737639,0,0,-0.561681687024158,0,0
1866,0,0.360572840474418,1,1,0.0539668923112628,1,1
1867,0,3.52082070657978,1,0,-0.648932679200057,0,0
1868,0,0.317314983625616,2,0,-1.39042692615041,0,0
1869,0,3.73674379661679,0,1,0.636544506340205,1,1
1870,0,0.29826110819517,1,1,0.1090548740132,1,1
1871,0,0.64866409098054,2,0,1.40827920725828,0,1
1872,0,1.06360282077547,2,1,0.872429913259405,1,1
1873,0,0.929071176530421,1,0,-0.191690432113972,0,0
1874,0,0.923137070245568,1,1,-1.2033965468221,1,0
1875,0,0.864678578043847,2,1,0.352311804277482,1,1
1876,0,2.66421413556494,1,1,1.07007729666985,1,1
1877,0,0.659442508180899,1,1,-0.143410075884064,1,0
1878,0,0.788088517350963,1,1,0.371054912408481,1,1
1879,0,0.553802173840181,2,0,1.34200224128873,0,1
1880,0,0.380816713213701,1,0,0.285090366727792,0,1
1881,0,0.121799946452181,0,0,0.356251306633624,0,1
1882,0,0.123064439335382,1,1,-0.302376914326616,1,0
1883,0,1.8968525917967,2,0,0.035268752239115,0,1
1884,0,0.524207531141507,1,1,-1.88210544931055,1,0
1885,0,0.816906422701901,2,0,0.510839658704497,0,1
1886,0,1.44435339920054,1,0,0.790586250791681,0,1
1887,0,0.0181366014153065,2,1,0.453317917053286,1,1
1888,0,0.0393798366273771,2,1,-0.532075225930639,1,0
1889,0,0.15818655477452,2,0,0.685708764876866,0,1
1890,0,1.27681405333688,1,0,0.97568451984079,0,1
1891,0,0.452142076687633,2,0,1.04471118661308,0,1
1892,0,0.184897063207783,0,1,-0.534870248778505,1,0
1893,0,0.29110088109459,2,0,1.13295470411702,0,1
1894,0,0.80255269410404,1,1,0.709315789633886,1,1
1895,0,0.338434230022418,2,0,0.687729348163508,0,1
1896,0,1.14913487148303,1,1,0.667759720873509,1,1
1897,0,0.802914102872213,0,1,0.370279257860404,1,1
1898,0,0.372085819116738,1,1,0.236723119515735,1,1
1899,0,1.64602175355852,2,0,0.406948469400334,0,1
1900,0,0.884214548824555,1,1,0.42977655352645,1,1
1901,0,0.343183115080109,2,1,2.94066837140085,1,1
1902,0,0.36675185427648,1,1,-0.776369262718884,1,0
1903,0,0.609205859410342,1,1,-0.813987683294629,1,0
1904,0,0.216423243123499,2,1,1.86962952922998,1,1
1905,0,0.132082306443667,2,0,-0.169284343769672,0,0
1906,0,0.18518700948494,1,1,-0.820131446249944,1,0
1907,0,0.293196672191189,1,1,-0.772350439687709,1,0
1908,0,0.395906224727015,1,0,-2.05695987724503,0,0
1909,0,0.712058728201038,2,0,0.156171180945061,0,1
1910,0,0.393101798822175,2,0,1.49500708352008,0,1
1911,0,0.220993150273757,1,1,-1.09928194436594,1,0
1912,0,0.0329603493909621,1,1,-0.579023816393021,1,0
1913,0,1.33195637084226,2,0,0.174853006845272,0,1
1914,0,1.4341582972166,1,1,0.965651564707649,1,1
1915,0,0.176721692112507,2,0,1.8857397308316,0,1
1916,0,0.0590782524416518,1,1,1.27297612990895,1,1
1917,0,0.567134571472239,1,0,2.53813655512667,0,1
1918,0,0.709547621412667,1,1,0.0968809082055245,1,1
1919,0,1.86733513496017,1,0,-1.09189595276879,0,0
1920,0,0.447092686335966,2,1,1.57992797925571,1,1
1921,0,0.83027383312583,0,0,0.477127437411554,0,1
1922,0,1.97894244979993,1,0,0.391408158315224,0,1
1923,0,1.28881912003603,2,1,-0.13337374769896,1,0
1924,0,2.32060061810661,2,0,1.57679557913763,0,1
1925,0,0.208635739101265,1,0,-0.603073896348994,0,0
1926,0,0.374287347588301,2,1,1.05757072146022,1,1
1927,0,1.98657952412424,2,1,0.744728219363269,1,1
1928,0,0.969089061439564,2,0,0.971716903768911,0,1
1929,0,0.119383555791684,2,1,0.970034223217632,1,1
1930,0,0.0502055617963975,2,1,0.547892067981928,1,1
1931,0,0.667958077570351,1,1,-0.957594571973408,1,0
1932,0,0.826592753787831,2,1,0.892485743778403,1,1
1933,0,0.6089395296913,2,0,-0.0288336222367956,0,0
1934,0,1.50300971113715,2,0,-0.264231426901561,0,0
1935,0,0.10280752374871,1,0,-0.186345893065817,0,0
1936,0,1.84245382867306,2,0,0.413673120621062,0,1
1937,0,0.780004990355821,2,1,1.16766898771278,1,1
1938,0,3.88299989352816,1,0,1.08715888093154,0,1
1939,0,1.35638165354806,2,0,1.37825858413234,0,1
1940,0,1.95106740092563,2,1,0.67853480124406,1,1
1941,0,1.5676586629844,1,1,0.225600425101537,1,1
1942,0,0.0669835482228516,1,0,-2.55447076815661,0,0
1943,0,0.5247021425196,1,0,0.100154835210785,0,1
1944,0,0.0245140706802208,1,1,-0.639770178148506,1,0
1945,0,0.396251320588841,1,0,0.409414562593284,0,1
1946,0,0.372332130523992,1,1,0.47802705830683,1,1
1947,0,1.04089796543121,0,1,0.366146438179092,1,1
1948,0,0.799153390292779,1,0,0.407703377968423,0,1
1949,0,0.166587683517282,2,0,1.208754913168,0,1
1950,0,1.12378651185885,1,0,-0.846613061566638,0,0
1951,0,0.933790541528417,1,0,-0.681893419318161,0,0
1952,0,0.546140185739568,1,1,0.688867051228467,1,1
1953,0,0.468694789880686,1,0,-0.563469721369933,0,0
1954,0,0.238858743295094,2,0,1.12660628783505,0,1
1955,0,2.46927363420771,1,0,-0.855170832655284,0,0
1956,0,0.135874749000901,1,0,-0.330690788737239,0,0
1957,0,0.00163703675122966,1,0,-1.42378064434629,0,0
1958,0,0.035846037678385,1,0,0.730478326693602,0,1
1959,0,0.4099754673123,1,1,0.0316702689028298,1,1
1960,0,0.694101636386175,2,0,0.496854251413385,0,1
1961,0,2.80057087961118,2,0,0.693449649715059,0,1
1962,0,1.64220537679891,0,0,-1.14725244052979,0,0
1963,0,0.17936097892295,2,0,1.24270579955869,0,1
1964,0,1.14830725544669,1,1,-0.181447442883644,1,0
1965,0,0.718977026029625,1,1,-1.94018927635074,1,0
1966,0,0.13500833356025,0,0,-0.106507311512454,0,0
1967,0,4.64807020277078,2,0,-0.452594200159575,0,0
1968,0,0.537322425465793,0,0,0.496024919674276,0,1
1969,0,1.00135089637606,1,1,-0.40879206360479,1,0
1970,0,1.14776224499133,2,1,-0.418224035070214,1,0
1971,0,0.530182103025415,0,0,-0.623343001526992,0,0
1972,0,0.088824826891865,1,1,-2.09860080802702,1,0
1973,0,2.38497124591019,1,0,0.588303998947978,0,1
1974,0,0.774382860009659,2,0,0.696784394155137,0,1
1975,0,0.436992998032096,2,1,2.46348730794852,1,1
1976,0,0.489656562077039,2,0,0.177352300928594,0,1
1977,0,0.781787262081896,1,1,0.184067893133663,1,1
1978,0,0.0334541368262042,1,1,-0.182980972060578,1,0
1979,0,1.09397166242078,1,0,1.27984535536157,0,1
1980,0,0.183431513903364,1,0,-0.135767235237853,0,0
1981,0,0.321305505917129,1,1,-1.04303269659374,1,0
1982,0,1.28307699556604,2,1,0.965854443593845,1,1
1983,0,1.45375120411541,2,0,0.166009966768732,0,1
1984,0,1.15601366602805,1,1,0.506153688765044,1,1
1985,0,0.488066210006149,1,1,0.0668306027899715,1,1
1986,0,0.178919779136777,0,0,0.859220166858484,0,1
1987,0,0.569886477933844,2,1,1.68417389167892,1,1
1988,0,0.1956518561751,2,0,-0.241628963971568,0,0
1989,0,0.0548315233752415,1,1,-0.0988779497280806,1,0
1990,0,0.629881925725153,2,0,-0.968137198818055,0,0
1991,0,1.23665298197065,2,0,-0.633113534424839,0,0
1992,0,0.746840843643559,2,0,0.75981678717715,0,1
1993,0,0.471990524277671,1,0,-1.02520511021493,0,0
1994,0,0.72296427252392,0,1,-1.7970118294544,1,0
1995,0,1.54425390181261,1,0,1.31883100705044,0,1
1996,0,1.71853199526612,0,0,-0.371223694701061,0,0
1997,0,0.799700187938738,1,1,-0.0398307279149485,1,0
1998,0,0.282997101167166,1,1,-0.61132444009957,1,0
1999,0,1.65907328868893,1,0,-0.45594017015089,0,0
2000,0,2.06351881969434,1,1,-0.225784782067723,1,0
2001,0,1.24586662048115,2,0,1.32621461715304,0,1
2002,0,1.29938298104483,1,1,-1.87711350086469,1,0
2003,0,0.624476467950223,1,1,0.362740641907457,1,1
2004,0,1.17289000596415,2,0,0.410729463167159,0,1
2005,0,0.543721896229801,0,1,-0.66354832373914,1,0
2006,0,0.86988695826542,1,0,-0.0538599723826591,0,0
2007,0,1.18804180161819,2,1,0.769735903991395,1,1
2008,0,0.353239269703638,2,1,-0.399689133830346,1,0
2009,0,1.03254786519146,1,1,-0.251529411730936,1,0
2010,0,1.9865653389839,2,0,0.358872385539782,0,1
2011,0,1.62603927174749,1,1,-0.563531621372626,1,0
2012,0,1.40354337445176,2,1,-0.174564561065556,1,0
2013,0,0.22284308137993,0,0,1.47479028469228,0,1
2014,0,0.0252422836564688,2,0,1.69638712648896,0,1
2015,0,1.2313915108956,2,1,-0.150842932497887,1,0
2016,0,0.939740418375611,1,1,-1.24444745094958,1,0
2017,0,1.76348517672618,2,1,-0.00587559426389989,1,0
2018,0,0.837891399195013,2,0,1.23722046925641,0,1
2019,0,1.57001044765673,1,0,1.64382176924099,0,1
2020,0,0.184364141230589,2,1,-1.23772074574676,1,0
2021,0,0.350279206468748,1,0,-1.36387156831708,0,0
2022,0,4.02440243407689,2,0,0.408195798139564,0,1
2023,0,0.992860674493972,2,1,-0.263060398531577,1,0
2024,0,0.238471312687517,1,1,-2.41266192753821,1,0
2025,0,0.385808700375103,0,1,-1.25088123825684,1,0
2026,0,0.142879938482529,2,0,1.13139842853535,0,1
2027,0,0.915129020189246,0,0,-0.114476019555671,0,0
2028,0,0.0651614624294615,2,0,1.35682412129817,0,1
2029,0,1.37672252487766,2,1,1.2631688393612,1,1
2030,0,1.10057083906219,0,1,-0.810416346218302,1,0
2031,0,0.00528064082615823,1,1,-1.86830052973056,1,0
2032,0,2.94397501585384,0,0,-0.311996355723301,0,0
2033,0,0.238713381943148,1,1,-0.350902277111572,1,0
2034,0,1.20995166090916,2,1,1.53310082278793,1,1
2035,0,0.824034803637103,2,1,0.986897524870833,1,1
2036,0,0.327416465938575,1,1,-0.154027649490661,1,0
2037,0,0.437534988147287,2,1,1.33877088241012,1,1
2038,0,3.71545122833253,1,1,0.174785199076619,1,1
2039,0,0.697435481615829,2,0,-0.367997782662824,0,0
2040,0,2.09500710581687,1,0,1.1271868264442,0,1
2041,0,0.538935945708113,1,0,-0.142787563948742,0,0
2042,0,0.202125563472441,1,1,0.165502294279804,1,1
2043,0,0.153673875178943,1,0,-0.26472219475744,0,0
2044,0,0.127899119009574,0,0,1.3918118064049,0,1
2045,0,1.01974837346485,2,1,1.49852936712741,1,1
2046,0,3.10766236433723,2,1,-0.531456437880529,1,0
2047,0,0.442991703220745,2,0,0.440718539389429,0,1
2048,0,0.00965214416738091,1,0,0.609355627342291,0,1
2049,0,1.34950509489271,1,1,0.300533905835706,1,1
2050,0,0.428814165202276,0,0,0.722572822929409,0,1
2051,0,0.530566838667211,1,1,-0.175274738429974,1,0
2052,0,0.121999488048098,1,1,-1.02891305683238,1,0
2053,0,0.49338990226445,1,1,-0.604753771202142,1,0
2054,0,0.51466240247587,1,1,-0.393038260675645,1,0
2055,0,0.0481963950957925,0,0,-0.0987341155783905,0,0
2056,0,0.435133030878417,2,0,0.55054413002288,0,1
2057,0,0.51629625622023,1,0,0.665017777109167,0,1
2058,0,0.230276870454571,1,0,0.826824193136713,0,1
2059,0,1.14863148143111,2,0,-0.498779551395709,0,0
2060,0,0.120454155576104,1,1,-2.27806057380959,1,0
2061,0,0.00492380619391161,1,1,-1.12791081298101,1,0
2062,0,4.59357587402921,2,0,-0.927482390597997,0,0
2063,0,3.97415267560027,2,1,-1.13957538862968,1,0
2064,0,0.506241162682915,1,0,-1.82594821047289,0,0
2065,0,0.0571304228779607,0,0,-0.677516395184741,0,0
2066,0,0.253674651215655,1,0,-0.0630202579705107,0,0
2067,0,0.0628907341204239,1,1,0.705409318468039,1,1
2068,0,0.805506144948945,1,1,1.33690166495106,1,1
2069,0,2.38582920081372,1,0,-0.529820529137359,0,0
2070,0,0.0112102736614041,2,0,2.1732295190254,0,1
2071,0,1.2924243320529,2,0,0.610477559603194,0,1
2072,0,0.441569910700152,1,1,-1.11143572596256,1,0
2073,0,0.621680883797403,1,0,-1.17054466964173,0,0
2074,0,0.0797229198118051,0,0,0.096624503995654,0,1
2075,0,1.74238084137092,0,1,-0.0525598869106956,1,0
2076,0,2.96312581437329,0,1,0.107454073242642,1,1
2077,0,3.06443659567452,2,1,0.306418725273788,1,1
2078,0,0.152887622090235,1,1,-0.320362600374977,1,0
2079,0,0.475759500657764,1,1,-0.17894377178106,1,0
2080,0,0.10119933930993,1,0,-1.05338574302942,0,0
2081,0,0.188404551160919,1,1,0.251411469863496,1,1
2082,0,0.750286425998608,1,0,-2.28787420530731,0,0
2083,0,0.077258996342816,2,1,0.604021778032271,1,1
2084,0,0.829256310258603,1,0,0.603881465543834,0,1
2085,0,1.96221696371881,2,0,1.00010428978948,0,1
2086,0,0.864173988830538,1,0,0.459700405716247,0,1
2087,0,2.20710649465521,0,0,-1.44120021596297,0,0
2088,0,0.720759684386645,1,1,-1.26500610021692,1,0
2089,0,0.3766807737441,1,0,-0.424555653677676,0,0
2090,0,1.20441880904632,1,0,0.126133526355522,0,1
2091,0,0.534780003347894,1,0,-0.443819473099175,0,0
2092,0,0.154706886787013,1,1,-1.00300242171988,1,0
2093,0,1.36902683694052,1,1,1.45396604173519,1,1
2094,0,0.986012263674831,2,1,-0.159014750907235,1,0
2095,0,0.547359110078737,1,0,-1.49263000540989,0,0
2096,0,2.98303242065545,2,0,-0.829823035558208,0,0
2097,0,0.00172867434867467,2,1,-1.73710918241551,1,0
2098,0,0.394924188056407,1,1,1.38349619553024,1,1
2099,0,0.0276321902848708,2,0,0.610419592990311,0,1
2100,0,0.490848989531898,1,0,0.0774522389107337,0,1
2101,0,0.736055129737202,1,1,-1.67219066021628,1,0
2102,0,0.202783128836155,1,1,0.869497877389413,1,1
2103,0,0.82020141330321,1,1,-0.494750717387188,1,0
2104,0,0.518146287401156,2,0,0.244133910853382,0,1
2105,0,0.813382020178239,2,0,1.62868251819038,0,1
2106,0,1.7992631289771,1,0,-0.765959181916458,0,0
2107,0,0.496348564823469,0,1,1.5239169685253,1,1
2108,0,0.375673749221937,1,1,-0.644592480754096,1,0
2109,0,0.427503593310536,0,0,-1.67998815280802,0,0
2110,0,0.0709538465694792,1,1,1.09794481849428,1,1
2111,0,0.764615673839473,2,0,1.21393878094821,0,1
2112,0,1.17505514089156,1,1,-1.33081875485354,1,0
2113,0,1.06092813278926,2,0,-0.40203084884933,0,0
2114,0,1.20215866783017,1,0,-0.00439279017260004,0,0
2115,0,0.309707255219175,1,1,0.849298361990407,1,1
2116,0,3.0978351769348,0,0,0.218023720796923,0,1
2117,0,0.692001280581613,2,0,-0.245841784583452,0,0
2118,0,3.33143464544469,1,1,-1.2147981681771,1,0
2119,0,0.22872192890067,2,0,0.873308473915068,0,1
2120,0,0.959862542585682,1,0,2.30750756266741,0,1
2121,0,2.85182449035347,0,0,0.172538080398201,0,1
2122,0,0.00885362062407532,1,0,-0.947084406047837,0,0
2123,0,0.644914510970314,0,0,-1.78558667177428,0,0
2124,0,1.07560460144941,1,1,0.752024939381538,1,1
2125,0,0.478634236293591,1,0,1.14658571100219,0,1
2126,0,0.936438528644096,1,0,-0.90926733725667,0,0
2127,0,1.76085634369522,2,1,0.658757912304442,1,1
2128,0,0.0132591526245313,1,0,-0.566544589957321,0,0
2129,0,0.274479355331398,0,1,-0.659406031504577,1,0
2130,0,0.129986620113829,1,0,-1.04886747276579,0,0
2131,0,0.0184645954805807,2,0,1.58497848474719,0,1
2132,0,0.0145086858671622,1,1,-1.35571375304584,1,0
2133,0,0.067649885616488,1,0,-0.0390259881429034,0,0
2134,0,0.0800788323888448,1,1,0.438133238915201,1,1
2135,0,0.473553426179362,1,0,-0.441033683753372,0,0
2136,0,3.230814303695,2,0,0.156146097442852,0,1
2137,0,1.56948041843619,2,0,1.93980684196314,0,1
2138,0,0.00554266497494261,1,0,-0.822719892907516,0,0
2139,0,0.239286801676037,2,0,1.64457032721224,0,1
2140,0,0.475866499248534,1,1,-1.12894105077862,1,0
2141,0,0.547993615789719,2,0,-1.21063669180357,0,0
2142,0,0.342092055918569,1,0,-0.119573788464422,0,0
2143,0,0.711636536978915,1,1,-2.15256266798987,1,0
2144,0,0.0345426884312358,1,1,-1.24734475666371,1,0
2145,0,0.910848979462654,2,0,-1.1541413002778,0,0
2146,0,1.15611543401835,1,1,-2.17369832343827,1,0
2147,0,0.494396863424516,2,0,-0.55981894714714,0,0
2148,0,0.170690613950458,1,1,0.964908286190102,1,1
2149,0,0.879213473578741,1,1,0.254074560281086,1,1
2150,0,0.340195097316517,0,1,0.276914071415415,1,1
2151,0,0.752701136654481,1,1,0.931146234553228,1,1
2152,0,1.21498873976264,1,0,-0.985081048047856,0,0
2153,0,0.0524059338282769,1,0,-1.14343210537503,0,0
2154,0,0.422899029452136,1,1,-1.30117389170729,1,0
2155,0,0.509725537469902,1,1,0.786905176032791,1,1
2156,0,0.701968223279848,1,1,-0.165059017345903,1,0
2157,0,1.99001324984933,1,0,-0.120830020416301,0,0
2158,0,0.118016291537763,1,1,1.19622073501151,1,1
2159,0,0.744252273340591,1,0,1.46763794976283,0,1
2160,0,1.95023878176743,1,0,-1.03695559986217,0,0
2161,0,1.21887512757904,2,1,-0.57184373885013,1,0
2162,0,0.156197494046595,1,1,-0.363029091688004,1,0
2163,0,0.555024014008035,1,0,-0.93584518059725,0,0
2164,0,0.120944585251403,1,1,-0.115673628827345,1,0
2165,0,0.700884765461756,2,1,1.29033899374532,1,1
2166,0,4.44877843775359,1,1,-0.245399873642384,1,0
2167,0,0.43660957008937,1,1,-0.275919171900229,1,0
2168,0,1.40500924992947,2,0,-0.0326289570507776,0,0
2169,0,0.195775759934246,0,1,0.957063932594041,1,1
2170,0,1.6249898293366,0,0,-1.05129236528502,0,0
2171,0,2.77246286774399,2,1,0.619809195018358,1,1
2172,0,1.9737790307651,0,0,-0.498011055754553,0,0
2173,0,0.736638535180998,2,0,1.50493207708965,0,1
2174,0,4.49336193373251,1,0,0.029920372191708,0,1
2175,0,0.0566232850639566,1,1,1.33829616860332,1,1
2176,0,1.05914705674406,1,0,0.113531367668929,0,1
2177,0,0.317505813229803,1,0,-1.70216965899439,0,0
2178,0,2.01427245773284,1,0,-0.0444088952837065,0,0
2179,0,0.618325158995093,1,0,-0.268084958546974,0,0
2180,0,0.488642343347701,1,0,0.543305545779191,0,1
2181,0,1.38660094828909,0,1,1.5601541785824,1,1
2182,0,0.998639173811033,2,1,-0.356176008889954,1,0
2183,0,0.898509316453117,1,0,0.478863236582905,0,1
2184,0,0.0866023696794491,1,1,0.738957037514041,1,1
2185,0,0.0749163577953974,0,0,0.616566430872238,0,1
2186,0,0.0630854453949284,1,1,-0.235248593602955,1,0
2187,0,0.502079727130126,1,1,-1.46911784625513,1,0
2188,0,0.240900429586569,0,1,0.469701919941228,1,1
2189,0,0.116949638732497,1,1,0.362686556316951,1,1
2190,0,1.4009632111227,1,0,-0.614153276542488,0,0
2191,0,3.61787183245499,1,1,-0.243793604949643,1,0
2192,0,0.063757296489834,1,1,-0.400685146169935,1,0
2193,0,0.433832180294805,2,0,0.0609578818207822,0,1
2194,0,2.50376095635251,1,0,-1.68290733277475,0,0
2195,0,6,0,0,-1.23121677673447,0,0
2196,0,0.712469141512349,1,1,-2.03379010516929,1,0
2197,0,0.185320624976677,1,0,-1.24506970746038,0,0
2198,0,2.55127220089955,2,1,0.902669279835246,1,1
2199,0,0.525717757021387,0,1,1.29933115409197,1,1
2200,0,1.56260673705753,2,0,0.583617495702138,0,1
2201,0,0.127917877954644,1,1,0.233156361440522,1,1
2202,0,0.349048256765857,2,1,2.19762012166464,1,1
2203,0,6,0,0,0.603860692574466,0,1
2204,0,0.0535563265760515,1,0,-1.14895399561626,0,0
2205,0,1.02789984254583,2,0,2.54025049695,0,1
2206,0,2.99957517674439,2,0,0.606214507531619,0,1
2207,0,2.27311025949582,1,1,-0.458106089181904,1,0
2208,0,0.0271399176424379,1,0,-0.911407282377507,0,0
2209,0,0.542072220356222,1,0,-0.617651947267147,0,0
2210,0,1.73689196207976,1,1,0.0287555009894113,1,1
2211,0,0.397804067246339,2,0,1.09442942918062,0,1
2212,0,0.81801904848752,1,0,0.887788736314514,0,1
2213,0,0.279534866687806,0,1,0.704817018668212,1,1
2214,0,0.208016184335781,1,1,0.229199072349422,1,1
2215,0,1.60543597028708,1,0,-1.92064755321933,0,0
2216,0,0.190631973629345,1,0,-1.0505190433275,0,0
2217,0,0.0819994074602922,0,1,-1.37504152643081,1,0
2218,0,0.150160692181205,1,1,-0.928156053922064,1,0
2219,0,1.98948111593866,1,1,0.807070001934694,1,1
2220,0,1.80189751243687,1,1,0.0553414251462858,1,1
2221,0,1.76802601665258,0,0,-0.980052655850352,0,0
2222,0,0.756806132210593,2,0,-1.34258526736451,0,0
2223,0,5.08678141497807,2,0,-0.555229150136064,0,0
2224,0,1.92971937958685,0,0,-0.672746040376582,0,0
2225,0,0.00901178767283758,0,0,-1.77268451695097,0,0
2226,0,3.10380112853519,1,0,1.11082694094279,0,1
2227,0,0.832763561318632,1,0,2.06287662672409,0,1
2228,0,0.13073912346947,1,1,-3.05695059596232,1,0
2229,0,3.51840377961316,2,0,1.84247801264108,0,1
2230,0,0.302964054066901,1,1,-1.37356053164864,1,0
2231,0,1.21401461057919,0,1,0.418281994838837,1,1
2232,0,0.422235749201357,1,0,-0.546024759046697,0,0
2233,0,3.0182132489867,2,0,-0.653485225023043,0,0
2234,0,0.127742367607598,1,1,-1.90262722091056,1,0
2235,0,0.0504200395281907,2,1,0.7633191028417,1,1
2236,0,0.00327524660507962,1,1,-1.17377389653278,1,0
2237,0,1.0752323611329,0,0,0.380460109499741,0,1
2238,0,0.46394891126098,1,1,-0.180874329584614,1,0
2239,0,0.432321985094553,1,1,-0.551833876114895,1,0
2240,0,1.24869042707168,2,1,0.647512512300612,1,1
2241,0,0.579271125940694,2,1,-0.281172012510106,1,0
2242,0,0.228081021905774,2,0,2.64260217453807,0,1
2243,0,2.03264328182702,2,0,0.000211717057810761,0,1
2244,0,0.125882587931144,0,1,0.323463341413131,1,1
2245,0,3.18561691480378,0,1,-1.38433551014185,1,0
2246,0,0.0141534017784494,0,0,0.730277844266631,0,1
2247,0,0.958971868579586,0,0,0.704341743182571,0,1
2248,0,2.35475882087244,2,1,0.295021487225816,1,1
2249,0,1.5693153349814,2,1,-0.906280750268776,1,0
2250,0,0.101533328142293,1,1,0.125637948048756,1,1
2251,0,0.157725141104482,2,1,-0.835791424232838,1,0
2252,0,0.0740764511623727,1,0,0.988218946678879,0,1
2253,0,0.0386036814701708,1,0,-1.11828121837265,0,0
2254,0,0.386047789154866,1,1,-1.48570010780061,1,0
2255,0,1.3161401598457,2,0,-0.146354911922722,0,0
2256,0,0.0717105074689854,0,0,-1.47905105015203,0,0
2257,0,0.011200855574706,1,0,0.354261106298555,0,1
2258,0,0.667692505545404,0,0,0.589119687267819,0,1
2259,0,0.612174807941615,2,1,0.288293580505898,1,1
2260,0,0.380890666259611,1,0,-0.518188305547051,0,0
2261,0,1.39638725890171,1,0,-0.244871929206254,0,0
2262,0,0.118919288488205,1,1,1.773223749966,1,1
2263,0,0.195424882695079,0,0,0.886211582743707,0,1
2264,0,1.0419050434936,1,1,-0.225691367664699,1,0
2265,0,0.238383350890935,2,0,0.890836653961381,0,1
2266,0,1.48269955142842,1,1,1.44121794959082,1,1
2267,0,1.70238520447883,1,0,-0.247555340547992,0,0
2268,0,0.216315200037325,1,1,0.30043140825102,1,1
2269,0,0.44944831890723,1,0,-0.0266666242690249,0,0
2270,0,5.13707679571716,2,0,-1.54133633450728,0,0
2271,0,2.01328394313653,0,1,0.165088900358258,1,1
2272,0,5.44904079365366,2,0,-0.88456099226302,0,0
2273,0,0.792017872476454,2,1,0.14431644281148,1,1
2274,0,0.653753075605119,1,0,-0.0470365960269757,0,0
2275,0,0.0360479783611502,1,1,1.00217309261567,1,1
2276,0,0.577205509568254,0,1,-1.31300506972667,1,0
2277,0,0.587490955008731,2,0,0.657009312848206,0,1
2278,0,0.735367184262689,1,0,-0.405714016329776,0,0
2279,0,0.996140413629109,1,1,0.490911116001942,1,1
2280,0,3.20683129686979,1,1,-0.904782883761369,1,0
2281,0,1.26522352193236,1,0,-1.29536995309533,0,0
2282,0,0.0588838020598819,1,1,-2.60068067343073,1,0
2283,0,1.08053939910311,1,0,0.551738298648938,0,1
2284,0,0.346504191339877,1,1,-0.764314877687065,1,0
2285,0,0.174636058582916,1,1,-1.67085444649669,1,0
2286,0,0.501258890823906,1,1,-0.415380847915753,1,0
2287,0,2.60807343929333,1,0,0.00970666478072122,0,1
2288,0,0.753737565153878,1,1,-0.219152267340492,1,0
2289,0,0.453155836266324,1,0,-1.77230211346732,0,0
2290,0,2.55840705277434,1,0,0.968359922676661,0,1
2291,0,0.412362127875288,0,1,1.49711631676403,1,1
2292,0,1.19053815570118,2,0,0.00484332357897801,0,1
2293,0,0.547760616603917,1,0,-2.34994864187214,0,0
2294,0,0.353549595544135,1,1,0.128703522671449,1,1
2295,0,0.131739840789669,0,0,-1.87185570357771,0,0
2296,0,1.46237425506115,0,1,0.430938025602763,1,1
2297,0,0.573137145516587,0,1,-0.561018210451028,1,0
2298,0,2.54478030878262,2,0,-1.44743469288629,0,0
2299,0,0.447958020602252,1,1,0.700367268333513,1,1
2300,0,3.91569880722438,2,0,1.67247341485237,0,1
2301,0,0.168557385478851,1,1,-0.438722399654334,1,0
2302,0,3.38760474252405,1,1,0.593632840673375,1,1
2303,0,0.557045637334223,1,1,-0.610637830312388,1,0
2304,0,0.115368154668012,2,0,1.26627063022859,0,1
2305,0,0.18144437330871,2,0,1.32603763290705,0,1
2306,0,0.410298189409835,1,1,-0.250793033534253,1,0
2307,0,0.483109922138257,0,1,-1.73177533938642,1,0
2308,0,2.45668128365552,2,0,0.763789749004411,0,1
2309,0,0.410814999483502,1,0,-0.293918234135401,0,0
2310,0,0.399609806982201,2,0,1.52105378902243,0,1
2311,0,0.512219410674576,1,0,-1.52484540643245,0,0
2312,0,0.0166163531442483,0,1,-0.0598905636488723,1,0
2313,0,2.293751010015,2,1,-0.362207296369623,1,0
2314,0,0.167496186570986,1,1,-1.74658089651756,1,0
2315,0,1.12097390632285,1,1,-0.515688473343841,1,0
2316,0,0.562807578098751,2,1,1.53161638224897,1,1
2317,0,2.02946198246181,1,0,-0.762314058306198,0,0
2318,0,0.376750236346401,1,0,0.502420901740848,0,1
2319,0,3.29528002926862,2,1,-0.417772734058708,1,0
2320,0,0.0836844974154865,1,1,0.580473605503523,1,1
2321,0,0.490743085827326,1,1,-1.69746166012811,1,0
2322,0,0.126054951938091,1,1,0.980009101006065,1,1
2323,0,0.152476105956568,2,1,1.07451070905999,1,1
2324,0,0.163887469097972,0,0,1.77754915007766,0,1
2325,0,0.169892054853588,1,1,-0.403945733370343,1,0
2326,0,0.392422781869069,2,0,1.29209073479719,0,1
2327,0,0.0753174499430014,1,0,0.144675683277343,0,1
2328,0,0.347370728624217,1,0,-2.23766081632336,0,0
2329,0,0.275330780952375,1,0,-1.15103590433451,0,0
2330,0,0.951699690948536,2,1,0.238834877971845,1,1
2331,0,0.303044122068648,2,0,1.82195872602459,0,1
2332,0,0.1804582554371,2,0,0.434731467101001,0,1
2333,0,1.04920840252262,1,1,1.04351168178861,1,1
2334,0,0.792249563724595,1,1,-0.655382970330311,1,0
2335,0,0.318849192311366,0,1,-0.036832916968439,1,0
2336,0,1.52944202460986,2,0,0.00523026261644136,0,1
2337,0,0.0570960646159674,1,1,-0.609895181722531,1,0
2338,0,2.21099444012122,2,1,-0.944877174836946,1,0
2339,0,0.0989321689126364,1,1,-1.46746053804972,1,0
2340,0,0.750443011259079,2,1,2.67977974913003,1,1
2341,0,0.157174953515489,1,1,-0.420515455681701,1,0
2342,0,1.94769371799342,2,0,0.219943965139134,0,1
2343,0,0.460587269818788,1,0,2.43111694790609,0,1
2344,0,0.0889700225543524,1,0,-0.998599022571765,0,0
2345,0,0.619424315896816,1,1,-1.20810862835539,1,0
2346,0,0.186993777133434,1,0,0.177354432396087,0,1
2347,0,0.67093532106181,1,1,1.17871008302634,1,1
2348,0,0.207360423733981,1,1,-0.597822192569746,1,0
2349,0,2.96792474472531,2,1,0.547025402878684,1,1
2350,0,1.0465630919983,0,0,-0.430743573795066,0,0
2351,0,4.21093062178381,1,1,-0.741662034505943,1,0
2352,0,5.4053138304348,2,0,0.194310173118288,0,1
2353,0,0.0060296169789304,1,1,-2.71225496799059,1,0
2354,0,0.190452257024081,1,0,1.56020847766278,0,1
2355,0,1.38687990560995,1,1,1.63645116346732,1,1
2356,0,1.42923125841801,1,1,-1.1521151977976,1,0
2357,0,0.264484354834843,1,1,-0.0340166048195863,1,0
2358,0,0.0250400837948168,2,1,0.277372309917145,1,1
2359,0,2.88493555158136,1,0,0.762441990318114,0,1
2360,0,3.08474027965826,2,0,0.287925432194204,0,1
2361,0,0.0641513663038234,1,1,-0.501082268461834,1,0
2362,0,0.62257966990827,1,1,-0.246376730518518,1,0
2363,0,2.40775190191779,2,1,0.09373302827234,1,1
2364,0,0.134864229953761,2,1,0.858581393038053,1,1
2365,0,1.0854574113779,2,1,-1.32316342528913,1,0
2366,0,4.90339111256734,2,0,0.490256323833733,0,1
2367,0,2.57449097715169,2,0,-0.950767246276219,0,0
2368,0,0.386767147549231,2,0,0.879509675411809,0,1
2369,0,0.0433382386324533,1,1,-0.866598037430228,1,0
2370,0,0.134160902736557,2,1,-0.0866592158973529,1,0
2371,0,0.545278706404157,1,1,-0.328876770243916,1,0
2372,0,0.195170476552024,2,0,-0.521190019823926,0,0
2373,0,1.10254964490263,2,0,-0.163263085084321,0,0
2374,0,3.76613328734065,1,1,-0.921014045669709,1,0
2375,0,0.376363534457918,1,0,-0.0738594137409779,0,0
2376,0,0.402176797787543,2,1,-0.150344558223988,1,0
2377,0,2.86981392948812,2,0,-2.12055321028674,0,0
2378,0,1.31225154869017,1,0,0.0649606510659851,0,1
2379,0,4.88773109334746,2,0,0.210589559375183,0,1
2380,0,1.16013912051097,2,0,0.534820846889672,0,1
2381,0,0.00727786475489065,1,0,-1.81782437447603,0,0
2382,0,1.24665021032627,1,0,0.146919897417096,0,1
2383,0,0.612126079018136,1,1,0.0100185222738631,1,1
2384,0,1.86027975854557,2,0,-1.13633596610542,0,0
2385,0,0.535745876996758,1,1,0.33973353773759,1,1
2386,0,0.172604823669813,2,0,0.0325605759509984,0,1
2387,0,0.842247181939872,1,1,-0.631784655037853,1,0
2388,0,2.43300685030268,1,1,0.673880223559373,1,1
2389,0,0.0452739832603544,1,0,-1.06401994039678,0,0
2390,0,0.0502840630118158,1,0,-0.221446173834209,0,0
2391,0,0.161788185854498,1,0,0.609850782791329,0,1
2392,0,0.0369772920722789,2,1,0.402490538873858,1,1
2393,0,0.00948897587013916,1,0,-0.593322864699266,0,0
2394,0,0.0835501312125923,1,0,0.0560389487243892,0,1
2395,0,0.118641121466559,1,1,-0.160107889444261,1,0
2396,0,0.585304396227002,0,0,1.30008290805505,0,1
2397,0,0.0346113159307837,0,1,-1.56883316875694,1,0
2398,0,0.98653055417041,0,1,-0.728602401615777,1,0
2399,0,0.622791884969344,0,0,-0.721576500397637,0,0
2400,0,0.91397712941925,2,0,0.44126476860679,0,1
2401,0,0.340625407439974,2,0,0.00406582328954344,0,1
2402,0,1.93404369151969,1,0,1.39436888780919,0,1
2403,0,0.573644617778371,2,0,-0.287745345110928,0,0
2404,0,0.767737073119186,1,1,-0.75909334504918,1,0
2405,0,0.138582491233379,0,1,-1.41889485814333,1,0
2406,0,1.45592498277584,2,0,-0.548335729978634,0,0
2407,0,1.27650243021646,1,1,0.489205755917577,1,1
2408,0,0.509817730635405,0,0,-0.60451145084952,0,0
2409,0,0.0624212892440195,1,1,0.977085967774935,1,1
2410,0,0.0911063225071132,1,0,-1.34164913860031,0,0
2411,0,0.995477743050382,1,1,-1.32088548528814,1,0
2412,0,2.15783746980498,1,0,2.11213342358921,0,1
2413,0,0.51430811878907,1,0,1.00368298894578,0,1
2414,0,1.92165995950906,2,0,-1.23163731488115,0,0
2415,0,0.494991893704466,0,1,-0.538618165454423,1,0
2416,0,0.568580819914738,0,0,0.0957521538861576,0,1
2417,0,0.998102575540543,0,1,0.301296658545076,1,1
2418,0,0.519847648287512,1,1,0.00771351934122561,1,1
2419,0,2.48721814290981,2,0,0.0892262422973549,0,1
2420,0,3.20099809670144,1,0,-1.90779184649481,0,0
2421,0,0.209798052043124,1,1,0.964593151719321,1,1
2422,0,0.673137647258533,2,0,-0.749152193620515,0,0
2423,0,1.14714864751972,1,0,0.0284555027086046,0,1
2424,0,0.890908804296159,1,0,0.6172024193246,0,1
2425,0,0.333200153450452,0,0,-0.191457123306151,0,0
2426,0,0.231946834739174,1,0,-1.57399296377739,0,0
2427,0,0.786871197005815,1,0,-1.94654451099434,0,0
2428,0,0.255250632762909,0,1,1.41399647383363,1,1
2429,0,0.0672840173657932,1,0,-0.67872586389134,0,0
2430,0,0.589913499546663,1,1,-1.63543053252815,1,0
2431,0,0.771198645162807,2,0,-1.35081484070541,0,0
2432,0,0.261986762760681,1,1,-0.0322060176718743,1,0
2433,0,1.13806315513209,1,0,0.640311433378167,0,1
2434,0,1.56856580506547,1,1,-0.682528014231804,1,0
2435,0,0.726585569493575,1,1,-0.967464303975798,1,0
2436,0,1.4423384508302,1,1,-0.0293256849925835,1,0
2437,0,0.206527468941123,2,1,0.6075317095135,1,1
2438,0,1.08482175815449,2,0,0.586088522964459,0,1
2439,0,0.835465585588417,1,1,-0.922841939293261,1,0
2440,0,0.514390663640561,1,1,-0.728652959288692,1,0
2441,0,0.703277081888871,1,1,-1.82646518152201,1,0
2442,0,0.270374229993227,1,1,0.170643145061961,1,1
2443,0,0.617453976077516,1,0,-1.53793269547418,0,0
2444,0,0.382604781336718,2,1,0.0500689265691528,1,1
2445,0,0.380134424719286,1,1,-1.2599778664966,1,0
2446,0,0.624322982235012,1,1,0.199226287406017,1,1
2447,0,0.214255237348978,1,1,0.729231794687968,1,1
2448,0,3.05785522238605,1,0,0.739746969009321,0,1
2449,0,0.580873188532923,1,1,-0.81122728469997,1,0
2450,0,0.129604173786,1,1,-0.157892051491887,1,0
2451,0,0.0443856767978308,1,1,-2.04240434711822,1,0
2452,0,0.0943018024722891,1,1,0.518457478376289,1,1
2453,0,0.827693672306911,1,1,1.45591698830334,1,1
2454,0,0.29104700956002,1,0,0.621884984181756,0,1
2455,0,0.517118869489762,2,0,-0.262947911287312,0,0
2456,0,3.58194892320932,2,0,-0.776296217083124,0,0
2457,0,0.121805605543726,1,0,-0.653516173327575,0,0
2458,0,1.77415825116138,0,0,-0.416197067920064,0,0
2459,0,0.12416438426317,1,1,-0.346000794734896,1,0
2460,0,3.43466058859041,2,0,-0.0679057899550524,0,0
2461,0,0.592534421703011,2,0,0.440885683474155,0,1
2462,0,2.5876683733469,1,1,-0.099875174228471,1,0
2463,0,0.893296461045709,1,0,0.904926534904772,0,1
2464,0,0.429205365072767,1,1,-0.569308062684694,1,0
2465,0,0.362812818852899,1,1,-0.783595638242879,1,0
2466,0,0.0549435823039319,1,1,-1.06062914541587,1,0
2467,0,1.2274263271964,1,1,-0.453222187753178,1,0
2468,0,0.67683130865356,1,0,-0.835352910593071,0,0
2469,0,0.189733598817089,1,0,-0.920417009564244,0,0
2470,0,3.1697433058444,1,1,0.179306550623122,1,1
2471,0,4.0865437596302,1,0,0.935846161757667,0,1
2472,0,0.843351956076747,1,1,-0.863265399788507,1,0
2473,0,0.575005397997554,1,1,-1.43513340595451,1,0
2474,0,1.17593833979102,1,1,-1.24057078074845,1,0
2475,0,0.488868646022903,1,0,-0.374130588693835,0,0
2476,0,0.495959905842083,1,1,-0.0553085573533463,1,0
2477,0,2.05247311690653,1,1,0.6666294163339,1,1
2478,0,1.67964589979182,1,0,-1.08171838830632,0,0
2479,0,0.0465081744363689,1,1,0.837720876960597,1,1
2480,0,1.26655541021255,1,1,-0.267915697181124,1,0
2481,0,0.0510675782264644,2,0,-0.18321523394259,0,0
2482,0,2.99587998576508,2,0,-0.211888468047904,0,0
2483,0,0.00186567480235796,1,1,0.216157934370186,1,1
2484,0,2.24337987225866,2,1,-0.139063033524399,1,0
2485,0,1.93927659568832,2,0,-0.667013779834114,0,0
2486,0,0.145117827981155,1,0,-1.24710908265319,0,0
2487,0,0.291921120382841,2,1,1.43814981474329,1,1
2488,0,0.0989439359331666,2,1,1.00385551378913,1,1
2489,0,1.26418941795112,1,1,-0.270335825230761,1,0
2490,0,0.29069587711483,2,1,-0.502474766343578,1,0
2491,0,0.271925006335182,1,0,-1.00491193028562,0,0
2492,0,0.801939597859255,1,1,1.84684020533653,1,1
2493,0,0.0537390255094854,1,1,-2.02246567258501,1,0
2494,0,0.262105005482833,0,0,-0.113505476532911,0,0
2495,0,1.06932979672941,1,1,-0.046780072964052,1,0
2496,0,0.99929300965313,1,0,-0.394773813392503,0,0
2497,0,0.643583623094446,1,1,0.0796913236411801,1,1
2498,0,1.06547879776005,1,1,0.45335390262899,1,1
2499,0,0.0564943272408455,1,1,-0.799725230203583,1,0
2500,0,0.203330895306859,2,1,2.03710480158341,1,1
2501,0,0.00666009787838252,2,1,1.42120387786267,1,1
2502,0,0.230186487538606,1,0,-0.202790188400687,0,0
2503,0,0.711951459395306,2,0,0.184959087439671,0,1
2504,0,0.229641761311843,2,1,1.72543131177271,1,1
2505,0,0.843322745834788,0,0,0.464170781130283,0,1
2506,0,3.02076787776002,2,0,-2.36059535816457,0,0
2507,0,0.197524176498641,2,0,0.971237192045719,0,1
2508,0,0.139701781597735,1,0,-2.38208684393196,0,0
2509,0,0.0533486991283315,1,1,-1.18878656709754,1,0
2510,0,0.260968531231664,1,0,0.875617757956182,0,1
2511,0,0.293008050973952,1,1,-0.770680071280216,1,0
2512,0,1.13597908131329,2,1,-0.498100195711193,1,0
2513,0,3.51441831638416,0,1,-1.53870626688208,1,0
2514,0,0.909605033285414,1,0,-0.400545423981617,0,0
2515,0,0.294932227677896,1,1,1.98005809527361,1,1
2516,0,1.1762675152578,2,1,0.633933907095972,1,1
2517,0,0.102386245790545,2,1,0.966214810030111,1,1
2518,0,0.257535685474674,0,0,-0.218340477890509,0,0
2519,0,0.213492205814043,1,0,0.840902415616062,0,1
2520,0,6,0,0,-1.67533773308444,0,0
2521,0,0.0909740992586135,1,1,-0.407506449939056,1,0
2522,0,0.0911984221838048,2,1,0.674319280848238,1,1
2523,0,0.772523162887053,1,0,-0.244394764743217,0,0
2524,0,0.282401634803225,1,0,-1.05040528612348,0,0
2525,0,0.102237550670592,1,1,-3.15389766838566,1,0
2526,0,0.404457083615254,1,1,-1.18761195884324,1,0
2527,0,0.921174023921291,0,1,1.35150131851477,1,1
2528,0,2.99831182195834,1,1,0.351465191954241,1,1
2529,0,0.138454931399132,2,0,1.39254494749578,0,1
2530,0,1.93159006499275,1,1,1.17854236520527,1,1
2531,0,3.76834773872961,1,0,1.56967962175764,0,1
2532,0,0.10467045160968,2,1,0.313432226273558,1,1
2533,0,0.593279059976339,0,1,-0.0609153700253144,1,0
2534,0,1.11277107746773,1,0,0.182657059584255,0,1
2535,0,0.0458617071699137,1,1,0.370685538258259,1,1
2536,0,1.60789439811685,2,0,1.2126680231519,0,1
2537,0,1.12937166971403,1,0,0.627219731609562,0,1
2538,0,0.307378071845248,2,1,1.51553877995937,1,1
2539,0,1.59587611444294,0,1,-0.773657173612822,1,0
2540,0,0.0889305963242049,1,0,-0.0368706336194654,0,0
2541,0,0.57164512009893,1,1,-0.593406190498784,1,0
2542,0,0.404686105127136,0,0,1.23381017937055,0,1
2543,0,2.30637343565251,1,0,-0.297994712524011,0,0
2544,0,0.476072581694726,1,1,0.782058694781794,1,1
2545,0,0.13481723672214,1,1,0.013609725810315,1,1
2546,0,0.28484504592414,1,0,0.893662705724963,0,1
2547,0,1.27112738371467,2,1,-0.104533516830765,1,0
2548,0,1.27840054268761,1,1,2.19994656852919,1,1
2549,0,0.617608667302624,1,1,-0.0967619285261083,1,0
2550,0,1.16912973904367,1,1,-0.407099213212915,1,0
2551,0,0.450435463959972,0,1,-1.14613468588822,1,0
2552,0,2.02411485446327,1,1,-0.848110243455244,1,0
2553,0,1.45447309212652,1,1,-1.48041223071776,1,0
2554,0,0.0393969638901215,1,1,-0.912631432160203,1,0
2555,0,0.369616198525192,1,1,0.627982873842414,1,1
2556,0,4.26092495210469,0,0,-0.00200288416717571,0,0
2557,0,0.765498377688871,2,0,-0.149421678192334,0,0
2558,0,0.209770865895644,1,0,-0.253015702600448,0,0
2559,0,1.26218713519549,2,1,-0.304136730595934,1,0
2560,0,0.107596226084247,2,1,-0.186279240606291,1,0
2561,0,0.798261328203686,2,1,0.479630626111124,1,1
2562,0,1.60291182506106,1,1,-0.152413793225388,1,0
2563,0,0.95727410567288,2,1,0.0481332142172475,1,1
2564,0,0.645300238416635,1,0,-0.191555248810812,0,0
2565,0,3.60672397328274,1,0,-0.238441254917523,0,0
2566,0,0.386612978879579,1,0,-1.73086191663185,0,0
2567,0,1.04117298376541,2,1,0.172092551602515,1,1
2568,0,0.197652655804747,1,1,-1.31475514903382,1,0
2569,0,0.69698728135618,2,0,1.29079326005093,0,1
2570,0,0.467955128780407,1,1,-0.169532621021064,1,0
2571,0,0.566658443246305,1,1,0.568343742526199,1,1
2572,0,0.830896418069638,1,1,0.256900790708554,1,1
2573,0,0.876676775717187,1,0,-2.41820712440231,0,0
2574,0,0.565309023250175,0,1,-1.35289757943243,1,0
2575,0,0.242086275796169,1,0,-0.348973196973922,0,0
2576,0,0.691135071536304,2,0,0.667257007402747,0,1
2577,0,0.565009115444919,2,0,2.23986181239531,0,1
2578,0,1.12387835197506,1,1,-0.593029067713185,1,0
2579,0,0.0967975734991476,1,1,-0.616158279123611,1,0
2580,0,1.53799437344525,2,0,1.02523039521828,0,1
2581,0,0.767164473990373,1,0,-0.165997227668969,0,0
2582,0,0.188233980268595,2,1,0.558490408438743,1,1
2583,0,0.513053778642806,1,1,-1.03002582044195,1,0
2584,0,0.284113523869473,2,1,0.179409571113416,1,1
2585,0,0.154366451111847,1,0,0.175503845263202,0,1
2586,0,1.32511898733292,1,1,0.432531471977981,1,1
2587,0,0.996062344585808,2,0,0.941852703702837,0,1
2588,0,0.862366917232672,0,0,-0.524373919810096,0,0
2589,0,3.70575189256172,2,1,-0.47473260303164,1,0
2590,0,1.82104619088561,1,0,-0.165979695596609,0,0
2591,0,0.562882938616889,1,1,-0.0308791378677919,1,0
2592,0,0.230834131489958,1,0,-0.482914812383517,0,0
2593,0,1.91284052218368,1,1,-1.21531134999924,1,0
2594,0,0.618344429314276,1,1,-0.558090104616936,1,0
2595,0,0.267288672427336,0,0,1.35552761650949,0,1
2596,0,0.864489329779526,1,0,0.764852867155465,0,1
2597,0,0.93202703594148,1,0,1.10837609443181,0,1
2598,0,0.554034234457009,1,1,-0.980473029304207,1,0
2599,0,0.368094438066085,0,0,-0.108533083498101,0,0
2600,0,0.462318457042178,0,1,0.591428856872625,1,1
2601,0,0.338161461823498,1,0,-0.417217719846451,0,0
2602,0,0.194083546248941,1,1,1.00947384064481,1,1
2603,0,0.256135815913026,1,0,-0.937963473795605,0,0
2604,0,3.04042972599004,1,0,-0.771743454209831,0,0
2605,0,0.532076981927638,1,1,1.17294001554541,1,1
2606,0,0.520608608300487,0,0,0.349534291285931,0,1
2607,0,0.323491106877522,1,1,-1.27656903323346,1,0
2608,0,1.53050187523012,1,0,0.773825705630444,0,1
2609,0,0.589815279295753,2,0,0.1698478205866,0,1
2610,0,5.04684610169747,2,0,-0.801545786388642,0,0
2611,0,1.63741036583345,2,1,0.640311388774882,1,1
2612,0,1.34390336799453,1,1,1.25352101304768,1,1
2613,0,0.58854024210777,1,0,-0.331948878968893,0,0
2614,0,0.0176173727451643,1,0,1.22555915850501,0,1
2615,0,0.0895375966837295,2,0,-0.0854514257541785,0,0
2616,0,0.591385435913304,1,0,1.2865710181052,0,1
2617,0,0.0384069206867966,1,1,-0.187411089437525,1,0
2618,0,0.722904517239697,1,1,0.226171673015783,1,1
2619,0,0.00131625744301142,2,1,1.2158604211399,1,1
2620,0,0.0816887761646084,2,1,2.55303540239266,1,1
2621,0,0.315545997392861,2,0,1.48251442840019,0,1
2622,0,0.212690283707502,2,1,2.18652078330725,1,1
2623,0,0.0105276275353708,1,0,-0.591638113607617,0,0
2624,0,6,0,0,-0.81625147403786,0,0
2625,0,0.409871600647522,1,1,-0.686554573928761,1,0
2626,0,0.0394951116585903,2,1,0.628042313962851,1,1
2627,0,1.12512135634873,1,1,-0.408339565601668,1,0
2628,0,0.0431089997851105,1,0,-1.23901137830235,0,0
2629,0,0.233940325609848,1,1,-0.30512567947591,1,0
2630,0,1.78520073957824,1,0,-0.581670427593142,0,0
2631,0,0.196416724532054,1,1,1.69767085111116,1,1
2632,0,0.457238128470185,0,0,-0.18147075455591,0,0
2633,0,0.940379340953605,1,1,0.833263066903803,1,1
2634,0,0.3314475470222,1,0,-0.792755280504674,0,0
2635,0,0.0139339237016494,1,0,-1.3500886660712,0,0
2636,0,0.254966373938537,0,1,-0.893323471746637,1,0
2637,0,2.727851869773,2,1,-1.12293315073177,1,0
2638,0,0.264521453361489,1,1,0.224284580793977,1,1
2639,0,0.205541919172859,1,1,-0.351864306030834,1,0
2640,0,0.702945383025946,2,0,0.348613918861819,0,1
2641,0,2.00832898107668,0,0,-0.334271160416073,0,0
2642,0,0.789939225944926,1,1,1.25988029989187,1,1
2643,0,0.165341460432503,1,0,-3.4592477346614,0,0
2644,0,5.72888945570838,2,1,-0.453770871314188,1,0
2645,0,0.355189635107915,0,1,1.0073013254005,1,1
2646,0,0.179852383984584,2,0,0.756451038648361,0,1
2647,0,0.445863591944738,1,0,-0.689930876905476,0,0
2648,0,0.456548073633711,1,0,-2.64270400411381,0,0
2649,0,0.413482415800293,0,0,0.499987318403454,0,1
2650,0,0.818772911106593,1,1,-0.170458487720239,1,0
2651,0,0.291237372173499,1,1,0.0355582099580365,1,1
2652,0,3.50602565954129,0,1,0.344253612547447,1,1
2653,0,0.856780602984173,1,1,-0.0950741024304852,1,0
2654,0,0.923538832746797,1,0,0.105464463068068,0,1
2655,0,1.1331206895749,1,1,1.10695237079334,1,1
2656,0,1.77217695974366,1,0,-0.164449758358985,0,0
2657,0,0.503777835328415,1,0,-0.668151234990363,0,0
2658,0,0.353244438524533,1,1,0.390246784177007,1,1
2659,0,1.65216613783801,1,1,0.498326634660588,1,1
2660,0,2.4598257767436,2,0,-0.461690919931549,0,0
2661,0,0.0994254766380142,0,1,0.659167097343296,1,1
2662,0,0.994835460447482,1,0,0.149068808577461,0,1
2663,0,1.60508978473211,2,0,-0.601650167985392,0,0
2664,0,0.086555335579841,1,0,-0.94114754363795,0,0
2665,0,1.15635678900708,2,0,0.305523998000402,0,1
2666,0,0.144581031059342,2,1,-1.05241426146718,1,0
2667,0,0.0033777915639175,2,0,1.45808886873621,0,1
2668,0,2.13207797457774,0,0,0.501800014071004,0,1
2669,0,2.37338502580921,0,1,-0.507980527667256,1,0
2670,0,0.394301498661049,1,1,0.166162069027845,1,1
2671,0,3.19099085744606,2,0,0.909352561630754,0,1
2672,0,1.12660665469159,1,1,-0.075290973389018,1,0
2673,0,0.276865710220833,1,1,-1.25032067617207,1,0
2674,0,2.85821319284188,2,0,0.628386026000396,0,1
2675,0,0.0105385274258197,1,0,0.511513099882977,0,1
2676,0,0.00632314954874705,1,1,1.4436035672219,1,1
2677,0,0.318067578869765,2,1,2.05925325449077,1,1
2678,0,4.70798296350851,2,0,-1.34187181787548,0,0
2679,0,3.96591162740314,2,1,0.338962501494625,1,1
2680,0,2.85257812905771,0,0,-1.11016373941285,0,0
2681,0,1.51637402936994,1,1,-0.0821905264260932,1,0
2682,0,0.168827227734404,2,1,1.53049488508475,1,1
2683,0,0.097719347341469,2,1,2.22266643163344,1,1
2684,0,0.763770131758533,1,1,-1.6984856078005,1,0
2685,0,0.988618990883925,1,1,0.0539694785263114,1,1
2686,0,0.692986641967687,2,1,1.11104311895228,1,1
2687,0,1.51988537636583,2,1,0.180052198426439,1,1
2688,0,1.38876531073685,1,1,-0.00856516433552909,1,0
2689,0,0.529013425174792,1,1,-1.17218424483827,1,0
2690,0,0.535792112087944,1,0,1.14567134234931,0,1
2691,0,0.289821167673382,2,0,0.807114885939852,0,1
2692,0,0.396151984519323,1,1,-1.70585876353336,1,0
2693,0,0.716001087117533,1,0,0.837010184429702,0,1
2694,0,1.0353775921425,1,1,0.274569621783672,1,1
2695,0,0.423074479932532,1,1,-1.1463769233374,1,0
2696,0,0.988564629440088,2,0,0.222596534836327,0,1
2697,0,0.443173013613467,1,1,-0.967136142962683,1,0
2698,0,3.61737070278996,2,0,-0.00832513663562192,0,0
2699,0,0.0120538454023671,0,1,0.408380983551878,1,1
2700,0,1.98761439445843,1,1,1.36040506806048,1,1
2701,0,0.372061121271856,1,0,-0.106224237946973,0,0
2702,0,0.115526611674806,1,1,0.0581468409536188,1,1
2703,0,1.27482764440136,1,1,0.891747722392557,1,1
2704,0,1.18651966582105,2,1,0.375875293764449,1,1
2705,0,1.14815474652057,1,0,-2.50785512106297,0,0
2706,0,2.868323456496,0,0,-0.619984253632738,0,0
2707,0,1.09335695979044,1,0,-0.228900057257075,0,0
2708,0,0.135986187560296,1,0,-1.39537828628908,0,0
2709,0,0.563608899193111,2,1,0.0478092396281362,1,1
2710,0,0.7121228130356,1,1,0.736269884035321,1,1
2711,0,0.728303779222124,0,0,-0.383669798922625,0,0
2712,0,0.563586283133586,1,1,0.626369669484493,1,1
2713,0,2.48670519204969,1,0,-1.00289416969575,0,0
2714,0,0.675309604711508,1,1,0.570851418722261,1,1
2715,0,0.185174170895229,2,0,2.57760378027904,0,1
2716,0,3.3146869381203,2,0,-0.416455509744634,0,0
2717,0,1.39775482479613,2,0,1.76296561920763,0,1
2718,0,0.0460195795375777,1,0,-1.03540358704516,0,0
2719,0,0.171610934148236,2,0,0.771814180216231,0,1
2720,0,0.0201418939916745,2,1,0.657081172385049,1,1
2721,0,1.19939611701142,1,0,0.681656700362017,0,1
2722,0,0.415170046483116,1,1,1.20807843860971,1,1
2723,0,1.76860640070809,1,1,-0.27239117766852,1,0
2724,0,1.0122232015301,2,0,-0.586419341024347,0,0
2725,0,1.58252494925291,1,1,-0.671790586653326,1,0
2726,0,0.66254287109712,1,1,0.119841434965887,1,1
2727,0,0.707901078431236,2,1,0.0412932026888755,1,1
2728,0,1.48617150808778,2,1,0.773301614197757,1,1
2729,0,1.33188055477559,1,0,-1.19992189601488,0,0
2730,0,0.356872175736991,1,1,0.175873055171767,1,1
2731,0,1.49968268213011,2,0,0.121526751148374,0,1
2732,0,1.52494112392852,1,0,-0.345646756129661,0,0
2733,0,0.247696625727256,1,1,0.336420684022484,1,1
2734,0,2.52232282501093,1,1,-0.771666581323515,1,0
2735,0,1.55520717782196,1,1,-1.47378560219727,1,0
2736,0,0.16948124839939,1,1,-1.964565459869,1,0
2737,0,0.360857196051621,2,0,0.803529579585082,0,1
2738,0,0.0238864949447665,1,0,-1.35720776860504,0,0
2739,0,0.134706409159898,1,0,0.768038472662736,0,1
2740,0,0.0828601940957055,1,1,0.359884103963255,1,1
2741,0,0.532851138888241,2,0,-0.239887948785813,0,0
2742,0,1.39560845513951,1,1,0.139187218520647,1,1
2743,0,0.456435756522822,2,0,-1.46891056493695,0,0
2744,0,0.805013704644514,1,0,-0.319131141650932,0,0
2745,0,1.98050082350771,0,0,0.335448455460845,0,1
2746,0,0.243444516754757,1,1,-0.142142278646503,1,0
2747,0,0.198824462637411,2,1,1.3166265958819,1,1
2748,0,0.0143726212753041,1,1,0.139872029945948,1,1
2749,0,0.0296146878211265,1,1,-1.65045287048019,1,0
2750,0,0.465748347188611,1,1,1.84772571824433,1,1
2751,0,2.31628102195097,2,0,-0.303407684991287,0,0
2752,0,3.48214010087152,0,0,-0.50477843120921,0,0
2753,0,0.000262895298634438,1,1,0.889943713473193,1,1
2754,0,0.0975581740006653,2,0,-0.416279790704615,0,0
2755,0,1.33060796146869,2,1,0.390774967858254,1,1
2756,0,2.32166523792252,2,1,0.569525085180097,1,1
2757,0,1.91369462217676,0,0,0.0417629754022197,0,1
2758,0,0.432783391250546,1,1,-0.534437280254196,1,0
2759,0,0.24174479231866,1,0,-0.448818094395926,0,0
2760,0,1.02962751358039,2,0,0.670762902983743,0,1
2761,0,0.759981867525833,1,0,0.326095600515892,0,1
2762,0,0.0928557616017814,2,0,0.335271584649755,0,1
2763,0,1.17266618428165,1,0,-0.671865299195159,0,0
2764,0,1.94829147140483,1,0,-0.254635043466103,0,0
2765,0,0.186443475278264,1,1,1.36473211716118,1,1
2766,0,1.8588213841065,1,1,0.0490504429585311,1,1
2767,0,0.322812482674474,2,1,0.222228439360903,1,1
2768,0,1.64560381413421,1,0,0.351184330718531,0,1
2769,0,2.69695202739548,1,1,-0.35608972956032,1,0
2770,0,0.188344008878967,1,1,-1.75255036189578,1,0
2771,0,0.319226968064194,2,0,1.2185160478105,0,1
2772,0,0.573117222509831,1,1,-0.924209846374367,1,0
2773,0,0.105426500025773,2,0,0.738208512929017,0,1
2774,0,0.217454620263014,2,0,0.486264766314821,0,1
2775,0,2.31930823550003,1,0,0.570407468322812,0,1
2776,0,0.385736826534217,2,1,1.35760046605254,1,1
2777,0,0.147132913733689,1,1,-0.218986474908051,1,0
2778,0,1.58074001826082,1,1,0.0220317137979973,1,1
2779,0,1.4360209737631,1,1,1.04439765864214,1,1
2780,0,0.749924554137186,2,1,0.927200098006531,1,1
2781,0,0.0987456935238522,2,1,1.78022459375846,1,1
2782,0,0.333662681660768,1,0,-0.807491055463501,0,0
2783,0,0.795046408026869,2,0,2.54468236591055,0,1
2784,0,0.0909556214624651,2,1,-0.140957253472799,1,0
2785,0,0.86242086367003,2,1,0.868583029797634,1,1
2786,0,0.590253683715843,1,1,0.103432948278336,1,1
2787,0,0.588353676028255,1,1,-1.00907357969788,1,0
2788,0,0.865498785378039,1,0,0.342066815457306,0,1
2789,0,0.218130464853343,2,1,1.87363641751699,1,1
2790,0,0.273925392903729,1,1,-1.25873301515962,1,0
2791,0,2.59619723637443,2,0,-0.263548912423947,0,0
2792,0,0.332272287737216,1,1,-1.75068732799091,1,0
2793,0,0.225915165773622,2,0,-0.187326928035575,0,0
2794,0,3.35588736459613,0,0,0.225945694143755,0,1
2795,0,0.126116751380615,1,0,0.319674632572614,0,1
2796,0,0.504239688452989,1,1,0.84028853176775,1,1
2797,0,0.611443291904982,1,1,-0.934462853683886,1,0
2798,0,0.259316738633183,1,1,0.248470860215613,1,1
2799,0,1.65694187553731,1,1,0.14087104482819,1,1
2800,0,0.1204685446832,1,1,-1.40901119668894,1,0
2801,0,0.549404398279449,0,0,1.012614161414,0,1
2802,0,0.538633773343753,2,1,1.35416540431179,1,1
2803,0,0.279497218628724,0,0,-1.14978626463612,0,0
2804,0,0.234765320861404,1,1,-0.497086163016874,1,0
2805,0,0.0723033471458685,2,0,0.0552033974033264,0,1
2806,0,3.91047294939492,2,1,0.108608266754388,1,1
2807,0,3.65172606272002,0,0,-0.159547734684593,0,0
2808,0,0.438568236888359,1,1,0.204312406161083,1,1
2809,0,0.219372877188462,1,1,-0.19853511005475,1,0
2810,0,0.373968326027179,1,0,-2.29891832330205,0,0
2811,0,0.555349762251681,2,1,1.31004219139038,1,1
2812,0,0.573339033945062,1,1,0.057744283169514,1,1
2813,0,0.808474687721108,1,0,0.0446530228255826,0,1
2814,0,0.437057020117033,1,1,0.491311417038431,1,1
2815,0,0.113663954188576,1,0,-2.72019089178645,0,0
2816,0,1.06461166404188,0,0,-0.146956818735344,0,0
2817,0,0.507856240976606,1,0,0.288293963059782,0,1
2818,0,0.224721104758121,1,0,1.20947730198784,0,1
2819,0,0.198516179762724,2,1,1.17713982445952,1,1
2820,0,0.0761602086397044,1,1,1.0119262973261,1,1
2821,0,1.26126758133372,0,1,-0.588760158154635,1,0
2822,0,1.74079556731625,2,0,-0.346908145142711,0,0
2823,0,0.823066395748242,2,1,1.57717821008349,1,1
2824,0,1.30023211420034,1,0,-0.490481032348361,0,0
2825,0,0.252526197073228,1,0,1.01216630331835,0,1
2826,0,0.686590832199708,1,0,-0.782079281240611,0,0
2827,0,0.77258837776645,2,0,1.83662543924516,0,1
2828,0,0.264529054999233,1,1,-0.974556475502309,1,0
2829,0,0.397886770183315,2,1,0.590271637088411,1,1
2830,0,1.17153512793344,1,0,-1.78195908650935,0,0
2831,0,1.43429423939161,2,0,0.0986072634505866,0,1
2832,0,1.70708102304747,0,1,-0.273652813810166,1,0
2833,0,0.13530223360493,1,1,-2.28981078978194,1,0
2834,0,0.329883854755347,1,1,-1.65672751756465,1,0
2835,0,1.67488406929293,0,1,-0.76494056878299,1,0
2836,0,0.0543909424204662,2,0,1.09011761771552,0,1
2837,0,1.08030006071491,1,0,1.56654551859105,0,1
2838,0,0.0709463460264913,1,1,-0.125976032877555,1,0
2839,0,0.430731723212907,2,1,-0.133252666579824,1,0
2840,0,1.76340229528053,1,0,0.651344097173721,0,1
2841,0,0.885596335193685,1,1,-1.04155565810744,1,0
2842,0,0.576733601286104,2,0,1.18993058640173,0,1
2843,0,1.71276884008028,1,1,-1.7042091749817,1,0
2844,0,0.349053222065171,0,1,0.464568741939882,1,1
2845,0,0.186976021674995,1,1,-0.548009188086917,1,0
2846,0,1.94468084943058,1,1,0.391487226045932,1,1
2847,0,0.318928394315055,2,1,0.0849966684864429,1,1
2848,0,0.0138421252539012,1,1,0.154839427044991,1,1
2849,0,0.849484289009323,1,1,0.569160245019438,1,1
2850,0,0.34910624991321,1,1,-0.812315365233127,1,0
2851,0,0.531398671196789,1,0,-1.61007823419851,0,0
2852,0,1.07421937528557,0,0,-0.849485558556051,0,0
2853,0,2.51407723226549,1,0,1.30841864798227,0,1
2854,0,2.13943487132799,2,1,0.462786116364415,1,1
2855,0,3.0897315090747,0,0,-1.00473951361583,0,0
2856,0,0.406981742029079,2,1,0.180591254857734,1,1
2857,0,0.581550023298829,2,0,1.56778364457972,0,1
2858,0,0.163433110146644,1,0,-0.246818257269333,0,0
2859,0,2.01359359857937,0,0,-1.04439004063348,0,0
2860,0,0.497188645103218,1,1,-1.09308761227392,1,0
2861,0,2.18258944866714,1,1,-0.186989584317754,1,0
2862,0,0.0285487300425926,2,1,1.36595493902565,1,1
2863,0,0.367543604478932,1,0,-0.361198658524642,0,0
2864,0,0.252799959230431,1,0,-0.593349180754776,0,0
2865,0,0.0549922436742504,1,0,0.516912064066469,0,1
2866,0,1.46638674598284,2,0,0.72382295917055,0,1
2867,0,1.11946818516606,2,0,0.453659232816375,0,1
2868,0,1.23581982017159,1,1,0.129952139878818,1,1
2869,0,0.31881147186593,1,0,-0.787926176808501,0,0
2870,0,0.393810244625075,1,0,-0.889945783289624,0,0
2871,0,1.05599344938894,1,1,-0.722749757089028,1,0
2872,0,1.38671970325354,1,0,0.343524806744958,0,1
2873,0,0.345149604827919,1,0,-0.0734867345214307,0,0
2874,0,2.73857808577036,2,0,-1.13529459702281,0,0
2875,0,0.299238165929899,1,1,-0.816465457544369,1,0
2876,0,3.79361205697914,1,1,0.413223730824262,1,1
2877,0,0.00019255382592112,0,1,-0.418804751692095,1,0
2878,0,0.594407424556211,2,1,-0.686478808645223,1,0
2879,0,0.121664372182331,1,1,-0.367383658169398,1,0
2880,0,0.269118050734202,0,0,-0.449374659282171,0,0
2881,0,0.4726712374034,2,1,1.5210521175905,1,1
2882,0,0.357720005348701,1,1,-0.174501870340723,1,0
2883,0,0.0934257300482688,1,1,-0.27784822253544,1,0
2884,0,2.31445066009959,0,1,0.443793147881733,1,1
2885,0,0.226497398630785,1,0,-1.9946549275133,0,0
2886,0,0.388515813397528,1,1,-0.938325344086002,1,0
2887,0,0.490285074382007,2,0,0.946887576720142,0,1
2888,0,0.612474780556094,1,0,-0.931665539261418,0,0
2889,0,0.415437860755823,2,0,1.5396967616515,0,1
2890,0,0.698807904089179,2,1,1.57236486219199,1,1
2891,0,0.115978935112556,0,1,-0.978574533018717,1,0
2892,0,0.589110700102564,1,0,-0.895874553095726,0,0
2893,0,1.11474666494228,2,1,0.364841930166841,1,1
2894,0,0.0368436557492789,1,0,-0.990490870069386,0,0
2895,0,0.170102842773,0,1,1.90791823129176,1,1
2896,0,0.0993356782932011,0,0,0.334937481274592,0,1
2897,0,2.49036095702756,1,1,0.680300889493837,1,1
2898,0,0.0517147830886339,1,1,-0.197175724044438,1,0
2899,0,0.616908436948886,2,1,1.85668853733784,1,1
2900,0,1.96196043775497,2,0,0.523921715752421,0,1
2901,0,1.15115481728277,1,1,0.207352796704997,1,1
2902,0,0.142729730274248,2,0,1.11372412284606,0,1
2903,0,0.0307026268921666,1,1,-0.168391732969671,1,0
2904,0,1.27637440365715,1,0,-0.43011096723921,0,0
2905,0,1.59866982088144,1,1,0.462863274846187,1,1
2906,0,0.526676928863277,1,1,-0.290398065197071,1,0
2907,0,0.496878339402636,1,1,-0.610287154090138,1,0
2908,0,0.0758554659736925,2,0,1.37577657155089,0,1
2909,0,0.633019387383577,2,0,2.12210636955397,0,1
2910,0,0.809214251199005,1,1,0.702037843463952,1,1
2911,0,0.683769956262663,2,0,2.36219900258144,0,1
2912,0,1.28938231559723,1,0,1.04638665898541,0,1
2913,0,0.557019883681813,1,1,0.515930263852554,1,1
2914,0,0.241262671659279,1,1,0.959324690919579,1,1
2915,0,0.606453207617105,1,1,0.523374144109228,1,1
2916,0,0.0955533645586015,2,0,1.42432240222117,0,1
2917,0,2.56416604821123,1,0,0.325731895810652,0,1
2918,0,0.877850664711046,2,0,1.38223413074839,0,1
2919,0,0.253491201808272,2,0,1.32363310328559,0,1
2920,0,0.0426613166928291,0,1,0.177634513590461,1,1
2921,0,0.415851606408295,1,1,0.819353184696246,1,1
2922,0,0.293744947710894,1,0,-0.427953179566371,0,0
2923,0,0.305432423870367,1,1,0.327574893515879,1,1
2924,0,0.69440527685662,0,0,0.24899851487737,0,1
2925,0,0.926798336518296,1,1,-0.0979250946576736,1,0
2926,0,0.501692704248296,1,0,1.09860931931244,0,1
2927,0,0.484912137569586,1,0,2.50838618709051,0,1
2928,0,0.458882240421879,1,1,-1.01661604391871,1,0
2929,0,0.486171328102814,1,0,-1.2908223519321,0,0
2930,0,0.543618362721692,2,0,1.03107189205161,0,1
2931,0,0.494673530012302,1,1,0.216125899484388,1,1
2932,0,0.150432797475191,2,0,-0.300805257077513,0,0
2933,0,0.0609836049996285,1,1,-1.95685063735127,1,0
2934,0,1.09305453192414,2,0,2.48692708257465,0,1
2935,0,0.468921974061574,1,1,-0.203911321569805,1,0
2936,0,0.0456184812639215,1,1,-1.16024569359742,1,0
2937,0,0.565452614800869,1,0,-1.23893891903776,0,0
2938,0,4.26773410054256,1,0,-0.0623918595007652,0,0
2939,0,1.32048571942099,1,1,-2.1630684229007,1,0
2940,0,2.71447291117829,1,1,-0.268468195910488,1,0
2941,0,0.045712850920063,1,1,0.479653243750548,1,1
2942,0,3.23491235114411,2,0,0.702476738135125,0,1
2943,0,0.297330167000353,1,0,-2.42885653403591,0,0
2944,0,0.229311560591062,0,0,0.984609432859936,0,1
2945,0,0.326892842644988,0,0,-0.211678383196064,0,0
2946,0,0.383806967769889,2,0,-0.650978838894313,0,0
2947,0,1.89850969905307,2,0,0.21701505757201,0,1
2948,0,0.96438937962601,1,0,0.921441114112598,0,1
2949,0,2.34378333100499,2,0,0.218846938263335,0,1
2950,0,0.659204964000579,1,1,0.631859633740509,1,1
2951,0,2.23486504343075,0,0,0.640264994058811,0,1
2952,0,0.844182346633207,1,0,-0.532982944846576,0,0
2953,0,1.12077726663592,0,1,1.07732953686905,1,1
2954,0,0.48598313213436,2,1,-0.0308768081810314,1,0
2955,0,0.344398287303716,2,1,-0.841614727311931,1,0
2956,0,0.566809386456837,2,0,0.156936306790779,0,1
2957,0,0.287542137677865,2,0,0.656761140629136,0,1
2958,0,0.0327501494502626,1,1,-0.719853738617009,1,0
2959,0,0.819595443491035,1,0,-0.164422705119402,0,0
2960,0,0.0293227800477334,1,1,-0.585533843040286,1,0
2961,0,2.03594935189504,2,1,0.17566327075561,1,1
2962,0,0.195472056025476,1,1,-0.00466699134015336,1,0
2963,0,0.11921883896188,1,1,-0.636358571764087,1,0
2964,0,0.374107723442652,1,1,-0.832974459725189,1,0
2965,0,0.334197219349805,1,0,0.819114648183766,0,1
2966,0,0.506047911600152,2,1,-0.549673368529205,1,0
2967,0,0.413862751615599,1,1,0.357757258840142,1,1
2968,0,0.968607153949513,2,0,-0.343200720363258,0,0
2969,0,2.06735568650422,1,1,-0.130475241774181,1,0
2970,0,0.717712173718055,1,1,-0.225736895756498,1,0
2971,0,0.227967723636627,0,1,-1.78544886258713,1,0
2972,0,0.259143077252276,2,0,0.47130652588212,0,1
2973,0,3.08455808272125,0,1,-0.101251579506656,1,0
2974,0,0.319523794744419,2,1,1.24069431255275,1,1
2975,0,0.537257775805298,1,0,0.749168898439894,0,1
2976,0,1.30373205263851,0,0,-0.969657601182652,0,0
2977,0,1.03037510611778,1,1,0.0617817805559329,1,1
2978,0,0.912630086330201,1,0,0.679858963144799,0,1
2979,0,1.12727870643102,2,1,1.69366111804197,1,1
2980,0,1.43497889104095,1,1,-0.284907700574726,1,0
2981,0,0.200239416832725,0,0,0.0679023532091813,0,1
2982,0,0.320995308711858,1,0,-1.34350246051025,0,0
2983,0,0.295304048594489,1,1,0.448988297009625,1,1
2984,0,0.84807484271434,1,0,-0.573650488610382,0,0
2985,0,3.70050017215889,2,0,0.797826938743722,0,1
2986,0,0.0142090330901505,1,1,-0.787536882088765,1,0
2987,0,0.910522959974202,1,1,-0.0966665570518392,1,0
2988,0,2.68931456220647,0,0,-0.555809611551037,0,0
2989,0,2.51486937867828,2,0,1.17462759166474,0,1
2990,0,0.228066363757848,2,0,-0.657038332756908,0,0
2991,0,0.760176257639013,1,1,-0.0293795002728265,1,0
2992,0,0.00707696418836964,1,1,-2.37753275140157,1,0
2993,0,0.142190568850857,2,1,0.186711813288665,1,1
2994,0,0.688270914677029,2,1,-0.597775092963124,1,0
2995,0,0.493444176977898,1,0,-0.710892425536807,0,0
2996,0,0.198233614417308,1,1,-0.777326248468282,1,0
2997,0,0.264503595729669,0,0,-1.11402625262186,0,0
2998,0,0.833459970800591,1,1,0.726791204397785,1,1
2999,0,0.0303543300592833,2,0,1.23499904341365,0,1
3000,0,0.4532029877751,2,1,0.892116451070754,1,1
