"id","L","X","status","z1","z2","cgroup","tgroup"
1,0.753746435770558,3.47866762973193,1,1,-1.26041649389072,1,0
2,0.580917555942304,0.973131415076424,2,1,0.509274711938511,1,1
3,0.0807235369251834,3.6677998899062,2,0,-0.401366736938244,0,0
4,0.699238584687312,1.96665525520783,1,1,0.834418294415573,1,1
5,0.238662784298261,6,0,0,-1.98065078606945,0,0
6,0.618236953806546,3.32490765424146,1,1,2.31764798613708,1,1
7,0.324902180582285,0.820178716695164,1,0,-3.19003652291455,0,0
8,0.048302411289436,0.244636188406019,1,1,-1.85725338298423,1,0
9,0.267503777773837,0.81854216148156,2,0,-0.0902504790958843,0,0
10,0.678216896744238,1.5062560164025,1,1,-1.32648509292825,1,0
11,0.558369268352787,0.822641327402128,1,0,-0.00646719264691284,0,0
12,0.273606864221376,0.823436117717012,1,1,-1.89087270544814,1,0
13,0.0971919318868054,0.467046784865302,1,1,1.1789129261941,1,1
14,0.209592343233836,1.94758681205856,1,1,-0.309995361660132,1,0
15,0.202771234221982,0.795223887839464,1,0,-1.11725035966031,0,0
16,0.218247403908107,0.297609652010203,1,1,-1.55894573912795,1,0
17,0.395386669163903,0.469620202862215,2,0,0.821011028686826,0,1
18,0.197107921250992,1.305271855667,2,0,0.162722944252368,0,1
19,0.0758436777525478,0.125263556887564,2,1,1.31518482628535,1,1
20,1.1221151508752,1.48938445101649,2,0,0.499608816579727,0,1
21,0.272767052261366,1.26421549978356,0,0,0.679748383212296,0,1
22,0.151086388052338,1.34602075762819,2,0,1.85196435867702,0,1
23,0.0237308816160857,2.48413954794566,2,0,-0.0158612266439434,0,0
24,0.4456526077473,0.466221117181823,2,0,-0.105548679916152,0,0
25,2.06711580967508,4.13361900673429,2,1,0.123161586381042,1,1
26,0.163660288477937,0.626843741577588,1,0,-0.778773001938907,0,0
27,0.0613349329473244,0.656954811595526,2,0,0.742557625916835,0,1
28,0.257127618821275,0.484028208863044,2,0,0.779340904500982,0,1
29,0.0929488448633088,0.102699118921891,2,1,3.39829892206701,1,1
30,0.00527000075442773,0.614168893917794,1,0,-0.836733259425823,0,0
31,0.257129653150009,1.54512433645626,0,0,-0.574730287061726,0,0
32,0.242453638153772,0.535846216398108,2,1,0.256761759689672,1,1
33,0.0651209651735803,0.681043444907762,1,0,0.580943191010827,0,1
34,1.20169811194887,2.10505564697087,0,0,0.31062955284386,0,1
35,0.31402246767862,1.3285037305707,2,1,1.5431144022118,1,1
36,0.857953662689974,1.24424227548961,1,0,-0.910422557384483,0,0
37,0.16095204020126,3.44424832301835,0,0,-0.250635788422743,0,0
38,0.0858952498270406,0.774088281517228,0,0,-1.02215032692133,0,0
39,0.334949873698254,1.43976513424246,1,1,0.27729218859941,1,1
40,1.89508900236693,4.93727096968347,1,1,0.213157736156714,1,1
41,0.343207364591459,0.677043387539262,2,0,1.14307180505015,0,1
42,0.234886127937999,0.847026135622444,2,0,1.13423582657074,0,1
43,0.844121450420786,1.29232198236327,1,1,0.845983802937575,1,1
44,0.306124050273663,0.882217578823191,1,1,-0.304895759848855,1,0
45,0.0800420144266607,3.76533083432432,2,0,-0.281037207359029,0,0
46,0.216440340090129,0.893946208125427,1,1,-1.36135980543652,1,0
47,0.0251399116409401,0.462200009209808,1,0,-0.668066968989172,0,0
48,0.580672812648118,5.2132309335383,2,0,0.835666500207189,0,1
49,0.348873519772489,4.21521388133893,2,0,-0.496301158084541,0,0
50,1.43897896524404,2.86268393757577,2,0,-0.24854376049864,0,0
51,0.276089661961628,0.73398428644748,1,1,-2.44749730984964,1,0
52,0.273707346576783,0.714829238926262,1,1,0.000913207623300465,1,1
53,1.07734566446279,1.52832809159106,1,1,1.9073924002922,1,1
54,0.890183678471062,0.921884317264426,1,0,-1.47979359793894,0,0
55,0.879269169803805,3.13432810948703,1,1,0.841388273961204,1,1
56,0.24880211852077,0.359563535351119,1,1,-0.582802295235279,1,0
57,0.539377877592213,0.875805012852621,1,1,-1.07696932800023,1,0
58,0.644434600447615,0.653860968808408,1,0,-0.337904995256584,0,0
59,1.30794638892302,2.27094761470295,2,0,-0.313899933238374,0,0
60,0.772661159064703,1.75402935488362,1,1,-0.42000131930408,1,0
61,0.0333978858011333,1.54877860264714,2,0,1.09742489782596,0,1
62,0.268027074078642,0.858206072201331,0,1,0.438432605883933,1,1
63,0.0675988357515265,0.478758787937896,1,1,-0.276107580114929,1,0
64,4.09037628362534,5.32938915008533,0,1,-1.1054317401322,1,0
65,0.335838548849137,1.30992530805303,1,0,-1.73462658266486,0,0
66,1.0978059201138,2.10145137877939,1,0,0.285176868868585,0,1
67,0.0334708618172459,0.754190608859062,0,0,-0.00295225047165454,0,0
68,0.520799471479323,1.08377124505325,1,1,0.536844364720795,1,1
69,0.579199553467333,1.41901568734146,1,0,-0.516202023021304,0,0
70,0.493533916769411,0.997386598995802,1,0,-1.01292743107824,0,0
71,0.701800321435763,2.45449219738658,2,1,0.277128707477022,1,1
72,0.275214101958329,0.372125122480564,1,1,-0.637972910160359,1,0
73,0.118674768341912,0.43524128391077,1,1,-0.782191228407297,1,0
74,0.215754863985585,1.54951232746635,2,1,0.374492244399942,1,1
75,0.0842647599926829,2.18030006192794,1,1,0.0186207601782362,1,1
76,0.184805612809264,0.357521368999796,1,1,-2.24879547813623,1,0
77,0.11847356871934,0.317097860772098,1,1,-0.72629419771729,1,0
78,0.266944815197753,2.60719106843074,0,0,-0.321480364202158,0,0
79,0.301882847374197,0.728609731391582,0,0,0.444095770922849,0,1
80,0.658545888856881,1.27180397775778,2,1,0.247259401602712,1,1
81,1.11080296844728,5.69825528577158,2,0,-0.197436131158272,0,0
82,0.365606740142518,2.11727950009096,1,0,-1.4265542796652,0,0
83,0.99966836571165,2.27372209710481,2,1,1.66812847317269,1,1
84,0.17710478303747,1.12048324526682,1,1,0.323860118956831,1,1
85,0.429531420286957,0.455775895555656,2,0,1.79972907865717,0,1
86,0.898950647124286,1.26884048270127,1,1,-1.4580399466948,1,0
87,0.913718425518619,1.01718606488401,1,0,-0.501196063933123,0,0
88,0.684004711608092,0.7041440711334,1,0,0.345643894028446,0,1
89,0.00893790067897903,2.23674257683676,1,0,0.481033340172766,0,1
90,0.259812099652158,1.61749841434508,1,1,1.31605105780691,1,1
91,0.0293377973222798,0.147823244293532,2,0,2.59238590447385,0,1
92,0.330745764594111,1.00103652521025,2,0,1.96866805025457,0,1
93,0.118513772678044,0.529911712973238,1,0,-0.499527200829776,0,0
94,1.78141692230042,2.10292898103636,1,0,-0.637051098834799,0,0
95,0.183236331471966,0.873102518698368,1,0,-2.41530728895494,0,0
96,0.104476378633681,0.161349270704695,1,0,-1.01403400103287,0,0
97,0.0283429849271973,0.175520522824723,1,0,0.45445361722978,0,1
98,0.679071142027776,0.84229978365149,2,0,2.27831816937469,0,1
99,0.024710267217705,0.126356076137852,1,0,0.00210744528299355,0,1
100,1.27263995607166,2.5520088353748,2,1,-0.425448932146,1,0
101,2.10925383719452,2.77537746356332,0,0,-1.12538304107219,0,0
102,0.47054548114311,0.941876511741038,1,0,-0.80389642735237,0,0
103,0.584740178245637,3.68350679656637,2,0,-0.396206891611974,0,0
104,0.0928354227087564,0.386999848710616,1,1,-0.708397215803788,1,0
105,0.728593428826167,2.0164557904709,2,1,-0.0986308034075387,1,0
106,1.13583219159333,1.43250450010531,1,0,-1.26644052620004,0,0
107,1.45029370771813,2.50242675144473,2,0,1.5270835014387,0,1
108,0.416870818266438,0.703623691871636,2,1,-0.513768604564698,1,0
109,0.109244589727532,1.68033857665617,1,0,0.333507123026498,0,1
110,0.0348408230476909,0.359756361089146,1,1,-1.15677549882002,1,0
111,0.693222476272947,1.03170807044762,2,0,-0.506538372773072,0,0
112,0.255613996026417,1.39023094483114,1,0,-1.99579051310559,0,0
113,0.0517569595928468,0.165747589013559,2,1,0.810561826922155,1,1
114,0.410345068925785,0.791536514074602,0,1,-1.13898912992794,1,0
115,0.0157176754954788,0.353975894341181,1,1,1.09746494774664,1,1
116,0.272153717566433,0.806174520403147,0,1,0.429544670486385,1,1
117,0.790309192980012,1.02560279890895,0,0,0.885443777128779,0,1
118,0.413174530387753,1.66949976794643,2,1,0.50494354087514,1,1
119,1.82581161449952,1.91185650726159,0,1,1.15733284207518,1,1
120,0.251245462956528,0.956501135069476,1,0,-1.66998397779833,0,0
121,0.639085430237982,2.15828770927416,1,0,0.887267057947488,0,1
122,1.23591609397996,1.41020045716784,1,1,-0.0057368756644634,1,0
123,0.139146589467095,0.257307828159725,2,1,-0.459071959482947,1,0
124,0.191432024973134,1.09363041908217,1,1,0.823160877974731,1,1
125,0.399225563067179,2.02753254212439,0,0,-0.122601783047551,0,0
126,0.239319791499939,1.03755012443404,2,0,1.8384792368639,0,1
127,0.759734745758275,1.96443893079028,1,1,-0.907631023146461,1,0
128,0.216229579905508,0.261219795793295,0,0,-0.211120127637891,0,0
129,0.509116057203048,2.38431541517497,2,0,-0.318720867474993,0,0
130,0.0536642161508401,0.354279361135258,1,1,-1.64719138067677,1,0
131,0.272756555738548,0.442311244001694,1,1,0.913740667124138,1,1
132,0.0454607429923907,0.555495828497238,2,1,0.0235100244429716,1,1
133,0.263617448656455,0.615571218954944,1,0,0.473034824627865,0,1
134,0.192426746894484,2.61962393298745,0,0,0.363487729421919,0,1
135,0.272823287588027,1.33134984563543,1,0,-0.13584447411267,0,0
136,0.553662501345269,2.18748865516526,1,0,0.246442797723087,0,1
137,0.332767375123998,6,0,0,-0.975948499739048,0,0
138,0.79769484273783,1.4775250472255,1,1,-0.208520471798391,1,0
139,1.9296496502965,4.1441103319327,0,0,-0.0738127102239646,0,0
140,0.197801707933346,4.5990755556904,1,1,0.116481649791647,1,1
141,0.601650038734078,1.66080414967801,2,0,-1.06574193588684,0,0
142,1.45341649056121,3.20888331441627,1,1,0.422747557177605,1,1
143,0.832968778707241,3.10863487817253,1,0,1.4069944430572,0,1
144,0.124916593130264,0.413246182995232,1,0,-1.98604395928792,0,0
145,0.220338314399511,0.372518759510835,2,0,1.33365640333333,0,1
146,0.283512490735286,0.721811928541943,1,1,0.781779299407221,1,1
147,0.0798588541569522,0.368715275074276,1,0,-1.08825349405444,0,0
148,0.445366053738528,6,0,0,-0.857300720542762,0,0
149,0.200741506802539,1.51628636822406,1,1,-1.38389665086206,1,0
150,0.361777164530159,2.13989123587591,2,0,0.853173108777509,0,1
151,0.46779807501783,1.29517474681584,1,1,0.0323082530376289,1,1
152,0.144384126743646,0.89355171037217,0,1,1.10499724460217,1,1
153,0.233476829922034,0.295270923240204,2,0,0.927051615868839,0,1
154,0.175745569479962,0.424617428287434,1,1,0.749797394370671,1,1
155,0.248389503297706,2.45614141942402,2,0,-0.887458021532183,0,0
156,0.307036270904872,0.767772622585671,0,0,0.491092060235468,0,1
157,0.391457377312084,2.24838750788717,2,1,1.02000512150565,1,1
158,0.126730450429022,0.675457846173186,1,1,-0.163443339970282,1,0
159,0.00153883774247434,0.696706113507505,1,1,1.94635196639805,1,1
160,0.279770863449408,0.749223978931265,1,1,-1.74515448453601,1,0
161,1.10525262280413,2.79529399702042,1,1,0.535848407902722,1,1
162,1.17221673221523,2.54701538699328,1,0,-0.406987541522161,0,0
163,0.16877133709689,1.10274363826542,1,1,0.394416117473346,1,1
164,0.446841501527362,1.04960855821928,1,0,0.75671874178836,0,1
165,0.105010388522512,1.3725554322203,0,0,-1.9382150904356,0,0
166,0.15869087436133,0.988688105717301,0,0,0.123825846913925,0,1
167,0.563082360411853,6,0,0,-0.741100108474223,0,0
168,0.435496243751711,1.15348519629862,1,0,1.38359063447374,0,1
169,0.556510498540269,2.13551105743913,2,1,-0.0200868112711004,1,0
170,0.132604761107607,0.761642894565865,1,0,0.882445634230921,0,1
171,0.434221916107668,1.03301382984966,2,1,0.672809438922735,1,1
172,0.246491963528367,2.37247496796712,1,1,-0.510196652525507,1,0
173,0.643980933042864,1.89005772678942,1,1,0.817194730901432,1,1
174,0.214072831234062,0.767279513484773,2,1,0.400187575155736,1,1
175,0.510487730821802,3.55221644043922,0,0,-0.911783882309301,0,0
176,0.972782626099238,1.32697997713964,2,1,-0.242097734106709,1,0
177,0.510685716945083,0.785295580703738,1,1,0.167456384084344,1,1
178,0.465742329963379,2.04947645296016,1,1,1.1187764099106,1,1
179,0.137948743067682,2.21026924568313,2,0,1.0687014285941,0,1
180,1.21804324181015,4.95219157467059,2,1,0.804590181911895,1,1
181,0.373187420579294,1.05301169666907,1,1,-0.311504142696418,1,0
182,0.147583863560192,3.112136569495,0,0,-1.04977106326661,0,0
183,0.827932598871708,1.9709610266626,1,0,0.236523793465954,0,1
184,0.110131788831592,2.1426799453729,2,0,-0.838658146304719,0,0
185,0.493807305788828,0.657048741761389,2,1,0.712852227371369,1,1
186,0.193661633982427,1.41675784096349,2,0,0.0464729509220788,0,1
187,0.0214580087931801,1.6164708980546,1,0,1.40551275992225,0,1
188,0.0841227365243766,0.274264882547075,1,0,0.496243985313147,0,1
189,1.7226208828284,2.04087833563642,2,0,-0.219224096518527,0,0
190,0.0156628238775037,1.10329512817164,0,1,-0.442291603286951,1,0
191,0.137620349414647,0.521378311496102,1,0,-0.0349737939994522,0,0
192,0.0886211746061842,0.450715760186801,2,1,1.60715627422863,1,1
193,0.342410707121922,0.988614445593378,1,0,1.18200097777544,0,1
194,0.348459297386259,0.476393198558504,1,0,-0.047360391227683,0,0
195,0.0461757792002066,2.22015715125735,2,0,-0.607125862517111,0,0
196,0.0900745279179802,0.409431535950441,1,1,-1.72038322047748,1,0
197,0.128061261774264,0.786354337559783,1,1,-1.13832989385386,1,0
198,1.84578841128882,2.22094230273371,2,1,-0.393290956762936,1,0
199,0.52661808155891,0.713721124116046,2,0,-0.27322898132412,0,0
200,1.00282021379605,1.14627037180111,1,0,-0.412690972562465,0,0
201,0.279942502915286,0.935217361466757,1,0,-0.312574100941651,0,0
202,0.317930316345559,6,0,0,-1.20400471823366,0,0
203,1.21558276828264,2.32350125360867,2,1,0.226229286238335,1,1
204,0.215009374337064,0.961860079939167,0,0,0.117532866617946,0,1
205,0.436777742065116,1.44880687705468,1,1,-2.00336915415271,1,0
206,0.483707584888398,1.35681948961294,1,0,0.0953041053464575,0,1
207,0.585817430748308,2.47203094086017,2,0,0.450369891156999,0,1
208,0.04992717894262,1.52867408815319,2,0,0.386836057330317,0,1
209,0.243134800758627,0.543923269257433,0,0,-0.760847535509354,0,0
210,0.0633237798137418,0.0815624856769877,2,0,0.72010136107285,0,1
211,0.121388743274852,0.198954750980135,1,1,-0.448098522471828,1,0
212,0.701695658887426,1.43009535016636,2,1,-0.226209906867536,1,0
213,0.509933069762256,0.849334712450703,0,1,-0.104250901409586,1,0
214,1.01204203861627,1.07078498165635,1,0,0.669497602854312,0,1
215,0.504970086428026,2.49204468717342,2,1,1.03301802909649,1,1
216,0.811737195231531,0.98688880304155,2,0,3.32444647239339,0,1
217,1.80563747496536,2.56861016488781,1,0,1.19502696339193,0,1
218,0.389114733164509,1.53732874730633,2,0,0.425579754370174,0,1
219,0.0253753395130237,0.757987958332891,1,1,-1.24555200132843,1,0
220,0.719433404608733,3.14056275573463,2,0,-0.427861248918283,0,0
221,0.441766931778855,0.809122370526174,1,1,-0.696616422061889,1,0
222,0.0312526073927681,2.24872947081366,1,0,1.14662406037448,0,1
223,2.57375663132374,3.03874080690245,0,0,-0.447943157504703,0,0
224,0.350678673324486,0.428335671752322,2,0,-0.201525069759714,0,0
225,2.05370029425226,2.30994534511364,2,1,0.466844902242365,1,1
226,0.553255112738245,1.6981698312353,1,0,-0.897706998499178,0,0
227,0.740945260040462,0.785247250440386,1,1,0.519034368832734,1,1
228,0.700497477211886,2.12746160386103,1,0,-0.816378108797882,0,0
229,0.181584185403254,0.732525686939443,2,1,0.193687030441554,1,1
230,0.291438752666629,0.314325310213188,0,0,1.98260932095874,0,1
231,1.13510536184159,1.3719109877116,2,0,-1.2236559798805,0,0
232,0.259870344048573,4.14848722207747,2,0,0.0781065410883772,0,1
233,0.71747404574934,1.89480513644715,0,0,-0.945837502254165,0,0
234,0.323419415185021,2.9788666015907,2,0,-0.220689756212726,0,0
235,0.284405613525046,0.40707108746888,1,1,-1.33893412381134,1,0
236,1.34219705743394,2.34542228186476,2,0,0.695213942911588,0,1
237,0.0380844282754366,0.0952460678915183,0,1,-1.55251602981996,1,0
238,1.58451371993665,3.07085675891542,2,0,0.856287237446965,0,1
239,0.997688643838991,4.89711945286747,2,0,0.105797937326513,0,1
240,0.844386576938643,1.14035131079831,1,0,-0.778842436947608,0,0
241,0.485328517647253,2.82428202031445,1,1,-0.513442671501812,1,0
242,0.236870102029124,0.842720857724057,1,0,1.57194910251339,0,1
243,1.59473090749746,1.85305950075657,1,0,0.480815544357061,0,1
244,0.46494138168378,1.32133858148806,1,0,-1.12738889038026,0,0
245,0.398414624441001,0.69392043127961,1,0,-0.765299873608428,0,0
246,0.583266270243459,4.43215470416744,2,0,0.115917695904883,0,1
247,0.0633944492666481,0.302730337797461,1,1,0.0732143000084545,1,1
248,0.0153953483742144,2.89905159185269,2,1,1.06872944332546,1,1
249,0.556776885253688,1.02310801888665,1,0,-0.624777484936949,0,0
250,0.962410813357777,1.98812011670133,1,0,-0.804528267250621,0,0
251,0.0246850395524787,0.0380238038473096,1,0,-1.06543424705432,0,0
252,0.179175537149912,0.387073126896545,2,0,0.657592995138627,0,1
253,0.549137235929335,0.90304373537578,1,1,-1.15355252416986,1,0
254,0.973337005149873,1.2544089387642,1,0,1.36589973539411,0,1
255,0.349112704262251,1.00167950537846,1,0,-0.669776279860788,0,0
256,2.29975808195541,5.26854877457529,2,0,-0.857247839945764,0,0
257,0.293758288430556,0.546503706831367,1,1,0.902341436647959,1,1
258,0.189312002171207,0.669794574605554,2,0,0.590763074862761,0,1
259,0.18993014407532,1.23103462517731,0,0,0.941059326328092,0,1
260,0.760827043300701,6,0,0,0.225868020031226,0,1
261,0.0311468986587392,0.209299479091494,1,0,-1.09376386576888,0,0
262,0.375708322454658,2.16957956010587,1,0,-0.537021528525631,0,0
263,0.0012366759759732,0.585622203931484,2,1,1.13609748104771,1,1
264,0.406744446501964,1.5462617763217,2,0,0.169384917255081,0,1
265,0.0785957680394252,0.403508380427631,1,0,1.09257166401014,0,1
266,1.70066769784154,2.15586670335507,1,0,-1.01893961086952,0,0
267,2.12722671312361,4.43156236973499,2,0,-0.174719887353938,0,0
268,0.266985472084747,2.09182384928537,2,1,0.51066605422083,1,1
269,0.0260775215509865,0.554615507207894,1,1,-0.441797898659404,1,0
270,0.753742346229653,3.50443584115009,1,1,-0.493167308536493,1,0
271,0.854412794983892,1.18081962678433,1,1,-0.297388670109392,1,0
272,0.333359960673584,0.653980177651091,1,1,1.05104013690771,1,1
273,0.860351910767966,2.37720621009456,2,1,-1.55047552963277,1,0
274,0.92186426747312,5.34222140134296,2,0,-0.437905363775629,0,0
275,0.40562690804816,3.64167603963254,2,0,-0.492715247908572,0,0
276,1.60487711834182,2.99153583959625,1,1,0.264249575606109,1,1
277,0.698232504332231,2.25514044035573,1,0,-0.039731265445551,0,0
278,0.224723364693478,0.333193982756864,1,0,0.280445503796948,0,1
279,0.854321919955823,1.53973882859583,1,1,-0.0767753526233924,1,0
280,0.459182894685202,0.576861037288239,1,1,-0.176135440429046,1,0
281,0.113162132911384,3.0239418973876,1,1,0.0625227740679994,1,1
282,0.883028302519233,1.24401444219863,2,0,1.62691479933115,0,1
283,0.165959003691872,0.285102554172122,1,0,-1.17026813999112,0,0
284,1.17156674356396,1.22076397339949,1,0,-0.459575856369121,0,0
285,0.266216536904314,0.376952765509486,0,0,1.16082109083341,0,1
286,0.0568448358164357,0.639910525628768,1,1,-0.880117291764672,1,0
287,0.332988665471615,0.88862582533382,1,1,-2.75776417739381,1,0
288,0.195842828187678,0.514525822297557,1,1,-1.75807264180152,1,0
289,0.257463204491144,0.531187008070187,2,1,0.76766354746365,1,1
290,0.581005099746916,0.703763499057832,1,1,-0.44890327442114,1,0
291,0.82851407837836,1.0048506936853,2,0,1.1022881246528,0,1
292,0.195719252811704,1.02078139280625,1,1,-1.10970068467243,1,0
293,0.450368512593696,3.88079125868595,1,0,-1.16170437890898,0,0
294,0.208255784625167,0.346146266286572,0,0,-1.67826555238583,0,0
295,1.14509713831347,1.29640079112418,1,0,0.6387531244884,0,1
296,0.101605079964631,1.78399315668217,2,1,-0.0207509238338048,1,0
297,0.0271702375884285,1.73074307531203,2,0,0.0978287516831955,0,1
298,0.690768161374662,2.22036245194616,1,0,0.522842957881403,0,1
299,0.582694726292918,1.39291181105247,2,0,1.73411224663757,0,1
300,0.12246578052226,0.240098914987807,1,1,-1.66586195240575,1,0
301,0.201403037127521,0.475266536288087,1,0,0.298053257135089,0,1
302,0.182025937570466,0.437648953348806,1,0,-0.53710844407268,0,0
303,1.19125124372841,1.78767868054889,1,0,1.79946146277719,0,1
304,0.210483700714694,0.4212931151047,2,0,0.199042359910683,0,1
305,0.394109664333138,0.706506638388166,2,0,2.3494963425773,0,1
306,0.154565303172502,0.184244972120101,1,1,-1.37026462410857,1,0
307,0.85685125857891,0.972888929606027,1,0,0.341752679205911,0,1
308,0.41757576012363,1.69451736807082,1,0,0.285206510032696,0,1
309,0.299122037055592,1.95199930663691,2,0,-0.551007127200977,0,0
310,0.0791369285642038,0.451421806851944,2,1,1.46224185015517,1,1
311,0.47408375216441,0.986181440291232,1,0,-0.336430066179935,0,0
312,0.906254541496118,1.23529636168746,2,0,-0.161820165075747,0,0
313,0.0258153961557481,1.0106862724282,1,0,-1.54940458147493,0,0
314,0.226895318159627,1.03502901167343,2,0,0.381365499379224,0,1
315,3.17050114709244,3.35770738541204,1,1,-0.713388255482767,1,0
316,0.817809050028205,1.09094955112816,1,0,2.29338238162821,0,1
317,0.140068080379731,1.00530196058242,2,0,0.99635356705503,0,1
318,0.609266987691323,0.654811326510866,1,0,-0.741224433979065,0,0
319,0.212790960390842,0.846441579132665,1,0,0.817035866486671,0,1
320,0.330976170694046,0.842602230337734,1,0,-1.37286189121526,0,0
321,0.0282981200143695,1.81598001208945,2,1,-0.128449249566099,1,0
322,0.687511128166484,5.60496147273675,2,0,-0.829161049366734,0,0
323,0.285116525677343,0.71764277680184,2,0,1.35226015910656,0,1
324,2.35831205408677,2.39295085530596,1,1,0.341775573483144,1,1
325,1.37425937478213,2.15408836030481,1,0,-0.454421252393092,0,0
326,1.51741803619068,2.06354219769158,2,1,0.983761161208568,1,1
327,0.388156226836145,2.0133419034034,1,1,-0.422682733215214,1,0
328,0.331961080018017,0.592288072696067,0,0,-0.161644705128934,0,0
329,0.044831321468798,1.60110043196831,1,0,-0.588566376383638,0,0
330,0.351878987728722,0.434659950650665,2,1,0.887043276580536,1,1
331,0.513728169413904,1.47930336287916,2,1,-0.0899483931906422,1,0
332,0.293699516914785,1.3448697689009,1,1,-1.37216115564055,1,0
333,0.302683103622662,1.06236783493148,1,0,1.71943149623171,0,1
334,0.858687874296983,1.0587737888494,0,1,-0.549365968167989,1,0
335,0.0535361210091247,2.1965675099104,0,0,-1.34723665623549,0,0
336,0.363292862764663,0.597350085222203,1,1,1.09029964735954,1,1
337,0.0260913159905208,3.4805545662873,2,0,0.113362801338282,0,1
338,0.262013957835734,2.10798317410722,2,0,1.55670515321918,0,1
339,0.340521175563452,0.522183076673768,1,0,-0.515013886487654,0,0
340,0.761572298490339,1.08004443278312,2,0,0.30511637607889,0,1
341,0.156338402173585,0.477602824767253,1,1,-0.480914639098582,1,0
342,0.094224882760769,1.05899253672198,2,1,1.2513433878105,1,1
343,0.218285916060541,3.86607693197827,0,0,-0.692059312537804,0,0
344,1.34585381273894,1.56535292349409,2,1,0.424501445104256,1,1
345,0.301513543042044,0.566412292434827,1,0,-0.887710121641596,0,0
346,0.052641327270876,4.23463497931759,0,0,-0.625006385157368,0,0
347,1.92488728081785,3.56387162581086,0,1,-0.403814116258865,1,0
348,0.0567989434034476,0.312194352451009,2,0,1.06198647209214,0,1
349,0.181409465149045,1.11395786652296,1,0,1.5702025869115,0,1
350,1.30595680412977,1.47233753294598,1,0,-0.0880345410615725,0,0
351,0.0176930841472414,1.06316218152642,0,0,-0.727500533985385,0,0
352,0.6244152592909,1.38149594601773,2,0,-0.170072092823998,0,0
353,0.205142311234441,1.41026889585797,0,1,-0.366413884787677,1,0
354,0.140758187147932,0.19841869319754,1,0,-2.22573819912525,0,0
355,0.00356468557577682,1.41836504616992,1,0,0.937343769482634,0,1
356,0.0300717700479759,0.367517398990659,1,0,-0.675857120016305,0,0
357,0.517705729645159,4.1392092734841,2,0,0.0332219983244158,0,1
358,0.447581699118018,0.600939625654214,0,0,1.182333737033,0,1
359,1.38377345783314,1.4921927701268,2,1,0.480765995666103,1,1
360,0.00703016192548805,1.0049435883408,1,1,-1.0889226811497,1,0
361,0.0437169863531987,1.32511776140697,2,0,2.34399329863074,0,1
362,0.288136763912108,0.863837849213365,1,0,-0.555307221618053,0,0
363,0.494785122497656,1.6951585156096,1,0,0.847972736147497,0,1
364,0.0311844826080182,1.52001570360613,1,0,-0.468137222780943,0,0
365,0.242714315859808,0.310937731971069,1,1,-2.12970416705757,1,0
366,0.159073646904694,0.892441055426995,0,0,-1.49636218435353,0,0
367,0.255976584965129,0.81749629980672,1,1,-1.1695122668124,1,0
368,0.0870265185626017,1.1065475314766,0,1,0.274065558013141,1,1
369,0.187251861074507,0.398464217437128,1,0,-1.05070461158159,0,0
370,0.959625400332563,4.453060621975,2,0,-0.624108037669345,0,0
371,0.734652650749518,1.3543813303113,0,0,-0.057504659454444,0,0
372,0.431061606296445,1.30107647749301,2,1,0.569673310793668,1,1
373,0.239543890432505,0.313743168988807,1,1,-0.583031980510448,1,0
374,0.18301780283865,0.606646618118965,2,0,0.236749567271906,0,1
375,2.26359810256894,2.44071258257848,2,0,-0.170947606415472,0,0
376,0.0556606346465297,6,0,0,-0.389324041238285,0,0
377,0.418316598257257,1.80867523163924,2,0,0.16645999964342,0,1
378,0.48091534162975,1.12616150985838,2,0,0.684955955096448,0,1
379,0.304565755650401,0.744041360536627,1,1,-0.884403369062803,1,0
380,0.141124487337139,1.0835564931021,2,0,1.42743493217357,0,1
381,0.117459344263706,1.47880660954985,1,1,-0.151171264396556,1,0
382,0.189634076971812,0.53508313428791,2,0,1.09608595839651,0,1
383,0.100783013441734,0.931022747730215,0,0,-0.843623104137366,0,0
384,0.811753389592452,3.49737241172476,0,0,0.61577579338138,0,1
385,0.500201371808847,0.572441802945076,2,0,1.45637256335408,0,1
386,0.190713189852734,0.582349884472274,1,0,-0.452590028000217,0,0
387,0.85899588174158,4.70765163154704,2,0,-1.04436319008603,0,0
388,0.0216251929342792,0.248822001146525,1,1,-0.283431092864441,1,0
389,0.29996719573521,0.504583045294352,2,0,0.951920021061449,0,1
390,0.0988234290328561,0.396229271953465,2,0,0.437545611838356,0,1
391,0.350719827415211,0.455652136179789,2,1,1.36208916200324,1,1
392,0.921089337678102,1.22012259872181,1,0,0.589931185257738,0,1
393,0.142454555672076,0.27433835511006,1,0,-0.861537574217392,0,0
394,0.233335075237549,0.654171888357742,2,0,0.220951368108231,0,1
395,0.230153947033816,0.442127852302249,1,0,-2.33534393739298,0,0
396,0.135115251565973,0.605479501025158,1,1,-0.869610229267883,1,0
397,0.100387112479937,1.73973131741686,1,0,-0.541143648445949,0,0
398,0.428664365192142,1.0787976565326,1,0,-1.3733293998756,0,0
399,1.32762140693235,1.56518319687608,1,0,0.528271077069597,0,1
400,0.654839088415934,0.726964460095411,1,0,-0.703029648356821,0,0
401,0.152091388590634,0.645641337908261,1,1,-1.06964968027446,1,0
402,0.0275125720581754,0.23229775721435,1,1,1.39276543707451,1,1
403,0.0672064328359233,2.61317016320016,1,1,1.11855141396825,1,1
404,0.0458388051225079,0.585710161055128,0,0,-0.10823517378771,0,0
405,0.830738521087562,1.28994427007812,2,0,0.492828356252502,0,1
406,0.835798787052025,1.67666080913847,1,1,0.212903009128756,1,1
407,0.195720926204212,0.928391072605163,1,0,-1.20042091614129,0,0
408,0.038842708912188,0.411084508523345,0,0,-0.40727094068112,0,0
409,1.22697314863703,1.73505003756508,1,0,-0.350123189479105,0,0
410,0.0174044765945938,0.458760906687353,0,0,0.773075321635883,0,1
411,0.316861189073986,0.44838933434196,1,1,0.0470576679569358,1,1
412,0.820769983193623,0.832035768339629,2,0,1.09820863086088,0,1
413,0.370357302534911,2.05887074603942,1,0,-0.928564785489611,0,0
414,0.126781564516326,0.897876448377115,2,1,0.268234067126289,1,1
415,0.196016837532322,1.73551242798567,0,1,-0.551964983239836,1,0
416,1.43252997902152,1.43388930494159,2,1,1.1048411397068,1,1
417,1.24487089402445,1.2965198382281,2,0,0.502422525404196,0,1
418,0.73944627152135,0.826523210278306,1,0,-1.0945734682255,0,0
419,0.153165895891088,0.275313762416429,0,1,0.92961336381083,1,1
420,0.386416693218052,0.611941783606774,2,0,-0.335171166745121,0,0
421,0.0022415646041433,1.01332192422274,1,0,-0.35820331493866,0,0
422,0.116833947185013,1.88555496417962,1,0,-1.85584353956391,0,0
423,0.178564606855313,0.483261779517763,1,1,-1.00043341586009,1,0
424,0.947270464726303,1.00485808603465,0,1,0.000967804217996471,1,1
425,0.863029270696653,0.976499380440664,2,0,0.164866613912258,0,1
426,0.316278562467131,0.65202035009861,0,0,-1.02504379332587,0,0
427,0.0907869754958929,0.149245389426748,0,0,-1.27506669578104,0,0
428,0.336771990793447,4.06377843271093,2,1,0.0423451022264008,1,1
429,0.35081493858399,0.608897553663602,1,0,-0.62040185805394,0,0
430,0.0256501526261369,1.54749460515498,1,0,0.348486952234107,0,1
431,0.122500010248688,4.26432725608521,2,0,-0.407038879559359,0,0
432,0.151602291605539,1.23449288929502,0,0,-1.00563461547607,0,0
433,1.02785230402617,1.42351100995571,1,1,0.0965506797766521,1,1
434,0.354546132990516,0.724793767174801,2,0,0.273289324708426,0,1
435,0.097785447975094,0.209143937751888,1,1,-0.468834450510075,1,0
436,0.00810984413553194,0.099241172110347,1,1,-0.579255951533517,1,0
437,1.16113389527104,1.91364798807247,2,0,-0.973912816439321,0,0
438,0.344544862810936,0.383830104886028,0,0,1.02565393958241,0,1
439,0.171308070613915,3.26518535196601,2,0,1.18511425424119,0,1
440,0.470290240935153,1.0423245963951,0,0,-0.133857725689972,0,0
441,0.0197875246198641,0.135705771904084,1,0,-0.90905502678272,0,0
442,0.65476952224142,1.26696698100462,2,0,-0.806726447039449,0,0
443,0.189664668610526,5.50749102579363,0,0,-0.728782429315425,0,0
444,0.425460605054266,0.542266359568726,1,0,-1.91642913667005,0,0
445,1.36505251435241,1.96488736512843,2,0,-0.451617795228978,0,0
446,0.410593657706541,3.35818712585986,2,0,-0.290080904703888,0,0
447,1.28897997752959,1.77602396282627,2,0,-0.382593117318185,0,0
448,0.199902548661662,0.77243582316103,1,1,-1.4604456025702,1,0
449,1.3418312597967,1.56585583215469,2,1,0.985901096519229,1,1
450,0.819245520932489,1.9079783302616,1,1,2.78520670984323,1,1
451,0.0327886836002067,2.12801528907032,2,0,-0.329454584220036,0,0
452,0.060122043101324,1.4602442093101,1,1,1.18223723049194,1,1
453,1.85135063809424,3.53672937849113,1,0,-0.814558835101871,0,0
454,0.114006133646601,3.74280545291631,1,0,-0.53916053545154,0,0
455,0.0109972189077073,0.501068409784245,1,0,-0.294199233689127,0,0
456,0.175099859221114,0.26154367986547,2,1,-0.763972010296105,1,0
457,0.458311566876041,3.23902373758166,2,0,-1.38180686102787,0,0
458,1.51072165096271,1.68780310064092,2,1,0.224009727577776,1,1
459,0.677327622349064,1.03920825120829,1,1,-0.533804186999462,1,0
460,0.0979811154926817,0.359089952405902,0,1,-0.860415238216145,1,0
461,0.172273067550527,1.91831447673246,1,1,0.0884241504801025,1,1
462,0.133341715360681,0.597560864126599,1,0,0.139256851876726,0,1
463,0.212592080028521,0.533676627209339,1,0,-0.66547938089042,0,0
464,0.155766069369494,0.277618458567148,0,1,-1.61689267051936,1,0
465,0.986009971889474,1.52584485552376,2,1,0.875635803440413,1,1
466,0.735150657387243,1.72814334845805,1,1,-0.187504691542709,1,0
467,0.0638807014096391,0.149722115078811,1,1,-0.703724184325662,1,0
468,0.602748366962063,0.912562739257148,2,1,1.09586095872514,1,1
469,0.0533294679798046,0.505428814223685,1,1,-0.73602081381436,1,0
470,0.355733125239976,2.4085233019044,0,1,-0.413325017022013,1,0
471,1.09911834505996,1.25197759852657,2,0,0.380609469008347,0,1
472,1.53517719146578,4.05580567816893,0,0,-0.0743816333105471,0,0
473,0.0187011211738688,1.8342726592275,2,1,0.600934010048406,1,1
474,0.0160256891447118,1.2734684442061,2,1,2.28647177366212,1,1
475,0.311257683982452,0.661185739510851,2,0,0.364106868602613,0,1
476,1.24892019248143,1.42305608813909,1,0,-0.610281007441662,0,0
477,0.588315153597958,1.68584171806,1,1,-0.457739084822107,1,0
478,1.07431568752411,1.73691269528701,2,0,0.79651701468673,0,1
479,0.191462894148191,0.337333613046291,1,0,0.497079403671009,0,1
480,0.0291813853093319,0.471979522456725,0,1,1.12501166095906,1,1
481,0.576926897363909,0.888631446901877,2,1,0.771994235798536,1,1
482,0.00479626767466056,0.232486647543639,1,1,-0.11199909226566,1,0
483,0.056172483311197,0.42966588451187,1,1,-0.744865622635007,1,0
484,1.11705828878371,1.12557608071187,2,0,1.35777555828799,0,1
485,3.51349334509197,6,0,1,-0.737176354075238,1,0
486,0.0456347397704589,1.08272518719965,2,1,0.853375256146304,1,1
487,0.173612611475531,0.893891024270835,1,1,-0.157625003226045,1,0
488,0.195283685396943,0.445428786746668,1,1,0.671963514533702,1,1
489,0.786849835856821,1.32404371433138,1,1,-0.234341533604773,1,0
490,0.816502692175815,2.58904377929866,0,0,0.188034854920052,0,1
491,0.36661414636506,1.58657663213064,2,0,-0.023131038363246,0,0
492,2.27869539201858,2.4324623187258,0,1,1.02292838877703,1,1
493,0.0295686939110359,1.27968416739386,2,1,-0.0380557331512229,1,0
494,0.0669571471060382,0.352871132393678,0,0,-1.54260185421712,0,0
495,1.02002718274264,1.72439529619871,2,0,1.13445319140642,0,1
496,0.0151665436310901,0.29087786563104,1,0,-0.154309260560885,0,0
497,0.0705293597203868,0.582956598523114,1,0,-1.39792218201696,0,0
498,0.136099346564084,0.6599936261108,1,1,0.600492796543296,1,1
499,0.35801831198669,3.30979317116241,0,0,-1.44792449274147,0,0
500,0.15657647823294,0.881222109700013,2,0,1.54046148861415,0,1
501,0.0901181919502667,2.55173083860714,2,1,0.701490242906295,1,1
502,0.20725684809602,0.544775556772947,0,0,0.63466575965562,0,1
503,0.153298349606287,2.95387633927082,2,0,0.515854515365836,0,1
504,0.139028417701171,0.19004168325324,0,1,0.990488274222362,1,1
505,1.25099289019374,2.24864277134644,2,0,-0.282521244894621,0,0
506,0.274458779022098,1.67723454580287,2,0,-0.766993606881753,0,0
507,0.89434263001007,1.06307291504419,1,1,-0.337325118598762,1,0
508,2.40081408564486,2.73932750890864,1,0,-0.181354502826403,0,0
509,0.217444103521605,0.240012445384831,1,1,-0.250080237440241,1,0
510,0.510254895004133,1.02666131755391,1,0,-0.268164348009769,0,0
511,1.07426483141867,1.16401052781812,1,1,-0.312152751880248,1,0
512,0.109698849625464,0.580394055259915,1,1,-0.623998205112495,1,0
513,0.0436527075039016,0.772797464897569,2,0,1.98362311272836,0,1
514,2.01184537873271,5.57872058428816,1,0,-0.649997118707324,0,0
515,0.362623207167619,1.71909748662186,2,1,-0.280043862420995,1,0
516,0.0693387786547343,2.45838660595191,2,0,-0.0309133272198541,0,0
517,1.90554839032163,2.17641192670173,1,1,-0.628283152309128,1,0
518,0.81890152095878,2.45815690902563,2,0,1.69186163447954,0,1
519,0.200169711994628,0.480552452305953,0,1,1.85930743466346,1,1
520,0.463218522361583,0.839538605743827,1,0,-0.216685474250607,0,0
521,0.892863418455693,1.40370008609241,0,1,0.208190221316852,1,1
522,0.689825275395479,0.94361514935303,1,0,0.460789977742634,0,1
523,0.0831830279335638,2.14345178559229,1,1,-0.37662437867278,1,0
524,0.532702435221937,0.699858489535691,2,0,-1.03439955432398,0,0
525,0.741188312466774,2.85680166875658,2,0,1.28678932708,0,1
526,0.594368011483716,1.6754838589026,1,1,0.23154636954374,1,1
527,0.703793982975185,1.73349634383114,1,1,-1.20825868532205,1,0
528,0.133939886258708,0.429522493762529,2,0,-0.111215570247644,0,0
529,0.632213171468013,0.8906269892463,2,1,-0.0916961649339457,1,0
530,0.163403371762898,0.524999143233837,1,1,0.942404107310558,1,1
531,1.29465282900674,1.70624127247759,1,0,-0.273974555559271,0,0
532,0.590448513006171,1.40136699524564,1,0,-0.942663190249173,0,0
533,1.30339962736072,1.39552494236218,2,0,-0.0303492471121226,0,0
534,1.63991659977606,2.36826240429878,1,1,-0.295151313399513,1,0
535,0.396720999334421,0.694029980181148,2,0,1.0552161817128,0,1
536,0.212724796599812,1.08603059413562,2,0,0.870095312281678,0,1
537,0.660004866723385,0.760074645029527,1,1,1.17626626848433,1,1
538,1.48659213648374,2.34772044939555,2,1,0.788516100352497,1,1
539,0.423590766472949,2.32070728679896,2,0,0.120734036092271,0,1
540,0.165322743770149,0.88731685458751,1,0,-0.695094618299587,0,0
541,0.113030344558259,0.60529233765871,2,1,0.88933740698583,1,1
542,1.55716595748003,2.62501169014456,2,0,0.292628828393539,0,1
543,0.200790811537041,1.40604586321457,2,0,1.63819643019148,0,1
544,0.418480948234598,3.62058560726751,2,0,-1.53291892529955,0,0
545,0.563958486291073,0.730024059584188,1,0,-1.19675857727413,0,0
546,0.15539862215519,0.762756231822786,2,0,1.01025373132188,0,1
547,0.312303532339091,0.674225331958907,2,0,-0.162514769879835,0,0
548,0.581399288235439,1.05544288727773,2,0,1.43489003609049,0,1
549,0.605026411616968,0.69262881282472,1,1,-1.4327856917429,1,0
550,0.467430313324763,1.07307077480704,2,0,0.559080328798149,0,1
551,0.894248078312425,5.27239799992528,1,0,1.95353321092265,0,1
552,1.00809417453376,1.21876319559912,0,1,1.82427127591175,1,1
553,0.374872814346519,0.952894975561765,1,1,-0.0279354048080412,1,0
554,0.515370361196498,0.756448100088179,1,0,-2.65628307291411,0,0
555,0.529009745352798,0.881484677094807,2,0,0.0382854090136587,0,1
556,0.450425520539284,0.71642215811009,1,0,-0.625061383594763,0,0
557,0.178766316837735,1.27745640988456,1,1,-1.0356057610994,1,0
558,0.479425945733156,1.39604796655476,0,0,-1.68482838692252,0,0
559,0.540140566623045,1.3982417171034,2,0,0.819064998852568,0,1
560,0.209179807764788,1.75729066415001,2,0,1.64153454952738,0,1
561,0.313830070404543,0.398481891709407,1,1,-0.318861563499253,1,0
562,0.145365190692246,0.534578845549128,2,0,0.0361882648479355,0,1
563,2.02847696417507,2.56941360140774,1,1,0.293302528788654,1,1
564,2.86049919188921,4.49103645980358,0,0,-0.960153534323871,0,0
565,1.2841013642596,1.29703512247918,2,0,0.341224148460733,0,1
566,1.17391904707883,2.33659351373996,2,0,0.311744030172973,0,1
567,0.0529380989135149,0.211234926243219,2,1,-0.150580883692291,1,0
568,0.41721961254047,2.30757198049557,1,1,-0.165129880988064,1,0
569,0.35026611501558,1.18307099611077,1,1,-1.36758255556861,1,0
570,0.514278331150611,1.02980386120723,1,0,-0.214368211378619,0,0
571,1.02005351230503,2.59841828252228,2,0,0.750351275866103,0,1
572,0.12311588015888,0.217225215892452,2,1,-0.394538603481996,1,0
573,0.542503012240761,2.53520675709709,1,1,-0.923613044047157,1,0
574,0.333051372112499,3.79140206295251,2,1,-0.493547261928724,1,0
575,0.265979296527803,1.4069529756918,1,0,0.0158438180157886,0,1
576,1.22755433945492,1.5726345431687,2,1,-1.66037657992665,1,0
577,0.119375082573784,1.79844025183701,1,0,-1.34023153640511,0,0
578,0.715333547753592,1.87234670684302,2,0,-0.387624541570087,0,0
579,0.102827135014949,0.432431117282477,1,1,-0.412433722308093,1,0
580,1.84405006157272,2.75505522846153,1,1,-0.362620786436949,1,0
581,0.311286769703858,0.515719610912781,1,1,0.557636519300476,1,1
582,0.0726614876960715,0.531973302102419,2,0,0.676410638041077,0,1
583,0.0154703369370739,0.10872040721043,1,1,-0.158406728619435,1,0
584,0.682239753918515,1.16483974541571,1,1,-0.30748434144324,1,0
585,0.988443139893823,3.59511361308633,2,0,-0.584881111715187,0,0
586,1.41427248504726,2.06572197813328,2,0,-1.14518414314518,0,0
587,0.00934105163980028,0.50697022607436,1,1,-0.499928472752649,1,0
588,0.216861340986759,2.26021476722896,2,0,0.39101513683533,0,1
589,0.0966294020107165,0.722751677858174,1,0,1.12777589692872,0,1
590,1.41804780289002,1.71043746728013,2,0,0.657239002427769,0,1
591,0.419801086300608,1.4481282698345,2,1,0.307594095523526,1,1
592,0.318651836060809,0.753657401230253,1,0,0.380895319293564,0,1
593,0.711812908864684,2.16021391573026,1,1,-1.25464423279727,1,0
594,0.0552220725761817,0.501163903166497,2,0,1.84276834651087,0,1
595,0.677729530466927,1.04957756479806,1,1,0.0193571547017138,1,1
596,0.384807868021357,0.9433118980658,1,1,-0.542956500251002,1,0
597,1.9111853340328,2.18617464582851,1,0,-0.0756327314541301,0,0
598,1.12857878513934,2.56611875117607,1,1,-1.35858838622213,1,0
599,0.0330856230316891,1.07168276630201,2,0,0.054062646121715,0,1
600,0.299171116720471,3.3463930036539,1,1,0.292457906008357,1,1
601,0.235896762977872,1.48968658735426,1,0,-1.25715397178646,0,0
602,0.529593643214967,0.549721935143073,0,0,0.729485697810085,0,1
603,0.760413980525401,1.60438568822,1,1,1.00182755054665,1,1
604,2.15722219181328,2.24450809106308,2,0,-0.940403304178754,0,0
605,0.266691599086661,0.635295231466016,1,1,-1.54723342272743,1,0
606,0.19576713287582,0.686866806871069,1,1,0.377683817008932,1,1
607,0.280809255321872,1.57928227722002,2,0,0.27843117818011,0,1
608,0.329729911043412,1.0512796510081,1,1,-2.3061855752785,1,0
609,0.355517595695953,1.00629640432696,0,1,0.0984162116520474,1,1
610,0.522459869457782,4.38747882843018,0,1,-0.931419917362457,1,0
611,0.640179467284017,0.786284237660696,2,1,-0.552868291252182,1,0
612,0.311672786354191,0.596338424993863,1,1,0.741313089636295,1,1
613,0.824327885467384,5.0952235249098,1,1,0.458126223015645,1,1
614,0.174523598721458,0.2764172060937,1,1,1.41675560766395,1,1
615,0.304956786030234,2.6232086930454,2,0,0.437630640585223,0,1
616,0.142990325092712,1.04896892292459,1,0,-1.86561352646983,0,0
617,0.473111858591437,2.39905355412482,2,0,-0.488403929483639,0,0
618,0.158439165809088,0.276414176507761,2,1,1.2795930796857,1,1
619,0.216051464796894,0.658426001049098,1,1,-0.217657616150847,1,0
620,1.02506621839571,1.33940673934436,1,0,1.27367769342688,0,1
621,0.737486079645654,0.886231123423627,1,1,1.55533868708001,1,1
622,0.096923653036356,6,0,0,-0.443822093609591,0,0
623,0.258015779674881,1.51423070639149,1,0,-0.150938934630961,0,0
624,0.63531716250711,0.997944074837648,1,1,0.547139457349218,1,1
625,0.153127636493416,1.0859798107308,2,0,1.05221914932202,0,1
626,0.718904850073159,1.7929631023649,2,0,1.40700307665939,0,1
627,0.190942641865048,1.80972836145825,1,0,-0.992753296195338,0,0
628,0.680385207136472,1.21753200097472,1,0,-0.401275730538152,0,0
629,0.184183742644058,0.766572458669543,0,1,-1.55106166970004,1,0
630,0.314560795200072,1.61289693477253,0,0,-0.0834201248075987,0,0
631,0.707475424019827,1.46432507291238,2,0,0.898202516938951,0,1
632,0.132306841616001,1.18088709157205,1,0,-0.268032969119953,0,0
633,0.545971900121205,1.52027843142708,1,1,0.945714477702878,1,1
634,1.041571752432,1.134632615915,1,0,-1.07351971429344,0,0
635,0.711904123632444,1.71204259930665,2,0,-0.116658472464722,0,0
636,1.00784038809738,2.2811728838525,1,1,0.424968680551687,1,1
637,0.433029683907508,0.600255763195617,2,1,-0.314905990962886,1,0
638,0.509168508773049,0.673240803064295,1,0,-1.35955046583313,0,0
639,0.0303063702045216,0.810165942336122,0,1,-0.608709676252377,1,0
640,0.32822436808298,1.1231394043526,2,1,0.35565254447495,1,1
641,0.206958116433056,2.43391793959816,1,1,-0.138583491990052,1,0
642,0.638229738817447,1.34716311890025,2,0,-0.120747218813089,0,0
643,0.20655646475354,0.62601378931217,1,1,-0.346256857718794,1,0
644,0.275949230935011,0.442793670445744,1,1,0.0134625890251663,1,1
645,1.4553871067395,4.11181648572286,0,0,1.22838531550853,0,1
646,0.123482714924547,0.281711714484345,2,0,1.73837841400088,0,1
647,2.27984282903144,3.143123003069,2,0,0.632454761187719,0,1
648,0.767476899652845,2.41863414955636,0,0,-0.904500292121203,0,0
649,0.278376236351,1.45889187861677,1,0,0.129200146126684,0,1
650,0.320776919316914,1.07079988017987,0,0,-0.173863541692365,0,0
651,0.00157566792849037,0.237069724190779,2,0,0.0601950298453142,0,1
652,0.32927598597329,0.500250856167013,1,1,0.372942682596642,1,1
653,0.0959980374008373,2.04676515920516,1,0,-1.12466371482609,0,0
654,0.0865466561582353,0.183529347643966,1,1,0.219053325155237,1,1
655,0.0533115522315105,0.13984134910354,1,1,0.309741929005658,1,1
656,0.364217761957625,0.529383562395255,2,1,0.866085179476937,1,1
657,0.132043917870356,0.244055497871569,1,0,-1.52788526166774,0,0
658,0.0206009411547048,0.561251120218752,1,1,-1.26471448467441,1,0
659,0.031892028119829,0.337477790630057,1,1,0.517037592589844,1,1
660,0.342178249007298,0.86075208955907,2,0,0.312530475059719,0,1
661,0.0276307016984702,0.406161975397951,1,1,-1.08986454463333,1,0
662,0.551985021059712,0.809831523026029,0,1,0.0981769478828757,1,1
663,1.0479847914844,2.47662512295469,2,0,0.509261965823898,0,1
664,0.286307121213112,3.48544517705124,2,0,0.247623937726705,0,1
665,0.344609324209468,4.11756115314276,2,0,-1.31429982124153,0,0
666,0.803011489157558,1.03903209214272,1,1,0.0142451153426998,1,1
667,0.8328225100981,1.23219378438037,2,0,1.22737840155311,0,1
668,0.714585093470911,0.998844625018773,2,1,0.869228273532243,1,1
669,0.719703265155355,1.39559814990916,2,0,-0.59612669413965,0,0
670,0.383492177148054,1.92009570136153,2,1,-0.00422605847384449,1,0
671,0.211909624437491,0.877997908251312,1,0,-0.201027555228841,0,0
672,0.318700437330537,0.542708569917138,1,0,-0.0640617580792504,0,0
673,0.71802351778994,3.30688772449176,1,0,-0.259668392296653,0,0
674,1.882527676837,3.00880824372012,1,0,1.75454828304042,0,1
675,0.0350011729904687,0.575189697458773,1,0,-0.488306863326079,0,0
676,0.128936700315939,0.624902129916448,1,1,-0.31457447233407,1,0
677,1.30253572582835,1.8282642563635,1,1,-1.13566410628546,1,0
678,0.513583135066761,0.984228695564555,1,1,-2.29214922888452,1,0
679,0.234798296676538,0.383858693936638,1,0,-1.19239953365958,0,0
680,0.257125694511665,2.56502705706656,1,0,0.146601733587276,0,1
681,0.693559037624962,0.714860039884911,2,0,1.5445817006606,0,1
682,0.401578944486876,0.408394039166269,2,1,0.324795448547362,1,1
683,0.0189980647821544,1.88327862729031,2,1,-0.835327274542719,1,0
684,0.602475593590902,0.829998351109168,1,1,-0.0992897657630323,1,0
685,0.222236878342099,0.650978499601099,2,0,1.71986585417617,0,1
686,0.380679041457673,0.768853858225143,1,1,1.55515355388553,1,1
687,0.304149277508259,0.535007183330761,2,0,1.96529209212516,0,1
688,0.23130327314699,0.520070334247758,1,0,0.17325806963171,0,1
689,0.336352662286825,1.9770965498345,1,0,-0.958924731917025,0,0
690,0.207456711190683,0.789179100379764,2,0,0.469223947106293,0,1
691,0.104038077406585,0.60796710599447,0,1,1.07820953508144,1,1
692,1.11382420815016,1.13485794404097,2,1,0.465030170582597,1,1
693,0.0298745557219422,0.211030373836572,1,0,-0.0237906398332496,0,0
694,1.07813098670179,2.4818712515279,1,1,0.530024062832134,1,1
695,2.09411856812506,2.34746606694671,2,1,1.14892901825473,1,1
696,0.0628933924773944,0.194529936802654,2,1,0.290878222641376,1,1
697,1.37847862201732,1.63228254964145,1,0,-0.26019842700507,0,0
698,1.24781504061786,1.50913546572834,1,0,0.233382377129586,0,1
699,1.44917270370955,1.59465255526205,0,0,-0.529521936137537,0,0
700,0.12136428685493,1.3448807673388,1,0,-0.121973248308902,0,0
701,0.244918717588815,2.9732089241392,1,0,-0.991393337164538,0,0
702,0.343279755777783,1.51395265789846,2,0,-0.575529165834696,0,0
703,0.256122395189272,1.16089355121818,1,0,-1.29850552835998,0,0
704,0.391075790652798,0.577289624461827,1,1,1.00269741117079,1,1
705,0.494884835316517,1.78715507424048,2,0,0.371604564717162,0,1
706,0.0597461390741644,0.271850348800392,1,0,-1.75382454569856,0,0
707,0.666170078847143,0.687571139938141,1,0,0.258821768902665,0,1
708,0.17509226480292,0.381881734356284,0,1,0.0422219013975671,1,1
709,0.245939492417754,0.335050107633566,1,1,-0.856841034844818,1,0
710,0.460356167103681,1.95679826912492,2,1,-0.355306759701139,1,0
711,1.81866087398143,5.00202272145487,1,0,-1.06843654242291,0,0
712,0.169327722473921,0.642260340973735,0,0,-0.65909833709737,0,0
713,0.0635806294252595,0.108755163828054,2,0,0.632870188139157,0,1
714,0.0729983331014713,0.15986369190604,0,1,-0.608631101482215,1,0
715,1.17829250684514,3.51981665967383,2,0,1.059877498975,0,1
716,0.655745389457378,4.42581449563574,2,0,-0.914228361419849,0,0
717,0.157121163687213,0.537756052175872,0,0,0.0638542562990958,0,1
718,1.6935921997554,6,0,0,-0.613316971280969,0,0
719,0.00253528873953554,0.252940920204852,1,0,-0.806129625477907,0,0
720,0.48889147842096,1.5308456533065,1,0,-0.0303608410273824,0,0
721,0.851885591783433,1.59888764022528,2,1,-0.23191525441462,1,0
722,0.289701344445348,0.944702286269117,1,1,0.176702968503992,1,1
723,0.135088237335276,0.191339308813256,1,1,1.46900211110659,1,1
724,0.465181101010078,1.96354376039265,1,1,0.301673355533663,1,1
725,0.567319561830825,1.32900133848997,1,1,0.555845883172033,1,1
726,0.1669851573001,1.09507469290432,2,0,0.865378289207822,0,1
727,0.863922200015532,1.86477700883788,1,0,0.226529032858823,0,1
728,0.503360664265023,3.52018797778806,2,0,-1.32668845267855,0,0
729,1.00168513730571,3.4714182606203,1,1,2.12555150643057,1,1
730,0.263736459822422,0.275134514119728,1,1,0.106048239246306,1,1
731,0.235589655737082,0.505015018906886,1,0,-0.045227310652739,0,0
732,0.18855154121089,0.342534597951335,0,0,0.981621744753352,0,1
733,0.501531652795772,1.058891782541,1,0,-0.224288520920036,0,0
734,0.22191048755,0.24752180101455,1,0,-2.604012147503,0,0
735,1.03904553270474,1.2814725503057,1,1,-0.73234019903172,1,0
736,0.175650206961415,2.03608784042425,1,1,0.390812215189408,1,1
737,0.153435055787365,1.69455934581747,2,0,0.805143718756994,0,1
738,0.518582442051007,1.83563122284761,2,0,0.0427191352996016,0,1
739,0.178180531185943,0.5505444582258,1,1,1.42637752522695,1,1
740,1.03442627536331,2.58762927427625,2,1,-1.0019899987382,1,0
741,2.55998094655644,6,0,0,-1.01296445224478,0,0
742,0.572237381194201,1.83211926412883,1,1,-1.28197687911731,1,0
743,0.169630797491342,0.660431577267009,0,0,0.303747619407364,0,1
744,0.118427673458225,0.334691346579933,1,0,-0.975943761068164,0,0
745,0.387774273339245,0.430589821189642,0,0,-1.45088933633812,0,0
746,0.0119213816453792,0.0755604027263074,1,0,0.401313139611891,0,1
747,0.57796613416738,0.881160530660113,1,1,0.643040065129831,1,1
748,1.05003976213536,3.39197499514428,2,0,-1.45779144947595,0,0
749,0.933088964998437,2.75784611832135,2,0,0.0212578440263998,0,1
750,0.43820455411656,1.01419733526806,0,1,-0.849454757299187,1,0
751,0.0057498856855452,0.858203299964468,0,1,0.257112294683415,1,1
752,0.0491883130301434,0.300380778849481,2,0,0.0598381905689763,0,1
753,0.13299512420176,2.97367139798493,2,0,-0.783944569664531,0,0
754,0.0797193528463443,0.431699905240869,2,0,1.25601585839722,0,1
755,0.943078055281103,1.18451091605072,2,0,0.0171531010777517,0,1
756,0.157655084816118,2.26081042487425,2,1,0.818862920222452,1,1
757,0.091505014958481,3.94543727412618,2,0,-0.0993237538162278,0,0
758,2.43498826329552,2.8996002453289,2,0,0.696722089610153,0,1
759,0.291976633792122,0.566266584290675,1,1,0.248721450150057,1,1
760,0.155470470105791,0.289648379037793,1,1,-0.18943461563911,1,0
761,0.0554029413453683,0.272460932731029,1,0,-0.576515023688669,0,0
762,0.83168689943609,1.13900627867743,1,1,0.957543710115228,1,1
763,1.06237598690193,2.09548275809022,2,0,-0.865245838359413,0,0
764,0.0413381779057162,3.0248564759794,1,0,-0.846325181508243,0,0
765,0.456511251524919,0.665278417811964,1,0,-0.747141637244894,0,0
766,0.0461809771756331,0.337206046569909,2,1,0.806026771406249,1,1
767,1.30568010831344,1.94260283008584,2,0,0.800435187972638,0,1
768,0.208036766200723,0.542538972554662,1,0,0.344332849062117,0,1
769,1.37902153237298,3.90743212416796,2,1,0.326365046927917,1,1
770,0.0123833554486434,0.0833231992047414,1,1,-1.16983631537001,1,0
771,0.735398162570265,2.51626666980529,1,1,0.555666048339295,1,1
772,3.7212823329489,6,0,0,-1.01684605713557,0,0
773,0.45998539802756,1.49118961113329,2,0,1.3784352407494,0,1
774,0.296644901088061,1.18339922716045,2,1,1.11798845098265,1,1
775,0.837075831321889,0.969248785803141,2,1,0.888589101521984,1,1
776,0.594870912221571,0.738998890927432,2,0,0.148257525951681,0,1
777,0.183825363255104,2.18667881745031,2,0,0.0342000859188852,0,1
778,0.229032193310559,1.43914205732211,1,0,1.24234393855203,0,1
779,0.14681547998652,0.831999939250527,1,0,-1.42085206739333,0,0
780,0.65589842852205,1.06818359763439,1,1,-1.12666358885782,1,0
781,0.357560351509975,2.02301846145243,1,0,-1.30527476384791,0,0
782,0.32721723533339,2.26595977671396,1,0,-0.849833562742512,0,0
783,0.226460308767855,0.939364597857223,2,1,0.148982712591081,1,1
784,0.0699735177961885,0.294414081269559,2,0,0.894152838733996,0,1
785,0.762479545858999,5.96813119444702,2,0,-0.758802265841448,0,0
786,0.580559745430946,2.30559090821278,1,0,0.0732265304345224,0,1
787,1.83022857530848,4.17094640744229,0,1,0.77380735720977,1,1
788,1.42173886501426,3.00850726029933,2,1,0.54464133728076,1,1
789,0.618757317877478,0.972889412647409,2,1,0.608942512563581,1,1
790,1.14805369633239,3.02518819895535,2,0,-0.609954450237785,0,0
791,0.0623348681256175,1.36079267173251,2,1,0.632625326442696,1,1
792,0.374108865712652,1.66486817470052,2,0,-0.109129797421223,0,0
793,0.260676345270541,0.777370044961572,0,1,0.626199534462423,1,1
794,0.201874693027801,0.219146624187213,1,1,-0.61423388816685,1,0
795,0.127636448273228,0.67755093026869,0,0,-1.62717293444312,0,0
796,2.55261609958434,2.99554076469705,1,1,-1.52474193943901,1,0
797,0.990089723379758,2.9153528176412,1,1,2.2911451662887,1,1
798,0.0157908382251128,0.218412141433246,2,0,-0.636003790219955,0,0
799,0.795553756003261,2.1490027072529,0,1,-0.650501546953469,1,0
800,0.0553347160004907,1.4996007300872,1,1,-1.79819460008325,1,0
801,0.037129106413987,0.561514095575715,1,0,0.554331551049347,0,1
802,0.129795445439716,0.264853991898875,2,0,-0.0323967602622493,0,0
803,0.0155262198548024,1.2191794173558,1,1,0.142458946941667,1,1
804,0.571519746962521,6,0,0,-1.23535994445019,0,0
805,0.00790140706755513,1.2575453499219,2,1,1.10188697813595,1,1
806,1.84902698206176,2.10288892043793,1,0,0.559915091252907,0,1
807,0.136604352107778,0.687795197963373,2,0,0.463206524112292,0,1
808,0.204077189580274,0.511030611554585,2,1,1.56732573139314,1,1
809,0.483638059554829,1.93541928164533,1,0,0.452044769151775,0,1
810,0.121545211929865,3.92758767836622,2,0,-0.839542573308042,0,0
811,0.325675858184695,1.96962288455206,1,1,0.698156645034139,1,1
812,0.022900257156127,0.570099384760568,1,1,0.596392493445427,1,1
813,0.157362824374699,0.797191967846706,0,0,-0.579823010084442,0,0
814,0.247238240101271,0.518484776055442,2,0,2.08829637973299,0,1
815,1.68902124579353,3.50220891770269,1,0,0.956976342614794,0,1
816,0.499231663222114,1.06310201606287,1,1,0.296511987265365,1,1
817,0.00683247836099731,0.513919100980545,1,1,-0.101080357131402,1,0
818,1.04884459425477,1.47008250469304,2,1,0.484674689198929,1,1
819,0.0928364012858253,0.426949560062952,1,1,1.38420484849446,1,1
820,0.0641768522544998,0.560922124772437,1,0,0.89481059060389,0,1
821,0.0696497902067171,0.409987937865232,1,1,0.51824552044527,1,1
822,0.982640006297088,1.48694179086465,1,1,0.11918739565124,1,1
823,0.91848778529724,2.76934574962883,1,0,-0.0320130192106221,0,0
824,0.757379684493774,1.80545484994278,2,1,-0.892751712065346,1,0
825,0.211317496788171,0.698920053452069,2,1,1.16614655856576,1,1
826,0.223926096223295,1.5692448514472,2,0,0.369465532153307,0,1
827,0.964874736518546,2.70626383314774,2,0,-0.21126398635281,0,0
828,0.022712001297356,0.636281555843537,1,1,-1.8382863434824,1,0
829,0.150058703083131,0.268534946565827,0,1,0.398090594584685,1,1
830,0.452638944714434,3.57854809922477,0,0,0.0115968223694734,0,1
831,0.371172786172893,1.00767824667636,1,0,0.685697789789301,0,1
832,0.27040974024262,1.10797572038764,2,1,1.22059910035798,1,1
833,0.713283035697209,0.770658059045672,0,0,0.219274662528884,0,1
834,0.458312379196286,6,0,0,0.528193105744013,0,1
835,0.00375711462563939,0.990261267593969,1,1,0.168223790938902,1,1
836,1.62566069918145,2.16634492688259,2,0,1.01783548468865,0,1
837,0.409343982529309,1.36005393193157,1,1,0.534657244051169,1,1
838,0.164007691730557,0.183432615315201,1,1,-0.299979932637346,1,0
839,0.121826733142511,0.349806122990582,1,1,1.507249365165,1,1
840,0.203308614177836,0.743876554152878,1,1,0.187667390704509,1,1
841,0.744119205127694,1.59568320194808,1,0,-1.68088508112733,0,0
842,0.0771377996231119,0.515875829719916,1,0,-0.534650447504756,0,0
843,0.119808544404805,2.57324302254701,2,0,-0.0146101232736021,0,0
844,1.20435107494693,1.57981011118211,1,1,-1.07980636608621,1,0
845,0.946383790790717,1.21289245928499,1,1,-0.314728181232428,1,0
846,3.16657131726085,3.77997735512002,2,0,-0.221556823356898,0,0
847,0.579723153366811,1.50191542252337,1,1,0.363129306918697,1,1
848,0.0225351530096783,2.01969200871681,2,0,1.09691216010058,0,1
849,0.0119580779309107,1.00286887581308,2,0,0.583503403849975,0,1
850,1.29944531361649,2.93619140191853,2,1,-0.247348936081825,1,0
851,0.232473812641471,1.5034346528508,1,1,-0.409948852634794,1,0
852,0.378492351414429,0.56247261842888,1,1,-1.45229200130956,1,0
853,0.137203907017987,0.955681806527443,2,0,-0.400958087008903,0,0
854,0.10297812192875,0.948733113843758,1,1,-0.779615777062202,1,0
855,1.05449536496711,1.50419796119422,1,1,1.05231223619694,1,1
856,0.0901447316828941,0.196227161352608,1,0,1.3754139263671,0,1
857,0.411243327996797,0.732542098155951,1,1,-0.110417992531559,1,0
858,1.03506394639638,2.01032486925322,2,0,1.20223790057083,0,1
859,0.354762507292132,0.484005174584678,2,1,0.664233595938973,1,1
860,0.171969242704411,0.925838542964169,1,1,0.644872662901463,1,1
861,0.171362742958044,0.282083403634271,1,0,0.697580470315266,0,1
862,0.663231485005882,1.70850476681121,2,0,0.348308619741382,0,1
863,0.742343093992935,1.42981819202778,1,1,0.484605921706852,1,1
864,0.432669854619437,1.11517199628802,2,1,-0.039510122101888,1,0
865,1.78404240004784,1.9815215960143,1,1,-0.964601959593765,1,0
866,0.0266527301735348,0.16695960325685,1,0,0.0933842874623566,0,1
867,2.1323439974646,6,0,0,0.0141481528597914,0,1
868,0.292298635985288,0.336743946156421,1,1,-2.12745222016221,1,0
869,0.628805430606008,3.61209900902013,1,1,0.540279312369833,1,1
870,0.0654165244971713,1.76722586616937,2,0,0.619469344695863,0,1
871,0.045836327287058,0.390487092734507,1,0,2.09900438629708,0,1
872,0.00608322809134568,1.89421405777614,1,1,1.23268486860564,1,1
873,0.243080041578247,0.977062865376167,1,0,0.485623589540673,0,1
874,0.805779006285482,5.44570259529711,2,0,-0.374218858325161,0,0
875,0.216860915534198,0.274627821388298,2,0,2.40926357467427,0,1
876,0.415274425075921,1.4872291490745,0,1,1.03907352717634,1,1
877,0.289163451848759,1.20988184464815,0,0,0.203812598770356,0,1
878,0.219591868729067,1.05097188303868,0,0,1.59657653939521,0,1
879,0.388611175326837,0.458326614100856,1,1,-1.17142441474812,1,0
880,0.445798443526857,4.83253836785188,2,0,-0.0959938742663365,0,0
881,0.0889091654163268,0.413587793064052,1,1,0.466373074715543,1,1
882,0.0853828433301339,0.563937300845164,1,0,-1.97654070845725,0,0
883,0.280362723602189,0.704265231291638,1,1,-1.83366746471035,1,0
884,0.692399274633977,1.24721004531496,1,0,-0.00724760579958318,0,0
885,1.2721768093553,3.40865552214128,2,0,0.574793023821713,0,1
886,0.705237112835878,3.46077016813705,2,0,-0.540858907709917,0,0
887,1.30114580810369,2.11565237231634,1,1,0.0897298800010049,1,1
888,0.574024617671967,0.66124682673653,1,0,0.102976072606558,0,1
889,0.126432609383049,1.47862290066675,1,0,-0.111572717904179,0,0
890,0.170625775224633,0.467312821528737,1,0,-0.990060727490724,0,0
891,0.0540162908831666,0.23548456228502,2,0,1.80182087433702,0,1
892,0.232384286613928,4.20561451123138,2,0,1.11053205725585,0,1
893,0.501727061494617,0.99362442890803,0,1,0.905564932628236,1,1
894,0.959499018841002,1.34467247345165,2,0,-0.692084289895082,0,0
895,0.678968395934337,1.2473629899696,1,0,-0.49547841010462,0,0
896,0.497024631024235,0.856412419166831,1,1,0.127503633298598,1,1
897,0.160115443516162,0.543357387473806,1,0,-0.653647749115726,0,0
898,0.0182838362211301,1.02465148713161,1,1,-0.316298386118212,1,0
899,0.47495173342112,0.536961235899549,1,0,-0.940097706631898,0,0
900,0.532896815695696,2.97795782797039,0,1,0.441120751998481,1,1
901,0.116483041913145,0.576945059036669,2,0,1.08873686455801,0,1
902,0.293975073094769,2.21873006624168,1,1,0.42102594496046,1,1
903,0.0496966355583734,0.655288049930544,2,1,0.601787925962541,1,1
904,0.651742493630283,2.71271160776084,2,0,-0.757763885772443,0,0
905,0.4451776533905,0.77246034424829,1,1,-1.61700661044707,1,0
906,0.47163105259339,0.850334644673348,1,0,0.520558211512793,0,1
907,0.156407536835306,0.191928516316013,2,0,2.18176387323466,0,1
908,0.925622323688216,2.76749073195911,2,0,-0.794496793990388,0,0
909,0.0144195741156995,0.0948385768571043,2,0,2.86064215959102,0,1
910,0.721707326980929,0.885431158360358,2,1,1.61943173668191,1,1
911,0.588975733456512,1.14095851316798,1,0,-0.202973360677068,0,0
912,0.981412768938158,1.09619346161497,2,1,0.0544286064474975,1,1
913,0.328641078763496,1.46490890482302,1,0,-0.775787856820802,0,0
914,0.221031846294228,1.73355247378922,1,1,-1.05840617939821,1,0
915,0.671024129001631,0.82346337763245,1,1,-1.6729523320497,1,0
916,0.0297298669827114,0.077628244021114,1,1,-0.783499330986775,1,0
917,1.23049815801582,3.57002690284837,2,0,-0.279472743293534,0,0
918,2.1328048427794,3.36485321490126,1,1,-0.281588382732383,1,0
919,0.424884481665989,2.63422674333758,2,1,0.615610479893042,1,1
920,1.15521123007239,2.52805069767483,2,1,-0.255594112301796,1,0
921,0.59577062777761,1.45026843423746,2,0,-0.0433666011396836,0,0
922,0.0473119497732116,0.210032204763696,1,1,-0.725069362200883,1,0
923,1.55389307126212,2.32282860291786,1,0,-1.10791961578792,0,0
924,0.410279721059132,0.478696131755427,2,1,0.95352576238678,1,1
925,0.819398738556691,0.837027353327707,1,1,-1.46344119690172,1,0
926,0.893563114036727,2.02757051874039,1,0,0.462966340149194,0,1
927,1.2897851959232,2.25573956655959,0,0,0.273350260551608,0,1
928,0.0996004019139542,0.32579270061614,1,1,-1.26123236218309,1,0
929,0.424732206803229,3.73130660701736,1,0,0.303313210816259,0,1
930,0.382284748161005,1.03088354425259,1,0,0.628848312870682,0,1
931,0.17190606653629,0.264982748622828,1,0,-0.769013793304356,0,0
932,0.00344751689888267,0.163198320294309,2,0,0.737297317256781,0,1
933,0.931489373407112,2.30245154499557,0,1,1.86233100476821,1,1
934,0.40796448994014,3.28662811480723,1,0,-0.452774144171184,0,0
935,0.11615039780736,0.573692104198412,2,1,0.276640867648446,1,1
936,0.0248418582810296,1.85324434318708,1,0,-0.952690369475118,0,0
937,0.0228002372508248,0.740749019728652,2,0,1.06522494831815,0,1
938,0.414297591584424,1.29417227728744,2,1,0.629106202012317,1,1
939,0.19092324293322,0.400822688823716,2,1,0.0481223945732353,1,1
940,0.797080299252947,2.74932534550006,2,0,0.112072366815972,0,1
941,0.183045457945102,0.511126453592624,2,1,-0.909624190425293,1,0
942,0.0639241126676401,0.168778235403555,2,1,1.85391395752435,1,1
943,1.24094690088068,2.14290102417018,1,0,0.842545746724052,0,1
944,0.218191910205888,0.268607981106797,1,1,-1.14265736976114,1,0
945,0.707975746028953,1.30532983618777,2,0,1.09686088445394,0,1
946,2.35782305787064,2.80196578247734,2,0,0.192779580881597,0,1
947,0.0319460039544437,0.999625288460209,2,0,0.580160653013139,0,1
948,0.54983403844138,5.43257811355926,2,0,0.506919251470332,0,1
949,0.0455172535859876,1.06415566245793,1,1,-0.157675997225437,1,0
950,0.35860789888021,6,0,0,-1.21453276341948,0,0
951,0.172611535429069,0.20172269487301,1,1,0.404115953621789,1,1
952,0.746601853105757,1.0648417721192,0,0,1.08496298901146,0,1
953,0.453257339107171,1.85711025927955,1,1,1.01324704081036,1,1
954,0.280825765996459,1.21346100337927,1,0,-1.77222206537977,0,0
955,0.0614638279916512,0.940743576192322,1,1,0.219167298963212,1,1
956,1.98328277293778,6,0,0,-1.33580891004923,0,0
957,2.13552333405219,3.68773391755044,2,1,0.516465975405303,1,1
958,0.207282585712771,0.551900415179926,2,0,1.34279483836422,0,1
959,0.163791657218503,1.51473379362659,1,0,-1.01160138639939,0,0
960,1.57076483376095,2.96589652889542,2,1,0.210028834769111,1,1
961,0.112543931851784,0.967153294437461,1,1,0.337295237645231,1,1
962,0.491930477877325,0.90256800852124,0,0,-1.14296371120298,0,0
963,0.207493258104594,0.376928952821915,2,0,1.17421224914926,0,1
964,0.766548147528536,0.908378238479296,0,0,-0.159552727803539,0,0
965,0.00837099486071417,0.541599467034431,1,0,-0.54982431566257,0,0
966,0.206917787695097,0.39645664699261,1,0,1.00502231486361,0,1
967,0.309916455816064,0.83939849898293,1,1,1.00029547364399,1,1
968,0.105815771449771,0.560912931672023,1,0,0.475181517530716,0,1
969,0.420078591236638,0.79283369216317,1,1,-0.469502880494518,1,0
970,0.0032129571911819,0.799374269398637,1,0,-1.92418879461068,0,0
971,0.303560145095819,0.370443853009934,1,1,0.200831961984139,1,1
972,0.458179163850016,1.29281261857874,2,0,-0.00324165322233633,0,0
973,0.202330599777307,1.26174454803818,2,0,1.43431204782568,0,1
974,1.43348117354315,1.89478226681717,2,0,0.509770278095689,0,1
975,0.557750571105215,1.18326446150853,1,0,0.608266071005823,0,1
976,0.30912639055815,1.70067581252976,1,1,-0.855649688046238,1,0
977,1.02412084112864,4.29591866879177,2,0,-0.520429943111442,0,0
978,0.21544756160842,0.698039860963602,1,0,-0.21628645277752,0,0
979,0.316457305517462,0.535993242091594,1,1,-1.00101502762587,1,0
980,0.202472628159566,1.52485819781339,2,0,0.207324037856183,0,1
981,0.375372625680433,2.98948260645072,0,0,0.457149588611247,0,1
982,0.0640343822952774,0.215168378332903,2,0,0.263072634337219,0,1
983,0.491575102350613,1.75730904317681,1,0,0.92416924306786,0,1
984,0.0635153312538801,1.08462947359169,1,1,1.46971921353215,1,1
985,0.140145343935324,3.12795347522901,2,0,0.681672715515208,0,1
986,0.825888204735633,1.13827132619917,0,1,-0.154846054890107,1,0
987,0.648180291367074,1.14083682732852,1,1,0.628103340502305,1,1
988,0.0757140743005651,0.702716479217388,1,1,-0.74540277105894,1,0
989,0.747456237570279,1.76178671157915,1,1,0.23581610094355,1,1
990,0.891763030815138,1.32309628418168,2,1,2.07076517376887,1,1
991,0.218855468255254,0.421249481572442,1,0,-0.174839240059098,0,0
992,0.490362238552835,0.866612901130809,2,1,-0.206693200007695,1,0
993,0.764771741814911,1.82500476032447,2,0,-0.318322933706415,0,0
994,0.143041645901071,0.335302598863514,1,1,-0.00671529808508035,1,0
995,0.159449739795592,0.845105812448475,2,0,1.25262435780807,0,1
996,0.262246877472434,1.66435093340345,2,0,-0.660251497890612,0,0
997,0.381889236759095,1.59040638056959,2,1,-0.0120515548389428,1,0
998,0.863092717970137,1.23439988706652,2,0,-0.156145904665534,0,0
999,0.659434993026985,1.68561665508798,2,0,1.14460692108461,0,1
1000,0.669808830651972,4.88972629202268,2,1,-0.816411676762961,1,0
1001,0.836169271347771,0.967673783210434,1,1,1.26833763617933,1,1
1002,0.794816376482133,1.95512273574919,2,0,-0.952376594168293,0,0
1003,0.663287467840645,1.55371349589203,1,1,-0.0706612032966498,1,0
1004,1.35995717393486,1.59679736203228,1,0,0.708729426995383,0,1
1005,0.286345332860947,0.783791429512588,1,1,-2.50296954604622,1,0
1006,0.277077361113495,1.44976325531195,1,0,-2.2125599554813,0,0
1007,1.1941584468249,2.3328514697563,2,0,-0.70390861809747,0,0
1008,0.00132641599824031,0.313270234159634,1,1,-1.8772691362333,1,0
1009,0.377516355500258,3.55508211744458,2,0,-0.458340544361681,0,0
1010,0.562384296726022,1.06579076617521,2,0,1.75226100562537,0,1
1011,0.425383261368371,1.17077769090732,0,1,-0.645004631687819,1,0
1012,0.204087995263148,1.30986579785491,1,1,-0.77991118578516,1,0
1013,1.83251834154728,5.2797762698325,0,0,-0.18777590592929,0,0
1014,0.102951606404008,1.31688497481083,1,1,-0.500716371959674,1,0
1015,0.205286338201,0.818946091218858,1,1,1.38386813628041,1,1
1016,0.206353750286831,0.252384306862088,2,0,1.11161022909036,0,1
1017,0.303316667365531,0.366539180377783,0,1,0.0554282084207608,1,1
1018,0.227012955583632,0.462776838394663,1,0,0.597493979526378,0,1
1019,0.161966590417756,1.93792770993633,1,1,-1.07738868743753,1,0
1020,0.30067504176663,2.50859717861741,1,0,1.01768385800555,0,1
1021,0.481735443075498,0.843227512208209,1,0,0.589317193579822,0,1
1022,0.195672697999238,1.13375400762491,1,1,0.267475778329633,1,1
1023,0.741929030563268,2.24485366063653,2,1,0.386446876208451,1,1
1024,0.00131022185087204,1.35165178345732,1,1,-2.06256463939493,1,0
1025,1.10983338506685,2.31861924559737,1,1,-0.382620471693612,1,0
1026,0.587803054497474,0.670297714199499,1,1,-0.677751610394826,1,0
1027,1.89487067973219,4.45414320659837,1,0,0.378285729986669,0,1
1028,0.196904069041222,0.652030415307788,2,1,-0.255978308219441,1,0
1029,0.386246193924712,1.49993185547594,1,0,-0.858436880025314,0,0
1030,0.579183795489371,0.929592378849565,1,1,-0.0661709244119787,1,0
1031,0.810279815606344,1.62690837762008,1,0,-0.239544533726995,0,0
1032,0.200651734851765,2.34162679378168,2,1,0.281236099965415,1,1
1033,0.504445866164234,2.48082015161662,1,0,0.737784510529336,0,1
1034,0.604588871097399,3.59278238657048,2,0,-0.696348739722502,0,0
1035,0.463121021166444,1.34198542565661,1,1,1.70647071826164,1,1
1036,0.414408546251555,1.40307521550884,2,1,0.590264607815894,1,1
1037,0.311416746634576,0.565769984918662,1,1,-0.933673029041452,1,0
1038,1.35684574192624,1.67254524305463,0,1,2.22328053544513,1,1
1039,0.0402708998363879,0.376489288275488,1,1,0.333220166229507,1,1
1040,0.565484093191723,1.23645902923279,2,0,-0.505445749242542,0,0
1041,1.30217849893174,1.72651663900286,1,1,1.30051859597083,1,1
1042,0.00347610838430548,0.366479506293561,2,0,-0.622542554536851,0,0
1043,0.270583652373817,0.331243723370416,1,0,-0.922357377114903,0,0
1044,0.150507303575675,3.40826158722242,0,0,0.275190691116307,0,1
1045,0.963229315414614,1.51689995932226,1,1,-0.603618781860425,1,0
1046,1.36077973986965,2.52629862132482,1,1,0.155636191701246,1,1
1047,0.0379092833263188,0.267735047003707,1,0,-0.0553023366748099,0,0
1048,0.324724746040172,1.07957817695995,2,0,-0.13113114140314,0,0
1049,0.173463709135022,1.14834888448368,1,0,0.365105799810297,0,1
1050,0.297284085024316,0.505897420514699,1,0,-0.0728482991215994,0,0
1051,0.0310297212046054,1.72857166533927,2,0,1.05318482892817,0,1
1052,0.671714082774189,6,0,0,-1.40060915169712,0,0
1053,0.666582280149063,1.21927114062858,2,0,-1.17790518052462,0,0
1054,0.12101489749004,0.588991590883546,2,1,2.04934188862446,1,1
1055,0.387821678693096,0.641558027515809,0,1,-1.16270262801893,1,0
1056,0.18262149559127,1.01911438859932,2,1,1.33265543431713,1,1
1057,0.0492860180290385,0.274925935468834,1,0,-1.6248311206481,0,0
1058,0.795377261177885,0.866636599027174,1,0,-1.08295130522153,0,0
1059,0.123469711074399,0.280979779959915,1,1,-1.30557745756372,1,0
1060,0.178125454112887,0.385381634340561,2,0,1.6145239832293,0,1
1061,0.570476034966608,0.708989048625691,1,0,-1.25905478719802,0,0
1062,0.0612392229959369,0.379508773443771,2,0,-1.10633382356156,0,0
1063,0.58607148937881,1.77782380438457,2,0,-1.09625201040969,0,0
1064,0.216301757061395,0.663184369009892,2,1,2.48376003132576,1,1
1065,0.247673240697218,0.806572827896645,2,0,-0.690568103378422,0,0
1066,0.0307164392951462,1.25566233041483,0,0,-0.016156459418923,0,0
1067,0.250450544473198,1.55048485486521,2,0,0.813733573909589,0,1
1068,0.404161741561718,1.20657201545934,0,0,-1.34157361475122,0,0
1069,0.147542932277752,0.786768596703096,0,1,-0.524579280353948,1,0
1070,1.24048639187682,1.46034820790933,1,1,-0.870941527170889,1,0
1071,0.47566833647175,0.492010820148624,2,0,1.17410316877363,0,1
1072,1.86333553856217,2.14316301920938,1,0,-0.195893541980734,0,0
1073,0.41350491448409,1.45804468134849,2,0,0.606248205099774,0,1
1074,0.103661817890559,0.234677698260565,1,0,-0.13805487291823,0,0
1075,0.206057633475905,1.21317009435563,1,0,-0.163644808900517,0,0
1076,0.146893745081292,1.30709168305093,1,1,1.5753948072214,1,1
1077,1.48459574409956,2.60246660780913,2,0,0.614309259135601,0,1
1078,0.15660555921392,4.29468058670561,0,1,-0.980971212177416,1,0
1079,0.1817732795866,1.08173325961384,1,0,0.835049115332286,0,1
1080,1.88266641761465,4.93817758854879,2,0,-0.877234112082464,0,0
1081,0.527476417418155,1.57733816512503,1,1,-1.68109593633428,1,0
1082,1.37073266418743,1.5256412151513,2,0,1.66808963002022,0,1
1083,0.559118406826364,0.581828190290544,2,1,-0.44424731899877,1,0
1084,0.798529698296357,1.06743856033082,1,1,-0.582669915294675,1,0
1085,1.97082090285688,2.3545724848529,0,1,0.127870793249802,1,1
1086,0.955080184032517,1.39756343524894,1,1,0.878803715094985,1,1
1087,0.0399495143857267,1.74249563987056,0,0,1.08355625338724,0,1
1088,0.362338718130357,0.494490616644422,0,0,2.29105461509551,0,1
1089,0.620807998606728,1.46186484807619,1,0,-0.0406791226819518,0,0
1090,0.654476083194216,2.48443479559255,2,0,0.507542955602373,0,1
1091,0.426454626851612,2.95460277468357,1,0,0.27721279791126,0,1
1092,1.02761657076049,1.26165830183603,1,1,0.966793658698727,1,1
1093,0.00814560958303165,1.54115059291528,2,1,0.82018745148458,1,1
1094,1.18084001143245,3.69411150736248,1,1,-0.790027316820156,1,0
1095,0.208013122089852,0.924043585046017,1,1,-0.192946526817477,1,0
1096,0.326164751313627,0.406805260816114,2,1,0.758396550639004,1,1
1097,0.648944297184547,0.783614735062512,2,1,-0.289079051740746,1,0
1098,0.519327463375198,1.6135005203615,1,1,-0.569699527606973,1,0
1099,1.0099353330364,2.72213217661522,2,0,-0.37241765138424,0,0
1100,0.0393042682359616,5.60627157845385,2,0,-0.0700859780246718,0,0
1101,0.694402022183769,1.45811236769391,2,1,0.011283014887823,1,1
1102,1.46685198772584,6,0,0,-1.74915528586941,0,0
1103,0.531298817238874,1.99840591560441,2,1,0.20146535898917,1,1
1104,0.449055035391616,1.27772132785896,2,0,0.0281227449322379,0,1
1105,0.780668666332642,2.1301403548951,2,0,0.455804591978932,0,1
1106,0.792109317410006,1.53329755193978,1,0,1.85781781025991,0,1
1107,0.710805759558247,0.732162263740557,2,0,1.72857924344484,0,1
1108,1.04811338610399,1.53325863432426,1,1,-0.98141361891508,1,0
1109,0.0553357595991757,0.19760262487655,1,0,-1.03079540610564,0,0
1110,1.08885060370268,2.65723793987192,1,1,-1.70659920973068,1,0
1111,0.178786388908823,0.544993808478629,1,1,0.162786810561029,1,1
1112,0.266621127828128,0.752747679750125,0,1,0.40208523844354,1,1
1113,1.07510659770093,1.57747480719826,0,1,0.726125178579953,1,1
1114,0.0910229998703331,0.217017923509385,1,1,0.703422783539403,1,1
1115,0.251053887315922,1.03363724601108,2,0,0.467604581840295,0,1
1116,0.896257121690128,4.59026198739288,2,0,-0.943161697120062,0,0
1117,0.797305835105954,2.72017905356625,1,0,0.504085139949785,0,1
1118,0.291809926533865,2.07733400712247,1,0,-0.888275382493856,0,0
1119,1.7590544199662,3.90237194324668,2,0,-1.18451241283467,0,0
1120,0.715451479927827,1.8251426244948,1,1,0.461688459104775,1,1
1121,0.910818382481251,1.62833078673785,2,0,0.857492898839023,0,1
1122,0.357565945531759,2.33429026914252,1,0,-0.744370127039473,0,0
1123,0.883645320818817,3.41713973330112,0,0,0.230019916838141,0,1
1124,0.153110204264522,0.717873407173093,1,1,-0.450626265709929,1,0
1125,0.0500347202330582,0.332690597095466,2,0,0.723721522356683,0,1
1126,1.00729944800637,2.66353157031479,2,0,1.11183241770983,0,1
1127,1.37072530069541,1.59769858233631,0,0,-0.455439602520782,0,0
1128,1.04950211316647,1.37666736279411,2,1,-0.364328734949134,1,0
1129,0.0774398854830199,0.46116460549108,2,0,0.466730704127434,0,1
1130,1.3686632540438,2.36907960722956,1,0,0.669969041001282,0,1
1131,0.0623799125767416,0.121624340988838,1,0,-0.516024848308108,0,0
1132,0.0753849664815731,0.847532821180753,0,1,0.182878485075278,1,1
1133,0.142572834673855,0.171336431765979,1,0,-0.975224225203209,0,0
1134,0.0483432324189279,0.350251279459304,1,1,0.235933517928705,1,1
1135,0.8963214553844,2.27915989301844,2,0,0.00934354260609369,0,1
1136,0.454840949589114,1.09705190952915,2,1,0.531658421671521,1,1
1137,0.337803865679436,2.3074298110778,2,0,-0.622569252847929,0,0
1138,0.134623370797086,0.641275966360658,2,0,0.340874869546043,0,1
1139,0.186553413006512,1.15027895839577,1,1,-0.933658240255878,1,0
1140,0.29364539620777,0.439144395411528,2,0,-0.0933746398222841,0,0
1141,0.244367634360161,0.501579030374516,1,1,-0.554235292464136,1,0
1142,0.590874128974974,0.608798876778101,2,1,-0.586265175269495,1,0
1143,0.396875857822321,0.482902337750025,1,0,-0.712865962916232,0,0
1144,0.270174198473493,2.2812400993889,2,0,1.06706513476104,0,1
1145,0.794647176599847,0.936435737934597,2,1,0.403262837173853,1,1
1146,0.335397581673331,0.758369162397778,2,0,1.20795377066315,0,1
1147,0.643870896181015,2.66779774193017,2,0,1.09262465503747,0,1
1148,0.2375708360018,0.786654560025086,1,1,0.333064122962115,1,1
1149,0.347742702191075,2.2965555401715,1,0,-0.702628552409061,0,0
1150,0.0047329632151458,0.286342740236911,1,0,-0.222053885829684,0,0
1151,0.11479325677796,0.388092559568673,1,0,-0.260005726364339,0,0
1152,0.568649732611246,1.04678284591418,1,1,-0.143169764708423,1,0
1153,0.414800933895693,2.51541752148519,2,0,-1.49285009883534,0,0
1154,0.0368578061033418,5.26630470800411,2,0,-0.685189207116375,0,0
1155,0.39565338080542,1.30437162568121,2,1,0.3798510236876,1,1
1156,0.998112186742836,1.7249909665608,1,0,-0.407852072310975,0,0
1157,0.449040272894005,1.22470132280587,1,0,-0.386849792837825,0,0
1158,0.156852233802813,0.79886005387565,2,0,-1.24406894965715,0,0
1159,0.368518575819002,0.537166352270796,2,0,0.60195044755717,0,1
1160,0.144756994709197,2.6247818612804,0,1,0.42531007130551,1,1
1161,1.05954923897387,1.90012258203333,2,1,0.516901091808018,1,1
1162,0.563554957155537,0.836958382278681,0,0,-0.459704466905528,0,0
1163,0.204178522754874,0.44618785244412,2,0,0.963544417365556,0,1
1164,1.82684749769439,2.08037363897626,2,0,0.406507243496285,0,1
1165,0.241432718957359,1.27817861726927,1,0,-0.420349711666304,0,0
1166,0.937496751338587,1.38011863346382,2,0,1.11639107927253,0,1
1167,2.44574791634319,6,0,0,-0.886013429034832,0,0
1168,0.744572709728446,1.31075065216453,1,0,-0.771892121131764,0,0
1169,0.040776991956277,0.271742309754094,0,1,1.83050149167195,1,1
1170,0.131446913195153,0.833093239590249,1,0,0.146979566022376,0,1
1171,0.226573315449059,0.566527546272823,2,0,0.276077305645012,0,1
1172,0.240367491117392,1.52757567013956,2,0,-0.166445586781033,0,0
1173,0.816888157387094,3.61432474257044,2,0,1.3290650001958,0,1
1174,0.416703384466767,0.795500332259506,2,1,0.583484778968083,1,1
1175,0.318808066141274,4.89835303248771,0,1,0.20699645088961,1,1
1176,0.774631393688034,1.87522296594081,1,0,-1.57300540410396,0,0
1177,0.743677186158796,1.05999582285167,2,0,1.45571882384948,0,1
1178,0.232761474326253,0.549551550921026,1,0,2.56424673743864,0,1
1179,0.34542941923388,1.49609971275433,1,0,-1.07301276501963,0,0
1180,0.248943332375752,1.41867531878913,1,0,-0.529751673727132,0,0
1181,0.137471860895554,1.1060041582528,2,1,-0.321524236257367,1,0
1182,0.0148676900522582,3.502858918393,1,1,2.03245441423267,1,1
1183,0.346504047823449,0.601671483016598,1,1,-0.658339956989029,1,0
1184,0.0566799214784203,0.794159901161169,1,0,-0.486884264186024,0,0
1185,0.0217593897965605,2.40743259274708,2,0,0.0628308623792709,0,1
1186,0.0710722198709846,0.134899308067763,1,0,-0.580611034375841,0,0
1187,1.04342245078221,1.85881961787753,0,0,-0.606209612443835,0,0
1188,0.0179539284660063,1.12474357835625,1,1,0.953524655871161,1,1
1189,0.0763156223628256,0.898662680342231,2,1,0.990423174260631,1,1
1190,0.0746194790634844,0.079656106384429,1,1,-1.474978576503,1,0
1191,0.70955498661432,0.988775397840152,1,1,-0.955458608482536,1,0
1192,0.615391324584683,0.993754789245624,1,0,-0.887005982354805,0,0
1193,1.29141706037324,2.69305313246635,1,1,-0.858366367260383,1,0
1194,0.275744101446536,1.04891693066164,1,1,-1.69488736623162,1,0
1195,0.390875898819003,2.90458224431692,1,0,-0.739225747681988,0,0
1196,0.0162456586700849,0.33848280561801,2,1,-0.589473813474544,1,0
1197,1.16598476858074,1.52784522235966,2,0,0.282933935291686,0,1
1198,0.109921525129014,0.4730950606102,2,1,-0.236722120255214,1,0
1199,0.100359537367075,1.09683051630723,2,0,-0.450532289203649,0,0
1200,0.481194019514114,0.617687577618201,2,0,0.189712465473296,0,1
1201,0.270896496561666,0.355049253751834,0,1,-0.617339395973738,1,0
1202,0.233790961905395,1.86165730300517,2,1,0.132485607342427,1,1
1203,1.10189917492669,4.32053423354206,1,0,-1.05996419729145,0,0
1204,0.0501344751359688,0.4294891980361,1,0,-0.546361321875044,0,0
1205,0.442961018222074,0.85817518196129,1,1,-0.701089324898239,1,0
1206,0.171943845362603,0.657583149109743,1,0,1.91928512211371,0,1
1207,0.0174086556459467,0.110806745964116,1,1,-2.21171543479432,1,0
1208,0.0717498101368697,0.836234469807774,2,0,2.27358072545668,0,1
1209,0.642182216979563,1.01324262199033,2,0,-0.0159004600732122,0,0
1210,0.170279482586516,0.290885804666404,1,1,-1.81353919736179,1,0
1211,0.00992575868818785,2.15308142742601,2,1,0.242318203810398,1,1
1212,2.84231875284749,4.0603273197344,2,0,-0.578277707651559,0,0
1213,0.673045941835476,1.46886785204212,0,1,0.635034277376079,1,1
1214,0.269228655637966,0.568674116799747,1,0,-0.478588989844555,0,0
1215,0.10164556371801,0.119192348621992,2,0,1.51791898133081,0,1
1216,0.943029894343363,6,0,0,-0.350067173619822,0,0
1217,0.165606248519722,0.518937682112058,0,0,-1.17365917970823,0,0
1218,0.823836661828571,0.88693883174292,1,0,-0.869669148871192,0,0
1219,0.19660261252688,1.20195658017555,1,1,1.3059131071073,1,1
1220,0.451285483108626,2.18242283003892,1,1,0.967404246740108,1,1
1221,1.69129117486148,4.74264107974539,1,0,1.76928539366588,0,1
1222,0.259993110905498,1.15832484948138,0,1,1.17853009445976,1,1
1223,0.271069589588377,0.278170374851176,2,0,0.223347165061651,0,1
1224,0.0655664641480436,0.422794710108459,2,1,1.47339938310521,1,1
1225,1.1573032785982,3.62040486497184,0,0,0.194116542611561,0,1
1226,0.0880782466588749,1.04591637110767,1,1,-1.10755008947796,1,0
1227,0.311246010888782,0.379009312483569,1,1,-2.45299843444403,1,0
1228,1.02270761810543,4.48797149494498,2,0,-0.252592042781737,0,0
1229,0.356196037286686,0.603723846589476,1,0,-0.168893463613747,0,0
1230,0.367724297361241,2.59109151536173,2,0,-0.0946488758892905,0,0
1231,0.408850274462173,2.20601887131731,0,1,0.936696764342729,1,1
1232,0.0127988981289996,2.21032336664697,0,1,-0.500841534500472,1,0
1233,1.29198341522251,1.34323598070093,2,1,-0.755053300736779,1,0
1234,0.616079640781714,1.12396059934982,2,0,1.9003880315838,0,1
1235,0.322895041770405,0.813753812448335,2,0,1.09980013371153,0,1
1236,0.396229201539384,0.624841045459063,1,0,-0.1066320094639,0,0
1237,0.808386548065159,1.64975998870882,2,0,1.47533916242241,0,1
1238,0.209383605979383,1.54921192365388,0,0,0.537102744738522,0,1
1239,0.138113889325824,0.227436882175111,2,1,1.56745469019113,1,1
1240,0.186339607979688,1.11819229283768,1,1,-0.928372057388501,1,0
1241,0.171825787983835,0.968449094320133,1,0,0.476446533033748,0,1
1242,0.984427305694388,6,0,0,0.202985146343542,0,1
1243,0.0342049284715671,0.0592719256023557,0,0,0.955775861793641,0,1
1244,0.0321364314812753,0.331712012924959,1,0,-1.65752167707322,0,0
1245,0.443940996192396,3.25530590630575,2,1,0.409399272517826,1,1
1246,0.234619003927542,0.68208911681221,1,0,-2.39489108181025,0,0
1247,0.347384218540457,0.349752203709714,1,1,-1.72573600839576,1,0
1248,1.03367303493422,2.527953983753,1,1,1.45402569839933,1,1
1249,0.300454154300193,0.812246462525162,2,0,1.03157872859115,0,1
1250,1.13739485744272,2.06477807365007,1,1,0.0384767280925877,1,1
1251,0.054208638852401,2.16836897528115,1,1,-0.858677285501785,1,0
1252,0.632114094785518,1.02813277252386,2,1,1.49882440193469,1,1
1253,0.0827861297875643,4.40833759804567,0,0,-0.140986366084839,0,0
1254,0.112245824291474,0.129200329755375,1,1,-1.04719303283977,1,0
1255,0.181446458996553,1.55189099100812,2,1,0.910487738994123,1,1
1256,1.07023879467085,2.60884212591695,2,0,-0.687783414950378,0,0
1257,0.0936206280150347,6,0,0,-0.912289252542744,0,0
1258,0.182888879047715,0.444295877825546,1,0,1.10507910165344,0,1
1259,1.25042348467125,1.45099180927685,1,0,-2.11638142084789,0,0
1260,0.547757921223011,0.786580096843357,2,0,0.439814088681215,0,1
1261,0.390182962227199,0.420090990395593,1,1,-1.15528482633434,1,0
1262,0.0452110517423124,0.892079563353339,0,0,0.590476283796483,0,1
1263,0.337205260681609,0.370977793549401,2,0,0.526046362788026,0,1
1264,0.0523104265125261,5.85513100478933,2,0,-1.41285599551695,0,0
1265,0.0104658057292302,2.49269100837409,0,0,-0.76236943877136,0,0
1266,0.482342443222237,0.668108302650928,1,1,-0.153795566713917,1,0
1267,0.106259657897883,0.50098608453392,1,1,1.13970085582107,1,1
1268,0.0194579471523563,2.44878628214132,2,0,-0.618410947546592,0,0
1269,0.341280277611481,0.353747309771738,1,1,-0.179714867111316,1,0
1270,0.029719059685978,1.70430028275968,2,1,1.38450590687502,1,1
1271,0.209220593134649,0.65466069474949,2,0,0.406521514740942,0,1
1272,4.62142625853756,6,0,0,-0.0325984556809533,0,0
1273,0.755060387568341,2.14872602241692,2,0,0.83001933151689,0,1
1274,0.108836573652095,0.407943849059074,1,1,-0.345479996599447,1,0
1275,0.079385708603594,0.458610014304995,1,1,-0.951018108442928,1,0
1276,0.719881618602408,2.40334851199464,1,1,0.478853340819451,1,1
1277,2.23906634366118,2.77828631319954,2,0,0.653485871196009,0,1
1278,1.10168138298815,1.11378700161974,0,0,-1.00022036216941,0,0
1279,1.32751805496184,1.67231731473004,2,1,-0.19847453108214,1,0
1280,0.101345531004201,2.26991925699015,0,1,-0.326007216390693,1,0
1281,0.638036592346099,4.14154238890566,1,0,-0.693536591115355,0,0
1282,0.484119031785263,0.83866861181243,1,0,-0.146623029421449,0,0
1283,1.85391072346328,3.46552329235806,1,1,-0.559801508847272,1,0
1284,0.26292528387987,0.619021239330054,2,0,0.999989025161553,0,1
1285,0.149597790368684,2.3224221257787,2,1,1.825304978278,1,1
1286,0.609222476163672,2.70875523138204,2,0,0.873737604544554,0,1
1287,0.507332491733222,5.24701634167069,2,0,-0.116359525564867,0,0
1288,0.248400737117562,0.557098289793913,2,0,-0.598213437607192,0,0
1289,0.0309109668534917,0.473829988340184,2,1,1.29926224902361,1,1
1290,0.0562509356273545,0.850179844225446,0,0,1.25784186762694,0,1
1291,1.40315582522069,1.5041887242841,2,0,-1.45426077242411,0,0
1292,0.271601783870881,3.05395622737706,0,0,-0.245888111339647,0,0
1293,0.389764265467723,1.96310133089529,1,1,0.987427495560492,1,1
1294,0.10796165611181,0.974624636481038,2,1,-0.305722057945698,1,0
1295,0.222152918577194,0.331552260561315,2,1,-0.73731991207863,1,0
1296,0.136952813093861,0.91125218796646,1,0,0.260877246591182,0,1
1297,0.232109103041391,2.87126970081276,2,0,-0.790233885471794,0,0
1298,0.208226479072538,0.525382517273883,1,1,0.705207490123311,1,1
1299,0.306111470175286,0.585769259534565,1,0,-0.156513134089828,0,0
1300,1.10026282564105,1.68353040615181,1,0,-0.250744769744694,0,0
1301,1.57407058600521,2.05945062939152,1,0,-0.28489825353159,0,0
1302,0.230588759650186,0.390974220011309,1,0,0.0910426467251452,0,1
1303,0.25299796243797,1.31483077845231,1,1,-0.669496782258176,1,0
1304,0.299359300794701,2.31947951639931,1,0,-0.354024782475908,0,0
1305,0.253192456439137,0.57369703314012,2,1,0.801786729944617,1,1
1306,0.134986021762921,0.291643305713845,0,0,1.13878035122415,0,1
1307,0.681918729614053,1.06218900232537,2,0,1.48834342704068,0,1
1308,0.0915234023705125,0.288704003517826,0,0,-0.252401248607283,0,0
1309,0.00459779044810241,6,0,0,-0.52263232957504,0,0
1310,0.246874765596456,1.44405696229443,1,0,-0.458461094226162,0,0
1311,0.550891552120447,3.46393015084505,2,0,0.389589957199014,0,1
1312,1.43709818492293,2.09085776047645,2,0,-0.666273361216278,0,0
1313,1.68945599528854,2.93112020877243,2,0,-1.59339343656456,0,0
1314,1.21746330413853,1.75759415142238,0,0,-0.627207711546889,0,0
1315,0.352237561964238,0.792994648855821,2,0,0.181168606227328,0,1
1316,0.0691409768701623,0.276989855745243,1,0,0.645244061244467,0,1
1317,3.08124921369426,4.15490673249221,2,0,-1.82684315915244,0,0
1318,0.606679029038383,1.09995300432925,0,0,0.175680031662515,0,1
1319,0.121011899059845,2.23509819358901,2,0,-0.475680166987899,0,0
1320,0.106028266385024,1.92154212214828,1,1,-0.526982031775608,1,0
1321,0.240335100428466,1.81437780019755,1,1,0.0367143594606869,1,1
1322,0.0791094474138018,0.672265402636886,2,1,1.20014305653896,1,1
1323,0.267964542015559,1.29628491992233,2,0,-0.815067100108345,0,0
1324,0.849793757364231,1.4852520198254,1,1,1.31570041129461,1,1
1325,1.13559309181539,1.6702672763813,2,0,0.737903363687166,0,1
1326,0.429921929414074,0.562773443602396,1,1,0.554427715466593,1,1
1327,0.0265304703317884,0.378206196677358,1,1,-0.860320424549049,1,0
1328,0.830934331188282,4.82703240798724,2,0,-0.0264941765153549,0,0
1329,0.934484838978794,4.02552005920495,2,0,0.372170694197414,0,1
1330,0.0529433440210091,1.36846728221517,1,0,-0.0454848997814418,0,0
1331,0.410610881323616,0.580443846035556,1,1,-0.721931565812216,1,0
1332,0.244554445593487,0.685153216734685,1,0,-2.02771236396668,0,0
1333,0.219685539438993,1.04050355032086,0,1,-0.175007392231742,1,0
1334,0.0880141069905625,5.43988759911863,0,0,0.133427330560914,0,1
1335,0.094864917380057,2.2376979953061,2,0,1.33763889612378,0,1
1336,0.420279763706527,0.59006718832661,1,0,-0.133915659155308,0,0
1337,3.77417830938636,4.21986624255153,1,0,0.947340219793522,0,1
1338,0.396251892670989,0.783483260257029,1,1,-0.0365018631427819,1,0
1339,0.271705138083133,1.55063333747255,1,0,-0.152707176307361,0,0
1340,0.525856947523438,1.43965995805684,2,0,2.07192610019238,0,1
1341,0.0432670882178677,2.4210453042532,0,0,-0.729469838169568,0,0
1342,0.22378533716417,3.58471505230933,2,0,1.00355189293036,0,1
1343,0.0305280649883245,3.53546781258459,2,0,0.0998617582330046,0,1
1344,0.00443642338116964,1.59543766879351,1,1,-1.7174260193631,1,0
1345,0.0541554078637138,0.0777316579535614,1,0,-0.263374087102218,0,0
1346,0.108176103482644,0.896427945156013,0,0,-0.161235014178055,0,0
1347,0.735170187739035,1.00729923127868,1,1,-0.351918516114288,1,0
1348,0.0909241842519906,0.896306669966399,2,1,0.0903716614320568,1,1
1349,0.216930478086902,2.01708868438867,1,0,-0.21532134006811,0,0
1350,0.075066114019522,0.788552707569455,2,1,-0.107507757690791,1,0
1351,1.18956123887964,1.26524781585281,2,1,0.541574808074849,1,1
1352,0.0349606257966823,1.08854088000953,0,0,-0.716249187902175,0,0
1353,0.350550133543984,0.682030695205664,1,0,-1.459080236268,0,0
1354,0.417789281345904,1.70928993760519,1,0,1.28892060573709,0,1
1355,0.364647929349707,1.02640241074065,0,1,-0.319385077788973,1,0
1356,1.30575795963706,3.26795178192789,2,0,0.134769085263424,0,1
1357,0.0538850324995654,1.76298637662748,1,0,-0.324377103990916,0,0
1358,0.115102825479375,0.515506873311546,1,0,-0.0618509983760719,0,0
1359,0.0168447202773801,1.08193577654595,0,0,-0.291143252463843,0,0
1360,0.953281640162001,0.994633542714078,1,1,-0.612958869157068,1,0
1361,0.405212934924821,1.1321315061172,1,1,-0.511917359043893,1,0
1362,0.100653565281795,2.01102877460484,2,0,-0.477247446406565,0,0
1363,0.35323352942956,5.09649577910168,0,0,-0.639728296460037,0,0
1364,0.109676071798263,0.270565246100328,1,1,2.2659809393944,1,1
1365,0.0668336813234621,0.414772224825982,1,1,0.902541018997186,1,1
1366,0.0936397966348242,0.886738171930331,0,0,-0.0290961269191418,0,0
1367,1.88920729057803,6,0,0,-0.220855826371316,0,0
1368,0.0931160343396995,1.38309368078221,1,1,-1.27871545790216,1,0
1369,1.27749408590596,2.15138474768477,2,0,-0.266852687914597,0,0
1370,0.0458983968322476,0.558853952818583,2,0,0.816636448284819,0,1
1371,0.243823527772393,0.991218460582665,1,0,0.324775835220836,0,1
1372,0.637832140136096,1.11244192071289,1,1,-1.20193596028591,1,0
1373,0.41651845133553,1.56426729096117,1,0,-0.304903569844836,0,0
1374,0.0469136465754774,0.337210384113369,1,1,-0.892546056365071,1,0
1375,1.04376768999101,4.30950778126367,2,1,-0.0339758444624004,1,0
1376,0.549763788262175,1.25453462293832,2,0,0.704591920744704,0,1
1377,0.830455365440594,0.832479503308126,2,1,0.429446086269596,1,1
1378,0.396167170773778,0.662584161640048,2,0,0.909318374416686,0,1
1379,1.09589146755935,1.82181528063741,2,0,0.253325230559515,0,1
1380,1.39521166056694,1.67947138349215,0,0,-1.19592373550457,0,0
1381,0.746424871807297,1.44746056702218,1,0,-0.656574943364733,0,0
1382,1.8695003455606,3.21115921294753,1,0,-0.546370839363907,0,0
1383,0.063071432006028,6,0,0,-1.56799654567454,0,0
1384,0.291639658751045,0.86951544868544,2,0,0.186904306119578,0,1
1385,1.70706620692487,3.19946111179888,0,0,-1.03115372277718,0,0
1386,0.160717830211036,1.02590773464668,1,0,-0.00348889123876702,0,0
1387,0.920093436161359,1.22091671535894,1,1,1.6994164136626,1,1
1388,0.623061660056313,0.91520793913609,2,0,-0.503837503405503,0,0
1389,0.182750460150862,0.563764693267063,2,1,0.812741534093429,1,1
1390,0.23100111516014,0.445806346455988,1,0,0.2793892136982,0,1
1391,0.32427485100925,0.494253490380333,1,1,0.324707771790058,1,1
1392,0.535809190736877,6,0,0,-0.883967366370604,0,0
1393,0.011178709877034,1.02792323832433,2,0,1.30588307875611,0,1
1394,0.217225691303611,0.348336016175228,1,0,-1.89465131613945,0,0
1395,0.204202818891241,3.47933214250349,1,0,-0.79302268795634,0,0
1396,0.116809331811965,0.843872689640267,2,1,1.67859868016516,1,1
1397,0.240706968535152,0.356867341891481,1,1,-0.493280271254587,1,0
1398,0.041768081084351,0.126908481022867,2,0,0.337996073386658,0,1
1399,0.0170957899423978,2.23486898387032,1,0,-0.40928091668747,0,0
1400,0.095482728857961,0.498831958199541,0,0,-0.518576747044754,0,0
1401,0.0776041878158521,1.54662520677986,2,1,1.49779349077637,1,1
1402,1.15813679471084,1.82863607449305,1,0,2.33691762908069,0,1
1403,1.19787675787243,2.85464817838189,2,0,1.17504734118483,0,1
1404,0.488955316001905,0.497190290902678,1,1,0.154893410159517,1,1
1405,0.739511787994868,2.31748802426402,1,1,1.29965091155386,1,1
1406,0.955010533493108,1.78910706405403,1,1,-0.962932051319607,1,0
1407,0.702373500809901,0.712928334411318,1,1,-0.721291714047271,1,0
1408,0.274962581668003,0.428018916723279,1,0,-0.402365262385127,0,0
1409,2.33433729831105,3.72520163684488,2,0,0.335264512283988,0,1
1410,0.65654179546982,1.29810326864963,1,1,-0.339048529845662,1,0
1411,0.19723723607434,0.325732512162155,1,1,1.15415350802916,1,1
1412,0.228590937331319,2.63667644820543,1,0,-0.610460050615594,0,0
1413,0.0230947121356924,0.720307187604891,2,0,1.8177050554243,0,1
1414,0.197951718190552,1.45634098487407,1,1,-0.361039332479295,1,0
1415,0.0665890529355341,0.408950013886466,2,0,0.978839608955726,0,1
1416,0.511458879854116,1.8068724636631,1,0,0.995081993791184,0,1
1417,0.293020363379684,2.41747427421312,0,0,-0.293905486874558,0,0
1418,0.916646664059525,2.85562409292862,2,1,-0.650349711212341,1,0
1419,1.06499117524973,1.50161121422628,1,1,-0.327053033113826,1,0
1420,0.612826704725656,1.73473513877108,2,0,-0.0959626915815141,0,0
1421,1.37483151314459,1.49106694074969,0,0,0.344471034882543,0,1
1422,0.0792307127822152,0.282500822987186,1,1,-1.91573239179094,1,0
1423,0.114090760434218,0.458481950184317,2,0,0.917921159553161,0,1
1424,0.015921524932815,0.603656180205821,1,1,-1.80412717834286,1,0
1425,0.476351648879548,2.60139090009034,0,0,1.37090754729951,0,1
1426,0.0618203325794962,1.25367089719336,1,1,0.528831495926244,1,1
1427,0.156566680453011,0.595989751401284,2,1,1.13428173120213,1,1
1428,0.376258977792329,0.825873909329954,2,0,1.20596979508946,0,1
1429,0.0639124312955472,0.44375390971998,1,1,-0.39174713140863,1,0
1430,0.753115849155519,2.09153070134371,1,1,-0.0203419392431891,1,0
1431,0.542375543110606,3.33784779396209,2,1,-0.153600338860767,1,0
1432,0.147121241541293,0.719002728520224,1,1,0.124594379279654,1,1
1433,1.07709077906577,2.07753529775527,1,1,0.920195341090622,1,1
1434,2.36237944440638,6,0,0,-1.34098121021264,0,0
1435,0.747953328924875,2.32912465768504,1,1,0.062766157041105,1,1
1436,1.06860992080107,2.39123371414401,1,1,-1.3729582523622,1,0
1437,0.348790336635888,0.756573332862051,1,1,-0.203416594509353,1,0
1438,0.370368400795592,1.72343015734753,1,0,0.253174506745168,0,1
1439,1.27552462460393,3.11036644844777,2,0,0.187238401647799,0,1
1440,0.613330537970695,1.07072167004796,2,1,1.92063308157729,1,1
1441,0.224864526971384,1.86039948194369,2,1,1.85557776385393,1,1
1442,0.412310040192549,1.22038203283622,2,1,-0.743389983102111,1,0
1443,1.78553401428828,2.76745269752716,2,0,1.00310218268408,0,1
1444,0.321674861738251,1.57196465003075,2,0,1.03031130624399,0,1
1445,0.921807654362268,4.01822626491982,2,1,0.206489227365669,1,1
1446,0.399598929927581,1.26579724078493,2,0,-0.545729541096112,0,0
1447,0.308871065369911,0.8913286316014,1,0,-0.522108431686861,0,0
1448,0.0322043812718033,0.486630535942755,1,1,1.54222822273136,1,1
1449,0.0297547509479854,2.16866543516517,0,0,1.2186864499702,0,1
1450,0.0521797562638919,3.80417355443457,1,1,0.758410680216258,1,1
1451,1.44597181838719,2.08463457865612,1,0,-0.772303462399829,0,0
1452,0.210527727327312,3.31951278769758,1,0,0.507809415686938,0,1
1453,0.25939252940162,0.932179261517899,1,0,2.57186106964191,0,1
1454,0.0595173575197869,0.4249783095671,1,1,-1.57033973263226,1,0
1455,0.463379870893227,1.18777439124405,1,1,-1.0955754870262,1,0
1456,0.159605324475302,1.25366488782068,0,0,-0.393767798032404,0,0
1457,0.06069880831525,1.68027387652043,2,1,0.0629065545611462,1,1
1458,1.99185485024216,3.07046636318167,0,0,-1.01876732978748,0,0
1459,0.871672441929261,2.76505455163325,2,0,0.0083444290104612,0,1
1460,0.956397386635026,1.87354360241254,1,0,0.693995733818602,0,1
1461,0.162378258796202,0.658784977609105,1,1,0.498179234446937,1,1
1462,0.0891422280884516,1.29154665319731,2,0,-0.30711059556533,0,0
1463,1.53974120810927,2.59291917835771,1,1,-1.17580590521463,1,0
1464,0.0281666637483543,0.468596023673361,1,0,0.742469043420287,0,1
1465,0.584487871059941,0.905928240571108,0,1,0.117223755599397,1,1
1466,0.545467107797146,5.11736914487489,0,0,-0.672922798876664,0,0
1467,0.419891698596378,1.88382261623655,1,1,1.14677360854589,1,1
1468,0.13277472772946,1.46388100629439,1,1,0.640030245957128,1,1
1469,0.154222278169647,0.52055344668537,1,1,1.00545210506679,1,1
1470,0.169238407785694,3.98595316413554,2,0,-0.23433765338648,0,0
1471,0.963653898233851,1.10910688216488,0,0,-0.238257882789365,0,0
1472,0.0717640813026163,0.847598328799617,2,1,2.31969213847062,1,1
1473,0.426037731683917,0.790679230926284,1,0,-0.233097473122165,0,0
1474,0.288993232072496,1.8677153807239,1,0,-0.830272773166054,0,0
1475,1.94452759696976,2.64543995914887,2,1,-0.943865089932203,1,0
1476,0.484637134294543,1.8994683141048,1,1,-0.833398875866925,1,0
1477,0.277506029233336,2.21923958225845,2,0,1.09486129520865,0,1
1478,0.038327564209404,0.381975247652757,1,0,-1.07773452226878,0,0
1479,0.494594314756493,1.54783570977313,1,0,-0.365143673897626,0,0
1480,0.180862271744344,0.31283593728221,1,0,0.374863464461207,0,1
1481,0.586933721270826,0.866204260768376,1,1,0.232691089850742,1,1
1482,0.191666228800184,0.245793309683601,0,1,-0.493945983131327,1,0
1483,1.6405882664747,6,0,0,0.4377942491102,0,1
1484,0.582599188348081,2.66201469611603,2,1,0.359593565166898,1,1
1485,0.342147108684811,0.706987356580438,1,1,-1.03688331554625,1,0
1486,0.193834562042115,3.14103926908526,1,0,0.814031767430786,0,1
1487,0.134008938079004,0.456154676773508,2,1,1.76849844487692,1,1
1488,0.805747538510827,0.995362272060079,2,0,1.32465494842258,0,1
1489,0.190164630442093,1.10184800731782,2,0,1.07707003012477,0,1
1490,0.355788657131294,0.473305266350508,0,1,-0.261703981244098,1,0
1491,1.57877636650141,1.65605740358972,2,0,0.862602249140499,0,1
1492,0.442163069903954,0.75159729320287,0,0,-1.89379800421593,0,0
1493,0.19648311400993,0.306673740665225,2,0,0.515355624867056,0,1
1494,0.248125633228026,3.11775841549979,2,0,0.230554881097931,0,1
1495,0.555831261186136,3.44176053069532,0,0,0.77642893671459,0,1
1496,0.200448468741443,2.08258610529204,0,1,0.277238225388687,1,1
1497,0.783633882547101,1.52663385848662,2,0,0.108811658661005,0,1
1498,0.0260026132067045,0.726407890262296,1,1,-0.938765971649931,1,0
1499,0.120020220573578,0.698422075559696,0,0,-1.26531047199621,0,0
1500,0.592242755099303,0.629953367826449,1,1,-0.743405106654452,1,0
1501,0.516240149736404,1.18220251809401,0,0,-0.78933332546737,0,0
1502,0.0234561615313093,0.0990048586886271,1,0,-1.17724501684429,0,0
1503,0.398370762769547,1.99907677064662,2,0,0.211414848200284,0,1
1504,1.56005275484968,3.46994894068218,2,1,-0.563799489972062,1,0
1505,0.14954598136913,1.26946155146021,0,0,0.787417645710849,0,1
1506,0.752027585792045,3.55141170364794,2,1,1.0132922039266,1,1
1507,0.828918554852122,2.98193734760086,0,1,0.660727482060794,1,1
1508,0.485897560396956,2.9426373316844,2,0,-1.03464392388191,0,0
1509,0.330050609622606,1.80244237514267,2,1,1.85345980409366,1,1
1510,0.600801784441703,2.20851723588941,2,0,0.218459089765218,0,1
1511,0.587688607888089,1.01706564772503,1,1,0.412650296213937,1,1
1512,0.383653385668165,1.94474196104956,2,1,-0.144256753282992,1,0
1513,0.523453087086615,0.760500807160586,1,0,-0.535470243539513,0,0
1514,0.0682744581145019,0.337503437369186,1,1,-0.941053803531707,1,0
1515,0.253049767472678,0.5836713497398,1,1,-0.211242427983932,1,0
1516,0.29383635148406,1.90467920775215,0,0,0.775518276611531,0,1
1517,0.427717659105029,3.29453303590964,2,1,-1.01656629651673,1,0
1518,0.110371147797448,2.2700289667051,2,0,1.19504548176194,0,1
1519,0.190109669037878,0.495246364846392,0,1,0.629566035269004,1,1
1520,1.48313376116555,2.4220739370622,1,0,-0.813718553786609,0,0
1521,0.617314592624704,0.850525986937995,1,0,0.6621397135964,0,1
1522,1.65447159143557,1.9319977859656,0,0,-1.26286480702734,0,0
1523,1.67606815065546,2.4404119451824,1,0,-0.665603495917091,0,0
1524,0.0373631116455,1.33836046323413,2,1,0.4745331229222,1,1
1525,0.127737716668182,0.462559966725649,1,1,2.26701236412755,1,1
1526,1.46872287404505,2.67697495893063,1,1,-0.386934247731021,1,0
1527,0.0846354378801253,0.885216589302472,1,0,0.673716210732951,0,1
1528,0.188629179158145,0.832426719805342,2,1,-0.708659160253677,1,0
1529,1.27073290132286,1.77532937976176,1,0,0.64094837490332,0,1
1530,0.50184153126124,0.943629342258183,2,0,1.8637136158786,0,1
1531,0.651091235793299,0.677966269137757,2,0,0.914538798499253,0,1
1532,0.903062970434308,2.43798800564387,1,1,-0.0781701378692493,1,0
1533,0.674228881899681,1.21695912573042,1,0,0.412251387261674,0,1
1534,0.33453994948003,2.07612632198176,1,0,0.0490174536628123,0,1
1535,0.366703273418049,2.22946183356487,1,1,0.991761262628529,1,1
1536,0.395339181025823,1.92951468299684,2,0,0.757926837570561,0,1
1537,0.0525083568774992,0.368785527881742,1,1,0.089318033469244,1,1
1538,0.264905059399704,0.445190733797974,1,1,0.851386558831897,1,1
1539,0.284741354278392,1.82554918918328,2,0,1.82367684899351,0,1
1540,0.728599704388115,2.27379130199552,0,0,0.228906483217473,0,1
1541,1.78366178016467,3.22064107904832,0,0,-0.452950362754954,0,0
1542,0.765145192854106,0.838767309376866,1,1,-2.4373335122889,1,0
1543,1.88924218974186,2.94774229770132,1,0,0.392682430333066,0,1
1544,0.105941010406155,0.254593184097767,0,1,-0.905326959835076,1,0
1545,0.313044857337243,2.63386494169633,0,0,1.25810286650381,0,1
1546,0.180009444297276,1.01568849956958,1,0,0.264342933231113,0,1
1547,0.606237497284181,2.57081898239752,0,1,0.224435568703071,1,1
1548,0.343429108733442,0.393388563143934,1,0,-2.23149094829673,0,0
1549,0.566328708599839,1.24639588579605,1,1,-0.689411828300403,1,0
1550,0.311945725956725,1.41201001083651,2,1,-0.0693972980195094,1,0
1551,0.363974742938779,1.8277778228124,0,0,0.466719168132538,0,1
1552,0.575094740423891,2.27975034821032,1,1,0.163429534826386,1,1
1553,0.0919466361458891,1.89571601468561,2,1,0.623533775489783,1,1
1554,0.597303347765572,0.900486231840645,1,1,0.591815306589418,1,1
1555,0.0737094258268674,0.40248183930531,2,0,1.10783017381893,0,1
1556,1.64230644693576,2.99954080773966,1,1,0.243233139525326,1,1
1557,1.11764444757966,1.41346771460258,1,1,-0.350917310308019,1,0
1558,0.395486421572665,1.02759782022887,2,1,1.57527953735707,1,1
1559,0.565780047844681,2.07840176445891,2,0,0.966843824464079,0,1
1560,0.243556741625071,2.33879503375239,1,0,-0.961643040597814,0,0
1561,0.717492035279671,3.92407747201634,2,0,1.11729072052033,0,1
1562,0.664654516925414,1.02686158330832,0,0,-0.0536322827661117,0,0
1563,0.13472741521481,5.55714711103932,2,0,-1.02393977922583,0,0
1564,0.138637448871923,0.513818974917134,0,0,-0.722646059838715,0,0
1565,0.858700466812995,1.31017718588898,1,1,-0.653599262239554,1,0
1566,0.148146439654132,0.638812137249675,2,0,-0.782912664748935,0,0
1567,1.25997690893181,2.0081994154801,0,0,0.636948183235831,0,1
1568,0.00638686168331329,0.972266734179717,0,0,-1.37686632599162,0,0
1569,0.820893447592537,1.25891554881052,1,1,-1.8375238263412,1,0
1570,0.218655395114587,0.635233535814588,1,1,0.693820724818211,1,1
1571,0.725068298375441,3.23597625518839,0,0,0.778732936098174,0,1
1572,0.248965315480313,0.286732491242147,1,1,0.023306288752,1,1
1573,0.471850868004064,2.67165120464734,1,1,0.644841059273673,1,1
1574,0.030324818987615,0.782770799068982,2,1,0.867886848867578,1,1
1575,0.545851709055884,3.25604152244826,0,1,-1.38348070796731,1,0
1576,0.292188457256431,0.614771210480453,2,1,0.532695934466127,1,1
1577,1.08385707932176,2.41355078822345,2,0,-1.64598345505392,0,0
1578,0.959696075314959,1.44471742893639,2,1,-0.273740014770914,1,0
1579,0.146073665883806,0.761150640230891,2,1,2.60508169856132,1,1
1580,0.198779149638851,1.15134478760874,0,1,1.34550465056116,1,1
1581,0.143727671646559,0.652830481326387,2,0,0.778876159205314,0,1
1582,0.938505893526488,0.967357125363857,0,0,-0.30164580322248,0,0
1583,0.0843166918248413,1.16966516794842,1,1,-0.374432662156454,1,0
1584,1.517267306806,3.26353068222139,2,0,-0.358636140585937,0,0
1585,1.14010189448265,1.45244633670189,1,1,-0.233500341972578,1,0
1586,0.717295959281425,0.818606107473761,1,0,-0.688839719724996,0,0
1587,0.532824894309872,0.91333414517269,2,1,1.48200910092685,1,1
1588,0.0746811114044653,2.05714632468413,1,0,-0.940547187703682,0,0
1589,0.342010856580069,0.593102386666715,2,1,0.19794422952565,1,1
1590,0.264868782833219,1.42122331821423,2,0,0.0407416541995319,0,1
1591,0.307537802598543,0.586491577213398,1,1,-0.740488380386151,1,0
1592,0.0752243363401956,0.0837521863694585,2,0,2.50458302806487,0,1
1593,0.230309258008169,0.469078394901424,1,1,-0.89512976371303,1,0
1594,0.142198023903701,1.2315066019899,1,1,-0.811713159018153,1,0
1595,1.40001765137217,1.56038404367282,1,0,-0.784635781519974,0,0
1596,0.975637546590315,2.46814712194951,1,0,-1.55166763725907,0,0
1597,0.121664294822901,0.566193583191401,1,0,-1.23163326892796,0,0
1598,1.82099780911833,2.66583992564518,1,1,-0.0851039050173328,1,0
1599,0.767802420693139,3.7703544958704,1,1,0.365286268954385,1,1
1600,2.71255437477666,4.99007570802072,2,1,0.354875928347686,1,1
1601,0.510656266059313,0.537997895715434,2,0,-1.0081174241924,0,0
1602,1.49578714945549,2.53670918079795,2,1,-1.7010377067665,1,0
1603,1.03556167743572,2.97635669695529,2,0,-0.564775776676587,0,0
1604,0.710308883960048,2.43274863809347,0,0,-0.108846199305474,0,0
1605,0.501889021446308,1.37747729528053,1,0,-0.549064735610755,0,0
1606,0.058927638901121,0.693635229578538,2,1,-0.743260308464853,1,0
1607,0.519950050446722,1.28794376731385,2,1,1.4034311133623,1,1
1608,0.796233720823805,0.826896826106209,2,1,1.70099503623303,1,1
1609,0.178046330737308,3.15112680204278,1,0,1.57209665380893,0,1
1610,0.729553168639541,0.950814219832811,1,0,-0.0557260120064103,0,0
1611,0.145064754825499,0.61756654265789,1,1,0.10000201844841,1,1
1612,0.288589943924712,0.43771181337392,0,0,0.40972334052001,0,1
1613,0.575924779598912,1.62640669690956,2,0,1.25518506972035,0,1
1614,2.10857136993543,2.58532915518338,1,1,0.239997597833979,1,1
1615,2.48121934801055,2.51671709941923,2,1,-0.363650384522786,1,0
1616,0.832975036935356,1.60811541368432,1,1,-1.15082771450861,1,0
1617,0.317429123551903,2.42216302889939,1,1,-1.45464640776119,1,0
1618,1.35861808429461,2.64650162688392,2,1,1.40555028559094,1,1
1619,0.396625522731079,1.56401252226413,0,0,-0.804852549884911,0,0
1620,0.476903072040942,5.81250566340296,0,0,-0.418703882939133,0,0
1621,0.232895814366236,1.08800788960574,1,0,-0.344721660110024,0,0
1622,0.360008229294585,0.690350483867827,2,0,-0.486836087592725,0,0
1623,0.983305627226512,2.23178191110492,0,0,-1.18185928069138,0,0
1624,0.113523689816758,1.52807925827801,0,1,0.275809136335628,1,1
1625,0.620480570424762,0.669471946475272,2,1,1.07743875127078,1,1
1626,0.362420053117805,0.808453343636718,2,1,-0.222550180411472,1,0
1627,0.208973827273061,0.931671988219023,0,0,-0.452262747471549,0,0
1628,0.128105865969102,0.828774874389436,1,1,-0.260850107317535,1,0
1629,0.025145853869617,0.113264963861276,2,1,0.569870258119289,1,1
1630,0.0917115864447422,1.00302942407628,0,0,-0.940312924241814,0,0
1631,0.217960153499411,0.22666674794279,1,1,0.844721336884516,1,1
1632,0.259245791369014,0.367169608590783,0,1,0.839488836346124,1,1
1633,0.0907854197357764,0.188645575088193,1,1,-0.504399662415445,1,0
1634,1.17104990299677,1.38915612747454,1,1,-0.392521012910693,1,0
1635,0.656886354295744,1.67237353465778,2,0,-0.272626292121617,0,0
1636,0.561063959677186,2.9190268151465,1,1,-0.0105727970395285,1,0
1637,1.06922095326385,2.16006672376251,2,0,0.251610302891205,0,1
1638,1.29038493040835,2.87535802996529,1,1,-1.37137469456602,1,0
1639,0.345079621507062,0.742305987190684,1,0,-2.17084867454406,0,0
1640,0.199214131053951,1.45273025572574,1,1,1.30910528883488,1,1
1641,0.0868497779001434,1.35906671734598,0,0,0.096803846698876,0,1
1642,0.511022275831136,1.56697182916105,0,0,0.119913431775747,0,1
1643,1.44875161965987,1.48609121950964,0,1,-1.29391884235289,1,0
1644,0.409846266524659,0.743701486808514,1,1,-0.59647255735937,1,0
1645,0.254756500944495,2.06378156629701,0,0,0.810531307405437,0,1
1646,0.00200834694421954,0.934955835536484,0,0,0.00163323908869823,0,1
1647,0.265047871507704,0.747074850938195,1,1,-0.0862301438421696,1,0
1648,0.120646740930776,0.532432486336846,2,0,1.01473680061868,0,1
1649,0.490446281101969,3.32603154496787,2,1,1.06604958737645,1,1
1650,1.40822191304102,1.63612081979712,0,0,-0.11299833888712,0,0
1651,0.172929067889022,0.914878751436618,1,1,0.274586279476572,1,1
1652,0.0806726838219281,0.246430107272863,1,0,-0.462047699057689,0,0
1653,0.845949296054022,6,0,0,-0.449529012082292,0,0
1654,0.244073721373247,0.792538842735236,2,1,0.564190656716711,1,1
1655,0.0971254961834161,1.49963789661632,2,1,1.03220919906923,1,1
1656,0.0280296031592621,0.271447565586666,1,1,0.715711468421817,1,1
1657,0.453679956788137,0.732590807914985,1,0,0.729805061486092,0,1
1658,0.0769315066213219,1.28762851141534,1,1,-0.374211162882732,1,0
1659,0.630120253010067,2.91567332099081,2,0,0.0246952925258937,0,1
1660,1.05304871786049,1.79913376800635,2,0,-0.0157825029289988,0,0
1661,0.447379522456734,1.38777144874136,0,1,0.347796190615007,1,1
1662,0.414811438984341,1.08401677156566,1,0,-0.125921654681597,0,0
1663,1.68698213784008,3.26454142731633,2,1,0.417082464406535,1,1
1664,0.226982333179977,0.360838292787472,0,1,1.29448812666571,1,1
1665,1.3662452126076,3.92895867821584,2,1,-0.562525780578602,1,0
1666,0.170803524482095,0.923536870500602,1,0,0.348257387199278,0,1
1667,0.136374069305856,1.68244590698276,1,0,0.698011166223268,0,1
1668,0.707638533785939,1.38933357248708,1,1,-0.351180178976475,1,0
1669,0.0144664720735616,1.23444462094181,2,0,1.02821532117298,0,1
1670,0.459835887369182,1.94891012614276,2,1,0.699373195396996,1,1
1671,0.177217515495916,0.849314369235434,1,1,-0.544008251978644,1,0
1672,1.84766444885667,1.92138206524154,0,1,0.845669705919041,1,1
1673,0.496297556237001,1.34163302118373,0,1,-0.792574116625465,1,0
1674,0.462697109517952,1.71489412475362,1,1,-1.25917847533924,1,0
1675,0.330075884807015,3.53564772444467,0,0,-0.705698857153215,0,0
1676,0.457388521663176,2.00219485535683,2,0,-0.0558471603334508,0,0
1677,0.322734783403575,0.797657929930228,2,0,0.482902907338312,0,1
1678,0.601515583693981,1.46371835194226,1,0,-0.908300017715783,0,0
1679,0.145977849666346,0.87556775038441,0,0,-0.692873963279551,0,0
1680,0.960793373024808,2.2477872736453,2,0,0.334804631827071,0,1
1681,0.313519333592719,0.945018011230898,2,0,1.68946244422192,0,1
1682,1.26233504666522,1.50664189519982,0,0,0.0136102807218946,0,1
1683,0.475402081695696,0.989595299394687,1,1,1.31190143380513,1,1
1684,1.49553917861119,3.01547076627247,2,0,-0.119389565066958,0,0
1685,0.625004732153482,1.08889870950644,1,1,0.197909752789418,1,1
1686,0.159839639026258,0.657995594881592,2,1,-0.0438089079288072,1,0
1687,0.537200529231793,0.559603481863936,0,0,-1.07652419761503,0,0
1688,0.763759454712272,3.72688356512471,2,0,-0.480991830228533,0,0
1689,0.472238857889156,0.651691675337405,1,0,0.411066600890208,0,1
1690,0.449716018305884,4.16721224068086,2,0,0.127525775498602,0,1
1691,0.57742045674887,1.24101426001385,1,0,0.594904678121753,0,1
1692,0.13808340455095,2.70089247835138,2,0,-0.479537012718746,0,0
1693,0.162476798416012,0.193098570763077,2,0,0.613118702833644,0,1
1694,0.326632390626603,1.01143310264933,1,0,-1.6622163301968,0,0
1695,0.970110528482179,2.01462438041044,2,1,-0.288197370829532,1,0
1696,0.229467500208153,1.4062880278863,1,1,1.39270300897035,1,1
1697,0.887628500820544,2.80418503936689,1,0,-0.120506342705347,0,0
1698,1.47741143173113,4.75195950476498,2,1,0.380379955022969,1,1
1699,0.554063020067083,1.53351657643782,1,1,0.766498589338164,1,1
1700,1.55871914276417,3.8630081708275,2,0,-0.0936402735456778,0,0
1701,1.13170325958366,1.15783231530997,2,1,1.20165203793525,1,1
1702,0.0535209521758162,0.412603096508752,2,0,0.983554413940673,0,1
1703,1.90517869872122,2.00803134805904,2,0,0.388280882060175,0,1
1704,0.826385285037769,6,0,0,-0.366532798812325,0,0
1705,1.24393010921248,2.21499299296773,2,0,-0.631083943551042,0,0
1706,0.0261370154718558,1.24594060211069,2,0,0.162114976452161,0,1
1707,0.35969129918764,0.748011487390823,1,0,-0.00589725237588147,0,0
1708,0.244828708366387,0.310750568717935,1,1,-1.32738493478017,1,0
1709,0.849362637515196,1.02307954182227,0,0,-0.83761145611525,0,0
1710,0.252221380877826,1.05012310254291,2,1,0.451137085630663,1,1
1711,0.143688413211041,0.975633468478918,0,0,-0.0647546572485971,0,0
1712,0.504495015160905,3.75708892260313,2,0,0.480918769612427,0,1
1713,0.168237464038848,0.256044481759545,1,1,-0.659190438771599,1,0
1714,0.00104940237684382,1.05730528091779,2,0,0.312012631790728,0,1
1715,0.00309106272955736,1.53047306049582,1,1,-0.130544393877986,1,0
1716,0.110654060521887,1.07142703134698,1,0,0.274436501613143,0,1
1717,0.381887228642073,1.0799079530353,1,1,-1.87447026070097,1,0
1718,0.0419121882360843,0.100850203278885,1,0,-1.02880680075193,0,0
1719,0.111220301071181,3.52741668119102,1,0,-0.55661869691442,0,0
1720,0.58742968003369,0.618596064829489,1,1,-1.33282572841195,1,0
1721,0.563311335216794,0.849035837496989,1,0,-0.0910701944794765,0,0
1722,1.3242689923227,2.26487629587583,2,1,-0.877447148750993,1,0
1723,0.286532113225096,0.788958527568633,2,0,-0.364608446686286,0,0
1724,0.665074331789381,0.830870364975426,1,0,0.361765217211216,0,1
1725,0.0439742378269633,2.56570590527492,1,1,-0.529177050104453,1,0
1726,1.85399049262805,4.26752116287144,2,0,0.086458025623971,0,1
1727,0.41134901618252,1.20307973285284,1,0,-0.334201658585095,0,0
1728,0.813681876447148,1.02647238411009,0,0,-0.561950593616115,0,0
1729,0.00496981406791343,0.74822654815476,1,1,-0.0414232077572069,1,0
1730,0.344810336828232,0.525106446198887,1,0,-0.66229398556604,0,0
1731,0.937020791850613,1.16589939476891,1,0,1.25056859662935,0,1
1732,0.0463508226555224,0.287002171269192,1,1,0.5616827266461,1,1
1733,0.456045789437162,1.14930456639573,1,1,-0.226312397618152,1,0
1734,0.331615790013607,1.43759967281768,2,1,-0.109468885251045,1,0
1735,0.755606112070382,1.01968236461634,1,0,0.63486030200034,0,1
1736,0.0654220249917772,0.877271878410257,2,0,1.36324511366221,0,1
1737,1.06450057169929,5.09441513218185,2,0,0.183783031960191,0,1
1738,1.95313300307197,2.92353767763978,2,0,-0.36437796439836,0,0
1739,0.783424801663902,0.833264837322631,1,1,1.04056056609451,1,1
1740,0.418987849002911,1.27516515242557,0,0,-0.283310942335672,0,0
1741,0.516804766116871,0.560995205924739,1,1,-0.251699868387731,1,0
1742,0.86111164129742,3.64244476925932,2,1,-0.407720223019266,1,0
1743,0.279153696675268,1.00790918449971,1,0,-0.906066955714737,0,0
1744,1.01967459332911,1.14785466813128,1,0,-0.701258278423325,0,0
1745,0.244350744125892,0.368724925080214,1,1,0.163642062172094,1,1
1746,0.0744732257185711,2.01189128215985,1,0,-0.769563360695793,0,0
1747,0.318947341293097,2.07424114407073,1,1,1.15019600666848,1,1
1748,0.0313373385499073,1.5754295724962,2,1,0.846759810419935,1,1
1749,1.69864295369452,1.93427708730364,1,1,0.16153547973757,1,1
1750,0.585198383260932,0.770586662195952,2,1,-0.344346230941526,1,0
1751,0.138315098998011,0.949680240637106,2,1,-0.153798761030182,1,0
1752,0.0820890895412397,0.543138237859938,1,1,-0.579538487518698,1,0
1753,0.610903431144026,0.76573086901248,1,0,1.36916519088038,0,1
1754,0.0172732782148445,2.58492628188423,1,0,-0.029394090485331,0,0
1755,0.399129682804907,0.964830034578665,1,1,-1.54545668722039,1,0
1756,0.348179549446065,0.363017589368523,1,1,-0.852893406036276,1,0
1757,0.0308878062706855,0.300312008614077,0,0,-1.70212809338082,0,0
1758,0.668345977448755,3.10521996013221,1,0,-0.572662311990411,0,0
1759,0.189998536911071,0.365281401043024,0,0,0.250929279854173,0,1
1760,0.0329092196836508,0.688285426382124,1,1,0.7700807837429,1,1
1761,0.480159894144921,1.18091043699583,1,0,-0.329144230679311,0,0
1762,0.40419557545748,0.414336196224445,1,0,-0.575261751596432,0,0
1763,0.291909362391197,3.41597986769415,2,0,0.216359123405474,0,1
1764,0.40486535523387,4.12302154737214,0,0,-0.161714088895484,0,0
1765,0.104241875103778,0.150690369369382,1,1,-2.84917489099025,1,0
1766,1.56532242601822,1.80667580105364,0,1,0.176182866078666,1,1
1767,0.907980197429971,1.08520605702358,2,0,0.260569632927885,0,1
1768,0.311699251954754,2.81009308801408,2,0,0.353349354598201,0,1
1769,0.0330837546951241,6,0,1,-2.00454227712726,1,0
1770,0.319041969449026,1.02326288811,1,1,0.303387916929183,1,1
1771,0.81330803735688,0.869161464894811,0,1,0.158139500973844,1,1
1772,1.68469554010963,4.70677514353977,2,0,-0.996237826778332,0,0
1773,1.2636656406666,2.47612581669846,1,0,-2.68069011117103,0,0
1774,0.0727201144521435,0.379041605345563,1,1,0.343038549455735,1,1
1775,0.331816090004295,0.883953866723723,1,1,-1.61762184126067,1,0
1776,0.704648289312091,0.737413788301849,1,1,0.461117721775309,1,1
1777,1.09901287531087,1.17559623671261,1,1,0.243716893749448,1,1
1778,0.477551767188642,1.27243663645051,2,0,-0.113534594078849,0,0
1779,1.18362465972173,2.43535965171097,2,0,0.636914664965336,0,1
1780,0.123650608066883,1.74738974956219,1,1,2.14761417876117,1,1
1781,0.00476849351918366,0.054887922439323,1,0,1.53895104481133,0,1
1782,0.280498801920228,0.330253087118248,1,1,-0.654081374019376,1,0
1783,0.527796669242283,1.65856426752772,1,1,-0.0117543657551762,1,0
1784,0.00482589213384522,3.21752247219042,2,1,-0.788818566171906,1,0
1785,0.475650349528425,0.552948342192037,1,1,-0.965626370912742,1,0
1786,0.069003779337638,0.553057883062186,1,1,0.215412167903754,1,1
1787,0.248981195295023,0.450730824392879,2,0,1.55715921445559,0,1
1788,0.0163612454064826,5.88048663714254,2,0,-0.424402533037085,0,0
1789,0.815225106927766,5.1276164561193,0,1,1.10631148330185,1,1
1790,0.237501679489079,0.557263676828489,2,0,-0.629975289038183,0,0
1791,0.493528028536174,0.805251586085769,2,0,0.91167260998239,0,1
1792,0.483266616033183,1.8321750305547,1,1,-0.281312939051861,1,0
1793,0.126586209258272,0.148216677937564,2,1,-0.241374246587037,1,0
1794,0.207023537303838,0.242669905109408,1,1,0.481010702587908,1,1
1795,0.250509020665454,0.956241847035928,2,0,0.252399892088987,0,1
1796,0.652730334032741,1.68150619565181,1,1,0.0559704769852749,1,1
1797,0.115293550512029,0.740719148824375,2,0,1.11598812929196,0,1
1798,0.273238345463243,0.274083925892308,1,1,0.673645604189859,1,1
1799,0.192404997845491,0.933490096996971,1,0,-0.221353621775627,0,0
1800,0.847775263458173,1.77421306827174,1,0,-0.69924793999293,0,0
1801,0.0367381635846363,1.44916774056318,1,1,0.234713204972881,1,1
1802,0.273131243367162,0.810257428512349,0,0,0.0675291237407344,0,1
1803,0.188489039945934,0.729393382707066,1,1,-0.685899286166056,1,0
1804,0.514690207007031,2.21739726977936,1,0,0.593468560083978,0,1
1805,1.54114351288083,2.78590327537688,2,1,0.340779154962314,1,1
1806,0.383620396152967,0.735244853422046,0,1,-0.48847274375905,1,0
1807,0.258210932628976,2.1165592763913,2,0,0.959714443943429,0,1
1808,2.30352317698071,2.45809394500291,2,0,1.01487756590173,0,1
1809,0.251428728612761,0.266489023220737,2,0,0.808190608775439,0,1
1810,0.0810930727635575,1.15584361335131,0,0,-0.194344199897806,0,0
1811,0.254571378172345,0.671798380039965,1,1,-0.089144569223844,1,0
1812,0.781742299243748,2.50989380302966,1,0,0.710634936347183,0,1
1813,0.071596227241141,0.887811845737511,1,1,0.0451601041568632,1,1
1814,0.688511734931833,4.25288500662396,2,1,0.0395605320160801,1,1
1815,1.70767954544652,2.73516654696622,1,0,0.0938854194038126,0,1
1816,0.311089449872573,0.919741788423151,1,1,-0.514147071970113,1,0
1817,0.0124290945272749,0.48634356143153,1,0,0.258703276109716,0,1
1818,0.529511531090571,2.51820037217507,2,0,-0.253933468276791,0,0
1819,0.839224192784574,2.93343911099015,2,0,-0.534421324603223,0,0
1820,0.148309927804794,1.11541475483187,2,1,0.170975060847136,1,1
1821,0.233614113078349,1.50301631813088,2,1,2.48568570427506,1,1
1822,0.066365530051186,0.8590869743601,1,1,-1.29543966547332,1,0
1823,0.382604278346441,2.6923137825971,2,0,0.352204505325026,0,1
1824,0.221696918681328,1.62119928368496,1,1,0.458706478886803,1,1
1825,1.03892221524783,1.16358730661665,1,1,-0.0806043135537801,1,0
1826,1.11816378719576,1.15497967370346,1,1,-0.237354641721171,1,0
1827,0.0173342284849948,0.243400663157697,1,0,1.52209516307409,0,1
1828,0.0659249085173828,1.12009478381723,1,1,0.529661676638715,1,1
1829,0.50476234820154,1.1522532060214,2,1,0.874786617987738,1,1
1830,1.45184603607885,6,0,0,-0.0590795893517627,0,0
1831,0.0974503449267811,0.405772985305144,1,1,0.312833172044017,1,1
1832,0.843684137234768,1.76371921569582,2,0,0.524035386666928,0,1
1833,2.45625086155296,2.92305445801803,1,1,0.801811021698506,1,1
1834,1.04770343125166,4.22950641350529,1,1,0.163031424680975,1,1
1835,0.623800544482138,1.42629218184805,1,0,-0.777253790615256,0,0
1836,1.15173807052574,1.84322524948505,1,0,-1.41722853180562,0,0
1837,0.751936031091544,3.45587824781736,0,0,-0.876802769587456,0,0
1838,0.0349725829437375,0.212842897926927,2,1,0.95819807250976,1,1
1839,0.120099269681507,1.57767723203886,1,0,0.33362363321359,0,1
1840,0.797194988523603,1.21970098051101,0,0,0.996520305257344,0,1
1841,0.0470969924289319,0.819370206445456,0,1,0.780335652838612,1,1
1842,1.0468650929577,1.65119074905912,0,0,-1.72623082763202,0,0
1843,0.258016883809533,1.53068591076428,1,0,-0.706053601270356,0,0
1844,1.71894521546631,2.77413876860317,1,0,-0.699038453759241,0,0
1845,0.751357015429272,3.32791734681256,1,1,-0.375894804586792,1,0
1846,0.303328996336335,0.78939725908042,1,0,-0.946140979628033,0,0
1847,0.312278398002187,5.54643566864354,2,0,-0.946107635525981,0,0
1848,0.366236011935855,4.41529375811418,0,0,-0.271473649649205,0,0
1849,0.702939975696306,0.738980945187542,1,1,0.485586908759238,1,1
1850,0.373568075355149,1.57279144511787,1,1,-2.11347036105529,1,0
1851,0.48665275570397,0.750037996939967,1,1,-1.66806714062616,1,0
1852,0.386587732370051,0.921341945837486,2,1,-0.420440702367687,1,0
1853,0.322198590470685,0.538648890443492,1,1,-0.0732047222266535,1,0
1854,0.582970419588188,1.6254566720116,0,0,-1.94743186701243,0,0
1855,0.286908120227357,0.729168568216412,1,1,-0.0217894588084817,1,0
1856,0.505052239808824,0.646519421365767,2,1,0.851058905254072,1,1
1857,0.869207182841193,1.58319188829583,2,0,0.555505017448917,0,1
1858,0.513298575662904,0.679106443016668,1,1,-0.136004534504512,1,0
1859,0.332798479745785,0.358007478468294,1,1,0.65629728507615,1,1
1860,0.507262937931551,2.81783413562327,0,0,-0.715472050215365,0,0
1861,0.0729129923921492,1.39594991644544,0,1,-0.656392668621223,1,0
1862,0.172898462352235,4.54033508992655,2,0,0.110863948160925,0,1
1863,0.0767344551988774,2.29572920439144,0,1,0.377143895508509,1,1
1864,0.508668667947253,1.4526941393698,1,0,-0.953445883670574,0,0
1865,0.862658494132212,2.77505250026782,0,0,-0.490389978125434,0,0
1866,0.695599501745568,0.810882197189851,1,1,0.732782996701031,1,1
1867,1.69593227603968,2.72427320164556,2,1,-0.175427642798561,1,0
1868,0.785854034798298,1.18087236555242,2,0,-0.162502297057766,0,0
1869,0.83964115805614,3.58695543115363,1,0,0.540435837954704,0,1
1870,1.10755440774363,1.29690115645213,1,1,-0.638450017731651,1,0
1871,0.72352836581154,0.804402859260639,0,0,-0.364426676748548,0,0
1872,1.23525449794499,1.44429529777349,2,0,-1.55006222360162,0,0
1873,0.553319635283616,4.14313931511463,1,1,-0.133932386852186,1,0
1874,0.0512834157173832,0.896793354163354,1,1,0.298341645967942,1,1
1875,0.347901360752682,0.581256196592399,2,0,-0.196336058845285,0,0
1876,0.0189528030294164,0.204096541094603,1,1,0.631787354697768,1,1
1877,0.689852580221163,0.860233043010036,0,0,-0.848659661688346,0,0
1878,0.732856689848834,0.977287414865942,1,0,0.674323322889363,0,1
1879,0.026022771683832,1.71017188158102,0,1,-0.384829859505905,1,0
1880,0.207273077944087,0.830317309937372,1,0,0.633189129558512,0,1
1881,0.230252978184985,0.560606996323127,1,0,-0.413599181993935,0,0
1882,0.240707709997252,3.2617819091926,0,0,0.107600494659673,0,1
1883,0.446671148259043,0.65621951486034,1,0,-1.82626543788144,0,0
1884,0.127525553107262,0.909698040535053,0,1,-0.300382456311467,1,0
1885,0.0263430943919553,0.150147241149784,2,1,-0.753830303896874,1,0
1886,1.27828323484594,1.44839486105391,1,0,-0.962562678154174,0,0
1887,0.303032232655419,1.01464004245469,1,1,-0.981336009922767,1,0
1888,0.177266052406695,0.32659452083641,1,1,0.466330819072209,1,1
1889,0.22812782942007,1.69905175889469,2,0,0.177527211840034,0,1
1890,1.74203559657537,3.24584013152284,2,0,1.48693056585333,0,1
1891,0.418862816447848,0.896900358278402,0,1,0.643770410081925,1,1
1892,0.0742166921279169,0.584994889462783,2,1,0.627804334161288,1,1
1893,0.0280527267345328,4.02489668343092,2,0,-0.540253176994854,0,0
1894,0.113054024986923,0.332252031705511,0,1,-0.780745935925145,1,0
1895,1.02736235488092,3.28105540764041,0,0,-1.40951292673771,0,0
1896,0.333741780680915,0.688874534879292,2,0,0.190749627356963,0,1
1897,0.124328469647287,0.475918191617418,1,0,1.78823082816411,0,1
1898,0.556651179471778,0.868025070685285,1,0,0.545517432409377,0,1
1899,0.166854069268286,0.173023656947453,1,0,-0.444366151949118,0,0
1900,0.741783982246286,6,0,0,-0.804690276113393,0,0
1901,0.607923502750875,0.685654830558511,1,1,0.984654844171211,1,1
1902,1.6214931237923,2.64365357365931,1,1,1.01944741478263,1,1
1903,0.10523560612152,0.234333251913287,2,1,1.58949417702559,1,1
1904,0.930446524954187,4.11907326652307,2,0,-0.824689144172351,0,0
1905,0.346737696576698,1.87398828640748,1,0,0.423795642598272,0,1
1906,0.107193260143201,0.362185404288276,1,1,0.264003740953329,1,1
1907,2.36858438813281,2.57204376145018,1,1,0.276147196254068,1,1
1908,0.293009014741118,0.873720209753321,1,1,-1.48458908789892,1,0
1909,0.0687465211376548,0.472569857463827,1,1,-1.2543563140536,1,0
1910,0.542208466989299,1.29419981536149,1,0,0.0401078198699688,0,1
1911,0.860353271533728,1.21209626471428,1,1,-0.71631188358516,1,0
1912,1.43919253820646,4.84822536491612,2,0,-0.0386554355620394,0,0
1913,1.6040879921675,1.72794997287448,1,0,-0.739779777230673,0,0
1914,0.121349396674138,1.19031477177857,2,0,0.559308734265919,0,1
1915,0.818475373409454,1.71514955038826,0,0,-0.748396499696995,0,0
1916,0.457260641786787,1.46747287722133,1,1,0.632516158535387,1,1
1917,0.350525583037072,1.63071685021493,2,0,-0.497761391996985,0,0
1918,0.128444570323659,0.508014213766105,0,0,0.317906095833338,0,1
1919,0.751348609208233,2.46455236742513,1,0,-0.346170648654135,0,0
1920,0.78461121109528,0.870995501611419,1,0,-1.16192453002829,0,0
1921,0.183721293902232,1.48809645180433,2,0,0.252183906236228,0,1
1922,0.321288760234084,0.912215218985325,1,0,0.748549279138753,0,1
1923,0.759868508515259,1.09438475842277,0,0,-0.0557079383046065,0,0
1924,0.590181535420318,1.63286948861467,1,1,-0.70049646205463,1,0
1925,0.10007034960671,0.476553269596306,2,1,0.690779031323626,1,1
1926,1.29081988392076,1.96318936207821,2,0,-0.241062296944933,0,0
1927,1.10982094783221,3.42379474796019,1,0,-0.87741964496978,0,0
1928,0.533290523000889,0.552414858100129,1,0,-1.61574881909652,0,0
1929,0.368831408106618,0.932356814532752,0,0,-0.684373522451934,0,0
1930,0.296494758998354,6,0,0,-0.870620067790347,0,0
1931,1.26560026050741,1.65194695530746,2,0,0.433754573830169,0,1
1932,0.188612880944675,0.417103802930796,1,0,0.121080287106709,0,1
1933,0.70394420892828,1.34814930460869,2,0,0.22725937187925,0,1
1934,1.05043414606966,1.19834508721417,0,1,0.479948432041597,1,1
1935,0.253937790381977,0.532957984689745,0,0,-0.724813280448399,0,0
1936,0.0335055362019274,1.25816608409722,2,1,0.24734628484542,1,1
1937,0.121496976014231,0.230750094762327,1,0,-0.854229694025695,0,0
1938,0.561711697195956,1.73162025399506,0,1,0.0911075442546072,1,1
1939,0.74809534733908,6,0,1,-2.44547601780745,1,0
1940,0.0301921902583695,1.12202952980048,0,0,-0.381788823546841,0,0
1941,0.352527786874109,0.663732039489932,1,0,-1.69415841602189,0,0
1942,0.019726580940187,2.49051512222795,2,0,-0.256937551037746,0,0
1943,0.602102426087691,1.21113342117363,1,1,-1.6150944698482,1,0
1944,0.114430129706952,3.04458742932276,2,0,0.0605927467297208,0,1
1945,0.461813932181233,1.10611586843632,2,0,-1.29462870061973,0,0
1946,0.14108441763557,1.03889740750753,2,0,2.15358933297606,0,1
1947,0.00988970200220744,0.973720363916467,0,0,0.194287730710364,0,1
1948,0.0587445833823747,1.32076526761742,1,1,0.630297980375071,1,1
1949,1.15778400897618,1.32465224283233,1,1,1.54318857279425,1,1
1950,0.0173462290937702,1.57349097753373,2,1,0.311214071506457,1,1
1951,0.151553728890669,0.92602162540187,2,0,0.791280835020004,0,1
1952,0.212415987108317,0.322698548702693,1,0,1.84444613846749,0,1
1953,0.867198599041846,2.33911455217375,1,1,-0.0836230473245286,1,0
1954,1.14526962028909,2.4708588921258,2,1,0.455917658573724,1,1
1955,0.178532338080307,0.670882172867276,1,0,0.433110808253145,0,1
1956,0.689577874613322,1.7674222753222,1,0,1.73640666817532,0,1
1957,0.807041131534193,2.53585857733517,1,0,0.188686509742171,0,1
1958,1.17604379847945,1.21544538810084,1,1,0.418937023031613,1,1
1959,0.215797779545911,0.359330319086876,1,1,-0.755772040176612,1,0
1960,0.118264599974468,1.61059829095999,0,0,1.08792090850119,0,1
1961,0.841167657072028,1.2260343160709,2,1,1.49630578437732,1,1
1962,0.136890610576504,1.43383056579099,1,1,2.17392797161226,1,1
1963,1.19330372346244,1.3139808705006,2,1,0.9130861433015,1,1
1964,0.117056409104003,0.384308158379338,1,0,-1.10563488706236,0,0
1965,0.346581555075116,1.17743956113185,1,1,-1.10353837892036,1,0
1966,0.422476265312531,0.60650468615589,2,1,0.758446731855671,1,1
1967,0.677896913451453,1.17437197917673,2,0,1.40182022056815,0,1
1968,0.121443370460636,0.299931793960632,2,1,-0.397628269813934,1,0
1969,0.651426762342453,1.77282280912634,2,0,0.470151043432453,0,1
1970,0.135911276253561,2.02409080340698,2,0,0.154506314470997,0,1
1971,0.876842088164936,1.33160060549739,2,1,0.164093686758802,1,1
1972,1.3330087096274,2.67139114185341,2,0,1.8917757472982,0,1
1973,0.278335524619453,1.1997241576723,1,0,-0.183756329845679,0,0
1974,0.0447067959855,1.38570732323587,2,1,1.99648963312228,1,1
1975,0.665815770108667,1.42014224683605,2,0,1.00664480669553,0,1
1976,0.0755784753710032,1.09303954300123,1,0,-1.22257080765965,0,0
1977,0.523192725765208,0.966032615999851,1,0,-0.325339697452571,0,0
1978,1.01478562168249,2.65503580196847,1,1,1.68664591313395,1,1
1979,0.516497906193965,0.779446582913496,2,1,0.292937776206013,1,1
1980,0.644715976280471,1.46603971964536,1,0,-1.78961996067571,0,0
1981,0.121067498177112,1.5604399354138,0,0,0.323700799513209,0,1
1982,0.31934865232971,1.28227455147342,2,1,1.48877066244412,1,1
1983,0.419607032607827,0.945482066841781,2,0,-0.37027319368976,0,0
1984,0.748980423539049,1.01685512281132,2,0,-0.201476724918101,0,0
1985,0.4854719615024,2.65595872580732,2,1,-0.637035208157731,1,0
1986,0.361259585349924,6,0,0,-0.169807534983149,0,0
1987,0.230070073961347,0.601077037151055,2,0,0.563824159620931,0,1
1988,0.280690994113684,3.09885660778496,2,0,0.00687878792041752,0,1
1989,0.0466738914139794,0.528658258258961,2,0,-0.874001052398847,0,0
1990,0.384733852309485,2.48248002028448,1,0,-1.1001207662334,0,0
1991,0.971007330406174,1.87465639417077,1,1,-0.314971878651972,1,0
1992,0.670826981982423,4.12398229426646,2,0,-0.323487758521093,0,0
1993,0.315121930223293,4.59208144669603,1,0,0.375637353841499,0,1
1994,0.0417787245371275,0.303926986924718,1,0,-1.18564289083231,0,0
1995,0.0422640341437525,0.40068889927318,1,0,-1.30965262515351,0,0
1996,0.849563938829316,1.09877635575644,2,1,1.24782590508862,1,1
1997,0.52890055709415,6,0,0,-0.889572724013304,0,0
1998,0.123659726268819,0.463352786972681,1,0,-2.40451476604099,0,0
1999,0.454108084862431,0.754218777060043,1,1,-0.665538020952312,1,0
2000,0.0205652007005281,0.297756785357446,2,1,2.05824282653293,1,1
2001,0.130716585036781,0.202466854825616,0,1,0.603967080681178,1,1
2002,0.374888170091143,1.1465895411689,1,1,-1.63349613033414,1,0
2003,0.625439981102116,1.26449032795866,1,1,1.77357185248024,1,1
2004,0.307551919379168,0.510524212850042,1,1,-1.58828245106582,1,0
2005,0.925747390928491,1.22518989371314,0,0,1.21775480199107,0,1
2006,0.0326791897196455,0.0934943224438215,2,0,0.347980490085917,0,1
2007,0.741301856728064,1.11485748478361,1,1,-1.4519831803152,1,0
2008,0.203966812955009,1.23643074131347,2,0,-0.887801058705764,0,0
2009,0.200205170549452,0.980759676922611,2,1,0.815427372708763,1,1
2010,2.36768540068504,2.45311633038423,1,1,-0.196461155507124,1,0
2011,0.0349388209482034,0.0620485100693491,1,1,-0.805870212134877,1,0
2012,0.868438045236713,1.7519350340327,1,1,-0.567820822290586,1,0
2013,0.49640915925718,1.26755909741376,2,1,0.260569988132007,1,1
2014,1.19089578584136,1.2545513206472,0,0,0.372142622747612,0,1
2015,0.304586246299247,0.69143348797415,1,1,-0.865299338947947,1,0
2016,0.112259987120827,2.17224370285843,1,1,1.37471543902533,1,1
2017,0.0692392114756836,0.102873926182458,1,1,-0.536682861386567,1,0
2018,0.242645885848668,0.949962111053994,1,1,-1.63328860112229,1,0
2019,0.0798135667617872,0.216502008987796,1,0,0.367170557648726,0,1
2020,1.71331800886927,1.83056895032307,1,0,-0.536753407952575,0,0
2021,0.0827002204540703,0.617612337717505,2,0,0.784188801302426,0,1
2022,0.539503660466936,1.86120846047531,2,0,-0.564733874237535,0,0
2023,1.95543472749262,2.00924541801214,0,0,0.590169169392677,0,1
2024,2.42458204621312,3.40171428680318,2,0,0.310076664317148,0,1
2025,0.390109999829696,0.865024238413617,2,0,-0.119599049868366,0,0
2026,0.00110698656903373,0.171403989258481,1,0,-0.749339883555458,0,0
2027,0.116418438475647,0.150548193174244,1,1,1.00627882405702,1,1
2028,0.253785840856532,1.2729068317761,0,0,-1.07325819910581,0,0
2029,0.189069150276431,0.505652082436374,1,1,-0.596087228667747,1,0
2030,0.649070631091793,1.39211469359229,1,1,-0.506754462883367,1,0
2031,1.21999099639026,2.18186404577448,1,0,0.353226366142895,0,1
2032,2.03778377207388,2.89226138653855,0,0,-1.14043160913681,0,0
2033,0.433764942507777,2.05353453975134,2,1,-0.926650824089627,1,0
2034,0.496735579023759,1.0753941619627,2,1,0.356399040387882,1,1
2035,0.591222102839575,0.987374243025178,1,0,0.137629332522611,0,1
2036,0.263259575909211,0.899748268623586,0,1,-0.344917272751191,1,0
2037,0.17489081973003,0.558196713536383,1,0,-2.08000139089703,0,0
2038,0.794040520023826,0.934260141267574,1,1,0.928091894859231,1,1
2039,0.0613306985340185,0.3887852367696,1,1,-0.984191651557683,1,0
2040,0.0577994337719348,0.681838127049482,1,0,-0.529112470731968,0,0
2041,0.224349183133907,2.59138864775499,0,0,-0.0777622141172474,0,0
2042,1.76381800935271,1.90792426539189,1,0,-0.673749573830313,0,0
2043,0.0038668637474378,1.65710444367946,1,1,-1.5668436197804,1,0
2044,0.224214818343045,0.377499515607721,2,0,0.157903600836935,0,1
2045,0.49278998351886,1.28908281827422,1,0,-1.11753990717487,0,0
2046,0.105834980495274,0.384216175104181,0,0,-0.582891226262499,0,0
2047,0.191124006071024,0.527835611219659,1,0,0.431676649013548,0,1
2048,0.128610888010021,1.57740080465579,2,0,1.80597729139988,0,1
2049,0.181995648235145,0.481673359770962,2,1,0.657439081049045,1,1
2050,0.431037394640346,1.27003301709054,1,0,-0.105904987252568,0,0
2051,0.585708773901893,1.23561082201523,1,0,-0.233100586093322,0,0
2052,0.220876072222988,0.432884066406072,2,1,0.0730217971987845,1,1
2053,0.161485813765062,0.749152516946197,0,1,-0.775425184278331,1,0
2054,0.0820471770839668,2.96678843520218,2,0,1.02378502412745,0,1
2055,0.971384567886273,1.37209116691126,1,0,-2.13077342866395,0,0
2056,0.236562790093764,1.11697003875816,1,1,0.178369468148094,1,1
2057,0.198928995264901,0.509772562601086,1,1,1.42291499743725,1,1
2058,0.221568840659327,0.277146738449203,1,0,1.64348587936854,0,1
2059,1.6038676359753,1.68023562647516,2,1,0.973716217612748,1,1
2060,0.0790918835749229,0.570834741316305,1,1,-0.602072296645894,1,0
2061,0.413638753816485,1.05639916976731,2,1,0.426094832594086,1,1
2062,0.280452809089344,1.17939847470937,2,1,0.314852503249854,1,1
2063,0.00597453520943721,0.551012675257874,1,1,-1.25695489005576,1,0
2064,0.386574214013914,2.60618938020526,1,0,0.0810596192956175,0,1
2065,0.214882556676176,0.631416994309135,0,0,-0.580538355984473,0,0
2066,0.0363978262369831,0.959652420795356,2,1,0.965244112295544,1,1
2067,0.257862979132268,2.98759318082802,2,1,-0.437926264668993,1,0
2068,0.328811499947198,1.32308827713798,1,1,0.290755350520531,1,1
2069,0.0174087726197955,0.657650364872815,2,1,-0.134286185001001,1,0
2070,0.262995587868823,0.638797434888283,2,0,1.80969752302916,0,1
2071,0.809356642633359,0.953374318198319,1,0,-0.017327650016788,0,0
2072,0.354643405833823,3.86154110289921,1,0,0.515340790612663,0,1
2073,0.365562554862764,1.61840619829794,0,0,-0.284675866284482,0,0
2074,0.0246230067892207,0.404442694882414,1,1,-1.77408043387134,1,0
2075,0.496399985359947,0.796657367355901,0,0,0.32464354962209,0,1
2076,0.848049548541304,2.8989847290421,1,0,-1.81875667597138,0,0
2077,0.24744169142169,0.88715182814488,1,0,0.3325873135374,0,1
2078,0.694956962640087,0.932815596871381,1,1,1.30567916420281,1,1
2079,1.71133029368787,1.82223296040801,2,1,0.679323418252615,1,1
2080,0.0600658714150389,1.91210023339086,1,0,0.469619063437949,0,1
2081,0.818082409760701,2.34632405942631,2,0,-0.533557000627681,0,0
2082,0.30622882596144,1.34270088959379,1,1,-0.0193349018116282,1,0
2083,1.01625823639753,1.46151221930641,1,1,0.245365991239222,1,1
2084,0.0247947276673383,0.138662096552398,1,0,1.57727478335308,0,1
2085,0.379774358330501,2.05636376710765,1,1,-0.779606921785503,1,0
2086,0.13806431968179,0.619302976710341,0,0,-1.38271589137871,0,0
2087,0.35865474106556,1.9215938467407,2,0,1.02542580603866,0,1
2088,0.602018465805385,1.67537081132262,1,0,0.0553867012470077,0,1
2089,0.339991258132951,0.429712340975236,1,1,-2.11147376127201,1,0
2090,1.564522639796,3.1894867244532,1,1,0.703586277532598,1,1
2091,1.6598384143472,3.40808710083365,0,0,-1.71158164524826,0,0
2092,0.113595368828154,1.6090624285892,1,0,-0.179288165870773,0,0
2093,1.34633221865828,1.95707254453441,1,1,0.577417577814591,1,1
2094,0.909559934663786,1.50363815269019,1,1,-0.909814048343954,1,0
2095,2.27818967558214,6,0,0,-0.574083326337981,0,0
2096,0.343493958610643,0.496314949135442,1,1,-0.03170073288802,1,0
2097,0.130247314898195,0.235963158119015,2,0,-0.235091228368104,0,0
2098,0.584420999512076,1.29564100288502,2,1,-0.495231805178292,1,0
2099,0.754961018554039,1.62026542929742,1,1,-0.117269721818705,1,0
2100,0.368003987500237,0.496390635197639,1,0,-0.356933942465614,0,0
2101,0.739970492302544,2.07430059171047,2,0,0.266580560105498,0,1
2102,0.132920880947664,0.352833088291248,2,0,2.28318272003169,0,1
2103,0.222465276407699,0.502274667027637,2,0,0.75983377942317,0,1
2104,0.249440037231478,0.311747569554783,0,0,-1.97819920766037,0,0
2105,0.754484332477053,0.900041153746376,2,0,-0.150761644520066,0,0
2106,0.780345535686957,4.8852507175854,2,0,0.0809213109146919,0,1
2107,0.0513227501263221,4.46286868141164,1,0,-1.73976762156796,0,0
2108,0.0374962420513233,0.700598236147797,1,1,-0.823620853371987,1,0
2109,1.13096819978921,4.03623815881251,1,1,-0.473414254243379,1,0
2110,1.5820865414931,1.92557603383383,1,1,-0.477379354091882,1,0
2111,0.810772479568601,1.15531707773958,1,0,0.562590053084362,0,1
2112,0.675177409843903,0.838706707236184,1,1,0.428592035685656,1,1
2113,0.520002514255977,0.583604545058306,2,1,1.4094594681142,1,1
2114,0.0062494036845035,0.688636776821221,1,1,-1.26825720348694,1,0
2115,0.293876888333923,0.548501496221987,2,0,1.32982367062361,0,1
2116,0.00391848799255159,1.55921051891404,2,0,-0.207196614066583,0,0
2117,0.352499191649258,0.658082958863647,2,1,0.932774701505543,1,1
2118,0.296616201294765,2.95959588618423,1,0,-0.119875524858345,0,0
2119,0.421274498932891,0.563873143972384,2,1,1.1188059336266,1,1
2120,1.0129536012537,3.07762779561725,1,0,1.13888689080789,0,1
2121,0.664500442023079,1.38699949680619,1,0,1.04485747918867,0,1
2122,0.268228450692628,1.50724965537825,2,1,0.290468843726991,1,1
2123,1.37227577345101,1.47344853477632,2,1,1.11880626981433,1,1
2124,1.39095563954249,2.12341618323797,1,1,0.669941324610892,1,1
2125,0.0606510535089275,1.5140137515828,2,0,1.25528565648962,0,1
2126,0.223365603384033,0.616460722403146,0,1,-0.96755855139616,1,0
2127,0.0819161917186446,0.973965255299681,2,0,-0.413906771420845,0,0
2128,1.09606002556253,1.76973526992682,2,0,0.479638471842108,0,1
2129,0.33496327077349,1.24758647254162,2,0,-0.410529768793763,0,0
2130,1.88344577829331,2.95121138935372,1,1,-0.400363417333321,1,0
2131,0.303973353946043,4.88589560741858,2,0,-0.952562030403038,0,0
2132,0.321685543721377,1.43003194907353,1,0,1.02717026330036,0,1
2133,0.770773602440092,2.5428558853832,1,1,0.029319175202683,1,1
2134,0.0170302370356189,0.694199527892599,1,0,-0.792565473866806,0,0
2135,0.0332284480747249,4.65614148983185,2,1,-0.185371877067811,1,0
2136,0.996894243437065,1.25199616663772,0,0,-0.704534594771568,0,0
2137,0.264900154434144,0.825905529432205,1,1,-1.48443460953673,1,0
2138,0.14611668833014,0.858668998358301,0,0,-1.55611310886696,0,0
2139,0.105595946721451,1.21841901275016,1,0,0.928955940585876,0,1
2140,0.0424187253922985,2.07728748180897,2,1,-0.0281326447825234,1,0
2141,0.0851059275332414,0.320557168866797,1,1,-0.250650839045897,1,0
2142,0.718791320299109,0.998778935566473,2,0,0.359255360571612,0,1
2143,0.19027064088732,0.717245212789594,1,1,1.23329126538127,1,1
2144,0.577964222369095,0.771341779188974,2,0,0.900651656328838,0,1
2145,0.66947721876204,1.13580084184349,0,0,-0.863539134529567,0,0
2146,0.461416670437048,1.54617760330439,0,1,-0.24892121308648,1,0
2147,0.781621792568402,2.16603451461521,2,0,0.143314925950463,0,1
2148,0.632650965514282,0.919107539814978,2,1,0.602618662114255,1,1
2149,0.329797265844213,1.18778726199203,1,0,0.218388893517581,0,1
2150,1.24399809783003,3.54105368351238,2,0,-1.31681383716131,0,0
2151,2.21331308689981,4.30184670103093,0,0,-0.289959146986083,0,0
2152,0.198135097407137,0.789838257736083,0,0,0.655222554008202,0,1
2153,0.126419101531307,0.317681341646762,2,0,1.77867742376682,0,1
2154,2.01721686860524,2.37420599836266,1,1,0.61352662903408,1,1
2155,0.702348434262806,1.21248284299785,2,0,-0.154149920773843,0,0
2156,0.424063608257307,0.810902607396992,0,0,-1.50801601979415,0,0
2157,0.422024937967459,1.04116815694807,2,0,0.156102931279195,0,1
2158,0.0138529043437706,0.148919506759146,1,0,0.00301234967108132,0,1
2159,0.192419265189932,1.02213633585431,1,0,-0.430440099806401,0,0
2160,0.408665450393326,0.711721675470471,0,1,0.520413442624483,1,1
2161,0.300543500731389,0.419961507657765,1,1,-0.613467999742443,1,0
2162,0.0771390175860789,1.21800326399553,1,1,0.346873777414251,1,1
2163,0.52885455182857,1.01639446501467,1,1,-2.37948615504229,1,0
2164,0.476785416507887,1.54818588391508,2,0,0.761159296144898,0,1
2165,0.0648410006176398,0.391825083643198,0,0,0.268339955763442,0,1
2166,0.362925937709709,1.4382094925576,2,1,0.651647341398778,1,1
2167,0.188930859591713,0.292988919864916,0,1,1.37875201999357,1,1
2168,0.0862505912987722,0.20779919958231,2,0,0.269245437501249,0,1
2169,0.224944634052614,0.397266695979598,1,1,0.0564319432722185,1,1
2170,1.81144068422188,2.17747107433191,2,0,0.825072785516148,0,1
2171,0.175714304463731,1.33250798049106,1,1,0.178678325579071,1,1
2172,0.514028868637979,1.02466008752223,1,1,0.37601690599608,1,1
2173,0.0701238887591494,1.89420105747895,2,0,0.386472147745549,0,1
2174,1.86910557699302,2.85859391413832,1,0,0.718931497810189,0,1
2175,0.00232158797896571,2.17697620609926,2,0,-0.226079437958396,0,0
2176,0.326504448118309,0.949327693471582,1,1,-1.32334119791134,1,0
2177,0.64472486368484,0.750053161471445,1,0,-0.137431480439341,0,0
2178,0.99308169131777,2.61535996780247,1,0,-0.748794489893196,0,0
2179,0.305768622395893,3.36841119116465,1,0,0.041100948690242,0,1
2180,0.714646693733003,1.30539390239847,1,0,1.49020509743905,0,1
2181,0.117461805024909,0.946850129110312,2,0,0.878030584892146,0,1
2182,1.84895760195924,2.6281478021101,1,1,0.14705328750035,1,1
2183,0.446532801806529,0.922818938270211,0,0,0.588773153630569,0,1
2184,0.618920889683068,1.28123058006167,0,1,-0.171845361486867,1,0
2185,0.171967339025948,1.32206603809207,2,0,0.78661935301127,0,1
2186,2.24254017065568,4.23313249361088,1,1,-0.386025240372336,1,0
2187,0.131631471320159,2.1568216497765,1,0,0.137628119234994,0,1
2188,0.419832676545613,4.4020311930123,1,0,-1.72191405911456,0,0
2189,0.519193494692445,1.12218954910835,0,1,1.60203507465944,1,1
2190,0.832411023844958,6,0,0,-0.0309129881577756,0,0
2191,1.41657025044766,2.13643526129896,2,1,-0.559289859833844,1,0
2192,1.02529506194394,1.24604796443261,1,1,-0.691096467235958,1,0
2193,0.427866044143836,1.14952179292838,0,0,1.43294578408324,0,1
2194,0.133424086703195,0.342906200293949,1,0,-0.363292791378183,0,0
2195,0.239215408348375,1.15609107739134,2,0,-0.247429404219037,0,0
2196,0.0885642065408043,0.469074953842461,1,1,-0.469052622718864,1,0
2197,1.62067958247929,2.4148309455384,2,1,0.695920053154996,1,1
2198,0.0316904531791806,0.330943290828706,2,0,2.30557703081735,0,1
2199,1.35277663352888,2.12509658850144,2,0,1.66243566129633,0,1
2200,1.66546353647049,2.59983099776704,1,0,-0.407856236674395,0,0
2201,0.0867963727149698,0.159652068590124,0,0,0.955319091300435,0,1
2202,0.864230333263358,0.90865866591533,0,1,-0.904371199543966,1,0
2203,0.739990297911896,1.69488311314189,1,0,0.194213367801874,0,1
2204,0.0372005707561823,2.31290089351506,1,0,-0.505378847901948,0,0
2205,0.710434153572553,2.29243169766485,1,0,-0.489382506282379,0,0
2206,0.301145829868277,1.44111020346861,1,0,-0.192101796789507,0,0
2207,0.268854894675314,0.781873771134744,1,0,-0.45412772310249,0,0
2208,0.126318177725706,0.538868852918384,1,1,-0.372594080162269,1,0
2209,0.351590825167666,0.736324341380159,2,1,-0.227159466516542,1,0
2210,0.423815925937596,0.733552306787973,1,0,0.581285390877081,0,1
2211,0.213697311054501,0.336673295195538,2,1,0.625865782369205,1,1
2212,0.0291760705618395,1.42552514560521,0,1,-1.33154282877105,1,0
2213,0.0872157557634905,0.806668773293495,0,0,0.000881856304741981,0,1
2214,0.500139790173206,1.79432080238459,1,1,0.599076586847091,1,1
2215,1.03110830992312,1.22046326097407,2,0,0.0813494788834819,0,1
2216,0.745803639480789,3.02506649906832,0,0,0.480353095927649,0,1
2217,1.01145130093528,2.05420411272706,2,1,-0.262561876516529,1,0
2218,0.51891320074598,4.9562407350768,2,1,0.16771156608023,1,1
2219,0.260885158139798,1.43292476229627,0,0,-1.14748847201401,0,0
2220,0.986009402567824,1.97311066969519,0,0,0.871186821640266,0,1
2221,0.310008988405267,0.310781729586743,1,1,-1.96820869127303,1,0
2222,0.528721258800795,1.34574377088719,2,0,-0.628588982127271,0,0
2223,0.594736236251063,1.13366290556881,1,1,0.212834983112562,1,1
2224,0.729736602451238,1.37373698254426,0,0,-0.618974679587201,0,0
2225,1.38221910011737,1.77700694590684,2,1,1.17287082576882,1,1
2226,0.680255404570037,0.89744695378788,2,0,-0.511939252822868,0,0
2227,1.67075199583109,3.60268072164799,2,0,-0.850328809822378,0,0
2228,0.0358257489278913,0.0851426532099229,1,0,-1.1627000951432,0,0
2229,0.554109882666833,1.53149418067366,1,0,-0.16028498409493,0,0
2230,0.306466248117129,5.46525946727802,0,0,-1.27846095103846,0,0
2231,0.00294566982322269,0.307353349880506,1,1,-2.08816785617488,1,0
2232,0.16337290716668,0.987045139858774,1,1,-0.452770068252922,1,0
2233,0.0251096412041606,0.132527655818213,1,0,-2.22188913687819,0,0
2234,0.256936269292835,0.4505206672387,2,1,-0.426405977886018,1,0
2235,0.0213782033986515,0.703104286576176,2,0,2.60665158550331,0,1
2236,0.908913647403044,2.42395726342996,0,1,-0.00851513854366549,1,0
2237,0.813730667402029,1.65986910230126,2,0,0.338205168109549,0,1
2238,0.159291285090148,0.755068023112792,1,0,1.52975388310586,0,1
2239,0.700343899014923,0.818403145418386,1,1,-0.606259180647909,1,0
2240,0.938845790048123,1.24835327164968,2,1,0.109125673978468,1,1
2241,0.456948844819433,1.27513089476171,1,0,0.828475899113858,0,1
2242,0.0618979760552759,2.0787473456561,2,1,0.118877311064948,1,1
2243,0.450339379030952,0.531680208320419,0,1,-0.042052861414099,1,0
2244,0.362013090505368,0.40837191602976,2,0,0.804332185497754,0,1
2245,0.104363486170769,6,0,0,-1.23575376538225,0,0
2246,0.460294097558492,3.64794852212071,0,0,-1.06130696677274,0,0
2247,0.0494517230739196,0.0712284400703829,2,0,0.619003451776194,0,1
2248,0.0831863146471616,0.343682745133716,1,0,0.383258074310984,0,1
2249,0.0386542119692631,2.69045786000788,0,0,-0.364855111376125,0,0
2250,0.0312771099723048,0.351501905679075,2,0,-0.11005099345387,0,0
2251,0.502974772825837,1.20384876725215,2,0,0.346304570220375,0,1
2252,0.645900571511851,1.08056511904827,2,1,-1.32913526475004,1,0
2253,0.575578104083737,2.32678983821369,2,0,1.69188831149043,0,1
2254,0.592530204190148,1.49770294453059,1,1,0.348999346492886,1,1
2255,0.374041274426891,1.47267009306679,0,0,0.945883941890233,0,1
2256,0.636495010823839,0.705136766749661,2,0,1.28256140676194,0,1
2257,0.317130979254014,1.60044977184589,2,0,0.997141799059295,0,1
2258,0.533457397379809,1.18551383407632,0,1,0.973556185076414,1,1
2259,1.62280228393544,1.65957157606635,2,0,0.499643047936252,0,1
2260,0.324959924651517,0.959498266863901,2,0,0.788721771235554,0,1
2261,0.126008676468498,0.185198152430786,1,1,-1.18757441164767,1,0
2262,0.224795227145983,0.916573410701085,1,0,-0.00259944625766492,0,0
2263,0.276776313386646,3.67871966523429,0,1,0.00876666738701331,1,1
2264,0.00207961692164342,0.579671196862326,1,0,-0.889734772507365,0,0
2265,0.818417715896845,1.78098210746132,2,1,-0.132326197176518,1,0
2266,0.0339023343841401,0.710429880984572,1,1,-1.20692137796549,1,0
2267,0.0477782608945625,0.168578038224119,1,0,-0.582756786996069,0,0
2268,0.683161766371793,1.11313591525177,1,0,0.38194865771264,0,1
2269,0.416969249231948,0.772061157313555,1,1,-0.799958911091663,1,0
2270,0.0166270638712578,0.0623120443696633,1,0,-1.56391545335424,0,0
2271,0.00973124097513032,0.580650963041262,2,0,1.36335207545679,0,1
2272,0.726515996890764,6,0,0,-0.893213017993751,0,0
2273,1.44284130483337,1.48333505552356,1,1,-0.0576765574588277,1,0
2274,0.374149047395761,2.39824692456176,2,0,1.26334936287017,0,1
2275,0.0222237071850234,0.411494315570976,2,0,1.95904923025446,0,1
2276,0.224537695758045,0.672379192390084,1,1,1.13164050301994,1,1
2277,0.529119754210114,2.14880153089251,2,0,-0.615038064651199,0,0
2278,0.622623524525099,0.623023974026089,1,1,-0.367917702144603,1,0
2279,0.82218402785031,2.10501261715376,1,1,-0.340564924044096,1,0
2280,0.4170716859285,4.06215976586398,1,0,-0.317819343261699,0,0
2281,0.989050812351717,1.99316770771694,0,1,-0.0970853416762486,1,0
2282,1.9959976316031,4.37201574454463,2,1,-0.791378556985409,1,0
2283,0.0361096419187056,0.196980119601709,1,1,1.64529849800499,1,1
2284,0.807881613939683,2.18769029568351,1,0,-1.30373484358761,0,0
2285,0.909591618648196,1.9331996049732,0,0,-0.299072699788177,0,0
2286,0.857833357895096,3.17818283669146,1,1,0.406898485173349,1,1
2287,0.0843952569934516,0.4912785643589,0,1,1.64843016584822,1,1
2288,0.932297272974928,3.49385801784409,2,0,0.346727755486834,0,1
2289,0.364679864918192,1.23950248894592,0,0,-0.783627290191467,0,0
2290,0.460993322129879,0.514777157229957,2,0,0.642334898237916,0,1
2291,0.386189528637462,4.89761374272721,1,0,-0.626454163807954,0,0
2292,0.893287802482327,1.00567692676584,1,1,0.914129466422954,1,1
2293,0.614357753139403,0.702929860326456,1,1,-1.11378568232529,1,0
2294,0.286997401465972,1.27494387328625,0,0,-0.0517429059939111,0,0
2295,0.345348929807339,1.32483285826823,2,0,0.340131280228727,0,1
2296,0.0665293820202351,0.346541422626367,0,1,0.235575469410601,1,1
2297,0.0119263921967811,0.416094881336039,1,1,-0.477917505770969,1,0
2298,0.207478381796843,0.245846108104543,2,1,1.82042892290379,1,1
2299,1.53905324115821,5.444663205512,2,0,-0.92793673936629,0,0
2300,2.10815858914391,4.18679497135965,1,0,-0.1557609169137,0,0
2301,0.131110963411629,0.567408059756358,2,1,2.71913669796614,1,1
2302,0.16548206923915,0.635776052715012,1,1,-0.097756139919828,1,0
2303,0.0983560671099512,5.30676157572815,2,0,-0.299207033719934,0,0
2304,0.0534334939180149,1.113905888643,2,0,-0.107244614080372,0,0
2305,0.171603009932571,0.409144911277306,1,0,-0.71566915990201,0,0
2306,0.0289085714353455,0.620116584037482,1,1,0.439526241639261,1,1
2307,0.710269110794697,2.58437303863576,1,1,0.341570070411976,1,1
2308,0.229327489000367,0.829293956164637,1,1,-0.653344390243224,1,0
2309,1.16552868749832,1.98894519193418,1,1,-0.749304613644187,1,0
2310,0.751161671554049,1.58041933500671,1,0,0.168047084220978,0,1
2311,0.122740091646417,0.86780120509351,2,0,0.75533074669428,0,1
2312,0.198615092618622,3.92570567905368,2,0,-0.469793343995666,0,0
2313,0.00668539872599973,1.40224717943118,1,1,1.02667289638334,1,1
2314,0.380010702323799,2.07532343081966,1,1,0.266302641191789,1,1
2315,0.404716476591097,0.927973201530662,1,0,-0.133495873839552,0,0
2316,0.21622173798581,0.740251594535761,1,1,0.501116086072175,1,1
2317,0.130806234810222,0.463856825150948,1,1,-0.577259289368712,1,0
2318,0.160453766584396,0.40920780387935,1,0,-0.605191555853747,0,0
2319,0.299489547313674,2.46887310313688,1,1,0.634289007360457,1,1
2320,0.401886023146686,4.77670441043186,0,0,-1.31919582511798,0,0
2321,2.84610640036633,3.51307654516834,1,1,0.255922732493785,1,1
2322,0.0766486464436248,1.54638840436814,2,1,-0.812138537906271,1,0
2323,0.177335465947787,1.04365061086906,1,1,0.109523834193262,1,1
2324,1.08961764718395,1.89047680573069,1,1,1.1184954546259,1,1
2325,0.24677198869368,3.24063134210003,1,0,1.08421281648821,0,1
2326,0.12378988477091,1.68239020731416,0,1,-0.524067210586187,1,0
2327,1.00656284317671,1.29240766285424,2,0,1.43871956259699,0,1
2328,0.195717568923202,0.344113105016086,1,0,-0.343896661237158,0,0
2329,0.00829003492577208,0.280367400828916,2,0,0.904199863286719,0,1
2330,0.681989069821106,2.15437165983858,2,0,1.09518316176124,0,1
2331,0.190092148259282,1.4032415766269,0,1,-1.34065480280237,1,0
2332,0.279238747122387,0.417974327380459,0,1,-0.312433055852923,1,0
2333,0.920523375019113,1.64500543614019,1,1,0.140582793367209,1,1
2334,0.263612401775188,0.767679084102214,2,1,1.72673007622478,1,1
2335,0.196662762685455,0.393533749746008,1,0,-0.557561422225336,0,0
2336,0.214676149706874,0.692100202043851,0,0,1.85114531417261,0,1
2337,0.0589178920890959,0.107074154919208,2,1,1.1803289230425,1,1
2338,0.614903147021929,0.665461738456426,2,0,1.27971253215594,0,1
2339,0.321771515429848,0.680211468741669,1,1,-0.255802820431223,1,0
2340,0.434415636377202,1.23457601604362,0,1,-0.0479874353064073,1,0
2341,0.394983344400922,1.11515559646765,1,1,0.669254714164374,1,1
2342,0.256957310872773,0.273147701398771,2,1,-1.07177709005915,1,0
2343,0.235513197320195,0.647869622658257,1,1,0.113459688378475,1,1
2344,0.192538978417933,0.33106449213371,2,1,1.44601591262827,1,1
2345,0.13727447276728,2.21152430118721,1,1,0.42532647991411,1,1
2346,0.0613596592057319,3.0635191936903,2,0,0.840478960766338,0,1
2347,0.0421690630123653,0.184692031685035,1,1,-0.737831159735198,1,0
2348,0.23049989483317,0.646542720933102,1,1,1.78131967167437,1,1
2349,0.204820127433373,1.28577140448046,1,0,-1.2465070599103,0,0
2350,0.262382498254433,0.2757771957012,1,1,-1.98783136030784,1,0
2351,0.160320999825166,1.83684339045858,1,1,0.662164095185483,1,1
2352,0.724899545829329,1.85445928904659,1,1,-0.321564101168444,1,0
2353,1.01803896737067,1.23612211089928,1,0,-1.88339467695156,0,0
2354,0.194413892967399,0.514875234379761,2,0,1.38613792075316,0,1
2355,0.0786291061192108,0.106443520599978,2,1,1.87513281700201,1,1
2356,0.800458757781003,1.32749644146151,1,0,-0.12454054941585,0,0
2357,0.678068029487299,5.63301618726978,2,0,0.330682370533168,0,1
2358,0.013907093865176,0.166730937508009,2,1,1.35526544189654,1,1
2359,0.693474454908735,0.886558543505114,1,1,-1.8607757269907,1,0
2360,0.267005789404114,0.373189650065098,1,1,-0.663618665046823,1,0
2361,0.876741480656478,1.95963854657952,1,0,0.321758093077484,0,1
2362,0.254134010109637,0.492932381262301,1,0,0.0495955363222254,0,1
2363,0.697373151261773,6,0,0,-0.580703815277736,0,0
2364,0.888478078108377,4.58956399453648,2,0,0.234484707296043,0,1
2365,0.227182498367947,0.870091395872028,1,0,-0.402730441235329,0,0
2366,1.96153598675304,3.30167186145461,2,1,0.171382003264566,1,1
2367,0.368940973033508,1.98868300014978,1,1,0.328281362362408,1,1
2368,0.0828349678259757,2.97713402315283,1,0,-0.659532738231985,0,0
2369,0.00773633416328165,6,0,0,-0.977782870203721,0,0
2370,0.194262061646683,4.38894437643618,2,0,-0.00919507772986176,0,0
2371,0.618645089885427,1.16340315612005,0,1,0.377595203992166,1,1
2372,0.603226640054749,1.31812989711761,0,0,0.751962793772328,0,1
2373,0.0601375248169975,1.11811360486486,2,0,1.58325487246891,0,1
2374,0.261739610511676,2.19597623140704,1,1,-0.343027825405878,1,0
2375,0.180916276355216,0.274155636452645,1,0,-0.102447227513349,0,0
2376,0.0529907918017772,1.14806496537818,1,1,-0.326281887672811,1,0
2377,0.12645634667327,1.27333449304288,2,0,-1.06085305215142,0,0
2378,0.00979619144954495,0.468085921996511,2,0,-0.236065625256065,0,0
2379,0.134174242201779,0.589960996349675,1,0,-0.556821459922967,0,0
2380,0.273693800489936,0.843762588484169,1,0,-0.642422748289417,0,0
2381,0.234555893972529,1.74988817591062,2,0,-1.39247675152161,0,0
2382,0.939030166047825,2.04424408424898,1,1,0.534038287934853,1,1
2383,0.328362151049078,1.03799712726094,2,1,0.756455910603534,1,1
2384,1.17231331385108,1.53706975150682,1,0,-0.936476051687472,0,0
2385,0.152728862503889,0.72939615009993,1,1,0.256926007411629,1,1
2386,0.190040647155709,0.57228676122704,0,0,-0.220294519730081,0,0
2387,0.250538280751142,0.669901557266712,0,0,-0.338199733735572,0,0
2388,0.282856948723781,1.95882588689326,1,1,-0.564874689902181,1,0
2389,0.270881943094234,0.782453457347416,1,0,-1.88478104075469,0,0
2390,1.20144546441205,1.31272700830142,1,1,-0.542102514548371,1,0
2391,0.436884274335018,1.42823737162588,1,0,0.451941470481897,0,1
2392,0.278089394689434,0.574843631077676,1,1,-1.15137845203084,1,0
2393,0.400292508097159,0.887759571462145,2,0,-1.08141317142883,0,0
2394,0.533140520037369,0.689379372845761,1,1,0.10017472807191,1,1
2395,1.99553725033782,2.06735922960885,2,0,0.526143305999612,0,1
2396,2.38035412077345,3.01521413585153,1,0,-0.55096598435533,0,0
2397,0.342460805032816,1.98056598814825,0,0,1.31622225437343,0,1
2398,0.79559237070681,1.38822815028723,1,1,1.1972338737482,1,1
2399,0.979066081298405,1.57424118675156,2,0,1.82725059670773,0,1
2400,0.361389851508041,2.17451937892808,1,0,-0.534463241618085,0,0
2401,0.221395725384355,1.21408856390008,1,1,-2.56354366296684,1,0
2402,0.0770889248491989,0.256227900584539,0,1,0.975188481063921,1,1
2403,0.10954347444961,1.0144899689319,1,1,-0.619742973613822,1,0
2404,0.220604805922216,1.58727562848294,1,0,0.910373183493916,0,1
2405,0.0648571854720187,1.49701821724742,1,0,1.11094966155392,0,1
2406,0.270303051608304,1.43229078141997,1,1,-0.138959625600682,1,0
2407,2.2411466037128,6,0,1,0.150034304160778,1,1
2408,0.376096599631839,1.57196310670898,2,1,-0.177655882601981,1,0
2409,0.214389154420358,0.935823799054623,0,1,-0.704760565407436,1,0
2410,0.14397117567973,0.313812798338008,1,0,-1.30585180559897,0,0
2411,1.06814190885033,1.47677820333199,2,1,-0.506323889740345,1,0
2412,1.30179852308728,2.3717056515946,2,0,0.488310754111875,0,1
2413,0.509766881457633,1.57654465195031,1,0,-0.902574437250789,0,0
2414,0.281488700873322,1.24896083206842,1,0,0.0936210408885789,0,1
2415,0.329245434366402,2.06783908983137,2,0,1.37186776969365,0,1
2416,0.278487605456677,3.42187148380722,1,0,-0.00945010125195894,0,0
2417,0.251054240470298,4.51698028050945,2,0,-1.02956621495759,0,0
2418,0.49190451287561,1.65713562918229,1,0,-2.21280716426031,0,0
2419,0.66504076278458,0.763688902360111,2,1,0.13578677326777,1,1
2420,0.578345177798635,1.24297810627434,1,1,0.200780697615834,1,1
2421,0.73707018358012,2.63797645657288,1,0,1.33543246653505,0,1
2422,0.846668542833474,0.911164363677718,1,1,-0.343063803951073,1,0
2423,0.413506725389096,2.73676279368404,2,0,0.207746169544822,0,1
2424,0.732950638565752,1.34812646017908,2,0,-1.57480855139383,0,0
2425,0.523139881487522,6,0,0,0.0842858988256864,0,1
2426,0.945619372934107,0.977935372162469,1,1,-2.06115196895116,1,0
2427,1.33625918477245,1.63204426101387,2,0,-0.549535534781498,0,0
2428,1.11390991966593,2.69262580268553,2,0,1.64638025458614,0,1
2429,1.42739694250426,2.56330214702413,2,0,-0.244568907019663,0,0
2430,0.0213357103756623,0.0636183646953375,1,0,-0.985766159864538,0,0
2431,0.257571624695427,0.720416652609914,2,0,0.197900697636523,0,1
2432,1.77852325281042,3.95624021763569,2,1,0.843038074871676,1,1
2433,2.48390579247586,2.75052485914458,1,0,0.0999426151023192,0,1
2434,1.10603542372884,1.45266063200931,0,0,-0.28085725362447,0,0
2435,1.25991833184628,1.50609466562521,2,0,0.995305491982251,0,1
2436,0.158409145676672,1.25333685989878,1,0,0.350748416572836,0,1
2437,0.0286153740146094,0.80966734016935,0,0,-1.48751807380253,0,0
2438,1.62859913243279,1.77672891448945,2,0,-0.252033996378618,0,0
2439,0.432906741380915,0.884212231446427,2,1,1.53134677468132,1,1
2440,0.000424359034872589,0.384851505480538,1,0,1.41239957241619,0,1
2441,0.266601259381798,0.791454041289169,2,1,1.59325023180003,1,1
2442,0.410699200712972,2.01427178003828,1,1,0.456984006899921,1,1
2443,0.582474725028318,2.59561558636611,2,0,-0.0113393204009985,0,0
2444,0.119733624491936,0.420927143038324,2,1,0.687474619648621,1,1
2445,0.137488496535306,1.22423424855865,2,0,-0.392637561671871,0,0
2446,0.661307911181615,1.07714138304194,0,0,-0.271764152813428,0,0
2447,0.303261986039829,0.591836625711829,1,1,-0.340632711121713,1,0
2448,0.353331393044856,0.825816590936073,1,0,-1.07821817061351,0,0
2449,1.09028849086666,1.5859337011898,1,1,1.05542796233833,1,1
2450,0.769736564511226,1.06770015011231,0,0,0.969754828755993,0,1
2451,0.923163431339476,2.08270355532498,2,1,0.969799935401251,1,1
2452,0.573992288360993,1.45016238438842,1,1,-2.12335376562309,1,0
2453,0.00181761556008614,0.290247026040422,2,1,1.24073223944625,1,1
2454,1.50207846910724,4.97869979252895,2,0,-0.867277273326069,0,0
2455,0.0518279654457046,2.65450863806189,2,0,0.41144703268932,0,1
2456,0.269463999298401,1.28655412631182,2,0,1.5948078920282,0,1
2457,0.532757113170293,4.78994294565072,2,0,0.0236629055588422,0,1
2458,0.277404939815684,0.406178702385417,2,0,1.14937159473397,0,1
2459,1.21646563103929,1.23994373603289,1,0,-2.19284270871072,0,0
2460,0.247032980745037,0.885343347369002,1,1,0.560654825777783,1,1
2461,0.052958266951327,0.333677744492888,0,1,0.900140870704263,1,1
2462,0.0706930821338408,0.38892182521522,0,0,-0.340860148634832,0,0
2463,0.388250303595388,0.645797110569551,1,0,-0.986872673756814,0,0
2464,0.222584253384007,0.786123561360074,1,1,0.213817596725748,1,1
2465,0.587557763792574,0.674550460441301,1,0,0.474553766289153,0,1
2466,0.309515965378119,1.07546988725798,1,0,-2.27763554099255,0,0
2467,0.0805181259703305,1.27836480204971,1,1,-0.195277470678364,1,0
2468,0.0547634540036133,1.19728935161056,1,1,0.836208324049908,1,1
2469,0.308273924636646,0.647071785346026,1,1,0.802011813597462,1,1
2470,2.83985477133828,3.52806158984701,0,0,0.605064779231893,0,1
2471,0.754235218692985,0.933290987718977,1,0,0.326384975801708,0,1
2472,0.345931989643597,4.05840571038425,0,0,-1.26291278712176,0,0
2473,0.315905212838617,1.14803866330871,1,1,0.0179431333388458,1,1
2474,0.82958864146936,3.27644594171942,2,0,-0.114326374688117,0,0
2475,0.0566073191455669,0.512756708510509,2,1,-0.380863751425075,1,0
2476,0.194278737293529,0.652421711878444,0,0,0.820723830678282,0,1
2477,1.28397443621595,1.4946434340024,2,0,-0.238554926725066,0,0
2478,0.163061323886116,0.771301701677983,1,0,0.25667604402123,0,1
2479,0.085197964659181,2.18816162750463,2,0,-1.75547493539376,0,0
2480,0.142022632975758,0.306895227789694,1,0,-0.81578917172537,0,0
2481,0.356070113678773,0.672374449518029,1,1,0.980609797184116,1,1
2482,0.304092887995972,0.608215257539793,1,0,-0.200298808806294,0,0
2483,0.146873672336537,1.21332174821779,1,0,0.388697580183289,0,1
2484,0.497318956380089,1.70586052548445,2,1,1.64052277765193,1,1
2485,0.479379742131798,1.00223309204589,1,0,-2.63402694133859,0,0
2486,0.409055179398921,0.573790989028726,1,1,-0.232955449462373,1,0
2487,1.12538798914487,2.38730245508014,1,0,0.0993996918769754,0,1
2488,0.99392115340764,1.0340326622713,2,1,0.210840172276948,1,1
2489,0.199829107667837,2.80929547584362,2,1,-0.0351601021037705,1,0
2490,0.128147582937446,1.19533689470448,2,0,0.418378911386357,0,1
2491,0.332407170078821,0.348604560782534,1,0,-0.0263302048435347,0,0
2492,0.769542410141892,1.65909987563888,0,0,-0.413675475433337,0,0
2493,0.72329162620008,1.63343885519895,2,0,0.630126563342363,0,1
2494,0.126506716219915,0.513839030209698,0,0,0.0898190528849274,0,1
2495,0.291896790990399,1.21339691786585,0,0,0.0611399286871525,0,1
2496,0.577915659588244,1.7337429944923,2,0,1.19805936161264,0,1
2497,0.298221802545918,0.392271145191956,1,1,-0.692917604058688,1,0
2498,0.442921473748154,1.28643099960285,2,1,-1.26998316546657,1,0
2499,1.71288083794542,2.0015288886194,1,1,-0.578665507292897,1,0
2500,0.00687926335053311,0.771878103284811,1,1,1.09329925355505,1,1
2501,0.632292474620044,1.18976476611377,1,1,0.333377207767764,1,1
2502,0.0365389267436401,0.615520499025782,0,1,0.233072754379336,1,1
2503,0.296556918053991,1.60943571975994,1,1,-1.35172556580003,1,0
2504,0.00677076220098469,0.061822866693376,1,0,-2.20207419936393,0,0
2505,1.05717721597487,2.27558769822661,2,1,-0.477464182240905,1,0
2506,0.377442909197675,0.771520487189801,2,0,1.40338316007489,0,1
2507,0.188861179075764,0.425952302114632,1,0,0.36189706731227,0,1
2508,1.08597788430394,2.39920688806625,2,0,1.73150467429852,0,1
2509,0.691646952182055,1.26560044534579,0,1,0.0442395266531904,1,1
2510,0.16103533025921,1.66857720799616,1,0,1.52298420415949,0,1
2511,0.157666977987913,1.52181618005741,2,0,1.07931489772732,0,1
2512,0.0958894756135316,0.463369166979248,2,0,-0.048024598746327,0,0
2513,0.0270937900576327,0.780512824669362,2,1,0.418943305881147,1,1
2514,0.45749530972292,0.706925403792922,0,0,0.716932894666512,0,1
2515,0.425824419420647,2.81471801335184,1,1,-0.70160279677823,1,0
2516,0.600226056348119,0.704135277057391,2,1,-0.651136749571058,1,0
2517,0.655074285136329,0.917473905114416,2,0,1.48090243267536,0,1
2518,0.0410412603782283,0.541557527067526,1,0,-0.691932154815379,0,0
2519,0.394475601132739,2.27026442833641,2,0,0.835719780269567,0,1
2520,0.11109058227804,3.03845217451453,0,0,0.951520433368376,0,1
2521,0.415689291225539,0.691974025223078,2,0,0.665313382568948,0,1
2522,0.0571026099898667,0.156986525343086,1,0,0.905632557660876,0,1
2523,0.832591056970963,3.66076105768632,2,0,0.253477494159262,0,1
2524,0.112084598618847,1.29445680429186,1,1,-0.0343254541297058,1,0
2525,0.221993234525952,3.15160351497156,2,0,-0.0553541040123048,0,0
2526,0.231044685409285,3.21166288137639,2,0,0.865591534755279,0,1
2527,0.859456061235415,1.40069548138507,1,1,-1.17834614807679,1,0
2528,0.38870243499256,1.14489504445145,1,0,-0.351005337185172,0,0
2529,0.107216622369985,2.58106996926169,0,0,-1.09706255984384,0,0
2530,0.145819335658517,0.87991239503026,0,1,0.0540768299090458,1,1
2531,0.193455542404532,1.38548714665735,1,0,-0.177604222291989,0,0
2532,0.0325100078003701,0.725600212765565,1,1,-1.60380595428197,1,0
2533,0.243828008986182,1.88804440489972,0,0,0.303016830286653,0,1
2534,1.53856774476967,1.96047516336329,1,1,0.0092137723990278,1,1
2535,0.743443848461741,1.534627977017,1,1,0.118023630180583,1,1
2536,0.537992746879657,2.5958412593588,1,0,-0.40769100483906,0,0
2537,0.432570470600492,1.1681576170868,1,1,1.45193361559877,1,1
2538,1.14713537951179,2.33026642292287,1,1,-0.261133622789467,1,0
2539,0.0780042654110326,0.448906105011702,0,0,0.804901548763235,0,1
2540,0.254154198078646,0.693426935940842,2,0,1.22720865365723,0,1
2541,0.275447902255691,1.52480087215496,1,1,0.443857566470193,1,1
2542,2.9171646860994,4.52870268832967,2,0,-0.818361767806553,0,0
2543,0.0222373549526887,0.947288622458776,0,1,-0.632406253871926,1,0
2544,0.473764764351977,1.54931304665903,0,0,-1.0603556838421,0,0
2545,0.105204846089085,0.548417350369134,1,0,0.339778673784963,0,1
2546,0.142699264817768,1.14994415218349,2,0,0.523596720848526,0,1
2547,0.713198877250155,0.871660905101887,2,1,0.722781839790919,1,1
2548,1.31997415791255,1.57014260541312,2,1,1.30327511389861,1,1
2549,0.810393568909513,3.51328778701524,0,1,0.34215073822327,1,1
2550,0.579975246348315,0.663324175036459,1,1,-0.241053914437518,1,0
2551,0.172273589938646,0.294983857379127,2,0,1.32771158293521,0,1
2552,0.208457936532795,0.49160082476041,1,0,-1.15238031887088,0,0
2553,0.435633831657469,1.41659868371903,1,0,-1.07878337258806,0,0
2554,0.525837608923515,2.12764425915363,2,1,0.874249370803435,1,1
2555,0.115425309373273,0.51331212756422,1,1,-0.0938651374784276,1,0
2556,0.106726241233684,1.40427293566366,0,1,1.14469592598395,1,1
2557,0.464697880153027,0.692814741647547,1,0,0.963119362142063,0,1
2558,0.776900510522996,1.44765741272666,1,1,0.520244066696084,1,1
2559,0.132029457477904,0.719494718222892,1,0,0.357159489851252,0,1
2560,0.483242090687984,0.712045411882457,1,0,0.272531650280833,0,1
2561,0.43939874921408,2.35188576900251,1,1,1.04813787512589,1,1
2562,0.018263165321615,0.929583057535451,2,0,0.790189844185854,0,1
2563,0.0944535656728678,1.08038923696912,2,1,-1.00049801409633,1,0
2564,0.868993484772057,1.302256770432,0,0,-0.490733144702638,0,0
2565,1.29426622344687,6,0,0,-0.772038422450965,0,0
2566,1.96004852022333,2.54969277192959,2,0,0.168708934907426,0,1
2567,0.29811618339433,0.442061541135035,0,0,-0.219604146214155,0,0
2568,0.230250473444661,0.953211444667041,1,1,0.562585593601098,1,1
2569,1.35645550877983,1.50875746582945,0,1,1.13769881581347,1,1
2570,0.105309423266186,5.72300372234265,2,0,-0.109340473954307,0,0
2571,1.76323392315642,2.17296191119353,2,0,-1.01381511989205,0,0
2572,0.13514629214864,0.407704707140739,1,1,0.0617565848357908,1,1
2573,0.067231214294831,0.576955253960925,1,0,-1.08550999286165,0,0
2574,0.0662201177651514,0.344126300212343,2,0,0.635713715643754,0,1
2575,0.640778226984872,0.764373948413423,0,1,-0.92509564069557,1,0
2576,0.424362865483595,0.814587519891527,1,1,-0.346077602553666,1,0
2577,0.887600569421729,1.11104475562398,1,0,-0.035610382087263,0,0
2578,0.0360610082538591,1.36790115546062,2,0,1.13305645262082,0,1
2579,0.0628093195458253,0.437390763420562,1,1,-0.167452317609502,1,0
2580,0.724383809914192,1.08829284047386,0,0,-1.28453637678196,0,0
2581,0.239785129928754,0.869291119998844,1,0,-2.5925981276108,0,0
2582,0.822696790410849,3.40384976957845,2,0,0.823374941543689,0,1
2583,1.03630895060228,6,0,0,-0.386194576173684,0,0
2584,0.393990725796256,1.31470131270731,1,0,0.800450746719016,0,1
2585,0.183045926710798,0.948514013823076,0,0,1.09994846157194,0,1
2586,0.192087155626473,0.8333808882634,1,1,-0.302746639004387,1,0
2587,0.28912573079643,2.58306965532188,1,1,-0.610759557125905,1,0
2588,0.395569576778346,1.7781981860145,2,0,0.00709764965581613,0,1
2589,0.117593652879198,0.231052584895947,1,1,1.58708112381552,1,1
2590,0.131681191528009,0.9848648420887,1,0,0.690000413090977,0,1
2591,0.613252651981182,1.25068458150741,2,0,-0.117992148157268,0,0
2592,0.229093784776827,0.3953423438926,1,0,-3.04385269786464,0,0
2593,0.39236254317479,0.738230439490978,1,1,1.50871694242644,1,1
2594,1.20070479081208,3.50726413611162,1,1,-0.728999089362831,1,0
2595,0.0398163601139959,0.409898772064887,1,1,1.10834740208022,1,1
2596,0.280694809949232,0.424835156576447,1,0,-0.981816970798853,0,0
2597,0.852870056358987,1.4653257963558,0,1,-1.58615213415629,1,0
2598,0.559787339384976,3.11965452337955,2,0,0.155232264640759,0,1
2599,0.695184629100065,5.68691714388086,2,0,-0.117655973618241,0,0
2600,0.135343392483062,0.691850263235049,1,0,-0.508090556316416,0,0
2601,0.202999076185127,0.203205435980578,1,1,0.267291254108704,1,1
2602,0.052912465631716,0.393068384819695,1,1,-2.00907858462419,1,0
2603,0.0568009302433994,1.43127324824869,2,1,1.41074910515966,1,1
2604,0.291895783739853,0.321784451373427,2,1,-0.379523991496901,1,0
2605,0.356053556315601,1.60649384686678,2,0,-0.203799463755398,0,0
2606,0.883540166495257,1.54000016914584,2,0,1.51114503998845,0,1
2607,0.200215896798505,2.2260024186364,2,0,0.0105390669890454,0,1
2608,0.848866824220962,1.71216906383122,2,0,0.13645986444081,0,1
2609,0.708760793527795,1.238235465482,1,0,1.34099065124887,0,1
2610,0.978328725276404,0.986732649232484,2,0,0.943177526995327,0,1
2611,0.118827721517947,0.96207652210304,2,0,2.45308278898714,0,1
2612,0.192325385804805,0.579481077201648,2,0,0.151190501177295,0,1
2613,0.253342801258315,1.40434841614212,1,1,0.657205451784998,1,1
2614,0.0852053722721837,3.95664043057981,0,0,-0.53962533558738,0,0
2615,0.500167645514011,2.851563875411,2,0,1.24521809900106,0,1
2616,0.446594724328154,0.973117543609166,2,1,0.554563377384092,1,1
2617,0.0250753931080302,5.90567825844867,2,0,-0.706134232912539,0,0
2618,0.585440817909936,1.27939894556047,1,1,-0.0766876943811885,1,0
2619,0.108335590403941,0.861456758658106,1,1,0.227115299395151,1,1
2620,0.115863617586269,0.358825141938851,2,1,1.00018309751551,1,1
2621,0.171124349969129,1.20986293025044,1,1,0.755936636569939,1,1
2622,0.16809645202915,0.434188351271161,2,0,1.29382144067079,0,1
2623,0.588383332101835,1.83941145662945,0,0,0.373188388709723,0,1
2624,0.172614345016579,4.12210447403292,0,0,-0.0916424922864754,0,0
2625,0.37976062649654,0.84202884696424,0,0,1.11916406422283,0,1
2626,0.271737485925696,0.647432744898142,1,0,-0.254941159930024,0,0
2627,1.23391978231041,1.72488930491723,1,1,0.278349302867282,1,1
2628,0.410155348686708,2.28433497722422,2,0,0.732512969789238,0,1
2629,0.00922191369623958,0.859083916396409,2,1,1.16479829116391,1,1
2630,1.47628125626479,3.79678077779814,2,0,-0.266887090597493,0,0
2631,0.0607487305342658,0.568097195701273,2,0,1.40940483289014,0,1
2632,0.222416185889599,0.299590678097492,2,0,0.747696314450648,0,1
2633,1.13548025484186,6,0,0,-0.0889582491968048,0,0
2634,0.415013354375131,0.430578356300365,1,1,-0.41259904848708,1,0
2635,1.06878966812758,2.28302972517796,2,0,-0.589702374144981,0,0
2636,0.248444924121784,0.675729464563404,2,0,-0.395852416773292,0,0
2637,0.249560961706771,2.24740722216666,0,1,-0.558508169180082,1,0
2638,0.508112302567396,0.963002616591615,2,0,-0.204663294875485,0,0
2639,0.948435317035294,4.15584556791367,2,0,-1.35061830109334,0,0
2640,0.0959054313393103,0.313924197346203,1,1,-0.502516806398417,1,0
2641,0.374113139179018,2.20005457582849,1,0,-0.301222123817612,0,0
2642,1.9216967414545,3.17809700919979,2,1,0.420943581942602,1,1
2643,0.222278285978569,3.1471757623303,2,0,-1.8945972198893,0,0
2644,0.63175763313969,5.88993667490355,2,0,-0.401884273029913,0,0
2645,0.131954411044717,0.172962957880591,2,1,0.575924182835424,1,1
2646,0.393506127099196,4.57529309164845,2,0,-0.798865543277034,0,0
2647,1.50690102220709,1.99873144260192,1,1,0.395393573482959,1,1
2648,0.441702511161566,2.07516647776908,1,0,-1.69308408638403,0,0
2649,0.31805524447312,0.975003677109877,0,1,-0.317551165574112,1,0
2650,0.116657195830716,1.05516170590241,1,0,-0.739082343776287,0,0
2651,0.377519738653468,0.440381188558273,1,1,0.162468381498402,1,1
2652,1.34950171530546,2.7681741428872,0,0,-0.945002521905287,0,0
2653,0.0591092206373688,2.27498398472865,0,0,0.12926941652513,0,1
2654,1.3085912095123,1.89503324410118,2,0,-1.26651289277436,0,0
2655,0.226095984689891,0.854229279173982,1,1,0.159785455635652,1,1
2656,1.22383218243332,4.35512821503081,2,0,0.499241682553993,0,1
2657,0.0793894706293941,1.21140178355627,1,0,-2.4913127952658,0,0
2658,0.413327617589078,1.53643106718516,2,1,0.183124212572882,1,1
2659,0.725529826660123,1.1333155952926,1,0,0.928125037479443,0,1
2660,0.260207464918676,1.80599698886962,2,1,1.28804133767059,1,1
2661,0.253551578563121,1.94495551320911,1,0,-0.240558201434899,0,0
2662,0.130456876825924,0.812023224420668,1,1,0.0592457136673316,1,1
2663,0.00143741726744956,0.0525787690033515,0,0,1.50606228380828,0,1
2664,0.426557068748094,2.17960971573869,1,0,-0.852087485313159,0,0
2665,0.556904238959154,0.766080462939134,1,1,0.34568533308938,1,1
2666,2.21778077581461,2.50024125706259,1,1,-0.98392392842832,1,0
2667,0.6050194779204,1.32984863918983,1,1,0.567292562308519,1,1
2668,1.28171534359745,1.67147970989851,2,1,0.382783807128662,1,1
2669,0.275780745368037,6,0,1,-1.22914576920091,1,0
2670,0.331834053689973,1.50570286344393,2,1,-1.90366966407793,1,0
2671,0.397609396744736,1.39219750192968,1,1,0.667245688055432,1,1
2672,0.471394667411295,0.531872731565739,2,1,-0.439100512380179,1,0
2673,0.21054670939015,5.30799833989574,1,1,0.317090157464616,1,1
2674,2.11294713944597,2.20442374331631,1,1,1.99981151026606,1,1
2675,0.345361176845655,1.47059708797485,2,0,0.979438716621005,0,1
2676,0.408661171784154,3.92179141752422,0,0,-1.59588133149757,0,0
2677,0.074759004175178,0.161627453910558,1,0,-0.209762094968088,0,0
2678,1.06109036438466,4.46676162071526,0,0,0.407472846401693,0,1
2679,0.10993593527625,5.9581274821081,2,0,-1.13983202238538,0,0
2680,0.0748053105134103,0.248581895002266,2,0,-0.126179699202368,0,0
2681,0.603032465506759,1.65191803132333,1,1,-0.530372176043006,1,0
2682,0.993809597520047,5.01620496489488,2,0,-0.529916359669046,0,0
2683,2.20844302937987,2.42100638491974,1,1,0.569591870296524,1,1
2684,0.220926233256857,0.785997730385589,1,1,0.260333359514883,1,1
2685,0.753892896076043,1.30518750738392,2,0,0.576770808772597,0,1
2686,0.15362425552894,0.189812381534836,1,1,-1.30825596535634,1,0
2687,0.216616688742563,0.48568675103026,2,0,0.425121114498695,0,1
2688,1.62606860037908,3.0576812869979,2,1,-0.328194708329112,1,0
2689,0.847049148701782,3.13714529533445,2,0,0.740614812036963,0,1
2690,0.139940114588373,0.692128416967787,1,0,0.21622444771411,0,1
2691,0.741090471918647,0.784509492249085,2,0,1.93823919874254,0,1
2692,0.329267051290998,0.986499254615023,2,0,-0.544130775523886,0,0
2693,0.0265625827196878,0.0271600260291487,1,1,-0.308684470696125,1,0
2694,0.0703073039443956,1.14255385149508,2,0,1.90778715835453,0,1
2695,0.329230739735067,0.392531875884522,2,0,1.45881382629549,0,1
2696,0.427690240451031,0.762794695362247,1,0,-0.871543087323554,0,0
2697,0.164271556070059,0.579427700645659,1,0,-1.00020439621194,0,0
2698,0.335077907786601,1.58957311412337,1,1,-1.34188690161014,1,0
2699,0.138693282477292,0.439406808140947,2,1,1.30898449891403,1,1
2700,0.284709617481577,0.827150006737449,2,0,1.17952557473353,0,1
2701,0.179883475001487,0.323810866610971,1,1,-1.61723677886224,1,0
2702,0.911304958945857,1.71478448125223,0,0,-0.0761220626285247,0,0
2703,1.04647899145353,1.13696209726247,1,0,0.337054862865249,0,1
2704,0.216264636773202,0.519517426482035,1,0,-1.13051446816673,0,0
2705,0.607624732268353,0.637043717892938,2,0,-0.0848080408090956,0,0
2706,0.34155265617631,0.88223698960207,1,1,1.07171216294354,1,1
2707,0.287064654856092,0.342434365638512,2,1,1.29646247031182,1,1
2708,1.47145051504474,1.72197292006191,1,0,-0.382178182810846,0,0
2709,0.933338078845614,0.952357996275194,2,0,-0.502805979168122,0,0
2710,0.240223783896201,0.751288761828137,2,1,1.00649045439497,1,1
2711,0.126748307288626,1.27618085398612,2,0,0.265632786726958,0,1
2712,0.167403647986551,1.12078392472228,1,1,0.0431641029018881,1,1
2713,0.152254078801885,0.302719914507968,1,1,-0.993263375524103,1,0
2714,0.324173601240748,1.09774647290819,1,1,0.303655150008012,1,1
2715,0.055493607910143,1.09177232599239,1,1,1.50103890719878,1,1
2716,0.380564875279864,0.433276746441358,1,0,-0.100845404048828,0,0
2717,0.220927051785919,0.348193095127035,2,0,0.835569391274307,0,1
2718,0.608012089505792,1.00597236177524,1,1,0.386239152245924,1,1
2719,0.16168664127026,0.352047886699438,0,0,1.63631222311478,0,1
2720,0.500968795580169,6,0,0,-2.10070672602784,0,0
2721,0.219348422251642,1.99231212056872,1,0,1.6830545467224,0,1
2722,0.00291987167050441,2.11723567349224,2,1,-0.978291905903856,1,0
2723,0.442697509295411,0.657757263596542,1,0,1.11281151968407,0,1
2724,0.95881131369506,4.73203157617604,2,0,0.847005319848168,0,1
2725,0.0408280098062646,0.715476095180903,2,1,-0.705305016373851,1,0
2726,1.3263150972739,3.26646048070208,2,0,1.46657859585941,0,1
2727,0.0996847248946627,2.84505832687101,1,1,-1.71219849884893,1,0
2728,0.216581338774107,0.691922882687115,2,0,1.25268728506905,0,1
2729,0.639546142580609,3.64009419456124,0,1,0.61570293550278,1,1
2730,1.63967663826813,2.7524084563976,1,0,-2.07306009712022,0,0
2731,0.233591612324946,1.11268475554809,1,0,1.72314206532869,0,1
2732,0.0255940513064464,0.912245755040454,2,1,1.09616482897528,1,1
2733,0.0401408401214414,0.116067817240731,2,1,0.641314481067573,1,1
2734,0.802503890414715,0.860044765653435,1,0,-2.39871493840241,0,0
2735,0.76323197533687,3.17557317571995,2,0,0.716162720116243,0,1
2736,2.76399055067934,3.72032739532491,0,0,-1.07138811098643,0,0
2737,0.528490343648526,0.5425673486881,2,1,0.824815552583203,1,1
2738,0.30999425591694,1.96731538822254,0,0,-0.575129460955152,0,0
2739,0.436960629497965,1.21392143056247,1,0,0.284132291691483,0,1
2740,0.85078573574094,0.971745312471966,1,0,-0.0314158433449966,0,0
2741,0.614358982485202,1.06184850668039,2,1,1.63969934603558,1,1
2742,0.0925785039241115,1.84479353492169,2,0,0.99529576120613,0,1
2743,4.52243285644227,6,0,0,0.0903802819384332,0,1
2744,0.250278452511341,1.2337143210354,1,0,0.0209475384384159,0,1
2745,0.0229859501040587,0.514749317142699,1,0,-1.73202869043314,0,0
2746,0.39391376854231,1.63132046989042,2,0,0.562635239786814,0,1
2747,0.298825403571957,0.412838736625597,2,1,0.470668398708148,1,1
2748,0.748118178711997,2.59574382427463,2,0,0.0419206235713716,0,1
2749,1.31472125748265,1.54123582350827,2,0,1.74062304411406,0,1
2750,0.0503455442843284,1.05387311628388,1,1,-0.0346354959712335,1,0
2751,0.803029953738717,0.920260945781115,2,0,0.533158605665929,0,1
2752,0.213354723852489,0.841372561445791,2,1,1.28572868480222,1,1
2753,0.67254557274282,1.26427958623254,2,0,-1.08475539178123,0,0
2754,0.112026181175477,2.59264758928516,2,0,-1.28525271212774,0,0
2755,0.351520853798454,0.60528873979098,1,1,-0.664699389780243,1,0
2756,0.0823973262178303,0.897359483516768,2,1,0.382855420803146,1,1
2757,0.0270412075850699,0.977987865617447,1,0,0.364287374537267,0,1
2758,0.247020931471798,0.328301643767301,2,0,0.609077295089652,0,1
2759,0.0890078865168096,0.136433816240652,2,1,0.408418620632626,1,1
2760,0.0641901014992814,0.409364188304526,1,1,-0.698380970145975,1,0
2761,2.33543302127283,6,0,0,-2.5659228915319,0,0
2762,1.19083964364696,2.07227792148934,1,1,0.454654895598838,1,1
2763,0.0444451605049544,1.77742322359894,2,1,-1.12859669121698,1,0
2764,0.109655242078244,1.88916546958632,1,0,-0.0502654032675176,0,0
2765,0.00815344974398613,0.768768101309737,0,1,1.09527572112431,1,1
2766,0.609860789651672,1.00031977198898,1,1,-1.16937454517544,1,0
2767,0.225611233369722,0.321575820667673,1,1,-0.0479607221973228,1,0
2768,0.42629305842436,0.85772444216497,2,0,0.601394957167103,0,1
2769,0.361317169542114,2.1877277684041,1,1,-0.456313312568993,1,0
2770,0.695082191377878,2.19865605499162,1,1,-0.198732341924283,1,0
2771,0.453238853563865,0.485405316182187,1,0,0.347124714031431,0,1
2772,0.981745206096259,3.49282013252378,0,0,1.15890809142982,0,1
2773,2.00041083816624,2.10177099047509,2,0,0.637607267279151,0,1
2774,0.277648821162681,1.69770103759268,1,1,1.24427464750264,1,1
2775,0.822332789524829,1.33650678214809,1,1,0.441005029932862,1,1
2776,0.0531500220919649,0.855179507863374,1,0,-0.0549604469384607,0,0
2777,0.0891906100635727,0.0989382801326327,1,0,-0.803608069872563,0,0
2778,0.847751474375208,1.42262854667917,1,1,0.144944844092945,1,1
2779,0.402992308636587,0.81180386577418,1,0,-0.0782110409835521,0,0
2780,0.0617446843714454,1.27777230688037,0,0,-0.468696478935698,0,0
2781,1.12195009529979,1.37753456900279,0,0,-1.19006359143154,0,0
2782,3.46915296653712,4.71764394035731,2,0,0.112427741314001,0,1
2783,0.289779244922101,0.855821771547198,0,1,-0.442181162341964,1,0
2784,1.51097150204382,4.6987159763333,1,0,-1.27779055911328,0,0
2785,0.203010295000341,0.35543921652217,1,1,0.515115589729168,1,1
2786,0.0854045751973577,0.685285701476286,2,0,0.630331934516356,0,1
2787,0.175047742442671,0.311600617600696,1,1,-0.273721169748564,1,0
2788,0.43566465170847,3.07073423949381,0,1,-0.799754501856403,1,0
2789,0.530576972911755,1.81202796836206,1,1,0.60916905497572,1,1
2790,0.644761422752506,1.60147835667049,2,0,0.0513604692821504,0,1
2791,0.541679886066251,2.21372061085646,0,0,-0.163112075561126,0,0
2792,1.0773233468695,1.12817571422902,2,0,0.0219925741814882,0,1
2793,0.671953445610901,0.735916036041341,1,0,-0.392109984065631,0,0
2794,0.909896086246653,1.41078613150279,2,0,1.5549623790057,0,1
2795,0.127628627946131,0.197532833059372,1,0,-0.0769974401798834,0,0
2796,0.339247867361539,0.494986998134783,1,1,1.32566623425165,1,1
2797,0.990711297379282,1.43798899836838,0,0,-1.22945116998312,0,0
2798,0.49833187678208,2.0404999661993,2,0,0.894925985794273,0,1
2799,1.51203205079967,1.93273806093046,1,0,1.06675507964457,0,1
2800,0.0953273526910279,0.87858154438436,0,1,-1.23998721781018,1,0
2801,0.706079701582591,2.76790654467384,2,1,-1.18312784023079,1,0
2802,0.0161446584388614,0.352286483574276,1,1,-1.38953539809448,1,0
2803,0.101223023504847,0.828175174903998,1,0,-0.272594606728028,0,0
2804,0.074076600017873,1.2748370598606,1,1,0.128912622878743,1,1
2805,0.0159975161982907,1.58769306423798,2,1,0.0851802640703194,1,1
2806,0.302221294906404,1.1041889276261,1,0,0.312764780895855,0,1
2807,0.312606615738736,0.589787696952382,1,1,-0.0486604061330528,1,0
2808,0.0308860496928295,1.0979961024263,1,1,-1.52749424066953,1,0
2809,2.18260532235705,2.80078167352373,1,1,1.21046046683784,1,1
2810,2.30059678967399,2.8699130192399,0,1,-1.07381449698977,1,0
2811,0.705619632887344,1.05599217260594,0,1,-0.718741443210588,1,0
2812,0.385973415234023,0.457672303519636,1,0,0.477189740396995,0,1
2813,0.289188496147593,0.561694962314578,1,0,-0.395153172457776,0,0
2814,0.3568405414828,0.870395211502347,1,0,-1.89812418334326,0,0
2815,0.0934799279396733,0.239591386763162,1,0,-0.39124332334931,0,0
2816,0.000314793239037196,0.330393766303623,2,0,-0.816499606843133,0,0
2817,0.0597036453998751,2.10381544213625,2,0,1.10713494175652,0,1
2818,0.329057987158497,0.549470833020528,2,1,0.367688358298762,1,1
2819,0.0542544144102269,0.475110004741247,1,1,-1.06834635544735,1,0
2820,0.806133970782307,2.47501506673064,1,1,0.195829521440572,1,1
2821,0.0116070560579409,0.396326486229045,1,1,0.205095167782956,1,1
2822,0.00717837149842117,2.84526456167576,1,1,2.21705414140029,1,1
2823,0.513539391277495,1.03712721508729,1,1,-0.357698310749313,1,0
2824,1.1877659790579,1.59038383675814,1,0,-0.624281058106431,0,0
2825,0.352170285251406,0.753182489032345,0,1,-0.863149254139316,1,0
2826,0.425750857426061,0.705924272492963,1,0,-1.28485080984975,0,0
2827,0.426278040330443,1.53895900961599,1,1,-1.34676267565807,1,0
2828,0.0389290099135704,3.09450674802065,0,0,-1.60088240127105,0,0
2829,0.0984916986929208,0.640535594294112,1,1,-0.136203697990388,1,0
2830,0.128201824716396,0.224592120186229,1,0,-0.647372932971745,0,0
2831,0.383168270604478,1.02063578553498,0,0,-1.58699326653801,0,0
2832,0.0581739956720008,0.292154333445774,2,0,1.17857099762078,0,1
2833,0.487650421758493,2.32937539617221,0,0,-0.137141049334676,0,0
2834,0.276242716178211,1.99341423119505,2,0,0.695645390647478,0,1
2835,0.200232541779686,2.97574900503975,2,0,0.464442812182254,0,1
2836,0.207438107786907,2.25923683535059,1,1,-0.614529166943767,1,0
2837,0.279507610636453,1.94680313016908,2,0,-0.496366299863821,0,0
2838,0.929149022900078,0.936999631606731,1,1,-0.0851644845781201,1,0
2839,1.60159988319479,3.61234836804883,1,0,-1.25536947825289,0,0
2840,0.0402465566164917,1.68652145517596,2,1,-0.0589199164241585,1,0
2841,0.329169902640084,0.61477476952079,1,1,-0.784757555963465,1,0
2842,0.0930684748002225,1.53359982176768,1,1,-0.367210047258014,1,0
2843,0.373686068277392,2.97493302786413,2,0,-1.15243323810192,0,0
2844,0.661738427976767,0.922360649953286,0,1,-0.76816712739833,1,0
2845,0.140684894803498,0.482668912723796,2,0,-0.51583812953006,0,0
2846,0.0967716792859032,2.76401124450137,1,0,0.696488665803686,0,1
2847,0.058439480037325,0.418302349816254,1,1,-1.88669970900868,1,0
2848,2.14311754321657,2.14637088946688,1,1,1.99355499868053,1,1
2849,0.659132747807437,0.863603977556024,2,0,-0.545197267720452,0,0
2850,0.542530075439976,3.36833556383111,2,0,-1.71623105292458,0,0
2851,0.0234735381637011,0.100781341389825,1,1,-0.877493018984303,1,0
2852,0.838981602915142,1.3974222895411,0,1,0.0175058719004053,1,1
2853,0.704696375566224,1.41231715532831,1,0,-1.14340671635718,0,0
2854,0.291873639345997,5.08276002439506,2,0,0.503574651656781,0,1
2855,0.890541131458031,3.5202773169022,1,1,-0.206607318140769,1,0
2856,0.263632463463028,0.349532669311724,2,1,0.180327711525912,1,1
2857,0.34573075558716,2.44703052826681,1,1,-1.99635049276565,1,0
2858,0.743807879690495,4.83205358000124,2,0,0.357282033556334,0,1
2859,0.389272934860653,1.09760581398484,1,0,-1.77446378267879,0,0
2860,0.230178670543763,0.668919959426173,2,1,-0.122384116315671,1,0
2861,0.811691155817456,1.06947782703221,1,1,0.148596718361075,1,1
2862,0.244465052771072,3.22769643785065,2,0,-0.619281897664626,0,0
2863,0.166191951268249,2.0611174373577,0,0,-0.539544303038033,0,0
2864,0.407752508504523,1.02650828266638,0,0,1.60114113576187,0,1
2865,0.609097716191577,1.41530168498081,2,0,2.0323827759078,0,1
2866,0.230555079566936,0.444106905816581,2,0,0.166213282954568,0,1
2867,0.369771519298789,0.82883592656679,2,1,-0.187519661027377,1,0
2868,1.123444448282,1.30793467032714,1,1,-0.86849466729288,1,0
2869,1.43434547504089,3.07687862656454,2,1,-0.0493105552046637,1,0
2870,0.206522499834778,0.294283291571953,1,1,0.794534663702416,1,1
2871,0.366694890698365,0.39788468481635,2,1,-1.70163084344933,1,0
2872,0.314386491146353,0.881405183545272,1,0,0.221269092671793,0,1
2873,0.484378421679139,0.920381627669171,2,0,1.28607803888896,0,1
2874,0.518413806437618,1.53422664263503,2,0,-0.243995119126168,0,0
2875,0.0252109372781383,0.671106800997963,1,1,0.493658683646782,1,1
2876,0.949018584521417,2.07737850395483,1,1,-0.973895658068967,1,0
2877,1.20149383451292,1.99373624198054,1,0,0.991880034651909,0,1
2878,1.81004856666815,3.19544352442329,2,0,0.421711429423682,0,1
2879,1.33903478774321,2.35926301520776,1,0,-0.171498957211404,0,0
2880,0.511597362427275,0.910065350694841,1,1,-0.640315995730651,1,0
2881,0.112693310923896,4.15005465640019,2,0,-1.27979200648465,0,0
2882,0.145128532830212,2.57779171271805,1,1,0.485471855646558,1,1
2883,0.157930005031327,0.169233086278498,2,1,0.341630681701426,1,1
2884,0.118468924929605,0.142160286229693,1,1,-1.04575254578574,1,0
2885,0.234998676718937,0.601691298234214,2,0,-0.419696434660199,0,0
2886,0.223882000686394,0.376923800856951,2,1,0.407671127702727,1,1
2887,0.416575161119302,3.53565309759307,1,1,-1.56104776245281,1,0
2888,0.208193905030688,0.287147843107484,1,0,0.549394586500557,0,1
2889,0.465408810414374,0.508054245861157,1,1,1.61072089777128,1,1
2890,0.194994102549272,0.793241265540322,0,0,-0.709023221885914,0,0
2891,0.302583460882391,0.632452239595377,1,1,-0.244584811398818,1,0
2892,0.289409141987562,0.751854061125423,1,0,0.522077108762639,0,1
2893,0.94067472028535,2.93388333792908,1,1,0.185356583773856,1,1
2894,0.0844378893574079,0.854525314101298,1,0,-0.0405848057308428,0,0
2895,0.339037602663868,0.641627012101567,2,0,0.478037981619753,0,1
2896,0.131187477807612,0.70283600300918,1,1,-1.30213967019046,1,0
2897,0.0165216019377112,0.666354725232002,1,1,-0.0706180179447504,1,0
2898,0.335668601199157,2.22007524048676,2,0,-0.221684573326331,0,0
2899,0.0239622846452726,0.190709546556881,1,0,0.12511912704064,0,1
2900,0.325585991247661,3.12136947627804,2,0,0.1436207952126,0,1
2901,0.0453174613589268,0.296711571050383,2,0,3.04844419148172,0,1
2902,0.0441296139938964,0.558595265643216,1,0,1.42403348721432,0,1
2903,0.00836190219955406,2.44931146502495,0,1,0.590679892877273,1,1
2904,0.823902658355664,6,0,0,-0.73276595490505,0,0
2905,0.0462523706192086,2.48975954313262,2,0,0.703064928843014,0,1
2906,0.600680438284245,1.42048622655109,2,0,1.14696506285034,0,1
2907,0.364173989639514,0.401031319051981,0,0,0.666371750068795,0,1
2908,1.32254081980521,2.5086840977811,2,1,-1.25207837430523,1,0
2909,0.833123053066943,0.855605857519648,2,1,0.816467807795049,1,1
2910,0.967408402051873,1.16593077445324,1,1,-0.514413669756834,1,0
2911,0.138525127743681,1.22984152786365,2,0,0.65938972828367,0,1
2912,0.314033078029752,1.06598545683414,2,1,0.85381574130495,1,1
2913,0.95349812787615,2.48774334477882,0,1,-1.07721213864938,1,0
2914,0.486107457739612,1.79016920334079,1,1,-0.641358444654171,1,0
2915,0.651653610790769,1.21636588945435,2,1,1.32596269818943,1,1
2916,0.298295947208025,0.361310337025006,1,0,-0.8927462147477,0,0
2917,0.09244865220454,2.15627447953027,2,1,0.849975675148458,1,1
2918,0.413901146332471,1.68555863867233,0,1,0.689848105341547,1,1
2919,0.360374310467806,0.452865925984228,1,1,-1.39845747033156,1,0
2920,1.69755696413189,2.89693080586183,2,0,-1.0505713877772,0,0
2921,2.91425991996365,3.27954014893047,0,0,-0.30925528214415,0,0
2922,2.03322690177894,2.75731072599145,1,0,-0.951585435361511,0,0
2923,0.0100149348006814,0.496254035704202,1,0,-0.175231908548826,0,0
2924,0.743974215971927,1.42685947198283,2,1,-1.48705987333894,1,0
2925,0.0358232778186599,0.553203880166014,0,0,0.0285158531671803,0,1
2926,1.07938595939313,1.51944143697619,0,0,1.65118957286154,0,1
2927,0.213974779471755,0.678804150031747,2,1,0.246360319971736,1,1
2928,1.25599159957933,1.29842428991728,2,0,-0.310963788263518,0,0
2929,0.447781528346241,0.511813737992234,1,0,-0.743350170079608,0,0
2930,0.495670153292434,2.45925671883725,2,0,0.350549374917486,0,1
2931,1.72479978266364,1.77592870389498,1,1,1.03289317524717,1,1
2932,0.313418784385754,0.698867998730459,1,1,0.383020733362533,1,1
2933,0.308616019061042,0.688099022886109,2,0,0.147684385248132,0,1
2934,0.831735453832163,1.29992313730034,1,0,-1.22931986900614,0,0
2935,1.0887810877161,3.60462147609754,2,0,0.625852570885574,0,1
2936,0.0456801201734278,0.198818005518501,1,1,-0.458760002943211,1,0
2937,0.654310557163424,2.20672847477065,2,0,-1.07086231156011,0,0
2938,0.0784089152390758,0.646622665452405,1,0,-1.02865876618442,0,0
2939,0.014726380403671,0.643030305074899,1,0,-0.24507086279459,0,0
2940,0.00624735477483935,0.131583937508365,1,0,0.406991025095252,0,1
2941,1.31535424742733,2.83783419057727,0,0,-0.346982874585259,0,0
2942,0.405776185087032,1.16812466224647,1,0,1.07800570906168,0,1
2943,0.784534236295097,0.930750176546244,2,0,0.308624008297692,0,1
2944,0.00543207344081667,0.0742224666287086,1,1,-1.03713941634384,1,0
2945,0.434800541131861,2.98331555310399,2,1,-0.390130092572523,1,0
2946,0.724286100206276,2.50338229661187,0,0,0.175357920598126,0,1
2947,1.02693895701204,1.67538229448714,2,1,0.17876870895834,1,1
2948,1.48785770762597,3.42652750325659,2,0,-0.979992460244043,0,0
2949,0.174919536544217,2.39285560165605,1,0,0.0188356521365759,0,1
2950,0.360521568746684,0.441520894039649,1,1,0.40796744614388,1,1
2951,0.814351324566219,3.63071209951955,1,0,-0.543345724266395,0,0
2952,1.13791216884522,1.69684486511162,1,0,-1.65001929465654,0,0
2953,0.622233900551995,0.753771293287476,0,1,-0.0890958556095958,1,0
2954,1.27202252542279,2.96823931824107,2,0,1.68473864970591,0,1
2955,0.209160810954157,0.651705763220277,1,0,-1.27400094216174,0,0
2956,1.52368253920113,5.26094756789313,2,0,-1.47602711014735,0,0
2957,0.190473046794991,2.07673105411232,0,0,-0.377229491312229,0,0
2958,2.80925196684967,3.00723187366427,2,1,-1.21162733718288,1,0
2959,1.20175883479716,3.37922537699342,0,0,-0.71240861404193,0,0
2960,0.728684571675128,0.874996475781117,1,1,-0.856589353866656,1,0
2961,0.451284700797664,5.21167425295895,2,1,-0.800024923011719,1,0
2962,0.32027634119408,1.29383132005241,1,1,-0.430695199945286,1,0
2963,0.128300263897955,0.422400708590679,2,1,0.881050979832433,1,1
2964,0.056675759873904,0.138718030868546,1,1,1.03272523374416,1,1
2965,0.00815671765142017,0.39655271621411,2,0,0.256193837650403,0,1
2966,0.585057105248173,3.05187561795007,1,1,0.483673833012604,1,1
2967,1.47148567661115,1.50699458188654,1,0,-0.9897710661215,0,0
2968,0.123979464918802,0.150422646546346,2,1,2.08044043670513,1,1
2969,0.0294103649341398,1.22363115145914,1,1,0.423561167953937,1,1
2970,0.794823541155802,0.890870191872645,1,1,1.75271408926214,1,1
2971,0.0419299644157679,0.243403115871412,1,1,-1.63261636942148,1,0
2972,0.591342826891277,1.02348183455832,1,1,-0.720326761706864,1,0
2973,0.465113997666372,0.774007406776856,1,1,0.0375549808662669,1,1
2974,1.49196609953511,3.26409628133246,2,0,-1.09691872109621,0,0
2975,0.405468751883341,2.12717591784894,0,0,0.228235371622123,0,1
2976,0.0213858597901677,2.54792923636177,1,1,0.742308532955859,1,1
2977,1.4713264597734,3.09126548004097,2,1,-1.06371074496496,1,0
2978,0.025384721684687,0.169666794542262,1,1,-0.61129238720589,1,0
2979,0.4792194482353,0.534839931899577,2,1,1.07596182947474,1,1
2980,0.14691795734592,0.433357417504939,1,1,1.196349453665,1,1
2981,0.10763592655874,0.993227398033467,1,1,-1.13636676734834,1,0
2982,0.0603297575273448,0.763284353028363,1,1,-0.230208392659394,1,0
2983,0.717766442232662,1.42798867671441,1,0,1.6803497368505,0,1
2984,0.311463819299307,3.30931453795612,1,1,-0.563099528134633,1,0
2985,0.279962045864926,0.301207652978095,1,0,1.24750354206401,0,1
2986,0.174316573991544,0.383345942680171,1,1,-1.2727573305524,1,0
2987,1.96616578612275,6,0,0,0.621129073040223,0,1
2988,0.457473077476551,0.620818576237463,2,1,1.40868883018761,1,1
2989,1.80827395981156,1.91647094376393,2,0,1.01128396430478,0,1
2990,0.186229949749178,2.50619560940114,2,0,-1.02515351035511,0,0
2991,3.31091596829764,4.10595122173815,2,1,-0.51884942078102,1,0
2992,0.0488869207297498,1.42379264084804,0,1,-0.407699095577963,1,0
2993,0.485583387004832,0.798619132109102,1,0,1.23690404187621,0,1
2994,0.0388374283081955,1.07078471646179,1,0,-0.383249949415936,0,0
2995,0.150503464974463,0.838435412788884,1,0,0.490673256341906,0,1
2996,0.00659026205539703,1.53840484585184,1,0,0.188936515432512,0,1
2997,0.488083397811844,1.2179291588201,2,0,1.68059373581817,0,1
2998,0.119220851444673,0.971261850600079,1,1,1.22196200941329,1,1
2999,0.858032638160401,1.09916353745538,1,0,0.584246190553265,0,1
3000,0.983836987112642,1.72965222488404,1,1,1.54374989953087,1,1
