"id","L","X","status","z1","z2","cgroup","tgroup"
1,0.0256484343359868,0.689934303545507,1,1,0.185068406609622,1,1
2,0.785996996887671,0.904346837127803,1,1,-0.296730378635208,1,0
3,0.18590216457733,0.680391361643167,2,1,1.8398854341605,1,1
4,1.40506612753174,1.55061851402008,2,0,-1.12123547246667,0,0
5,0.63524075369868,0.987263416216634,2,1,-0.949542777050057,1,0
6,0.1868555875909,0.612899802677785,0,1,0.612276529086643,1,1
7,0.305853408450882,0.336041870311519,1,1,-0.740771830382516,1,0
8,0.758288306080633,0.867597563266145,1,1,-0.0722498099515896,1,0
9,0.70757458348655,1.15992709874675,2,0,1.26172012250001,0,1
10,0.45931861530851,0.818270347677236,2,1,1.82955773793472,1,1
11,0.0878783107098031,0.88023288510559,2,0,-0.115304231346256,0,0
12,0.662653631427222,1.10515548847616,0,1,-0.505875181773787,1,0
13,0.0902062772733656,0.829983081596294,1,1,-0.213736340177284,1,0
14,0.347488572717541,0.846761416342531,1,1,-1.63362829168579,1,0
15,0.167466571810954,2.85148960418065,2,0,-1.50220857560619,0,0
16,0.080832102790588,0.0827058461409973,1,0,-1.8206129381262,0,0
17,0.0386795228378889,0.092705911392094,1,1,-1.67001379401327,1,0
18,0.79787514271307,3.54213111075605,2,0,1.10557327822841,0,1
19,1.22811357258853,1.25769851048066,2,1,-1.1071069633462,1,0
20,0.521312639013761,1.64567331981582,2,1,0.999274971253242,1,1
21,0.512444956892492,0.676651225842837,2,0,1.31559090535241,0,1
22,1.64376285538676,2.23505299569825,2,1,1.10424565440877,1,1
23,2.6119456418114,3.34525894373655,0,0,-0.0355905784052787,0,0
24,0.463257017545402,6,0,0,1.32371349713812,0,1
25,0.180975990887317,0.301915909384495,2,0,0.0832641237687159,0,1
26,0.00693502991149823,0.286629113841167,2,0,1.4903077963893,0,1
27,0.467143171305075,1.72218440125887,2,1,0.142209420621427,1,1
28,0.498552786496778,1.19924832209013,1,1,1.19361238994164,1,1
29,0.0158698949034603,0.207466256451825,1,1,2.15298097543285,1,1
30,0.152167012899748,0.295090205241223,1,1,-0.316691692944064,1,0
31,0.325365397665236,0.878966412854302,1,0,1.84068070452225,0,1
32,0.995725617248094,1.65857674778332,1,1,-2.58116165061791,1,0
33,0.584506964207523,0.934583962970005,1,0,0.341788804900945,0,1
34,0.718383725939525,1.12383348867599,1,0,-1.34553944678423,0,0
35,0.150326320694553,0.807867511334437,2,1,0.597522442397973,1,1
36,0.377466675001463,6,0,1,0.333911573109178,1,1
37,0.2732037483818,0.546718545939987,2,1,0.026880573977893,1,1
38,0.745159081286854,1.47435518928106,1,1,0.825773266655673,1,1
39,0.490557839059167,1.49345905947764,1,0,0.748428361459119,0,1
40,1.75451518958412,2.29070036035116,1,1,0.490046890806875,1,1
41,0.738524779573911,1.07700081852079,2,1,0.58487868535899,1,1
42,0.426334688026044,0.50094451078226,1,0,-0.492401232607042,0,0
43,0.892627364391764,2.53440410879613,2,1,-0.0113667861976433,1,0
44,0.023165583714015,0.121185163968686,2,1,-0.933862120193492,1,0
45,1.81435067818168,2.67259365557736,1,0,0.757536743345022,0,1
46,0.0256122198576729,1.41888770585259,0,1,1.72190303187358,1,1
47,0.0429641432216271,1.89637681049247,2,0,1.68820060494847,0,1
48,0.0643256875789828,0.771367441185838,1,1,-0.152110457500315,1,0
49,0.349171733380192,1.46224125392352,1,0,-0.487590783889363,0,0
50,0.0151531388598586,1.33049994782093,1,1,0.150510520312225,1,1
51,0.33500529495605,2.15780044351619,1,0,0.654241102611801,0,1
52,0.408732575985293,4.44162859581411,0,0,-0.86780909902739,0,0
53,0.2530388513373,0.463583911627213,1,0,-0.268214853246231,0,0
54,0.465904444766541,3.08146300381494,2,1,-0.438231620871329,1,0
55,0.272899971654018,2.80780501625684,0,0,-1.40276374099651,0,0
56,0.677427503073381,0.84149282986757,1,1,0.146830815019975,1,1
57,0.209894301369786,0.892902727549275,0,0,0.989509771817724,0,1
58,0.191937237625311,1.45148446198447,1,0,-0.577292238163505,0,0
59,0.964890179356401,1.57864536315121,1,1,-1.68281999044117,1,0
60,0.0437703678448443,0.825946418756183,1,1,0.365587895336491,1,1
61,0.284479607621001,0.291889523760091,1,1,-0.812712438493247,1,0
62,0.439202130461733,1.06944050379197,1,1,0.469485141916336,1,1
63,0.255104662650761,1.00149306095485,2,0,-0.00313777765601496,0,0
64,0.152780892960766,1.18488477811378,1,0,-0.0945945733265313,0,0
65,0.144374941733885,4.86176541401892,2,0,1.05979345388309,0,1
66,0.680568878952828,1.55320720359178,1,1,0.229013392526864,1,1
67,2.53400266224131,3.59516172275855,1,1,-1.12397725282072,1,0
68,0.377923282277253,0.408811212794541,2,1,0.124050734412362,1,1
69,0.264633204723397,0.956988644832844,1,1,-0.98271357909884,1,0
70,0.169526708519293,2.17144240004321,0,0,-0.331859769563966,0,0
71,1.0584919412878,4.28390447742935,2,0,-0.284200185189956,0,0
72,0.489714886579249,1.96079222795864,0,0,0.31148767775633,0,1
73,0.192386573180556,3.11018544971171,1,1,0.343015103661842,1,1
74,0.173187736185082,0.548533340753579,1,0,0.00972027022808874,0,1
75,1.33451335955297,6,0,0,-1.17398700276101,0,0
76,0.297517231665552,0.446678306784099,1,0,0.139409098152347,0,1
77,0.776043910903643,0.7770654241449,1,1,-0.398567318837892,1,0
78,0.897352866160883,1.84623215386805,1,1,0.862585447000104,1,1
79,0.0140380840185587,0.66935589069365,0,0,0.413360462654919,0,1
80,0.201588358926938,3.20113257505,0,0,0.708093797744541,0,1
81,1.20760561376282,2.41609138184207,1,1,0.409263907200388,1,1
82,1.0307929860996,1.36704106194278,0,1,0.545088935577035,1,1
83,0.508653506533139,0.950895811741551,0,1,-0.480750462409544,1,0
84,1.3697657634082,2.20669282289843,0,1,-0.379398385763525,1,0
85,0.922585581900027,1.03765629779183,1,0,0.39576672631438,0,1
86,0.266990010212693,1.34272110311223,2,1,-0.464081484271493,1,0
87,0.964254449178457,1.05030753960212,0,1,1.40561965493875,1,1
88,0.229258127510548,1.42396729659626,2,0,0.189607881973646,0,1
89,0.734271600118114,0.778900797655495,1,1,0.669081677174029,1,1
90,1.16967430267551,2.54980123979816,2,0,0.584758371265536,0,1
91,1.6445783607556,2.09436093203836,1,1,0.315036423656066,1,1
92,0.190246368034018,1.15657240521105,1,0,-0.643318605483679,0,0
93,0.801404506542299,0.93367554709006,2,1,0.943808534184682,1,1
94,1.05806451389658,1.32950424511197,1,1,0.688790018289487,1,1
95,1.87106560699413,3.67775534279644,0,0,0.417059433223494,0,1
96,1.15178601182924,1.71610208849112,0,1,0.579604633560625,1,1
97,0.685660045387016,0.876922526707252,0,1,-0.769003611392298,1,0
98,1.21244424845909,6,0,0,-0.281210385065952,0,0
99,0.052812455504156,0.0703255472375751,1,1,-0.658899124677015,1,0
100,0.197432852971057,0.238282714107131,2,1,0.131611091923796,1,1
101,1.19029083284538,1.68705467739698,0,1,-0.425034261939065,1,0
102,0.184436951456965,1.67566294021161,2,0,1.11039720147745,0,1
103,0.047701196745038,1.6831342107862,1,0,-0.756846932629049,0,0
104,0.404536243290572,4.19567992600302,0,0,-0.830173957764037,0,0
105,1.93641432086448,2.37065966973464,1,0,-1.46558125166312,0,0
106,0.673163283823265,1.06817874551947,1,1,-2.24856935257025,1,0
107,0.413728952952223,0.664519807323813,0,1,-0.186844863525422,1,0
108,0.0519717764109373,0.21317593037874,1,1,-0.0574821675624421,1,0
109,0.0964463393514355,2.19663638836179,1,0,1.6873733171359,0,1
110,0.0449460310240587,0.0891707295834601,2,0,1.25496203723952,0,1
111,1.38297837326396,2.42712099112549,2,1,-0.480351590013557,1,0
112,1.00763715385034,1.46938044044425,1,0,-2.04350696143933,0,0
113,0.391118286402065,0.469717560408594,2,1,-0.42542805279324,1,0
114,0.340220873347587,2.00904800870945,1,1,-0.426258715403822,1,0
115,0.233441893160501,1.76773221542438,0,0,1.73670710864447,0,1
116,0.561904600407514,1.04169316202677,1,0,-0.589295355013742,0,0
117,0.165567619727647,0.308245861202839,1,0,-1.08340641678499,0,0
118,0.251058501501878,2.1255798328818,1,0,-0.280398210709534,0,0
119,0.490709248826736,1.92773939740659,2,1,0.630124053128868,1,1
120,0.208973173480831,2.07224150470776,1,1,-0.675178032989206,1,0
121,0.26573971638249,0.541989865134712,1,1,-0.216812091764894,1,0
122,3.42576358862591,4.17642134725422,2,0,0.234278390550702,0,1
123,0.318646276266211,0.45041986601001,1,1,0.689732302056593,1,1
124,0.208239202402829,1.52730228820108,1,0,-1.77848094796244,0,0
125,0.484117509567999,0.633202436866612,2,1,1.94552416767158,1,1
126,0.0716838820113076,0.710361871944471,2,0,0.165483197262262,0,1
127,0.212038391739193,1.6899485869622,2,0,-0.502004759673074,0,0
128,0.383252499418126,1.43065156176606,1,1,-0.121446305233204,1,0
129,0.177084664917654,0.246989937222034,2,1,-0.604888992112824,1,0
130,0.926816992208044,1.22233727034405,2,1,-0.377946680790911,1,0
131,0.332722620935076,4.51079672202468,0,0,-0.597157860573793,0,0
132,0.0322137757514914,2.30349079379092,2,0,0.986235895677915,0,1
133,0.0327491108328104,1.46525245154408,0,0,0.90239558644514,0,1
134,0.345163308084011,1.57258364872686,2,1,0.8218743220305,1,1
135,0.3884541336447,1.80810131987474,1,0,1.56444475951588,0,1
136,2.20179954948296,2.95376628526844,1,1,0.668556395677368,1,1
137,0.357668027799163,1.9352642664065,0,0,-0.788369103085963,0,0
138,0.139720346137271,0.252455575953723,1,1,-1.07903544476104,1,0
139,0.0999098022778829,0.381629382096532,2,1,1.15088846586057,1,1
140,1.05162626127701,2.57343474451531,2,0,-0.703628603187913,0,0
141,1.16970457856325,1.26044942237591,1,1,1.26286054474318,1,1
142,0.490546783742805,1.06167864568314,1,0,-1.19884895963879,0,0
143,0.663959910161793,1.3387917727232,0,1,0.438718602261975,1,1
144,0.537297057194842,1.7849884607717,1,0,-0.329892512533285,0,0
145,0.012354111402399,0.183664998839778,1,1,-1.00454569569871,1,0
146,0.162646407778892,0.393973559922122,1,1,0.566229883947142,1,1
147,0.0195629462894821,0.441972288122242,2,0,-1.26538029111962,0,0
148,0.830290022569908,1.2472973322047,1,1,1.71493036530121,1,1
149,0.682770159199006,1.11947306835539,1,1,-0.26980735503549,1,0
150,1.02862423695095,1.89428332253861,1,0,1.49371176033586,0,1
151,0.0537491600132651,1.7602443570892,0,0,0.848356597691186,0,1
152,0.0376446905984354,1.08289618043555,2,1,-0.577953701826954,1,0
153,0.0199657258771515,0.257101996735236,2,1,0.287155566612734,1,1
154,0.600005478805138,0.771421580755025,1,0,-1.173438264554,0,0
155,0.411137428144423,6,0,0,-1.5474260702467,0,0
156,0.947408406017238,1.19525001745519,1,0,-0.367472682023934,0,0
157,0.173737336881459,0.894094387368601,1,0,-1.76359822502082,0,0
158,0.490324201269282,1.64395614520795,2,0,0.200094956995831,0,1
159,0.0705444999039173,0.386133994230124,1,0,-0.921527649881769,0,0
160,0.320454521311654,0.429109001110653,0,1,-1.66013543096788,1,0
161,0.218960295120875,0.911866050911356,1,0,1.76447285777713,0,1
162,0.115705523122516,0.263059185226423,0,1,0.646701119222457,1,1
163,0.109737798468106,0.403487260850173,1,1,0.416840448740857,1,1
164,0.139617562861924,3.24478814429975,0,0,-0.487108998270109,0,0
165,1.91747030647863,3.24531618106151,1,0,0.569562232045485,0,1
166,1.17810184338326,3.1491965257801,1,0,0.412009245422395,0,1
167,1.09672973859113,3.52349442307017,2,0,0.881660889488204,0,1
168,0.320085291233328,0.466221134778556,1,0,0.0561066377097206,0,1
169,0.0223534708555345,0.153325480507347,1,0,-1.41760716960792,0,0
170,0.0813590352320009,1.8171539313707,1,1,-1.40777039110175,1,0
171,0.0818098822815551,2.27802282004669,2,0,-0.469131605273292,0,0
172,0.577831711723573,1.06359390571495,2,0,0.911507981747744,0,1
173,0.518205415767928,0.530057601514404,1,0,-0.716167072906911,0,0
174,0.657546229970952,0.679949549413042,1,1,-0.065391571277979,1,0
175,0.999154592699761,1.37187968115726,0,1,0.559968964008015,1,1
176,0.22925451449636,0.92900088138567,2,0,-0.590739033412695,0,0
177,0.199698285220174,0.597063224459705,0,1,0.844499133585674,1,1
178,0.123476267435188,0.470079693481694,1,0,1.08832166267734,0,1
179,0.123435780912038,0.888848333710965,1,0,0.290260103353832,0,1
180,0.970308737270183,2.70834515492121,0,0,0.580173867032054,0,1
181,0.14882564648158,1.28765930028756,1,1,-2.26372912340212,1,0
182,0.102576268319454,1.63064106356428,2,1,-1.35743210326762,1,0
183,0.0419433777117067,2.06343832008599,2,1,0.0344945589335547,1,1
184,0.303419082839456,0.370519420980713,1,1,-0.169315170714028,1,0
185,0.00599670982537655,0.506225456572089,1,0,-0.697567409812505,0,0
186,0.294666824758881,0.919917294462709,1,1,1.00219379255539,1,1
187,0.445348897766005,0.638358219308816,1,1,-0.905510976625565,1,0
188,0.158632925164608,0.399885847407909,1,0,-2.3667012380186,0,0
189,0.552129103388223,1.16688214856289,2,0,1.06001447208799,0,1
190,0.22681625559926,0.74397352242192,1,1,-0.698705594182753,1,0
191,0.0931837228644225,0.810529000541288,1,1,1.05293213451612,1,1
192,0.185443901249932,0.462647377695349,1,1,-0.148340618567161,1,0
193,0.349318116779065,0.485636192212793,1,1,-0.821433774541526,1,0
194,0.0411434480598535,0.674634998992605,0,0,0.507810936854195,0,1
195,0.605982320590152,1.07120022652165,2,0,1.87541592024642,0,1
196,0.576604410178132,0.880752904544879,0,0,-0.509932410549638,0,0
197,0.785694711585274,1.20518412532836,1,0,1.32507769737784,0,1
198,0.390790270951887,1.23597813488648,1,0,-1.4719149605065,0,0
199,0.247718530914022,0.256248057901385,2,0,1.12898188067808,0,1
200,0.223239728042649,0.322984263929698,1,1,-1.08371349775597,1,0
201,2.20266676808996,2.67292299124026,1,1,1.00101153752284,1,1
202,2.3703926244821,2.54108866222508,2,0,0.805871245697273,0,1
203,0.096584195667139,0.540625098170226,1,0,0.280210884874315,0,1
204,0.266492714484533,0.357479204734167,0,0,1.40620768357409,0,1
205,0.0591665190748043,0.107700462435697,1,1,-0.604807671461385,1,0
206,0.794313918338564,3.85924699979068,1,1,0.709530693172752,1,1
207,0.423444336176746,0.572475645013177,1,1,-0.533923904066029,1,0
208,0.351000264700916,0.464608184863395,1,1,-0.857635455680833,1,0
209,0.982144915406759,1.04715758223945,2,0,1.3101362919694,0,1
210,0.535639521051069,2.18596094276416,2,0,0.521195617527988,0,1
211,1.13913075269396,4.88152161029206,2,0,-1.29541335983306,0,0
212,0.0632463197799398,0.26588199891195,2,0,0.439529532858438,0,1
213,1.26618057381247,1.63737884178295,1,0,0.278753829998002,0,1
214,1.01714213013895,1.50615341897718,2,0,1.57540311024345,0,1
215,0.355729743217429,0.81865223022925,1,1,0.193501748135001,1,1
216,0.0190212975980507,1.88289740224506,2,0,-0.640164920261524,0,0
217,0.599372734626134,4.73757846026832,2,0,-0.349251078883008,0,0
218,0.421107976800556,1.58847352658234,2,0,-0.40055921575958,0,0
219,0.810818048147374,2.15610312042287,2,1,-0.169619258524362,1,0
220,0.050612533878949,0.10688046371884,1,1,-1.95250470313584,1,0
221,0.518987580823402,4.87942775064947,0,0,-1.38504825919243,0,0
222,0.650960354962283,1.22098706662655,0,0,-0.798173404753052,0,0
223,0.887285792497934,1.95599140046115,2,0,0.561111241487947,0,1
224,0.43524104791383,1.65826875997495,0,0,0.805126447360974,0,1
225,0.0148691340453095,0.914059169108613,1,1,0.339273104688829,1,1
226,2.81493622588685,4.19279703373893,2,0,-0.85412762006752,0,0
227,0.157308598531571,0.269118179338266,1,1,-1.64912387199559,1,0
228,1.19333199013738,1.36035828349428,2,1,-0.376050483348133,1,0
229,0.329755461360845,0.500336207800703,1,1,-0.929482102977513,1,0
230,1.77323522450794,4.29136885910707,2,1,-1.26191166601537,1,0
231,1.40777764216365,1.41397385696397,2,1,1.34168182384927,1,1
232,0.503010428205851,1.72288575103272,2,0,1.02656800401616,0,1
233,0.435300523725649,1.23070333773872,1,1,-0.882623028393752,1,0
234,0.0560660789617234,1.1097058675072,2,0,-0.292785851014214,0,0
235,0.316045570911633,3.02675157151893,1,1,-0.377524972220922,1,0
236,0.0239435717877414,0.12158484198153,0,1,-0.099000182876429,1,0
237,0.230701122846868,1.46452311526263,1,0,0.232923912390334,0,1
238,0.79542944617041,1.94131518550071,2,0,1.04609317779647,0,1
239,0.129557985605465,1.04229695159036,2,0,0.912693615965808,0,1
240,0.0103054935526517,0.32853634523252,2,1,0.799872101935557,1,1
241,2.39445782562995,3.30171957301597,0,0,-0.82461921547314,0,0
242,0.0732210780977245,0.190100842155525,2,0,1.5001492295766,0,1
243,0.641777158921791,1.13971147702934,1,1,2.08506838051682,1,1
244,0.175878497668438,3.14056138508022,0,1,0.645111048412272,1,1
245,0.0638238213063404,0.342393378898887,1,1,-2.36923133111492,1,0
246,0.378910392626292,1.67198411558371,1,0,-0.168795275009491,0,0
247,0.0430912579324792,1.03714899551511,2,1,1.00776517051328,1,1
248,0.151415282020259,2.9249196810027,0,0,-2.05051693728635,0,0
249,0.160480844335242,0.365375149881135,1,1,1.34174336435629,1,1
250,0.129181915271899,0.155174442232107,2,1,0.170238044221978,1,1
251,0.263191006846829,0.590421038990219,0,0,0.904883682408207,0,1
252,0.430268670121829,1.1376378851414,1,1,-1.14813572787789,1,0
253,0.842384003676984,2.73599350649756,2,1,0.0655069148361925,1,1
254,0.477635776822268,1.18732319523891,0,0,0.050173461504759,0,1
255,0.0544839632049605,0.340554405175701,1,1,-0.29600692458457,1,0
256,0.849570158269873,3.45424186813011,2,0,0.632516747702896,0,1
257,0.976793046452216,6,0,0,-1.60948690848838,0,0
258,0.242640878487792,1.24341152319954,0,0,0.178098362203086,0,1
259,1.10461959921123,1.74118721998362,1,0,0.210912131066208,0,1
260,0.0252527195132441,2.42497083063531,1,0,0.277627357926262,0,1
261,0.102977090929117,0.139883058381216,1,0,-0.308086043459885,0,0
262,1.13968387862346,2.33571195041713,1,0,-1.09061155984135,0,0
263,0.412996561369962,3.94746053653459,0,0,-0.287785329247012,0,0
264,1.00155540796389,1.39371038911731,2,0,-0.00491982953598991,0,0
265,0.336060107478665,0.529019713301047,1,0,-0.754304084780835,0,0
266,1.35594405125712,2.04067356695344,2,1,-0.587198934330652,1,0
267,0.531763187459322,0.576348365849265,1,1,-1.13975805979371,1,0
268,0.471965130418539,4.34361225503755,2,0,-0.737692695299599,0,0
269,0.69367709931814,1.28893895148366,1,1,-0.124592640970202,1,0
270,0.115474452513478,1.11747515614102,2,0,0.554456526929982,0,1
271,0.260756380028195,0.913988768447737,1,1,-0.984790180366024,1,0
272,0.502340471785929,0.544714771188256,1,1,-1.07245015301277,1,0
273,0.35049787360347,1.66517942749589,1,1,0.103484444902946,1,1
274,0.0382391140899724,0.436122245785104,2,1,1.42629049894327,1,1
275,0.127261003168921,1.24255833875085,1,0,-1.01520822514314,0,0
276,0.0720307005099473,0.55788682809264,1,0,0.87162391164635,0,1
277,0.230433712804989,1.00453363710517,1,0,-1.66457314615606,0,0
278,1.34565181316151,4.02562184333236,2,0,-0.450841271831643,0,0
279,0.586919374763966,1.0464594005796,2,1,0.312221689233513,1,1
280,0.431324359960854,1.26949962280873,2,0,0.357693863160739,0,1
281,0.155614870600402,3.3379471942158,2,0,0.536463270388351,0,1
282,0.270631404386626,2.08129983238414,1,0,0.662226362626128,0,1
283,0.884138388826495,1.52783757132201,1,1,0.350387386735204,1,1
284,1.1335954188247,6,0,0,-0.210133749168815,0,0
285,0.171583606561327,0.781618327173046,1,0,0.403936482564305,0,1
286,0.529309232120566,3.37561540321936,1,1,0.0378584835162048,1,1
287,0.0714736975108584,0.695303264084326,2,1,2.06164066393196,1,1
288,0.726136173535552,1.23498375527561,0,1,-0.219257614365898,1,0
289,0.960117552589721,5.41057221481305,2,0,-0.193346426356723,0,0
290,0.737775060320727,3.54336796692363,2,0,1.52211044212006,0,1
291,0.899413795978503,2.45636829942783,2,0,1.21444555617493,0,1
292,0.303475100340115,0.381532771597305,2,1,-0.219941379822442,1,0
293,1.10010649900769,1.23398369445716,2,0,1.16417190115117,0,1
294,0.0702671722198526,1.11021012972962,2,0,-0.0532563316516039,0,0
295,0.94712308292887,1.34203212925051,1,1,-2.24383683950027,1,0
296,0.111585124845996,0.342690677128769,1,1,0.536620773879077,1,1
297,0.164242826609148,1.16270094027698,1,0,0.112542659858638,0,1
298,0.443972002543759,0.784869666194045,1,0,-1.28074366289257,0,0
299,0.126286243664956,6,0,0,-0.977337483682584,0,0
300,1.3878159483221,1.73694100056104,1,0,-0.163252553159882,0,0
301,0.107460109413498,1.14728219275766,2,0,1.00376792358567,0,1
302,0.645336127943463,2.92648166116305,0,1,0.652307198451706,1,1
303,0.777593137760062,2.12286885517339,0,0,-0.998036542680312,0,0
304,0.470554580291112,0.629786819967656,1,1,-1.87496367170197,1,0
305,0.0322300661970916,0.447239460491108,1,0,-0.402738154829115,0,0
306,1.2928429245482,2.34443774757286,0,0,0.474158824167943,0,1
307,2.5873831968596,3.59732433889326,2,0,0.0741141804020907,0,1
308,0.616270226115982,1.77412374574872,1,0,0.662235062828763,0,1
309,1.9973956552886,2.1542288766553,0,0,0.288465180251118,0,1
310,1.16333027962524,1.25880181599815,1,1,-0.0490133981256713,1,0
311,1.64293095565285,2.13490601391168,2,1,0.156974974794736,1,1
312,0.889360054681934,2.08969739119081,1,1,-1.34148262844603,1,0
313,0.185390819484989,0.622745654157044,1,1,1.48101088560144,1,1
314,0.501791370722155,0.553103772511926,2,0,-0.18421724415852,0,0
315,0.263823762329088,0.364228308570369,2,0,-1.64185530739723,0,0
316,0.264817937250447,1.35604157589629,1,1,-0.103734411113817,1,0
317,0.355811851202614,0.532298399379089,1,0,1.13428917268829,0,1
318,1.19605796200005,1.63260795796911,0,0,-0.194495268254791,0,0
319,0.826339599495812,2.77414791785239,2,0,-0.173980499529964,0,0
320,0.0868953324647413,3.85712685762495,2,0,-1.20849620498672,0,0
321,0.942496675472107,3.62997284427117,2,0,0.482296638511464,0,1
322,0.468918558003174,0.518556655786753,1,1,-0.136059670009999,1,0
323,0.548491267901328,1.04644019839718,2,0,-0.0737146693963846,0,0
324,0.022962301510246,0.346891562811067,1,1,-3.03061632254664,1,0
325,0.807218973788632,0.90177333777036,1,1,-1.69189578508419,1,0
326,0.644179094168875,0.916716307201816,1,1,0.330526405337532,1,1
327,0.140817786245081,1.29648989999621,0,1,-0.292902780295888,1,0
328,0.0527714192867279,0.565027009660012,1,1,-0.0883941868057417,1,0
329,0.309491266186039,0.480986252080553,2,1,0.485266681577345,1,1
330,0.0426124440658126,0.0656311101410523,0,1,0.829209201286722,1,1
331,0.60814490896943,1.65990507817043,1,0,0.280005864495653,0,1
332,0.581071547025608,0.630430094909127,1,1,-0.813933422138408,1,0
333,0.210818882721166,0.21095017364584,2,1,-0.40630748685589,1,0
334,0.346610168409016,0.806372490267335,1,0,-0.274700333860149,0,0
335,0.540357782608933,1.48583322142561,0,1,-0.469380263767625,1,0
336,0.475473733515375,0.898938681607101,2,1,1.77845857045402,1,1
337,0.191485175624077,2.1762554563516,2,0,-0.130776377166559,0,0
338,0.248903663725489,4.95105051717965,0,0,0.519135035605045,0,1
339,0.192717572467195,3.58644463742773,0,1,0.607992111080743,1,1
340,0.956796545281689,0.957844089064421,1,1,-0.194107719871718,1,0
341,0.0551351128766934,0.067516572709766,1,0,0.915546231966469,0,1
342,0.0781780232985815,0.224445094584315,1,1,-1.25552958569997,1,0
343,0.669582275570267,0.744291702605803,1,1,-0.139067003455307,1,0
344,0.205359273176226,1.69559153207792,1,0,-0.939316380440281,0,0
345,0.0720319853210623,0.493384240448224,2,0,-0.143915468008887,0,0
346,0.218920524025129,1.5499697864693,1,0,0.692686135382857,0,1
347,0.49643039638178,1.44205680307858,2,1,0.392186125919171,1,1
348,0.0899408767193728,0.548762714745377,1,0,-1.83514789691006,0,0
349,0.582753253070393,0.840789081273313,2,0,-1.1452822771546,0,0
350,1.39636902547844,2.66207297835802,2,0,1.15692475874855,0,1
351,0.178796359234386,0.380491674634345,1,0,-1.1905495727883,0,0
352,0.243200884304113,2.59879784736643,1,1,0.0895402628868627,1,1
353,1.59709543394317,2.70809970905244,2,0,0.714985974351353,0,1
354,0.132108297095531,2.06732582152284,2,1,-0.0855400161257869,1,0
355,1.65904201937542,1.75661320534291,1,0,-0.15248797357614,0,0
356,0.753267013674809,1.07492547783455,1,0,-1.14547867779808,0,0
357,0.0120910735441118,0.0582188434250357,1,0,-0.531666382131227,0,0
358,0.528640212772202,0.628579039156778,1,1,-0.0255478302256002,1,0
359,0.0696879943924368,0.31847618209819,0,1,-0.263586102541432,1,0
360,3.5801539899363,4.3798979633236,2,1,0.103747222718618,1,1
361,0.473036559005502,1.27988433698199,2,0,-0.508813931876702,0,0
362,0.00110539607703686,0.0585843455862522,2,0,0.118415477512495,0,1
363,0.336185893813257,0.572346572994947,0,0,-0.28136467596337,0,0
364,0.238337995380991,0.242041888586224,1,1,-0.269898433505788,1,0
365,0.369934621267021,0.546974596188285,1,0,0.556261192838471,0,1
366,0.0306474737015689,1.21216195421922,1,1,-0.0617155439162552,1,0
367,0.597052029334009,1.84372718206848,1,0,1.10750343515714,0,1
368,0.093111786606393,2.89311526343226,0,1,-0.132462264335846,1,0
369,0.062420571227986,0.468274191704547,1,1,0.668326150416111,1,1
370,0.698955464694235,4.41203999047826,1,1,-0.446863243049507,1,0
371,0.677240470217334,1.00947827694051,1,1,-0.587448871755934,1,0
372,0.545816918214162,0.970719410552084,1,1,-1.0118280923149,1,0
373,0.257992634356897,0.298173563061595,2,0,-0.550174760671848,0,0
374,0.270501117015051,0.432307442959412,2,1,2.30032880705131,1,1
375,0.15119387768209,4.17370398528874,0,0,-0.610715091008512,0,0
376,0.118786622770131,0.123285018543305,1,1,1.82687396880749,1,1
377,0.215090683971842,0.665179155127441,2,0,-1.21088845276175,0,0
378,1.16744166963464,1.43997850968206,1,0,0.763461041727882,0,1
379,0.324866440561083,0.637258092604966,2,0,0.645257463524775,0,1
380,0.048109491834783,0.516925390160297,1,0,-0.509685240113539,0,0
381,0.0175679977460526,0.607564793700717,2,1,1.42708870579928,1,1
382,0.265079720152749,1.3221212864608,2,0,0.536218663580844,0,1
383,0.363111008579532,2.71925539919477,1,0,0.681107391009068,0,1
384,0.00873762597833795,0.29880560937455,2,0,1.05858123001906,0,1
385,0.0296495114970538,0.368546172928115,2,0,2.41252277768043,0,1
386,1.51735039009288,1.75333628618902,1,0,1.21660495651158,0,1
387,0.164110271467103,0.19678353749138,1,0,-0.744040445466325,0,0
388,0.548014355202516,1.20348340812508,1,1,0.132651605483311,1,1
389,0.445166234858334,0.583979606107486,2,1,-0.124158375545587,1,0
390,0.625327069105374,0.850632642483424,2,0,0.15936673513147,0,1
391,0.00908947756720914,1.03129998854294,1,0,-0.48105718119369,0,0
392,1.02168858977955,1.27001837516824,0,0,-0.893191804596005,0,0
393,0.127485636104312,0.901404520832977,2,1,1.52638247907026,1,1
394,0.901963604153541,0.979140059401592,0,0,-0.661405680180453,0,0
395,0.47026455298894,1.63788799507477,1,0,0.426079005042294,0,1
396,0.13063434459683,0.571342234204352,1,0,0.17905079173983,0,1
397,0.0714605694843663,0.476042935186077,1,0,0.259355617918725,0,1
398,0.370108632163869,0.995808772442465,2,0,-0.582955888511119,0,0
399,0.0208309348965405,0.442499791035121,1,1,0.501971485721976,1,1
400,1.1216571242952,2.58927446054451,1,1,-1.96328619995391,1,0
401,0.30689534627729,2.9426737241123,0,1,-0.747801620194924,1,0
402,0.401776020104686,0.836901523469661,1,1,-1.13515085553304,1,0
403,0.605300726472504,0.850048728493522,1,1,0.67031963068463,1,1
404,0.0214682814354698,0.0489090613304868,1,1,1.01393959165644,1,1
405,0.28019233618496,2.52441980255147,0,0,-0.905677581172038,0,0
406,0.924895451775416,1.41669232432735,1,0,0.304072746871926,0,1
407,0.0173442069611036,0.626004479042242,0,0,0.680111627349236,0,1
408,0.210264764776378,1.24721815172982,2,0,-1.31070724937673,0,0
409,0.421577285871738,0.798571593025474,2,1,0.543031993861855,1,1
410,0.0884289031091732,0.857422370733041,2,0,-0.408908671420614,0,0
411,1.52787568456896,2.5289431806106,1,0,1.47284652068477,0,1
412,0.75027825569527,3.40313679228226,0,0,0.163669899214014,0,1
413,0.0389621210181051,2.55459932918,0,0,0.231046987669805,0,1
414,0.464527484857374,1.05253181062037,1,0,-1.26448957915347,0,0
415,1.02059684585665,2.0045122380058,0,1,0.566103498549851,1,1
416,0.0589756093298395,0.240793513755004,0,0,0.512890018931269,0,1
417,0.729816102215813,4.07182089914946,1,1,0.315347528652401,1,1
418,0.171828909984065,1.20132247547446,1,0,1.32355589152841,0,1
419,0.273909064320227,1.18919543207724,1,1,-0.0758429708225405,1,0
420,1.64554412570863,2.38792726763644,1,1,-1.41325261708378,1,0
421,0.147622600197792,0.203450078107496,2,1,0.984821732285949,1,1
422,0.160361167362762,1.23745122959575,1,0,1.12387537939786,0,1
423,0.589548306953576,0.841556409902776,2,1,0.808640748236475,1,1
424,0.0158138086812364,0.151176063190225,1,1,0.784919343981501,1,1
425,0.634501125202292,4.89766756665516,0,0,0.744967372635941,0,1
426,0.375622510563548,1.99268557441731,0,1,0.234396052851432,1,1
427,0.245696087865915,1.66587270637747,1,1,0.347409098544094,1,1
428,0.050959501725932,0.114670950928699,1,0,-0.381748011735815,0,0
429,0.59181019042929,0.709968031361179,2,1,0.287071516083257,1,1
430,0.592312086890969,2.36165650060023,1,0,0.0924020099943345,0,1
431,0.0734438002109528,0.208080822014239,1,1,-1.33730063505462,1,0
432,0.204479811299178,1.71292711983639,0,0,-0.0601943947963278,0,0
433,1.52155882467298,2.31914044026372,2,1,0.404604106346173,1,1
434,0.741839642739958,1.71536009614323,1,1,2.15021654949811,1,1
435,0.0743272719490859,0.938698342019028,1,0,-1.64176218200782,0,0
436,0.224546687474858,1.12641645766296,1,0,-0.602826341727884,0,0
437,0.408966395385913,0.70263638061991,2,0,-0.152540704448856,0,0
438,0.136311596466435,0.587718509398748,1,0,0.626747921397445,0,1
439,0.127517132916384,1.1254013657946,2,0,1.25167094464679,0,1
440,0.565071663715773,1.36920493168551,1,0,-0.873643625966601,0,0
441,0.138986703629295,0.181002644385948,1,0,-0.807289310737121,0,0
442,0.903749035417716,2.21257070805021,2,0,0.0942704452512725,0,1
443,0.231302187378491,1.39698691437022,1,0,-0.106117147439743,0,0
444,0.00747612633985191,0.472187917863234,2,1,0.708589144966745,1,1
445,0.0443136350562175,0.354967908338987,1,1,-0.772578712837807,1,0
446,0.356107926410106,1.60666222074978,1,1,-0.260838554469094,1,0
447,0.340812334562978,6,0,0,-1.95366988388385,0,0
448,0.139125116790334,1.31202549076547,2,0,0.120167411430911,0,1
449,0.638300217688084,3.72792759621447,2,0,1.72707259729496,0,1
450,1.39402377000585,4.20397734485642,2,0,-0.598783895630426,0,0
451,0.191763409723838,1.60349637345798,2,1,-0.630682417354629,1,0
452,0.338144649415858,0.548162067650916,1,1,-0.0959167115035254,1,0
453,0.892369585685942,3.2967192587197,2,0,-1.02811029703816,0,0
454,0.453632613126602,2.86952838431623,2,1,-0.776422130672192,1,0
455,0.642927239338557,1.86155860513396,2,0,0.411549259623443,0,1
456,0.0333462081228693,0.437118337273969,1,1,0.629161212784736,1,1
457,0.317001018362741,0.541761070938903,1,0,-1.37488486794404,0,0
458,1.69422353663089,3.26029801127028,2,1,-0.406310211596413,1,0
459,0.108599478804287,0.468064891822939,1,1,-1.89481443631817,1,0
460,0.0115377160662498,1.00905161375862,0,0,0.35572477129247,0,1
461,0.544383607080413,1.33144900358478,1,0,0.342056992513633,0,1
462,0.0470289111965232,0.992219821727734,1,1,0.0144044348278199,1,1
463,0.159206671420335,2.6568966945932,2,0,-0.784167992648516,0,0
464,0.218002256523404,1.28009085223331,2,1,0.0951638128729235,1,1
465,0.0546992654499841,3.01716069886069,2,0,0.542136837517258,0,1
466,3.3697508687563,3.76751081264099,2,0,1.28804813984913,0,1
467,0.129649779822236,0.787759821395329,0,1,0.992331922636948,1,1
468,0.0507491211303406,0.268014417117603,1,0,-0.718619466275313,0,0
469,0.0774273669554128,0.127879135305984,2,0,0.77548306919612,0,1
470,0.176230313049422,0.235929154238732,1,0,1.46992193777834,0,1
471,0.282147731195083,1.4448339666834,1,0,1.31243829977483,0,1
472,0.584766854428583,2.00165887042425,1,0,1.48095363107225,0,1
473,1.10044759486584,1.392074080604,1,0,0.0637038683560961,0,1
474,0.0375816154282275,1.50113110223349,1,0,0.795890837356977,0,1
475,0.824728060107242,1.88833284436986,2,0,-0.248395604540421,0,0
476,0.377419511787593,0.93056326386497,1,0,0.292776282817786,0,1
477,0.309195210639801,1.75637313874219,2,0,0.246015803037219,0,1
478,0.641698777779109,1.74741966205913,1,0,-0.043338169643301,0,0
479,0.0761194030443827,0.10229405015707,0,1,0.517307907957476,1,1
480,0.665068665720736,1.87095489790676,2,0,0.888699468801194,0,1
481,0.148849607859221,3.0759650779903,2,0,-0.505704335866497,0,0
482,0.141062909018846,1.59425883897568,2,0,0.815039624948199,0,1
483,0.261691939085722,0.760663486624567,1,0,-0.424229353701411,0,0
484,0.341800754993326,0.815859270962986,0,1,0.0857832903087521,1,1
485,1.26780494236813,4.8036577473587,2,0,-0.531915439982044,0,0
486,0.32422406391965,1.18133709071233,1,1,-0.910782803625407,1,0
487,0.616537531693119,0.669318041741651,2,1,1.12732019315918,1,1
488,0.0705475746301228,1.74263748447575,2,1,-0.00982208193064811,1,0
489,0.769349089823663,1.45966698515404,2,1,-1.43787921732748,1,0
490,0.0327931758430269,2.02432353241193,2,0,0.705423427088699,0,1
491,0.160097636016175,0.644125744628952,2,0,1.66950081979663,0,1
492,0.846586795300755,2.45507563774784,0,0,0.985342479392885,0,1
493,0.987493573744774,1.01294702189877,1,1,-0.808089546189917,1,0
494,0.24454485055887,0.867704785399436,1,1,0.457637161596442,1,1
495,1.63601192161932,2.27864208631217,0,0,-0.670007082297074,0,0
496,3.58245539977688,6,0,0,-1.38721290500988,0,0
497,0.183412868839999,1.0730945194761,0,0,1.70748162123891,0,1
498,0.00594551985462507,2.81285262666643,0,0,1.1131740100369,0,1
499,0.397422591843357,1.3156742562615,1,0,-0.144438133009801,0,0
500,0.267276815138757,0.406694570293723,1,1,-0.304037156134345,1,0
501,0.50319988021834,2.68851838385065,0,1,0.590464435972006,1,1
502,1.25483861188393,2.63823773998202,1,0,-1.2505208553177,0,0
503,0.661215553474095,0.971402442877778,2,0,0.417461535600836,0,1
504,0.226295949477288,5.02844342244745,2,0,0.200752890347197,0,1
505,0.317784751378578,0.932479175672194,1,1,-0.279579780479289,1,0
506,0.623032766290837,1.64421888048999,2,0,-0.0277305160609812,0,0
507,0.432778716915184,1.85416737336654,1,0,-1.13807326296149,0,0
508,0.0207088186657767,1.56009416412079,1,1,-0.238892329366027,1,0
509,1.21416896783943,1.54321347505212,1,1,1.32327285694968,1,1
510,0.62572338566598,0.774533558994654,1,0,0.698109554388822,0,1
511,0.693654041840798,1.259407075122,0,1,0.250568342993902,1,1
512,0.00261693071479165,0.0384194180138358,1,1,-0.522324522854857,1,0
513,0.312629207479901,0.927828691566641,2,1,0.639874761349709,1,1
514,0.48217516961611,0.542926618339668,2,1,0.851081703224119,1,1
515,1.18040278549295,1.45565354112329,1,0,0.255649491380254,0,1
516,0.537296765897837,1.1708911601454,0,1,-0.059941298721862,1,0
517,1.25085817334852,1.28297766098762,2,0,-0.476034492717885,0,0
518,0.895305401081523,2.75203557621883,2,0,-0.360181488576119,0,0
519,0.187635486428108,1.46858692070617,1,0,-0.449301129367086,0,0
520,0.678130547619528,1.73516219358063,1,0,-0.619133903736146,0,0
521,0.845236946885467,1.11508116746942,0,0,-0.282579247183533,0,0
522,0.0470254449638448,0.241776838713842,0,1,0.311096742559376,1,1
523,0.129875074554649,0.588617492467165,0,1,-1.13352793201763,1,0
524,0.719921575445268,2.78058716406687,1,0,-0.682450422648014,0,0
525,0.0496692872709698,0.420600158596134,1,1,0.724097967739555,1,1
526,0.0406157448439579,0.35763005042929,2,1,1.23872869441878,1,1
527,0.0285265410452051,0.47073891249103,1,0,0.584843327485384,0,1
528,0.431112626877924,0.545224828138407,1,1,1.30910532271496,1,1
529,0.507507691056364,2.39494528931876,0,0,-1.3936374149835,0,0
530,0.0758857134098907,0.592852407078783,1,0,0.111725829023526,0,1
531,0.330095099592087,1.77049884636136,1,0,-1.41967948228195,0,0
532,0.100643193356598,1.18954145167427,2,0,2.07609016979093,0,1
533,0.0506784575473931,0.975500513313931,1,0,-0.0829700209338613,0,0
534,0.691013136464689,0.861430142545475,1,0,-0.596492279296269,0,0
535,0.408865889637834,0.550336134915235,1,0,-0.94914560508662,0,0
536,0.495788961545461,2.80609599555441,2,0,-0.940122725895883,0,0
537,0.177499166586333,0.519204251387853,2,1,1.26783949006781,1,1
538,0.0624672245855133,1.80522032471938,1,0,-1.38114486529108,0,0
539,1.26661884179845,2.06910088912304,2,0,0.671197956889375,0,1
540,0.797356069337718,1.67970524565904,2,0,0.0715255343562744,0,1
541,0.499249797107445,2.37241936699846,1,1,0.916456023191493,1,1
542,0.25473071469201,1.55162484657648,1,0,0.480698171066496,0,1
543,0.506494145038951,0.933199747946416,2,1,-0.776303020053918,1,0
544,0.590921810103787,0.686480632672707,0,1,0.584577167353044,1,1
545,0.877663713665673,1.93370383912277,1,0,0.739553749582749,0,1
546,1.50047682324517,1.76298630168575,2,0,0.375192011098983,0,1
547,0.56656777806994,1.47567936529716,0,1,0.00651160660678086,1,1
548,0.399860297414738,1.81174604054039,1,0,-1.2833977480446,0,0
549,0.983749311370664,2.45265477621253,1,0,-0.0847142653124627,0,0
550,0.251117171202269,0.415096138983077,2,0,-1.08628698513209,0,0
551,0.221627747329573,1.12529218275886,2,0,0.944921892670998,0,1
552,0.0440817477808956,0.084800720071422,1,0,-0.00764168692739385,0,0
553,0.433276033339401,0.821609929032672,2,0,1.51506650892683,0,1
554,0.0066054943535063,0.928056370529686,2,1,1.3798437865361,1,1
555,0.715108342572219,1.7134970506721,2,1,-0.591097963182535,1,0
556,0.0369556605195006,0.559960996233315,1,1,-0.438794471733278,1,0
557,0.134345175030655,0.162207463011901,1,1,-1.76204313022692,1,0
558,0.808819449563503,0.87980904276281,1,0,-0.952762805144858,0,0
559,1.07141120603998,2.96478688096007,0,1,-0.467791608838802,1,0
560,0.108841110980262,0.484710256118568,1,0,-0.272599375427822,0,0
561,0.0472837396793895,0.935728366409505,1,0,-0.582159005934778,0,0
562,0.226123854893553,1.02539004386045,1,1,1.5169623522958,1,1
563,0.534421099970738,0.841257336014603,1,1,1.2021823494808,1,1
564,0.196445998218324,1.19483193901513,1,1,0.136462976864251,1,1
565,0.0790199212732138,0.415106840707031,2,0,-0.626253933080079,0,0
566,0.620730980816815,0.801869558241885,1,1,-1.28915083062588,1,0
567,1.75581491439478,1.89044565065906,2,0,-1.63906155338304,0,0
568,0.98034232828139,1.44803128299797,1,0,-1.39158828276091,0,0
569,1.3219201181445,1.84415373731578,1,1,-0.409848617056325,1,0
570,0.488399280649092,1.87097830075952,2,1,0.351058639487872,1,1
571,0.0794296090741712,4.32822320307089,2,0,-0.735018066642826,0,0
572,1.1283684797745,1.61784676349686,1,1,-1.43251781939924,1,0
573,0.824291905017996,1.32413122105254,1,1,-0.53773223615334,1,0
574,0.765627397017347,1.14054755479385,1,1,1.03818454128869,1,1
575,1.0197706292434,1.77931783700872,1,1,0.723579485892617,1,1
576,0.465770342076818,1.4267314132303,0,0,1.04963509746437,0,1
577,0.0580996863556688,2.6677602546854,0,0,-0.0704976159989991,0,0
578,0.653815485226611,0.886020999471147,1,0,0.351662557323512,0,1
579,0.46249693673518,2.83297874625803,2,0,-1.57390510763779,0,0
580,0.00447775133781963,0.0916879539049512,1,1,-0.788832049309748,1,0
581,0.360383556948768,0.40290034343111,2,1,1.52911278876535,1,1
582,0.231490110863503,0.954746495374285,2,1,0.246396998883609,1,1
583,0.225395714329634,1.77436566717877,1,0,-0.105702978396677,0,0
584,0.0482607591483328,1.55577280514128,1,0,-0.0434361366852069,0,0
585,0.234983206010813,0.883776654178898,0,1,-0.182209427452795,1,0
586,0.159398755058646,1.59548205747943,1,1,1.11417241625269,1,1
587,0.120227654568023,0.36517107548813,0,0,0.486057255761043,0,1
588,0.802147657000474,1.54758516388635,0,0,0.588462140446658,0,1
589,2.10189099517732,3.10989991020996,1,1,-0.802363602314837,1,0
590,0.0456140981987119,1.07800777471016,2,0,-0.0707870233915797,0,0
591,0.615487288580173,1.07279129375364,1,1,0.586702597250415,1,1
592,1.21468072648977,1.39636845600817,1,1,0.976500459492519,1,1
593,0.182657719023745,0.19795290742686,1,1,-0.490202773760238,1,0
594,0.464448466750557,0.653774052726173,2,0,0.456750729164646,0,1
595,0.02908240556343,1.63768120728832,1,0,0.028027848085906,0,1
596,0.851026300501175,2.06695960015755,1,0,0.0934869802946236,0,1
597,0.0847954518962065,0.335275088909463,1,0,-0.643422921385545,0,0
598,0.885128819141445,1.63136242725596,1,1,0.606666202178078,1,1
599,0.680723030430575,1.26254790695741,1,1,0.403537223167708,1,1
600,0.89410009335576,2.25838404110018,2,0,1.0166712833868,0,1
601,1.06495476874156,1.67326322480853,1,1,0.950373235472072,1,1
602,0.592909298009343,1.18819846707451,0,0,0.746662004584486,0,1
603,0.978640165148766,1.50622217237719,1,1,0.805824404540339,1,1
604,0.391660354410609,1.01204419204382,1,0,1.23367221788038,0,1
605,0.361253472252025,3.44267201956104,2,0,-1.08237510678089,0,0
606,1.15636211846725,1.49166344412532,0,0,-1.53247188008302,0,0
607,0.374436302420994,1.72245668324729,1,0,0.232899737029639,0,1
608,0.0976377834255497,0.403648326038696,1,1,0.0282549263161749,1,1
609,0.492635394113042,1.55766038745488,1,1,0.241450031334511,1,1
610,0.00579704802628159,0.646852243825271,2,0,0.980607288938346,0,1
611,0.49851912798153,0.640343934728806,1,0,-0.0925572730490389,0,0
612,0.491800740775135,0.812693129229139,1,0,-0.998381585704944,0,0
613,0.424126773658726,0.871394891257003,1,1,-0.512304566463921,1,0
614,0.338305780330326,1.15722556070845,1,1,0.28996194541304,1,1
615,0.173960148309558,1.39380997046828,0,0,0.0267477428640547,0,1
616,0.137726298740341,0.74303050227342,0,1,-2.36730874483895,1,0
617,1.21520610418056,2.88949856174952,1,1,-0.671729141568448,1,0
618,0.987305530403733,1.22340125926366,1,0,-0.924877069547802,0,0
619,0.0744112053580326,1.43159385900832,0,1,-0.649159744304003,1,0
620,0.769754199621578,2.05776069038145,1,0,-0.772179435626113,0,0
621,0.440812482395106,0.859208860262539,1,1,-0.469825197086033,1,0
622,4.46064679756602,5.27816625062573,2,0,0.053144725299181,0,1
623,0.0498156117911429,0.503718652579328,1,1,-0.928931979721799,1,0
624,2.28346992895606,3.11330428606247,1,1,0.0685077422058053,1,1
625,1.38621692954965,1.4136536254663,1,0,0.591742175328745,0,1
626,0.232010657071239,0.517146880655859,2,0,1.45974336429825,0,1
627,0.145411750094758,0.279309617153601,0,0,-0.881144692589202,0,0
628,0.0658704665964611,0.390947430040345,1,1,0.179039865108842,1,1
629,0.18156537372205,0.311129328839105,2,0,0.181285445534037,0,1
630,0.122520711479916,0.563914072997984,1,0,0.116281230322371,0,1
631,0.466110113904708,0.904775289818645,0,0,-1.08779473611227,0,0
632,1.1097845538156,1.71286400717994,0,1,1.38062516298889,1,1
633,0.134020482396914,0.571889433406642,1,1,0.41216122638413,1,1
634,0.164699780547784,0.428548944259541,2,0,0.00800696151698531,0,1
635,0.630430144050883,0.647101863517677,2,0,1.01057887232875,0,1
636,0.319023961718712,1.30226321861486,1,1,0.250170646204607,1,1
637,0.17671613880256,1.75031125359305,2,0,0.0324857710931636,0,1
638,0.656738464927508,1.36052821054874,1,1,0.338140084020654,1,1
639,0.110789386720198,1.46275159902871,0,0,-0.607703016457883,0,0
640,0.190312225024188,1.25895608976257,0,1,-0.286009859982154,1,0
641,0.608930535730377,1.58679568442396,1,0,0.715306913355285,0,1
642,0.551413080344598,1.13144096732162,2,0,-0.672240079011315,0,0
643,0.428214054227968,0.543055318817577,1,0,-0.0719134876593826,0,0
644,0.0120322239948288,0.0291198616350802,1,1,-1.36841927397128,1,0
645,0.260792508008379,1.74343443236065,1,0,-1.37600255152892,0,0
646,0.696435321329368,3.16534338829418,0,1,0.184911718709334,1,1
647,0.172310782492989,0.457704894948571,2,0,0.677995251151659,0,1
648,1.07841861119172,1.10003218810078,1,1,-0.482742574762039,1,0
649,0.0693781125462718,0.969240116332001,2,0,0.0240809102520525,0,1
650,0.683534672587282,0.843502489893794,1,1,-1.42383079835551,1,0
651,0.16444315626745,1.82133357410268,2,0,-0.855021288851077,0,0
652,0.0399713488602679,0.0727607989557598,1,1,0.997662199096914,1,1
653,0.289463888061024,0.56735831867616,0,0,-0.718708412436232,0,0
654,0.655536698177457,1.34773672631002,2,0,0.34453137199577,0,1
655,0.255827471717364,0.725126217867386,1,0,0.321559322949803,0,1
656,0.23723140346692,0.237429061298062,1,1,0.473030920065971,1,1
657,0.589677091791398,2.66869477586916,2,0,1.12128928610295,0,1
658,0.331425921887987,0.593098926559106,1,1,0.110393014063359,1,1
659,0.114798984593815,0.990120830498914,1,1,0.309416974297711,1,1
660,0.306912626967662,0.740082313171548,1,1,0.765375434885809,1,1
661,0.62248933646414,1.75235584989685,2,1,-0.59766552982962,1,0
662,0.539944201882017,0.779897517660851,2,1,1.08794246460827,1,1
663,0.450268568884995,1.78540480879206,2,1,0.544368894622788,1,1
664,0.00153839750361142,0.266265532307837,1,1,0.137444336984475,1,1
665,0.126798203327261,2.90824034174288,1,1,1.78808358358855,1,1
666,0.153226332945956,2.19578249936775,2,1,-0.539107636359014,1,0
667,0.832979044823242,4.53221435022038,2,0,-0.087397053652885,0,0
668,0.0280464751025041,0.644163743929534,1,1,1.37344550386746,1,1
669,0.53353924355987,1.75016582201153,1,1,0.652412760314926,1,1
670,0.0784705444756481,0.0886244451006254,0,1,1.43566036546083,1,1
671,0.0777439069416788,0.413907572951003,1,1,-0.802644341014621,1,0
672,0.0103615172621277,2.20640731571953,2,1,0.198630924417099,1,1
673,1.22373627907999,5.69788796072537,2,0,-2.07405993225352,0,0
674,0.149336656452053,0.321005570174476,1,0,0.129071137363387,0,1
675,0.388147980492148,0.877649081367969,1,0,0.180516357465225,0,1
676,0.643027452751994,2.93920528104546,1,1,-0.28468702031935,1,0
677,0.649924263772037,2.43995767101915,1,1,-0.517860785700326,1,0
678,0.134227943413258,0.274898715350479,1,0,-0.142804906239192,0,0
679,0.150312768916289,0.404437407937733,1,1,0.858745759659925,1,1
680,0.278110205609765,2.07923708950561,2,0,0.0465273774277447,0,1
681,0.134872676693488,0.212285191665414,1,0,-1.78692618344977,0,0
682,0.373814064078033,0.559361722298543,2,0,0.701564873769339,0,1
683,0.062156276156505,0.446439532913981,1,0,-1.04720378892684,0,0
684,0.404173394458161,6,0,0,-0.50028824337849,0,0
685,0.388916061363286,0.477900802885203,1,1,-0.422895473730258,1,0
686,0.0371154790951146,0.242926846774555,2,1,0.61583699077889,1,1
687,1.02316558873787,2.29299606621759,2,0,-0.849622764020085,0,0
688,0.605569532555011,0.644133774404824,1,1,-0.851171866382181,1,0
689,0.213483957470291,0.551597812990881,1,0,-1.76864193298943,0,0
690,0.0218810550433809,0.537428950623118,1,0,0.170574880036052,0,1
691,0.429831803776324,6,0,0,0.834666352532275,0,1
692,2.1003732643088,2.28135036995221,1,0,1.6501034749719,0,1
693,1.12961217756372,2.6511939296357,2,0,-0.452783369278654,0,0
694,0.138880404540234,0.932386047062388,1,0,0.252687362174554,0,1
695,1.75108004972937,2.1077671303408,0,0,-2.24218706206384,0,0
696,0.81276789820328,0.933048915947727,2,0,-1.24969395707884,0,0
697,0.150987457794448,1.62727895647511,1,0,0.272391186387943,0,1
698,0.209690010217385,0.312792012862784,0,1,1.57537160397084,1,1
699,1.30800755586361,2.66396390376183,2,0,0.568308520167903,0,1
700,0.591731748233239,0.803587308008401,1,1,0.0539461863611251,1,1
701,0.428121143745052,0.799671675322625,2,0,-0.059970119909989,0,0
702,0.609561458954381,0.944523168821758,1,1,1.91076486383817,1,1
703,0.161536135710776,1.36404874826011,1,0,-1.76930015305639,0,0
704,0.0215968290029813,2.78568660404153,2,1,-1.1034413440403,1,0
705,0.296629424717802,0.59653319872133,0,0,1.74272611963644,0,1
706,0.253699230961502,0.399048710777876,1,1,-0.653501384167176,1,0
707,0.129169173952606,1.73888677008725,1,0,0.403923649891155,0,1
708,0.913161626731093,2.43324814154226,2,0,1.29443754166864,0,1
709,0.0885790695125858,1.23335760498288,1,1,0.52293068727893,1,1
710,0.494551791085137,3.2265576365473,2,0,0.870440807405601,0,1
711,0.242247530259192,1.50077483507726,2,0,-0.80757283404076,0,0
712,0.814783208569999,1.10401458255652,1,0,0.789940348541598,0,1
713,0.880371676711255,5.43686280397511,2,0,-0.042126707369753,0,0
714,0.202265598604249,0.249353797421204,1,0,1.2521218306396,0,1
715,0.208070598956611,0.454901710891837,2,0,1.5549071249564,0,1
716,0.899089394889748,2.80943923036494,0,1,-1.48575056374769,1,0
717,0.122615829162445,0.725677981205369,1,0,-0.961618810762057,0,0
718,0.817447548892445,0.891543468241822,1,0,-0.957830038902533,0,0
719,0.709107112035983,0.939673338954927,2,0,0.586157088449804,0,1
720,0.480135462971197,0.683141187363218,0,0,0.591416076067627,0,1
721,0.0503422554189186,0.878712415757671,1,1,-0.639428392631815,1,0
722,0.74611104455673,5.30994920032032,0,1,-0.350209341077057,1,0
723,0.478841508738697,6,0,1,0.149079545069024,1,1
724,0.109060876485374,0.599354937535425,1,0,-1.16176102247167,0,0
725,0.773192793103272,0.940245678872272,2,1,-0.245395404947743,1,0
726,0.282567921094596,1.0425156255684,2,0,1.19261308015938,0,1
727,0.0111769021932016,0.052976722290009,1,1,0.085329352136235,1,1
728,0.658965775639647,1.59292322954979,1,0,0.226758461699746,0,1
729,0.214824435922007,1.48153722162487,2,1,0.11253871792063,1,1
730,0.422684216044015,0.551435699138673,1,1,-1.64115301463471,1,0
731,1.93056680666675,2.82699768095194,2,0,0.682970426087919,0,1
732,0.135888628575328,0.337017227155218,1,0,0.134916296230977,0,1
733,2.96288875848953,3.399525278122,2,0,0.428519869925046,0,1
734,0.161164633205367,0.717866014450455,2,1,1.27546330178156,1,1
735,0.514512623593223,2.29588042611543,1,0,-0.0165331623456096,0,0
736,2.31725047638917,3.17875970698015,2,0,-0.890015377771226,0,0
737,1.83055599903679,3.11795184098823,0,0,0.0737996569485096,0,1
738,0.720778818035291,1.45361189607605,0,0,-0.753479938498171,0,0
739,0.286341223141385,1.66193530037365,1,1,-0.152477094489719,1,0
740,0.528666592823962,1.23233202950078,2,1,-0.0389985471081852,1,0
741,0.0716439616052489,0.705925515891866,2,0,0.281537202672415,0,1
742,0.91371578159731,3.89146863911362,1,1,0.24344812981559,1,1
743,0.0478254584595561,1.38254103456657,1,1,-0.104129903927747,1,0
744,0.00840863704696201,3.3167092860989,2,1,-0.0912231330383665,1,0
745,0.639530209720963,0.875321741109632,2,1,0.317824392763989,1,1
746,0.562337306845519,0.679935671751342,1,1,1.92094060569167,1,1
747,0.454145631132027,2.85170570268137,0,1,-0.0899659209940572,1,0
748,0.0844339907376303,0.111911439946469,1,1,-0.582326879492053,1,0
749,0.111880072289964,1.18234651469035,2,0,0.681075004013303,0,1
750,0.167680783804536,1.75696120717031,2,0,-1.00115011089688,0,0
751,1.22789059554009,1.94728366475974,1,1,0.342782009438954,1,1
752,0.204175919738296,2.09682703525291,1,1,1.43201773817636,1,1
753,0.549594387929473,0.862192130084564,1,1,-1.84074118041847,1,0
754,0.371794455891682,1.76485742682009,2,1,1.99217449079506,1,1
755,0.22096730923901,0.540648928532998,0,1,-0.134967333156825,1,0
756,0.235094763837771,0.521132774642766,1,1,-1.44006517291236,1,0
757,0.16789289812247,0.374190475079057,1,1,-1.64355419416906,1,0
758,0.579320958627947,1.40793742354577,2,0,0.216999159025736,0,1
759,0.622737122249108,0.685066964189391,1,1,0.138527476127503,1,1
760,0.190787720493972,1.39895896724126,2,1,1.84960518395242,1,1
761,0.229134264705672,0.363294780616278,1,1,-0.0791330515508127,1,0
762,0.312348447829406,0.661821086232209,0,1,-1.42644563485302,1,0
763,0.614349177728097,0.621189899402443,1,1,-0.183018533355196,1,0
764,0.916968988621911,2.96330405399203,0,1,-1.73163161043434,1,0
765,0.29517542053428,4.28595594751338,0,0,-0.539507688401676,0,0
766,3.28685478185156,3.73586922959997,2,0,-1.95578290352118,0,0
767,0.146017935952454,4.80551130369888,1,1,0.678423742759031,1,1
768,0.78109528880841,5.41108582920017,2,0,-1.0920943203452,0,0
769,0.263606273155246,0.312294148786058,2,1,0.934900989891439,1,1
770,2.12302370815412,2.14929028724631,0,0,-0.149879926307095,0,0
771,0.762704524935948,0.892092661693036,1,0,1.05610850371338,0,1
772,0.518048704187903,1.9406515466911,0,1,-0.756821787253909,1,0
773,0.19218805194315,0.601666406079698,2,1,-0.556634095064723,1,0
774,0.0963623486857471,0.479911628294409,2,1,1.23582605415977,1,1
775,0.0751796789053414,0.22291682956486,1,1,-0.411765439026772,1,0
776,2.82958316304045,3.24747684101264,0,0,0.990975125052817,0,1
777,0.362516045863955,2.5634653489204,2,0,-0.806617255841336,0,0
778,0.818460154001418,1.21718948396544,0,0,-0.264072163659645,0,0
779,0.865151668955565,2.17314258217812,0,1,-2.23257547935592,1,0
780,0.0557884708460834,0.415473584144988,1,1,-0.492970351156473,1,0
781,0.0232500820938084,2.16690520583004,1,0,1.58714019155246,0,1
782,1.33620047523215,1.5095579055082,1,0,1.04596928774126,0,1
783,0.325301568484408,3.39891754513685,1,1,-0.293114319777978,1,0
784,0.132992080463607,6,0,0,-1.22708920789224,0,0
785,0.0720835140802794,0.239367526195502,1,0,-0.632608126916319,0,0
786,0.19811368185199,1.36742106263022,1,1,0.197543431919658,1,1
787,0.272485018811292,0.311261273125571,1,1,1.44386158148278,1,1
788,0.153053096081648,0.366653730194456,2,1,1.59583789951382,1,1
789,1.08840418276098,1.52281239588885,1,1,-1.38886852059948,1,0
790,0.188613755938907,1.76140034046044,1,1,0.0808507341738866,1,1
791,0.304205951073931,0.410567385336561,0,0,2.16064219415537,0,1
792,0.158455334501771,5.61540185319686,2,1,-1.1315359078803,1,0
793,0.0118562102515935,5.15005882746337,1,0,0.466246087853693,0,1
794,1.27635425365933,2.81659902854492,2,0,0.976237024266585,0,1
795,0.324152378468878,1.69515582793006,1,1,-1.24314866063103,1,0
796,0.211843183367617,0.226323689271396,2,1,0.540470226083915,1,1
797,0.686174999508593,2.82867636221151,0,1,1.16378817441242,1,1
798,0.280026696725852,2.89983014850581,1,0,1.51428358718783,0,1
799,0.0633393951551965,2.17299534061958,1,1,-0.366882214277094,1,0
800,2.42137027476467,2.64787540460626,0,0,-1.17441932266736,0,0
801,0.249686884797282,0.59094713052601,2,1,0.525647953913012,1,1
802,0.0172190968361166,2.08516308677013,2,0,0.473612861479207,0,1
803,3.10082742459346,6,0,0,-1.96992714853757,0,0
804,0.118755788749291,0.480279996391699,1,0,1.59598609241217,0,1
805,0.413068122324638,1.45859008210366,1,0,0.824271097109902,0,1
806,0.101736701714496,0.220034015801956,1,1,-0.310548823872541,1,0
807,0.165585139422771,1.02321920916438,0,0,-0.23065446823494,0,0
808,0.169917055819598,0.729537174619925,2,1,1.21389197942645,1,1
809,0.339776349978315,2.08766907996035,2,0,0.413486492521399,0,1
810,0.296947893440036,0.701696043957408,2,1,-0.0186663317666744,1,0
811,0.161050374412702,2.08409976100565,1,1,-0.49083866674724,1,0
812,0.495576293000744,0.755563852894472,2,0,-0.192259741104714,0,0
813,0.64011555009832,0.837161940264529,0,1,0.390078746115504,1,1
814,0.188782112672925,0.825493973726335,2,1,0.855460336205975,1,1
815,0.120022156846213,0.784051706727186,1,1,-0.514596163047028,1,0
816,0.617953885553612,2.40490890420035,2,0,-0.0788175979681793,0,0
817,0.178523025965688,5.22338092854688,0,0,-1.48864772717778,0,0
818,0.236806983643357,0.505041631357539,1,0,-0.905403711857222,0,0
819,0.12294357452577,0.185725276674202,1,1,-0.318049132121943,1,0
820,0.00226669013500214,0.293739096418829,0,0,0.558613775483213,0,1
821,0.0353918088268004,0.420713944631362,1,0,-0.0302941561380749,0,0
822,0.506499717012048,2.17438807924403,1,1,1.32399627834954,1,1
823,0.748226485318608,1.81700983969643,0,1,-1.26848474599123,1,0
824,0.741220595211619,0.751400409914602,2,0,-0.254706662664621,0,0
825,0.776331076972697,5.6824445330949,2,0,-0.0159491749310402,0,0
826,1.03269858488078,1.27257124555753,1,0,-1.20697456466164,0,0
827,0.0458657990178976,0.165146498280716,1,0,0.512409322832008,0,1
828,0.300174519005749,1.86179661365485,2,0,0.230222781571466,0,1
829,0.321966744959354,1.27312651510884,2,0,-0.732622344588888,0,0
830,0.00804217687497536,0.520168999963216,1,0,-0.723007248085718,0,0
831,0.279803424038821,2.39815818145871,0,1,-0.203825291889574,1,0
832,0.261090998769533,0.290498410600368,1,1,0.364655878562108,1,1
833,0.746136996895075,0.859909470503529,0,1,0.385341198077259,1,1
834,0.420595203629798,2.60592972012292,1,0,-0.796045297868337,0,0
835,0.211992103399502,1.81842157934139,1,0,0.615848788177365,0,1
836,0.311694116745558,1.30290029944164,1,1,-0.301619216683843,1,0
837,0.323545650038226,0.459145117282108,1,0,-0.342356601458291,0,0
838,0.185986410102083,1.3073529890297,2,1,0.063434297062639,1,1
839,0.266351636272435,0.733752406961556,1,1,-0.812987994472158,1,0
840,0.543528549994032,3.49889818044821,2,1,-0.720808552479076,1,0
841,0.327799813853442,0.834897669653098,0,0,-0.508580024623354,0,0
842,0.121055853825489,0.48243526145525,1,0,-1.00595342661359,0,0
843,0.0486348429694772,1.03480702693015,1,1,0.767579471352156,1,1
844,0.133651978818619,0.286419194237793,1,0,0.906503218613722,0,1
845,0.0233461190428999,0.339838434026232,2,0,-0.120730313302143,0,0
846,0.483769523722522,0.523199158276066,2,1,0.61238045558382,1,1
847,0.721115131552021,1.551903754731,2,0,-0.419793002957193,0,0
848,0.447770800027582,2.52385700121522,0,0,0.31081620298606,0,1
849,0.104515519736343,0.650103461429791,2,1,0.475582549138624,1,1
850,0.18285199358204,2.6901618494598,2,0,1.02739433923115,0,1
851,0.114263020352357,0.573532352194389,2,1,1.34818290657837,1,1
852,0.187313991288344,0.316913307563506,1,0,-1.07210227474872,0,0
853,0.107756844307813,0.379446709049327,1,0,-2.73147697244244,0,0
854,1.01469206619065,1.25506087684047,1,0,1.70808966018829,0,1
855,0.978021189109829,1.22857613924079,1,0,-0.166720933886208,0,0
856,0.185412178323151,0.463496956450405,2,1,0.145753720199482,1,1
857,0.0754460857974158,2.99958776110157,1,0,2.06552966004474,0,1
858,0.155883746532102,0.433334760545109,1,0,-0.251038718070484,0,0
859,0.67246041001959,6,0,0,-0.650663864128566,0,0
860,0.888460789112453,1.05392666380026,2,0,0.274421661011685,0,1
861,0.0706045634837614,0.199609090603607,2,0,0.256356693026386,0,1
862,0.239865126916104,1.91885251206416,2,0,0.137976544775369,0,1
863,0.651275270308058,6,0,0,-0.814961719585781,0,0
864,1.62032525709878,4.43823581141078,2,1,0.805860716496652,1,1
865,0.228960392479267,0.306829141059346,2,0,1.42033715945981,0,1
866,0.637352318089041,2.35316366957368,1,0,-2.75006443618728,0,0
867,0.0873801563563775,0.188053010174509,1,1,-0.165492961843826,1,0
868,0.534914034522242,2.98337242619982,2,1,-0.335338162490989,1,0
869,0.850996645120793,3.05085013763167,1,0,-0.596129336169607,0,0
870,0.0960971497827106,5.35161134636775,2,0,-0.0677833428082577,0,0
871,0.036721092959245,2.08841273118711,2,0,-1.36766800193429,0,0
872,0.0651093396461672,0.530498813216885,0,1,0.103403804873156,1,1
873,0.910633147864721,2.30485397634407,2,0,0.450065879538349,0,1
874,0.195569097478357,1.09563322737813,0,1,1.67912566413335,1,1
875,1.41355979976026,1.80039479958072,2,1,-0.274649367596117,1,0
876,0.164600791823533,1.54117831861971,2,0,0.695487055030348,0,1
877,0.169298656872575,1.11933787956606,2,1,2.00311000864107,1,1
878,0.963345657366528,1.04333094905705,2,0,1.22629598049448,0,1
879,0.585804556806882,2.612115044444,2,1,-0.730824090681782,1,0
880,0.909107868345356,1.6557861212641,0,1,-0.103910412034214,1,0
881,0.104955002769,0.278780156125625,0,1,-0.0702559302341416,1,0
882,0.0295860087499022,0.300522321681525,1,0,0.45112796987632,0,1
883,0.155816103021304,0.301137812215796,1,1,-1.57076297093004,1,0
884,0.29797938517059,1.62769063996772,0,1,-0.363940998634449,1,0
885,0.284711873262293,0.459214643248636,1,0,-0.204848346880553,0,0
886,0.0299345078955862,0.384175347388262,1,1,1.67260072578057,1,1
887,0.527574993898118,0.649538140881954,2,0,-0.528212941208703,0,0
888,0.082925940449867,0.774197886462237,1,0,1.24277564753313,0,1
889,0.484400681840877,4.16856282701095,0,0,0.436337975448061,0,1
890,0.164178265692915,0.68143152708695,2,1,0.496747298239551,1,1
891,0.131927055611243,1.49324113578281,2,1,1.00177348794528,1,1
892,1.35996502095098,2.60028350286537,2,0,-0.866257882475128,0,0
893,2.04446596427859,6,0,0,0.154209531873528,0,1
894,0.271579257936941,1.68520885830124,0,0,0.609605940654689,0,1
895,1.1486004602939,1.37559418876966,0,0,1.41194898022404,0,1
896,0.688732910073466,0.761991927740163,1,1,-0.540880164982001,1,0
897,0.256634490204224,0.385585353720966,2,0,0.119983449209748,0,1
898,0.0811617304053572,1.79004407630413,1,1,0.18903648090711,1,1
899,0.594090723639561,1.2486129499616,1,0,-1.76636536710014,0,0
900,0.41608010366973,0.619799692722062,1,1,-0.547108791197475,1,0
901,0.502076549972925,0.834619219458651,2,0,0.977818321804403,0,1
902,0.0179020818097417,6,0,0,-1.12053348968961,0,0
903,0.0204283209983994,0.0528228023381968,2,0,3.41873511396762,0,1
904,1.0040241840875,1.4667601495326,1,0,0.0455962513774876,0,1
905,0.0259970621241795,0.0650844644860541,1,1,-0.970235850490621,1,0
906,0.0974204360196988,1.81068575461616,1,0,-1.56764681320613,0,0
907,0.0269399368547394,1.36317595777816,2,0,0.325496937964258,0,1
908,0.519154952425096,0.586620717947357,2,0,0.731833361424928,0,1
909,0.0167824798309322,2.73776971135264,2,1,0.0178432408142507,1,1
910,0.908258155769454,2.03080388984602,2,0,-1.1081435192237,0,0
911,0.650757417186267,0.961854354511626,2,0,0.359174326791701,0,1
912,0.0884640516920222,0.0917666941856936,2,1,1.48395141409695,1,1
913,0.336007399927309,1.26950564492913,2,1,-0.864211978343989,1,0
914,0.112657221551571,1.01818713833417,2,0,-1.22833365306314,0,0
915,0.223482905680107,0.718037335935858,1,1,0.935204282395333,1,1
916,0.703655368544989,1.16781496602226,2,0,0.583066073390989,0,1
917,0.156941767264571,0.378583874553442,0,1,0.785182205231755,1,1
918,0.00565413851290941,0.241911247893974,1,1,0.494640909450836,1,1
919,0.0226021796240915,3.50060568019408,1,1,0.122213393455176,1,1
920,0.232878503217564,1.32262568765046,0,0,-0.617706924214996,0,0
921,0.16218248496039,0.224984229231874,0,0,-0.409325989021954,0,0
922,0.773827539285797,2.1053018019116,1,0,1.35503223286545,0,1
923,1.1226438595964,3.29298584742613,2,0,-0.691449533359509,0,0
924,0.0571525689690052,0.441005849766164,2,1,1.52081252210221,1,1
925,2.8503029233119,4.442266516899,2,0,-0.425062571686299,0,0
926,0.0171040055445499,0.998623081860749,1,0,-0.702670917385396,0,0
927,0.981066599441582,1.31591555074687,1,0,-0.0641661847836712,0,0
928,0.303475111189005,1.09947100466502,2,0,0.651570941267344,0,1
929,2.04588854883051,2.53634602067822,1,0,-0.0388264867760334,0,0
930,0.033401561797493,0.152503022612701,2,1,1.21307275638492,1,1
931,0.118205336750382,1.46252574517281,1,0,0.332780788667939,0,1
932,0.653863937283556,0.682600641947012,1,1,-0.16126826894179,1,0
933,0.0477186021291547,0.232184003451014,1,0,0.0553839033548543,0,1
934,0.77054087378384,1.05357907982708,1,0,-2.11394764488114,0,0
935,0.737823449696104,4.42760602798082,2,0,0.496909574378864,0,1
936,0.269405425836643,1.8175947653809,2,0,0.489165202950097,0,1
937,0.406407025643619,2.30628075264807,0,1,-0.244886143726269,1,0
938,0.475312520025505,0.478730441294492,1,1,0.689252807427985,1,1
939,0.163695493506061,1.25098913125475,2,0,-0.646443814895632,0,0
940,0.762171601980097,0.840009977723108,2,1,0.149165480466839,1,1
941,1.09880107036367,2.19429498851616,2,0,-0.130509596074742,0,0
942,0.774620163932125,6,0,1,-0.52710244489861,1,0
943,0.176150525609652,0.356213371201298,1,1,-0.441014291951697,1,0
944,0.0540081277075741,1.21938348233786,2,1,0.12142958003468,1,1
945,0.0452232702324788,0.423517764746672,1,0,-2.03714253082124,0,0
946,1.14012155677181,2.87173972758384,2,0,-0.595745402785914,0,0
947,0.884206640897874,1.43649758708484,2,0,1.42923257422257,0,1
948,0.184008164710152,1.23519687074614,1,1,-1.32904305142175,1,0
949,0.333517141019305,0.568620328764279,1,0,0.27840492458007,0,1
950,2.0747530045503,2.32232479164545,1,0,0.25131086363379,0,1
951,0.152758148809274,0.163999694016788,2,0,-0.0111384160371404,0,0
952,0.01130655371115,0.2728230196283,1,1,0.218289871281655,1,1
953,0.176986320358184,0.447525757628827,1,0,0.964176879012459,0,1
954,0.219468233796457,2.55507869285628,1,0,1.12213386371256,0,1
955,0.231874553072784,1.31429917261913,2,0,-0.589708045461567,0,0
956,0.663533507742816,1.2545321879567,2,1,0.698948723926126,1,1
957,0.834659442465849,1.541756525731,1,0,-0.164882539740869,0,0
958,0.0526025177290042,1.06297265331203,1,0,-1.26641020675418,0,0
959,1.52887962443433,2.41356408774635,2,1,0.295840013815904,1,1
960,0.484388528081278,0.549105122357542,2,1,0.875406071275324,1,1
961,0.481340824108985,0.512906108051538,0,1,-1.09524928059769,1,0
962,0.990907303528336,1.13058837130666,0,0,-0.454313598328872,0,0
963,0.352569539045289,1.1379313417051,2,1,1.152096001178,1,1
964,1.68337705199295,2.16894132283191,1,0,0.70361979319716,0,1
965,0.217486696482154,1.3021345228632,1,0,-2.35454881418858,0,0
966,0.116817476062151,0.784059734050757,1,1,1.1655329126375,1,1
967,0.351372425340944,1.4326536655426,0,1,0.361956249372345,1,1
968,0.299014230500234,0.826390541126823,2,1,0.805811333605701,1,1
969,0.134007001268836,0.361926124888699,1,1,0.0504771812963154,1,1
970,0.83263837944238,1.0206996742636,0,1,0.24380958829131,1,1
971,0.772411622474273,1.42970190848785,2,0,0.511986839387747,0,1
972,0.339432439973785,0.560763259353597,1,1,1.42076098462509,1,1
973,1.15890141778821,1.22247809516469,1,0,-1.16650451168468,0,0
974,1.08775926956171,1.09973771648681,1,1,0.0721387394046235,1,1
975,0.036285936108066,1.11061406241665,1,1,-0.0297059638785206,1,0
976,0.529346800823179,2.3981807169926,2,0,0.977016005919892,0,1
977,0.461880277447915,0.660418862812824,1,1,1.62722981534139,1,1
978,1.21779799663658,3.70228430877129,0,1,-0.605312414387967,1,0
979,2.32514823669431,4.44376726041304,2,0,-0.3813142875252,0,0
980,0.553177733802133,0.638181800632215,1,1,0.672111760018415,1,1
981,0.0537867616448138,0.45912766238663,1,1,-0.917565043028796,1,0
982,0.00680022208949721,0.196351160940949,1,0,0.558175702187643,0,1
983,0.746555895441108,2.06865539428065,1,1,0.0827641250214416,1,1
984,0.115905905452867,0.408341841089172,2,0,2.25215805160725,0,1
985,2.05630750903424,2.23489267050215,2,0,-0.30113703980063,0,0
986,0.117530105635524,1.72699999064207,0,0,0.799335895746866,0,1
987,0.26080851132671,1.88758317931252,2,0,0.200985216408627,0,1
988,0.695211141266757,1.72671075902044,2,0,0.705760348124164,0,1
989,0.60835935227159,0.63335397590486,0,1,0.30852129306836,1,1
990,1.55166671084632,2.22134354122536,1,1,-0.824345188757486,1,0
991,0.273375505154791,2.98995891990644,2,0,0.4269882432996,0,1
992,0.166507262426118,1.6508868021281,1,1,0.294608073735486,1,1
993,0.0470436136096216,1.86177359540248,1,1,-0.1368275184521,1,0
994,1.27973263250756,3.29737493329234,2,0,-1.03845655833832,0,0
995,0.0207338337269094,0.64598464084341,1,0,-0.893532196434899,0,0
996,0.0376381359995953,0.34625738735569,2,0,1.38843977808113,0,1
997,0.238340764792838,1.94268838223525,2,1,0.143163678890897,1,1
998,0.451258267275989,1.99682544265689,1,0,0.415259000741097,0,1
999,0.674468726437125,1.71059948583733,2,0,1.3113093157493,0,1
1000,1.10560946575769,1.40526623329331,1,1,-0.0129930056392909,1,0
1001,0.120027802842412,2.61728995104108,2,0,1.60931489757407,0,1
1002,0.0851533380854461,0.22243346864889,1,0,-1.39820995108385,0,0
1003,0.488589237340622,4.08953122794628,0,0,-1.03151009253653,0,0
1004,1.10362966022857,1.22018490044837,0,1,0.453467702568735,1,1
1005,1.50411233508224,1.91079329254556,1,1,0.768110379171424,1,1
1006,0.225082549990879,0.949518887178871,1,1,1.15852259297817,1,1
1007,0.433727514205707,1.04781100294515,2,0,0.437802306293296,0,1
1008,0.587660168401069,0.756356615663431,1,0,-1.0258473431598,0,0
1009,1.00214184153711,6,0,1,-1.11055638474432,1,0
1010,0.229734653710491,0.688600981104217,2,1,0.352096474372143,1,1
1011,1.44344149773619,1.48018130764561,1,1,0.819386525712694,1,1
1012,0.80716942220568,1.88337031126396,1,1,0.962271779617769,1,1
1013,0.46717826413199,0.68798088925211,2,0,0.312281546211728,0,1
1014,0.367168987997704,0.561093547453743,2,0,1.77583573791858,0,1
1015,0.124158587617179,0.707813833773257,1,1,0.109038720342435,1,1
1016,0.268513835552666,1.68690314141247,0,0,-0.435049085409349,0,0
1017,0.0271022459492087,1.83407722972333,0,0,-0.152455919424629,0,0
1018,1.2061252910177,1.50988187330465,0,0,0.201135707710148,0,1
1019,1.25165485047931,4.44259598760253,1,0,1.35325477112876,0,1
1020,0.133110880334344,0.267484268470539,1,1,1.80095049916774,1,1
1021,0.418959668734007,0.629003514248597,1,0,0.469303223720405,0,1
1022,0.0939411268913036,1.03363844824818,2,1,0.766527430924406,1,1
1023,0.348267852742639,0.803304008165809,1,1,1.44946308198222,1,1
1024,0.266135366012653,1.33201118415678,1,1,-0.607526683332064,1,0
1025,0.127238544587544,1.50829842023389,2,0,0.186623515270059,0,1
1026,0.127162190361155,0.961678376131548,1,0,-1.03055075896719,0,0
1027,0.146275034098264,0.893451006196216,2,1,-0.348969592019059,1,0
1028,0.500535445494784,1.64060399911063,1,1,-1.08402255574091,1,0
1029,0.476950303030511,1.13207357876226,2,0,1.91450259774468,0,1
1030,0.696622730853657,0.967981036174376,2,0,1.4784980149052,0,1
1031,0.667530058158769,0.995185829744869,1,0,1.1379174988564,0,1
1032,0.731473751366138,1.05013269907738,0,1,0.11555132789171,1,1
1033,0.0585481611068878,0.894221648336854,2,1,-0.138081931412989,1,0
1034,0.528247477663892,0.68993548023321,1,0,-0.443800865907508,0,0
1035,0.282757586489121,1.61415046555738,2,1,-0.697136114512596,1,0
1036,0.102494551840169,0.288567996515946,2,0,0.665138091055893,0,1
1037,1.06424436796342,1.27706185604135,0,1,0.75538873422269,1,1
1038,1.02522021775744,3.0301996571129,2,0,-0.732909005282132,0,0
1039,0.769229031478365,1.3137224671418,2,0,-1.54965716394103,0,0
1040,0.121065866744939,1.46446144208312,0,1,-0.00509877891278625,1,0
1041,1.26025263318884,1.79119937305211,1,1,-1.44498451061887,1,0
1042,0.254196161404252,0.593029440676971,1,1,-0.871311124087026,1,0
1043,0.0748614707755175,0.581785268658031,1,1,0.00512089701324068,1,1
1044,0.276869669970539,1.91354262871705,1,0,-0.34259561792163,0,0
1045,1.0409060192552,4.6457316203566,0,0,-0.613416665187327,0,0
1046,0.39947954018892,0.869837804097196,1,0,-0.071138222087325,0,0
1047,0.165209900587797,1.03127442878238,1,0,-0.478954408393786,0,0
1048,1.25016309048733,1.41441848568775,2,0,0.417919231602988,0,1
1049,0.973236362092707,1.1300685819482,1,1,-1.79787495913682,1,0
1050,0.92294902639556,2.070922026964,1,1,0.204419167281537,1,1
1051,0.00241784637586938,0.468869967383088,1,0,0.205454127534652,0,1
1052,2.21796564748489,2.56128938963072,1,0,-0.668748937659922,0,0
1053,0.576501777395606,1.93314482911611,1,0,0.273955135435918,0,1
1054,0.366682061594887,0.740312359705178,1,1,0.220901645277857,1,1
1055,0.0280482249541415,2.7063473928651,2,0,-0.167654817187942,0,0
1056,0.261499769985676,0.267882503079437,1,0,-0.222175038892601,0,0
1057,0.213960712361667,1.80558978623056,1,1,-0.334158261138676,1,0
1058,0.368320383648906,1.93851755014322,1,0,1.30859439661138,0,1
1059,0.0115538114267919,0.440620231014384,1,0,0.25035791892301,0,1
1060,0.0790876382606617,0.749004695358125,0,0,-1.11967232771382,0,0
1061,0.00828323420137167,0.813613686569837,1,0,-0.0453801763520807,0,0
1062,0.122172112426317,1.04805762137339,1,0,-0.549154048275714,0,0
1063,0.21532085801863,1.69257363411823,2,1,-0.841068362698209,1,0
1064,0.307843462166194,2.01533022489676,1,1,-0.179225338510981,1,0
1065,1.30446109709112,1.35472299558385,2,0,-0.930672915804294,0,0
1066,0.449181370851066,0.813567104797866,2,1,1.02923370501988,1,1
1067,0.60737077301989,0.942162420570148,1,1,0.462727808815126,1,1
1068,0.300733939641052,0.883953735737848,2,0,0.536073409453978,0,1
1069,0.030431713288029,0.0376907832510667,1,0,0.694614750058146,0,1
1070,0.349692227318883,1.11539874366227,1,1,0.362243880080475,1,1
1071,3.60244966196887,3.70441476467654,1,0,0.740133294460985,0,1
1072,0.0881360673035185,0.331487494658398,2,0,0.852838009656904,0,1
1073,0.319286587084912,1.04450914077461,0,0,0.52709702855745,0,1
1074,0.0670979731633109,2.62155770704872,1,0,-0.774658474100676,0,0
1075,1.38545876157252,2.44299934181862,1,1,1.22166509800158,1,1
1076,0.887138403698484,0.957631928225358,0,1,-0.811263182804956,1,0
1077,1.75507270618216,2.00387745712169,2,0,1.44031989899154,0,1
1078,0.175955558402671,1.20475622076139,1,1,-0.460147635253179,1,0
1079,0.397345894533727,1.71106371600953,2,1,-0.611944686480579,1,0
1080,0.0828939588326547,0.333364799767566,2,0,0.484167837644165,0,1
1081,0.460284353854756,1.30832116494605,2,0,0.939277624183254,0,1
1082,0.469503622088167,0.490631528221897,1,1,-0.295723046812152,1,0
1083,0.090367514881848,0.576427067392829,1,1,0.316430625422805,1,1
1084,2.41567332912544,3.58222398906946,0,0,-0.178783821680571,0,0
1085,0.49263152712746,2.09346772751674,2,0,-0.810104224909124,0,0
1086,0.263985090682076,1.08928995144797,0,1,0.0591559135379553,1,1
1087,1.47768846190937,4.31086518823118,1,0,0.487678684518716,0,1
1088,0.15572529596587,5.66507974611529,0,0,-2.18068234327641,0,0
1089,0.89557069712396,2.0381592315933,0,1,-0.31257240785165,1,0
1090,0.677386994680597,1.67821779321708,2,0,0.512319773945147,0,1
1091,0.395890540033499,0.963065730272333,1,1,-0.727066472909288,1,0
1092,0.164293105033258,0.906074265990822,2,1,2.08230945818995,1,1
1093,0.195959139868102,1.34250822477043,0,0,0.159544730589675,0,1
1094,0.0871319417873227,0.426130244374402,2,0,-0.759948486335036,0,0
1095,0.122871556733218,0.214475256486378,2,1,0.604617351785936,1,1
1096,0.893266218664895,1.72751537961552,1,1,-1.08452184684236,1,0
1097,0.550031741149724,6,0,0,-0.460800695020857,0,0
1098,0.327489188251396,1.02471556340513,1,0,0.862512911571961,0,1
1099,1.13295750066937,1.58953653948048,2,0,0.103031020624992,0,1
1100,0.0122309408874975,1.96252649179124,1,1,0.556411185661241,1,1
1101,0.568178024970823,1.30429796709505,2,0,0.794485548608388,0,1
1102,0.310280458070338,0.677197710958939,2,1,1.02832790714668,1,1
1103,0.376750601620236,0.806951024543425,1,1,-0.926489643392979,1,0
1104,0.33846073195784,1.09176281685324,1,1,-0.233800793442054,1,0
1105,0.177820698461599,0.591913231022876,1,1,0.938460944876484,1,1
1106,0.603217406508823,1.66668471261372,2,1,-0.67475781400893,1,0
1107,0.399724064498312,0.555122056021698,1,1,-0.781635646990731,1,0
1108,0.479507393514117,1.15135613948916,2,0,-0.391552898614342,0,0
1109,0.080693315216603,0.247153695918748,1,1,-0.448261214947948,1,0
1110,0.296768012890536,0.611369869888989,1,0,-0.86997372693258,0,0
1111,0.0238161979157039,0.694523938890981,1,1,-1.73356667981266,1,0
1112,0.524200633582142,2.57233972884289,2,0,0.0703564887301337,0,1
1113,0.10302253636635,0.43710640212193,1,0,0.556433638587646,0,1
1114,0.154887894168496,0.510952541415208,1,1,-0.190884362914777,1,0
1115,0.208391360421148,1.43168264024999,1,1,0.383479069737871,1,1
1116,0.284291242636032,4.77739768074759,0,1,-1.29410446494629,1,0
1117,0.422313416169749,1.22374651572884,1,1,0.660943195323541,1,1
1118,1.66765096277597,4.53256951165877,2,0,0.0672129992933333,0,1
1119,0.93618326298364,2.22880874856743,1,1,0.975086170917726,1,1
1120,0.158296262638436,0.669366046005544,2,0,0.823443835846974,0,1
1121,0.742368732268612,0.99389272008486,2,1,1.46647018976453,1,1
1122,0.333824878455036,2.41968564870936,1,1,0.0948001947012153,1,1
1123,0.261180617639588,0.340035402157059,2,0,0.446342448781951,0,1
1124,0.111937054639889,0.79384559158881,1,1,0.136212079858754,1,1
1125,0.581135753956106,0.581336668773971,1,0,1.87888662717825,0,1
1126,0.175962015572521,1.00870195139509,1,0,-0.238860706800356,0,0
1127,0.0308939870838759,0.0554775201929434,1,1,-1.43031894426516,1,0
1128,0.224875681516197,0.738199794264328,1,0,-0.697597560238897,0,0
1129,1.36384797070889,2.16570354861635,2,0,-0.526864514701207,0,0
1130,0.696546612824831,1.06583924874627,1,1,0.820320026356323,1,1
1131,0.0695210829791096,2.26973594031014,1,1,0.983259023009827,1,1
1132,0.0440509998211574,0.320228455501959,1,1,-0.407623368991222,1,0
1133,1.13923692346746,2.52108440424005,0,0,-0.930971688821139,0,0
1134,0.727173868670232,0.916981642025905,1,1,1.32876967214909,1,1
1135,0.682818250109752,1.89719283000689,2,0,0.147772886155939,0,1
1136,0.460933141617311,1.04336340542932,1,1,0.0801726663637284,1,1
1137,0.511439712965396,1.14601820988938,1,1,0.189638331711875,1,1
1138,0.226237409064146,0.958014813354261,2,0,0.312804178044249,0,1
1139,0.321695687145823,0.555637506796284,1,1,-1.58139750813296,1,0
1140,0.202968949452043,0.234915377882052,1,0,0.0752488645385928,0,1
1141,0.876835312440674,1.65124153278835,1,1,1.0177888140567,1,1
1142,0.139030393006073,0.693431506163027,1,1,1.8145319238565,1,1
1143,0.0498247850272391,0.351633132552716,2,1,0.156410010734238,1,1
1144,0.750024153126611,1.15417277956493,1,0,-0.324022925701467,0,0
1145,0.864304277171374,3.4171356403531,1,1,1.0046993818081,1,1
1146,0.139335157453186,1.20814500916871,1,1,-2.42736080849642,1,0
1147,0.6678930420561,0.852416400105033,1,0,1.61229239578047,0,1
1148,0.538586115648952,1.83141492747844,2,0,1.43243374412286,0,1
1149,0.127484721338583,2.91193499568795,1,1,-0.454330182943084,1,0
1150,0.00661542411149643,0.160534605536359,1,1,-0.492721461038017,1,0
1151,0.0927025131467316,0.919101450144622,1,1,-0.415435475203194,1,0
1152,0.0315775918877787,1.99866578622933,2,0,0.760443837936648,0,1
1153,0.28310356288262,0.614166773699317,1,1,0.285230017957141,1,1
1154,0.992621674979973,2.33169509215671,2,1,0.288076784099821,1,1
1155,0.0458130258272253,1.07531195506454,0,0,-0.644905766733377,0,0
1156,1.97385550363795,3.90292374106745,0,0,-0.924274947513251,0,0
1157,0.256155382634865,0.951081811270487,1,1,1.56614763800329,1,1
1158,0.0329974619097121,0.27232298182732,2,1,-0.122390411812872,1,0
1159,0.275180506254652,0.541023296068586,2,0,0.238403464004847,0,1
1160,0.380672354561587,1.15221070897006,2,0,1.44030590168048,0,1
1161,0.55695262685832,0.650586792210469,1,1,-0.0199518016783428,1,0
1162,0.0743165726049079,1.72148072759893,2,0,-0.185109844279594,0,0
1163,0.0760281447189571,0.935378148489578,1,0,0.639053502887375,0,1
1164,0.113964740497371,0.122348485607423,1,0,-0.55746959410833,0,0
1165,0.873580179647949,0.890293962461352,2,0,0.18469074565121,0,1
1166,2.6317633161413,6,0,0,-0.862338377822183,0,0
1167,0.79338333047398,1.16736999953244,1,1,0.709024125482121,1,1
1168,0.250207441341546,0.321532305826241,2,0,1.50285495371766,0,1
1169,0.630659854132773,4.32144268655643,0,0,-0.0576821393941645,0,0
1170,0.471680491852264,0.538599294446389,2,0,0.848089103991122,0,1
1171,0.341130393143329,0.749257841354352,1,1,0.621317908348732,1,1
1172,1.25630364541678,2.76730747105359,1,0,-0.279629458066883,0,0
1173,0.0915249494822723,0.19473091711955,1,1,0.17125824567321,1,1
1174,0.23640358702358,1.16514489352755,1,0,-0.717548425608959,0,0
1175,0.00308883428159687,0.257178458901954,2,1,2.04113450746959,1,1
1176,0.0767434776450197,0.236367174639869,1,1,-0.275093602702004,1,0
1177,0.122981384500033,3.91627858521304,0,0,-0.251654628853241,0,0
1178,0.693544982415107,6,0,0,-1.77289577541617,0,0
1179,1.07882515684638,1.31301160979338,0,0,-0.381929966727938,0,0
1180,0.198182030580938,0.351744403300815,2,1,-0.481173324146419,1,0
1181,0.112003074170707,0.179393464107738,1,1,0.333995235106714,1,1
1182,1.58710304638349,2.55867248016051,1,0,-1.5715953156412,0,0
1183,0.595758451769749,0.615312878135802,2,0,0.464815602043488,0,1
1184,0.378585157191588,0.703851989688539,2,1,0.798858426937706,1,1
1185,0.417349889564017,6,0,0,-1.15612247578204,0,0
1186,1.09532107697892,1.33882391769307,0,0,-0.891382629366159,0,0
1187,3.36862481927414,3.56934815399585,2,0,-0.184504300947565,0,0
1188,1.34297411056328,2.55943490632749,2,0,0.164747897630402,0,1
1189,0.420067129760153,0.911801879900702,1,0,0.681432435064502,0,1
1190,0.591547349467874,0.720522708966038,1,1,-0.0421531435404219,1,0
1191,0.500101855852538,0.897027493030678,2,0,-0.0214263273267382,0,0
1192,0.0635242596682575,0.357168524996392,1,0,-0.0219124478641472,0,0
1193,0.0913728447631001,0.210212205226223,0,1,-0.0366791102384926,1,0
1194,0.199826149837528,0.980230807931825,0,0,-0.111791766294958,0,0
1195,2.06211629417806,3.5949661114586,1,1,0.429618911094155,1,1
1196,0.225107015030605,0.286231503314321,1,1,0.234771150940753,1,1
1197,0.0755765123499764,0.796891741889457,1,1,1.09237268182942,1,1
1198,0.034163161261608,0.289908661945755,2,1,1.30814995901766,1,1
1199,0.49794228840244,2.19033277364615,1,1,-0.997391723032638,1,0
1200,0.0171416076935,0.87798794719033,1,0,-0.244757801589598,0,0
1201,0.680114903694226,2.0327717813418,1,0,0.623806097412832,0,1
1202,0.458015051877333,0.632326202447851,2,0,-0.193881818490122,0,0
1203,0.337211435424841,3.44143117778003,0,0,-1.42409782730111,0,0
1204,0.171481916406504,1.15385838719818,1,1,0.342422606642199,1,1
1205,0.107051092717383,2.82798573599568,1,1,2.22607413444853,1,1
1206,0.720417872588668,2.2938011340372,1,1,-1.07829953943719,1,0
1207,0.241900922597413,1.57111748298594,2,1,-0.15630728076927,1,0
1208,0.173442144924458,6,0,0,-0.28793644521446,0,0
1209,0.27751039661881,0.613823910079424,1,1,-0.443107422815221,1,0
1210,0.145667363992996,0.65631149264676,1,0,-1.75454910869067,0,0
1211,0.295697431493964,0.867497801092947,2,1,-0.560460354179345,1,0
1212,0.595541770776941,1.25412931044896,0,0,-0.465003590297165,0,0
1213,0.645397903087239,2.76417878698993,1,1,-0.435099223271896,1,0
1214,0.445700681561397,1.21240440059473,1,1,0.347999214596534,1,1
1215,0.584722227520413,3.02996131089329,2,1,0.565187857102361,1,1
1216,0.702514849706656,0.882188380229036,2,0,0.512860937739485,0,1
1217,0.0489347221122848,0.533871853283857,1,1,0.37176901936445,1,1
1218,1.29600829594658,3.26078180223703,0,0,-0.547545474613245,0,0
1219,0.193038236650944,1.60612145920625,2,1,-1.11187411851439,1,0
1220,0.0620007059640355,0.716400048788321,1,1,1.28331906213836,1,1
1221,0.17686173112856,0.380649557337165,0,0,1.32987537913352,0,1
1222,0.305744488034591,0.511084215604268,1,1,-0.49874548054341,1,0
1223,0.900388749062697,2.68465524260393,2,0,-0.0362689539944244,0,0
1224,0.0653538159612152,0.776425536781438,2,0,0.947948989582802,0,1
1225,0.492495150926212,1.24101204616861,2,0,-0.286972691905121,0,0
1226,0.0444146209499902,0.499329991644386,2,1,0.329850805200467,1,1
1227,1.09804659559794,1.52924656868207,1,0,0.0218164578804393,0,1
1228,0.00725239463564422,0.594767108833582,1,0,-0.674697546816094,0,0
1229,0.0823198807322317,1.77512204584976,0,0,-0.549976880576898,0,0
1230,0.607880217333635,1.19811204572519,0,0,-0.577793495237388,0,0
1231,0.364624561668168,0.555109946416844,2,1,2.25945471009906,1,1
1232,0.550132631324232,0.697358339560165,2,1,0.428907576889707,1,1
1233,0.367496598822375,0.605380063133466,2,0,1.04670468395864,0,1
1234,0.312285873935454,1.78356881054294,2,0,-1.24877787901875,0,0
1235,0.686702940923472,0.903006396989934,2,1,-0.0127183030770795,1,0
1236,1.84312958260976,3.00569986169414,2,0,-0.724247633149894,0,0
1237,0.499947529493107,3.23254028660735,2,0,0.0639813768669342,0,1
1238,0.116239891180562,0.434198664952107,0,0,-0.199620268475828,0,0
1239,0.961087784786701,1.21448998620114,2,1,1.39651362041587,1,1
1240,0.556310697251724,5.30307076922132,2,0,0.869955430462711,0,1
1241,0.669765626731061,4.56003196047727,2,0,1.13377097071528,0,1
1242,0.601282927414609,1.55083713023665,2,0,0.372881502234776,0,1
1243,1.04144493009781,1.06303447547058,0,1,0.0842122165799136,1,1
1244,0.0392383233540588,0.867348936549959,2,0,0.997255718489166,0,1
1245,0.962255274209394,3.09240605287863,2,1,0.00563966610466265,1,1
1246,0.157285971153114,1.97700255892806,1,1,-1.28468923366317,1,0
1247,0.133983925916255,1.32184643284066,1,0,-2.47819183483683,0,0
1248,0.807343964288786,0.872648494837753,1,0,-0.511928521751499,0,0
1249,0.154826131442355,1.59368958583997,1,1,0.631165894023581,1,1
1250,0.0632828230866128,1.190001715109,1,1,-0.924264795415794,1,0
1251,0.364888963602049,0.910336524248123,0,1,-0.801266669270017,1,0
1252,0.0547687238496211,0.258336344974723,1,1,-0.365587774369118,1,0
1253,1.0379811140678,4.30161437640588,0,0,-0.897439836080832,0,0
1254,0.906628108117789,1.20953543057823,2,1,0.566041324018108,1,1
1255,0.636127862251467,2.21304205715033,1,0,-0.658396700934824,0,0
1256,0.708304277310769,0.763098723908262,1,1,-2.11344523769202,1,0
1257,1.28719906835392,1.40563309940002,1,1,-0.933536400559097,1,0
1258,0.481524192210701,1.47610467379806,2,0,1.80714899269362,0,1
1259,0.0061144783198813,1.67048300306002,0,0,-0.415052084237612,0,0
1260,0.868185109722628,2.57945871894567,0,0,-1.4026699041529,0,0
1261,0.410425460690426,0.884467980574037,1,0,-0.418728877988481,0,0
1262,1.03924175719719,1.53403138420233,1,0,1.19657036043563,0,1
1263,0.516801201221016,5.01944674319563,0,0,-0.121266654078991,0,0
1264,0.23132531489763,2.82927763614461,2,0,-0.255943541660687,0,0
1265,1.01064726291731,2.5679785420813,1,1,-0.598112258631478,1,0
1266,0.549712694353528,2.45158353510002,0,0,-0.358781863884156,0,0
1267,0.113374004211298,0.159541335571866,1,0,0.640013955830407,0,1
1268,0.0217979923925466,0.334520697854296,2,1,1.28146134430075,1,1
1269,0.53912031567759,3.95184667257666,2,0,-0.025523876562012,0,0
1270,0.810918301458905,3.45814709969065,0,1,0.270642507624333,1,1
1271,0.90750122852095,1.08799084840506,2,1,-0.0422911815190296,1,0
1272,0.00877643004059792,0.267228412287746,1,1,-0.751663973898404,1,0
1273,0.271080477274957,3.19893998064474,2,0,-0.810952770446973,0,0
1274,0.0311741248394052,1.33794778809023,1,1,0.595144574614555,1,1
1275,0.0418058296458589,0.0855038456656129,1,1,1.01394728877797,1,1
1276,0.0547710733907857,0.32333813254267,2,0,-0.504152196682925,0,0
1277,0.467620473355055,0.586019931977307,2,0,1.13483036516575,0,1
1278,0.553005153002838,3.10479532411523,1,1,-0.281746712324707,1,0
1279,0.0139876123931673,0.40528471531084,1,1,0.614934136661716,1,1
1280,0.113401813949976,1.16481934583483,2,1,0.433368965369404,1,1
1281,0.247130694074763,1.48995598903455,1,1,-0.528614908453904,1,0
1282,1.02677737572987,3.35333840121563,2,1,-0.297660811317305,1,0
1283,0.324463162615306,0.8086568583208,1,1,-1.16419467723038,1,0
1284,0.194842133691902,0.844058001416307,1,1,-1.59048741210679,1,0
1285,0.337776441737268,4.49927578680217,0,0,0.0187721823911823,0,1
1286,0.182843442178435,0.599012931560928,1,0,0.540084210808843,0,1
1287,0.404685901270972,0.936602782038063,1,1,-0.11193589498856,1,0
1288,0.0930224733158809,1.75964172514355,1,1,-1.25888936687014,1,0
1289,0.434914991363055,0.440927460607094,1,1,-0.686326549188563,1,0
1290,0.939296569835491,2.21470276026997,2,0,-1.04037436867823,0,0
1291,1.89504150810918,2.83770559548707,2,0,-0.744596447180223,0,0
1292,0.0607424112002105,0.267646697915759,1,1,-0.275171024881951,1,0
1293,0.0158303588007887,4.96310284821934,1,0,1.47071898484049,0,1
1294,0.831721730100569,1.06959997288609,1,1,0.468433155626545,1,1
1295,0.289037349778491,1.29018126979973,2,0,0.152905481236317,0,1
1296,0.513664534729388,1.2971088315849,2,0,0.271564848212268,0,1
1297,0.40656543078108,0.442449640330149,2,0,1.76918621042129,0,1
1298,0.00563769032143884,1.37327673263859,1,0,0.695699709088625,0,1
1299,0.245024855766032,0.989619607803033,1,0,-0.507027586587536,0,0
1300,0.141482308196525,1.23000101825438,1,0,0.644657448051312,0,1
1301,0.0131526260890878,0.754127499739418,1,0,0.422387057621797,0,1
1302,0.258696577076976,0.499251468280682,2,1,0.509451647056418,1,1
1303,0.542641888993482,1.63825880528514,1,0,-0.217689014105963,0,0
1304,0.98173230985272,3.16842339001596,0,0,-1.40780532422088,0,0
1305,0.680538046484192,1.49836093850336,2,0,0.148917599117326,0,1
1306,0.0760810721228267,0.463554383088177,1,1,0.0881590020191717,1,1
1307,0.684164204220805,0.823803146731231,0,0,0.598902550031031,0,1
1308,1.42295586354502,2.51151689511149,0,0,0.854721381839926,0,1
1309,0.565472693286008,1.38672936397294,0,0,-0.421185782509633,0,0
1310,0.192163563333452,2.20047596943956,2,0,0.666115525554592,0,1
1311,0.674375454481277,2.01835548194746,0,0,0.223542916762552,0,1
1312,0.227257351701458,3.81843977147135,2,1,-0.334299917284155,1,0
1313,0.649620208164884,0.999221301948031,0,0,-0.779770768421763,0,0
1314,0.188247310515079,0.608689314461217,1,0,0.270855348415223,0,1
1315,0.0967752338490552,0.358915077522397,0,1,-0.0836670201713666,1,0
1316,0.668864142563608,0.989635126921039,2,0,-0.195416490698659,0,0
1317,0.362032822575751,0.434637678971817,1,1,-0.452949508954716,1,0
1318,0.483049491109947,1.06802041144484,0,0,-0.102395098172351,0,0
1319,1.47248765552509,3.24164296004313,0,0,-0.299253927485241,0,0
1320,1.09348255308437,1.70824087789304,1,1,-1.34363316576883,1,0
1321,0.0532185131063064,1.32103455994266,2,1,-0.725544088103657,1,0
1322,0.262573555315751,2.40637328475714,0,0,0.607135618426751,0,1
1323,0.525897129206547,0.725105346194658,1,0,1.02791717337518,0,1
1324,0.229729311540723,1.75280312386652,0,0,1.47532772204483,0,1
1325,0.0390866636815998,0.144184192537771,1,0,0.179718178154157,0,1
1326,0.126711956368929,0.728351278436746,1,1,-0.172121815326163,1,0
1327,0.15977297079249,0.670832261763807,2,0,0.497172466122265,0,1
1328,0.472022371056179,1.98022482610097,0,0,-0.424322466544135,0,0
1329,0.0016597927444511,2.89347699303417,2,0,-0.520673149134697,0,0
1330,0.996787887433847,2.10484416156339,0,1,1.11342013741349,1,1
1331,0.895251933852514,0.973846512271514,1,1,0.654289748012476,1,1
1332,1.42079737032753,1.60502210669706,1,1,-0.216707927543241,1,0
1333,0.0689275402368771,0.457827490736967,1,1,-1.58863474868375,1,0
1334,0.289883637386892,0.979475565054368,1,1,-0.183909141434658,1,0
1335,0.211212833722432,1.70921994062761,0,0,-0.291224454423831,0,0
1336,0.0384551100432873,0.0818684353809975,0,1,-0.482558120843907,1,0
1337,0.371902381173438,0.477151006908113,1,1,-0.0435622188202349,1,0
1338,0.304285553901805,6,0,1,-0.906974235986535,1,0
1339,0.39308356328143,0.784941672606873,2,0,0.229235242840938,0,1
1340,1.3414353069693,2.88269869970802,2,1,-0.515947295343469,1,0
1341,0.574056202959683,0.613179378931365,1,0,-1.70968601971894,0,0
1342,0.189242759822971,1.81434155156482,2,1,-0.764096257376719,1,0
1343,0.462328556718098,0.900077306078144,2,1,0.365197292043815,1,1
1344,1.01559824822977,1.66698225902416,1,1,-0.340547908458674,1,0
1345,0.456921790400522,1.1599697265774,0,0,0.582009493512157,0,1
1346,0.121864433296853,1.2225280552176,1,0,-0.0728753019330913,0,0
1347,0.238240731155707,0.61408958513557,2,1,1.63089899773323,1,1
1348,0.151176163926721,1.22763692060441,1,1,-0.317214167861088,1,0
1349,0.33480695138375,1.26237526524175,1,1,-1.52579846061204,1,0
1350,0.0573811932617849,0.0768921849055783,2,1,0.409605173713545,1,1
1351,0.220165492759811,0.626525751625498,0,1,-0.134665812358465,1,0
1352,0.0406735016313518,0.356280626617051,1,0,1.02018195626411,0,1
1353,0.54947785101831,0.752952153786847,2,0,-0.0434053394033437,0,0
1354,0.471472027194169,1.67124811050165,0,0,1.49785533659071,0,1
1355,0.436151668739816,2.32429592251127,2,0,0.0225544995385068,0,1
1356,0.938975459124989,1.1061354401518,2,1,0.087360064480372,1,1
1357,0.764165073633194,1.16853881163364,1,1,0.503040642008922,1,1
1358,0.491292690287777,0.905369107271641,1,1,0.677256951419168,1,1
1359,1.17206973432966,1.3644664324504,1,0,-1.04068642934504,0,0
1360,0.482983145620533,0.547500107223636,1,0,-0.586280699287928,0,0
1361,0.835908632933176,0.890096169214383,1,1,-0.724247705516656,1,0
1362,0.0205007707700133,2.34972352986493,2,0,-0.61926239111486,0,0
1363,1.22835463632611,1.45987064255411,2,0,1.25319164394123,0,1
1364,0.192105889660868,2.16129547948008,2,0,-0.365888784183238,0,0
1365,0.944548137055562,1.76326254084765,1,0,1.74601312414965,0,1
1366,1.4396495299154,1.93022857049159,1,1,1.34672052137798,1,1
1367,1.85533457943734,1.93971054154349,1,1,-0.910165038225356,1,0
1368,0.072965427045522,0.293427482741842,1,0,0.941319140167797,0,1
1369,0.315369412100343,0.574743277639429,2,0,-1.28655885509362,0,0
1370,0.842773189361569,1.45289004920376,0,0,0.573082320953905,0,1
1371,1.39458730708693,3.35613404779655,2,1,-1.63819754402265,1,0
1372,0.290979894602464,1.25094796841343,0,0,1.5899605883251,0,1
1373,0.0742550747882989,0.657314100743357,1,1,0.0782860766937852,1,1
1374,1.10046397993433,1.26826841360933,1,1,2.66756248261353,1,1
1375,0.648593131142358,0.855687296503682,1,0,1.05021078163748,0,1
1376,1.78028287149737,5.58672080982255,0,0,-0.428257497285364,0,0
1377,0.0360800713921587,0.0864928913093769,1,0,1.00216108019022,0,1
1378,0.238491702394279,1.39075281437824,1,0,0.528824426079212,0,1
1379,0.804451658653852,1.59029112941224,1,1,0.517868011494895,1,1
1380,0.159310920079692,0.291101266215299,2,0,-1.29083339440026,0,0
1381,1.1123555670543,1.93819675831333,2,0,1.00631810555967,0,1
1382,0.115919766252787,1.64713215093126,1,0,-0.0193590352836039,0,0
1383,0.73988620347033,1.13635579854947,1,0,0.46702579409279,0,1
1384,0.293258664748132,0.302637649105629,1,1,-1.4599472646295,1,0
1385,0.0472222848070992,0.148041029518908,2,0,0.159335257470133,0,1
1386,0.141027480777767,1.7541122319271,1,0,-0.909498011507079,0,0
1387,0.695247256403996,1.43788967999973,2,0,0.458932962546139,0,1
1388,0.0652582865829269,0.433269148871605,1,1,0.491089448539675,1,1
1389,0.178317308115462,1.40913602922327,1,1,0.92464914277405,1,1
1390,0.391214460444947,3.33007790148258,0,1,-0.539348580117337,1,0
1391,0.180776484243636,0.560256665516115,1,1,-0.498680600063558,1,0
1392,0.221542189228409,1.97873279149814,2,0,-1.19163654543466,0,0
1393,0.676015942978362,2.10490556521621,1,1,-0.154806141746496,1,0
1394,0.0484633980324963,0.471749594206947,2,0,-1.73648572408786,0,0
1395,0.313077310307158,2.27389596075598,2,1,0.230908863803544,1,1
1396,1.00487386389211,1.08557072258431,2,0,0.375201431797477,0,1
1397,0.921447419876181,2.26301044980624,1,1,1.15735565442162,1,1
1398,0.126667859860592,1.51611769827499,1,0,-0.945141458837828,0,0
1399,2.1334144500236,3.51245672732037,2,1,-1.04155525979565,1,0
1400,0.244324561725888,0.821683114137038,2,0,-0.0607205272839544,0,0
1401,0.201293256961637,0.706990319659026,0,0,0.959938037525043,0,1
1402,0.290060045404567,0.335661429473961,1,1,-1.08738976414952,1,0
1403,0.0172764564412511,1.15996687099364,1,1,-0.662608656828884,1,0
1404,0.0799165164223976,0.352322576321939,2,0,1.05040348639807,0,1
1405,1.57324333355429,2.38117441088962,1,0,-0.823903804298989,0,0
1406,1.44180026728545,3.31587317803539,2,0,0.725687394564498,0,1
1407,0.177840134960905,1.36554651817887,1,0,-1.29429500795516,0,0
1408,0.0822882235257162,2.10100797469682,2,0,1.32832457086078,0,1
1409,0.415779462912016,1.30656007860578,1,1,-0.511986143722371,1,0
1410,0.816360430501266,1.86428840815475,1,1,0.568489072224443,1,1
1411,0.00627912994888094,1.14426208230297,1,0,1.84998251733831,0,1
1412,0.114693725249265,1.38738346769183,1,1,-0.27969618759355,1,0
1413,1.34430094617408,1.55051944702506,2,1,0.134971669548667,1,1
1414,0.0638196255183882,0.999801155007427,1,1,0.699954960377611,1,1
1415,0.0813900662221558,0.25824299688951,2,1,1.41641919505139,1,1
1416,0.0413481956667427,4.50914255653819,0,1,-0.726476288673394,1,0
1417,0.470082309200532,1.50387210594968,0,1,0.260725357009146,1,1
1418,1.20016014302242,5.52878057973994,2,0,-1.84452674263031,0,0
1419,0.196376538866879,1.66856218880382,1,1,1.83252229971323,1,1
1420,0.0150957465585735,1.32792011474999,2,0,0.543380182171995,0,1
1421,0.0793332192632887,0.548032311216241,2,1,1.15742815383401,1,1
1422,0.402166500730484,1.09559349094828,0,1,-0.308346280157434,1,0
1423,0.0694560484191133,0.140336230772568,1,0,-0.533623386193469,0,0
1424,0.653151252513958,0.718665615630668,1,1,-2.75130685785441,1,0
1425,0.140747530385852,1.5778762404028,1,1,-2.93408120811532,1,0
1426,1.2902224249671,2.5721233750087,1,0,0.00070762382323931,0,1
1427,0.415789135731757,0.84705976582023,1,1,-0.545647653911134,1,0
1428,0.312867062683735,6,0,0,-0.375222021724381,0,0
1429,1.91157143549727,4.02530316263437,0,0,-1.21422966062225,0,0
1430,0.800188583826277,1.71395564272536,1,0,-0.605362690024521,0,0
1431,0.386842943003608,1.02008304502891,0,1,-0.821543391602088,1,0
1432,0.0397163024172187,0.288386292840641,1,0,-1.09884010916447,0,0
1433,0.205772948554821,0.83001371975639,1,1,-0.0938438365573662,1,0
1434,0.225231767589773,0.661569632934867,1,1,-0.905650803343097,1,0
1435,2.61737107181785,6,0,0,-0.859059310161786,0,0
1436,0.0732247283061346,2.2848266155041,2,0,0.344349277679348,0,1
1437,1.08720847918227,2.18700031198688,2,0,-0.776367406797054,0,0
1438,0.126073454019143,0.235264636138338,2,1,1.61522830063567,1,1
1439,0.3548371566052,2.63771465926527,2,1,1.13751344787442,1,1
1440,0.237171110800571,0.285107601162286,2,0,1.01958233547181,0,1
1441,0.276146278058664,0.331689101179372,1,1,0.452297230557257,1,1
1442,0.211733410962754,0.465078457848374,2,1,0.671538306548836,1,1
1443,0.0575590283713407,0.0906175895743002,2,0,1.19867894431818,0,1
1444,0.184312666145464,1.81460353862816,1,0,-0.800500313535134,0,0
1445,0.91069588536489,1.19501216533997,2,0,0.190363154245846,0,1
1446,0.0181593702116012,0.352280953676276,2,1,-0.233376746218408,1,0
1447,0.578566086478531,0.898319604949009,2,1,0.299301956402996,1,1
1448,1.37678379912643,2.43453835912592,1,0,0.534143629869528,0,1
1449,0.0164363714348939,0.87822491334183,1,1,0.484568675217535,1,1
1450,1.36279360179571,1.46087689020333,0,0,-0.816104035336632,0,0
1451,0.727333664480183,0.839867163190287,1,1,-0.0584808707182119,1,0
1452,1.26220680975551,2.24297361269078,1,0,-0.326041091306933,0,0
1453,0.0305874259516061,0.344697536473938,2,0,-0.0891043154092187,0,0
1454,0.13765078512466,0.172096961057431,1,0,0.242332857295101,0,1
1455,0.457041647049309,0.615349420142754,0,1,-0.0266535741000799,1,0
1456,0.0861237290768604,0.164667268691436,1,1,-1.35105668777865,1,0
1457,0.0553096955021222,1.07338368425047,1,1,-1.82057709362896,1,0
1458,0.0630705961726967,0.549657190409517,1,0,0.581000714727276,0,1
1459,0.922436408858843,1.06040745100425,2,0,-0.654013592777025,0,0
1460,0.296904527478748,0.577150533818713,1,0,-0.990644921138969,0,0
1461,0.0844063816799058,0.954474454252411,2,0,-1.34493969828693,0,0
1462,0.237502866392745,1.72532069862835,2,0,-0.878364533280749,0,0
1463,1.7146413166193,3.03868423549474,1,1,-1.07007661385865,1,0
1464,0.0879581790003512,2.74823671827714,0,0,0.682088116474731,0,1
1465,0.580522732084824,0.814954834058881,0,1,0.312786899004982,1,1
1466,0.599272021920317,1.28981737719317,0,0,0.573641404640919,0,1
1467,0.140458775949171,0.289671326746101,1,1,-1.22494772905399,1,0
1468,0.105058769178059,1.37258767206867,1,0,1.07288475950228,0,1
1469,0.149542245910399,0.158395327278743,2,0,0.58202408115797,0,1
1470,0.0174852322403091,1.38490202182063,1,0,-1.18808535989189,0,0
1471,0.693781391407053,0.823759422170418,1,1,-0.906804796429735,1,0
1472,0.198798269136912,0.776864389578501,0,1,1.65279101923638,1,1
1473,0.141277083506187,0.238739842780725,1,1,-0.195930120808525,1,0
1474,0.630555941412846,1.94800863892329,1,0,0.281108007729216,0,1
1475,0.126995565887127,0.31807312089596,1,0,-1.36203103865838,0,0
1476,1.48011587452029,2.58942737548873,1,1,0.132145197878077,1,1
1477,1.00872562176349,2.14523995916049,0,1,1.14280706936086,1,1
1478,0.129931768298977,0.436362911139808,1,0,-0.200531874351002,0,0
1479,0.10916822084176,0.422922549530149,1,0,0.145636961109282,0,1
1480,0.0250320245201389,2.28285001131258,2,1,-0.524904575738842,1,0
1481,0.92101654550567,1.50871744431189,1,0,-0.747029065978629,0,0
1482,0.045243341786166,1.66731779450159,2,0,-0.1258181632792,0,0
1483,0.361452853458875,0.505969766809033,1,1,1.06040369741461,1,1
1484,0.052770906024509,0.201819708035573,1,0,-1.63870044188726,0,0
1485,0.035330689295116,0.0892030641819989,1,1,-0.548258533498133,1,0
1486,0.126015167786843,0.177739087527195,1,0,0.322300204900727,0,1
1487,0.64331418213745,1.33389206843451,1,0,-1.6451917475303,0,0
1488,0.802908528598259,5.06208599173568,1,0,-0.294323387222132,0,0
1489,0.652541067037318,0.938566224639449,2,1,1.44572983974367,1,1
1490,0.08398638986465,0.687540813791115,2,1,-0.782395163483413,1,0
1491,0.655425338902407,1.68298873567289,2,0,0.812434180423875,0,1
1492,0.294720999793046,1.91679562529499,2,1,-0.473417401732282,1,0
1493,2.6555484304253,3.90451459652067,1,0,-0.363893625059922,0,0
1494,1.74021007274734,1.99027757277467,2,0,0.291156057193483,0,1
1495,1.31021350203588,2.19879812516648,1,1,0.0203884171802691,1,1
1496,0.430433703952164,2.0657368353667,2,0,0.0846349782945404,0,1
1497,0.986682760172102,1.93677310549813,1,1,-1.36196557691763,1,0
1498,0.361238608343734,0.464069628039759,2,1,1.24331409323986,1,1
1499,0.666114295394451,1.37019615397226,0,0,0.649690699981525,0,1
1500,0.513384849570178,1.34336416686477,1,1,0.337010786779084,1,1
1501,0.186032488838666,0.428820398340048,2,0,-0.547924026634917,0,0
1502,0.584352039214638,0.727928502844355,2,1,-0.0677622324778689,1,0
1503,0.191593473363254,3.96872293608212,2,0,1.04572720032272,0,1
1504,0.703344516327588,1.36371516986144,1,0,-0.420423319990084,0,0
1505,0.341911885059542,1.24942139101525,0,1,0.694801474446739,1,1
1506,0.091385472431841,2.14624662744849,1,0,-1.53851519417534,0,0
1507,0.259385774325993,0.307765982316193,1,1,-1.62945516945086,1,0
1508,0.316619264518123,1.46950115909783,1,0,-1.0223148636973,0,0
1509,0.474588326695893,0.565590288626035,1,1,-0.579227089807332,1,0
1510,0.912118461240818,4.35320782453545,1,1,-0.13085697483358,1,0
1511,1.54049155810412,2.66415477270709,1,0,-1.04175018747544,0,0
1512,0.252991502518861,1.89006115637574,1,0,-0.111908960333135,0,0
1513,0.180424118205402,0.315102451790005,1,0,-0.937520034582705,0,0
1514,0.0623219837951991,0.723288322102537,1,1,0.0583696511550888,1,1
1515,0.868136490545021,1.5964333118868,1,0,0.250723064932798,0,1
1516,0.36851216521528,1.26732196037968,0,0,-1.17359419862223,0,0
1517,0.544779839821988,0.659972351665298,0,0,-0.655084055172824,0,0
1518,0.232091305275181,1.26302635093292,0,0,0.0708495582825596,0,1
1519,1.03779485134086,1.52395557960476,2,0,1.13933811824056,0,1
1520,0.422979758328034,3.10114851176772,2,0,0.692292187840903,0,1
1521,0.215254497921301,1.04480329572731,2,0,-0.205950813192795,0,0
1522,3.48172143910864,4.28473121176163,0,0,-0.927729383820033,0,0
1523,0.816488485322741,3.65821888982703,2,1,-0.24005051675902,1,0
1524,0.536136181197233,2.57785164398387,1,0,-0.257532482810343,0,0
1525,0.0222113899331979,0.096672872685981,1,1,-0.122907911557786,1,0
1526,2.15219847227735,3.17701219036311,1,1,-0.687559386497711,1,0
1527,1.09769334494539,2.59139937093553,1,1,1.23356483652247,1,1
1528,0.219873296510842,3.59365331185684,2,0,0.890477225600638,0,1
1529,0.916666391155183,1.69869385188138,2,0,0.430596104552798,0,1
1530,0.0843141067566143,2.26483007388158,2,1,0.908349388250707,1,1
1531,0.0492415960050291,1.07584972746456,1,0,0.442430619091521,0,1
1532,0.0999210717984372,1.25264548440212,1,1,-0.206544761429644,1,0
1533,0.85318595890669,1.33536330144777,2,1,0.247926464296957,1,1
1534,0.463782621340619,2.5211308649679,1,1,0.327622223451053,1,1
1535,0.194120919093721,0.376103794256815,1,1,1.49440421354595,1,1
1536,0.0989412099002801,0.31859426472089,2,0,0.358418264961037,0,1
1537,0.167904108141859,0.964053256288312,1,1,0.718475791856154,1,1
1538,0.139779318698476,2.03274723540784,2,0,0.86292604954403,0,1
1539,0.680249919080072,2.05995072587702,1,1,0.898954528712386,1,1
1540,0.553572886726923,0.563398435993971,1,1,0.374159605399941,1,1
1541,0.0895081591498865,1.68570264973519,2,0,0.170319042781672,0,1
1542,0.0266223663347208,0.126231091108102,0,0,0.372327932645118,0,1
1543,0.0379054196592834,0.348024503994538,1,0,0.324728367560209,0,1
1544,0.0421949643740829,1.12910205447816,1,0,-0.315930027294543,0,0
1545,1.10580378489575,2.34129624736205,2,1,0.200312349175926,1,1
1546,0.187279367819428,0.909253136626443,2,0,0.351614480423383,0,1
1547,0.5249001370329,1.09945727389614,1,1,0.147182953853599,1,1
1548,0.509776713888096,1.5062237178305,1,1,-0.367968724913613,1,0
1549,0.561358159304493,2.10460108555152,2,0,-0.822246465931609,0,0
1550,0.320034398593836,0.41677972816706,1,0,-0.893540033767699,0,0
1551,0.642167676964568,3.01853122483052,1,1,0.12963849340763,1,1
1552,0.546457021911111,0.618791724456249,0,1,1.10469419563824,1,1
1553,0.362759546066324,0.541660396557686,2,0,-1.03360823397872,0,0
1554,0.550006007672184,1.56881939550426,1,0,-0.059615766684174,0,0
1555,0.594868869520724,0.677756601817217,1,1,-0.0625221453421873,1,0
1556,0.236365163729556,1.06600773831209,0,0,-0.305628333464295,0,0
1557,0.129061818329824,1.00039946528195,1,0,0.549059871048731,0,1
1558,0.0345723874988794,1.5088291405492,1,0,0.296189424736788,0,1
1559,0.666139207573401,0.705726467666661,1,0,-1.04750708208093,0,0
1560,0.329578658048477,1.8889824838706,2,1,1.10492633162204,1,1
1561,0.280957775086992,1.41485846566675,0,0,-1.46141279349394,0,0
1562,1.01254071725211,2.2781273833463,1,0,-0.823192264014199,0,0
1563,0.222546129177014,0.927878342144908,2,0,0.629830542014845,0,1
1564,0.664957336344491,0.781890143080309,2,0,0.747259330288062,0,1
1565,0.31847490515146,1.64260709057713,1,1,-0.182547916709334,1,0
1566,0.0810384585183536,0.301650801252539,1,1,-0.0581676071333744,1,0
1567,0.178571242011256,0.444263176322799,2,1,-0.396752608365804,1,0
1568,0.88673814505638,3.29457942706843,0,0,0.715169438645585,0,1
1569,0.256326691780022,0.36796437886854,0,1,-1.14934783682377,1,0
1570,0.264722427560223,2.49677270646296,1,0,1.19919265760371,0,1
1571,0.174869627813598,1.89603620281916,2,1,1.54705868000476,1,1
1572,0.0431425388281544,2.67064026174715,2,0,-0.301777096371253,0,0
1573,0.211788434023055,1.6457484290148,1,1,-0.13451222744715,1,0
1574,0.14507234044787,0.22401657791297,1,1,1.12243946616729,1,1
1575,0.321200150065124,2.55029357469249,2,0,-1.25362308167807,0,0
1576,0.44052610380782,0.580629984331165,2,0,-0.597104300581014,0,0
1577,0.319487589100997,0.541362962927499,1,1,-0.673680356793056,1,0
1578,0.109506934170452,0.857931234133467,1,0,0.336695622077085,0,1
1579,2.06018873136386,3.69113998002202,2,0,1.0832851522589,0,1
1580,0.410248474735353,3.81959382134179,0,0,-0.195395998470159,0,0
1581,0.377904915561279,0.703184278606013,1,1,-0.358668564005182,1,0
1582,1.25395725121823,1.90403811742008,1,1,-1.48197055422187,1,0
1583,0.128732137899432,1.32233634420361,1,0,-0.169417157649206,0,0
1584,0.451711174618039,4.97973700336425,0,0,-0.999126636661068,0,0
1585,0.310061234049499,0.918872441593652,1,0,-1.01719294015037,0,0
1586,0.335162019138745,4.66725228505277,2,0,0.266248693098245,0,1
1587,0.906593016198622,1.1310891623808,2,1,0.479899751677701,1,1
1588,1.17357543354533,2.96487943773495,1,1,0.146623053135397,1,1
1589,0.878102585955592,2.49481890083001,1,0,0.231196660428938,0,1
1590,1.76861815205593,2.37879612292039,1,0,-1.25689231949418,0,0
1591,0.0110261957322387,1.49569237544151,0,1,0.720497463529198,1,1
1592,0.031881302388178,0.488573599971246,2,0,-1.00788235826898,0,0
1593,0.0492159240982599,0.397321767971167,1,0,0.524513431125955,0,1
1594,0.459025259026223,1.33452767793825,2,0,1.01665038072886,0,1
1595,0.849302953269429,0.875489179615525,1,0,-0.336720862478535,0,0
1596,0.550931376508541,1.08292197296423,2,0,-0.566050225807439,0,0
1597,0.0394212196384428,1.029128097797,1,0,1.04114755128405,0,1
1598,0.703983180121415,1.04806935794439,1,1,-0.283777708220161,1,0
1599,0.097024288034494,0.557013796599691,2,1,0.912672765769381,1,1
1600,0.17697725814715,0.972280468120192,2,1,0.438019995200242,1,1
1601,0.26498232761191,1.16434623768489,1,1,-0.910133108180323,1,0
1602,0.535165945895844,2.50035421298894,0,0,-0.40480015988315,0,0
1603,0.371571306863593,1.83026705746755,1,0,0.484237799863861,0,1
1604,0.827724898394294,1.6448427223149,0,1,-0.369400578002501,1,0
1605,0.382685718747477,1.22167297027557,1,0,0.846817975605085,0,1
1606,0.114001006198426,0.552599022945297,1,1,-1.2729528185885,1,0
1607,0.0571852405038145,0.495956516620158,0,1,1.32502160841322,1,1
1608,0.197544961157614,0.636386789860841,1,1,-0.493500002286211,1,0
1609,1.90292336865203,2.49710491873696,1,0,0.853446701439693,0,1
1610,0.118860875049399,1.57481880521652,1,0,0.650918221745668,0,1
1611,1.31488994276657,1.52402511784787,1,1,-0.0578034106281297,1,0
1612,0.775808148660276,0.781868889450411,0,0,-0.48995520171588,0,0
1613,0.262886798009276,2.1881653881865,1,1,0.624894304836188,1,1
1614,0.267790590102474,0.430951566557746,1,0,0.396860966407711,0,1
1615,0.853311758660183,2.42235404161293,1,1,-2.19224191459687,1,0
1616,0.522773378632135,1.17023929572051,1,0,0.446747906990593,0,1
1617,0.260758319301163,0.761687716352314,1,0,-0.733711517963462,0,0
1618,0.138151170685887,1.2593088539741,2,0,1.43439248095189,0,1
1619,0.89552106324776,1.47844632583548,2,1,-0.968974347125557,1,0
1620,0.697811680018074,0.793055698669369,2,0,-1.0754646940828,0,0
1621,0.195290064439178,0.305534733258328,2,1,1.75137596163947,1,1
1622,1.65626205518567,2.91868663871171,2,1,0.280711610506111,1,1
1623,0.306405784170851,0.388122669851667,1,0,-0.928480103631125,0,0
1624,0.066799915706118,0.480984962692934,2,1,-0.478617914109151,1,0
1625,1.62963347190729,2.55212938785204,2,0,-0.572816100363594,0,0
1626,1.42627052337231,2.82562158323631,1,1,0.0970587218648056,1,1
1627,0.510890807749497,0.614377849204798,1,0,-0.969553746518556,0,0
1628,0.0890643827410208,0.221429505561183,1,1,0.429025646586305,1,1
1629,1.2480269941138,1.51886967844845,1,1,0.0662215975126172,1,1
1630,0.0127154691520124,0.500589610479258,1,1,-1.17215872143421,1,0
1631,0.0238009355962276,1.21555055119923,1,0,-0.853660415059175,0,0
1632,2.01459849864843,3.0143889443328,0,1,1.75836816724591,1,1
1633,0.928803276240013,1.84481567328061,2,0,-0.0125933434123402,0,0
1634,1.12790777343314,2.81880518311466,2,0,0.145678540378758,0,1
1635,0.00793953914968104,1.53806618620428,1,1,0.254792682681061,1,1
1636,0.525333293092748,0.683525263642271,0,0,-0.0810551970011175,0,0
1637,0.70144309507062,2.5982280158744,2,1,0.389624280484943,1,1
1638,0.343538054989444,3.35283553737159,1,1,-0.42170408125408,1,0
1639,0.157389948661957,0.353515104753542,1,0,-1.27054377183399,0,0
1640,0.312534158175719,0.782224739012557,1,1,-0.504324225294839,1,0
1641,0.0469008170896106,1.72828327052186,1,1,0.776180611631874,1,1
1642,0.152515354566276,0.635425640381645,1,1,-0.538632342302575,1,0
1643,0.0283419609897667,1.41443917659756,1,0,0.415464711134178,0,1
1644,0.0305419999899136,0.310475202204163,1,1,-1.13264260238325,1,0
1645,1.07184489174557,2.39632027684536,2,0,0.0540105153613356,0,1
1646,1.06867187962235,1.22275050231043,1,0,1.99842154949795,0,1
1647,1.69453546602464,4.37719685299008,2,0,0.265823266129413,0,1
1648,0.831580008172211,2.91632680340178,2,1,0.0430660211906939,1,1
1649,0.531246073337065,0.559211722059892,1,1,-0.875604350536911,1,0
1650,0.392854095229672,1.6990432014863,2,0,-0.340675699414201,0,0
1651,0.582564115110371,0.642124292953449,2,1,-0.385881126919383,1,0
1652,0.0619171745224391,2.73038242264819,1,0,-0.1263025741735,0,0
1653,0.0732295621547081,2.70532963076659,2,1,-0.353439872749415,1,0
1654,0.0277772700455319,1.23853283636388,1,1,0.387160776719718,1,1
1655,0.254805621484088,0.951813886842029,1,0,-0.569218489504951,0,0
1656,0.00716690646691455,0.0333397400875886,0,0,0.269551920355957,0,1
1657,0.446967642961277,0.577053953345578,1,0,-0.840524763217325,0,0
1658,1.31737797142032,1.54541524332128,1,1,-1.09363005536361,1,0
1659,0.271920773869586,4.36149586929722,2,0,0.0243796344455517,0,1
1660,0.38754994308369,1.10557977232109,1,1,0.639050425427944,1,1
1661,0.0913547351956367,0.229475160861421,1,0,0.763910755984261,0,1
1662,0.0740404667898294,0.672500953825904,1,1,-0.144606634417687,1,0
1663,0.264000993015038,3.09579027543659,2,0,-1.35089027362809,0,0
1664,1.35049269943901,1.84771136340696,1,0,0.768741384610744,0,1
1665,0.402149966814452,0.498463123233395,2,0,-0.177486681224283,0,0
1666,0.0564537371611943,0.0620834711449196,2,0,0.957628503317852,0,1
1667,0.0235210568086504,1.82149029858746,2,1,0.723729035511159,1,1
1668,1.3010834517332,2.60308983410941,1,1,-0.796922403440002,1,0
1669,0.0596083861051334,0.186117251195558,1,0,-0.876974952693643,0,0
1670,0.205453325890832,0.363043104228128,1,0,-0.0387761473683929,0,0
1671,0.649911105218861,2.46581354910303,2,0,0.693188706867374,0,1
1672,0.656230397418969,2.10673466289977,2,0,0.0113966055159809,0,1
1673,0.0365855934503329,2.54723050984339,1,0,0.158474443350642,0,1
1674,0.619545917854541,1.54792650156827,1,0,-0.209968182833375,0,0
1675,2.23687292791674,6,0,0,-0.746870957090024,0,0
1676,0.136636812757287,2.68819703755013,1,0,-0.639125391420235,0,0
1677,0.388067053217027,0.87081341914391,2,1,1.22659027475013,1,1
1678,0.0676542132471999,1.69457768486069,1,0,-0.642122421931346,0,0
1679,0.159846860611456,1.62506597706408,1,0,0.244122920363769,0,1
1680,0.0353360962608597,0.677682745500697,2,0,-0.0357586097582884,0,0
1681,0.0576348530335559,0.232940260067522,1,1,-0.948886517109524,1,0
1682,0.511147409367065,1.56623516231775,0,1,-1.21522500491729,1,0
1683,0.522392948882447,1.34363102368784,1,0,0.688402731286993,0,1
1684,0.932906064054715,1.29927454907613,1,0,-0.510135657531297,0,0
1685,1.24925861854819,3.80638688181837,0,0,0.248768896810225,0,1
1686,1.58042609220847,1.90123375820329,1,1,-0.593055795031284,1,0
1687,0.419092127527309,0.612467988907978,2,0,0.428690756748253,0,1
1688,0.454124064257471,0.559245656151244,2,0,0.977956525090584,0,1
1689,0.136245595905008,0.227167675908367,1,0,1.25016443272935,0,1
1690,0.448597444531818,1.00907024008067,2,1,1.53341653860102,1,1
1691,0.0308737024250958,3.31660405240609,2,1,-0.288223203148373,1,0
1692,0.447171165400909,3.24616318511768,2,0,0.885939112347735,0,1
1693,0.692726927292016,1.68163761417897,1,0,-0.923154349316863,0,0
1694,0.0862147824631797,0.138569981286504,2,0,2.00324256350004,0,1
1695,1.46770263499983,3.36350693056981,0,0,0.41116685247271,0,1
1696,1.19619654383396,1.60435633329405,0,1,1.18661814817184,1,1
1697,0.215680280565866,0.244679858861614,1,0,2.11572606475335,0,1
1698,0.314097367506877,2.04511507841294,1,0,0.969834321902541,0,1
1699,0.97264808476771,1.70976575027293,1,1,1.15702492211697,1,1
1700,0.167967810605963,1.13725855487742,1,1,0.340218489144527,1,1
1701,0.874959027554936,0.960611578962027,2,0,1.87010397079221,0,1
1702,0.636646160338488,2.10195926190405,1,0,0.359003738204229,0,1
1703,0.140289808135195,0.960777314202581,1,1,-0.72703266186671,1,0
1704,0.910913775524842,2.7382786723485,2,0,0.500740745317816,0,1
1705,1.15544310876693,3.0054772453936,1,1,0.298742963840477,1,1
1706,0.375562057209512,1.02996398257344,1,0,-0.806167106924622,0,0
1707,1.04181337372596,1.36379027486375,2,1,-0.287070498062126,1,0
1708,0.452328901737928,0.510438903743448,2,0,0.354411362385692,0,1
1709,2.45522729417586,3.76875757976854,1,1,0.383390270796461,1,1
1710,0.000210071727868651,2.7321578890852,2,1,0.795404128234276,1,1
1711,0.469411014993158,2.80352060480796,1,1,-0.347792161102338,1,0
1712,0.791908766406788,1.13994880301411,1,1,-0.257935542680911,1,0
1713,0.546341423048741,0.826914858317859,2,0,-0.625503637396261,0,0
1714,0.265630016954269,0.74862948956488,2,0,-1.38523716427521,0,0
1715,1.11548590572643,1.27537741576081,1,1,-1.05567503724752,1,0
1716,0.585588382350074,1.31318335421383,0,1,0.61494559869943,1,1
1717,0.317579458157221,1.20377516450772,2,1,0.961521598594189,1,1
1718,2.09280747542763,3.54903306285088,2,0,-1.52405016467162,0,0
1719,0.470186775653727,3.8560311954083,1,1,-0.391770096421402,1,0
1720,0.893535006537716,2.48310420828914,1,0,1.01048589837294,0,1
1721,0.468991444342666,0.963623098349992,1,0,0.000695499141137634,0,1
1722,0.202075775020934,0.993814924047131,2,1,1.07245827685193,1,1
1723,0.190066573083974,0.42166393994615,2,0,1.29043021247958,0,1
1724,0.291231819428504,0.35934027113355,1,1,0.306765188327225,1,1
1725,0.814233976653801,1.07518658363913,1,0,-1.3825271052913,0,0
1726,0.125609505408112,0.137154779707392,0,1,-0.767072503387201,1,0
1727,0.358444611418084,0.778842822844782,1,0,0.406557926143626,0,1
1728,0.0324453245092858,0.968403308348861,2,0,1.43171985311614,0,1
1729,0.0692682045511474,0.611759175893521,2,1,0.144312450633226,1,1
1730,0.155572369882971,0.341075138812414,1,1,-1.16293246803405,1,0
1731,0.845357949488375,2.36379537533533,1,1,1.14659696623898,1,1
1732,0.286303416255652,0.829609306529164,0,1,0.101554556218635,1,1
1733,0.439653538280687,1.7979402558057,2,0,0.0550763354996727,0,1
1734,0.160412028328412,5.48985024849656,0,0,-1.6518240737272,0,0
1735,0.107014119437095,0.765930892273541,1,1,0.192427527735154,1,1
1736,0.511869742562989,4.58395162303488,1,1,-0.431054820889566,1,0
1737,1.3998325526947,4.93463806878088,2,0,-0.832040045740235,0,0
1738,0.946351576342861,0.949167552497556,0,1,-0.360738120942002,1,0
1739,0.0131705820641064,0.806892661437377,1,0,-0.752311554527674,0,0
1740,0.00893824526833163,0.177414055897093,1,1,-0.713166094480847,1,0
1741,0.566306395663155,2.3172733387755,1,1,0.717930886553611,1,1
1742,0.223831952700048,1.32881027905425,1,0,1.84014385394992,0,1
1743,0.0483164057784596,5.18726653080988,0,0,-1.1379716139458,0,0
1744,0.218111296691518,0.400979589146476,1,0,0.0641642974051848,0,1
1745,0.161659467654924,0.37107520001362,1,1,0.299229884790616,1,1
1746,0.722480765026477,1.78025137892119,1,0,0.673663280565871,0,1
1747,0.24455483274034,0.555236496848157,1,0,0.513458026879439,0,1
1748,2.05082423035218,4.81331089475853,0,0,-0.475230770271237,0,0
1749,0.344102620348109,0.573032601879661,0,0,-0.275752531587802,0,0
1750,0.863984246795058,2.28134782246711,2,1,-0.629653307350332,1,0
1751,0.262151347059343,3.43106855538287,2,0,0.427357383170217,0,1
1752,0.0321429988576306,0.290365635106961,0,0,-0.24765036323733,0,0
1753,0.462612026474542,0.830771498253224,1,1,-0.355037741245715,1,0
1754,0.311533266288506,0.465501795827674,2,1,1.16840117976564,1,1
1755,0.0423422828069637,2.38005214991669,0,0,0.149282610825403,0,1
1756,0.340434622151219,0.357202297134517,1,1,0.487883401777481,1,1
1757,0.277031077485946,0.373700621334788,2,1,1.45006214184267,1,1
1758,1.31382819053499,4.53410766257414,1,1,0.439889921510542,1,1
1759,0.444244409186973,2.67935615194575,2,1,-0.682165987062215,1,0
1760,0.942930400986224,1.25147966811332,1,0,0.993230811155201,0,1
1761,0.257451017387211,0.466011879382122,1,1,-0.198766682799805,1,0
1762,0.387453997570525,0.820670636874255,2,1,1.07068366681218,1,1
1763,0.277586816529501,0.480629227701334,1,0,-0.783683072622227,0,0
1764,0.233007898131924,0.937727348648331,1,1,1.88348428254402,1,1
1765,2.33712692834507,3.00421014107588,2,0,0.0947137975043379,0,1
1766,0.473824049242669,0.9130062168785,1,0,-0.978892699669477,0,0
1767,0.517675022905072,0.972256980007915,1,0,-1.04178803215934,0,0
1768,0.462999002383994,1.15377705778671,1,1,0.151668887627116,1,1
1769,0.0744301634323266,0.283117141004839,1,1,0.173779597950617,1,1
1770,0.187316344430049,0.765416260880696,1,0,-1.71903891053505,0,0
1771,0.70146632173823,0.955743522912365,2,0,1.23822446266345,0,1
1772,1.13395539314682,1.62877347904596,2,1,0.180768588866763,1,1
1773,0.485409089467592,1.21805026429015,2,1,-0.783224560641738,1,0
1774,0.371282808482647,2.20439473787944,0,0,0.220483240423414,0,1
1775,0.812838779094829,0.959247193321229,2,1,0.251726703795021,1,1
1776,0.649478598497808,0.812482009339115,2,1,0.662535141536398,1,1
1777,0.460788581209878,1.21063495376244,1,0,0.195101470792553,0,1
1778,0.239039207291272,1.00228964242727,1,0,-1.00982688427591,0,0
1779,1.25018643029611,2.55669199030767,1,0,-1.46539571033962,0,0
1780,0.42823233028503,2.16884395752747,1,0,0.19258455137677,0,1
1781,0.696109108523362,0.903827188642502,1,1,-0.465620264142287,1,0
1782,1.26101319156059,2.6645949430963,2,1,0.470288044623282,1,1
1783,0.00580143856091632,1.33971744523138,1,0,-0.511765936747247,0,0
1784,0.692319841538038,0.959996552461823,1,1,1.77934370524592,1,1
1785,0.25261884399635,0.571599741722992,1,1,0.31432226341197,1,1
1786,0.850135007205619,5.7612490624786,2,0,0.876305628206354,0,1
1787,0.544557285288142,1.24928253153384,1,1,-0.155098203180542,1,0
1788,0.457007400422485,0.547468776638222,1,1,1.22382448824764,1,1
1789,0.436450957844509,0.537947389152076,0,0,-1.11853273687082,0,0
1790,0.571757343913524,1.44877984956846,1,1,-0.180616250923308,1,0
1791,0.855862848000076,1.15836293854538,2,0,-0.0757023837024794,0,0
1792,0.493433128835426,1.10860976700981,0,1,0.937509322048889,1,1
1793,0.236680768031309,0.275189951205285,1,0,-0.826120824189757,0,0
1794,2.18525319661302,3.11859984305029,0,1,-0.0121114495295064,1,0
1795,0.0362924251962995,0.305528302383239,1,1,1.49120430030237,1,1
1796,0.162069159933563,1.23884949989399,1,1,0.363900347072305,1,1
1797,0.672337620312141,1.66178726558669,1,0,0.42341551296896,0,1
1798,0.636534470443924,1.33654941573031,1,0,-0.425674231364932,0,0
1799,0.0473655646810332,0.844648423028179,1,0,-1.80567130823693,0,0
1800,0.0931137657355315,0.610077698662883,1,1,-1.94683282165138,1,0
1801,1.96025359952386,2.02543191136984,1,1,-1.87079039155541,1,0
1802,0.0367564666602347,1.98671973725839,2,0,-0.0512095456696796,0,0
1803,0.0292520287136237,0.476081090179102,1,1,-1.70017398830174,1,0
1804,0.0607720452385744,0.655210696206833,1,0,0.0826157003746557,0,1
1805,0.0559597530195332,1.18764980448613,1,1,-0.146027190145147,1,0
1806,0.393685177444766,0.744107803664715,1,0,-0.758988781498087,0,0
1807,0.545928015684088,1.77972544687146,1,1,-0.487410251181819,1,0
1808,0.0903837225095711,0.411227017045601,2,1,-0.0214404910776044,1,0
1809,0.132775696753708,1.84729312010847,1,1,0.66894125308938,1,1
1810,0.520094095197761,1.96989813231653,2,0,-0.686969600411197,0,0
1811,0.422993326024633,0.581043347935605,1,0,0.299189013541039,0,1
1812,0.172104211845838,1.02009047041464,1,0,0.274889842639585,0,1
1813,0.101557849044538,0.689079130399281,2,1,-0.738869323155783,1,0
1814,0.3084280476388,1.12952112867915,2,0,-0.952767896725831,0,0
1815,0.238363686949015,0.589105314573231,0,0,-0.342138645395397,0,0
1816,0.573573929982053,0.775145073744415,2,0,0.5388270828852,0,1
1817,0.259990313729143,0.497292693389663,2,0,0.535198151040374,0,1
1818,0.316441125857333,1.80435482194766,2,1,-0.510508754519394,1,0
1819,0.24085464887321,0.78199019677916,0,1,0.337404032195857,1,1
1820,1.82792901864242,2.36436087200054,1,1,1.05516022860142,1,1
1821,1.59610626596726,1.79384586322575,2,0,-0.0678211588939702,0,0
1822,0.259218328918678,0.46833413291583,2,1,0.539435613445019,1,1
1823,0.049488294041819,0.124828595630754,1,1,0.00207206814644298,1,1
1824,0.240430740846528,0.363503054013382,1,1,-0.768176855829246,1,0
1825,0.920778201485202,1.5904570218251,1,1,0.0643559641540276,1,1
1826,1.1568481102119,2.1857971017943,2,0,-1.05090476389488,0,0
1827,1.55400649722058,2.53084085272611,0,0,1.31830852659507,0,1
1828,0.185171359711451,0.545032952908743,1,0,-0.149955565728238,0,0
1829,0.158441495667729,0.648316105422748,2,0,-0.462030807601207,0,0
1830,0.0893829305023015,0.966704754887196,1,1,0.151004043446272,1,1
1831,0.505444624771675,0.916285943142092,2,0,0.729491367169968,0,1
1832,0.373062033516665,0.778539057552739,1,1,-0.670479603602601,1,0
1833,0.0478917189563314,0.688945733635996,1,0,-0.635886697730709,0,0
1834,0.458254754129383,0.680296195503566,1,0,1.33323931502835,0,1
1835,0.235622261555616,0.739182807683543,1,1,0.452765285004142,1,1
1836,0.343737156588525,3.12899746387607,1,1,-1.20205704223868,1,0
1837,0.078488442943328,0.145166783283154,0,0,-0.789671553255723,0,0
1838,0.18484013982945,2.26398838024999,1,1,-1.55385621703218,1,0
1839,0.0641434815608793,0.859598417778793,1,0,-1.48073146913468,0,0
1840,0.054748879959876,0.411368320904506,1,0,0.316250943823134,0,1
1841,0.0707468957256422,2.16697563407057,1,0,-0.183494043658225,0,0
1842,0.0682497707506021,0.178494828671037,2,1,0.635365850698352,1,1
1843,0.0357718132770343,0.322286392831102,2,1,0.878590438175364,1,1
1844,0.204647542966342,2.6048197586948,2,0,-0.751110478048949,0,0
1845,0.376941738657236,1.02624682182287,2,0,0.469703109656562,0,1
1846,0.42589394427422,1.55199978500605,0,0,0.59695044080085,0,1
1847,0.390147318960064,0.555855349507933,1,1,-2.06142072105397,1,0
1848,0.0810977640724748,1.62331895635831,2,0,-0.708122986763764,0,0
1849,0.276534965054856,1.83557678513318,1,1,1.49696089239202,1,1
1850,0.209812245335765,0.558786364272237,0,1,1.01035061841392,1,1
1851,1.47945859878727,3.02482649985755,2,0,-0.716500120525994,0,0
1852,1.31534549299513,1.89276135337496,0,0,0.647721229225881,0,1
1853,0.667597074061632,1.07143516652286,0,0,0.253322100273109,0,1
1854,0.628635274349815,1.73979833140334,2,0,1.28699336539917,0,1
1855,0.0301532545644376,2.83347304408227,0,0,-0.700186470013726,0,0
1856,0.183181308934258,0.473765259577876,1,0,-1.20121758498192,0,0
1857,0.354246215170456,0.96461552195251,0,0,-1.30492953732786,0,0
1858,0.362102217040956,0.543760859458515,1,0,-0.214253325489252,0,0
1859,0.307554796131121,1.59929756935792,2,0,0.783815436208179,0,1
1860,0.829001345314596,1.55264904784397,2,0,0.103155247791979,0,1
1861,0.0164572615176439,0.58280671106538,1,0,0.238160895236291,0,1
1862,1.24237265864362,2.00656137997185,0,0,0.172616259038493,0,1
1863,0.080166255744795,0.137386108656983,1,1,-0.129361192471514,1,0
1864,0.843676296533492,0.859311345364059,1,0,0.0727314163299858,0,1
1865,0.331567176100281,0.506450757693832,0,1,-1.24743555355542,1,0
1866,0.8569699598361,1.4748244266957,0,0,-0.39017663870264,0,0
1867,1.18371305154729,1.30911955848051,1,1,0.409788918833737,1,1
1868,0.560837109676666,1.33748994731944,2,1,1.11272980334769,1,1
1869,0.072102885914447,0.456191942207003,1,1,1.79755950455219,1,1
1870,0.651941070229643,0.699942443325236,2,1,0.33793632868495,1,1
1871,0.189261346951955,1.06785992954229,1,0,0.0336314449523264,0,1
1872,0.252650731450154,1.00109255476132,1,1,-0.482206421300682,1,0
1873,0.545432727990879,0.784943366746652,2,1,0.229873931578705,1,1
1874,0.210215347922511,1.2352497262008,1,0,-1.36281217020928,0,0
1875,0.761038108418385,1.1377446877717,1,1,-0.592516846846381,1,0
1876,0.592653818118076,1.17125203368965,0,0,-2.19369062937365,0,0
1877,1.619004816459,1.63788099773228,0,1,-0.131386973109988,1,0
1878,0.565914173300068,3.41529998981347,2,0,0.0494942651064067,0,1
1879,0.486917997382506,2.46339556900027,2,0,-0.606740098994117,0,0
1880,0.223307062664794,0.936534086469845,1,0,-0.947848936005099,0,0
1881,0.257870002767145,0.439162687147572,2,0,2.54395070710733,0,1
1882,0.548969771092137,1.45007710768337,2,1,-0.386231385572159,1,0
1883,1.08452677515117,2.19159410405602,2,0,0.217901243521739,0,1
1884,0.337141691430436,0.791892906030019,0,1,-1.68203007696338,1,0
1885,0.542570280118121,0.72936245849653,2,0,0.364131651268652,0,1
1886,0.628494509599275,1.54917237085729,1,1,-0.939760974439555,1,0
1887,0.227661634691887,0.306196963163074,1,0,0.0557355461140943,0,1
1888,0.82672149766122,5.64941595328584,2,0,-1.14135895406095,0,0
1889,0.044368195567243,0.208095176491902,1,0,0.70471066821542,0,1
1890,0.195288570677105,0.420153927453809,2,1,0.077655630395957,1,1
1891,0.392054957337677,2.35974297713185,2,1,-0.0115413178375966,1,0
1892,0.112481852475968,1.0988452370095,1,0,-0.256551462912043,0,0
1893,1.06014682389267,1.53622737543698,1,0,-0.0841191074683287,0,0
1894,1.10685247612796,1.1984394197457,2,0,0.449652412855372,0,1
1895,0.320353239981665,0.764927413337554,2,0,1.72914628818948,0,1
1896,0.118617977902321,0.325170059873786,1,1,-0.689645023269588,1,0
1897,0.00490699346762385,0.0212286223845007,1,0,-1.73416119751925,0,0
1898,0.270577969267789,1.02587328795345,1,1,0.271022408618063,1,1
1899,0.0123598602496915,2.1455800209709,2,1,-1.55048257451084,1,0
1900,1.16109766578808,1.25246584415436,0,0,-0.893874771552627,0,0
1901,0.00187877358661758,0.622994793401284,2,1,1.60292787147173,1,1
1902,0.353998281579051,1.32466745073385,1,1,-0.896965339773108,1,0
1903,0.460871466713019,1.42197185925978,1,1,0.256774669038669,1,1
1904,0.731135498628848,1.74369550218584,1,1,1.83643666269758,1,1
1905,0.557546496598257,1.07060618720967,1,0,0.348507098376542,0,1
1906,0.114308856945071,1.50948403836036,2,0,1.62110799031515,0,1
1907,0.011729864992869,0.137886299215111,1,1,-1.41095291146338,1,0
1908,0.142465484324804,0.569446219434983,1,1,0.895380611657258,1,1
1909,0.145678347374208,0.233686153436058,1,0,-0.834041385669339,0,0
1910,1.09537817843558,2.79162074760001,2,0,0.799170266249434,0,1
1911,0.499370407002668,0.835701436195821,2,0,0.0683769835560638,0,1
1912,0.173254728908456,3.37601658529235,1,1,-1.50723173540612,1,0
1913,0.735028958879411,4.54634172843674,2,0,-0.740380712472402,0,0
1914,2.42915841633317,3.42502457915347,2,1,-0.1928185180488,1,0
1915,0.221235040161345,0.4274927481743,1,1,-0.343729365544724,1,0
1916,1.87961608576049,1.93344718024943,2,1,1.38697574488702,1,1
1917,1.604812119544,6,0,0,-0.400909624283685,0,0
1918,0.46797605127924,0.481267582308958,2,0,0.0918728903280143,0,1
1919,0.126763266686039,1.91004284303446,2,1,-0.60753318655493,1,0
1920,0.432342723288175,1.96318286410553,2,0,-0.207590503726521,0,0
1921,1.73264135106564,6,0,0,-2.49945726769592,0,0
1922,0.0748767459513498,0.879232262697989,2,0,-0.599286798118998,0,0
1923,0.964434340342562,2.45279313239237,2,1,-0.37311087340256,1,0
1924,0.776698115026002,0.784100053047174,1,1,-1.63299926727507,1,0
1925,0.436776106556257,1.57458556994937,1,1,-0.0649242081143017,1,0
1926,0.183850829489529,1.607492709952,1,0,-0.621977331586165,0,0
1927,1.26960954624217,1.61914264783263,0,0,-0.817789195983014,0,0
1928,0.413143775553584,0.556706320494413,0,0,0.251839887636374,0,1
1929,0.00942872919451455,0.537414282826582,1,0,2.12637854014472,0,1
1930,0.196895576735626,1.77544677258853,2,1,0.447964187461462,1,1
1931,0.798491978350295,4.65659132127648,1,1,-0.344987591247294,1,0
1932,0.146174265098319,0.992144261568093,1,0,0.460735456686155,0,1
1933,0.98466277938426,2.15169462481048,2,0,1.17082783840491,0,1
1934,1.40602375169067,1.55051283220506,1,1,-0.237184268037936,1,0
1935,0.997405235298488,1.06549635131916,2,0,-0.594485165749405,0,0
1936,0.524870162557429,0.639974935956861,2,1,0.854287888269617,1,1
1937,0.46202614179088,1.97141091677139,0,0,-0.808759262579751,0,0
1938,0.357112381089893,1.1384618034412,1,0,0.239576427808203,0,1
1939,1.22046204693087,1.8643624665966,2,1,0.145258858422935,1,1
1940,0.185352350688643,0.823049607128221,1,1,-0.2175872468609,1,0
1941,0.836663692108141,1.364258332178,0,0,0.669703856791582,0,1
1942,0.0335646963988741,1.08731754898429,2,1,1.12261767686271,1,1
1943,0.534299131379359,0.716533794378241,0,1,0.762073235304066,1,1
1944,1.01886874370576,1.84608485899112,2,0,0.72079551178403,0,1
1945,0.330675560463634,0.659394709269687,1,1,-1.32233910157027,1,0
1946,0.239437789552742,2.81804986784605,2,0,0.975214061254777,0,1
1947,0.259964304148323,0.528413076759126,2,1,0.123039471361398,1,1
1948,0.120426264798476,0.563720380591537,1,1,-0.778359327792168,1,0
1949,0.502877432025141,0.775794713608609,2,0,0.867806942077985,0,1
1950,0.173480315651331,0.806917226444347,1,0,1.18262254977045,0,1
1951,1.81559171725249,2.45616609642011,1,0,-1.34446798852535,0,0
1952,0.787578240611169,1.30364652424275,1,0,0.569155714392515,0,1
1953,0.027223776301576,0.044241224726763,1,1,-0.683410587602382,1,0
1954,1.10766247738038,4.15565284497145,2,0,-0.514413158035071,0,0
1955,1.07668076016308,3.37857844319112,1,1,-1.31161047547526,1,0
1956,0.00819395757221087,0.420293344696042,1,1,0.31555446776832,1,1
1957,0.316721328370973,1.58079602445165,0,1,-0.118981089530734,1,0
1958,0.178992000671729,1.5444187962256,1,0,-0.436324337334006,0,0
1959,0.167686057716567,0.175919167958536,1,0,-0.251615096454704,0,0
1960,0.263462797923993,0.709109086154418,1,0,0.324547254378181,0,1
1961,0.0870929260277124,0.433061815726969,2,0,-0.208657974691871,0,0
1962,0.206479243934155,0.611520055681467,0,0,-1.38443460836535,0,0
1963,0.050848616907994,1.09222801231644,1,0,-1.00471477194056,0,0
1964,0.295829295387699,0.418271055759263,1,0,-1.55435096884879,0,0
1965,0.177591962531503,0.469036620984535,2,1,0.349488869596492,1,1
1966,0.591352371912863,1.10249229820773,1,1,0.980829878471725,1,1
1967,0.204723005759921,0.535270749342696,1,1,0.286741963013953,1,1
1968,0.0087191931976313,0.711222601676037,2,1,2.03236422532474,1,1
1969,0.468503007561796,2.24465630394218,2,0,-0.611895112544357,0,0
1970,0.183844569967025,2.31448127359921,2,0,0.448638076385702,0,1
1971,0.984432320581224,1.26346384698411,1,1,0.694856846732611,1,1
1972,1.51497086401914,2.59247627109289,0,0,-0.7170938098184,0,0
1973,2.31492454172079,3.15684744577163,2,0,1.2663730946728,0,1
1974,1.24287019381312,2.91057565322746,1,0,0.479455952417977,0,1
1975,0.229122866359022,1.0221446180571,1,0,-0.29439219695506,0,0
1976,0.00665809077889493,2.01742713903499,2,1,2.09124135882101,1,1
1977,0.665934289184709,3.02239973450054,1,1,1.10216720889908,1,1
1978,0.17184805435439,1.52224656681145,0,0,-0.572857577955433,0,0
1979,1.18040691435636,2.72288191492799,1,1,0.626892899826375,1,1
1980,0.290781928019391,0.537959083364228,1,0,-0.931489585608099,0,0
1981,0.827769337125351,0.952370933567484,0,0,1.04050696659817,0,1
1982,0.526462116071747,0.625125105663198,2,1,-0.434650676476144,1,0
1983,0.408923601110776,2.0616353565333,1,0,-0.0445568386023941,0,0
1984,0.133289987007788,0.18844514952412,1,1,-2.59644814437822,1,0
1985,0.908163138101181,1.30395099628749,0,0,-0.772924541611269,0,0
1986,0.293509783008238,2.90769232167249,2,1,-0.175585989163519,1,0
1987,0.564439931056566,1.48920977076738,2,0,-0.69896478327637,0,0
1988,0.0736067883877291,0.111226846505969,2,0,1.20787364466968,0,1
1989,0.145808255495744,3.5122957860212,2,0,-1.65742670819379,0,0
1990,0.262476268431379,4.68701685620173,2,0,0.806772056915429,0,1
1991,0.944905814662539,2.13951869963271,2,1,-0.479544120515998,1,0
1992,0.739119150675833,0.765673011690302,1,0,-0.401405171783158,0,0
1993,0.367512522794561,1.32487450361226,1,0,0.532063818710619,0,1
1994,0.884561928558928,2.47168816315631,0,0,0.229550326804737,0,1
1995,0.111489204896821,0.195432089727165,0,0,0.215855582046881,0,1
1996,0.282378055598704,1.00671057971273,1,1,-0.913239013976371,1,0
1997,0.268129319366482,1.36400154274706,2,0,0.319182057159249,0,1
1998,0.0848244389564123,0.59877954772061,1,0,-1.16033557333434,0,0
1999,0.294211012472633,1.34405210182919,2,0,0.764739235004429,0,1
2000,0.182381586378647,2.51415290791627,0,1,0.792730483610876,1,1
2001,0.878567914949205,1.68150102132781,2,1,-0.604502228329239,1,0
2002,0.0485901679429743,0.308980795252427,2,1,0.477532457994708,1,1
2003,0.0198319993651222,0.0418632227371344,0,1,0.961073938806787,1,1
2004,0.375668660013212,1.78631788899225,2,0,-0.00802277400527561,0,0
2005,0.0907785228143136,1.01908130440904,1,1,0.0709086788828207,1,1
2006,2.37000511487005,2.9176937022772,2,0,-0.813184502559121,0,0
2007,0.0210968522440621,0.0263528161255594,2,1,1.18076307733184,1,1
2008,0.187693498801553,0.192598370684609,1,1,0.407429288298601,1,1
2009,0.0182508118235544,0.0757970155520251,1,1,0.710345624600932,1,1
2010,0.17016351353274,0.963977101487807,1,1,-0.422394885705743,1,0
2011,0.211532961212618,1.35541124363055,1,1,-1.3232179660427,1,0
2012,0.316608877749079,1.77809081659036,0,1,1.1265975362508,1,1
2013,1.18056148399691,1.23966597020626,0,0,-1.64766848456991,0,0
2014,0.021203592316144,0.858966758746056,1,0,-0.0339662727789519,0,0
2015,0.584689234383404,1.025566307548,2,0,-0.981765837843482,0,0
2016,0.666494697021941,1.091277665685,2,1,0.538196866074394,1,1
2017,0.0745500205084682,0.217573929659606,1,1,-1.55971375704372,1,0
2018,1.53871743107307,2.77161309408509,1,1,0.412005358369361,1,1
2019,0.13418662465281,0.233513974133841,1,1,-1.36701551949973,1,0
2020,0.16209762957361,2.77770283898649,1,0,0.553619595585753,0,1
2021,0.479560690000653,0.665665555897352,2,1,0.0692324804413669,1,1
2022,0.00343267441659137,0.939937053627231,2,1,0.980250288475402,1,1
2023,1.14080988590388,1.27561202431262,2,1,0.648514017599273,1,1
2024,0.255233073193166,0.726500079035759,0,0,0.24783842381612,0,1
2025,0.13027073091103,0.413867346942425,0,1,2.3877019518539,1,1
2026,0.0656979241304927,0.379396171630582,1,1,-0.571285975520622,1,0
2027,0.797421358892997,0.866733736387456,1,1,1.37410566170541,1,1
2028,1.03336444487595,1.9738684098183,1,1,-1.69296628857656,1,0
2029,0.8666044980188,3.00679877381501,1,1,0.243754116371241,1,1
2030,0.114844511506591,1.53732158864538,0,0,1.07699989563695,0,1
2031,0.0864966953587201,1.47008581309222,2,0,0.3392264622304,0,1
2032,0.0638374754504238,0.15105295267723,1,1,1.52767126367726,1,1
2033,0.204582961483134,1.43482883679727,1,0,0.276949997670777,0,1
2034,0.0585466933747133,0.386849644406822,2,0,0.970962564511709,0,1
2035,0.0495399196580395,1.67888449122726,1,1,-0.88142549828059,1,0
2036,1.6068878396412,2.11857340228895,1,1,1.34850588684504,1,1
2037,0.177979586727545,0.336203996244244,1,0,-1.62760343088979,0,0
2038,0.107083111070096,0.565718274905069,2,0,1.17640422088657,0,1
2039,0.0146725714456841,3.39619519189,0,0,0.0227905607211557,0,1
2040,0.76781015843153,2.20472919044945,1,0,0.0298740300888446,0,1
2041,0.185961334029339,0.681833991314256,2,0,0.334439513393013,0,1
2042,0.767575205407209,1.01040685349312,2,1,-0.396162268997737,1,0
2043,0.259279034226541,0.672547121692124,1,1,-1.19695979689357,1,0
2044,0.74387187914302,0.77480386942625,0,1,-0.242658643710892,1,0
2045,0.873383935576331,1.74256750051891,2,1,-0.289793756366887,1,0
2046,0.365472219791158,0.384672839483716,0,1,1.3426145769807,1,1
2047,0.298385973502364,1.44296116167876,1,0,-0.657957717801314,0,0
2048,0.24931026260472,2.29259383243819,0,0,0.91848097358201,0,1
2049,0.00961087592360046,1.42210945555844,2,1,-1.9069980920181,1,0
2050,0.135173104982081,0.397589643559556,2,1,0.218064105523398,1,1
2051,0.0713765114131901,0.767768275044763,1,0,0.398112462808042,0,1
2052,0.498147758965691,0.592555979349403,2,0,0.386405040025122,0,1
2053,0.548581256109848,2.27369256288095,0,0,-1.62899762679495,0,0
2054,0.873025012052404,2.37491641792966,1,1,0.104956794995275,1,1
2055,0.305363299549773,0.401239992252801,2,0,-0.543787387108771,0,0
2056,0.174794095803398,0.655550669492177,2,0,0.108346937467373,0,1
2057,1.15204439263435,1.86654006441434,0,1,-0.767721770063576,1,0
2058,0.646488435773386,0.800908436281474,1,1,-0.497324888281125,1,0
2059,0.424738206072814,3.57114990492235,2,1,0.359825247679764,1,1
2060,0.34194351006293,1.17157809649304,1,0,-0.368155953265631,0,0
2061,0.0344023952430473,0.569506187155893,2,1,0.955303045323928,1,1
2062,0.197826204821467,1.08470536457996,0,0,0.94025258504667,0,1
2063,0.15758954341722,0.306148081215893,2,0,2.08727955235947,0,1
2064,0.679108741589718,0.954176799694598,1,1,-0.187152844350516,1,0
2065,0.168849741179202,1.80491876292159,1,1,-2.24157194120839,1,0
2066,0.247186176582343,0.368547390081911,1,1,-0.568434415158284,1,0
2067,0.81507119615719,1.45652781614506,2,0,-1.30013867719041,0,0
2068,0.128542686326908,3.19796744113167,0,0,-0.545899429741629,0,0
2069,0.899748963567628,1.25615208937146,2,1,-0.117788116756448,1,0
2070,0.126668558352523,1.46814375998028,1,0,0.210180884560809,0,1
2071,0.0327687296602461,0.195381877322992,0,1,-1.54382056747366,1,0
2072,0.329288528706446,0.434958292118535,1,1,-0.687235781435756,1,0
2073,0.408754299161535,1.560373522643,1,1,0.321080304258739,1,1
2074,0.263213521973642,0.341624569332162,1,0,-0.787721727767723,0,0
2075,0.252907206536792,3.22818192089327,1,1,-1.32882850891991,1,0
2076,1.26548887432749,2.62968453229233,2,0,0.516306943819964,0,1
2077,0.101470108011368,1.22421779700299,2,0,0.535774113624193,0,1
2078,0.249054368274907,4.57053993518154,0,0,0.304906172394661,0,1
2079,0.741083075085448,0.977740083177555,1,1,1.46767229402808,1,1
2080,0.61336851782269,0.650043652957327,1,1,0.262209316996281,1,1
2081,0.502611828140087,1.2750538566665,1,1,0.225631012848356,1,1
2082,0.296475697412259,0.617308713538539,1,0,-0.411472815323149,0,0
2083,0.12020821734849,0.677087653543597,1,0,0.548127814125893,0,1
2084,0.247435203442971,0.728154743361014,2,1,0.0946083310857578,1,1
2085,0.0728150808976756,5.81094447288878,2,0,0.320327979850472,0,1
2086,0.535490546996395,0.746340408227274,2,1,-0.709210339687974,1,0
2087,0.865117421591359,2.22713287197585,2,0,-0.00575467728720683,0,0
2088,0.444488228890736,1.00745708281245,1,1,-0.53168893614911,1,0
2089,0.0193337444216013,1.19343971334632,1,1,-0.554898239392188,1,0
2090,0.159177047510942,0.782028979874902,1,0,-1.34146004902309,0,0
2091,1.18014089137615,3.95685158786189,1,0,-0.211811759173182,0,0
2092,0.42785503299368,1.04056845900341,1,1,-2.47321635027873,1,0
2093,0.258988240319822,0.67190250034502,2,1,1.64932189540084,1,1
2094,0.0335718044597242,0.0863456096145462,2,1,0.0381027546177225,1,1
2095,1.14212080728148,1.19184113239264,1,0,-1.47112388236903,0,0
2096,1.62239590639034,2.20822535540125,2,0,-0.408799404546004,0,0
2097,0.0111655470809823,5.23632911604265,2,0,0.216339667461442,0,1
2098,0.0634937428407934,0.486149662474556,1,0,-0.720955742151299,0,0
2099,0.463853769211306,0.552104813978076,0,1,-0.330328953406269,1,0
2100,0.0671657568050755,0.317683364629256,0,0,0.516076834345824,0,1
2101,0.358874332589282,1.76112840814418,2,1,1.002061719101,1,1
2102,2.97787356900742,3.55123705969743,1,1,0.567778227703413,1,1
2103,0.0467396196391847,0.534524984520262,1,0,-1.51354087665306,0,0
2104,0.510214530355567,1.08567785774827,1,1,-1.07709583389629,1,0
2105,0.186590242883709,2.62689896773509,2,0,0.0751958770485667,0,1
2106,0.132217461553713,0.18269902942371,1,1,-0.801248710002287,1,0
2107,1.30646793581017,1.8178693851209,1,0,-0.498911472445518,0,0
2108,0.357598033684064,0.985580360943544,1,1,0.655776048329784,1,1
2109,0.291435589703421,1.07179331711127,2,0,0.506659020190571,0,1
2110,0.478160701331529,0.760923181023112,0,0,-0.811504949056399,0,0
2111,0.226477693667821,0.301457069577909,0,0,0.729052222521786,0,1
2112,0.279832727068828,2.51273881956616,1,1,0.0452816906719988,1,1
2113,0.302789161085255,1.95332862671471,2,1,-1.10482821202297,1,0
2114,0.579327286945449,3.14681201817016,1,1,-0.232595424876249,1,0
2115,0.140775400927109,0.598333616526074,1,1,-0.117121722497914,1,0
2116,0.97105365345347,1.59100753175848,2,1,-0.240341364431673,1,0
2117,0.117145030272839,0.36873190160864,0,1,-1.2780579747316,1,0
2118,0.35253199076073,0.682050034469276,2,0,-0.345252490221445,0,0
2119,0.0650867431132777,0.214378712519835,1,1,-0.817434941179257,1,0
2120,0.440349453646276,1.05154938971362,1,1,2.37547461566951,1,1
2121,0.395554548853801,1.91724033362689,1,1,0.0175928409214935,1,1
2122,0.448744240630832,0.862053060786435,1,1,0.62319763162547,1,1
2123,0.333411561635633,1.65268437976961,1,0,-0.394795361895762,0,0
2124,0.0564098741031355,1.19125762834057,0,1,1.15449690905482,1,1
2125,0.474025081429217,1.15738305690466,2,1,-0.353886747683052,1,0
2126,1.61025856715708,2.23403142646728,2,0,1.459761856197,0,1
2127,0.224156651814773,0.673779290444879,2,1,0.860278083684742,1,1
2128,0.637984301687943,0.92810205592082,0,1,0.308782814319803,1,1
2129,0.688637490901682,1.6939629059467,2,0,-0.473720769844483,0,0
2130,0.199188564179672,0.832005881506157,1,1,-1.5301321755258,1,0
2131,0.0863009264960442,1.34507279900015,1,0,0.0501413857017414,0,1
2132,1.02485109840302,1.74040988161823,2,1,1.01160062785671,1,1
2133,0.222352802132567,0.605664387588698,1,0,0.383240362430215,0,1
2134,0.0378214485115475,0.745939525628437,1,1,0.824443655297097,1,1
2135,2.07679059967997,2.51024336778322,2,0,0.301727360235155,0,1
2136,0.438682239906044,0.789464968025045,2,0,-0.345042030808927,0,0
2137,0.0299768976965001,0.181140601978696,1,1,0.579875233491699,1,1
2138,0.388965924373931,0.701632773507008,0,1,-0.873422621762842,1,0
2139,0.190655099641946,1.56550562170091,1,0,0.900480035643186,0,1
2140,0.372988075121409,0.957696024250905,2,1,-0.899679237504745,1,0
2141,0.179546321224835,1.60543628435269,2,0,0.0872904889753371,0,1
2142,0.163305531966084,4.7621032937654,1,0,-0.11168070545253,0,0
2143,0.0977608245900936,0.160868515791429,1,1,0.243173506605464,1,1
2144,1.50371988609733,3.27373709676225,2,0,-0.298278241376366,0,0
2145,0.427615541654329,0.794475092226291,1,1,-1.04532602713818,1,0
2146,1.54387689496679,2.66391729646292,1,0,-1.43254547440713,0,0
2147,0.498664021595485,0.81220989241662,1,1,-0.35213659592586,1,0
2148,2.1103294855085,4.67909011961826,0,0,-1.42280217631904,0,0
2149,1.74844909656978,1.90406998302894,1,1,-1.23655677691616,1,0
2150,0.267303360419141,1.29430252415545,2,1,0.232242946033994,1,1
2151,0.210897601726982,1.12221914896628,2,1,-1.17099839774951,1,0
2152,0.891118564268467,3.56229297898283,2,0,-0.297429424821857,0,0
2153,0.135873095540684,2.12798888312,0,1,-1.38663862836909,1,0
2154,0.306747009356817,2.33002275523811,1,0,-0.564181003340629,0,0
2155,0.549844060822346,2.24794881559942,1,1,0.545399581940793,1,1
2156,1.09237219098841,1.64947902352492,1,0,-0.143092464907829,0,0
2157,0.367902986306611,0.697251015994736,1,1,-0.00909546127500575,1,0
2158,0.165651986478931,0.369129600003362,0,1,-0.0821728752011101,1,0
2159,1.32028831964071,1.59653175917821,1,1,-0.533321763938848,1,0
2160,0.200787048993839,0.781808636798674,1,1,-1.58675913782865,1,0
2161,0.37840209590892,1.85538412808481,2,0,-1.3230383435894,0,0
2162,1.17466054127748,2.97444126090979,1,1,0.317751028877312,1,1
2163,0.2824870750515,2.02731581881291,2,0,-1.04699193266422,0,0
2164,0.0899767156483399,1.23911054273357,1,1,0.460832547029005,1,1
2165,0.096468696784642,1.45945770274107,2,0,-0.459673317018948,0,0
2166,0.431171085478531,1.27609656684815,1,0,0.339606090355087,0,1
2167,0.269534139790469,0.928238207525037,0,1,-0.302993646622368,1,0
2168,0.182700174239775,0.384182416378052,2,0,-0.571759061189032,0,0
2169,0.158004919584427,2.15504838027283,2,0,-0.998007921208504,0,0
2170,0.216473291317622,0.627266511861,1,1,0.345331340697306,1,1
2171,2.14949605167345,2.54348799628445,1,0,-0.827611493611584,0,0
2172,1.01095300312772,1.70381231028867,1,1,-0.380015114039146,1,0
2173,1.04798124476018,2.37255702833414,2,1,-0.781079015119464,1,0
2174,1.40203449663488,1.56182722939361,2,0,-0.829622907578454,0,0
2175,0.171096305776801,0.347052215468586,0,0,0.313141073041772,0,1
2176,0.228860508486149,0.508671543743277,2,0,1.35930702116291,0,1
2177,0.200168700992233,0.331186955359708,1,1,-0.609072887293779,1,0
2178,0.103375676558112,1.27220290902982,1,0,-0.0588061595658343,0,0
2179,0.699239610694349,3.13322088336703,2,0,-0.00472303061099708,0,0
2180,1.45498938646881,1.59268891893939,1,1,-0.184806419745403,1,0
2181,0.119027797322449,0.336593227186883,1,1,-1.08495380293949,1,0
2182,0.750254394176106,1.10401804841941,1,0,0.233103933309428,0,1
2183,0.934608765287038,0.935847923271709,2,0,-0.860203299227224,0,0
2184,0.0812739744368527,5.18119472361414,0,0,-1.05684371987355,0,0
2185,0.183049679423372,1.23938027718577,1,0,-1.99477045714223,0,0
2186,0.314153053590821,0.340567924267276,1,1,1.32144787856125,1,1
2187,0.00989340422143218,0.921234429493809,1,0,-1.31972029632028,0,0
2188,1.19138972415164,1.53849286792167,1,0,-1.25511125146076,0,0
2189,0.0998331797509854,0.236668078773917,1,1,-1.3529752602644,1,0
2190,0.152771892827525,0.418761440401874,2,0,-0.766566904289862,0,0
2191,0.589051578297383,1.26853454329516,0,0,-0.652758546678509,0,0
2192,0.426051931248771,1.29844820998131,2,0,0.837937820436765,0,1
2193,0.00357040721509192,0.00904214115174212,1,1,-0.965946248236633,1,0
2194,0.0213449893312322,0.0545661027232806,0,1,-0.477326580536332,1,0
2195,0.693120747908122,1.2235376874366,1,0,-0.630736316134685,0,0
2196,0.408000751501984,0.929937060484834,1,1,0.762475647279914,1,1
2197,0.0113468353326122,0.0585209943244132,2,0,1.5330163232083,0,1
2198,0.124259118197693,1.1347951457695,1,1,-1.33479312428362,1,0
2199,0.103255983235108,0.454369580935945,1,0,0.941939010360596,0,1
2200,0.374554177849657,1.55347579015636,1,0,-0.787814672847768,0,0
2201,0.349614643491805,2.12214074718456,0,0,-0.18754799597564,0,0
2202,0.443103169872868,2.4733245974392,2,0,-0.438650639987853,0,0
2203,1.13161298145452,2.00881050810585,2,1,0.160273141298086,1,1
2204,0.341989849694073,1.03429746350692,2,0,-0.0167452343510271,0,0
2205,0.583420687665542,0.878125222480468,0,0,0.368805727102435,0,1
2206,0.694377078794168,1.17586964562725,2,1,1.47689295846678,1,1
2207,0.0249504142751296,1.07106103213561,2,0,0.874528072748241,0,1
2208,0.0575741996160812,0.08583210834772,1,1,-0.609762427898258,1,0
2209,0.0529628433287144,1.00462426331487,1,0,0.506407654995731,0,1
2210,0.29155521084451,1.30514281245196,1,0,1.06203596214746,0,1
2211,0.649611677767502,0.779026132216608,2,1,0.743693245837964,1,1
2212,0.746444780896935,1.1960124763324,2,1,-0.0598724967652812,1,0
2213,0.997918218874064,1.19249062693096,1,0,-0.0450128391216633,0,0
2214,0.099416099220392,0.0996940906209784,1,1,-0.615242779343072,1,0
2215,0.0299163866374228,1.21343014937557,1,1,-0.884204329585707,1,0
2216,0.0020594717038333,0.560601938936757,2,0,0.896070487375445,0,1
2217,0.709148956359261,1.9558049815459,2,0,0.196061719119129,0,1
2218,0.724853511589269,1.35170750720374,0,0,-0.58795410997706,0,0
2219,0.0348045454464025,1.01820740480654,1,0,0.874889388976832,0,1
2220,0.985350900593413,1.55114071297877,2,1,0.243111740135044,1,1
2221,0.401118570007384,2.22668011771421,1,0,-0.981658499018123,0,0
2222,0.0996847448862828,0.722271150980894,1,0,0.776375033291042,0,1
2223,0.184589336212311,2.8451194008923,1,1,1.61331914654124,1,1
2224,0.101766120642424,0.8698746510917,0,0,0.13289328141405,0,1
2225,0.165584126694335,1.34876623403941,2,0,-0.641619220304884,0,0
2226,0.155746768153305,0.906209902442566,2,1,1.42810187063432,1,1
2227,0.291096629678375,1.68967111274025,1,0,-1.60607340063875,0,0
2228,0.218154309083387,0.866491897201183,2,0,-0.758764897377369,0,0
2229,0.0606036667401592,0.570422896044889,1,0,-0.513828408364165,0,0
2230,0.576135479948587,1.46658311282454,1,1,0.220866084398576,1,1
2231,0.00499997219065564,0.420309321603054,1,0,-0.401842601571839,0,0
2232,0.0673301336872909,0.677467254506165,2,1,0.71556687047036,1,1
2233,0.217537530710846,0.230226840881923,1,1,0.164677372468134,1,1
2234,0.261833180880381,0.851229606319327,0,0,0.300426606642913,0,1
2235,0.109014414871732,0.18760699073828,2,0,-0.775962071914733,0,0
2236,0.259917500532336,4.89430177384324,0,0,-0.321303845228079,0,0
2237,0.147369263164534,1.22922957080984,2,0,-0.273741500497036,0,0
2238,0.038834506024917,1.97272798448803,2,0,1.8903503925168,0,1
2239,0.0899984454025295,0.848022475304469,1,1,-0.432491134215446,1,0
2240,0.0875956773689602,1.25428288891794,1,1,0.197292224525827,1,1
2241,0.14580386275075,0.76342924055866,2,0,0.125120600095832,0,1
2242,0.653691834045781,2.58725022098325,2,1,2.28419828338643,1,1
2243,0.401923207714237,0.651324462712881,1,1,-1.25809958763254,1,0
2244,0.437422475524664,0.872116237878799,0,1,-0.41478146387751,1,0
2245,0.703765724061264,1.52857993029654,2,0,-0.178227773364513,0,0
2246,0.332727455534041,0.727128708162501,1,1,0.36220166971321,1,1
2247,0.142890579817352,2.20689849003855,2,0,0.173595222399921,0,1
2248,0.525349847190707,2.76843294723779,1,1,0.449035527175334,1,1
2249,0.370889977410173,0.396977363915561,1,1,0.68296694851605,1,1
2250,0.130924746576474,0.190898479024926,2,1,1.31216908421335,1,1
2251,0.338744999737375,0.348431447437321,2,1,-0.0343441812235319,1,0
2252,1.00977838034731,1.31846716556866,1,1,-0.204717438014998,1,0
2253,3.54064752639537,4.59349998714734,2,1,-1.65944726178175,1,0
2254,0.244018894930681,1.75630294560859,2,1,-0.500942411210542,1,0
2255,0.056486446927819,1.93476604254444,1,0,0.603991809462793,0,1
2256,0.757238200037844,0.905190667070427,1,1,0.238358488548735,1,1
2257,0.0251058530476358,0.233411094616913,2,0,2.02820080945404,0,1
2258,0.17362777557638,1.59006162053631,1,1,-1.098953911791,1,0
2259,0.392501082064377,1.5379925938096,1,0,0.629637368372649,0,1
2260,0.115190112135477,0.200553233783109,1,1,-0.877687600297939,1,0
2261,0.0313613217117058,0.248309811671092,1,1,-0.0300315186236268,1,0
2262,0.878395320180072,1.06386283336539,2,0,0.898375544032005,0,1
2263,0.669513910801874,1.90971255865239,1,1,-2.08840601883477,1,0
2264,0.869316149169165,2.52877848755171,1,0,-0.201620782221537,0,0
2265,0.426936093717813,2.57200386555728,1,1,-0.909637596155947,1,0
2266,0.0630514649674296,0.817286711682041,2,1,0.720285306310681,1,1
2267,0.897567202144777,3.58713160491964,1,0,-0.279155524973303,0,0
2268,0.490522498116072,1.49190792667353,2,1,0.549850527018516,1,1
2269,0.255271560098562,0.670439854593771,2,1,0.518992289649093,1,1
2270,0.0602768284672406,0.303554307623139,1,0,-0.553888160767683,0,0
2271,0.147044672113326,1.48520464803571,2,0,0.415786748134502,0,1
2272,0.252683174928211,2.43065237893664,2,0,-0.449305016410615,0,0
2273,0.523929098576714,0.574414285350443,1,1,-0.815454843590134,1,0
2274,0.333965132530365,0.996277460607562,1,0,0.317000069435032,0,1
2275,1.23981032998043,4.24226669019607,1,0,1.01217661000683,0,1
2276,0.956104045796156,1.53149476950824,2,0,2.14496814098605,0,1
2277,0.54808989736355,1.34366269743193,1,1,0.889932211903286,1,1
2278,0.696269248405264,2.64372657729444,2,1,0.974448626766261,1,1
2279,0.0957945403125551,0.535610327639627,2,1,-0.178037274739513,1,0
2280,0.112271274750431,1.76101435286303,0,0,1.52312980545931,0,1
2281,0.116547013425993,0.61477226360577,2,1,0.788131325461283,1,1
2282,2.02536095049227,2.22426503968137,1,0,-0.223041480222756,0,0
2283,0.0755079197672266,1.08628485302747,2,0,0.799754319780174,0,1
2284,0.638214709340698,1.26118523350361,2,1,-0.577468456559478,1,0
2285,0.626740586012602,0.681344505803068,1,0,-0.184803426451436,0,0
2286,0.744916625941793,1.16820929324237,2,1,0.906116074381551,1,1
2287,0.36680026859459,2.28000030005789,2,0,-0.744571976666861,0,0
2288,0.519803353171382,1.53205596754058,2,0,1.14824841606969,0,1
2289,0.234469993350406,1.7417032818143,2,1,0.425709605862445,1,1
2290,2.13578759786754,4.05058965166367,2,0,0.339946957053192,0,1
2291,0.634463630720145,1.37012739365883,1,1,-0.983232242171909,1,0
2292,0.887660824957503,1.27833386057476,1,1,-0.427685531856213,1,0
2293,0.515310100921115,0.873085819680903,1,1,-0.70875312938283,1,0
2294,0.824031713889387,2.03805681828918,1,1,-0.675449728358181,1,0
2295,0.0976999709382653,1.19566606727145,1,1,1.13664267735409,1,1
2296,0.53626413686107,2.24223483205626,1,0,-0.197635850392416,0,0
2297,0.436386430325607,3.853452319711,2,0,1.10550592523951,0,1
2298,0.293593572245704,2.09929852659546,0,0,-0.912677560723934,0,0
2299,0.0780373428844743,1.03782844135818,1,0,-2.06627634137232,0,0
2300,0.265752674007129,0.432039152129655,1,1,-0.818437809991487,1,0
2301,0.118600949178981,1.27052691831948,1,1,-0.0243586530406144,1,0
2302,0.00371706361571948,0.194338462287378,1,0,0.196506593885902,0,1
2303,1.52747672770886,2.31771658283407,2,1,-0.539932002213812,1,0
2304,0.0831342718173646,0.951716105782857,2,1,2.80812443148217,1,1
2305,0.954119849498935,1.76409018945599,2,0,2.11257784324348,0,1
2306,0.57917843417575,1.64304195293825,1,0,-0.331914780029189,0,0
2307,0.565792028274801,1.10726726072961,2,1,-0.408060480954917,1,0
2308,0.22143272134891,0.388378197441522,0,1,0.681856318409803,1,1
2309,0.255864118225873,0.72182127720516,1,1,-0.307636324622523,1,0
2310,0.0297106930820691,0.0521681598517152,1,0,-1.13923538795693,0,0
2311,0.14324562675837,0.62566090072752,1,1,0.478500937433813,1,1
2312,0.441504719419081,0.842496581653476,2,1,0.218822881857255,1,1
2313,1.79331693995929,3.44684135623665,2,1,1.47518750209584,1,1
2314,0.306116377727853,0.324764594557263,1,1,0.795617732149319,1,1
2315,1.68189359198613,1.73828503927814,1,0,-0.50563885392573,0,0
2316,0.463874953695469,2.48356921287874,0,0,0.713993988905471,0,1
2317,0.0198179638123518,1.40529676023257,1,1,0.702021316010042,1,1
2318,0.428730785432789,1.80270819405451,1,0,-0.263171837847008,0,0
2319,1.06756343294648,1.76479501175488,1,0,-0.738474081858206,0,0
2320,0.214467064003562,0.697500407604379,2,1,-0.478502382763535,1,0
2321,1.96326830932434,5.00219783768368,2,0,-1.7699777153888,0,0
2322,0.74729988610165,0.798571882769465,0,1,-1.83382836979387,1,0
2323,0.321427998650405,1.30501874691404,1,1,-0.488585653695235,1,0
2324,0.102995333556115,0.440814226535596,1,1,-0.557794824907909,1,0
2325,0.0789575960095075,0.204074258179205,1,1,1.26991171250856,1,1
2326,0.525520276264387,0.747060619972591,1,1,2.4301976842949,1,1
2327,0.0487609683639473,0.439127325937648,1,1,0.419539521279243,1,1
2328,0.448490302595827,1.32536536757633,1,1,0.34115078616435,1,1
2329,0.249124275416964,0.318797719235049,0,1,0.384431182245048,1,1
2330,0.291838868417674,0.335673975832326,1,1,-0.741544355730495,1,0
2331,0.620874831866887,2.90489442025622,0,0,0.273086234122276,0,1
2332,0.42796590995144,0.461290189267467,2,0,-0.669322227933952,0,0
2333,0.337549110150172,1.11564294628112,1,0,-0.856763383517464,0,0
2334,0.0912839250138848,1.18560945395963,1,0,0.439825949618294,0,1
2335,0.0988089086280929,0.154356618710529,2,1,-0.834458994147444,1,0
2336,0.469629539487263,1.03370236842787,2,0,1.11456295897764,0,1
2337,0.0688354324342476,2.50506994138675,0,0,-0.701025876628585,0,0
2338,1.92956267950206,1.94500506836723,2,0,-0.409499307122106,0,0
2339,1.09865344021355,1.30085155955264,1,0,0.0885770810700001,0,1
2340,0.0947665404778475,0.384166438395965,2,1,1.10383041884702,1,1
2341,0.905223110023154,1.83209534916218,2,1,0.685442407412059,1,1
2342,1.82222262843386,1.83212524348349,0,0,0.439814376261874,0,1
2343,0.169057261395925,4.48074845597148,0,0,-1.34191734532835,0,0
2344,0.0190416040519873,2.35998317928459,2,0,1.14880183038548,0,1
2345,0.603971815564566,0.984902004528964,1,1,-0.283323143814993,1,0
2346,0.0263183925771306,2.473030963417,1,1,0.93444089756754,1,1
2347,1.77541274981965,1.94883247540013,2,0,0.0152829094248347,0,1
2348,0.1503689136977,0.744947977783988,1,1,0.812938931045738,1,1
2349,0.328192114830017,0.811145498106877,0,1,-0.425185814834376,1,0
2350,0.22495868201885,1.09029640438971,2,1,-0.158466279032188,1,0
2351,0.484581570554939,0.625860650713245,0,0,-0.0473231611329012,0,0
2352,1.26182039470608,1.64339399123116,1,1,-0.167741042299416,1,0
2353,0.76128421144353,2.96374041621907,2,1,-2.22308879557228,1,0
2354,0.5244331765506,0.818743458007188,1,0,0.183291023850555,0,1
2355,1.01273774061237,2.7475853170605,1,0,0.753652781702911,0,1
2356,0.108059706433204,1.65198805208614,2,0,-0.413590702483139,0,0
2357,0.0353834721156292,1.61356765465289,2,0,0.0889790444959044,0,1
2358,0.164962327189908,1.10903225343377,1,0,-0.272105313653335,0,0
2359,0.619458138632278,0.666334518263719,1,0,-1.70659780165295,0,0
2360,1.187008691698,1.81235342602781,1,1,-0.148842717102427,1,0
2361,1.62343962522615,3.22912874631584,0,0,0.307181909934414,0,1
2362,0.742356669571665,2.75111176863251,2,0,-1.3324509957316,0,0
2363,0.092933040836619,1.42769995834042,1,0,0.497591222362107,0,1
2364,0.922618200373612,2.47881341544594,1,0,-0.549644832222206,0,0
2365,0.0811820197850466,0.540046532684685,1,0,-1.02866843240652,0,0
2366,0.531454263772402,1.3072350597355,1,0,-0.178201575820855,0,0
2367,0.25311362215666,0.411683308613344,0,1,-1.24689663969011,1,0
2368,0.0438431500353747,0.544718858645133,1,0,-1.1471125333841,0,0
2369,0.233468089977072,2.66032988146949,1,1,0.138810790803295,1,1
2370,0.0189010659232736,0.640449872874028,2,1,0.99810632726242,1,1
2371,0.302260537012612,1.57952416300859,1,0,-1.61605658753687,0,0
2372,0.0754933752533462,0.424181259493012,2,1,1.44097506563549,1,1
2373,0.282048789473871,1.07432491280427,2,0,0.522041619406679,0,1
2374,0.457218193138639,3.28444142471317,2,1,0.100571517881573,1,1
2375,0.399808521409636,0.500413168897841,1,0,0.100930042286367,0,1
2376,2.39243002180494,2.66130269235855,1,1,-0.330528242206782,1,0
2377,0.601354004943406,0.687998190182051,1,1,-2.56752861756375,1,0
2378,0.162310817751966,2.26952634088529,2,0,-0.868727983308716,0,0
2379,0.0904753726596634,0.523075645618802,1,1,-0.213972185198273,1,0
2380,0.0475513051527144,0.249357175663334,1,1,-1.32195198743898,1,0
2381,0.152786244224343,0.385521710455899,2,0,1.23543019679722,0,1
2382,0.0158283068318548,6,0,0,-1.24419354387758,0,0
2383,0.249090245922611,0.596839779079542,1,1,0.251636350220978,1,1
2384,0.495270090695057,1.40211228360673,2,1,1.40388165823324,1,1
2385,0.125123078251073,0.530475031352405,0,0,-0.73448040850108,0,0
2386,0.403795935110086,0.777438828583304,2,0,1.07863182097192,0,1
2387,0.37416704802088,0.899360262311586,2,1,1.0537482265646,1,1
2388,0.269045043322775,1.21583057257036,0,1,0.481990951552178,1,1
2389,0.86087994633386,2.70854716192107,1,1,0.254842379797311,1,1
2390,0.0579347735684779,1.082009856621,2,0,-0.0734718310540529,0,0
2391,0.946459604257104,0.970767803369513,1,1,-1.59932437167228,1,0
2392,1.57906220595641,3.86050999961063,2,0,-0.436808432440551,0,0
2393,0.136269713952484,0.284224251906077,0,1,-0.683459053693813,1,0
2394,1.34316546630828,1.36665655211862,2,0,-0.0274221927579708,0,0
2395,0.535019569926792,0.797353876325608,2,1,-0.0442849129952503,1,0
2396,0.167450456531831,0.307972905446467,1,0,-0.835035833674722,0,0
2397,0.622272895028194,3.72522216033045,2,1,-0.271121261332094,1,0
2398,1.54300069708028,4.14359617253427,2,1,-1.46063365578635,1,0
2399,1.38298100994164,1.62863760714201,1,1,-0.298986514767376,1,0
2400,0.972023805536978,2.76488076087814,1,1,-0.130519283596758,1,0
2401,0.514527244700326,3.15273543603764,1,0,0.198106030325244,0,1
2402,0.994893673553745,1.01757477096515,1,1,1.27873146707017,1,1
2403,0.693761811902126,1.13493332018455,0,0,-0.074090711204296,0,0
2404,0.252005448047486,0.713114393984771,0,0,-0.173654479439963,0,0
2405,0.110091721742517,0.709080133093192,2,0,0.048858055485213,0,1
2406,0.347377511983117,0.530491016040731,1,0,-0.132033970755063,0,0
2407,0.341453756102257,3.51240983637094,2,0,-0.0767260342297009,0,0
2408,0.612581408479148,1.85329073524179,1,1,0.647729720010722,1,1
2409,0.461212014779449,0.735463900297767,2,0,2.15591826071975,0,1
2410,2.28181158907482,2.47329617850482,0,0,-0.304043639244895,0,0
2411,2.08881693158484,2.45412128580159,2,0,0.1576366157064,0,1
2412,0.182635118253529,0.363971415788091,2,0,0.321508460365818,0,1
2413,0.594044508309,0.865634324683228,0,0,0.45692711018829,0,1
2414,0.232531145835916,0.762743679093814,2,1,-0.379132059078572,1,0
2415,0.0633684085268113,1.30991829033499,2,0,-0.13398220919598,0,0
2416,0.126323649869148,0.60257481776652,2,1,0.838282143689919,1,1
2417,0.546487779873941,1.42101234367124,2,1,0.729117205104394,1,1
2418,0.468440728469027,1.74853183656169,1,0,-0.410009449389497,0,0
2419,0.0685428688302636,1.47116239241494,2,0,-0.456756601929595,0,0
2420,0.252418864725365,0.685597550758982,0,0,-0.283622166562925,0,0
2421,0.33975203262849,2.02088726414558,1,1,1.77744550209619,1,1
2422,0.244894343136081,1.48815880459527,1,1,1.88103037677098,1,1
2423,0.845688194103246,1.52486963197589,0,1,-0.0541080849909102,1,0
2424,0.348719695335857,1.24442507016128,2,0,1.07779933360457,0,1
2425,0.368366408058339,1.28375875720134,2,1,-0.959590791087746,1,0
2426,0.266272686421871,1.42085842862774,1,0,0.814636576053996,0,1
2427,1.44190177834168,2.13123718972804,1,0,-1.66630972732423,0,0
2428,0.0952494046133426,0.468513990441958,0,0,-0.129845374659378,0,0
2429,0.382766034454107,1.16256770710191,2,0,1.53052344555372,0,1
2430,0.515934666701485,2.8530841082664,2,1,-0.5700721852071,1,0
2431,0.0980634112945861,0.855621899238283,1,1,0.00138332172865885,1,1
2432,0.0438434646154443,0.74512627702633,1,1,-1.85269204812456,1,0
2433,0.295530099622631,0.554512884621689,1,0,-0.594894052953051,0,0
2434,0.248202798474166,1.29671876603828,2,1,-0.429718170265329,1,0
2435,0.132730693577052,1.11349012392263,0,0,-0.00531205676934878,0,0
2436,0.219014243015813,0.590470564924359,1,0,0.0467263355688692,0,1
2437,0.580299690158831,0.693219201800534,2,0,1.69717315444457,0,1
2438,0.964137295822921,2.00375309306895,1,1,-0.112340383743115,1,0
2439,0.0742962485646143,0.0856999745218578,0,0,1.91821596381993,0,1
2440,0.172454098817266,1.05288536806915,0,1,0.497306361754732,1,1
2441,0.00587575718698199,0.147458674355137,2,1,1.48710527223687,1,1
2442,0.0559454346827952,0.493722846731544,0,0,-0.0660154963568511,0,0
2443,1.05564276781973,1.21627763398964,2,0,0.212484339331116,0,1
2444,1.13961220300331,2.64597428653901,1,1,0.848707814738279,1,1
2445,0.0897028244413876,0.580955728861481,1,1,-0.494317922742188,1,0
2446,0.524962009965546,0.526911580993207,1,1,0.34355265406984,1,1
2447,1.02050217070813,1.7263150124363,1,0,0.515394209993964,0,1
2448,0.104502098705233,1.00268008503566,1,0,-0.7484959934158,0,0
2449,0.343267275537882,1.36200494186972,1,1,0.318248390649135,1,1
2450,0.861853058920649,1.77998905810481,1,0,-2.55826893404888,0,0
2451,0.590451105704738,1.63765627291339,1,1,1.24678472588259,1,1
2452,0.132603626180854,0.171380248138789,2,1,1.81591664756713,1,1
2453,0.930141640398315,1.5732508028547,0,0,0.335345485413292,0,1
2454,0.0841272929140296,0.159540679074239,2,1,0.735355577016968,1,1
2455,0.0608205257190598,0.735844509190066,2,1,0.53487326413152,1,1
2456,0.976764364121371,1.85260053035268,2,0,-0.840732671195721,0,0
2457,0.14195448168091,0.765186141658786,1,0,-0.699924954489589,0,0
2458,1.73380171249909,1.82820903057178,1,1,0.323226977518908,1,1
2459,1.48437511688605,4.64071200134482,2,1,-0.0725130178036542,1,0
2460,0.743847616637747,1.64382569542756,1,1,0.525173361625593,1,1
2461,0.0956580689590838,0.822273853803678,2,1,1.60984361596469,1,1
2462,0.27835129384702,0.545204084086893,1,0,-0.266231898262402,0,0
2463,0.106245215671758,0.118370010935376,2,0,2.36068454153664,0,1
2464,0.445124299472405,0.810830950116118,0,1,0.684529359605127,1,1
2465,0.2817315603089,2.05178507583163,1,1,1.06528034644653,1,1
2466,0.683394886760248,1.44711547841628,0,1,0.789997313529258,1,1
2467,0.531062166720697,2.505340403563,2,0,0.436693256354619,0,1
2468,1.5292310393466,3.74442537288987,1,1,-1.24265732133936,1,0
2469,0.362045062809355,2.29731799857855,2,1,1.1617187260146,1,1
2470,0.164752574120131,0.910786406482805,2,0,0.310575457145171,0,1
2471,0.00208420427296911,1.13057047128677,0,1,1.16470357678826,1,1
2472,0.408916683506526,1.17823406743507,0,1,-0.565817864913896,1,0
2473,0.121541017868851,0.526308109695647,1,0,0.106776667987455,0,1
2474,0.372916597148611,0.800357582849039,1,1,-0.00286081027253186,1,0
2475,0.368807571872765,0.488127032211233,2,1,0.498139594563125,1,1
2476,0.989328497518074,3.33311784081161,0,0,-0.734254507173657,0,0
2477,0.141885593390433,1.37143781515572,1,1,1.01025621591748,1,1
2478,0.0919755661830754,2.22337021727892,1,1,-0.0118182010536395,1,0
2479,0.404537370302136,0.716883916769923,1,1,-2.22555962032426,1,0
2480,0.0204298490037521,0.132825048062276,2,0,1.34278486344111,0,1
2481,0.152940483177802,0.411690796106428,1,1,-0.321964613651186,1,0
2482,0.910134851471928,1.24378619144279,1,0,1.43889667833578,0,1
2483,1.56704026402577,1.65198276362916,1,1,-0.583824865865071,1,0
2484,0.188323187434839,0.668519905045924,2,1,0.627179710610151,1,1
2485,0.153590632188651,1.99372485479407,1,0,1.30429661151326,0,1
2486,0.0475873668781585,1.08495202619527,2,1,0.340470947709793,1,1
2487,0.330022758539848,2.66558522542672,1,0,-1.9710833349615,0,0
2488,0.601466587330732,0.830452348199534,2,1,0.0734053564368059,1,1
2489,0.368204013341003,1.83976466485713,2,1,1.19232243456346,1,1
2490,0.80176648575698,2.49485477838043,1,0,-0.593168784048579,0,0
2491,0.108548487640089,2.43980193605364,1,0,-0.571698832202294,0,0
2492,0.673974821439979,0.74507079309145,2,1,0.105598462786739,1,1
2493,0.403947554425233,0.479517463835743,2,0,1.48713319076728,0,1
2494,0.415384511960022,1.26818706185984,1,1,-0.158735940692827,1,0
2495,2.13094556073946,2.15058640849626,2,1,-0.142974280026983,1,0
2496,0.257179889207085,0.460984172933694,1,1,-0.59741127334683,1,0
2497,0.0350343729400447,0.187582386932912,2,0,0.341756982905545,0,1
2498,0.0380002298421814,0.0996848938742345,2,1,1.33488194924294,1,1
2499,0.00214900985870529,0.9374735308354,1,1,-0.325646228325116,1,0
2500,0.0151895431594716,1.32994765100533,1,0,-1.04720122760252,0,0
2501,0.411709214099368,1.0890310198501,2,1,0.937206370378271,1,1
2502,0.217589201635793,2.74880347462992,0,1,0.661360316915381,1,1
2503,0.910505524065442,1.52801374429594,1,0,0.109963108529764,0,1
2504,0.543840021566471,1.38432300150896,2,0,0.499148506776861,0,1
2505,0.676549793254221,2.19151189399936,2,1,-0.658751893875414,1,0
2506,0.403751222085401,0.458920352732981,0,0,0.289117728696052,0,1
2507,0.780651762149013,1.23679311946034,0,1,-0.271076557738617,1,0
2508,1.11686734523048,2.17339722132253,2,0,0.323819701965343,0,1
2509,2.14824927547511,3.83412817039918,2,0,-0.0442731493988394,0,0
2510,0.0440990769614776,0.14017511845943,1,1,-1.60331347344331,1,0
2511,0.376077829342749,0.858724487727681,2,0,0.726547003743338,0,1
2512,0.320073048390301,0.385588684896517,2,0,0.522725432587477,0,1
2513,0.0902589448459295,0.705633157661537,2,0,1.46168215050539,0,1
2514,0.421988944936958,1.01180438605255,1,1,0.0772068291475332,1,1
2515,0.155044990177784,1.34892435210468,2,1,0.984965066412956,1,1
2516,0.803013362550495,0.927066545860569,0,0,-0.673361559508202,0,0
2517,0.268845095473503,0.585729219523104,2,1,1.45915627739087,1,1
2518,0.473320158715877,1.95955541609014,2,0,0.523503351937293,0,1
2519,0.0990297479761971,0.473058743982139,1,1,-1.11454061353514,1,0
2520,0.357529954053462,0.595909360514641,2,1,0.820228969718208,1,1
2521,1.30147703815137,2.74532498439115,2,0,0.118298907205994,0,1
2522,0.27740574027929,0.507531695734302,0,0,-0.0865430383008599,0,0
2523,0.0298376546556299,4.22832960883776,0,0,-0.0972743148379827,0,0
2524,0.227223579329177,1.66624200847627,1,0,0.716425067067683,0,1
2525,0.857780925468948,3.13521231126204,2,1,-0.63278418954272,1,0
2526,0.0128190943764316,0.467870678182143,1,0,-0.811853392221132,0,0
2527,0.0860829873838359,0.903062172179955,1,1,-0.955905513571682,1,0
2528,0.0745338693054186,1.22351010099797,0,0,-0.685232343773019,0,0
2529,0.929257829316471,2.12991615172872,2,0,-0.816602844771108,0,0
2530,0.273973152248396,0.761719342942039,0,1,-1.05155090851351,1,0
2531,0.0847732177418139,0.893225376756935,1,1,-0.454358198073808,1,0
2532,0.0694115449570947,0.834750442489297,1,0,-0.640785751807688,0,0
2533,0.0443579884467556,0.474197374035915,0,0,-0.937262043628851,0,0
2534,0.200296493454112,0.25992472483583,1,1,-2.19926531560343,1,0
2535,0.0649255912186422,0.637201135816042,1,0,-0.475467049599761,0,0
2536,0.455663855059389,1.10752812586725,0,0,0.531088445346959,0,1
2537,0.740901756410797,1.53566405797998,0,0,0.903433845799903,0,1
2538,0.471088306253983,0.968092174113922,2,1,1.286347599366,1,1
2539,0.653260490443144,1.01392923058212,1,1,-1.40527940932748,1,0
2540,0.339111365865362,0.404241957291242,1,0,-0.284343731671593,0,0
2541,0.262736281798859,1.24345969347465,1,0,-1.13599085956886,0,0
2542,0.348511591760649,0.647574366137569,1,0,-0.699705046041614,0,0
2543,0.169831841873626,0.458320835605264,0,0,1.02234168610252,0,1
2544,0.660394716283513,0.979290264720258,1,1,-0.622984242437301,1,0
2545,0.0188314340387781,0.0424550535627017,1,1,-0.380880197692622,1,0
2546,2.59787707058162,4.59862034146984,0,0,0.696362780766645,0,1
2547,0.324829179031952,0.952303698286414,0,0,-0.932426416779074,0,0
2548,1.57076564441544,1.70305709889612,2,0,-0.551883794766315,0,0
2549,0.400457769218418,0.821704315857097,1,1,-0.300492151895798,1,0
2550,2.06361964542604,2.8127332422272,2,0,-0.88997705286495,0,0
2551,0.808563727380635,1.28717551060485,2,1,-0.39754341322268,1,0
2552,0.182617901720934,0.63827417170008,0,0,-0.612535777363528,0,0
2553,1.08222034858632,1.31419512537229,2,1,-0.973185932835191,1,0
2554,0.712052037835949,1.27216659224394,0,0,-0.362533064179744,0,0
2555,0.465080519581658,1.20020494657929,1,1,0.154529771777941,1,1
2556,0.54242349229753,0.988586420026104,0,0,-2.16878786891907,0,0
2557,0.53389182417757,0.735309551605176,1,0,0.467868261766726,0,1
2558,0.758944240191744,1.01153043371001,1,1,0.0351788463403439,1,1
2559,0.00694833776874477,0.0810376982318423,2,0,0.939591764767584,0,1
2560,0.0717917576225268,0.583351024765095,1,0,1.57354229159228,0,1
2561,0.263298924166424,0.481114695233267,1,1,-2.22598725450078,1,0
2562,0.112622873857617,0.228562528831229,1,0,-1.29476564905556,0,0
2563,0.0272156913868255,1.20013128966093,0,1,-1.08876035380668,1,0
2564,0.203666360601656,2.80612108016317,1,0,-0.258674869764888,0,0
2565,0.426824426588913,2.15340625447543,1,1,2.54807508927785,1,1
2566,0.530831262779733,1.52849016817162,2,0,1.41209094962353,0,1
2567,0.0820050503420767,0.101648764763058,2,1,0.259185273221262,1,1
2568,0.190198028179061,0.457106013966016,1,1,0.20873722963828,1,1
2569,0.545831436498298,1.03121477369304,1,1,0.552180271468378,1,1
2570,0.633856122795906,1.53689585449422,1,0,-0.537737285136398,0,0
2571,1.39654632239178,2.33677493125877,0,0,0.0816574496030015,0,1
2572,0.296730367570288,6,0,0,-1.24291164921562,0,0
2573,0.0423197919088933,0.982315367489799,2,0,2.01655219332145,0,1
2574,0.268509754392937,0.284357326638002,1,0,0.792580096924531,0,1
2575,0.311411270975239,1.4224089554893,1,0,-0.512943932533321,0,0
2576,0.0113123180570126,0.469224666639672,2,0,-0.978709969708821,0,0
2577,0.296944632815818,1.25244767405093,0,1,0.38805532704543,1,1
2578,0.171918011166983,0.416117211711001,1,1,0.675871285441302,1,1
2579,1.22371740531062,1.27308377964902,2,0,2.03378412235801,0,1
2580,0.26221832105269,1.15093047730625,0,0,-0.493351719452619,0,0
2581,0.717710555117163,0.722558151694836,1,0,-2.47728407317167,0,0
2582,0.901181341203177,1.36728330622452,1,1,0.130744779511787,1,1
2583,0.228493349212739,1.41720633086858,1,0,-1.53639043766025,0,0
2584,0.209409112835096,0.549329045620589,1,0,-0.748793489917735,0,0
2585,1.37457591166398,4.37535567424315,2,0,-0.739994877421179,0,0
2586,0.0897765454525749,1.70680839921904,0,0,0.457651998581142,0,1
2587,0.666709869789581,1.08990538244446,0,0,0.43101623039361,0,1
2588,0.0824090414163139,0.576987029273031,2,1,-1.53479337074172,1,0
2589,0.48871991224587,0.733995921909809,0,0,-1.0539798839207,0,0
2590,0.0697923032566905,0.884857359601936,1,1,0.110083161087298,1,1
2591,0.964981264698519,2.09117606484103,2,1,-0.529966002514728,1,0
2592,0.329816537495289,0.630919223588974,1,0,-0.930594150064479,0,0
2593,2.31466962189426,2.32488514509058,1,1,0.444261212541453,1,1
2594,0.045613933665057,0.141989754884307,1,0,-0.721803751259734,0,0
2595,0.0595376987217201,0.494920018878173,0,0,-0.392572508933311,0,0
2596,0.842620922826741,1.07408506132885,0,1,-0.14914922501095,1,0
2597,0.673998924903572,2.39143088102496,1,0,-0.683772234291492,0,0
2598,0.200731236237938,0.388744538649917,0,0,0.427816673071999,0,1
2599,1.00193366012184,3.36752025860482,1,0,0.888219843725748,0,1
2600,0.221582273435262,2.2769231412637,1,0,-0.414410233813915,0,0
2601,1.04565584613517,1.28388043120779,1,1,0.400020334006621,1,1
2602,2.71460363627378,5.07243429375739,1,1,1.78245654592685,1,1
2603,0.0778077108164628,2.04034251606455,1,1,-0.36002939001873,1,0
2604,0.157004350589381,0.420451001460569,1,0,-1.24702014958442,0,0
2605,0.399034585182865,0.719785838033256,1,1,1.15906148562723,1,1
2606,0.223150346945557,0.628598423658967,1,1,0.940904458588011,1,1
2607,0.0138655615349611,0.0462304290632573,1,1,-0.474186203927742,1,0
2608,1.06080459426146,1.53742053738782,2,1,0.789307498401246,1,1
2609,0.295965633769002,0.419917534643748,2,0,-0.313618871077632,0,0
2610,1.34014900251695,1.99000461856482,1,0,1.23171324843434,0,1
2611,0.323000172854748,0.922924953196472,0,0,0.719052564554754,0,1
2612,0.305059805201987,1.75004979595542,0,0,-0.129303769613934,0,0
2613,0.196042810928086,1.90675750378509,1,0,0.54146118135502,0,1
2614,0.417050559901529,1.8040612385833,2,0,-0.771173844130781,0,0
2615,0.329473855801755,1.95974567061799,2,0,-1.09873316498354,0,0
2616,0.466845671956738,3.82988106585552,2,0,1.89063455995664,0,1
2617,0.39462399462031,0.48852535566183,2,1,0.901215811296468,1,1
2618,0.106067318008169,0.466472376995243,1,0,-0.754593665537779,0,0
2619,0.80890242626569,3.47098554794987,0,1,-0.0494581449768232,1,0
2620,0.0700584555872613,1.58839874724785,1,0,-0.412469347428982,0,0
2621,0.673644309863448,1.46058742844556,0,1,0.614404807212238,1,1
2622,0.00158674495483764,1.1405560762814,1,1,-0.417370627497774,1,0
2623,0.185246941392645,2.24038981146695,2,1,-0.41150503120235,1,0
2624,1.30412551147294,1.52989144671157,2,0,0.516915841704571,0,1
2625,0.0801795245044761,1.01491741930973,1,0,1.90751789842592,0,1
2626,0.068826549788922,0.745335963831317,2,0,0.576255388672613,0,1
2627,0.104077450620631,0.696650068116908,1,1,1.16875169322891,1,1
2628,2.18252810743719,2.31715998326958,1,0,-0.263573958524539,0,0
2629,0.145870714655353,0.489597051856501,1,1,-0.154636224241228,1,0
2630,0.836387486667779,0.940731143014061,2,1,1.08111322328041,1,1
2631,0.116316827221049,0.267193732866594,1,1,-0.938972175375608,1,0
2632,0.345575632527471,2.10761433253015,1,0,0.996076796391894,0,1
2633,1.7505136058912,3.59118968248367,0,0,-0.108567331248763,0,0
2634,0.438072368916538,2.02166092690272,2,0,0.818713366144958,0,1
2635,1.21667145436308,1.79798845251992,1,1,-0.949690530338154,1,0
2636,0.139729234914239,4.34119948262497,1,1,1.772283054068,1,1
2637,1.35519995659889,1.46413461002039,1,0,0.147312833252285,0,1
2638,0.365143849864383,3.33002920997225,2,0,-1.31530009990718,0,0
2639,0.709067266951833,3.27691911390449,1,0,0.0385485218376445,0,1
2640,1.73004919239815,2.78481368549408,2,1,-0.757996831097284,1,0
2641,0.621137275448615,0.886004877891737,2,0,0.994763276154363,0,1
2642,0.89945324317643,2.14874830539879,1,0,0.953954845045371,0,1
2643,0.0581266255014473,1.08648572063345,1,1,-1.10141222109426,1,0
2644,0.0717018408666124,0.275522678881742,1,0,-0.738935659974488,0,0
2645,0.727193902453615,1.43317031774416,1,1,0.632591390389486,1,1
2646,0.1038935468895,0.821352069978418,2,0,1.00167393493255,0,1
2647,0.144131692650467,1.44113912440426,1,0,-0.110286103413499,0,0
2648,1.13515358723999,1.17690920403021,1,1,1.04086935035244,1,1
2649,0.194394180758132,1.04379299378841,1,1,-0.41354160539034,1,0
2650,0.996907903869629,1.09094186772216,1,1,2.00606844696527,1,1
2651,0.282089717479216,4.3125864617523,1,0,2.94703853563768,0,1
2652,0.0128835705030003,0.115789054378013,1,1,0.426236880490552,1,1
2653,1.1691574400031,1.22339631398417,1,0,-0.75622947990757,0,0
2654,0.121721004574412,1.93567849823619,2,0,1.75205074540402,0,1
2655,0.368527159508732,0.370682100242921,1,0,-1.0549343207421,0,0
2656,0.594958296666543,1.73248478920897,1,1,0.312246085212676,1,1
2657,1.96866169283071,6,0,0,-0.141984637029014,0,0
2658,0.356956559957729,0.890134558172071,1,0,1.4205831276831,0,1
2659,0.174398356531229,0.304878923212897,1,1,-0.661307840529369,1,0
2660,0.328385786463817,0.47103030875596,1,1,-1.7524098100697,1,0
2661,0.0988177383865564,1.50701767186522,2,0,0.436705935635765,0,1
2662,0.455124732106924,1.27793019434287,1,1,-1.44973035297255,1,0
2663,0.396233406952686,0.849421407612548,2,1,1.68245096493884,1,1
2664,0.0511549030218051,1.61286720938723,0,0,0.698286950842468,0,1
2665,0.0693393307261626,0.236061026613568,0,0,-0.683678942276845,0,0
2666,1.40600541705358,4.23320875731696,2,1,0.860847723590116,1,1
2667,0.131211864968969,0.204402363416543,1,0,1.42069572957106,0,1
2668,0.0663103432446576,0.578565620366327,1,0,0.506200564185227,0,1
2669,1.22587224670882,1.70630794172387,2,0,1.77300805262936,0,1
2670,0.108968318026099,0.572553013565594,2,0,0.105081086109536,0,1
2671,0.0017988336478734,1.43233938898034,2,0,0.444310084931757,0,1
2672,0.0457695463128227,0.926836661816495,1,1,0.195969199679225,1,1
2673,0.903864497686108,1.56990979997327,1,0,0.592894218886233,0,1
2674,0.012724313678013,0.348848356724194,1,0,0.0425904474068637,0,1
2675,0.239553253373338,2.38032109764584,1,0,0.278334504669459,0,1
2676,0.309798331517312,2.19113140325203,0,0,-0.3346887104197,0,0
2677,0.0640801256128196,0.295468447573223,1,1,0.253264591870298,1,1
2678,1.51280730337204,6,0,0,-0.436038641468735,0,0
2679,0.0555423569555084,0.449023417676982,2,0,1.42813051477318,0,1
2680,0.339513428003029,0.932625352158293,1,0,-0.209419337706971,0,0
2681,0.0943021383724256,0.511608648824623,1,0,-0.786030037220947,0,0
2682,0.625093886111346,0.942230467173593,2,0,1.27747985714285,0,1
2683,0.335507294059628,4.44964846285681,0,0,0.419685168570729,0,1
2684,0.173274700322913,0.578013996725359,2,0,-0.425629362312284,0,0
2685,0.548833963483158,1.42581044306016,1,0,0.32565442050388,0,1
2686,0.360492847135498,0.857568646362011,1,0,-0.18809488894889,0,0
2687,0.138279937932061,0.295477944914673,1,1,-0.466020543867037,1,0
2688,0.260606142435296,0.836254162444569,2,0,1.59797300668392,0,1
2689,0.198872472113859,0.32378633223543,1,1,1.79275372100652,1,1
2690,0.407233272368709,0.469137257052167,1,0,-0.136922657641242,0,0
2691,0.228116934498151,0.676430579532747,1,1,0.624357822703404,1,1
2692,2.79895064096554,5.36443306457354,1,1,0.432913717404645,1,1
2693,0.0878895425962077,2.31630438173149,1,1,-0.360165544921187,1,0
2694,0.254356406318645,1.66830942125074,1,1,-0.954170652387327,1,0
2695,0.219656046882271,3.1480615049862,2,0,-0.463145910460147,0,0
2696,0.508864210729483,2.5351656958567,0,0,-0.0764169016289397,0,0
2697,0.0169325567075511,1.01487795927314,2,0,-0.925633475821906,0,0
2698,0.407730274730259,0.445089160985233,1,0,-2.46257090788093,0,0
2699,2.75426520020668,2.77284278419101,2,0,-0.0633705308322597,0,0
2700,0.550182971378995,1.34325760145806,1,1,1.00936258617602,1,1
2701,0.0386495280123703,0.0778544011215369,0,0,-0.274413278133286,0,0
2702,0.227948772307071,0.772308706610959,2,1,1.73458817088065,1,1
2703,0.434774265935024,0.498813978573637,2,1,0.75518602756504,1,1
2704,0.0255752566994892,1.01621207280466,2,1,0.695446487129727,1,1
2705,0.0740841450169683,2.12276670311525,1,1,0.707885988357698,1,1
2706,0.404863376687798,0.644035435849935,2,0,1.61331417558721,0,1
2707,1.08203735922245,1.28698325990054,2,1,0.991437077344884,1,1
2708,0.010329315231906,1.43259602110539,1,1,0.598593759571834,1,1
2709,0.325961624168687,0.709865231143465,1,0,-0.827666868581463,0,0
2710,0.162819449582862,1.92066620000969,2,1,-0.119893779542642,1,0
2711,0.0688357915108403,0.103903591778998,2,1,0.27279870920383,1,1
2712,0.152216632850468,0.184262014028083,2,0,0.399277347088564,0,1
2713,0.517191153744029,2.39587922653458,1,1,-0.721127723938274,1,0
2714,0.248215897008777,0.444992473579505,2,0,-1.27891032626366,0,0
2715,0.0185879613228348,0.159860226890798,1,1,-0.00695809085275646,1,0
2716,0.128572803611557,1.27444742846583,2,0,-0.822750705271159,0,0
2717,1.69065406972873,1.9361009263344,1,0,-0.88613456383105,0,0
2718,0.0835321219622492,2.18783978097896,2,1,-0.116431920781619,1,0
2719,0.098361936915252,0.634783691783542,1,0,-0.112903818511869,0,0
2720,0.247224566733672,1.04238777506575,1,0,-0.421431747115117,0,0
2721,1.02302930106191,3.49044028248033,0,1,-0.55385073740414,1,0
2722,0.950394942275034,1.35862521687526,1,0,0.820876450478668,0,1
2723,0.295525980699394,1.39167467735342,1,1,1.77464212434465,1,1
2724,0.33299574524992,0.963854373164803,1,0,-0.36655343739449,0,0
2725,0.512529941172236,0.662299396902145,2,0,1.56800629394993,0,1
2726,0.941893796700253,1.31942518174772,1,0,0.177722715805968,0,1
2727,0.860957839599156,1.36371374980752,1,0,1.25524165476022,0,1
2728,0.930286840385543,0.954005166371618,1,1,-0.896564561826382,1,0
2729,0.218880907873967,0.841434608408203,0,0,-0.238766391607455,0,0
2730,0.0524710041160385,0.683294284487375,0,1,1.70729512864039,1,1
2731,0.356868604364041,0.370284562849019,1,0,0.563089123476478,0,1
2732,0.521530714920825,2.40232211772157,1,0,-0.0933702430426697,0,0
2733,0.432524523433346,1.15010211295823,2,0,0.836300742998339,0,1
2734,1.23801692798205,1.77375703739623,0,0,-0.0256242747410451,0,0
2735,0.567240407690406,0.882892345735908,1,0,-1.08352148310868,0,0
2736,0.462150574629559,0.850053349726791,2,1,0.991337639523458,1,1
2737,1.27752140780589,1.76024059400046,1,0,0.773236699447261,0,1
2738,0.257407196073069,1.60124531646693,1,0,-0.891087842253994,0,0
2739,0.196158345788717,0.468854065850342,1,1,-0.491616683840543,1,0
2740,0.200410319470854,1.24282991203169,0,1,-1.32636630683892,1,0
2741,0.764475719899767,1.26812762290818,1,0,-0.763184583507212,0,0
2742,1.39316357874507,1.54556804051013,1,1,0.130962040934889,1,1
2743,0.442250997552441,1.48822573600356,1,1,-0.590686667923847,1,0
2744,0.116242533032265,0.249214696502956,2,1,0.966433947533464,1,1
2745,0.776653689431565,1.75107845620071,1,1,-0.906931116825907,1,0
2746,0.0570870556164203,0.968904063726465,0,0,0.399503802409628,0,1
2747,0.104856698862334,0.788216278465716,2,0,2.69720133493999,0,1
2748,0.121282063321107,1.10592344997495,2,0,0.300848001536207,0,1
2749,0.399593795753188,1.61466060706473,2,0,0.53980740287218,0,1
2750,0.691140162655049,0.74733391025637,1,0,-0.691526975317684,0,0
2751,1.20476487812368,1.2486752915579,1,0,-1.06464643363041,0,0
2752,0.0209886415137185,0.418132415226046,0,1,0.986050645796237,1,1
2753,0.198460106944872,0.94731096061818,1,0,-0.366519760949417,0,0
2754,0.600462525876032,0.914440512351557,2,0,0.262732720853512,0,1
2755,0.605894119168321,1.33040925487876,0,0,-0.844636247043201,0,0
2756,0.944220832398878,3.82128296766952,1,0,-0.0420715366975191,0,0
2757,0.0583127937797043,1.44602128614982,0,1,0.988956183242052,1,1
2758,0.263260546239771,0.46930060158696,1,1,2.22101264282345,1,1
2759,0.848080330392082,1.47121920086634,1,1,0.522550987920617,1,1
2760,0.750683816149831,1.61935801061672,2,1,-0.280486036500847,1,0
2761,0.0934602790242911,0.177992189339838,1,0,0.326871753631657,0,1
2762,0.497917827839653,0.535927172750235,0,1,0.352799481396763,1,1
2763,0.404929495416582,0.441988865106641,2,1,0.554696120264401,1,1
2764,0.00875275016869091,0.0173851039424037,0,1,1.38164007592856,1,1
2765,0.581827586413258,2.73949927854792,2,0,-0.564230314201087,0,0
2766,1.4979833405412,2.04833132520541,1,1,0.321659701530572,1,1
2767,0.217962393847605,0.683120942677713,1,0,0.901618901109607,0,1
2768,0.554271547539821,2.43718549194864,1,1,-0.526020557179866,1,0
2769,0.982115003751066,2.18328112162506,0,1,1.21959832436485,1,1
2770,1.18038721998832,1.51620722165872,1,1,0.429967321378117,1,1
2771,0.0740381451639387,1.79702770602499,1,0,0.0958525592832433,0,1
2772,0.000455666126476394,0.658712631738599,1,1,0.0409894167523145,1,1
2773,0.425988610109521,0.649221259550869,2,1,2.63725543446294,1,1
2774,0.108615311478759,0.397213388275399,1,0,-0.296827035229724,0,0
2775,0.242603350844648,0.88833513386877,2,1,-0.873811717694691,1,0
2776,0.148971346724364,0.670711997833604,1,1,0.462027666922133,1,1
2777,0.898935621971568,2.36886712988971,2,1,0.475988685698016,1,1
2778,0.0599632814771312,3.40229303148257,2,0,-0.0760572693053055,0,0
2779,0.0139838177710772,1.47026642742448,1,1,0.484352885634439,1,1
2780,0.216338526871469,0.380317698071495,1,1,-0.25794576278757,1,0
2781,0.109809363364346,0.556680050527341,2,0,0.331119910307827,0,1
2782,1.02551058447495,1.06778514662491,2,0,1.69320006197115,0,1
2783,0.0635394389009314,0.318394609523547,0,1,0.568487320629761,1,1
2784,0.97545236654879,1.19503663111945,1,0,-0.248104377323397,0,0
2785,0.482650542010864,1.10580757173206,2,0,1.24605817833439,0,1
2786,0.340455697021551,0.640788092158962,1,1,-0.933703847363512,1,0
2787,0.314491614699364,0.673726941794667,1,1,-0.0691637155283105,1,0
2788,0.00614688110848268,0.865310802508241,1,1,-1.64971696438285,1,0
2789,0.196323310956359,1.06133849693217,1,1,-0.294596157430449,1,0
2790,0.596193793943697,0.613240839066909,0,0,-0.998501607863755,0,0
2791,0.369621668424871,0.837275466640883,0,0,-1.78676337742739,0,0
2792,0.0730647653755215,0.420612191608506,2,0,1.49782877818163,0,1
2793,0.457790795092781,2.20466581206516,1,1,-0.863091526862489,1,0
2794,0.462842895131972,1.59447582546714,1,1,1.13668562099476,1,1
2795,0.56080961237765,1.10144207337347,2,0,0.0352211667392939,0,1
2796,0.217226285980319,1.55570944633438,1,0,0.412069350773105,0,1
2797,0.502363817469603,1.89828046573226,1,0,0.906080529425978,0,1
2798,0.0110734575942826,0.0207058569176884,1,1,-0.734884469913897,1,0
2799,0.0510012808555064,0.93778662734283,1,1,1.13230616119015,1,1
2800,0.171196901549896,1.15573454553366,2,0,1.6406107402519,0,1
2801,0.0278799587653743,6,0,0,-0.984240517423519,0,0
2802,0.289113526232541,1.42784397117794,0,1,-0.909673169342912,1,0
2803,0.570099782716069,0.856738557458695,1,0,0.889724145584682,0,1
2804,0.0298342983134919,2.54005026693145,0,0,-0.970988267504652,0,0
2805,0.470589112179975,1.23231090470698,2,0,-0.066053461091327,0,0
2806,0.309602569581734,0.835126055271733,1,0,-0.67498438503135,0,0
2807,2.25756816349695,4.92380583993388,2,0,-0.883317771310472,0,0
2808,0.838999981013947,2.18712987839727,2,0,0.990759548634418,0,1
2809,0.0210702520813794,0.0439890077143358,1,0,0.292367793177117,0,1
2810,0.0506911338824365,0.387426345776635,1,1,0.572966298176059,1,1
2811,0.210225524691244,0.258888347695271,0,0,1.15920233029677,0,1
2812,0.358751319969694,0.497810901333339,2,1,-0.957272904970458,1,0
2813,0.238108425918553,1.42237842022958,1,1,1.34662778218502,1,1
2814,0.196133196974794,0.443232970372111,1,1,1.17414686087224,1,1
2815,0.0973272851357857,0.785047676595202,1,1,0.274629819450939,1,1
2816,0.550665879725582,1.14917700619682,2,0,-1.54912092696599,0,0
2817,0.00609577685180638,0.270876519734762,1,1,-0.468834189117408,1,0
2818,1.25197363081377,2.21645850377778,0,1,-0.769096041810827,1,0
2819,0.276973657310009,0.745874367278204,2,1,0.204801818102161,1,1
2820,1.14693368573455,3.22332503584524,0,1,-0.618341548562547,1,0
2821,0.389206799057623,2.11984200434551,1,0,0.0209852389978718,0,1
2822,0.266869842695693,2.53146987095444,1,1,0.674789285684119,1,1
2823,1.72602324426773,2.18052678536922,1,1,1.09135238589727,1,1
2824,1.36053956523009,1.68537688553183,1,1,-1.6815622342931,1,0
2825,0.354230087250471,5.92709241813021,0,0,-1.18172151865649,0,0
2826,1.20396186179056,1.5115760237246,1,1,-1.72811653277898,1,0
2827,0.559162186159914,1.01998338866243,1,0,2.38732908410126,0,1
2828,0.67020403738651,0.846288713313088,1,1,0.147011939215119,1,1
2829,0.966902625596868,1.05974666370444,2,0,0.372978470119183,0,1
2830,0.82218482361371,0.838904787542829,2,0,0.470118779255221,0,1
2831,1.15168642972378,1.74008874533077,0,0,-0.0770227847121656,0,0
2832,0.708430986334052,0.812047540408348,2,1,-0.210439143388219,1,0
2833,0.0107905454933643,0.0793284914968921,2,0,1.40744454340765,0,1
2834,0.117454507077734,0.660379556939006,0,0,2.23166079540149,0,1
2835,0.504950022117959,0.784181873825257,1,0,-0.497744540714847,0,0
2836,1.2151382914795,1.38278953244777,2,1,0.850582457121011,1,1
2837,0.0378100786151157,1.34302817845704,2,1,2.10556146255397,1,1
2838,0.685240320033497,3.13448840308457,1,0,0.68448268841305,0,1
2839,0.580331988425718,0.899602999931539,2,0,1.48906548402131,0,1
2840,0.268336934451428,0.675579000424782,1,1,-0.811785399911117,1,0
2841,0.145577406510711,0.352324382445152,1,0,0.056234285703943,0,1
2842,0.33667776785377,1.06967136624274,1,0,-1.12079626286205,0,0
2843,2.14063576309816,2.22245579846572,1,1,0.408441301548517,1,1
2844,0.432590200669236,1.23549040176788,0,1,-1.34370804166094,1,0
2845,0.2590400468069,1.54284914665978,1,0,-0.871432258052823,0,0
2846,0.026074528383712,1.0089806014915,2,1,0.176445275437464,1,1
2847,2.83955399553879,2.93343883857572,0,0,-0.24562850691942,0,0
2848,0.461557845378088,0.727297853057583,0,1,0.191256435005026,1,1
2849,0.190046241329128,0.289285468755482,1,1,-0.736783929930818,1,0
2850,0.46020017146477,2.51352955048124,1,1,0.0144996986777652,1,1
2851,0.216520740133193,0.500107729782744,1,1,0.106502898371635,1,1
2852,0.941783120395091,2.07245952512127,2,1,0.56587634346665,1,1
2853,0.140862535788781,0.309612376391612,2,1,-0.0721957682863531,1,0
2854,1.29180849421655,3.34639211185277,0,0,-0.0225917354776871,0,0
2855,0.0821318668830726,0.545786409406419,2,1,2.51825679639713,1,1
2856,0.0496090891667538,0.156001808742682,0,1,0.344921991585687,1,1
2857,0.712663107034233,1.11307737755551,1,1,-0.509992327062615,1,0
2858,0.305332177732554,0.350465500138478,2,1,-0.0288519980446917,1,0
2859,0.235507784204351,1.06076281762071,1,1,-2.02152356402439,1,0
2860,0.499875598289526,2.82524024708158,1,1,0.617198578255952,1,1
2861,0.0940598086971376,0.348990255984021,1,1,0.0827998576280169,1,1
2862,0.924710026998997,1.27860497591954,1,0,-0.120084236760881,0,0
2863,0.00829884424384265,0.250459535993635,1,1,-1.44676438929706,1,0
2864,1.38563827581171,1.59429658395891,0,0,-0.343828444595855,0,0
2865,0.248792372230026,1.29088545305958,1,0,-0.790633359563951,0,0
2866,0.643696478671498,1.61337893193997,1,1,1.89259212462519,1,1
2867,0.0563516810190045,0.0727069565438374,1,1,0.513033960711629,1,1
2868,0.631494377739727,0.639136548403644,1,0,-0.271736531810668,0,0
2869,2.01384128579434,6,0,0,-0.344983727675392,0,0
2870,0.646327859722078,1.714752199472,1,0,-0.0153643796222711,0,0
2871,0.537219143783053,1.08900879855918,2,0,0.325385538767476,0,1
2872,0.538595087629319,2.49043856097232,2,0,0.00347909757214836,0,1
2873,0.26668820116255,0.578071844453613,0,0,-1.59370954603026,0,0
2874,1.92694431023158,3.05665307629123,1,0,-1.81671761045169,0,0
2875,0.136673987015254,1.649343561265,2,1,-0.200247790179912,1,0
2876,0.279091719744934,0.74866495996836,2,1,-0.579101510300038,1,0
2877,0.385276574848427,1.02018228311867,1,1,1.67977594525359,1,1
2878,0.578588469264408,0.802011842853293,1,1,-0.231115507196455,1,0
2879,0.0330464179651148,1.08091627209628,1,0,-1.75335478941499,0,0
2880,0.909605180264361,2.09189498176177,0,1,-1.01218316761398,1,0
2881,0.0259344538971878,0.0377950176935525,1,1,-1.21810647284203,1,0
2882,0.335760247997112,1.27841073145809,1,0,-2.74446440365122,0,0
2883,0.343777007968484,0.414546173193507,1,0,0.120363088056649,0,1
2884,0.197801525290642,1.38689012385585,0,1,-0.218010671206579,1,0
2885,0.179652327982088,1.04711069585608,1,1,-1.45327463484018,1,0
2886,0.0609985288853447,0.493194064556927,1,1,-0.72797306629085,1,0
2887,1.48397171451285,2.42340604495321,2,1,-0.576351392116042,1,0
2888,0.352978601844774,1.60312180696443,2,0,-0.677481289853493,0,0
2889,0.504684081083958,0.788564536318477,1,1,0.501581972586937,1,1
2890,1.27438007849258,3.9744743908995,1,0,-0.568313627635755,0,0
2891,0.146207042141921,0.391900402610682,1,1,-0.307531137263742,1,0
2892,0.400611565758785,1.6102244515231,2,0,0.580683999354739,0,1
2893,1.80093116635021,1.94250239092817,1,1,-1.0257545205816,1,0
2894,0.00810043317162328,0.0498443059253793,1,0,-1.94151374669509,0,0
2895,0.341082773067885,2.6713469918518,0,0,1.01024226851155,0,1
2896,0.18110956843199,0.601680233110349,1,0,-0.433208426346864,0,0
2897,0.170599819264478,0.685446528239882,2,0,1.26609351092226,0,1
2898,0.263744325592074,0.464191943937561,1,0,-1.40867473748401,0,0
2899,0.5893399214579,1.17012021138315,2,1,0.698424501175342,1,1
2900,0.725515839229855,1.9053845240488,1,1,-0.0989092238385037,1,0
2901,0.877860474284163,1.09758141414636,1,1,-0.53624868834152,1,0
2902,0.164285670522605,1.20232692140205,2,1,1.7309689878415,1,1
2903,0.722624365136855,0.912991491156086,1,0,0.346912701250263,0,1
2904,0.453442343924609,3.00376548431814,0,1,0.189717481324165,1,1
2905,0.0472546055957795,0.878460410244424,0,0,-0.32358345823692,0,0
2906,0.0116442592745293,0.0793636941892563,1,1,-0.917085065518484,1,0
2907,0.660616795842846,2.81662095314712,1,0,0.852453376444834,0,1
2908,0.390463008704808,0.938492843817613,1,0,-0.190241485856264,0,0
2909,0.496058725338015,3.44262648871742,2,1,-0.513734741066776,1,0
2910,0.486686004965906,1.1756600253284,0,0,-1.15793611691772,0,0
2911,0.076178502586367,0.765544310066155,1,1,-0.129990733838851,1,0
2912,0.297537409286532,0.954451285912739,1,1,0.921103258762111,1,1
2913,0.459196398345133,0.667871398230394,0,0,-1.5903753109388,0,0
2914,0.526863301379813,1.57022696579234,1,1,0.00962445939540601,1,1
2915,0.33823866241922,0.524834661953903,2,0,1.65505138877412,0,1
2916,0.731156745718585,0.830284456411998,0,1,0.0523758109352245,1,1
2917,0.259333931220075,0.573688059970495,0,1,1.65939694356471,1,1
2918,0.162021853242101,0.981813618670261,2,1,1.15200010897134,1,1
2919,1.30668015111123,1.33415444781672,1,1,-0.0969421368868634,1,0
2920,0.370875688062774,2.49538310644109,2,0,0.835650324626946,0,1
2921,0.560797974467278,1.90564576380193,0,0,-0.245359750945444,0,0
2922,0.278542438056727,3.03098210766859,2,0,-0.771422662056071,0,0
2923,1.27405462057526,3.37710193727055,1,1,0.503653288630478,1,1
2924,0.112663008568571,0.519990645985589,2,1,0.0847103581771556,1,1
2925,0.438295538123283,1.32906052100928,2,0,1.08000318152778,0,1
2926,0.0672492962977455,0.432891967656092,1,1,-1.35256894141086,1,0
2927,0.534937393127216,1.50186616083226,2,1,0.97920341681985,1,1
2928,0.063858982811923,0.141639334245241,2,0,1.2238860772562,0,1
2929,0.082727980075611,1.39889258818319,1,0,-0.763697876305039,0,0
2930,0.796368628072752,1.08018503651565,2,0,0.211204510378308,0,1
2931,0.203629851703091,0.747592810555589,1,0,-0.993338041183066,0,0
2932,0.539982793335285,0.881424726223894,2,0,-0.275222389204933,0,0
2933,1.87393312699408,3.23068484825758,1,1,0.461353609705261,1,1
2934,0.103917374379105,0.799053149523617,2,0,0.767877013277143,0,1
2935,0.0629556035157441,0.474725995767876,1,1,-2.43804757184627,1,0
2936,0.231207467408644,1.99395519623717,2,1,0.689460485921464,1,1
2937,0.161026307173307,0.439882664854853,1,0,-1.53650516962972,0,0
2938,0.143454683323701,1.74119604481053,1,1,-0.589240189203868,1,0
2939,0.45585709468772,1.46395971277835,1,1,-1.21086528222607,1,0
2940,0.24135028500999,1.21596959109108,0,0,1.47682117039351,0,1
2941,0.0521696081078756,0.169736183808804,2,0,1.29130235983726,0,1
2942,1.55190453834634,1.87961539440438,1,1,0.303495998662432,1,1
2943,1.69231495877499,3.71894002271195,0,1,-0.537756886929328,1,0
2944,0.0189701084875398,0.45135541819036,0,1,2.6619952142583,1,1
2945,0.343474033806059,1.67290529197573,0,0,0.252255605689823,0,1
2946,0.846933387173229,2.88791081087291,2,1,-1.63072016426736,1,0
2947,0.0795194743044757,1.44121954851855,1,1,0.125170573823229,1,1
2948,0.40464840093514,0.954327312755537,1,1,0.0173583940181178,1,1
2949,0.408426402274778,0.692617543095966,2,1,0.213371240780159,1,1
2950,1.12355870397026,2.47505937505529,2,0,0.119709959940408,0,1
2951,1.27272658591018,1.30643996861629,2,0,1.8708448804696,0,1
2952,0.551462060151001,0.552635863675479,1,1,-0.776779553125249,1,0
2953,0.354640271360928,0.713016962722988,1,0,-0.428275259976736,0,0
2954,0.6549160166954,0.969495031054668,1,0,-0.610860169021304,0,0
2955,0.375453093503084,0.841251981121776,2,0,0.51044642492526,0,1
2956,0.294347241417401,2.49716877670393,1,1,-0.319409902656627,1,0
2957,0.641303855097956,1.63295108854221,2,0,0.406860423172446,0,1
2958,0.287636772522496,2.32514594086999,1,0,-0.938014534477845,0,0
2959,0.535311748790093,1.11340645303763,1,1,-2.01473899077476,1,0
2960,0.0262028796391355,0.524387046482837,2,1,0.662418460032356,1,1
2961,1.25616788238586,1.42497590819244,1,1,0.256638420153155,1,1
2962,0.333029678505328,0.69594408744899,2,1,1.22374795697398,1,1
2963,1.43011742266815,6,0,0,-1.22161093365995,0,0
2964,0.529509057911734,0.707091143335941,1,1,-2.19414027960205,1,0
2965,0.880192339034583,1.04673207737505,0,1,-0.275218937135841,1,0
2966,0.711770962095923,0.752816890639824,1,0,-1.59392428456241,0,0
2967,0.0578771161861085,0.920456700179931,2,0,0.264687350215839,0,1
2968,0.0588624926118093,0.104052620715459,1,1,-1.08523955082262,1,0
2969,0.512249653951989,0.774946648861733,1,0,-0.414775769188989,0,0
2970,0.726029650411672,1.84897115329253,1,0,0.17755992186244,0,1
2971,0.762371576598121,1.7836820673489,2,1,0.0269257374744821,1,1
2972,0.530309562260906,0.838814003149875,2,0,0.440638856338479,0,1
2973,0.547320715462168,0.722892064179768,1,1,0.00145245299982157,1,1
2974,0.0991393489337102,0.13126841361295,1,1,1.0411039523003,1,1
2975,0.886412645623188,1.98202925829762,2,0,0.188960124493144,0,1
2976,0.190339331618614,0.512967012062779,2,1,0.656394234798899,1,1
2977,0.16258413195343,0.209228890848355,2,0,-0.104446649175068,0,0
2978,0.0148711746765508,0.805184516527751,0,1,0.252145998986442,1,1
2979,0.119441584166553,0.153373748721357,1,1,-1.04427744753003,1,0
2980,1.04464161326234,1.33172681917514,2,1,-0.695069793959496,1,0
2981,1.49787577899265,1.54413719575303,1,1,-0.406366288123931,1,0
2982,0.0768277195256507,0.165750636189564,2,0,0.532586043419952,0,1
2983,1.05247459887102,2.21024821849345,2,0,-1.07785938672132,0,0
2984,0.299018642658161,0.620101141566149,2,1,0.676570922453964,1,1
2985,0.037998739533015,0.335476417883805,2,0,-0.136491450712081,0,0
2986,0.107280122677781,0.21849450234259,1,1,-1.37145639319626,1,0
2987,0.289738845708945,1.99088465662477,2,0,-1.77193555280008,0,0
2988,0.316281318848382,1.6131283140292,1,0,0.261322287436192,0,1
2989,1.31023127891423,2.34494014182516,2,0,2.36434523306008,0,1
2990,0.261839080808891,0.815821635387126,1,1,0.57991819491952,1,1
2991,0.481457333597872,0.838241817803263,1,0,-0.555213061446799,0,0
2992,2.80324069355167,3.06837443262339,0,0,0.510648136859909,0,1
2993,0.00235939503386343,0.0619816707417036,1,1,-0.00652528585909371,1,0
2994,0.226183707545889,0.40592099930018,1,1,0.815682440494047,1,1
2995,0.935073053003695,2.02045858289308,2,0,-0.617814720949023,0,0
2996,0.327902437291212,1.15833508829735,1,1,-0.421171884238589,1,0
2997,0.045858317365249,1.1540920868365,2,0,1.32971499324857,0,1
2998,0.747129441652861,1.21947890489959,0,1,-0.371320976658316,1,0
2999,1.69024456124544,1.97857199451495,0,1,0.343183688812295,1,1
3000,1.08050211401122,1.21793967069972,0,1,-0.625509524745612,1,0
