"id","L","X","status","z1","z2","cgroup","tgroup"
1,0.0304248882457614,0.137889522271974,1,1,-1.07855173929189,1,1
2,0.354259705170989,1.75681106435756,0,0,0.0615499665459512,0,0
3,0.613774410346008,0.963873681020188,2,0,-0.538578836625102,0,0
4,0.594426372527897,0.913092734900227,1,1,-0.112712608273413,1,1
5,0.31756533542648,0.709031095797055,2,1,0.562505116846711,1,1
6,0.424007298715878,0.804230185814709,2,1,1.50452985649397,1,1
7,0.227538037870545,0.323530352253324,2,1,1.364611063951,1,1
8,0.166270067275036,0.904665754511349,2,1,0.503284883602078,1,1
9,0.544872862286866,1.09742124946443,2,0,-1.35998358309239,0,0
10,0.308403571111285,2.31674544613714,2,1,0.829175268963686,1,1
11,0.324706593291488,2.33052529603356,1,1,0.511787261548595,1,1
12,0.128509526847089,0.725064146566512,1,1,-0.0399099299863773,1,1
13,0.862092893570662,2.34551679872455,1,0,0.407036034615006,0,0
14,0.933261440135539,1.22603402149869,1,0,2.05979523757015,0,0
15,0.169500378280821,0.623959837995295,2,1,0.726816702925763,1,1
16,0.810086471959949,2.06321017590524,1,0,-2.06787917874918,0,0
17,0.332005828619003,0.916620381319298,1,0,-0.832191457341255,0,0
18,0.169600691704048,1.14894635595838,2,0,0.341131953042496,0,0
19,0.414230814785697,0.822388443041585,1,1,-0.575415432445237,1,1
20,0.555626643953315,1.06260487078734,1,1,-0.456927527009682,1,1
21,0.238442265731653,0.711819087704013,2,0,0.303446874685272,0,0
22,0.179422017827164,0.530709946675461,2,1,-0.108298258263186,1,1
23,0.333493544847396,1.11978236408507,1,0,-0.653875049376838,0,0
24,0.412798520701472,0.646029074365894,0,1,1.53140905074139,1,1
25,0.0641831676435664,0.4510138114749,2,0,1.08786864284397,0,0
26,0.0417016594093093,0.23961676665113,1,1,-0.281737860336305,1,1
27,0.373258303850889,0.420745964498653,2,0,1.04975126800699,0,0
28,0.995837837457657,6,0,0,-0.577382068099081,0,0
29,0.946007611230016,1.25692030022056,1,0,-1.78544894943339,0,0
30,1.01084706324495,1.16110258754737,2,1,0.0710306604573023,1,1
31,0.0755013187881559,1.80419918694381,1,1,0.332499920692456,1,1
32,0.0559985718883403,3.54445698964455,2,1,0.568251997813799,1,1
33,0.0640550022944808,0.869014876917699,1,0,0.446277385017208,0,0
34,0.0526286708191037,0.556632111868669,2,0,-1.51417491999258,0,0
35,1.52010223854265,1.95341098843003,1,0,-0.86020811840475,0,0
36,0.939402925781906,1.60644977156051,2,0,2.23645060435543,0,0
37,0.0160464533837512,0.449608449357597,1,1,-0.629178399930697,1,1
38,0.089989417232573,1.10123517909239,2,0,1.06373917801634,0,0
39,0.671881784775116,1.05450228096121,1,1,-1.0897207783288,1,1
40,0.372261600859929,1.66786231730792,1,1,1.38465904968965,1,1
41,0.136816040635498,0.367875511886857,1,0,-1.12220412945971,0,0
42,0.338038220361341,0.347947556491512,0,1,-0.444608420978679,1,1
43,0.194624977186322,0.605071375233276,1,0,-1.23856688022618,0,0
44,0.55566841442772,1.2814698363619,2,1,-1.41803100278774,1,1
45,0.231365036743227,1.18311023029188,0,1,-0.0290974991845219,1,1
46,0.127453181564007,0.855669487696603,2,0,1.35352117197492,0,0
47,0.138130768027622,0.659083143431852,2,1,-0.728146659745307,1,1
48,1.61380438927546,3.55399922393801,1,0,-0.661307673356251,0,0
49,0.177156576392296,0.686315873656679,1,0,-0.119941208809561,0,0
50,0.649419911179513,0.92258038675967,0,1,1.03493422143595,1,1
51,0.650866758052081,0.93066872681582,2,1,-0.194136172530892,1,1
52,1.61633349682959,1.64757487268382,1,0,-0.515192381563983,0,0
53,0.311721019097604,0.979446978060827,1,1,-0.0840263305458776,1,1
54,0.0742399794398807,0.120812761895393,1,1,-0.895075875668962,1,1
55,0.0689019688289889,0.204919404452194,1,1,-0.806486275448369,1,1
56,0.00817011005906398,0.010633776402348,0,1,-0.148748138585848,1,1
57,0.264820754237007,2.82456878262262,0,1,-0.243792022127945,1,1
58,0.171690151328221,0.259625563420223,1,1,0.675063851343429,1,1
59,1.38096187372266,1.52846135849715,1,1,0.649809794787136,1,1
60,0.351200239383616,2.42675952302913,0,1,-1.03341704229118,1,1
61,0.622385773816244,0.810908839706154,1,1,0.338407390830728,1,1
62,1.48019193146192,2.77709794622243,2,0,-0.909374933810484,0,0
63,0.145763856698092,0.233083836268202,1,1,-0.850292485262503,1,1
64,0.704638599313905,1.3133988132136,1,0,-1.53399954342753,0,0
65,0.033125726331491,0.774038633662345,0,1,1.17582276393562,1,1
66,0.293512955307961,1.86858439402955,2,0,2.02268228535626,0,0
67,0.398867406882346,0.567275147158666,1,0,-0.635237856889622,0,0
68,0.153487082208495,0.243108636724834,1,0,1.20362008458854,0,0
69,0.174462346185464,0.246993061871622,1,1,0.617032325894045,1,1
70,0.470679676160216,1.64447299953049,1,0,-2.29279403673544,0,0
71,0.896806472912431,3.35009645981093,0,0,-0.114054828842428,0,0
72,0.0807070368900895,0.524806895518728,2,0,0.394552432883661,0,0
73,1.27909716498107,3.31382522814351,1,0,0.942473080740992,0,0
74,0.46268382630945,3.20546939299706,1,1,0.30647935433227,1,1
75,0.132718627268533,0.713847581830364,1,1,1.16375359278016,1,1
76,1.3039812669158,1.65090509747708,2,0,1.04492306187603,0,0
77,0.143438430968672,3.04670496297084,2,1,-0.844625128279374,1,1
78,2.38098797752502,4.68616257076371,2,0,-0.577970519117592,0,0
79,0.191184556751978,0.263537385811408,0,1,1.73696746362198,1,1
80,0.572598295286298,2.08662425335904,2,0,-0.626057586947232,0,0
81,2.90603611974006,4.14655212623378,0,0,-0.477679236675487,0,0
82,0.0874095376913131,1.16457190294542,1,1,0.0598630332653719,1,1
83,0.498339399319895,0.770231586536296,1,1,-1.20831625654227,1,1
84,0.620310856029391,1.98252113341397,1,0,-1.28887502003211,0,0
85,0.140095185197424,1.28427096304327,2,1,-0.894275599526823,1,1
86,0.178651954047382,1.40726821761129,1,1,0.0314611864845225,1,1
87,0.406749168469105,0.47231141336359,1,1,-0.315655751245218,1,1
88,1.9446552916311,1.9531879776264,2,1,0.662972994721884,1,1
89,0.0467398832552135,0.714931713939246,1,1,-1.04587597455927,1,1
90,0.367391671752557,0.771287361556942,1,1,-0.954954230930224,1,1
91,0.0179458986967802,0.902344719740523,2,0,-0.0201923768180524,0,0
92,0.0995893953368068,1.90069215176112,2,0,1.57134106882263,0,0
93,0.121782344765961,6,0,0,0.830377326688097,0,0
94,0.339466921577696,0.521484824710293,1,1,1.72719130332065,1,1
95,4.03019588051324,6,0,0,0.199280166479576,0,0
96,0.273939605976921,0.459178147758786,1,1,0.0456580530067293,1,1
97,0.113233343865969,0.50339765559809,1,1,1.77612655016403,1,1
98,0.727276440567158,1.08920046305391,1,1,-0.986565236555282,1,1
99,0.258266353921499,0.426309176654906,1,1,0.159495564836249,1,1
100,0.598141927595072,1.42809183115121,0,1,0.694965580860524,1,1
101,0.22901235264726,0.345401233062148,0,1,0.353065315015586,1,1
102,0.605344271144651,1.09125566600635,1,1,-1.55868669493103,1,1
103,0.219073582440615,1.10643930678505,1,0,-1.18284780425066,0,0
104,0.371616062708199,0.985198824867148,2,0,-0.154933665309523,0,0
105,0.192308873723289,0.42515228514709,2,1,0.787153966087259,1,1
106,0.499557981541412,0.52255227851371,0,0,0.749875821890042,0,0
107,0.130966029828414,0.815561792931858,1,1,0.631929113229667,1,1
108,0.766446092139751,5.94676771782318,2,1,-0.373419546130044,1,1
109,0.435278888881959,0.50322299885287,1,1,0.0240538228248598,1,1
110,1.76679410218241,3.4763964938721,2,0,0.572033156824017,0,0
111,0.244021328166127,0.285648783092682,2,0,-0.440444916917037,0,0
112,0.0627478052047081,0.275603982425671,1,1,-1.96127109812427,1,1
113,0.744339975557514,3.1969396788667,2,0,-1.46472923368667,0,0
114,0.135211659464913,0.469833679902756,1,0,-0.353680562526554,0,0
115,0.377012204262428,1.20966975463233,1,1,-0.958079409356921,1,1
116,0.386171946356142,1.16257398638216,1,1,-0.970045429395549,1,1
117,0.480806962560684,3.33829698574451,1,1,0.674781512212856,1,1
118,0.690493739691365,3.66968879494184,2,0,0.442968276920877,0,0
119,0.547351088374853,3.19098450344591,2,0,-0.253246687639222,0,0
120,0.548081538264461,1.07797867835754,1,1,-1.82181661244618,1,1
121,0.0156899291323498,0.554970079289159,1,1,-0.660098222173875,1,1
122,0.0311290260001215,0.574165330845237,2,0,0.521126834928867,0,0
123,1.28334044007921,2.3141115608261,1,1,-0.874445953939805,1,1
124,0.822640278339139,0.979818781186736,1,0,-0.914124775816008,0,0
125,0.257452658843249,0.531430926554297,2,1,0.419341289045771,1,1
126,0.154737402676778,1.60403191577505,2,1,0.54215138099056,1,1
127,0.428757501358632,0.759531831961848,1,1,-0.720384628040513,1,1
128,0.107874837121926,0.831886137637426,1,1,-1.14206560416076,1,1
129,0.851378502245626,1.12589926324257,2,0,0.935546956877153,0,0
130,0.0707355700433254,0.557037316361243,1,0,-1.06837722851665,0,0
131,0.206819446466397,0.280330735333069,1,1,-0.734386278828176,1,1
132,0.228731586830691,1.39705482721987,2,1,-0.694207766499886,1,1
133,0.324927987530828,1.15983971816267,2,1,0.0665335130460964,1,1
134,0.175875959876187,1.11616528282563,0,0,0.108702774998908,0,0
135,0.133518495422322,0.290888453721845,1,1,0.0347543921622868,1,1
136,0.0870282296823016,0.1145627273676,1,0,0.189713712801231,0,0
137,1.00447817541239,1.12490761761173,1,1,-2.45858878266196,1,1
138,0.30095618404448,0.632979644342517,1,0,-0.437392493146481,0,0
139,0.207577029187975,0.380927671988805,0,0,-0.603492847728216,0,0
140,0.254663216219806,0.458934342103959,1,0,-0.174229515732173,0,0
141,0.187975939275033,0.891055306194234,0,1,0.417769115903966,1,1
142,0.0947787272318043,0.205373931106679,1,1,-0.442598634476667,1,1
143,0.320546361326706,2.13698396153239,1,1,0.976118526053898,1,1
144,0.748618912883103,1.15545388697899,1,0,-0.233780196075905,0,0
145,0.365782062290236,0.9218146462339,2,1,0.273905564854384,1,1
146,0.137800594649838,0.475893008212249,0,1,-0.495814489448282,1,1
147,0.0349253695458174,0.266534720237056,0,1,0.468239785639484,1,1
148,0.611495503333284,1.46449191251427,1,1,1.10052175114356,1,1
149,0.0273970101261511,0.691449273547008,1,1,0.828166941343772,1,1
150,0.127101339166984,1.30078246741913,1,1,-1.92284773263222,1,1
151,0.110779738568756,1.35072838659101,1,0,-0.804456944395333,0,0
152,0.819203346967697,1.85975593952144,1,0,-0.562385177747937,0,0
153,0.622353606132612,0.842479158494525,1,1,1.63616091667676,1,1
154,0.649891465902328,0.939291238547366,2,0,-0.703357298513446,0,0
155,0.0705646687326859,0.674876315086668,1,0,0.446968920420993,0,0
156,0.15011737612016,0.299504560950102,1,1,-0.84767430417157,1,1
157,0.0774839357472956,0.423757848745298,1,1,-0.710060642679345,1,1
158,0.0695395743241534,1.31448799580289,2,1,-0.232571967128935,1,1
159,0.0319920675829053,1.56649664443252,1,0,-0.325165265496012,0,0
160,2.13833972801197,3.06890640976956,1,1,0.104932421716759,1,1
161,0.115703708142973,1.94753129360273,1,1,-0.584966055176522,1,1
162,0.631751877345897,1.01120905894674,1,1,0.538191393438412,1,1
163,0.157999606453814,2.73607043247451,1,1,-1.43684930252995,1,1
164,0.38341711089015,2.61654469942161,2,0,-0.262795414947418,0,0
165,0.0463078074972145,3.34472396411002,0,1,-1.16226164946199,1,1
166,0.982692278330732,3.39573123802741,0,0,-0.866862332103359,0,0
167,0.75774904861749,2.60095302647947,2,1,0.0544043091884655,1,1
168,0.737870131619275,1.60623955815108,1,0,-0.624889736514882,0,0
169,0.240182690377899,2.31663092153202,2,0,0.404628714039968,0,0
170,0.0322757040574378,0.317415082565064,1,1,-1.65872781408481,1,1
171,0.0946104209184766,0.151259972874915,1,0,-1.42843933648552,0,0
172,0.0637118849756415,1.56278710579634,1,0,-0.0318056436900695,0,0
173,0.414365174248815,1.52583699433554,0,0,-0.994435970510813,0,0
174,3.47634586675053,6,0,0,-0.57165368816435,0,0
175,0.035280662791667,1.62240910315284,1,1,0.582457601408695,1,1
176,0.204355384630617,0.213427987866413,1,1,-1.01002900460982,1,1
177,0.07536083414472,0.103589161865458,1,1,-0.417387802159702,1,1
178,0.765999637544155,5.04901214676841,2,0,0.0301560996714915,0,0
179,0.372458855152239,1.15233531653101,1,0,-0.730281130274459,0,0
180,0.078476773633156,0.565787182660498,2,1,0.55417930934813,1,1
181,0.113089864142239,0.492125297906295,1,0,-2.80298044480249,0,0
182,0.0134729286655784,0.191374244168401,0,0,-0.0595108406559057,0,0
183,0.797250607839607,1.46662567783577,2,1,-0.00598323323106891,1,1
184,0.0622524492791854,0.999207751332589,2,1,-0.761757893870566,1,1
185,0.653673800962798,0.804657478237655,1,1,1.57665873629324,1,1
186,1.10340384021401,3.29290152198602,2,0,-0.223148357623754,0,0
187,0.00294602802576815,0.0115640681609783,1,0,-0.0706358857600405,0,0
188,1.03650163300335,3.6391267956545,0,0,-0.790964903926197,0,0
189,0.549600863829255,4.68788096032349,0,0,-1.2336968182127,0,0
190,2.98872934519485,5.88396356094298,2,0,-0.518540103833877,0,0
191,0.0636293983552605,0.81461944343212,2,1,-0.918134229595274,1,1
192,1.01178010999983,1.09173192017182,1,1,-0.666813025850699,1,1
193,0.0779493630398065,0.860388166060705,2,1,0.50344574070832,1,1
194,0.755893300653237,4.82133902006829,2,0,-1.08593089242093,0,0
195,0.407063556776848,0.970295546982307,1,1,0.166246755813715,1,1
196,0.274699242436327,3.38932045529422,1,1,1.13832461604609,1,1
197,1.03834191434633,1.15846849104937,1,1,0.168992190447542,1,1
198,0.32482649636222,0.5556484245483,1,1,-0.35235302150048,1,1
199,0.0115230758092366,0.493287473260781,2,1,-1.04081772693818,1,1
200,0.044536241006981,0.138644588796879,2,0,2.24456820785859,0,0
201,0.196617782389734,0.350746186450124,0,0,0.857333959066029,0,0
202,0.100753458973486,2.2267576182882,0,1,-0.067496618234071,1,1
203,0.49476033306849,2.06657014684389,1,1,-0.780835701147395,1,1
204,0.8479479659319,0.899129444992942,1,1,0.453415006069664,1,1
205,0.0857881930062594,3.0434041564886,1,0,-1.15506274111774,0,0
206,0.361696966530697,5.11052972988922,2,0,-0.675747496411989,0,0
207,0.883074921555817,2.87443265492223,2,0,0.323334414330995,0,0
208,0.048004444106482,0.0561797556445067,2,1,0.556235985060105,1,1
209,0.386155846528709,1.84675695329318,1,0,-1.8814960578366,0,0
210,0.532069778069854,1.00307415025653,1,0,-1.28070936189021,0,0
211,0.232250985573046,0.332839348615373,1,1,-0.852316344839128,1,1
212,0.685467052363612,2.13200620249073,1,1,1.9963656043892,1,1
213,0.754861567345916,6,0,0,-2.18490837440637,0,0
214,0.5908078039065,1.60612995995296,1,0,-0.0547789926501268,0,0
215,2.362067008307,5.16818749049236,0,0,0.310987959704522,0,0
216,0.909764778800309,1.01578573325767,0,0,-0.564164309138359,0,0
217,0.156739463911678,0.707934280093216,2,1,-0.118869336073792,1,1
218,0.157708161568735,1.20795782867456,1,1,-0.482767415960093,1,1
219,0.0850612750660871,1.1600829121392,2,0,0.960822537248085,0,0
220,0.223354633199051,0.4882570859829,1,1,-0.615029984545277,1,1
221,0.172172189202545,0.72951327614772,1,0,-1.84875490558082,0,0
222,0.284006155270617,1.27719100213654,2,1,0.839488562428079,1,1
223,0.13393347459057,0.837159206701429,1,1,-1.63378486368099,1,1
224,0.781134269200265,0.934715295710254,2,0,1.11436722399763,0,0
225,0.0170235959812999,0.670923778334429,1,0,-0.0172766283076036,0,0
226,0.958356254734099,1.69837425210688,1,0,0.0469623669303513,0,0
227,0.420157646003645,0.874358526414852,2,1,-0.759318477674542,1,1
228,1.95341797100364,2.94979475602563,2,0,0.0155695252418188,0,0
229,0.147016678425985,0.631287030324323,1,1,-0.914916882245871,1,1
230,0.0948269169619312,2.60682422974238,1,1,0.225638311074104,1,1
231,0.054889197461307,0.240046054755833,1,0,0.442842299244304,0,0
232,0.226419747632463,0.330618163883606,1,1,-1.17563469987441,1,1
233,0.0150780740659684,0.278207259975925,0,1,-0.62526243619378,1,1
234,1.09087566658854,3.58135765311699,2,0,-0.0655759739058937,0,0
235,0.503670825622976,1.54738882927595,1,0,1.19791333114183,0,0
236,0.0322862790198997,0.273909648723057,1,1,0.238919663014734,1,1
237,0.627176544486366,2.35036186183217,2,1,1.19070793025614,1,1
238,0.133171939232852,1.33993473026473,1,1,0.622656067772609,1,1
239,0.285933614779184,0.573929934035325,1,1,-0.244834276858896,1,1
240,0.368372877419461,0.440971275759956,1,1,0.615635946193859,1,1
241,0.0210339889376829,3.09375816348472,1,1,-0.655489971686863,1,1
242,0.0148708641991878,0.265953027180939,1,1,-0.550976969768839,1,1
243,0.392839236184955,0.49848277886756,1,0,-1.29523825629208,0,0
244,0.28912460808849,0.351203025499242,1,1,-0.628192849617056,1,1
245,0.479703025749706,0.849300300883318,1,1,-1.43923011765148,1,1
246,0.122135411074851,0.362721791780301,1,1,0.758656614788555,1,1
247,0.484598074686907,1.82386151448868,1,0,-2.0907453892825,0,0
248,0.476852384136811,0.48701515811753,2,1,-0.0711177733860427,1,1
249,3.2819653598774,4.53149943568508,1,0,0.27128071579661,0,0
250,1.04569060448557,1.47234618215698,1,0,-0.531643975347032,0,0
251,1.84465291901472,2.81882177649135,2,0,0.53502432375736,0,0
252,0.460138531026252,1.4183541841323,1,1,0.201972322026253,1,1
253,0.170704787014984,0.913841876511773,0,1,0.734141949146714,1,1
254,0.510015511881032,1.56442021175415,2,1,0.173868199458188,1,1
255,0.0555193219333887,0.165806431983167,1,0,0.51959619847051,0,0
256,0.202527641243134,0.580452775809512,2,0,-0.418501327470449,0,0
257,0.0142203629082906,0.251010315129744,1,1,-0.264500506318199,1,1
258,0.0398123211925849,0.993290668677467,2,1,-0.199414486072702,1,1
259,1.41901485613527,2.82973118436833,0,0,-0.127554859768535,0,0
260,0.284395059279632,0.60685314791109,1,1,-0.763140954949037,1,1
261,0.2388648307533,0.689895392085115,0,1,1.01072847345688,1,1
262,0.263803022389766,0.60947897244074,1,1,0.198775908247971,1,1
263,1.11162336841933,1.20472337899949,1,0,1.22699113078972,0,0
264,1.19043999229895,1.43355548816812,1,1,0.579636351242995,1,1
265,0.0375996431102976,0.161281903522527,1,1,-0.00742171148438737,1,1
266,0.279303115792572,0.360761506508817,1,0,0.740460601298263,0,0
267,0.243040221685078,0.887506435287184,1,1,-0.478570140986201,1,1
268,0.175117790907274,0.395933504240427,1,1,-0.319362744720962,1,1
269,0.160710604892378,1.47348186175827,1,0,0.343650263338127,0,0
270,0.638424483127892,0.866276794868399,2,0,1.93937847283496,0,0
271,2.26585292435231,2.44796103297554,2,0,-0.299044280841912,0,0
272,0.073721346561797,0.0758283348398819,1,1,1.10001452639339,1,1
273,0.065712571667973,0.275804444526821,1,1,0.266146432928568,1,1
274,0.538188039325178,2.0748313900975,2,0,-1.06038143776753,0,0
275,0.494824495373115,6,0,1,-0.824477662834925,1,1
276,0.798642946407199,3.91254439175917,1,0,-1.5025760136601,0,0
277,0.252498873469634,0.624058075313115,2,1,1.03383575185884,1,1
278,0.406319486501161,1.60790504076964,2,1,0.913100232819603,1,1
279,1.28858570940793,1.6164052718532,1,0,-0.684461366276724,0,0
280,0.270047223195434,1.70647345092815,1,0,-0.723894273974128,0,0
281,0.0881659438419947,0.446435438589835,1,1,0.365938348201065,1,1
282,0.17411399167031,1.08820476471036,1,0,0.607076103972186,0,0
283,0.270875854417682,0.522464923408247,1,0,-0.800864299808359,0,0
284,0.530913546655148,0.994852328153931,2,1,1.44041725264278,1,1
285,0.205317838408519,3.37717757207926,1,1,-0.129739589170074,1,1
286,0.197699273170202,0.332103553658328,2,1,0.0334316390587387,1,1
287,0.773907059803605,1.3143913137416,0,0,-0.166520374538974,0,0
288,0.0712685024769332,0.597567724088752,1,1,-0.665443679689032,1,1
289,0.888078358955681,1.29203269007706,2,0,0.806033594163449,0,0
290,0.164590739295818,1.02166814864535,2,1,0.659361582768974,1,1
291,0.755821437315837,0.968256428672632,1,1,0.640456203040069,1,1
292,0.433176670100608,2.83581021476376,2,0,-0.459330702123617,0,0
293,0.502381978584037,1.40746286186605,2,0,1.0106199583824,0,0
294,0.230117235472739,1.25296594415098,1,1,-0.732792624427157,1,1
295,0.0130445124525063,0.263126670546018,2,0,1.52033818052238,0,0
296,0.453924631391006,0.941937922576031,1,1,-0.799074231832874,1,1
297,0.357534284703434,0.538208986433893,1,0,-0.456236234043303,0,0
298,1.01934316012135,1.89076213289205,1,1,-0.920191914278058,1,1
299,0.181522803381085,1.51567343001564,0,0,-0.505339178334874,0,0
300,0.0792583730071783,0.563259338050094,1,1,1.48342588351848,1,1
301,0.164024475961924,0.395462057322493,2,0,0.370307512066557,0,0
302,0.415469943836797,4.45447555037862,1,1,0.752995177343323,1,1
303,1.49950082069657,2.08967067704638,1,1,-0.0222926365723933,1,1
304,2.23089974324127,2.91259156033315,1,0,0.877882065428905,0,0
305,0.357639437309512,2.33539712955305,2,0,0.890322565368804,0,0
306,0.0806551678106189,1.01099358002698,0,0,-0.37725715376321,0,0
307,2.88767793085585,4.53494951731867,2,0,-0.0834885277887247,0,0
308,0.0354220728529731,0.484090853745522,1,1,0.334123975312452,1,1
309,0.469982387545039,1.36694692745092,0,1,-0.638405223694576,1,1
310,0.241964467859361,0.898858529420879,1,1,0.125626371388905,1,1
311,0.261623391706962,0.757801367115508,2,1,0.101537082022331,1,1
312,0.470138840285609,0.575173556199179,1,1,-0.684639124230513,1,1
313,0.493123016759575,1.75630779505585,0,1,-0.773270571751038,1,1
314,0.408607434947044,1.87302533985739,2,1,-0.00946484189707245,1,1
315,0.341067677363753,0.73129706227926,2,1,0.496573411493075,1,1
316,1.98739777869525,2.06881308562992,1,0,-0.775025029663299,0,0
317,0.0679082938586362,0.496811057889746,2,1,1.96869299905572,1,1
318,0.053560609646128,1.38914439336694,0,1,-1.38950734464653,1,1
319,0.702885687351227,2.66015542189912,1,0,0.877052778386602,0,0
320,0.226651066914201,0.373769838988294,2,0,-0.475306735768211,0,0
321,0.298622357076965,1.72319885413835,1,1,-1.48992493074994,1,1
322,1.79138922496679,2.38773167373071,2,0,0.132621181495898,0,0
323,0.666735299724137,1.0740592296069,1,1,0.903244991857182,1,1
324,0.515533232802346,1.41326770613497,1,1,-0.591574976300512,1,1
325,0.0290207157298237,0.404133621486641,2,0,-0.514953306619828,0,0
326,1.00877226796001,6,0,0,-0.515995593959192,0,0
327,0.11873637966346,0.549852014693414,1,1,0.76942853339214,1,1
328,0.61880133789179,1.1412751551604,2,0,1.29921993120623,0,0
329,0.811482305780048,1.78130463697016,0,0,0.887212316527387,0,0
330,0.245820400596131,0.760971942226599,2,1,1.03898469103221,1,1
331,0.500653307390769,1.54515465383119,2,1,-1.4476390069382,1,1
332,0.635653668083251,0.8845736179572,1,0,0.610242248734756,0,0
333,0.228471430891659,1.39721497865239,1,1,-1.68083614520644,1,1
334,0.158160073624458,0.510184772727856,2,1,1.59645296058822,1,1
335,0.415804363728967,1.07053643677282,2,1,0.278014562142485,1,1
336,0.0697638426853867,0.466399455387542,0,1,0.380005075165122,1,1
337,0.670978108511128,5.54080773255939,1,1,0.424105998697199,1,1
338,0.34733050444629,0.660408879448451,2,1,0.761424894393624,1,1
339,0.00494377542054281,0.647433271450361,1,1,-0.769256010805358,1,1
340,1.01879431027919,1.15522681885827,2,0,2.24461900415745,0,0
341,0.0722899205217623,2.40755586345092,0,1,-1.05108606450736,1,1
342,0.0370142851229166,1.6318154465596,1,0,-0.229462538821532,0,0
343,0.219394261366688,0.477274745747878,1,1,-0.531186779469327,1,1
344,0.265065208659507,0.410196654543802,2,1,0.579189433325339,1,1
345,0.351761014026124,0.384639829480842,1,1,-0.492589490372553,1,1
346,0.634467184983015,2.05944607548506,1,1,-0.121323557888696,1,1
347,0.246319520067212,0.289387169466696,1,1,-0.403836633880786,1,1
348,0.00302933425946664,0.206103467826846,1,1,-0.334511833660879,1,1
349,0.460924480549812,0.639547813767918,2,1,-0.470453984369741,1,1
350,0.702062830651932,0.734100803811173,2,1,0.220970669498674,1,1
351,0.437094634103104,0.776953316957799,1,1,0.609308689811777,1,1
352,2.16074589445236,5.20521816390409,1,0,-1.42539467497346,0,0
353,0.152863132767379,0.389836833498661,1,0,-1.19570414882046,0,0
354,0.263511958532035,2.37881462429586,2,0,-0.169184450600499,0,0
355,0.0571657312895455,0.41299474339379,1,1,-1.56025322002635,1,1
356,0.23102893930627,0.820612046702756,1,1,-0.599571060782281,1,1
357,0.530287124216557,1.65753798053794,2,0,0.745073460740559,0,0
358,2.14540216890781,3.77552064356782,2,1,-1.63557339061812,1,1
359,0.481598086163223,2.30946122047802,0,1,-0.148052072975365,1,1
360,0.470092984588638,1.01138977723424,2,1,-0.183672137033325,1,1
361,0.233884952904191,0.442458924745594,1,1,-1.23612029369316,1,1
362,0.146278477008761,2.28668856513866,1,1,1.24012286179941,1,1
363,0.523529391476706,0.884804675516081,2,1,0.52359934163962,1,1
364,2.51134076892378,3.77873610508738,2,0,0.570630549446624,0,0
365,0.392921457998455,1.65046542197646,2,0,-0.800635499487928,0,0
366,0.0885535715497099,0.212461994265101,1,1,-1.29215522616913,1,1
367,0.303881094732787,1.39332906761232,2,1,-1.40229205706601,1,1
368,0.161355070595164,0.742289171998945,1,1,-0.0362883486374706,1,1
369,0.0409891353920102,0.067673586133086,2,0,-1.20375671111049,0,0
370,0.295302667478559,0.476390843857954,1,1,-0.112887567920477,1,1
371,0.61222549176012,0.714864678627924,2,1,-0.315303807338752,1,1
372,0.766089496202767,1.51351744929949,0,0,-0.354941261754552,0,0
373,0.0425572215638602,1.00324657213884,2,1,0.230554990548331,1,1
374,0.280729365476873,2.77787604257002,2,1,-0.0403825868800355,1,1
375,1.4583875480284,2.21164867103299,1,0,0.685371898889365,0,0
376,1.03289622440934,3.43899441663253,0,0,-0.768562128771654,0,0
377,0.203583324619103,5.25559684376951,2,1,-1.45300157114263,1,1
378,0.469017963335741,0.582205963961489,1,1,-1.15365717745795,1,1
379,0.0635486012324691,0.453453550475634,0,0,-1.05473802808693,0,0
380,0.529391190476537,1.68202227912843,0,1,1.4762577654063,1,1
381,0.421346905350219,5.52153481757341,1,1,-0.114803339187711,1,1
382,0.0111894105793908,0.17910601619702,2,1,1.23488752794578,1,1
383,0.289139390068999,3.36210137849884,2,0,0.402467488683086,0,0
384,0.650194004469858,1.05901507353293,2,1,1.38395384844212,1,1
385,0.00916241318918765,0.283756966818182,1,1,-1.04732435872241,1,1
386,0.0994522302062251,0.151382657464624,1,1,-1.71894917780683,1,1
387,0.564486163758494,0.894854233023918,2,1,-0.544517495487291,1,1
388,0.120409943163395,0.759517724598947,1,0,2.32212171899457,0,0
389,0.347967038687784,0.844408780199464,1,1,0.856592345311588,1,1
390,0.267227770760655,1.07213618344018,0,0,0.224668934242294,0,0
391,0.223302735830657,1.30647710040097,1,1,-1.14667095765754,1,1
392,0.226040035486221,0.334533216835866,1,1,-1.26008267242123,1,1
393,0.114281016285531,0.330901600854514,1,1,-0.486443723128774,1,1
394,0.0854284496745095,0.804304822032403,2,1,1.65194097756517,1,1
395,0.690839739208098,0.962220559198387,1,1,1.07439997002955,1,1
396,0.405898859899025,1.15474547625816,2,1,-0.24792675179815,1,1
397,0.488946984522045,0.936593357908476,1,0,-0.0731865624066102,0,0
398,0.20959089215041,0.255357933995186,1,1,-0.476495108493985,1,1
399,0.0225520842066199,0.421918637653482,1,1,-1.40178914210875,1,1
400,0.575514532366589,1.13784686140345,1,1,-2.16842719794923,1,1
401,0.13728760794038,3.48998271614447,2,1,-1.90145556967747,1,1
402,0.30103301503565,2.18657819946067,1,1,0.426148672821201,1,1
403,0.0561401791430481,0.284343631249634,1,1,-0.692154478529646,1,1
404,0.299246371723711,1.57429156383981,2,1,0.533038637426886,1,1
405,1.45248519248309,2.35422371980522,2,0,0.6683204349563,0,0
406,0.842796259559691,1.1625331924926,0,0,-0.846065593503012,0,0
407,0.330481854616664,1.20550023873933,1,1,-1.37436271765984,1,1
408,0.0279080166677065,1.0006628884631,1,1,-0.566941579930846,1,1
409,0.146122382138856,0.658647389268635,1,1,-0.162258175524585,1,1
410,1.03200413481685,2.32772578612928,2,0,0.0778108983852014,0,0
411,0.175557112379465,1.19204655109768,2,1,0.480322779648605,1,1
412,0.462216070767647,1.09977624052305,1,0,1.0075077753527,0,0
413,1.80874227724018,3.3653695201343,2,0,-0.506022048951641,0,0
414,1.49693627158748,1.76320639555899,2,1,-0.0825176893486556,1,1
415,1.73108926151453,3.31242819201067,2,1,1.02723243073195,1,1
416,0.0143138527539298,0.773190287850763,2,1,-0.515070694957386,1,1
417,0.0134111554050964,1.24890265986323,0,0,0.0711932294544431,0,0
418,0.31821031327639,4.48000024849384,2,0,-0.0988054301934196,0,0
419,0.588060145781795,3.96030450573928,1,0,-0.227042945598912,0,0
420,0.0392012050146754,0.162032109395561,2,1,0.434182532235021,1,1
421,0.653385501910754,0.7069035004525,2,1,1.18346189977908,1,1
422,0.0457468276727013,0.208562148269903,1,1,-1.15589754157227,1,1
423,0.541102577182945,1.85884746122217,1,0,-0.119394585842076,0,0
424,0.728706883938804,0.846506778292177,1,1,-1.72255250736208,1,1
425,1.09293974749744,1.90085974779231,1,0,0.144457582592103,0,0
426,2.19429615317824,3.10631176703518,2,0,-1.10572852845588,0,0
427,2.41825507572832,3.90467291956429,2,0,0.185650547386025,0,0
428,0.123514854640234,0.126525934671852,1,1,0.650733459157928,1,1
429,0.303769141709993,3.54454903153796,2,0,-1.38090711311597,0,0
430,0.388115321402438,0.568786258445315,1,1,-1.19481438932373,1,1
431,0.43515589383811,1.17748903296696,1,1,1.14254977300909,1,1
432,0.777337108712465,0.783032785225169,0,1,-0.719277346952534,1,1
433,1.13767814729363,1.14706799792704,2,0,-0.432792792392131,0,0
434,0.196793523247337,0.379577197501665,1,0,1.34805045594134,0,0
435,0.0106755620708199,0.603844965629269,2,1,1.26153828163845,1,1
436,0.369168636098038,0.846694863999148,1,1,-0.307947200023318,1,1
437,2.09341418548467,3.85463304332397,2,0,-1.35364967683459,0,0
438,0.386356778908521,1.26344242293094,1,1,0.0996174802498783,1,1
439,0.850295425017186,1.49034829870482,2,1,-0.307990345383524,1,1
440,0.126145113305595,1.79494331197839,2,1,0.242413467605022,1,1
441,0.454751572079778,0.978336701463343,1,1,-0.373046448656043,1,1
442,2.20758205457571,3.51398339184622,0,0,-0.490392265669305,0,0
443,0.137701117200777,1.03136150821941,1,1,0.162792698716257,1,1
444,0.316861312021501,1.04022106404383,1,1,-0.357255358548385,1,1
445,0.0439920047892062,0.102369763020457,2,1,0.30875851640849,1,1
446,0.229597395518795,0.314838232133355,1,1,-1.41483608121901,1,1
447,0.20561945711961,3.27234737596404,2,1,0.573137751565434,1,1
448,1.4354137929964,1.52640976810213,2,0,1.73600377301561,0,0
449,0.479630361311138,1.83286630965367,1,0,0.0397077650142719,0,0
450,0.179747228103224,1.36125923573092,1,1,-0.785436752508127,1,1
451,0.725759331136942,1.4960289312594,1,0,-0.884720838955305,0,0
452,0.0487968779634684,0.6774310969312,0,1,-0.0469182270663254,1,1
453,0.00160464995880815,1.0341632972064,2,1,0.709974252312275,1,1
454,0.537732073105872,0.748794371130511,1,0,-0.32275857713578,0,0
455,0.148500164970756,2.96835451231263,2,0,-0.243086549415918,0,0
456,0.0817470031324774,0.848425973357479,1,1,-0.0693668867473008,1,1
457,1.08371129073203,3.07146348654318,1,0,1.22730259844361,0,0
458,0.243475028313696,2.24148823987275,2,0,0.525766243113605,0,0
459,0.750596961006522,0.808496235720129,2,0,0.7113682771467,0,0
460,0.0274653147575247,1.1557388328301,1,1,-1.14880796443781,1,1
461,0.172669970488641,1.05744809468402,2,1,-1.09040438561663,1,1
462,0.581791782143347,0.63374601023971,0,1,-0.552760970380887,1,1
463,0.172836905403528,0.492984952642572,1,1,0.770254592532501,1,1
464,0.434880257768676,1.30505499886023,2,0,1.86779954122154,0,0
465,0.187542780900123,1.22757219210443,1,0,-1.38252312786434,0,0
466,0.139220759136518,1.21790915585296,0,1,0.483307668911034,1,1
467,0.639442163654018,0.761930974541107,1,1,2.03080142588905,1,1
468,0.271807570941746,0.337331634017615,1,0,-1.46481095199747,0,0
469,0.492601490234015,0.602779405212607,2,0,0.623850867386034,0,0
470,0.603023931384087,0.612482490386538,2,0,0.0171363247501624,0,0
471,1.35549986524289,2.38419513051059,1,1,0.388645097927465,1,1
472,0.414855390845332,0.570432167023574,2,1,0.470438585703214,1,1
473,0.153711740485267,0.221236863305607,1,1,-0.502958884781557,1,1
474,0.637401759714641,1.27394346941129,1,1,1.27091482386564,1,1
475,0.444804675615701,0.606041901175646,1,1,-0.668419832117921,1,1
476,0.287546691251919,0.763967822280642,1,1,-0.514788619079614,1,1
477,0.147278991443483,0.244983515553356,1,1,-1.08541018881404,1,1
478,0.396631648062411,1.03555114816778,1,0,-0.289398792049831,0,0
479,0.172848555259407,3.30595329403877,0,0,-0.557276119782954,0,0
480,0.0343035934492946,1.034259046321,2,0,0.837287397234967,0,0
481,0.0121859402861446,0.418832793572092,2,1,1.59075124515827,1,1
482,1.044932629525,1.21749960916489,1,0,-0.811852152777547,0,0
483,0.115559424018836,0.181009292630317,1,1,-1.66264218432653,1,1
484,1.10235938709229,3.32457930514679,1,0,-0.880866661370461,0,0
485,0.109076233929954,0.251192412763061,1,1,-0.293508189875915,1,1
486,0.799361781656563,1.21297145258124,1,1,0.0810677320851684,1,1
487,0.81627750941255,1.2416335662043,2,1,0.525462855394362,1,1
488,0.233369760224352,0.342601449049041,2,0,1.2978307101787,0,0
489,0.0952540011546991,1.64912837550144,2,1,-0.693177439560718,1,1
490,0.873288680998244,1.9292260249184,1,1,-0.247220465442489,1,1
491,0.55963066440705,1.45364016900573,1,0,1.34020747369974,0,0
492,1.04065887857565,1.12029442068705,2,1,1.759949259934,1,1
493,0.228571432526223,1.85535919248467,1,1,-0.221072821277166,1,1
494,0.0702965434174985,0.660668094519546,2,1,2.29875739276595,1,1
495,0.626378154239439,0.848174490348825,1,1,0.656717497288599,1,1
496,0.198595074471086,0.820526716342035,2,1,0.587677752673923,1,1
497,0.468321946074076,0.692462219000466,1,1,0.317152083899037,1,1
498,0.247527661764582,1.80344929727539,2,0,-0.461243394648428,0,0
499,0.540143394888682,1.90945797279889,1,1,0.36127543019276,1,1
500,0.369549658294755,1.29988753857712,0,0,0.75304447246938,0,0
501,0.448860916755465,2.58227910404942,2,1,0.269737554085101,1,1
502,0.279342394787818,0.340557478789265,1,1,-2.21910995856013,1,1
503,0.333727420296794,0.550472399065766,1,1,-0.621838485533674,1,1
504,0.00891872507054359,0.831834068507316,1,1,0.024913506077356,1,1
505,0.191766925937462,0.452116382529574,2,1,0.331851681236229,1,1
506,0.391023576958105,1.17430473046548,1,1,-0.371045369529211,1,1
507,0.00442137775667042,1.35987480758776,1,1,-0.132008008651932,1,1
508,0.162495151162148,1.33201591423738,2,1,0.102477680189116,1,1
509,0.0678964717053412,0.809038194119902,1,0,0.0698147772548338,0,0
510,0.564079138540484,0.732955710949942,2,1,0.504212108819054,1,1
511,0.25119917653501,0.608064981132929,1,0,-1.15902983773207,0,0
512,0.615931422449648,0.930139433604249,2,0,-0.188690478562581,0,0
513,0.740206156857312,0.994002554751202,2,0,1.32365455140914,0,0
514,0.266118652361911,1.71251352692609,1,1,0.0797137790926293,1,1
515,0.0692745821522385,0.245033372342096,1,1,0.28839373314081,1,1
516,0.0056975844231203,0.0212616194039583,0,0,0.0987021192178513,0,0
517,0.0595838863371372,0.388948716948265,2,1,0.502914736839933,1,1
518,0.133704209674202,0.473043619459493,0,1,0.425384285374249,1,1
519,1.17939423734869,3.2452613703329,1,0,1.00966007334366,0,0
520,0.126716828672215,2.51400432900278,1,1,2.69064527610818,1,1
521,0.202644044184126,0.351635648759301,1,1,-0.718717428552906,1,1
522,0.524151920530699,0.63271158477636,1,1,1.53002795163478,1,1
523,2.89674104821025,4.0894458600879,2,0,-0.598136907633127,0,0
524,0.626373562030494,2.01499289387194,2,0,1.25409723671589,0,0
525,0.24788483412833,0.85878121378704,1,1,1.08323556922938,1,1
526,0.0725823659449816,0.548525983219405,1,0,-0.0684703244118241,0,0
527,0.401042130542919,4.34277280334305,2,1,-0.416520533801875,1,1
528,0.170819437383294,0.46707033038002,1,0,-1.3285333906917,0,0
529,0.10328308067983,1.36329512392449,2,1,0.677289819627739,1,1
530,0.228916516982284,2.25122367450148,2,1,0.00994036404096055,1,1
531,0.0863946778699756,0.17400681705091,1,0,-0.768659123778147,0,0
532,0.0723372009815648,1.41024293289632,1,1,0.290836799094253,1,1
533,0.711771784350276,3.16574908616284,1,0,0.251807295285873,0,0
534,2.74969223692062,2.8100078047404,0,0,0.791718063952227,0,0
535,1.10430297255516,4.61176867825998,2,0,-0.802839090230481,0,0
536,0.166601385863032,0.326523823119273,2,1,0.600554291507176,1,1
537,0.693800167180598,4.37055536235372,0,0,1.57376272169167,0,0
538,0.553180073387921,1.5742238990358,0,0,0.0557332261035532,0,0
539,0.204367034383002,0.73305757024215,1,1,-0.56953390848186,1,1
540,0.000592600668316271,0.254069070472063,2,1,1.03787461221024,1,1
541,0.156165670551439,0.431446302634069,1,0,0.23765032847186,0,0
542,0.966457414853961,1.22445090013227,2,1,-1.3902319200517,1,1
543,0.543501085601747,0.917266017870136,1,0,-1.68681256799376,0,0
544,0.551973757074967,1.60700026909214,1,1,-1.26940447184139,1,1
545,0.610565437935293,2.03557153232396,0,0,0.647100654306586,0,0
546,1.07186453295277,4.46492505188545,2,1,-0.00225098826020758,1,1
547,0.372039888054132,0.524379773768061,1,0,-1.04629047348631,0,0
548,0.160814857523622,0.605550833667318,0,1,-0.653417482617128,1,1
549,0.0451859924942255,0.229796503214926,2,1,1.30685901232131,1,1
550,0.718492928892374,0.75536091819924,2,0,0.611992771064836,0,0
551,0.0193955019225784,1.52763095375115,2,0,-0.814515050862053,0,0
552,0.575632028281689,0.672107307398536,2,0,-0.798979459178267,0,0
553,0.0441788841271773,2.63663925194896,1,1,0.0440843759619806,1,1
554,0.089087899774313,5.46647803890811,2,0,0.718530588808194,0,0
555,0.458469068118682,1.14672233806189,1,1,0.441959661417308,1,1
556,0.193582868172284,1.79936278383749,0,0,0.299707091745366,0,0
557,0.612847969724618,1.23478101421003,2,1,1.25606671441696,1,1
558,0.461102045658075,0.566724930752906,1,1,-1.53130728771023,1,1
559,0.0878725433603695,1.699321626996,0,1,-1.04946909372605,1,1
560,0.0784545289934613,0.39249023704487,2,1,1.43463683856769,1,1
561,0.214842813729774,1.31749176467721,2,1,0.892823675355379,1,1
562,0.343642747235489,0.411014870792188,0,1,-2.24058230400369,1,1
563,0.0392627983484768,1.34790592299301,1,1,-0.108491526534959,1,1
564,0.00708550106084815,0.911226975419458,1,1,0.880150585753297,1,1
565,0.48709121122659,0.529103425020973,0,1,-0.176909189489969,1,1
566,0.24871185024328,0.835437026265394,1,1,-0.362648940500724,1,1
567,0.128058613359849,0.432000667727691,1,0,-0.308160099992746,0,0
568,2.364817680707,3.49183300309752,2,0,-1.08563312612657,0,0
569,0.390618102316054,1.3111004796365,1,0,-0.631334421145105,0,0
570,0.557451607866034,2.53280925476158,2,1,-1.22400158573338,1,1
571,1.09300215761489,1.3318206734208,1,1,-0.877134196528083,1,1
572,0.0259165185437014,1.14420639690199,2,0,0.637757915641766,0,0
573,0.649216902442276,1.39014618849237,1,0,-1.02159812440667,0,0
574,1.20327871758491,1.80171388811882,0,0,-1.28223068386605,0,0
575,0.270465446460715,0.937509351456808,2,0,1.8354801270143,0,0
576,0.283633053752244,0.324982134625316,0,0,-1.21627789449662,0,0
577,0.0827603379730135,0.443838553603882,1,1,0.565633532882099,1,1
578,0.0218856389983557,0.447886731546264,1,1,0.275653530168702,1,1
579,1.84353058215904,2.27173518578976,2,1,0.345293853670043,1,1
580,0.140085558959705,0.698888427404344,2,0,0.823439193915321,0,0
581,0.967200957238674,1.78490047867935,0,0,1.16219791507089,0,0
582,1.08675890829751,2.02959453330107,0,1,-1.6287057494991,1,1
583,2.22680757745149,6,0,0,0.357027194566899,0,0
584,0.623870547252528,1.19966082115475,1,1,-0.397410410290078,1,1
585,0.41455429745838,1.31085786537452,1,1,-2.02916400424,1,1
586,0.303617873451249,0.80445288103888,1,1,-1.21775308329873,1,1
587,0.198663265327923,1.50348971482307,1,1,-0.772767277284801,1,1
588,1.65981745897772,1.78475831168453,0,0,1.38323336801435,0,0
589,0.0687133970657655,0.671872557530576,1,1,1.17677121139284,1,1
590,1.01088447622959,1.05087858054505,2,1,-0.00671012327192004,1,1
591,0.0410732330055907,0.113308015399829,2,1,0.392486513792577,1,1
592,0.552879116497934,1.62217253313447,2,0,-1.18354819750393,0,0
593,0.274226982146502,1.43892794029431,1,1,0.950014667062901,1,1
594,1.60912888663704,3.17415887101353,2,0,0.318634887448822,0,0
595,0.333997944253497,1.67217760156709,2,1,-0.837551666603088,1,1
596,1.00655006244779,2.34062885393264,2,0,-0.281244384550941,0,0
597,0.162788174115121,1.11796020482626,1,0,1.34867839362282,0,0
598,0.408173046094269,1.28288899855168,1,0,0.87924543975501,0,0
599,0.553086694837088,2.99318085795781,2,0,-0.213681384173316,0,0
600,0.0307297832360963,0.529012224755794,1,1,-0.843958972675742,1,1
601,0.399739636632148,0.426589615689012,1,1,0.128155837468109,1,1
602,0.228744547289624,0.855338725987688,0,1,-2.92150927884059,1,1
603,0.631615049179465,3.54740296343761,1,1,-0.324805602966641,1,1
604,1.76681855685058,3.15653622827013,0,0,0.662611379112411,0,0
605,0.0197943234816194,0.0814042055749175,1,0,-0.301779634308618,0,0
606,0.0901535220327787,0.357400463160724,1,1,0.316737745754113,1,1
607,0.367812279437203,2.94487297824456,0,1,-1.82972790966255,1,1
608,0.560577431693673,0.943075815836589,0,0,-0.106630092251564,0,0
609,1.61074392489138,1.67891244578071,2,0,-0.222021332205468,0,0
610,0.72088601006829,1.62590433272799,2,1,-0.623652745076421,1,1
611,0.892691757971701,1.65036554572249,1,0,-0.38196182323882,0,0
612,1.28676416911185,1.31713457147701,1,0,0.627025993888169,0,0
613,1.25384178198874,2.01430222342841,2,0,0.271984684335837,0,0
614,0.418270991067402,0.515184911106445,2,1,2.08618797774506,1,1
615,0.220118214492686,0.450440905789007,1,1,0.0986280594208746,1,1
616,0.72445810420607,6,0,1,0.284168239203305,1,1
617,0.70431110356003,4.80062025696764,2,0,0.596772667820523,0,0
618,0.243611363022539,0.404080636354568,2,1,-0.011372160967747,1,1
619,0.338163986802101,2.2323161629593,2,0,1.06412700796684,0,0
620,0.858863918666549,1.07809413198302,1,1,0.689907543950409,1,1
621,0.304936579195783,1.34867748569155,1,1,1.14292363919976,1,1
622,0.232052005827427,4.11123975218005,2,0,-0.786586701921579,0,0
623,0.460777236998185,1.38610669878484,2,0,0.30250723694085,0,0
624,0.576060239665032,1.37027629474775,1,1,-0.583771996710066,1,1
625,0.00270696006559483,0.125882664047552,1,1,-0.460415279265119,1,1
626,0.68295018977654,1.53780929364778,1,1,0.657022845217746,1,1
627,0.18819797039032,1.9338112058769,1,0,-1.5929908283325,0,0
628,0.51478047326797,0.653502437379244,1,0,-1.0760930713297,0,0
629,0.143261680033435,0.42824995002102,2,0,-0.692439900854218,0,0
630,0.0854681545752101,0.0992430610745947,0,1,0.44092154928551,1,1
631,0.539913036784545,1.05989544584902,2,1,-0.951599130760042,1,1
632,0.379210566461552,1.01668571493077,1,1,-1.48630987782552,1,1
633,1.78572463049533,2.31747912343441,1,0,-0.606733619724124,0,0
634,0.0701981616670271,0.407198796116415,1,0,-1.39804219151794,0,0
635,0.0424352772533894,0.0529118558242817,1,0,-1.39860738481893,0,0
636,0.72305859439075,5.07663261330662,2,0,0.294439522174986,0,0
637,0.0250573990807037,1.1503278782666,2,0,0.245407191513243,0,0
638,0.773386654244676,2.08821668607403,2,1,-0.959424960854129,1,1
639,1.08981354156846,1.17713546979727,0,1,-1.87459330132522,1,1
640,0.287620911840349,0.655422410829284,2,1,-0.113663341870324,1,1
641,0.190856787085067,1.68233521902123,1,1,-0.0969588262028247,1,1
642,4.37253395070262,4.7781967362373,2,0,-0.0174649091805365,0,0
643,0.0183195588761009,1.07163714621042,1,1,0.764367911580078,1,1
644,1.06749802827835,1.96427118458255,1,0,-0.0820379820743697,0,0
645,1.74366215980592,5.44963941570926,0,0,-0.327581429100324,0,0
646,1.71455069250407,2.15677335099436,2,0,0.775490871821982,0,0
647,0.317762009217404,4.27125066156781,1,1,1.2225080665329,1,1
648,1.47646536227821,4.16849673466499,1,1,-2.49437189568327,1,1
649,0.317362475656411,1.72069816190003,2,0,0.0116883700684727,0,0
650,0.235355474983614,0.589151722224383,2,0,1.03384826161279,0,0
651,1.10504760298181,4.27596434459673,1,1,1.22945832075604,1,1
652,1.03446037881076,1.67085898214259,1,0,0.0287511483340753,0,0
653,0.249021726776846,1.48350671007084,1,1,0.0621675740752111,1,1
654,0.138501765970478,0.348455199395162,1,1,-0.723504197911557,1,1
655,1.179095139727,2.4750971967443,2,0,0.735984704167939,0,0
656,0.432083859050181,1.1979456585572,1,1,0.578767752977812,1,1
657,0.711692753247917,1.06813644060267,1,0,0.101363643520046,0,0
658,0.245375581434928,0.766679365013733,2,1,0.645802251604108,1,1
659,0.821187333759673,0.969249603993155,1,1,-0.878642905962139,1,1
660,0.0343808066099882,0.0878627322165916,1,1,-0.611303691667292,1,1
661,0.124566444137599,0.448373929580689,2,1,0.881237975213731,1,1
662,0.603767620024093,2.21941444501897,2,1,1.05152740547715,1,1
663,0.0183744209523835,0.150179277765792,1,1,0.0969878019971003,1,1
664,0.349579138564877,1.58939214030909,2,1,0.0306191240140468,1,1
665,0.482766468295878,1.27810944413784,1,0,-0.156337956200791,0,0
666,1.40788744545116,1.70425041256356,2,1,-0.175761091633698,1,1
667,0.659534031525254,2.09188512402471,2,0,0.969612646237511,0,0
668,0.293813312426209,1.6421247823382,1,0,0.117309635817546,0,0
669,1.61368975779953,1.9358207741527,2,0,-0.83619811587488,0,0
670,0.111349292038865,0.868444665022818,1,1,0.207717940870509,1,1
671,0.16995774672007,1.20358411245342,1,0,2.12000390153387,0,0
672,0.151829652522886,2.53333366649838,1,1,-0.111390285687082,1,1
673,0.140887003217358,0.158845967083162,1,1,-0.0790150434466392,1,1
674,0.12740403006319,1.34902214921184,1,1,-0.70978729015923,1,1
675,0.811969983391464,1.17930220187854,1,0,-0.172310772980007,0,0
676,0.0524203814566135,1.57897260982032,1,0,0.071610491155354,0,0
677,0.15719167800853,1.2033220287161,1,1,-0.561158734295797,1,1
678,0.0846717366785601,0.143838309334777,1,1,-1.87882991671232,1,1
679,0.251421229913831,0.536482113975044,1,1,-1.98144983719329,1,1
680,0.0780010406742804,0.957000730172691,1,1,-0.397543560889677,1,1
681,0.00701069424394518,0.622031370801013,1,1,0.17716670227611,1,1
682,0.373546300455928,1.34781713057749,2,0,0.680757877201739,0,0
683,0.0936833981540985,1.08175580627975,1,1,0.406935908123716,1,1
684,0.0952488445724615,0.35862151633974,1,1,0.847347929482513,1,1
685,0.0368919089958444,1.28725130207344,1,1,1.30099288938987,1,1
686,0.193143796738883,0.811586168317608,2,1,1.07543717384068,1,1
687,0.032029939570729,0.620125488738054,1,0,0.575934667303056,0,0
688,0.0304645136930048,0.363235380855814,1,1,-0.0228112099064265,1,1
689,0.99818158429116,1.2540924652762,2,0,0.928370051749727,0,0
690,0.358840293483809,0.365634961053729,0,1,0.210974488119907,1,1
691,0.118774730362929,1.26318709367255,2,1,-1.0796584960041,1,1
692,0.0358131360145229,3.29967949452348,2,1,0.189720079227458,1,1
693,0.51499582940881,0.545699227728928,2,1,1.450648291943,1,1
694,0.100657063040522,0.725285769575316,1,1,-2.17000823507427,1,1
695,0.210859728103969,1.13268090089954,1,1,1.28811200812396,1,1
696,0.0810306333417386,0.675308708658753,1,1,-0.961907604683298,1,1
697,0.633251822553575,0.819708488409328,1,0,1.57333320430598,0,0
698,0.103907715238165,0.460206610042016,1,1,0.231287976883038,1,1
699,0.324059588224473,0.553913193411111,2,1,2.03223061186884,1,1
700,0.0249742323649116,0.538031896290303,1,1,0.684775712961606,1,1
701,0.250097317621112,0.732996315201047,1,1,-2.03024492693373,1,1
702,0.294231900751079,1.12873942993834,1,1,0.984996549302364,1,1
703,1.64208253360072,1.71900461315833,1,0,-0.563346876960942,0,0
704,4.99810956915741,6,0,0,-0.722832760504705,0,0
705,0.554749405069483,4.25168086373072,2,0,-0.520922049085867,0,0
706,1.28341443743557,1.48374502849184,1,0,0.232100446278855,0,0
707,0.164654666732531,0.783335790402748,1,1,-0.343017248849567,1,1
708,0.648380250668244,1.08984306013565,1,0,0.0434048997157905,0,0
709,0.749622533304438,3.71903617713538,1,1,1.16076670168532,1,1
710,0.085183143382892,0.0909203289936198,1,1,0.185084594095577,1,1
711,0.129811560618691,2.07079535350204,0,1,0.875993322866996,1,1
712,0.477929870598018,1.29033415510337,1,0,0.543292834642487,0,0
713,0.314436389307957,0.744754355862809,2,1,-1.08472409782422,1,1
714,0.0199854022617724,0.111381413530531,1,0,-1.02908962343884,0,0
715,0.737683423186474,2.31599067065958,2,1,1.01866661985093,1,1
716,0.390938275165846,2.65004663728178,0,0,-0.273257808303188,0,0
717,0.105374942068011,1.42802264205472,2,1,-0.342439248292714,1,1
718,0.0443796953186393,1.75977863964114,2,0,-0.257387434193278,0,0
719,0.169877076696139,0.450909507150451,0,1,-1.08793585141811,1,1
720,0.74982890973036,0.986447897736468,1,1,-0.354809532025973,1,1
721,0.0806880928575993,0.569936178859771,1,1,1.48201396458894,1,1
722,0.157019513340914,0.559276242201675,1,0,0.327348132526663,0,0
723,0.0682942249178171,1.06238971894706,1,1,-0.16329223044932,1,1
724,0.066451303196194,0.294496174473622,1,1,-0.284334444553963,1,1
725,0.104202356305905,0.187493059332097,2,1,0.126241973935443,1,1
726,1.43297588630559,1.59762885428701,0,0,0.816932387605851,0,0
727,0.0662296984228306,1.62476341550549,0,1,0.410781443178449,1,1
728,0.086378344334662,0.511661707345914,0,0,-0.81905200376669,0,0
729,0.781059437431395,1.86098492668925,2,0,-0.403804885936659,0,0
730,0.38120692508528,1.89698894548643,2,1,0.708894805745421,1,1
731,0.0154257317739213,1.69746107521182,2,0,-0.173347786180892,0,0
732,0.530860552072346,1.51288175612267,2,1,0.712931796941801,1,1
733,0.406155010568909,1.17194885104883,2,1,1.30389177132698,1,1
734,0.216826973482966,0.852315895765508,1,0,0.210047906239525,0,0
735,0.0715898320777342,0.551244916446597,1,1,0.229042452404894,1,1
736,0.234478770226605,0.364040383332648,2,1,0.00331192053089361,1,1
737,0.224397332064958,0.559846831748431,2,0,1.99432452439304,0,0
738,0.949013299489036,1.48698091272585,2,1,0.07952935866065,1,1
739,0.790459236374029,1.34184809184492,2,0,1.30889419806301,0,0
740,2.91220084560995,4.03515368212887,2,0,-1.63630339813384,0,0
741,0.100179654255044,0.680955590050195,1,1,-1.86896680333877,1,1
742,0.0776728828018794,0.462782606721179,1,1,-2.19066617443022,1,1
743,0.486924717491557,2.59358875728621,2,1,-0.794795032339129,1,1
744,3.27444424967563,5.10348539938472,0,0,-0.757694160273229,0,0
745,2.01477533101612,2.63599778744973,1,1,-0.189060568559184,1,1
746,0.261902048938876,0.511991419267567,1,0,0.397250713728253,0,0
747,0.0523665748187341,4.49508332384169,2,1,0.508977437040309,1,1
748,0.000592237920500338,0.208090957347368,2,1,-0.482439122995435,1,1
749,0.17198038568659,6,0,1,-0.902460748029076,1,1
750,0.340198004618287,1.38129282014974,1,0,-0.343423598817126,0,0
751,0.270175113342702,1.1463895308044,1,0,0.015587383644826,0,0
752,0.00192645173705101,0.201874579530729,1,1,-0.0074960457820257,1,1
753,0.816050945773682,0.903838193078423,2,0,-0.396403205386705,0,0
754,0.096594265900999,1.29321293653288,1,1,2.1264954731601,1,1
755,0.101693593896925,1.65254173568133,1,0,-0.974836038418999,0,0
756,1.33040879946202,4.14571802644112,2,0,-0.199223391361738,0,0
757,0.0191202492657069,0.0480490169531473,2,1,0.617617099985347,1,1
758,0.0373729378392167,0.235297548107901,1,1,1.37480718421548,1,1
759,0.176650802604854,0.368705823583539,1,1,-1.40884786174975,1,1
760,0.135777906398289,0.954184877196723,1,1,0.248142564799589,1,1
761,0.00319713447242975,0.143700082254339,2,0,1.84664681846554,0,0
762,0.253802995139267,0.845409044613797,2,1,-0.0991288039875941,1,1
763,0.357810700370464,0.423637100730375,1,1,-0.330546891056083,1,1
764,0.203146526473574,0.276174395806104,1,1,0.465712179943053,1,1
765,0.248429752246011,0.384368443973176,1,1,-1.069646076765,1,1
766,0.364103734854605,2.44046804492138,2,0,-0.27940702904096,0,0
767,0.00809063349151984,1.00909170395676,1,1,1.00166571522104,1,1
768,0.703229721088184,2.83189245504971,2,1,-0.402490574107658,1,1
769,0.509608623762395,1.96915056754882,1,0,0.251595179204412,0,0
770,0.465384562141198,0.578539423873023,1,1,1.04314417439429,1,1
771,0.595452410198176,0.852796891369093,1,1,0.10736328150854,1,1
772,0.0373024865984917,0.127605913956021,0,1,0.95672912697958,1,1
773,0.0386760263943427,0.841730682081772,1,0,-1.50588306412843,0,0
774,0.124539702412248,2.72065292757443,2,1,-0.0874868147641492,1,1
775,0.0579438135027885,4.90548323052598,0,0,0.415034060791704,0,0
776,0.0720357576941582,1.30271961529332,1,1,1.64827248362994,1,1
777,0.222340440312053,0.360694648504238,2,1,-0.554307873003386,1,1
778,0.0745945764941153,2.72386884854894,1,1,0.257848795212992,1,1
779,1.22075929678977,2.26340179345434,2,0,-1.55719019549158,0,0
780,0.29033307597274,1.09861713272776,1,1,1.09341598588063,1,1
781,0.0674971146509051,0.508632316668446,1,1,-0.0189062306439264,1,1
782,0.181377519329544,0.335734026197383,1,1,-0.160093873864508,1,1
783,0.274467522685882,2.51551438693958,2,1,0.114227731108958,1,1
784,0.621355022277504,0.764678561439117,0,1,-0.579387058826132,1,1
785,1.36496521811932,2.20901440853062,0,0,-1.24372612026461,0,0
786,0.746891818940639,1.07416617196963,2,0,0.233764538034582,0,0
787,0.245528530213051,0.311609400799575,1,1,-0.83850579318766,1,1
788,2.40987753300908,3.06449180988463,1,0,0.427040619819136,0,0
789,0.518478130663735,1.9807544211498,2,1,-1.14239428253113,1,1
790,0.0969544071704149,1.6519385388184,2,0,1.25623498944527,0,0
791,2.72751667900922,3.23152673490953,2,0,-0.462046312512527,0,0
792,0.0412556646214848,0.617632559303689,1,1,0.111763396566981,1,1
793,0.213617297122255,1.1153115828832,0,1,-0.832813029652043,1,1
794,0.251130019311272,1.78881633895666,2,1,0.388005865046617,1,1
795,1.29617307893932,1.48996663297902,2,0,-0.175962069290923,0,0
796,0.0672309882938862,0.329485220470872,2,0,-1.72843012373055,0,0
797,0.0482444344088435,3.46594096253571,2,0,0.215239960312981,0,0
798,0.472854809835553,1.79479907873412,1,0,0.363545271404734,0,0
799,0.668100631795824,4.46168349145514,1,0,-0.361049806855535,0,0
800,1.22001737118104,1.37564953184931,1,1,2.05580426156197,1,1
801,0.0238289142725989,0.36544514199098,0,1,-1.08329779722361,1,1
802,0.505647287704051,0.533982182233253,2,0,-0.422369005469507,0,0
803,0.459905102730329,0.827372772059578,1,0,-2.70623051005655,0,0
804,0.0135418064935401,0.509947345160991,1,1,-1.75212448281798,1,1
805,0.147754636127502,0.246384045442607,1,1,-0.441475395824465,1,1
806,2.19437471768799,3.07354012502215,0,0,-0.340542013469743,0,0
807,0.825425059252588,2.12502779186339,2,0,-0.417153596588195,0,0
808,0.00584908109158278,0.0921754228572051,0,0,-0.919362030556024,0,0
809,0.315393585377662,0.998362798151947,1,0,0.126031577301041,0,0
810,0.914722582039997,1.58319142336647,0,1,0.26362019579444,1,1
811,1.21661633496493,1.69556795861564,2,1,-0.642446490303706,1,1
812,0.00453279717280112,0.119859969386996,1,1,0.144469671780845,1,1
813,0.289639688562602,0.658619056769947,1,1,-0.982609359037998,1,1
814,0.199220960385036,1.04334498075786,1,1,0.172247411536543,1,1
815,0.31122784037143,5.83031329912245,2,0,-1.78397498508601,0,0
816,1.26196328312495,2.59552428869912,0,1,-1.31323337153858,1,1
817,0.0675822264747694,3.38257422084176,0,1,0.123047859503774,1,1
818,0.859774250394486,2.60075928387644,2,1,0.61049819575902,1,1
819,1.29650983372109,1.95114786550953,1,1,-0.647212280841646,1,1
820,0.732485369636499,1.29106435964497,1,1,-0.811161091319505,1,1
821,0.636995822558258,0.924477343794507,1,1,-0.925162810621801,1,1
822,0.128483695762208,0.441995194294178,2,0,-0.441594120930833,0,0
823,0.216587452430794,0.794452379805089,2,0,0.205585905905575,0,0
824,0.27550948318094,2.81935977128645,0,1,0.20609564688699,1,1
825,0.349973244592547,0.66980783282751,1,1,-1.6609306824605,1,1
826,2.0414449571723,6,0,0,-0.702157796716704,0,0
827,0.101074195875839,0.919089941429426,1,1,0.0986589468685655,1,1
828,0.367907402111858,0.767045279208638,1,0,-0.347303424010537,0,0
829,0.895623126998544,1.3728014771689,1,0,0.525696881378675,0,0
830,0.0749653273231643,1.43641441988279,1,1,-1.33534856802987,1,1
831,0.0468699214980006,2.02481363273558,1,1,-0.186621339510948,1,1
832,0.39742007501225,1.27639355743277,1,0,-0.705157363994833,0,0
833,0.00234102267200466,0.218489763531153,1,1,-1.50712556221037,1,1
834,0.204693499021232,0.250006302395696,1,0,-2.14390450838743,0,0
835,0.873591003939509,1.81828594292071,1,0,-0.684197961058552,0,0
836,0.234327056445181,0.376069759853896,1,0,-1.11585481112987,0,0
837,0.61425498393067,1.84534568650027,0,1,0.471033687971665,1,1
838,0.493955196550024,0.92739867429571,1,1,0.408353647054622,1,1
839,0.952944186516106,1.1339571512283,1,0,-1.13811270561247,0,0
840,0.478475094772875,1.00778536560635,0,0,-0.512643800832733,0,0
841,0.195896697420297,0.70429162766921,1,1,0.861688745923233,1,1
842,1.40731095212086,2.05966864074049,2,1,1.27165762359642,1,1
843,0.776825914159417,1.05442811114093,0,0,-0.167872293929834,0,0
844,1.40032751663568,4.40118903986582,1,0,0.399140726513797,0,0
845,1.0744799056031,1.58942682247593,1,1,-0.595036023177582,1,1
846,1.37638367526233,2.67151518414418,0,0,-1.14770273995409,0,0
847,1.91963583465327,3.65043994557286,1,0,-1.21689958465029,0,0
848,0.20537229987753,2.01558321276715,2,0,1.75953193967728,0,0
849,0.389542597346008,4.76354873017575,1,0,0.849325182929474,0,0
850,0.200807000027435,1.57801261009578,2,1,-0.751056111685339,1,1
851,0.243013315277357,0.250624863109735,1,1,-0.208548510495517,1,1
852,0.00986371043836698,0.0607047628607613,1,1,-1.16830851765964,1,1
853,0.662626775421024,0.882333192311328,1,1,-0.357593967817631,1,1
854,0.0168156158179045,0.900988611882008,2,0,-0.895867173488345,0,0
855,0.0916771456832066,0.246662703738636,1,1,-0.334833832437611,1,1
856,0.547129414349599,1.01613525970723,2,0,1.61886167771498,0,0
857,0.0828762268065475,0.0937035452117744,1,1,-0.106015120874832,1,1
858,0.05707445253166,0.529950960974545,2,1,0.656005824403715,1,1
859,0.00927159562706947,0.73190219409296,1,1,0.975733409823231,1,1
860,0.312953967215206,0.378947317073876,1,1,0.33383393648873,1,1
861,0.0760570243000984,0.124761524115297,1,0,-0.789905685898949,0,0
862,0.223566563799977,0.474780294250459,0,1,-0.00190121921540104,1,1
863,0.355818696385869,1.4231332238886,2,0,-0.556687395697231,0,0
864,0.119246626331396,0.562836821583602,1,1,-1.22966187583196,1,1
865,0.104783397167921,6,0,0,-0.842051367868702,0,0
866,2.45875228933039,2.52417856639691,2,0,0.0156465737565487,0,0
867,1.04829200654627,1.36807939946247,2,1,-0.763345218852786,1,1
868,0.153341506666038,0.439892139841529,1,1,2.58701452373679,1,1
869,4.01517045108562,5.87969770148398,2,0,0.110445690616167,0,0
870,0.608820858172484,3.04424930064517,2,1,0.545226422278987,1,1
871,1.02688310761005,2.29087043565767,2,0,-0.593314802074182,0,0
872,0.24010282509341,1.18686303095489,1,1,-0.646064057079749,1,1
873,0.436898167139715,0.584858655277908,1,1,-0.390805958733813,1,1
874,0.360242895549163,0.563385843376977,0,1,-0.769449160094161,1,1
875,0.589820723896292,4.01934735830081,2,1,0.631458546835265,1,1
876,0.113038205599878,2.47465081868205,2,1,0.837890704351492,1,1
877,0.282815009995829,0.65491303336554,2,1,0.542313169843761,1,1
878,1.38398339319974,1.8496491050241,1,0,0.882750877812118,0,0
879,0.61978868031577,1.11228941751153,1,1,1.50705542855462,1,1
880,0.959681980259359,1.01049543630043,1,1,-0.485227642973917,1,1
881,0.189045899605844,0.467722785268596,1,1,-0.759349265460883,1,1
882,0.387994914203531,1.86718612119455,1,0,-1.27563346823333,0,0
883,0.306624031218234,1.47552328584864,2,1,1.80013510331315,1,1
884,0.173264689265412,1.18401331782639,2,1,1.03328629308223,1,1
885,0.0868193039787002,0.932000289343749,2,1,-0.178121328064396,1,1
886,0.133863049268257,1.08480585118135,0,1,1.29178648077816,1,1
887,0.73128530010581,0.967849628165256,1,0,-1.96038100550511,0,0
888,0.213932022743393,0.571320589719904,2,1,-0.143388559040729,1,1
889,0.119460369393577,0.191285830154862,2,0,-0.430638704859895,0,0
890,0.233099682664033,2.52698997855248,1,1,-0.0757725197301815,1,1
891,0.816887241645537,3.61377177337042,2,1,-0.730078651603952,1,1
892,0.439020968973637,1.53030486710437,2,0,0.981165116641892,0,0
893,0.331854389613955,1.44592382610264,1,1,-0.371335543390052,1,1
894,0.0133974155337173,0.205840198895614,1,1,-0.736627257805338,1,1
895,0.68834406944154,3.99475390783666,2,0,0.631801515251562,0,0
896,0.106639116587077,0.370536193460368,1,0,-2.15529855040875,0,0
897,0.153673095919657,1.27264834563716,1,1,0.756483517090197,1,1
898,0.200191657990217,3.92564964900413,2,0,1.11967907671102,0,0
899,0.242839098791592,0.625970466338488,1,1,0.485425675718677,1,1
900,0.780343976971904,0.898179800698599,1,1,-0.0306276967407785,1,1
901,0.0566074208472855,0.141090663314459,1,1,-2.43604840997715,1,1
902,0.62101769410849,1.0744913436075,2,1,-0.240137432413352,1,1
903,0.144492009992884,0.898364379363188,1,0,-0.474624077034731,0,0
904,0.309034672100097,4.08189670591994,1,1,2.09958586809432,1,1
905,0.771485098494969,1.59958857168693,2,1,0.189890660751342,1,1
906,0.244418475776911,0.815310332527449,1,0,-1.09243959998776,0,0
907,0.16622157942038,0.390013333035873,2,1,1.6694659159238,1,1
908,1.40874916718885,1.70360177351432,2,0,0.756709209732299,0,0
909,0.306363745151165,1.0199612013944,2,0,1.16850865638491,0,0
910,3.10632505623584,3.20407180115581,0,0,-0.435782574403597,0,0
911,0.872552573058797,1.11825095509669,1,1,-0.70379054983486,1,1
912,0.461485956303597,1.38262482430897,1,1,0.209216470671229,1,1
913,0.702743221746579,0.965267769010552,2,1,0.987191759432688,1,1
914,0.076369903545357,4.78575722401419,2,1,0.164700096554169,1,1
915,0.421780120814219,1.1910394043672,1,1,-0.965786316343863,1,1
916,0.304135031474289,1.09867717003838,2,1,0.456422464772186,1,1
917,0.0245457496494055,0.260369368237329,1,0,-0.129519779470462,0,0
918,0.00626597173885957,0.129699191344524,0,1,1.30899973177311,1,1
919,0.0958100978848254,1.64773379452527,0,0,-0.348041956216131,0,0
920,0.0462248958647251,1.23046903402768,2,0,1.0447422987701,0,0
921,0.629196002238251,0.664327752886702,2,1,0.151558377678337,1,1
922,0.0688169899513014,1.99589969795844,1,1,-0.875056931021597,1,1
923,0.25206030998379,0.373453837153711,1,0,0.331540187064966,0,0
924,0.5786392197216,0.935047486316112,2,1,-0.680840626520068,1,1
925,0.159392957412236,0.26314959488272,1,0,-0.339261183111265,0,0
926,0.0145670603181936,1.56596954166178,2,0,-0.0625704018399485,0,0
927,0.0886959407998831,6,0,1,0.477329603702175,1,1
928,0.281078582047485,0.728907260817532,1,1,1.04283765222785,1,1
929,0.255811419337988,0.302176099891464,0,0,-1.31723510809449,0,0
930,0.340258391361874,1.2777694127708,1,0,-0.481612183225633,0,0
931,0.0610491372644901,4.58720131777227,0,0,-0.0360027032507223,0,0
932,0.0069465721026063,0.183927866942361,2,1,0.200492264009443,1,1
933,0.0488933190354146,1.06733129659026,1,1,-0.130904729483576,1,1
934,0.67809968543873,1.12618256509805,2,1,1.65918669275114,1,1
935,0.0530949032848311,0.0918217171974134,1,1,-0.601903525907355,1,1
936,0.102777591382619,0.591303312431286,1,1,-0.23514006896877,1,1
937,0.0157940048855297,0.281689167305344,1,1,0.762882162551202,1,1
938,0.144228516437579,0.263187343543083,2,1,-0.503879145527746,1,1
939,3.9154583661068,6,0,0,-1.57663245412658,0,0
940,0.00542067951755598,1.06232938667138,0,1,-1.06312105631296,1,1
941,0.0327673804713413,0.228284149931785,1,1,-1.26104439182948,1,1
942,0.990127567201853,5.77247156834773,2,0,0.318346426729298,0,0
943,0.0152487043478899,0.0925144839830128,1,0,-0.187558821118744,0,0
944,0.209359450091142,0.470613995288934,1,1,-0.986516436990604,1,1
945,0.111119380453601,1.03187848604085,1,1,1.18652032863147,1,1
946,0.369657689298037,0.952092393392209,1,1,0.761323972265088,1,1
947,0.151998092927727,0.176550739755233,0,0,0.527741745277718,0,0
948,2.0668666063689,3.32938369999399,2,1,0.506075086288125,1,1
949,0.0605979538592272,0.313366692300863,2,1,0.823229844694167,1,1
950,0.375600514002144,0.512766916322566,1,0,0.446569854705795,0,0
951,0.22440969129093,3.94399103320627,2,1,1.13267216324211,1,1
952,0.174806875293143,0.176612621237994,1,1,-0.244946260461479,1,1
953,0.25019257212989,0.605326712617425,1,1,0.546064733260465,1,1
954,0.553590675257519,1.6570360461941,2,0,0.152637543762407,0,0
955,0.24041725602001,0.784199137146177,1,0,0.102394751287452,0,0
956,0.0968009083465138,0.689736830873581,1,1,-1.24039148520806,1,1
957,0.0135742941821182,1.25759568675115,1,1,-0.0127092412822929,1,1
958,0.1106602614772,0.338422581209835,2,1,0.729404780799587,1,1
959,0.171912683872506,1.61093468862469,1,1,0.270422885618273,1,1
960,0.0752573963836767,0.423962178540084,1,1,0.254946450415164,1,1
961,0.0233420468240301,0.0528473819148031,1,1,0.117195133671216,1,1
962,0.105244752194267,3.36689233757848,2,1,0.683387862895912,1,1
963,0.67011958624216,2.20175038897785,2,1,0.57179941111607,1,1
964,0.277188514592126,0.624078199227226,2,1,-0.331443809098372,1,1
965,0.0114679057151079,0.24297156154527,1,0,-1.82563451280519,0,0
966,0.295126252749469,0.556740990890143,1,1,-0.259826516885888,1,1
967,0.657251808416851,3.20779289919818,2,1,-0.0512183252645672,1,1
968,0.286729822022425,0.886399939483356,1,1,0.168511131026122,1,1
969,1.62851453750374,6,0,0,0.219415503463634,0,0
970,0.501297516722053,3.62493425296037,2,1,-0.262842846349599,1,1
971,0.368928959392376,3.93875963365038,0,0,-0.257171091334045,0,0
972,0.34470400045393,0.621971664950252,0,1,-0.909909415486186,1,1
973,2.98478842137342,3.6185279515488,2,0,0.125135295656896,0,0
974,0.249903314746916,0.7246843713503,1,0,-1.09993124985724,0,0
975,0.710633887909353,2.26503479223561,2,0,-0.685405819458675,0,0
976,0.773496307090353,1.31948207407003,2,0,0.666327595743979,0,0
977,0.710718758028753,0.762943115761059,1,1,-0.398102823147601,1,1
978,0.0487840353329889,0.451524115034904,1,1,-1.22651327959327,1,1
979,0.216021710310717,0.700256702652003,2,1,0.530349278426067,1,1
980,0.193415084795561,2.38069756511109,1,1,-0.51807330815779,1,1
981,0.783793705515563,0.864067984606109,2,0,0.581450657711522,0,0
982,0.151280502032023,0.225514939603275,1,1,-0.814346610182234,1,1
983,0.243282747692807,1.01564496445159,0,0,-0.371286944908012,0,0
984,0.0298135681232345,0.104744308264984,1,1,-1.27276527331639,1,1
985,0.321647498058155,0.797000692102118,2,1,0.175230127243386,1,1
986,0.0835721137479445,0.719257353954932,2,0,1.09976661252369,0,0
987,0.0386046493076719,3.48802221036892,1,1,2.21256474110052,1,1
988,0.17023658787366,1.69255967648546,1,1,1.36423681142639,1,1
989,0.240255864046048,0.365505285910565,1,1,-0.848144793973355,1,1
990,0.788886909373105,4.52340809007486,0,0,-1.76398602564416,0,0
991,1.0536063578386,1.37859353824029,1,1,-0.599014749242931,1,1
992,1.6589164956564,1.8319332021296,1,0,1.20058741587133,0,0
993,0.364497893897351,1.31604674807374,1,1,-0.0592053360792822,1,1
994,0.283071684651077,1.3084572199599,0,0,-0.0883459656018982,0,0
995,0.152564001036808,0.386592327655623,1,1,-1.30111662916905,1,1
996,0.797746744911939,1.69133528390686,1,1,-0.984229628054891,1,1
997,0.0214942523576284,2.84038896262738,1,1,0.863718225568681,1,1
998,0.0720952081610449,0.236901504731067,2,1,0.278666685475598,1,1
999,1.1364780748263,1.52223548231026,0,0,0.202961172924238,0,0
1000,0.622243533424461,1.19325751788415,1,1,-1.64645485210597,1,1
1001,0.00466221664100885,0.0202214247211523,1,0,0.0999385811547094,0,0
1002,0.075715054881319,0.537224340830087,1,0,0.994552826708137,0,0
1003,0.932456977665424,1.47288882317793,1,0,-0.426622005692196,0,0
1004,0.0305619320715778,1.1706792962416,1,1,0.747537269011931,1,1
1005,0.104945709172171,0.253353067458754,2,1,1.07407892815983,1,1
1006,1.24817450158298,2.40239988311804,1,0,-0.323734577048238,0,0
1007,0.142785816325754,0.775000963639529,1,1,-1.12018947321955,1,1
1008,0.424367557279766,1.43386556938678,2,0,-0.636357770945654,0,0
1009,0.115650809369981,0.749621870103735,2,0,1.30206957631288,0,0
1010,0.12492558095076,0.681544006210775,2,1,1.97352827771862,1,1
1011,0.0649658852489665,0.326241798358599,1,1,-1.23564904794426,1,1
1012,0.0298278586029723,0.0824696838097159,2,0,-0.48836702963811,0,0
1013,0.115365111269057,1.35827825233358,1,0,0.198717945287459,0,0
1014,0.0281693563264702,1.75659789646629,1,1,-0.969215116408277,1,1
1015,0.248873013717354,2.43639100023141,2,0,0.0153041352937502,0,0
1016,0.535548302474436,2.52219650207411,2,0,0.317342321276698,0,0
1017,0.146264512185605,0.629261240114825,1,1,-0.831382853749594,1,1
1018,0.537073404191364,1.03049296295563,2,1,0.455898482155722,1,1
1019,0.122368037991691,1.26377490010054,2,1,-1.02211229254786,1,1
1020,0.807677196338773,0.899375703484361,1,0,-0.477640334484323,0,0
1021,0.0436403828296492,0.066330910310435,2,1,1.97350756962637,1,1
1022,0.0134246199741028,1.91517373015132,1,1,1.45682969617586,1,1
1023,0.192296709865332,0.979285046744893,1,0,-1.27297060046073,0,0
1024,0.038891158646214,2.18189585233633,1,0,0.635476976028902,0,0
1025,1.26570834964514,3.6485585508831,2,0,-0.841424076401367,0,0
1026,0.474490267238563,0.696580667530053,1,1,-0.709675318341211,1,1
1027,0.112748198211193,0.662804947419671,1,0,0.0541402570327332,0,0
1028,0.520960245604448,0.909905576700907,1,1,-1.16080372655228,1,1
1029,0.155009907670319,2.73392016688983,0,0,-0.390246560225285,0,0
1030,0.516158022091921,1.16064243238247,2,1,-0.0351724585340668,1,1
1031,0.189183348265942,0.573204850630419,1,1,0.612712389615544,1,1
1032,2.14754982399237,3.27189331149772,2,0,-0.429131085348138,0,0
1033,0.103194660401007,0.660517652979542,1,1,0.477124875758832,1,1
1034,0.634589902125299,2.18303909575103,1,0,-0.284076359147054,0,0
1035,0.0340295334975787,0.832101319469109,1,1,-1.27007411300862,1,1
1036,0.375192314386368,2.21130904497734,1,1,0.182620730942071,1,1
1037,0.0207640358712524,0.153497856898649,1,1,1.0923163076145,1,1
1038,0.207597320899367,1.21145905425912,1,0,-2.01048643818908,0,0
1039,0.89366029998269,1.18219781565523,2,0,0.217383888764082,0,0
1040,0.439127920081015,1.49340563040739,1,1,-0.521308741936068,1,1
1041,1.11329354904592,1.31535701177276,0,0,0.203595496598993,0,0
1042,0.144464935583528,0.156031149664451,1,1,-0.373106881365529,1,1
1043,0.361080008733552,0.719257272058267,1,1,-0.30180820286838,1,1
1044,0.282657764055388,1.58324035505454,0,1,0.951960991295751,1,1
1045,1.16384658124298,2.77207228975991,0,0,-2.4433765637587,0,0
1046,0.349377834696586,2.68555820099555,2,1,1.25846036271325,1,1
1047,0.0480331802522145,0.0535093907030311,2,1,-0.523803401189159,1,1
1048,0.179807610111311,1.380235046683,1,1,-1.0335803786888,1,1
1049,0.00488955713808537,0.706398822414271,2,0,1.22514197150634,0,0
1050,0.200970415957272,1.65822105822534,1,0,1.4881218135833,0,0
1051,1.29697182588279,1.6375192395963,1,0,-0.418651467686884,0,0
1052,0.340161835143709,4.26801507212873,2,0,-0.205291421709648,0,0
1053,0.173503952100873,0.504445375345829,2,1,-0.435159163752369,1,1
1054,0.702597638286375,2.46438641101122,0,0,0.0898691205754775,0,0
1055,0.111251278722193,2.70341999836682,1,1,-1.28117008795004,1,1
1056,2.37104903311379,3.05518131703138,0,1,-0.443038077563109,1,1
1057,0.13493552673036,2.30325806229077,2,1,0.324700806278248,1,1
1058,0.525116177275777,0.639938391847751,1,0,0.25398005767191,0,0
1059,1.0856464151293,3.04627497628226,2,0,1.62267511380673,0,0
1060,0.377747047750745,2.36628714100564,2,1,0.514686402872701,1,1
1061,1.6338920611048,3.50604485397275,2,0,-0.477463280842561,0,0
1062,0.234233350493014,0.9155298396945,0,0,-0.130288040338136,0,0
1063,0.41707724519074,0.813645467521352,1,0,-0.23589532702547,0,0
1064,0.3970253970474,1.3387916900039,0,0,-0.76010389739412,0,0
1065,0.153380827687215,1.62453707336354,1,1,-0.948354039410814,1,1
1066,0.13155820168322,0.502551992927726,1,1,-0.343847618631513,1,1
1067,1.06572404382156,2.08900743698982,1,1,0.0718337471051146,1,1
1068,0.903772182762623,1.44063168963269,1,0,-0.809580066911863,0,0
1069,1.00614546984434,2.84102942627378,2,0,-0.136738462360244,0,0
1070,0.0533511247485876,0.70544655776305,1,0,0.0562434565225853,0,0
1071,0.0616752383581811,0.674084079653221,2,1,0.247628169768655,1,1
1072,0.104980175542648,1.5010464998583,0,1,-1.68460531008984,1,1
1073,0.446040695533156,0.572071750886212,2,0,0.734515741296966,0,0
1074,0.562197696391314,1.31423997920068,1,1,1.04396185425134,1,1
1075,1.61162003493848,1.67658575181046,2,0,-1.44016582870305,0,0
1076,0.0220660399645567,0.245377676757153,2,0,0.937069547700928,0,0
1077,0.506368163716648,0.938180201593032,1,1,-1.43069521478412,1,1
1078,0.417047100781929,0.761567809719433,1,1,-0.813987618052902,1,1
1079,1.62844974656163,1.70276112233599,0,1,0.605479155973581,1,1
1080,0.549995730649566,0.599443820993787,1,0,-0.341343760549698,0,0
1081,0.136136422644443,0.619506641873143,1,1,-0.0681711497333898,1,1
1082,0.0796575555577874,2.09877137715618,0,0,-1.16022994372645,0,0
1083,0.0109466846333817,0.0874927901184902,1,1,-0.0231457026875554,1,1
1084,0.269173124688677,1.75125110932221,1,1,-0.0191334291855273,1,1
1085,0.840604357421398,0.909917260040085,1,0,0.866716269658856,0,0
1086,0.266645652878371,4.02939213704321,1,0,0.204315646377159,0,0
1087,0.698361300863326,1.36251098856295,2,0,0.725778832708836,0,0
1088,0.0120984735473207,1.18281692723477,2,1,1.57136962914842,1,1
1089,0.152785534374542,0.19375307883412,1,1,1.20548163648984,1,1
1090,1.1596290403977,2.15872391038252,1,0,-0.829436412011716,0,0
1091,0.442945129444644,0.973979905756562,1,1,-1.25965345137112,1,1
1092,0.0236948969541118,2.06547969806304,1,1,-1.95130472969541,1,1
1093,0.0891834143549204,0.40344120071194,2,0,0.612672913703903,0,0
1094,1.22089514695108,4.99094018502715,2,0,0.940890555765688,0,0
1095,0.464595028205095,1.18853011383286,1,1,0.537572874691657,1,1
1096,1.38460682162579,1.84131198873123,0,1,-0.461606058305246,1,1
1097,0.0343233343171125,0.14110959524328,2,1,1.70711302505672,1,1
1098,0.586490040072316,2.46590732091517,2,0,-0.325192176727278,0,0
1099,1.17609787959942,1.69017512916416,2,1,0.0559541056797961,1,1
1100,0.018350395029361,0.111508437480252,2,1,0.853779469095476,1,1
1101,0.505973667876916,1.45977060310543,0,1,-0.431469325969345,1,1
1102,0.0366523771663196,0.552383554827903,1,1,-1.04708914028778,1,1
1103,1.20930818561465,1.33157781342947,1,0,-2.43143096527842,0,0
1104,0.658312994131641,1.02413743614176,2,1,-0.861464426075375,1,1
1105,0.0338611592811318,0.123076529763343,1,1,-0.420324654514695,1,1
1106,0.514581810540341,0.640423353390424,1,1,1.28514679971655,1,1
1107,0.287160161242355,0.408615960769206,2,1,0.202187915374799,1,1
1108,1.04147859662771,1.71464231846713,0,0,1.18170226594539,0,0
1109,0.152224385237787,0.908816947291295,0,1,-0.934699687588898,1,1
1110,0.261443026538473,0.552279523574656,2,1,-0.262810253884331,1,1
1111,0.786388748066321,5.27592074583631,1,1,-0.225161459800786,1,1
1112,0.296386285970788,0.455429997357664,1,1,-0.800291539141888,1,1
1113,1.33830120228231,3.57675500506342,1,0,1.59741256178452,0,0
1114,0.0665318325627595,1.16026147919118,1,1,0.609784010958656,1,1
1115,0.138668290455826,1.54571727228661,0,1,0.920251750474956,1,1
1116,0.372434278950095,0.517514273403144,2,0,0.666443787603954,0,0
1117,0.277258883288596,0.858192201197486,1,1,-0.73900718333163,1,1
1118,1.28248754702508,1.33652213666779,2,0,1.26729220491707,0,0
1119,0.371430303083862,6,0,0,-1.37271532416125,0,0
1120,0.191156994662265,0.831155072317836,2,0,-0.0661328602769879,0,0
1121,0.0229737849440426,0.131164740011146,2,1,1.73903680231629,1,1
1122,0.452206332671533,0.970171529833597,1,1,-0.77664269280868,1,1
1123,1.52766631937542,4.24624743304944,2,0,0.10486249607132,0,0
1124,0.093281416920945,3.25753913881878,0,1,0.454599959089061,1,1
1125,0.0826378862257116,0.146842498041555,2,1,1.7688118255888,1,1
1126,0.430419507436454,2.44897322108348,0,0,1.85028826202597,0,0
1127,0.379061794163279,0.601994542751407,1,0,-0.690092395129558,0,0
1128,0.0323379519977607,0.427204965909317,0,1,-0.512992660227839,1,1
1129,0.0613320162519813,2.96982831510793,2,0,0.292014046591605,0,0
1130,0.172417010180652,0.911067876343926,0,1,0.0967080073772275,1,1
1131,0.0697686988860369,1.3048917903216,1,0,0.587921824192708,0,0
1132,0.144770777917174,0.561531311503653,1,1,-0.0382444727417893,1,1
1133,0.390533401805442,1.16728203831552,2,1,-1.10639272890387,1,1
1134,0.716099315878757,1.67951479173101,1,1,-0.963562623825007,1,1
1135,0.886583481915295,1.62821043537163,1,0,-0.696476332631897,0,0
1136,0.846285489943631,2.43876108981815,1,1,-0.533396868079201,1,1
1137,0.356596903002355,0.437320393239495,2,1,1.58337845413341,1,1
1138,0.232382486151463,0.467784392381859,2,0,2.48849528452927,0,0
1139,0.0225990641047247,0.552399876291389,1,1,-2.01439218915809,1,1
1140,0.214991954155266,1.37757012213956,1,0,-0.631260292738426,0,0
1141,1.15524945193307,1.76474848827441,1,1,-0.40527140082751,1,1
1142,0.0584004176198505,0.0886989587711263,1,1,-1.00914515512928,1,1
1143,0.416707223048434,0.713392231908918,1,1,-0.993432070796782,1,1
1144,0.672716200854297,1.57334761241226,2,0,0.14004249871421,0,0
1145,0.0562566140433773,0.748454265924601,2,1,0.273605435144455,1,1
1146,0.197770298691466,0.211293545241157,0,1,1.17172532477381,1,1
1147,0.31211756914854,1.02630443449317,2,0,0.103650230805881,0,0
1148,0.266004701013331,0.390605750500456,1,0,-0.163687658054495,0,0
1149,0.595213441449987,0.851818438723677,1,1,-0.423527093836341,1,1
1150,0.23952177260071,1.15128319042235,2,0,0.144803947538867,0,0
1151,0.201590320908824,1.72479186849043,1,1,1.02594775609325,1,1
1152,0.0841175339883193,2.28632566793561,1,1,0.502001764676027,1,1
1153,0.363855214382056,0.370661981251325,1,1,-0.227593883849289,1,1
1154,0.17283897526795,0.377690821390557,1,1,-0.340413856199654,1,1
1155,1.17004161886871,1.40713729309797,2,0,1.03816658850253,0,0
1156,0.111073217994999,1.75841217420969,2,1,0.259083187154779,1,1
1157,0.18337091372814,0.936608092794633,1,1,0.402136306631315,1,1
1158,0.268211682327092,2.18878634261943,2,0,-0.431713062732745,0,0
1159,0.664261645261951,0.977505665783488,2,1,-0.885308346949651,1,1
1160,0.134920226118993,0.611643440001656,2,1,0.699337810234078,1,1
1161,1.04051768872887,1.59100235439837,0,0,-0.43875697450213,0,0
1162,0.210173666710034,0.452089524958068,1,1,1.45959874936848,1,1
1163,0.23364511464024,1.0233183141722,1,1,-0.285643642712811,1,1
1164,0.449938206933439,1.0074593761242,0,0,-0.693789309837781,0,0
1165,0.205449791974388,0.463206935114244,2,1,1.59228480660282,1,1
1166,0.243409305694513,0.293247506447027,2,1,-0.809947181894426,1,1
1167,0.270241407852154,0.726441998382334,1,1,-2.28116673937113,1,1
1168,0.705281147939906,1.0276154486916,2,1,0.518687490787107,1,1
1169,0.989199685864151,1.18893364872611,0,0,0.796648944237047,0,0
1170,0.0373667692765594,0.347498143199523,1,0,0.648862221469913,0,0
1171,0.522952335070158,1.21465789562484,1,1,0.0527163704597995,1,1
1172,0.21736032620538,0.28321642420189,2,1,1.04621335186581,1,1
1173,0.0147420100984164,1.45808634619961,1,1,-0.0621721881049351,1,1
1174,0.476823318859027,2.66462307389251,1,1,-0.9185259708052,1,1
1175,0.225392757856753,1.87620645084459,1,1,-0.151373742495,1,1
1176,1.93379607112476,2.02561171243647,2,0,0.441179324807263,0,0
1177,0.935140561312437,2.89768116859098,0,0,-0.83076087010198,0,0
1178,0.0457798856464707,0.227168416185355,1,1,-2.13516268831492,1,1
1179,0.536638492983975,2.50194634083749,1,0,-0.376601406096301,0,0
1180,0.405501113273203,1.06016351040651,1,0,-1.01163506982457,0,0
1181,0.223188340896741,0.55840405515767,2,1,-0.796280203875158,1,1
1182,1.00291749443798,1.34319140372737,2,1,-0.764274593340665,1,1
1183,0.0391821245609546,0.269641206983083,2,1,-0.48765682607447,1,1
1184,0.315600652538706,0.514481275110384,2,1,0.903998653294939,1,1
1185,0.0376120712608099,0.494816822164283,1,0,0.48505176767796,0,0
1186,0.194129512893119,1.06076996273499,1,0,0.570725547526832,0,0
1187,0.373211115656886,0.646019754169406,2,1,-0.448107874027967,1,1
1188,0.152406794077251,1.09050052861373,0,1,-1.14852797147141,1,1
1189,0.375065062835347,2.78006114850762,1,1,0.153996639542853,1,1
1190,0.0824577715247869,0.505294634202151,1,0,-1.636731513606,0,0
1191,2.08387541574168,2.94835345619381,1,1,1.21375876543326,1,1
1192,0.746825383949846,1.37189153366598,2,1,1.78888841634152,1,1
1193,2.07995917453411,2.31913765608868,1,0,-0.520502456714666,0,0
1194,1.02157086227089,3.63204936186473,0,0,-1.08120712554413,0,0
1195,0.500125379741013,3.79415756588974,2,1,0.0515680200926419,1,1
1196,0.256141620920971,0.384953606378655,2,1,0.200982721442659,1,1
1197,0.0418741828573531,0.405043826279343,2,1,0.785514685859916,1,1
1198,0.193131394978555,1.13222107175939,1,0,-0.375387997164315,0,0
1199,1.12813580967486,1.33312362470145,1,0,-0.199892798376467,0,0
1200,0.238281667713441,0.463548955344942,1,0,-0.229982803643506,0,0
1201,0.0161829477292486,0.289898514233002,1,1,-0.447479366427042,1,1
1202,0.300551284104586,0.638016241133515,2,0,-0.234780763947353,0,0
1203,0.383756967494264,0.800301951762244,2,1,0.139506704498685,1,1
1204,0.0278193248451723,5.30985485350388,2,0,-0.08543492652714,0,0
1205,0.17311445903033,1.00667842865788,0,1,-0.809558539741523,1,1
1206,0.2542305366567,0.424184302488963,0,1,0.998518946684985,1,1
1207,0.836644214577973,1.08677673321966,1,0,0.286389800961814,0,0
1208,0.0249962508678436,0.267029684811582,1,0,0.216758660945156,0,0
1209,0.498780589524478,0.758263899855129,2,1,-0.293817878271523,1,1
1210,0.100725630298257,5.45667883997286,2,0,0.10436591836133,0,0
1211,0.266405596397817,1.8176027895153,2,0,0.920798192676843,0,0
1212,0.390400112373754,0.818825642923632,1,1,-0.182404432036639,1,1
1213,0.188293089144934,1.8176366854459,0,0,0.743774855427457,0,0
1214,0.796203235164285,1.04533561611571,1,0,0.554773982788936,0,0
1215,0.714961348540902,1.71638609383788,1,1,1.9011016157913,1,1
1216,0.10995147970165,2.12487755653759,0,1,-2.38926727406843,1,1
1217,0.225635705864988,0.720833750384879,1,1,0.270950962922009,1,1
1218,0.0452896984643303,0.38986103076852,1,1,0.34024155719157,1,1
1219,0.218909629329573,0.337865802322702,1,1,0.214579250263272,1,1
1220,0.645330273520023,0.761883509039513,2,1,0.906824373261894,1,1
1221,0.456236405853935,1.08816032811239,1,1,-0.633062736166249,1,1
1222,0.842461831867695,1.98336843092754,0,0,1.0185351960869,0,0
1223,0.00158821523655206,0.469254838880006,1,1,-1.35422321572671,1,1
1224,0.132315263617784,3.2091164495796,0,1,-0.196589197683903,1,1
1225,0.318396594084334,0.704396082636514,2,1,1.55323855678739,1,1
1226,0.360794285661541,1.44141061511403,1,1,-0.948069783660328,1,1
1227,0.222362113470671,0.88028052692739,0,0,0.629147948153192,0,0
1228,0.0991223537130281,0.51555454396025,1,1,0.865375111152561,1,1
1229,0.0459258072078228,2.22800538077321,2,1,0.336813220334796,1,1
1230,0.0936724984735313,0.251778975293496,2,1,0.657059605469347,1,1
1231,0.00954698596615344,0.238358628122807,1,1,0.363006426179098,1,1
1232,0.569983815145066,0.927319093126899,1,0,0.428505298067233,0,0
1233,0.0716890218945832,1.32992259342903,1,1,-0.129521004746404,1,1
1234,1.25062623154372,1.87518186483617,2,0,-1.20677976452529,0,0
1235,0.379135495750234,0.526217434165173,2,1,1.48550188682888,1,1
1236,0.0519645560416393,1.25890294737984,1,1,0.722330614316258,1,1
1237,0.236542940256186,0.346844379479686,0,1,-0.260623103509111,1,1
1238,0.489603313177559,0.717531241088569,1,1,0.661743645130802,1,1
1239,0.152342872694135,1.12248971566691,1,0,-1.71952351789763,0,0
1240,1.02155420643921,1.16637461818755,0,0,0.50921941229301,0,0
1241,0.462306053495856,1.79826613034518,1,1,0.526445080454606,1,1
1242,0.532187959179282,2.94577340863705,2,0,0.573475691236342,0,0
1243,0.539909727495916,0.79221921518197,0,1,-0.22245671387166,1,1
1244,0.872412380942717,0.87941854821255,1,1,1.9041763699386,1,1
1245,2.56196111618521,2.94989463252326,0,0,-0.772958526805357,0,0
1246,2.34794805376771,2.95529213700964,2,0,-1.25664139892111,0,0
1247,0.496178687113044,0.554355860998233,0,1,0.358647963252595,1,1
1248,0.61839220926334,0.929406492013454,1,1,-0.838529511010828,1,1
1249,0.0398942306637764,0.690847484575699,1,0,1.22328385011207,0,0
1250,0.15748390724184,0.232304313645593,1,1,-0.588594496893373,1,1
1251,0.39745636691805,0.463653021589754,2,1,0.117522982587993,1,1
1252,0.154334423423279,4.94692150491806,1,1,-0.0969606932844311,1,1
1253,0.565703221337691,1.88512235064243,0,1,-0.661571934264152,1,1
1254,0.948817106895149,2.94262133502008,0,0,0.60256805090034,0,0
1255,0.319039094771573,1.22704422475313,1,0,0.0549016984268577,0,0
1256,0.794525603763759,2.99346984429363,2,0,-0.707916599683103,0,0
1257,0.229177487781271,0.642139174556485,2,1,0.0320065558148442,1,1
1258,0.00240403780480847,1.45094797153488,1,1,-0.0787732513118423,1,1
1259,1.93675285383108,2.04296754391756,2,0,-0.240624145787362,0,0
1260,0.233389469639288,2.21004438988841,1,0,1.26905813652733,0,0
1261,1.76164172208848,3.39424621707821,2,0,0.461000651973881,0,0
1262,0.127038570201885,0.613752999205819,2,0,1.19393121882801,0,0
1263,0.341358793725887,0.631126204970013,1,0,0.0267082787654931,0,0
1264,1.02779472940007,1.16756694763695,1,1,1.91076257752631,1,1
1265,0.122440219856799,0.525158338079683,1,1,1.22905612298879,1,1
1266,0.0284578788182748,0.997808602463393,2,1,1.14539890725669,1,1
1267,0.350901744386647,0.891374334714506,1,1,-0.526767181517263,1,1
1268,0.575042042156503,0.96567242115317,1,1,-0.512636292742836,1,1
1269,0.126287091263724,1.99420403689146,0,0,-0.349336713196564,0,0
1270,0.288477455032989,0.580020709871666,1,1,1.93749025610826,1,1
1271,0.237511383602396,0.29769196689718,1,1,0.142933279903956,1,1
1272,0.133253616396769,0.217747764348649,2,1,0.681500694917085,1,1
1273,0.115865816267482,0.598160896145743,1,1,-2.04035630495495,1,1
1274,0.252235783555079,0.763391187849326,1,1,-1.32818533910226,1,1
1275,0.249419464129561,3.22435313936658,2,0,0.293036456559108,0,0
1276,0.590979715809226,1.58063287521984,2,0,0.903059631388881,0,0
1277,0.72830432092008,0.733556201482197,1,1,-0.302353174942156,1,1
1278,0.396663152850313,1.66875720498306,1,0,-1.2828660472793,0,0
1279,0.212799302535132,0.480801902799483,1,1,-1.17844961021245,1,1
1280,0.390350751113147,0.578452420712734,1,1,0.0635117257739016,1,1
1281,0.122485319968074,0.279279471174949,1,1,-0.568497729149174,1,1
1282,0.122287637495901,0.328505317822427,1,1,-0.865939409959192,1,1
1283,0.316010410606395,0.795838364089529,0,1,0.13368023915189,1,1
1284,0.5715297342714,0.574408404485005,1,1,-0.925106657563122,1,1
1285,0.493960092775524,1.24250535782511,1,0,1.84961376168588,0,0
1286,0.126270513179141,0.517223376622343,2,1,1.7185011202749,1,1
1287,0.757100993767381,3.75027305757006,0,0,-0.544994005332455,0,0
1288,0.432233908213675,4.97620608168608,1,0,1.23745995631551,0,0
1289,0.0694278022274375,0.71924083711557,1,0,-1.13028156954444,0,0
1290,1.50966291967434,2.11768754612024,2,0,1.00791995028346,0,0
1291,0.0872638344299048,0.103704038485854,1,1,-0.650966576761261,1,1
1292,0.66120588625484,0.975718780146794,2,1,0.827170921001376,1,1
1293,0.73343335930258,1.84852982560794,0,0,-0.963303272064315,0,0
1294,0.827777747737065,2.24813477634792,1,1,-0.422970359256934,1,1
1295,0.00178916874574497,0.0305078623959002,1,1,-1.65779822351706,1,1
1296,0.0889744878473902,2.11753818501521,2,0,-0.579988912056802,0,0
1297,0.0308389859856106,0.462149415175261,2,1,0.765961710267108,1,1
1298,0.0228027775398823,0.146965278006293,2,1,0.991229587202923,1,1
1299,0.330612923717126,1.02646087175277,1,1,-0.162912464134431,1,1
1300,0.530924595350886,1.68616301135893,2,0,0.158533411271016,0,0
1301,0.884680508117765,2.54311196195583,0,1,0.463783634822103,1,1
1302,0.0700809006229974,3.09314291459126,1,1,-0.126185223822406,1,1
1303,0.125241667267379,1.37513608417469,1,0,-0.339540260052898,0,0
1304,2.02436659778258,2.39206146759292,0,0,-1.48077270116765,0,0
1305,0.0273766362291544,0.61754463861386,0,1,0.165077683790656,1,1
1306,0.157616418437101,0.248660398647189,0,1,-0.529994107267682,1,1
1307,0.474549446254969,1.03684056180929,2,0,-0.71083939430329,0,0
1308,0.181919414608274,0.235038009696544,1,1,-0.584096295082155,1,1
1309,0.284765566466376,0.720449856202456,1,1,1.56914725475821,1,1
1310,0.0015743633722309,0.0753323794741938,1,1,1.79112836572639,1,1
1311,0.086381582407836,1.40934821105445,1,1,-1.34486425271025,1,1
1312,0.636652772314847,1.15270686957748,0,0,1.18246379298817,0,0
1313,0.223009950423148,0.962532975828708,1,1,-0.776219530631108,1,1
1314,0.611693283982396,0.687794207617937,1,1,-1.1807722711107,1,1
1315,0.165437794057652,0.285000079791366,2,1,0.662974298869998,1,1
1316,0.4183427762473,1.5021030108134,0,1,0.522216214257927,1,1
1317,0.0952802682295442,1.30343504642233,1,0,0.771551950806075,0,0
1318,0.305110665969551,1.96735831747702,1,0,0.259495918978736,0,0
1319,0.346461472910153,0.452375750027087,1,0,0.152899684692703,0,0
1320,0.202511947432267,6,0,0,-1.1021467888054,0,0
1321,0.0820095025119372,0.354536403525961,1,1,-0.0146751969789103,1,1
1322,0.416012603382114,1.03356584339395,1,1,-0.569152847240161,1,1
1323,0.040171210130211,0.69874390647522,1,1,-0.877031663243396,1,1
1324,0.0555466445546775,2.65526389941927,1,1,-0.4363110728561,1,1
1325,0.927441956694153,1.64208941094862,2,0,0.0902310277158943,0,0
1326,0.107723503606394,0.347466225093626,1,1,0.0592712662045701,1,1
1327,0.589129979618056,2.21202078306508,1,1,-0.11286916077897,1,1
1328,0.275872659869492,2.02966107203939,2,0,0.87087385751869,0,0
1329,0.871042056009173,1.36033504999094,2,0,-0.456015040022194,0,0
1330,0.520526497024692,1.73844538129266,1,0,-0.118327031049912,0,0
1331,0.725830756968131,2.20150133021754,1,1,0.813701406989406,1,1
1332,0.839046313750379,0.967204114218777,1,1,-0.789171331099307,1,1
1333,0.814756670966744,2.44544594041183,1,0,-0.325597707131579,0,0
1334,0.19179724137177,0.219203186483175,1,1,-1.65739504062434,1,1
1335,0.504044070325128,1.53337403388031,1,1,-1.53285584417447,1,1
1336,0.0958896517146922,1.04320664545679,1,1,0.358191474756614,1,1
1337,0.105835538997781,0.642074792030521,2,1,0.693115324501631,1,1
1338,0.17683679720307,1.07632467923718,1,1,1.58256223471241,1,1
1339,0.184632695745677,0.631712553271643,1,1,0.354914917994462,1,1
1340,0.427958740328904,0.921047150385264,2,1,1.00287480496157,1,1
1341,0.0764868420083076,0.989870571841796,0,1,-0.939445941270825,1,1
1342,0.0122447784431012,0.61893913137039,2,1,-1.10605729204197,1,1
1343,0.333294456067961,0.771268585137972,2,1,0.492479389131093,1,1
1344,1.18354674388922,3.14327470396233,1,1,1.20648648002733,1,1
1345,0.947221397602573,0.955203440831945,1,1,0.707064982780618,1,1
1346,1.00155262358633,5.3973494156878,0,1,-1.92288752413823,1,1
1347,0.275062000437174,0.557183738177021,0,1,-1.83711686382567,1,1
1348,1.28553631901741,1.60643255791654,2,0,1.54154822042528,0,0
1349,0.0115761483709869,0.900984259785372,0,1,-0.0321089337492871,1,1
1350,1.36814428120852,1.85524481331914,2,0,1.14563489603756,0,0
1351,0.39918757788837,0.779958611123711,1,0,-0.707671214244569,0,0
1352,2.19974328755381,2.5106152087516,2,0,-0.21452227674486,0,0
1353,0.00130893284222111,0.968128483762815,1,1,-0.209435887436963,1,1
1354,0.989307295531034,1.27122470729691,2,0,0.911709918240284,0,0
1355,0.151032679132186,0.27465434228086,2,1,-0.304419933901945,1,1
1356,0.480938813390032,2.62944429724951,1,1,-0.720535245595117,1,1
1357,0.715250934200203,4.65398868517884,0,0,0.240675950303212,0,0
1358,0.930866352282465,1.65404581349458,2,0,-1.14631169554408,0,0
1359,0.101423536427319,0.552375394230088,0,0,-0.124551635474059,0,0
1360,0.77472098751162,1.83773932289343,1,1,-0.497927641906741,1,1
1361,0.0183960550930351,0.220294526109277,1,1,-1.50424784328189,1,1
1362,0.153324728210779,1.13531264546129,2,1,1.23025846169489,1,1
1363,0.132665850687772,0.353496843282085,1,1,-0.894847006652755,1,1
1364,3.29953490490407,4.09880029841204,1,0,-0.125867589029596,0,0
1365,1.04351788479835,1.4072342232422,1,0,-1.2097516625112,0,0
1366,0.22891637403518,1.65071896626126,1,1,0.428513943440976,1,1
1367,0.10831706225872,2.10971851021307,1,0,-0.909348679088849,0,0
1368,0.474156646057963,0.689607895209301,1,0,-1.35213913542393,0,0
1369,0.669752568329506,1.74059684979219,1,1,-0.0888618580838854,1,1
1370,1.94529747141534,3.88578905534292,1,1,-0.566864567677918,1,1
1371,3.25239313749557,5.47145583556562,2,0,0.338051823510666,0,0
1372,0.273955666925758,1.06021924865564,1,1,0.168583539171343,1,1
1373,0.720517570152879,1.77702359367378,2,0,0.0243126696158284,0,0
1374,0.620620579458773,0.694359632845164,2,0,-0.159822863257565,0,0
1375,0.440926574170589,0.492943201868549,1,0,-1.13939444419273,0,0
1376,1.38841184069172,1.39063194712625,1,0,0.953609744941712,0,0
1377,0.307712984271348,2.27174637620188,1,0,0.586990302774999,0,0
1378,0.0638737068436851,0.086862525909847,1,1,-0.202123867985015,1,1
1379,1.76456909150559,4.04275121167302,0,1,0.726461593790411,1,1
1380,0.150607229734305,0.229212628051232,2,1,-0.232055160242265,1,1
1381,0.0232237582589662,1.58292151400354,2,0,0.537211507102815,0,0
1382,0.226431579116102,0.787160415670171,2,0,-0.12788776264468,0,0
1383,1.08546871615828,1.75091977386559,0,1,0.262414052782678,1,1
1384,0.271381123922765,0.492546665474015,1,0,-0.262819746539703,0,0
1385,0.747728925906263,2.46504691558915,2,0,-0.172581617757445,0,0
1386,0.395243994134944,0.898684076357276,1,1,-1.73880637370612,1,1
1387,0.0742987099350078,0.10604849962609,2,1,2.26936211667039,1,1
1388,0.284645749197807,0.951244945948323,0,1,-0.180324250776876,1,1
1389,1.60683739363196,2.55784289150984,2,0,0.140431902070767,0,0
1390,0.354869140719529,0.972608138198742,2,1,0.0350755268809832,1,1
1391,0.0881147993376943,0.535072676534369,1,1,0.0843716304048508,1,1
1392,0.287942195136566,0.370532454124017,2,1,0.192652736641405,1,1
1393,0.171681233681738,2.69875224887358,2,0,-0.270478537395244,0,0
1394,0.528578489876174,1.29764426539537,0,1,-0.0281284926388499,1,1
1395,0.885280111309959,1.0701370572222,1,1,-0.202654610478602,1,1
1396,0.398449184373021,1.28446346555915,2,0,0.219606757008922,0,0
1397,1.88023379064145,4.44814704621485,2,0,-0.341030279945088,0,0
1398,0.434241446174502,0.471872677213617,1,1,-1.48456091320555,1,1
1399,0.526860105878425,0.54278454314791,1,0,-1.02216983740885,0,0
1400,0.111188162118196,0.483372163285169,1,1,-1.23334055456798,1,1
1401,0.615658396246664,0.693611508856217,0,1,1.35393769668358,1,1
1402,0.161298065278433,0.639178615552949,2,1,0.520753702211989,1,1
1403,0.0958482194947994,0.167967806969072,1,0,0.696504781162526,0,0
1404,0.141533397860889,0.302349465194605,1,1,0.966200655248857,1,1
1405,0.148189795436338,1.47353978833939,2,1,0.919851243867601,1,1
1406,0.55578425141003,2.05620252216856,0,1,-0.495261823938276,1,1
1407,0.0834250869229436,1.34442793826262,0,1,-0.50869365957118,1,1
1408,0.916953046806157,1.0978266455657,2,0,0.591838745554258,0,0
1409,1.55919902897532,2.8807088950028,0,0,0.0804901552600066,0,0
1410,0.0416909204795957,0.402123291666309,0,1,-0.142938244446182,1,1
1411,0.668098526075482,1.44507552399321,1,0,1.30058280433576,0,0
1412,0.0266391970217228,0.315473608144296,2,0,-0.0640946163804398,0,0
1413,0.705525810454793,1.30269400458202,1,1,-0.277177123363905,1,1
1414,0.237346030573592,0.865943310782313,0,1,-1.50812993983651,1,1
1415,0.101879598585302,4.24537535743861,1,1,1.66930638676483,1,1
1416,0.365932647546288,0.466812410410353,2,1,1.30354947021335,1,1
1417,0.428570715594105,1.33601451654358,1,1,2.31102831281869,1,1
1418,0.306340499955695,0.31162496178299,1,1,-0.397712092415367,1,1
1419,0.260084928013384,0.526478186428365,1,0,0.824791010383326,0,0
1420,2.00703932522776,2.82102014897114,2,0,-0.880314169545861,0,0
1421,0.391146062174812,0.663700501124064,0,1,0.290777106330962,1,1
1422,0.27853058178748,2.93848257907294,2,0,0.291958020734518,0,0
1423,1.91389538711848,1.91997993473978,1,0,0.986762015197836,0,0
1424,0.0834193822811358,1.13132280770631,2,1,0.480132532049213,1,1
1425,0.10556648671627,1.2479757357461,2,0,-0.565552987136105,0,0
1426,0.133900908004458,0.857155330913378,0,0,-0.909929435724549,0,0
1427,1.27772682346404,3.17262061250707,0,0,0.274916333277027,0,0
1428,0.2809031290235,1.01153702347978,1,1,0.299684597723311,1,1
1429,0.060489618124261,0.421072360187538,1,1,0.2954391316435,1,1
1430,0.154611694455289,4.09339915488845,2,1,-0.598305710372861,1,1
1431,0.0336520959461878,0.204924064038541,1,1,-1.94465500889381,1,1
1432,0.0479735279805027,0.238803132290182,1,1,0.597531906336738,1,1
1433,0.347149854933377,0.500127406371763,2,1,0.559882249397194,1,1
1434,0.00151677089586072,0.85003465919125,1,1,1.24148416356287,1,1
1435,0.150868178246185,0.441608062026087,1,0,0.271970600399551,0,0
1436,0.642751490252457,1.25344801310998,2,1,0.300742362818111,1,1
1437,0.181679427623749,0.307808127254248,0,0,-0.270151943855877,0,0
1438,0.0727509532589465,3.6877054665546,1,1,1.30608933851381,1,1
1439,0.417310481134336,0.500559835995689,1,1,-0.665232085387733,1,1
1440,0.106244872953167,0.823072870379948,1,1,-1.09604283563812,1,1
1441,0.266741339791364,0.533649124742682,2,1,1.15708719178637,1,1
1442,0.0652512625265367,0.792714243849067,0,1,0.494645106054539,1,1
1443,0.200923615484498,0.217978629590277,2,1,1.13994452807176,1,1
1444,0.0532252158058211,0.396158624793714,0,0,1.33058063761965,0,0
1445,0.329429777048063,0.476886428756116,1,1,1.28417315833877,1,1
1446,0.170477443316486,0.395536106994505,2,1,-1.06497708413081,1,1
1447,0.487029588781297,6,0,0,-0.381544533969721,0,0
1448,0.0216851456570836,0.633520451914345,1,1,-0.857493129467902,1,1
1449,0.103727202862501,1.83853841477254,2,0,0.770530825922244,0,0
1450,0.207852772316782,0.312710712882669,2,1,1.28831585949109,1,1
1451,0.288462731411269,6,0,1,-0.647353312091894,1,1
1452,0.0758236413821578,2.34596530938988,1,1,-1.1950648714487,1,1
1453,0.0330236944375465,2.70099279606115,1,1,-1.73940576572866,1,1
1454,0.006742344412487,0.433441478138169,0,1,-1.52578090612357,1,1
1455,0.0127815455198288,1.01140880810544,1,1,1.79323033430583,1,1
1456,0.49124097492567,0.936032061915887,1,1,-0.818581401208277,1,1
1457,1.74304819102072,4.55480187747414,2,0,-0.462429206465138,0,0
1458,0.745215213857591,1.37724241941703,2,0,0.0988590713383594,0,0
1459,0.0259889456325586,1.05621160053527,2,0,-0.835579457941541,0,0
1460,0.522196829150223,0.761460946721392,1,1,-1.01148565738923,1,1
1461,2.04880524459768,2.68990551340182,1,0,1.15771271539815,0,0
1462,0.324943113373592,1.64783654067297,2,1,1.32308965696192,1,1
1463,0.245582600764465,0.266667771167631,1,1,-1.1327998100879,1,1
1464,0.196885064741475,1.31980513678333,1,1,-1.02163806573813,1,1
1465,0.042922917753458,1.57016365167995,0,0,-0.238895037941024,0,0
1466,0.63598304997649,2.23263940888779,2,0,1.72709270913437,0,0
1467,0.132893974659964,1.0850634190531,1,1,-1.49250615705898,1,1
1468,2.0008061043078,2.17120452473561,0,0,-0.0481352902221954,0,0
1469,0.42747449973831,1.395884620653,2,1,0.087477358658996,1,1
1470,0.875838402373359,5.69587691919941,2,1,-0.584863066398628,1,1
1471,0.129970744538865,1.45625929152345,1,0,-1.72293844257665,0,0
1472,0.300294672138989,2.78640522677403,1,0,1.76246105235065,0,0
1473,0.229642258491367,0.624790734921893,0,1,0.732408294919416,1,1
1474,0.712957110510259,2.59518052724152,2,0,-0.92669595113501,0,0
1475,0.100185918272473,0.449025068545083,0,1,0.826987713906193,1,1
1476,0.925871437836759,1.54183980450515,1,0,-1.03058195831998,0,0
1477,0.273548238852804,0.779564652674236,1,1,0.778984629355772,1,1
1478,0.0841112391208299,3.63798392936587,0,1,-0.735553444010766,1,1
1479,2.74589562780204,5.78362045066484,2,0,-0.604451402612337,0,0
1480,0.0298395636603516,0.969261674272918,2,1,-0.252915138467244,1,1
1481,0.304930516285822,0.554510609327317,1,1,-1.50112279916666,1,1
1482,0.151928130201627,0.844931279699056,2,0,0.554953795583708,0,0
1483,0.0349064360489137,1.83722304167806,1,1,-0.303368120101094,1,1
1484,0.0530545485982741,1.01292041440805,0,0,-0.381109465069685,0,0
1485,0.0144303688377812,1.05043198223565,1,1,-0.239465154226939,1,1
1486,0.079353857399824,0.238591972299022,1,1,-0.941882171967821,1,1
1487,0.245238486677408,0.86393176277882,2,1,1.57459553986174,1,1
1488,0.141938135202508,0.915003996778277,1,1,-1.41517208961807,1,1
1489,0.578876262271598,0.881925443214141,2,1,0.558042174034041,1,1
1490,0.00858599040657282,0.777382072615952,2,0,0.46345685118998,0,0
1491,0.253028773586266,0.614858265813264,0,1,-0.348290783493906,1,1
1492,0.213469478476327,0.998873012650196,1,1,-0.628517097728484,1,1
1493,1.03768293187022,6,0,0,0.464587444545355,0,0
1494,0.0254161827011453,0.153139512769089,1,1,-1.93357569063605,1,1
1495,0.730377263389528,3.70679386090444,2,0,-0.336338994637899,0,0
1496,0.433321966475699,0.730236175002299,2,0,1.40947967993303,0,0
1497,1.84283234384996,3.10466610014799,2,0,-0.270573712547084,0,0
1498,0.297521557949949,3.75473309953354,1,1,1.42621652125325,1,1
1499,0.27664559520781,1.05736717082654,0,0,0.378951594122788,0,0
1500,0.0126061933115125,0.266607151107997,1,0,-1.21760173759934,0,0
1501,0.112628632799402,0.555293297237111,2,1,1.68288200768922,1,1
1502,0.0415429906570353,0.261832880869031,2,1,1.80652625341883,1,1
1503,0.469043037854135,0.883285698170463,0,0,-0.8051300556595,0,0
1504,0.119931200826514,0.436788091567758,1,1,0.645430721647599,1,1
1505,0.330430207425191,3.06889421383617,1,1,-0.746649729612395,1,1
1506,0.712439611644305,2.38449978450509,1,1,-0.792043888831098,1,1
1507,0.404313271865249,0.795397320762277,0,0,-2.026349673988,0,0
1508,0.258157326592044,4.27382316440344,0,0,0.154033635772453,0,0
1509,0.119968913495541,0.612376863708623,1,1,-0.197155348176364,1,1
1510,0.504696583593919,1.19038493209618,1,1,-0.194915405878879,1,1
1511,0.0848503518392902,0.117273572287959,1,1,0.244406227668646,1,1
1512,0.693941432982683,0.706043179432992,2,0,-0.224083118688042,0,0
1513,0.0827698639477603,0.125776206510493,1,1,0.650817200463536,1,1
1514,0.131156812860748,0.162449360705299,1,1,0.928027619234216,1,1
1515,0.0726705733686686,1.0136916446629,1,0,-0.768258638201745,0,0
1516,0.25181649660226,0.396979084035314,2,1,0.506886145582055,1,1
1517,1.01716013159603,3.21408498411377,0,0,0.084578362933761,0,0
1518,0.403181016636411,0.409567722253052,2,0,1.23425673530909,0,0
1519,2.0964519911237,2.81646421838156,1,1,0.208685602719756,1,1
1520,0.0642432467429899,1.95436530006641,1,1,0.196740170143715,1,1
1521,0.331946281716228,1.28641665687017,2,0,0.790281138161591,0,0
1522,0.145453739096411,0.18207665814983,2,1,-0.0587057341464538,1,1
1523,0.788680179367595,1.39347535566525,1,1,0.19887884805409,1,1
1524,0.115383366355672,1.43094782820162,1,1,-0.24774778653002,1,1
1525,0.0812748728526922,0.991711090947248,1,1,-0.993139578888484,1,1
1526,0.382686629018281,1.51079910187782,1,1,-0.970773387583308,1,1
1527,0.382670822436921,0.514277522474624,2,1,0.251850656292761,1,1
1528,0.00673649628879502,1.98207594913124,2,1,-0.154433779092264,1,1
1529,0.244651481916662,0.402266352126996,0,1,1.41199402772539,1,1
1530,0.46703743454703,0.901317037519826,0,1,0.466666864927833,1,1
1531,0.0275205718353391,0.597583080227188,2,0,0.527936647155545,0,0
1532,0.0344129422265586,0.439100280862085,0,1,-0.940899452269973,1,1
1533,0.0867896611453034,0.456075301618268,1,1,-0.795726561307977,1,1
1534,0.48626337338782,2.49220890720286,1,1,-0.0848615953053382,1,1
1535,0.0108693345100619,0.894978585724579,1,1,-1.49323188876718,1,1
1536,0.588735337924965,0.829526026909723,1,1,0.12195006812358,1,1
1537,0.626691836863756,1.25798203982413,0,0,0.531062440281228,0,0
1538,0.240350510925055,3.33477894064627,2,0,1.98289012318371,0,0
1539,0.431054296662618,4.08510183644948,2,0,-0.202491441396506,0,0
1540,0.600255421569392,0.814385473148783,1,1,2.18346605883831,1,1
1541,0.0640462982119061,0.235209459130701,2,1,0.068958642518564,1,1
1542,0.100014376862036,0.780166599702021,2,1,0.696743406531027,1,1
1543,0.492852272874202,1.31510720392527,1,1,-0.893676448808934,1,1
1544,0.149935833479648,0.676477993821716,1,0,-0.415376341249261,0,0
1545,0.355410903578199,0.85561770681438,2,0,1.28550470643449,0,0
1546,0.217597158498823,2.60584162987679,2,0,0.214112188424612,0,0
1547,0.699206388555467,1.3405087537363,2,0,-0.573728779039567,0,0
1548,0.0794343100278638,2.12870879052173,1,1,0.999469973003365,1,1
1549,0.61215172149241,2.36944167690707,2,0,0.642467091255218,0,0
1550,0.065966549445875,0.904860569137682,1,1,1.58532305818486,1,1
1551,0.972404932783559,1.33153318738762,1,1,-0.131213588706156,1,1
1552,0.200164399988675,0.64974744524704,2,1,1.3614747041535,1,1
1553,0.56385699889791,0.831045535025587,1,1,-0.758447372917388,1,1
1554,0.0234650069461699,2.30615629743915,1,0,2.01804430360318,0,0
1555,0.308310054536105,0.695983092479572,2,1,-0.843372194610885,1,1
1556,1.14791973023081,1.22883279979198,2,1,1.62379037731816,1,1
1557,0.355615340140655,0.640111454831059,2,0,0.514890932323785,0,0
1558,0.590222217116326,2.56447512266391,2,1,-0.0525841674357431,1,1
1559,0.31661182991229,0.526134620710064,2,1,1.06869237836424,1,1
1560,0.0253942521723564,0.997366934575575,1,1,1.32513581139705,1,1
1561,0.718409750235088,1.8127849936553,1,1,0.625196212799273,1,1
1562,0.494580550558686,0.572490717155669,1,1,2.40512714282854,1,1
1563,0.314319792960305,1.08292566911207,1,1,-0.679768105075037,1,1
1564,0.102108161977318,0.192232982853749,2,1,1.45674710275829,1,1
1565,0.414650222228374,0.956737194616643,2,1,-0.131887063627373,1,1
1566,0.267597841448151,0.601696787605989,1,1,-0.467475280011739,1,1
1567,0.0134551550124729,0.910704623286923,0,0,-0.457631271553973,0,0
1568,0.0293052516670229,0.0942459412162215,1,0,0.0927453387883879,0,0
1569,1.05290143973822,1.12278269286295,1,0,-0.436618555919494,0,0
1570,0.317751083533161,1.19333090474335,1,1,0.77177638029093,1,1
1571,0.437710774115941,1.81163930786252,1,1,1.32154586871668,1,1
1572,1.41886171187833,2.29996199518251,1,0,0.289020156551968,0,0
1573,0.219799846116193,1.36846122582402,1,1,0.0185006781728929,1,1
1574,0.229760743895255,1.02746030102972,1,1,0.0572593681142794,1,1
1575,0.162405317626804,0.642521472944167,1,0,-1.19427476500863,0,0
1576,0.864493932574987,2.4913566450482,2,0,0.0734763805357956,0,0
1577,0.638128010985631,5.06276417495616,0,0,-0.891500059406223,0,0
1578,0.506212621086098,1.41848315428341,2,1,-0.73472257725789,1,1
1579,0.181716728839092,1.89573093007008,0,1,-1.03357173922493,1,1
1580,0.291335263812109,5.5780097952878,2,0,0.203140136326073,0,0
1581,0.137094041332603,0.522099456362905,2,0,0.573944174948859,0,0
1582,0.950066577643156,2.78106491370479,0,0,-0.614681960743993,0,0
1583,1.79895626186373,1.80090130516058,1,0,0.909239727037673,0,0
1584,0.60442501036153,3.87460134925648,1,1,0.680710702011637,1,1
1585,0.236419856538315,0.931826049834463,1,1,-0.432927511008616,1,1
1586,0.306991993275005,0.701453687858021,1,1,-0.562001636538456,1,1
1587,0.0339047020050135,0.289508325014045,1,1,-0.229753067007638,1,1
1588,0.0888484643988832,1.05010126578703,2,1,0.897331953913288,1,1
1589,0.249925995133168,0.551066540756233,0,1,-0.964200254206553,1,1
1590,1.10214312401933,1.46203921718572,1,1,-1.30635118315348,1,1
1591,0.828678543885991,1.01004083149908,1,1,-1.48532677066473,1,1
1592,0.120957315503753,0.753663107724567,2,1,1.64218823158202,1,1
1593,0.914303362317026,1.61827685559271,1,1,-0.31445611820259,1,1
1594,0.476705371402204,0.962825167971341,2,0,0.276793507196174,0,0
1595,0.44336508141999,1.06138280322515,1,1,-0.702414124323703,1,1
1596,0.0255665442091413,0.617519754507566,2,1,0.883813399464953,1,1
1597,0.657761991024017,1.67422161731032,1,0,-1.57664608985037,0,0
1598,0.126881738193333,6,0,0,0.514526379501703,0,0
1599,0.11944425275164,0.629273006923304,2,1,0.418952353535621,1,1
1600,0.429824811406434,0.783924479037523,0,0,0.268482135596849,0,0
1601,0.205804564598169,1.15647848695517,0,0,0.437547773947495,0,0
1602,0.433720397762954,1.36573632091124,1,0,-0.801152211111307,0,0
1603,2.48368070638719,6,0,0,-1.0685468556959,0,0
1604,0.648457803737194,2.83787792232604,2,1,0.208596201809917,1,1
1605,0.0207871345716166,1.78532582100634,1,1,-0.308827553973177,1,1
1606,0.631695754332241,0.645268463442519,1,1,-1.59909737843064,1,1
1607,0.0929779899888672,2.41083153700194,1,1,0.349724826084659,1,1
1608,0.740997625514865,1.00296855630503,2,0,1.32854670333977,0,0
1609,0.670704374824051,1.26385042754312,0,0,1.42377341753565,0,0
1610,0.0908610731130466,0.181551148357539,1,1,-2.49964724010778,1,1
1611,0.146960274738358,1.55058264766246,2,0,1.75656042913142,0,0
1612,0.10627481713891,0.209615443537872,2,0,0.766388235394249,0,0
1613,1.4947398136461,5.49591508237847,2,0,0.934784136851228,0,0
1614,0.477454858832061,0.707613902458699,1,0,1.11442143971091,0,0
1615,0.745364776786238,0.760959341026776,2,1,1.19450847554173,1,1
1616,0.417799733579159,0.981717158862387,1,0,-0.200594408021803,0,0
1617,0.107949116267264,3.79691308394488,1,0,1.12840020226379,0,0
1618,0.907057836832121,2.49596705861447,1,1,-0.361350695400949,1,1
1619,1.41764683524652,1.86387210169677,2,1,-0.665420349883856,1,1
1620,0.212241132494432,1.87551293211679,0,0,-0.358019064361234,0,0
1621,0.479714111187303,1.97822771779222,1,1,-0.546331013664508,1,1
1622,0.100003118859604,0.588591082641815,1,1,-1.55319634146123,1,1
1623,0.49655553649348,0.638255017677418,1,1,-1.066897911044,1,1
1624,0.382796834746841,3.27276591324775,1,1,0.468623322206254,1,1
1625,2.6049500106925,2.69465935336901,1,0,1.01400447919065,0,0
1626,0.75301241222769,1.35185620172043,0,0,1.75993746949946,0,0
1627,0.32935489580268,1.34296308116019,1,1,0.444977939719536,1,1
1628,0.160443387285341,0.44599246754282,1,1,-1.39967097083649,1,1
1629,0.173659279535059,0.185127956945011,0,1,-0.149423145199644,1,1
1630,0.0915429241780558,1.46088898492356,0,0,0.512034028783796,0,0
1631,0.48827079217881,2.30689473661024,2,0,0.202613548194739,0,0
1632,0.111238454418919,1.78881559135114,1,1,0.454548697452496,1,1
1633,0.342733553552534,4.30718013395866,0,1,-1.04284986938718,1,1
1634,0.133503829420079,0.515444652494777,1,1,-0.112581016340364,1,1
1635,0.585871947007612,1.37582434804292,1,1,-0.234654651266142,1,1
1636,0.0149805005028095,0.0782399115188106,1,1,-1.22095108407137,1,1
1637,0.232229947287124,1.50018644774683,2,1,-0.909190582593888,1,1
1638,1.00036261975765,2.33184359654165,2,0,-0.871181715219256,0,0
1639,1.29756508273409,1.79010025308436,1,1,-0.0480299591984586,1,1
1640,0.531610743903248,0.682279745610927,1,1,0.0758058559493914,1,1
1641,0.731941342353821,1.52815090990753,2,0,1.01946824056261,0,0
1642,0.00822586666990773,0.058001449845649,1,1,0.213228003122663,1,1
1643,0.106394322065171,0.379147239035622,1,1,-1.49515032289277,1,1
1644,0.590904938845716,1.43628627220638,1,1,-1.00909872935097,1,1
1645,0.0144216390326619,0.302937936808836,2,0,0.204287705221733,0,0
1646,0.378146759467199,0.765240268511716,1,1,1.47512135231159,1,1
1647,0.834112593904138,1.76131147033574,0,0,1.1104341464762,0,0
1648,0.290162162273191,1.00876670521741,1,1,-1.17280174677444,1,1
1649,0.0574559140388396,0.307218410249658,2,1,2.82257298868952,1,1
1650,0.0987227342557162,1.98617750107777,1,1,1.21443571264922,1,1
1651,0.272814860509243,0.2775893746754,0,1,0.947104685052812,1,1
1652,0.204556029639207,0.212524095550179,0,1,-0.139940355528651,1,1
1653,0.402944663539529,1.70721315055921,1,0,-0.516517492081511,0,0
1654,0.216430443688296,1.24572943110038,1,1,-0.34776519061702,1,1
1655,0.0372676231199875,0.379542300508687,2,1,0.294560354913235,1,1
1656,0.346545395839738,0.430011691902219,2,0,0.491827105308476,0,0
1657,0.333630622772034,1.22430293079992,1,1,-1.13614632507127,1,1
1658,0.0991116295335814,0.177800416089733,1,1,-0.937184345943725,1,1
1659,0.479727588800535,3.01515455295507,2,1,0.513627119948431,1,1
1660,0.187191984732635,1.29992917956128,2,1,0.397072740353878,1,1
1661,2.35769276498797,2.63604953835175,1,0,0.941651906553882,0,0
1662,1.838958271992,1.99787017518915,2,0,1.2211717467212,0,0
1663,0.172188349999487,1.59109223223285,1,0,0.012473161766584,0,0
1664,0.0819607646602531,1.09905577539565,1,1,-1.25997825950618,1,1
1665,0.891610643826425,3.26096628331731,2,0,-0.0576376359223775,0,0
1666,0.143405903072562,0.931791915049523,1,1,2.59135208552237,1,1
1667,0.855152670966283,1.83607719394136,1,1,-0.107944135895527,1,1
1668,0.11890023281115,1.56016638104863,1,0,-1.63664324786346,0,0
1669,0.00284063419444949,0.498936193058722,1,1,1.08103650525162,1,1
1670,0.373793101753108,0.455253507878072,1,1,-0.75121483861128,1,1
1671,0.219603739969898,0.229829520436206,1,1,-0.479645614787009,1,1
1672,0.0944316036017282,1.1821503040398,1,1,-0.548810356195345,1,1
1673,0.587543833069503,1.74236237071455,0,0,0.378691376185477,0,0
1674,0.292774638547122,0.69949711737439,1,0,-0.820364635503977,0,0
1675,0.156206507526804,1.0198324271295,1,1,-1.09285944541858,1,1
1676,0.885636607224689,2.68797839134443,0,1,-0.485911299920259,1,1
1677,0.0814872558112256,1.56730599827155,2,1,-0.0380338244637103,1,1
1678,0.126612480729818,0.865307711064816,0,0,-0.54441990927216,0,0
1679,0.329000933511149,0.425982034454743,0,1,1.90410321955914,1,1
1680,0.116424209438264,0.891848409239487,1,0,1.23650375560048,0,0
1681,0.777647274054408,1.28367403931475,1,1,-0.186413742525873,1,1
1682,0.593349171077654,0.78118531528697,2,1,0.369464360147626,1,1
1683,0.106412656396338,0.344635735576352,0,1,-0.0287948042040173,1,1
1684,0.585491776083335,1.30938814433246,2,1,0.209196881271326,1,1
1685,0.744063258444602,1.80473640818571,2,0,-1.75080093887126,0,0
1686,0.333610303353048,0.834199020469812,2,0,0.704746205690388,0,0
1687,0.589913276955485,1.40857960934801,0,0,1.59882352530172,0,0
1688,1.64892033549531,3.18511744886964,1,1,0.351915474871004,1,1
1689,0.00971657893387601,0.862544526656469,0,1,-0.58436854170169,1,1
1690,0.782879564911127,2.68662722797149,2,0,-0.357805262284951,0,0
1691,0.106437829323113,0.309178406993548,0,0,-1.04025923981255,0,0
1692,1.45493900208714,3.64354700014123,1,0,0.77405864621116,0,0
1693,0.270440659260209,0.349584378192495,1,1,-0.119169922933682,1,1
1694,0.378739578649402,2.75413279388597,2,0,0.498842118766243,0,0
1695,0.44321833797423,1.8324013363837,2,0,0.0687109997986908,0,0
1696,0.161413997286524,0.283431358240335,1,0,-0.5856222444956,0,0
1697,0.0826655034325086,1.17072729819643,1,1,-0.243789480200028,1,1
1698,0.295631722927826,1.15695485357075,2,0,-0.470823866272313,0,0
1699,0.166298539536154,2.53159306339545,1,1,-1.43925147967662,1,1
1700,0.730064861682996,1.706300173305,1,1,-0.662208292987189,1,1
1701,0.467965357005596,1.422121601993,2,0,1.24804743011678,0,0
1702,0.00212084269151092,0.0518551152698426,1,1,-0.718297674380949,1,1
1703,0.00259922322584316,0.156249634615449,1,1,-0.458804258721422,1,1
1704,0.81952615827322,0.875080032632913,1,0,0.171300714988182,0,0
1705,0.0965575528268505,1.09389998250573,2,1,0.768330214093601,1,1
1706,0.163576921515117,0.166020777204927,1,0,0.126626735915728,0,0
1707,0.397744465619326,0.760201521868303,1,0,0.262801982217114,0,0
1708,0.120198047952726,0.350038813306214,1,1,-2.39183701893412,1,1
1709,0.408937135653105,1.44993949625904,1,1,0.778695445485909,1,1
1710,0.25016302583838,1.6354162766393,1,1,0.231943085150406,1,1
1711,0.13545591799923,0.262274439780569,2,0,-1.02356582188319,0,0
1712,0.346597797179129,1.30030971283727,0,1,0.0890621653601054,1,1
1713,0.0940492941299453,0.145781974726338,1,1,-0.572564156706092,1,1
1714,0.375810176774394,3.81223299253918,1,1,-1.19235562016998,1,1
1715,0.00130274536786601,0.0368888643824204,1,1,-2.65108183380505,1,1
1716,0.526219563348558,0.583911027477804,0,1,0.00899987777107022,1,1
1717,0.170539419166744,0.29613421315873,2,0,0.775150504470841,0,0
1718,0.0599316158331931,0.43680668498079,0,1,0.487405863377402,1,1
1719,0.36678362172097,0.781109176288432,2,0,0.110486711965854,0,0
1720,0.933174410549566,1.0305270708449,1,1,0.142264642784968,1,1
1721,1.00524347153829,1.9600039487501,1,1,-0.15921294252631,1,1
1722,0.207444341212977,0.737053465049003,2,1,1.00599299803481,1,1
1723,0.0964624052867293,0.846419851501335,2,0,0.746116439160289,0,0
1724,0.0622365311899184,5.18499900876835,2,0,-0.468460090378616,0,0
1725,0.295058001848299,2.69171553853464,2,0,-0.17713395328119,0,0
1726,0.855131273157895,1.28062966480326,1,0,-0.435453803769385,0,0
1727,0.449386577121913,0.628407204505509,1,0,-0.353412534882731,0,0
1728,0.671384218148887,1.19807028684205,2,0,1.90997512740401,0,0
1729,0.1613752412959,0.236159296267243,1,1,-1.72335843086567,1,1
1730,0.380700453377143,2.43489617113862,2,0,1.16856045877897,0,0
1731,0.159164066427008,1.76648210843369,1,1,-0.306616674946583,1,1
1732,1.43278603550552,1.51883722176329,1,1,2.13126200164444,1,1
1733,0.219978068198543,0.262610520722799,1,1,0.153648354422947,1,1
1734,0.121584059088491,1.53981419975558,2,1,-0.646007698666768,1,1
1735,0.0192644133169484,0.121647719678208,1,0,-0.471511419128199,0,0
1736,0.296979026943975,1.96318008801329,1,1,0.64695021361392,1,1
1737,0.657249675132334,0.783833893104518,2,0,1.99322502020115,0,0
1738,0.33572303011,2.07370384096692,2,0,0.664639855237326,0,0
1739,0.0306417055676206,0.172428221572171,1,1,0.0112203905280412,1,1
1740,0.205089554678324,0.804106383891578,1,0,-1.34809306498588,0,0
1741,1.07151198759675,3.00310214348339,2,0,0.826543426621859,0,0
1742,0.0114509798586369,0.472806657579829,2,0,1.71737459734436,0,0
1743,0.580686980948605,2.19771799338136,2,1,-1.27610827010847,1,1
1744,0.0951721295132302,0.961665194841583,2,1,0.296022457029893,1,1
1745,0.911196663044393,2.72599507005517,2,0,-0.531413597930652,0,0
1746,0.0373831023269278,0.624673767015338,0,1,0.0725064677068154,1,1
1747,0.316725833117785,3.96222740125071,1,0,-0.0406743473609065,0,0
1748,1.75879477328601,1.93563862192821,1,0,0.137099207844918,0,0
1749,0.953042817948029,2.56260961147885,2,1,-0.666662272076272,1,1
1750,0.530236011810422,2.12664724570728,1,1,1.01139355456499,1,1
1751,0.034734967625145,0.458636334086687,2,1,0.824403019661691,1,1
1752,0.552657156923607,4.42460744760766,2,1,-0.751746970335502,1,1
1753,0.0317540348623879,0.940955518930004,1,1,-0.638718587168068,1,1
1754,0.505023558879746,2.89492488410835,1,0,-0.547371555555889,0,0
1755,0.381028460105881,0.56854137333799,1,1,0.0978314948463764,1,1
1756,1.09509108494967,1.13900131772008,1,0,0.630713374154847,0,0
1757,0.0658802120815355,0.619435550951882,2,0,0.162736708532334,0,0
1758,0.31453723408049,2.5011618936851,2,1,0.181880059956394,1,1
1759,0.00658527021999597,0.162984925912557,1,1,0.326246791803333,1,1
1760,0.390754393592943,0.447314022174,1,1,-0.407656138468427,1,1
1761,0.704092516458095,0.7956327797401,1,1,-1.9108283448772,1,1
1762,1.38403775915504,4.48609691591979,2,0,0.432475575292971,0,0
1763,0.496923845261335,0.889133065945673,1,0,1.36988071120072,0,0
1764,0.067542484534492,0.563333205597087,1,1,-0.0748272671655803,1,1
1765,0.0351974240038544,0.386559731943237,1,1,-0.662102451483137,1,1
1766,0.149539748634303,0.638931231682013,2,1,0.200241131143978,1,1
1767,0.513258248335477,1.24691803106164,1,1,1.46888952828996,1,1
1768,0.113606691360474,3.38939932602939,2,0,0.509315147806651,0,0
1769,0.742897651481264,1.24830411656157,0,1,1.13962766680974,1,1
1770,0.755228588214897,1.8005841954231,2,1,0.880376527742771,1,1
1771,0.914455079473555,2.36049213221205,1,0,-0.548954043900919,0,0
1772,3.18149870244746,3.69571176832134,2,0,0.666521826193588,0,0
1773,0.145107901189476,0.320376986934593,1,1,-0.780519886273248,1,1
1774,0.284086284761241,0.347395411843357,1,0,0.379948510966198,0,0
1775,0.153593680879567,1.90602171421454,2,1,0.368385648880568,1,1
1776,0.513815261630163,0.74682291803853,1,1,-0.778001278952628,1,1
1777,0.26648646366084,0.729179411546772,1,1,0.0956530067481202,1,1
1778,0.934338572479486,1.14182695200072,2,1,0.879085246893534,1,1
1779,0.473332900993347,2.93504984858962,2,1,-0.739165460494768,1,1
1780,0.379068156704307,1.21488049936791,0,0,0.0154959383408394,0,0
1781,0.0152760260971263,1.21380324652099,1,1,0.682843953810682,1,1
1782,0.0379471949418075,0.462972987223081,1,1,1.03269665860443,1,1
1783,0.14170008710763,0.782620772008047,1,1,0.558867703986424,1,1
1784,0.154745935287792,0.601187690168447,2,1,0.454081520502357,1,1
1785,2.12436318016591,3.53877145307859,1,0,-0.653418715815964,0,0
1786,0.581882443485603,0.899044852510441,1,1,-1.25889837090104,1,1
1787,1.51080683296922,2.16421623714268,0,0,0.102838765852587,0,0
1788,0.681874852627516,2.22128546496552,2,0,-0.246804333354745,0,0
1789,0.00670136330882087,0.76705608494762,1,1,2.1463749107458,1,1
1790,0.424724509008229,0.657091460697312,1,0,0.91555206944427,0,0
1791,1.42626255667891,1.67624403287783,1,0,0.552675081097742,0,0
1792,0.291746652219445,0.352530302138948,1,1,-0.621938066355259,1,1
1793,0.102434361469932,0.487488461198862,1,1,-0.0669957353301101,1,1
1794,0.0574377301381901,0.388745578506252,1,1,0.522209935432313,1,1
1795,0.158296822337434,0.250772974724505,1,1,-0.707211394058731,1,1
1796,0.421912499296013,2.6119920826658,1,1,0.895257361575721,1,1
1797,0.778069462950163,0.847064030046264,0,1,-1.33670643254708,1,1
1798,0.463512005388239,3.8669609077306,2,0,-0.178717677393814,0,0
1799,1.15725175705144,1.55087074156757,1,1,-2.1474952363029,1,1
1800,0.0150958522882284,0.0705246656382416,1,1,-0.403350842227732,1,1
1801,0.0738460716092959,0.0816142415663555,1,1,-1.40982576098008,1,1
1802,0.228365847840905,1.21741456211968,1,0,0.182268240917754,0,0
1803,0.0709532893790954,0.213654990303316,1,1,0.26343427466153,1,1
1804,1.10396967606609,1.53554128340073,2,1,1.49427254903394,1,1
1805,0.420941433403641,1.29341597435433,1,1,-0.285761905930259,1,1
1806,0.644078193232417,1.14546149502184,2,0,0.698177112439016,0,0
1807,0.697155939283654,3.1033891432922,1,0,-0.719163328062017,0,0
1808,1.8270030356365,1.85836532774071,0,0,-0.393770149954674,0,0
1809,0.75133337578439,3.85053762426302,1,1,0.751406556425779,1,1
1810,0.0385078972222181,0.107516863925959,1,1,0.550934185339906,1,1
1811,1.07938296389171,1.44641736769131,2,1,0.362191461537649,1,1
1812,0.462431053631008,0.87508575567425,0,0,0.37964956335507,0,0
1813,0.41473292024509,1.78626345742749,1,0,-0.688194220072809,0,0
1814,0.0340436897647639,0.200432574345217,2,1,0.0620166963596093,1,1
1815,0.911705914685817,2.90757505597787,1,0,-1.22062572108924,0,0
1816,1.38598361425102,1.47674168618899,1,0,-0.720512121631044,0,0
1817,0.0987624103436247,1.29539264261311,0,1,0.473021762587666,1,1
1818,1.11896859481931,1.56319941561155,1,0,0.494156848587356,0,0
1819,0.244267170201056,1.3322811933968,1,1,0.205507554499484,1,1
1820,0.147993743419647,1.06086778579955,2,0,0.659244429649167,0,0
1821,2.71331333770714,5.52526734019208,2,0,0.517773227030576,0,0
1822,1.89520584102758,2.2317461729723,2,0,1.94849691261821,0,0
1823,0.328375991957728,0.649319240097403,1,1,-0.540419949784591,1,1
1824,0.3359216125682,0.75190214197154,2,0,1.80573870142707,0,0
1825,0.460611055673231,6,0,0,-0.441373102387156,0,0
1826,0.509640247884028,0.889967702751294,2,1,-0.615807663899422,1,1
1827,2.54743011659923,3.60271701589227,0,0,0.356985635553362,0,0
1828,0.565649910829961,1.18390978249832,1,0,-1.4202814426479,0,0
1829,0.394213694727026,0.622054546503127,1,0,1.12555787733945,0,0
1830,0.0774353043529089,1.21525309669475,0,0,1.29567996776287,0,0
1831,0.17402079916792,0.805137443284171,2,1,0.479879504205027,1,1
1832,0.116958473518025,1.908461809594,1,1,1.03651484538315,1,1
1833,0.869258278980851,1.42328531957544,2,0,0.957888097489367,0,0
1834,0.218567356467247,0.562071867847447,1,0,-1.26869027941574,0,0
1835,0.00328275622490425,1.75174985927918,1,1,-0.546992917071294,1,1
1836,2.42680380456992,4.47747902062545,2,1,-0.186813400536435,1,1
1837,0.851779536211629,1.07769383843024,0,0,0.745194320736042,0,0
1838,0.137072393510169,0.635023136126794,1,1,-1.10318991653715,1,1
1839,0.772476089186966,4.02989474175924,2,0,-0.147458054233648,0,0
1840,0.127649148344062,0.765465276871957,1,1,-0.769536038019203,1,1
1841,0.207618687731425,0.21164448980558,1,0,-2.75042890032511,0,0
1842,0.522287361646824,0.785992679987348,1,1,-0.681124302208483,1,1
1843,2.66729694652536,4.02569046400453,2,0,-0.0111889767524331,0,0
1844,1.02892036893742,4.4266113669922,0,1,-0.364714454561773,1,1
1845,0.211456953221591,0.332292377105655,0,0,0.5957102056125,0,0
1846,0.135642405657563,2.3307540352452,0,1,-0.778497280315125,1,1
1847,2.79541781155353,4.29187832424708,2,0,-0.512960580773055,0,0
1848,0.403381295502186,1.16283272027595,1,0,-0.680371784613597,0,0
1849,0.0807130209398363,0.472042805287086,2,1,2.11081564080267,1,1
1850,0.645768202722089,0.826857738195674,1,1,0.434006085459985,1,1
1851,0.442764077968708,3.06213441943853,1,0,-0.677414436318151,0,0
1852,0.0630572773516178,0.57944651072224,0,0,-0.119652592621386,0,0
1853,0.449839384867012,0.620567266741379,1,1,-0.123627163056589,1,1
1854,0.285753422649577,1.44555748440767,1,1,0.968533324534907,1,1
1855,0.300380170228891,1.49200808265785,2,1,-0.299549788748793,1,1
1856,0.388082847895607,1.09390180809886,2,0,-0.447371088614328,0,0
1857,0.83580022883783,1.3250211957575,2,0,1.30919721843548,0,0
1858,2.04907576917651,2.23923931701583,1,0,0.497823790399012,0,0
1859,0.83379905577749,1.20269943979951,1,0,1.25588626562832,0,0
1860,3.92679155601149,6,0,0,-0.140834713151645,0,0
1861,0.435821456811461,0.757602784460975,2,0,0.415431145138703,0,0
1862,0.383668757043779,0.593547171804692,1,0,-0.133686113065897,0,0
1863,0.24052797438344,1.42233736430194,1,1,0.391186498687232,1,1
1864,0.693174420713268,1.08300318910033,2,1,0.957668570649398,1,1
1865,0.0833333156653495,2.84594243250271,2,1,-0.744538742620493,1,1
1866,0.29667780327145,0.387884202601656,2,1,1.42208111276493,1,1
1867,0.0755796328303404,1.12448225886824,1,1,0.0736489650695098,1,1
1868,0.0117513902637207,0.547498025734283,1,1,-1.29984167916362,1,1
1869,0.653740829590898,1.79199120485564,1,1,-0.371826966460788,1,1
1870,0.446520484655003,3.26081566929862,1,1,-0.200271184372464,1,1
1871,0.518193949945271,1.42444312945641,2,0,-0.139713138197796,0,0
1872,0.491529982510775,1.47527069691039,1,1,0.937298144665358,1,1
1873,0.813903191566289,0.926386319566785,1,1,0.834100693890639,1,1
1874,0.41735131846508,3.55531049027426,2,1,0.205602900510029,1,1
1875,0.844920222647488,0.98353296050953,1,0,-2.73746645632663,0,0
1876,0.241964492597617,0.344291170491491,1,1,-0.325927018156623,1,1
1877,0.569091370138396,0.905814511690423,2,0,1.40052757560914,0,0
1878,0.20987315391814,1.33333366663265,1,0,0.686917475952919,0,0
1879,1.50679412900569,1.75860551572796,2,0,1.76634031454247,0,0
1880,0.332525876583531,0.551801833226155,0,1,0.51257297098106,1,1
1881,0.0197307197959162,0.367260883063536,1,1,0.368197753450202,1,1
1882,0.778978479094803,1.05793645866917,2,0,0.989140836439974,0,0
1883,0.923873542807996,1.53357358642256,1,0,0.46068943730328,0,0
1884,0.517730296525355,2.15169552965973,1,1,0.824029327963747,1,1
1885,0.129316853999626,2.12645542008006,0,1,-0.774685714173308,1,1
1886,0.442853997202411,0.866697148123404,2,1,0.259210407340289,1,1
1887,0.391145756468177,0.724500031377161,1,0,-0.0340913179546842,0,0
1888,0.288735261710826,0.890644145803116,1,1,0.295605802506565,1,1
1889,0.654273798689246,1.57312070510865,1,0,-0.462804833007854,0,0
1890,0.566291563212872,1.65285924449563,0,0,-0.537559232705108,0,0
1891,0.319769588700611,1.58956286497414,0,0,-0.476503424786255,0,0
1892,0.235682909694764,0.462895816677773,2,1,2.36848457745441,1,1
1893,0.148083205276635,0.99143037083129,1,1,-0.382935644660122,1,1
1894,0.333382214419544,1.17475721122411,1,0,1.51865656875993,0,0
1895,0.166769916191697,1.63048124088757,1,0,-1.48100774481577,0,0
1896,0.357253162205488,0.490596010968403,1,1,-0.99463773820716,1,1
1897,0.541480635292828,0.634125368875897,1,0,-2.16348933786456,0,0
1898,0.117923326572211,0.24738073822201,2,1,0.842320178660362,1,1
1899,0.180973295646254,0.225230446085334,0,1,2.17906425960914,1,1
1900,0.740804802155812,1.15041479931207,2,0,0.385737099659634,0,0
1901,0.912779537318431,0.956004512968273,2,0,0.971987025743087,0,0
1902,0.0354545586742461,1.09536332348608,1,1,-0.289295642858571,1,1
1903,0.0667220164905302,0.773895411097625,2,1,-1.11212915856724,1,1
1904,0.159085850244208,0.262266279137064,2,1,-0.105474637836242,1,1
1905,1.24060041923076,2.51562938602893,1,0,0.153596455211803,0,0
1906,0.919754157467565,3.90239533052477,1,1,1.96798144142361,1,1
1907,0.624239973723888,1.50974045990138,1,0,-0.0973697279119405,0,0
1908,2.48890150888803,2.65208333601534,1,0,0.344831781673504,0,0
1909,1.71850152442391,2.11623461926126,1,0,0.38328953667275,0,0
1910,0.462629261426628,0.798946439678061,1,0,0.849972996722717,0,0
1911,0.0304157864302397,0.482436587677728,1,0,-0.990597041218171,0,0
1912,0.516663695974991,1.72761667887488,1,1,1.08655278825225,1,1
1913,0.0537637936925821,0.17111218264962,2,1,1.05612529187733,1,1
1914,0.0654239149298519,0.498082618774954,1,1,-0.789740439417297,1,1
1915,0.0177685410017148,0.914794189808232,1,1,-0.646629257017857,1,1
1916,1.6293079463443,2.35206828675832,2,1,-1.09238929998589,1,1
1917,1.04614053666592,3.04126526539524,0,0,-1.20047160919417,0,0
1918,0.290588439442217,0.839462316857717,2,0,-1.22388820813863,0,0
1919,0.0794492949715945,1.39507263549316,1,1,0.6697276463963,1,1
1920,0.582920413765706,1.02615212711195,0,1,0.0843463657474293,1,1
1921,0.111828605295159,0.308082850702466,1,1,-0.738926427297547,1,1
1922,0.156758888319107,1.02195082232356,0,1,-0.845307932545252,1,1
1923,0.139740076556336,0.251099993652353,2,1,0.570046201212727,1,1
1924,0.503260904923081,0.580077000431362,2,0,0.918139032671267,0,0
1925,0.620528945699334,0.793962707466681,2,0,-0.00905776584169931,0,0
1926,1.3137334363213,6,0,1,-0.302776219172823,1,1
1927,0.397449583106209,1.9694366938474,1,1,-0.0185472319256427,1,1
1928,0.337090709654149,0.486600468474857,1,1,-0.975400846206054,1,1
1929,0.0628849034546874,0.294092573838729,2,1,1.8960551067989,1,1
1930,1.35361764302761,1.38529000618781,1,1,1.26249736126944,1,1
1931,0.277426555403508,0.796659242993035,1,1,1.35287753394171,1,1
1932,0.00536132462639789,0.236351639032364,0,0,-0.868746137505474,0,0
1933,0.820343595072532,0.867770898547252,1,1,-0.689528853477131,1,1
1934,1.45272456086988,2.48013733721743,1,0,-0.34682638793633,0,0
1935,0.252046458952273,1.41328638357492,1,1,0.244789234668923,1,1
1936,0.0437508928007446,0.636212631050611,1,1,-0.181181243523056,1,1
1937,1.26159833837301,2.90657795121772,2,0,2.09640157752593,0,0
1938,0.256916292228342,0.364320037606804,2,0,0.76156502004528,0,0
1939,0.307495287619531,2.4206095928879,1,0,-0.201614673561341,0,0
1940,0.323286295868456,0.674823167425556,0,0,-0.790942951951328,0,0
1941,0.586332171224058,0.869179281839039,2,0,0.0157176726533102,0,0
1942,0.153949099388889,0.801779774299694,1,0,0.23080131069304,0,0
1943,0.454080362804234,1.31123067114267,1,0,0.125954759846149,0,0
1944,0.353375128179323,2.66295895601312,0,1,0.84337093710727,1,1
1945,0.0359615523484536,0.497883405873937,1,1,-0.827573532841286,1,1
1946,0.202253710885998,2.44078688232392,0,1,0.423053467485608,1,1
1947,0.103596353146713,0.130728166607594,1,1,0.654494629883158,1,1
1948,0.0236451950142688,5.11650188598971,2,1,-0.462549245749935,1,1
1949,1.51290775640848,2.35479695018298,2,0,0.465091436700389,0,0
1950,0.515114125915757,0.718536558291178,1,1,-1.27335356974992,1,1
1951,0.953315074968726,2.32246980770088,1,1,-0.316569425162889,1,1
1952,0.208294275507797,1.39277222201483,2,1,-0.655376966354904,1,1
1953,0.621125270522777,1.11687407686227,2,1,0.411471645391831,1,1
1954,0.397101477719843,1.17881786826616,1,1,1.75594205497328,1,1
1955,1.03310685017483,1.18804239379157,2,1,-0.0446739436713932,1,1
1956,0.0522226688917726,0.332483798342956,2,1,-1.0221511913929,1,1
1957,0.187365919419147,0.261195159648697,2,1,0.754925516679322,1,1
1958,1.15474095847458,1.93799697883501,2,0,-0.462569915714269,0,0
1959,0.352494216931518,0.550713633172003,1,1,-1.52257397062147,1,1
1960,0.00307375378906727,0.746122088004539,2,0,3.07554095029751,0,0
1961,0.0936190993525088,0.229752246540955,1,1,-0.332666814732547,1,1
1962,0.371556144091301,0.570022616522406,1,1,1.22535651701049,1,1
1963,0.211082880268805,0.335828543010997,1,1,-0.0821074390859154,1,1
1964,0.210973088396713,0.612979848755529,1,1,-1.63771281549414,1,1
1965,0.071025811766329,1.40629380071688,2,1,0.371721316520081,1,1
1966,0.186913742509205,1.88072862574025,1,1,-0.213349894551315,1,1
1967,0.0146698250520935,0.780293806802352,1,0,-0.975252213758753,0,0
1968,0.823573342032552,1.97601969906647,1,1,-2.20148497360876,1,1
1969,0.437890348715872,2.649540634256,1,1,-2.19436730249403,1,1
1970,0.126148182966359,1.10012124400972,1,1,-0.111849509378645,1,1
1971,0.0183678496978246,0.204173437186784,1,1,-0.218678543107745,1,1
1972,0.222158874385059,0.491245897685976,1,0,-2.60272508304488,0,0
1973,1.40385937752707,1.5282742407357,1,1,0.796816284604121,1,1
1974,0.377190909670886,1.12925757838807,1,0,0.816949184684263,0,0
1975,0.0268662342434226,0.293110057341852,2,0,-0.733781022022952,0,0
1976,0.129503709904384,1.08087631165022,2,1,0.0236759725825399,1,1
1977,0.688041543588042,2.91595536465825,2,0,-0.424331085775426,0,0
1978,1.67149657356913,1.74897947969536,0,0,-0.851380927712158,0,0
1979,0.613123163580894,1.29672445230753,2,0,0.390410292989856,0,0
1980,0.0720893632387742,1.03281642101679,2,1,0.865592677089848,1,1
1981,1.18483424652368,3.56007169903231,2,0,-0.855973939992085,0,0
1982,1.52870865476834,2.97360699441757,2,0,1.03987695072869,0,0
1983,0.126935743152853,0.58566325952921,1,1,-0.344531241361175,1,1
1984,0.597700869521879,1.09893543174332,1,1,-0.658349928739053,1,1
1985,0.0636523529634747,0.253304646183393,1,1,0.650146067306938,1,1
1986,0.79479803619609,1.67229894238214,0,1,-0.537948899613556,1,1
1987,0.196293874178082,1.15304614181177,1,1,-0.787621433651919,1,1
1988,1.64576451658251,2.41459642183974,2,0,-1.05939370277381,0,0
1989,0.829984719140276,1.80288291539511,1,1,0.129404504269721,1,1
1990,0.332455461024918,1.10824308083555,0,1,0.608941016636994,1,1
1991,0.762575058266521,0.934082471455137,0,0,-1.08795848593795,0,0
1992,0.712141663508311,2.72988344632462,1,1,1.07340809029949,1,1
1993,0.107626735407393,0.959336623808446,2,1,0.480261328790045,1,1
1994,0.489182784883685,0.806904140238961,0,1,-1.04786406657438,1,1
1995,0.114451334783686,1.5035286427144,2,1,-0.467168207361333,1,1
1996,0.312718079727393,1.11831879553696,0,1,0.858854342881982,1,1
1997,0.421763233840466,0.920544757988564,1,0,-0.100339092134465,0,0
1998,0.222765321843326,2.5071458698369,2,0,0.415084613671402,0,0
1999,0.0980785237625241,0.935117485626181,1,0,-0.954843700810215,0,0
2000,0.548353235909537,3.92555136368552,1,1,-0.990117514272672,1,1
2001,0.201848046330264,0.225327729229992,1,1,0.632163702892075,1,1
2002,0.0436707452172413,0.228659830314493,0,1,-1.60992235080656,1,1
2003,0.613538456629455,0.992574174422878,1,1,-2.14072084068243,1,1
2004,0.521890834180459,0.574305059024165,1,1,-0.352340498767163,1,1
2005,0.161016789788846,3.93698733900518,1,1,-0.366645110816958,1,1
2006,0.263190110214055,0.651496048369073,1,0,-1.01958368733908,0,0
2007,0.0433981587411836,1.59144295649155,1,1,-1.7730123503241,1,1
2008,0.994063732214272,1.39056440442801,0,0,0.83646231133545,0,0
2009,0.571754195817567,0.757424652012408,0,1,1.40860365419377,1,1
2010,0.847654585351058,1.65315661721139,1,1,0.219950190461661,1,1
2011,0.284674431022722,0.563833091839231,2,1,0.0812651116008339,1,1
2012,0.479879943777492,1.03945774237181,0,1,1.36937632261009,1,1
2013,0.135979622924179,0.444302110122623,1,1,-0.160323853486233,1,1
2014,0.335818722844124,0.468255033724918,1,0,-0.301364216850937,0,0
2015,0.171111507581084,0.39802162099911,2,1,0.938193681382898,1,1
2016,0.156275323533919,0.879856066781912,2,1,1.28311800845719,1,1
2017,0.21659381716745,1.21722894136148,1,1,-0.623366238244949,1,1
2018,0.0876280926167965,4.81106542383513,1,0,1.7023232964192,0,0
2019,0.674767166839572,0.945463369910916,0,0,-0.504845688388409,0,0
2020,0.285381556872523,1.12522452571392,2,1,1.86743280340181,1,1
2021,0.34334617870627,1.97678204139611,1,1,-0.656195560637534,1,1
2022,0.543690331280231,5.30413811377494,0,0,0.989190953430861,0,0
2023,0.390967065468431,1.57107671101888,0,0,1.69240638066715,0,0
2024,0.642828395590186,1.59116463207565,1,0,-1.2110339081742,0,0
2025,0.686783324927092,0.887948864450057,0,0,-0.754844887040777,0,0
2026,0.1685523884953,0.6149572879076,0,1,1.22543155050687,1,1
2027,0.0976096876525577,0.662022157419817,2,1,1.0030628261663,1,1
2028,0.0596655698609538,0.134986105947354,1,1,-0.0966649669436137,1,1
2029,0.26925878104521,0.763929348917619,2,1,-0.549429532693845,1,1
2030,0.642132545821369,4.10497857257724,0,0,-0.99703655857928,0,0
2031,1.11178042460233,1.56065811065576,2,0,-1.1090395759974,0,0
2032,0.0296438925513759,0.104441844909219,1,0,-1.50794119774484,0,0
2033,0.274832745082676,0.787706298524091,1,0,0.0292368983706366,0,0
2034,0.131167692597955,1.71410613921702,1,1,1.21755161422448,1,1
2035,0.618398316619763,1.55000935324259,2,0,-0.806500448573141,0,0
2036,0.548507002182305,2.94558449734866,1,0,-0.264854908380158,0,0
2037,0.234564513084479,0.618586061460331,1,1,0.801196782599106,1,1
2038,0.945389854721725,2.37039128103209,2,0,0.572768281444497,0,0
2039,0.101551818165372,0.293598847929066,2,1,0.0925278777745219,1,1
2040,0.542375606484711,4.68578921602972,0,0,-0.313024359421862,0,0
2041,0.265509625826747,0.355112929251938,0,1,0.339167371518336,1,1
2042,1.86207703865113,2.58132986047728,2,0,1.1164174285431,0,0
2043,0.279916351427831,0.708932212810188,2,1,0.328530671028206,1,1
2044,0.922282341490856,1.25591255307217,2,1,0.361270542229232,1,1
2045,1.00041821943001,1.32575448966482,1,1,-0.0209778805785582,1,1
2046,0.092752864875365,0.169992030724101,1,1,-0.816346768428499,1,1
2047,0.0156716609751186,0.594407608732581,0,0,-0.902941168343231,0,0
2048,1.49718874242662,1.59068998732291,1,1,1.57498961050406,1,1
2049,0.0575000897515565,1.62795098516712,1,1,0.442473731355076,1,1
2050,0.651159046075128,1.96161930062061,1,1,-0.0775382975686054,1,1
2051,0.0181612886955032,0.109301495344059,1,0,-1.21551127728683,0,0
2052,0.137937766919033,0.229562994293605,1,0,0.0544775256193067,0,0
2053,0.450842343244523,0.674898066608165,1,1,-2.52269461624343,1,1
2054,0.0151099917107598,0.865420556316773,0,1,1.41167889793294,1,1
2055,0.311261262686457,0.932817935660825,2,1,-0.260761907482509,1,1
2056,0.290599955459123,1.97402965277433,0,1,-1.46206800631572,1,1
2057,0.552169389118632,1.15465666632176,2,1,-1.61927518505503,1,1
2058,1.25483613274992,1.30584581584354,2,0,-0.0344021463265284,0,0
2059,0.619705563423924,1.12323406890446,1,0,-0.358779588693833,0,0
2060,0.0558672184706666,1.23317176712362,1,1,-0.462703848096372,1,1
2061,0.0011731688070804,0.151496142197093,1,1,-0.0774876003414985,1,1
2062,0.187400760769378,0.414470106965129,2,1,-0.566134994222272,1,1
2063,0.0943740700312131,0.231189972666336,1,1,-0.287714744075965,1,1
2064,0.00561472363469062,0.171688824918974,1,1,-0.412358857890602,1,1
2065,0.92363300866821,2.96089211557173,2,1,-0.935641550642205,1,1
2066,0.342625073099043,0.418858775401103,1,1,-0.0158624741503008,1,1
2067,0.172332471120171,0.555751154656774,1,1,-1.97290286151555,1,1
2068,0.547550448073827,4.01147371778886,0,1,0.0905815857694183,1,1
2069,0.176955341403407,0.658980422280912,1,1,-1.01477151141598,1,1
2070,0.93482375372538,6,0,1,-1.99333928380127,1,1
2071,0.0425854223431088,0.132600253787302,2,1,0.762001364688053,1,1
2072,0.514087029346503,0.720655780234586,1,0,0.0103263502950211,0,0
2073,0.145730686374009,1.14051269387528,2,0,2.24576052823109,0,0
2074,0.215843401965685,0.482919726567483,1,1,0.402920770101772,1,1
2075,0.0357134055229835,1.12192977302261,1,1,-0.383974358622967,1,1
2076,1.02396625839174,1.24564488064589,1,0,0.371772670435262,0,0
2077,1.06932092085481,1.21502475764438,2,0,1.92482759406498,0,0
2078,0.212359544297807,0.667877017763102,1,1,-1.34666865910486,1,1
2079,0.0289530283771455,1.05941955710641,1,1,-0.614932135214895,1,1
2080,0.00631510803941637,1.15307586745138,1,1,1.36528595062864,1,1
2081,0.28059756951978,0.898686264128203,1,0,1.13098875309501,0,0
2082,0.382816436700523,1.85614176243724,2,0,1.31379829443308,0,0
2083,1.35330646205693,1.35828597986584,2,0,-0.215536540965789,0,0
2084,0.0829167092506791,2.11357742011775,2,1,-0.98129685097025,1,1
2085,0.37361479277024,0.769982375226087,2,1,-0.545611398076562,1,1
2086,0.0569762175369727,0.110026102745679,1,1,0.180115897569018,1,1
2087,0.546654895879328,2.98069073464428,2,0,-0.562879023919727,0,0
2088,0.0207224691985175,0.697046502817615,2,1,0.720479550908367,1,1
2089,0.790378987995729,1.0722066373558,1,1,-1.08187170870736,1,1
2090,0.892082380411541,5.91839444280162,2,1,-0.0775625646428057,1,1
2091,0.0373525563627481,0.164268845088046,1,0,-2.31520447089357,0,0
2092,0.548677724786103,3.94776086980191,2,0,0.288292404923495,0,0
2093,0.654116977794849,0.904672935882739,1,1,-0.570246694843608,1,1
2094,0.0499208865420789,0.430583966063937,0,0,-0.225834938004226,0,0
2095,0.355080449371599,5.36704876131333,1,1,0.120533600210804,1,1
2096,0.92405018507772,1.21747598610843,2,1,1.00563179768539,1,1
2097,0.259916509967297,0.297312740002757,1,1,-0.429204198537775,1,1
2098,0.394439053779934,2.11602886719825,1,1,-0.329460983772068,1,1
2099,0.0144776878878474,1.0478762048386,1,0,-1.03013723888817,0,0
2100,1.8118160869086,5.81019147896883,2,0,1.25535717703189,0,0
2101,0.052190700545907,0.429208919530104,2,0,-0.253633869405423,0,0
2102,0.0882754893660453,0.676691349248595,2,1,0.878943532200908,1,1
2103,0.0459542032014382,0.537874593051461,2,1,1.11569469728606,1,1
2104,0.64562181067792,0.836228110950884,1,1,2.63287524084598,1,1
2105,0.860091952607036,1.28071125406445,1,0,-1.40784259700694,0,0
2106,1.01732427249068,3.59948252990609,2,1,1.01408419020502,1,1
2107,0.301609189249575,1.37618072536233,1,0,-0.82346598279595,0,0
2108,0.162296761700418,0.544731215607555,1,1,-0.854702152537686,1,1
2109,1.69968845486919,2.03038280787413,1,0,1.64273399576575,0,0
2110,0.672819067724049,3.90331433154643,0,0,-1.29295674514333,0,0
2111,0.26633437606506,2.11744162912591,1,1,0.179358947124354,1,1
2112,0.256469893673159,1.35908373156192,1,1,1.08391110106423,1,1
2113,0.123806307965424,2.63137114169831,1,1,-0.324138433787296,1,1
2114,0.765921190689446,3.47082610784855,1,0,-1.54788939532214,0,0
2115,0.0807521646874345,1.92339244206217,2,1,0.573002637124161,1,1
2116,0.539148496437639,0.603832708989889,0,1,-0.048060360139092,1,1
2117,0.249574260960799,0.820536294400976,1,1,-0.979506835673813,1,1
2118,0.0878178762052453,0.238335307593226,2,1,2.22806968621521,1,1
2119,0.115824316744693,0.729056496301199,1,1,-1.53681008627908,1,1
2120,0.437008081733155,0.599973897354316,2,1,-0.105835708568721,1,1
2121,0.0672916415561499,1.42194165037386,2,0,0.776911953902317,0,0
2122,0.263820735737681,0.835769227012561,1,0,-1.19576395157615,0,0
2123,0.526297863080919,2.42520412640617,2,1,0.486865567675835,1,1
2124,0.467836169965387,1.49205312774981,1,1,-0.569582120574494,1,1
2125,0.0811644345619928,1.46084515037272,2,0,1.44194491589629,0,0
2126,0.956921945273519,2.40639506821501,1,1,0.913848459838371,1,1
2127,0.251419720404335,0.924250401540163,2,0,0.895799717501206,0,0
2128,1.26317653059959,2.41725912312651,2,0,-0.172272067963932,0,0
2129,0.0627540037385188,2.51013696193695,0,1,-0.33176231285417,1,1
2130,0.137739730998874,1.24619822214115,1,1,-1.91325917479419,1,1
2131,0.566196645933025,0.786358394041135,1,1,-0.668056062808437,1,1
2132,0.0308069434507518,0.135658146548718,1,1,-1.01637584019992,1,1
2133,0.382064288423862,0.427536721542615,2,1,1.04900664241908,1,1
2134,0.0613646657438949,0.325439312967499,0,1,-1.08728033813661,1,1
2135,1.71397054559531,3.19990108100077,0,0,-0.0894847617682247,0,0
2136,0.700115896761417,2.74670762907429,1,0,0.0835230582849303,0,0
2137,0.216128794336611,1.26330748640837,2,0,-0.679516318272281,0,0
2138,0.334884494368453,0.556373351459146,2,1,0.0248374582733921,1,1
2139,0.14851942993008,0.466608596117491,1,1,0.651918674383184,1,1
2140,0.331621586519759,0.783713826542848,1,1,0.199482094351928,1,1
2141,2.23030686928871,2.98574709474843,0,0,-0.187726499161332,0,0
2142,0.688820823091617,4.54560133007666,0,0,-2.78532235890271,0,0
2143,0.328362828877289,1.0309243742052,1,1,0.11989865540258,1,1
2144,0.147205301792351,2.52332291507923,1,0,2.01430576182942,0,0
2145,1.01216522488041,2.09175501135313,1,1,0.0899269198974247,1,1
2146,0.226856276834985,0.653200988497379,1,1,0.0167458289606907,1,1
2147,0.410356630571187,0.923454726213803,1,0,-0.747310186372627,0,0
2148,0.126250322791748,0.415567644925733,2,1,0.865366858168944,1,1
2149,0.321941492147744,0.568725126439822,2,1,0.569945761271676,1,1
2150,0.140281056228559,0.155672106678429,1,1,-1.77693771786877,1,1
2151,1.92448576903882,2.57882050060334,1,0,-0.427801598334395,0,0
2152,0.389085626836817,1.74985015764832,0,1,0.125567369439584,1,1
2153,0.168288293381133,0.236063949373706,2,1,0.904048810825287,1,1
2154,0.094863255508244,1.29004400711481,0,0,-0.497552635224702,0,0
2155,1.89140320745039,3.26428117540975,0,1,1.87676673826924,1,1
2156,0.501978899093166,0.91085689819419,2,1,0.605285734408287,1,1
2157,0.114254522454462,0.611866393693818,2,1,-0.331971504336124,1,1
2158,0.541162469424307,0.76345296284294,1,0,-0.570260043288914,0,0
2159,0.115086568985134,0.920219052503033,1,1,0.681317810495621,1,1
2160,0.144997171072243,0.239902584245549,2,1,0.759099705246228,1,1
2161,0.733101740453214,0.924868143845884,0,1,-0.994069235718885,1,1
2162,0.0313121703220531,0.863337169275452,2,1,-0.642258206547446,1,1
2163,1.2652044777699,2.78113019126724,2,1,-0.398372377846023,1,1
2164,0.744060604937565,1.2589457650898,2,0,-0.61403442938393,0,0
2165,0.326763762859628,1.79739954526882,1,1,0.83315563800008,1,1
2166,1.16831949725747,1.27416951575242,1,0,-0.741340623537491,0,0
2167,0.147094830558754,0.545641820043744,1,0,1.33580888657939,0,0
2168,0.742101758342989,0.74984773223457,1,1,1.25138829571825,1,1
2169,0.151449357508682,1.15377165504075,0,1,-0.0230071747346969,1,1
2170,0.247390855511185,0.255252776951619,1,1,-0.202921812329521,1,1
2171,0.273931312840432,0.963363085063439,1,1,0.234456474016413,1,1
2172,0.233651047747117,0.372812057814598,1,1,-0.579699539981188,1,1
2173,0.0314406421692731,0.220174933274066,1,0,-0.741169664162365,0,0
2174,0.18065671552904,1.65277399872999,1,1,0.32961387826732,1,1
2175,1.11543905362487,1.96016078761484,1,0,0.645447101542243,0,0
2176,0.23928197711939,1.35752152211448,1,1,-0.222123483853068,1,1
2177,0.514438956044614,0.536047425121069,0,0,-0.293986777957494,0,0
2178,0.351252150139771,0.635270164620023,2,1,0.436581568687685,1,1
2179,0.180856666120235,0.66709951164749,2,1,0.896261374205619,1,1
2180,0.535470586593084,1.17382998028382,2,1,0.188115857319453,1,1
2181,0.249645534786396,0.566677806852124,1,1,0.539684169903539,1,1
2182,1.57853132105413,6,0,0,-0.345267780612395,0,0
2183,0.160077355613427,0.549662374028049,1,1,0.957680959187918,1,1
2184,0.831831971520639,1.21793622585413,1,0,-0.264357361099149,0,0
2185,0.266357449123727,0.81477467038672,2,1,1.05512900007628,1,1
2186,0.483889144759097,0.553734031556703,1,1,0.252260367500196,1,1
2187,0.375649883411825,0.949519658883802,0,0,0.620441021938374,0,0
2188,0.196100912924411,1.2147642815669,1,1,-0.300970797566854,1,1
2189,0.00855404914247158,0.915135407588837,1,1,-1.64205366391865,1,1
2190,0.187506416742299,0.696600388750671,0,1,-0.488317989804163,1,1
2191,0.825934958385125,1.71081163687319,2,1,0.658280949625642,1,1
2192,0.0592345951935016,0.40567959578232,1,1,1.75512890602623,1,1
2193,0.135139929643855,0.646668203126725,1,1,0.5057723005342,1,1
2194,2.03943093857708,2.33440956826025,2,0,-0.882102513290835,0,0
2195,0.0604825524476429,1.17598738649885,1,1,0.297962291345038,1,1
2196,0.415061971437802,0.561322585679855,1,1,-1.00239562382016,1,1
2197,0.611053600384194,1.83293236114289,1,1,-0.340373396376476,1,1
2198,0.103645811323076,0.190878726148798,1,1,-1.15900083722774,1,1
2199,0.726854713633657,1.3133371067557,1,0,0.277859805463854,0,0
2200,0.433934224733903,1.64175145805396,1,1,0.970437215321999,1,1
2201,0.230447303503752,2.6050759276084,2,0,-1.27743627267634,0,0
2202,0.290261428162921,0.672712800937383,1,1,2.46053101172232,1,1
2203,0.00478076486615464,2.85872977183645,2,1,-0.00176921650495439,1,1
2204,2.28323216996568,2.33132188208356,1,0,-0.81209585189088,0,0
2205,0.115136203239672,0.711310298618468,0,1,1.08123203915221,1,1
2206,0.00672786234645173,0.0111369229853153,0,1,1.08430605479595,1,1
2207,0.18616287066834,0.652363502339574,1,1,-0.851814340974184,1,1
2208,0.355106827628333,2.51575026968833,1,1,-0.107024735392621,1,1
2209,0.602277129888535,1.30935582642754,0,0,1.66920557875511,0,0
2210,0.662676400255933,2.6050704231525,1,1,-0.520109468517039,1,1
2211,0.98781934048416,3.05927832300464,0,1,-0.075672069571132,1,1
2212,0.419533039093949,0.518169374777503,1,1,-1.38264710213703,1,1
2213,1.33848559018224,2.96208873391151,0,0,1.05841348318564,0,0
2214,0.423999508202542,0.938625513085587,1,1,-2.28905671714106,1,1
2215,0.421421309292782,0.806506048801928,2,1,0.668317736603332,1,1
2216,0.657093393616378,1.0562086703314,2,0,0.873141261133928,0,0
2217,0.518665906370812,2.17333048892518,0,0,-0.530794324530005,0,0
2218,2.9406716408415,3.71309268909196,0,0,0.740623079211354,0,0
2219,0.694814663121298,0.908529283754531,1,1,-0.612405142352187,1,1
2220,0.171641059154223,0.173899574826161,0,0,0.328563582663018,0,0
2221,0.690914037647208,1.48317085054682,1,1,-2.01677914567177,1,1
2222,0.2046752089574,0.416400873558537,1,0,-2.07849224779964,0,0
2223,0.0948726199567318,1.0153875071271,2,0,0.755535904278639,0,0
2224,0.383714273339137,0.651822259053169,1,1,-1.3868914433329,1,1
2225,0.300693138560746,0.738665773229229,2,1,1.00890023034403,1,1
2226,0.505111096400589,0.88693858417388,0,1,0.445910217566243,1,1
2227,0.195734534412622,0.461000066210417,2,0,0.688002168419527,0,0
2228,1.35255463793874,2.63534059626384,2,0,0.457495674660599,0,0
2229,1.03784625511616,1.11741355878976,1,0,0.831554451219128,0,0
2230,0.321387643343769,0.929411590636502,1,1,1.72395062319095,1,1
2231,1.31736307513474,1.54213313895957,1,1,-0.287244586338483,1,1
2232,0.259695288725197,0.80886309232401,2,0,0.516231318828524,0,0
2233,0.332147306240466,1.38655577884401,1,0,-1.30075422673119,0,0
2234,1.49706494588016,1.59170043239248,2,0,0.0486854613784494,0,0
2235,0.296075957640979,3.11711278433601,0,0,0.265753334735558,0,0
2236,0.0383317659725435,0.651368098623367,0,1,1.01636853311213,1,1
2237,0.488598536440924,1.20614756644289,1,1,-1.96594519294284,1,1
2238,0.189431463659275,2.84546240747332,1,1,-1.27248197557397,1,1
2239,0.0463753179313423,2.0560564337383,2,1,0.0860729630178988,1,1
2240,0.310414122417569,0.748781441978469,2,0,0.700705324869422,0,0
2241,0.227601446693819,1.72443710725196,1,1,-1.33339303182849,1,1
2242,0.291660021990538,0.45327098799518,2,0,0.14485099666472,0,0
2243,0.155988586193416,0.69114557101057,0,1,-0.969187046050853,1,1
2244,0.355753411538899,3.64364660034021,0,0,0.681523670676856,0,0
2245,0.105912632425316,0.703203129149187,1,1,0.913887497494472,1,1
2246,0.0177186042149991,1.5095022129391,1,1,-0.492829080865264,1,1
2247,0.530832515352333,0.596338945130507,0,1,0.782096101098409,1,1
2248,0.541083769872785,0.561322337211111,2,0,-0.202519738840594,0,0
2249,0.194036319444422,1.59890845709796,1,1,0.236893387496104,1,1
2250,0.616183072412463,0.922262361768573,2,1,0.845238181015864,1,1
2251,0.0642329687252641,0.0682745718386684,1,1,-2.01420584286384,1,1
2252,1.23972759395838,3.21382255697482,2,0,1.67809379838645,0,0
2253,0.491497698795803,0.840659477032979,1,1,-0.538710110844362,1,1
2254,0.10428101348225,0.596906263131321,2,1,1.20318420934365,1,1
2255,0.245664402318653,0.72023654046158,0,1,-0.168899998149597,1,1
2256,0.45185913429961,0.499190450725458,1,1,-0.304148169708203,1,1
2257,0.143735502370815,0.336629710085433,1,1,-0.712730445330213,1,1
2258,0.00114367855907417,3.47518778884486,1,1,2.51834139396913,1,1
2259,1.10152774024755,1.66390877588548,2,0,-0.639745112732638,0,0
2260,0.463622285984457,0.517999195698077,2,0,-0.787582674396527,0,0
2261,0.0589366056374274,1.74169359725077,1,1,2.72008752601335,1,1
2262,1.23884313646704,1.53002269930128,1,0,-0.0508206302006103,0,0
2263,0.75911850898695,0.943480770400515,1,1,0.843538879117244,1,1
2264,0.643597398276262,0.766348512663527,1,1,0.683172644958625,1,1
2265,0.142198508838192,0.284449669923937,1,1,-0.0169140625844944,1,1
2266,0.852849464863539,1.28699317393686,2,0,0.495170110625736,0,0
2267,0.395097568980418,2.1328575555021,2,1,-0.477544443975087,1,1
2268,0.558727259945877,0.759126004236002,1,1,0.183167916369105,1,1
2269,0.526820066035594,4.47332206078715,2,0,-0.425266217484378,0,0
2270,0.237026767572388,1.98683644185149,2,1,1.40777215633738,1,1
2271,0.0595797985442914,1.1371395757556,1,1,0.929115882795124,1,1
2272,0.287002315162681,0.657734352617227,1,1,0.775322734694348,1,1
2273,0.603831615062435,0.679350549714206,1,1,-0.683011889903088,1,1
2274,0.0602554716877559,1.22813647020337,1,1,-0.275159184752257,1,1
2275,0.550485397512075,2.84694782142996,2,1,-0.785815458915434,1,1
2276,1.24952542223036,2.30243130205051,2,0,-0.630719199857148,0,0
2277,0.192069778791496,0.831907984490196,0,1,0.554797807345629,1,1
2278,0.314248978393152,1.75889847620171,1,1,-1.92369123267293,1,1
2279,0.267219161905814,0.424182578094238,1,1,0.135440885555468,1,1
2280,0.34039294363178,1.60062386654317,0,0,0.853103448790398,0,0
2281,0.205685599357821,0.675501500794577,1,1,0.0433222334471206,1,1
2282,0.297631619498134,1.66996871989011,2,0,1.73003995117654,0,0
2283,0.113663869560696,1.05715312523981,2,1,0.195638029342802,1,1
2284,0.0948044296517728,0.270560038576025,1,1,-0.955646394214517,1,1
2285,0.409642084501684,0.92198360105226,0,0,-0.89410817662788,0,0
2286,1.1178876478225,1.51393008800851,2,0,-0.0271581264939561,0,0
2287,0.319808512285817,0.367250609944581,1,1,3.36581363767149,1,1
2288,0.118880965164863,0.87874652541515,1,1,0.605744699719927,1,1
2289,0.0958885159343481,4.73041299081652,0,0,-0.506898697524318,0,0
2290,0.227517126477323,1.65844814968252,2,1,-0.152215181921503,1,1
2291,0.732732394800343,0.846042525144095,1,1,0.792913328650848,1,1
2292,0.0108797897701152,0.205852671836813,0,1,1.60280337277757,1,1
2293,0.67031211219728,1.64315964622755,1,0,-0.822547699196766,0,0
2294,1.28318704292178,1.87254032283747,1,0,1.59184870219388,0,0
2295,0.125141481985338,2.26745974648777,1,1,1.19039220218875,1,1
2296,0.279405840556137,0.751370104990348,1,1,0.746888593864741,1,1
2297,0.205496637468709,0.690459564702146,1,1,-0.339940007913044,1,1
2298,0.760825429111719,1.57323415290505,2,0,0.88203560628918,0,0
2299,0.0927910208702087,0.337572535891693,1,0,-0.623154376764301,0,0
2300,1.04050443507731,1.11939216092678,2,0,0.109809019129408,0,0
2301,0.143233075214084,0.481106952305003,1,1,-0.720271106302288,1,1
2302,0.525547442349427,0.991169675541094,1,1,-0.891911891613626,1,1
2303,0.281881872215308,0.563930283313133,2,1,1.73879991144881,1,1
2304,0.169523233571014,0.353467743886624,1,0,0.383715273011914,0,0
2305,0.107890782731376,2.3108393772028,2,0,0.0443670604132712,0,0
2306,0.128021039417945,1.06146907896687,2,1,-0.0970097271932869,1,1
2307,0.0613343308214098,0.135556652305948,1,1,-1.85153849456384,1,1
2308,0.585646967895662,0.693941397041291,1,1,-2.20516017023585,1,1
2309,0.0198613594419478,5.64380990475577,2,0,-0.586726929603621,0,0
2310,0.390950105153024,1.02885350138709,2,0,0.602758527461286,0,0
2311,0.810286332853138,1.47021002757053,0,0,-1.43335388452618,0,0
2312,0.227021685568616,2.12981960990961,1,1,-1.24823237945739,1,1
2313,1.50220775037053,2.17662480906732,2,0,-0.772898066138919,0,0
2314,0.212465549317718,0.24754433981623,2,1,1.07950507225465,1,1
2315,0.666891002302811,5.23330417123246,0,1,0.771745822475146,1,1
2316,0.985233716666698,1.76350034305319,2,0,0.84403455052993,0,0
2317,0.607795094230034,1.54252559995791,1,1,-0.139451313949132,1,1
2318,0.171837157569826,1.02884097072674,1,0,-2.07201882991263,0,0
2319,0.0434014957225548,0.147266292310623,1,0,0.459432413084025,0,0
2320,0.333607397438458,0.34566944342664,2,0,0.745779486705865,0,0
2321,0.240400297567248,3.76107421653499,1,0,-1.0145850491258,0,0
2322,1.12550704274327,1.12730438735231,1,0,-1.23159620392428,0,0
2323,1.12352384347469,1.14476020536115,1,0,-1.50481271827126,0,0
2324,0.781125925481319,2.82211036171945,2,0,-1.56847638028168,0,0
2325,0.330881583706684,0.654729641973972,0,0,0.550341426840389,0,0
2326,0.120137024205178,0.12043796479702,0,1,-0.848266859887138,1,1
2327,0.106957191097343,0.951149898424035,1,0,-0.790997819099294,0,0
2328,0.14303414063761,0.333893075585365,0,1,-0.819960569170161,1,1
2329,0.510216142982244,1.4014330940942,0,0,0.463647832383979,0,0
2330,1.12968515721777,3.11842083331904,2,0,1.5493564706472,0,0
2331,0.110159067437053,0.110189311142221,2,0,-0.919634755936478,0,0
2332,0.515739375961154,1.76972113442912,1,1,-1.38846626418204,1,1
2333,0.594843245900057,0.707543453939221,1,1,-0.99944889794051,1,1
2334,0.136072030290961,0.204802830434886,1,1,-0.960526475869285,1,1
2335,0.16111617180286,0.291788706994815,1,1,0.154534492404602,1,1
2336,0.719187995418906,0.754256437996547,2,0,0.553884596551227,0,0
2337,1.93890391372818,2.34862362413135,1,1,-0.165092707674806,1,1
2338,0.138726919076605,0.598058875757817,2,1,0.0355753515497401,1,1
2339,0.0681176530197263,0.302140288614391,1,0,0.856763596882557,0,0
2340,1.34851751103997,1.94207116224365,1,0,0.549001308049476,0,0
2341,1.62180816746297,2.58542323232262,2,0,0.904230279466323,0,0
2342,0.191949130094144,0.935097650685027,1,1,-0.383719980725284,1,1
2343,1.46139481841567,3.24818847493006,2,0,1.34892848289505,0,0
2344,0.390433909033105,1.16815742201647,1,0,-1.29690729055558,0,0
2345,0.900707508437335,1.53531146546205,0,0,-0.0692943976403048,0,0
2346,0.415530756290536,2.02145492255073,1,1,0.998750402244005,1,1
2347,0.396660348400474,1.16772736016246,0,0,1.15039299067052,0,0
2348,0.350993518650011,0.882120431000653,2,0,1.59755813284899,0,0
2349,0.0337994378060102,0.960613788812506,1,1,-0.143719004482306,1,1
2350,0.436352310688155,1.32042263841958,1,1,1.06143503036841,1,1
2351,0.492154915203346,1.12597369278471,0,1,-0.331488983519774,1,1
2352,0.131156415736768,0.310675926661328,1,1,-1.92096198930717,1,1
2353,0.102454132284038,0.656218905908583,2,1,1.30625828765554,1,1
2354,0.507281203077687,2.75733148709321,2,0,-1.81707525128447,0,0
2355,0.173369816620834,0.497300962364852,1,1,-0.532332670642076,1,1
2356,0.79688263996207,1.37019081443308,1,1,0.506400490061814,1,1
2357,0.0860194422421046,0.225343705969368,1,1,-1.17439822989866,1,1
2358,0.149313329052292,0.328051327472748,2,1,0.628077193974583,1,1
2359,0.844161692631252,1.37251138109118,0,1,-0.768000499306652,1,1
2360,0.599622526206076,0.83159170779662,1,0,0.22958486049864,0,0
2361,0.222964596003294,0.30111016318913,1,0,-1.00029112703445,0,0
2362,0.0373707134276628,0.509966574084947,1,0,-2.28553827526427,0,0
2363,0.196347517485271,0.249493739659416,1,0,-0.633671250535242,0,0
2364,0.303237756306771,1.1417099342299,1,1,-0.579597516096532,1,1
2365,0.113121062517166,0.637899266191203,1,0,1.28009513576468,0,0
2366,0.227319672121666,0.243616603187068,2,1,1.66606696594921,1,1
2367,0.00588687330460892,0.624752709021171,0,0,-0.989057566188305,0,0
2368,0.0862728402717039,1.74547983745017,1,1,1.21927335208144,1,1
2369,0.485800460354272,2.22122346781164,2,0,-0.945911822069024,0,0
2370,0.815678721966043,1.66514322783158,1,1,-0.118298538672721,1,1
2371,0.49049687743821,2.38070688210428,0,1,-0.275284592320148,1,1
2372,0.638784297739288,1.13714984282655,2,0,1.48845378782115,0,0
2373,0.268720817792358,0.713141527370792,1,1,-0.281783418019824,1,1
2374,0.283242702564784,0.65836128950767,2,0,0.0283160276341471,0,0
2375,0.0844964641146362,0.802728899805047,2,1,-0.545739148305208,1,1
2376,0.185252969095018,1.66858750592816,1,1,1.63926109748974,1,1
2377,0.248719517840073,0.341464081850695,2,1,0.966365370959795,1,1
2378,0.363825747917872,0.713142617975578,2,1,-0.295715226880734,1,1
2379,0.0916833485825919,1.19857160980483,1,1,0.0478845345964092,1,1
2380,0.0133470821953179,0.0891923696668591,1,1,-1.07982696097781,1,1
2381,0.360433805513986,0.750054514847161,1,0,3.09424408981195,0,0
2382,0.472971337847412,1.56444100653971,1,0,-2.14856573556292,0,0
2383,0.346219112398103,0.64060639484248,0,1,-0.107844145108783,1,1
2384,0.180711135326419,0.266494588834314,2,1,-0.36891539476376,1,1
2385,0.0322506928936434,0.471895806698126,1,0,-0.148009369288151,0,0
2386,0.255367616307537,0.39815203964014,2,0,-0.021795811606607,0,0
2387,1.67950328244808,1.83104208400019,2,0,0.314792152863925,0,0
2388,0.552557709626853,3.52205162359473,2,0,0.291635603755406,0,0
2389,0.349140378239099,0.357456666727861,0,1,-0.681681623015512,1,1
2390,0.243985360633382,1.32374216513059,2,1,0.330242919184618,1,1
2391,0.191453782815578,0.316887412068691,2,1,1.45657276491643,1,1
2392,0.151855575968511,1.12844921357551,1,1,0.123327475715635,1,1
2393,1.61822911902311,1.71025535402199,0,0,0.0215311850662848,0,0
2394,0.0687400801107287,6,0,0,0.0617881446737943,0,0
2395,0.11624222737737,0.841798610324886,1,1,1.10460116399369,1,1
2396,0.00985640262515045,0.89191193861011,2,1,-0.372008002346079,1,1
2397,0.403815222380217,0.911035378802988,2,1,0.264754541332883,1,1
2398,1.1130264668666,1.27098006035923,1,1,0.649633456766029,1,1
2399,0.567224035651738,1.70836006658896,0,1,0.48570095176816,1,1
2400,0.630857482660001,1.65722825771073,0,1,0.146449221970632,1,1
2401,0.0505997284283207,0.495211742789649,1,1,-0.340263563593088,1,1
2402,0.00229283003136516,0.0034854812966675,1,1,-0.0243723144684229,1,1
2403,0.0022543871076223,0.549816681692998,0,0,1.18737447618655,0,0
2404,0.0871365362871122,0.475442834214235,2,1,2.12070658125266,1,1
2405,0.44919505130668,1.17349859530051,1,1,-1.40372622652149,1,1
2406,0.264199966040906,1.66490307969703,2,1,-0.0416996854414051,1,1
2407,0.329653212800622,1.03554785063776,1,0,-1.06894442620452,0,0
2408,0.23572329810122,2.70431265070011,2,1,-0.559018109830821,1,1
2409,0.762524228543043,1.01110092183976,2,0,-0.363530620915323,0,0
2410,0.403574964439031,0.635230482245485,0,1,-0.950925572469126,1,1
2411,0.810670963488519,1.21413905094629,0,0,-0.289490441492611,0,0
2412,0.011465073796187,0.506513587445473,1,0,-0.702712420356836,0,0
2413,0.142842656350695,0.176856901174688,1,1,-0.639047757268918,1,1
2414,0.76017794944346,1.19139804770355,1,0,0.32340248969069,0,0
2415,1.32611886691302,2.37371665720051,2,0,0.112796966700862,0,0
2416,1.11821736674756,4.53386333784274,2,0,1.55785235430024,0,0
2417,0.393128879659184,2.04179031536497,1,0,-0.234716544116913,0,0
2418,1.44091323940995,3.73651926405728,0,0,-0.0101765154354032,0,0
2419,0.180142877507024,1.54389757873537,1,1,1.36304790661227,1,1
2420,1.39685707903447,1.46469325758517,0,0,1.17239921226041,0,0
2421,0.027477293042466,0.751035401705054,1,1,-1.67831566280821,1,1
2422,0.630881479941308,1.36139661108023,1,0,-0.909306421392622,0,0
2423,0.355859771079849,2.63717419037506,2,1,0.647683527834285,1,1
2424,0.0905265358661437,0.170713380533193,1,1,-0.494217231118953,1,1
2425,0.0536231128938305,0.0540579654597453,1,1,0.0550995278271064,1,1
2426,0.0474349612362422,0.556714226500666,2,1,0.55506401785605,1,1
2427,0.104164866159456,0.880404271605563,1,1,0.0468904227405048,1,1
2428,0.118728465274509,0.299330906396161,2,0,1.95061615261244,0,0
2429,0.707782259872409,1.60255395807326,0,0,-0.297818053602635,0,0
2430,0.5546075158736,0.92492738639073,1,0,-0.761595612162266,0,0
2431,1.73925887226107,2.09429348565441,2,0,1.0452989722204,0,0
2432,0.312593924038302,1.57254749490843,2,0,0.0294540466288891,0,0
2433,1.70512263909867,2.1927116648204,2,0,-0.0670226917382606,0,0
2434,1.36781894477589,2.3750141750805,1,1,0.869541526288458,1,1
2435,0.415037549100816,1.65112651639589,1,0,-1.19697752833482,0,0
2436,0.182025579257195,2.44796223779968,2,1,0.139015524335025,1,1
2437,0.0575810688314959,0.319150945009572,2,1,0.784041733612315,1,1
2438,0.16521161334822,1.43251285812976,1,1,1.49755351307251,1,1
2439,0.0159666649415158,0.67290935064283,2,1,1.44260231400918,1,1
2440,0.151329141899395,4.75394333019935,2,0,0.371192835389911,0,0
2441,3.95573172701483,6,0,0,-1.66920906549572,0,0
2442,0.830791325308383,1.15259920220727,1,0,0.29815101670134,0,0
2443,0.0870767746833234,0.225011780793448,1,1,-1.71869458474318,1,1
2444,0.276540972990915,0.801950399200248,2,1,2.09338910464468,1,1
2445,0.265287511050701,1.65884813497434,1,0,1.17766174766978,0,0
2446,0.0772930749555404,0.0991747231786756,1,0,-1.52671817051448,0,0
2447,0.588601977564394,2.00727743407091,0,0,0.864138638537623,0,0
2448,0.904194032773376,1.73323758537121,0,0,-1.07161554037194,0,0
2449,0.73419266846031,0.906643896680114,0,0,0.174522001245523,0,0
2450,0.717429961837089,1.41379814696601,2,0,1.06266023582066,0,0
2451,0.0192156416596845,0.319364408785665,2,1,-1.16186008645569,1,1
2452,0.0386017875280231,0.755136135783442,1,1,-1.75479034809644,1,1
2453,0.00555036473087966,0.0540921671298103,1,1,0.358937680812769,1,1
2454,0.504098678939044,0.972107699521656,2,0,-1.12628926630783,0,0
2455,0.0304087542463094,0.48679681228706,1,1,-1.41185505786355,1,1
2456,0.273109698668122,0.707867549274418,1,0,1.56766481051543,0,0
2457,1.69396760957293,1.84982570503236,1,0,-0.680893522378425,0,0
2458,0.286400570166513,2.94742077542951,2,1,-1.29593457146222,1,1
2459,0.280692955711856,0.600343051676949,0,1,-0.0461851958104738,1,1
2460,1.4765148795301,1.73873261415929,2,0,-0.140782568001646,0,0
2461,0.0941349694039673,0.462621410467604,1,1,0.688437019575233,1,1
2462,0.426927045627963,0.775045989412373,1,1,0.515492451350039,1,1
2463,0.462809110708222,4.42466015519282,2,0,-0.994454261843712,0,0
2464,0.0755037132615655,4.1805813430498,0,0,-0.0664777398403033,0,0
2465,0.511890846246788,1.77689277209623,1,1,1.05947133801878,1,1
2466,0.363523814827204,4.00678149689326,1,0,1.0918144606484,0,0
2467,0.043153389264124,1.10224457794061,1,1,-0.0273189118371849,1,1
2468,0.524756980128586,0.582443948477713,1,0,-0.0559270038711657,0,0
2469,0.0561149162979361,0.973309663252807,1,1,1.67705044933519,1,1
2470,0.167481378011871,2.2260522942074,2,1,0.833856455870126,1,1
2471,0.0340620859060436,0.548051317647981,1,1,-0.18530141690435,1,1
2472,0.594763995525467,0.736541055884996,1,0,-1.56926847638474,0,0
2473,0.782640696826212,1.18508223820456,2,1,0.375229370385186,1,1
2474,0.519272288307548,3.60837388162812,0,0,0.125265437901996,0,0
2475,0.772318607010894,0.977307114445489,1,0,0.984193700969892,0,0
2476,0.154428833920974,0.580138042475664,1,1,-0.605734758603219,1,1
2477,0.153046384803019,0.96325612454392,2,1,1.33821855448801,1,1
2478,0.44156915956661,1.71481657758695,0,1,-0.187816071205516,1,1
2479,0.893839742057025,3.24386569088098,2,0,-2.0481761827435,0,0
2480,0.55068655751814,1.00157986251652,2,1,-0.351305958351534,1,1
2481,0.292968654421744,0.526340215565947,1,0,-0.487428803828023,0,0
2482,0.338140924577601,0.570813723054435,2,1,1.61360058037333,1,1
2483,0.266912710237988,0.384860209606218,1,1,0.28342094708026,1,1
2484,0.170289242768019,0.247881102084779,1,1,-0.16634927669426,1,1
2485,0.217174980789423,0.552402894808905,2,1,-0.231861683108621,1,1
2486,0.546107302419841,1.77420801942534,2,0,0.267338571257229,0,0
2487,0.0274542857456981,2.08224934436651,1,1,0.27503709369263,1,1
2488,1.40667615101247,2.32601954323991,1,1,-0.193256851685181,1,1
2489,0.466765762724695,2.01579767868575,1,1,-0.232987108228708,1,1
2490,0.282248498871922,1.94191027813999,2,0,-0.1125187104319,0,0
2491,0.453519346192479,1.41847175015672,1,0,-2.34677186598667,0,0
2492,0.577274286161929,1.1721580973963,2,1,0.815456102735555,1,1
2493,2.04790782547536,2.12631798491996,0,0,-0.609327119368403,0,0
2494,0.15600536754666,0.701368305635356,1,0,-1.45828630623927,0,0
2495,1.26799325272441,1.41005267131048,2,0,1.88226762127852,0,0
2496,0.138306932349224,0.523063605531593,1,1,1.01746100800552,1,1
2497,0.655739753830068,1.94111151010235,1,1,0.654269547179469,1,1
2498,1.72686857745557,1.85969574025135,1,1,1.68484158285842,1,1
2499,1.93643365605714,2.36439222402301,2,0,0.025381906615233,0,0
2500,0.312097786925733,3.20041770637357,1,0,0.0444612197746004,0,0
2501,0.191394092826784,2.98415150362226,2,0,1.59012957857207,0,0
2502,0.0645805319072679,0.15276295785832,1,1,1.14566846336546,1,1
2503,0.332190007336857,2.84977743402123,0,0,-0.282872011521314,0,0
2504,0.2981861832086,0.405687128706547,2,1,-0.467899471339267,1,1
2505,1.18957272171974,1.35775761975533,1,0,0.449907258356395,0,0
2506,0.231585695582908,1.89597264263219,1,1,1.00078863730097,1,1
2507,0.791983010104679,0.914887786921778,1,1,-0.129508225197564,1,1
2508,0.00188815324812611,1.96540993242612,2,1,0.885067149803379,1,1
2509,0.155130501836538,0.210941192245148,1,0,0.160664600683655,0,0
2510,0.0140920788669037,0.174092829937517,0,1,0.0550585516485435,1,1
2511,0.0489682512125,0.604150476217884,2,1,-0.294512589204382,1,1
2512,0.0925186546519399,0.703356477121512,0,0,1.63825011649145,0,0
2513,0.257867584345576,1.75937603288477,1,0,-3.09297384335253,0,0
2514,0.0376945387688465,0.601813745424228,1,1,-0.93350630371907,1,1
2515,0.244257241938715,1.82199635854856,2,0,0.650757216432561,0,0
2516,0.196230346919037,0.710950147499753,2,1,1.08719279810767,1,1
2517,1.17182508017868,1.48413155726613,2,0,0.342762766722861,0,0
2518,0.330029480392113,5.52128486159822,2,1,-0.738213216195173,1,1
2519,0.0495736990706064,0.0939308785101445,1,1,-0.398223749919912,1,1
2520,0.0539210753049701,3.23558347610136,0,1,-1.54644542253202,1,1
2521,2.3776844136545,2.70959630619878,2,0,1.09694741635737,0,0
2522,0.360535393744644,1.2692086926351,0,0,-0.296970305187453,0,0
2523,0.149125958560035,0.791195728966432,1,1,1.41418085671459,1,1
2524,0.0360316297155805,2.26582960225642,0,1,0.136831427021163,1,1
2525,0.0708662402431603,2.38611656358078,2,0,0.204740950981319,0,0
2526,0.21176097827265,0.636155075933311,2,1,1.12545408966247,1,1
2527,1.28127408958972,3.2502591931599,1,0,-0.556139910109851,0,0
2528,0.174361561948899,0.592313288515941,2,1,2.05826059244913,1,1
2529,0.453069983050227,0.605597650476262,2,0,0.1630625649471,0,0
2530,0.395275111420934,1.85279445291849,2,0,-0.704734789519384,0,0
2531,0.143994458359773,0.205170775611807,1,1,0.344054542486273,1,1
2532,0.101497402938548,0.835705163757098,2,1,-0.157617210893139,1,1
2533,0.39569079875946,0.678010525457608,1,1,0.895208787910344,1,1
2534,0.297373276262078,1.27066366660118,1,1,0.292503640514883,1,1
2535,1.43209079009246,4.25798433832824,0,0,-0.582997078099691,0,0
2536,0.00022354070097208,0.188308186688681,0,0,-1.40949206697063,0,0
2537,0.541439023219,0.787514580875719,1,0,0.162065186624719,0,0
2538,0.219258107325113,0.363472586829722,2,1,1.48433609619996,1,1
2539,0.03488160386636,0.302532962548527,1,1,-0.028632827651505,1,1
2540,1.59010355469345,3.57748167608799,2,1,-0.592651622826862,1,1
2541,0.0449284671758762,0.263610296863841,2,0,1.19302273165455,0,0
2542,0.648251599736177,1.31853678540488,2,1,0.635667560355149,1,1
2543,0.922954914160073,1.30682120791423,2,0,0.184607697449814,0,0
2544,0.028526300447993,0.410923905802537,1,1,-1.07665394315402,1,1
2545,0.228892507439014,0.314455226572252,1,1,-0.821127608838142,1,1
2546,0.620925039052963,1.73139702529959,2,0,-0.407279046402125,0,0
2547,0.557473605870184,1.29873004121085,0,1,-1.45963478965528,1,1
2548,0.486564882119177,0.822043491183176,1,0,-0.50948208354972,0,0
2549,0.192147050402127,0.454951445151776,1,1,0.066364529284693,1,1
2550,0.219567591324449,1.37246235312927,2,0,-0.458870396899634,0,0
2551,2.38482374130728,2.65368030133064,2,0,-0.166650522502891,0,0
2552,0.899122276740982,3.01051225656153,2,1,-0.597097870054543,1,1
2553,1.10262860916555,1.70200858106536,2,0,0.629711777814168,0,0
2554,0.52996154538291,0.615059748374792,1,1,-0.198466097528455,1,1
2555,0.58467975281975,0.610570204256214,1,1,-2.16140036204511,1,1
2556,0.430125044050006,0.482334666678783,1,0,-0.448888839191224,0,0
2557,0.0389932623434502,1.15030842843986,1,0,1.091586981622,0,0
2558,0.205845910822973,1.87084709189213,1,1,-1.80911451909374,1,1
2559,0.148230309598148,0.579433762388716,1,0,0.130095669581,0,0
2560,0.587846085354233,1.9231475966125,1,1,-0.654954977772622,1,1
2561,0.272154515207298,1.30439203759972,1,0,1.29103972341286,0,0
2562,0.157026562677209,2.04023131724124,1,0,-0.225840780948363,0,0
2563,0.146041606378193,1.5159487663844,1,1,-0.871415800397878,1,1
2564,1.74103321441485,2.62332129648875,2,0,-1.64467851186999,0,0
2565,0.569577300513757,1.06640660333116,2,0,-0.690410098890325,0,0
2566,0.228893174207769,3.64394770702046,2,1,-0.154476673298983,1,1
2567,1.21281981468201,2.16811776151458,1,0,1.00287604023188,0,0
2568,0.586345553721123,1.0659815206793,1,1,1.26732363239596,1,1
2569,0.996655359578893,3.39750358032619,2,1,-0.6752526046861,1,1
2570,0.317199524142779,0.474673119687175,1,1,0.831928619334239,1,1
2571,0.686812678152807,0.697493721023235,1,1,-1.22471389407809,1,1
2572,0.0981540323118679,0.638151677728758,1,1,0.351613353654489,1,1
2573,0.485649406909943,0.564074166659118,2,0,0.313925524819441,0,0
2574,0.730417788700953,0.900725526173779,1,1,-0.0995136754871242,1,1
2575,0.197232342325151,0.473800976932356,1,0,-0.91990213565311,0,0
2576,0.0717928241986344,0.612320554151487,1,1,-1.99273580912816,1,1
2577,0.207457501622978,1.96917962907447,2,1,-0.914201650357935,1,1
2578,0.21590705786366,0.530790154817581,2,1,1.31297291973444,1,1
2579,0.781780738383532,4.16478333684305,0,0,-0.285697136372788,0,0
2580,0.145296082176433,0.38274269977493,1,1,-0.395220092585712,1,1
2581,0.147968834789935,0.773065406700388,1,1,0.256453883146945,1,1
2582,0.148847519012634,0.176918165180366,1,1,-1.37547080612098,1,1
2583,0.0546624718666841,1.0057888333217,2,0,1.13422456503903,0,0
2584,0.147289882414043,2.01145699608004,1,0,0.98815187300399,0,0
2585,0.614015175934702,0.632930488101098,2,1,1.33362533152519,1,1
2586,0.0578022484918442,0.470427415993475,1,1,0.209326941301025,1,1
2587,1.29430752984207,6,0,0,-0.545778144356927,0,0
2588,0.325066520890687,0.617607852594326,1,1,0.441032744568988,1,1
2589,0.337565251336106,0.43606395478056,2,1,-0.499093598310106,1,1
2590,0.389332582242787,0.590966668103759,2,0,-0.141359047128688,0,0
2591,1.32094931115211,2.60707933766147,0,0,-0.294286657246905,0,0
2592,0.129855356199539,1.7910063303847,0,0,-0.962137382096293,0,0
2593,3.23519224284177,3.66371847192239,1,0,0.159916926235753,0,0
2594,2.38918786889197,2.45371240093175,1,0,0.28897045505289,0,0
2595,0.0467270231456496,1.69875631358131,1,1,-1.52972709680762,1,1
2596,0.263482604385653,1.71972399347546,2,0,0.376925235472337,0,0
2597,0.218101820794872,2.37678499946654,0,1,0.224309499058819,1,1
2598,0.0692342789843678,1.97835971365374,1,0,-0.645004193427257,0,0
2599,0.600753800218746,2.2840214830321,1,1,-0.0231850595870326,1,1
2600,2.47787263422253,4.46157846189622,2,0,0.188078651697641,0,0
2601,0.0623913783828206,1.67402043233354,1,0,-1.08691340244035,0,0
2602,0.221041198753072,1.13869066464064,1,1,-1.31266699161848,1,1
2603,0.0239756246446632,0.0623958252186982,1,1,0.705052732879038,1,1
2604,0.685255536809564,3.1159020545415,2,0,-0.637325746513399,0,0
2605,0.347582328133285,0.858740558286562,1,0,-0.841653768585422,0,0
2606,0.520518584596581,1.43492955797491,1,0,0.350805449504057,0,0
2607,0.679249149371691,1.55195287704205,1,1,0.826813634826486,1,1
2608,0.706566647833035,1.82808849505165,2,1,0.117468856597972,1,1
2609,0.989290523896733,2.2724931691158,2,1,0.777510696128223,1,1
2610,0.04150076807153,0.30003683811608,0,0,0.645283644614956,0,0
2611,0.179016250495279,0.408170124500727,1,1,0.0900460588303498,1,1
2612,0.134588540240657,1.90407670534918,1,1,-0.557750893085386,1,1
2613,0.43351355008781,6,0,0,-1.36124292362112,0,0
2614,0.374161065556109,0.47437793388626,2,0,0.242560985918444,0,0
2615,0.112071242765523,0.24460030816881,2,1,1.31906414847961,1,1
2616,0.33158747741254,0.520937466362019,1,1,0.243211542948821,1,1
2617,0.0990018049636394,2.99978345632553,0,0,1.03107142253126,0,0
2618,0.0966544306669497,1.37688216732135,1,1,-0.167244660755259,1,1
2619,0.0807746208738536,0.688203769306371,2,1,-0.0731733824216429,1,1
2620,0.0712997539085336,1.13738522767487,2,1,2.37389663091782,1,1
2621,0.571561252071496,2.38631854497121,1,1,0.591542361099489,1,1
2622,0.367551581584848,0.704101651609141,1,1,0.696357767296501,1,1
2623,1.23426269501784,2.18826869961913,2,1,0.51110452977917,1,1
2624,0.675901157781482,1.19970423921959,2,0,-0.00130687303856843,0,0
2625,0.330785581027158,0.888224391986327,1,1,0.747137208979671,1,1
2626,0.0744976088753901,0.402515312109772,2,1,0.680637294797109,1,1
2627,0.0199234962629549,0.139512649140082,1,1,0.656002983779668,1,1
2628,0.153108892554883,0.231437286230319,1,1,-0.673033833032951,1,1
2629,0.285872999229468,6,0,1,0.372484618392256,1,1
2630,0.0797965851961635,0.113315579451405,1,1,-0.258336544652244,1,1
2631,0.221350691224937,0.473254923849882,1,0,0.647028134237296,0,0
2632,0.0871212002889673,2.58321485262506,1,1,-1.24369871700885,1,1
2633,0.121281537867617,0.443671423789147,1,1,0.388907262664599,1,1
2634,1.64327405967324,2.06365195078895,1,1,0.860966211270618,1,1
2635,0.476184760310508,0.677905040369671,1,1,0.074061622248361,1,1
2636,0.284024828288238,0.461548756158456,1,1,-0.470861269660313,1,1
2637,0.0891296523048069,0.14542659117162,1,1,0.50190664132475,1,1
2638,0.645236783660948,4.15773564174599,2,0,0.328519044640032,0,0
2639,0.318513801728635,0.387424786402615,1,0,0.160560241009894,0,0
2640,0.0144513328667363,0.0565127549838709,1,1,-0.355109462821725,1,1
2641,0.135010623373091,5.9277512307103,1,0,-0.511058835646182,0,0
2642,0.372009446145967,1.9212420313802,1,1,-0.371356025047766,1,1
2643,0.302882618274919,0.587146014186188,1,0,-1.2601644623635,0,0
2644,0.503126075465053,0.709404568410932,1,1,0.217887792520825,1,1
2645,1.06158300646918,1.37840059348836,1,1,-0.493158119489098,1,1
2646,0.473686882357233,0.599545238444437,2,1,-0.04696793772643,1,1
2647,0.703106873431846,1.23044195050683,0,0,-0.0808173323688919,0,0
2648,0.201347289270497,0.33566748598046,2,0,1.6118186859601,0,0
2649,1.08950383495539,1.5743258043898,2,0,0.0678548675891769,0,0
2650,0.00744145304456121,3.9537800518615,2,0,-1.42840695025766,0,0
2651,0.528430063251227,1.60216819579216,1,1,-0.757439600607418,1,1
2652,0.421855305287759,1.20734283783058,2,0,-0.283625531154819,0,0
2653,0.271602738414709,1.25120328171774,1,0,-0.947888004341355,0,0
2654,0.0124292385978165,2.33585673871505,1,1,0.0608243568009675,1,1
2655,1.31182548526213,1.68274621602759,2,1,0.86572949271318,1,1
2656,0.430199149122927,1.20132504846542,1,1,0.364386229487426,1,1
2657,0.0431302387733012,0.621143555401719,1,1,-0.347461185494153,1,1
2658,0.247592882660683,0.654527007850574,1,1,1.10729799416074,1,1
2659,1.31415395174681,2.54302521291121,1,1,-0.620364873507916,1,1
2660,0.867522812101042,1.82504237629473,0,1,-0.357927643943825,1,1
2661,0.335681312781735,0.489150576837707,1,1,-0.277403994804288,1,1
2662,0.136977560468949,0.799578287393751,1,1,-1.05103209199401,1,1
2663,0.00422042910940945,0.459142730673998,0,1,0.589334860433929,1,1
2664,0.25993323063824,0.281411149345172,1,1,-1.55169221083367,1,1
2665,0.128619143885268,0.997056491060243,2,1,0.98397182304437,1,1
2666,0.0796285708058699,0.869679318208312,1,1,-1.29165529214229,1,1
2667,0.952422174106926,1.66015930334607,1,1,1.34221208594225,1,1
2668,0.529734458515242,2.37482833055158,0,1,-1.05142030275447,1,1
2669,0.194371920078993,0.32199488765416,1,0,-1.25887371676964,0,0
2670,0.203148614964448,2.05553178203127,1,1,-0.068493901776217,1,1
2671,0.208281064866335,2.84569588499564,2,0,1.00262826564982,0,0
2672,0.0747378412052058,0.675357195263713,2,1,0.18352485831767,1,1
2673,0.149801678780932,1.37156000222152,1,1,1.29215768345482,1,1
2674,0.208300036319997,0.286948094072779,1,1,0.370605479886513,1,1
2675,0.205006648802707,0.655189201646279,1,0,-0.92170922865127,0,0
2676,1.09069594834,2.14657524259807,0,0,0.104575294884955,0,0
2677,0.477710649694137,0.942205343924868,1,1,-1.26103757761759,1,1
2678,0.157107409322634,2.16341174473013,2,1,-0.131479325631417,1,1
2679,0.0235028835013509,0.699323973905107,1,0,-0.276771029415147,0,0
2680,2.65466450518909,3.36243774431447,0,0,-0.539204573355277,0,0
2681,0.780071964810424,1.13259428878106,1,1,-1.55426469305982,1,1
2682,0.063922045573348,0.495961554012181,0,0,-0.217630013252669,0,0
2683,0.129120203782804,0.409725246453778,1,1,-0.245702712669007,1,1
2684,0.00497939786382972,0.0187894915349732,1,1,-0.751085475702531,1,1
2685,0.00317903441207278,2.95099797800451,2,0,0.22019766519615,0,0
2686,0.599076056462087,0.894332352032897,2,0,0.720142752948803,0,0
2687,0.0322757578191172,0.30044994901067,2,1,0.46644687397336,1,1
2688,0.732794183306396,0.740592743444691,0,0,0.255930015822634,0,0
2689,0.757918015122414,1.16439293128925,2,0,0.808249564330575,0,0
2690,0.272679697955027,1.76151663631564,1,1,-0.0533716702786103,1,1
2691,0.365673851047177,0.394775995363061,1,1,0.424838153190419,1,1
2692,0.164200506405905,1.03271559636193,1,1,-0.914547479950815,1,1
2693,0.0445262973758798,3.12034194167753,1,0,0.28374242636648,0,0
2694,0.185608546598814,1.77108910333531,2,1,-0.405463956208793,1,1
2695,0.281367133371532,0.475826412239255,1,0,-0.565678053814346,0,0
2696,0.0182241073343903,0.546911714934841,1,1,-0.305756731450979,1,1
2697,0.711588398270626,1.56687316393235,2,0,-0.342948441626851,0,0
2698,1.65048490828815,1.89228074980393,2,0,0.433396790705474,0,0
2699,0.0502818407625855,0.201106949059743,2,1,-0.4404529535684,1,1
2700,0.0511219073086977,0.533084256829713,1,0,2.3303044870968,0,0
2701,0.00323551800101995,2.25052842580412,2,0,-0.328537894210025,0,0
2702,0.132465184142347,0.262962168586938,1,1,-1.54304264786142,1,1
2703,0.324540547095239,1.5485687297672,1,0,0.223415823218069,0,0
2704,0.170058426227048,0.474532867471377,0,1,0.0524467792359659,1,1
2705,0.170976046264726,1.88053727959365,1,0,-0.435690433856687,0,0
2706,0.539342503063381,0.844159047139879,2,0,-0.24582793999257,0,0
2707,0.047252481803298,2.4263073407042,1,0,-1.02322910562712,0,0
2708,0.00420137990134679,1.67117912640045,1,0,0.791708548230105,0,0
2709,0.385426139400806,3.66735239027578,1,1,0.395647350211651,1,1
2710,0.359794510004576,1.5049926496415,1,1,0.354822199660338,1,1
2711,0.195331806316972,0.402346514165401,0,0,-1.06606087982858,0,0
2712,1.31579900998622,3.59521965357577,2,0,-0.350073774342726,0,0
2713,0.691767521191659,1.91467271970735,2,0,0.730618109902486,0,0
2714,0.666121609948397,1.13053529855438,1,1,-1.62150125744939,1,1
2715,0.120043991619365,2.5650950986892,0,1,-0.841599647937726,1,1
2716,0.341551566671114,1.05038166100192,1,1,-0.908449004482102,1,1
2717,0.51059033831279,0.567692633508819,1,1,-0.743854353465064,1,1
2718,0.70488853588849,0.833761741587266,2,1,0.725693435456497,1,1
2719,0.397624917095527,1.44397948433239,1,1,-1.23339784539129,1,1
2720,0.599403647330411,0.784461191331504,2,1,-0.540729926815561,1,1
2721,0.973093057051301,3.81865034500758,0,0,-0.155496750340076,0,0
2722,0.0366181451827288,4.55489353019292,1,0,0.286479692331474,0,0
2723,0.778101806619026,1.23639282202008,1,1,-0.0148577450742655,1,1
2724,0.676299226444036,0.817460401547385,2,1,-0.895863368700029,1,1
2725,0.0961703354913977,1.68032837183851,2,1,-0.428367785636863,1,1
2726,0.540517725140609,1.06439559107886,1,1,-2.50784946245876,1,1
2727,0.0895526581749095,0.305846445262432,0,1,-0.101488847703556,1,1
2728,0.474703634157777,1.31353350633006,2,0,1.11985738781505,0,0
2729,0.55639020777058,0.693990481729748,0,1,0.64885673431932,1,1
2730,0.244861491118824,2.2882923582955,1,1,-0.203230724335575,1,1
2731,1.31133462954313,2.51281377840283,2,0,1.30256761577744,0,0
2732,0.639649032463437,2.07849558285233,2,0,-0.382343409749824,0,0
2733,0.00500423717312515,0.276447791013505,1,1,0.566693613345702,1,1
2734,0.138364261347187,0.341005966171195,2,1,2.37781109179452,1,1
2735,0.195132793451194,0.302303766129709,2,1,0.0645147417653399,1,1
2736,0.806680630892515,0.892998936139902,2,0,0.333626559836044,0,0
2737,0.112676990684122,2.92031789235587,1,1,-0.303593397374001,1,1
2738,0.881299957347676,1.81242498569191,0,1,-1.10810468325932,1,1
2739,0.701071696355939,0.786278965856542,0,0,0.286963362368096,0,0
2740,0.221211251337081,0.286117145499132,1,1,0.750694553708483,1,1
2741,0.0920208110799522,4.39060824562722,2,0,1.14059096686156,0,0
2742,0.0092014076653868,1.7387308576039,2,1,-0.0678326505008678,1,1
2743,0.0807095709023997,1.55445504950998,1,1,1.83744592819049,1,1
2744,1.4621758797515,1.54310278567897,0,0,-1.76805550669501,0,0
2745,0.341003604989965,0.42697457237265,2,1,1.94728719281379,1,1
2746,0.829272768723096,1.04374808334128,2,0,-1.12861989898995,0,0
2747,1.04734411649406,2.63475855397117,1,0,-0.360644484083548,0,0
2748,0.26053951158619,0.636970097774674,1,1,-0.806045662454887,1,1
2749,1.31268796976656,1.41671188918226,2,0,-0.0541022901555891,0,0
2750,0.0488565083966555,0.349674192862286,2,1,0.866698328240564,1,1
2751,0.71099755875469,1.27165675999761,2,1,0.56588271763926,1,1
2752,0.0598752265796065,0.414373307154896,0,1,1.01918930590335,1,1
2753,0.557886479328024,0.699853422120214,0,1,0.515287594585038,1,1
2754,0.0957483870015661,1.6574181150645,0,1,-1.21777714867745,1,1
2755,1.04680236889386,1.35541813137631,0,1,-1.16152341512673,1,1
2756,0.155418781125796,3.09836311576267,0,1,-0.124095544307941,1,1
2757,3.78536562977319,4.53376700991998,1,0,-0.0113469652366972,0,0
2758,0.150684584431176,0.257874383138324,1,1,-0.784470616767829,1,1
2759,0.525911069681689,1.0365325725722,2,1,0.0493846514072196,1,1
2760,0.0735531249665655,1.42656494385035,1,1,0.423519257281884,1,1
2761,0.785311169922352,1.33404937788678,2,0,-0.635629870761635,0,0
2762,0.0101822115145283,1.49598360468529,1,1,0.0313075229589778,1,1
2763,0.0126945192459971,0.180938898466269,2,1,-0.0931242052918619,1,1
2764,0.0247920975089073,0.302544124144149,0,0,0.0071719897226831,0,0
2765,0.00219923909753561,0.252918719371213,1,1,-1.30980191114553,1,1
2766,0.0665699828598235,0.51740517420854,2,0,-1.29267215273902,0,0
2767,0.00372936076018959,1.03043962685169,1,1,1.0152524032159,1,1
2768,1.07227945695037,1.28913775480171,2,1,-0.455587847784444,1,1
2769,0.322734249639325,0.350962357799938,2,1,2.1813542202313,1,1
2770,0.0529928784447823,0.0561404635090012,1,1,0.558171092482573,1,1
2771,0.00874707038747147,0.0798884380691462,1,1,0.220172651377316,1,1
2772,0.68236715099477,1.90585638363726,1,1,1.5778901660848,1,1
2773,0.0620068069547415,0.946661018356594,2,0,-0.0679803879739963,0,0
2774,2.75590330167654,4.42884012281709,2,0,-0.326458241814429,0,0
2775,0.371769756602589,1.19585126231163,1,1,0.114703651891677,1,1
2776,0.120602088183097,1.14946940916446,0,1,-0.00319965057958866,1,1
2777,0.0688267275108956,0.713237113260004,1,1,-0.00814822027001089,1,1
2778,0.203592063626274,0.346587540503182,1,1,-0.983695146980458,1,1
2779,1.01068170852365,2.43167372425642,1,1,-0.255784441268457,1,1
2780,0.401124680938665,0.829241259954342,0,1,-0.620959959486556,1,1
2781,0.159245995695999,0.596532244581525,1,1,0.467343727789106,1,1
2782,0.190328693948686,0.514744753725795,0,0,0.223899815282884,0,0
2783,0.00322857433702069,1.16274239485868,2,1,0.578657460428349,1,1
2784,0.872916320338845,2.27771169195573,0,0,0.14233075488351,0,0
2785,0.356782633461989,1.1729419750182,1,1,0.270149080211612,1,1
2786,1.90980855365026,4.65101065490665,2,1,0.58719829606562,1,1
2787,0.339390261797234,1.53383113991658,2,1,0.863578760026452,1,1
2788,0.150191786698997,1.86264808196009,1,0,-0.909446512468568,0,0
2789,0.029351043585905,0.427336489052766,1,1,0.124510706828273,1,1
2790,0.755986033938825,0.91396300513073,1,0,-1.86559376153445,0,0
2791,0.632056331192157,0.709501138577859,0,1,0.717558937017425,1,1
2792,0.256063687615097,1.06806807856253,1,0,-1.45378207813193,0,0
2793,1.34499117374925,2.84580905578216,1,1,-1.43465884612812,1,1
2794,0.499189088121057,1.56983030953146,1,0,-0.108630572712821,0,0
2795,0.239171196315437,0.313854706645382,2,1,2.24082905847871,1,1
2796,0.69468611292541,1.03443359210548,2,0,-0.721831374177891,0,0
2797,0.443149176982053,0.459213933986275,1,1,-2.00623624561098,1,1
2798,0.0538681878996101,0.250308771418433,1,0,0.432815923264851,0,0
2799,0.360561299603432,3.15413118477824,1,1,-0.174209162414989,1,1
2800,0.672125477343798,2.96167079754667,2,0,1.3125895263217,0,0
2801,0.737895475544061,4.52180266676804,1,0,-1.24856454093042,0,0
2802,0.403711468218392,1.7562458949898,2,0,2.53538675421726,0,0
2803,0.322229613666423,1.28901912873828,2,1,-0.110195902466692,1,1
2804,0.364570803940296,3.48184003783056,2,0,-0.751943307088079,0,0
2805,0.31544830326848,3.1763997130112,1,0,-0.695425069076847,0,0
2806,0.400413999146665,3.12576168884001,2,0,-0.648150934387599,0,0
2807,0.965759557386503,1.0163508876389,1,1,-0.223410198259272,1,1
2808,0.552171926014125,5.11912558549454,2,0,-0.970227683760965,0,0
2809,1.23911138036625,2.36203104880249,1,1,-0.201730964771947,1,1
2810,0.142020386483971,0.439305791837915,2,1,-1.27459853259736,1,1
2811,0.201147542975377,2.40708114674756,1,1,-0.285927694777345,1,1
2812,0.110769743099809,1.12923916739722,0,0,1.46027546793923,0,0
2813,2.37745056106689,4.59023122079621,1,0,0.172134861051114,0,0
2814,0.2358806898701,1.2118205643291,1,1,0.354952227237628,1,1
2815,0.101002638984937,0.26954497201936,2,1,0.283802587770335,1,1
2816,0.177278613709835,0.302742537742751,1,1,-0.317216731367698,1,1
2817,0.0908256290131249,1.50104089756804,1,1,1.21802417333085,1,1
2818,1.85803178875687,1.88698498928343,0,0,0.00292537409177234,0,0
2819,0.211638913670036,1.25237263257041,1,1,-0.732274267796285,1,1
2820,0.335717799316626,0.453571172968271,2,1,2.73244470371153,1,1
2821,1.26671529602596,2.68839318144686,1,1,-1.22743980545965,1,1
2822,1.63444018092718,1.71870338010066,1,0,1.05990881404583,0,0
2823,0.582588029766277,0.703691949500874,2,1,0.17134344509105,1,1
2824,2.1847129053051,2.4404932791464,2,0,0.262746540846126,0,0
2825,0.0178028433583677,0.0486480395539326,1,1,1.43468151511017,1,1
2826,0.421646883769426,1.30079542312996,1,1,-0.735142630182414,1,1
2827,0.202173647536156,0.279703161841351,2,1,-0.572872102658849,1,1
2828,0.295803868211806,1.07122345131577,1,0,-0.139384430764503,0,0
2829,0.627288784201301,0.806284581472978,1,1,-0.395258362880924,1,1
2830,0.1235336009413,1.6183427340996,1,0,-1.18409373344499,0,0
2831,1.06823170091957,1.43571252272166,2,0,1.5964536920076,0,0
2832,0.368804669124074,0.542619079351425,0,1,0.618088328800243,1,1
2833,0.827648678651832,1.61955524282213,2,1,-0.493279375879014,1,1
2834,0.119982128380798,0.802725875216241,2,1,-0.841846785678714,1,1
2835,0.127222367544692,0.616276921288917,2,1,1.78156212662927,1,1
2836,0.997981516359017,5.22627833826139,2,1,-0.506434544945904,1,1
2837,0.511134754717927,0.921380070503438,2,0,0.23337482231273,0,0
2838,0.10074519738555,0.645711525228138,1,0,-1.05457303416961,0,0
2839,0.0422837064252235,0.427299205389496,2,1,1.98620719495403,1,1
2840,0.326331145460868,0.606801865662756,1,0,-1.24431249614724,0,0
2841,0.0171383589622565,0.0294517484773534,1,1,-1.3818989494963,1,1
2842,0.168334740155842,0.3196041088122,1,1,0.147314124281367,1,1
2843,0.207003648101818,0.579116515992224,2,1,1.25978203229545,1,1
2844,0.589127022826559,1.33673801213422,1,1,-0.911497313324218,1,1
2845,1.3360855486244,2.17734965185324,0,0,-1.26520425034472,0,0
2846,0.236717415682506,0.307756058250246,0,1,-0.824466922917146,1,1
2847,0.285001540697155,0.402015494755067,2,0,0.477155358490657,0,0
2848,0.0176343034810125,0.0654340443178821,2,1,1.60824590775089,1,1
2849,0.317536751130004,1.22006952691082,2,0,1.47110570156419,0,0
2850,0.103390804142691,0.224169032814029,2,1,0.923756379270986,1,1
2851,0.300853877328336,0.425412322447094,1,0,-0.0507655854720375,0,0
2852,0.676158529214382,2.6478278816904,1,1,-1.60832317195539,1,1
2853,0.46733005620455,0.650399945055445,0,1,-0.38695949852957,1,1
2854,0.302699877356645,0.643060990974835,2,1,0.437917359934566,1,1
2855,0.323382934952998,1.05551676316496,2,1,0.49419709971036,1,1
2856,0.0939151636649895,4.07245371178876,2,0,1.25460708899813,0,0
2857,0.438389036804438,0.814194101840258,0,0,-1.0253954204362,0,0
2858,0.170619619893841,0.842238828396116,1,1,-0.60860100700347,1,1
2859,1.12513140770012,1.25916495541084,2,1,1.16092833223143,1,1
2860,0.170728770923529,3.65560868746107,1,1,0.400702533709362,1,1
2861,0.347551339946222,0.479162626239412,1,1,-1.40431923350021,1,1
2862,1.01693380251527,1.22423766415898,0,0,1.23577190611016,0,0
2863,0.544589557076626,1.4632646269331,0,1,-0.294795056947038,1,1
2864,0.853977186462663,3.64525516692269,1,1,-0.968205374785739,1,1
2865,0.11520698107779,0.564618013886676,1,0,-0.898648683159242,0,0
2866,0.0184343082354451,2.67267322256084,2,1,-0.855367953836011,1,1
2867,0.174070791399572,2.56242223354293,2,1,0.853825011479203,1,1
2868,0.63345144674816,1.47960273427832,2,1,-0.192863182727102,1,1
2869,0.164395279251039,0.568182809598391,2,0,1.05608376987363,0,0
2870,0.138685950659628,0.701663934936126,0,1,-0.380301216475746,1,1
2871,0.0143391939720715,1.34747625113289,1,1,0.623430723680781,1,1
2872,2.34415965705159,2.85351772093202,1,0,-0.232292766525898,0,0
2873,0.519399583152653,1.86984051755819,2,0,-1.15695997874698,0,0
2874,0.149001980607864,0.394007044307644,1,1,0.264174014208272,1,1
2875,0.0668242922984064,0.578435325518753,1,1,0.533678699454031,1,1
2876,0.456281669899277,1.36200133503213,2,1,0.861929560913199,1,1
2877,0.348655460402369,1.59919868308383,2,0,-0.820749552839226,0,0
2878,1.01458445631146,1.54654705896974,0,0,-0.658191942401691,0,0
2879,0.0911429119878449,1.58226266973367,1,1,-0.486922241971633,1,1
2880,0.218744834385012,1.3777601863442,2,1,1.3169576255319,1,1
2881,0.306331356987357,0.637020112991273,2,0,1.50185122306368,0,0
2882,0.491735083982348,0.665131859359723,1,0,-0.762867618605842,0,0
2883,0.130384407530073,1.63776931860888,1,1,1.36516494297226,1,1
2884,0.20749542105676,0.725822833485812,1,1,0.226944322529006,1,1
2885,0.166735206730664,0.209770569644181,2,0,-0.119516824157655,0,0
2886,0.530200936831534,0.550133117276396,2,0,0.955849857498451,0,0
2887,0.107432858700978,0.463791867715676,1,1,1.06885485346758,1,1
2888,0.557994084639296,0.628154927578581,2,1,2.12820998565282,1,1
2889,0.440840234048665,0.641258591786027,0,0,-0.548881097241347,0,0
2890,0.00731863256078213,3.44359479349192,2,1,1.65327415354835,1,1
2891,0.00266500507641179,1.14471386045819,1,1,1.62284408261854,1,1
2892,1.42694221921247,2.00054240723451,0,0,0.518408459777707,0,0
2893,0.466041687151238,2.13183669062952,0,1,-0.313042503580031,1,1
2894,0.134804937291332,0.296027682535987,1,0,1.33430645120359,0,0
2895,0.0231159277223998,0.49504608861352,1,1,0.4897591403468,1,1
2896,0.746810402721167,0.758380183868476,1,0,-0.129499169725982,0,0
2897,0.139032980080682,1.66159202964012,2,0,0.207029436690116,0,0
2898,0.0965736329955728,0.572824785183048,2,0,1.40101803342878,0,0
2899,0.715331937336009,2.19949485279553,2,0,1.62579596145186,0,0
2900,0.170752129051834,0.823513091034099,2,1,0.556589011636228,1,1
2901,0.222690892405808,0.306704427962636,2,0,1.06935452554243,0,0
2902,0.438518735580146,1.91309964545,1,0,0.987934234044779,0,0
2903,0.153026135944616,2.4962543167591,1,1,1.0826103903268,1,1
2904,0.0757185692782514,0.251100445257585,1,1,-0.112187005788457,1,1
2905,0.322847097122576,0.603859424387098,1,1,-0.139043459902962,1,1
2906,1.22088599950075,6,0,0,-1.59532075493874,0,0
2907,0.216217615328388,0.489089355493585,0,0,-0.486459530406728,0,0
2908,0.141958102758508,0.61327516606834,2,1,-0.16516351641312,1,1
2909,0.130828936355685,0.839707050472498,0,0,0.0851305412143047,0,0
2910,0.791671584566876,2.11477461860249,1,1,-0.793569835880892,1,1
2911,0.174940586148296,0.300414519091725,1,1,-0.483531781118834,1,1
2912,0.186002128466498,0.483358520034999,1,1,-0.663571226158944,1,1
2913,0.00409113150089979,0.211674496471281,0,0,2.63049688270609,0,0
2914,0.374737593345344,0.688592164720758,1,0,0.0771439929493592,0,0
2915,0.639198984448455,0.986049824105096,1,1,-0.259812688775317,1,1
2916,0.12270884307657,6,0,1,-1.60983529231631,1,1
2917,0.130679098889232,0.70642391222982,1,0,-1.76886390947149,0,0
2918,0.337630221569087,1.06707740095649,2,1,2.12017972863172,1,1
2919,0.858339092694223,1.47635851773876,1,0,-1.5484372046095,0,0
2920,0.0573163482149537,0.0846195456850214,1,1,-1.72267309406443,1,1
2921,0.178388133832758,2.22442153848465,1,1,1.12512004809085,1,1
2922,0.057208267680835,0.0677981245593147,1,1,-1.79612708659665,1,1
2923,1.11667310760041,1.32519607436897,1,1,-0.316540755822348,1,1
2924,0.103314115258399,0.543378096787154,1,1,0.284466741952575,1,1
2925,1.41816640330413,1.85598762705922,0,0,-0.13361033117592,0,0
2926,0.075708109477546,0.163345598318988,1,1,-0.73392559467461,1,1
2927,0.432959053141531,0.630042913149706,1,1,-1.28834526044383,1,1
2928,0.130959736998193,1.99004813539933,1,1,0.690322405431939,1,1
2929,0.159378513898315,0.93491102447616,1,1,-0.343247557559654,1,1
2930,0.0577401299960911,0.951380129944485,1,1,-0.448259844149184,1,1
2931,0.170278252791408,0.322291720164067,2,1,1.68459037217329,1,1
2932,0.131333330937196,0.262414410503137,1,1,0.816020026504299,1,1
2933,0.226142525207251,0.232393079195094,1,1,-1.60373141198935,1,1
2934,0.135870918456931,0.197736805244192,0,1,-1.27676546555537,1,1
2935,0.273997856304049,0.542139476494924,2,0,0.414361101358614,0,0
2936,0.0498095791075925,0.451117866808015,1,1,0.618645778865759,1,1
2937,0.00636004307808484,0.0377886452486461,1,1,-1.10734026972781,1,1
2938,0.291104316669595,0.623061438769101,2,1,0.383145312240419,1,1
2939,0.0359609958634902,0.817105040595772,2,1,1.21402428281816,1,1
2940,0.184790338971652,0.723316663355569,1,1,-0.503738237146703,1,1
2941,0.0980726245325059,0.156780829115065,2,1,1.03910910127477,1,1
2942,0.152825109253172,1.58022892410249,2,1,0.362481482023428,1,1
2943,1.58594972672716,1.78639375604689,0,0,0.406414927044973,0,0
2944,0.106794330771526,0.751340340946588,1,0,0.717219399721692,0,0
2945,0.0901743399779649,0.20096458502389,2,1,1.95904352837496,1,1
2946,0.172734196146735,0.727247922702978,0,1,0.27789542956618,1,1
2947,0.904839525412411,2.34055589013986,1,1,-0.692967776905326,1,1
2948,0.0946223279503149,0.205446545385543,1,1,-0.0448469976020463,1,1
2949,0.204179992433637,0.404915997110233,1,1,-0.457553576205459,1,1
2950,0.549715290777385,1.56242066808554,2,0,0.530726832671465,0,0
2951,0.418047441053204,1.84275563185414,0,1,1.23000062616082,1,1
2952,1.36596084665507,1.9520626993229,0,0,0.495933663786736,0,0
2953,0.207809990970418,0.377697213973542,1,1,0.440273429906732,1,1
2954,1.15153054119425,4.14314577976863,0,1,-0.0164449069744217,1,1
2955,0.485431089738205,4.69277176363578,2,1,0.782902095890457,1,1
2956,0.431153430254199,0.625193155728954,2,1,0.295368511241414,1,1
2957,0.986158072017133,2.2120210653609,2,0,0.0985603532348816,0,0
2958,0.229186098881427,3.31163725005026,2,0,-0.0290405839693744,0,0
2959,1.81309134691002,3.71596768551869,2,0,0.588206292926055,0,0
2960,0.480287965011604,2.78396129478817,1,1,0.797402290213362,1,1
2961,0.934297741390765,1.65090147710216,2,0,-0.574858078453087,0,0
2962,0.316100103082135,1.41489752577922,1,1,0.324261471695552,1,1
2963,0.238124302588403,0.388590518155718,2,0,1.88344953951508,0,0
2964,0.0917877430442322,0.436701755302532,1,0,0.215883110747908,0,0
2965,0.173901416370253,0.775151093695792,2,1,-0.634042391271016,1,1
2966,0.636217856054947,1.14606736986785,1,1,0.613518314266725,1,1
2967,0.0929847365478054,0.182730812547068,1,1,-0.949336151516057,1,1
2968,0.136233812198043,3.03094490567534,2,0,0.212710905088458,0,0
2969,1.89978869169562,2.49981872401288,1,0,-0.868351512852465,0,0
2970,0.53153246861286,1.55331850458339,1,1,0.176743749275393,1,1
2971,0.961092630401254,2.39521075386862,1,0,-0.221992318626892,0,0
2972,0.796678611826487,0.848377694405128,2,1,0.626409172484041,1,1
2973,0.0683100469177589,0.0856704448263131,2,1,1.15088899791379,1,1
2974,1.63146527848187,2.98319834659082,2,0,-0.114355464526664,0,0
2975,0.511069652624428,1.86171421654284,1,0,-0.719982241945372,0,0
2976,0.196895338386577,6,0,0,-0.716775381046972,0,0
2977,0.108944745152257,0.305502205842707,1,1,-1.07273109580913,1,1
2978,0.143162875225467,0.345111974488143,1,1,-1.89113602579591,1,1
2979,0.101200065691955,0.600752032672366,0,1,0.857051770479111,1,1
2980,1.60683049439433,1.63681798292054,1,0,-0.721064504602255,0,0
2981,0.122015548404306,0.304567952769882,1,1,-0.339605689905249,1,1
2982,0.368126974790357,0.526189099546616,1,1,-0.740021162917189,1,1
2983,0.0875893794000149,0.369305126368999,0,0,0.373548971767684,0,0
2984,0.611711859757758,0.96272929571569,0,0,0.453318516768743,0,0
2985,0.145549541339278,1.27320738934417,1,1,-0.994769679550321,1,1
2986,0.693404114121272,1.22977694785458,2,1,2.15274758827696,1,1
2987,0.142049041751307,0.508771730632625,1,1,-0.763549358715325,1,1
2988,0.111727702431381,0.545658530611235,1,0,-0.689507619716487,0,0
2989,0.533666709062465,0.648744555133764,1,1,-0.602966253263052,1,1
2990,0.810615297406912,0.932848012665567,1,0,0.124462945250995,0,0
2991,0.0552596189663745,1.76195117437693,2,1,0.342647913203758,1,1
2992,0.0236050615785643,1.14710713005843,1,1,0.165141663552686,1,1
2993,0.00180401926627383,0.0252611797269368,2,1,0.456192138139188,1,1
2994,1.08821919881144,1.55618905804298,1,1,0.524690296662947,1,1
2995,0.0857801354140975,3.99692749915024,0,1,0.500708005711282,1,1
2996,0.145314174343223,0.288978085148915,1,0,0.563937553458824,0,0
2997,0.442037836738683,1.50191153857104,1,1,1.3418646275094,1,1
2998,0.128547195054125,0.341229330041386,1,1,-0.515119436638072,1,1
2999,0.640730444386717,0.909959928443035,0,1,-0.342642849773592,1,1
3000,0.51141880682838,1.14597142235906,1,1,1.76526076399497,1,1
