"id","L","X","status","z1","z2","cgroup","tgroup"
1,0.220047602197155,0.603748857291657,1,1,-1.22224635221466,1,1
2,0.209776325562994,1.62623344896845,1,1,0.433565595039739,1,1
3,0.0930045900167897,3.1881769244197,1,1,-1.46635294546889,1,1
4,0.512545564211905,1.18819917431933,2,0,0.198803835359644,0,0
5,0.506228985264897,0.858481291717698,2,0,-0.445749405583569,0,0
6,0.0132641866803169,0.491733578965068,0,0,0.454913306887271,0,0
7,0.111416575091425,3.37896397802879,1,1,-0.225669629183756,1,1
8,1.41856858746747,2.37123007157535,1,1,0.215566823817543,1,1
9,0.0629578256987787,1.07867645460835,2,1,0.485775108492805,1,1
10,2.31654997906628,4.12401935224189,2,0,0.253799653348684,0,0
11,0.331092790407821,0.64928347367114,0,0,0.787198070436165,0,0
12,0.310917570895981,0.459731935742691,1,1,-2.51531365306793,1,1
13,0.329544088803232,1.09440584311458,2,0,0.949039895698263,0,0
14,0.0112999037153088,0.213613170123869,2,0,-0.00546639445149503,0,0
15,1.00663180183619,1.11034696433086,1,0,0.36329146168933,0,0
16,2.11774229992855,2.80186162951092,0,1,-0.158269484294433,1,1
17,0.323080488597043,0.697513124371587,1,1,0.501656084743515,1,1
18,0.125859358347952,2.47223425108624,2,0,0.69171637515898,0,0
19,0.113597254676279,0.808137861403247,1,1,1.52813141112937,1,1
20,1.72821096359792,2.34786372823785,1,0,-1.3205640910617,0,0
21,2.78352741266986,4.57742203588082,2,0,0.558096398888542,0,0
22,0.0250153992665857,0.2567883947631,2,1,-0.0552446285613412,1,1
23,0.711499064901665,2.45285012842833,2,1,0.452270699784276,1,1
24,1.15447811605337,1.23336186149103,2,1,0.991974020594103,1,1
25,0.671159338206053,0.784890774058326,2,0,-0.0390659011567212,0,0
26,0.289249941415619,0.289833666244964,1,1,0.803058271629412,1,1
27,1.70905004254253,1.81107344677437,1,0,-2.00632199374314,0,0
28,0.137222037010361,0.187245578755064,2,1,-0.678648293347265,1,1
29,4.32709649117978,6,0,0,-0.763610180064297,0,0
30,0.61524838861078,1.11155728396107,1,0,0.955356370117719,0,0
31,0.972941249608994,2.91180210716267,2,0,0.648744545348524,0,0
32,3.07604446833964,3.4506801240488,2,0,0.00391890439878567,0,0
33,1.67674532035871,3.59998407437787,1,1,-0.759347671037183,1,1
34,0.0490224594037509,2.11365503259003,0,1,0.87240907390593,1,1
35,0.476227396167815,0.618777893724462,1,0,0.895697371379205,0,0
36,0.164493046177085,0.700435880929937,1,1,-0.712190895250299,1,1
37,0.345891910255887,0.412146968319586,2,1,0.485710808730699,1,1
38,0.27270745785166,1.02740991392426,2,0,-0.508291756324102,0,0
39,0.588913003422141,1.26723291966686,1,1,1.65996165749251,1,1
40,0.902924600036945,0.934790291902218,2,0,0.0264512611649539,0,0
41,3.03673041955719,4.03433927543707,1,0,-0.85462858204025,0,0
42,0.418027955165599,1.52453168914079,1,1,-0.0964315420856521,1,1
43,0.606101833374061,1.79034600651366,1,1,-0.986248743864932,1,1
44,1.84965553126278,2.89468917649896,1,0,0.563130955957881,0,0
45,0.734126675408811,2.0689363809592,2,1,0.498832990649497,1,1
46,0.59364284968172,1.15209364343188,1,1,0.229991706746587,1,1
47,0.0916938185258333,1.22938086278737,0,1,0.0831878849770468,1,1
48,0.971203371829927,1.02824324294748,1,1,0.409667859744263,1,1
49,0.465815219186999,2.93936466181225,1,1,1.11050776969309,1,1
50,4.19133924295135,4.2100252987256,2,0,-0.107542586416542,0,0
51,0.376424359157681,1.63861014997446,1,0,0.29868746661981,0,0
52,0.315497887150913,0.93422562815249,0,0,0.812552483085251,0,0
53,0.00846080062927886,0.477982941011729,1,0,-0.566483475835657,0,0
54,1.01294679194689,1.160455486295,2,0,0.616724918885113,0,0
55,0.0191980818635784,1.35889120738903,1,1,-0.600191019077914,1,1
56,0.57273889798671,0.983964804356283,0,0,-0.896856922406939,0,0
57,0.829856121636157,3.4324167886128,0,0,-0.412140787071725,0,0
58,0.832617691458956,0.883326337921329,2,1,0.820533041449931,1,1
59,0.758037148503103,1.4400931972193,1,1,-0.206141937481583,1,1
60,0.224298434623051,1.43587578856305,1,1,0.0694329287819042,1,1
61,0.0592275653034449,1.45064910197132,2,0,-0.152937421350426,0,0
62,0.530690801078597,0.658296935411034,2,0,2.18533527479763,0,0
63,0.292840055032301,0.338492474226247,1,0,-0.646613496163048,0,0
64,0.111364262411371,0.124037757278156,2,1,1.41292471103764,1,1
65,0.448532136953323,0.523293743731071,1,1,-0.448344556780346,1,1
66,0.168573574628681,0.5084391881643,1,1,-1.80610381500753,1,1
67,0.743366916663945,1.60061120675796,1,0,-0.414912614538707,0,0
68,0.177741755906027,0.721205229489228,1,1,0.608418944571041,1,1
69,0.135905544575097,5.15495697667757,1,1,0.687786065161823,1,1
70,0.219460872758646,0.460006157610494,1,1,-0.829811786335155,1,1
71,0.324370413087308,2.74949501058068,1,0,-1.06716442539628,0,0
72,0.969381616398335,1.17784133398029,1,1,1.68983283031157,1,1
73,2.00344348131659,4.16149264822404,0,0,-1.43023811299741,0,0
74,2.51027799203041,3.66628859369102,2,0,1.02571774488414,0,0
75,0.465530600266078,1.45183207126818,2,0,-0.022691444114054,0,0
76,0.617322411102841,0.770397478115278,2,1,1.46619714514417,1,1
77,0.489920064989128,1.04156972256923,1,1,0.792335768194131,1,1
78,0.494880792684853,6,0,0,-0.334713233094386,0,0
79,1.43999875514748,1.50195981240483,2,0,-1.35671903492777,0,0
80,0.193019263388123,0.219192047750489,2,1,-0.977658801151135,1,1
81,0.668380658142269,0.917210581593634,1,0,-0.504130993268077,0,0
82,0.510195187932177,0.5888304368542,2,0,0.959056216017427,0,0
83,0.511601126372441,1.417834370858,1,1,0.0370646292874846,1,1
84,0.678449995440252,0.81160657453625,1,1,-1.42600850303488,1,1
85,0.128668131364975,0.480790356833181,1,1,-0.63572558244886,1,1
86,0.394511290825903,2.71906636254921,2,0,-0.215936841032941,0,0
87,0.0197370600653812,1.65888093689604,1,1,1.37159703418091,1,1
88,1.07945715304801,1.59606136378303,1,1,2.5167440129514,1,1
89,0.0673054752129126,2.44303568584115,1,1,-0.152212379373328,1,1
90,0.615872891891969,1.03029849538247,1,0,-0.402822199396964,0,0
91,0.0690516794716788,0.117139131057244,2,1,1.09324365184365,1,1
92,0.719364215593606,2.48990946292774,2,1,0.0519057846808851,1,1
93,0.136415506320255,4.33872527386734,2,0,-1.33269577670026,0,0
94,0.147440952648082,0.483079444390354,2,0,1.51903594669118,0,0
95,0.426552979042754,0.514337782660928,1,1,2.03973866786472,1,1
96,0.711390271782875,0.73538540050512,2,0,1.27809004794696,0,0
97,0.306254419847392,0.482021565892527,1,1,-1.28128449119144,1,1
98,0.169893633163816,1.15901763296538,0,1,0.987125325493401,1,1
99,0.151722461450845,0.20714704550896,1,1,-0.152061013818641,1,1
100,0.210523652445304,2.32257578921338,2,1,-1.10314434244068,1,1
101,0.296592928618035,1.641881448911,2,1,1.1823479141657,1,1
102,0.121041815145873,0.330384480101059,2,1,1.56459049280736,1,1
103,0.814245901393525,1.25079263181773,1,1,0.126214037753525,1,1
104,0.0575026002575366,0.193941976695979,1,1,-1.04879779581893,1,1
105,0.133872458711267,1.42516094658527,2,0,1.10638487146681,0,0
106,0.442007238436354,2.02956566163984,1,0,-1.12284288521552,0,0
107,0.810615733472452,2.92052626204428,1,1,-0.320240218371207,1,1
108,0.172559996426571,0.605203994128679,1,1,-0.895000360099215,1,1
109,0.298037722532172,0.398104241379638,1,1,0.0214276663742703,1,1
110,0.299785683454486,0.398418857448384,1,0,-0.903507773283556,0,0
111,0.42366984882392,1.0241822238887,1,1,1.94083422500456,1,1
112,0.352292414379172,1.25699379502209,1,0,-0.794165738523735,0,0
113,0.685391936832559,0.847538702083102,0,0,1.2259316628661,0,0
114,0.557808034328565,1.69176769449445,1,1,-1.05397912379627,1,1
115,0.771049658767879,1.85845867860659,2,0,-0.424466621956181,0,0
116,0.0421767039224505,0.574328620504056,1,0,-0.808578235102825,0,0
117,0.0461596817519852,0.406760889170411,1,1,-0.728569939260215,1,1
118,0.474617331288755,0.672128745834323,0,0,1.04766660679814,0,0
119,2.46814277581781,4.79347693591031,2,0,0.0972635208910076,0,0
120,0.179571172222495,0.247584484575078,2,0,0.143595390175343,0,0
121,0.0687441942864098,1.64052352204814,1,1,1.9553447903572,1,1
122,0.591013974153164,0.881657006510175,2,1,0.341731909084944,1,1
123,1.354387444444,2.79577964916075,1,0,0.155332756602665,0,0
124,1.03432757957825,1.47737733896987,2,1,0.20592607184108,1,1
125,0.67804507445544,1.31493918664525,2,0,0.203120492278313,0,0
126,0.112674824777059,3.18634561734956,2,1,-0.180630616498583,1,1
127,0.0725498326213372,0.259773246639598,0,1,0.428018490972562,1,1
128,1.01708738971502,1.97482102159209,1,0,0.898865333742144,0,0
129,0.775309154952193,1.10908813773887,1,0,-0.959152163946221,0,0
130,0.465525131672621,3.41779785478408,1,0,0.408304417807,0,0
131,0.193038135475945,2.12709555349606,1,1,-0.823672283809745,1,1
132,1.37321958132088,3.93061849599083,0,0,-0.131864129577447,0,0
133,0.426223195099737,0.718211014455308,1,1,-0.59237008078986,1,1
134,0.0949581616441719,0.652291552660812,2,1,1.31247168889529,1,1
135,0.418270907539409,0.421904603104085,1,1,0.493754501327435,1,1
136,0.80588692447339,1.25915920982758,0,1,1.21305884355893,1,1
137,0.0671019961009733,1.14723954844373,2,1,-0.815606779058375,1,1
138,0.172878030862194,0.562734244682422,1,1,-0.911636148998593,1,1
139,0.252457475665285,3.34695345722139,0,0,0.238856261561934,0,0
140,0.376075855165254,0.517494095965512,1,1,-1.22772823621952,1,1
141,0.136181826237589,0.258938495897275,1,1,-1.07317685545019,1,1
142,0.914728727219856,1.98451721052452,2,0,-1.28333065916613,0,0
143,0.42472066078335,2.33538532664309,1,0,-0.314446491982897,0,0
144,0.326475591573399,0.332443577716738,1,1,-1.06420469039652,1,1
145,0.0720342190470546,0.791847100102973,1,1,-1.27340347819444,1,1
146,0.463879019021988,0.910841629901344,2,0,0.101281088237435,0,0
147,0.370519431307912,0.704759564204561,2,0,1.20604692417336,0,0
148,0.201305873633828,0.277402343642059,2,1,0.0448002746346267,1,1
149,0.30080933123827,0.894212846954664,0,0,0.44743066677554,0,0
150,0.0437069344427585,1.54463924406707,1,1,1.0077060079076,1,1
151,0.176050473736934,0.606602933159733,2,1,2.91807042363588,1,1
152,0.201072243147237,1.36283461473445,2,0,-0.272562181686143,0,0
153,0.083672251785174,0.682024545029237,2,1,0.0631175228645114,1,1
154,0.435484350283452,0.475390736558935,2,1,0.230349273636348,1,1
155,0.949348118470923,1.3627627150466,0,0,-1.06627312476932,0,0
156,0.0833623518701643,0.431607004728972,1,1,0.148832906556378,1,1
157,0.44494420753029,1.05938689858413,2,1,0.223173937797818,1,1
158,1.99793229800391,2.15806839014376,1,1,-0.00583719529191827,1,1
159,3.08191021752048,4.15244424715638,0,0,-0.788847041342532,0,0
160,0.726241045605213,0.738333894695151,1,1,-1.11419968837468,1,1
161,0.199409226188436,0.769760017567064,1,1,-1.82852441712914,1,1
162,0.0595016648587937,0.0829556398187735,1,1,-0.709703316327836,1,1
163,0.130267144413665,2.16753376295404,2,1,1.27401507975923,1,1
164,0.159680379147176,2.50588913090379,2,1,-0.427720881791969,1,1
165,0.108573780395091,1.84040378020433,2,0,-0.199598140314547,0,0
166,0.232105299364775,5.06589985313382,0,1,-0.955290497735923,1,1
167,0.694889069299114,5.16875432151397,2,0,0.0577149391252367,0,0
168,0.336898198293056,0.506574713538464,1,1,-0.932424145685132,1,1
169,0.17748470796505,0.419946986554422,1,1,0.194734738956866,1,1
170,0.0632236293925187,0.969666781741037,1,1,0.482200788557944,1,1
171,0.242246955633163,1.20362217990399,2,0,0.162515731023248,0,0
172,0.0876739743455783,0.660525909506183,2,1,0.242157154328004,1,1
173,0.406262267006359,1.35337209264805,1,0,0.15438419522001,0,0
174,0.159272566437721,0.19485063901917,1,0,-0.733407544678725,0,0
175,0.261579407913585,0.831480511102858,1,1,-1.05729180423745,1,1
176,1.3332629557699,3.47061990375375,1,0,2.12960237871176,0,0
177,0.153365861915518,0.30323233660098,2,1,1.17378595878863,1,1
178,1.3253587288782,2.01664345515553,2,0,1.34423836877408,0,0
179,0.220213728841132,1.60440698731999,1,1,0.763323310938226,1,1
180,0.468589315190911,1.44637689471714,2,0,-0.830886003472376,0,0
181,0.199999479518738,0.206545537633045,1,1,1.4189769518055,1,1
182,0.0523449618903534,0.263610261900737,1,0,0.477343334933099,0,0
183,0.157592496241314,0.340868494779291,1,1,-1.09442618819221,1,1
184,0.0143599417060614,0.029175329647539,1,1,-2.35796826768221,1,1
185,1.61694404778631,1.92670396218697,0,0,-0.844074514746933,0,0
186,0.191670732572675,0.894380364608841,1,0,-0.652049427173528,0,0
187,0.205013751983643,0.423495111609398,2,0,1.72853546889843,0,0
188,0.569064403199348,1.19315308426724,0,0,-1.32808162965351,0,0
189,0.150416627584491,2.85703637700443,0,1,0.253267086405613,1,1
190,0.0883389348164201,0.451950449675189,1,0,-0.00799341044061261,0,0
191,1.79383367736833,3.99668169028117,2,0,-1.36992836874903,0,0
192,1.2938607786257,1.55756982654018,2,1,1.66154990022267,1,1
193,0.119361593388021,1.24512583017349,0,1,-0.0277502871115714,1,1
194,0.153221891669091,0.804267942903559,2,1,0.101623079541359,1,1
195,0.58650003801734,0.730479834210767,1,1,-0.310547606650676,1,1
196,1.15031553898007,2.32251680242771,2,0,1.57709822963688,0,0
197,0.308477583393013,0.413811961797304,1,1,-0.0983462648614378,1,1
198,0.259260389022529,0.482631648168102,2,0,0.0963743243199357,0,0
199,0.557202528230846,1.32448706855732,0,0,-0.229575388509409,0,0
200,0.266773732060526,1.74457473473914,1,1,-0.314753757939237,1,1
201,0.0408046280371469,0.944369022325661,1,1,0.654926625999037,1,1
202,1.12419989370407,2.22216182932377,2,0,-0.08213251733854,0,0
203,0.291002529974621,3.98575113465389,0,0,-1.30545662197764,0,0
204,0.187961504561827,1.78634342427055,0,1,1.33995414367491,1,1
205,0.59113781619817,3.12236481035749,0,0,-0.541377179939277,0,0
206,0.182275597937405,0.979704504418369,1,0,-1.31304381969031,0,0
207,0.114345963203449,0.177057665277178,1,1,-1.53482947547401,1,1
208,0.257641017669812,0.334610504867226,0,1,-1.76794422095524,1,1
209,0.331269389515663,1.15762231291567,2,0,-0.943741734861396,0,0
210,0.0678481807699427,1.01481671246261,1,1,-0.37241599213136,1,1
211,0.867567988453739,1.91160765220804,1,1,0.789142114210355,1,1
212,0.448766827058593,0.910029962599586,2,1,1.55982725353398,1,1
213,0.128728218551259,0.696505627123223,2,1,0.282203574123223,1,1
214,0.371228289732244,0.788070562606057,0,1,-0.511052410014166,1,1
215,0.473544849971707,0.858879215079176,2,0,1.42969447642359,0,0
216,0.172940887510777,0.974696613043152,1,0,-0.205008172788853,0,0
217,0.170952256012242,1.17356875318591,2,1,0.433799868952793,1,1
218,0.101766401785426,2.80907804908767,2,1,-0.334273879655715,1,1
219,0.450859263592913,0.450939003432141,1,1,-1.4580494144938,1,1
220,0.727347808675465,1.25060395337641,0,1,0.375634618265174,1,1
221,0.189778083004057,0.551707574350306,1,0,-0.241090702730716,0,0
222,0.271698185588941,0.39695989145979,1,0,-0.305726925765484,0,0
223,0.288158038747497,0.850146316630929,2,1,-0.0385546792761788,1,1
224,0.12241414041243,1.2438120640659,1,1,-0.0353645739698588,1,1
225,0.587832833640277,0.911960438008606,1,0,0.144186872864004,0,0
226,0.392099012620747,5.08734121970726,1,0,1.26578175092442,0,0
227,0.430053903837688,1.86387522801201,1,1,0.452073577000203,1,1
228,0.499225817698765,0.755476792180677,1,1,0.739902171064592,1,1
229,0.00060710199873786,0.274825631501997,2,1,0.775147460732312,1,1
230,0.288758372480515,0.71204756563309,1,1,-0.0917723969092958,1,1
231,0.312310186563991,0.38070188050626,2,1,1.00287777355695,1,1
232,0.162442894361448,0.76118342381453,1,1,0.276753335492658,1,1
233,0.016281327980898,0.554779095170645,1,1,0.201525252780402,1,1
234,0.988338274740914,1.44586916081607,0,1,-0.112578091370261,1,1
235,0.692334873015091,1.8167608459921,0,0,0.591135971088386,0,0
236,0.213450834562536,0.414649193213032,1,1,0.649923871069936,1,1
237,0.123535408929456,0.996337032756377,2,1,0.130948954375418,1,1
238,1.83451538152041,1.88342053753634,0,0,0.0680959876941572,0,0
239,0.234787497029174,0.758000016558163,1,1,0.383334660009843,1,1
240,0.227365938771982,0.322509558368369,1,1,-0.280929182378965,1,1
241,0.686588576516191,0.77987687351803,0,0,0.0194211903705243,0,0
242,0.575953322047098,0.7402820258978,1,1,-0.181279100960145,1,1
243,0.0175722104561052,2.19201956565181,0,0,0.62971873838322,0,0
244,1.96425287641813,1.98155420026744,2,0,-0.994025559193824,0,0
245,0.735062989406288,1.04218579376372,2,0,0.519499940408242,0,0
246,0.107486718334258,0.724476535494129,0,0,-0.714194005402108,0,0
247,1.15430578118527,1.81061568307518,2,1,-0.223084922035187,1,1
248,0.989130191504955,3.13794902836283,0,0,-0.190801383764533,0,0
249,0.502394577981578,1.57489843976994,0,0,-0.865092691603587,0,0
250,0.396677544340491,1.07864272343725,1,0,-0.549990342237888,0,0
251,1.89143141909483,2.13682970008325,2,0,0.851467769314284,0,0
252,0.201130027126055,0.59628717514766,1,1,-0.722744618487939,1,1
253,0.734264642000198,2.27950595151303,2,0,-0.729708925047102,0,0
254,0.0443523586727679,0.753759320502156,1,1,0.0528069229865332,1,1
255,0.0903962706110504,0.709110291701839,1,1,-1.0498595139149,1,1
256,0.696256773054421,2.20601688328929,2,1,-0.260293832122201,1,1
257,0.0957673280380389,1.10712712317015,2,0,0.761998236675064,0,0
258,0.476788150236763,0.950378365306476,0,1,-1.04747655995461,1,1
259,1.07987780243158,1.83435268060448,2,0,0.795217674262382,0,0
260,0.142801697656978,1.96175655812901,1,1,-0.310168019190301,1,1
261,0.0545688674901612,0.910860000720244,1,1,-0.746191559042426,1,1
262,0.699405267834663,1.74889836699976,0,0,1.01275699771124,0,0
263,0.0756944809108973,1.29415645435688,1,1,-1.45659776112266,1,1
264,0.0593984613078646,0.304155892785153,2,1,1.57422203591845,1,1
265,0.0604714918881655,0.135424522742903,1,0,0.00983694288528405,0,0
266,0.424410671927035,1.54399250659873,1,0,-0.0193317827314083,0,0
267,0.131926203146577,0.473831974285718,1,0,-0.417140102005649,0,0
268,0.0157290397328325,1.20373408246219,1,1,0.693344770933619,1,1
269,0.241582272574306,1.09128125725666,1,0,-0.396396539575841,0,0
270,0.12435153956056,0.95487251256903,0,1,0.551378342502431,1,1
271,3.30425862416354,4.24585550278561,2,0,-1.35838980095441,0,0
272,0.234776449452015,1.63831961211511,1,1,0.948635625559038,1,1
273,0.77222653662023,1.51385454400063,1,1,-0.166542255310432,1,1
274,0.299569882336073,0.654202028371603,1,1,1.05593304117675,1,1
275,1.26197973726654,1.44993576159388,1,1,-0.118379985051344,1,1
276,0.366029655851889,0.613452987066543,1,1,-0.457539308416787,1,1
277,0.352196344174445,0.701958689470479,2,1,2.11624435098267,1,1
278,1.80756570248756,3.19643885224609,1,0,-0.0233331461127854,0,0
279,0.3578035896644,1.63972339605788,1,0,-1.92509903796976,0,0
280,0.236598453775514,0.424545373516364,1,1,-3.5435681993155,1,1
281,0.237886641698424,0.386104619226748,1,1,-0.200553493838102,1,1
282,0.00863560076844641,0.193726757838384,1,1,0.0945137237475109,1,1
283,0.7744429288432,3.0439523219266,0,0,-0.113203890467969,0,0
284,0.341084004528986,1.44859533957806,2,0,-1.22576844452619,0,0
285,1.39935804895105,2.40549749234279,1,0,0.363720828769268,0,0
286,0.161735386645887,0.292601015164799,1,1,-0.501179432995511,1,1
287,0.265594855591189,1.4563359492453,1,1,1.11086562582181,1,1
288,0.47360799796582,1.34016461134355,2,1,-0.264299944035778,1,1
289,1.27691544778645,2.52309698439738,1,0,0.869444888526343,0,0
290,0.690479633398354,1.94190954054411,1,0,0.0100600454241664,0,0
291,0.737327658283682,4.18224304848319,2,0,-0.526865057464573,0,0
292,0.00322816320642975,0.23401911438698,1,1,0.553510040559015,1,1
293,0.321793189446427,2.89140269379518,2,0,0.923618099607019,0,0
294,0.840844064924687,1.14965392039706,1,1,-1.52862615897526,1,1
295,1.45230156733635,2.36522014582589,1,0,1.95376011975038,0,0
296,0.0304340139119961,0.390733445828971,1,1,-2.07069872196236,1,1
297,0.296619801374618,0.543165064106385,0,1,-1.27522233554456,1,1
298,0.12264672231346,0.257255035289195,1,1,-0.255997170412622,1,1
299,0.0804947328288108,0.325297236904237,1,1,1.08946259208278,1,1
300,0.489230056293309,3.001212249608,2,0,0.422663901886982,0,0
301,0.159870445166445,0.314241431400755,2,1,-0.951355179114686,1,1
302,1.3694374434326,1.56973526805881,2,1,1.39880355418273,1,1
303,0.348734136971425,0.769126617039243,0,0,-0.0550620794625323,0,0
304,0.268867654959024,0.604851260705916,1,1,-1.35118391584513,1,1
305,1.48200307219269,2.97345283087544,2,0,-0.810878180963959,0,0
306,0.837655729614198,2.25066534747709,0,0,-0.239905972123332,0,0
307,0.0361679622437805,0.624818979556708,2,1,-0.308183976474438,1,1
308,0.0893126119626686,1.14645369381118,1,1,0.443525703986267,1,1
309,0.0228126334779178,0.569868943900356,1,0,-1.15934275514479,0,0
310,0.324626845307648,0.973285346944736,1,0,-0.0807299446123684,0,0
311,0.0124930287711322,1.47791946351232,1,1,2.04526656449694,1,1
312,0.360512735205702,1.32026596398067,2,1,-0.0650495724344887,1,1
313,0.0526033893001293,0.620562287123898,1,1,-0.839097337283037,1,1
314,0.288684723200276,0.503055300732011,1,1,1.28704992138222,1,1
315,0.793805472759351,0.865036794172864,1,1,0.354733341739468,1,1
316,0.125914023719847,2.68837874636297,2,1,-0.440847511011068,1,1
317,0.0495088184834458,1.25349102561636,1,1,-1.17540317407364,1,1
318,0.129404586041346,0.614864015730751,1,1,-0.273939244809216,1,1
319,0.0667076784884557,0.833816023136128,1,1,0.495559468324862,1,1
320,0.417030451353639,0.8894982852783,1,1,-0.866711355056323,1,1
321,1.54988394239088,3.08969915335272,0,0,-0.186391151315085,0,0
322,0.183150440861937,0.265362582174215,2,1,0.440050497643797,1,1
323,0.270080898480956,0.753301211232308,2,1,0.979592676916767,1,1
324,0.571101858279495,0.635740726852149,1,0,-0.0339428752035673,0,0
325,0.107730173913296,2.14274793590022,1,1,0.352855190706914,1,1
326,0.0039529294488612,2.03582303598523,0,1,0.0292090573194733,1,1
327,1.53554958174508,1.56603723971993,1,1,-0.379104186008462,1,1
328,0.753977517597377,1.56771112809486,1,0,-1.37232073676569,0,0
329,0.1956643210724,1.61841957342843,2,0,-0.0870289313670925,0,0
330,1.35981888324022,1.78872256801828,1,0,0.165999395607216,0,0
331,0.0585745667922311,0.747054606130796,1,1,0.610987614799796,1,1
332,0.588471300990142,2.80727507399955,1,1,0.149307224012972,1,1
333,0.0616194575559348,0.753275820364555,0,1,-0.659864509050945,1,1
334,0.218677267839666,0.630193835072887,2,1,-0.00585645577180035,1,1
335,0.270693303085864,0.716314747308691,0,0,0.450811073119885,0,0
336,0.0422405867720954,0.43734461525382,0,1,-0.766172288680333,1,1
337,1.94753068939269,4.83948322735479,2,0,-1.30212782641215,0,0
338,0.644162147999851,1.99319070515533,0,1,0.236979072965221,1,1
339,0.175631507008802,0.2272488818576,2,1,-0.298547648677814,1,1
340,0.0185928517021239,0.584544487821187,1,1,-1.12091138137044,1,1
341,0.184467361725665,0.730247833137563,1,0,-0.0427427539120712,0,0
342,0.0277465750853729,0.770471799899467,1,1,-0.838546188530699,1,1
343,0.41039575880859,0.839253136360368,1,1,-0.0850053869123415,1,1
344,0.504332496758372,1.13425986572073,2,1,1.23847057160468,1,1
345,0.955977766774595,1.20018979054794,1,0,1.0449156794625,0,0
346,0.232718622649354,0.269187722662197,2,0,0.792541699357183,0,0
347,0.413502797891852,1.31383300519381,2,1,1.09621798893206,1,1
348,0.0341700238206168,0.272319475344893,2,0,0.377433067397857,0,0
349,0.162624372060478,1.13051387681022,1,1,-0.153332963920793,1,1
350,0.459676433354616,1.27430130763657,1,0,-0.222996823598877,0,0
351,0.0514407576611593,1.22944816549655,2,0,0.0229824339447604,0,0
352,0.332137847319245,2.04555195101219,2,0,1.14116988423434,0,0
353,2.46418287410381,3.14997398665884,2,0,-1.34824810080167,0,0
354,0.456651083141778,0.64815450474266,1,1,0.447489269246237,1,1
355,0.157873433490749,1.28145408997465,1,1,1.06020340327611,1,1
356,0.157833611301612,1.02144434018519,2,1,1.31310300123751,1,1
357,0.474301829526506,0.499348531544075,1,1,-1.50540233675348,1,1
358,0.356454597786069,1.39445548859379,2,0,1.21336701402972,0,0
359,0.133826022210997,0.403050259867132,2,1,0.874772662447734,1,1
360,3.72036825848703,4.42172502788405,0,0,-0.409319067687819,0,0
361,0.108810054371133,0.11705130797391,1,1,1.25962075054279,1,1
362,0.130645524503284,0.491923329946756,1,0,1.33358567443212,0,0
363,0.400186017213855,1.21398246847093,0,1,1.26578244039533,1,1
364,0.623875157221564,0.712882351197312,1,1,0.446649746876846,1,1
365,0.426096068695188,0.709941004090237,2,1,1.13773756235957,1,1
366,0.457892231034868,1.63867132738233,0,1,1.37862236142271,1,1
367,0.0737522263079882,1.475143748734,2,0,-0.426094143719357,0,0
368,0.191886216052808,0.224794529127409,1,1,-0.16311703645202,1,1
369,0.279472201364115,0.587035814949964,1,1,-2.04956705027257,1,1
370,0.030345412445395,0.677242627244561,0,1,0.979684679779875,1,1
371,1.61167672640624,1.68020262032032,2,0,0.347819569619043,0,0
372,0.0421806713323439,2.07520057166438,0,1,0.0672539145913363,1,1
373,0.376736152102239,0.501953344488745,2,1,0.26867104910743,1,1
374,0.34362031792339,0.406535163744792,1,1,0.291352245325256,1,1
375,0.297845294894733,0.682347272183927,1,0,-0.507031628364836,0,0
376,1.56820954388534,2.04589747851702,2,0,1.76304420810078,0,0
377,1.15254675596952,2.86760667051547,2,0,0.612640668293451,0,0
378,0.0298164319247007,1.42852684535421,2,0,0.337074034798987,0,0
379,0.408872066764161,0.545534016286779,2,1,0.345390100035451,1,1
380,0.00392576204834731,0.888357151021068,1,1,-0.999161388231874,1,1
381,0.400556611130014,0.525264853002023,2,1,1.0978934109088,1,1
382,1.62349578260044,4.76112485584089,2,0,0.309869446036526,0,0
383,0.287948512472212,1.41319222778362,2,0,-0.285537408092487,0,0
384,0.465011349270873,1.70188716694878,2,1,-0.578344970855501,1,1
385,1.14457280095667,2.94178519134895,1,0,-0.721378075282252,0,0
386,0.216017560102046,1.3487018771866,1,0,-1.04398025298887,0,0
387,0.139532806427939,0.689994997244472,1,0,0.458171621950909,0,0
388,0.567806299775839,2.66224350060538,1,0,-0.000639396968528229,0,0
389,0.595407032012232,1.69133039284513,2,1,0.512852115241512,1,1
390,0.6832095648598,1.31806684435594,2,1,-1.09378211764518,1,1
391,0.151275378593709,1.00573888075477,1,1,-1.63999782002883,1,1
392,3.05293451232796,5.58607727460425,2,0,-0.430970438767166,0,0
393,0.237949201776555,0.272495771187109,1,0,-0.659833745858143,0,0
394,0.533476080311372,0.608535814830874,2,1,0.419508005156945,1,1
395,0.202457671693992,0.404331916362669,1,1,-1.44933616572901,1,1
396,0.131172973662615,0.876194617400567,0,0,1.92052067932709,0,0
397,0.551002880558372,3.96966608599541,2,0,-0.530761485211452,0,0
398,0.143293401924893,0.161321285111998,2,1,1.987578205212,1,1
399,0.208230876305606,1.36924922365955,2,1,0.144759125120254,1,1
400,0.0647444729111157,0.979677000211525,1,1,0.624932095776669,1,1
401,1.056207225658,1.81727977667195,1,0,0.493837009419005,0,0
402,0.16615319007542,0.176836928292722,2,1,1.11450446064816,1,1
403,0.255778972838744,0.37022074063619,0,0,-1.11281966533251,0,0
404,0.326515191991348,0.995145297629899,1,1,-0.104189277040637,1,1
405,1.5145012269819,4.00855449028313,0,0,-2.31009560131011,0,0
406,2.48516969001832,3.74314769171178,0,0,0.51946616275013,0,0
407,1.3562457729131,1.46175689995289,0,0,-0.779240655130939,0,0
408,0.45052775926888,0.829793524128225,2,0,0.0646807891114966,0,0
409,0.231644787709229,1.6611397104808,1,1,0.143514513494831,1,1
410,0.329433230508585,0.85939097134644,1,1,-1.70067011891307,1,1
411,0.0864395376998921,0.420127912570716,1,1,0.177272126586141,1,1
412,0.470038871280849,0.884079477336101,2,0,1.94798715972644,0,0
413,0.116763444061426,0.674026588035736,1,0,0.306853557419319,0,0
414,0.190215788720232,0.721194465419999,1,1,-0.884732612645552,1,1
415,0.197827961295843,0.994454438991701,2,0,-0.947113420093295,0,0
416,0.205944124609232,2.35323779007211,0,0,-0.0722525631891519,0,0
417,0.317629544413908,1.12799138777984,1,1,0.0175042166260688,1,1
418,0.0681400614564712,0.363196997256004,1,0,1.86168322133362,0,0
419,0.0304848103270744,0.458295866847038,0,1,-0.924096099023527,1,1
420,0.539904976163828,1.86996953562554,1,1,0.188646980095692,1,1
421,0.0658105924958363,0.130720965295191,2,1,0.673553581779264,1,1
422,0.20042048512413,1.01935743619253,2,1,0.665949345189157,1,1
423,0.192195238075229,2.93863242869357,2,1,0.181465439496453,1,1
424,0.429053530679084,0.573676455039082,1,1,-2.34082011585051,1,1
425,2.48586611068788,2.87365935051242,2,0,-0.301589682717615,0,0
426,0.14967737661209,1.31821105258907,1,1,-1.03056815282349,1,1
427,0.194705714820884,0.363772630429091,1,1,-0.869760732975621,1,1
428,0.500521581391511,1.10397014472332,2,1,1.48755252769738,1,1
429,0.131580347774018,0.337890721857548,0,1,2.05068830209105,1,1
430,2.46809971510413,3.62761071088054,2,0,-0.8681773052289,0,0
431,0.21210602222709,1.24964876089261,2,1,-1.1192712971927,1,1
432,0.114553044550121,0.247942611929513,0,0,-1.68413285153806,0,0
433,0.0459739656071179,2.27628336317889,1,1,0.942190208023596,1,1
434,0.187681941867295,1.09419550837415,2,1,-0.384611120813314,1,1
435,0.655661249739871,0.777195102021387,0,1,1.01930118320176,1,1
436,0.72399540990591,0.994129223638669,1,0,0.540622488793323,0,0
437,0.150408429035451,0.208665781076051,1,1,0.338019515990977,1,1
438,0.0993953447323292,2.01807090271966,1,1,-0.318029891554715,1,1
439,0.110423942483826,1.5651771829774,0,1,-2.68906623026256,1,1
440,0.0865060731302947,1.03569596175355,2,1,0.173739283264432,1,1
441,0.220455125660423,1.54944327333145,1,0,0.372217228821346,0,0
442,1.08297420893201,2.49626699082897,2,1,-0.198559616355919,1,1
443,0.150624245405197,6,0,0,0.288210267173359,0,0
444,0.0420546634122729,0.453376172270642,2,0,3.88098678557579,0,0
445,0.171025601215661,0.189541140452838,1,0,-0.846499528627058,0,0
446,0.18066442885497,1.0058778875841,2,1,1.98492568230718,1,1
447,0.05566147627402,0.559552261266498,2,1,0.321461253409818,1,1
448,4.47871779252715,6,0,0,-0.409689000061223,0,0
449,0.900281480220576,2.63307401485574,1,1,0.585260682258476,1,1
450,0.00314098381189673,0.191691244827626,1,0,1.06719757795012,0,0
451,0.391163029999007,0.611670685392229,2,1,-0.113053701951937,1,1
452,0.413847187533975,2.47260915608515,2,0,0.517848313731609,0,0
453,0.0216083871782757,0.0369984355685258,1,1,-2.06451406013915,1,1
454,0.0290230555026628,0.134677483094776,2,0,-1.04937868965218,0,0
455,0.362855898216367,0.498371290050848,2,0,1.69568886158941,0,0
456,0.242010431364179,0.678483765540785,0,0,-1.32824565761045,0,0
457,0.337930844107177,0.365975668873179,1,1,0.193223346343565,1,1
458,0.210110282641836,0.578863035193292,1,1,-0.314180211705354,1,1
459,0.395576785958838,0.561431502659169,2,1,0.507181678637288,1,1
460,0.215391963720322,0.512469210516699,1,0,-1.34164050491557,0,0
461,0.247763016638565,0.267665437237193,1,0,-2.27068933508163,0,0
462,3.75172617642169,6,0,0,-0.290073376863789,0,0
463,0.289770558599488,1.24650441149538,1,1,-0.509273538711108,1,1
464,0.257559811763292,1.01619998828032,1,1,0.00566675774445221,1,1
465,0.335979278971456,1.78814923313204,2,0,-1.24875030499319,0,0
466,0.167016232153401,0.634461559143297,2,1,0.284277082345993,1,1
467,0.0043008747161366,2.1272273433086,1,1,1.22649242120766,1,1
468,0.131137834105175,1.30193651132703,1,1,-1.30178414150294,1,1
469,1.18873688019812,1.82598125499984,0,0,-0.547317761094331,0,0
470,1.16155779734254,2.30702139686804,1,0,-0.172396524325667,0,0
471,0.609629015438259,0.979804234051425,1,0,0.555465164873165,0,0
472,0.866368237882853,2.57410348012532,1,0,2.27522276654634,0,0
473,1.44865396610441,4.18477500723961,1,0,0.770074533929084,0,0
474,0.204260065344565,0.239879687431746,1,0,1.63047486424444,0,0
475,1.223234212026,2.06977925825398,2,0,1.2192363065808,0,0
476,0.00508030352648348,0.556458800600888,1,1,0.923683243275811,1,1
477,0.127408209667078,0.538105622261555,1,1,-1.04171620364391,1,1
478,0.553827607194557,0.939922380223439,0,0,-1.26659294668147,0,0
479,1.86090449326414,2.75299667712482,1,1,0.761910809390527,1,1
480,0.468275903605187,0.609354916362364,2,0,0.995559286057034,0,0
481,0.551786504193962,1.6126656597191,2,1,0.687114047351009,1,1
482,0.071749901981093,1.02964273293909,1,1,-0.621448000930163,1,1
483,0.564784932622507,0.955852297076871,1,1,-0.477161399506509,1,1
484,1.65709028621147,4.22096504821871,1,0,0.931537117584754,0,0
485,0.549264178611338,0.975852532818852,1,0,-0.157788983926866,0,0
486,0.722270007087985,0.821660850089691,1,0,0.389193601299934,0,0
487,0.948516117408872,2.17844508787028,2,0,1.43223179691786,0,0
488,1.5740177425647,6,0,0,-0.713828384315426,0,0
489,0.468099476976141,0.915788506365153,1,1,-0.0102286802052004,1,1
490,0.340107205556706,0.727539707743377,1,1,-0.189091079251628,1,1
491,0.30111536703771,0.318932660544912,0,1,0.497934619344674,1,1
492,0.248459157010075,1.00495211609733,2,1,0.0913378825049418,1,1
493,0.0235220692698448,0.191808979747873,1,1,-0.646863404907244,1,1
494,0.708742776885629,1.59974240243563,2,0,0.654535873329502,0,0
495,0.452418539097827,0.816056005259944,1,0,-0.48989678109149,0,0
496,0.0392507890181484,0.287924218556235,1,1,1.2032118177502,1,1
497,0.0292974745609927,0.689126881580056,2,1,-0.614784948494043,1,1
498,0.294659464199463,1.08246310840886,2,0,-0.203625479802308,0,0
499,0.619245815879487,0.812619855332941,2,1,0.839332645171584,1,1
500,0.244947115890682,0.719974548109961,1,0,0.607738413733641,0,0
501,0.0494167071883567,2.17365700031037,2,1,1.22977097591049,1,1
502,0.760598970577121,0.869654406764197,2,0,1.26868006490313,0,0
503,0.390664603561163,0.53345701619452,2,0,0.983952094850204,0,0
504,0.306743631431054,1.34059132291127,1,0,-0.0844272161797675,0,0
505,0.186673310326789,0.461756078382359,1,1,-0.101304440012244,1,1
506,0.76228908493352,0.938171600796979,1,1,-0.0791153099618022,1,1
507,0.268504361156374,2.84375556040015,1,1,-0.892754596591492,1,1
508,0.517588612248011,1.2294600839038,1,1,-0.175075960601853,1,1
509,0.327580156736076,3.11603244489019,2,0,-0.212978404076365,0,0
510,1.38863690002801,2.84364554823714,2,0,-1.23235422308796,0,0
511,0.46703188941215,0.795739706015018,1,0,-0.964855486116722,0,0
512,0.175745098851621,0.603611627672359,1,0,-1.68743060603049,0,0
513,0.0863923382712528,0.135666546246566,1,1,-1.19256247860692,1,1
514,0.435578714797095,1.64960810557095,1,1,0.172047110061717,1,1
515,0.187655589263865,0.986965525686292,1,1,-0.281202890962217,1,1
516,1.46828291743043,1.68431760208629,2,0,0.412234516268049,0,0
517,0.136341727338731,0.745851424873547,2,1,2.43844319227874,1,1
518,1.42424960901663,3.16954881441816,2,0,0.746195299706539,0,0
519,0.116767817526124,0.721153086203803,1,1,-1.47396762675508,1,1
520,0.126455156132579,0.29856724389638,2,1,0.440446235883556,1,1
521,0.30306510918308,1.44080877152656,1,1,-0.30390111619346,1,1
522,0.335955727787223,0.39187248693799,1,1,2.19014826202199,1,1
523,0.209698706457857,0.280437391572691,2,1,2.37600133287747,1,1
524,0.186705354426522,0.207521577521004,1,1,-1.98748998133453,1,1
525,0.170876393676735,1.3360774746521,1,1,-0.797457931949211,1,1
526,0.441955508987241,0.926490709933205,1,1,-0.693593932703788,1,1
527,0.807929743081331,5.37541920516607,0,0,-0.352875245377108,0,0
528,2.05917121712301,3.98317353236246,2,0,1.45132626800191,0,0
529,0.039150700031314,0.0478502715903312,1,1,-1.61170905129158,1,1
530,0.222850418155455,1.49214041729768,0,1,-0.602667705531268,1,1
531,0.172841115316927,0.845501918216452,1,1,-0.714144229585935,1,1
532,0.0225287204375491,0.281576489408811,0,1,0.00562561804943165,1,1
533,0.250701638869941,0.93243261651978,1,0,1.28610332460566,0,0
534,1.42871052390876,1.90035898557254,2,0,0.982595057987071,0,0
535,0.386187751321551,3.76318187445546,2,0,-1.03817702179629,0,0
536,0.364065054745879,0.755313013047653,2,1,0.120195895068812,1,1
537,0.360902137123048,0.641876112825565,2,0,0.614852486076644,0,0
538,0.0109019180062646,4.16211127107586,1,0,0.603159220425866,0,0
539,0.166111747676041,0.737400383936462,0,1,2.31685755380035,1,1
540,0.250431109612348,1.7743630183633,1,1,-0.265864396007222,1,1
541,2.94403544051533,3.05510190866939,1,0,0.837218988619387,0,0
542,0.0953359200502746,1.0233997178264,2,1,0.785013314180486,1,1
543,0.114922371285502,0.130678145721072,1,1,-0.730306378385798,1,1
544,0.348775181919336,0.405130808121417,1,1,-0.943599881656196,1,1
545,0.462623328901827,1.32207199805307,2,0,0.627235395187101,0,0
546,1.88230557172539,4.6105015960842,2,0,0.986108317623617,0,0
547,0.657729459318154,0.842545361165247,1,1,-1.49174663311259,1,1
548,0.777084902484723,5.37697383712906,1,1,1.21320469073626,1,1
549,0.530491173271409,2.69679183309788,1,1,-0.0780679938394602,1,1
550,0.417991536628696,1.83421940259174,1,0,-0.885413540668011,0,0
551,0.168466602335684,0.37999488341164,1,1,0.621724200653326,1,1
552,0.675121184877873,0.803300501785783,0,1,0.713298256400035,1,1
553,0.320538684027269,0.68653643441697,0,1,0.538728996511258,1,1
554,0.217634469205148,0.25261907387496,1,1,-1.53795046154803,1,1
555,1.00896336697042,1.90943913740126,2,0,0.315123051706163,0,0
556,0.0974348969544655,2.27446317411805,0,0,0.343505506779984,0,0
557,0.00777360847496809,2.14663357506331,1,0,0.127202165390079,0,0
558,0.0695230453857221,0.76724178502625,1,1,0.925341826088274,1,1
559,0.710353612446363,0.935102975842336,1,0,-1.21478670763411,0,0
560,2.77102638586404,5.06213054925041,2,0,0.243687383865196,0,0
561,0.0668859428919725,0.0822462089159004,2,0,0.173359431858262,0,0
562,0.634850659407675,0.856546870145828,1,0,1.39100188747996,0,0
563,0.481863055378199,1.85052543188639,1,0,-0.113624136042624,0,0
564,0.560482667134964,0.737652449892952,1,1,-0.314096416892542,1,1
565,0.388405360281467,6,0,0,-1.10466159679526,0,0
566,0.0713133903523265,0.250454618457493,2,1,1.63470439348363,1,1
567,0.352254305907991,0.376212596358076,1,1,0.215700297749745,1,1
568,0.823367637905114,1.14946870443722,0,1,-0.402416835888336,1,1
569,0.80044037848711,0.835791136212981,2,0,0.564183461279448,0,0
570,0.889026650640756,1.96320522790992,1,1,0.311455738692272,1,1
571,0.177315805898387,1.62353639660626,1,1,0.602899835820429,1,1
572,0.149762381333858,1.21626107399468,2,1,-0.283520599866093,1,1
573,0.137327688560757,0.267450789401959,0,1,1.14440239770865,1,1
574,0.617069454231406,2.02607027664532,1,1,-0.381308316358414,1,1
575,0.185559174860828,0.206299864063717,2,1,1.34012882596513,1,1
576,0.140133563254494,0.648514346501318,1,1,-0.943929671888999,1,1
577,0.0177350788726471,0.706747624513797,1,1,0.543844684875038,1,1
578,0.587321737522081,1.19745302055539,2,1,0.711260891711665,1,1
579,0.120287140016444,1.62225472350474,2,1,0.877572676541696,1,1
580,0.141823181475047,0.663010291945124,1,1,-0.67198121498076,1,1
581,0.035625378846651,0.402781695647146,2,1,2.02730042038967,1,1
582,0.940570161858216,1.2411786275482,1,1,-0.181924079239464,1,1
583,2.6123196761215,3.35819613529198,2,0,-0.168566941990447,0,0
584,0.668687650441945,1.35236733635648,1,1,0.62281740822291,1,1
585,0.0862305253394879,0.603354611353521,1,1,2.836146582545,1,1
586,0.25252918334445,0.818675968134901,1,1,0.864641317553746,1,1
587,0.170413812956632,1.4127914882366,1,0,0.417435399674373,0,0
588,0.326814803411253,0.565067455465146,2,1,2.04657826803209,1,1
589,0.0345474373053347,2.40117257460952,0,1,-1.44375114812714,1,1
590,0.0933116537635215,0.42238078184391,1,1,0.171577623913415,1,1
591,0.0767763436306268,0.275341180327431,1,1,0.342181145979532,1,1
592,0.0852190345176496,1.68619838723312,1,1,0.335597947043677,1,1
593,0.041708916425705,2.4836171790286,1,0,-1.01996351066698,0,0
594,0.0696237990632653,0.266480784242352,0,0,-1.11828839903478,0,0
595,0.105422789347358,0.275790501313459,2,1,-0.329028163893275,1,1
596,0.144946127838921,0.612895349192684,1,1,0.69277100566953,1,1
597,0.154874714847378,2.9344628252625,1,1,-0.897098977331988,1,1
598,0.115531288902275,0.677149422971534,2,1,1.47137000433708,1,1
599,0.13257400598377,0.43719257251757,0,1,1.47763248872982,1,1
600,0.0193099140149664,1.54692115291893,2,1,0.0455593214284764,1,1
601,0.467429871761061,0.472595758512663,0,1,0.745896076505137,1,1
602,0.186133699899074,0.960278134809653,1,1,-1.21457010382463,1,1
603,0.0673563063259603,0.65460813441403,1,1,0.26707457133216,1,1
604,0.124218570999801,0.216756981254316,1,1,-0.542439227540357,1,1
605,3.43263108340019,4.46314485433201,0,0,-0.243287357017162,0,0
606,0.434527151286602,0.501962018570278,0,0,0.849745581668917,0,0
607,0.0475462642498314,2.33768300405184,2,1,1.09477648715892,1,1
608,0.123297432094772,0.712938033071151,2,1,0.925860830764894,1,1
609,0.295865657283079,1.19814454923124,2,0,0.29841614479264,0,0
610,1.06324842851609,2.75752892915809,1,0,-0.107612607116778,0,0
611,0.191518838983029,1.61647244041786,1,1,-0.445558367957444,1,1
612,0.223150004357056,0.863698558181543,1,1,0.0861156425666409,1,1
613,0.754099839224301,1.05605263906036,1,1,0.110917857839495,1,1
614,0.730060954578221,1.31702639499357,2,0,0.362727401997262,0,0
615,0.138334614748601,0.313608847843934,1,1,1.38892535190731,1,1
616,0.864172343254842,2.55287985429475,2,1,-0.0999413356307497,1,1
617,1.81910595629335,4.03162342185775,0,0,-1.46454907506815,0,0
618,0.705026972212778,1.14250755210903,1,1,1.73627655985354,1,1
619,0.0473295695836332,0.126314555638938,1,1,1.01984213963917,1,1
620,0.0678313235403039,1.22558721110842,1,1,-0.171888111517983,1,1
621,0.382617286813911,0.764869136019881,1,1,0.192998212277811,1,1
622,0.0391019833469163,0.589666611825426,0,1,0.549302791224067,1,1
623,1.1362022208929,2.00596474486092,1,1,-1.035094052858,1,1
624,2.14655898503008,2.85817332876225,0,0,-0.608762386719026,0,0
625,0.2148443920305,1.32759715339414,2,1,0.0287224662474255,1,1
626,0.25142824917566,0.69490817544449,1,1,-0.0807557268838669,1,1
627,0.765220040894866,1.7470540261517,0,1,-0.534398460094915,1,1
628,0.143475474880318,1.87890041584591,1,1,-0.820308887303879,1,1
629,0.507136700741417,0.916656324495198,1,1,0.568295766605055,1,1
630,0.0973919979878701,2.22854058174931,1,1,0.705286559226289,1,1
631,0.0385025440482423,0.189068124250361,1,1,0.0798615185164902,1,1
632,0.518817208707333,4.14060267164486,2,0,0.869220762993608,0,0
633,0.392695491692652,4.44216689697692,2,0,0.340838452216357,0,0
634,0.225478937209118,0.359808936094244,0,1,-1.21238535408036,1,1
635,0.447393348689745,2.5457023483798,1,1,2.55397670308466,1,1
636,0.135777271352708,0.27405678846959,2,1,0.520164819527397,1,1
637,0.549913438037038,4.08969651756083,2,0,0.337535358023831,0,0
638,0.0235752295702696,0.559735888462189,1,1,-1.02110270786115,1,1
639,1.67598860888722,2.6807474552792,1,0,-0.213123840200807,0,0
640,0.416793865043593,0.620025401344169,0,0,-0.903225705333771,0,0
641,0.754356954104088,2.48693131531278,0,1,-0.428206629030625,1,1
642,0.345768257044256,0.404170323260114,2,0,0.490332443142002,0,0
643,0.0824883280438371,0.596292576600326,2,1,-0.170330690694082,1,1
644,2.26072148038986,6,0,0,-0.943188881576631,0,0
645,0.0822589552772473,0.0873234480965449,1,1,-1.97091085784563,1,1
646,0.17380598134031,0.932151936293964,1,0,0.841266704495768,0,0
647,1.35963723172008,1.50490858318771,1,1,0.789871540836792,1,1
648,1.1352424910292,1.36504970139652,2,0,1.52670595915928,0,0
649,0.368590221740305,1.90751920809587,2,0,0.889861874137188,0,0
650,0.39841677993536,0.62969537796766,2,1,0.739739349329771,1,1
651,0.188333662808873,1.20947881191725,1,1,1.39429695873229,1,1
652,0.209368265932426,0.424850937417731,1,1,-0.877769897007619,1,1
653,1.56201029537751,1.89207779787398,2,1,-0.787289435804187,1,1
654,0.0823088297620416,0.20887788532551,0,0,0.954579156226429,0,0
655,0.915757707320154,2.67472134903073,0,0,0.263635705292354,0,0
656,0.0525044154605993,0.377777205885619,1,1,-0.235741775615568,1,1
657,0.159297851787414,0.577393191391926,1,1,-1.72594779331317,1,1
658,0.038695992897024,0.372270997093079,1,1,-0.860989279956451,1,1
659,0.0456578247249126,0.443647268375779,1,0,-0.0369231137241927,0,0
660,0.185012183754099,1.16366190219948,2,0,0.636909118211118,0,0
661,0.321343352705767,2.11929909403346,2,0,0.579361302693809,0,0
662,0.64247855148616,0.974174765199173,1,1,-0.64664452422415,1,1
663,0.791649410940528,1.56301821485993,1,1,-0.248655432382891,1,1
664,0.751515732819036,2.38369411612548,1,1,-0.311713960646457,1,1
665,0.102470573875657,2.53914259138558,1,0,-1.64248591447646,0,0
666,0.322383316714375,5.02657194915632,0,1,-1.0395028653813,1,1
667,0.070368304848671,0.572510620696424,1,0,0.736426763913073,0,0
668,0.233007185265729,0.867010265153122,1,1,0.855912194498778,1,1
669,0.686966585926712,1.34931108613468,1,0,1.25811476354082,0,0
670,0.311549826583359,0.991431233789036,2,1,1.31017239813983,1,1
671,0.708481667563319,1.02553346255758,1,0,-1.4298205197612,0,0
672,0.407911234535277,0.570113711181263,1,0,-0.0421933974582678,0,0
673,0.0765165161838835,0.706199833502378,1,1,0.90969444898566,1,1
674,0.894708592048633,2.22477483252684,0,1,0.579765199494213,1,1
675,1.54197170576992,2.03514583512852,2,0,-0.489326001543731,0,0
676,0.229753338703041,0.927883381346255,1,1,-1.55759194606619,1,1
677,0.040509038080927,1.27998612510661,0,1,0.83217117752521,1,1
678,0.3602064869483,0.758188242848464,1,1,1.0420947986992,1,1
679,0.461052895523608,0.639250478917158,2,0,2.14925881954952,0,0
680,0.381654360331595,0.943072285383595,1,0,-1.1041489089708,0,0
681,0.304537868651096,0.812776901786399,2,1,1.61820805676796,1,1
682,0.0341323876594427,1.24743815359872,1,1,0.448173022972257,1,1
683,0.0513404616503976,0.067132239540418,0,1,0.765885530287513,1,1
684,0.088686746545136,2.30853901186309,1,0,-1.213054690068,0,0
685,0.575111355839118,1.56632320232262,1,1,-1.22584263236722,1,1
686,0.619433415085439,2.57415627379006,1,1,0.0120369994061729,1,1
687,0.298178518132772,1.32155112237132,1,1,-0.987055132304021,1,1
688,0.231192040373571,0.740272940562977,1,1,-0.352411252502595,1,1
689,0.112184987386877,3.25734827113265,2,1,0.0781774429103744,1,1
690,0.906114168412626,3.97158503702278,1,1,0.956287207709968,1,1
691,0.502180109328371,1.45825099741545,2,1,1.48554377642419,1,1
692,0.0247627858445282,0.531293061907507,1,1,0.503336340787196,1,1
693,0.272239412006456,0.370163644606508,2,1,1.44244919747861,1,1
694,0.100806628234166,0.34357341349718,1,1,0.343281491463368,1,1
695,0.191974955960177,1.14753606801195,1,1,0.460180562533802,1,1
696,0.465349311122475,3.32731063477695,0,1,-0.554850765505332,1,1
697,0.438341539988599,2.63246181556834,1,0,0.583007279381531,0,0
698,0.159371173067484,1.5341910279198,1,1,1.22256534401216,1,1
699,0.206759925058577,0.671693135410208,1,1,0.213549487006596,1,1
700,0.152740832193804,0.43525054302578,1,1,-1.18942300284984,1,1
701,1.5418046786541,2.8581248710522,2,0,-0.0871447792554967,0,0
702,0.563258022069931,0.697489587103538,2,0,0.223366354079233,0,0
703,0.173155778320506,0.496115858936347,1,1,0.23173562815443,1,1
704,0.178712647801987,0.742116658730436,1,1,0.889051545571437,1,1
705,0.603414484299719,0.788177837294548,2,0,1.35274461354114,0,0
706,0.170039477403706,1.98119925632567,2,1,0.786337254803749,1,1
707,0.475081909173742,3.13364117626881,1,1,-0.274474624089526,1,1
708,1.24648458138108,2.18984823692206,2,0,0.0985163639083353,0,0
709,0.355621476774104,2.43719400817304,2,1,-0.220089881805667,1,1
710,0.188923866488039,0.429039262235165,0,0,0.285951743995176,0,0
711,0.0299460724060161,0.373088465574158,1,1,-1.54891411432244,1,1
712,0.0947148742852733,0.635809619716302,1,1,-1.11664411935732,1,1
713,1.43023796048671,3.23597435499414,2,0,0.148792224790857,0,0
714,1.23522690683603,1.70995472194711,1,0,-0.229843780833337,0,0
715,0.224734179675579,3.38599561606744,2,0,-0.0878035205602597,0,0
716,0.0228069277363829,1.32793477478663,1,1,-0.0525585415874379,1,1
717,0.156569569371641,0.535155100624161,1,1,-1.10319517419725,1,1
718,0.13147410005331,0.326531877216329,1,0,0.734389955552327,0,0
719,0.210937882773578,1.43842226403167,2,0,0.347104847086524,0,0
720,0.19075997825712,0.81932100092924,1,0,0.00287759145381741,0,0
721,0.989463268726707,2.54390968011777,1,1,-0.501274738492849,1,1
722,0.231077069416642,0.578071366464653,1,0,-1.38008107621268,0,0
723,0.407189600014335,1.44880343965461,1,1,0.335113642735963,1,1
724,0.207827419799287,0.963807489740917,0,1,-0.82475747085008,1,1
725,1.04664967024135,1.52096726621191,0,1,-0.0390733740456927,1,1
726,0.0780613005862073,1.82684080364803,0,0,-0.0580967085595377,0,0
727,0.464839021416202,2.26707236098975,1,1,0.0316779737981194,1,1
728,0.242297768592834,0.565736984306157,2,0,0.291801982197539,0,0
729,0.96133900497266,3.4891553581022,1,0,-0.625031564016331,0,0
730,1.9183999429548,2.42663040251638,2,0,-0.264006905586526,0,0
731,0.11288511188468,0.693486571937347,1,1,-0.278771608282023,1,1
732,0.263340172823519,2.65998495222882,2,1,-0.740329185143411,1,1
733,0.360578875988722,0.519211795879461,1,1,-1.49223300214208,1,1
734,0.311287006138614,2.12492203875801,2,0,-0.227146594341475,0,0
735,0.0219775567529723,0.482173917077193,2,1,0.431368409543302,1,1
736,0.0640967238056382,0.265666216025546,1,1,-0.332877121171107,1,1
737,1.59965753198175,3.42007840520563,2,1,-0.0996687077584629,1,1
738,0.972212230663175,1.12634696173609,1,1,-1.29860965640295,1,1
739,0.271300371150688,1.46498730716606,0,1,-1.04316209349712,1,1
740,0.382756413287837,0.96765987885495,0,0,-1.3040528983081,0,0
741,0.0581866252468899,0.491916239261627,0,1,0.196362581335164,1,1
742,0.0222610706225178,0.866914909486253,1,1,-0.247185844947836,1,1
743,0.250063899729867,1.15732742163042,0,1,-0.0468423604236016,1,1
744,0.207022958202288,0.264109017747718,0,1,0.834559985126694,1,1
745,0.150527102523483,3.17527737910563,2,1,1.27933549693373,1,1
746,0.212047406610106,0.401421193202529,2,1,0.820073818089701,1,1
747,0.0132845877669752,0.961941671866499,2,1,0.650998183899677,1,1
748,0.0333808589493856,4.01998430661955,1,1,0.0228171986977561,1,1
749,0.265681535936892,2.10687620106857,2,0,-0.772054562484,0,0
750,0.180655612493865,0.840413825014475,2,1,1.74787843645734,1,1
751,0.00175534687110508,0.0510307595587433,1,1,-0.763177589331363,1,1
752,0.247925548464991,4.32795591105398,2,1,-0.128816384685066,1,1
753,0.196535492039956,1.27055256310531,1,0,0.456564402038642,0,0
754,0.269693365262356,1.05408949611838,2,1,0.887354913059302,1,1
755,0.166758175007999,1.89325458531156,1,0,-1.21519423334867,0,0
756,0.795922203079619,1.53027985742095,1,1,-0.61367723373477,1,1
757,1.46701965463064,3.61215214511996,2,0,-1.60120463079592,0,0
758,0.305790200042794,0.44078085968825,2,1,-0.189411961903562,1,1
759,1.81785451053622,1.89388262527976,1,0,-0.0528961959835867,0,0
760,0.106617673181467,1.01159797539442,1,1,-1.04417960556303,1,1
761,1.67184042177143,4.63447974268036,2,0,0.313431257668082,0,0
762,0.0872410685406066,0.200359859387091,2,1,-0.242685701058779,1,1
763,0.339080197736621,0.458845382675795,1,1,-2.2182736760627,1,1
764,0.142844772490207,0.499362014234066,0,1,-0.325037815177931,1,1
765,0.764630277382031,0.82592156104903,1,1,1.35975447990678,1,1
766,0.296798719209619,0.429950402640421,1,1,-1.27573131510774,1,1
767,0.0198985528550111,1.32521693188777,1,1,0.588147288872966,1,1
768,0.261401770985685,0.537418671273055,1,1,-0.512820328901493,1,1
769,0.00400298304157332,0.656348705545881,1,1,-1.01260049303138,1,1
770,0.130893124151044,2.29745425832057,1,1,-0.410027099513288,1,1
771,0.766500544459801,1.42525703335329,2,0,1.13618630428067,0,0
772,0.831499096006155,0.985827092659168,2,0,-0.133831831201505,0,0
773,0.106857661182507,0.579314350316925,2,1,-0.524787903934771,1,1
774,0.0763173003142151,0.216015868478325,1,1,-1.25205184500036,1,1
775,0.0948353447020054,1.80128485552748,0,0,1.63885252587942,0,0
776,0.227093955909368,0.492715802935173,1,1,-1.29748023325537,1,1
777,0.22565452819813,0.830912848899654,2,1,0.866586683344447,1,1
778,0.0797057493579988,0.380840794170088,1,0,-0.177484543441159,0,0
779,0.0533230738030362,0.261132461934843,2,1,0.2949305313139,1,1
780,0.319364205352031,0.587359248846941,1,1,0.663117673220818,1,1
781,0.572171943262219,3.48010294833513,2,0,0.530960778528277,0,0
782,0.45035630321209,1.220364443635,1,1,0.332404523072238,1,1
783,0.0898290341719985,0.596389329412485,2,0,-0.924606822711675,0,0
784,0.171471519570332,0.252014509001774,2,1,1.4015861637649,1,1
785,0.109745201483948,0.782949451013593,1,1,-1.07250177037827,1,1
786,0.272832400805783,0.757523141082489,1,1,0.569913640030739,1,1
787,0.715841121971607,2.47098399757791,2,0,-0.219687345914994,0,0
788,2.42292098506334,2.42534026281356,1,0,0.852991528018633,0,0
789,0.0333159023782059,0.0428431135577023,1,1,0.243804720617845,1,1
790,0.0137446653097868,0.165633199332215,1,0,-0.94151762118191,0,0
791,0.192376485094428,0.48312260021432,1,0,-0.838631303159251,0,0
792,1.23905300623143,1.60813247799964,1,1,1.18105527366429,1,1
793,0.560881213724434,0.728986834582695,1,1,0.00927852582589938,1,1
794,0.583905031890597,0.832142360941737,0,1,-0.0478773058388759,1,1
795,0.59459436041937,1.51320025541029,1,1,0.676597551118632,1,1
796,0.0702116556931287,0.366400314021379,1,1,1.25442477200777,1,1
797,0.102581370564103,0.23795883967081,1,1,-1.11917577393792,1,1
798,0.711085966509333,2.10646343718438,1,0,-0.0904658118587221,0,0
799,0.521413696021161,1.3685799885317,2,0,1.4121219296035,0,0
800,0.728962344117463,0.835002418803351,2,0,0.325772539289918,0,0
801,0.0557574237243816,0.212973022767735,2,1,1.68273382796151,1,1
802,0.165532119572163,2.0359833971161,1,0,0.558363083633041,0,0
803,0.0692843486219634,1.83955733315803,1,1,0.626102528794862,1,1
804,0.080523421551868,0.16324920943841,2,1,1.86348118370795,1,1
805,0.0162226348526612,0.579125941690393,1,1,-0.607075188109898,1,1
806,0.120692963828333,0.169896448034812,1,1,0.488267159628974,1,1
807,1.03760698976903,1.21323441974269,1,1,1.53982037886696,1,1
808,0.0739207907475591,2.00752507747587,2,1,-0.0946879699085763,1,1
809,0.309923644526862,1.18766148632451,1,1,-0.286520520377101,1,1
810,0.422744356037583,4.34960357223948,0,1,0.988452005534124,1,1
811,1.48039296633544,3.23109545641564,2,0,1.8279842009424,0,0
812,0.155385127524926,1.18674574747739,1,1,-1.05840552785249,1,1
813,0.30765497853281,0.651268899966834,1,1,0.259509155337822,1,1
814,0.547948586728245,1.27749634268314,1,1,-0.522406639860614,1,1
815,0.0348230234661772,0.439331229832604,2,0,-0.58883299838031,0,0
816,0.103819030919112,0.496709386386438,2,1,0.815819568636855,1,1
817,1.33431978430599,2.06626571828387,2,0,-0.37708512838397,0,0
818,0.939014649949968,1.40286182154794,1,0,-0.687775801792448,0,0
819,0.210964763246011,0.655398653281489,1,1,0.451534829223893,1,1
820,0.352964385820087,2.85184969799569,2,1,0.0411673759934371,1,1
821,0.855962134666989,1.34263142085865,1,0,-0.669297451897604,0,0
822,0.111441680284496,0.704543298731921,1,0,0.713848626323694,0,0
823,0.140485751681509,1.11843368149072,2,1,0.466372242853324,1,1
824,0.0161001583910547,0.105863756481429,1,1,-0.767767554421238,1,1
825,0.0607307621976361,0.686658763637145,0,1,-0.0401630353581038,1,1
826,0.229879368562251,0.348060199561635,2,1,-0.216751858483604,1,1
827,0.0601831753738225,2.30642698238962,2,1,1.97832296191266,1,1
828,0.975260998307162,1.7645331087085,1,1,0.827415389678482,1,1
829,0.603228218361557,0.936382838959189,2,1,0.188126612042881,1,1
830,0.403952471911907,2.05596722844082,2,0,0.469014197768223,0,0
831,0.224808265338652,0.25489198975265,0,1,-0.506424180811848,1,1
832,0.390067055996042,0.732097353125783,1,1,0.501731310642237,1,1
833,0.478452350980068,0.953375877191623,0,0,0.396925678415071,0,0
834,0.0800511074464562,0.81561617863675,0,0,-1.70479125871316,0,0
835,0.321207345057777,0.984159099558989,0,0,-0.206534371369342,0,0
836,0.817705376263648,0.890385124990681,2,0,0.489005979849571,0,0
837,0.140517890675668,0.22968073472066,1,1,-1.06947793983709,1,1
838,0.249025633384008,0.675753629154748,1,1,1.17176641123506,1,1
839,0.0889006876670869,0.607535960318686,1,1,-0.0658973485612658,1,1
840,4.41533555437751,4.71644272947526,0,0,-0.159194986540385,0,0
841,0.588084352779802,0.735869022969686,2,1,1.18652090630331,1,1
842,0.190573519212194,3.13861178780036,1,1,-2.37541002353381,1,1
843,0.401438382617137,2.38544997936128,1,0,1.18036848918616,0,0
844,0.33113925345242,0.979208790210739,1,0,0.430695209504929,0,0
845,0.299597908742726,2.34749211264888,1,1,-0.175113623891853,1,1
846,0.00124198980860125,0.156211948063168,2,1,1.16672006230742,1,1
847,0.717220147140324,0.751762654785075,1,0,-1.34425185501108,0,0
848,0.638520438322056,1.85183370948746,2,1,0.756695537798923,1,1
849,0.0581419648115162,2.87105295279802,1,1,0.583062403637887,1,1
850,0.177193627045409,1.00735546089709,0,0,0.0997755433046718,0,0
851,0.2747144671157,0.65647569589735,2,0,-0.942941830400017,0,0
852,0.132921225484155,1.98942165630198,1,1,-0.503154906847324,1,1
853,0.323519485245924,1.4270105375051,2,1,0.133459473063105,1,1
854,0.585778939887385,0.716285004180847,2,0,0.336419797851061,0,0
855,0.156411442440003,1.11840101341679,1,1,0.0386035557642065,1,1
856,0.131560243024136,1.38716410626381,2,0,0.0155638709741347,0,0
857,1.01990547258923,1.60184095997847,2,1,0.545932823827069,1,1
858,0.139228628514939,2.12079607916447,1,1,-0.0105819000581099,1,1
859,0.341943339444697,0.777607174576322,2,0,1.57787943433003,0,0
860,0.183415306705287,0.350181968414025,1,0,-0.822284462635756,0,0
861,0.475400573872259,0.971418335835349,1,0,-0.601265188602572,0,0
862,0.011824795835315,0.251308784618353,1,1,-0.263819381164813,1,1
863,0.269850889453664,0.275734406894156,2,1,1.2730699732306,1,1
864,0.265148879843764,0.907664682160267,1,1,0.839984757846974,1,1
865,0.356434656307101,0.870965146314882,1,0,0.601916768194987,0,0
866,0.927444581474499,1.66534687137698,0,0,0.274481008929031,0,0
867,0.336121305881534,1.76520193900156,0,1,0.458513921052386,1,1
868,0.268312308180612,1.11263128627939,1,1,-0.0634238957877738,1,1
869,0.132261943363119,0.406496121509114,1,1,-1.16971706086643,1,1
870,0.00766570073541976,0.0480899181639963,2,1,0.573631694405436,1,1
871,1.0700381686911,1.23659665111064,1,0,-0.405861953854619,0,0
872,0.103384219983127,1.62383862717075,2,1,-0.324299929541574,1,1
873,1.04763581976295,1.08363927510351,1,0,0.35771013260384,0,0
874,0.286765813070815,0.314597724630376,1,1,-0.251547189124442,1,1
875,0.349622749781702,1.47267767193603,1,1,0.339811529822232,1,1
876,0.502611263655126,3.50169992918519,2,0,-0.52785429456544,0,0
877,2.58269529781284,2.99399924629553,1,0,-0.145146254610307,0,0
878,0.414734547084663,2.14730477674045,1,1,-0.0758869398297854,1,1
879,0.556617389433086,3.98891508949541,0,0,0.216132069877748,0,0
880,0.0707886336022057,0.28242594919395,2,1,1.66187111506292,1,1
881,0.0120714383823821,0.215284902721423,1,1,-0.561883919041778,1,1
882,0.203511379077099,3.18732712786994,1,1,1.96067998898287,1,1
883,0.0116764737165984,0.180740459103043,2,1,-0.466122785370238,1,1
884,0.176517487852834,0.390827421657677,1,1,0.178780416951474,1,1
885,0.0241770589491352,1.63805260383347,1,1,-0.902957011075963,1,1
886,0.192004022508296,0.650974015327983,1,1,-0.866765103944661,1,1
887,0.570416851900518,0.73064058824938,1,0,0.481414955095442,0,0
888,0.131564103274099,0.224358368044098,0,1,0.0568230316164351,1,1
889,0.237425978295505,1.12425035505955,2,0,0.295261464613085,0,0
890,0.284719372284599,0.942058137609934,2,1,1.46858275773553,1,1
891,0.625238830791536,1.65590326911829,1,1,-0.738734879807172,1,1
892,1.44455344114025,1.4767192179958,0,1,0.764777613085731,1,1
893,0.270859932526946,0.433676242682587,2,0,0.900813945224869,0,0
894,0.0445197240333073,0.330269543101695,1,1,-0.348700011273265,1,1
895,0.165561569738202,1.89096410448353,0,1,0.583424974138701,1,1
896,0.423556688183453,0.934885839621226,0,1,0.413461206241313,1,1
897,0.218551657475012,0.474646881258153,1,1,-0.742127458942903,1,1
898,0.0605336739681661,0.405008796385846,1,1,0.122174370586124,1,1
899,0.226911965757608,1.38809709300482,1,0,0.151664202927918,0,0
900,0.396609649993479,0.590974696925166,1,0,-0.982676913159378,0,0
901,0.0132197444327176,1.11973709065125,2,1,-0.367299084117534,1,1
902,0.400815795175731,0.924737862369593,1,0,-0.569129505040701,0,0
903,0.176470665319357,1.87801342667727,1,1,-0.657937642908645,1,1
904,0.4869112890184,1.02576486989996,2,1,0.767156995580387,1,1
905,0.0867135100420391,0.16131599589778,1,1,-0.0126691860124284,1,1
906,0.0200278181000613,0.17609977157006,1,1,0.506163833437914,1,1
907,0.653874573297799,4.7471548514688,2,0,0.187354421722979,0,0
908,2.30855932558524,5.50052607870318,2,0,-0.434874874823126,0,0
909,0.20910744642606,0.942096879459192,1,1,0.629272232571603,1,1
910,1.14607599377632,1.27323550580703,1,0,-0.208316138652889,0,0
911,0.429207163979299,0.656789264952143,0,1,0.307521103072647,1,1
912,0.71272511780262,4.47790824233888,2,0,0.158954193974281,0,0
913,1.06648550927639,2.9664685059392,0,0,-0.0818897898930738,0,0
914,0.0380884870537557,0.344130544133207,1,1,-1.3972480346195,1,1
915,0.0138280173996463,0.0600408023420564,2,1,0.829973528398905,1,1
916,0.0211933269747533,0.0538939021376362,1,1,-0.51953434668561,1,1
917,0.198832759200764,0.683107667780025,1,1,-1.17009525277754,1,1
918,3.71022911578381,4.34250360553418,2,0,1.44815576879316,0,0
919,0.296209435726306,4.53443371726382,2,0,0.382789473133641,0,0
920,1.20954755879939,4.23114890853564,0,0,-0.949659339888075,0,0
921,0.460104470813468,1.21538894543473,2,1,-0.341187243825903,1,1
922,0.516016104930833,0.64327112192519,2,1,0.766315875297201,1,1
923,0.308699485321995,1.11490842389938,1,1,-0.704465439676023,1,1
924,0.879119943076387,0.906055981742779,2,1,0.620282080098346,1,1
925,0.0761987818987109,0.662864804379548,0,1,-0.182282091078858,1,1
926,0.569672712203263,0.823630276271966,2,1,0.496795913844707,1,1
927,0.555162439792188,1.56158927283989,1,1,0.200230204653524,1,1
928,0.351581166614778,1.88660157682595,2,1,0.631678936764947,1,1
929,1.2119726575911,1.29602803848684,0,0,-1.13534785249151,0,0
930,0.0132501663756557,2.16318573962333,1,1,-0.818032119329902,1,1
931,0.245336754188517,2.83653765357105,2,0,0.665866606138581,0,0
932,0.115923090511022,0.498844047011015,1,1,0.680000298844783,1,1
933,0.0346505193738267,2.69988281243228,2,1,-0.92809922990063,1,1
934,0.276639775838703,0.985724085237509,1,1,0.360272304762323,1,1
935,1.22379368864337,1.38126168742421,2,1,2.13332526377173,1,1
936,0.83351881240663,2.57318398754513,1,1,-0.0234765015108936,1,1
937,1.86214896841886,2.17659473816445,2,0,-0.242977460916079,0,0
938,0.178072267211974,2.79593937409421,0,0,0.691586027050538,0,0
939,2.34531127839329,3.15404605973044,2,0,-0.935689340458895,0,0
940,2.36538522495868,4.38114562184473,1,0,-1.27243696051909,0,0
941,0.0782777508720756,0.545400534865249,2,1,0.664138520478186,1,1
942,0.387774957052898,2.03035396058284,1,1,-0.330958727709165,1,1
943,0.168046657927334,0.381519607251395,1,1,0.56483956832006,1,1
944,3.08702515977406,3.70148519905174,1,0,-0.12032212276354,0,0
945,0.0983511723461561,1.51351748034358,0,1,-1.00996439151973,1,1
946,0.156998383172322,0.487942346289977,1,1,0.925261857233144,1,1
947,0.201109328190796,1.11649096778301,1,1,-0.913200870065559,1,1
948,0.157735435292125,0.177516471962655,1,0,-0.0230875680656368,0,0
949,1.25841363426298,1.97398309285442,0,0,1.88667588553236,0,0
950,0.155172515951563,0.926403102395195,0,1,-0.803893666471188,1,1
951,2.04872737525336,6,0,0,-1.69039727168627,0,0
952,0.740943937562406,1.32903931430227,2,0,-0.183548616545582,0,0
953,0.295758686146626,0.338909442343285,1,1,0.326561477752359,1,1
954,0.886056038551033,1.75393777760846,2,0,0.848286087443593,0,0
955,2.59445426390417,4.39906173768291,2,1,-0.5876582391305,1,1
956,0.441585737832753,1.64470169693232,0,0,-1.43083855549784,0,0
957,0.438561287231786,2.01491489298061,2,0,-0.675225702339882,0,0
958,2.19880743688884,2.32883457259428,2,0,-1.23456501317988,0,0
959,0.406412233423907,0.911056171053547,2,1,0.557672958607898,1,1
960,0.3611174429534,1.24164372277447,1,1,-0.526191980425144,1,1
961,0.24574870680226,1.45865533979933,2,1,0.597786421109174,1,1
962,0.269499009930578,1.51059689383486,2,1,1.27567248968188,1,1
963,0.756399125792086,1.08621212515345,2,0,0.115893632565692,0,0
964,0.378408445685636,1.24612217587694,1,1,-0.0538326654302357,1,1
965,0.246867733076215,0.442029164600697,1,1,0.415609560581998,1,1
966,0.290878606028855,0.798610981747092,2,1,0.947956643354055,1,1
967,0.850877486492329,0.892706369037227,1,1,0.663100098612188,1,1
968,0.0480629182275837,0.283901668998739,2,1,1.14314415464084,1,1
969,0.0716053628712981,0.35028639731279,1,1,-1.11147052623039,1,1
970,0.145353804109618,0.411263210372307,1,1,1.01725314905167,1,1
971,0.0721261585131288,0.935560262908649,2,0,1.88695501333111,0,0
972,0.949128460139036,1.32951141195648,2,0,-0.434637046791276,0,0
973,0.246539470681455,1.09703381656465,2,1,0.575535763289928,1,1
974,0.586308029480278,2.18068537223605,2,0,0.223331958151079,0,0
975,0.70339942522981,1.91137431832624,1,1,0.277650881128588,1,1
976,2.04155887192916,4.99289357598747,2,0,0.254332924947989,0,0
977,0.115778116040289,1.28711153236827,2,1,0.193616895461188,1,1
978,0.308603473531548,1.4830257111214,2,1,-0.0534787758482592,1,1
979,0.436112016439438,2.60655020356271,1,0,-0.653508102643642,0,0
980,0.562894000671804,1.9393797475036,1,0,0.493813573907843,0,0
981,0.164720881730318,0.941220571597417,0,0,0.343335463317425,0,0
982,0.321991561504547,0.459603450380503,1,1,1.80486616340121,1,1
983,0.363206772031106,2.10608999074414,2,1,-0.693400062042982,1,1
984,0.583522352363736,1.27474576062964,0,1,0.60693934093576,1,1
985,0.182010141434148,1.27501737015943,0,1,1.09065195049211,1,1
986,0.0400317930031505,0.855320519059579,2,1,0.458427084922025,1,1
987,0.0513854958998443,0.616538890271756,1,0,0.623025259653771,0,0
988,0.189522401727642,1.37849662911033,0,0,-0.0345617028119442,0,0
989,0.961059104831532,1.03654764053409,1,1,-1.0300230470184,1,1
990,0.240463972775269,0.365095227402969,2,0,-0.0457211003471754,0,0
991,1.71428649119082,1.877893990222,1,0,0.146707894107655,0,0
992,1.70998793273213,3.18528439813694,2,0,1.25317127443259,0,0
993,0.391491346992552,0.734949755866963,1,0,-0.543459534855822,0,0
994,0.270502037345561,0.616386730268671,2,1,-0.816861063058634,1,1
995,0.0332912430167198,0.246007717107702,1,0,-0.0444192889952763,0,0
996,0.0227006767475923,1.55730045853748,1,1,0.361806106254591,1,1
997,0.425396541832015,0.925222302479609,1,1,1.12562198441448,1,1
998,0.0899369168024074,0.186063804675986,1,1,0.296411480282351,1,1
999,0.0424416727464256,0.784306684417655,1,0,-0.619575915445631,0,0
1000,0.320078732911497,2.37315555743807,0,1,0.376308378392032,1,1
1001,0.786743342876434,1.65330346673727,0,0,0.0340350997360016,0,0
1002,0.206117953127494,0.524878079166203,1,1,-0.0477722934597083,1,1
1003,0.836016966961324,5.04202826340462,1,0,0.00557977592068908,0,0
1004,0.00420350850073019,0.62579646121898,0,1,-0.938534470242378,1,1
1005,1.17947659268975,1.60325069964414,2,0,0.0144025590479915,0,0
1006,0.363701639696956,1.10391409621886,2,0,0.0514421047458196,0,0
1007,0.246135973558447,1.00263785507243,1,1,0.132357274666967,1,1
1008,0.310407911601942,0.397842420140807,1,1,-2.8281667697453,1,1
1009,3.61987963302021,6,0,0,0.304436266628507,0,0
1010,0.0860070515773259,0.881011586782998,0,1,-0.0427300466233432,1,1
1011,0.386210354062978,0.490828611317385,1,0,-1.17298406195504,0,0
1012,0.0963294570101425,0.608272665490858,1,1,-1.39288508248211,1,1
1013,1.16517019556802,2.04030920751393,0,1,-1.39648391996172,1,1
1014,0.109479117207229,0.200393196641798,2,0,1.02788691992944,0,0
1015,0.014936008665245,0.222104447495429,2,1,0.0277990273964135,1,1
1016,0.212861012842041,0.584874430286401,2,1,1.2364185614472,1,1
1017,0.319614982295478,0.601936660857265,2,1,-1.11549035131215,1,1
1018,0.628919862312316,1.79360077836811,1,1,1.58576746587817,1,1
1019,0.012166848173365,2.51258375744025,0,1,-0.405375445027026,1,1
1020,0.155977070680819,1.00580097797016,0,1,-0.276498286985856,1,1
1021,0.413821731053758,1.06044400739281,1,1,-0.485447605877003,1,1
1022,1.49783839276972,2.42110373453236,2,0,-0.352393052170894,0,0
1023,0.226647255185526,1.27867657907279,2,1,1.92888462543344,1,1
1024,0.582595449872315,2.22964408133709,2,0,0.728409349680612,0,0
1025,0.542916838482708,0.813705693514375,2,1,-0.269460248927866,1,1
1026,0.447622940493262,3.42583527306383,1,0,-1.01531700674637,0,0
1027,0.72356575075537,1.92815508383293,2,0,0.832530452668915,0,0
1028,0.166489499084523,0.517965209444039,0,0,-0.116676980624407,0,0
1029,0.492233035886037,0.535676633958671,1,0,-0.135150966374146,0,0
1030,1.09877305356197,1.77855154882023,2,0,-1.67360856676833,0,0
1031,0.163899004689858,0.72649232716534,1,1,1.34966894708278,1,1
1032,0.013965684150124,1.01891685541124,2,0,0.283717652554119,0,0
1033,0.0939700283925049,1.00107457340387,1,1,-0.490507578463253,1,1
1034,0.396991172747221,1.04884352578863,2,1,0.271449542431238,1,1
1035,0.451352566480637,1.40188424720251,2,0,0.957633748028138,0,0
1036,0.0968481414020061,0.606752557020221,1,1,-1.47049977339115,1,1
1037,1.33231771916927,2.12897722754746,1,1,-0.13602276018454,1,1
1038,0.247912583284682,0.615326545854572,2,0,0.787912432393239,0,0
1039,1.02411988377571,2.66101723865617,2,0,-0.0598034382185518,0,0
1040,0.618874684415579,0.758703062310815,0,1,-1.23732881393711,1,1
1041,0.579452005214989,0.590808351366522,1,0,-0.166130935532037,0,0
1042,0.448247501037556,1.46415425330713,1,0,-1.3143874248351,0,0
1043,0.061093561234884,0.455638618834711,2,1,0.403743168106587,1,1
1044,1.01229684422129,2.4235471479863,1,1,0.634619384557403,1,1
1045,0.304885752266273,1.43366002526763,1,1,-0.745766116263274,1,1
1046,0.655451721040314,1.13450822431192,2,0,0.186535851270536,0,0
1047,0.169731643691193,0.38566331723786,1,1,-0.576932385050231,1,1
1048,1.90970365413207,4.87665464068984,2,1,0.319506469972008,1,1
1049,0.29077987303026,0.953377408232751,2,1,1.45170741884334,1,1
1050,1.46094975612106,4.25350965420671,2,0,-2.03710266333655,0,0
1051,0.228956734761596,0.616710010092538,1,0,-0.982245078711385,0,0
1052,0.334354971419089,0.53795755840838,0,1,-0.0819418689231873,1,1
1053,0.21912040974712,1.17200076452462,1,1,0.201976032471161,1,1
1054,0.0585013077753285,0.66333264825653,1,1,0.486562192990066,1,1
1055,0.538852370783508,1.56634819383423,0,1,0.155617238851613,1,1
1056,0.122529822692741,4.59530558393443,2,1,-1.56510936782693,1,1
1057,0.0148629119894515,0.771729368138726,0,0,-0.52408639767383,0,0
1058,0.202442642837884,1.75249653068791,2,0,-0.553541473719575,0,0
1059,0.132098592002876,0.655153315070023,2,1,2.36301363788644,1,1
1060,0.150053185643628,0.647993136541002,2,1,1.30601559411837,1,1
1061,0.265172284271102,0.475621172884875,2,1,1.76185364250787,1,1
1062,0.0531819218304008,0.781264984980226,0,1,1.73440560039587,1,1
1063,0.336852139677613,0.827262614397569,2,1,0.252491069609327,1,1
1064,0.251390354707837,0.747427553206739,1,0,-0.481968999762454,0,0
1065,0.204205999775572,0.691677349533768,2,0,-0.0566302676849907,0,0
1066,0.438294462106486,2.25159164000368,1,0,-1.90282837272461,0,0
1067,0.0442513677732421,0.218072176600496,0,0,0.17792293850077,0,0
1068,0.389062178728636,0.392804427727818,1,1,-0.600904601618786,1,1
1069,0.0846256708609872,0.085990788696099,1,1,-0.620382982707527,1,1
1070,0.122902567381971,1.24115094270415,1,1,0.116499979571157,1,1
1071,0.0313439117744565,0.241678394388188,0,0,-0.350134437684327,0,0
1072,0.0799380930937808,0.21840116211942,1,0,0.78096187401714,0,0
1073,0.917456799708744,1.16784671557495,2,0,0.10398974250187,0,0
1074,0.263201588597796,0.942914962133191,2,0,2.30052720961185,0,0
1075,1.85607621810379,2.59165537854036,0,0,0.230997253120755,0,0
1076,0.0765999667346478,2.05912282069524,0,0,-0.0740178005075909,0,0
1077,0.382649908773601,2.79946091604581,1,0,-0.00601423675834191,0,0
1078,0.270013856746363,0.910753478362742,1,0,0.00181497406110564,0,0
1079,1.20777664468029,1.61633665944673,1,1,2.3169822156162,1,1
1080,0.031451481532489,1.11232342889208,1,1,0.226475823268187,1,1
1081,1.3025318748927,3.11534323778316,2,1,-1.00204061649074,1,1
1082,0.0953894737176597,0.27232997637656,1,1,-1.13013879461367,1,1
1083,0.0979974500689019,1.15009531496952,2,1,-0.511351404824196,1,1
1084,4.65795503478923,4.80512032878208,0,0,0.42751693532821,0,0
1085,0.237280642613769,1.31881424105467,0,1,0.78751614892435,1,1
1086,0.44443941497878,0.886036102383953,1,1,-0.0620860897588054,1,1
1087,0.343864221771837,1.3495179804557,2,0,0.17492723550246,0,0
1088,0.541434561867065,1.2667544359441,1,0,0.270476697047558,0,0
1089,0.166213779593818,1.69564702676896,1,1,0.40206019789904,1,1
1090,0.300672211742494,0.770601866137947,1,1,-0.143852385981367,1,1
1091,0.110385689476971,1.68812533839973,1,1,0.867216881100074,1,1
1092,0.438446349464357,1.17539792632063,0,0,0.328391219477926,0,0
1093,0.280022106599063,1.62736034114014,1,1,1.21669234641432,1,1
1094,0.361332967877388,0.663743969371108,2,1,0.359580273759212,1,1
1095,0.158723544537794,1.45155772673437,1,1,-0.426805474513634,1,1
1096,0.224704411812127,0.432738063587089,1,1,-0.58117300890233,1,1
1097,0.244141192524694,2.05754623587704,1,1,-0.632346849920843,1,1
1098,0.204892655834556,3.1463778369605,2,0,-0.675750392378247,0,0
1099,0.0205531271058135,0.0980392293507057,1,1,-0.0578414591623858,1,1
1100,0.596933959983289,2.98516136396614,2,0,0.306548261196927,0,0
1101,0.347611365723424,1.40629350207746,0,1,-0.328065065195225,1,1
1102,0.102580527309328,0.416044201052124,1,1,0.26861461770498,1,1
1103,0.511036560611621,0.820594482687807,2,1,0.496206966677848,1,1
1104,0.554282924923295,0.798286985733446,2,0,1.09349502181736,0,0
1105,0.029782653436996,0.399907836690545,0,1,-1.05240442266834,1,1
1106,0.496030013778253,1.75846162544711,1,1,-0.0218018020665575,1,1
1107,0.503954141963795,1.78168162068156,0,0,-1.18498032154136,0,0
1108,0.0195509530417073,0.0384847657667697,1,1,-1.24434463644385,1,1
1109,0.369415933673736,1.11803656754394,0,1,0.0291200571239967,1,1
1110,1.54002220245583,1.58428941159328,1,1,-0.0500767056307655,1,1
1111,0.119087922035557,1.55376308149255,1,0,1.01636813323161,0,0
1112,0.357228003267664,0.788225509292107,1,1,1.95431222375025,1,1
1113,0.032762041373644,0.253240997655277,1,1,1.09493823013938,1,1
1114,0.462403180778043,1.39199269004166,0,1,-0.1795940000863,1,1
1115,0.200598203518894,3.37657419022625,2,1,-1.01308154150758,1,1
1116,0.311720174213406,0.728192210994741,0,1,-0.116363143127618,1,1
1117,0.444710277343921,0.487421518697138,2,1,0.197488352885099,1,1
1118,1.78760033255374,1.79047539350999,2,1,-0.185771038495804,1,1
1119,0.317384114023298,0.937559546297211,1,1,0.0383905868285092,1,1
1120,0.395732432079967,1.06510502907137,0,1,-0.602597443916302,1,1
1121,0.336223265621811,0.40712871001379,2,1,0.834282053826145,1,1
1122,1.76503300575107,2.10716707061796,1,1,0.684397499392399,1,1
1123,0.147206461988389,1.30635434496108,1,0,-0.811188996942288,0,0
1124,1.15630666166544,2.85678949515086,2,0,0.123449933698153,0,0
1125,0.263728572172113,0.620418731582338,1,1,-1.43122957066026,1,1
1126,0.954646805301309,1.54986608568337,1,0,-0.161489995261653,0,0
1127,0.27628146763891,1.77796774663477,2,0,-0.198688495187405,0,0
1128,0.134376384958159,1.95458199279751,1,1,0.576114302611556,1,1
1129,0.372248895923795,1.63847614745312,1,1,1.27413070306636,1,1
1130,1.65556701759633,2.32786314670257,1,0,-0.0109986601399265,0,0
1131,0.0163106871028571,0.097610435363963,1,1,-0.0451846248066651,1,1
1132,0.328570700075943,1.25800399241355,1,1,-0.165554507625568,1,1
1133,0.0863583330065012,0.240637088815371,0,0,-2.15785831057798,0,0
1134,0.0492059934051085,0.548659702895027,1,1,-1.04285488310651,1,1
1135,0.316330199129879,0.357753940819957,1,1,-1.4103457016447,1,1
1136,1.03098819841968,1.2457881312073,1,1,-0.601951018418941,1,1
1137,0.285444132168777,1.28223072517962,2,1,0.584699194840296,1,1
1138,0.763316889616482,0.810994241989668,1,1,-0.634183700044588,1,1
1139,0.147692171158269,0.344959473169776,1,1,-0.642353545116251,1,1
1140,0.313146396540105,0.594224017116099,1,0,-1.867717312786,0,0
1141,0.00937873590737581,0.226900333657342,1,0,2.14719649874745,0,0
1142,0.291996163432486,1.89412207096225,1,1,0.190688759624368,1,1
1143,0.210846490704343,0.89431826427998,2,0,0.389359107704978,0,0
1144,0.764612350004547,2.67449034377933,0,1,0.280828783134793,1,1
1145,1.35370897874236,2.97137701603044,2,0,0.545295483121598,0,0
1146,1.02411594428122,2.01540442513138,2,0,-0.259325996275213,0,0
1147,1.78764144879508,2.81917629919562,1,1,-1.97994585250798,1,1
1148,0.0147809349000454,0.0287973494752287,1,0,-0.222336496026797,0,0
1149,0.0669874919260292,0.466375212720702,1,1,-0.292624721876529,1,1
1150,0.386479517024487,0.993214585959628,1,0,-1.88729004244392,0,0
1151,0.396287291310728,4.98152068129412,0,0,-0.35440980401094,0,0
1152,0.880753297771901,1.50380902780423,1,1,1.11594185273269,1,1
1153,1.32080561388284,1.52148341134356,2,0,1.12713849397436,0,0
1154,0.491235678174354,1.24852075905897,1,1,0.405558686952227,1,1
1155,0.116056973735489,0.756011311977658,1,1,-1.84293120345792,1,1
1156,0.16828852792969,0.779660317946235,1,1,0.27194201442558,1,1
1157,0.0091904215009212,0.852462256587415,1,1,-1.22775450648491,1,1
1158,0.918156792124376,2.48197433961264,1,1,0.197534335852001,1,1
1159,1.15565502457321,2.13739293006559,0,0,-1.73449762073411,0,0
1160,0.374141263825328,0.671565468316907,2,0,1.32447907602823,0,0
1161,0.00403698475565761,0.44490493213137,0,1,-0.763413870522543,1,1
1162,0.114277278073132,0.697866640758574,1,0,1.42157279070616,0,0
1163,0.160091278958134,0.595920101542851,2,1,0.118009089021489,1,1
1164,0.249948224518448,0.403006079157839,0,1,-0.762123029864256,1,1
1165,0.406571084749885,0.906450933964769,1,1,-2.0530351968663,1,1
1166,0.156725718976816,0.195977110367852,0,1,0.067850899275887,1,1
1167,0.144699454929807,0.299670434523243,1,1,0.575364857238956,1,1
1168,0.160002092598006,0.511926606174326,1,1,1.04414894042551,1,1
1169,0.703745815961686,1.31736141913547,1,1,1.31107796961247,1,1
1170,0.338055679574609,0.340327597198519,1,0,1.2254137579255,0,0
1171,0.0291271641617641,1.69454134657143,2,1,1.60494794658447,1,1
1172,0.1525197312003,1.1840857073371,1,1,-0.141157204595588,1,1
1173,0.0340670351436016,0.391991373261666,1,1,-0.313103939108675,1,1
1174,0.0335599802611764,3.01870289840599,2,0,1.03390895931332,0,0
1175,0.109595094807446,0.863128558781896,1,0,-0.0660732907484048,0,0
1176,0.406613833329175,0.834891675795074,2,1,-0.0821857035192346,1,1
1177,0.717651625163853,3.15501455485652,2,0,-0.0250098500131176,0,0
1178,0.78309661988169,1.41757401558248,2,0,2.18076597128406,0,0
1179,1.74999253070893,5.9181401451351,2,0,-0.398305029095555,0,0
1180,0.0654866106924601,1.04782105726992,1,1,-0.183571621310709,1,1
1181,1.03084310872555,1.3638936610564,1,1,-0.312908410036033,1,1
1182,0.483742508105934,0.560429223092223,2,0,0.787319004078709,0,0
1183,0.00554833966118933,0.521492384968667,2,1,0.0797358143171635,1,1
1184,0.515844747460698,0.551603208067088,2,0,0.269500529799225,0,0
1185,0.420417139539495,0.625288497205044,2,1,0.108512274413013,1,1
1186,0.0234442976043449,0.286198106283943,0,1,0.599513378370746,1,1
1187,1.51411197820009,1.83345114772137,2,0,0.656619010154493,0,0
1188,0.152666888199747,1.98193433363421,2,0,0.779572795483989,0,0
1189,0.401779801759403,1.40668075944725,2,1,1.34867497231862,1,1
1190,0.178802806864469,3.47468324146949,2,0,1.72828995163249,0,0
1191,1.15942080132663,3.98893252635996,0,0,0.46371823751502,0,0
1192,0.0888415354968189,1.52935415104174,1,1,-0.150734698442444,1,1
1193,0.815310360604719,0.865974082845662,1,1,0.0885218911570758,1,1
1194,0.441545710756265,0.530490656796226,1,1,-0.0651184889976213,1,1
1195,0.101154098811094,0.207895923601938,2,1,0.716706084116739,1,1
1196,0.00206071926170216,1.61384885210145,2,1,0.591783793682114,1,1
1197,0.345470843894873,0.854690475389361,0,1,-1.68372486461958,1,1
1198,1.1074102986604,4.9782338588701,2,0,0.0118797858662383,0,0
1199,0.306278405478224,0.94434866684265,1,1,0.0147604550462958,1,1
1200,0.539658808898249,0.956716604920915,1,1,0.011734464941014,1,1
1201,0.824354646584772,1.0277306410592,1,1,-0.932911744954807,1,1
1202,0.212192755192518,0.243022809308225,2,0,-0.0475848735689296,0,0
1203,0.163254179060459,0.367359468959075,2,0,1.92047996478912,0,0
1204,0.85452913129405,1.42969524448879,2,1,0.493555053966308,1,1
1205,0.243301959708333,0.787366012891439,0,0,-1.21447858722454,0,0
1206,0.00163602166385874,0.854782742006973,1,1,-0.835164706798933,1,1
1207,0.919923540204763,1.95470422195892,0,0,-0.244682443516617,0,0
1208,0.565519403494097,0.758114475052605,1,1,2.08132544265065,1,1
1209,0.747484810117778,1.54339996166527,0,1,-0.105462104965088,1,1
1210,0.086628963239491,5.95064202590419,2,0,-0.541388704992044,0,0
1211,0.364360102496086,2.64988144859672,0,0,-0.516047265279739,0,0
1212,1.17881712974735,3.38331542320827,2,0,0.567318608402638,0,0
1213,0.146109414054081,0.861378469723054,0,1,-0.931459027319114,1,1
1214,1.15936771029943,3.78908316037277,2,1,0.0594870743297827,1,1
1215,1.19591900147498,1.71067017275012,1,0,-1.09679324562206,0,0
1216,0.495258170258906,1.01055072230184,2,1,1.86856548970641,1,1
1217,1.61219657949152,1.76561377297986,2,0,0.35705198649156,0,0
1218,0.0607831191155128,0.464834380700122,1,1,-2.17121162603936,1,1
1219,0.700045074892052,1.4168883086165,1,1,-0.0826217447438201,1,1
1220,0.928012319840491,2.82771493307733,1,0,0.409190435254493,0,0
1221,0.778758958438294,6,0,0,-1.36069063737899,0,0
1222,0.13354734449178,0.727171202398198,2,1,1.70227542947902,1,1
1223,0.30455253465334,0.412346975025516,2,1,0.576566617583685,1,1
1224,0.226721000547566,0.287695716267513,2,1,-0.373755102633058,1,1
1225,0.216294613672981,0.435846818134117,2,1,1.33284268753845,1,1
1226,0.351091356133111,0.532855129241904,1,1,0.368325561094519,1,1
1227,0.391603396274149,1.17969267722117,1,0,-0.813093775878251,0,0
1228,0.0891704401001334,0.323320495097834,2,0,0.189430564930959,0,0
1229,0.711839865517624,2.66177197610391,1,1,-0.905507498594817,1,1
1230,0.146748514089268,0.179211663860697,2,1,3.61834781399084,1,1
1231,0.0443389188149013,0.968758307860024,2,1,-0.0869135908905531,1,1
1232,0.0658627077937126,0.348034690444589,1,0,-1.52593180984134,0,0
1233,0.843857288360596,0.923587039472932,2,0,1.8363928056791,0,0
1234,0.142218723194674,0.423576772475819,1,1,0.144077119425334,1,1
1235,0.440912352874875,2.74166317033869,2,0,0.601617305974273,0,0
1236,0.020962864800822,0.0705700663083791,1,1,0.101773445912437,1,1
1237,2.21574311471608,3.35797010992077,2,0,-0.365487673709558,0,0
1238,0.607196767814457,2.79542314623789,1,0,0.802038177544439,0,0
1239,1.42678198023679,2.20859997701154,1,0,0.124590925778733,0,0
1240,0.198930564336479,3.86319191505512,0,0,-1.25834166212993,0,0
1241,0.41062393039465,0.549232241275039,1,0,-0.677338718859714,0,0
1242,2.28779660714759,3.03529012810324,1,0,0.00536051688995245,0,0
1243,0.270408789801877,0.525007592709093,1,1,-0.584472523350187,1,1
1244,0.384815411525778,0.65100150085883,0,1,-0.83652230204532,1,1
1245,2.93089296279435,4.23725165798489,2,0,-0.348976232870859,0,0
1246,0.0870704707481731,0.399045859967831,2,1,0.891500841269604,1,1
1247,0.0693603127729148,2.85401633038462,1,1,-0.390436467111534,1,1
1248,0.134456575324293,0.135962683133847,1,1,-0.0065116847598587,1,1
1249,0.960708339698613,1.81484550774929,1,0,-0.147820223370309,0,0
1250,2.03144375412705,6,0,0,-1.41477043333697,0,0
1251,0.245377618412022,0.609660409609116,1,1,-0.478709177980947,1,1
1252,0.412655123509467,0.868192156307011,1,1,0.488086405694507,1,1
1253,0.37919510359643,1.50807202172776,0,1,0.116537533558495,1,1
1254,0.210318866038554,1.48743258393343,2,1,-0.822428218500409,1,1
1255,0.0932006997754797,0.441156996482318,1,1,-2.017671346345,1,1
1256,0.025447313382756,0.687879722388893,1,1,0.134434310697218,1,1
1257,0.329436680213364,1.23626937468847,0,0,-0.898727845676687,0,0
1258,1.75772961423221,3.4711273108534,2,0,1.64225325476425,0,0
1259,2.56867021313849,3.236544454993,2,0,1.27617054174306,0,0
1260,0.53713530133413,1.29182669328218,1,1,0.487843182597541,1,1
1261,0.276206289127003,0.506816558785304,2,1,0.732226893943324,1,1
1262,0.131023052963428,0.536464213610952,2,1,0.214582365772451,1,1
1263,0.167127387598157,0.411375992952343,2,0,2.09013235952387,0,0
1264,1.60384413929942,1.7335175195088,0,0,-0.582597503400221,0,0
1265,0.259601822181139,0.832499823516262,1,1,-0.505866630971235,1,1
1266,0.5643380722031,2.56323100610828,2,0,1.17243229735334,0,0
1267,0.163479057664517,0.200110829552371,1,1,-0.989009288942759,1,1
1268,0.158439124112555,1.29842590902558,1,0,0.722276569820571,0,0
1269,2.65715890741887,2.90047984181209,2,0,1.4119214992009,0,0
1270,0.0828207433223724,0.6784202127407,0,0,-0.0288590071178995,0,0
1271,0.0365634192712605,2.9470398705365,1,1,1.45988219109886,1,1
1272,0.31018971640151,0.507234728816147,2,1,-1.12514066359285,1,1
1273,0.73101251758635,1.77643014991136,1,0,-1.99532153544211,0,0
1274,0.323791616573362,0.996221029367072,2,0,0.652598455538103,0,0
1275,0.401956958696246,3.96093243376289,2,0,-0.637577024543559,0,0
1276,0.214729711851983,0.392664253343339,1,0,0.584743439728476,0,0
1277,0.398784908466041,1.60639393643955,1,0,-1.42196716093081,0,0
1278,0.105276211979799,0.19523148813811,1,1,-0.521406053686493,1,1
1279,0.107903512543999,0.166539046816983,1,1,-2.00133842480892,1,1
1280,1.30916827172041,2.00241318417904,1,0,-0.245545044150006,0,0
1281,0.386452400125563,0.897623856241504,0,0,-0.653130516635214,0,0
1282,0.0271620397583118,2.43907796408043,1,0,1.4517944278731,0,0
1283,0.580691929763936,0.598034546050502,2,1,0.973899932572725,1,1
1284,0.0824591861633869,1.37347119239469,0,1,-1.06949930684469,1,1
1285,0.130200148469016,1.36905608779642,2,0,0.467395672504189,0,0
1286,1.77752331457045,3.42626253625047,2,0,1.33074093719738,0,0
1287,0.557800071520552,1.789955905725,1,1,0.0758765490580269,1,1
1288,2.37368545114043,2.50568850951945,1,0,-1.23996726361407,0,0
1289,0.184575208986644,0.374362433223042,1,1,-0.723202539640979,1,1
1290,0.144842446895746,0.216295716596073,1,0,-1.20081207180828,0,0
1291,0.653368772938848,0.818417746379101,1,0,-0.632299620753139,0,0
1292,0.186040502449032,0.780924325740323,1,1,0.105233944159212,1,1
1293,0.157271167263389,1.57301308859981,2,0,0.794681421492116,0,0
1294,0.414770894567482,0.893624902796084,1,1,-1.28766263845267,1,1
1295,0.0314170820638537,4.99422038007498,2,0,0.0610385765436056,0,0
1296,1.31333962548524,3.47246714557211,0,0,-0.0155107627625073,0,0
1297,0.0888406401500106,1.54182032785804,2,0,-0.394971506801647,0,0
1298,0.54923762010235,0.877216907520309,1,1,-2.14658405711691,1,1
1299,0.323057827190496,2.23763274790339,2,1,0.491909454062442,1,1
1300,0.796683634631336,2.67519536655217,1,0,0.379618950593763,0,0
1301,1.05173515512931,1.5762875649781,1,0,-0.886489440604304,0,0
1302,2.05569907828214,3.04068785339053,2,0,-1.29005607995396,0,0
1303,0.129967101674993,0.91633490281224,1,1,-1.22870606749007,1,1
1304,0.543636665206943,0.585802922699989,2,1,-0.270773765588692,1,1
1305,0.0902231297610569,0.403136653992203,2,1,0.259404410205999,1,1
1306,0.996007328853011,1.7359140094272,2,0,0.137534222609383,0,0
1307,0.00251183402724564,1.5205981584953,1,1,-1.10081924209008,1,1
1308,0.0552018588011561,1.56282670102872,1,1,-0.294872775161995,1,1
1309,0.677859175698225,1.76647126033801,2,1,0.255941038160896,1,1
1310,0.456188213403158,0.982878970395575,2,1,-0.0287110439160278,1,1
1311,0.050595335487742,0.177939123577032,1,1,-0.889798181919169,1,1
1312,0.261967275000643,2.83652976734527,0,1,0.398614467645428,1,1
1313,0.00401714066376106,0.17213427771429,2,1,-0.00732365544912816,1,1
1314,0.0752934298088394,0.866905259009152,1,1,0.186562933662756,1,1
1315,1.91431146578507,2.19149104457696,2,0,0.343991064894485,0,0
1316,0.0252043222257098,0.519624823733196,1,0,0.598641703861323,0,0
1317,2.14339985876324,2.81956231842438,0,0,-0.616875763548264,0,0
1318,4.77838232555655,5.90885601999397,1,0,-0.746562989249387,0,0
1319,0.0860152213359008,0.0987929403552463,2,0,1.11892464148263,0,0
1320,0.431357126682997,0.700377163391589,1,0,-0.0752795887895421,0,0
1321,0.302006653510034,2.06052455686997,1,0,1.32723649188067,0,0
1322,0.0752263382310048,1.48199519457527,2,1,1.2294655486447,1,1
1323,0.318230423727073,1.25389766496133,2,1,-0.534383749275461,1,1
1324,0.130171953060466,0.61936249203452,2,0,1.39659097234242,0,0
1325,0.222047397199339,1.57988450106917,1,1,1.50318004694475,1,1
1326,0.049296151555609,0.839174804969094,2,1,1.05963156971535,1,1
1327,0.251595855690539,0.368549362243455,2,0,1.0202275371828,0,0
1328,0.258043141220696,0.296553987429946,2,1,0.409099172186068,1,1
1329,0.15829876937385,0.960498024034658,1,0,-1.88009889505495,0,0
1330,0.27380798739614,0.566517177695208,1,1,0.33395851042139,1,1
1331,0.397378820925951,2.8127918099748,2,0,0.625388477493512,0,0
1332,0.2788942762196,0.316113437933281,1,0,0.556567867668891,0,0
1333,0.0450350252451077,0.33353031888507,0,1,0.234230382140975,1,1
1334,0.0238898929092102,0.641591530842082,1,1,-0.183537983598158,1,1
1335,0.02632367919432,0.551773889976764,1,1,-1.28547236112054,1,1
1336,0.449419155716896,2.51672254402079,2,0,0.667635085924318,0,0
1337,0.118989029413483,0.460799717754899,1,1,1.27824947767405,1,1
1338,0.213169465423562,0.355324284723326,1,1,-0.424654231903549,1,1
1339,0.146071037452202,0.919007190192739,0,1,-0.572161112005494,1,1
1340,0.298459846526384,1.18172225470565,1,0,0.771863697196146,0,0
1341,0.281646045623347,1.74681437528764,2,1,-1.05419147881135,1,1
1342,0.144245603005402,0.276312327788148,1,1,-2.06205837829621,1,1
1343,0.443053782917559,5.1562644882292,2,0,0.229773542999915,0,0
1344,0.963537639665472,1.20318572920371,2,1,0.777016795177565,1,1
1345,0.242355370428413,0.599736635246358,1,1,-0.229779185584491,1,1
1346,0.957002803683281,1.02352587028361,2,0,0.780767624127597,0,0
1347,0.208479563718604,1.14083622892698,0,0,1.2071094783857,0,0
1348,2.20753923608902,5.7444825798399,2,0,-0.269557932141986,0,0
1349,0.108857444657101,0.682386434627586,1,1,-1.54299628056672,1,1
1350,0.559950544821851,0.568281768404669,1,1,0.0681988801953942,1,1
1351,0.22510231354541,1.02069287702252,1,1,-0.189611800365861,1,1
1352,0.211152956080977,0.379151674575159,1,0,-0.514535468209157,0,0
1353,0.117820568557363,1.10188670271318,2,1,1.06996988331144,1,1
1354,1.05494355130941,1.64513909999662,0,0,0.159444637010549,0,0
1355,0.0540751500707744,0.272256486376487,1,1,-1.73494973185798,1,1
1356,0.109516316093504,0.771357468987376,1,0,0.724401012942834,0,0
1357,0.145569083280861,4.95489361498716,2,0,-0.399486304586549,0,0
1358,1.19739320662341,1.64864243039069,1,1,0.647997952942545,1,1
1359,0.126720799598843,0.441617425652836,1,1,0.629331869752476,1,1
1360,0.205586913616665,1.06276176248988,0,1,-0.208118172486396,1,1
1361,0.41142814168299,0.510059224069781,1,0,1.0459992458742,0,0
1362,1.22414910112844,1.78232726550338,1,1,-0.836930640696598,1,1
1363,0.231867767870426,0.305004484556095,1,0,-0.771660226559425,0,0
1364,0.0830831595454157,0.427613551080125,1,1,0.78036568235938,1,1
1365,0.344827320368495,0.525851985439658,0,1,-0.0440802442209882,1,1
1366,0.329805475194007,0.489980634909909,1,1,-0.634031868696556,1,1
1367,0.0914803009399335,0.711770122844913,1,1,0.160188869086656,1,1
1368,0.159324633132201,0.774980869470986,1,1,-0.355706029069574,1,1
1369,0.323175203229766,0.785142931878978,1,1,0.255064414304775,1,1
1370,0.643519964069128,1.20086721765498,0,0,-1.05054598096028,0,0
1371,0.198628207144793,0.581634141728062,1,1,-1.82985577981142,1,1
1372,0.00858373497002046,0.621850568196272,1,1,-2.25750153668686,1,1
1373,0.130105859425385,1.71244030339073,1,1,0.200871285276052,1,1
1374,0.330168080808412,0.608932121314014,1,0,0.742402967537391,0,0
1375,0.719005019028492,1.623303018226,2,1,-0.596552294432339,1,1
1376,0.891761626935612,0.965501369399524,2,1,1.97428301529553,1,1
1377,0.710181497968733,2.31762913003725,2,0,1.01031695851744,0,0
1378,0.456411826017152,0.823708911638088,1,1,-1.97383521038465,1,1
1379,0.110404123552144,0.304680442267675,2,0,1.13622166483411,0,0
1380,0.307925994507968,1.0616477398148,2,0,0.219477688218127,0,0
1381,0.673957195073255,3.11142965705502,2,1,-0.66693966813463,1,1
1382,0.507537757926817,0.63992512962612,1,0,-0.810661131056528,0,0
1383,0.97855801339598,1.10234063792408,2,1,1.67918904884643,1,1
1384,0.484970323903384,0.800435995314007,1,1,0.0710876602159566,1,1
1385,0.578187690090209,1.01129946350558,2,1,0.228203841622659,1,1
1386,0.0653986084622654,2.81186495156066,1,0,1.23322781531237,0,0
1387,0.466945851195425,1.08007222574516,1,1,0.57986520790677,1,1
1388,0.343260118388571,0.495507837595582,1,1,1.08266866393768,1,1
1389,0.171729241556022,1.49451458904871,1,1,-0.693070867184578,1,1
1390,0.266854500561401,1.60357285038061,1,1,0.64965239347612,1,1
1391,0.105574137783492,0.938010573069902,2,0,0.898491695657808,0,0
1392,0.136626755486059,2.82626825911576,2,1,0.782202659137747,1,1
1393,0.180417571926902,0.781118871845519,1,0,-1.44815276782132,0,0
1394,1.23259423114359,2.0627615849177,0,0,-0.480236538537807,0,0
1395,0.238223994201174,0.547390596626396,2,0,0.673323470286704,0,0
1396,0.367877055469551,0.694439008829014,1,1,0.943802403555139,1,1
1397,0.274556334130466,5.62932294991648,2,0,-0.0211231349165378,0,0
1398,0.570091326883952,1.85307629270831,0,0,0.552425025293836,0,0
1399,0.0757574221509675,0.384731838008978,1,1,1.15283354335665,1,1
1400,0.52486383760982,0.660606106439243,0,1,0.315619094945549,1,1
1401,0.0888163394251247,0.482092227479072,2,1,1.60990715557392,1,1
1402,0.852095122796795,2.08450406567401,2,0,-0.189275798912328,0,0
1403,0.0529394851764664,0.644104850056285,1,1,-1.98421450838016,1,1
1404,0.234506783954974,0.762507787470203,1,0,-0.137250446870708,0,0
1405,0.208264465680545,0.827147267149111,2,0,-0.501258877942552,0,0
1406,0.366944718989544,2.03535998860995,0,1,-0.224400486452558,1,1
1407,0.466813703738971,1.05304053018369,1,0,0.673384028779935,0,0
1408,0.404154948482756,0.546478732897438,1,1,-0.0737978647980999,1,1
1409,0.166376741544809,1.03216880993838,2,1,0.0533238022412477,1,1
1410,0.0776142740505747,0.325396505995785,1,1,0.300313397647622,1,1
1411,0.18074181076372,1.50354150411443,2,1,0.0166105737294952,1,1
1412,1.03894555703142,1.28939548923638,1,1,-1.08268047887191,1,1
1413,1.29321301355958,2.78518332025346,2,0,-0.594620612355198,0,0
1414,0.0963134973426349,0.534375854531603,2,1,0.0581571686986346,1,1
1415,0.819085118584289,1.99846855988264,2,1,-1.04067122258847,1,1
1416,0.0409545006709382,1.83849818022528,2,0,0.703913227010646,0,0
1417,0.000533520244061947,0.0739644716183345,0,0,0.277010414546152,0,0
1418,0.100773297505971,0.213435331552365,1,1,-0.819704007621556,1,1
1419,3.55226305855398,4.5588756470381,1,0,-1.11919110709528,0,0
1420,0.458312972448766,1.15545723691218,1,0,-0.397590980896558,0,0
1421,0.265795255254488,0.998735795959294,1,1,-0.681718996136655,1,1
1422,0.919991240318507,1.49549033588275,1,1,-0.916316544881894,1,1
1423,0.163674759678543,1.35037034334435,1,0,0.315053760410817,0,0
1424,0.390034294687212,0.668135155974396,1,1,-0.761141212291057,1,1
1425,0.51912491582334,0.751676494003387,2,0,1.9039368219415,0,0
1426,0.0930267052129242,0.107237532617717,1,1,-0.146286208382595,1,1
1427,0.351249924701337,1.8456387856906,2,1,0.908939919824585,1,1
1428,0.415654440585058,0.773285612295599,1,1,0.121243345410145,1,1
1429,0.137431074865162,0.667325369827853,0,0,-1.12026089885199,0,0
1430,0.03361845394493,0.736731385568265,0,1,-1.07824044176461,1,1
1431,0.108481158968061,0.297936080712218,2,1,1.31305838278819,1,1
1432,0.381736537441611,3.88430771162708,1,0,-1.07764634767935,0,0
1433,0.684984935784135,0.974121039781481,1,0,-0.526027460456099,0,0
1434,0.726689088015638,1.81943926309244,1,1,0.384762911721191,1,1
1435,0.269769036385696,2.06704021112418,1,1,0.87378089310342,1,1
1436,0.790043052376069,1.32802463653836,2,1,0.583943452968478,1,1
1437,0.216764770351453,0.562016842002748,2,0,1.08763972592852,0,0
1438,0.0858290470205247,0.0972996215396678,1,1,1.68935624448252,1,1
1439,0.781155394480385,0.800188482048196,1,1,-3.04196431029889,1,1
1440,0.226681766645767,1.07906304462062,2,0,0.140231159290295,0,0
1441,0.707569399954242,1.16141584391395,0,1,0.124279823240577,1,1
1442,0.0523072529239633,0.285114853418877,1,1,-1.08855832585858,1,1
1443,0.314215061261776,3.1132913678963,0,0,-1.15628803852166,0,0
1444,0.223595332063269,1.40446632553179,2,1,0.310068430075207,1,1
1445,0.214215545721594,2.46523781058689,0,0,-1.16747983334282,0,0
1446,0.073821640190464,0.810462797474267,1,1,0.258533022247371,1,1
1447,0.358050248760264,0.383579565515007,2,1,0.359044238609419,1,1
1448,1.14873775159346,1.23904143621149,1,1,-0.792253652787481,1,1
1449,0.644519019540273,1.09206294153641,2,1,-0.683806660173566,1,1
1450,0.352851807838306,1.14426256584523,2,1,0.276051928317951,1,1
1451,0.298673412180506,0.612878673939722,1,1,2.79292357970211,1,1
1452,0.328330149340679,0.704528310590177,1,1,0.178926683786668,1,1
1453,0.00216243410250172,0.585021156770803,1,1,-0.119475482494875,1,1
1454,0.694844755344093,1.41644247053929,2,0,-0.0564347893322433,0,0
1455,0.0625912319083697,1.70569229148596,2,0,-1.50055848027819,0,0
1456,5.91785721447239,6,0,0,-1.03268875432657,0,0
1457,1.28783076442778,1.54941299497527,0,0,0.0140225350036515,0,0
1458,0.424257641134318,0.673211218010827,2,1,0.0394427902182496,1,1
1459,0.068270136252977,0.39319606274538,1,1,0.443085403821304,1,1
1460,0.190263090404248,0.411114934831858,0,0,-1.47113867774707,0,0
1461,0.403163150571273,4.5785046891059,2,0,0.458831415884415,0,0
1462,0.397072459780536,0.615946445541773,2,0,0.104436232406434,0,0
1463,0.187287018354917,0.295481791300772,1,1,0.717247411829079,1,1
1464,0.563929030878291,0.901948186750429,2,1,0.219765316951377,1,1
1465,0.0895959329981903,0.443348719938413,2,0,1.82039688464369,0,0
1466,0.239813787920866,1.39199145588997,2,1,0.088947614487741,1,1
1467,0.0999183455132879,0.463544907824675,2,1,0.382315227709701,1,1
1468,0.0324359264701314,0.974711894849142,1,0,-0.999916635961533,0,0
1469,0.25821551557089,0.469128501190024,1,0,-2.97361859653171,0,0
1470,0.222298426378984,0.965377338846809,0,1,-0.281505730680124,1,1
1471,0.270427053076878,1.75617445881168,0,0,-0.601171144526926,0,0
1472,0.103354875349602,0.236311096064486,1,1,-0.434493908685221,1,1
1473,0.182434182726435,0.520967723912501,1,0,-1.33792055602053,0,0
1474,0.079577537253499,0.553990128643963,1,1,-0.613157345402299,1,1
1475,0.396113219030667,0.468160607499278,1,1,-0.57289868207676,1,1
1476,0.212805242044851,2.07425692118704,0,1,-0.185821794661727,1,1
1477,0.275151657235431,1.7319573152388,2,1,0.741319396365931,1,1
1478,0.125920398859307,1.41276019386406,1,1,-0.527707562522956,1,1
1479,1.75399691603127,2.26838214633365,0,0,-0.35753572762333,0,0
1480,0.0554757277554583,2.50640261603425,2,1,0.627207313872242,1,1
1481,0.348819583887234,0.713414457561462,1,1,-0.710509418241014,1,1
1482,0.719372013583779,1.50953402995449,1,0,-1.64708542648107,0,0
1483,0.0458501386452927,1.24245807633531,2,1,0.990412470494853,1,1
1484,0.575121364800092,1.2339281957628,1,1,-1.35495616956254,1,1
1485,0.634978266872287,1.28971349214452,1,1,0.184406578508219,1,1
1486,0.564595700579611,1.17235367658863,1,1,0.392076913343846,1,1
1487,0.382627237105172,0.739106013697488,1,0,-0.592221754419955,0,0
1488,0.0889267143793404,0.40190240465472,2,1,1.05026377585565,1,1
1489,1.32904331758618,4.6890252866643,1,0,0.278331937016525,0,0
1490,0.014592585794162,0.0454372011056758,1,1,-1.38838759147342,1,1
1491,0.20355671091238,0.220345187388772,2,1,1.43754094382035,1,1
1492,0.0886546133551747,0.21588288868467,0,1,1.444231578157,1,1
1493,0.35163917878742,2.49213471975674,1,0,-0.843198364482304,0,0
1494,0.719016957419746,0.914191812699303,1,1,-0.500029517108412,1,1
1495,0.690971414558589,1.01350171971968,2,0,-0.585374413124043,0,0
1496,0.115201755543239,1.19476424688848,2,1,1.34040442235576,1,1
1497,0.540761908516288,2.25462671208122,2,0,-0.444854480452,0,0
1498,2.00539314365926,5.37887793701647,1,0,-1.29307473324803,0,0
1499,0.0592804726329632,1.05551391117613,1,1,0.322081062403906,1,1
1500,0.046982369676698,1.09457121541103,0,1,1.34011168569944,1,1
1501,0.887612455937654,1.54155916306236,2,1,0.391660240337241,1,1
1502,0.0595120266079903,4.65855345101961,0,0,-0.181344722074325,0,0
1503,0.716777765165836,2.04080447554063,1,1,0.116671312281996,1,1
1504,0.130035451854034,0.341256021866707,1,1,0.234725337802637,1,1
1505,0.0653065378039212,0.628071307432859,0,0,-0.0209278295595168,0,0
1506,1.09853996540757,2.61314263938524,0,1,-0.290377236875526,1,1
1507,0.337019040259195,1.11524287721889,2,0,-0.392142446806534,0,0
1508,0.197440459392965,0.358913216609576,1,0,-0.685549023098767,0,0
1509,0.217785597487818,0.551761180161775,2,1,0.564284998366255,1,1
1510,0.588586109198451,0.877171870698444,2,1,-0.479402613152803,1,1
1511,2.05543205179719,2.84704280085862,0,1,-0.439830511035138,1,1
1512,0.0848457246320322,0.903953237060695,1,1,0.323074003109027,1,1
1513,0.560345961573631,1.39780523972748,2,1,-0.303923280902188,1,1
1514,0.166427135960132,0.602972653161817,1,1,-0.939716228717383,1,1
1515,0.0948081412934698,1.16322786839218,1,1,0.528940475452266,1,1
1516,0.297280785744078,0.375260525667296,1,1,-1.14484767929509,1,1
1517,0.0918211997486651,0.815672809258103,0,1,0.595394664445881,1,1
1518,0.0681792540031321,1.75718703033664,2,1,0.244887018665885,1,1
1519,0.117552144237601,2.19322366992386,1,1,-0.269118807052265,1,1
1520,0.992792134173214,1.06939091347158,0,0,-1.5860761837638,0,0
1521,1.18200047507953,2.23318996193883,1,1,-0.483550764648094,1,1
1522,0.0321649992782641,1.28345056139526,1,1,-0.261733225229241,1,1
1523,0.620160772465169,6,0,0,-0.260661525545096,0,0
1524,0.00988060879605472,0.627993376168026,1,1,-0.10861051712644,1,1
1525,0.591847066508427,1.25400823089489,1,1,0.471268507587563,1,1
1526,0.558714034967124,0.561947064190293,1,0,-1.62999757258339,0,0
1527,0.201891975593753,0.566224299709235,2,1,1.09381646801333,1,1
1528,0.281372791505419,0.489556672869155,1,1,0.1553928986167,1,1
1529,2.40213192618432,5.06607586092505,2,0,0.767833462811442,0,0
1530,0.484803767295683,1.56966912918118,2,1,-0.162840282463877,1,1
1531,0.28104401845485,0.634223964445562,1,0,-0.692714926149288,0,0
1532,1.36204778325318,1.4969541485333,1,1,0.938331313310014,1,1
1533,0.0439172924961895,0.680747862783916,1,1,0.303721059248602,1,1
1534,0.0699414376867935,0.103362468300981,1,1,-1.98346891451996,1,1
1535,1.40276450306682,1.82008738527406,2,1,-0.447266443800017,1,1
1536,0.0116327111044221,1.27209546975791,0,1,-0.0632915994582681,1,1
1537,0.89937143214047,1.08595017481844,1,0,0.0669790796264563,0,0
1538,0.417792776599526,0.501528873389124,2,0,0.348114189014727,0,0
1539,0.21058462531073,0.346159311260592,1,1,-0.684147467900959,1,1
1540,0.515127522495397,0.944001771073078,1,1,-0.414682860646401,1,1
1541,0.0116992427501827,1.47219015345172,2,1,-0.50061755619437,1,1
1542,0.514789637405154,1.39906549658865,2,0,0.414003335133406,0,0
1543,0.104974883142859,0.381982592892724,2,1,-0.110273040630888,1,1
1544,0.236290318425745,1.01772337677718,1,1,1.74395689291602,1,1
1545,0.187559790974425,0.369212595799077,1,0,-1.33465637465304,0,0
1546,0.249994920632062,1.10072802247744,0,1,-1.15645916234704,1,1
1547,0.599064198188964,1.5261919299508,2,1,1.4531392210606,1,1
1548,0.379122067824937,0.579995597548264,1,1,-0.316070993870888,1,1
1549,0.117944436413331,0.614000020954277,0,0,0.118230270292229,0,0
1550,0.826511683873832,3.02379453244309,0,0,-1.56765530010072,0,0
1551,0.244214065023698,0.728758973470844,1,1,-1.52488773267403,1,1
1552,0.143213023548014,1.47402720006783,1,1,0.0853165153334256,1,1
1553,0.157955266186036,2.19711127339618,1,1,1.03512899653209,1,1
1554,0.360001355875283,0.36620213987308,1,1,-1.31659463045029,1,1
1555,0.0990558855119161,0.653344779927129,1,1,-0.690290126254989,1,1
1556,0.155695738503709,1.49004430689829,2,1,-0.843242104151858,1,1
1557,0.12426080473233,1.0089932351317,1,1,-0.337165352689469,1,1
1558,1.09595572110265,1.10360192226134,1,0,-0.112993338765662,0,0
1559,0.0667052148492076,1.23542971101859,1,1,-1.01566255374634,1,1
1560,0.323159507534001,1.7598153770697,2,1,0.0300240647511769,1,1
1561,0.200365449000483,0.443538286645852,1,1,0.595957241170932,1,1
1562,0.358673163689673,0.392356934052584,2,0,-0.823266984669962,0,0
1563,0.108460070332512,0.336839681304022,1,1,-0.189873776813555,1,1
1564,0.498238292030811,2.5202029890364,2,1,0.209423950918531,1,1
1565,0.196166241948958,0.445120795113248,1,1,-0.687420017214826,1,1
1566,0.222700100857764,1.17807019532822,1,1,-0.253911632902171,1,1
1567,2.12471497795525,3.24813409730542,2,0,0.0987009141245101,0,0
1568,0.454081417061388,0.699155534366195,2,0,-0.238916531977195,0,0
1569,1.17788984533399,6,0,0,-0.807003051452768,0,0
1570,0.346997065469623,0.918395897193057,2,0,1.0786756812603,0,0
1571,0.144303060136735,0.342066631633451,1,0,0.509506878023988,0,0
1572,0.405320861712389,1.12811744742904,1,0,-1.6679057446035,0,0
1573,0.201715074654203,0.794017374639117,2,1,0.077457784029468,1,1
1574,1.05165346171112,2.0830898573789,1,1,-0.858294005031092,1,1
1575,0.219685173462833,2.75934174769822,1,1,-1.11874054753258,1,1
1576,0.65063126964663,1.41657973133158,0,1,1.4587720260346,1,1
1577,0.166445961513091,0.204238210529482,1,1,-0.837221213794125,1,1
1578,0.529646540060639,1.46567087233277,2,0,0.650969097707798,0,0
1579,0.508791084840715,2.26055359100062,1,1,0.203138589653028,1,1
1580,0.0557837365865328,0.587490462981091,1,1,-0.0842892714203094,1,1
1581,0.245732321054675,0.779682317331353,1,1,-0.929793626271292,1,1
1582,1.41316447049885,2.32853444023461,2,1,-0.497156384463148,1,1
1583,0.839584765732771,1.17174555191135,2,0,0.486467259150911,0,0
1584,0.652022556401789,2.02897374997036,1,0,0.162315289997512,0,0
1585,0.0466246517497477,1.51680960319936,0,0,0.480691798877301,0,0
1586,0.2030238378793,0.726519190751804,2,0,0.955720239923813,0,0
1587,0.0127335898578167,0.933562366450089,1,0,-1.15506092517233,0,0
1588,0.147140431437072,0.175082789364261,0,0,1.47100097498279,0,0
1589,0.773139221593738,1.34856709156935,2,0,-0.0992926140221941,0,0
1590,0.141328679337085,0.172067537478809,2,1,0.587755149984957,1,1
1591,0.27897193969693,0.945849961257432,1,1,0.161999276778204,1,1
1592,0.339852334873285,0.911525057652862,1,1,-1.36398245521402,1,1
1593,0.323059759684838,0.980726829663365,2,1,1.21725732253801,1,1
1594,0.109038038935978,0.193318118321728,2,1,1.59789087866455,1,1
1595,0.287428250885569,0.597536049013035,2,1,1.15142906716753,1,1
1596,0.220988001674414,0.406185885597903,1,0,-1.52315492118455,0,0
1597,0.168169441749342,0.381422241528829,0,1,2.71734534852869,1,1
1598,0.306382656854112,0.855505221418751,1,1,-2.32225170900405,1,1
1599,0.0165980234742165,1.22997135458973,0,0,1.49832592704718,0,0
1600,0.558826917523339,1.00275917399506,2,1,-0.292762960188131,1,1
1601,1.31617865618318,1.63029897348447,1,0,-1.30062365309109,0,0
1602,0.0843596705817617,0.241089462212222,1,1,-0.0878781660830808,1,1
1603,0.767369574142441,2.60700113269216,1,1,-0.298132145330815,1,1
1604,1.11405253596604,2.29498465387443,0,0,0.908417481198133,0,0
1605,0.252858367166482,1.02530730504456,2,1,1.52055378581415,1,1
1606,0.281857742520515,1.37931312124284,1,1,0.943355362368378,1,1
1607,0.618365337114602,0.915128606027415,1,1,-1.32386667586052,1,1
1608,0.074918405380181,0.279316396988102,1,1,-1.21643469426452,1,1
1609,0.566743851966172,2.46159232169104,1,1,-0.764921598237332,1,1
1610,0.807778815272336,3.13553853316439,2,0,1.3494662363103,0,0
1611,0.0493542883908201,2.76971974410117,0,0,-1.46045057871132,0,0
1612,0.66553304667753,1.26313552413604,1,1,0.754613065862758,1,1
1613,0.757517265155911,0.85835573446695,2,0,0.221158020935874,0,0
1614,0.686297955663696,0.788694112632525,1,1,0.991005275119691,1,1
1615,0.887947340284131,1.08136208909763,1,1,0.452967340972599,1,1
1616,0.203444747831558,1.30135136719233,2,1,0.432232071943033,1,1
1617,0.463313903928586,1.06705889726679,0,1,-0.627889470917721,1,1
1618,1.06077951844782,1.98724840528891,2,0,-1.02618940969554,0,0
1619,0.140529058407992,1.29415032469979,1,1,0.222265720556903,1,1
1620,0.269158069975674,3.03827717499349,2,0,0.279102633635321,0,0
1621,0.0337801280641783,0.0800347278130365,1,0,0.122649765479976,0,0
1622,0.357026106677949,6,0,0,-0.598774094080491,0,0
1623,0.355564510449767,0.984710199457757,1,0,-0.730342262362577,0,0
1624,0.375940084340982,2.13098510121243,1,1,-0.156840569464236,1,1
1625,0.662634277806439,1.28693569556134,1,1,-0.138011471687559,1,1
1626,0.722567465246476,2.31673146363975,0,1,-0.463793998728209,1,1
1627,0.0298846457153559,0.932306152497834,1,0,-0.134308305253815,0,0
1628,0.283186268173489,2.28357113622762,1,0,-0.668897801780267,0,0
1629,0.213932774204295,1.47703784564329,2,1,0.779765741181761,1,1
1630,0.104685678088572,0.875601440091431,2,1,0.689398349270135,1,1
1631,1.14674742602126,1.28249222477509,1,1,-0.451253586531748,1,1
1632,0.26100153865147,2.34402615598544,2,1,0.791119217316099,1,1
1633,0.526772373355925,0.872244103540944,1,0,-0.344637268460737,0,0
1634,0.0211649095405866,6,0,0,-0.371498606773399,0,0
1635,0.226692255700705,1.03812709480195,1,1,-0.768378068950117,1,1
1636,0.683220539097586,1.40969746142802,1,1,-1.18591362664853,1,1
1637,0.488566881950766,0.509110583613316,0,1,-1.05819577419526,1,1
1638,0.0578956262324937,1.2042013803909,1,1,-1.14676768877115,1,1
1639,0.703369626775384,0.893746371771203,1,0,-0.457519719506517,0,0
1640,0.106155145416419,0.300457401205561,2,1,1.68998958087556,1,1
1641,0.10274198371917,1.22108176192472,2,0,1.27247487680833,0,0
1642,0.208509394433349,2.87882005485396,0,1,-0.527856592304737,1,1
1643,0.282034972333349,1.54506027897387,1,1,-0.0520966513145662,1,1
1644,0.564240350101336,0.590651055128266,1,1,0.0594715424251457,1,1
1645,0.176317482277315,2.6322453727088,2,1,0.875771797015562,1,1
1646,0.178727210156454,1.4619374090835,1,0,0.229514531361276,0,0
1647,0.231429551204201,0.782562897075669,2,1,-0.943070774880567,1,1
1648,0.0987916095065775,2.47413717066016,2,0,0.632994478192307,0,0
1649,0.731948247968041,5.27102427883089,2,1,0.00149247780280891,1,1
1650,0.358731239418691,1.79755918021664,1,1,0.078201578069895,1,1
1651,0.00198788737179711,0.849099265842395,1,1,-0.84720297990156,1,1
1652,0.737815869040787,3.51198266279047,2,0,0.762461545906375,0,0
1653,0.00119759701192379,1.98491799024244,0,1,-1.22559640108502,1,1
1654,0.401394351385534,0.984271139312802,1,0,-1.36672586996923,0,0
1655,0.695633940398693,3.57978653900052,2,0,-0.0494458514269694,0,0
1656,1.04276290535927,1.65876204328114,1,0,1.41269433261198,0,0
1657,0.324211791875918,3.12112342115939,2,0,-0.0233157778492706,0,0
1658,1.37807094285571,4.22853614175643,0,1,-0.192728164138493,1,1
1659,0.0801395762941905,1.65358782577166,2,0,-0.883782275552596,0,0
1660,0.567632322755463,0.935259292727267,1,1,0.555206629959648,1,1
1661,0.406829475832637,1.34329065989676,1,1,0.636155573596029,1,1
1662,0.0677423065644689,0.638342066925714,1,1,1.47700144068615,1,1
1663,0.00941283331485465,0.492488710787576,2,1,0.25915367856952,1,1
1664,0.861700218493872,1.53818218628727,1,1,-0.120962842950755,1,1
1665,1.12876673042774,2.39981036461457,2,0,1.05393334019424,0,0
1666,0.620242792568337,0.849297872400375,2,0,1.222286523891,0,0
1667,0.179034489847254,1.86712811996922,1,1,-0.151607875207363,1,1
1668,0.0953246767828578,0.558523395372969,1,1,-0.514668351144834,1,1
1669,0.248394826799062,0.832835519944261,1,1,0.313846793970766,1,1
1670,1.05127078010106,1.76442986532428,2,1,-0.157236683888328,1,1
1671,0.0667991079390049,0.535490284505564,1,0,-1.38002139914457,0,0
1672,0.25211294968255,0.415520043197934,2,0,0.186242954636953,0,0
1673,0.580889972012624,1.87920357659477,1,1,0.586790005311433,1,1
1674,0.0276930456000071,0.261175593517727,2,1,0.93776862998742,1,1
1675,0.1456065075472,0.651656502981663,1,0,-1.2767670399006,0,0
1676,0.944090033881366,1.14465659905181,1,0,0.0668724506863386,0,0
1677,0.336047649907414,0.792137775525683,2,1,0.117452351386584,1,1
1678,0.141191656349852,0.623804832531854,1,1,-1.50513759648607,1,1
1679,0.216185475244874,0.861871683127425,1,1,-0.227829196034605,1,1
1680,0.161101465171673,3.65354713374706,1,1,-0.210179821808374,1,1
1681,0.589357954758451,0.638153990826391,1,1,0.157836657319178,1,1
1682,0.210527421108766,1.87712922481951,2,1,-0.327591796933258,1,1
1683,0.927615572502863,6,0,1,-2.00806695085137,1,1
1684,0.0370269276710134,4.04768876411385,2,1,-0.234663401894844,1,1
1685,0.0437089516656948,1.10874289726036,2,1,-0.722598887849511,1,1
1686,0.504780520685017,2.86964311813494,2,0,0.591676611731909,0,0
1687,0.00783422340672531,0.192426328598393,2,0,0.307902502605377,0,0
1688,0.518637099007087,1.31752397881796,2,1,-0.912655118666672,1,1
1689,0.795673883807539,2.83767586381014,2,0,-0.871882976887709,0,0
1690,1.31609238848612,2.53529244673959,1,0,-0.786067507866105,0,0
1691,0.28015788004268,0.867198957670989,2,1,1.05310191904516,1,1
1692,0.417600082582794,0.71295117127554,1,1,0.561696706383818,1,1
1693,0.381356280122418,1.0351213274908,1,1,-0.468584874832859,1,1
1694,0.0419473621877842,2.40215199313453,1,1,1.34054087746132,1,1
1695,0.357903948170133,0.367274119950529,0,1,-0.274038676234354,1,1
1696,0.179220087011345,0.841784502212145,1,1,-1.00599076554156,1,1
1697,0.309195408992555,1.54578753778647,2,0,0.94499146414279,0,0
1698,0.249510518275201,1.77266619817483,1,0,-0.739598641598438,0,0
1699,0.885193190537393,1.21958871477637,1,0,-0.423061416357489,0,0
1700,0.428749872953631,0.93737288174877,2,1,0.261544196293151,1,1
1701,0.658906096592546,3.51615797080083,2,0,0.693473674701076,0,0
1702,0.0486523588187993,0.991128427798292,1,1,-0.741468173518124,1,1
1703,1.59982060989221,1.82936737712538,1,0,2.05110315707957,0,0
1704,0.0338318638387136,0.0459781133367417,2,1,0.712237710677355,1,1
1705,0.137541528674774,0.181992414313754,1,1,1.80661569398691,1,1
1706,0.448487459190011,0.978733185861965,1,1,-1.56085034641245,1,1
1707,0.858005739748478,1.07357672910107,2,0,-0.177379989632766,0,0
1708,0.243663564846591,1.50607806387166,1,0,0.129320685154145,0,0
1709,0.11917068506591,1.02143306229049,2,1,0.289955079211463,1,1
1710,0.119555938958844,1.11543195201032,1,1,-0.160404444702335,1,1
1711,0.163964029401541,0.726730301693544,2,0,1.20476481747261,0,0
1712,0.311225646582898,1.79563556726521,1,1,0.308764047937986,1,1
1713,0.205267790006474,2.75445776301243,0,1,-2.25925164312295,1,1
1714,0.406634037208278,1.38764281292665,1,1,1.49692266242448,1,1
1715,0.344327015627641,2.84652539528906,0,1,0.716933746664561,1,1
1716,0.638741098344326,3.77856701031533,2,0,-0.27611096918844,0,0
1717,0.861895917914808,2.95002235042908,1,0,0.651222325358919,0,0
1718,0.638513102283702,0.750505475686766,2,0,0.63483994660421,0,0
1719,0.663039512286671,1.44974073607373,1,1,-1.45564789057308,1,1
1720,0.818359949599773,1.30798097993407,1,1,-0.930653288483364,1,1
1721,0.310042039284585,0.770295809227234,2,1,0.572790360791079,1,1
1722,0.194822506164201,2.0362568574506,2,1,1.12061141547916,1,1
1723,0.37398175249109,0.38570243042558,1,1,-0.523341922931792,1,1
1724,0.0967752562789474,0.469964071214884,1,0,-1.32577402363905,0,0
1725,0.125500106660184,0.419832117234667,0,1,-1.17815740804257,1,1
1726,0.46148120747664,2.69167944923597,2,0,0.678040625661998,0,0
1727,0.56986210515891,1.05535668945703,2,1,-0.466644980959711,1,1
1728,0.0609367078868672,0.316903166191684,2,1,0.250165018765396,1,1
1729,0.044446615566991,0.151184724531936,1,1,0.23065782652378,1,1
1730,0.674435836236745,0.797193025549253,0,1,-0.62154525656298,1,1
1731,0.267079235778903,0.268929712786906,1,1,1.09479961694818,1,1
1732,0.00214194180443883,1.22271006616453,0,1,-0.404372269598002,1,1
1733,1.774983163818,2.04793291786251,2,1,-1.46608937600004,1,1
1734,1.41585408285293,2.8003017942979,2,0,-0.760979429382431,0,0
1735,0.0263729146530514,0.682014384526384,1,1,-0.44745711747385,1,1
1736,0.549275217900805,0.75880245004024,2,1,1.05178267501149,1,1
1737,0.0477528013288975,0.25453887241367,1,0,-0.473431336706291,0,0
1738,1.56969392818071,2.18635356928806,1,0,-1.78135801661336,0,0
1739,0.476384688168764,0.748387773070406,1,0,0.306363006135108,0,0
1740,0.025263557630758,0.15651032899246,2,1,1.79976543010538,1,1
1741,0.208228997944389,1.46501945010694,0,1,1.29059102286721,1,1
1742,0.782765503972769,1.99575639406702,2,0,0.443045123613538,0,0
1743,0.790669423851006,1.06612588816264,1,1,0.648981424732764,1,1
1744,0.233131984132342,0.294819075420024,2,1,0.481012657630529,1,1
1745,0.065173433669907,1.50303322193225,1,1,-0.348127858423835,1,1
1746,0.494223842370576,0.594631035424462,1,0,-0.456379303437475,0,0
1747,0.425271058338694,0.708889283399264,1,1,-1.14151382085408,1,1
1748,0.0287085982758805,0.299985457442374,1,1,0.553064814556341,1,1
1749,0.113844139850698,0.245104977162009,1,1,-2.51348334435807,1,1
1750,0.241137499979232,0.72626134033074,2,1,0.0533730420942183,1,1
1751,0.427382124703474,0.758127677866214,1,0,0.183912963426466,0,0
1752,0.619234086453736,0.712467189878225,0,1,0.898362823915948,1,1
1753,0.181344658776652,0.295486330751622,1,1,-0.0986307587492427,1,1
1754,0.0520478759397002,1.21499013940568,2,0,-1.67754064570117,0,0
1755,0.789966225353507,3.09929079376161,0,0,-2.14445037354839,0,0
1756,1.04757949825523,2.48259515333271,1,1,0.60917316725065,1,1
1757,0.452821373041166,0.512066580623883,1,1,-0.795570165392049,1,1
1758,0.158925416637886,0.30625420591322,2,0,1.78573651413059,0,0
1759,2.06665037655014,3.97644260920823,2,1,-0.991147027221392,1,1
1760,0.00320213809534577,0.776315958720018,2,0,1.38381698761103,0,0
1761,1.32607225437222,3.2559304243513,1,1,0.509039128337084,1,1
1762,0.14495616779591,1.20183433432256,1,0,-1.65521463599245,0,0
1763,1.70734163532651,2.73725442728712,1,1,0.221809252290263,1,1
1764,0.358029934577644,0.428956532850862,0,1,0.13619358812747,1,1
1765,1.39898843053687,2.44895822155073,1,0,-0.50119163732747,0,0
1766,0.625819039531052,1.04934524256868,2,0,0.919065202339305,0,0
1767,0.074822393944487,1.02012062999418,1,1,-0.460648069237733,1,1
1768,1.18185324873775,1.67001635459958,1,0,0.142103032188987,0,0
1769,0.586669644340873,1.4586624097796,1,0,1.82694736421545,0,0
1770,0.455130764136467,2.21289649186089,2,0,1.59383871605481,0,0
1771,0.133102627476852,1.06331032947691,1,1,-1.14733895934624,1,1
1772,1.4980075097734,3.83443588390946,0,0,-0.764996719471655,0,0
1773,0.928912376984954,0.956246547360059,1,0,1.47119030196129,0,0
1774,0.381179105490446,6,0,0,-0.622962445709473,0,0
1775,2.6509656421,5.64013675798178,2,0,-1.12927938397422,0,0
1776,0.424189938348718,1.08767379164831,2,1,-0.297968335654247,1,1
1777,1.45695556734998,1.66884013708091,2,0,0.110278520520573,0,0
1778,0.311464256277194,2.01849989958116,2,0,-0.21546943345086,0,0
1779,0.236821810726743,2.68617426122928,1,1,0.425179676736876,1,1
1780,0.461912549100816,2.41582413136746,2,0,1.08101193678841,0,0
1781,0.271356135606766,0.380358356700781,1,0,1.32580276707944,0,0
1782,1.0219227867201,2.83169270182649,0,0,-1.14537085472104,0,0
1783,0.131534483225551,0.644910335399529,2,1,-0.0518993019337923,1,1
1784,0.0279517553281039,0.141815184927774,1,1,0.407929927146315,1,1
1785,0.705267759595819,1.45273847929475,1,1,0.501029938409583,1,1
1786,0.0364276627078652,0.167387062714122,0,1,-0.69370402437652,1,1
1787,0.329540829174338,0.451117545656378,1,1,1.2339040789764,1,1
1788,0.183721788635012,0.703246569395993,1,1,-0.995530955352972,1,1
1789,0.919784661329925,2.10191983832613,2,1,-0.0312478443762984,1,1
1790,0.0225219415733591,0.91363661310969,1,1,-1.02579853270429,1,1
1791,0.129993790768756,3.56322747494541,2,0,-0.673003928598883,0,0
1792,0.15664881425622,2.59484924004077,1,1,-0.39814021170407,1,1
1793,0.350517964742745,0.486002047917567,0,0,-1.5389573083092,0,0
1794,0.0457324986094847,1.40077663685775,1,1,-0.684903867884819,1,1
1795,1.82413529107128,6,0,0,-1.7418284677412,0,0
1796,0.331643348035868,0.465379071732362,0,1,-0.310427549863675,1,1
1797,0.868450273289771,2.00311847779308,2,1,0.0287381102536548,1,1
1798,0.363671557977796,1.07147299809754,1,0,-1.60155528491887,0,0
1799,0.0911104425904341,0.165642809946323,1,1,-0.126070893815749,1,1
1800,0.0757843372412026,0.475654144050477,0,1,-0.820227062992656,1,1
1801,0.603960077636978,0.835304099671295,2,1,1.61035222461233,1,1
1802,1.82922427924375,6,0,0,-0.673680799328924,0,0
1803,0.721018215641379,1.60241129653092,1,0,0.833795793290793,0,0
1804,0.582322750097893,0.622713431588381,1,1,0.619134827048824,1,1
1805,1.16054847277701,2.01066565389435,0,0,0.168406793310807,0,0
1806,0.32605470330919,0.956941288400619,1,1,-0.467573753653285,1,1
1807,0.540834357962012,3.67390393589934,0,0,0.795554963306898,0,0
1808,0.223365175537765,0.364370362254863,1,0,0.872191205401931,0,0
1809,1.09754484374413,5.67872546134516,1,1,0.423088370798358,1,1
1810,0.142744449898601,0.443473438366453,2,0,-0.0501160485609995,0,0
1811,0.0648753168061376,0.414448932067385,2,0,0.468517109662224,0,0
1812,0.180915387463756,1.63460129431018,1,1,0.402208368718864,1,1
1813,0.314004834741354,1.41746749810404,1,0,-0.403323065290286,0,0
1814,0.184433947661824,0.54544048060068,1,1,1.8362620627783,1,1
1815,0.856002094224095,1.3772551502527,1,0,-0.59601388950088,0,0
1816,0.55594595707953,0.639288564888675,0,0,-0.123503755205382,0,0
1817,0.24642040834703,0.889717634959863,1,1,-0.994160662671106,1,1
1818,0.615562646649778,0.961093767037777,1,0,-0.0168551116359603,0,0
1819,0.196756279096007,0.288470308951479,1,0,-1.7789306515738,0,0
1820,0.237144847633317,0.337252616900957,2,1,-0.30740545211896,1,1
1821,1.14442052896471,1.73410295334051,2,1,-0.413451208163784,1,1
1822,0.132097524765413,0.962321345950793,2,1,-0.512058811642515,1,1
1823,0.0293276034062728,0.357867573567395,1,1,1.21614061820662,1,1
1824,0.133520782110281,0.598475959696447,2,1,-0.0249607784846576,1,1
1825,0.484290648176522,2.29643939250374,1,1,1.48090741194902,1,1
1826,0.00531051927457517,0.672968097377448,1,1,1.02047463513966,1,1
1827,0.505526124589898,1.55742751461441,1,1,-0.14928203002571,1,1
1828,0.791704951574496,2.69137885582431,0,0,0.208159141264578,0,0
1829,0.278114629631265,0.776818369852045,1,0,0.0707310411825441,0,0
1830,0.203447605308611,1.59597797198342,2,1,0.442582789281179,1,1
1831,0.746108200374812,2.1929050085174,0,1,0.383187206445593,1,1
1832,0.350392582826316,0.680770014498112,2,0,-0.271745611051749,0,0
1833,0.628621463265426,0.715093505908739,0,0,-1.40601086620598,0,0
1834,0.109503707208205,0.926247540761213,1,1,-1.58400411725948,1,1
1835,0.064359769716874,0.771291086525148,2,1,-0.68391009849732,1,1
1836,0.21986028685204,1.02981757051093,1,1,-0.103366423868855,1,1
1837,0.757712234600268,3.03202759110822,1,1,-1.3793105223816,1,1
1838,0.758801041164322,1.46429177490469,2,0,1.03893663543854,0,0
1839,0.37756138946861,0.963079730982959,1,1,1.15640385793097,1,1
1840,0.206848612288013,0.78153168857897,1,1,0.407329766269436,1,1
1841,0.228746813081671,1.24129584911117,1,1,-0.199618601065207,1,1
1842,0.977916818508301,2.33225076180467,1,1,0.645472560136676,1,1
1843,0.778902719585978,1.54797272171336,2,1,0.206512601220582,1,1
1844,0.0445133078028448,0.719190730959107,2,1,-0.321852061807067,1,1
1845,1.03618278168142,1.16677465727397,1,0,-2.07202217790949,0,0
1846,0.149047395214438,0.209660926169681,2,0,1.14025706950888,0,0
1847,2.8459743222404,4.23317705132161,1,0,-2.11713618071343,0,0
1848,0.0291143387793536,0.398111190360189,1,1,0.0732475651508583,1,1
1849,0.326700191944838,0.687239539499084,0,0,0.928903443111488,0,0
1850,0.506677906960249,2.89990695039793,2,0,0.19628637962824,0,0
1851,0.0944690685719252,1.89509214022576,1,0,1.14256140314087,0,0
1852,0.727242628112435,2.36698969753209,2,0,0.366713986141387,0,0
1853,0.129523400391918,0.467853444194073,2,1,1.43811868606756,1,1
1854,1.21808919683099,5.86395684601673,0,0,0.0584226265363536,0,0
1855,0.131399990990758,2.39517956342732,2,0,-0.383604397532728,0,0
1856,0.00317650035077833,0.245983606749558,1,1,-1.38027254016622,1,1
1857,0.467647090554237,2.72286241932794,0,0,-0.286911941440125,0,0
1858,0.263121282003552,0.899933508440329,0,0,-1.80740013233987,0,0
1859,0.182919939127792,1.81080009975949,1,0,-0.770650567010191,0,0
1860,0.384823453551249,0.697651257175137,1,1,-0.753263181524488,1,1
1861,0.311478518880904,0.772572703038653,0,0,-0.0367143428282702,0,0
1862,0.822870359962627,1.31106485230905,1,1,0.191895363733636,1,1
1863,0.027788596926257,0.0492291346980216,0,1,-0.323791409576529,1,1
1864,0.0350545925903134,0.364817800243825,1,1,-0.73771565083389,1,1
1865,0.150311534816865,0.264657302703303,1,1,-0.518045434829883,1,1
1866,0.0147403249866329,0.621678655178062,2,1,-0.284038365251708,1,1
1867,0.496672898360536,0.513383895636283,1,1,0.748800978442511,1,1
1868,0.582960303872824,0.871982255770017,1,0,-0.353979090605495,0,0
1869,1.90184895576838,3.7557866020749,0,0,-0.930004885583609,0,0
1870,0.12165470601758,0.545626483886459,1,1,-1.33309845910101,1,1
1871,0.0968344701686874,1.3574078420633,2,1,1.64993235553458,1,1
1872,0.459791605632068,1.03782819128439,1,1,-0.753490067778026,1,1
1873,0.262510251407922,2.85525002827247,0,0,0.169628196200867,0,0
1874,0.343403794104233,0.83281489131416,2,1,1.56701993726598,1,1
1875,0.904094029048467,2.22653548334738,1,1,0.858056839298603,1,1
1876,0.913657024111186,1.25070493805027,1,0,0.875613082944818,0,0
1877,1.03027112078258,1.88936267463019,1,1,-0.480642827648681,1,1
1878,0.895140298333697,1.25753170523821,1,1,-0.619670867793864,1,1
1879,1.06553668342531,2.27528269278431,1,0,-0.343998840040436,0,0
1880,0.334834781242535,0.456753521498083,1,1,0.57786025658695,1,1
1881,0.751612334512174,0.950925637466847,1,0,0.172751038280878,0,0
1882,0.0120146573745115,2.23817354960342,1,1,0.972242529956217,1,1
1883,0.0770687377963712,0.336413857719487,1,1,-1.36680899557907,1,1
1884,0.324471412459388,1.14442217543644,1,1,-0.17323240171763,1,1
1885,0.77834997815314,0.786342972420939,2,0,-0.447734251598432,0,0
1886,0.305620594881475,0.795268598138676,1,0,0.864804637747408,0,0
1887,0.110611384747452,0.689638921716851,1,1,-0.804829468857832,1,1
1888,0.0681742193410173,0.362307721586794,0,1,-0.680862007666201,1,1
1889,0.995261180007615,1.31178416723258,2,1,0.181619234182192,1,1
1890,0.12155888708998,0.27424138891493,1,0,-0.364468987452907,0,0
1891,0.330554366810247,0.73915569413975,1,1,-1.19653272125096,1,1
1892,1.54736046623649,1.97196845408855,2,0,1.3589087153942,0,0
1893,0.348649797020664,0.404424076661883,2,0,1.26525024180849,0,0
1894,0.120001013856381,0.271349157220375,2,1,1.97806568021469,1,1
1895,0.0183120874624789,0.185917527993596,2,1,0.623151200475504,1,1
1896,0.339555818354711,4.23330620943693,2,1,-1.17295029100394,1,1
1897,0.481772244648829,1.72022571575461,2,1,-0.601414211511556,1,1
1898,0.665850534790221,0.978320125629662,1,1,-0.65042873408511,1,1
1899,0.293478889507242,0.791067587090484,2,1,1.21651790153628,1,1
1900,1.23573337309062,2.43827455040709,1,0,-1.31263893132711,0,0
1901,0.074232596282896,0.129378320631285,1,1,0.200319714844101,1,1
1902,0.0803063334897161,0.625929032377202,2,0,-0.777162144528083,0,0
1903,4.73669067798406,5.22477983150349,2,0,0.304880780970343,0,0
1904,0.247158773243427,0.321308225171781,1,0,-0.11635432054639,0,0
1905,0.0962614949044071,3.456184624241,2,0,-1.71314212004044,0,0
1906,0.439545994623255,1.47386253250302,2,0,0.746662717845224,0,0
1907,0.960667110048234,5.36387307551468,0,0,-0.425318184144415,0,0
1908,0.354808661504649,1.07110809845229,0,1,-0.742846807002348,1,1
1909,1.21524365246296,1.56161025148386,1,0,1.42973456974611,0,0
1910,0.0451120081370009,0.848611231459715,1,0,0.75270599516818,0,0
1911,0.800403470612884,0.935340596696714,2,1,-0.0941165811281158,1,1
1912,0.294253937026951,1.74301934620745,2,1,0.185443635809637,1,1
1913,0.0282111838459969,0.749592739777423,2,0,0.620821178926715,0,0
1914,1.74345040148997,1.884752313296,0,0,-1.74575071351734,0,0
1915,0.430543917173054,1.89423147899409,0,1,-0.486573874540765,1,1
1916,0.348575538373552,0.70786763651212,2,1,1.27367468555202,1,1
1917,1.07328253792936,1.78018175954099,2,1,-1.2621675652883,1,1
1918,0.496751147244154,4.47575304657221,0,0,-0.398562931664951,0,0
1919,0.238061991112772,0.357993965729432,2,1,0.885894020123972,1,1
1920,0.372181435814127,0.406737231039472,1,1,-1.19315558936865,1,1
1921,0.0920313885435462,0.671772609591739,1,0,-1.24987460396727,0,0
1922,0.0386512922123075,0.573744262391471,2,0,1.22759904422846,0,0
1923,1.00318387029098,2.52252468101481,2,1,-0.176274221595539,1,1
1924,0.29259488946991,1.06906186289848,2,1,-0.361840209649418,1,1
1925,0.0258506179008099,0.416080835251885,2,0,-1.25261031988963,0,0
1926,0.365209445322047,0.66540927479585,0,1,0.947501142921607,1,1
1927,0.125690902684159,0.208101876553848,2,0,-0.165084333825825,0,0
1928,0.213848740414785,3.308181132997,2,0,-0.598610066948648,0,0
1929,1.57338144249263,2.5609154535347,2,0,0.972260819768119,0,0
1930,0.507488530129194,2.86450470487277,0,0,0.122850723463915,0,0
1931,0.165761846292298,0.175132819761833,0,1,-0.399045579743576,1,1
1932,1.38867143042295,2.93509978525794,2,1,0.810132702721955,1,1
1933,0.0411601941068166,0.0493665877963935,1,0,0.115479909799316,0,0
1934,0.952212456613779,1.40542877817131,1,0,0.0481741510579538,0,0
1935,2.43874745621326,2.44642564872358,2,0,0.774446492875183,0,0
1936,0.0731445619697298,0.962346725228203,1,1,0.660256488240602,1,1
1937,1.20685285068454,1.23103280949919,1,1,1.31173253667342,1,1
1938,0.81976900049188,0.881968606039613,2,1,0.390855450369887,1,1
1939,0.988983653485775,2.03064517833123,1,0,-0.619880330478616,0,0
1940,0.308074480853975,1.78503286908967,1,1,-0.112098956516041,1,1
1941,0.166737935505807,0.200003732968915,1,1,-0.312669535960559,1,1
1942,1.9788291421883,3.35718497575207,2,0,0.652175554099534,0,0
1943,0.512694944151216,1.1123910772112,2,1,0.0788332003384303,1,1
1944,0.308512789779343,0.96721271668612,2,1,-0.491505847349779,1,1
1945,0.285605766810477,0.556718245501274,2,0,1.57322067648361,0,0
1946,0.611758057028055,3.02568630377544,2,0,-0.923758538594777,0,0
1947,0.0745189914058848,0.721617498626561,2,1,0.0927091959952247,1,1
1948,0.274247165361885,0.463756087986021,1,1,-0.53773922327381,1,1
1949,0.00648755609290674,0.121180648344992,0,1,-0.982438937309211,1,1
1950,0.416402881382965,0.994844413640746,1,1,-0.883119694540512,1,1
1951,0.488719217289083,1.46343584973436,2,1,0.251552496737077,1,1
1952,0.392995909787714,0.703285587791295,2,0,0.734868408210824,0,0
1953,0.13643791899085,0.662830994032619,0,1,-0.774575445572113,1,1
1954,0.396394499577582,2.08708560784563,2,0,-1.37495905189304,0,0
1955,0.157379459415097,1.55495084765022,1,1,-0.728794246461011,1,1
1956,0.713615885004401,1.81194062102574,2,0,0.487575996951977,0,0
1957,0.768025761648343,2.23983071029728,2,0,-0.300157899686757,0,0
1958,0.748756619842544,0.84781933414038,1,1,-0.535422254661085,1,1
1959,0.298082212569292,0.308703952951672,2,1,1.09282177400029,1,1
1960,0.0291361367699687,0.17055478709953,2,1,0.921789587876375,1,1
1961,0.164517294463805,0.701402677286718,1,1,0.438648139975481,1,1
1962,0.280993604718786,0.331597801593992,1,0,-1.86282923834139,0,0
1963,0.180895894591231,0.181474735415579,1,1,-0.268634258845407,1,1
1964,0.385973146156043,0.727576783516897,2,0,0.423657069865708,0,0
1965,1.08657310595141,2.19806955219675,1,1,-1.58397183915389,1,1
1966,0.146547282114625,1.36504217569617,0,0,-0.427474642167109,0,0
1967,0.151392214931548,1.05184371688391,1,0,-0.0907091784482526,0,0
1968,0.196680819784433,1.555976856438,1,1,-0.977661543124647,1,1
1969,1.01846658592554,1.07838792432148,2,1,0.69381425954418,1,1
1970,0.190910170495044,0.522095962499333,1,1,1.62911050127566,1,1
1971,0.446089875159606,0.73924965183085,1,1,-2.38063160038476,1,1
1972,0.240254650823772,1.57176084359394,1,0,1.49733634921685,0,0
1973,0.113988509401679,0.603085386877259,0,0,0.0598207968713141,0,0
1974,0.2830272577703,0.712635795406874,1,0,0.335991309759383,0,0
1975,0.00275987229542807,2.26445093869661,1,1,0.952149294999673,1,1
1976,0.200511156364953,0.548717030276924,1,1,-1.03657041012656,1,1
1977,0.194218407559674,0.472315502498802,1,1,0.0658779982616304,1,1
1978,1.40369308755307,1.48852766246388,1,1,-0.0125183395141882,1,1
1979,0.191851450945251,0.63881980169551,1,1,-1.44208780141327,1,1
1980,0.0366173447708937,0.643532071675367,0,1,-0.79937652910819,1,1
1981,0.0739017994595503,0.913005507707083,1,1,0.982065466692568,1,1
1982,1.51683908320012,1.54608744268864,2,0,1.57953076139634,0,0
1983,0.0569416111102328,0.289683065927344,2,1,0.342903754316463,1,1
1984,0.107201107311994,0.986537633235611,1,1,-0.442740685258819,1,1
1985,0.0888876235112548,1.46300421971134,2,0,-0.618251419583453,0,0
1986,0.100552020594478,0.191953862271825,2,0,1.53146954199342,0,0
1987,0.0378390718833543,0.436600802325924,2,1,0.741097456810315,1,1
1988,0.267465161522791,1.51768683935718,1,1,0.521917144772284,1,1
1989,0.756230391535729,1.97571588938973,2,1,0.258640769227625,1,1
1990,0.490719987436749,2.07807765070754,1,1,-0.972336096069925,1,1
1991,0.365861688740551,0.663323563175773,2,0,-0.413632640160844,0,0
1992,0.230752840340348,0.819530131814093,2,0,0.263527795365137,0,0
1993,0.20531673100777,1.06987588128512,1,1,-0.138302378062421,1,1
1994,1.27631317265332,1.5642009396106,0,0,0.779518776101596,0,0
1995,0.26656747076817,0.560977257178622,2,0,0.334554119598319,0,0
1996,0.34308133443119,1.80869050074784,2,1,-1.11823511185599,1,1
1997,0.636506236158311,1.26151739811719,1,0,0.232302817308319,0,0
1998,0.166122719820123,0.278260289057167,1,1,0.176966621450104,1,1
1999,1.13357153715903,2.45907334300379,0,1,-0.914171823646258,1,1
2000,0.209335012186784,0.974934538931724,0,1,-0.560560889678854,1,1
2001,0.385001447275382,1.06809342034215,2,1,-0.367771959175299,1,1
2002,0.68170808441937,0.715530125602644,1,0,0.115692809746356,0,0
2003,0.280369137763046,0.691950789963206,0,1,-0.489488359437838,1,1
2004,0.855872645974159,1.14445403801526,2,0,0.624381594736644,0,0
2005,0.248797703534365,0.557669023868585,1,0,0.730918685599783,0,0
2006,0.00193192157894373,1.04621862619136,1,0,-0.151170703902269,0,0
2007,0.0722012922247546,0.990197666717397,1,1,-0.620374412201009,1,1
2008,0.157203609705903,0.996193924853958,2,1,0.300400283118059,1,1
2009,1.62907917132606,2.77756465131884,2,0,-1.27967721518234,0,0
2010,3.23661077750807,5.25378511411983,1,0,0.666574202349978,0,0
2011,0.719992086042269,1.11146293354861,1,0,-0.0663239068029258,0,0
2012,0.660576045513153,0.925340330248464,2,0,0.785540048200816,0,0
2013,0.0131469964556258,1.48146369796173,1,1,-0.719279331910981,1,1
2014,2.09447239517214,2.93873073854795,1,0,-1.93311369259132,0,0
2015,1.24821932748297,1.60110867119418,1,1,-0.57121091520166,1,1
2016,0.131454996881075,2.48402303613316,2,1,-0.117912914611252,1,1
2017,0.755153371952474,1.15517804143541,1,0,1.01668272478712,0,0
2018,0.220363152038772,0.775732170864355,1,1,-0.56834159874298,1,1
2019,0.324316035956144,2.08646300248802,0,0,0.473910553781865,0,0
2020,0.115231935924385,1.17134943649564,1,1,0.778864028642614,1,1
2021,0.267437364091165,0.524137252660652,1,1,-0.701319973017904,1,1
2022,0.484843038022518,0.718013387913307,2,0,0.254442161442565,0,0
2023,0.140327135159168,0.700193684847351,1,1,0.0441498061339813,1,1
2024,1.49709490523664,1.58495975656537,1,0,0.182337262740265,0,0
2025,0.961880700662732,0.978664554105216,2,0,1.17537287511024,0,0
2026,0.302214973606169,0.963520225987821,2,0,0.458443594303054,0,0
2027,0.151693449588493,1.19984836678883,1,1,-1.57228790864438,1,1
2028,0.610373893146734,2.08336446662545,1,0,1.20240872480598,0,0
2029,0.496071300559498,0.834794614170258,2,1,1.92613457002731,1,1
2030,0.373404644487891,1.119961396121,2,1,0.0416363942040847,1,1
2031,0.052852003427688,0.691223017250498,0,1,0.172157282441337,1,1
2032,0.319116830360144,0.638897029701492,1,1,-0.869801175299837,1,1
2033,0.635227181948721,1.01427652252217,0,0,-0.113398324917583,0,0
2034,0.160655327759056,3.3549519771391,1,1,-1.00479004035309,1,1
2035,0.489286324009299,0.509410307426144,2,0,-0.159916505581354,0,0
2036,0.442128395635456,1.03671104371463,1,1,0.206499012933104,1,1
2037,0.617323302663863,0.900929189211129,1,0,0.272005836279209,0,0
2038,0.534183363753192,1.30823890428541,1,1,0.311483457906536,1,1
2039,0.0795630561980613,0.508195556226668,1,1,-0.188212630105641,1,1
2040,0.376508525969244,1.99367522882919,0,1,0.373669607327379,1,1
2041,1.1524963133909,1.44769340256227,2,1,0.837827618736022,1,1
2042,0.413837890481777,2.7815501279571,0,0,-0.690827483552251,0,0
2043,0.506485178886408,0.555171973781632,1,1,-1.42984734734046,1,1
2044,0.333113902260223,2.22370648506985,2,0,0.402113977817289,0,0
2045,0.128144653514028,2.39319611428808,1,0,-0.572493263225672,0,0
2046,0.57851977512656,2.10884572297279,2,0,0.856348290423695,0,0
2047,0.209546246915124,0.591062046162764,1,1,-2.83973010882064,1,1
2048,0.158287592639681,0.662323987855368,1,1,-0.175238235380749,1,1
2049,0.0887091082404368,0.137656653920809,0,1,-1.26116108671687,1,1
2050,0.0774397616623901,0.569893752590644,1,1,-2.04875877874892,1,1
2051,0.132442012030473,0.29828927981727,1,0,-0.0905358895292586,0,0
2052,2.1866236887032,2.36856197648489,2,0,0.0879249299915225,0,0
2053,0.259485562564805,1.31601645239963,2,1,0.708182950168076,1,1
2054,1.35115779563785,1.41015767084461,0,0,-0.840294437599074,0,0
2055,0.581736536721457,0.814533253045076,1,0,1.2221489219835,0,0
2056,0.247613707906567,0.519357712570055,2,1,2.95790626999033,1,1
2057,0.342199659595845,1.65212934974412,1,1,-0.435543295188853,1,1
2058,0.376275569142308,1.67732134771844,0,1,-0.0837925343485034,1,1
2059,0.322323698201217,0.816038904869988,1,1,-1.01908295933374,1,1
2060,0.155767324031331,0.255367487710591,2,1,0.559958101463377,1,1
2061,0.519163924269378,0.548500922940723,2,0,2.03917927605449,0,0
2062,0.307535789906979,1.09625517553148,1,0,1.61931833291106,0,0
2063,0.313173112459481,3.76830199315052,2,0,-0.159269391978858,0,0
2064,0.209430087033736,1.06733348978166,2,1,0.417562972142927,1,1
2065,0.549938747982316,1.22048453221004,1,1,-0.0180122989343855,1,1
2066,1.43700888963592,1.55659502061705,0,0,0.324178828517954,0,0
2067,0.661337158642709,1.13466501546403,0,0,0.462276144700377,0,0
2068,0.0542088912958187,1.54389211979715,1,0,-0.432668165661585,0,0
2069,0.290456273593009,0.753901097034809,1,0,0.955055919722267,0,0
2070,0.0936414065712921,1.25027436142166,0,1,-0.421637672899609,1,1
2071,0.184253550195514,0.549573427657987,1,1,1.04386215757283,1,1
2072,0.0580126349894702,0.412139591752561,0,1,-0.02810237002054,1,1
2073,0.584275011904538,0.944448277757436,2,0,-1.0435833273446,0,0
2074,0.315467568872179,1.85346066641311,0,0,-0.677884980997828,0,0
2075,0.90788660216482,1.3656624833819,1,1,0.21454956289555,1,1
2076,0.426047770597506,0.582677329740244,1,1,-0.427626186539755,1,1
2077,0.125431041501837,0.806217806017203,1,1,-0.643515761713704,1,1
2078,0.442085452377796,0.785908721024914,1,0,-0.831674025602574,0,0
2079,0.119364410706722,0.276179370277109,2,1,0.620050941000469,1,1
2080,0.0911957427919992,1.10559185656408,0,1,0.698029234329987,1,1
2081,1.01061740145087,2.14800015402337,0,0,-0.017778250540047,0,0
2082,1.18764629815111,1.72191233559687,1,1,0.0804717748982504,1,1
2083,1.07498348131776,1.69681840371415,1,0,-0.890504637042127,0,0
2084,0.913114303407917,0.937470872419515,1,1,0.229086834662608,1,1
2085,0.26837031065952,1.25888293987691,1,1,0.0603708132538305,1,1
2086,1.26026153496209,2.13279420893458,1,1,-1.17118967495653,1,1
2087,1.09457763954403,1.99152094224801,1,1,0.51778443878638,1,1
2088,0.123597103171051,0.741292651130273,1,0,-0.693621323268434,0,0
2089,0.446442780973316,1.6469226691404,1,1,0.0562081828698824,1,1
2090,0.0346649422813141,0.49679025570447,1,1,-0.158541499218919,1,1
2091,0.0480817971401848,0.131322884249875,2,1,-0.325451168359222,1,1
2092,0.316498025204055,0.537600813779073,1,1,1.46014512732781,1,1
2093,0.11281447368674,2.18044353610082,2,1,-0.115114475033619,1,1
2094,0.718460676476582,4.68646173647849,0,0,0.172871361712435,0,0
2095,0.630387996180736,1.71914636052091,2,1,0.584530118642484,1,1
2096,0.974274061772891,2.95354044892757,1,1,-0.169120743664002,1,1
2097,0.0439748028293252,0.0758461047433022,1,1,-0.964070866265539,1,1
2098,0.0243685065645063,0.715206290550434,2,1,1.4844381805211,1,1
2099,0.183623002958484,4.42687372056147,0,1,-0.324985715067539,1,1
2100,1.02656598202884,1.49102100750323,2,0,-0.111232963008857,0,0
2101,0.088419730309397,0.221137236438875,1,1,-0.0200540667629558,1,1
2102,0.402507594786584,0.87603395494322,0,0,0.356285847167214,0,0
2103,0.55815050099045,1.40531518528754,1,0,0.335768300582211,0,0
2104,0.353200165845919,0.528238449866573,0,1,0.0617986956368835,1,1
2105,0.0426340938055429,0.279939444963629,2,0,-0.24325944769056,0,0
2106,1.47704374725652,3.06217892493389,2,0,-0.733246696680162,0,0
2107,0.108194199856371,0.320488418741116,1,1,-0.494792067554507,1,1
2108,0.0609209751710296,0.511946691748169,1,0,0.778171165879115,0,0
2109,0.120381258428097,1.15293579695282,1,0,-1.73010580686868,0,0
2110,0.0793720806926612,0.350239292613859,1,1,-0.179249789417253,1,1
2111,0.784567132915192,1.50994303325812,0,1,0.582633152623442,1,1
2112,0.0700513595614491,0.237252200682747,1,0,1.17617194161394,0,0
2113,0.787327960107297,1.02693967831632,0,1,-0.192999557045062,1,1
2114,0.0814649641650697,0.509817358106375,0,0,0.156856038198195,0,0
2115,0.452016404570833,0.858115708240835,1,1,0.643933071982461,1,1
2116,0.164536719375565,0.414329577619311,1,1,-0.788771496342323,1,1
2117,0.323680770816281,0.769789943160411,0,1,1.84992612876909,1,1
2118,0.347046543614778,3.9922721348319,2,0,0.270199095035672,0,0
2119,0.308917958824519,0.576722869293234,1,1,-1.39050303270539,1,1
2120,2.17516916609349,3.53575945693642,2,0,-1.0099164710962,0,0
2121,1.70416145926847,2.82086711066465,0,1,-1.09841689647146,1,1
2122,0.194267038214152,0.224142833809173,1,0,-1.41517055607645,0,0
2123,0.027911142813537,0.695996512591005,1,1,0.414221459652205,1,1
2124,1.68321820027781,3.38856089169063,1,0,1.13032003755952,0,0
2125,0.897885329270378,2.83366989121792,1,1,-0.30684126932816,1,1
2126,0.0806040180032142,0.972504901389281,0,1,1.10114223176669,1,1
2127,0.819523551474187,6,0,0,-0.692535932535085,0,0
2128,0.22561167657841,2.0855221831879,2,1,2.03938875213366,1,1
2129,0.116098913292145,0.317858328702059,1,1,0.485907341663446,1,1
2130,0.062219800427556,0.601388901511572,1,0,0.783027844835382,0,0
2131,0.136779129601365,0.17430227802816,1,1,0.437691679379497,1,1
2132,0.0871498761698604,0.62397119627827,1,0,-1.49850581182853,0,0
2133,1.0521221805164,2.29304321058783,1,1,0.737798835689279,1,1
2134,0.0684670021291822,0.982299803197182,0,1,-1.59106733157381,1,1
2135,0.649871283210814,1.82132447741204,1,0,-0.749404644196496,0,0
2136,0.424915737239644,1.64031388058865,2,1,0.821289132484697,1,1
2137,0.228536262584385,0.743319360566685,1,1,0.44091156976929,1,1
2138,0.279858563444577,2.60203275208672,0,1,-0.479455568582699,1,1
2139,0.48939747966063,0.602338419651971,2,1,2.39853095999899,1,1
2140,1.48233467518332,2.82713037428079,2,0,-0.156318728807565,0,0
2141,0.833872492631719,1.280845550493,2,1,-0.147937853751641,1,1
2142,2.59643222383204,3.3952473445485,0,0,-0.460439739878109,0,0
2143,0.0198952938080765,0.238455854191461,1,1,0.16375268955251,1,1
2144,0.617470260461725,0.768337481005687,1,1,0.0509663343678381,1,1
2145,0.496286899387793,0.61451058056966,2,0,0.322658819768233,0,0
2146,0.224964092485607,2.2227873870482,0,1,-0.109812340941839,1,1
2147,1.2422877200354,2.57630601914834,1,1,-1.39551213023584,1,1
2148,0.197296312639795,0.374432512063129,1,0,-0.598895586005274,0,0
2149,0.263147542253137,0.342645211170105,1,0,-0.611994691152863,0,0
2150,0.485222693007356,1.47563100530783,1,0,0.363390273000802,0,0
2151,0.205634192097932,0.494717236919912,2,1,1.29620651303501,1,1
2152,2.49186258009615,6,0,0,-0.432465941573911,0,0
2153,0.219609546766151,0.846355510222559,2,1,1.74437406171565,1,1
2154,0.483305725092792,4.8576020870058,2,0,0.195696993837883,0,0
2155,0.410313251428306,1.26033519413628,2,0,1.55605542179325,0,0
2156,0.393666158488486,1.43898932991931,1,1,1.28826698580509,1,1
2157,0.543432502282605,1.98227200679458,1,1,0.301405740007973,1,1
2158,0.319083411246538,0.362050078347018,1,0,-0.588143016330877,0,0
2159,0.432846929761581,0.797327898394218,2,1,0.507120773961827,1,1
2160,1.50630265350027,2.29577014533182,0,1,0.0573721545163671,1,1
2161,0.135297046799678,1.79214941971007,1,1,1.2796329222828,1,1
2162,0.139987567314788,1.16243970451446,1,1,-1.15778308830674,1,1
2163,0.0815891437594481,1.02738851672155,2,1,1.03327073182802,1,1
2164,1.67984453766587,1.81806948346396,0,0,-1.44325675461816,0,0
2165,0.249784071347676,1.20959199696022,1,1,0.416389694334847,1,1
2166,0.775433723990932,1.3073409064887,1,1,-0.95443813495535,1,1
2167,0.18774999366325,0.494356875965078,1,1,0.0984784059483334,1,1
2168,0.1694027017802,1.08029099652067,1,0,0.434233878103747,0,0
2169,1.85464704028311,5.45166397439249,0,0,-1.18337169204711,0,0
2170,0.420463178306818,0.732847007172692,2,0,0.994899565263733,0,0
2171,0.263447183242533,0.515993653486172,0,1,0.583927469254041,1,1
2172,0.104935775161721,0.915652729546278,1,1,-0.0517930471601494,1,1
2173,0.969098435714841,2.72169400627414,0,0,-0.106261648732237,0,0
2174,0.0539114110592284,3.14524174002145,2,1,0.0645151557172974,1,1
2175,0.684634468518198,1.67146686708727,2,0,0.602346734155959,0,0
2176,0.40124318387825,1.13969235881966,1,1,0.971162570395032,1,1
2177,0.267426151258405,2.70283596583688,2,1,-1.14590960101074,1,1
2178,0.552875380733631,3.11278322515277,2,1,-0.406715870893858,1,1
2179,0.133014498830604,1.07515180063747,0,0,-0.475825078034331,0,0
2180,0.161283791603003,0.308829519861682,1,1,-2.04279147633198,1,1
2181,0.27885395847261,2.32300620836516,0,0,-0.672280241809326,0,0
2182,0.372980059182737,0.963509368002755,1,1,0.357163159306137,1,1
2183,0.0362539699837298,1.09498148120611,2,1,0.45396121126458,1,1
2184,0.00577777012949809,0.581091420992498,0,1,0.441128450672186,1,1
2185,0.274292713031173,1.13929995545991,1,0,-0.304565546324974,0,0
2186,0.272589947853703,1.05351361649654,0,1,0.122512005962766,1,1
2187,0.141889771424931,0.56892586344633,2,1,1.62370712341723,1,1
2188,1.26955647365527,2.10411280704041,0,1,0.291954604158655,1,1
2189,0.480436586632215,0.666938192706646,1,1,-0.774855073772145,1,1
2190,0.23732422985959,1.84772069961752,1,1,2.77633295301513,1,1
2191,0.341905251261778,0.660908407268686,2,1,-0.96402424557003,1,1
2192,0.18941605091095,1.17667908644641,2,0,0.309608857132545,0,0
2193,3.4988376869071,4.17774352564751,1,0,-1.31309116575854,0,0
2194,0.211859670926732,0.502668207937983,2,1,0.984014406731893,1,1
2195,0.19148392486386,0.77216099499946,2,1,1.03141006763697,1,1
2196,1.23293569125235,3.17038508442541,0,0,-0.262243116158298,0,0
2197,0.0186149863293394,0.178691806718817,1,1,-1.75693985856721,1,1
2198,0.661394931931801,1.84598528872345,2,1,0.299481511031159,1,1
2199,0.865628747269511,0.891388844480735,1,0,-0.481892214665795,0,0
2200,0.179046264844009,1.476413449028,1,1,-0.267629380612648,1,1
2201,0.651516818441451,1.05402718979475,2,0,-0.449323276424213,0,0
2202,0.0728812901070341,0.0859013538770216,2,1,2.39969828631051,1,1
2203,0.033592604865521,0.836770047331854,1,1,-0.42736447037944,1,1
2204,0.373679587501101,2.83838956171547,1,1,-1.1948142960464,1,1
2205,0.451580043805243,1.10917083998301,0,1,-0.937415600801114,1,1
2206,0.135086251683458,4.74820936285852,1,1,0.161706095455806,1,1
2207,0.526492081090629,5.61868475640602,2,1,-1.59491939632834,1,1
2208,0.953823287220314,1.23288485402983,2,1,-0.670944750851725,1,1
2209,0.520673143883988,2.44419580052559,2,1,1.29308247334357,1,1
2210,0.414727217576001,1.51250918115883,2,1,-0.149303132462726,1,1
2211,1.00588687043637,1.58056039052705,0,0,-0.278564142197906,0,0
2212,0.178621564409696,0.304952453319123,1,1,-0.106076448523859,1,1
2213,0.288025890331065,0.883280988747851,2,1,-0.768742307120146,1,1
2214,1.14330538827926,5.46151771088787,2,0,0.146690318355454,0,0
2215,1.56359668092623,1.76878891014087,2,0,2.40441842727257,0,0
2216,0.065176592906937,0.151481313311679,1,1,-0.26203031064973,1,1
2217,0.0633388299795185,0.335444329884394,1,1,0.342641349599584,1,1
2218,0.130903087556362,0.159173980194993,0,0,0.876114905006593,0,0
2219,0.620396201498806,2.22865969200536,1,0,-0.170724751938081,0,0
2220,0.115944994613528,1.37724000748283,2,1,0.816273925231136,1,1
2221,1.6322724892849,1.68886901288061,2,0,0.626639269458994,0,0
2222,0.0106099922892052,1.67638320684368,1,1,0.42615426558893,1,1
2223,0.0546509492560695,1.13485741429031,0,1,-0.13220570465452,1,1
2224,0.167924575216603,0.282510298546022,1,1,-2.40941949455165,1,1
2225,0.336686497554183,0.373856141725083,1,0,-1.27402593921739,0,0
2226,0.336024200369138,3.3151450230173,1,1,-0.389139141939911,1,1
2227,0.0366232561348321,0.52022795133628,1,1,-1.17624363856833,1,1
2228,0.283542208840016,0.335391293403951,2,1,0.274521482451238,1,1
2229,1.79922881527784,2.11860726047983,2,0,-1.36797103591034,0,0
2230,0.176305003919202,0.787349977426022,1,1,-0.627056011840473,1,1
2231,0.210470999285398,0.319189640199344,1,0,0.71596835034066,0,0
2232,1.2768646646291,1.34057878519224,1,0,-0.71311417750543,0,0
2233,0.423082731664181,4.69159284211162,0,0,-1.29470222443209,0,0
2234,0.0480371326557361,0.73637840017319,2,1,0.846219652298242,1,1
2235,0.94075452763924,0.958835740263263,0,1,-0.646432882863015,1,1
2236,0.231894255266525,1.15527215030354,1,1,-1.95610467582653,1,1
2237,0.255664702854119,1.12469218449336,1,1,0.119912332108489,1,1
2238,0.453890280798078,1.08458427418201,2,0,1.65556422697517,0,0
2239,0.172021205362398,2.27080474930385,1,1,0.474218559978555,1,1
2240,1.5772532391453,2.96472742131275,2,0,0.2686492583558,0,0
2241,0.0741113754338585,1.05413542100028,2,1,2.56851296059256,1,1
2242,0.0817694141545314,1.18623777511207,1,0,0.58395177229088,0,0
2243,2.03812000492024,2.16663136929744,1,0,-0.900693375917221,0,0
2244,0.485932898707688,1.59377188466104,2,0,0.0747224507517509,0,0
2245,0.366600612469483,0.585813101302451,0,1,-1.32106871210966,1,1
2246,0.121865610038516,1.0599363558251,1,0,-1.08923606681252,0,0
2247,0.407732885505538,1.47483426664689,2,1,-0.39990352609763,1,1
2248,0.00979579435056179,0.731908533116887,1,1,0.437222605862538,1,1
2249,0.294822665746324,0.813829967297967,1,1,-0.805250500036686,1,1
2250,0.036565002228599,2.05632456267873,0,1,1.66455991997112,1,1
2251,0.220304037502501,0.430652342139986,1,1,-0.973419387718916,1,1
2252,0.0421238792478107,2.27632549278266,1,1,-2.04213038925756,1,1
2253,0.460289770245373,0.804900307098601,1,1,-0.24119565648652,1,1
2254,0.393392440746538,1.69385167600083,1,1,-0.779713017317618,1,1
2255,0.0533224269279857,0.238634340994573,0,0,-1.31278620875834,0,0
2256,0.12433538471051,0.538065088900499,2,0,0.729992266255951,0,0
2257,1.08418539510445,1.68152172951376,1,1,0.0209589512316204,1,1
2258,0.141411872173194,1.66843601060804,1,1,-0.576569636679,1,1
2259,0.186879694228992,0.902548868865746,1,1,0.0913073922552875,1,1
2260,3.4014953718276,6,0,0,0.161334116363857,0,0
2261,0.250742897333112,0.540642836304924,1,1,0.660100379510287,1,1
2262,0.375687494815793,0.737681238446005,0,1,0.843199045247753,1,1
2263,0.294401473074686,1.57780471030042,2,1,1.37721869588717,1,1
2264,0.223465224858472,0.239890639980634,0,0,0.988098359346025,0,0
2265,0.0713361063972116,0.66501718777938,1,0,-1.92377818685376,0,0
2266,0.0793921342119575,2.40415067293581,2,1,-0.0927749003706736,1,1
2267,0.303100141297575,1.18748036823231,1,0,-0.401486911420964,0,0
2268,0.163790136575699,1.45713612848177,0,1,-0.81795147688395,1,1
2269,0.188662444671802,0.320360770766656,0,0,1.31726683551325,0,0
2270,0.101090144736955,0.155292055278348,1,1,-0.687164252041869,1,1
2271,0.553469196032609,1.24800164118767,1,1,-2.02343257600195,1,1
2272,0.152510932821315,0.210778648629377,2,1,1.62278913505224,1,1
2273,0.38513414474437,0.461993832944846,1,1,-1.81876305397155,1,1
2274,0.190152937429957,1.17571946493523,2,1,-0.25357106311659,1,1
2275,1.74098869514487,3.20435258870324,0,0,0.428464267361461,0,0
2276,0.669997157502741,1.22471473179758,0,1,0.296058897877424,1,1
2277,0.51838058579552,0.826957034772305,1,1,-1.22425631039292,1,1
2278,0.0302532520145178,1.99781319703055,1,0,-0.702424629104922,0,0
2279,0.258416142314672,1.50044384465124,2,0,0.483858285335705,0,0
2280,0.49530662300771,0.651750006463333,2,0,0.24697311048982,0,0
2281,0.157489517703652,1.10186453990519,2,0,0.340525838096791,0,0
2282,0.131341171450913,0.590819038252803,1,0,0.888823279265991,0,0
2283,0.0538721056655049,5.50180457664054,2,0,0.145416936702655,0,0
2284,0.0239536287263036,0.103312349945078,1,0,-0.371969708655761,0,0
2285,0.382002982951235,0.482948678730052,1,1,0.109954309718741,1,1
2286,0.324004707939089,0.840086101383161,2,0,0.599547411782633,0,0
2287,0.245133550837636,1.88837496902111,2,0,2.62728305507848,0,0
2288,0.149806266126689,1.90317146831161,1,1,-0.352112780691505,1,1
2289,0.304304441264016,1.08944512513583,2,1,-0.189532169802436,1,1
2290,0.0742265171720646,1.23394361052277,2,1,0.254579942843889,1,1
2291,0.689720216084235,1.43873088442647,1,1,-0.00695603392694241,1,1
2292,0.659639582128085,0.773003480086724,0,1,1.57606501914978,1,1
2293,0.755362060216957,0.891085218844376,2,0,-0.126186163373596,0,0
2294,0.182179897383321,0.193732972195167,1,1,-0.0559136688367615,1,1
2295,0.0328930491186488,2.28394207382158,1,1,-0.17822221072964,1,1
2296,0.40439017303288,1.76607721318215,2,0,0.521123814691625,0,0
2297,0.703411896221161,3.12195346199176,1,1,-0.555078252815024,1,1
2298,0.0846306621503506,0.108386712545247,1,1,0.899660896928819,1,1
2299,0.316579052596353,0.432620969332456,2,1,-0.092006105002598,1,1
2300,0.188258500070671,0.23455819983934,1,1,0.814271938598455,1,1
2301,0.558873679627382,0.697458917139883,2,1,-1.05169581343249,1,1
2302,0.136843979125842,0.224039918098372,2,1,1.91575726007714,1,1
2303,0.551624312996864,1.50984977768506,2,0,1.58654860688124,0,0
2304,0.773993770591915,2.13451902049089,1,0,1.02132412947268,0,0
2305,0.0253128401451887,1.13796064568181,2,1,1.91960854122878,1,1
2306,0.0853018774068914,0.660020808690365,2,1,0.489493728379403,1,1
2307,0.0865965029224753,4.95641272935854,1,0,-0.42465131408493,0,0
2308,0.136996860615909,0.16658587215585,1,0,0.727157641811159,0,0
2309,0.157289757917169,0.312928447089743,1,1,-0.443404790748982,1,1
2310,0.247193800285459,2.75234118456497,2,0,-1.43527373885099,0,0
2311,0.0184169765795555,0.0462425929341812,2,0,0.370058642388415,0,0
2312,0.27642236153017,0.504280353728973,1,1,0.71030190818928,1,1
2313,1.69257403342965,5.2456186031531,2,0,-0.242125997996084,0,0
2314,0.635317138486363,1.67081039859625,2,1,0.989357630281175,1,1
2315,0.163052671791703,0.328805940758987,2,1,-0.608042799633501,1,1
2316,0.205576792703148,1.30847957268728,2,1,-0.131683303049102,1,1
2317,0.0457113965955815,0.358816510059379,1,1,-1.31264964738764,1,1
2318,0.252566344104707,0.295761342470845,0,0,-0.664749450481555,0,0
2319,0.0224786851913279,1.06097771020729,1,1,-1.26868155731319,1,1
2320,0.184160986402366,0.409920755236763,1,1,0.900838810478006,1,1
2321,0.350889020954272,1.26530839711772,2,0,0.218499521977394,0,0
2322,0.0882795520010404,0.267458265086914,1,1,-1.14880390405399,1,1
2323,0.272024426376447,0.394736457598947,1,1,0.644033354443925,1,1
2324,0.000327486394985808,0.783686462691527,0,1,0.231475737570871,1,1
2325,0.251784515858162,1.15625634108613,1,1,-0.369596566035254,1,1
2326,0.349319922272661,1.42325654045836,2,1,-0.391490872010492,1,1
2327,1.89391964878987,2.72311105077088,1,1,0.0643067111328048,1,1
2328,0.905423127114773,1.70587043588567,1,0,-1.13968557308968,0,0
2329,0.0801257258331205,5.33359765714198,2,0,-0.729859617542885,0,0
2330,0.252577874809504,2.40768171434314,2,0,0.275709120445269,0,0
2331,0.394066566621922,1.00094144260463,1,0,-1.31315420473975,0,0
2332,0.323709872551262,0.515252909522339,0,0,-0.284743246093053,0,0
2333,0.128004452213645,2.68591864197175,2,0,-0.934086178425814,0,0
2334,0.622963940232813,0.752234982135155,2,1,0.717240996872651,1,1
2335,0.423969897965435,0.43650287961554,1,1,-1.49685319918206,1,1
2336,0.317007106204983,0.768227554970141,2,1,-0.46678100863851,1,1
2337,0.164534017094411,0.232823494376655,2,1,1.10895323138854,1,1
2338,0.338595769135281,1.48369535426589,1,1,-0.24410032479163,1,1
2339,0.397365331591573,0.834892547818307,0,1,0.122508069711899,1,1
2340,0.478527186438441,0.664740430399044,2,0,-0.113457361561302,0,0
2341,0.347066047543194,0.779993068417924,2,1,1.21118237298837,1,1
2342,0.050372832454741,0.14595852133563,1,0,1.17663917598624,0,0
2343,0.324908199254423,0.348737851219451,1,1,-1.35023894248463,1,1
2344,0.60345150437206,2.74282423530163,2,0,0.643427309362575,0,0
2345,0.242485538474284,1.20540406479095,1,1,-0.607775059570077,1,1
2346,0.332647965988144,0.336473642996692,1,1,0.312610781868764,1,1
2347,0.363649291393813,1.8591037479079,1,1,-0.975623098868276,1,1
2348,0.40016346698394,0.696285534853941,1,1,0.0815554024792007,1,1
2349,0.0913912695250474,0.294899349252847,1,1,-2.94466105781405,1,1
2350,0.143761438084766,1.20406295483311,0,1,-1.41209644295934,1,1
2351,0.0448024478830561,0.723762955985664,1,1,0.266310601941676,1,1
2352,0.243207164157915,0.5469522294053,1,1,0.725541771234074,1,1
2353,0.0847863559737063,0.480056813555314,2,1,0.883840491335499,1,1
2354,0.0411658003577031,0.133902943279586,1,1,-0.785474304477358,1,1
2355,0.759921079708085,1.60299746918949,1,1,-0.199229027263576,1,1
2356,1.65511374301314,5.50073903040797,1,0,-1.49223652237518,0,0
2357,0.140885408327449,1.8744656087604,1,1,-1.89167821131107,1,1
2358,0.204860761761665,0.438218298522557,1,0,-0.349080523032406,0,0
2359,0.188033049926162,0.365389121830452,0,0,-0.766740353399731,0,0
2360,0.0678516397601925,0.189289806589927,1,1,1.21691211976592,1,1
2361,0.320126814185642,0.692896291637994,2,1,1.19058449298969,1,1
2362,0.0354680581949651,0.107453420235654,1,1,-0.64284950786567,1,1
2363,0.216040213103767,0.809244556241722,1,1,1.65904239064817,1,1
2364,0.538854072193436,0.935667440141798,1,1,-1.79339470292323,1,1
2365,0.0513650459470227,0.364632921761856,1,1,-0.165698021042018,1,1
2366,0.826435125173822,2.53628871700166,1,1,-0.170791241410245,1,1
2367,0.152619004249573,3.2520472765382,1,0,0.20542455520375,0,0
2368,0.409682020545006,2.04568737638814,1,0,-1.76276017368107,0,0
2369,0.092980432646473,1.11071913637954,2,0,-1.07813896774803,0,0
2370,0.268574537205329,0.45319463269652,1,0,-1.48886248424809,0,0
2371,0.114951086230576,0.26814551375919,0,0,1.23776679962804,0,0
2372,0.194037638604641,2.08865005826894,2,0,0.148130450613793,0,0
2373,0.114191140278952,0.749623038581536,1,0,-1.02701692451113,0,0
2374,0.678644645027816,1.08319607765879,2,0,0.182019464149486,0,0
2375,0.144704075355548,0.765758067204981,2,1,1.5633950362824,1,1
2376,0.277012959122658,0.288835549460317,1,1,1.54632843331844,1,1
2377,0.240425110969227,0.56400829554021,1,1,1.18319669500773,1,1
2378,0.321401665306215,1.85315730939937,2,0,-0.42393846268666,0,0
2379,0.0171404332621094,0.15078585379393,2,1,-0.284096539033669,1,1
2380,0.0953005170507474,0.21517477684628,1,0,-1.53118136228603,0,0
2381,1.4154710049419,2.75126087522337,1,1,1.57123629001785,1,1
2382,1.68638606547358,6,0,0,1.5294479264817,0,0
2383,0.0978280636804103,2.29359124600638,1,0,-0.830560860919112,0,0
2384,0.13436631008517,0.798835562496693,1,1,0.328275932636549,1,1
2385,0.0875050979084335,0.244733584587247,1,1,-0.851636981132066,1,1
2386,0.0830907089402899,0.302760189996562,1,1,-1.04827721225568,1,1
2387,0.227764999506378,0.80036311612647,1,1,0.295080076017185,1,1
2388,0.0293641048483551,4.27866533700073,2,1,0.0719340214819082,1,1
2389,0.612778021954,0.930784080264245,1,0,-1.26511706962135,0,0
2390,0.0139699860931328,0.648344643334325,1,1,-1.08454355494711,1,1
2391,0.0194066175381158,0.733656825408764,1,0,0.199048544948288,0,0
2392,2.00104937707323,2.86714915796199,1,0,0.026853711941331,0,0
2393,0.695197719006621,1.0929928893376,2,1,-0.653213918307447,1,1
2394,0.656685294210893,3.29076421475863,2,0,0.970091837427112,0,0
2395,0.487150948002756,3.86889269268808,2,1,1.52761049687303,1,1
2396,0.0818429281935096,0.257485369024518,1,0,1.11257399875199,0,0
2397,1.10815258044749,1.48499869037361,2,0,0.860757596652355,0,0
2398,0.0169393176786162,0.597686857510107,1,1,-0.423059645586991,1,1
2399,1.64641042681731,2.02900012701864,1,0,-0.293339828147352,0,0
2400,0.117167121730745,0.908662561948101,0,0,-0.0746016707082749,0,0
2401,0.082695871242322,2.25284096189115,1,1,-0.487989803981802,1,1
2402,2.02559133796933,4.2815585500786,2,0,-0.931770371130265,0,0
2403,0.0763311889022589,1.1497670420036,1,0,-1.5591770360439,0,0
2404,0.287118116975762,1.06955682206355,2,1,-0.100867279977706,1,1
2405,0.191451052690583,6,0,0,-0.969045390588287,0,0
2406,0.307004089700058,0.307739879340391,1,1,0.994211947482692,1,1
2407,0.190112786184203,1.06875378520925,1,1,1.07004645607433,1,1
2408,0.297088591032661,1.1531990178847,1,1,1.00345317306806,1,1
2409,0.113112780828837,0.185625514844562,1,1,0.050728652855928,1,1
2410,0.418747114123279,0.631341361459681,1,0,-1.41592752547402,0,0
2411,0.0432866124901921,1.40556786173284,2,1,0.928153192337973,1,1
2412,0.109280715926323,1.91908667174478,0,0,0.225996757648906,0,0
2413,0.828924413627766,1.18795650419825,1,1,-0.14106357715726,1,1
2414,0.46049290895462,1.35716253215326,1,0,1.05897069671617,0,0
2415,0.484861276053115,1.65660603537094,2,1,2.05786855728968,1,1
2416,0.13023444753281,0.16076941968586,2,1,-0.183671831946732,1,1
2417,0.238178204454016,0.646986678636198,2,1,0.46985067510981,1,1
2418,0.0361432336334386,0.877535054273209,1,1,0.682233272895499,1,1
2419,0.257181377382949,1.74577698941443,2,1,-0.266570171259577,1,1
2420,2.06583980648758,4.62510763622306,2,0,0.351607414674095,0,0
2421,0.0533136182029093,0.190189299168204,1,1,1.06964918428028,1,1
2422,0.177217853026433,1.24746976583337,1,1,0.820558393200245,1,1
2423,0.997280229814351,1.0082338208018,1,0,-0.508171530751462,0,0
2424,1.30075921490788,1.40940943741225,2,0,1.85068862212435,0,0
2425,1.07437962666154,1.71998312198766,2,0,-0.0593330624885979,0,0
2426,0.0616523766075261,0.442749317601163,1,1,-0.742028118447029,1,1
2427,0.28635704802582,2.26254565411469,1,1,0.220938110500861,1,1
2428,0.177452394738793,3.36677345043534,1,0,-0.0492558269023894,0,0
2429,1.96174808390987,3.85780410119922,2,0,0.0782374310988146,0,0
2430,0.176316776920047,0.286254732640251,1,1,-0.10239333862927,1,1
2431,0.078250550723169,0.220554643641689,1,1,-0.613504912276456,1,1
2432,0.0959937315201387,0.773216070667466,1,1,-0.5136667054757,1,1
2433,0.674523317112409,1.1541431536321,1,1,-0.475774899918972,1,1
2434,0.993321716785431,1.62963884949087,2,0,-1.26568518413999,0,0
2435,0.118181842844933,0.427894170380114,1,1,-1.08416770625477,1,1
2436,0.225624649319798,0.248407781724612,2,1,-0.254129663131797,1,1
2437,1.01874437369406,2.16577151186114,2,0,0.439870829315122,0,0
2438,0.0981426253565587,0.548496391076987,1,1,0.0883114737584535,1,1
2439,0.0986559903249145,1.08307829982389,1,0,-0.276871231111742,0,0
2440,0.180106561761821,3.28220108508352,1,1,0.914880946631723,1,1
2441,1.50813298175617,2.00773559510708,0,1,0.188958554147856,1,1
2442,0.526286623181596,0.688465641927919,1,1,1.28580513134207,1,1
2443,0.836882325212293,1.75013062136745,2,1,0.404190935959786,1,1
2444,0.113568400847726,0.244506934134599,2,1,0.170993555051523,1,1
2445,0.471878879703701,1.93546835785671,1,1,0.106601933603433,1,1
2446,0.000642749925918714,0.735395746490192,2,1,-0.124703476575146,1,1
2447,0.00851190940011293,0.0949453113528258,2,1,1.47425262984819,1,1
2448,0.819315726868808,2.78114984743297,0,0,-1.07350557502489,0,0
2449,0.153107676596846,1.02519695854603,1,1,-0.0676796657227467,1,1
2450,0.222185083664954,0.441508535119809,0,0,0.59683458670863,0,0
2451,0.522404646500945,1.17770512711842,1,0,-0.957276100059244,0,0
2452,0.413824510622004,0.992734909133124,2,1,0.866078167526505,1,1
2453,0.090097371267858,1.4898238244767,1,0,-0.966136584946751,0,0
2454,1.77907842389288,1.90374539278115,1,0,0.404644490390389,0,0
2455,0.17158962378744,1.19670070364228,0,1,0.700476501883771,1,1
2456,0.0892957852920517,1.04987165698351,1,1,-0.283689143999337,1,1
2457,0.621688991642378,3.24135581714116,1,1,-0.496718980502295,1,1
2458,1.02745047648774,1.15893407414357,0,1,-1.93800194472593,1,1
2459,0.532534336369255,1.06456776936206,1,1,-0.68727946184156,1,1
2460,0.376846653525718,1.80344147321799,2,1,0.745090818780247,1,1
2461,0.0705279661082746,0.310056726193035,1,1,-2.35388273509317,1,1
2462,0.0212039519983566,0.0502643904542018,1,1,-0.258872427447551,1,1
2463,0.874906887713462,0.998261311068813,1,1,-0.81256398920637,1,1
2464,0.0956695527107532,0.371763578926524,0,1,-0.970540806520118,1,1
2465,0.348064665449783,0.856359586187721,1,1,0.1288949027272,1,1
2466,0.272453832440078,0.623875227098291,1,0,-0.828379959250726,0,0
2467,0.389261589443777,1.32748029081482,1,1,2.01574920315643,1,1
2468,0.547740158929061,1.09377496565382,0,1,0.568719794093537,1,1
2469,0.111646855369023,0.128229661481506,1,1,-0.387686929075659,1,1
2470,0.335867959074676,0.866780100198927,1,0,0.730160550661368,0,0
2471,0.146977538825013,1.16231529176284,1,1,0.0269173737621798,1,1
2472,0.0611603234173708,0.262305090197654,1,1,-1.05209252875512,1,1
2473,0.600024901769877,1.35167467251044,2,1,0.851559558823662,1,1
2474,0.87393172434391,1.24683562157868,2,1,0.206136314817939,1,1
2475,0.482381060035892,6,0,0,0.436792017105584,0,0
2476,0.0302256622687165,0.236835422826388,1,0,-0.220769333293726,0,0
2477,0.0998932816548849,0.248044187141708,0,0,-0.12640043412518,0,0
2478,0.458654671793395,1.21772556688036,1,1,0.200267572397476,1,1
2479,0.0882396190289152,0.234875207520645,2,1,-0.246520585494034,1,1
2480,0.206738050363049,0.56605013852352,0,0,0.639499880758095,0,0
2481,0.393181803636253,0.555060788368185,0,0,1.84612145371692,0,0
2482,0.435028435662389,3.33589370740549,0,0,0.38925402193996,0,0
2483,0.0512399944234414,1.06587315869457,1,1,-1.43117440190123,1,1
2484,0.343040890002158,0.659076024009934,2,1,-0.538793119026068,1,1
2485,0.871816008351743,6,0,0,-1.22518475120272,0,0
2486,0.83288670796901,1.19253674836475,1,0,-0.23037766304909,0,0
2487,0.0456169271778503,0.158085953009704,0,0,0.520434392508295,0,0
2488,0.755471761777818,0.807890915564409,2,1,1.06883111878604,1,1
2489,0.598379761911929,1.24677911090354,0,0,-1.49892284777173,0,0
2490,0.126703185029328,1.5547861731828,2,0,-1.30267884324126,0,0
2491,0.425941169087309,1.60390322675643,2,1,-0.212275465225288,1,1
2492,0.193308797897771,0.775933623371907,1,1,-0.0222014285979263,1,1
2493,2.7706250566149,3.42375003672236,2,0,-0.645259903464597,0,0
2494,0.239266097545624,0.525623512854807,0,0,-1.30892934080446,0,0
2495,0.158903947740328,0.433786954991547,1,1,-1.15379128299951,1,1
2496,0.571986516006291,0.912280241027474,0,0,1.78140339863072,0,0
2497,0.0987879690642168,0.124059746147821,2,1,1.79941496700276,1,1
2498,0.36832953333088,2.08914658744408,1,1,-0.448106154241833,1,1
2499,0.0215103608206846,0.734808415803456,1,1,-0.419879161543398,1,1
2500,0.270053680009311,1.29253256920989,2,0,0.310223887208655,0,0
2501,2.34094263046029,2.94943764328563,2,0,-1.37126113395717,0,0
2502,0.325636893685441,0.776335750782523,1,1,1.90073211763934,1,1
2503,0.135111944319406,0.239056276933465,1,1,-0.251556892355438,1,1
2504,0.600977147088207,1.14796574540206,1,1,0.642594629329527,1,1
2505,2.65606791703942,6,0,0,-0.604413362481314,0,0
2506,1.46110843368021,1.59216682508426,2,0,-0.396377304599485,0,0
2507,0.180330174625851,0.935472645073519,2,1,0.575907614408518,1,1
2508,0.0767095609793473,0.475382226679694,2,0,0.316330187858663,0,0
2509,0.00394006259739399,0.0706161984009313,1,1,0.60828960630216,1,1
2510,0.0224677281221375,1.16003917117414,1,1,1.22397734438139,1,1
2511,0.599039720228694,2.07000785201489,2,1,0.351240609186724,1,1
2512,0.428394070186187,2.55340821165818,1,1,-0.0127046397072314,1,1
2513,0.460339703834703,1.17965609456102,0,1,-0.187559984191283,1,1
2514,3.24890055322802,3.4502897863776,2,0,-0.341531086359207,0,0
2515,0.202004063175991,0.202086652851869,1,1,0.67374016753417,1,1
2516,0.257028382911813,1.98993844011297,1,1,-0.322193970693893,1,1
2517,0.247293490454475,2.51966178204111,1,1,-1.11772173954783,1,1
2518,0.282966673601367,1.79377921822734,2,0,0.323040874436362,0,0
2519,0.129132777801715,0.595731494217502,1,1,0.5514481328596,1,1
2520,1.4570393449718,2.70789789120106,1,0,-0.170521473579622,0,0
2521,0.651991783528092,3.2522753589749,2,1,-0.340089315270623,1,1
2522,1.17422155383974,2.26226937876446,2,0,0.573688181329279,0,0
2523,0.741506385736744,0.754254256732152,2,0,0.866879923611397,0,0
2524,0.436450836248696,0.777245225299359,1,0,2.49537110667555,0,0
2525,0.60486903480209,1.36929469273246,1,0,-0.619289328654816,0,0
2526,0.144396882504225,0.228283107346259,2,0,1.29829930986825,0,0
2527,0.919678590260446,0.963370105607096,2,0,0.667479036694594,0,0
2528,1.32952633047136,1.43986378056567,2,1,0.390095592575586,1,1
2529,0.311211505031679,0.65396200826057,1,1,0.216679210223921,1,1
2530,0.0700507488973609,0.0882616245103053,1,1,-0.0404665263240459,1,1
2531,0.148249088786542,0.675752770657112,2,0,-0.56305602985393,0,0
2532,0.177433330139809,0.274145167328936,2,1,2.95638607137798,1,1
2533,0.818321671077803,0.84598471436896,1,1,-0.682401189518741,1,1
2534,0.14818100631237,0.522025350803317,1,0,0.180014343652511,0,0
2535,0.473685536973,0.818672482262862,0,1,-0.068654545075545,1,1
2536,0.447950340807438,0.790147738151461,1,0,0.875169046325298,0,0
2537,0.208721978580352,0.446463039779789,1,0,-0.863559114245131,0,0
2538,0.334885588381439,1.868659530798,2,1,0.314788073338211,1,1
2539,0.582556088894427,1.04089577582961,2,1,1.69724047689485,1,1
2540,0.359958441396544,2.27816854086183,2,0,-1.39534891298869,0,0
2541,0.556735807098448,1.05327654420694,1,0,-0.538102209766897,0,0
2542,0.0466823690379416,0.322207111662041,1,1,1.40157306105651,1,1
2543,0.277121471241117,0.797475384199624,1,0,-1.11360033690188,0,0
2544,0.259220277366694,2.11262333478948,1,1,-0.38990079879653,1,1
2545,0.773992403384119,3.40791996487065,2,1,0.247043641280472,1,1
2546,0.215072795690278,1.00606461536104,2,0,0.491900386791019,0,0
2547,1.44751051637411,6,0,0,0.305007324694116,0,0
2548,0.851385954275549,2.24875921175059,2,1,-0.79085019682392,1,1
2549,0.428048111498356,1.26417291194992,2,0,-1.00813582425112,0,0
2550,0.32066604308784,1.24554712804513,2,0,1.12923199200361,0,0
2551,0.0214781033779911,0.698032228366019,1,1,0.831556255618839,1,1
2552,1.18098246859723,1.34525102547546,1,1,-0.601268352060899,1,1
2553,0.328953641001135,1.21983115461265,2,1,1.14650407817479,1,1
2554,0.683598592269056,1.80749429389834,0,1,0.0313586347995204,1,1
2555,1.73871285459938,3.31163058213233,2,0,0.867222018351116,0,0
2556,0.166547591171306,0.315194604222419,2,1,1.85694359207564,1,1
2557,0.386456522559124,0.588764248964487,1,1,1.27774724605269,1,1
2558,0.0795888690665081,0.878713068862756,0,1,-0.114766137349487,1,1
2559,1.52272341391983,1.54795112205911,1,0,-0.58954387612342,0,0
2560,0.081384407886659,0.513507278475706,1,1,-0.627700565949174,1,1
2561,0.28901452615804,0.606462802215822,1,1,-0.51510283378984,1,1
2562,0.662317372017361,2.14816480726682,1,1,0.701666871583952,1,1
2563,0.167840732141376,0.299190745758943,1,1,-0.896976973007122,1,1
2564,0.224153251328971,1.4305747063114,1,1,0.367597764911311,1,1
2565,0.645436773076653,1.85327726708896,2,0,2.09830871070584,0,0
2566,1.14764177426696,4.95993150991011,0,0,-1.19839956911409,0,0
2567,0.260519541625399,0.594671357147682,1,1,-0.0829732720900667,1,1
2568,0.324172794062179,1.94398364484458,1,1,1.51532693830417,1,1
2569,0.184058048521565,0.334219907396106,2,1,0.00469493737044437,1,1
2570,0.0659869695664383,0.5515012451489,1,1,0.894933175112918,1,1
2571,0.358479626476765,1.09717489057332,2,0,0.989677341320067,0,0
2572,0.376275288872421,0.387556288681813,2,0,1.46194951855454,0,0
2573,0.0753415562555186,1.72719959457539,1,0,0.415710983401333,0,0
2574,0.00182300282176584,0.0211939017941967,2,1,1.19652944574808,1,1
2575,0.136235357786063,1.95261626504362,0,1,0.276154912350891,1,1
2576,0.0292085269466043,1.34524776022128,1,0,0.372086237046641,0,0
2577,0.338336875720415,1.19792532134416,1,1,-1.5867424187538,1,1
2578,0.495017632842064,1.98061122559011,0,0,0.215431226025664,0,0
2579,0.952636360190809,1.55747722740258,2,0,-0.0795991690548154,0,0
2580,0.115768816480159,2.23040868641759,2,1,-0.486734677037968,1,1
2581,0.304678143584169,1.35314307976997,2,1,0.261862993780633,1,1
2582,1.15874904319049,4.02720519202136,1,1,1.36653106230229,1,1
2583,0.0985032456810586,0.76994325706439,2,1,1.54411003905795,1,1
2584,0.573553558439016,0.850375572384363,1,0,-0.549997903432911,0,0
2585,0.199295995994609,3.34180958571374,2,0,0.0973307801111719,0,0
2586,0.100490163386909,2.70539976207145,1,1,1.84788224191925,1,1
2587,0.839792989983045,2.22856995076557,1,1,-1.34234410868531,1,1
2588,1.1010195882991,3.0978025578025,2,0,0.946169629579944,0,0
2589,0.63782427748368,1.40194091880212,2,1,0.075497361488676,1,1
2590,0.550823892466724,3.07198515686994,2,0,-0.612692622840719,0,0
2591,0.778790331070133,1.76590151868085,2,1,1.40381736959671,1,1
2592,0.398415534582455,1.55874080335101,0,1,-0.451493378013661,1,1
2593,0.345221282332204,2.41367920199573,1,1,-0.245411249778843,1,1
2594,0.35267385042971,2.32794821824849,1,1,-0.158973559187418,1,1
2595,0.242265605484135,4.16878748696868,2,1,-0.0164672716143856,1,1
2596,0.925149934393672,1.32937643784675,1,0,-0.00148069243459604,0,0
2597,2.00342279664221,4.1193661869814,0,0,1.4353862602003,0,0
2598,1.30744768079179,1.49460045304046,1,1,-1.39536682725011,1,1
2599,0.713451849973815,1.28491475640343,1,0,-0.648506802325656,0,0
2600,0.14507687475998,0.329815936298635,1,1,-0.2342138083099,1,1
2601,0.259208641364239,1.35146194897809,1,1,-1.56417640446529,1,1
2602,0.498068204576391,1.74738674740894,1,1,-1.08797557165246,1,1
2603,0.84351999798958,0.857081322670026,1,1,2.26830425222755,1,1
2604,0.0591439860862523,0.0963757007945418,2,1,-0.219959754407288,1,1
2605,2.30907014003935,4.25486065757771,0,0,0.0767089920865925,0,0
2606,0.450880547842763,0.787045794419275,1,1,0.532304426082208,1,1
2607,0.2243300358532,0.443357265722724,1,1,-0.794605364853359,1,1
2608,0.138280306011438,0.264752694667546,0,0,0.389393884704597,0,0
2609,0.481398543898769,0.568569569152051,1,1,-1.68457616473245,1,1
2610,0.497162544767381,1.18671245903607,1,0,1.70416093362845,0,0
2611,0.0643104074172869,0.499644810196039,1,1,0.583187040758304,1,1
2612,1.82223976004637,2.26145541801536,2,0,0.597603459197141,0,0
2613,0.105508600803562,5.4944736820584,1,1,-0.0241980301985804,1,1
2614,0.450926624052001,1.4736425812474,2,1,0.611190546187614,1,1
2615,0.867190456017852,2.52289779613036,1,0,0.119799532187971,0,0
2616,0.99515626454429,5.33579039923586,2,1,-0.375189489860526,1,1
2617,0.975893777045336,3.18195420315616,2,0,0.525119984428639,0,0
2618,0.542853531734935,0.627911150096158,2,1,1.10765603323424,1,1
2619,0.364911733777262,0.628688831072147,2,1,1.81854485694172,1,1
2620,0.923315132036805,1.18800188781419,1,0,-0.0657384576509756,0,0
2621,0.309987029487013,1.53662259706116,1,1,1.08954160907885,1,1
2622,0.574700955301523,1.75854025321431,2,0,0.333538815692804,0,0
2623,0.12041196692735,1.59088384668759,1,0,-0.423442814971282,0,0
2624,0.206204280257225,0.664871804680195,1,0,1.34119332870993,0,0
2625,1.1812097132206,1.55920619455477,0,0,-0.22682977337291,0,0
2626,0.571594267940901,2.66187698712611,1,1,1.07481970366395,1,1
2627,0.496165449535118,0.592729962790382,1,1,-0.90653313856821,1,1
2628,0.408556085603777,0.861645252900003,1,1,-0.132892391425394,1,1
2629,0.119581124454271,0.467099668015156,2,1,0.101418485377803,1,1
2630,0.326018181222025,0.384804258922712,1,1,-0.611279865977938,1,1
2631,0.870608302764595,1.84166169696172,2,0,1.45962610411647,0,0
2632,0.852130738177158,3.67981003756153,1,1,1.04868250596597,1,1
2633,0.433801301352102,0.496514242327682,2,1,0.229008210076775,1,1
2634,0.879317282699049,2.91736711786751,0,0,-0.642348537464709,0,0
2635,0.435154164830225,0.739097979958486,1,0,-0.529910342570345,0,0
2636,0.115755150442831,1.68377114133266,2,0,-0.263790386647543,0,0
2637,0.301548186015197,0.395630065414193,2,0,0.157756204719738,0,0
2638,0.466818321120747,1.89638142859502,1,1,0.510445257595979,1,1
2639,0.433223789458898,1.17810624244105,1,1,0.599849983900145,1,1
2640,0.206034763232859,1.06570451552117,1,1,0.944805597274478,1,1
2641,0.0178343127481639,0.347352360230379,1,1,-1.49532131918763,1,1
2642,2.86951267702465,3.91055922116577,1,0,-0.856935383829519,0,0
2643,0.14840375049971,0.616361240842275,2,1,0.88268910709855,1,1
2644,1.41952970330608,3.04852631919112,1,0,0.716424744468415,0,0
2645,0.699436441995203,2.3308732015114,1,0,1.37353955143413,0,0
2646,0.0454728360528642,0.295636686111121,1,1,-0.774330452562422,1,1
2647,1.34372897300564,2.59181459523063,1,1,-1.50893562071947,1,1
2648,0.422730104764923,1.14276399755063,2,1,0.652776037808445,1,1
2649,0.00729777006199583,0.131820067016209,1,1,-0.0792686748381853,1,1
2650,0.646694460678036,1.98305798090258,1,1,-0.235579713381832,1,1
2651,0.481733511522017,3.20638551461039,2,1,-0.378159535928488,1,1
2652,0.00683322024997324,1.02031028438265,2,1,1.12109542159381,1,1
2653,0.242501241154969,1.67057815242527,0,0,0.833553273538857,0,0
2654,0.359933189465664,1.31316154071166,2,1,0.751322306722817,1,1
2655,0.446115297265351,0.929549543902133,2,0,1.62793192859106,0,0
2656,0.0142988125963205,0.139302929514535,1,1,-0.420252652792968,1,1
2657,0.472772182521232,2.0656692884324,2,1,-1.44869219112975,1,1
2658,0.065099089697469,0.82658630477554,2,1,0.806742113246414,1,1
2659,0.149344537475154,1.39116170359925,1,0,-1.26899542832076,0,0
2660,0.344753539189696,1.78840604724425,2,0,-0.955435166978583,0,0
2661,1.69001620998175,3.79941607462018,2,0,-0.804938551637324,0,0
2662,1.15828024316579,1.65092454313589,2,0,2.04823334653754,0,0
2663,0.392266117070785,0.550829909589901,1,0,-1.17189709016494,0,0
2664,0.214237865392145,0.486111060768969,2,0,0.745801205418814,0,0
2665,0.211518269839087,0.38865755491821,1,1,-1.57981300735371,1,1
2666,0.559034364388146,0.783795081174316,1,1,0.142113044923542,1,1
2667,0.434890685693182,1.53228341526321,2,1,0.414276799430775,1,1
2668,0.076015604136046,2.48493282552874,2,1,-0.0849064892558993,1,1
2669,1.65210774905028,1.69410043057256,2,0,0.0217997772269387,0,0
2670,4.09973199648743,5.42640688244508,0,0,-0.326508041403379,0,0
2671,0.0899586918963974,0.101751535818066,1,1,-1.35772210196085,1,1
2672,0.80423434495163,1.26905804354724,2,1,-0.564166724606134,1,1
2673,0.46470491778372,1.25020951278403,0,1,-0.136091594400568,1,1
2674,0.185499034821987,1.31531775675384,1,0,-1.1417253607645,0,0
2675,0.0387180242687464,1.35117034089054,2,0,-1.13151367292172,0,0
2676,0.0242212044047041,1.96486642771586,2,1,-0.00916983989213987,1,1
2677,1.26307076774538,1.51033045022131,1,0,-0.050738657982017,0,0
2678,0.80811829419975,1.7505930585084,1,1,0.654948346918818,1,1
2679,0.255510606478058,0.521783014560699,1,0,0.36097880778286,0,0
2680,1.06778385876468,1.65246341512616,1,0,0.376192656412842,0,0
2681,0.0879275882616639,0.354422247624107,1,0,-1.22998956134482,0,0
2682,0.410082637390587,0.95746335421733,2,1,0.732445229730486,1,1
2683,0.602654771780741,2.74969318919084,2,0,0.213004426865669,0,0
2684,0.244642070028931,0.255365589649664,1,1,-0.571289857600434,1,1
2685,0.265419370494783,1.89557144665753,2,0,-0.932034334212391,0,0
2686,0.226321090303827,4.03336329075197,0,1,-0.65919463668467,1,1
2687,0.0415043407701887,0.657252297080741,1,1,1.40866755551995,1,1
2688,0.575325397774577,2.65087503837734,2,0,-0.0365832408181312,0,0
2689,0.673838225193322,1.733955248715,2,0,1.74772135065181,0,0
2690,0.36529596458422,0.574555078432266,1,1,0.561144118065284,1,1
2691,0.477306866734631,0.751993413534027,1,1,-0.749112344206105,1,1
2692,0.202798916434404,0.323870365331713,1,1,-1.60387444227559,1,1
2693,0.125711628061254,1.82947632303409,0,1,-0.0272597976837915,1,1
2694,1.07973264990711,1.51883271550896,2,1,-1.40248138535104,1,1
2695,0.299000420782249,1.74891632933196,2,1,0.413059342231299,1,1
2696,0.186362997974184,0.983383071935931,1,0,-1.33304332470566,0,0
2697,0.195137133123353,0.558466031516672,2,1,1.23863318808267,1,1
2698,0.688171731889884,3.59106632450759,2,0,0.742877453866385,0,0
2699,0.352583390194923,0.551281608495808,1,1,-0.0963843833407996,1,1
2700,0.683757333084941,2.55164992685119,0,0,1.67336105414262,0,0
2701,0.310577088093851,4.62428681906857,1,1,-1.43013304648077,1,1
2702,0.177382931036653,0.859488228712902,0,1,0.0764550295897408,1,1
2703,0.600630844102062,1.38711084718733,1,1,1.01581944805584,1,1
2704,0.912275391638835,1.69585113925082,2,0,1.47220828099794,0,0
2705,0.119368644161587,0.554477119669938,2,1,0.11764181323108,1,1
2706,0.0454235960030996,0.351910931172264,2,1,-0.389645791352299,1,1
2707,0.108958495835817,0.446756285959208,1,1,0.139080839549503,1,1
2708,0.235690826375503,0.618870150163497,2,1,0.536278442520575,1,1
2709,0.0279179375502281,0.0496820320707937,2,1,1.48063624459613,1,1
2710,0.382162225723732,0.407251301230093,1,1,-0.702602332370291,1,1
2711,0.385257604648359,0.726295593643165,1,1,-1.88652164668824,1,1
2712,0.209823627368049,0.724738010822107,2,1,1.49341301594537,1,1
2713,0.23028563557145,2.44892573103197,2,0,0.532081637810821,0,0
2714,0.268271017121151,3.08777230362122,1,1,0.908296646337499,1,1
2715,0.613110410605379,0.75934989635795,1,1,-0.0322120842338188,1,1
2716,0.341388562889083,0.983534387828244,1,1,0.667991320985804,1,1
2717,0.31970891461242,2.30385025882858,1,1,-0.0229990848310275,1,1
2718,0.542995872907341,0.73362272450574,1,0,0.0561097666555341,0,0
2719,0.557713573839198,0.822712310974431,1,0,-1.42654382587248,0,0
2720,0.273367851553807,1.01263144863002,1,0,0.614081652601324,0,0
2721,0.0346263228361722,0.548763567234671,2,1,1.51668252923972,1,1
2722,0.0855435734920212,1.10266629753124,1,1,1.00565087591427,1,1
2723,0.14084688067669,2.91715646491212,1,1,0.308634403553862,1,1
2724,0.0441347056766972,0.301251898549916,1,1,0.149377559977918,1,1
2725,4.10855935869699,4.618876604829,1,0,0.504982669365407,0,0
2726,5.53660372246928,6,0,0,0.125292483227557,0,0
2727,0.218643273549611,6,0,0,0.238939851708267,0,0
2728,0.0366597706452012,0.388303401530363,0,0,-0.184129602236907,0,0
2729,0.646881902331308,0.994934562098441,2,1,-0.187280499420658,1,1
2730,0.023420839154508,4.22784021124724,2,1,-0.484400235678384,1,1
2731,0.343643838345415,0.472382491215788,2,0,-0.789555241544607,0,0
2732,0.266740509832744,0.782153656926873,2,1,1.17192190894908,1,1
2733,0.00462551979580894,0.949269232107355,1,1,0.177413100102365,1,1
2734,0.0438543164885832,0.870151901291654,1,0,-0.484934572101948,0,0
2735,0.329166868701577,0.612289939123852,1,0,-0.808781117489246,0,0
2736,0.595570986016475,2.50354444422073,2,1,1.10578130590227,1,1
2737,0.219000638462603,0.779906520619988,0,0,-0.633159805900625,0,0
2738,0.541285683400929,2.50803578862464,2,0,-0.427140374586132,0,0
2739,0.100091726926621,0.192478332488578,1,1,-1.14094967408836,1,1
2740,0.496948863616867,0.821009470927256,1,1,-0.786699411984832,1,1
2741,0.0695446397766807,0.184112632026275,0,1,0.918437328689437,1,1
2742,0.337427525089623,3.75301225100405,1,0,-1.02522279811165,0,0
2743,0.517509053799686,1.071391854913,1,0,-1.91908859365256,0,0
2744,1.14321753196418,2.38947805298183,2,0,-0.187663681970797,0,0
2745,0.0807700461447532,0.186548694409374,1,1,-0.337108153169991,1,1
2746,0.159479310490766,0.898842843297447,1,0,-0.68477734405768,0,0
2747,0.498661844059825,1.67727756629791,1,0,0.537328631981232,0,0
2748,0.749107215553522,2.18891132151038,2,0,1.02229360798517,0,0
2749,0.00195436819922179,0.828328587293112,2,1,-0.563075924348746,1,1
2750,0.0938423769548535,3.64851303429081,2,0,0.00464831176894574,0,0
2751,0.0541835593371932,1.01521277179321,0,1,-1.06144210656949,1,1
2752,1.31322301365435,1.73000653768171,2,0,0.362250462563629,0,0
2753,0.10849585197866,0.440965214967843,1,0,0.165306105159259,0,0
2754,0.107441981341811,2.3009515372517,1,1,0.719324061988155,1,1
2755,1.69497260070386,2.7162601860861,0,0,0.0854250340581198,0,0
2756,0.296696818259079,0.726303895213885,1,1,-0.786374086548144,1,1
2757,0.00420483408420079,0.994205555568139,0,1,-1.64842734225962,1,1
2758,0.846655816178718,1.84326333180966,2,0,-0.0463869055214988,0,0
2759,0.84958085976541,1.17957581577624,2,0,-0.150207886003421,0,0
2760,0.0216863371893875,0.784653818212447,2,1,1.25013710409031,1,1
2761,0.13558754369715,0.290081625321077,1,0,1.59375907418449,0,0
2762,0.374272834742442,0.425065400513534,1,1,-0.559153113470623,1,1
2763,0.41096157830907,1.39710392008713,2,1,1.11734105947395,1,1
2764,0.125811552570667,0.848941171338632,1,1,-0.430979898158793,1,1
2765,1.09901703894138,1.84781766794514,2,0,-0.244135264591571,0,0
2766,0.90141156231982,2.1704526314144,1,0,-1.32879561562045,0,0
2767,0.766781650573768,4.33935907286722,1,1,-1.68354530556875,1,1
2768,0.750572773627937,2.02468190285404,2,0,1.13214882882615,0,0
2769,0.208833625348875,5.83372815642832,1,0,0.204170763278953,0,0
2770,0.384359800664242,4.60979939865108,2,1,-0.61771856222916,1,1
2771,0.0940044300818623,2.44521925529848,2,0,-0.793809894874868,0,0
2772,0.461966643316493,0.677201738690322,1,1,-0.35827648806179,1,1
2773,0.0935539822131298,0.716887269592762,2,1,0.0391423341416646,1,1
2774,3.28680524585729,3.31386290901636,0,0,0.138520870570414,0,0
2775,0.0986800990284504,3.29948853658198,0,1,-1.52788089012112,1,1
2776,0.74800705909729,1.76505513870632,1,0,0.176398338738308,0,0
2777,0.509925798952401,0.735637508086851,1,1,-0.674164262166266,1,1
2778,0.317728493828326,1.57960873162216,1,1,-0.652624227720832,1,1
2779,0.926475870895933,0.947076532326866,1,1,-0.905220490587795,1,1
2780,0.910798680355579,1.39059937190689,1,1,0.360772631209546,1,1
2781,1.22611799854191,2.59189115526776,0,1,1.09264718811873,1,1
2782,1.15077931154519,1.89865931061291,1,0,0.708111047620367,0,0
2783,0.200155958194625,0.434188404606597,1,1,-1.7323328524515,1,1
2784,0.428474213927984,1.01404606278151,2,0,1.13447338572259,0,0
2785,0.384239134378731,2.19731401828583,1,0,-1.07560814627269,0,0
2786,0.0639999425953491,0.503765475004911,0,1,-0.415713772457488,1,1
2787,0.157541123218834,0.697683002799749,0,0,-0.498073017147437,0,0
2788,0.531627234860145,1.27063430732111,0,1,0.576937026824016,1,1
2789,0.00716340647491623,0.0589956711093103,2,1,-0.368426806564979,1,1
2790,0.367232066055294,0.460742646257742,2,1,1.38242373600142,1,1
2791,1.63551184820818,2.05605171931287,0,0,0.490913330995011,0,0
2792,0.364567337092012,1.23961358016143,1,1,0.273594866402657,1,1
2793,1.08117153868079,3.54128040014553,1,0,1.88856210752576,0,0
2794,0.328396687400527,0.342236577224038,2,1,0.408745434390166,1,1
2795,0.780353331007063,1.2253340159197,1,0,-0.331988575376402,0,0
2796,0.696398750189431,0.756259858947121,2,0,-0.390902776542927,0,0
2797,0.413876841776073,0.616525915968231,1,0,-0.679354675925826,0,0
2798,0.429811616777442,0.676074370035893,1,1,0.50815324749024,1,1
2799,0.0161690227687359,0.530114903721681,2,0,0.310796519645131,0,0
2800,0.186648563540075,0.804495618385755,1,1,0.15754446887264,1,1
2801,0.0510656848200597,0.411814555161979,0,1,-1.04353082289933,1,1
2802,1.18189787272002,4.1031517740339,0,0,-0.358927227810979,0,0
2803,0.0708896288935936,2.5155882643507,2,1,0.617606105780601,1,1
2804,1.31985458421095,5.05843500827461,1,1,-0.367288681495524,1,1
2805,1.23794779740274,1.77338360583278,2,0,-0.0377816215417535,0,0
2806,0.201487049460411,2.46208677975927,1,0,-1.94721836695523,0,0
2807,0.993049773335099,1.24664536571617,1,1,0.0980110341117746,1,1
2808,0.365839031524956,0.768677851689332,1,0,-0.448685500066969,0,0
2809,0.425947429514139,4.41043282436927,2,0,0.432963479854799,0,0
2810,0.210590336471796,1.67867193980375,2,0,0.673489332278775,0,0
2811,0.00212305285247288,0.782029704196668,1,1,-0.603170441055091,1,1
2812,0.250483978888951,0.507311143825473,2,1,-0.135510063437451,1,1
2813,0.0855708270682953,0.563551723356951,1,1,0.201725444018789,1,1
2814,0.0994903920334094,0.408081550714958,1,1,1.04591506906257,1,1
2815,0.0565114825170866,0.226456155680896,2,1,0.866151412691496,1,1
2816,0.401642025681213,0.939875805774329,2,1,-0.0458140467456728,1,1
2817,0.339990711654536,0.942214462784999,2,1,1.26764202769426,1,1
2818,0.173978158563841,0.178976674905601,1,1,0.900984134059953,1,1
2819,0.688294445164502,0.75868314177165,2,0,1.14742241712144,0,0
2820,0.313167682033964,0.795316278344143,2,1,-0.0952217236339333,1,1
2821,1.67768572332843,2.71092933270712,1,1,-0.5090474981313,1,1
2822,0.785977439346545,1.49334941827892,1,1,-0.942660812925182,1,1
2823,0.165636047895532,1.65768450493686,2,1,-0.883130080634187,1,1
2824,0.498639197088778,0.866606316051651,2,0,2.3111806658809,0,0
2825,0.392916010168847,0.877628634585211,1,1,0.688797905770519,1,1
2826,1.01730285791143,1.08059712463383,2,0,-0.179676664893207,0,0
2827,0.23495537608754,2.66252616109947,0,1,0.750858711162401,1,1
2828,0.113120139420871,0.833204109116989,1,1,-2.00717955974271,1,1
2829,1.61958690270789,2.4925548567579,2,0,0.224314694287658,0,0
2830,0.34697203245014,1.78463151400732,0,0,-0.383172791307155,0,0
2831,0.0624255615715349,0.113412097914091,1,1,1.00441630435677,1,1
2832,1.10287242289633,4.66660360420216,2,0,0.0688100742353525,0,0
2833,1.28264577500522,1.32456492720617,1,0,-1.10207875881706,0,0
2834,0.472481723964967,3.57465943942467,0,1,-0.115792807853497,1,1
2835,0.0982823241297436,0.404114499688148,0,1,0.827570723298077,1,1
2836,0.1913110219175,0.774068639023666,1,1,-0.55148895599046,1,1
2837,0.236003873869777,0.291692087718348,2,1,0.0258883503369894,1,1
2838,0.550634863957718,1.84627623922368,1,1,0.406071880988419,1,1
2839,0.795887032846742,0.996689936839976,2,1,0.743827310973036,1,1
2840,0.250530000776052,0.496360341809169,0,1,-0.117361047787351,1,1
2841,0.0197392380826986,0.90620808910986,2,0,-0.32966190957032,0,0
2842,1.65902919127586,3.43416277319193,0,0,-1.46701669549669,0,0
2843,1.14294621162117,2.91698995110135,2,0,-0.350714061862712,0,0
2844,0.123825786749353,0.607443190114236,1,1,-0.645360011490313,1,1
2845,0.152348262797437,0.776020452212926,1,1,-0.617541277065776,1,1
2846,0.080734513104163,0.699218610135421,2,1,-0.169352555450222,1,1
2847,0.20034763461918,0.84704308166769,0,1,0.0923759298506676,1,1
2848,0.173994732322171,0.576627319678664,0,1,0.0704168921999585,1,1
2849,1.0320845641602,3.12132904882788,1,1,0.44723291372394,1,1
2850,0.745749516619191,1.01499469679901,1,1,-0.530846881730354,1,1
2851,0.045745236275252,0.175769293099871,2,1,1.13822151625496,1,1
2852,0.143798558002121,1.98246960929681,2,0,0.547722452956055,0,0
2853,0.011578973790165,0.757322143125278,1,1,-1.04948949265078,1,1
2854,0.117826360277832,0.230439625762047,1,0,-0.033119732863595,0,0
2855,0.614532088439521,1.64916235953569,0,0,-0.0613424355848985,0,0
2856,0.355468093800203,0.75381752706134,1,1,-1.13980937131317,1,1
2857,0.118195681832731,0.663740130958473,1,0,-0.768961415552399,0,0
2858,0.209823145996779,1.54547492554971,1,1,0.786305624295437,1,1
2859,0.24980694334954,1.146513715375,1,0,1.14695032445673,0,0
2860,0.551552559987984,1.73538168329524,2,1,0.147691151492452,1,1
2861,0.452481360578359,2.49480939159791,0,1,-0.274774656036928,1,1
2862,0.151660099509172,0.891821024333292,2,1,-0.539832405329143,1,1
2863,1.47347888552158,2.12662093491173,2,1,0.732386760672285,1,1
2864,0.0766107514500618,1.23195718244257,2,0,-0.146772532288736,0,0
2865,0.541043524836943,6,0,1,0.144345246147548,1,1
2866,0.0114898188621737,0.0207158612708251,0,1,-0.531782756160549,1,1
2867,0.240706116310321,0.702270433960328,0,1,1.38788064726959,1,1
2868,1.02334176883438,2.39447373508146,2,1,-1.0946853589198,1,1
2869,0.654272595976301,3.97784891052341,2,1,0.648751399933205,1,1
2870,0.188562330923284,0.634114077105121,2,1,-0.348047091257746,1,1
2871,0.468500894921945,3.96071371001502,0,0,0.567191878874912,0,0
2872,0.0675272976513952,0.250436520328143,1,1,0.00766139060029208,1,1
2873,1.18896074034274,1.31096388717123,1,0,-1.42778902487425,0,0
2874,0.157313459004296,0.705877483652511,2,1,-0.135465791666502,1,1
2875,0.0442834863924305,2.2438835028223,2,1,-0.761309000636611,1,1
2876,1.3222971316427,1.36561521208044,1,0,0.431491588233247,0,0
2877,2.11275389431456,2.57464809149267,1,0,0.600758392151467,0,0
2878,0.319480621255934,0.901022155452357,2,0,0.320657723979338,0,0
2879,0.0416284063248895,0.97932278799514,0,1,-1.10781055659008,1,1
2880,0.349289831870823,0.351726384933165,2,1,0.257258361403362,1,1
2881,0.0343298536015787,0.764645251616933,1,1,-0.360921334866726,1,1
2882,0.217674353625625,0.649536191440639,2,1,0.856243070319947,1,1
2883,0.345573556260206,0.657259243188591,2,1,0.941380068485637,1,1
2884,0.552540534175932,1.30799904649714,2,0,0.186056453781286,0,0
2885,0.080607833340764,0.23035008298807,0,0,-1.80375604961339,0,0
2886,0.210194536456151,1.00164099906882,0,1,-0.884555923908688,1,1
2887,0.177813433110714,0.508729060419195,1,0,0.173484844502206,0,0
2888,0.409797221422195,0.955195438769522,1,0,-0.994125588537786,0,0
2889,0.48556899651885,1.75682457814229,2,0,0.714361259427741,0,0
2890,0.168898667325266,1.29868367489694,1,1,-0.745970084009658,1,1
2891,0.271967792068608,1.5487075418587,2,1,-0.354337355701506,1,1
2892,0.306032281077933,0.374064787639164,1,1,0.176219610483622,1,1
2893,1.40459449995331,1.76112660556086,2,1,-0.787854406855502,1,1
2894,1.17556048370898,5.43488927157529,0,0,-0.363898820704149,0,0
2895,0.634827398695052,4.61172472112779,2,0,-0.326713037329659,0,0
2896,1.12297858908993,2.13161405154074,1,0,0.245413241556277,0,0
2897,1.0597931604773,2.20426747256067,1,1,0.603164291986071,1,1
2898,0.0615550714428537,1.82943004967596,1,1,0.620193284654935,1,1
2899,0.722674753516912,1.30074598826468,0,0,0.382030408975834,0,0
2900,0.37164127395954,1.7205091050757,1,1,0.76969567227513,1,1
2901,0.269379392266273,1.13656866777608,1,1,-1.69335336036088,1,1
2902,0.128114781363536,1.62356339915491,1,1,0.624892309918915,1,1
2903,2.27107987367463,2.52775982974956,1,0,-0.245931990008355,0,0
2904,0.0293729832628742,0.0527088773727904,1,1,-1.55633649490714,1,1
2905,0.0267524743282163,0.355879061309068,2,1,0.165384797740188,1,1
2906,0.74263849761337,0.945643500114481,0,0,-0.524691329098488,0,0
2907,0.534851655083116,0.595268898953994,0,1,1.82669682110507,1,1
2908,0.634683596376604,1.41363042491858,1,1,0.863342583704072,1,1
2909,0.372382976929657,0.740397343973948,1,1,-1.95370846021214,1,1
2910,0.167033601392344,0.262611996757186,1,1,-0.19541836590032,1,1
2911,0.146303342239352,3.15673767843741,2,1,-1.05051203231495,1,1
2912,0.573187062956214,1.60758465113539,1,1,1.17731178470162,1,1
2913,0.174599555854949,0.43341237637769,1,0,0.465693718772776,0,0
2914,0.0954096257919446,0.708873842704273,1,1,-1.70172866025065,1,1
2915,0.169017526987125,0.251140002053319,1,1,-1.52550544950416,1,1
2916,0.586361246506505,0.590067979670922,2,1,1.48707033688944,1,1
2917,0.062067534003708,0.0737702332958333,1,0,-1.99863919873518,0,0
2918,0.0173082408123002,0.937068270507721,0,1,-0.617536281382547,1,1
2919,0.213865541474168,0.532751964775303,2,1,0.21242589722351,1,1
2920,0.274083012191113,0.633602891068057,0,1,0.653206470164068,1,1
2921,0.0240665716129757,0.350276768797227,1,0,1.01103137434301,0,0
2922,0.207168035326232,0.226040713531964,1,1,-0.824336826170147,1,1
2923,0.750803718084291,2.25143172700046,1,1,-1.24096288270373,1,1
2924,0.357072662864326,1.68265548328173,2,1,-0.648472256423551,1,1
2925,0.242223835375626,0.747958085568661,1,1,-0.437099789250362,1,1
2926,0.0912210193928331,0.99105516593588,1,1,1.64538545865084,1,1
2927,0.290523578587454,1.06626706634069,2,1,0.130420043654423,1,1
2928,0.221170087164497,1.65265773359046,0,0,-0.599021096075328,0,0
2929,0.253241207878998,0.351547795202665,0,1,-1.31148585108075,1,1
2930,0.0248121431814987,1.03296765897568,1,0,0.00886663016796777,0,0
2931,0.0991242248564959,1.42105645911354,1,0,0.243850540215,0,0
2932,0.0228426987305284,0.412299735471606,0,0,0.758792298298024,0,0
2933,0.120191960101219,0.488165824112034,2,0,1.33019892031805,0,0
2934,0.051953513480477,0.865005316133629,2,1,-1.28447690192802,1,1
2935,0.0139907794073224,2.39102070761596,2,1,0.246216564782717,1,1
2936,0.114122398954351,2.7073055976386,2,1,-0.810635684842283,1,1
2937,0.0934249060810544,1.63116307528971,1,1,-0.930891479674234,1,1
2938,0.346033704699948,2.37874675426346,1,1,0.974931727001209,1,1
2939,0.445010083983553,1.22157135599226,0,0,-0.989682146627583,0,0
2940,0.0883161576348357,0.978663746017684,1,1,-0.950307250672006,1,1
2941,1.26093776658514,1.353614282308,1,1,0.804916828504189,1,1
2942,0.165580245375168,0.492808833905968,2,1,-1.05847887992105,1,1
2943,0.00477025471627712,2.69622277706319,2,0,-0.147426212993627,0,0
2944,0.0110884441022861,0.809588431202276,2,1,2.65008377679894,1,1
2945,0.00789079786045477,0.181929622676465,1,1,2.74174036892848,1,1
2946,0.570242630175136,0.775721845030812,1,1,-1.14168475730495,1,1
2947,0.197877329192124,0.674692383413204,1,1,-1.73851200990057,1,1
2948,0.246898884070106,0.252898488240423,1,1,-0.0780596146862193,1,1
2949,0.23582714056829,3.90968068192403,0,1,-1.45144076390347,1,1
2950,0.363310349173844,0.672042083755581,0,0,0.552254742145254,0,0
2951,0.0209238554646101,0.55278846127789,1,1,-1.52344319907806,1,1
2952,0.573120177115135,1.31286357194938,2,1,0.08679023729741,1,1
2953,1.08299067616463,2.35825626907153,1,0,-1.03217470082541,0,0
2954,0.209075838327408,1.39958471680681,0,0,-0.258001398918645,0,0
2955,0.122681443579495,0.481520854677131,1,0,-0.130137401520969,0,0
2956,0.0472338835243136,1.50583646739896,1,1,0.125633150309802,1,1
2957,0.148813122621058,0.652889550810637,1,1,-1.64238194259688,1,1
2958,0.292469058476854,1.66991219671932,0,1,-0.19217713136857,1,1
2959,0.51707912719768,1.5289510799169,2,1,1.22012217123823,1,1
2960,0.598973517163478,1.17267782489459,0,1,1.08212236194381,1,1
2961,0.0987202585389295,0.555488647353772,2,0,-0.651461051359897,0,0
2962,0.401743730013093,1.12533228161434,0,1,1.06293413606545,1,1
2963,0.404967959034643,0.518008414956478,2,1,1.96870995531678,1,1
2964,0.606842859939018,0.795379686270594,1,0,-0.414022144472902,0,0
2965,1.3642646279186,1.52323046592319,1,0,1.35183844421781,0,0
2966,0.113483187441926,1.6108110334527,2,0,0.782525550065,0,0
2967,0.655597131090991,1.41073659569919,2,1,1.23070845116921,1,1
2968,0.00167851103469729,0.0687401400258144,0,1,-2.09909680571013,1,1
2969,1.94769466780005,4.3313054057459,0,0,-1.2153774503454,0,0
2970,0.181718936860398,2.93188806280711,2,0,-0.933489451466087,0,0
2971,0.0353279858245514,0.473684157237547,1,1,-2.09711800592303,1,1
2972,1.64321575655176,3.1476263620455,2,1,1.36137444187663,1,1
2973,0.0104518805164844,0.314771423419674,1,1,-0.585672046483623,1,1
2974,0.181869212246966,1.61066435828878,2,1,-0.0214313416461294,1,1
2975,0.182938481739257,0.307238406063075,2,1,1.55416623973511,1,1
2976,0.096295484690927,0.420412477139401,1,1,2.37894391608744,1,1
2977,0.427502363920212,4.47989438963737,2,0,0.0136739389732569,0,0
2978,0.305922725890767,0.350682801970828,2,0,-0.934256792385079,0,0
2979,0.712730222381651,1.0727421983277,2,0,0.191972186016386,0,0
2980,0.270868710358627,0.57413896654053,1,1,-1.48420582508042,1,1
2981,0.764730173951768,1.2214386891223,1,1,0.0717571224875413,1,1
2982,0.472440203651786,1.16122244601691,2,0,1.78985014798269,0,0
2983,0.0701053120594431,0.885604902765174,1,1,-1.22999884458964,1,1
2984,1.43340089310435,1.64169504472954,1,0,-0.45880460245046,0,0
2985,0.273275870131329,0.5881146584689,1,1,-0.994671492790264,1,1
2986,0.122792671027128,0.791412175590073,1,1,0.108813923970315,1,1
2987,0.0032738278969191,0.134065963082216,1,1,-0.400121196087471,1,1
2988,0.258237925299909,0.270557452434798,1,1,0.209797258504111,1,1
2989,0.526634954426503,3.72631978330419,1,1,-0.364306100026376,1,1
2990,0.418004612438381,1.25280861742795,0,0,1.21076777985268,0,0
2991,1.26868233177811,1.73793331697958,0,0,-0.0043093992433286,0,0
2992,0.248779313638806,0.970045252380801,2,0,1.9101294434821,0,0
2993,0.977960868738592,1.05473025612603,1,0,-0.653335505640554,0,0
2994,0.366070132586174,0.526082918273317,0,1,0.626431922026581,1,1
2995,0.280303247855045,2.89571157708193,2,1,-0.698625061765137,1,1
2996,0.00779351373169875,0.554930852941412,2,1,0.254685741260242,1,1
2997,0.0280831859569567,0.152038698586975,1,0,-1.16655978354353,0,0
2998,0.591579109906052,0.935433776545406,1,0,0.350975197090402,0,0
2999,0.0557306583505124,0.132574713421025,2,1,0.203264327284258,1,1
3000,0.800827376052559,0.90419468977499,2,1,-0.751693292186395,1,1
