"id","L","X","status","z1","z2","cgroup","tgroup"
1,0.153163356590085,0.287350566005294,1,1,-0.0845660201169831,1,0
2,0.139326659031212,3.71503968102237,0,0,-1.22955627828526,0,0
3,0.0412776495171501,1.03133572400791,1,1,0.0652178721488025,1,1
4,1.89966901660639,2.50529781529918,2,1,-1.2016253144603,1,0
5,0.615273718016121,1.36800705927435,2,1,-0.165597657289377,1,0
6,0.16058024764061,0.225716249373343,1,0,-0.183231923597527,0,0
7,0.287903614342213,1.5090756900865,2,0,-1.31034888315617,0,0
8,0.416222532279789,1.01490370252761,1,0,-0.23204023652157,0,0
9,0.665961230834383,1.28173291524673,1,0,0.161906663254051,0,1
10,0.113682840526182,3.97152869817381,2,0,-0.80218904831789,0,0
11,1.22358545655721,3.27102108237644,0,1,-1.8173992762177,1,0
12,0.147753601777367,0.164466968607584,1,1,-0.735268243229076,1,0
13,0.671279609060668,0.978027694034854,1,1,-1.22657687723816,1,0
14,0.0236114917788655,2.28996732749886,0,1,-0.356373837343941,1,0
15,0.0697189952573357,0.870621000603044,1,1,-4.17445658079102,1,0
16,1.58165931312741,2.13974659952025,0,0,0.886005372515457,0,1
17,0.504110496814184,0.629898220888984,2,1,0.698839388727439,1,1
18,0.364368861541152,0.736778704206208,2,0,1.12524051095708,0,1
19,0.58911008043347,0.663633944185306,2,1,1.46914746718441,1,1
20,0.064122450130526,0.197351442309665,2,1,0.845620259441998,1,1
21,0.96940907451206,1.00112022692909,1,0,0.913812209725072,0,1
22,0.30042036640225,0.676764328119961,2,1,2.09565345604791,1,1
23,0.21749143039695,1.50913194442789,0,0,0.735438470421783,0,1
24,0.0886954527083891,0.154438025448818,2,1,0.573817706962154,1,1
25,0.16036809171464,0.518148578636768,2,0,0.947491253041262,0,1
26,0.662779139212154,0.867687857217092,2,1,0.741450243781752,1,1
27,0.156300076262771,0.425513919986108,1,1,1.2107497157453,1,1
28,0.0418726055067964,0.162594175587098,0,1,-0.441750120476358,1,0
29,0.0259475671919063,0.356100738742269,1,1,0.868775332304025,1,1
30,0.374876979039982,0.377159712799117,1,1,-2.28489519105151,1,0
31,0.0335514577943476,0.499566496527689,2,0,-0.683313960359476,0,0
32,0.0494488056594719,0.330820244303451,2,1,1.32502584079534,1,1
33,0.940556947141886,1.45253541336244,0,0,1.120172671789,0,1
34,0.632338295969477,0.889342951061046,1,1,-0.371939447024657,1,0
35,0.65772800706327,1.9566875789808,2,0,0.926724066689428,0,1
36,0.326338121667504,1.19118128958017,0,1,0.248070687946524,1,1
37,0.102376174741487,5.57708987317292,0,1,0.395689492684335,1,1
38,0.492945137640283,0.780813434706992,2,1,1.9736504378658,1,1
39,0.0832249876111746,0.343925947554299,1,1,-0.77529365827017,1,0
40,0.956843356595776,3.17512478645894,1,1,-0.754912314761317,1,0
41,0.69491483850573,1.80770111123037,2,1,0.716511069899891,1,1
42,0.110930432374374,1.015587047569,2,1,-0.488189953278886,1,0
43,0.131369214765719,0.922403255667778,1,1,-1.87001653609357,1,0
44,0.747209737077355,2.09221062560876,0,0,-0.250925861769351,0,0
45,0.127989406504805,0.685176404540258,1,1,-1.25695063487278,1,0
46,2.14595504841747,6,0,0,-2.28933203929863,0,0
47,0.409958893433213,1.79842096461093,1,0,1.23836382363904,0,1
48,1.61457984434909,3.23831113678036,2,0,0.0220941955131896,0,1
49,0.042730748227031,2.27682322230861,2,1,-0.178218407717616,1,0
50,0.884603845364654,1.53795898600124,1,1,-0.225617004078976,1,0
51,0.321484072483145,0.738973904318833,2,1,0.715893715222331,1,1
52,1.12058403622359,1.49874256176581,1,0,-0.559055227919943,0,0
53,0.668030001662493,1.69931883252466,1,1,1.48899854546286,1,1
54,0.461472009165965,6,0,1,-0.263893685036376,1,0
55,0.162461348227225,0.733701456833232,1,1,-1.34480408080482,1,0
56,0.718073072843254,2.63470284851146,1,0,0.12878476610417,0,1
57,0.0947994023799909,0.66007671957496,2,1,0.331645353963124,1,1
58,0.313094765422203,0.910423950242549,1,1,-0.253868665058902,1,0
59,0.660492503057987,3.63273262688547,1,1,0.246911342579737,1,1
60,1.15981641411781,2.10761920566295,1,0,-0.0905323087095113,0,0
61,0.0674761811387725,1.72292445769523,1,1,-0.347188570076196,1,0
62,0.956560723483562,2.4722046405077,0,0,-0.263569221273034,0,0
63,0.078527188161388,1.01882371193421,1,1,1.08563171568481,1,1
64,0.528649438029908,0.608188179205613,1,1,0.212974203736312,1,1
65,0.136496790106149,1.61106161430935,1,1,-0.38823102765213,1,0
66,0.599486549034028,1.23229371510776,1,1,1.46694524627811,1,1
67,0.00745958642527646,0.309654390093998,1,1,-0.0364770048993605,1,0
68,0.510520255748935,0.705280347416798,0,1,0.483925666388067,1,1
69,0.728636332761318,1.00038595038722,2,1,0.935321292093662,1,1
70,0.37360327038914,1.304269712104,1,0,0.433331795011304,0,1
71,0.401730911398772,1.63393516028705,1,1,-0.971817905304871,1,0
72,0.044723924365826,0.326120984179542,2,1,2.37446948286036,1,1
73,0.343116213567555,1.62975287295325,1,0,-0.196154034381382,0,0
74,1.44976451053264,1.64006190374494,0,0,-1.02259774029311,0,0
75,0.0165302542393757,0.0720816748144597,1,1,0.694950413008959,1,1
76,1.14011716790834,1.98502772332925,0,1,-2.10689063282542,1,0
77,0.658312322571874,1.5682149301461,2,0,-0.223343975130499,0,0
78,0.192222961632069,3.05615335648269,2,1,0.694424813450424,1,1
79,1.05326923365473,1.32124926552697,1,1,-0.511694956828804,1,0
80,0.159776309676323,0.95703069633608,1,1,0.445983256045354,1,1
81,0.0813238332048059,0.726489735113867,1,0,-0.210173314583873,0,0
82,0.161227625794709,0.896934123108548,2,0,0.203631460385884,0,1
83,0.150947553643761,0.554357536843291,1,0,-0.13023723783385,0,0
84,0.229639641526605,1.1372841627151,2,1,1.04481268512862,1,1
85,0.0763716201870467,0.771791335130427,1,0,-1.26892428284889,0,0
86,0.0147613405715674,0.156880381570102,1,1,0.276084301911022,1,1
87,0.0367531572428057,4.82280855527976,0,0,-0.829436957214108,0,0
88,0.28801296164576,1.50090394712148,2,0,0.388315804473116,0,1
89,0.671751181595027,1.99464584079484,1,0,1.78847574701025,0,1
90,1.93728614217582,2.51773608574183,1,0,0.453775383912912,0,1
91,0.107826438907068,1.11734933670008,1,1,-0.307299704688948,1,0
92,0.324159964220598,0.484503098214461,2,1,0.33289553554761,1,1
93,0.825258077122271,1.30032168520525,1,0,0.154950567696191,0,1
94,0.0108445601654239,0.691355190779921,1,1,1.08883709180125,1,1
95,1.29781648796052,1.60012391871684,2,0,1.15193518270972,0,1
96,0.105466443346813,1.55977662765285,1,1,0.371339042972828,1,1
97,0.148455332774668,0.41084250678348,2,0,1.3696297747954,0,1
98,0.260900717985351,0.549662831992612,1,1,-0.848982908927505,1,0
99,0.425018631503917,0.701186542831547,2,1,0.337465190208099,1,1
100,0.105446428060532,0.643280008827814,1,1,-1.22474667351341,1,0
101,0.38972235401161,0.810832750633387,2,1,0.134465297908287,1,1
102,0.44981696549803,0.828112314326887,1,0,-0.185220543975034,0,0
103,0.0820688944264592,0.393870405693023,1,0,0.959416980505777,0,1
104,1.10067999194779,1.44875072874129,0,1,0.702450581850367,1,1
105,0.401486542541534,0.875445935467525,2,1,0.649361318466789,1,1
106,0.745894591324031,1.44633217929798,1,0,-1.47959990155578,0,0
107,0.737044400535524,4.92839572261167,2,0,0.438343984197681,0,1
108,0.366176388200458,0.849442957291888,2,0,1.36913299458456,0,1
109,0.562457719907917,2.38662017417155,2,1,-0.244652840157467,1,0
110,0.970250521734,1.5006505371493,2,1,0.450034963311037,1,1
111,0.218950793205295,0.505250876746278,2,1,-0.546403147273668,1,0
112,2.14818406469169,2.79847058606996,2,0,1.36612317251072,0,1
113,0.525920115152195,0.82305131712771,2,1,-0.527771047713683,1,0
114,0.828540854246177,0.942434210891765,1,1,-1.66031217006421,1,0
115,0.107802464799635,0.711939440398767,2,1,-0.103131912335655,1,0
116,1.72902145042064,1.95049613424576,1,0,-1.09684522872874,0,0
117,0.179314195906565,0.71924575649795,0,1,-0.526322502835015,1,0
118,1.82583762703028,4.12692350550019,2,0,-0.21320282116266,0,0
119,0.0112601065968775,0.589029122338718,2,0,-0.196454330057205,0,0
120,0.164979895926081,0.180638770141131,1,1,-0.342685566680153,1,0
121,0.557700460992403,3.48781790317909,2,1,-2.05920636887029,1,0
122,0.108512395441091,0.700797826393837,1,1,-0.932411968097425,1,0
123,0.0194538827054203,0.574401719221556,2,1,0.47515481307097,1,1
124,0.247594832617324,0.873335237001516,2,1,0.736119868122505,1,1
125,1.85011368795278,2.2254935050616,2,0,0.473687965839319,0,1
126,0.134708861740908,1.95439371901254,0,1,1.66041219339469,1,1
127,0.35994096804643,1.0357810982013,2,1,0.15491430033651,1,1
128,0.0634389221668243,1.55384548165791,1,0,-1.62417070025015,0,0
129,0.0821419036947925,1.57375488047977,1,1,0.611219563240764,1,1
130,0.811029407169491,1.18789000158857,0,1,-0.980596924954275,1,0
131,0.488527592361726,0.735702433903498,2,1,-1.03687666961072,1,0
132,0.625976843759418,2.03990073851646,2,0,0.881918379507451,0,1
133,0.119925329284547,1.2599136731496,2,0,0.0186210906122633,0,1
134,0.0745763472501729,0.825939322154369,2,0,1.7452282073353,0,1
135,0.456020362299688,1.08990582969549,1,1,-0.930058505290079,1,0
136,0.516996594145894,3.32923225657727,2,0,1.02557391597541,0,1
137,0.279025281779468,0.893509706019619,1,0,-1.07000840997612,0,0
138,0.720246487154447,1.6601682054649,2,1,0.180599553711062,1,1
139,0.18115346133709,0.71948352306568,2,0,0.0291358090820574,0,1
140,0.190779443212772,0.952698013836607,1,1,-0.730420449753686,1,0
141,0.422147324425168,1.18030129635343,1,1,-0.102873189331845,1,0
142,0.573412203229964,6,0,0,-2.33784992763351,0,0
143,0.723138446607123,2.33119069693743,2,1,-0.203243282635385,1,0
144,0.498916764035173,1.03933706309063,1,0,0.243869469373117,0,1
145,2.24715419664028,3.66599731843752,2,0,-0.187301640337467,0,0
146,0.409761155897286,0.607746359573836,1,1,-1.02226270491978,1,0
147,0.185209888441022,3.80530930417827,2,1,0.432171384927843,1,1
148,0.0168960104929283,0.499002449944146,2,1,1.02580543053019,1,1
149,0.589966369999394,1.59282063870529,1,1,-0.218774337575303,1,0
150,0.182590273325332,0.907757701430633,1,1,-1.52966763529936,1,0
151,1.4660679303719,1.70210388489824,2,1,2.40285663067795,1,1
152,0.869592270994202,1.58057455604807,1,1,-0.930271181466387,1,0
153,1.91607649893242,4.37748148002881,1,1,-0.746321538844316,1,0
154,0.38252773694694,1.17411217102288,2,0,2.36542205724235,0,1
155,0.738404486302108,1.05550273321569,0,1,0.587465648030739,1,1
156,0.0430020122439601,0.747460128324085,1,1,-2.08726232344503,1,0
157,0.615308426475607,0.687408400739022,1,1,0.0524181654430413,1,1
158,0.318245833739638,0.572958779991892,2,0,-0.0793931190222481,0,0
159,1.53751892380349,1.65896875457919,1,1,-1.00249331008801,1,0
160,0.154325617867728,0.385377717048349,2,0,1.50995435052833,0,1
161,0.436247580684721,0.811984962893432,2,0,-0.697453537923178,0,0
162,0.309552007932012,0.643942725459528,2,0,0.274452181036519,0,1
163,1.33128601778299,3.05739558612307,0,0,-0.994126264635754,0,0
164,0.269180882605724,0.369476899219793,1,1,0.522613091851761,1,1
165,0.15245304646669,0.170930076334948,2,1,1.26783072299927,1,1
166,0.27917265688302,0.334963050360481,0,1,0.762904750606319,1,1
167,0.279738536882399,2.02958091407154,1,0,0.567774820065829,0,1
168,0.0106868864968419,2.38807164029472,2,0,1.09037193235088,0,1
169,0.775127884931862,1.51214895149072,0,0,1.95111501768952,0,1
170,0.792311013766386,2.48363032482642,2,1,1.16879452697714,1,1
171,0.648222147111602,0.666222101377914,1,1,-0.536554218061734,1,0
172,0.395331766922027,1.2145286121091,1,1,1.05359133915428,1,1
173,0.527586784483302,1.25540695111048,1,1,-0.439159475809872,1,0
174,0.467727162150487,0.508013113114239,0,1,-0.5689659395385,1,0
175,0.58845121713368,1.04710497786951,1,1,-0.438260531122449,1,0
176,0.177711160008531,0.980879829122213,2,0,0.399473586666162,0,1
177,0.257803499407601,0.593806859580784,2,1,1.89925512014177,1,1
178,0.31738229031513,1.0803195059755,1,1,-1.29505265867838,1,0
179,0.465159336007948,4.46566037217616,1,1,-2.04710177489569,1,0
180,0.57064413279295,1.5693857521764,2,0,-0.339654397118031,0,0
181,1.39578389578073,2.19154802634628,1,1,0.342103774194296,1,1
182,0.408463989384472,0.691908250706373,1,0,-1.70619080060052,0,0
183,1.70453896890092,1.96967288230856,0,0,-0.21161166788456,0,0
184,0.909277641860411,0.98318078545655,1,1,1.46961954610661,1,1
185,0.109013603650965,0.225910211834838,1,1,0.425060813415054,1,1
186,0.140034145151731,0.279700012487166,1,1,-0.683880144271243,1,0
187,0.530157534405589,4.05412326256434,0,0,-0.892709059060009,0,0
188,1.45428321199997,2.57190221166038,1,1,0.786831084043201,1,1
189,0.111543264077042,0.37828842408648,1,1,-0.113111818235845,1,0
190,0.0740171320803931,0.273664772674319,1,1,-1.23413892796322,1,0
191,1.97976497366073,2.06960337008391,2,0,0.148075468700966,0,1
192,0.994865529239178,1.75058092866191,2,0,0.0866624419727495,0,1
193,0.366008999757469,0.392263905479186,2,0,1.65786873370028,0,1
194,0.506832455258638,3.14694291041431,1,1,-0.194990040625261,1,0
195,0.945774395950139,1.80068030785497,1,0,0.244688389004212,0,1
196,1.19770065601915,1.350414190613,1,0,-0.840295509737701,0,0
197,0.287723797373474,0.820516563263421,1,0,-0.727327212747035,0,0
198,0.271358786267228,0.319546901181414,1,1,-0.661492753622181,1,0
199,0.04859674812087,0.572607708393609,1,0,0.142208309042942,0,1
200,0.622677186012089,2.43815769275559,2,1,1.08969119000176,1,1
201,0.460610953715451,1.22689565378087,1,1,0.334590135045078,1,1
202,0.10375925747212,0.228656220410391,1,1,-1.74681850035817,1,0
203,1.01022306940855,4.46254602322976,0,1,-1.57761445220122,1,0
204,0.406672176613938,0.46026731947843,2,1,-0.565170732966674,1,0
205,0.449350356330916,1.88319389382913,2,1,0.0228816072610633,1,1
206,0.448740553695642,0.910585413399889,1,0,-1.27891826244505,0,0
207,2.51296870960834,6,0,0,-0.759847083924984,0,0
208,0.0667197257393478,0.911757306380993,2,0,1.45021161072099,0,1
209,2.15182696424704,2.30428391770359,2,0,0.657301047810374,0,1
210,0.442066303195253,1.59134723345017,2,1,-0.0547193282427079,1,0
211,0.202749735675752,1.05314111032195,2,0,2.63595283308839,0,1
212,0.353628024749923,3.02638162648594,1,1,0.194820143021726,1,1
213,0.359725550748408,1.02073164555118,1,0,-1.85347725038213,0,0
214,0.271305750939064,2.82906053846587,1,1,0.507304710920734,1,1
215,1.06522719603369,3.14518571471763,2,1,-0.29920069851054,1,0
216,0.351968706585467,3.67436578497291,0,0,-0.117130932657921,0,0
217,0.757934656925499,1.37310914063314,2,0,-0.0301527533218869,0,0
218,0.175479832687415,2.94698012583925,1,1,0.145977338065942,1,1
219,0.247947607394823,0.657615640665652,1,1,-1.52114476602291,1,0
220,0.171369485615287,0.732433009511868,1,1,0.791914376761176,1,1
221,0.758308937773108,6,0,0,-1.30887700845401,0,0
222,0.143515598319937,2.00486752337469,1,1,0.494639038848521,1,1
223,0.00707497426178216,1.43741402110258,2,1,-0.577007430746996,1,0
224,0.380244175321423,4.20572028114884,1,1,-0.483212160759471,1,0
225,0.484618716873229,2.06033459794504,2,0,1.58742778033263,0,1
226,0.147129477001727,0.323886013725736,2,0,0.330978330098295,0,1
227,0.219523485464397,0.484932483583591,2,1,0.188425333711667,1,1
228,0.244006935390644,2.23308852219276,1,1,0.339735727574278,1,1
229,0.318707068450749,1.49474089965224,0,0,-0.0175634710123615,0,0
230,0.217804496457065,1.139710745457,2,0,-0.9907304522929,0,0
231,0.851302336060263,2.1317429747249,2,1,-0.477426682926959,1,0
232,0.435158357114352,0.455037016143112,1,1,0.513771333682795,1,1
233,0.172942660574336,0.521100597729557,1,1,-0.287517100889814,1,0
234,0.741254590451717,1.08140306383944,1,0,-0.692601499113016,0,0
235,0.617421094447744,0.67522287729108,2,1,-0.420946865140559,1,0
236,0.377414091490209,1.52358712385208,1,1,-0.42507266880435,1,0
237,0.0382296489551663,0.118143135782177,2,0,-0.274376211977968,0,0
238,0.535859615166493,1.38814764055726,2,1,-1.15464102687573,1,0
239,2.8397929997961,3.26621388085186,0,0,-1.55101492565864,0,0
240,0.739950054531738,1.03907991765881,1,1,-0.840156360801749,1,0
241,0.116215522455316,0.688764266153917,1,0,1.0673587315204,0,1
242,0.825567721013732,3.14372645893897,1,1,-0.569325200361846,1,0
243,0.267663093691226,1.69439765768186,2,1,-0.755865226656673,1,0
244,0.223022502847016,0.226328781966791,2,0,1.26309953274989,0,1
245,0.183661063606859,2.07913880682162,2,1,0.408285352850129,1,1
246,0.168007098836824,0.770254451781511,0,1,-0.0447134463440652,1,0
247,0.235199341841508,0.339066629600479,2,1,-0.871610342734663,1,0
248,1.43607163444667,2.47033385231793,2,1,-0.296124035338321,1,0
249,0.279599055938888,0.358395373277639,2,1,-0.232907232360264,1,0
250,0.477113802996497,1.988308996629,1,1,0.665173529572403,1,1
251,0.000536476145498455,1.87301045329578,1,1,-0.462673022913899,1,0
252,0.112987698055804,1.27396542362854,2,0,0.797207693857107,0,1
253,0.0954378343885764,1.17722905810589,1,1,0.281196601836931,1,1
254,1.10322494991124,3.9404933154583,0,0,0.562280832611515,0,1
255,0.086706146204963,0.351092304518948,1,1,0.68011438179683,1,1
256,0.431176998827141,0.72595350260204,1,1,-1.23136216362208,1,0
257,0.199101284670178,0.458939879277638,2,1,1.8342847759573,1,1
258,0.24352882875814,1.04413928028656,2,1,-0.440622340205749,1,0
259,0.49183494292368,1.04367520143312,2,1,0.129470979899655,1,1
260,0.152222001051996,0.344287720529023,2,1,1.59777863470832,1,1
261,0.3950997274369,2.16583462673103,2,0,0.177879143610864,0,1
262,0.221332896209943,1.03036965012873,1,1,0.344026411389513,1,1
263,0.654794593341649,1.17377860425736,0,0,-0.697856868794254,0,0
264,0.9128907427772,1.69561014821132,0,1,-0.00685411799989984,1,0
265,0.362053703283891,2.37774259280545,2,1,-1.25638088657078,1,0
266,0.377562582492828,4.79655273851562,0,0,-1.92720210046061,0,0
267,1.28274054359645,1.36888339421991,1,0,-0.432635839096634,0,0
268,0.426999256887939,0.553095405802653,0,1,-0.477365489268567,1,0
269,0.687064614146948,1.59628914665997,1,0,-0.296132068251614,0,0
270,0.0484309944887354,1.21127348524999,1,1,1.43615911754935,1,1
271,2.48833156741204,3.46172203825225,1,0,-1.48715838732466,0,0
272,1.02357658678481,3.93100568583102,2,0,-1.32977896520555,0,0
273,0.788120368495584,1.43968374274568,2,0,-1.00250946719147,0,0
274,0.770279033256596,3.31240279098826,2,0,0.509037822817607,0,1
275,0.0227617780910805,1.59922499012217,2,1,1.10766334550286,1,1
276,0.0373871017318859,0.119420591658599,2,0,1.49550783603268,0,1
277,0.0875581803848036,0.115719086372727,1,1,-0.108858472742579,1,0
278,1.20646938309073,1.56614356690501,2,0,0.474153785321032,0,1
279,0.153992438605145,1.14723697467214,1,0,-0.554746858174807,0,0
280,0.922376526667664,2.53131990897308,2,0,1.64653437721183,0,1
281,0.0175469071837142,0.627202528218428,0,1,1.28641414664857,1,1
282,0.0622194769675843,0.175679863134631,1,1,-0.972965747202681,1,0
283,0.118361577358289,0.811842203421002,2,1,1.35850922398739,1,1
284,0.138858019705485,3.39793442848383,1,1,-0.83137601861915,1,0
285,0.853989726139054,2.07335463996855,1,1,-0.376782678194289,1,0
286,0.538856393643604,0.78134029680725,1,0,-0.168275343366617,0,0
287,0.0631703990762727,0.815311094969012,2,1,0.23443046298503,1,1
288,0.274981804541312,1.34916957316217,1,1,1.11755567575627,1,1
289,0.865645660429138,2.99910149537027,0,0,0.108236906208459,0,1
290,0.82022567160596,2.44938773277171,1,1,-1.57848394101903,1,0
291,0.158764704499666,0.912320442513991,0,1,0.208339165054558,1,1
292,0.37723618268501,2.72805268969689,1,1,-0.420270509019564,1,0
293,1.69557321985856,2.24625376727863,2,0,-0.0272996964766142,0,0
294,0.350914373993874,1.51021089808562,2,1,-0.868766669368903,1,0
295,0.445019932786755,0.53158649401269,1,1,-0.453712972567869,1,0
296,0.636375616304576,1.6071452029281,2,0,1.17759787351806,0,1
297,0.283969601138648,3.13380281180923,2,0,-1.07893402627696,0,0
298,0.00150368552501607,0.31939449135735,1,1,-0.562676664742265,1,0
299,0.821594652926371,3.70092985102433,1,1,-1.51703781529669,1,0
300,0.1243537934497,2.35244827297375,1,0,0.857314919311566,0,1
301,3.32811380533462,3.67776644648806,1,0,0.833568058645837,0,1
302,0.377822790294886,0.69668355486394,1,0,0.530449581712758,0,1
303,0.615266592241824,0.668018052962512,1,0,-0.226226809558705,0,0
304,0.261362387100235,1.72409077796442,2,1,1.01471492894702,1,1
305,1.04515824590954,1.08381942247003,2,1,-0.138748212570493,1,0
306,0.127070436719805,0.897486665672282,1,1,1.14416930974369,1,1
307,1.00368945272045,1.66292969554187,1,1,-1.20923100970582,1,0
308,0.834626310504973,2.21249370779858,2,0,1.01833071788388,0,1
309,0.553510690466768,0.737493135176455,1,1,0.774790331602578,1,1
310,0.693019042929456,1.00922466840795,2,1,2.10980690873638,1,1
311,0.337286779831629,1.72251847589458,2,1,1.15595734128862,1,1
312,1.45807189672234,3.20763027578552,2,0,0.454483708362039,0,1
313,0.283683239540551,1.15438416720635,1,1,0.592318763359947,1,1
314,0.0147546949941642,0.374222483289911,2,0,0.426937430540235,0,1
315,0.100168991775718,2.60541572194404,2,1,0.944808902268537,1,1
316,1.00701462756842,1.096579850351,1,0,0.902213265145796,0,1
317,0.743179724641897,1.30182536320627,2,1,1.25787481445625,1,1
318,0.143031183979474,3.20936536808707,2,1,-0.0132400436816757,1,0
319,1.87801499842646,2.45603454055004,2,0,0.317517112583313,0,1
320,0.0924480278627016,0.865090009907137,1,1,-0.469119981687439,1,0
321,0.562813539989293,4.27191773177637,1,0,-0.324880158248705,0,0
322,0.403880975209177,0.797163299372685,1,1,-0.840655829508755,1,0
323,0.332398759783246,1.68572992707292,0,1,-0.389968438267229,1,0
324,0.00455588231686835,1.20462867811764,1,1,-1.21279291303381,1,0
325,0.227236060425639,6,0,0,-1.80615311935811,0,0
326,0.254835917273037,1.0144376278515,1,1,0.995999713245819,1,1
327,0.254909863579087,0.437901234723165,1,1,-1.16878437248092,1,0
328,0.298839118511946,0.988588457693091,2,1,0.252621832248043,1,1
329,0.120213160698768,1.62427543037737,1,1,0.19410192797102,1,1
330,0.859570694155991,1.23044579270174,1,0,0.244821191593017,0,1
331,1.16313293296844,1.82028014241728,2,0,-0.479139417490095,0,0
332,0.0306463870219886,1.91805183849232,2,1,0.744968296973422,1,1
333,1.14379583485425,1.22077999459253,2,0,0.314753182540304,0,1
334,0.878398924134672,1.32878045989045,2,0,-0.400957960343,0,0
335,0.288790667254943,2.31230343535165,1,1,1.02886442403768,1,1
336,0.663464948225026,1.318455997314,2,1,0.869129080696327,1,1
337,0.384643454453908,0.44489424675703,0,1,0.505941336585101,1,1
338,0.757897545091629,1.04120025721689,0,1,-0.4155185672697,1,0
339,0.0768079998670146,0.0949350823840525,2,1,0.769339253075262,1,1
340,0.208040437514862,0.598073214028972,0,0,1.99423006833197,0,1
341,1.11584863038139,1.24586018803777,2,1,0.0154380983635935,1,1
342,0.0389981929450755,1.7923969309777,0,1,0.841858097001034,1,1
343,0.424393333931899,1.43477189812215,1,0,-1.80654500995426,0,0
344,0.744781928925596,3.84733472490779,1,1,-1.25568807405747,1,0
345,0.480091241298547,0.55276910179477,0,1,-1.36589870979225,1,0
346,0.341029001650835,0.419077590486992,2,1,1.44598598709375,1,1
347,1.67067520661785,1.81607945514258,2,1,-1.1929051452605,1,0
348,0.550557421620329,0.707166374466008,0,1,0.0591032005435318,1,1
349,0.0180527672637254,0.203949586438026,2,1,0.899215414809563,1,1
350,0.0470712239621207,0.64039851169113,1,1,-1.71955799857004,1,0
351,0.116864121107269,0.188957533207238,1,0,0.505219273368655,0,1
352,0.632930674447499,1.25430627482836,2,1,-0.398143020856196,1,0
353,2.35369544467869,3.49097420527052,2,0,0.425508276720878,0,1
354,0.0262357049625006,0.370338499403201,1,1,0.730088809417937,1,1
355,0.0412153268199279,0.765746350543001,1,1,-1.75033193356393,1,0
356,0.353866145946085,2.91173431248387,2,0,-0.145173745246554,0,0
357,1.80381862007361,2.61278117577357,2,1,0.534875215474172,1,1
358,0.786842077641907,1.23879125902427,2,0,0.839427569620053,0,1
359,0.0320523747359402,0.326006625901779,2,1,0.760827674383946,1,1
360,0.364479138224851,0.457468197991214,2,1,-0.271146535176148,1,0
361,0.5147292588634,1.2097879089444,1,1,-0.469390709612165,1,0
362,2.0584810745116,2.38730382795135,0,0,0.111599444348567,0,1
363,0.37486273951004,5.61849192947711,2,0,-0.904248055813133,0,0
364,0.233468858932611,2.37792301433049,1,1,-0.959851398708295,1,0
365,0.0311795101151802,1.02069871647344,2,1,0.554871647905425,1,1
366,0.988655035383999,2.81028194794118,1,0,-0.547944870304269,0,0
367,0.236991765268613,0.410079489360002,1,1,0.176699600895723,1,1
368,0.604594294537611,0.811267166652045,2,1,-0.341369409559289,1,0
369,1.01141125150025,2.54627455978374,2,0,-0.587237290928514,0,0
370,0.0534363886159187,0.200004097411338,2,0,3.06550349801716,0,1
371,0.369690787920263,2.57720552805395,1,1,0.930415295350201,1,1
372,0.868623226881027,2.09880274559931,2,0,0.572446412655838,0,1
373,6.58983027958523e-05,0.26634714651658,0,1,-0.997513337177059,1,0
374,0.260045967297629,1.68907609727466,2,1,0.443896142516504,1,1
375,0.086888188670855,0.124424162010352,0,1,-0.54451252983387,1,0
376,0.426458191650454,1.68259935219139,2,1,0.781008817335882,1,1
377,0.12224930524826,0.62835858876267,1,0,-0.896459153774712,0,0
378,0.0869329765555449,1.91736848714451,0,1,-0.466767592223295,1,0
379,0.181789834091576,0.820951466411324,0,1,-2.8170644180762,1,0
380,0.184736420653786,0.562713467395296,1,1,0.153350359697503,1,1
381,0.307305745373014,0.355189432450628,1,1,-0.441591550469434,1,0
382,0.0512037398869932,1.46646277754593,1,1,2.26975638190479,1,1
383,0.284223024733365,4.5863298958854,1,0,-1.69964182858322,0,0
384,0.0147130666300654,1.2330179465987,2,1,0.748065311301301,1,1
385,0.0577602602168184,0.543387916291036,1,1,-1.953205371728,1,0
386,1.2597802990988,2.48325195833507,1,1,0.0257337528805091,1,1
387,0.341101363592315,1.30299194814382,2,1,-0.310385672401599,1,0
388,0.143664866685667,0.985948558275898,0,1,2.11560831384588,1,1
389,0.390989503648598,0.39151120847649,1,1,0.326495448413405,1,1
390,0.713380124626503,2.71447459927611,1,1,-0.399465703289702,1,0
391,0.0572485560551286,0.295212592730177,1,0,-0.629768345137497,0,0
392,0.0632230641787357,0.543917024698847,0,0,0.000652463558399421,0,1
393,0.442597085498026,0.650162345196768,2,1,0.577931474869811,1,1
394,0.435736066402689,2.62959907874513,2,1,-1.54548148918177,1,0
395,0.682846676558256,1.09194209270347,1,0,1.18728687724628,0,1
396,0.201118224067613,0.23481539534913,2,1,0.645811340817983,1,1
397,0.722483011893928,2.37731099163321,0,0,-0.76584834005416,0,0
398,0.0824565108632669,0.165140887087726,1,1,-0.65039886706077,1,0
399,1.53830238609555,3.70497639290988,0,0,-0.839092000127902,0,0
400,0.798251877396189,2.46736513552976,2,1,0.179292802026184,1,1
401,1.03973700851202,1.63743864619331,2,0,0.526785112226723,0,1
402,0.10747132563644,1.5554045748168,1,1,0.447264837834344,1,1
403,0.649834127016104,0.827940500791073,1,1,2.02615408197282,1,1
404,0.157375140414455,0.573090935746829,0,0,-1.24289428395066,0,0
405,0.301485321484506,1.60449026548981,1,0,-0.692504202534707,0,0
406,1.03833000194841,3.51527241871224,2,1,-0.339374560137962,1,0
407,0.188084201072343,1.70193409271611,2,1,1.36243295769667,1,1
408,0.825847001370795,0.877710306229817,2,1,1.11727534804992,1,1
409,0.211309553124011,0.901322997001055,1,0,0.448295246217177,0,1
410,1.04023482184857,1.67095518863009,0,0,0.288745166314965,0,1
411,0.163607224822044,0.264435631207482,1,0,1.29625029517763,0,1
412,0.0670675598667003,4.70519010495921,1,1,0.733585977499553,1,1
413,0.628165216740973,2.18363740432305,1,1,1.23443244517565,1,1
414,0.297864288149867,0.429261018635641,2,1,1.04729826125672,1,1
415,1.45096060252728,4.23606895531217,0,0,0.599623462969671,0,1
416,0.313854570339854,0.339687506637954,1,0,0.364037718568814,0,1
417,0.305459245108068,1.92962428080523,2,0,0.836282806039674,0,1
418,0.666968318374649,2.24647215392399,1,1,-0.771486753178263,1,0
419,0.106094084912911,0.234868329073234,1,1,-1.37190912919578,1,0
420,0.0428797616041265,0.044928875440551,1,1,-0.616479902737202,1,0
421,0.0277374629346234,1.78288515077412,1,1,-0.665789012333264,1,0
422,0.274859171811883,0.779734049965938,1,1,-0.0338948206139337,1,0
423,0.0892300745472312,0.811264530145294,2,0,1.72613037457178,0,1
424,0.021092333830893,1.64100607685591,1,0,-1.16514184888757,0,0
425,0.239854837127496,2.81023347900026,1,1,-0.675038087085028,1,0
426,0.101001524366438,2.94707868843572,2,0,-1.23505151785846,0,0
427,0.191166234892902,0.604120007292799,1,1,0.274938779484318,1,1
428,2.10137833830643,2.34322139276312,1,1,0.119699811563051,1,1
429,0.509101925417781,2.39444478949059,2,0,0.583864733427785,0,1
430,0.373993163208765,0.888213293965404,2,0,0.0221740378031357,0,1
431,0.0211152201117717,0.085925654730164,1,1,-0.68622715828115,1,0
432,3.59450865520125,5.2623917517433,2,0,-0.361432852008082,0,0
433,0.135282348841429,0.290608564926404,0,0,-0.763073724822635,0,0
434,0.13193539576605,0.313841563715958,1,1,0.850245511878733,1,1
435,0.136279849202449,0.998449787948272,1,0,0.220391945925535,0,1
436,0.228974490892142,3.05068997269047,2,1,0.383604194603094,1,1
437,0.376028830185533,1.48011283942793,1,0,-0.183976616554781,0,0
438,0.844518705244929,2.86679257502621,1,1,0.541377312040536,1,1
439,0.468112657002207,1.04899009237263,1,1,0.0646372233052177,1,1
440,0.867232088878393,1.00426846191474,1,1,0.232515616647218,1,1
441,0.238197696045313,0.374889633146519,1,0,-1.22962667238931,0,0
442,0.668003626025103,1.58661449611068,1,1,0.0604942039026935,1,1
443,0.242496651619409,3.67121400001148,0,1,-0.0824393800064905,1,0
444,0.0275488739134744,0.352432309513247,1,1,0.455735371620365,1,1
445,0.111829089104324,0.888419666286841,1,1,0.518656020063283,1,1
446,0.115365213423502,0.142808577116957,2,1,0.419022804313027,1,1
447,0.207122067920864,1.71813582135246,1,0,-0.446186624716955,0,0
448,0.341614530187097,0.342885483497075,1,1,-0.518873444400591,1,0
449,0.151625756698195,0.381450895220041,0,1,0.791099633571457,1,1
450,4.71576109875865,6,0,0,-1.82932487017445,0,0
451,0.261664923164062,0.872488989167558,1,1,0.0669011298804194,1,1
452,0.413646053639241,1.48879288074871,0,1,-0.0996386413785763,1,0
453,0.0056834362050571,0.128884593392559,1,1,-0.625015558929235,1,0
454,0.857031066901982,1.53720625019524,2,0,-1.11488368586056,0,0
455,0.233803829562172,0.675211901203462,2,0,0.0147164395599625,0,1
456,0.0472918836749159,1.4762534012103,1,1,-0.427408598580344,1,0
457,1.18921040319243,1.30434222124044,1,1,0.708693128337216,1,1
458,0.588017395697534,2.41207656536894,2,0,0.714828819998114,0,1
459,0.016524592647329,0.465805847690268,2,1,0.276713862128834,1,1
460,0.0281700666528195,0.391455727389474,1,1,-0.936375794632524,1,0
461,1.29059359058738,2.6993592746553,2,0,-0.461038361479278,0,0
462,1.47355191214922,2.48560261641069,1,0,0.818232333345237,0,1
463,0.168523440370336,2.50341402566988,2,1,-1.15367802889687,1,0
464,0.382117554295376,0.737007784571485,1,1,0.492825007660871,1,1
465,0.132697774494986,2.43930191732943,0,1,-0.463300341323801,1,0
466,0.0279971002746964,0.0309302713042555,1,1,-0.518706488041062,1,0
467,0.403306095395237,1.37436212290576,2,1,-0.694825013049943,1,0
468,0.677161713130772,2.60971568179533,0,0,-0.271819248579605,0,0
469,0.147705184685194,0.662818261017075,2,1,1.00542119953456,1,1
470,0.683115506518454,0.919763126825411,0,1,-0.171071761204377,1,0
471,1.70240037950261,2.50265922397375,0,1,1.40978542954899,1,1
472,0.229740825016052,0.242876693290202,2,1,0.438378192707095,1,1
473,0.0688620455067805,0.279441494140095,2,0,0.282560815646017,0,1
474,1.04432209793459,6,0,0,-1.23966509597925,0,0
475,2.02943519212979,2.26330713930454,1,1,-1.33162677350835,1,0
476,0.448712581975207,2.71358620794019,2,1,-0.0315394027960777,1,0
477,0.0568291516974568,1.02290356986685,1,0,-0.526854820218716,0,0
478,0.0207191816298291,0.0593817251911624,2,1,-0.00431221719108645,1,0
479,0.660484490773462,2.55567607656649,0,1,-0.0930519621596885,1,0
480,0.668516015854185,0.767569815755026,2,0,1.1574234373586,0,1
481,0.0617535132914782,0.294387356067697,0,1,0.0791817754687965,1,1
482,0.373294292658102,1.81079111051055,2,1,0.107138030252502,1,1
483,0.200353808759246,0.967983772595947,1,1,-1.46951270512514,1,0
484,0.409684794954956,2.71001966742905,1,0,0.0662681722733424,0,1
485,0.120845083147287,0.608821542890057,1,0,0.179224282089526,0,1
486,0.0181530218105763,0.540062969958835,1,1,0.18407117812623,1,1
487,0.396627517417073,0.767653320745759,0,0,1.11833540605702,0,1
488,0.463852459180973,1.97235863158172,1,1,-0.992704817526507,1,0
489,0.855173550636329,1.3397944922862,1,1,-1.45877145881054,1,0
490,0.785344962520343,3.65455042748687,1,1,-0.820404080917214,1,0
491,0.310071815620176,0.350932764369163,2,1,0.456198053533148,1,1
492,0.2546588063298,0.694061458912141,1,1,0.0159826565726602,1,1
493,0.0885647139512002,0.79078318404012,0,1,-0.458816523402923,1,0
494,0.0421463228642904,0.046796320585349,1,1,1.1666830134708,1,1
495,0.939469467848539,2.42379787445385,2,0,0.122712931477582,0,1
496,0.235630916431546,0.467525162254587,1,0,0.548883186630284,0,1
497,0.698546888887026,1.05239703643109,1,0,-2.10145620147355,0,0
498,0.839459844005312,1.38742672316833,1,0,1.63872946889028,0,1
499,0.536602964684095,1.52488419091643,1,1,0.403342716842574,1,1
500,0.574015339836478,0.984286898370804,1,0,-0.16655359649318,0,0
501,0.140533969388343,1.47496235334361,2,1,0.886926699781903,1,1
502,0.296452853071969,0.730830661381062,1,1,-1.13937796245185,1,0
503,0.0554510639631189,0.251032674164263,1,1,-1.16756619903059,1,0
504,1.27378687212497,3.66810645037098,1,1,1.76946932087609,1,1
505,0.585809367908534,1.13665691840125,2,0,-0.029496807443063,0,0
506,0.633055090994395,1.35745577838642,2,1,3.09134915637806,1,1
507,0.244614264758248,0.305051772863367,1,1,0.53111191221656,1,1
508,0.209076206199825,1.84836620488582,1,0,-2.30120704512549,0,0
509,0.951485364144488,1.5576327778399,0,1,-0.723120768760214,1,0
510,1.48445737353506,2.12693730075937,2,0,-0.527384985341518,0,0
511,1.22266457974911,2.20253221673165,0,0,-0.267602512266773,0,0
512,0.679231131449342,3.43982756269266,2,0,0.95490363642428,0,1
513,0.0277590462819859,0.115417185506673,2,1,1.59053981060787,1,1
514,0.282283749547787,2.07516601691308,2,1,0.139959317674799,1,1
515,0.275201347831171,2.64526350367423,2,1,-0.566851148021439,1,0
516,0.195545180664177,0.280944202834758,2,1,0.24628473438663,1,1
517,1.60940152092866,1.87368062268785,2,1,-0.385660255954456,1,0
518,0.497487172225312,1.95165979675949,0,1,-1.44958548971475,1,0
519,0.617479389533401,1.02397962702154,1,0,-0.159971570385583,0,0
520,0.176840231616151,0.59268592122649,1,0,0.465024958178667,0,1
521,0.416300421056803,0.567220468642737,1,1,-1.37586496444621,1,0
522,0.711737900972366,6,0,0,0.122638372743298,0,1
523,0.0574422981590033,0.409903652742039,2,0,1.42755473994091,0,1
524,0.555578922852874,1.39380717371784,2,0,0.862844158603895,0,1
525,0.305294574063737,0.520457414773638,2,1,1.20989611348062,1,1
526,0.269216563552618,2.96090437409778,0,0,0.283312757660211,0,1
527,0.225368683226407,1.62835389375687,0,0,-0.983957298689137,0,0
528,0.0864322017018844,1.10644859759214,1,1,1.60467786433929,1,1
529,0.00405028680682829,0.548317490847148,1,1,0.344626037728478,1,1
530,1.28586580505931,1.35638411502445,1,1,0.240425172377354,1,1
531,0.223131769625993,2.18143036628208,2,0,0.778976233610219,0,1
532,0.00780844787894216,0.156494413098864,2,1,0.108746025562959,1,1
533,0.256390116119292,1.83928640559316,0,1,0.916930598915956,1,1
534,0.040644672117196,1.4913416843494,1,1,-1.04187434125796,1,0
535,0.654573916457593,0.932815158196174,1,0,-0.344229296596151,0,0
536,1.68335997677388,2.11013189458696,1,0,-0.962514530487138,0,0
537,2.04624448442616,4.28536113192702,2,0,-1.19052161861052,0,0
538,0.170323906466365,0.423865212123847,1,0,0.0209278494233943,0,1
539,0.692823513410985,3.49039352700419,2,0,1.33672533921984,0,1
540,0.352509369303272,0.695010823598058,1,1,-0.054634791755407,1,0
541,0.487836719121058,1.14110677503049,0,1,0.536267846670806,1,1
542,0.0207038762164302,0.46062536302568,1,1,-0.487923228454587,1,0
543,0.271182901342399,3.75130548720894,1,1,-0.112476148382551,1,0
544,0.295991463082521,0.862094666832091,1,0,1.22996661658822,0,1
545,1.34845302905887,3.7332424045185,1,0,1.12476831102991,0,1
546,0.403887961001601,0.599120159587427,1,1,-0.348861303573422,1,0
547,0.106423696852289,1.54548282073265,1,1,-0.182487637644032,1,0
548,0.350104001699947,0.685230175509017,2,1,0.38604910857572,1,1
549,0.388829866772919,1.00943854951753,2,0,-0.108320787638195,0,0
550,0.00492232665419579,0.0271668468219609,1,0,0.118587205231113,0,1
551,0.493421148249701,0.706357872598351,1,1,-0.560694654326594,1,0
552,0.55394972427708,1.7070314545194,1,1,1.18636670940638,1,1
553,0.456555614247918,2.27396962740164,1,0,-0.382786677210832,0,0
554,0.941313304973382,4.4250894689274,2,0,0.460790609087581,0,1
555,0.124570313491859,0.234784485994116,1,1,-0.100527315528308,1,0
556,0.269752371241339,1.76332013486713,1,1,0.915685770998812,1,1
557,1.31495169472455,1.83565644547343,0,1,-0.942547960641492,1,0
558,0.355263662825733,1.07655131283656,1,0,1.28901284600768,0,1
559,1.14067231066862,1.86189943776021,1,1,0.484721795311201,1,1
560,0.76060203361764,1.40853351428562,1,0,-0.693427290312643,0,0
561,0.651500549167395,0.889155579642507,1,0,0.255231440399116,0,1
562,0.261094922607299,2.90122123745581,0,1,1.0860984278134,1,1
563,0.119184566719923,3.94112050440647,2,1,-1.7533252045881,1,0
564,0.0214752362808213,0.22762820247233,1,1,-1.23737207145574,1,0
565,0.279599519271869,0.319728460162878,0,1,-0.0594950268752142,1,0
566,0.838314011186496,1.27325014984024,1,0,-0.964804043161873,0,0
567,0.384099030867219,4.18096390519013,2,0,-0.32817794520809,0,0
568,0.319308684265707,0.688377685868992,1,1,-0.501108181973988,1,0
569,0.792120545171201,1.16534941177384,1,0,0.259282553439258,0,1
570,0.116693986346945,0.459689542769974,2,1,1.34640793422533,1,1
571,1.50640202864053,2.90421987570183,1,0,0.546947688949081,0,1
572,0.116687853163303,0.988907429500423,0,0,0.0131733248041509,0,1
573,0.284128105267882,0.957569097478561,2,1,1.42726448096808,1,1
574,0.18800219608238,1.75431873026156,1,1,0.0946475859403656,1,1
575,1.21988454013468,1.36305301577738,1,1,0.203562589554171,1,1
576,0.434407758849494,1.29877943583241,1,1,0.0779207502463749,1,1
577,0.969985368546884,1.76135604407819,1,1,0.869809472936834,1,1
578,0.229411129839718,0.904773992175857,0,1,-1.21597558046167,1,0
579,0.0286673991779262,0.700691327382644,1,1,1.1820530996373,1,1
580,1.16457984195428,1.2599449672753,2,1,1.80945334334826,1,1
581,0.00144605815876275,0.289105179489376,2,1,1.20707662143088,1,1
582,0.493638651272066,1.05018922438224,0,0,-0.67943641043735,0,0
583,0.537623909741461,0.615865696440062,2,1,1.0881092522502,1,1
584,1.03939296597002,1.41523141367068,1,1,0.927079370776274,1,1
585,0.108387431828305,0.775012316186855,2,1,0.403218986819486,1,1
586,0.361570336372056,3.08083405436939,2,0,1.0933771861268,0,1
587,0.0309004653718395,1.29029414393385,2,1,0.70160587430254,1,1
588,0.172843988053501,1.14244488341632,2,0,-0.111085744203296,0,0
589,0.908792647480607,1.18051631234879,1,1,1.0630451649053,1,1
590,0.150397307006642,0.305448858617755,1,1,0.24585708655358,1,1
591,0.43476121686399,0.743682217360607,2,0,-0.068760491856903,0,0
592,0.0243271523343516,0.525757149414652,1,1,-0.817185125460685,1,0
593,0.0344140394008718,2.69420825561043,1,1,-0.320806628319797,1,0
594,0.294319586246274,0.683255400336339,1,1,1.02395896111417,1,1
595,0.136362628254574,0.431369140588881,1,1,-0.0849614287459328,1,0
596,3.24572780092365,6,0,0,0.00261370104231377,0,1
597,0.223152259725067,0.982959610936378,2,1,0.04970304900327,1,1
598,0.00746356043964624,1.14272381828304,1,0,0.701594600397027,0,1
599,0.644637544639409,0.899151014072802,1,0,1.93401836949794,0,1
600,0.183440267940318,0.367876428540495,2,0,-1.03982509478134,0,0
601,0.223323152368549,0.427932666571127,1,1,0.00271331613422383,1,1
602,0.0762100276080265,0.659337493945692,1,1,-0.291710573957884,1,0
603,0.155793547135275,0.171931697248141,1,1,-1.55341983157411,1,0
604,0.776282519774333,1.09648388520982,0,1,1.35462979695215,1,1
605,0.282224423677524,0.925979605424398,1,0,-0.144118702657563,0,0
606,0.313198583200574,0.963971894234419,0,0,-1.3072827901205,0,0
607,0.061118360056294,0.509899615532676,2,1,-1.01282082452168,1,0
608,1.15157546661794,1.23942828928296,1,0,0.634182350047088,0,1
609,0.855070437304676,1.22972043339745,2,0,0.953364081825999,0,1
610,0.0247211376902955,0.825107097644936,1,1,-0.738388696030473,1,0
611,0.486271211739801,2.73478375437359,0,0,0.649482099841653,0,1
612,0.178567985072732,2.41342047688612,2,0,0.391796361866703,0,1
613,0.9916121182477,2.30922589256916,2,0,-0.0222349859415215,0,0
614,0.925300834087358,1.58230824645557,1,0,0.635221734456754,0,1
615,0.263048493943643,1.6758537830883,1,1,1.15548442371552,1,1
616,0.235939962731209,0.32083699739931,2,1,1.20530343129114,1,1
617,0.431577104685404,1.58622296634467,2,0,1.25309991411662,0,1
618,0.00134865695144981,0.391011234993736,0,1,-0.548660049174879,1,0
619,0.302113940939307,0.61709124715934,2,0,1.66726119873221,0,1
620,3.31304087097739,3.96613357976206,2,0,0.128218864129876,0,1
621,0.383358248800505,1.1341449805061,0,1,0.479106379524913,1,1
622,0.333576763805468,1.24999265995224,1,1,1.62487365999109,1,1
623,0.275351980526466,0.406800774594106,2,1,0.0826412988708006,1,1
624,0.238649398729797,1.46224521220537,1,0,-0.564018661815461,0,0
625,0.191935819413056,0.611017071131769,1,1,-0.814080775671732,1,0
626,0.144145725062117,0.422203340263147,1,1,-0.485817256564466,1,0
627,0.547165830619633,0.801662693859923,1,0,-1.15071104088146,0,0
628,0.0954650221392512,1.47051916030271,2,0,-0.387323663673113,0,0
629,0.155349797729709,0.295173255917682,1,1,0.131638259417329,1,1
630,0.54562041009479,2.71861740584418,2,1,0.47940043303504,1,1
631,0.526332595592186,0.924712159806592,1,1,-0.769713427084862,1,0
632,0.485503408577084,1.3856868128667,1,1,0.401516399536443,1,1
633,0.128250962588936,0.56039612691156,1,1,-0.976755251063242,1,0
634,0.701523491853669,0.98983529496208,1,1,0.574286437219447,1,1
635,0.383210440049879,0.514749608083255,1,1,-0.561502177222181,1,0
636,0.187236941419542,2.25262431189537,1,0,-0.0944433557529906,0,0
637,0.902211407806538,2.13589572469369,1,1,-0.531337363149294,1,0
638,1.12466116715223,1.31027461420218,2,0,-0.0481868562042684,0,0
639,0.692906425334513,0.848182111064956,2,0,-0.616415451000901,0,0
640,0.644917079184234,1.33705333724531,2,1,1.48142358993339,1,1
641,0.545787939007285,0.821325859675805,0,1,0.604441350168716,1,1
642,0.283873898733873,1.16870109507022,2,1,0.118826572908717,1,1
643,0.277301324741696,0.663932888463163,1,1,-0.970266765956093,1,0
644,0.0458094480563886,1.27077733176344,1,1,-0.0669171552086192,1,0
645,0.024839087203748,2.32543808408082,0,0,-0.554700937537936,0,0
646,0.183639127935749,0.442654594254468,1,1,-0.408352100480226,1,0
647,0.306424877344919,1.70225329397821,1,1,0.877940257242681,1,1
648,0.803597604855895,2.78203955535992,2,0,0.916164167542526,0,1
649,0.291025657583354,1.46940836003724,2,1,0.534099071435994,1,1
650,0.23709652130492,0.253310158736946,2,1,0.544533880879136,1,1
651,0.441745187812162,0.921331354392427,2,1,0.554978294728486,1,1
652,0.0224288488206473,0.141229306888159,2,1,1.3035806917934,1,1
653,0.0614318374487322,0.509686116684299,1,1,1.00227715984493,1,1
654,0.289292040106375,2.11983533333672,1,1,-0.86155084148468,1,0
655,0.360943853277831,0.737145179026625,0,1,-0.652748214859384,1,0
656,0.54096508194021,1.77055997295377,1,1,0.514840095454832,1,1
657,0.339946605381556,0.991115511084596,0,1,-0.594613474968572,1,0
658,0.0271029336031997,1.57083400737117,1,1,0.788875053889888,1,1
659,1.0224826237593,1.64696287260827,0,1,-0.983036197116662,1,0
660,0.845143375918269,1.89850055526175,2,0,-0.185487510188629,0,0
661,0.0322065586806275,0.765653680325974,1,1,-0.953432496946683,1,0
662,0.00256963860010728,0.384416741455063,1,1,0.147166028933676,1,1
663,0.372210227255952,1.92444556145932,2,0,0.988308898742102,0,1
664,0.0597657650359906,0.594195750915214,0,1,-0.836218263432566,1,0
665,0.00869718815114261,0.161019064715879,1,1,0.442296675166647,1,1
666,1.26481789275409,4.21916050606931,2,1,-0.560046936771257,1,0
667,0.199599790394181,0.441868075114779,1,1,-1.38878841277152,1,0
668,0.515114991925657,0.936290151180402,2,0,-0.109272826498411,0,0
669,0.258533141750377,2.88320054623432,2,1,0.99453398926457,1,1
670,0.37117593921721,0.47015951837302,1,1,-0.833038225140064,1,0
671,0.557953058255697,1.14907216040101,2,0,-0.713736290824943,0,0
672,0.141637042995243,0.893725799396634,0,0,-0.0668812170747069,0,0
673,0.256868358701468,1.14873021917046,2,0,0.355395181327573,0,1
674,0.574623754248023,2.18820694972429,0,0,-1.2605663496706,0,0
675,0.149902650964232,1.04790815696985,2,1,0.936376506880725,1,1
676,0.0638493048027158,2.03537619212702,1,0,-1.60190567755415,0,0
677,0.0323335983557627,0.893314344901336,1,1,0.173173983661101,1,1
678,0.644765000298441,2.02381915455578,1,1,-1.28621325863916,1,0
679,0.302438387880102,1.2589166444112,2,1,-0.84595707453622,1,0
680,0.201881557295565,1.75611196254235,2,1,-0.103275531079651,1,0
681,0.22616333141923,0.881463766568848,1,0,-0.24040470986237,0,0
682,0.260517154090819,0.751915857548225,1,1,-2.27313876768887,1,0
683,0.000779741094447672,0.263611915808507,1,1,0.128939936257555,1,1
684,1.23664640728384,2.14283357995252,0,0,-0.586023054985183,0,0
685,0.779269011664957,0.7826945889114,1,1,0.271304514165334,1,1
686,0.254827941244002,0.857909078889089,2,1,1.87641180018056,1,1
687,0.17268156458158,0.609924470766552,1,1,0.681124812949725,1,1
688,0.00582537480519947,1.00369590488079,1,1,1.07262471610424,1,1
689,0.909747056663036,0.929548447597597,1,0,0.849907903784595,0,1
690,0.0633665332570672,1.25230792193932,2,0,0.942239104761498,0,1
691,0.109866127604619,0.978414051781073,2,1,0.928142450758647,1,1
692,0.953615681268275,1.16662193458295,1,0,-0.0178105727596232,0,0
693,0.47858978689331,2.64712180939477,1,0,-0.699245477749315,0,0
694,0.621117566464042,0.839179467360865,2,1,-0.851976391826557,1,0
695,1.31428535748273,4.20708112548798,2,0,-0.388696047379568,0,0
696,0.0323035968068981,0.151076470434025,1,0,-1.36114009483275,0,0
697,0.0218005120404996,0.50360514295507,1,1,-0.221473893403647,1,0
698,0.396657270030119,0.454746207620188,1,1,-0.510051996863868,1,0
699,0.392104102298617,1.04405078401059,2,0,0.643640727363809,0,1
700,0.188240463845432,1.60099217960261,1,0,0.421351129107741,0,1
701,0.016677342663721,0.167874030318076,1,1,-0.860471484642577,1,0
702,0.934811581857502,3.53743373630532,2,0,-0.363622042678534,0,0
703,0.625457378104329,0.691252989022759,1,0,-0.664668343658905,0,0
704,0.480321753021891,0.730356672913161,1,1,0.424022209375502,1,1
705,0.176256215729796,1.50821211326964,2,0,0.419109473760166,0,1
706,0.926645478233695,1.92097242281349,0,0,-0.766727553788187,0,0
707,0.0758371326663741,1.79578047064215,1,0,-0.204013568899629,0,0
708,0.369205661991145,1.17061219437296,1,1,-0.528680349536144,1,0
709,0.12277028436074,0.450641275560794,2,1,0.279668441425954,1,1
710,0.698212445650041,1.25739187693694,2,0,-0.250393410181177,0,0
711,0.0421450396446196,0.719968655987695,2,1,2.15036939084921,1,1
712,0.210448492434807,0.72800697122752,1,1,0.166886320245438,1,1
713,0.494109123220489,1.47904080701449,0,1,-1.06291090189871,1,0
714,0.0750963799655437,0.509855869797934,1,0,0.324987401900233,0,1
715,0.164920043607708,0.373245356115997,1,1,-0.83089010003984,1,0
716,0.191370930988342,1.56701003218222,2,1,0.545696301498886,1,1
717,0.419324018293992,3.19301604658806,1,1,0.964710801507548,1,1
718,2.32586176498773,3.19745872581074,1,0,-0.729463407591219,0,0
719,0.339513736253139,0.536988712270747,2,1,0.213327806919359,1,1
720,0.129948293033522,0.775624861781822,2,1,0.748484164443623,1,1
721,0.512613819390958,0.665345028459097,2,1,0.141579201345411,1,1
722,0.470581541859366,2.242380178463,2,1,-0.247214959456719,1,0
723,0.501691862940788,0.978256673744432,2,0,1.51404422738394,0,1
724,1.23723479360342,2.81987078807752,0,0,0.876632093030979,0,1
725,0.433376916308709,0.687464839559057,1,1,-1.9307616236151,1,0
726,0.360960884718224,1.69381726577483,1,1,-0.703556650363482,1,0
727,0.682836876165634,1.05137420165091,1,0,-1.20442626857578,0,0
728,0.0277191549539566,0.356234624708731,1,0,-0.799347093238515,0,0
729,1.79644387579503,3.81139522107939,0,0,-0.0682310517597151,0,0
730,0.238251662099723,1.26261061587442,1,1,0.91974255734371,1,1
731,1.10796264134684,1.52849792266361,1,1,0.908319290819404,1,1
732,0.141838363197166,0.781963976229556,1,1,0.505975507228079,1,1
733,0.0320808358433355,4.45793412316041,2,0,0.519253245373041,0,1
734,1.19988249842414,2.09536433773059,1,1,1.29823044527945,1,1
735,0.291063970944379,1.51428434394396,1,1,1.20376361731594,1,1
736,0.967454344447345,1.73543470888789,1,1,-0.198948652131261,1,0
737,0.735870868898928,1.9258409481303,2,0,0.797176436208135,0,1
738,0.258243788928832,0.353084808467166,1,1,-1.17662693080499,1,0
739,0.414718730316963,0.965611827860265,1,1,-1.08258384434074,1,0
740,1.19107200550128,2.01863191303844,2,0,0.746260086784266,0,1
741,0.693343245048829,1.96242669889176,1,1,0.82452651507068,1,1
742,0.214739677030593,1.39545589399169,2,1,0.782193061576604,1,1
743,1.52702234677019,1.9112679852687,2,0,0.070315186617694,0,1
744,0.348280355334282,0.398159137940623,2,0,0.689400843663224,0,1
745,0.32084268747458,0.872910560964798,1,0,-1.15172431557398,0,0
746,0.0926199881359935,5.74149503398356,2,0,-0.55721362359454,0,0
747,0.87101742811501,0.96311389258177,1,0,-0.237302156007203,0,0
748,0.0670520787666211,0.927367116693851,1,1,-0.953053083141014,1,0
749,1.04227719424942,1.60155304724955,2,0,0.585242528846774,0,1
750,0.107243070960976,0.741090623739427,2,1,-0.392343668089297,1,0
751,0.766430636259549,1.12907307843367,0,1,-0.874916871371234,1,0
752,0.37738617596915,1.89349097592086,1,1,0.758486938147481,1,1
753,0.23719685850665,1.69290042692033,2,1,0.452579380876223,1,1
754,1.01899905223399,5.25636476966146,2,0,-0.0766640866948181,0,0
755,2.19036772838774,2.83703359349976,2,0,-0.995983841420384,0,0
756,0.964979166112483,2.91084122846852,2,1,0.370135701026628,1,1
757,0.277851759456098,1.83098470066737,1,0,1.20885612719213,0,1
758,0.102290570735931,0.611849926802371,2,0,2.93266621125742,0,1
759,0.6859132816054,2.13584052555891,1,1,-0.732090603064362,1,0
760,0.361267653293908,0.649131446986416,2,0,-0.191122516495734,0,0
761,0.578293647975808,1.41566068244477,0,0,-1.30604120143595,0,0
762,0.191674842368246,0.576966302968641,1,1,0.694476009812155,1,1
763,0.291932495310903,1.0440642768412,1,1,-1.00315740149586,1,0
764,0.335702164156828,1.74888108953445,2,1,-0.321827464037141,1,0
765,0.485386503834099,2.99435533583164,0,1,0.128645420619211,1,1
766,0.0384136497101051,1.60608268945347,1,0,-0.974294250483218,0,0
767,0.177892936335411,0.3957985527167,2,1,-0.76838002833507,1,0
768,0.579094337994963,1.42005311366053,1,0,-0.269616099404131,0,0
769,0.20592131499418,0.32698680474613,0,1,-0.976177094418959,1,0
770,0.127855393062087,0.251964361396632,2,1,0.835528918362579,1,1
771,0.21819778872107,0.659217789055861,2,1,0.130179066934906,1,1
772,0.0256461131326357,1.58989617809194,1,1,0.346150626969167,1,1
773,0.376452824330474,0.826195886839718,1,1,-0.705175978757463,1,0
774,0.461675225933437,0.788465760027369,0,0,0.521208275638978,0,1
775,0.0733027598971214,1.22003120219257,2,1,-0.960642506798458,1,0
776,0.0100245929206721,0.542743137222344,1,1,1.25081444356189,1,1
777,0.147097483420247,3.54280072574814,0,0,0.29113797027999,0,1
778,0.863677353455506,1.81742940408488,0,1,1.51068431900597,1,1
779,0.580662497390438,2.90401746126467,2,0,1.3230926180471,0,1
780,0.983719058334827,2.02904897034476,2,0,0.684283680146302,0,1
781,0.147765294241253,0.559674152725124,1,1,0.3576099974583,1,1
782,0.46718237115669,1.55378467795283,1,1,0.243142251585902,1,1
783,1.94715263839331,3.70377303101122,0,0,0.370527225994209,0,1
784,0.110223289472681,0.585893271743289,1,1,-0.762935064274221,1,0
785,0.29775117727695,1.64632762046134,1,1,-0.263012642040151,1,0
786,0.493607206681107,3.0512133065497,1,1,0.564859760025014,1,1
787,0.242493469559122,0.373021230088364,1,1,-1.31344892674967,1,0
788,0.470942244028916,0.791554814880022,2,1,0.740702798683049,1,1
789,0.0164256172138266,0.190095322969589,1,1,-0.829429675496272,1,0
790,0.311205431353301,0.541798924148788,1,1,-0.808024670855703,1,0
791,0.00947134654955343,2.24672822799622,2,0,-0.479005665298566,0,0
792,0.14676886905883,0.153036220012277,2,1,-0.188139579746351,1,0
793,1.17186244949698,2.39690612646125,1,0,-0.886976994654054,0,0
794,0.637343519457437,0.987794034501381,1,1,0.38240574348419,1,1
795,0.0474389811279252,0.0831522992501037,2,1,0.715250696555279,1,1
796,0.778567138450973,3.3890272944361,2,1,-0.243748171957154,1,0
797,0.278919953852892,2.18026850730315,1,1,-0.706684041922067,1,0
798,0.484833006689474,0.969962278421696,1,1,0.00455258053890235,1,1
799,0.58353360565082,1.58358322382357,2,1,-0.74475073932738,1,0
800,0.625577879477895,1.48708439390688,1,1,0.44125578070514,1,1
801,0.0709714277426004,0.390849337172302,2,1,0.902423402148671,1,1
802,0.285463868931402,0.593982421793731,2,1,1.06255330194519,1,1
803,1.32694372069091,2.58801315290233,0,0,-0.0318399821263625,0,0
804,0.0243172186310403,0.253538839944705,2,1,1.13908280592396,1,1
805,2.27143568350914,4.37621840177214,2,0,-0.0481405784878342,0,0
806,0.667386788797634,1.65279737554426,1,1,0.431354725598382,1,1
807,0.3397119382862,0.68591442539523,1,1,-0.850833393433916,1,0
808,0.205234020238781,0.947004712557011,1,1,-1.26207226008276,1,0
809,0.149916754744481,0.355092669295478,2,1,1.18350019036003,1,1
810,0.197433251706358,0.266005341332788,2,1,1.08675760817198,1,1
811,0.192633728147484,0.416049598964271,2,1,0.645789142720712,1,1
812,1.02442850120702,1.06609905789235,1,1,0.733630212718239,1,1
813,0.396892478165682,0.433758805334951,1,1,-0.657725565592799,1,0
814,1.37564995512366,1.9718161628892,0,0,1.40243243196196,0,1
815,1.64506698083207,1.72588608301976,0,0,-2.58486091021735,0,0
816,0.162206905079074,0.182592222505184,1,1,-2.17506105046955,1,0
817,0.0450009758453079,0.844267223413529,1,1,-0.639524021112781,1,0
818,0.0664072961080819,0.546720093116164,0,1,0.209014293678796,1,1
819,0.188000993803144,0.866953457374547,2,0,1.58638563316605,0,1
820,0.0623637770963032,0.187067690708356,0,1,-1.79943912167459,1,0
821,0.847518754191697,6,0,0,-0.0587209213358702,0,0
822,1.26255221106112,3.17153452853763,2,0,-0.549712510026523,0,0
823,0.28236806858331,0.671368869478915,1,0,0.312550895316656,0,1
824,0.0327842614022847,0.897057429709219,2,1,1.37227890071575,1,1
825,0.030781941748206,1.40374937496489,2,1,0.931960623022691,1,1
826,0.0461249594809487,0.0575013452492138,1,1,0.719895570428219,1,1
827,1.96404414429309,5.83277893878211,2,0,-0.694085186480257,0,0
828,0.412010715102134,1.28045694543378,2,0,-0.0808246734963071,0,0
829,0.518109940645694,2.53429494487743,0,0,-0.441377617664881,0,0
830,0.325306979939342,1.36057098604953,1,1,-0.974487064370648,1,0
831,0.108526475378312,0.517032923642542,1,1,0.0845474523157339,1,1
832,0.412954499013722,1.51116458208557,2,0,0.881287196554743,0,1
833,0.0208791164914146,0.197207608647042,1,1,0.172762339669742,1,1
834,0.527574208789316,0.530659160428795,2,1,0.517171277853897,1,1
835,0.688480380922556,2.29019402717814,2,0,0.983511141728018,0,1
836,0.221863884944469,2.33846297372918,1,1,-0.275446899935359,1,0
837,0.627197702435085,1.49716043270804,1,1,-0.513806130187771,1,0
838,0.816794881803736,0.893657835414011,2,1,-0.0586326590450231,1,0
839,0.186039665833932,1.27570464725369,1,0,-0.688588441763017,0,0
840,0.477122307755053,0.856954008104993,2,0,0.671835378086805,0,1
841,0.428005088120699,1.55506563993792,0,0,0.333940241992752,0,1
842,0.377799342677463,0.444667879127012,1,1,-0.672724911103362,1,0
843,0.475426824257892,0.607146025081501,0,0,-1.82234302963217,0,0
844,0.123620255850255,0.162515619766131,2,0,0.538987740166475,0,1
845,0.218100932345296,1.1494941387422,1,0,-1.04823855926036,0,0
846,0.501569711062887,1.38491311306358,1,0,-1.22119460635236,0,0
847,0.0439711129804432,2.11117629531252,1,1,-0.510337069866052,1,0
848,0.593636673992634,2.64771993549978,1,0,-2.0301099743099,0,0
849,0.64020908900705,1.79623745798756,1,1,0.535503301383062,1,1
850,0.0422057099058293,0.695712225390795,2,1,0.452783136619136,1,1
851,0.75011426863753,1.69199585919669,1,0,0.462707414210629,0,1
852,0.689889078896507,0.740339547471317,1,1,-0.462335228814693,1,0
853,2.9914964588706,3.20768791104311,2,0,0.337903142777272,0,1
854,1.62229892230573,1.63179992453383,0,0,-0.315845660706694,0,0
855,0.14113446790725,4.27268662077192,1,0,0.220427276545706,0,1
856,0.0349082987087731,2.17623345687823,1,1,-0.890572793284423,1,0
857,0.420880981720984,1.53853573298784,2,0,-0.412740377976976,0,0
858,0.416130866506137,0.425506873624706,1,1,-0.749768188320362,1,0
859,0.302188935689628,0.81490701811208,1,0,1.73266546539217,0,1
860,0.0232449402194117,0.896773462881665,2,1,1.27021718388511,1,1
861,0.0083255406934768,0.498149635223579,1,1,0.315705895472921,1,1
862,0.544937424096022,1.29528215284725,1,1,-0.253410833363243,1,0
863,0.924208097159863,1.05833707536493,0,0,-0.203911329951794,0,0
864,0.514142967760563,4.04998117436965,0,0,0.533109991614444,0,1
865,0.541615174642344,0.848231604472004,1,0,0.00169603999094301,0,1
866,1.28138310462236,3.10432421664397,0,0,0.110848552466082,0,1
867,0.101661964145023,0.401268242413896,2,1,-0.808017556036784,1,0
868,1.51920537828448,3.32381218862418,0,0,-0.0814405207802336,0,0
869,0.272267797783347,1.10551840905738,2,0,-0.132535465270599,0,0
870,0.339720286214773,1.62997993849203,1,0,-0.922698327657401,0,0
871,0.0825139920925722,0.455570986258089,0,1,0.453484994839423,1,1
872,0.0566101354003997,0.571638524750502,2,1,2.13619304631203,1,1
873,0.293567861081101,0.90671891036133,0,1,-1.00893882300806,1,0
874,0.0768855537171476,0.70087498773922,2,1,1.03286519860906,1,1
875,0.851710542105138,6,0,0,-0.693488876828304,0,0
876,0.119060550932772,0.462846298161889,1,1,-1.37234878310689,1,0
877,0.0157332252711058,0.443567254282536,1,0,-0.0804886631902041,0,0
878,0.150938398204744,0.187440859938211,2,0,1.90818334511167,0,1
879,0.686880874537684,0.848072155871963,1,1,0.569469225464842,1,1
880,0.164288329251576,0.297556253553132,2,1,1.19697010139836,1,1
881,0.523119231194079,0.69132432956042,2,1,0.207806261745152,1,1
882,0.924200010485947,1.55772328506634,1,0,-1.05405441940218,0,0
883,0.989632388757184,1.93075616459575,0,1,-0.0361614574701157,1,0
884,0.460436844266951,0.525776854700015,2,0,1.05738824509597,0,1
885,0.200152286362706,3.27023204090368,2,0,-1.1532169383659,0,0
886,0.298143961699679,0.98239239648759,1,1,0.22541002788491,1,1
887,0.0678403019465827,1.32597043809645,2,1,-0.103992687003217,1,0
888,0.078440366985356,1.5943601552948,2,1,0.745329401150075,1,1
889,0.224293985229451,2.60439439290498,2,1,-0.7104580173825,1,0
890,0.303601453779265,2.44958146724464,1,1,0.678857597831859,1,1
891,0.204405988624785,0.993284122651891,2,1,-0.18947977618287,1,0
892,0.497009968859175,0.532990723501661,1,1,1.41923643406966,1,1
893,0.0771571334917098,6,0,1,0.656566947193697,1,1
894,0.641590748913586,0.737093466766012,2,0,-0.610186533950301,0,0
895,0.795681263320148,1.63397610048179,0,0,1.1691634969335,0,1
896,0.685816160403192,0.729924305802083,2,0,1.84444788253543,0,1
897,0.0244264242334734,0.30436638422198,1,1,-2.70083286376268,1,0
898,0.22558709844397,0.441853354739251,2,1,2.36502280100198,1,1
899,0.619619068430558,0.627416445112444,1,1,-1.07361217954763,1,0
900,0.0565666118612673,3.96088951888184,0,0,-0.804154799158193,0,0
901,0.0117469846302685,0.698376823388481,2,0,0.383642290799293,0,1
902,0.0940346406423487,1.25068936119182,1,1,-1.70665390467112,1,0
903,0.602716373002279,2.75196117395522,2,1,1.40078540062687,1,1
904,0.0144345563603565,0.860478115019682,1,1,-0.342396647984304,1,0
905,0.245194726157933,6,0,1,-0.570796767388578,1,0
906,0.362476913724095,2.8707488645252,2,1,0.110398889495234,1,1
907,0.577690665049676,0.579989028035677,1,0,-1.36540780864306,0,0
908,0.37454012024682,0.971230102980459,1,1,2.16846489477673,1,1
909,0.688779152928381,1.17197124119724,2,0,-0.340639341206644,0,0
910,0.289801070757676,0.310024220935879,0,1,0.299019744620206,1,1
911,1.39030023120849,3.34864349802488,2,1,-0.136303938709522,1,0
912,0.276055656722747,0.618315230471604,1,1,0.503943099988185,1,1
913,0.133281475537615,0.89956949964047,1,1,-0.00872155096504366,1,0
914,0.290921191917732,2.29518012262978,2,1,-0.709827651404052,1,0
915,2.79754723964219,3.348967570811,1,0,-0.801472976196024,0,0
916,0.000751421030145139,0.521005328796351,1,1,-1.30861104930368,1,0
917,1.15624717436731,1.22166682966053,0,0,-1.31275064906017,0,0
918,0.060791225200154,1.17800889851316,2,0,-0.266353778336586,0,0
919,2.02623964651468,6,0,0,-0.169867761417847,0,0
920,0.90798304110564,0.969439312521845,2,1,0.220853233019968,1,1
921,0.567948977098741,3.77837297021753,2,0,-1.16592793190771,0,0
922,1.02496305768727,3.28100183148405,2,1,0.0361226477617489,1,1
923,0.274898662464693,1.18134555680491,1,1,0.0261013506726845,1,1
924,0.113709832075983,0.380823985787148,0,1,0.723788797310781,1,1
925,0.308138767062009,6,0,0,0.908908627184085,0,1
926,0.0363204040331766,2.1144640272302,1,1,0.620646811338048,1,1
927,0.0280175941663394,1.17100232933837,1,1,1.18913099277704,1,1
928,1.17486928962171,1.80223624813752,2,0,0.144728134162577,0,1
929,0.0171271667355873,4.1585498482011,1,1,0.387710426557852,1,1
930,0.126668060120258,0.605264441309361,2,0,0.360899408444176,0,1
931,0.203067416441627,0.497947792141024,1,1,-0.765105386584941,1,0
932,0.694356248687774,1.10686702185317,1,1,-0.206255540105082,1,0
933,0.266443013213575,0.893446224517076,2,0,0.510305486433896,0,1
934,0.0423362400033511,0.11488546484737,2,1,1.16441513639428,1,1
935,0.0254897552076727,1.8446386809368,2,1,-0.0103239136861751,1,0
936,0.202140097098891,0.532460214908055,1,1,-0.163343695022102,1,0
937,0.869949478656054,1.30611789102356,0,0,-0.333384259753624,0,0
938,1.87616575270534,2.58978820938476,2,1,-0.330359665063904,1,0
939,0.619720131158829,1.04698495051409,1,0,-1.71558746863591,0,0
940,0.812728291377425,2.24858407711391,1,0,0.0311328499542029,0,1
941,0.0273953999025184,0.984202908972899,0,0,-0.98369930862649,0,0
942,0.11600177269429,0.686434539087649,2,1,2.13123638662403,1,1
943,0.997782249416799,2.04775791557817,1,1,0.239218311732307,1,1
944,0.241751032881439,1.06712044144111,2,1,0.00993629984093004,1,1
945,1.65423040386795,2.07602230543666,1,1,-1.23071869965353,1,0
946,0.0168133668739393,1.11618545822606,1,1,-1.46711973101475,1,0
947,0.0415848556550836,0.835384430536177,0,1,0.845042115335503,1,1
948,0.782228473082006,1.28995605041842,1,1,-1.80446552809575,1,0
949,1.02917715986135,4.55998109058612,2,1,-0.327249709966867,1,0
950,0.752858804425278,2.30417036266672,1,0,0.107544221298826,0,1
951,1.99627738065066,4.73349104685735,0,0,-2.88838598606387,0,0
952,0.26927147898823,3.0955798961336,1,0,-1.37942417540794,0,0
953,0.516650379635394,1.19075554958968,2,0,-1.05088620994432,0,0
954,0.61276393648871,0.909213809449281,1,1,-0.549694185088889,1,0
955,0.165986025822349,0.19585901440029,1,1,-0.30521064385149,1,0
956,0.480230344247486,0.525258469490294,2,1,1.23186706016131,1,1
957,0.106349689769358,0.537282597870942,2,1,-0.442717730860699,1,0
958,0.928487016301245,1.18885026709566,1,1,0.388210796477546,1,1
959,0.343254695646465,0.565464518933921,2,0,1.65589463163324,0,1
960,0.220761441451032,0.260503369589969,2,1,0.105336815374673,1,1
961,0.0746081546971648,1.98550276334309,2,1,-0.803848201359286,1,0
962,0.0474700488848612,1.10972364155073,1,1,0.647044051574442,1,1
963,0.0122625436633825,1.64020952805372,2,0,1.9392437156928,0,1
964,0.0822090283287279,0.215329537862356,1,1,0.475517482779056,1,1
965,0.317956716812444,1.49871025203871,1,1,-0.396629411697813,1,0
966,0.129448668740224,1.70333784894743,2,1,0.969638829191351,1,1
967,0.38973243907094,0.44936121130983,0,1,0.271268610434893,1,1
968,2.65923364265802,6,0,0,-0.264828741613893,0,0
969,1.90433345726671,3.7002284510442,2,0,0.68973835852936,0,1
970,0.700303296881549,0.719831002132508,1,1,-1.22069855166612,1,0
971,0.479818040078423,1.26277240260157,2,1,1.23696449153367,1,1
972,0.145832354028244,1.28895707855952,2,1,0.115548645102962,1,1
973,4.50413950879998,5.45515829489055,2,0,0.473820137980005,0,1
974,0.16280768915918,2.12326909172023,2,0,1.55663394116851,0,1
975,0.265935778443236,1.1547568054611,1,1,1.85264214955707,1,1
976,0.703851381523356,2.42650249662499,0,1,-0.218711885166826,1,0
977,0.130906404927373,1.72740928518275,0,0,1.3465537931836,0,1
978,0.497982829084441,0.957166541014791,2,1,0.627396425710491,1,1
979,0.0954242538828977,1.3640595972538,0,0,0.76889431807007,0,1
980,2.25797613701763,2.54185837732913,1,0,0.945439727414651,0,1
981,0.361395296058618,1.14600283581941,1,1,0.597542349173708,1,1
982,0.617354153655469,0.892205578837072,1,0,0.0322467492878577,0,1
983,0.0187601475045085,1.00474739273015,2,1,-1.60347879417911,1,0
984,0.921568500809371,1.28817185348451,1,0,-1.04160752886677,0,0
985,1.05063297314906,1.28277156951426,1,1,-1.81738331546673,1,0
986,0.195060019614175,0.37373297786896,1,1,-0.611301361282162,1,0
987,0.00481510255485773,0.104685595041899,2,0,1.2801470362587,0,1
988,0.298399412422441,1.73552413685047,1,1,0.729081232289182,1,1
989,0.719600016251206,0.758372134602073,2,0,2.02168732589431,0,1
990,0.181176767509896,1.22499491879879,1,1,-1.50676547864025,1,0
991,0.222429988508715,1.35729093473449,1,0,0.132263257447738,0,1
992,0.0150036171544343,0.260051698748982,2,1,0.626030877971564,1,1
993,0.129900811007246,0.677164600541194,0,1,-1.34253683156806,1,0
994,1.09908735472709,1.50579314627528,2,0,0.876430995474163,0,1
995,1.09190413635224,1.10835279027621,0,0,0.621662966167348,0,1
996,0.595545639283955,3.41649545293109,2,0,-0.864697877457856,0,0
997,0.143397787178401,0.98410094174485,1,1,-0.172294131183476,1,0
998,0.668789152519946,0.862275427207351,0,1,-0.640269551659813,1,0
999,0.32728536403738,0.334644454800165,2,1,-1.56583477166275,1,0
1000,0.275910761556588,2.45201422422431,1,1,0.0925447184567468,1,1
1001,0.493632709043074,1.51309120494953,1,0,-1.05287231519654,0,0
1002,1.13757373858243,2.91191408154813,2,0,1.6647076997955,0,1
1003,1.86594908303561,2.15620160607108,2,0,-0.108221977267725,0,0
1004,0.495555492115404,0.938623656736181,1,1,0.964673418827663,1,1
1005,0.108765134646092,0.517148654907942,0,1,-0.0573852159600876,1,0
1006,0.226317857741378,2.31052702411977,1,1,-0.0626535967659823,1,0
1007,0.203526364639401,0.298001412302256,0,0,-0.980079664544106,0,0
1008,0.449844155030875,0.784077625562927,1,1,-1.00951242465446,1,0
1009,0.361359850503504,4.01087898037035,1,1,0.861897547114418,1,1
1010,0.420749963377602,0.987558455612335,1,1,0.562071321817238,1,1
1011,0.553856508806348,0.82636351796272,0,0,1.40155289386573,0,1
1012,0.0563488528318996,1.17378236258147,1,1,-0.0776549190766991,1,0
1013,0.153246198132396,0.92979744544647,1,1,-2.49573061964363,1,0
1014,0.214975129076572,0.338145088357887,1,1,0.050733107198543,1,1
1015,0.444632213562727,0.49198123352435,1,0,-1.12176578860239,0,0
1016,0.694139476659575,1.52131270773351,1,1,-0.578412839155638,1,0
1017,0.147459584288299,0.249097820319943,1,0,-0.219939189906609,0,0
1018,0.290601446261413,0.298127718259477,1,1,-0.907160698804742,1,0
1019,1.41396026961959,3.63331520040074,2,0,-0.157869429111156,0,0
1020,0.115738034438855,0.913143925868956,2,1,-0.634033928208057,1,0
1021,0.437662542687731,0.541227168928572,1,0,-0.210806597930616,0,0
1022,1.49871333053138,6,0,0,0.547053123765241,0,1
1023,0.222611553326715,1.4854563292524,1,1,-0.709764165367834,1,0
1024,0.461945962160826,2.18296580016613,0,0,-1.14008265750444,0,0
1025,0.353708244801965,1.05105670872888,2,1,0.478615003554059,1,1
1026,0.32610680849757,0.678978666594972,1,1,-0.455591405508542,1,0
1027,0.203149811763054,0.443582923954965,1,1,0.20965679132603,1,1
1028,0.177057884575333,0.400264515557584,1,1,-1.49036452568646,1,0
1029,3.06246483863867,3.16278291281405,1,0,-0.0786238215829455,0,0
1030,0.402098584454507,1.7559520809127,1,1,-1.64088715709706,1,0
1031,0.23714853499697,0.293843699538827,1,0,-1.57220488970076,0,0
1032,0.320650442154147,2.20430830196065,2,1,1.48363379211046,1,1
1033,0.192278889589943,1.20512116953779,2,1,1.45156596915741,1,1
1034,0.104955438524485,0.504698897780279,2,0,0.265037134602729,0,1
1035,0.00805933618655007,0.272499109284326,1,1,0.386892019816685,1,1
1036,0.484759019523428,0.660897181336033,1,1,0.758147965225795,1,1
1037,0.644277932985383,1.26007427823409,1,0,-0.198437365368179,0,0
1038,0.0146848620021579,0.182544789912281,1,1,0.321836241558718,1,1
1039,0.143199338926934,0.83293036340219,1,1,0.873523032969818,1,1
1040,0.153020397061863,0.568063875255281,0,1,-0.804727384277188,1,0
1041,0.0607218479854055,1.33578477365866,0,1,0.247286924510308,1,1
1042,0.0770236886455677,2.11377314912776,0,1,0.177517427678775,1,1
1043,1.44407082274659,1.86079478499028,2,0,-1.22303760335633,0,0
1044,0.00452354501977971,1.63787784653309,1,1,-0.0735030625736669,1,0
1045,0.0518076398293488,0.112997787073255,0,1,-1.43414219583512,1,0
1046,0.0108932714538487,1.26363490697263,2,1,0.218727698877386,1,1
1047,0.799135543030508,0.850703199884302,1,1,0.448303459240102,1,1
1048,0.42497069836827,1.86097828613045,1,1,-0.596836586118557,1,0
1049,1.32036966380237,1.92948265397964,2,1,1.78784768705208,1,1
1050,0.0152458949014544,0.0682950040468673,1,1,-1.17851227975395,1,0
1051,0.610942691310639,2.71134236827493,0,0,-0.550758633487954,0,0
1052,0.324536674597766,0.607424926470744,1,1,-0.192157376852025,1,0
1053,0.00557793188491378,0.889169448022084,1,1,1.37517529762198,1,1
1054,0.281624575833967,4.5587992022622,2,0,1.06867934125809,0,1
1055,0.042961535975337,0.65185473475272,2,0,1.26356512186923,0,1
1056,0.200292886293028,0.351786994114629,2,1,0.0722669834432693,1,1
1057,0.287168897688389,0.346127868019145,0,0,1.71287653961015,0,1
1058,0.875891159468904,1.03911211459225,1,1,-0.968083529928631,1,0
1059,1.14255583751947,6,0,0,-1.46410520986403,0,0
1060,0.335598736710381,0.963300879263899,1,1,-1.89298623744375,1,0
1061,0.0815228627703269,6,0,1,0.0828781438324083,1,1
1062,1.96345721421544,2.04191091816853,2,1,0.368125108938046,1,1
1063,0.162588956730731,0.334289643939702,1,1,-1.29970755309239,1,0
1064,0.530567665146688,0.999962366856351,1,1,-0.417176393283283,1,0
1065,3.02466158179526,4.14799169284929,2,0,-0.511756810084919,0,0
1066,0.0825326363178373,0.0899422789613406,0,1,-0.188207886190213,1,0
1067,0.39587273640791,1.1132431552277,1,1,1.87659494969855,1,1
1068,0.0848412412015336,1.16858386958503,0,1,0.363172485201795,1,1
1069,0.113558260723948,0.123233622013346,1,0,-1.97755351453342,0,0
1070,0.250972666339955,0.565800073842773,1,1,0.189783326754994,1,1
1071,0.343045564368367,1.65010719064369,1,1,1.79362154238923,1,1
1072,0.101878631976433,0.301784664673026,0,1,-0.323852623261946,1,0
1073,0.971804105158538,2.07732666780801,1,1,-2.0811528578043,1,0
1074,1.40229468933048,3.71836334344685,2,0,-1.23693004321039,0,0
1075,0.600153665846966,1.62973867868182,1,1,0.175609027585506,1,1
1076,1.02132509276271,1.27994794235243,1,0,-0.476984211789902,0,0
1077,0.820674195975818,1.8361556878589,2,1,0.76553507726253,1,1
1078,0.07653206632095,0.358020889666298,1,1,-1.08559351059877,1,0
1079,0.586553486619897,0.935883614351077,1,1,-0.743376190540593,1,0
1080,0.763818182982504,1.70012479060275,2,0,0.688139539382117,0,1
1081,0.132290553010534,0.167167447397959,1,1,-0.748209516227923,1,0
1082,1.35488490760326,3.41047717817557,2,0,-0.33744492507074,0,0
1083,0.466576702284448,0.705789656001837,1,1,0.373154636857227,1,1
1084,0.267034294083714,1.28372313039981,2,1,0.601169283163564,1,1
1085,1.6793362944478,2.038535370181,0,0,-0.814109032582684,0,0
1086,0.0291449902998067,0.59870240133123,1,0,-0.825117318700273,0,0
1087,0.601171258969245,2.70482519641519,0,0,-1.63734504539176,0,0
1088,0.934819556772709,1.84291881614157,1,0,0.789229114692623,0,1
1089,0.113228570669889,0.831001925762136,1,0,0.739507447663644,0,1
1090,0.0449505895521587,0.673088552430272,0,1,0.182940262655175,1,1
1091,0.861671073362231,2.44511188846777,2,0,2.1132450086691,0,1
1092,0.0896102419937961,0.228006756717224,1,1,0.558329212628688,1,1
1093,0.113164139911532,0.154301163061665,0,1,-0.18221728116064,1,0
1094,0.0602861162042245,1.49988993235219,1,1,0.093061704445738,1,1
1095,0.143109861267199,0.389405918287039,1,1,0.26108534538176,1,1
1096,0.344009124673903,1.28659608732537,2,0,0.452591063351826,0,1
1097,0.661684084683657,2.17913988938948,0,0,-1.32152816472166,0,0
1098,0.880398952815324,1.02741010830979,1,1,-0.545922710233475,1,0
1099,0.562635911020272,0.762376399392963,1,1,-0.0476936407695676,1,0
1100,3.00901286466321,6,0,0,-1.1523155687949,0,0
1101,0.00389831606298685,0.201843994455436,1,0,0.99521238059585,0,1
1102,0.108396741964897,0.211303444223346,1,1,-1.02828691623035,1,0
1103,0.069053208603121,0.245967467896175,1,1,-2.3123689193492,1,0
1104,1.60090467290174,1.97679608232219,1,1,-0.456502968866647,1,0
1105,0.0338892359286547,1.00145482768178,1,1,0.503287888142711,1,1
1106,1.13341328263822,1.16056267357909,1,0,-1.73280201414312,0,0
1107,1.3085613688454,1.91085770105322,0,0,0.0623894497389483,0,1
1108,1.58130521877649,1.86168695800968,0,0,0.779001743992483,0,1
1109,0.114410178452997,0.291314259782828,1,1,-0.629766637903884,1,0
1110,1.36681388039142,2.51882672309875,0,0,0.499779594406102,0,1
1111,0.172155653126538,0.353160699211475,2,1,-0.503553077047241,1,0
1112,0.658068339455449,1.3281127226138,1,0,-0.36126039767431,0,0
1113,1.06409677765294,3.62174887249229,1,0,0.973121538762131,0,1
1114,0.00701153124378628,1.43126161446673,1,1,-0.607720724332074,1,0
1115,1.176483922638,1.53713723844188,2,0,-1.49491210729048,0,0
1116,0.437403793010478,0.717411239888705,0,1,-0.18489166759313,1,0
1117,0.381745437334757,0.788774141677815,2,1,-0.801440796404408,1,0
1118,0.0264131813310087,0.195681069457536,1,1,-1.46551198250744,1,0
1119,0.0589673622258476,0.99140268830367,1,1,-0.743683833282962,1,0
1120,0.204623681493104,1.04391146371042,2,0,-0.235286112366216,0,0
1121,1.12284683849999,1.92429118642772,2,1,0.183716256778343,1,1
1122,0.947493402263956,1.14119829713455,2,0,2.57510862980362,0,1
1123,0.300704377877992,0.335647011871218,1,1,0.825809634685,1,1
1124,0.0144825875670064,0.284163964291414,0,1,1.01980292498517,1,1
1125,1.09792397450656,2.2971320094827,1,0,-1.70212743028959,0,0
1126,0.338636737316847,0.733797941356897,0,0,-0.925567303109599,0,0
1127,1.75121937980334,1.7687544860772,1,1,-0.0135603548734208,1,0
1128,0.318867899186576,0.481063325956592,1,0,0.420321284252016,0,1
1129,0.419107085705362,0.707869437094957,0,0,-0.488415885860062,0,0
1130,0.013048468157649,2.70779609078745,2,0,-0.0114541826934273,0,0
1131,0.505454588675447,3.52178419582048,2,1,-1.16689012588341,1,0
1132,0.438401133753359,4.1691657807678,0,0,0.30660717001413,0,1
1133,0.107067974749953,0.331166041134894,1,1,-1.15937997240366,1,0
1134,0.230202732923552,0.761800197105667,1,0,-0.583707193696768,0,0
1135,0.301881839404814,3.81893209763259,2,1,-1.07366676623776,1,0
1136,0.0769903176621349,0.855150869684938,1,1,0.453198746476959,1,1
1137,0.256379649217706,5.62160766013629,1,1,0.052447735464542,1,1
1138,0.12451967317611,0.49288602271876,2,0,1.65163227322613,0,1
1139,0.315765228879172,0.349016385020635,1,1,-0.510077869769035,1,0
1140,0.99479289239982,3.29780540219839,2,0,-0.482496772599277,0,0
1141,2.16385104331046,3.10585341137361,2,0,0.401697902661517,0,1
1142,0.0625592705910094,0.926136918738826,2,1,0.506517823654826,1,1
1143,0.352609123241917,2.4972724155606,1,0,-1.06605634079291,0,0
1144,0.307136093906593,0.502009860501132,2,1,0.942069608318901,1,1
1145,0.684503299972795,1.23490915633738,0,1,0.531607395932721,1,1
1146,0.174443810828961,1.07512920488174,1,1,-2.30037048385476,1,0
1147,1.05078941205853,1.24091770381567,1,1,-0.337094004797242,1,0
1148,0.383599807772315,0.953868238267297,1,1,0.037309420950375,1,1
1149,0.181626050616615,1.27484220557347,1,1,-1.359923623555,1,0
1150,1.19841768284665,2.30893757024772,0,1,-0.101885744446652,1,0
1151,2.05865911013427,4.03316089573006,0,0,-0.597463271200103,0,0
1152,0.0341613245555299,0.27184114231687,2,1,1.01503706965807,1,1
1153,0.418095308705233,0.769629360086239,2,1,0.587772508879233,1,1
1154,0.0578683507046662,0.619084238540913,1,1,-1.69378114500203,1,0
1155,0.460650569759309,2.53612526337871,2,0,0.618754749898757,0,1
1156,0.918306093610466,1.04071270963254,1,1,-1.384359810726,1,0
1157,0.387140465900302,1.30712874839244,1,0,-0.758935572506632,0,0
1158,1.37217794731259,2.01322487935317,1,0,-0.261243041277752,0,0
1159,0.401523335834335,1.98770201197243,2,0,0.0352765469957043,0,1
1160,0.385511211352423,0.439463840128086,1,1,-0.029661532802118,1,0
1161,0.550297520676555,0.576606060797113,1,0,0.605489930015339,0,1
1162,0.515476644039154,2.70146996692838,1,0,-0.402645304127755,0,0
1163,0.0165562139591202,2.06481907794177,1,1,-1.06690339094436,1,0
1164,0.750953815218067,1.26141481906165,2,0,0.473202260265879,0,1
1165,0.299609513313044,2.33309902014152,2,1,0.298553476135066,1,1
1166,0.108847250171785,0.607218432396954,1,0,-1.03648551797124,0,0
1167,0.459412754844487,1.27527564909355,1,1,0.258994621671706,1,1
1168,0.167482088785458,0.290111544873309,1,1,-0.449678028771972,1,0
1169,0.0371170450152394,1.25604201918183,1,0,-0.714796708078929,0,0
1170,0.113668618695973,1.4958277197326,2,1,0.787336529363786,1,1
1171,0.446620735964831,0.487967905959657,2,1,-0.415321723951597,1,0
1172,0.135868199675133,0.306652149004254,2,1,0.935166672448017,1,1
1173,0.677458641558707,1.53148282762841,1,1,0.253804101418467,1,1
1174,1.0210305377841,1.25219479982279,2,0,-0.129173916997642,0,0
1175,0.201008040929601,1.1540681467178,1,0,0.0797942651166887,0,1
1176,0.0853306709905155,0.690919348120122,2,1,1.77713983079494,1,1
1177,0.156476158648729,0.256953074907263,0,0,0.437602039742782,0,1
1178,0.165207390071572,0.62774422968931,2,0,0.971228142261108,0,1
1179,0.681733013130724,0.7577021240476,1,0,-2.50084276289234,0,0
1180,0.286041267972905,0.490629692098186,1,1,-0.196985907285137,1,0
1181,0.817850476130843,3.29597506395565,2,0,-0.752926142946411,0,0
1182,0.552129763178527,0.585331551709091,2,0,0.207273543851218,0,1
1183,0.415018793950395,1.53365801460251,1,1,0.247667566992227,1,1
1184,0.0594903340956728,1.20508034065324,1,0,-0.00173657775084178,0,0
1185,0.42069032904692,3.00271043930707,1,1,0.431762451931236,1,1
1186,3.31622135850815,4.5097848897179,0,0,-0.0663839944502541,0,0
1187,0.493427766487002,0.855917320298216,1,0,-0.708323596275735,0,0
1188,0.0289889261966672,0.304902851145715,1,1,0.772543839120611,1,1
1189,0.0699261733023201,0.56241235418821,1,1,1.58389555219731,1,1
1190,0.21176971757086,1.18975638021767,1,1,0.264320843110953,1,1
1191,0.412162003631238,0.648555459680469,1,1,0.0737898070520946,1,1
1192,0.255866407242138,0.852555021022757,0,1,-0.156737613917851,1,0
1193,0.484062133447088,1.38080072735314,2,1,-1.00059825288709,1,0
1194,1.27477619703859,1.38745857066653,1,0,2.41309076537238,0,1
1195,2.62463703370633,2.69398133800976,2,0,1.19442288638308,0,1
1196,0.0283878056638698,0.154238088278337,1,1,-0.367819548946669,1,0
1197,0.301621367398184,1.1909415094005,1,1,-0.271966301786115,1,0
1198,1.12621339131147,2.58666987841328,0,0,-0.925978189460431,0,0
1199,0.236411620491119,0.276832757701014,2,0,-0.18585151382912,0,0
1200,3.03146870044952,6,0,0,-0.942568744472929,0,0
1201,1.68938310435953,2.06354859944964,1,0,0.289991116092564,0,1
1202,0.0197323466625106,0.326556517603535,1,1,1.4151731143939,1,1
1203,1.43364994662388,1.56362861735101,1,1,-0.0237088710674406,1,0
1204,0.434363838691066,0.44174841494071,2,0,1.12663415527045,0,1
1205,0.563499270330004,1.57757402688296,2,1,1.14482503025767,1,1
1206,0.851782895624638,1.40668183332722,2,0,-0.102542182636027,0,0
1207,0.165457397524733,1.18168601817346,1,1,0.757331652997922,1,1
1208,0.784507891256631,1.09854721367813,0,1,-0.914104033420627,1,0
1209,0.0564166287588246,0.328451482257819,1,1,-1.19277006422646,1,0
1210,0.0748286480666138,0.696967251082088,1,1,0.310466378695951,1,1
1211,0.0673745665699244,0.122892609343308,2,1,1.22184223868684,1,1
1212,0.0201060946295329,0.202679901732924,1,1,-0.657260455757845,1,0
1213,1.08364444132894,1.25507469191058,1,0,-0.051712672312999,0,0
1214,0.157384878548328,0.325892169647145,1,1,-0.626725709579634,1,0
1215,0.0649139224125716,0.606862107178746,2,1,1.55613074403137,1,1
1216,0.216945774736814,1.88822562495867,0,1,-0.827573554652716,1,0
1217,0.198877016460737,2.06589971397907,1,1,1.01609132368015,1,1
1218,0.10710622795159,2.77543123512294,2,1,0.235721294070449,1,1
1219,1.05547794699669,1.73300055544949,2,0,1.19802020631267,0,1
1220,0.723838723264635,0.986937116009867,1,0,-0.0968663294446547,0,0
1221,0.279150698333979,2.98487787802996,2,0,-0.262578101552822,0,0
1222,0.328454237314872,0.956778126316703,1,1,-0.278010599841406,1,0
1223,0.649760384086341,1.16038212374013,1,1,2.8521389827479,1,1
1224,0.240991986647714,2.31763187601286,1,1,1.74661117032796,1,1
1225,0.0954373297924937,1.63873642162912,1,1,0.307107000861212,1,1
1226,1.11639642436057,3.94892626216405,2,0,0.994452994873968,0,1
1227,1.54443921901631,2.11566760380588,2,0,1.23070441050206,0,1
1228,1.63431234533472,2.0291828384577,1,1,-0.444967493400483,1,0
1229,0.0579979083239798,1.05964973568916,0,1,0.523338512064451,1,1
1230,0.0251315970672294,0.859985124495458,2,1,0.314826814834974,1,1
1231,0.32361472863704,1.7523490887824,2,0,0.137606772250605,0,1
1232,0.0590794198797084,0.0668678067567329,2,1,0.581848538757287,1,1
1233,1.91270774219859,4.73742607230282,1,1,0.411831885805839,1,1
1234,0.650309601306737,2.49763760236533,1,1,-0.0484538051210742,1,0
1235,2.24164175978842,5.19428487157762,2,0,-0.581752719627063,0,0
1236,0.311084444634616,2.46064962198337,0,0,-0.172232405651588,0,0
1237,2.5899664851928,2.62188753727636,2,0,0.00425129174143915,0,1
1238,0.0469725005677901,0.155361466583604,1,1,-0.235647223797716,1,0
1239,0.898437489519069,2.47431714171942,1,1,0.132450498882053,1,1
1240,0.332861406690222,0.420270872652191,1,1,0.161751676134392,1,1
1241,0.182425861246884,1.13608692131955,1,0,0.0649051386837602,0,1
1242,0.966580079368155,3.31495321666201,0,1,1.40037295979648,1,1
1243,1.56765383573212,1.80998736336429,2,0,1.81468200774355,0,1
1244,0.113675185479224,1.11155417797187,1,0,-1.8015347757376,0,0
1245,0.0116427119871728,1.19940852746367,0,1,0.349706591249574,1,1
1246,0.964940879511512,1.89676932247927,2,1,-0.337227692372444,1,0
1247,0.988586279563606,4.60308498297033,2,0,1.14277803686408,0,1
1248,0.0250748486895161,0.0552792558379075,2,1,0.849756674125473,1,1
1249,0.290310957643669,0.353199096330593,1,1,-1.62449507826326,1,0
1250,0.325706583680585,0.510797563059602,2,1,0.862042627926382,1,1
1251,0.203129959700163,0.423944782266236,1,1,1.05340768492917,1,1
1252,0.345553186780307,1.60898226173656,1,1,-0.583339210855016,1,0
1253,1.74806210204008,2.18621100733468,2,0,1.93466673781263,0,1
1254,0.00596110317488216,0.00962229244182524,1,1,-2.25238781991137,1,0
1255,0.107684049647503,1.41923064275469,1,0,2.73283464523425,0,1
1256,0.264498634263873,1.85956167172938,1,0,0.23212492449163,0,1
1257,0.236139149637893,0.256194838061752,0,1,-1.60707178057132,1,0
1258,0.521788859015152,0.973796036575901,2,1,0.971174966924822,1,1
1259,0.872769623180407,1.05962065476456,1,1,-0.146065003917073,1,0
1260,0.0518833948299289,0.0552562725068,1,0,-0.175101409174621,0,0
1261,0.202474253601395,0.244031229928209,1,1,-0.624773895078469,1,0
1262,0.282946127466857,0.37785788569898,1,0,-2.72458356825855,0,0
1263,2.20410325928571,3.0114325384299,0,0,-0.143399680119585,0,0
1264,0.322941788181197,0.635500864393207,2,1,0.0165062607637384,1,1
1265,1.53915793067756,2.26930824741597,2,0,1.32440661250956,0,1
1266,1.85158610149267,2.5180259916121,2,0,1.70784841880562,0,1
1267,0.683366319254793,1.45395263934011,2,1,-0.684404563094452,1,0
1268,0.0844848642080418,1.29966050441339,1,1,-1.19190474424182,1,0
1269,0.287845154963018,2.61974287535529,1,1,0.610906780616966,1,1
1270,0.00142465979017429,0.224630463256362,0,1,0.911821711974187,1,1
1271,1.62779502013588,1.7331868796121,1,0,0.0993517563274328,0,1
1272,0.278619702905416,2.27891187275512,2,0,0.648276346179227,0,1
1273,0.106969144195318,6,0,0,0.275878730328131,0,1
1274,0.0418586954474449,1.45041133611341,1,0,-0.962130535440515,0,0
1275,0.373013187199831,2.95493878055529,1,1,-0.724496557265398,1,0
1276,0.0475521553307772,4.57871474802064,2,0,-0.540996256891329,0,0
1277,0.0624299758794795,0.251640578111013,0,1,-0.532445166006089,1,0
1278,0.113008575863205,0.299828003113376,1,1,0.388038137436358,1,1
1279,0.0628457867625083,0.780795130464961,1,1,0.477033225996709,1,1
1280,0.137277542380616,0.219441146279375,0,1,-2.13834144075173,1,0
1281,0.264723860309459,1.13902780611985,2,1,-0.503320238024193,1,0
1282,0.267736562523499,0.288877278272826,0,0,0.598086228741899,0,1
1283,0.150134903960861,0.645360984353921,2,1,-0.748264475012043,1,0
1284,0.0424575824290514,0.892951845558273,0,0,0.497536258590619,0,1
1285,0.728620015008988,1.20517527741555,2,0,-0.218228948797617,0,0
1286,0.649809368037958,1.71560366908212,2,0,0.00544681449143536,0,1
1287,0.00423455203417689,0.318537535410034,2,1,-0.105992912507805,1,0
1288,0.120494727045298,0.268035288073438,2,0,-0.300483046226136,0,0
1289,0.147856750525534,2.97445496190298,1,0,-1.05705254737112,0,0
1290,0.609654540029608,1.04399977229276,1,1,-0.326083441868807,1,0
1291,0.400484158599284,1.68841943789527,1,1,0.268951016617535,1,1
1292,0.00501441245432943,0.482081805206721,1,1,0.320474375955294,1,1
1293,0.494370777159929,0.923878841472608,1,0,0.698309312490279,0,1
1294,0.103016181383282,1.46653803257983,1,1,0.93074156013051,1,1
1295,0.482655852075488,1.24443093532289,1,1,1.8164753156279,1,1
1296,0.383989362162538,0.602586222670105,1,1,0.630389304650685,1,1
1297,0.949260814183873,5.64871432180174,1,1,0.161841931358038,1,1
1298,0.594380365192711,2.43177408481171,2,1,-1.44184120219666,1,0
1299,0.831784928175109,1.89833757048786,2,0,-0.0861674356657556,0,0
1300,0.186208326194901,0.249036903023528,1,1,0.276334209704788,1,1
1301,1.12794531788677,1.8434018359771,2,0,0.223749713755788,0,1
1302,0.0940748103312217,1.02432898277949,1,1,0.274778216500496,1,1
1303,0.399332981323823,0.679425827336239,2,1,0.543633741802611,1,1
1304,0.635971575761474,1.08719012393191,2,0,-0.342697356543303,0,0
1305,0.215139136593916,1.3247779252479,1,0,-0.367679686933864,0,0
1306,0.0638312624517475,0.758275561187923,2,0,2.20312140115706,0,1
1307,0.0499993789166806,0.162336695264433,0,1,0.521992400233581,1,1
1308,0.157691379402139,1.37090487586692,0,1,0.569527236845857,1,1
1309,0.604393486256532,2.03408039154341,1,1,-0.427845932557963,1,0
1310,0.441119896815092,0.829771621375397,0,1,-0.605532698774948,1,0
1311,0.100242610018145,1.31439586447484,1,1,0.173190421515088,1,1
1312,0.1696060525137,1.21090724152406,1,1,-0.373433875889709,1,0
1313,0.259881828622556,1.3975847967213,1,1,0.41250942150251,1,1
1314,0.0364243169315159,0.23116810432413,2,1,1.38648545311487,1,1
1315,0.396347209925069,0.529869767693409,1,0,1.07891858358408,0,1
1316,0.0450025327154435,3.87590753505335,1,1,-1.15647319508757,1,0
1317,0.0939493585610762,0.196015561409975,2,1,-0.158115134194676,1,0
1318,1.32392488528548,4.34153372112947,1,1,-0.438586207121968,1,0
1319,0.00470400671474636,0.479233883331955,1,1,-1.73296345851548,1,0
1320,0.628235437907279,0.801971287339623,2,0,-0.191723303526012,0,0
1321,0.050990647287108,2.20377931165774,1,1,0.656191638579846,1,1
1322,0.04562556714518,1.06455249025228,1,1,2.05866171184552,1,1
1323,1.14899195725435,2.11468459191439,2,1,-0.455026253867239,1,0
1324,1.22829955622618,1.43174689386218,2,1,0.513898947330078,1,1
1325,0.166950762269972,0.188018007127691,1,0,0.456479210981393,0,1
1326,0.677937236042761,2.59387358928257,2,1,0.543651001794558,1,1
1327,0.0758260778328028,0.931917588745459,2,1,0.890999078744613,1,1
1328,0.0728872255690126,0.511144253511607,1,0,-1.35841338330194,0,0
1329,0.0848373427636318,1.15050591541293,2,0,-0.685211432198692,0,0
1330,0.38100356265204,0.607969646981583,1,1,-1.75442269224102,1,0
1331,0.179334598069545,0.762878031165363,2,1,1.13654734820402,1,1
1332,3.10534896827112,3.71383177394546,2,0,0.836795877990711,0,1
1333,0.187422132953833,0.405445148521114,1,1,-1.28529748666898,1,0
1334,0.0764591453480534,0.303652964731549,0,1,-1.47250246887931,1,0
1335,0.459974762052298,2.03287946347095,1,0,0.116992267213402,0,1
1336,0.179993558849674,0.849233511121097,2,1,0.382603096806421,1,1
1337,0.341182513839364,2.14946281191535,0,1,-0.137605485921056,1,0
1338,0.132363732263912,0.526256720169119,2,1,0.779238383984356,1,1
1339,0.454996931324922,1.52045483037769,0,0,0.777124526285282,0,1
1340,0.994435147741483,1.38897077460286,2,1,0.957431526734502,1,1
1341,0.201905923350156,0.349718694010219,2,0,0.1971895095675,0,1
1342,0.182416370371357,0.556461819727916,1,1,-0.795980275449919,1,0
1343,0.202940419840161,0.594270766398434,1,1,-0.867331581880096,1,0
1344,0.18403609469533,1.30960504530967,2,0,0.103842712128128,0,1
1345,0.187118891626596,0.526389238588631,2,1,0.716154674152988,1,1
1346,0.433666003781917,1.45804246439466,1,0,-0.405469646104127,0,0
1347,0.435945591889322,0.57222573933832,2,0,1.15582641122219,0,1
1348,0.693184594593595,3.50568258151319,2,1,-0.231415632042449,1,0
1349,0.0452132921782322,0.838433980532484,2,1,0.652811945867259,1,1
1350,0.843759406358004,4.87796817214667,1,0,0.272324481104778,0,1
1351,0.0993802820448764,1.38221740084294,2,1,0.0269120365793611,1,1
1352,0.0176873740252132,0.655720895805565,1,1,-1.51091646815609,1,0
1353,0.458837350752059,0.462203943616107,1,1,-1.88231954806643,1,0
1354,0.661265873350203,0.983392940505733,2,0,2.16185389723032,0,1
1355,0.60546971205622,1.03566451513085,1,0,0.183815853489259,0,1
1356,0.0828128950670362,0.190659849034472,1,0,1.9005769334197,0,1
1357,0.108499646885321,0.714023699330993,1,1,-0.735713194355017,1,0
1358,0.796456025913358,5.19941805523443,0,0,-0.0261673637685387,0,0
1359,0.491529619284005,4.15671538099913,1,0,-0.710055402132155,0,0
1360,0.330831051396672,0.808758636568232,1,1,1.03354346497912,1,1
1361,2.03237381041724,4.44082516540615,2,0,-2.16931992525723,0,0
1362,0.0928845180897042,0.1678675878793,0,1,-0.42891557762991,1,0
1363,0.068460064008832,0.352899325475483,1,0,-1.43499344720632,0,0
1364,0.000405831669922918,2.24945664716264,0,1,-0.286806585050197,1,0
1365,0.85696473158896,4.49692071006524,1,0,-1.79576483432258,0,0
1366,1.10590371065179,2.32174884838363,0,1,0.247432887914088,1,1
1367,0.266903577430639,1.50116746624311,0,1,-1.13710203145844,1,0
1368,0.0307899793714322,0.18187092107603,2,1,0.178714127074609,1,1
1369,0.05999546777457,2.67839450814865,1,0,0.323776176048147,0,1
1370,3.46152824756888,4.3617434023569,0,0,-2.2546059222811,0,0
1371,0.102486878458876,2.46592929239797,0,1,-1.39004263576361,1,0
1372,1.49735628060045,4.37775657640818,1,0,0.043548696488718,0,1
1373,0.387730798684061,0.403201281864401,0,1,0.31275938474303,1,1
1374,0.365620822703931,2.48951251835961,2,1,1.28229338078835,1,1
1375,0.104335975766113,0.171623519088611,0,0,1.11116336097809,0,1
1376,0.802517993116573,1.15159531529384,2,1,-0.833844670037663,1,0
1377,0.725809744300142,0.784822096830352,2,1,0.230656993890209,1,1
1378,0.501326103438268,1.18137209463983,1,1,-0.670445793053111,1,0
1379,0.0474403786584475,0.468276684936769,1,1,0.359374684313983,1,1
1380,0.302730752737261,0.430973355111992,2,1,0.225698135059146,1,1
1381,0.0781926419423365,0.271867115523669,1,1,-0.10840590197321,1,0
1382,0.0182862213972035,1.61566380977394,0,0,-0.186249830865696,0,0
1383,0.423455123433288,2.08373610902467,1,0,0.969090879198113,0,1
1384,0.188194359943736,2.45950962792889,2,1,-0.186556374491452,1,0
1385,0.29668036440853,1.31485555788175,2,1,0.741824246820487,1,1
1386,0.297192559922055,1.39711820397722,1,0,-1.55578624085943,0,0
1387,0.19996085902676,0.669799300437444,1,1,-0.873904595069764,1,0
1388,0.375485963188112,0.970130641197696,1,0,-1.60176736179345,0,0
1389,0.797323054634035,1.07033869400052,2,0,0.161720762306389,0,1
1390,0.908781429277644,1.71694846529099,2,1,1.07151351654933,1,1
1391,0.423962233180646,0.889186018557066,1,1,-0.67156619820452,1,0
1392,0.179005570826121,0.397072250939634,1,1,-0.141326433139122,1,0
1393,0.0777431987226009,0.557702164596296,1,0,0.531845044538844,0,1
1394,0.0271624134620652,0.992306136406738,1,1,-0.642990657822206,1,0
1395,0.086605952691462,0.386943814783749,2,1,-0.370334029727537,1,0
1396,0.111928123515099,0.20745939739495,1,1,-0.45982800146706,1,0
1397,0.281405328772962,0.916345169189423,0,0,-1.02615446221118,0,0
1398,0.121246227645315,1.33526075730956,1,1,0.674028564709336,1,1
1399,0.00599682069150731,0.665451294461062,2,1,0.172570074193857,1,1
1400,0.642613680657752,1.9306267853733,2,1,-0.966670733476322,1,0
1401,0.918953666643814,1.4028712458713,2,1,0.168443016807093,1,1
1402,0.471211992204189,0.759320816961149,0,0,1.93497193317643,0,1
1403,0.362078416161239,1.2411984972752,2,0,0.252070152572312,0,1
1404,1.8415199162355,3.06498887430878,1,0,-0.0385919369719932,0,0
1405,0.219460332766175,0.92642338110468,1,0,-1.10740285675513,0,0
1406,1.1564959352836,1.88431474087487,2,0,0.965672239982823,0,1
1407,0.285093044803943,1.28377677479541,2,1,0.536925089430164,1,1
1408,0.329522533284035,0.667394897448672,1,1,0.82532263924361,1,1
1409,0.282492013939191,0.916660561083485,1,1,-0.484359323592133,1,0
1410,0.0198842602549121,0.408684227958213,1,1,0.0191920614774738,1,1
1411,0.82472790146415,1.26077359628043,2,1,0.035178423390982,1,1
1412,0.262956267222762,0.935567314268886,2,0,1.18161456683115,0,1
1413,0.366997559554875,0.613231274460267,1,0,-0.904519196050448,0,0
1414,0.871522848494351,1.30347823665694,1,0,2.05993359252016,0,1
1415,0.359416509454604,0.418439672875945,2,1,0.08355058554822,1,1
1416,0.299775375938517,1.34335758531571,2,1,-0.0217322538040052,1,0
1417,0.139173379575368,1.51267115752869,2,1,0.759388516259301,1,1
1418,0.276606805848894,0.643209215224048,2,1,0.361599384603416,1,1
1419,0.0479128840379417,1.41573611341505,0,1,-0.361578214759186,1,0
1420,0.129594821634531,2.10275449683125,1,1,-1.28965461016823,1,0
1421,0.0709268603190932,1.09249997233712,2,1,1.82369018719906,1,1
1422,0.302032085019164,4.11980638594305,1,1,-0.426466300864857,1,0
1423,0.459642749279737,5.27532814090098,2,0,0.158610307162281,0,1
1424,0.925058723607674,0.95797269123449,2,1,0.458504135054655,1,1
1425,0.30988465558039,1.47263618925827,2,1,-1.06185303249691,1,0
1426,0.0110091571696103,1.28714791554521,1,1,-0.442264541677506,1,0
1427,0.0533674384855013,0.532729900279284,2,1,0.871080721462233,1,1
1428,0.073359440643999,3.04686252255245,1,1,-0.199717966289719,1,0
1429,1.43823438511922,5.83230735706099,0,0,-0.517189994829089,0,0
1430,0.181255559436977,0.247728560911171,2,0,0.735293314365716,0,1
1431,2.962082773279,3.9735483585309,2,0,-0.422775052714573,0,0
1432,2.16268365076723,3.47634642648372,2,0,0.517946850015057,0,1
1433,0.162328593141865,1.31329279882299,1,1,-0.522157850439695,1,0
1434,0.560639834962785,0.941736401740704,1,0,-1.67962891980678,0,0
1435,0.371804191963747,0.411436909114968,1,1,-0.225065340898953,1,0
1436,0.771864824405049,1.11877098566352,2,1,-0.451184889620531,1,0
1437,0.448419859871978,0.458241155825403,1,1,0.641405634420151,1,1
1438,0.236062425246928,0.268826597825777,1,1,-0.284590866461682,1,0
1439,0.125081097066868,0.994011356797551,1,1,0.472681031499194,1,1
1440,0.164106561991717,0.474872030357462,1,1,-1.09540604570712,1,0
1441,0.572836798938744,0.968483719732661,1,1,1.13008184953919,1,1
1442,1.3506616037339,2.40935055217732,2,0,-0.054134633942876,0,0
1443,0.0677011828590528,0.710520803259211,1,1,-0.606733529177095,1,0
1444,1.54952164615078,1.55783582241173,2,1,-0.538319992311333,1,0
1445,0.213995337835513,1.02573350240008,1,1,0.0589612226373557,1,1
1446,0.41826655564364,0.701155391231779,1,1,-0.213023402720106,1,0
1447,0.599507574923337,0.708332596784023,2,0,-0.722946001666608,0,0
1448,0.218470520339906,0.229359854917641,1,0,-0.823284687020644,0,0
1449,0.0310863371488856,0.356070646856555,1,1,-0.399978882199552,1,0
1450,0.343291643366683,0.490426706078094,0,1,1.75974721449677,1,1
1451,0.126009387604427,0.474920285967635,1,1,0.532556802751067,1,1
1452,0.56396981407591,4.3332218790859,2,1,-0.827475975822672,1,0
1453,1.98154012664201,2.51964579932925,2,0,1.77802292702443,0,1
1454,0.381824946962297,1.0862254500728,2,0,-0.478492186275524,0,0
1455,0.0872792167177364,0.518260652161813,2,0,1.08399438956998,0,1
1456,0.660060066729784,3.15354302060785,2,0,0.481259924806625,0,1
1457,0.689410455524921,2.00229033774214,2,0,0.720971869154737,0,1
1458,0.133315376704462,3.28725983699163,0,0,-0.203693740759604,0,0
1459,0.841460500351906,1.1335287466593,2,1,1.09560240262724,1,1
1460,0.41834632307291,1.18214490978165,0,0,-0.623726166515375,0,0
1461,0.487932231600218,1.19977956734557,1,1,-0.200973486318811,1,0
1462,0.0230571650899947,0.651446264965022,2,1,1.69423633531884,1,1
1463,0.148941416648198,1.0485106352589,2,1,0.946953472311526,1,1
1464,0.589902288280427,0.726900392462553,2,0,2.3870538038446,0,1
1465,0.704781484647475,0.786340822294762,1,1,-1.32905740039357,1,0
1466,0.240056753973477,0.950050566488723,1,1,-2.09744709173088,1,0
1467,0.0758760352618992,4.04832717817402,1,1,-1.35092772258159,1,0
1468,0.546667753343292,0.633100454764501,2,1,0.362950086683383,1,1
1469,0.384807530790567,0.681674897856661,1,0,-0.0149469923208006,0,0
1470,1.35431094188243,4.04792424880137,2,0,0.355978482682388,0,1
1471,0.0130574577403861,3.47999102246056,2,1,0.0607922781843247,1,1
1472,1.20317466086113,1.44205736557679,1,1,1.4148638298907,1,1
1473,0.195127359475009,0.653996847442716,1,1,0.062493921322901,1,1
1474,0.983339053293333,1.35602760344453,1,1,-2.3838207152842,1,0
1475,0.276878769945195,0.413127887414789,1,0,-1.02129728552029,0,0
1476,1.81056768625023,4.9009759212696,2,0,-0.120846764622829,0,0
1477,0.23273086361587,1.57984527156018,1,0,-1.51221512643841,0,0
1478,0.277154932264239,0.317474269124342,2,1,1.41098850784144,1,1
1479,0.318159902468324,0.952063923080762,0,0,-0.0676433338149112,0,0
1480,0.598103675403208,2.64940424822271,0,0,0.845094515941241,0,1
1481,0.422315498581156,2.0074038349111,2,1,0.796823704382862,1,1
1482,0.89195129198747,3.0372477795789,1,1,-1.00252076344346,1,0
1483,2.62649043608303,3.23308864512339,2,0,-0.0894795938941402,0,0
1484,0.0371374897076748,0.0424040988850166,1,1,-0.685997900628218,1,0
1485,0.0143383370595984,0.886143761267697,1,1,1.11466206200002,1,1
1486,0.58136954808026,3.74687913805246,0,0,-0.62467538764062,0,0
1487,0.407307012937963,0.862991000708379,2,0,0.791958813036891,0,1
1488,0.663431034423411,0.676963008802591,2,0,-0.233799824345252,0,0
1489,0.0226062825558657,1.93614304997027,0,0,-0.374258851512889,0,0
1490,0.140709868387533,1.32961419904384,1,1,-1.13601753713486,1,0
1491,0.404088631039485,0.82223619826799,0,1,2.06007788109726,1,1
1492,0.726120695445508,0.975512494325327,1,1,0.107094796856674,1,1
1493,0.350381653755903,0.633459647338707,1,0,0.812493261598144,0,1
1494,1.16508242785336,1.34566866596497,1,1,-1.02594543007194,1,0
1495,0.199969950132072,1.58984411112698,1,0,-0.830003120689259,0,0
1496,0.469579879399494,2.73667338208478,2,1,1.17325531044139,1,1
1497,0.270485458604526,4.2876547782363,1,1,0.770498696165589,1,1
1498,0.1196289279329,1.42458394399588,1,0,-0.334201242644489,0,0
1499,1.51928028508334,1.64252073994232,2,1,-1.20480156907769,1,0
1500,0.0992078738033042,3.0853133154759,2,1,-0.0718524808265152,1,0
1501,1.41763837767506,3.58238859225747,2,0,-0.279018951160765,0,0
1502,2.52336788727882,2.65347513825773,2,0,-1.09690302951732,0,0
1503,0.56756541887001,2.51453653115969,1,1,-0.768393661227117,1,0
1504,0.25309284334071,0.638579474449009,1,1,-0.469522807550425,1,0
1505,0.0113321652618886,0.295052299955959,1,1,0.941789150435502,1,1
1506,0.819131418803528,1.25429678991193,1,1,0.120970602720718,1,1
1507,0.53249844070524,0.889822662669994,2,0,0.393331084039469,0,1
1508,0.176411585125607,0.654339672421792,1,1,-2.86256296481486,1,0
1509,0.0475842703599483,0.0985961292834814,1,1,-2.37599347644208,1,0
1510,1.12492388952523,2.36491892998492,2,0,-0.242962833431179,0,0
1511,0.550400081090629,0.723967791391237,2,0,-1.55496523827336,0,0
1512,0.317504092119634,0.72638429157484,2,0,-0.489956777581852,0,0
1513,0.515225880611104,1.77995258001334,2,0,-0.761588138377158,0,0
1514,0.193415184912737,0.248986628527443,0,1,0.267185066197347,1,1
1515,0.0185944762812622,0.757084618201086,2,1,0.795911581155305,1,1
1516,0.148217035457492,1.76138774847289,2,0,1.09136833586239,0,1
1517,0.0781202901271172,1.39861899192822,1,1,-1.44376256119502,1,0
1518,1.31141503714025,1.37188684657126,1,0,-0.0394063669548076,0,0
1519,0.438260399943039,0.683689368888736,0,1,-1.54773707383853,1,0
1520,0.798762440073125,0.844599621235444,2,1,1.15447641772919,1,1
1521,0.242022372258361,0.599072176320408,1,1,-0.434444011600972,1,0
1522,0.0329469505985239,0.830674614388391,1,1,-0.907659356204198,1,0
1523,0.0495452435212498,0.453899130840637,2,1,-0.268750175668026,1,0
1524,0.0224775585229509,1.35346127347242,2,1,-0.156597763724253,1,0
1525,0.129188415071258,0.305967408415149,2,0,0.623560514488674,0,1
1526,0.632274529754006,1.34887959808111,0,1,0.588577155159681,1,1
1527,1.80360019198599,2.24304498338796,1,0,-0.743612433828448,0,0
1528,0.136434097657911,0.188771501734441,2,1,0.930726098888474,1,1
1529,0.136580119724385,0.20905256011921,2,1,1.39361087007568,1,1
1530,0.024917365051806,2.35261875046039,1,0,-0.698517624391471,0,0
1531,0.151348054693335,0.247338187570373,0,1,1.53200276323443,1,1
1532,0.0288255800842308,0.0290727326347614,1,1,0.0707066033212109,1,1
1533,0.224355687678326,0.265808640354452,1,1,0.348878262554678,1,1
1534,0.744827441495665,2.34180028501381,1,1,0.6663297427974,1,1
1535,0.870459861058912,3.0930338147131,1,1,-0.386005075312905,1,0
1536,0.315820028263193,1.51666310921889,1,1,0.545978744743826,1,1
1537,0.290652177645825,2.64039982181509,2,1,0.100824611273699,1,1
1538,0.949272233940304,1.13839960967501,0,1,0.167218333228494,1,1
1539,0.209153114410583,1.3028801143018,2,1,1.29719706117108,1,1
1540,0.0650967840399059,1.1506744187622,2,1,-1.30839155702574,1,0
1541,0.511527082216997,2.04475990245133,1,1,-0.146065608203949,1,0
1542,0.645482790979378,1.44219223702644,0,1,0.0178387965987835,1,1
1543,0.038100011294881,0.296465932592421,1,1,-0.691294597352326,1,0
1544,0.683454351939082,1.67646942554754,1,1,-1.17459323420382,1,0
1545,0.00690144207328558,0.106035296502516,1,0,-0.639444754868924,0,0
1546,0.0912107732146978,0.143844244412295,1,0,-0.534688039475054,0,0
1547,0.377372431270711,0.505519080689225,1,1,0.280563100949419,1,1
1548,0.0179956723422534,0.107142825489282,1,1,-0.932800795845005,1,0
1549,3.02399181925044,3.34318933387597,0,0,-0.87059388381358,0,0
1550,0.426382628269494,1.29467397307356,0,0,0.0800036604361136,0,1
1551,0.487042777214021,2.40628528487401,2,1,-0.692470650105308,1,0
1552,2.54354061177912,2.78428144365735,2,0,-0.961980242477624,0,0
1553,0.259827839036006,0.754904773803867,1,1,-0.0958010709815177,1,0
1554,0.996156604960561,1.06268150731921,0,0,0.604799455810208,0,1
1555,2.51236542119625,4.07005622658267,1,0,0.533638150590866,0,1
1556,0.579848822063588,1.13630434981921,1,1,-1.00195026386778,1,0
1557,0.150119677127805,0.215409479517813,2,1,0.88013171529411,1,1
1558,0.166671391650022,0.292260134422969,1,0,-0.774098742161783,0,0
1559,0.163424049504124,0.317838925237038,1,1,-0.212126020326374,1,0
1560,0.469380898840547,0.516757204518125,1,1,-0.605815097464605,1,0
1561,0.154060803933565,0.15755089474159,2,0,-0.219011242110446,0,0
1562,0.253378958192155,0.399537417578285,2,0,-0.547930928530733,0,0
1563,0.977616116404533,5.63494550264215,1,0,-0.471400962983198,0,0
1564,0.072157024373832,1.2322397842198,1,1,-0.595806187854437,1,0
1565,0.055532356556248,2.09183071296684,1,1,-2.65122996095117,1,0
1566,1.05533118359745,2.82126088005801,0,0,1.07909732479828,0,1
1567,0.11252345968348,0.208527513135897,2,0,-1.08102912716103,0,0
1568,1.95752151037779,4.99689875345057,2,0,0.28413068504544,0,1
1569,1.17512664519587,1.6408751408701,1,1,0.887253964024765,1,1
1570,0.13200287334621,0.188611740277544,1,0,0.104006372111554,0,1
1571,0.793563507005394,1.22978951635393,2,1,0.84444963677556,1,1
1572,0.167879377085491,0.388458725023692,1,0,-1.02698985641832,0,0
1573,0.245575712178834,0.351441460452238,1,1,1.0051158506374,1,1
1574,0.0784476401167922,1.17417426737115,1,1,-0.945320043463721,1,0
1575,0.424210708588362,0.578882098423224,2,0,2.10128960202104,0,1
1576,0.432005845359527,0.577736121971768,0,1,-1.24273461412328,1,0
1577,0.341814639396034,1.30251687229191,2,1,-0.0459652478709749,1,0
1578,2.31101941122654,4.88875751045156,0,0,-1.42598292536578,0,0
1579,0.188358148734551,1.06221348280523,1,1,-0.124028028753376,1,0
1580,0.371549060801044,1.3982550794325,2,1,-0.858291847773475,1,0
1581,0.0847345928195864,0.642483527013586,0,1,1.54996685349457,1,1
1582,1.60418793923202,1.76390197605748,1,0,0.880500749284436,0,1
1583,0.585449414767146,0.59477223710691,2,1,0.598182412948728,1,1
1584,0.269231741840485,0.624904713282983,0,1,-0.578833807442358,1,0
1585,1.08887222688645,3.15892692344884,0,0,-0.760475307583602,0,0
1586,0.197911067807581,1.15699977004231,1,1,0.741814627959704,1,1
1587,0.382907539024018,1.16255832735802,1,1,0.915072271692413,1,1
1588,0.843033873476088,5.14322777095908,2,0,-0.558775007938467,0,0
1589,0.10554210311966,0.712172372302825,1,1,-0.0083799287063867,1,0
1590,0.00914322852622718,0.0612246230875672,1,1,0.314276565243506,1,1
1591,0.997500017285347,1.12190020403735,1,0,-0.811384617161401,0,0
1592,0.112241737544537,0.375486157764904,0,0,0.776843839192722,0,1
1593,0.0996103186048812,0.430531583872441,1,1,0.42322438781936,1,1
1594,0.00128002574283327,1.12415640304486,0,1,0.0405916357168961,1,1
1595,0.340210119320545,1.85178458668853,2,1,0.168232775422255,1,1
1596,0.573526540771127,1.16170048100585,2,0,0.967438955000158,0,1
1597,0.0260031877166983,1.31044186715215,1,1,-0.262412633678808,1,0
1598,0.122886678145733,0.192643035745335,0,1,1.76302961268102,1,1
1599,0.818973809480667,1.7701708140158,2,0,-0.388596336049132,0,0
1600,0.0293727768585086,0.480991632983769,1,0,-1.93189982308724,0,0
1601,0.130021018558182,0.269040635518621,1,1,-1.18470934015172,1,0
1602,2.23040720742155,4.49969116908809,0,1,-0.255120563456939,1,0
1603,0.342688368109521,2.50030093789794,1,1,-0.110773038331964,1,0
1604,0.380891066743061,0.794895117100404,1,1,0.439670746395708,1,1
1605,0.249718985287473,0.408191429410212,2,1,-1.72014976249796,1,0
1606,0.657324082541101,1.55229274809186,2,1,0.432341068818537,1,1
1607,0.230158316859849,2.33782830584175,2,1,0.797168363264499,1,1
1608,0.00353754593587992,0.0609664198749838,2,1,-0.857994747414367,1,0
1609,0.443105471874681,1.73879292035121,1,1,0.528353199939575,1,1
1610,0.310568095301278,2.8720686261664,0,1,0.395124334318401,1,1
1611,0.0145454131416045,1.2660844843267,1,1,-1.54757562643461,1,0
1612,0.103684429400619,1.14541067984766,1,1,-0.731068579656825,1,0
1613,0.228729610217261,0.735620457990615,1,1,-0.215462580448801,1,0
1614,1.10295485984534,1.69025136974406,2,0,1.00836668825079,0,1
1615,0.750727465466418,1.02554843116726,2,1,-0.358903472912989,1,0
1616,1.06941145747629,1.159334041861,2,1,-0.758055813782605,1,0
1617,0.343097722647573,1.97546159805798,1,0,-0.954657836858747,0,0
1618,0.818872110659078,1.73929358329972,1,1,0.373212106716709,1,1
1619,0.305526637821458,0.614969191737673,1,1,-0.179850180125062,1,0
1620,0.160566894234661,2.34104464718069,2,1,1.54404672580758,1,1
1621,0.0381263324280598,0.869684634324814,1,1,0.0792123361022144,1,1
1622,0.973234520293772,1.822739566204,2,0,1.59882266441697,0,1
1623,0.124750303511973,0.384208059874576,1,1,1.3201990448425,1,1
1624,0.125377357471734,0.361104429479918,2,1,1.98436343654645,1,1
1625,0.0822704326128587,0.305381161731299,1,1,0.386250883170982,1,1
1626,0.93655502934047,2.07277727063612,1,1,0.367178409181291,1,1
1627,0.103801263030618,1.33880468570355,1,1,-0.188840937150147,1,0
1628,0.178090400993824,0.926130823791027,0,0,2.06340412718293,0,1
1629,0.263750345620792,0.395086671619549,2,1,1.01432280541527,1,1
1630,0.0726732302001435,1.07642894252743,2,1,-0.0682153395429658,1,0
1631,0.175574827007949,0.948673708746575,2,1,0.265237434905042,1,1
1632,0.138673299923539,0.285590425683524,1,0,1.05946604902965,0,1
1633,1.13807383686641,1.82935790752383,1,1,-0.479978329332281,1,0
1634,0.18176696205046,0.712826492374595,1,1,1.38965316621058,1,1
1635,0.588073998779811,1.3270489385259,0,1,-0.497425761889449,1,0
1636,0.236074091979284,1.20938117585491,2,1,-0.333813179806386,1,0
1637,0.257275397490891,1.09569565167823,2,0,0.13369599915282,0,1
1638,0.277028605923988,0.97119997972578,1,1,-0.656349757001113,1,0
1639,0.168664543132269,0.513470879279498,1,1,-1.45402689578236,1,0
1640,3.09013299999719,5.83120020210277,2,0,-0.135153099067632,0,0
1641,0.527990725214414,0.715415608703631,2,1,0.188405781687632,1,1
1642,0.139938717475161,0.513473461343692,1,1,-2.46946438453443,1,0
1643,0.102987214455421,0.790330832824111,0,1,0.176354103711088,1,1
1644,0.156429307659589,0.448596320776156,1,0,-1.94996322037526,0,0
1645,0.647660088725388,1.8837186302504,2,0,0.456651598498905,0,1
1646,1.82488641506972,4.21690285825714,2,0,0.49243104759125,0,1
1647,0.268291106761574,0.690544347224682,1,0,-2.78798261040631,0,0
1648,0.00882099343108944,0.799626466955847,1,1,-0.592775647156429,1,0
1649,0.494911354875907,0.941037869121411,2,1,0.986173831525113,1,1
1650,0.462650786153972,0.736192780781028,2,0,1.90530472559528,0,1
1651,1.06031892001034,1.17138580647424,2,1,-0.116346674116911,1,0
1652,0.1732472536969,1.16131947713387,1,1,-1.58262970831879,1,0
1653,0.168730271980166,0.801361176023365,1,1,-0.493469609679273,1,0
1654,0.860295883004375,1.27352445085951,1,1,0.383195763260418,1,1
1655,0.310359187424183,1.12014103923852,1,0,1.18032070628745,0,1
1656,1.1764632211473,1.20821350256439,1,1,-0.19779833803435,1,0
1657,0.699149205439545,0.842174409578244,0,1,0.340778015950022,1,1
1658,0.927316598774508,3.27951527629688,1,1,-0.814475136301658,1,0
1659,1.2283087381568,2.3939272292004,1,1,2.08399528228147,1,1
1660,0.978766779415309,3.0856246010782,2,0,0.125415998224774,0,1
1661,1.54812993195644,4.82557154246943,1,0,-0.171675729917627,0,0
1662,0.147136897139717,0.217095842507307,1,1,0.439188227652366,1,1
1663,0.669256445227012,2.11301208723062,0,1,0.183161346095695,1,1
1664,0.170540800746436,2.60041314538768,2,0,1.62712742316592,0,1
1665,0.133400271297432,0.245358605193111,1,1,-0.400205455325205,1,0
1666,0.199673753755807,1.41608673558618,1,1,0.664983098710075,1,1
1667,0.176020600192714,0.379410764225367,1,1,-0.266745155688632,1,0
1668,0.674674621383897,1.87646713721742,2,0,-0.558932655712416,0,0
1669,0.0530599947269971,0.0657990725756442,1,0,-0.664046786501014,0,0
1670,0.0293295581796131,1.95563083823587,1,1,-0.919053333541084,1,0
1671,0.776267708252937,1.6038834727294,1,1,-0.728462781202697,1,0
1672,0.766234555022612,1.54590081841312,1,1,0.17840856492829,1,1
1673,0.0844853583839722,2.28083677095299,1,1,0.677185525743715,1,1
1674,0.0328646152019053,5.6489746037367,2,0,0.068893451601692,0,1
1675,0.263680497184396,0.553182916236103,2,0,0.966486952705672,0,1
1676,0.035298116778072,0.293308188331762,1,0,-1.87777727992348,0,0
1677,1.16133218817413,6,0,0,-0.357772839034798,0,0
1678,0.346245817840099,0.722300827954515,2,0,0.993071174505361,0,1
1679,4.56711603041446,5.27668487866834,2,0,-0.121744783629234,0,0
1680,0.691991505419657,3.00639419195553,0,1,-0.196108379273022,1,0
1681,0.78841725923121,0.829270971487814,1,0,-1.19663756319829,0,0
1682,0.61392897926271,0.858687730077305,2,0,0.587153090230708,0,1
1683,0.0861145637463778,0.352008773074628,2,1,0.843746543765071,1,1
1684,0.190313275610561,0.28918138040618,1,0,-0.680113618037004,0,0
1685,1.03877457324415,3.33507561332842,2,0,0.339914561414292,0,1
1686,0.182076309504052,0.580406343991163,1,1,-1.14496591118059,1,0
1687,0.0968380338625138,0.514702294903976,2,1,-0.50466398274723,1,0
1688,1.10199943277985,1.37884991772016,2,0,0.128733243487344,0,1
1689,0.43972994314675,1.12492964811048,1,1,0.783838363079199,1,1
1690,0.169532380998135,0.32343138217733,2,0,-0.614599658577164,0,0
1691,0.170085363090038,3.33193718233425,2,0,-0.657910252124514,0,0
1692,1.25662718894297,1.27381862058001,1,1,-0.0243341340334707,1,0
1693,0.383008740842342,0.969699688368162,1,0,0.907398324211233,0,1
1694,2.20768499365988,4.88660417710468,2,0,0.365991905969124,0,1
1695,0.255131025041919,1.97173558002258,0,1,0.726543986447879,1,1
1696,0.476320472054005,0.836341516207455,2,1,1.14260085749337,1,1
1697,0.201296100243861,1.43273536042579,2,0,1.30843466302979,0,1
1698,0.328717919182964,0.952773097553507,2,1,-0.380297011509909,1,0
1699,0.0852785041206516,0.652128671106531,1,1,1.32822057926523,1,1
1700,0.954319062642753,2.13692634650284,2,0,-0.461398470241548,0,0
1701,0.732010119594634,2.11680494248867,0,0,-0.472864352789334,0,0
1702,0.531691114991333,1.42454242954652,0,1,0.573084299362298,1,1
1703,0.148194692155812,0.921905024380169,1,1,-0.373157911184372,1,0
1704,0.072037190257106,3.52346485721392,2,1,-0.962835537268893,1,0
1705,0.159325638669543,0.648783738760637,2,1,1.87381349325632,1,1
1706,0.684573015288271,1.10569600800957,1,1,1.39784463402703,1,1
1707,0.0582509097876027,0.767480372422104,2,1,0.7425354804435,1,1
1708,0.768147063764565,1.15226848759183,2,1,0.668775894332573,1,1
1709,0.166590001510818,0.738488519165266,2,0,0.0280510079955067,0,1
1710,0.132097586174496,0.219133984350919,1,1,-0.91689733495446,1,0
1711,0.546026607599862,1.07306308293872,0,1,0.55857805523742,1,1
1712,0.0114455763250589,5.14945685758493,2,0,0.782462740979188,0,1
1713,0.0216606209869497,0.032687616292351,2,1,-0.396384141865134,1,0
1714,0.21075915574329,1.16871123427537,1,1,0.485174924801353,1,1
1715,1.83686895296937,3.50260869678581,2,1,-0.906530846856663,1,0
1716,0.117389683805881,0.15822103215758,1,1,1.11805391264293,1,1
1717,4.31296974022813,4.59092866318921,0,0,-0.727276964887181,0,0
1718,0.0990836007986218,0.335770879767606,2,1,0.30319423887138,1,1
1719,0.470790212152593,0.531023222808485,1,1,-0.037909224069319,1,0
1720,0.735763804378741,1.09439409694931,1,1,-0.940517933821448,1,0
1721,0.253318879753351,0.336958518701104,1,0,1.30194581685668,0,1
1722,0.0986684476956725,1.55942414360001,2,0,2.17152384357997,0,1
1723,0.853459875099361,1.36350666322038,1,0,-0.168386122860903,0,0
1724,0.785639783108428,1.43183768542313,1,1,0.417828528626226,1,1
1725,0.581599269940643,4.11102825659306,1,0,-0.580393946108335,0,0
1726,0.374137384060305,1.26585783646212,1,1,0.374089995285518,1,1
1727,0.119144840864465,0.346483446932435,1,1,-0.286876942073844,1,0
1728,0.0453349981676813,2.64690216149921,1,1,-0.657967575712197,1,0
1729,0.0865725933777886,0.271107400115312,1,0,2.26278116052716,0,1
1730,0.110079064324964,2.08523111371125,1,1,-0.220261210955232,1,0
1731,0.329107490571719,1.13217868286112,1,1,1.40044454497214,1,1
1732,0.0413828783717282,1.05420577746953,1,1,-0.575302017480709,1,0
1733,2.09957158929648,2.57389259023521,1,0,-0.447954425203586,0,0
1734,0.528372853269622,1.27515657940811,1,1,1.29607492300106,1,1
1735,2.69826379163432,4.97116559709016,2,0,-1.25631544880729,0,0
1736,2.96361603571062,6,0,0,-0.639131825703698,0,0
1737,0.0244589475479899,0.602631589802976,1,0,-1.13990841546611,0,0
1738,0.438631127588451,2.62661045153394,2,0,0.301776865284135,0,1
1739,0.719464302062988,0.935070302253121,2,0,1.43455419469521,0,1
1740,0.01162861706689,0.822596799608296,1,1,-0.482589149151915,1,0
1741,0.258023025817238,0.317816441761598,1,1,0.226816649090563,1,1
1742,0.412766472436488,1.57600512766798,1,0,-1.45553656232096,0,0
1743,0.387491025773066,1.57245017442733,1,0,-0.573602087580472,0,0
1744,0.0696821663888009,1.46224743977216,1,1,-1.15987029479218,1,0
1745,0.347459902695846,0.754737590562864,1,1,1.44683437588296,1,1
1746,0.0638557740454755,0.343997366121209,1,1,-0.164883096020147,1,0
1747,0.246192380615004,1.19454907103229,1,0,-1.09383001104138,0,0
1748,0.00736568494471535,0.425382396665088,1,0,0.825060046575111,0,1
1749,0.0671645533439667,2.72476944753263,1,1,0.894823032323226,1,1
1750,0.366038802079856,3.05262732788146,2,0,0.138378122294568,0,1
1751,0.495220069669446,1.08952375107266,1,1,-0.992497539169845,1,0
1752,0.848110401071608,4.84681155783303,2,0,0.103754991992968,0,1
1753,1.08766868472436,1.18372596168578,1,1,-1.39264354472318,1,0
1754,0.095808954021883,1.97326204814115,1,1,0.934451910041247,1,1
1755,0.542177714644176,1.0230457703911,1,1,-0.295406162179604,1,0
1756,0.380898507428356,0.967228397178438,1,1,-0.430330293613646,1,0
1757,0.349189603584819,0.600482209140959,2,1,-0.306478594145475,1,0
1758,0.343324868008494,0.837405808063537,1,1,0.393737308952971,1,1
1759,0.437783024273813,1.18118526761418,1,0,2.15802069809471,0,1
1760,0.0579045030042079,0.875714620083387,1,1,-0.314515999304518,1,0
1761,0.4258842566158,1.09951798667084,1,0,-0.422196489673172,0,0
1762,0.754482557189755,0.786835952663484,1,1,0.333681291558667,1,1
1763,0.0364002725109458,0.249319143169374,1,0,-0.617861170085891,0,0
1764,0.635051073492587,5.89448698497286,2,0,-1.40865021745799,0,0
1765,0.254724297556095,2.26548093456855,1,1,-0.926002428794321,1,0
1766,0.886303976368561,2.29204860745924,0,1,-1.13837701777189,1,0
1767,0.129097925091628,3.20501723637184,0,1,0.775911054456248,1,1
1768,0.225871950387955,1.09020738862455,0,0,2.17557827527684,0,1
1769,0.262500465007038,1.37254413193428,2,1,0.892795827560831,1,1
1770,0.152443507395219,0.912078284687877,2,1,1.16946772588836,1,1
1771,0.405546852387488,0.859987019307628,1,0,0.219634624706866,0,1
1772,0.267481452901848,0.555222652231654,0,1,-1.84386479886794,1,0
1773,1.12608334208911,1.51378541973292,1,0,1.25025172214696,0,1
1774,0.0369639208656736,0.157587245700085,1,1,-0.359225830655815,1,0
1775,0.121268401177265,0.669525868462048,2,0,-0.0638833033217344,0,0
1776,0.0688348486437462,0.0767780436823765,0,1,-0.928090133603966,1,0
1777,0.0855475413845852,0.421168575801384,1,1,-0.594173044435931,1,0
1778,0.142850071417446,0.355316532283258,1,0,-1.20538517109093,0,0
1779,0.039130960286881,0.412965487721263,2,1,0.223037669547449,1,1
1780,0.989419768564403,1.96064952320231,2,0,-1.04429310165931,0,0
1781,0.323385582305491,0.970211651679172,2,0,0.862618180585174,0,1
1782,0.914580334158257,2.095698556548,1,1,0.815790966101884,1,1
1783,0.313237365765072,0.885730444382115,1,0,-0.540031297169055,0,0
1784,0.740849967670448,1.48309587580592,2,1,1.00458143508119,1,1
1785,0.724180250428617,0.769961628713014,0,0,-0.087089149448803,0,0
1786,0.609505945441134,2.06767386662352,0,1,0.431285362029189,1,1
1787,0.837818233386435,1.11067633336067,1,1,1.0564992807241,1,1
1788,0.51597354057879,0.538490938963464,1,1,0.104299332343598,1,1
1789,0.466996469220653,2.8846304012577,1,1,-0.23025851518155,1,0
1790,0.333449423313141,0.545925681168834,0,0,0.869366143279582,0,1
1791,0.181342080177274,1.10315402033509,1,1,-0.672377861645139,1,0
1792,0.730506917461753,1.39429830677792,1,0,-1.75964348942974,0,0
1793,3.13130113093143,6,0,0,-0.96685201018304,0,0
1794,1.12757622264326,3.36279161895315,0,0,-0.691445716435431,0,0
1795,0.0916861519217491,0.257096198046326,2,0,0.606039325592254,0,1
1796,0.466895916589357,0.540618700929541,2,1,0.219786896101029,1,1
1797,0.0100610137264624,0.810051712266322,2,1,-1.34347126639698,1,0
1798,0.344926769845188,0.692876626677226,2,0,1.24566265251743,0,1
1799,0.566668122437558,0.991679983080657,1,1,0.315110907318147,1,1
1800,0.55774572643012,0.906993554284175,0,0,0.413757381990974,0,1
1801,0.084595627267845,3.60829832779934,1,1,0.193226724145221,1,1
1802,0.164363549265545,0.689664014790839,1,1,-0.440271515115202,1,0
1803,0.236920685856603,0.500329286701799,1,1,-0.140854352044378,1,0
1804,0.248507277865428,0.496710703787329,1,1,-1.78689797748632,1,0
1805,0.790860475040972,1.73056258199116,0,0,-1.6791847424438,0,0
1806,0.058665843680501,0.409539422605732,2,0,1.46316222766983,0,1
1807,0.200857987510972,0.304627644973207,1,1,-2.01825920835101,1,0
1808,0.0261538801714778,1.05859188052515,0,1,1.10042213717321,1,1
1809,0.796761504468459,0.860089357655722,1,1,-0.664854130067403,1,0
1810,0.406545625472002,0.905208666012349,0,0,0.767606751403886,0,1
1811,0.745940812604323,2.44639444226548,1,1,-0.735084566392494,1,0
1812,0.399838489480317,0.805428195580285,1,0,-0.477708393563942,0,0
1813,0.192114798119292,0.652539837746007,2,1,-0.693086631853551,1,0
1814,0.980046957731247,2.80700422700175,2,0,0.972068460718325,0,1
1815,0.0999049487290904,0.279003367200657,1,1,-0.178844950530891,1,0
1816,0.488595686593846,1.85034934716616,1,1,0.162741327332076,1,1
1817,0.587246584446922,0.639600976751396,1,1,-0.341941730985872,1,0
1818,1.95583763083357,2.51749400879158,1,0,-0.731146666096597,0,0
1819,0.413286833791062,1.62906038906101,1,1,0.072957390229453,1,1
1820,0.0719927746104077,1.39876359924296,2,1,1.04710198799957,1,1
1821,0.155568999750793,0.681128616704069,1,0,0.0470212714865665,0,1
1822,0.76971494499594,1.12564443467864,1,0,-0.553780075433864,0,0
1823,0.23630193551071,0.625462428364436,1,1,0.11083890888881,1,1
1824,0.0138732117417446,0.288303842800224,2,1,1.42480479439717,1,1
1825,0.562596265782423,0.567201495801722,2,1,0.0698015264224406,1,1
1826,0.211497566662729,0.290311396800883,1,0,-1.27612148353074,0,0
1827,0.292697281764435,6,0,0,-0.58240010470288,0,0
1828,0.123765042910605,0.429236425910817,2,1,1.28830821172955,1,1
1829,0.276453594039879,1.10154422461414,2,1,0.665615533446063,1,1
1830,0.279536646266934,0.370589247685758,1,1,-1.20972919347302,1,0
1831,0.161139077972621,3.26783551916539,2,1,0.807278304272682,1,1
1832,0.130472497548908,0.923302013548683,2,1,0.14365067938204,1,1
1833,0.292672809528695,0.366087694025614,1,1,-0.210615594066521,1,0
1834,2.01741853049661,4.08912598454268,2,0,-0.856238539667992,0,0
1835,1.03681447095574,1.09354112976118,1,1,0.909825349421392,1,1
1836,0.447287292127211,4.06385669118368,2,1,-0.0474233171471626,1,0
1837,0.0354276689898941,0.596884478045316,1,0,-1.58644817358299,0,0
1838,0.176110385429613,1.27297476355863,1,1,-0.417464697344491,1,0
1839,0.164415479445605,0.225257672539762,2,0,1.49997466280957,0,1
1840,0.105279801646248,0.690594731472482,2,1,0.785927917128589,1,1
1841,0.622157782316208,0.719640501862439,1,0,0.450131713340267,0,1
1842,0.315239545307122,0.345534503505501,2,1,1.44224464091777,1,1
1843,0.102546639682259,0.388320325544977,1,1,-0.68111965921756,1,0
1844,0.915234681188162,2.1810462090375,1,1,1.01062197587266,1,1
1845,0.308459659107029,2.96180653881343,1,0,0.958569091528111,0,1
1846,0.834816896213971,1.72246760688722,0,1,0.533389952216559,1,1
1847,0.2205366752489,1.39891990700777,1,1,-0.263450338567789,1,0
1848,0.307638431259799,1.47821531501133,1,1,0.0443020180038489,1,1
1849,0.0333699462935328,0.467612331511366,2,0,-1.1611585461177,0,0
1850,0.0378932571038604,2.50933092216394,2,1,-0.397828617524711,1,0
1851,0.136628899901261,0.298160225429366,1,1,0.407007611765883,1,1
1852,0.413641245630775,3.85227392564985,2,0,-0.190986442186061,0,0
1853,0.140556890083748,0.308395254854881,1,1,1.30931711493955,1,1
1854,1.0603727469627,1.49701987133361,2,1,1.91789601268718,1,1
1855,0.0503782767885988,0.693572448736099,1,0,-0.727920986766834,0,0
1856,0.2845669069211,0.45996412149119,1,1,0.00589174252873008,1,1
1857,0.0471498028491624,1.10177552177006,1,1,1.47822623074209,1,1
1858,0.327118780463934,1.28609405626587,2,0,0.25024126670988,0,1
1859,0.451579817864977,0.744355018983188,0,1,-0.272283366212864,1,0
1860,0.834647344746087,3.99960762518993,2,0,-1.68067083707709,0,0
1861,0.226490979082882,1.03447801106888,2,0,1.50682786565074,0,1
1862,0.138349572953302,0.768658988970932,1,1,-1.15872614331455,1,0
1863,0.519166042096913,3.32851882092655,0,0,0.269312705746161,0,1
1864,0.221752005454618,0.621661957074111,2,1,0.400640420905128,1,1
1865,0.00798435478246746,1.49725954482609,2,1,0.439749257953661,1,1
1866,0.082312872109469,2.06345055866518,2,1,-0.457641620363585,1,0
1867,0.00837758001080254,2.75872320061719,2,1,-0.20707613069902,1,0
1868,0.143378467473667,0.325486367908074,1,1,-0.957874742546501,1,0
1869,1.60510310815588,1.94809350736935,1,0,-0.606174616054851,0,0
1870,0.249560390948318,0.503932051999182,0,1,-0.824025416987925,1,0
1871,0.129834175913472,1.05265252916783,2,0,1.52856084359413,0,1
1872,0.337621413927991,0.597190919442541,0,1,1.35479242585338,1,1
1873,0.168713417835534,1.02444067581369,2,0,0.344935714133211,0,1
1874,0.157723512747792,0.282517869952391,2,1,2.10402502830649,1,1
1875,0.968203838914633,2.09033755483877,2,0,0.51372901857446,0,1
1876,0.724037744745176,0.797708429961013,2,1,-0.0307900668623329,1,0
1877,1.12399552012199,1.18842733408139,1,1,-0.338508294497916,1,0
1878,0.00308777292957529,0.0495476374876516,1,1,0.631401145853422,1,1
1879,1.75297193260029,1.91101293951284,2,0,0.621334431935031,0,1
1880,0.180957016709726,0.19714257696541,0,1,-1.23370683444324,1,0
1881,0.2346761587842,0.264158607150407,2,0,1.51894644657839,0,1
1882,0.540078645552658,0.623002609065585,2,1,-0.0235160172093102,1,0
1883,0.141751104034483,0.589341264349865,1,0,0.842314189577547,0,1
1884,1.29608866636978,1.74777901047919,1,1,-0.637426640258403,1,0
1885,0.0769654905889183,0.155853983396052,2,1,0.783939835582749,1,1
1886,1.25470921676606,1.54259406454684,2,0,0.621800567522078,0,1
1887,0.342406064737588,0.581453917169796,1,1,-0.694812290227119,1,0
1888,0.0741325976559892,0.0963117914641335,2,1,1.65040276768176,1,1
1889,0.0422318355413154,0.126208111124458,1,1,1.98048940482134,1,1
1890,3.2850988282073,3.52339050297592,2,0,-0.28428535604896,0,0
1891,0.206195604987442,0.307965866486656,2,0,-0.107015881094731,0,0
1892,0.314566411077976,2.22859996333629,1,0,-0.0572317753401485,0,0
1893,0.0489208655199036,0.916334558604175,0,1,-0.648841856898299,1,0
1894,0.027889558696188,0.0548379556935052,1,1,-0.731221099890473,1,0
1895,0.0737631291849539,2.47405250307949,1,1,1.33130573994014,1,1
1896,0.445013901218772,0.947411849699986,2,0,0.531016320685651,0,1
1897,0.307651463954244,1.0185521460596,1,1,0.932070955318077,1,1
1898,0.0410053212939021,0.209658487641884,1,1,-1.1774627374166,1,0
1899,0.0748383943573572,0.144041822430177,1,1,-1.19962363982492,1,0
1900,0.200192788906861,0.48325523621956,1,1,-1.01292099139873,1,0
1901,0.0117933057481423,0.305800492694293,1,1,0.107919187381724,1,1
1902,1.64833314825355,1.86393739769512,1,1,-1.47111809392034,1,0
1903,0.397356304340065,0.468079171061453,1,0,-0.947606533674422,0,0
1904,0.412809150584508,0.786909884388593,1,1,2.17030851826402,1,1
1905,0.0125650607515126,0.21501135556853,2,1,2.00049379500203,1,1
1906,0.225559236481786,1.17617566566455,1,0,1.00688143699481,0,1
1907,0.40157837443985,0.516960070303594,2,1,1.19506806975616,1,1
1908,0.129943708598148,0.809817858357534,1,1,-0.409913048090333,1,0
1909,0.0107633523293771,1.05499517726397,2,1,0.289171213418674,1,1
1910,0.662570790570967,1.55730068257472,1,0,-0.0326906865581705,0,0
1911,0.118942969129421,0.657229572337203,1,1,-0.992391306204376,1,0
1912,0.0189622648758814,0.611691445612703,2,1,-0.351247090110786,1,0
1913,0.535093824275171,0.691541075315613,2,0,0.880746512488397,0,1
1914,0.805644137991414,1.45984467909374,2,1,1.14752935634565,1,1
1915,0.300503387697972,0.444674359846547,1,1,0.971750797006151,1,1
1916,0.893793656120794,0.945077511566565,1,1,-0.522201910569016,1,0
1917,0.0688379170605913,2.03193860001699,1,1,0.0956784918638487,1,1
1918,0.0708680613822229,2.00274768661301,2,1,0.397635157256576,1,1
1919,0.316678401255864,0.399887491087731,2,1,0.15560374034827,1,1
1920,0.105061480775476,0.446583968701792,2,0,0.356559816750643,0,1
1921,0.248190280655576,2.14696557646412,1,0,0.101806380203437,0,1
1922,0.119239544437733,1.10927244227562,1,1,-0.874995477296284,1,0
1923,0.268261265940964,1.59161993175829,2,0,-0.325488022854119,0,0
1924,0.571737052497275,2.7966221249891,1,1,-1.61037558976722,1,0
1925,0.0137212025001645,0.273558515706394,1,0,-0.823383850550365,0,0
1926,0.115153565703653,0.24366880332545,0,1,-0.849450061040154,1,0
1927,0.159015237353742,3.55081722718654,2,0,1.01098817935016,0,1
1928,0.544765993952751,1.11418971729099,2,0,1.10636285218561,0,1
1929,0.814996050295241,0.946345923494428,2,1,1.28111111212449,1,1
1930,0.274769996618392,0.354909579790359,1,1,-2.16039567691023,1,0
1931,0.206553957425058,0.928372986522146,1,0,-2.22201382625588,0,0
1932,0.797946030480609,0.840159104706548,2,1,0.632422405915713,1,1
1933,1.53110711849639,2.13964724375707,2,0,-0.28422177057473,0,0
1934,0.130436884765992,0.636805345425898,1,1,-0.470875697622721,1,0
1935,0.0143237700685859,1.04157436331213,2,0,-0.207839829179192,0,0
1936,0.259783818922591,2.50709662093413,1,0,1.56369179485602,0,1
1937,0.161270940947783,6,0,0,-1.2430513143678,0,0
1938,2.21349011725726,3.26868693344295,0,0,0.351384873600555,0,1
1939,0.43558949078136,0.965746709456046,0,1,-1.00445246930074,1,0
1940,0.171300176579314,3.10832298715534,1,1,-0.0965788864801641,1,0
1941,0.566638019023982,1.19640179587387,1,1,-1.10179368627199,1,0
1942,0.219117421281319,0.830096909991339,1,1,-0.950026130713246,1,0
1943,0.0288609747111091,0.552218255045105,2,1,0.799909141470763,1,1
1944,0.0633951058262028,0.265239836692252,1,1,0.64388390772517,1,1
1945,0.630271415549152,0.826744200690578,1,1,0.485007205440196,1,1
1946,0.661869909614325,1.22063379734755,0,0,1.08332242509653,0,1
1947,0.107760683458764,1.35035693110277,1,1,0.805394864900507,1,1
1948,0.0184533908031881,0.40002530142392,1,1,-0.16939478768278,1,0
1949,0.508508263711639,0.80023347549287,2,1,0.140992481322841,1,1
1950,0.524575863964856,1.20205741065244,0,0,-0.34647916265395,0,0
1951,0.0378160192080057,0.297791913021431,1,1,0.597495458251017,1,1
1952,0.27649085590383,0.295164224569687,1,1,-0.82653130599536,1,0
1953,0.169397578865755,0.881009087662568,1,1,-0.317205899366777,1,0
1954,0.0701463427108599,0.546801135883896,2,1,-0.00453454221488372,1,0
1955,0.0119312583842645,0.0628861342967368,1,1,-0.579838020080756,1,0
1956,0.0451391938258894,1.26585884882443,1,1,1.29348726099473,1,1
1957,0.105137664650101,0.290542478474541,0,1,0.150090141097348,1,1
1958,0.570138978047118,1.65258580014861,2,1,0.368900020959668,1,1
1959,0.167023130343296,0.525494579940449,1,1,-1.23427103204758,1,0
1960,0.267870963551104,1.82639274325344,2,0,-0.799107184146183,0,0
1961,0.362938823236618,2.22743174121606,2,1,-0.352362603925929,1,0
1962,0.514063192505211,0.893033303093551,2,1,0.543833481347856,1,1
1963,0.150520374299958,0.208085788670298,2,1,-0.977774055907743,1,0
1964,0.050482156053553,0.078276321770414,1,0,-0.672668343043095,0,0
1965,0.454189831390977,1.07451120820156,1,0,-1.19609616847585,0,0
1966,0.390005873632617,1.51812001484835,1,1,0.275740146612415,1,1
1967,0.803461389616132,0.925772758102866,0,0,-0.0686944709968885,0,0
1968,0.689542303999707,1.45037855642537,0,1,0.218593844799214,1,1
1969,1.84451838015559,2.29219126405145,2,0,-0.72897358612549,0,0
1970,0.166697050444782,2.27234339257161,1,1,1.65337008621831,1,1
1971,0.561414388913482,0.616973667649744,1,1,-2.12828424136535,1,0
1972,0.380618334116597,1.06702181480856,1,1,0.605062912052447,1,1
1973,0.124383447982837,1.29707536856735,1,1,-0.976753964467304,1,0
1974,0.114308977588855,0.651051182390109,1,1,-0.253539001863842,1,0
1975,0.670303442139931,1.51788346347031,2,1,0.412309737905387,1,1
1976,1.24161090329289,2.23596221767366,0,0,0.695672160193184,0,1
1977,0.0230301778438596,0.0846638693167663,2,1,2.786917720152,1,1
1978,1.22649289778771,2.33467046467266,2,1,-0.707520310734808,1,0
1979,0.305181240546517,0.775783847919455,0,1,-0.734292774247548,1,0
1980,0.0157783747999929,0.382508278606998,1,1,0.400241422611479,1,1
1981,0.187936650945838,6,0,0,-2.0792294815867,0,0
1982,0.158435099758208,0.223844203386768,2,0,-1.88429025348444,0,0
1983,0.805142337998917,1.20791554676497,0,0,1.98829491777692,0,1
1984,0.454528888687491,0.478127061148856,1,0,0.222223750732982,0,1
1985,0.676260742358863,1.00622060074134,2,0,0.0739263064208694,0,1
1986,1.59987884449346,2.32377671842624,1,1,-0.154459300314031,1,0
1987,0.0325287947783071,0.651801036304641,1,1,-0.0127450781355088,1,0
1988,0.0189367658991767,0.0673953940471013,0,1,-0.0663974633861822,1,0
1989,0.771586583789028,1.79657977624379,1,0,-0.403286554830652,0,0
1990,0.108608068549074,0.436489502357279,0,1,0.752386963637081,1,1
1991,0.312708098790608,0.987783559917959,1,1,-1.2602457070751,1,0
1992,0.0952156880521215,1.21510842183529,0,1,0.336045096454032,1,1
1993,1.28938570496963,1.66191298594487,1,1,-0.987386640440093,1,0
1994,0.712660220451653,6,0,0,-0.299435440650783,0,0
1995,0.0487678475198684,0.530374401936106,1,0,-1.85205684154317,0,0
1996,0.724092557185151,3.07343117582301,0,1,-0.722554194164303,1,0
1997,0.812062589451671,1.79702854340992,1,0,-1.4915359279201,0,0
1998,0.222921326640062,0.507301932150361,1,1,-0.542698443770029,1,0
1999,0.719106573611498,0.919677468566994,0,0,0.343541901828358,0,1
2000,0.0575317944632748,0.390577967106923,1,1,-2.57236689620046,1,0
2001,0.151732414669823,0.216942464985459,1,1,-1.0791026981699,1,0
2002,0.0708975195884705,1.24666022381207,1,0,0.452393375983313,0,1
2003,0.00377784894203158,0.583750526326714,1,1,-1.03111352883999,1,0
2004,0.499521313372891,0.649243777462069,1,0,-0.625351701240503,0,0
2005,1.16497120726854,1.53869911465012,2,0,-0.171606085748427,0,0
2006,0.0273302782290401,1.14925532297461,1,1,2.03744107690316,1,1
2007,1.22738937474787,1.35523579598567,2,0,-1.58489895000076,0,0
2008,0.0329716497799382,0.289109649869103,2,1,1.59282823076682,1,1
2009,1.65164406840343,1.75717336958373,1,0,0.746622919842593,0,1
2010,0.426682197721675,0.624850870693016,1,1,0.276439986793344,1,1
2011,0.364049601368606,0.404328079198069,1,0,0.837776225599453,0,1
2012,0.153910984809045,2.07756885395948,1,1,-1.81528910642845,1,0
2013,0.366756607254501,0.543847178433031,1,1,-0.835792173317979,1,0
2014,0.230328927282244,0.986479869245897,2,1,1.11395543332528,1,1
2015,0.388321485952474,0.655354632413213,1,1,-0.190191070052332,1,0
2016,0.51415298590961,2.39739433773145,1,1,-1.57037837602149,1,0
2017,0.0840765261091292,1.02624943092443,1,1,0.33471692522661,1,1
2018,1.99495776734295,3.12766055123591,0,0,-0.452388762235409,0,0
2019,0.168504300042007,0.435028812325033,1,1,0.556902164024549,1,1
2020,0.0913099819224748,0.121109035486976,0,1,-2.59209617789705,1,0
2021,1.03232829924673,1.14916587331693,1,0,0.655961707860534,0,1
2022,0.389720584789757,0.725465383390121,2,1,1.56956099773986,1,1
2023,0.166349751156817,0.463422354550142,0,0,-0.981335477362354,0,0
2024,2.06639223723652,4.94704057682713,2,0,-0.0352863146816344,0,0
2025,0.410357835702598,2.86855378125393,2,0,-0.526278390007357,0,0
2026,0.593867314720348,1.05527327853881,1,1,-0.892885079654557,1,0
2027,0.643373880858354,0.901424603148509,1,1,-2.24160503425479,1,0
2028,0.262942430493165,1.25671488347539,2,1,-0.67038165250878,1,0
2029,0.169169595477875,0.206163711845875,0,1,0.0527642799191971,1,1
2030,0.189670623706406,0.421312849276638,2,0,0.530416868317452,0,1
2031,0.722564867204248,6,0,0,0.120049012992634,0,1
2032,0.289763811044395,3.86115415389517,2,0,-0.348083923641113,0,0
2033,0.371980518102646,0.871735644003004,2,0,0.136436743039273,0,1
2034,0.291732300249264,6,0,0,-1.11843307083392,0,0
2035,0.368840824812651,2.23247385545283,2,0,1.32313459333807,0,1
2036,1.48123864448609,1.74902647936929,2,0,0.094837420639921,0,1
2037,0.392785120639019,0.82064682110452,2,1,0.361451322004575,1,1
2038,1.02446576691569,1.86260409782704,1,1,-0.54315507026312,1,0
2039,0.0291284774958217,0.382066799151075,1,1,-0.438077341324399,1,0
2040,0.240761128079612,2.33783703855,1,1,-1.27761451533424,1,0
2041,0.368798368726857,0.423143291845918,0,1,1.25877190919997,1,1
2042,0.0898316130042076,0.0948951688418137,1,0,-0.711127127505441,0,0
2043,0.0859785047516089,1.24854858033359,0,0,0.950390628767612,0,1
2044,0.134842024094888,1.44834123126428,1,0,-0.561603500167551,0,0
2045,0.152390632720198,0.656205363915041,2,1,1.15607731050217,1,1
2046,0.0646507649029831,0.796793786128146,1,0,0.613038295993517,0,1
2047,0.586978021866463,0.844452749858525,2,1,-1.04806325794067,1,0
2048,0.0607241262669239,1.13264610977827,2,1,0.876720408608327,1,1
2049,0.298205262966672,0.555370195037867,1,1,-0.294479185790541,1,0
2050,0.889775024726987,2.63057608329783,2,0,-0.471309004431545,0,0
2051,0.49748258292675,0.624084683697936,2,0,-1.50036525791699,0,0
2052,0.0600660039344802,0.746778113290397,1,1,-0.485967382991142,1,0
2053,0.210240162850823,0.253571729693759,2,1,1.91324781327864,1,1
2054,0.0537443233770318,0.513616960731119,1,1,-0.942245711743627,1,0
2055,0.0822344733381792,2.88055454347903,2,1,0.0403503623391252,1,1
2056,0.0152042014524341,0.424288976838533,1,0,1.31092069339391,0,1
2057,0.106278320774436,0.449999527584082,1,0,0.782132336551878,0,1
2058,1.10044091474265,6,0,0,-0.459945471499657,0,0
2059,0.535060430384994,1.05345646178347,1,1,-1.54737249001253,1,0
2060,0.529996469292578,1.5029555170024,1,1,-0.0651712780707302,1,0
2061,0.375051557202823,1.48050675872766,1,1,0.994742270237411,1,1
2062,0.0692035509909329,0.0798178739902437,2,0,-0.48101922249943,0,0
2063,0.219476955487428,0.346835728740674,1,1,-0.956447666417183,1,0
2064,0.421309621015098,1.02765568171332,2,1,-1.73531773275798,1,0
2065,0.356859381427057,1.03237966288989,1,1,0.0574943820101018,1,1
2066,0.175271681509912,3.68750412987622,2,0,1.05173609935792,0,1
2067,0.558624085361891,0.594362597206066,2,1,-0.719027121768987,1,0
2068,0.698937550187111,0.892387799515047,1,0,1.56095607558257,0,1
2069,0.129454139387235,0.375792391974891,1,1,-0.729833589425043,1,0
2070,0.265611751237884,0.835456416431148,1,1,-1.58052313690762,1,0
2071,0.513367173817761,1.38893788106185,1,1,0.63576837845338,1,1
2072,0.00514134962735294,0.445411616926752,1,1,-0.190028427082138,1,0
2073,0.00806182622909546,0.0610190813187462,1,0,-0.159423957964628,0,0
2074,1.89704425532159,4.97257099522585,2,0,-1.31262311198067,0,0
2075,1.23773497343063,1.26304757271475,1,0,-2.01420809509155,0,0
2076,0.771968986929216,3.87724353544544,1,1,-0.208839820748122,1,0
2077,0.00790699525622032,1.23124911258829,1,1,1.66717245328585,1,1
2078,0.654028732461697,0.992691365705578,1,0,-0.640842054476841,0,0
2079,0.0732801767298952,1.11632894822593,0,1,-0.171838221383741,1,0
2080,0.1330075741044,1.42024362598839,1,1,1.48852467449024,1,1
2081,0.166804814070929,0.440123543883112,1,1,0.856366491255267,1,1
2082,0.0725550724181817,0.111726638374754,2,1,1.38641021202694,1,1
2083,0.0282958979369141,0.56482797313643,2,1,-1.26545584226951,1,0
2084,0.152714285359252,1.00850984962395,2,1,0.158165739956517,1,1
2085,0.733646271633219,1.33919472461697,1,1,-0.108075710150697,1,0
2086,0.270671756067975,0.941212314440139,2,0,0.145009357836384,0,1
2087,0.818110652267933,0.966351072896912,2,0,0.00210753446494544,0,1
2088,0.362718405202031,1.48079651684104,1,0,0.141105190530256,0,1
2089,0.194716189790956,0.270684467289203,2,1,0.389620791982371,1,1
2090,0.110518028650381,0.44811625850275,1,1,0.092698407413779,1,1
2091,0.169515002053231,0.893553245492438,2,1,0.166521494507293,1,1
2092,0.394246633368167,1.8542246583589,1,1,-1.00374360922904,1,0
2093,0.0714606391265988,0.695635031549064,1,0,-0.972911242113291,0,0
2094,0.705494675176971,2.67903000001283,2,1,0.520638392351506,1,1
2095,0.0644606190623432,0.635735743598402,1,0,-0.441421955960717,0,0
2096,0.169649986550212,1.36829952228131,1,0,-2.23436196611436,0,0
2097,3.87832813166116,5.9177961187937,2,0,0.693328742275201,0,1
2098,0.0616908696247265,0.145007489857274,1,1,-1.34304294552781,1,0
2099,0.162743637920357,0.190853632673995,1,1,0.539152723492945,1,1
2100,0.482452149235603,0.599492954457795,1,1,-0.894298471592671,1,0
2101,1.45095320968869,3.03208664990927,2,0,0.729675937199566,0,1
2102,1.20116260275245,1.68926943294425,1,0,-0.0553566293008362,0,0
2103,0.0303681429439378,2.67330917991896,2,1,1.12306738463199,1,1
2104,0.909050315618515,1.27002531041702,0,0,-1.36428499291795,0,0
2105,2.32224625340643,2.50670854304856,2,0,-0.28266936905812,0,0
2106,0.950865276329835,1.14674340002239,0,1,0.864523005061859,1,1
2107,0.577055194697218,0.577255963344378,1,1,0.796551859366637,1,1
2108,0.118315955041908,0.457320141685628,1,1,0.378573344293404,1,1
2109,0.0174059384927928,0.605422943793521,1,1,-0.98586120588999,1,0
2110,0.983109201304615,2.11719769745997,2,0,0.788518064769778,0,1
2111,0.432240513327997,0.490740795309345,0,1,-0.0248057568218544,1,0
2112,0.132593747985084,0.734812968376678,1,1,-0.12128749494084,1,0
2113,0.535143806942174,1.1419795235553,1,1,0.766973537602156,1,1
2114,0.0704528100322932,0.646629343939862,1,1,0.208475509569072,1,1
2115,0.289346791803837,0.534132350089662,2,0,0.258376967243087,0,1
2116,0.835635831579566,1.04214463960923,1,0,-0.436411945609784,0,0
2117,0.414119666074471,2.81216078395172,1,0,1.30355995399825,0,1
2118,0.039373090847185,0.788587081042921,1,0,-0.443158529521615,0,0
2119,0.20028804341564,0.534665407531001,2,1,0.0884649582215812,1,1
2120,0.00133353202897538,0.774600722533333,2,1,0.382986111928492,1,1
2121,1.30687955580652,4.69149730996093,1,0,-1.76866646771346,0,0
2122,0.736369700283061,1.06546893838297,1,0,-0.973977702408147,0,0
2123,0.0646362250820233,0.144262854652079,1,1,-0.506015975407233,1,0
2124,0.842599449653,1.20223273644775,1,1,0.763950926452923,1,1
2125,1.72381321965705,1.78005484196981,2,0,0.847849973809009,0,1
2126,0.149230771930888,0.262864111403027,2,1,1.22535998045648,1,1
2127,0.0777671472998588,0.411757404416175,1,1,0.0746472513956666,1,1
2128,0.0905720013543032,1.97885420504998,1,1,0.204232613188393,1,1
2129,1.02376569714397,6,0,0,-0.33439918037061,0,0
2130,0.0568883511004969,1.62169158148269,0,1,-0.227306898466801,1,0
2131,0.169733390212059,0.281767766055996,1,0,-1.28046129441036,0,0
2132,0.333615904964972,3.0690657806918,1,1,-0.721960418190845,1,0
2133,0.016594456678917,0.246773155317272,2,1,2.50009806268893,1,1
2134,0.089562284944961,1.15397508128696,2,1,0.00716047670997002,1,1
2135,0.224038895976264,0.304819352979727,2,1,0.484030866041439,1,1
2136,1.51327887169066,1.9377345775085,2,0,0.980558292132084,0,1
2137,0.115688978403341,2.79878946993547,1,1,-0.753723729851782,1,0
2138,0.000218135139217392,1.67608791561032,0,1,-0.600238291254822,1,0
2139,0.533783412512213,5.21532763453464,2,1,-0.65438071297722,1,0
2140,2.00465394639152,2.62265524577882,1,1,1.11300009380459,1,1
2141,0.172000564331042,1.18183994665742,0,0,-0.885697612824863,0,0
2142,0.218561480869539,0.607149487613078,1,1,-0.31197311615174,1,0
2143,0.118615036830306,0.169222650707474,1,0,0.00568572204546471,0,1
2144,0.0288218436762691,0.126495882868767,0,0,-0.00263354588050415,0,0
2145,0.574111914585166,0.643602968567777,1,1,-1.77679034443486,1,0
2146,0.299149376223795,1.78362560391487,1,1,1.72258194654035,1,1
2147,0.201410473324358,2.1278661582619,0,0,-0.715701082877512,0,0
2148,0.361336217611097,1.5151393159423,1,1,1.03628156134085,1,1
2149,0.730686980147261,3.71700904021661,0,0,-1.25060900649639,0,0
2150,0.0597178792031526,2.19753671928179,1,1,0.900763222573505,1,1
2151,0.106479305163762,0.272312503185077,0,0,0.630407970997663,0,1
2152,4.45303505699529,4.62790084995454,2,0,0.129477071467298,0,1
2153,0.0735362233686532,2.68317096556226,0,1,-0.802096086277495,1,0
2154,0.117723063449375,0.242214625638628,1,1,-1.21395921989939,1,0
2155,0.0745740166166797,1.44464240320931,2,1,0.6865521325661,1,1
2156,0.231519902125001,0.244047515626033,1,0,0.287752825933986,0,1
2157,0.176789243996609,0.382222504316324,1,1,-0.0897543635307818,1,0
2158,0.901170352526619,1.22139476182289,2,1,0.405482079937701,1,1
2159,1.10883673182094,1.33193707756343,1,1,0.58202011390288,1,1
2160,1.21768027916551,3.15148670433077,0,0,-0.606426558859887,0,0
2161,0.341066756285727,2.01502331749718,1,0,0.320331347992056,0,1
2162,0.724479831371598,2.33140570473887,1,1,2.03917501149635,1,1
2163,0.34810349702012,1.53331503582497,0,0,-0.631978791552798,0,0
2164,0.384197839883237,0.574004016139036,1,0,-0.798999114201444,0,0
2165,2.1560506801002,2.30792223434439,2,1,0.0604091701515491,1,1
2166,0.289369771257043,2.08901995482544,0,0,0.663755810290954,0,1
2167,0.477314673979479,1.42823698275862,2,1,-0.770192188359935,1,0
2168,0.358926924818661,2.14723835741942,2,1,-0.316695168089181,1,0
2169,0.126542656615529,1.27427158600068,1,1,-1.97678534813687,1,0
2170,0.271295671714197,1.27217701884926,0,0,-0.163690163872873,0,0
2171,0.234893500832738,0.484876948377952,2,1,-0.0834589542607953,1,0
2172,0.411967893692551,1.16510273313875,1,1,0.991793530869875,1,1
2173,0.598163387595497,1.16807003747552,1,1,1.23498675590716,1,1
2174,0.693626467138529,3.41073389165103,0,0,1.05856453719329,0,1
2175,0.885014283651129,1.14979449596763,1,1,0.0939379881071967,1,1
2176,1.17002074047923,5.30396878403369,2,0,-0.29233547638677,0,0
2177,0.959695549692495,1.37976507279235,1,0,-0.145735102135354,0,0
2178,0.0170510122552514,1.34736168815508,1,0,-0.512903406407809,0,0
2179,0.228118672176447,1.57385915455951,1,1,1.01865308067622,1,1
2180,0.105798618838368,0.283484726722544,1,1,-0.772321927533979,1,0
2181,0.253970885397093,1.14531579460564,2,1,-0.0563385957991161,1,0
2182,0.00206870957868512,0.0910501926779195,0,1,-0.543795791656053,1,0
2183,0.080220271483995,0.955912911825405,1,1,-1.43622581127068,1,0
2184,0.157310704700649,0.532483025809662,2,0,0.129362859527153,0,1
2185,0.551414282500565,1.31495035022967,2,1,1.31082069070967,1,1
2186,0.415665426116902,0.691111832053084,1,1,1.34927862513475,1,1
2187,0.288108990777562,2.79801659596463,0,0,1.55621547735646,0,1
2188,0.365981448230148,1.07066709332646,2,0,1.9887521907269,0,1
2189,0.910522705012628,1.51172638193364,1,1,1.1664128769115,1,1
2190,0.604275407336132,0.963138473414609,1,1,0.955213635378216,1,1
2191,0.311500650714152,0.853978623963967,1,1,0.0519457758361396,1,1
2192,0.259559046477079,0.564624990183294,1,0,-0.900653011346727,0,0
2193,1.03442942951211,1.15422973587069,2,1,0.806582212141471,1,1
2194,0.227863019681536,1.43767431392267,2,1,0.447131417698473,1,1
2195,0.936760510317981,1.0300345351152,1,0,-0.246194050079854,0,0
2196,0.605990072918877,3.51001149125077,1,1,-0.466584354777921,1,0
2197,0.558771965093911,2.00056993712982,0,0,-1.77772412736064,0,0
2198,0.0800738725811243,0.166020021757814,2,0,0.773648273861707,0,1
2199,1.13385223783553,1.96696180200901,2,0,0.262674214368829,0,1
2200,0.106044228515648,2.31750536029734,2,1,0.320457712473183,1,1
2201,0.0607939247856848,1.4263654772235,1,1,0.725587499003918,1,1
2202,0.653464153570871,2.85721694376269,2,0,-0.77035172434533,0,0
2203,0.105037698813248,0.439332723454417,1,1,-0.708448317584402,1,0
2204,0.354779849294573,0.718683596181688,1,1,-0.503091548024585,1,0
2205,0.514503202401102,1.425883632694,1,0,-0.702501095023699,0,0
2206,0.112810887803789,0.876258466407897,1,1,-0.735609739463102,1,0
2207,0.100431692366022,2.73566028205903,1,1,1.52680513271714,1,1
2208,0.310272895062504,0.356796087843915,1,1,-0.845044307533294,1,0
2209,0.230757053359412,0.84716583379043,1,1,-1.33416428257968,1,0
2210,0.233230158048291,2.26211509548093,1,1,0.0764163042256875,1,1
2211,0.275053950899746,0.847410708580892,1,1,-0.321073665040339,1,0
2212,0.798067719416514,1.42756640399699,1,1,0.472103259820972,1,1
2213,0.749678940489658,1.30637641006322,1,0,-0.527302709665437,0,0
2214,0.127084462728817,0.536412683626016,0,1,0.19360102975395,1,1
2215,0.173586237360723,0.267755118245905,2,1,0.881261569544257,1,1
2216,0.10087898328439,0.169709883964615,1,1,-1.44556611024757,1,0
2217,1.56203728155764,2.12040016285568,0,0,-1.60443727448753,0,0
2218,0.610771792009473,3.39974372659233,2,0,-0.797603210967296,0,0
2219,0.214346456843076,1.09990713080353,1,1,-0.928504889051434,1,0
2220,0.63983228287828,6,0,1,-0.25707437874375,1,0
2221,0.238106047036126,0.248895364685588,1,1,-0.538451027715003,1,0
2222,0.0664406243917795,1.40192871049912,1,1,-0.949114274078124,1,0
2223,0.539333963583585,2.04806175933526,2,1,-0.480841756385473,1,0
2224,0.215966645337176,0.263741622680707,1,1,-0.881995857427708,1,0
2225,0.722985192525022,0.989184874339397,2,1,-0.918214986091487,1,0
2226,2.07210068023744,2.40192129129863,1,0,0.733318031883752,0,1
2227,0.213282944168895,0.319990263294116,1,1,-0.0797435857205015,1,0
2228,0.113992310944013,0.883206906613827,2,1,0.141025774055836,1,1
2229,0.166672874765936,2.88076180964708,0,1,-0.774593896961518,1,0
2230,0.455745079554617,0.543573723527534,0,0,0.0423708443171007,0,1
2231,0.136212560378529,0.411140387930102,2,1,1.30408173950386,1,1
2232,0.06242180702934,0.136134482218309,2,1,0.453268552885389,1,1
2233,0.381404138170183,2.68388921588663,2,0,-0.0889198528538899,0,0
2234,0.179878664785065,1.0165160902215,1,1,-0.180711411880417,1,0
2235,1.19799336697906,1.20893078247076,1,0,-0.520978196677871,0,0
2236,0.0126990685239434,1.35200611604027,2,0,0.704594273831315,0,1
2237,0.00917774020003419,1.14143244237365,1,1,-1.66151397503024,1,0
2238,0.00207779338603521,1.20796214134741,1,1,-1.85332536476422,1,0
2239,0.540292302132167,3.6999794964989,0,0,0.31084828602548,0,1
2240,0.955014836974442,1.3191258819957,2,0,-0.639078365638333,0,0
2241,0.422979970753659,1.12637668126435,2,1,0.157390695078973,1,1
2242,0.161474310734775,0.257532454625115,1,1,-0.419461413255398,1,0
2243,0.254009458585642,2.60061783946529,1,1,1.73690565644037,1,1
2244,0.958139528467894,0.990244946597903,2,1,1.32884659523563,1,1
2245,0.116198819305282,0.543311386329293,1,1,-0.235247672846941,1,0
2246,0.013220417604316,0.550713488872663,2,1,-0.149061995271948,1,0
2247,0.366522379626986,1.00945422903596,2,1,-0.270956475298463,1,0
2248,0.0509063410572708,1.27190043138302,0,1,0.467215547402393,1,1
2249,0.549537232145667,0.860028715412552,1,0,-0.809775998435889,0,0
2250,0.0293255608994514,0.681445080684942,0,1,-0.663834982996351,1,0
2251,0.474854598753154,0.814716014490832,2,0,1.10091724081627,0,1
2252,0.163078944024164,0.608050969313333,1,1,0.126375068557757,1,1
2253,0.123264738235702,3.65399650893169,2,1,-0.710299830752796,1,0
2254,0.193302823584625,1.42337781785252,2,1,0.634967273210722,1,1
2255,0.439412303226109,0.530731765591016,1,1,1.14514423437286,1,1
2256,0.185195399341068,0.762994463140242,1,1,0.978477451507063,1,1
2257,0.0801186942492747,1.35910649688261,1,0,0.0797894205940719,0,1
2258,1.89972135975006,2.19858643229026,2,0,-0.383492225155676,0,0
2259,1.14748054463416,1.3457604742631,1,0,0.809454241640153,0,1
2260,0.118388454138767,0.31638511845259,1,1,-1.0296128938461,1,0
2261,0.298190237898645,1.51701472364201,2,0,0.58950001164437,0,1
2262,0.42647054156987,0.429251478144608,2,1,-0.655147133057011,1,0
2263,1.19086559740232,2.2335952273536,1,1,1.76950102983292,1,1
2264,2.03722984985191,2.69619361284354,1,1,0.357788400357274,1,1
2265,0.0324490601196885,0.173544044633494,1,0,-0.495770235860747,0,0
2266,0.502557864502825,0.78836583939963,1,1,-0.240952094627548,1,0
2267,1.33792515005916,2.76933684945107,0,0,0.244330322799171,0,1
2268,0.751898160643697,2.78047647769865,2,1,-0.271911722776096,1,0
2269,0.0246384655474685,0.308878282882322,1,1,-1.59055087855394,1,0
2270,0.0232341778977918,1.57311522628669,2,1,-0.999111343121426,1,0
2271,0.647876846461378,1.2881167512387,0,1,0.232623656746287,1,1
2272,1.39697963247581,1.42560617687802,0,1,-0.923375373923117,1,0
2273,0.528872678056359,2.58563917265646,2,0,0.880309309591301,0,1
2274,0.74065649881959,2.04245005434867,2,0,-0.834604712098632,0,0
2275,0.389042989350855,0.789655789744353,1,0,-0.697318440109254,0,0
2276,0.193093182460871,2.31535645605492,2,1,-0.287129364457159,1,0
2277,0.699699198565989,1.34157623636777,1,1,-0.440624326347097,1,0
2278,0.101518302399199,0.650754423766713,1,1,-0.45947524020413,1,0
2279,0.519088857389881,0.911850487316074,2,1,1.49069638810161,1,1
2280,0.21155763650313,1.88558084328558,1,1,-0.0549003030023744,1,0
2281,0.214663969367277,0.987833736469777,1,0,-1.63544751734788,0,0
2282,2.03078040607031,2.52011457307796,1,0,-0.0155214745367783,0,0
2283,0.228879621252418,0.575516915704925,2,0,-0.281056341183054,0,0
2284,0.291884337713574,1.38695425974826,0,0,0.655049844155242,0,1
2285,0.0659104718982259,0.390910573821195,2,1,-0.112611462884286,1,0
2286,0.309287675772794,0.962804866465443,1,1,-0.990917723551554,1,0
2287,0.052785609732382,0.914548590805981,1,1,-0.863823547539652,1,0
2288,0.256613705423661,0.342255575923873,2,1,0.612935275957758,1,1
2289,0.713899763624005,1.04792221292951,1,1,-1.20359507654005,1,0
2290,0.0604582164669409,0.510733910139881,1,1,-1.19492220240794,1,0
2291,2.07935606121066,2.75919981162744,2,0,-0.0895305034478638,0,0
2292,0.375890091527253,1.09236408610791,1,1,-1.46474247496037,1,0
2293,0.336255946895108,1.33110051885647,1,1,-1.01414222602256,1,0
2294,0.590610953487277,1.41863613920009,2,1,0.0533914932950643,1,1
2295,0.625101613812149,0.661821271897256,2,0,-0.733483214051078,0,0
2296,0.075678768043872,0.962920721537222,0,1,-0.661699113665999,1,0
2297,0.33900073487541,0.717501634161213,1,1,0.407242957282215,1,1
2298,0.000375549195099084,0.150321952727282,1,0,-2.24610302080163,0,0
2299,0.526249925887376,1.80148057345123,1,1,-0.563631119101895,1,0
2300,0.36897459969623,2.37568016886967,1,1,1.74460960243153,1,1
2301,1.01946188975126,1.33931194543964,0,0,-0.489272910710842,0,0
2302,0.469101159141135,1.75526984457863,2,0,-1.05076970702394,0,0
2303,0.57933318729741,1.45056720856865,1,1,0.0986307202360222,1,1
2304,0.609592130789195,1.52433473887249,2,0,-0.497352884600643,0,0
2305,0.127075796190184,0.525824044019051,1,1,0.720556112649136,1,1
2306,0.0296029317541979,0.0740380752381573,2,1,0.815108820589412,1,1
2307,1.70572960857807,3.06024148872219,1,1,-0.264615763571639,1,0
2308,0.207364177331328,0.855308157197609,2,0,1.10614246014316,0,1
2309,0.0713021764531732,3.71884232580525,2,0,-0.83210484965038,0,0
2310,0.59593694398348,1.20101516772044,2,1,0.62010473714674,1,1
2311,0.302886519940539,2.58601707285839,2,0,-0.0387592988301707,0,0
2312,0.411499259993434,2.12948950606775,1,0,-0.466667556416112,0,0
2313,1.01186372805387,1.91425659515619,1,0,0.0647440728001486,0,1
2314,0.226125637709629,2.39620554938615,1,1,2.72699526968535,1,1
2315,0.429876591078937,0.855759111782242,2,0,0.20445352405007,0,1
2316,0.356565332331229,0.889282971573877,0,1,-0.889823430452208,1,0
2317,0.795944513444145,1.91271826935311,0,0,0.286575034474681,0,1
2318,0.115313799917691,0.275942105431447,2,1,2.192184163236,1,1
2319,1.35050560807453,1.64161796638295,2,1,-0.245929750511478,1,0
2320,0.315200033073779,2.4446079103897,0,1,-0.268665747102255,1,0
2321,0.00735656311081159,0.898564486877713,0,1,0.856259270397974,1,1
2322,0.271413115260657,2.07293558555345,0,1,0.310289513327847,1,1
2323,0.463986438672811,1.51050277051556,1,1,-0.684753627798609,1,0
2324,0.0582649391144514,0.236036567077363,2,0,0.173004831167991,0,1
2325,0.522208960584186,0.869683967924589,1,1,-1.31339540448739,1,0
2326,0.504968804293809,0.801283424409423,1,1,-0.681700693591357,1,0
2327,0.0604109214618802,0.093263917614041,1,0,-0.575454906060921,0,0
2328,0.0524113359278999,0.15906902052547,1,1,-3.05143610698788,1,0
2329,1.69160160022744,4.27016348373121,1,0,-0.143958953769611,0,0
2330,0.1058507343987,0.944295932228367,0,1,-0.0154214725354604,1,0
2331,0.840807787142694,2.19633110488455,0,0,1.27539805915267,0,1
2332,1.04301448538899,1.32786855842648,1,0,0.327445939142191,0,1
2333,0.130128018370569,0.567841807905115,2,1,1.91386531322477,1,1
2334,0.415846621326637,0.5808502362779,1,1,0.670649289287427,1,1
2335,0.0248579814797267,0.0394786449858453,1,1,0.442812943785254,1,1
2336,1.64812790594044,3.92122708835988,2,0,0.905579989579622,0,1
2337,0.655097245238721,1.05203215265389,2,0,0.101222727336792,0,1
2338,0.179600378504491,0.2081834767016,1,1,-2.0646574746431,1,0
2339,1.41901287731408,1.4499245412369,2,1,0.109548567936219,1,1
2340,0.47644351024349,0.506347463493234,2,1,0.332550195281146,1,1
2341,0.817342187484548,1.68485275231429,2,1,0.654785531724088,1,1
2342,0.63013464733661,2.23772541459177,2,1,0.745957654287952,1,1
2343,0.109710722463205,1.08171021520818,1,1,-0.240751628343602,1,0
2344,0.512717493998412,1.57311045075196,1,1,-0.269390264752857,1,0
2345,0.0243248750783772,0.147682650890461,2,1,-0.239331755416317,1,0
2346,0.616362804404281,2.74532881623813,2,1,-0.699045614248853,1,0
2347,0.011793446727097,0.997491488904115,2,0,0.480596501493103,0,1
2348,0.0977431531646289,0.149797225561925,1,1,0.410427000350133,1,1
2349,0.255833195597608,0.68252657496883,0,0,0.66826988130253,0,1
2350,1.48089923488207,2.50980616661722,2,0,1.64508142021847,0,1
2351,0.225900440473981,1.28490845249696,1,1,0.0177072788450814,1,1
2352,0.677536769627415,1.10081677662978,1,1,0.594291034996156,1,1
2353,0.672536919824779,1.03291087586279,1,0,-0.0517539994560737,0,0
2354,0.0518568060033729,0.307463405027953,1,1,-1.07870807701183,1,0
2355,1.98215088984909,2.07246689585606,2,0,0.974552460409875,0,1
2356,1.59450316092882,2.58111214886109,0,0,-1.62936420266329,0,0
2357,0.606741718339555,1.12392542039385,1,1,-0.670093306707947,1,0
2358,0.538058402948081,1.90212627182114,1,0,-0.415862081604835,0,0
2359,0.0208002320141532,0.233059955205909,1,1,-0.493864145135249,1,0
2360,0.161610479460535,1.07903425861318,2,0,1.4932807516568,0,1
2361,0.117232212014192,1.31409649029203,1,0,-0.890112624433267,0,0
2362,0.0839703451492824,0.301984854494799,2,1,1.67336828931502,1,1
2363,0.158119887926378,0.306487548230259,1,1,-1.06791641033242,1,0
2364,0.021048907074146,0.276800960661193,1,1,-0.676728155645972,1,0
2365,0.130493145436049,0.182317005759474,1,0,-1.11559713427652,0,0
2366,0.122717965277843,1.40527995130595,1,1,-0.478750236122862,1,0
2367,0.725088839035266,1.05915734552115,2,1,0.577711024686375,1,1
2368,0.310939183982555,1.29385375934405,1,1,-0.319584753799102,1,0
2369,0.166162681452551,0.324159534648061,0,1,-0.182995931511916,1,0
2370,0.389427256770432,0.5523042847872,2,0,-0.304659940335656,0,0
2371,0.226084509368745,0.715071564145085,1,1,-1.69567079012457,1,0
2372,0.345858139453837,0.585485582541352,2,0,-0.324861448892634,0,0
2373,0.0650501285853969,0.555048412063868,1,1,0.965267857292083,1,1
2374,0.0784724852010797,0.485207160461135,1,1,0.891748571227912,1,1
2375,0.072029009746039,0.114383115486169,2,1,0.962516679182818,1,1
2376,0.202934264962096,4.64677885363878,1,1,-0.0903510617233908,1,0
2377,0.0554052903316915,0.679484997370744,1,1,0.894082620252194,1,1
2378,0.0467047024262938,0.227796866868933,0,1,0.796910269554722,1,1
2379,0.0525074367760681,1.05266255782571,1,1,-0.678585806274167,1,0
2380,0.742094951737282,2.96704241777687,1,0,-0.342875382359558,0,0
2381,0.238407548458781,0.356112040951582,1,1,0.825496929784277,1,1
2382,0.230562127195299,1.97363046739461,1,0,-0.432809782624119,0,0
2383,0.0377963861683384,0.3559130477317,1,1,-0.436067551416022,1,0
2384,0.0280073011526838,0.335097010750259,1,1,-1.31168092301842,1,0
2385,0.142825003713369,0.300487375073127,2,0,1.77546206192035,0,1
2386,3.07234176231508,3.63461274032791,0,0,-0.124162190745649,0,0
2387,0.340814993833192,0.402843381698872,1,1,-1.09367543965794,1,0
2388,0.0290003819391131,2.01594054978219,1,0,0.223040485511414,0,1
2389,1.0496455123648,2.20724669841038,1,0,-1.01657671424341,0,0
2390,2.59860076746883,4.09255187059248,2,0,-0.387218103964133,0,0
2391,0.129433222095744,0.233448229116111,2,1,0.101131289895366,1,1
2392,0.238496647798456,1.19332561813487,2,1,0.701814251711004,1,1
2393,0.10237401293125,1.23675662164618,2,1,0.630937759667411,1,1
2394,0.64342404422053,1.18153499639048,1,1,1.45213592515859,1,1
2395,0.136700461860805,0.271901088083443,2,0,0.644961585330376,0,1
2396,0.35958019271493,0.871188450986775,1,0,-1.60016036256335,0,0
2397,0.0457492126151919,0.143448472178947,1,0,-0.0690460515659874,0,0
2398,0.0889344071038067,0.33655629336393,1,1,-0.379468665256066,1,0
2399,0.25821773946865,1.04456830597436,1,0,-0.431949858202103,0,0
2400,0.706113777123392,1.33037590173386,2,0,-0.271260216671619,0,0
2401,0.301689904787565,0.343490296165478,1,1,-1.36246379877716,1,0
2402,0.289203695429023,0.481624905946077,2,1,0.140053784095089,1,1
2403,0.794209594838321,1.20128567213695,2,0,0.134412482946825,0,1
2404,0.374049864476547,1.97335863913699,0,1,-0.0667600243753843,1,0
2405,0.0630301857017912,0.165651102866334,1,1,-0.0137056769790515,1,0
2406,0.995054397446677,1.07311046371857,0,1,-0.34298232937105,1,0
2407,0.187861724756658,0.592126214970808,1,0,-0.289616607253666,0,0
2408,0.259248818038031,0.619580387951711,1,1,-0.887681080189023,1,0
2409,1.38873323603513,4.12829773320259,1,0,-2.10037820423507,0,0
2410,0.0218437425792217,1.50837507406421,2,1,0.267802157201605,1,1
2411,0.0938889525768241,1.44253206153525,2,1,-0.947035016641773,1,0
2412,0.0732553142006509,0.782649874272242,2,1,0.922166864045602,1,1
2413,0.214825698174536,2.34205284819869,2,0,-2.3159498753476,0,0
2414,0.426082350604702,1.0325836536467,1,1,0.326616905143268,1,1
2415,0.266385836584959,1.02207483734994,1,1,-1.26942280385018,1,0
2416,0.0586903441580944,0.121283441482811,0,1,-1.45579503162992,1,0
2417,0.204832257998713,0.464121275312841,2,1,-0.911518635475337,1,0
2418,0.956874532805398,1.30874563464327,1,1,-0.412753089909737,1,0
2419,0.451272869482636,1.88453417362231,2,0,0.129174343502081,0,1
2420,0.286541034001857,1.07885399108667,1,1,-1.08952477462152,1,0
2421,0.407609601097647,1.27642550033849,2,1,0.848084611230069,1,1
2422,0.640738020748856,1.31398401688918,0,1,-0.13858943370659,1,0
2423,0.421726105269045,1.85097379560222,1,1,-1.02295931716771,1,0
2424,0.200042136044979,0.319288415791842,2,1,0.557752501113143,1,1
2425,0.346422578208148,0.367875902660356,2,0,-0.793017499928382,0,0
2426,2.20391810304465,4.67637978944356,2,0,0.636652398009391,0,1
2427,0.285643674411345,0.380449199545556,2,1,1.06010661073581,1,1
2428,0.0416401682529585,0.127849508719935,1,1,-2.78222154871659,1,0
2429,0.0522745735361241,1.38945281236185,1,1,-1.55167879972113,1,0
2430,0.847637795843184,4.81624724068733,2,0,-0.459838219647464,0,0
2431,0.220818176808329,1.95688504198697,1,0,0.365888645446557,0,1
2432,0.437934644520283,0.837871703125714,2,0,1.11439712247862,0,1
2433,0.00148816587170586,0.541695060417041,1,1,-0.699936604547496,1,0
2434,0.290555475279689,0.371514051228177,1,0,-0.554953221450988,0,0
2435,0.137012651248369,0.421465815965858,1,1,-0.542453914663316,1,0
2436,0.374927610510862,0.558120971586658,2,0,1.20235012904348,0,1
2437,0.23860374087235,0.500674571820488,2,1,1.17848149505592,1,1
2438,1.03077949601562,1.43130592940887,1,1,1.71160490467006,1,1
2439,0.262341452585161,0.424750719682628,1,1,-0.121109553980872,1,0
2440,0.42039055130805,0.967404063433012,1,1,1.59330941884607,1,1
2441,0.0628047022081995,0.350180179862522,2,0,1.43265557180358,0,1
2442,0.598519411524217,0.796070839306881,1,1,-0.915151074394834,1,0
2443,1.00471606291831,2.45053796533349,2,0,0.155128603247432,0,1
2444,0.210555919911712,1.02800027771493,2,1,-0.719616657629007,1,0
2445,0.241257135049789,1.56193592048452,1,1,-0.596685042960153,1,0
2446,0.551562552546904,1.23165154995376,2,1,-0.533552841750936,1,0
2447,0.490330864532672,1.50385078081069,1,1,-1.1235892277489,1,0
2448,0.145013045897575,0.673352931455203,1,1,-0.810349113460688,1,0
2449,0.156869833881501,0.579984216690115,1,1,-0.984088596607269,1,0
2450,0.388796848419588,0.441991099415572,0,1,-0.666364691314384,1,0
2451,0.349116459488869,0.759861036100668,2,0,0.66953910211585,0,1
2452,0.291044166730974,1.63019295894296,2,1,-0.184115993608922,1,0
2453,0.154950369331548,2.62245207717854,1,1,0.440985498488439,1,1
2454,0.000315522999120378,0.107768755899922,2,0,1.13049026541321,0,1
2455,0.0937451171921566,0.123521225998445,1,1,0.0272290113112602,1,1
2456,0.563980636626303,2.57040172233591,1,1,0.184460980173889,1,1
2457,0.482561275103882,0.535419138823238,1,1,0.458258199478607,1,1
2458,0.106255431310274,1.40422820209758,0,1,0.0732440422326407,1,1
2459,0.199561590852682,0.226451384259713,2,1,3.02464191843319,1,1
2460,0.237931559677236,1.38524985774298,1,1,0.242752133489895,1,1
2461,0.23517181398347,0.253185196437528,1,1,-0.453745751203728,1,0
2462,0.818079229292894,1.47395151055745,1,0,1.15657484303511,0,1
2463,0.073944889596837,0.815261840506921,1,1,-0.939853524451724,1,0
2464,0.651800354942679,1.83376547788607,1,0,-1.23868536933747,0,0
2465,0.829413193826056,6,0,0,-0.446113849201859,0,0
2466,0.792038629852988,2.02469391112705,2,1,-0.100331610760817,1,0
2467,0.146865101456179,1.81947083212435,0,1,-0.895518168700926,1,0
2468,0.535449157468975,2.4111120609818,1,0,-1.86169587744722,0,0
2469,0.0931637460598722,0.227359531731361,1,1,-0.710094909292995,1,0
2470,0.42838091350859,0.578233707142435,2,1,2.02547850404677,1,1
2471,2.58429610348287,3.77301463930975,2,0,0.170784826592396,0,1
2472,0.0814275105949491,0.245508040935728,1,1,-1.0425541140907,1,0
2473,0.309812398601312,1.40737243859758,1,0,-0.201535360659456,0,0
2474,0.258266411904016,0.75667104235396,2,1,1.21264638421456,1,1
2475,0.10226089323963,0.986090803790695,1,0,-0.228520503817518,0,0
2476,0.264924806251656,0.648742194764619,1,1,-1.0642673527848,1,0
2477,0.0599504015931306,0.0814601134109334,1,1,-1.05267528884627,1,0
2478,0.0141878603026271,0.427230687643429,2,0,-0.502326601109256,0,0
2479,0.165910840441938,1.0852637635934,2,1,0.252388152814748,1,1
2480,0.554947170428932,1.04244871878952,2,0,-1.10788360561779,0,0
2481,0.418113587948028,0.684093824017094,1,1,-1.03711003807772,1,0
2482,0.768109234605737,0.825397224281962,1,1,-0.777638704941418,1,0
2483,0.270283450372517,1.33369647809606,1,0,-0.928205758158122,0,0
2484,0.200862868176112,0.973151393354671,2,0,-0.422447450849252,0,0
2485,0.478334829119088,2.4664733085947,2,0,1.94902005646541,0,1
2486,0.247226553619839,2.41832304412153,1,1,1.02057754134833,1,1
2487,0.95715099161675,3.42044511230166,2,1,-0.180557605445454,1,0
2488,0.707246136524038,3.88849335472211,1,1,-0.865616098780338,1,0
2489,0.154370773234405,0.19198895464775,1,1,-1.04703445224332,1,0
2490,0.0648193871602416,3.08789871986548,1,0,-1.27648694519752,0,0
2491,0.465250300386093,1.15431437862206,0,0,0.723056278345907,0,1
2492,0.384199581338009,1.46790872116683,1,1,0.323807408232903,1,1
2493,0.2304859024063,2.09267806455632,1,1,0.490307634625844,1,1
2494,0.2333993211505,1.56466837370651,1,1,-0.622690017966063,1,0
2495,0.372464840632654,4.37670463550366,2,0,-0.303836079318246,0,0
2496,0.896791292354465,3.06628731650064,2,0,-0.559368330484833,0,0
2497,0.142640442424908,0.305342705331152,1,1,-2.76614308788651,1,0
2498,1.8936517893423,2.70831809889014,1,0,0.816833305296737,0,1
2499,0.133506904530805,0.315654534386056,1,1,-0.990825059911137,1,0
2500,1.01796965673566,1.02699805272375,2,0,1.58212567459059,0,1
2501,2.62650383814218,2.95008456334472,0,0,0.17086639145904,0,1
2502,0.18065900914371,0.700533506286194,2,0,0.254503388218979,0,1
2503,0.355438933707774,2.21421694621223,2,0,0.844490727871935,0,1
2504,0.0131536951810443,0.262813229661245,1,0,0.214576528715371,0,1
2505,0.465579346028909,1.00406888480785,2,1,0.972558429238833,1,1
2506,0.210926934145391,0.870042955218879,2,0,-0.274724344621655,0,0
2507,0.572196689291678,0.728676168544119,1,1,0.600289609880866,1,1
2508,1.04383697640151,6,0,0,-0.261664971588034,0,0
2509,0.061949516646564,0.119699569152812,1,0,-0.287439670130174,0,0
2510,0.0653465254989321,1.60009263767463,1,1,1.06793596370984,1,1
2511,0.07950109988451,0.994069427033353,1,0,-0.223189382509856,0,0
2512,0.244386583380546,0.622318134788863,2,0,1.0159170706144,0,1
2513,0.392935604788363,1.10490505724834,2,0,0.837261752150228,0,1
2514,0.0111625538556837,0.27434998580169,1,1,-0.559422880103577,1,0
2515,2.66486846274676,2.79932557294766,0,0,-0.644288048951041,0,0
2516,0.371122671855456,1.07684571859171,1,0,0.000102159517281368,0,1
2517,0.250412059249356,0.409060287696603,1,1,-1.9271414056149,1,0
2518,0.143470804323442,1.56422363068371,2,1,-0.712654394230065,1,0
2519,0.0324137071614402,0.216989997633102,2,1,0.174517231293524,1,1
2520,0.015487851051148,0.0175464597212316,0,1,0.488815002350833,1,1
2521,0.00671375397359952,0.769851878151202,1,1,-0.210720303100331,1,0
2522,0.0966124060800955,0.264348027682824,1,1,0.745146149351629,1,1
2523,0.9499232461676,1.69179837642332,2,0,0.0160252724371426,0,1
2524,0.285380576679017,1.06109586608194,1,1,0.977561619843992,1,1
2525,0.48096192939841,0.593091918670374,0,1,-1.2505093513761,1,0
2526,0.0180719702620991,0.469727924869645,1,1,0.455563270510859,1,1
2527,0.0581914307549596,0.288741459033402,1,0,-0.983715466026206,0,0
2528,0.153453105452526,0.276063858387993,1,1,-1.11798583806093,1,0
2529,0.0937136720523395,4.13777600366709,1,1,-0.107954496055032,1,0
2530,0.227430255326908,0.414178760195852,1,1,0.056535673317116,1,1
2531,0.0671235960222702,0.988868418571773,1,1,0.859246107605802,1,1
2532,0.096209763681652,0.261337335538411,1,1,-0.207126559263034,1,0
2533,0.0622872015810572,0.345188755094749,1,1,-0.415373089715394,1,0
2534,0.0985793122200191,0.454833300930064,1,1,-0.311974629403951,1,0
2535,0.0605993033968844,1.12331187304674,2,1,0.902971968292117,1,1
2536,0.905618872493505,2.71564348653326,2,0,-0.325525324824517,0,0
2537,0.440991673359469,1.59420348643849,2,1,0.333279655257538,1,1
2538,0.149593776091933,0.560437600152599,1,0,-0.040725193505313,0,0
2539,0.925573410905418,0.966854221916816,2,1,-0.769762870284556,1,0
2540,0.100523163677465,0.781509011561563,1,1,-0.699902153489928,1,0
2541,0.289668612822425,0.456638585334818,1,1,-0.0519299845677602,1,0
2542,0.372002094052732,3.04648919031024,0,0,0.803124527445803,0,1
2543,3.4467695726264,4.3023004153357,2,0,-1.01774989619759,0,0
2544,1.41291495883545,1.80789379417321,1,1,-0.223749520147697,1,0
2545,0.500003360211849,1.79403083026216,0,0,1.82558060531149,0,1
2546,0.209008173260372,1.49081790453655,1,1,-3.34547469993588,1,0
2547,0.0689336776288468,0.479696826878502,2,1,1.48333857927159,1,1
2548,0.376698633655906,1.01534810848227,1,0,-1.06494163032725,0,0
2549,0.0727543802778155,0.548691056204142,1,1,-1.00343113888732,1,0
2550,0.214656779625245,0.715078831579515,2,0,0.454410680540577,0,1
2551,0.434594760395126,1.21967445235548,1,1,0.730254800100896,1,1
2552,0.304310219362378,0.519603627556303,2,1,0.914554319979416,1,1
2553,0.154605279967654,0.589333812506887,1,1,-0.0461122432499405,1,0
2554,0.0524120833724737,0.463935794929663,0,0,-0.00062274056035144,0,0
2555,0.528264038264751,0.868131714512212,2,0,0.959285151187807,0,1
2556,0.435722583904862,0.601090744889009,2,0,2.36800828897873,0,1
2557,0.194178598176222,0.308178545022229,1,1,-0.423728505651152,1,0
2558,0.133322981268787,0.42066000083525,2,1,0.597554289254325,1,1
2559,0.239279502557129,0.96825594964494,1,0,1.48407126410093,0,1
2560,0.151803738788249,1.09757574682977,2,0,1.47221716182531,0,1
2561,0.116106163150426,0.582641274086994,1,1,-1.15151668795656,1,0
2562,0.0631781592965126,1.06552396307278,1,0,-1.64158541878877,0,0
2563,0.179929553863484,1.88871589970648,2,0,0.933904450150529,0,1
2564,1.43983476973119,2.51892622870704,0,0,-0.427818073058478,0,0
2565,1.27525422908366,2.14653351094643,1,0,3.42913743519666,0,1
2566,0.761327417567372,0.847848341260925,2,0,-1.04548917045055,0,0
2567,0.212704919278622,0.928961268053211,1,0,1.37347884662457,0,1
2568,0.00353034527506679,0.734194789368436,1,1,0.280143320951351,1,1
2569,0.231975540518761,2.20092788591347,0,0,0.359490335422886,0,1
2570,0.550271917134523,0.908339078829025,2,0,0.272988639371302,0,1
2571,0.27633670065552,1.49922840265949,1,0,-0.038453961028581,0,0
2572,0.171550860572368,2.1867650312682,0,0,-1.1609407904472,0,0
2573,0.373317143239547,2.75292580628476,2,1,-0.44865497844186,1,0
2574,0.27676091529429,0.450323552887594,2,0,0.18739266827465,0,1
2575,0.229788698488846,2.68986113544138,0,1,0.643803467680451,1,1
2576,0.0273685550200753,0.133737055456423,1,1,-1.09481555315623,1,0
2577,1.38911574489011,3.74777500956352,2,1,-0.128401726354992,1,0
2578,0.206614529597573,0.574614039684738,1,1,1.08026311919784,1,1
2579,0.394600505242124,1.2755522269033,1,1,0.956645674999875,1,1
2580,0.0421488047777646,0.292515583130916,1,1,0.599396551103254,1,1
2581,4.92008153696485,6,0,0,-0.44734154851456,0,0
2582,0.00179118214873597,0.363172212099101,1,1,-0.821753081959578,1,0
2583,0.242617812764365,0.460135469352733,2,1,2.07965993957363,1,1
2584,0.0884762714849785,0.325361250605639,0,1,1.80988012005705,1,1
2585,0.900087234564126,1.86981787481515,1,0,1.72131252987439,0,1
2586,0.597641373053193,1.22534086256157,2,0,-1.07733621031125,0,0
2587,0.649271111935377,2.39624112424287,1,0,2.65420425268655,0,1
2588,0.426875212870073,0.595769618527139,1,1,0.276819385335869,1,1
2589,0.901683393865824,1.76391101303033,2,0,-0.138288310499892,0,0
2590,0.0954010667832855,2.1574330540066,1,1,0.91838136027942,1,1
2591,0.218260406400077,1.0715017347602,1,1,1.00856632933586,1,1
2592,0.0735707972198725,0.158749652557071,2,0,0.0566123543352582,0,1
2593,1.39581847741249,2.79231451313054,2,0,0.687078938828175,0,1
2594,0.0978615229928246,0.257959029101539,1,1,0.390810916036599,1,1
2595,0.099685694091022,1.6418230606804,1,0,-1.40769425153983,0,0
2596,0.198613642132841,0.359688448923409,1,1,-0.979512587434798,1,0
2597,0.148624515568372,0.247291111044216,1,1,0.019419728436032,1,1
2598,1.19186243968421,3.31920631455872,1,1,-0.259858583864486,1,0
2599,0.235777153616041,1.37470880159498,2,1,0.795856722365902,1,1
2600,0.312481266446412,4.20370571132915,2,0,-0.797782121705899,0,0
2601,0.19681043949591,0.618830464736836,2,1,0.974438240024333,1,1
2602,2.15571137881818,5.0802811834555,2,0,-0.284210101621401,0,0
2603,0.176342736522201,0.443142873667574,1,1,-0.382243833849615,1,0
2604,0.253829739056528,0.758680248122289,1,0,1.00931152786266,0,1
2605,2.14549452430549,4.39670626618393,2,0,-0.857309955499051,0,0
2606,1.45767921077015,1.74935122273272,1,0,-0.83966918313423,0,0
2607,0.0172536369002772,0.776137124547142,2,1,1.04575537067707,1,1
2608,0.550205740146339,3.55424877645107,2,0,-1.53621020003246,0,0
2609,3.83783003671055,4.77039179426241,0,0,-1.26550243433861,0,0
2610,0.251616314344574,1.29062031059425,1,1,0.0180910416358713,1,1
2611,0.103017723250216,0.936717573230394,1,1,1.81409555044445,1,1
2612,0.121049497215773,0.863561766843001,0,1,0.336742117318121,1,1
2613,0.106860589294229,0.897634027175977,2,1,-0.682202779825606,1,0
2614,0.353535447793547,0.470424298328054,2,1,1.0703944750595,1,1
2615,0.6922686425969,1.05114244400001,1,0,-0.201680492137354,0,0
2616,0.345803434902336,0.841681242288119,2,1,1.30326944340605,1,1
2617,0.0885761128738523,3.64744164104346,1,0,0.820589248106775,0,1
2618,0.155628539832255,0.785012799567154,2,1,0.692194942710431,1,1
2619,0.0594613018406894,0.0945636878894838,1,1,-0.685090862777849,1,0
2620,0.657240235246718,1.68693403458014,2,0,0.797333909099845,0,1
2621,1.22810993687587,3.28821522804598,0,1,-1.49635535507737,1,0
2622,1.36493923421949,3.35205827298779,2,0,-0.520270581243795,0,0
2623,0.0996681802729396,1.17724563679882,2,0,1.01621590276546,0,1
2624,0.614555898932534,3.8513971192658,1,1,-0.626099738493212,1,0
2625,0.0726954519632272,1.45529655377262,1,1,-1.14927025106996,1,0
2626,0.945180858485401,1.13945410279377,2,0,0.128122996984727,0,1
2627,1.15510826837271,1.24027922066036,2,0,0.329892108780223,0,1
2628,1.04389379732311,3.51276946783554,1,0,-0.342578116937034,0,0
2629,0.187330456440213,1.32558834578498,1,0,-0.484919776509661,0,0
2630,0.510287831976831,0.655056984310503,1,1,-0.305263599889172,1,0
2631,0.312327654391993,0.699078518801288,0,1,0.748718540645884,1,1
2632,1.11330766044557,1.38783960172861,1,0,-1.01492890800126,0,0
2633,1.16739798430353,3.41001466325353,1,0,-1.15466816223627,0,0
2634,0.20344908349216,2.99987142176324,1,1,-1.07538377098249,1,0
2635,0.712681369014837,3.92661436067909,2,1,-1.69596458237811,1,0
2636,0.138765822630376,0.210964639779512,1,1,-1.73884207012592,1,0
2637,0.076647610985674,0.301930615062309,2,1,-0.388586143809286,1,0
2638,0.0687512473086827,0.510140131174462,2,1,0.133068812577172,1,1
2639,0.859516029569142,2.97118265655962,1,1,-0.539425189267061,1,0
2640,1.22383222449571,2.20555791912669,2,0,-0.15632300461893,0,0
2641,0.20352366342052,0.374470908499854,2,1,1.10369102753165,1,1
2642,0.723177020528175,2.50564776671429,0,1,0.140004335621146,1,1
2643,0.0872910712496378,3.55045316971337,1,1,1.85844420227727,1,1
2644,0.373391657776665,1.03080679662526,0,1,0.573603009659063,1,1
2645,4.1425544953156,4.85763661823821,2,0,-1.28542910853936,0,0
2646,0.2019671369344,1.28307357120017,0,0,0.392930372963411,0,1
2647,0.131956446857657,0.255528631988252,1,1,-0.550101477907368,1,0
2648,0.610326687805355,0.618983922086082,2,0,1.84541045885395,0,1
2649,0.435925007010557,2.44065566906714,1,1,1.14924012351067,1,1
2650,0.22709637240041,0.256455422655122,1,1,0.21301756606134,1,1
2651,0.438521990954336,2.41196332271305,2,1,-0.291676220192686,1,0
2652,0.299405967525672,4.41478773240489,2,1,-0.792433859415632,1,0
2653,0.0721172736957669,0.443278157689739,1,0,-1.97822413322247,0,0
2654,0.0662376102039896,1.72281282267224,2,1,0.430530157463274,1,1
2655,1.10799571645641,1.25945733134061,1,1,-0.250515623234462,1,0
2656,0.0025177959469147,3.9862093150082,2,1,1.1022919526016,1,1
2657,0.66351346819106,0.827446613610656,2,1,0.900844936553219,1,1
2658,0.198566050967202,1.17793902733187,1,1,-0.642519094107858,1,0
2659,0.0602451566373929,0.346112326556636,2,1,-0.668768361960151,1,0
2660,0.550975440766858,1.50889577047818,1,1,-0.0654744958818836,1,0
2661,0.171194653699792,0.58367789646996,2,1,-0.374892740551819,1,0
2662,0.857032568866208,2.27559411866896,1,1,-1.45586491996823,1,0
2663,0.521743385696857,0.885476754700342,2,1,0.451728678840178,1,1
2664,0.1462916348828,0.209769733771317,2,1,-0.178774204562691,1,0
2665,0.254077997524291,1.25177368665549,1,1,-0.381368928411632,1,0
2666,0.268305157502551,0.51694590478334,1,1,-1.09817597765408,1,0
2667,0.313519430055749,2.08115479190721,1,1,0.756802602216049,1,1
2668,5.39562457402177,5.48903904150815,2,0,-1.16258635259473,0,0
2669,0.482020800521183,0.870325284688113,1,1,0.698346091251913,1,1
2670,0.891954734636113,0.9885182487762,1,1,-0.0363275193219211,1,0
2671,0.752623309871795,0.833918104124065,1,1,0.242061771759407,1,1
2672,0.496475713417687,0.566676576123642,1,1,-0.725325662145927,1,0
2673,0.437249853275716,0.586204861149482,2,0,1.02539491517297,0,1
2674,0.107953309779987,1.43590028908315,0,1,1.43844422308239,1,1
2675,1.84115155964139,1.9923506737351,1,0,0.169756293622504,0,1
2676,0.00381530757294968,0.384949385211166,1,1,-0.321236557091899,1,0
2677,1.70349571286681,2.60361692868173,0,0,0.650539636236483,0,1
2678,0.165797087407472,0.227035764561486,1,1,-0.434326980021626,1,0
2679,0.296732544957194,1.60301609344743,1,1,0.0901512035288512,1,1
2680,0.465010477381966,0.482921672880411,1,0,-1.73315491121974,0,0
2681,0.466849439518348,1.46628156262801,1,1,-0.708499478875771,1,0
2682,0.299404251563828,2.7848526647159,2,1,-0.928777891894522,1,0
2683,0.0117535026841672,1.24450999312103,0,0,0.704528686637779,0,1
2684,1.32522180024534,2.84276740625501,0,0,0.884131657648408,0,1
2685,0.566572737880051,0.778318006474199,1,0,-0.356688022486599,0,0
2686,0.355820376425982,0.823190661941517,2,1,0.328318973682938,1,1
2687,0.315462165712453,2.09373729322716,2,1,0.50230360502897,1,1
2688,0.347852361832425,2.56960791275834,2,0,-0.0723022609602661,0,0
2689,0.0879990172688849,0.650132345519678,1,1,-0.0224735061651025,1,0
2690,0.563716227188706,6,0,0,-1.47078573816315,0,0
2691,0.694932975430794,1.71654068783696,1,1,1.18181142724218,1,1
2692,0.125162091791627,1.34878990580158,1,1,-0.611972011499505,1,0
2693,0.541760641150177,1.10447583103056,2,0,1.04474943217024,0,1
2694,0.0367813818420315,1.41429962030809,2,1,-0.11802531009523,1,0
2695,2.28834438874366,3.90848272062912,2,0,0.940961120444462,0,1
2696,0.0697895345144053,0.316377344501071,2,1,1.81017900575237,1,1
2697,1.73439209527316,2.10445301054739,0,0,1.38373516153887,0,1
2698,0.149303428612094,1.07991060703987,1,0,0.591672050457124,0,1
2699,0.441644663922489,0.515313147650714,1,0,-0.427820453329947,0,0
2700,0.110775905486662,1.21776743181317,1,1,-1.09311283320021,1,0
2701,0.196302032098174,0.798405212050104,1,0,4.96611541269727e-05,0,1
2702,0.099080890067853,0.322819668399481,2,1,0.209918661073266,1,1
2703,0.248112839427715,0.351783855755361,1,1,-1.62096899778537,1,0
2704,0.0167679658625275,1.79172250125626,1,1,2.0064334589639,1,1
2705,1.24104685056955,1.84135471431013,2,0,1.02556598778327,0,1
2706,0.414805551699828,1.1314801700963,1,1,-0.741682811336036,1,0
2707,0.0609796345284647,0.185767621242546,2,0,-0.390054394735388,0,0
2708,0.187898049192626,0.544656295243677,2,1,-0.0353905874075371,1,0
2709,1.16420155269431,2.91835167295329,1,1,-0.10000785765323,1,0
2710,0.179050583732537,0.364292983427115,1,1,-1.26920243840105,1,0
2711,0.0449219810763865,0.661064642371391,1,0,1.48241977518758,0,1
2712,0.0114739906901657,0.607841013744163,1,1,-1.40733190981618,1,0
2713,0.162343464159098,3.09751115264024,1,1,0.684048525785002,1,1
2714,0.00284186355157471,0.00987817569904679,1,1,0.525601446110636,1,1
2715,0.594438401400381,1.87545084128374,2,0,-0.383201773005958,0,0
2716,0.113206178881228,0.610078207968281,1,0,0.142145691786173,0,1
2717,0.097426068095956,1.26799575984478,0,1,0.387912261869646,1,1
2718,0.0697473030308219,0.674556530648529,2,0,1.00026999855698,0,1
2719,0.108299933419871,0.109889023005962,0,1,0.15971074977008,1,1
2720,0.358129375542419,1.29536882337425,1,0,1.19080637573571,0,1
2721,0.099892221391201,1.92860452361615,1,0,2.52738917014173,0,1
2722,0.542235624045134,0.585357749484932,1,0,1.71658544128996,0,1
2723,0.181348127371166,1.08241885483206,1,1,-0.234491705792493,1,0
2724,0.158440718928061,0.996911725999387,0,0,-0.124529788842769,0,0
2725,0.0395210324381128,0.647863477622695,1,1,-0.110539079482239,1,0
2726,0.184456532731493,2.19696543489893,0,0,-0.541569767411228,0,0
2727,0.169687541548565,0.838089798814827,1,1,-0.800975431303319,1,0
2728,0.221959266071783,0.614627730330095,1,1,0.48575074641937,1,1
2729,0.315127301961184,0.55406970541716,0,0,1.10473248579532,0,1
2730,0.250296464189887,2.11443729478286,2,0,-0.36563584769348,0,0
2731,1.12659847736359,3.6931616657724,0,0,-0.597206556909068,0,0
2732,1.2646804805845,1.75384509569505,2,0,-0.399881001750379,0,0
2733,0.514231680892408,0.77915546702503,1,0,-1.55108099560334,0,0
2734,0.271530551145306,0.690549082225191,2,0,-0.868363985792908,0,0
2735,0.388138967682607,1.14100618940306,1,1,1.32103483648308,1,1
2736,0.833203331541091,1.0847482268165,1,1,0.177663343867256,1,1
2737,0.0701616264603182,4.39407722093165,0,1,-0.859434862609454,1,0
2738,0.0636057285009883,1.02718326260485,1,1,1.029451509544,1,1
2739,0.550954722811061,2.57591132267092,1,0,-0.154747017625884,0,0
2740,0.693678082898259,1.23314511168273,0,0,-0.264267877863496,0,0
2741,0.226016846427228,1.84753153721956,1,1,-0.559786774213237,1,0
2742,0.383342893037479,0.409783810507728,0,1,-0.594216169003799,1,0
2743,0.747611624511711,1.26041786487323,2,1,0.667104358542674,1,1
2744,0.863817615873933,1.33690512287393,1,1,-0.876587391551751,1,0
2745,0.418223096348811,1.59680254894673,1,1,0.260014227961866,1,1
2746,0.031880603171885,0.236357616556424,2,0,0.780581950908488,0,1
2747,0.386855659307912,0.670840440773182,2,1,0.694187999285843,1,1
2748,0.260086086636875,1.09593939602222,1,1,-0.541157333077054,1,0
2749,0.234285857528448,0.540132395302256,0,0,0.170932355959572,0,1
2750,0.159502573461927,0.48950975714311,2,1,1.17795312304346,1,1
2751,0.480856324985445,0.688029423567512,2,1,0.587433472984554,1,1
2752,0.253699031891301,2.15208734143197,1,1,-0.533170202860162,1,0
2753,1.71644968727752,4.01931884388129,0,0,-0.888434751493566,0,0
2754,0.267588350980077,0.706124691354031,1,1,0.0214613831717827,1,1
2755,3.09713565168862,3.22280263950872,2,0,0.343137998063785,0,1
2756,0.082537399824532,2.35612302659028,2,1,-0.0788024484756308,1,0
2757,0.530085225588781,2.28083873146502,1,1,0.752844396336165,1,1
2758,0.0116829646576651,0.877435617148876,0,1,-0.954693283792478,1,0
2759,1.03566802572459,1.87927105629837,2,0,0.778082148260731,0,1
2760,0.087571521631151,0.125354955777539,2,1,0.302731290434965,1,1
2761,0.44264138091524,1.43393260500412,2,1,0.191940174696901,1,1
2762,2.77174132233872,6,0,1,1.03978254239873,1,1
2763,1.12063149217853,1.41685465416322,1,1,-0.11070785031533,1,0
2764,0.0145089901193738,0.455807157314385,0,0,-0.774998516256816,0,0
2765,1.15511193405837,1.37309625199079,1,0,-0.8767487424095,0,0
2766,0.400870654731989,0.912607480603599,1,0,-0.859972077626427,0,0
2767,1.78005171745064,1.95139803251961,2,0,-0.625062406184897,0,0
2768,0.398819393594749,4.29214049918199,1,1,-0.664595376782352,1,0
2769,1.71868012633082,2.24855256506918,2,0,0.720647417118899,0,1
2770,0.445902272245424,0.501108927670641,1,1,0.9745750525403,1,1
2771,0.577372431263149,1.73107027627794,1,1,0.462081477437292,1,1
2772,0.30475747626042,0.671863101471912,1,1,-0.0801940816011113,1,0
2773,0.260296641208697,0.638695505751424,1,1,0.468374386916463,1,1
2774,0.0483460803874466,1.04432464127134,2,1,-0.602023396512225,1,0
2775,0.0190016572547965,0.147689664574853,2,1,0.592634477743963,1,1
2776,1.74724318076599,3.32186456042202,1,1,0.025607932572365,1,1
2777,0.251941821188666,2.2365888386478,2,1,-1.0512621199862,1,0
2778,0.235599705949426,0.888350282386835,1,0,-1.2421034617644,0,0
2779,0.176123780459662,2.08172072097179,1,1,1.56616769376385,1,1
2780,0.0797182031854538,0.698645141443059,1,0,-0.445730528595428,0,0
2781,0.205504293858083,2.19709799413533,2,0,0.364842293135151,0,1
2782,0.631494856619718,1.05042054628332,0,1,1.95029148407656,1,1
2783,0.80864140120969,2.01822286331128,1,1,0.590899689983915,1,1
2784,0.162394124001355,2.26818435204526,0,1,-1.14280332694837,1,0
2785,0.099973657343071,1.11995107084322,1,1,0.762320596373708,1,1
2786,0.721405143241219,1.15058081869931,1,1,-1.23769745838788,1,0
2787,0.561804539637558,0.737871427040727,2,0,0.105967512834346,0,1
2788,0.171413230709732,2.43832117911464,2,0,0.956805347585867,0,1
2789,0.1146258355584,1.54582409194989,2,1,-0.608302994540677,1,0
2790,0.0191440081959241,0.445780655635871,1,1,-0.787063387286923,1,0
2791,0.649500526461572,1.51660130889768,2,1,0.114728465471181,1,1
2792,0.498712733387947,0.813954899932835,1,0,-1.30940441320549,0,0
2793,0.17234843224287,0.249255861180134,1,0,-0.603158800641302,0,0
2794,0.462390054657258,2.51926206981782,1,1,-0.469323651656141,1,0
2795,0.241316479805391,2.21137741891046,0,1,-1.03960128997251,1,0
2796,1.00696124364027,2.00834103554708,2,1,-0.359330870369142,1,0
2797,0.307059866376221,2.76714572059954,1,0,0.86472931546645,0,1
2798,2.15628906703534,2.59360228998261,2,0,-0.239824717771775,0,0
2799,0.195154118118808,1.54073671995429,1,1,-0.47919155312955,1,0
2800,0.26118526031496,0.340238684636166,1,1,-0.17587121242568,1,0
2801,0.753654719681072,0.767780695945625,1,0,1.99563984118059,0,1
2802,0.619232501536925,2.71041957847073,2,1,0.466896259273941,1,1
2803,0.551683196655296,1.01114996380181,1,1,0.053383994465662,1,1
2804,0.145850847475231,0.358169411898478,1,1,-2.00681444779687,1,0
2805,0.538293021979862,0.717134042418983,1,1,-0.147057162406873,1,0
2806,0.246972852037288,0.4794693937428,2,1,0.628061058050337,1,1
2807,0.355403762368951,0.377790361127417,1,1,-0.900741105390717,1,0
2808,0.675463052466512,2.87008093344521,1,0,0.488644363117061,0,1
2809,0.200845731596928,0.843433274733712,1,1,-0.377749686549564,1,0
2810,1.32642185191198,1.46476332656822,2,1,0.508028307900007,1,1
2811,0.193853525042761,0.447859490140726,1,1,-0.733138255625646,1,0
2812,0.770343656651676,0.905811555587726,1,0,-1.18809478577158,0,0
2813,0.726468868553638,1.68479837902684,1,0,-2.35608463567284,0,0
2814,0.670993546955287,1.4482053663151,2,0,-0.202748452241675,0,0
2815,0.357257241597335,0.712070168005725,2,0,0.877560827517288,0,1
2816,0.742313438095152,2.97357056495228,1,0,-1.04781102152864,0,0
2817,0.178026456560474,0.553314645172352,2,1,1.33063177389725,1,1
2818,0.154436806216836,0.924025764688849,0,0,-0.364081054107043,0,0
2819,0.352501536719501,0.846732625471642,2,0,1.02487078930894,0,1
2820,0.500828394666314,2.3972294825813,2,0,-0.744912985630314,0,0
2821,0.0916130350564159,2.75253293245091,2,0,0.0948771055811478,0,1
2822,0.946537622250617,1.74598366221873,2,0,0.918070336120834,0,1
2823,0.608508781004497,3.67001712943117,0,1,0.686877641720445,1,1
2824,0.12812102750236,0.563156795739397,1,1,-0.309498086557958,1,0
2825,0.893248303697586,0.893884966122226,1,1,-0.35175853111943,1,0
2826,0.466256153277874,0.522986331565776,1,1,0.176918609094962,1,1
2827,0.0214246034738608,0.123923417142646,1,1,-1.53111366287524,1,0
2828,0.946340060274691,2.37135848709401,2,1,0.614516104990968,1,1
2829,0.0255488380814797,2.31997211595977,1,1,0.609956009750746,1,1
2830,0.140185220061108,0.264166472967465,1,1,-1.33741031281136,1,0
2831,0.546061100877643,1.57145244751672,1,1,-0.322360528107862,1,0
2832,0.489986065632485,2.38915909798635,1,1,-0.354577863856585,1,0
2833,0.466970899439724,0.470876660892866,1,1,-0.410079085727226,1,0
2834,1.12983307795936,2.07982521947189,1,1,0.429590015610562,1,1
2835,0.0143820003722794,0.403566656352656,2,1,-0.383379239716213,1,0
2836,0.8084833278291,1.92571000568354,1,1,-0.382818250778795,1,0
2837,0.647207894721616,0.811843465700338,0,0,0.476211733278217,0,1
2838,0.0481433274430892,2.700195526455,1,1,-1.74398784185318,1,0
2839,0.230977250321303,1.30219984158024,1,1,-1.43363466992061,1,0
2840,0.105680821451303,0.820303382622957,2,1,0.783108307465367,1,1
2841,1.9597097634429,4.10175214352279,2,0,1.24286641604396,0,1
2842,0.181708832969889,0.547556108085467,1,1,-0.186279755696584,1,0
2843,0.335305980115663,0.713905911373083,1,1,0.691529702734795,1,1
2844,0.609789461828768,1.51996757268845,2,0,1.16768947428309,0,1
2845,0.0533387274481356,0.649113311630051,1,1,-0.104809392741233,1,0
2846,0.684558048764596,0.720441748077671,0,0,0.616345203880025,0,1
2847,0.121886329729212,1.84215814505216,2,0,2.4261311646361,0,1
2848,0.215808232605923,0.23460848289677,2,1,2.61566316718827,1,1
2849,0.702768990860142,2.38841097954492,1,1,-1.48250533616142,1,0
2850,0.173869612626731,0.71101709604459,1,0,-0.314149606067589,0,0
2851,1.08994196355343,1.34164687750816,2,0,1.01053441785347,0,1
2852,0.246603629202582,0.952806440980953,0,1,1.48352677700889,1,1
2853,0.0869121990399435,0.0953527262461919,2,1,-0.462474495902779,1,0
2854,0.104035366781344,3.96435531592231,2,1,-0.337477553989522,1,0
2855,0.327795557605059,4.7231214574478,1,0,-1.16780263710425,0,0
2856,0.0158047399600036,1.03985531279741,2,1,2.58621742269551,1,1
2857,0.126050182443578,0.149444414847654,2,1,0.687325473725895,1,1
2858,0.50589990362515,1.08370042716463,0,1,0.266979836885582,1,1
2859,0.449874873273075,2.38957304695356,2,0,-0.0681864415831739,0,0
2860,0.213407066815238,0.290079386350858,1,1,0.133326987107517,1,1
2861,0.106798179583262,0.181706518162162,1,1,-0.687629037211398,1,0
2862,0.312619701906181,0.351079835882994,2,1,1.00640125666459,1,1
2863,0.600968942046165,1.02690157258357,0,0,-0.12846869418213,0,0
2864,1.52077235542275,2.19814686201506,2,0,-0.341469469860535,0,0
2865,0.419733119779266,0.98215500496544,1,1,-0.0533717779042078,1,0
2866,0.142282316461205,0.288122534497823,0,0,-0.0838444823513658,0,0
2867,3.49360876513605,3.71359158905352,0,0,0.382252305264846,0,1
2868,0.0129848942400934,0.269376347570002,1,0,0.0715276533807575,0,1
2869,0.118035736086313,1.37795492285169,1,1,-0.634643007190542,1,0
2870,0.140468785248231,0.90139746523114,2,1,-0.130984762883243,1,0
2871,0.697015387654145,1.03003102692861,1,0,0.233828307391627,0,1
2872,0.295697960827965,0.907159884999355,2,1,0.927112843044929,1,1
2873,0.0816863213549368,1.50674527173849,1,1,-0.911798692524569,1,0
2874,1.11517537962051,4.4308817728927,1,1,-0.284207291019999,1,0
2875,1.07426785245072,1.19006994666759,2,1,0.181138183548685,1,1
2876,0.602184471182346,0.822500148606248,1,1,-0.159828295408267,1,0
2877,0.976973719025455,1.1161001324046,2,1,-0.199006900342995,1,0
2878,2.74828584670069,4.20850475176123,2,0,0.555973112607757,0,1
2879,0.249014532693973,1.51092800995328,1,0,-0.898581642167614,0,0
2880,0.063677288356587,0.241525973653311,1,0,-0.00247428304210979,0,0
2881,0.238146303745452,0.638636558321946,2,1,1.06065324953378,1,1
2882,0.186761342338286,0.416374407586488,1,1,-1.39450601977051,1,0
2883,0.169569670688361,0.611123195553124,1,1,2.13027188637239,1,1
2884,1.19919237442651,1.5570555210913,1,1,0.484312699912008,1,1
2885,0.31772474385798,1.10458646999467,1,0,-0.688012500378705,0,0
2886,0.36969149223296,0.754103128082865,1,1,0.283292911967929,1,1
2887,0.840510419194408,2.58324170485139,0,1,2.44709573657864,1,1
2888,0.321695322636515,2.28983628400897,2,1,0.588190610938993,1,1
2889,0.0029024735408886,0.620521189765498,1,1,-0.6707724074147,1,0
2890,0.106998642562505,0.151140937710705,1,1,-0.743709188970702,1,0
2891,0.288455437272731,0.82276457975201,1,1,-0.745610365281673,1,0
2892,2.6366259033808,3.14343109202355,1,1,-1.05985625755952,1,0
2893,0.853498152547337,3.56782524126166,2,1,-0.84240624372248,1,0
2894,0.019326314655748,1.39636408729939,2,1,-0.901364787505288,1,0
2895,0.692231441472478,1.65410008400794,1,1,0.073815721839456,1,1
2896,0.175623864623921,1.15616200729807,0,1,-0.135146153142902,1,0
2897,0.374078467803423,0.469434492635182,1,1,-0.847697395858852,1,0
2898,0.0906887539164088,0.384698083604531,1,1,-0.67279575051524,1,0
2899,0.117301788181067,0.326950562851577,0,0,-0.0168615668009838,0,0
2900,0.0457624513655901,1.08791676612903,0,0,0.901028103193303,0,1
2901,0.0487630301506281,0.236530050957057,1,1,-1.12219901039294,1,0
2902,0.327006843872368,1.09447072080623,1,1,-1.14999233273241,1,0
2903,0.0409620273858309,0.195948631787384,1,0,-0.576604937581833,0,0
2904,1.00393676105887,1.66752718064916,2,0,-0.339627866396887,0,0
2905,0.0806033436674625,0.201696957439306,2,1,-0.524913936725278,1,0
2906,0.837430691346526,1.47137863650061,1,0,0.0601231417426321,0,1
2907,0.107117694018911,0.981141664735751,2,1,0.670212005042354,1,1
2908,0.104746551512315,0.201136671160709,2,0,0.206387002197192,0,1
2909,1.65473600219746,4.03677658549782,1,0,0.321520580114903,0,1
2910,0.133975550706964,0.720806960084907,2,1,1.00128830162609,1,1
2911,0.175498562590579,0.417293303089718,1,1,0.827502444737634,1,1
2912,0.198960517628435,0.320637329401127,1,1,-1.9676754298478,1,0
2913,0.735658474123858,0.775190876420123,1,1,0.0630823944821218,1,1
2914,0.899399358779192,5.31222274121205,2,0,-1.14178916797857,0,0
2915,0.265348646207713,0.762861722360192,2,1,0.297893186461905,1,1
2916,0.319591981778144,3.11402260116352,2,1,0.705025391718532,1,1
2917,0.0250537352985702,0.247094074416601,2,1,2.00977256477816,1,1
2918,1.04818754643202,1.57020122746005,1,0,1.29447863562926,0,1
2919,0.304383911716286,1.22349422926189,2,1,0.0830699545672982,1,1
2920,1.26306326123291,1.73987581673199,2,1,0.995097990039662,1,1
2921,0.0116370843598273,0.306535965038369,2,1,-1.33968946953098,1,0
2922,0.179467887792271,1.71547586708631,1,1,-0.386092665422922,1,0
2923,0.251045247128713,0.593551963047373,1,1,-0.112712770149542,1,0
2924,0.36445249076189,0.912486366640723,2,0,0.399196719192682,0,1
2925,0.796031374484301,2.55707805593661,1,0,-1.7136606707668,0,0
2926,0.450872508782715,1.52440378522376,1,1,-0.0871068732458012,1,0
2927,0.0266233537695371,0.442956381444624,1,1,-1.66541340826498,1,0
2928,0.207634061635084,1.76734208775575,1,1,0.706776070053363,1,1
2929,0.0912087868077059,0.591964383529553,2,1,-0.24865001169043,1,0
2930,0.48248719892541,1.19834479589091,1,1,-1.25754322774601,1,0
2931,0.866317570209503,1.86300631826951,1,0,0.115835983382658,0,1
2932,0.0991580940899439,0.227073077112436,0,1,0.876992455120755,1,1
2933,0.999024592985973,1.84637935125527,2,1,0.770430570934403,1,1
2934,0.0180992161040194,2.10031819824817,2,1,0.412968481839573,1,1
2935,0.470592320754014,2.68228144880082,1,1,-0.833937560022662,1,0
2936,0.759768838735119,1.83148019550551,1,1,-0.906052956851255,1,0
2937,0.190599669745061,0.244038018823777,1,0,-0.934644449649939,0,0
2938,0.474279113669701,1.39158829336015,1,1,0.135574233400977,1,1
2939,0.4293056007009,2.05797868108456,2,1,-0.280590045406079,1,0
2940,0.391274715773761,1.5662807424864,2,0,-0.155407441119084,0,0
2941,0.925719285383821,1.90201720299093,2,0,0.809517481212049,0,1
2942,0.76992447810823,2.35967583321379,1,0,0.155526233111362,0,1
2943,0.0169539664057083,0.0305647849437887,0,1,0.17401258084542,1,1
2944,0.257755469235159,1.36654993424778,2,0,1.84765172310494,0,1
2945,0.361074002285022,0.473964044739253,1,1,-2.15571013423068,1,0
2946,1.64889235707561,1.93590462519295,2,0,-0.158322329433094,0,0
2947,0.259486611175817,0.378824377428096,1,1,1.32907749342674,1,1
2948,0.0478877799469046,0.6997815845163,1,1,-0.771598631841682,1,0
2949,0.439725836901881,2.4449451074193,0,1,0.297157734415133,1,1
2950,0.998222711443544,1.87142439126178,1,1,0.246643484667175,1,1
2951,0.235110632493161,0.301173233473248,1,1,-1.30117203065168,1,0
2952,0.0223645967549404,1.16747931796519,1,1,-0.653063094916394,1,0
2953,0.0607144171372056,0.110875390084033,1,0,-0.983043395224802,0,0
2954,0.0888280585058965,0.472348971148605,1,1,-0.388884639917292,1,0
2955,0.139990942552686,1.47523794769369,1,1,0.134451001743233,1,1
2956,1.96257233983817,2.6686811229835,0,0,0.0666231652911173,0,1
2957,1.27249212697485,1.38480149386751,1,1,0.137090788555695,1,1
2958,0.117641637724441,1.80739157092808,1,0,-1.5534501475218,0,0
2959,0.0379589266958646,0.177200161474084,1,1,-0.966041051350023,1,0
2960,0.277207706531044,0.531530374897952,1,1,0.161967819468905,1,1
2961,0.0898675894526122,1.29182701356542,1,1,0.498148274668714,1,1
2962,0.397321220658808,1.34221448755231,2,0,0.109586895266641,0,1
2963,0.0867579701439201,0.259787426463405,2,1,1.49320910469791,1,1
2964,1.19394297804683,2.36939625662331,2,0,-1.05818783487266,0,0
2965,0.279920280327323,0.34947901554831,1,0,-0.688077876257593,0,0
2966,0.324233382727725,1.53210744803679,2,0,0.44223024159886,0,1
2967,0.585375818233326,2.29727122877922,2,0,1.38480009946422,0,1
2968,0.291818512841365,0.586535959961686,2,1,0.218314072805051,1,1
2969,0.881966017977107,2.11206191984546,1,1,-0.0621725409445603,1,0
2970,1.51816178284636,3.50952478796418,2,0,1.1422815657472,0,1
2971,0.0461963048333189,1.62070931335825,2,0,0.318156842229565,0,1
2972,0.0473554106429219,0.663038460580804,1,0,-0.202400923848853,0,0
2973,0.37088099255925,1.8725437550254,1,1,-2.70094754833354,1,0
2974,0.0560098104799367,0.591311338394131,1,0,-1.25585405777191,0,0
2975,0.122102868620625,4.22911158295393,2,0,-1.04782655489679,0,0
2976,0.0728632073319938,0.241607800289473,1,1,0.0288752001196011,1,1
2977,0.0785447363591281,0.871691321111483,2,1,0.230972260048507,1,1
2978,1.16666480712593,1.57253395983781,1,0,-1.80616651484988,0,0
2979,0.187303041352682,0.596080075924539,1,1,0.762358756973612,1,1
2980,0.681493574055924,0.981445204332104,1,1,-1.38585747313418,1,0
2981,0.317302055482287,0.435831475643053,1,1,0.607547459514766,1,1
2982,0.993683732114732,1.91675404589429,2,0,-1.46651476157727,0,0
2983,0.146734633017331,0.34973361321735,0,1,0.962033760479536,1,1
2984,0.135029004270324,1.04488553168873,0,1,1.40806706897931,1,1
2985,0.213061802653377,0.458506771098773,2,1,-0.252455994334987,1,0
2986,0.376899303417224,3.73322793121877,2,0,-0.113584211670378,0,0
2987,0.575098630569501,1.75775101048092,1,1,-1.38819984427217,1,0
2988,1.07066242303699,1.23760907440586,1,0,0.034379475557002,0,1
2989,0.616406086456783,4.08493679738227,1,1,-0.848765991687252,1,0
2990,0.192030493730366,1.35554441341746,1,1,-0.658045644319553,1,0
2991,0.0829959949478507,0.640462089240003,1,0,-0.0590909131072637,0,0
2992,0.417631203017663,0.62443019730097,1,1,1.39037316714339,1,1
2993,0.475169266574085,2.4349454883486,0,0,0.0453851546563847,0,1
2994,0.652693179215484,1.11212320971204,1,0,0.0917472517289041,0,1
2995,0.120721471495926,0.757153803617086,2,0,0.397812740836874,0,1
2996,1.5171189991234,3.71553225600794,1,0,0.510207761420702,0,1
2997,0.979163425043225,1.92128708398222,2,0,0.387161659590821,0,1
2998,0.120417106954847,0.135023156908425,1,1,-0.645842214926336,1,0
2999,0.71640395482442,1.40943073714912,1,0,0.715020976310342,0,1
3000,0.815916362194911,3.44119114490847,0,0,-0.197346882823249,0,0
