"id","L","X","status","z1","z2","cgroup","tgroup"
1,1.11877906229347,4.30338367509345,0,0,-1.49768997886134,0,0
2,0.0411782052833587,1.05926725826658,2,1,0.482498313185801,1,1
3,0.436321806602001,0.803310182882533,2,1,-0.492936500773356,1,0
4,1.2056428194046,6,0,0,0.272869749146132,0,1
5,0.46790135504304,0.988324499516906,1,1,-0.872660622125061,1,0
6,0.455589603632689,2.37299794756687,1,0,0.0549997463971158,0,1
7,1.5309663444771,4.83112063514024,0,0,-1.72029542649074,0,0
8,0.699283395052709,2.60725201010437,1,1,1.04681441267787,1,1
9,0.521364505402744,1.96484704812368,0,0,-0.748618658095409,0,0
10,0.0367996998829767,0.1353761799671,2,1,2.10355684740456,1,1
11,0.426599140919279,0.81151283393681,1,1,1.69910816716575,1,1
12,0.244608596481828,1.07439599874736,2,1,0.342413513740131,1,1
13,1.23882066551596,2.85197175718646,2,0,0.519424550390255,0,1
14,0.0268409820273519,0.8448746570423,2,0,0.790339968038019,0,1
15,0.238370091828983,0.298312837671676,1,1,-0.780223956211862,1,0
16,0.917675194538055,1.1536160309581,2,1,2.21420187563983,1,1
17,0.892215933258888,1.35880045184445,2,0,-0.679592868841712,0,0
18,0.148375916385072,0.626905756977404,2,0,0.222493791705729,0,1
19,0.8384526095789,2.63801265888552,1,1,-1.08746813297428,1,0
20,0.0298672319623656,2.1470308876332,1,1,-0.475955123123828,1,0
21,0.169089785485994,0.655518007093545,2,1,-0.64217526503845,1,0
22,0.530404408319675,1.82887564703515,2,1,-0.0864182280896249,1,0
23,0.186065439808375,1.20790716483692,1,0,0.497145300519354,0,1
24,0.879392191767693,1.19166838343506,2,0,0.952634471064676,0,1
25,0.244787608631709,1.05187669108678,2,0,-1.16371688478894,0,0
26,0.0974571463302709,0.182750921076862,1,1,0.287601337649197,1,1
27,0.31643666094169,0.438590422689779,1,1,0.918715474029338,1,1
28,0.62443100728263,4.29668148358663,0,1,0.172434202297857,1,1
29,0.058309682268026,4.39183400943875,0,0,-1.88457784656064,0,0
30,0.461413929889214,1.71196997125586,1,0,0.806100299731096,0,1
31,0.0551505114549474,0.287634946013707,1,1,0.0311530411649982,1,1
32,0.700777917169034,1.79822528326532,0,0,-1.79454704066906,0,0
33,0.179809131077491,1.07953393708446,2,1,0.154386115433361,1,1
34,0.398039682477247,0.65725327673416,1,1,2.12563258678365,1,1
35,0.130508016445674,0.41382851699988,0,1,-0.763744017411446,1,0
36,0.407978331670165,1.00643106103434,2,0,0.0215153556552333,0,1
37,0.152669438102748,0.928830230611644,1,1,-0.397417148801075,1,0
38,0.136503170069773,0.442948565757695,1,1,-1.41603625238598,1,0
39,0.503113741006282,0.53849246171576,1,1,-0.491695764566496,1,0
40,0.48086433028505,0.647858802566635,1,1,0.176808096232433,1,1
41,0.0892341174767353,0.371046658451083,1,1,-0.132123084655802,1,0
42,0.0255576713243499,0.868815882131457,0,1,-0.69975477359695,1,0
43,4.4210582024128,6,0,0,-1.00783088643591,0,0
44,1.03876706091093,2.21870265552408,2,1,0.456944869677081,1,1
45,0.0213977106614038,0.349895262575963,1,1,0.0744279762998624,1,1
46,0.318506995390635,0.370704130379693,1,1,0.162886280715645,1,1
47,0.534453039988875,0.558204765376869,2,0,1.13029067188662,0,1
48,0.29396319433012,0.777588687492665,1,1,-2.0428141922687,1,0
49,0.00743077078368515,0.402925853411023,1,1,-0.996260382406333,1,0
50,0.374220137891825,1.30198837077882,1,1,-0.960384794779416,1,0
51,0.770599103390061,0.817187628657274,0,1,-1.61765243950075,1,0
52,0.00641126302070916,0.254832380613414,1,1,-0.354975671939671,1,0
53,0.279301545233466,0.993908200744655,1,1,0.24318080028886,1,1
54,1.15425548847526,1.71249745994476,1,0,0.646797700150577,0,1
55,0.0960742523961837,0.779064108307163,0,0,0.988898273447844,0,1
56,0.265253556717653,0.522618116541002,1,1,-1.78859740682875,1,0
57,0.00855747022104198,0.724186286853054,0,1,1.29207118435266,1,1
58,0.0693206797586754,1.37606462694115,1,1,1.72293952494146,1,1
59,0.601381108164787,4.80902858780149,1,0,-0.557146261930068,0,0
60,0.0280780177563429,0.806367642881347,2,0,0.907850950859637,0,1
61,0.0839204794241125,1.01846318071087,0,0,0.184301872009553,0,1
62,0.755190632881801,4.00292176364541,1,0,-0.103819611631514,0,0
63,0.392777984088752,1.12044708221454,1,1,0.110329728633745,1,1
64,0.22996466285277,1.95567483604697,2,1,-0.272367497167982,1,0
65,0.484612483543206,1.16448858922815,1,1,0.716706879482847,1,1
66,0.0639208694337867,0.13792694363117,1,1,-0.273037308839196,1,0
67,0.422165578231215,2.29986294793586,0,0,-1.30088985295356,0,0
68,0.16862988792127,0.546943956250526,1,1,-0.638750602779866,1,0
69,0.637743888629422,3.19164218999983,1,1,0.97162547341368,1,1
70,0.150878481767852,0.413301030379289,1,0,-0.29249223408858,0,0
71,0.166464115522754,2.96654535147051,0,1,-2.34136523519303,1,0
72,0.212836469872855,2.23763281579447,1,1,-0.0272538179209446,1,0
73,0.793648262508214,2.02735118764178,1,0,0.774026207631385,0,1
74,0.118919691594783,0.163940447088326,1,1,0.7910332010191,1,1
75,0.552713160403073,2.40999468524424,1,0,1.57402202495256,0,1
76,0.00563927870174652,0.19880722338526,2,1,2.44970704726309,1,1
77,0.150760808028281,0.481287090439155,2,1,0.273258924854316,1,1
78,0.116829440204426,0.675097835099436,1,1,-0.391390260592166,1,0
79,0.506182134084014,1.30301216994854,1,0,-1.24842101141465,0,0
80,0.209663454152178,0.547154486800234,0,1,-2.25778167681909,1,0
81,0.741692640818655,2.86293552916992,2,0,-0.50524593565389,0,0
82,0.0981569504365325,1.24145807321262,1,0,-0.828251193573188,0,0
83,0.301504240189673,0.575101224178297,1,1,1.30346977904189,1,1
84,0.426037415163592,0.498115439456333,1,1,-0.708124508656738,1,0
85,1.33988125901669,2.19062145668751,1,0,0.731703201724045,0,1
86,0.172068673709873,5.86526650907405,0,1,-0.431464270392074,1,0
87,0.941926545876652,2.14601704204528,2,1,-1.25037344853354,1,0
88,0.482164944961488,1.08527303394183,2,1,1.28271896122102,1,1
89,0.370453720912337,0.873701880987076,2,0,0.906373377456182,0,1
90,0.749287251383066,3.48530979110734,2,0,-0.537987979565599,0,0
91,0.194883639924228,2.74618089911593,2,0,1.78343409447804,0,1
92,0.240263764846275,0.442838041732709,0,0,-1.35087973499029,0,0
93,1.80557602215386,3.769959397614,0,0,-0.974477724870578,0,0
94,0.734020140022039,4.26399782520812,2,0,1.32799331266539,0,1
95,0.0411422274191864,0.143826177265099,1,1,-0.20533711778468,1,0
96,1.12729187682271,6,0,0,0.553302295208698,0,1
97,2.30717695868554,3.30812673411464,1,0,-1.8990312345893,0,0
98,0.573480800932095,1.06818288564682,0,1,0.0681781213660791,1,1
99,0.00184599249191521,0.391247307075449,1,1,0.340677851128903,1,1
100,0.494521572815838,0.643848182910262,1,1,-1.7365795791014,1,0
101,0.21664160391083,0.361406785932465,1,1,0.725588616067985,1,1
102,0.316220881417394,1.31033264060554,1,0,-1.02267145655421,0,0
103,0.449528126977384,0.607022858546346,1,0,1.47078895693516,0,1
104,4.63297219176717,5.59806271620485,2,0,-1.32875140078703,0,0
105,0.458089676685631,0.727610915106415,0,0,-1.92060813651608,0,0
106,0.327436808037043,0.533082637262263,1,0,-1.00296647034099,0,0
107,0.243221034179442,1.27254221864912,1,1,0.616456244172517,1,1
108,0.0613499297651062,0.914742301001679,1,1,0.897212709815237,1,1
109,0.250229821540415,2.11403844526227,2,1,1.57698877850763,1,1
110,0.388420757837594,1.84361574391886,1,0,1.35280852675692,0,1
111,0.065434070593924,0.381176620721817,0,1,1.8145930103687,1,1
112,0.128846502862871,4.44301041393515,1,0,0.681710829777986,0,1
113,1.01757614868099,1.66927574763406,1,1,0.20348146706041,1,1
114,0.174867258174345,0.236453217061613,1,1,0.0702424379132962,1,1
115,0.310115673346445,0.642841049972088,1,1,-1.25563204074055,1,0
116,0.0663328570377945,0.202273695138512,2,1,0.754258646341509,1,1
117,0.196503355103468,5.89020894843963,2,1,-0.233556627635494,1,0
118,0.0532727221069902,0.196920632879931,1,1,-2.23136652499729,1,0
119,0.12433086783858,0.487787577754238,1,1,1.83869747068592,1,1
120,0.0225874530151486,4.77920216157392,2,0,0.584116731002862,0,1
121,0.25997686325407,6,0,0,-0.623669866675197,0,0
122,0.0732245974359103,1.41744103582833,2,1,0.753750092390073,1,1
123,0.712920357473195,3.43430744784309,1,0,0.449497137505284,0,1
124,0.167265734344255,0.905332625223708,1,1,0.288030308124562,1,1
125,0.248055662086699,0.731997495787446,2,1,1.71243816507399,1,1
126,0.578367430716753,0.776197884978598,1,0,-0.945782119830774,0,0
127,0.191524991218953,1.09339468109021,1,1,-0.223638634390395,1,0
128,0.393047508841846,2.78764093670379,1,1,0.920969748564481,1,1
129,1.80604132428381,2.11339768571084,2,1,-0.731408386858908,1,0
130,0.284162015886977,0.382516658694406,1,1,0.691538951730117,1,1
131,0.671766929328442,0.950174581811779,1,0,1.10293719009919,0,1
132,0.386719393543899,1.31179245170841,1,0,-0.196174051078804,0,0
133,0.275021895605225,0.62428952815632,0,1,0.887077695807081,1,1
134,0.229566824690789,2.77167903802289,2,0,-1.19786672249702,0,0
135,0.137153480027337,2.96937414504264,1,1,0.449542014241937,1,1
136,0.0215528818080202,0.207648172838788,1,1,-0.558104813635245,1,0
137,0.0866055450751446,1.02706035960268,1,1,-0.129385625836148,1,0
138,0.599644221670475,2.4983146962325,2,0,-0.467851683003795,0,0
139,0.143953579245135,0.448582796030068,2,1,0.5793273209066,1,1
140,0.701067444725715,2.12099045771612,1,1,-0.692245471227128,1,0
141,0.456981343217194,2.87353883186976,0,0,-1.16298529876393,0,0
142,0.206249854527414,0.357371886517546,1,1,-1.47793948639553,1,0
143,0.675140194335774,2.51415990388022,1,1,1.08508998708695,1,1
144,0.566637323237956,0.74438483596432,1,0,0.491422260369904,0,1
145,0.771572101485737,0.780697243570657,1,1,-0.791000883994515,1,0
146,0.234582051435745,1.46145443277095,1,0,-1.18563994853108,0,0
147,0.0962201869115233,0.616487601161157,2,0,0.549442184377323,0,1
148,0.0516762811457738,0.146144323285289,1,1,-0.0627597082621344,1,0
149,0.137468507455196,1.25194682874615,2,1,0.374996186532318,1,1
150,0.475375470617633,2.66276782907894,0,0,0.169703998155397,0,1
151,0.125229608694176,1.11997546918669,0,1,-0.229372135948155,1,0
152,0.555730187535589,3.72229720772378,2,1,0.110304549329271,1,1
153,0.0344495977061126,0.0417045962882127,1,1,0.698176586231135,1,1
154,1.27544030919671,1.86398614952799,2,0,0.120367640436533,0,1
155,0.535877612419426,5.91716973169168,0,0,-0.809039758277468,0,0
156,0.150119451845487,0.337937485977516,1,1,-2.02180997838757,1,0
157,0.874867734499276,4.22684469431788,1,0,0.13061064687462,0,1
158,0.227281021880284,2.58143324201731,2,0,-0.0817920123884462,0,0
159,1.08310174773784,1.50427695896249,1,1,-0.65240998808983,1,0
160,0.519708541221917,0.635833734130909,2,0,-0.027417042307717,0,0
161,0.331206752918661,0.334625740212445,2,0,0.555279351991573,0,1
162,0.63864665850997,1.25709766685137,1,0,-1.0359709658174,0,0
163,0.869335881434381,1.28260318478586,2,0,-1.16797105030322,0,0
164,1.12288444396108,2.19636303704424,2,0,0.941183375220804,0,1
165,0.182558398047618,0.97928137693527,1,1,0.808301035572316,1,1
166,0.710425238331601,0.910600905917339,2,1,0.0960432698305798,1,1
167,0.776284853319459,0.964606669787572,1,1,0.316683123126962,1,1
168,0.0700237133423798,0.184859746663117,1,1,-0.594491259270888,1,0
169,0.257953755864964,0.393141933823895,1,1,-1.56143211725519,1,0
170,0.125052222487106,0.385836830454146,2,1,1.02394475221139,1,1
171,1.05362632218748,2.8298597515604,2,0,-1.05289018543233,0,0
172,1.29037127830088,3.2194732649527,1,0,-2.01021038372976,0,0
173,0.136709798534866,1.07758215187964,2,1,1.27055629740584,1,1
174,0.194654628634453,0.63529433207458,2,0,1.24478499402503,0,1
175,0.519531600177288,0.709387354169139,2,0,1.11690218585704,0,1
176,0.476974836550653,4.21591448278088,2,0,0.844034991525207,0,1
177,1.03809992782772,1.32325574270344,2,0,1.10522693436592,0,1
178,0.325231246533804,0.506918948906569,1,1,1.15795616682958,1,1
179,0.197483946569264,0.686253953835645,1,0,0.800885505363835,0,1
180,0.00546672195196152,2.79990955061194,2,0,0.403403664830494,0,1
181,0.0906417376635378,0.300195734375413,1,1,0.329518536065039,1,1
182,0.156471442023758,0.954289003982607,0,1,-0.383272864709639,1,0
183,0.146055098966021,2.64069620032176,1,0,-1.13368340660099,0,0
184,0.42290642275475,0.837933789124655,1,1,0.462829971750732,1,1
185,0.0396379226003774,1.02911176441235,1,1,-0.584381475861141,1,0
186,0.837157243487247,0.959212798200034,1,1,-1.84551342949634,1,0
187,0.0120550923747942,0.184029911337509,1,1,-1.08556980944516,1,0
188,0.155079937831033,0.514939615180442,1,1,0.313567356968681,1,1
189,0.33450773160439,0.340167654208637,1,1,0.0133520707364953,1,1
190,0.405806863855105,0.436320305608227,1,1,0.736446070244072,1,1
191,0.783107902362764,4.21628764209648,0,1,-0.337571030499799,1,0
192,0.0357477870420553,0.0646905632974783,2,1,0.200825713762463,1,1
193,1.20545427309686,1.22237223549976,2,1,1.08670501393584,1,1
194,0.0513095274800435,1.59753494895995,0,1,-1.5763276606263,1,0
195,0.0393172309850343,0.150308110397838,1,1,0.430510506161328,1,1
196,1.63662090702894,3.30735645198356,1,0,0.803888286202329,0,1
197,0.149341915093828,1.24059105799827,1,1,0.317570748169516,1,1
198,0.199043401516974,1.64633626944385,2,0,-0.760607633433494,0,0
199,0.572945696301758,0.8478186278014,2,0,-0.654860176169142,0,0
200,0.6081117340101,1.45161582320676,2,1,0.341039970109036,1,1
201,0.0452157683321275,0.301903150632899,2,1,-0.142969599538206,1,0
202,0.01102439686656,0.15454010921394,1,0,-0.284919769541097,0,0
203,0.130096289794892,0.29404264185689,1,1,-1.47855389139368,1,0
204,0.125403275305871,0.908321887857594,2,1,1.26725290587127,1,1
205,0.206062091212348,2.23586977657219,2,1,0.213064300378335,1,1
206,0.292436063464265,0.789010612774894,2,1,1.0031287279197,1,1
207,0.0653910229448229,1.25136405206936,1,1,0.617553873249847,1,1
208,0.394361711107194,0.749491828008128,1,0,0.670872905374479,0,1
209,0.714778187684715,1.1153900558616,1,0,0.25465464337049,0,1
210,0.670712740949176,0.996100499442049,2,1,0.346085551419836,1,1
211,0.356932025460992,0.721744689279729,1,1,-0.196192384673318,1,0
212,0.0849518814356998,1.00007658617586,1,1,-1.33143724886777,1,0
213,0.950577720999718,1.58151926643417,1,0,-0.917715381857831,0,0
214,0.553046293348619,0.815317312350855,0,1,-0.926386385330946,1,0
215,0.996630575507879,1.39973888897747,1,0,-0.424461096545549,0,0
216,0.20235932781361,0.9629127214727,1,1,-0.507752135402594,1,0
217,0.0962529256939888,1.95721105356046,1,0,0.53090135888868,0,1
218,0.346445933100767,3.01902491103787,1,1,0.233950077186781,1,1
219,0.0334072470017135,1.03400251973668,2,1,0.316189895027974,1,1
220,0.0727109461868205,0.595663186077437,2,1,0.993901885520197,1,1
221,0.326174697256647,0.660180448167377,1,1,0.481768424686252,1,1
222,0.257272144779563,0.937818993503849,0,0,0.589091316236823,0,1
223,0.416211953386664,3.23120686846475,0,0,-1.11970756073756,0,0
224,0.235635905747568,0.371402830590167,1,1,-1.30798937555401,1,0
225,1.07266272045672,6,0,0,-0.827858903739486,0,0
226,0.091274828009773,1.0444023086162,1,1,-0.242275095848368,1,0
227,0.392996578477323,1.9452977180481,0,0,0.584469120830254,0,1
228,0.969884600983722,1.73892265806434,2,0,0.219657029158311,0,1
229,0.0302412090823054,0.728295576934202,1,0,-2.07821350843148,0,0
230,1.93312567650321,2.41333186292848,2,0,0.596927784591767,0,1
231,0.510849480517209,1.23906769169331,1,0,-0.953170124381575,0,0
232,0.0163031174452044,3.59564717548589,0,1,-0.847545422895025,1,0
233,0.847654413431883,1.28936962577844,1,0,-0.045830327546281,0,0
234,1.58562390472518,5.60553179190152,2,0,0.0854910234788356,0,1
235,0.41826484084595,1.74472040911993,1,1,1.41025423519471,1,1
236,0.310420790517236,0.57644362150374,1,1,0.334113498708416,1,1
237,0.325372309541102,1.66350361783445,2,1,-0.448792158393775,1,0
238,0.288311402168827,0.603205045329061,2,1,1.64854485687949,1,1
239,0.128030574435106,0.671083119029691,0,1,0.670839624701812,1,1
240,0.00534855093208073,2.27080970071256,0,0,0.354810705378693,0,1
241,1.2076554633677,3.00194159752839,1,0,-0.568436169579012,0,0
242,0.416974700638093,1.08265199244306,2,1,0.317831720172589,1,1
243,1.18896882422268,1.37438142982622,0,0,0.192673147442227,0,1
244,0.428995237174248,1.64678256491235,1,0,-0.139798256916584,0,0
245,0.0301733034565264,0.107336171252065,2,1,2.25544427106757,1,1
246,0.691950440406799,1.77005011721086,1,0,-1.12453997539938,0,0
247,0.0672659706324339,0.591671459943642,2,0,0.366929427839947,0,1
248,0.0942997423409086,1.44903376002556,1,1,1.74629459628641,1,1
249,0.0249516808838908,0.862983727557331,1,1,0.859786593705869,1,1
250,0.468664121554986,0.963154712719069,1,1,-1.89042162810862,1,0
251,0.175907905247607,1.04030988489588,0,0,0.644059921986351,0,1
252,0.174071000375784,2.33697839253962,1,1,-0.533834404882268,1,0
253,0.619038434442451,0.702475676587032,1,0,-0.0503880757460961,0,0
254,0.176526200957596,0.956157025044769,2,0,1.01237740601591,0,1
255,0.216285006899852,0.316454609844931,1,1,-0.393635239321365,1,0
256,0.322273306548595,0.861335763119139,1,0,-0.104130021141147,0,0
257,0.900230214412898,1.97881071576184,2,1,-0.0443607222996242,1,0
258,0.909858051687479,1.04303345386749,2,0,0.829508878127271,0,1
259,0.914375743543372,0.998740684620519,2,1,1.53172781288794,1,1
260,0.0672070098196738,0.902999343578076,2,0,1.28263724143438,0,1
261,3.02245773777972,5.25280968661183,2,0,-0.946718190120114,0,0
262,0.476687953897573,0.581699882118867,2,1,0.428798833309325,1,1
263,0.183108283256198,2.51394168927258,0,0,-0.631044594193731,0,0
264,0.0414969429028287,0.0735032964771326,1,0,0.675350256683512,0,1
265,0.500699711285,1.20106775011833,1,1,-0.323036971689596,1,0
266,0.127083452418447,0.155437495132599,2,0,0.724250092857223,0,1
267,0.0447987651575886,0.337639971459812,1,1,-2.63834283321841,1,0
268,0.126080551782417,1.4858871887003,0,1,0.37684790851012,1,1
269,0.320791720353562,0.39088239023976,0,1,2.51083603756644,1,1
270,0.429174594464712,0.575087966370304,1,1,-2.27574297569565,1,0
271,0.459930453190401,1.23134831001864,1,1,0.399177442664655,1,1
272,3.18154552429166,3.41448942041681,2,1,-0.762918859155183,1,0
273,0.664819419066409,2.05289927704907,1,1,-0.565144906317265,1,0
274,1.31801023427397,3.28035209229454,2,0,0.0837789886721832,0,1
275,0.307630494353361,1.98435417023709,2,1,0.506646996650244,1,1
276,3.84999898059254,4.91216498207992,2,0,-1.33728409093614,0,0
277,0.48076884109835,0.624306073152785,0,1,0.90285926504135,1,1
278,0.160382063800162,3.70481444322805,1,1,-0.604695049433298,1,0
279,0.0220782570540905,1.08567737583081,2,0,-0.726507692009443,0,0
280,0.5684223397082,1.04059320046406,1,0,0.796508247364191,0,1
281,0.388538603438064,0.455658677965403,0,1,0.00373634633555615,1,1
282,0.100706854525748,0.615347580588688,1,1,1.37577181849675,1,1
283,1.69319797648622,5.67292371115891,0,1,-1.2296784169548,1,0
284,0.0687321523268894,1.02587936446071,0,1,-0.610106375589814,1,0
285,0.0713525620398593,0.148636036066853,1,1,0.869423205665797,1,1
286,0.0344860090990551,1.00439969035945,2,1,0.87137345127085,1,1
287,2.30138901053908,3.1800489500165,0,0,0.543900077799302,0,1
288,1.80982923436605,2.44382595914838,1,0,-2.33805328352658,0,0
289,0.342110328866689,1.19939745430519,1,1,0.00630768752826728,1,1
290,0.405463360249996,1.23134711560706,1,0,0.425484734860657,0,1
291,0.172104617731387,3.15781426423529,2,1,0.222180968947434,1,1
292,0.523530130131923,0.820428529510198,1,1,-0.702168316834041,1,0
293,0.463866688677013,4.59832050463199,2,1,-0.508195443081609,1,0
294,0.44724983393383,2.41471864903504,1,1,-0.180083063112296,1,0
295,0.698368975892663,2.43115361634463,2,0,0.670696151655766,0,1
296,0.146248803991218,1.59401446891328,0,1,-0.523475246615623,1,0
297,0.38098949752748,1.97806351058805,2,0,-0.0885018260245889,0,0
298,0.339607158246421,0.687332833185792,0,0,1.03766633943088,0,1
299,0.353710745037822,2.60239874502247,1,1,1.29059514533697,1,1
300,0.484759258172834,0.772400823369139,2,1,0.0995316548133565,1,1
301,0.166091560095083,1.89565239376845,2,1,1.31253791330975,1,1
302,0.168281250258195,1.09373679926669,2,0,1.28347121993662,0,1
303,0.183885979058687,2.22797575902818,1,1,0.163679275369472,1,1
304,2.04975792012157,2.72185824167621,2,0,-0.972484415668626,0,0
305,0.576833086062044,0.881810566421625,1,1,-0.635686210886635,1,0
306,0.758870416707982,1.56101414002478,0,1,0.289752272917117,1,1
307,0.206540908443462,3.49138631303421,2,0,0.262927287646364,0,1
308,0.554194612428546,2.21197080569914,2,0,0.792644198271699,0,1
309,1.7872193955104,2.28536294480998,2,0,1.06654100252942,0,1
310,0.875104718090609,3.94772354250592,2,1,-0.647560237258808,1,0
311,0.529647548074655,0.651677974653279,1,1,-1.30282115018659,1,0
312,0.84685092431314,2.37247282020004,2,0,-1.0700989228192,0,0
313,0.89868261385709,3.70360185602866,1,0,-1.12343772464704,0,0
314,0.109727138769813,1.75656751672212,2,1,1.14822063954996,1,1
315,0.171776849892922,0.421241608274219,0,1,0.26727511276407,1,1
316,0.158987795002759,2.684958409518,0,0,0.552880992240022,0,1
317,0.546303341165185,1.12455941738606,2,0,-0.941543303603103,0,0
318,0.0233256711980637,1.69931062807639,0,1,1.17329682165063,1,1
319,0.0226350003504194,1.91147423855737,2,1,-0.832783827670787,1,0
320,0.217056654511642,1.46515661540131,0,0,-1.48232625151283,0,0
321,0.413150492124259,0.984629496224486,1,0,-0.113264397478143,0,0
322,0.303443614102434,0.347332023546,1,1,0.772577504764742,1,1
323,0.014563487842679,2.72859923956931,0,0,0.763680662307288,0,1
324,1.44795810454514,1.65898840885419,2,1,1.45937576838277,1,1
325,0.144307077239721,0.1624143806848,1,0,-0.917248707360043,0,0
326,0.136731009406503,0.606700972319536,1,1,-0.514879796510968,1,0
327,0.688490981675506,0.803319780481306,1,1,0.808094403979284,1,1
328,1.31542801018804,3.78443698054051,2,0,-0.86719239856855,0,0
329,0.252029909735594,0.487333239868154,1,1,-0.390579585088115,1,0
330,0.217072775753077,0.236345631411612,2,1,1.48370828261162,1,1
331,0.198716048151255,0.505720429912804,1,0,1.06253371971192,0,1
332,1.34794076191452,3.38074708435514,1,1,1.05406349417623,1,1
333,0.658508735915467,1.01425234605813,1,1,-0.839923840391197,1,0
334,0.446182008573607,0.755534281463578,1,1,0.285987619962312,1,1
335,1.44434437540469,2.65305399890032,1,0,-1.44463274273829,0,0
336,3.15995387023529,4.9744333214324,2,0,-0.638282578359844,0,0
337,0.629881412238659,0.992247887536628,2,1,0.0249902307914521,1,1
338,0.0387319307774305,0.270625209103324,1,0,0.815416178484295,0,1
339,0.352626405735625,1.02048133040037,2,0,1.68658361801543,0,1
340,0.197781534516253,0.53038926795125,0,1,0.134198098952192,1,1
341,0.417454862035811,1.21407579638612,2,1,-0.153012197364308,1,0
342,0.764797065407038,2.68447963898835,1,0,-1.07080077749997,0,0
343,0.0627611344089829,1.91404608913701,1,1,-1.36862442770526,1,0
344,0.456679389422445,0.59417826558268,2,1,0.426862196208375,1,1
345,0.206396443064564,1.30112417959572,2,1,-0.0445961108076517,1,0
346,0.333708695252426,0.529797929560925,1,1,-1.42430843889956,1,0
347,1.06424270197749,1.24876011243388,0,0,0.255634581548947,0,1
348,0.475143436097244,0.548196055735997,1,0,0.387521270625424,0,1
349,0.0149216031422839,0.489771473226475,1,1,1.71790425110564,1,1
350,0.00665298954118043,0.462436293966886,2,1,-0.609904563673214,1,0
351,0.000859439350033075,0.0570305662821834,2,1,1.58622622301969,1,1
352,0.961286845797315,1.2586528769425,1,1,-0.544473398157633,1,0
353,0.426542754867114,1.0910821714177,1,1,0.347636858710339,1,1
354,0.00947373919188976,0.178970053159677,1,1,0.0703990502408092,1,1
355,0.13160696340492,1.04759703526246,1,1,-1.36836753451671,1,0
356,0.173249328958516,0.560729291243611,1,1,0.734415352480332,1,1
357,0.862481000923373,0.896290735109,2,1,0.209424453085637,1,1
358,0.211762214603368,0.93899416706866,1,1,0.206472089692777,1,1
359,0.00114709338394078,1.20156259896855,0,1,0.722239972094954,1,1
360,0.205062276284655,1.20767460686858,1,1,-0.227692442318553,1,0
361,0.139053173770662,0.389910296627184,2,1,-0.00669385484379348,1,0
362,0.320835918537341,0.375613090522102,1,1,-1.51847616218163,1,0
363,0.312584808561951,0.770135824234835,1,1,1.57435598528198,1,1
364,0.0260581718757749,0.495512884501831,1,0,-2.03045859080447,0,0
365,1.21202293783426,3.70793289133619,1,0,0.704116975287319,0,1
366,2.48837901829722,3.60200976424919,1,0,-1.31063686268694,0,0
367,0.893155324272811,1.36319633216939,2,0,0.510945615188226,0,1
368,0.19156524882419,2.79188019069956,2,1,-0.242589520356094,1,0
369,0.0979118002496224,0.492132306273351,2,1,-0.0325586836309654,1,0
370,0.306887187471148,1.72643841987309,1,1,-0.209145084673416,1,0
371,0.598213910681017,0.64074334328203,1,1,-0.851172446517254,1,0
372,1.65944380118492,2.16794453706939,2,0,0.793667301839831,0,1
373,0.853462562055148,5.39283851783168,1,1,-0.368090906839551,1,0
374,0.465736762669221,1.01763215300865,2,1,1.97276019742312,1,1
375,0.168578239972703,0.838287913550933,0,1,-0.200004469353616,1,0
376,0.0464853215962648,0.872034588256969,1,0,0.836038826537317,0,1
377,0.938361518730983,1.06975654613098,0,1,1.09721416358803,1,1
378,0.21979023294989,1.08804900231471,1,1,1.06365087645843,1,1
379,0.306485351043837,0.898416779094358,1,0,-1.80531391769595,0,0
380,1.66157140039413,2.32398418372891,1,1,-0.375746029117693,1,0
381,0.760535665295839,0.896387202051798,2,1,0.482232849479048,1,1
382,0.799508080209427,1.22860362177015,1,1,-1.15306723663995,1,0
383,0.662286054342985,1.41524342914718,0,0,-0.00519828878182972,0,0
384,0.405611758120358,2.76891030371189,0,0,-0.124833000957973,0,0
385,0.194436397287063,0.988704843001029,1,1,-0.645718420954575,1,0
386,1.51326240116284,1.58530043438077,0,0,-0.797200070318371,0,0
387,0.00170974584762007,0.448040781305259,1,1,0.0879224097285033,1,1
388,0.197610401886542,0.924084274777735,1,0,-1.20499635300709,0,0
389,0.89471296338758,1.86341828333511,1,1,0.805873739277408,1,1
390,2.13318501404467,2.3844100315593,0,0,-1.58328158298723,0,0
391,0.447850708849728,0.739312440364596,2,0,0.504871209745754,0,1
392,0.119303745543602,0.920992956273375,0,1,0.144475266609573,1,1
393,0.0931006897008047,0.22975111658375,2,1,1.486951801469,1,1
394,0.116703505918849,2.19984934255925,2,1,0.763412912772214,1,1
395,0.981023635715246,1.23112887994328,2,0,1.0212430046287,0,1
396,0.393890516832471,0.427584851510848,1,0,-1.84981387915162,0,0
397,0.368099832267035,2.78782961826331,1,1,0.544164966046459,1,1
398,0.0353020819602534,0.127470004797437,1,1,-1.41692695245172,1,0
399,0.0402538953348994,2.18884320713116,2,0,-0.659517618360319,0,0
400,0.225836925383192,0.569365119510915,1,1,0.725118110038547,1,1
401,0.252523672766984,0.334802824513884,2,0,-0.694234192747716,0,0
402,0.0628515999836436,0.64862787401388,2,1,1.54220147398838,1,1
403,1.03120015230367,1.05858053071122,1,1,-0.289613557544495,1,0
404,0.23076546844095,0.700503651996472,1,0,0.126663473029381,0,1
405,0.377498798479792,0.44038531141907,1,1,-1.3007058049594,1,0
406,0.238338106845447,0.334506361922086,2,1,0.632482225494587,1,1
407,0.00462408817838877,0.614982589512997,2,1,1.62453128291375,1,1
408,0.0337987075909041,0.166633190695396,1,1,-0.0689224380984392,1,0
409,0.178836410718134,1.16807986818074,2,1,0.24631366039679,1,1
410,0.0584681812003022,0.753044995168845,0,1,0.804344591885093,1,1
411,0.676489230672016,1.65151026624927,1,1,-0.550956425293148,1,0
412,0.645208705216646,0.763557259269343,1,0,0.377016705468297,0,1
413,0.493341860361397,2.94447025051941,2,0,-0.224698255005582,0,0
414,0.0885656946084998,0.51986115714409,1,1,-1.05161599976105,1,0
415,1.18902915064245,1.42604588030852,2,0,-1.17595152551946,0,0
416,1.07354740798473,1.46277631411318,1,0,0.00864037233262414,0,1
417,1.00902805798092,1.27466314756115,1,1,-0.28763059818881,1,0
418,0.198677394364495,0.349908299931302,1,1,-0.876362768435452,1,0
419,0.0310872628987785,1.97239775324777,1,1,0.950481939089389,1,1
420,0.842663985868044,1.72586997375278,1,0,1.52799493651393,0,1
421,0.429769239388406,0.589912862311031,2,0,1.27763258999728,0,1
422,0.150861027942833,0.248241843796319,1,1,0.774000868961068,1,1
423,0.489223800224073,0.502103294805217,1,1,-2.39090549697371,1,0
424,0.36078677920159,0.836042115030478,1,1,0.918141825040278,1,1
425,0.475894161500037,1.18728294211003,2,0,-0.914335931341782,0,0
426,0.0664689596742392,0.214681453700957,0,0,-0.367772893380892,0,0
427,0.330290487327147,0.45448339266293,0,1,0.972461918142781,1,1
428,0.32728114631027,0.341310408964682,2,0,1.08036572785705,0,1
429,0.00769745279103518,0.346785408388927,2,0,1.42896828824323,0,1
430,2.2612437865788,4.845897559437,2,0,-0.594072016662505,0,0
431,1.17133698426187,4.73122619814732,1,0,-0.273290471467026,0,0
432,3.02129447399217,3.10277672995238,2,0,-0.795452089752316,0,0
433,0.143869459025868,5.29686379753387,0,0,-0.745948963613021,0,0
434,0.322914596185871,0.877906909390989,2,0,1.68924120452426,0,1
435,0.0475679745431989,1.40248113604277,1,1,-0.0307260241296168,1,0
436,0.768455607441075,0.829671276733279,0,1,0.854944267425297,1,1
437,0.102430150579918,4.49634601986556,2,0,-1.14413168402177,0,0
438,0.334879239962902,0.660420847854342,1,1,-1.02476089811976,1,0
439,0.335165180731565,0.361344532488167,1,1,-0.679644003822211,1,0
440,0.663771579248652,1.59503099532636,1,1,-0.566792257913011,1,0
441,0.301052197173703,1.17522345231845,1,1,-0.789002119081956,1,0
442,0.77662974244152,0.80609664963367,1,1,-0.479891410976981,1,0
443,1.51358519113603,2.04279142609468,1,0,0.314935336031095,0,1
444,0.0183158376603387,0.148063786953815,2,1,1.35920832996948,1,1
445,0.223570622038096,0.361019031769182,1,1,0.107581670280328,1,1
446,0.0629425929069196,3.49103129047846,2,0,-0.306410687986074,0,0
447,0.124217892544537,0.637323982339735,1,0,-0.680481947830428,0,0
448,0.477742132486678,0.534592441952617,0,1,-0.434723159268292,1,0
449,0.35722759028431,2.1850136135792,1,1,-1.01925453807559,1,0
450,0.72016247920692,2.84653005811075,0,0,-0.570712613125526,0,0
451,0.0645970616655181,1.07951352000234,1,1,1.90737603226543,1,1
452,0.0975445110816509,1.20938625544728,1,1,-1.39356108773226,1,0
453,0.00483114776357278,0.1932131255695,1,1,-2.45871367206535,1,0
454,0.454279693632208,0.598562974747127,1,1,-1.23999229568134,1,0
455,0.104922559766188,0.306007715258407,0,1,-0.0375471261568341,1,0
456,0.619696606273584,1.27729259079147,2,1,0.299983136235541,1,1
457,2.22682566932383,3.355319454734,2,0,-0.0170782293526125,0,0
458,0.108415989917014,0.457494922440976,1,0,-0.637792842165079,0,0
459,0.100261831180201,0.191021465886763,1,1,-1.22148835973034,1,0
460,0.0740431984886527,1.59766374744275,2,0,-0.138359238837174,0,0
461,0.858737209811807,3.61087317159702,1,0,0.518409066086314,0,1
462,0.0938193288418158,0.960505713835398,1,0,1.513258256109,0,1
463,0.100875696807634,1.68136996136673,1,1,-0.308545188492241,1,0
464,0.468225508785628,0.483560503166232,1,1,-0.188279038202417,1,0
465,2.15294449954274,4.55761665843535,2,0,0.875589932556241,0,1
466,0.0509758256697772,0.836229717634223,1,1,-0.599972705817355,1,0
467,1.05044623930007,4.18892254335387,2,0,-0.533064763076925,0,0
468,0.261626615812217,0.569631017477124,1,1,0.376816415996297,1,1
469,0.0619807959391032,2.45756008269309,1,1,0.124222717796116,1,1
470,1.49528893435095,3.67306565384073,2,0,0.173712987397493,0,1
471,0.0374109036056325,1.26928237331732,1,1,-0.0122071769570994,1,0
472,0.364287727861665,0.389600975640438,1,1,-0.489213680058703,1,0
473,1.21412705042736,4.41484078454475,0,1,1.28437352393459,1,1
474,0.775258881013662,1.6265601355414,2,1,0.483867213061748,1,1
475,0.0528790352141029,0.943963729574915,2,1,0.153452523300115,1,1
476,0.092484226624947,0.990711829348133,0,1,-1.93694365175297,1,0
477,0.303245803695898,1.93578943034788,2,0,0.571168349067134,0,1
478,0.0243313489730579,0.290932697535627,1,1,-0.419811549630089,1,0
479,0.0129595986800268,0.21312950267237,2,1,0.0918880930828075,1,1
480,0.0493630803721089,0.25559686719529,2,0,0.822797197525674,0,1
481,0.93624097522685,3.66817997700128,1,1,0.0449061436238681,1,1
482,0.912364121306364,3.67498419512948,2,1,0.641101790566473,1,1
483,0.177208774403605,1.77062389427045,1,0,-0.276126361968576,0,0
484,0.362325813912321,0.720143890114331,1,1,0.541005843168201,1,1
485,1.09168559423985,1.15521519235437,2,1,0.491626403683815,1,1
486,0.296560678689275,1.99405014530817,1,1,0.0903930862525702,1,1
487,0.605697868391871,2.38141768887362,2,0,-1.50799118024451,0,0
488,0.143382645909957,1.64368489386915,1,1,-1.83910741767462,1,0
489,0.174518316343892,0.8727521679601,1,1,-0.283508421830203,1,0
490,0.455037126640611,1.99437506807347,0,1,-0.702827981981225,1,0
491,1.00463189088664,1.53548131254706,1,0,-0.0356827320840541,0,0
492,0.709097015671432,1.2343793331335,0,0,0.537768079862956,0,1
493,0.585677846143137,1.17478204901247,2,0,1.50438764395927,0,1
494,0.222291370853782,0.300866167869083,1,0,-0.195108399427401,0,0
495,0.611279706877551,1.63838703948157,1,1,1.10195907567243,1,1
496,0.575957208925735,0.822585575585921,1,1,0.347143576822745,1,1
497,0.657741392962635,1.06055351378979,1,0,0.30408976756046,0,1
498,0.0607532449238857,0.565199956275126,1,1,-0.703440018294416,1,0
499,0.242728284560144,1.40753242528662,1,0,1.48504883468098,0,1
500,0.0600519783855629,1.23356113885071,1,1,-0.0663794617773517,1,0
501,1.16710901604371,1.38805330652403,2,1,0.73392357485151,1,1
502,0.00963317696005106,0.39504316360211,2,1,1.2658645550053,1,1
503,1.14265285991132,1.8762194023778,0,0,1.43221886760405,0,1
504,1.09444487467408,1.5354919770639,0,0,0.453055097120283,0,1
505,0.541253065431312,1.89250863157213,0,1,0.395600179794797,1,1
506,0.358573528646957,1.13510694317837,1,1,1.15889967274074,1,1
507,0.0624417680449006,0.262476243719302,1,1,0.568577623215021,1,1
508,0.63913419470191,1.20056466361329,1,0,-2.20800650735959,0,0
509,0.262024914845824,0.708885107198646,1,0,-0.842634849606111,0,0
510,1.53453867687824,1.761266591402,2,0,0.0527630421594479,0,1
511,1.1115371423714,2.12378587997186,1,1,-1.26873191028781,1,0
512,0.0514099597435178,1.17625468917854,1,0,-1.13614881790408,0,0
513,0.523470950085421,0.783186192210262,0,1,-1.19974109987773,1,0
514,0.683000422381544,1.83674095198512,0,0,-0.261039241548039,0,0
515,0.359827564097941,2.0438597334523,2,0,0.704780790750043,0,1
516,0.120650004928967,2.73102800059355,2,0,0.512507766128265,0,1
517,2.12097257251335,3.03078046383794,0,0,-0.263847893416879,0,0
518,0.874549295753241,0.97348687859873,0,0,-0.078075160629021,0,0
519,0.0429828449115966,0.121237789714021,2,1,-0.0394662548952783,1,0
520,0.0172862567706034,0.232737730043378,1,1,-2.15666677129481,1,0
521,0.0289604542194866,0.216215900223882,2,1,0.900424519135279,1,1
522,0.142787945515011,0.293782672801327,2,1,0.15487996323751,1,1
523,0.0665533432038501,0.888335623261684,1,1,-2.13522452231045,1,0
524,0.317547912801044,1.15411297287341,1,1,-0.275344561339071,1,0
525,0.753251253627241,2.31842370920314,2,0,0.15371812724646,0,1
526,1.92870711813442,4.53971205853992,2,0,-1.19514639891975,0,0
527,0.5686678243801,0.772879733800198,1,0,1.96401237644639,0,1
528,0.980742521584034,1.58817573760947,0,0,1.30972906571344,0,1
529,0.0339290184226636,0.607849692583778,2,1,0.76048193641409,1,1
530,0.0651047194856814,0.479277303289731,2,1,1.17918123790188,1,1
531,0.603987991317928,1.00839221218593,1,1,1.02174988119815,1,1
532,0.432329984323587,0.972142964050835,2,1,0.827107248960377,1,1
533,1.22856665746646,1.24317925775254,1,1,0.106004119424296,1,1
534,1.06560399634169,2.46537390140109,2,1,0.438123708159652,1,1
535,0.87379242759198,6,0,0,-0.149981620102269,0,0
536,0.280290112103994,0.550767151122573,2,1,0.0769869509752684,1,1
537,0.0295405546785332,0.0764272779763678,1,1,-0.273853154081135,1,0
538,0.0758926855633035,1.19569243379231,1,1,-1.81494017123394,1,0
539,0.620715433731675,2.81641065024786,2,0,-0.559620472880413,0,0
540,0.78148089404852,1.38193688547642,1,1,1.81434255790243,1,1
541,0.202011085057165,0.2558094567758,1,1,-0.479044101589562,1,0
542,0.699200450882137,1.24592524157798,2,1,-0.286617556804092,1,0
543,0.117007805383764,0.44395159132582,1,1,0.67093072077033,1,1
544,0.310618260700721,0.503187912224476,2,1,0.672966889814006,1,1
545,0.142682764853816,0.460451483404071,1,1,-0.304382759271769,1,0
546,0.553256330788707,0.670831353190401,2,0,1.53416455922903,0,1
547,0.455666345530799,1.06732219896394,2,0,0.134038777570289,0,1
548,0.229152800515294,1.29276465929501,0,0,1.30292664969407,0,1
549,0.0134895977680571,2.69823364043574,2,1,0.502061964226012,1,1
550,0.3655017082953,0.583694533666855,0,0,-0.442011216903828,0,0
551,0.0128304683652673,0.201230301043679,2,1,0.67040459139755,1,1
552,0.642092790777616,0.672184774869517,2,1,1.64082148145675,1,1
553,1.04589173681439,3.30676985534647,1,1,-0.425787481992595,1,0
554,0.782067769388596,1.14073456625297,1,0,1.71892394458373,0,1
555,0.24037627474172,0.3520104017129,1,1,0.137136714402066,1,1
556,0.594332596287131,0.818724101666205,1,0,1.10719366863078,0,1
557,0.263714622101735,1.09750317781116,1,1,-0.115365700732533,1,0
558,0.234572657383978,0.95786700515646,2,0,0.800379161477897,0,1
559,0.735571330270551,2.5047545953035,1,1,0.419116668008073,1,1
560,0.0832457921933383,2.029002530569,2,1,0.152728313212272,1,1
561,0.453275640585281,0.696758888661861,0,1,-0.618169159891098,1,0
562,0.229836939834058,0.306224928758624,1,1,-0.650126155741176,1,0
563,0.141097077048493,0.464238806938132,0,1,-0.350087868895152,1,0
564,0.197360001911875,1.10679162715058,1,1,0.283742541309052,1,1
565,0.0401741429232061,1.2761844047757,1,1,-0.707255480411548,1,0
566,0.00294635850375346,0.849549803796463,1,1,-0.667929697046489,1,0
567,0.366228473342501,0.376838573755448,1,1,-1.00623403985473,1,0
568,1.06267105601728,3.36953194108595,2,0,-0.511050094864941,0,0
569,0.0680043298052624,2.24166464638467,1,1,-0.233533010683439,1,0
570,1.42879447891357,1.66599059884685,2,0,0.371519975128849,0,1
571,0.591201180592179,1.96898667762677,0,0,-0.361522897276845,0,0
572,0.142296521808021,0.338577593894064,1,1,-0.934361674002571,1,0
573,0.174395854584873,0.474710532032943,1,0,-0.215853357365643,0,0
574,0.0245497654280795,1.58943920611153,1,1,0.512993566362026,1,1
575,0.740299407599315,1.03168320866638,1,1,-0.765556158109654,1,0
576,0.084332374855876,0.260512909541527,0,0,-0.675442061937497,0,0
577,0.342845571285579,1.46780008350158,1,1,-1.20802136940574,1,0
578,0.0103479382960831,0.223719184645345,1,0,0.905417079209858,0,1
579,0.307929918635637,0.993600084015436,1,1,0.316745146054095,1,1
580,0.113597270101309,1.37291534681379,2,1,0.563038617121635,1,1
581,0.0124808911651165,0.757517321035266,0,1,-0.51764849521555,1,0
582,0.00596221905754349,0.0376555746494564,1,1,-0.66868795488479,1,0
583,0.123989192943554,1.43456289829885,2,1,0.792908182739368,1,1
584,0.487960127182305,0.828998831851734,1,0,2.02395362048968,0,1
585,0.497666787097052,1.50952776264274,1,1,-0.592385284404181,1,0
586,1.68982338029352,1.89798383351194,0,0,-0.155063984988128,0,0
587,0.272112976235803,0.550420527750296,1,1,0.764757639586757,1,1
588,0.282929849191118,1.32983559278685,2,1,-0.105635840817658,1,0
589,0.511621048534345,1.06077059633875,1,0,-1.09738770467241,0,0
590,1.03790470742957,3.5759413423934,1,1,0.387927412652216,1,1
591,1.07034121285529,2.27224780955577,1,1,-0.932119450140205,1,0
592,0.184313446516171,0.843309363471856,1,1,0.306357387456975,1,1
593,0.506931298269712,1.27549039985094,1,1,0.744090354423424,1,1
594,0.284558115818072,0.920237215888851,1,1,0.303032651261383,1,1
595,0.647483162581921,1.48376987936596,0,0,-1.25543400633789,0,0
596,0.299741718060921,1.96329733501061,2,0,-0.472958308888429,0,0
597,0.552027861677863,1.66984131800951,1,1,-0.0438434507927821,1,0
598,0.0823402690607458,0.204895605249646,2,1,0.353110540887136,1,1
599,0.689776085302093,0.81480595300162,1,0,-0.6683291520995,0,0
600,0.23425780935213,0.936377334090001,2,1,0.67665915908241,1,1
601,0.321672220889013,1.91238605550294,1,1,0.344177166835379,1,1
602,0.0413039806360817,0.0960780000303165,1,1,-0.729192988843974,1,0
603,0.141330458838584,0.794170118414783,1,0,1.27350975290373,0,1
604,0.0992368787840697,0.584040643515713,2,1,-1.49412701844513,1,0
605,0.582113644314751,1.00845212205327,1,1,0.497410917461952,1,1
606,0.643258874304593,2.99414783661494,2,0,0.500943163759798,0,1
607,0.175916230946314,0.179038130874095,1,1,-0.111747491321132,1,0
608,0.101791131472466,0.134631696049271,1,0,1.03678980925381,0,1
609,0.307920238934457,0.434103877207873,2,0,1.64345491827493,0,1
610,0.0770086960983463,1.56163746207185,1,1,0.115723949404767,1,1
611,0.174494422681164,0.449300569792589,0,1,1.59909452015474,1,1
612,0.0362577362264028,0.5412219813455,2,1,0.953439194871066,1,1
613,0.201785644458141,0.837327859077952,2,1,0.676702516680609,1,1
614,0.166135189968968,4.46723548787295,2,1,-0.465022466147875,1,0
615,0.250300285406411,0.394561144188895,2,0,1.28647056169456,0,1
616,0.2511964426958,0.47227878388598,2,1,1.07651996396362,1,1
617,0.355655093444511,2.9332794197891,1,1,0.502851077649246,1,1
618,1.65025987840238,2.07913386635482,0,0,0.303444512612703,0,1
619,0.159724949859083,0.279505972155519,0,0,1.33309612827928,0,1
620,1.0334058823064,1.46347769265775,1,0,-1.46637851393772,0,0
621,0.936600665441262,1.39727598827837,1,1,-0.0692431808122089,1,0
622,0.296668163791765,0.741510588891035,1,1,-0.329851092533753,1,0
623,1.03284434992225,1.54940909514779,2,1,0.44366435350092,1,1
624,0.910727464593947,1.42324368249938,2,0,0.490247632322645,0,1
625,0.00911646056008407,0.251062259861542,1,1,-0.918838278687872,1,0
626,0.349798960611224,0.878061647193752,1,0,-0.672825908100181,0,0
627,0.376636629516724,0.709080498971502,2,1,1.84103928649597,1,1
628,0.0766824212041683,0.388442648063349,1,1,0.676403602830889,1,1
629,0.751529730856419,2.1075137859379,1,0,-1.04995244873091,0,0
630,0.628091505469576,0.729432455986902,1,1,-0.4338070886907,1,0
631,0.0834379326552153,0.56533451369579,2,0,1.8945744122676,0,1
632,0.248158651943473,1.40546279946596,2,1,-0.79307059313131,1,0
633,0.394904716813471,2.91883581857753,2,1,-1.27183719125946,1,0
634,0.887059312313795,1.30979832729897,1,0,-0.075391259287207,0,0
635,0.733105632799499,2.85039569909226,1,1,0.806050448118877,1,1
636,0.0864600799669598,0.0895772558074977,0,0,-0.969660893819881,0,0
637,0.776084812358022,1.61522492570524,2,0,0.276216000683481,0,1
638,0.379021805129014,1.02034373420509,2,1,-0.327097210402081,1,0
639,4.2030751134092,5.28656201243325,1,0,-0.476003256703172,0,0
640,0.341564025147818,0.868766092329569,1,1,1.00779572547912,1,1
641,0.803995234427491,4.05809169385311,2,0,0.138091630149873,0,1
642,0.66569144744426,3.01586318707003,0,0,-1.37565712425944,0,0
643,0.672089723368232,3.50321668821077,0,0,-0.0683928985824894,0,0
644,1.45388884461635,1.61239455454051,0,0,0.92652322823717,0,1
645,0.479582093785621,2.15252771514537,2,1,-0.549258446198934,1,0
646,1.65427501491251,1.67382105546782,1,0,0.205834169530776,0,1
647,0.375924272811972,1.38462334830458,1,1,-0.605974218181143,1,0
648,0.145959934923184,0.614306768187829,2,1,2.6548832130905,1,1
649,0.0181688005638,2.20423583562175,0,0,0.328448399948641,0,1
650,1.49696168853881,1.6151632241033,1,0,-1.78569827275724,0,0
651,2.10965356909905,3.91780737439302,2,0,0.681900467514023,0,1
652,0.00920875259907916,0.290896153211416,1,1,-0.383636595645406,1,0
653,0.747657840902585,3.33542488726216,2,0,0.709811322598734,0,1
654,0.216242551396135,0.907474464426438,0,1,1.27003842987984,1,1
655,0.20869661308825,0.920624392537776,1,0,0.268439522298379,0,1
656,1.75828263153064,3.70237789069485,0,1,-0.260356684683506,1,0
657,0.0478829899100976,1.09290240232766,2,0,-0.0249359855770519,0,0
658,1.28369404561818,2.32203089159158,1,0,0.0800149795249258,0,1
659,0.348424614057876,2.00660051622002,1,1,0.717437930859939,1,1
660,0.271326926304027,0.359267049125127,2,1,-0.668232507161919,1,0
661,0.0209932718792512,0.386781690262432,1,1,-0.403451086108756,1,0
662,0.956544537097216,1.37443907835289,2,0,0.984509497845709,0,1
663,0.34868864051532,1.83473560747969,1,1,0.179602809574002,1,1
664,0.146854867052753,0.302680248994651,2,1,0.291619660549799,1,1
665,0.227448697457152,2.07740209325068,2,1,0.915222375561551,1,1
666,0.612697443549343,2.41280732606844,1,1,1.00472898215886,1,1
667,0.118594517407473,0.230123431732257,0,1,1.16120085069195,1,1
668,2.37138744621518,2.54114189495643,0,0,-0.576725603079275,0,0
669,2.10756345084848,3.05946006845006,1,0,-0.978386442296498,0,0
670,0.0300275087356567,0.197522987713547,1,0,0.330184200620392,0,1
671,0.177649034706443,1.21368320972179,2,1,-0.598664834101714,1,0
672,0.138245029642899,0.522963307563627,2,1,0.718941475653062,1,1
673,0.564606726169586,3.08544260873678,0,0,0.24964015734732,0,1
674,2.59576538569274,5.54852920140247,0,0,-1.59787968875857,0,0
675,0.943322864036004,1.35005924797527,2,1,0.891116646478212,1,1
676,0.270793025847524,1.05532595887122,2,1,0.776972218776843,1,1
677,0.125649245455861,2.18184932311993,2,0,-0.58196576779404,0,0
678,0.184451303404559,0.481671835805897,1,1,-1.56666722846084,1,0
679,0.465269210940803,0.534801583812583,1,0,0.31367785479983,0,1
680,0.135979820624925,2.22913718051548,1,1,0.0416973297292291,1,1
681,0.587650766596198,0.966060304470583,2,0,0.457805932620277,0,1
682,0.643232032281168,2.30957508865745,1,1,-0.699630227743183,1,0
683,0.0243220207630657,0.60067388087528,1,1,0.647125535216821,1,1
684,0.40699522185605,3.58872445524791,2,1,-0.90310710605783,1,0
685,0.593492918647826,1.60822732831722,1,0,-0.21133653725084,0,0
686,0.186936602112837,0.26844277571084,1,1,-0.322211272508295,1,0
687,0.0565563412383199,0.178983567174383,1,0,0.33603339462431,0,1
688,0.0280118713271804,1.14754513037112,1,1,1.67480018845305,1,1
689,0.347500568605028,0.50750139929646,0,1,1.67216983977113,1,1
690,0.0938080623745918,0.256079640777171,1,0,-1.52121182207682,0,0
691,0.365815895664677,0.436320522518175,1,0,0.799611749326257,0,1
692,0.297306816093624,2.00539386218093,2,0,0.983568201593737,0,1
693,0.188183416612446,2.16845642818828,2,0,0.135972120561616,0,1
694,0.431957348482683,1.45040912243227,0,1,-0.433236605858538,1,0
695,0.98963253544049,3.90307795941249,1,1,0.649435054918246,1,1
696,0.0812060629464523,0.936760247523102,1,1,0.475214802364264,1,1
697,2.06509935193437,2.3175620452284,1,1,0.204810040302732,1,1
698,1.09044746123254,1.82895025903697,2,0,-0.179957578009602,0,0
699,0.860168018235646,1.50322244986954,1,1,1.27899678123827,1,1
700,0.793747194974421,0.829938431790568,1,0,-0.803345161574008,0,0
701,1.1212497856468,2.13615378271811,2,0,0.116905927541963,0,1
702,0.0095016072737053,0.068297776241401,1,1,-0.696198440825211,1,0
703,0.523861844532013,1.25840452499688,0,1,-0.399707413146571,1,0
704,0.15219997406543,1.27823572039759,1,1,-0.169802790331207,1,0
705,0.0156203654478304,0.0570351654029124,1,1,-0.0180256653158994,1,0
706,0.0238316747521893,2.00719468734327,2,0,-0.687053672028195,0,0
707,1.2198251153208,1.85377977887716,1,1,0.27305946186258,1,1
708,2.68245654358509,2.80358152464032,0,0,0.120298218784947,0,1
709,0.496701689437032,0.594405018204306,1,0,-1.47812477230353,0,0
710,0.797371355816722,0.814196722130575,1,0,-0.869891886779392,0,0
711,0.133542369771283,0.431541949300272,1,1,0.424687038608588,1,1
712,0.134258439647965,0.56767556622636,1,1,0.770049327418217,1,1
713,0.373746598139405,2.22465614362117,1,0,0.270411359733736,0,1
714,0.143575138745455,0.46152007766068,0,1,0.428717669648172,1,1
715,0.108144852274563,1.18457712543507,0,1,0.815714765846563,1,1
716,0.157098560885061,0.934958803255728,1,1,-1.71131826843689,1,0
717,0.562952743215307,3.16854535404254,2,0,0.290589660824508,0,1
718,0.228185519808903,0.925437319274208,1,1,0.15098253507269,1,1
719,0.165162282064557,0.420280149097556,1,1,-0.22947741458813,1,0
720,0.115936110378243,0.440183528491019,1,1,-0.879977748059635,1,0
721,0.202532015682664,0.301353301244179,1,1,0.537180931961333,1,1
722,1.83733091301915,2.74249778589349,2,0,1.25706507122325,0,1
723,0.582006768323481,0.877441607827136,2,0,-0.840210145265902,0,0
724,0.139530911110342,0.786061880793747,2,0,1.1901745729753,0,1
725,0.0740007627755404,0.932664377614856,0,0,-0.381254731405666,0,0
726,0.173363093553913,1.20743353813469,1,0,-0.759274968692249,0,0
727,0.185200654668733,1.16158855924372,1,1,-0.455904807519499,1,0
728,0.596064574832382,1.87663938349575,2,0,-0.252495478856256,0,0
729,0.0314162159338593,0.588835829881479,2,0,2.22003736836483,0,1
730,1.43247948764803,2.15344614654942,2,0,1.17216860074653,0,1
731,0.534819769673049,0.945848393263363,2,0,1.84926856209757,0,1
732,0.00396561672102667,0.471330035609893,2,0,1.77185702518626,0,1
733,0.187009072490076,0.844380254905558,1,1,2.03225334086729,1,1
734,0.0715739103320827,0.785990799264429,2,0,0.827068268735996,0,1
735,0.418198143888731,1.28771055773041,2,1,-1.72978335785664,1,0
736,0.120758863271837,0.883924337103963,0,0,-0.663030931851125,0,0
737,0.181880774907768,0.829943710346972,2,1,1.30386240029648,1,1
738,0.295551699819043,0.76313427762925,1,1,0.497372669705897,1,1
739,0.337007730267942,0.544637982177934,1,0,0.353082890955058,0,1
740,0.213080803987658,0.442197667423026,1,0,0.409661895504512,0,1
741,0.751952659312457,0.990555292202617,2,1,0.637294047003772,1,1
742,1.58020044668558,3.49933259165953,2,0,-1.36225333521202,0,0
743,0.148425779505466,0.281763588929042,1,1,-1.64357996119363,1,0
744,0.152766152431778,1.7675895531762,1,1,-0.650721633313003,1,0
745,1.97023102818968,2.66479907991285,2,0,1.33342043472465,0,1
746,1.8341690147036,1.88761440722067,0,1,-0.0930331519155836,1,0
747,0.220649882619117,1.27543352661335,2,0,0.0973092200415255,0,1
748,0.902695529162884,1.82431095545974,1,0,-2.18864308046451,0,0
749,0.944761392604549,1.69946015309269,2,0,0.468377936171601,0,1
750,0.165200840708808,0.827295017778223,1,0,-1.4568062364854,0,0
751,0.0179130223114043,0.494423300428738,1,1,-0.213328959090051,1,0
752,0.0502941984847346,1.43509285724479,1,1,-0.114028494075518,1,0
753,2.12080709069016,5.76228591129186,2,0,-0.0544127924979846,0,0
754,0.16997615139049,2.50943499927719,0,1,-0.399425354139202,1,0
755,0.177873834982637,0.250958455288942,2,1,1.10545773082089,1,1
756,0.420351063747956,0.679125463869428,0,0,-0.426331794801929,0,0
757,0.26363276905613,1.17454039091322,0,1,0.864668033471058,1,1
758,1.04772262386383,2.26670121975162,2,1,-1.57181291892837,1,0
759,0.648252785205841,2.26753317130109,0,0,-0.548273320093779,0,0
760,0.628876775503159,1.51604194426754,2,0,0.429150695111133,0,1
761,0.179281857358735,1.80841806074775,1,0,-0.8693043498016,0,0
762,0.384326793253422,3.38319293993632,2,0,0.918372399645815,0,1
763,1.19961448386312,1.3200542139196,1,0,0.0428311949308983,0,1
764,1.1574241919443,1.37900337911995,1,0,-0.581972546382073,0,0
765,0.259803863092239,2.25681518914305,2,1,0.0228010650787038,1,1
766,0.468688670225558,0.486518893406687,1,1,-0.383569756602351,1,0
767,0.713763511131339,1.08600760512307,1,1,0.489053805998894,1,1
768,0.587185049054034,3.46877188560381,1,1,0.450717951048321,1,1
769,0.527197209904986,3.81099967626402,2,1,-0.254881273014959,1,0
770,0.461481421254575,2.29731995594172,2,0,0.0304284866903852,0,1
771,0.00198825840284453,0.0561427205597891,2,1,1.64463050196435,1,1
772,0.552473629824817,0.658723275860294,2,0,0.0554624548784635,0,1
773,0.230078843887895,0.388383270987048,1,1,-0.341563600572992,1,0
774,0.000434892143679135,0.224341477679269,1,1,1.20288894638171,1,1
775,0.444827820174396,1.73582595735799,2,0,0.0545043864621774,0,1
776,0.035477016645018,0.374462840207101,1,1,-0.789017153336901,1,0
777,0.578693479299545,2.604314783397,1,0,-0.793295953176955,0,0
778,0.622877163755705,1.75182217688391,2,0,0.730146042956494,0,1
779,0.925094423815608,1.4768954443564,1,0,0.224326296020391,0,1
780,0.108028747490607,0.386428893066867,1,1,-0.0848624493456344,1,0
781,0.4856226593256,1.15088795311749,0,0,0.384632712195513,0,1
782,0.373641209278403,3.01613563861412,1,0,-0.257156365132962,0,0
783,1.19169515972881,3.61257032968304,2,0,0.59750691491827,0,1
784,0.322303384018596,0.949723129970844,2,1,-0.574518758279583,1,0
785,0.0128233395516872,0.106715353160832,1,0,-0.350441816464417,0,0
786,0.573328447996554,0.848042846688928,2,1,0.41016058294688,1,1
787,0.129665156709962,0.133406529125303,1,1,0.345545983984849,1,1
788,0.633294126950204,2.74266030329472,2,0,2.06779793163256,0,1
789,0.0800602699746378,0.291504798951333,0,1,-0.301655603812324,1,0
790,0.5527232221492,1.36732515525157,1,0,-0.295836354980525,0,0
791,0.144216818735003,0.742501904814245,1,1,1.90614558371621,1,1
792,1.09591986047441,2.08127211595421,0,1,0.325472115293329,1,1
793,0.0108349112849055,0.467085359462521,1,1,-1.79259195673699,1,0
794,0.153576006810023,0.430485207361902,1,0,0.373951551304679,0,1
795,0.580893169157207,0.730669539069145,1,0,-0.152740658052858,0,0
796,0.756450666786924,0.815470928237618,1,1,-0.863756528027611,1,0
797,0.312314697075635,0.335360667197181,1,1,0.64625249132056,1,1
798,1.25378287676722,3.27428124679166,1,0,-0.794875877123437,0,0
799,0.0786661039455794,0.364417550630168,1,1,0.111728066689312,1,1
800,0.165604066103697,1.36579037377948,1,0,-0.380431324403167,0,0
801,0.329200733976904,0.739501526204031,2,1,0.110478726145581,1,1
802,0.563032328737331,2.2714595829111,2,0,0.277931025219336,0,1
803,0.982827674597502,4.98806907251509,0,0,-1.06704055099162,0,0
804,1.07787043083796,4.5975027491278,1,1,1.30870099155159,1,1
805,0.0521827087504789,1.07018397762355,1,1,0.349210054572173,1,1
806,0.443574068011978,2.56956417123118,1,0,1.17641363403748,0,1
807,0.12624158669496,0.162773881226181,1,1,-1.60837109064279,1,0
808,0.437712826506987,0.543078563547093,1,1,-1.99507772671897,1,0
809,0.154084940345413,0.443799457521558,0,1,0.927600898936068,1,1
810,0.256967328023165,0.642640096641199,1,1,0.852498305059524,1,1
811,0.227564980035773,1.74549141519175,1,1,0.0506759728909954,1,1
812,0.349802602140699,0.936032927423358,1,1,-0.98649961871466,1,0
813,0.718295104801655,2.4362991077337,2,0,0.986249118619327,0,1
814,1.43048848628123,2.03497615689005,2,0,0.304705314392742,0,1
815,0.281928815598115,0.288752075447071,1,1,-1.17304333352932,1,0
816,0.378841294441372,1.92346393182772,2,1,0.808925764221706,1,1
817,0.14434121811064,0.447469728318541,1,1,-0.651738878689702,1,0
818,0.00362673716153949,1.12261001264667,1,1,1.07826235752035,1,1
819,0.638706820085645,1.48531029932201,0,0,-1.14947237793074,0,0
820,0.13005135813728,1.1586292349457,2,1,1.85134075861921,1,1
821,1.64832050344887,1.85786339527305,1,0,-1.35014197981172,0,0
822,0.135220515541732,1.3404850149692,1,0,-1.67773401891256,0,0
823,0.0330214467248879,0.890290838830568,1,1,0.042710016281931,1,1
824,0.174428839236498,0.328635493955431,1,1,0.29183705585305,1,1
825,0.855128976373755,1.46240493765581,1,1,-0.0408946888386815,1,0
826,0.257849518384319,1.58785786479712,0,1,-0.134314647676298,1,0
827,0.261790062650107,0.705488480810754,2,1,0.0213285628036323,1,1
828,1.99052215359154,4.05573190510237,1,0,0.224533710519682,0,1
829,0.679001007202834,3.34463286931022,1,1,0.271686387679906,1,1
830,0.438872941346799,0.681684145159302,1,1,0.273868849887076,1,1
831,0.662345833145082,4.50920830109357,2,0,0.211171430146058,0,1
832,0.425017409725115,0.459278752154793,1,1,0.291176303962562,1,1
833,0.00191726023331285,0.00555349600238103,2,1,1.40719691265813,1,1
834,0.273820411520214,1.02683791962932,2,0,-0.191578617978755,0,0
835,1.58785947685889,2.26834726274236,2,1,-0.426542690138295,1,0
836,0.140096279501449,2.4127849328895,2,1,-0.341776471325286,1,0
837,0.450450633044176,0.898950013026221,1,1,-1.01686014953343,1,0
838,1.51821075185182,4.62838241181357,2,0,0.688813885943739,0,1
839,0.252646228100029,0.714639251538801,1,0,0.681449792836243,0,1
840,0.680790502784595,0.996505070115588,2,1,2.08740482268546,1,1
841,0.115331355191302,1.37970979690851,2,1,0.555224615682141,1,1
842,0.25822309935678,0.731748858830739,2,1,0.505515139934241,1,1
843,0.0705814134562388,1.67689000659856,1,1,-0.748709055447756,1,0
844,0.169379158760421,1.07948091695376,1,1,-0.164753761515657,1,0
845,0.481802382247344,1.01113968462866,1,1,-0.667262723503745,1,0
846,0.612870124724515,1.16359457677367,2,1,1.30741898918107,1,1
847,0.850575866617084,1.15271685151197,1,1,0.87018782010555,1,1
848,0.168267926492263,1.05327814988746,1,1,-1.12206980285362,1,0
849,0.237032373552211,0.362184842224854,1,1,-2.41340488274512,1,0
850,0.582469672054805,0.738940636623243,2,1,2.30486160328391,1,1
851,0.208815171233848,0.558407904664689,2,1,2.4585325064013,1,1
852,0.46529801035934,1.50177351654028,1,1,-0.358538407484177,1,0
853,0.12485387182096,3.43983535131628,1,1,-1.39845686610742,1,0
854,0.121439526265021,0.8988431472847,1,1,-0.43727578347277,1,0
855,0.00251838151598349,0.437426469082675,1,1,-0.159708573159504,1,0
856,0.614799261066884,1.57885282300413,0,1,-0.598689507463874,1,0
857,0.71726617962122,0.920572708219974,2,0,0.223058898931387,0,1
858,0.0109472655458376,2.27066601826124,2,1,-0.64478737389652,1,0
859,2.06694458230379,2.60657859673089,2,0,0.484769034999419,0,1
860,0.541503484178587,0.624728759141549,1,1,-1.09294972226424,1,0
861,0.113611892155845,4.44662419147789,0,1,0.337109249191071,1,1
862,0.444672851977971,0.848078961748398,1,1,1.00270947758601,1,1
863,0.124213732196949,2.15715493888648,1,1,-0.237240020326138,1,0
864,0.598761611618102,2.41023535179021,1,0,0.805843965463972,0,1
865,0.126715015503578,0.858666181181712,1,1,0.717912455355504,1,1
866,0.333679277106328,6,0,0,-1.33865687445883,0,0
867,0.309906081182068,0.670890746151413,1,0,-0.985590977609274,0,0
868,0.981508430506677,2.07355058682806,1,1,0.22777998618549,1,1
869,0.35990259089945,0.370072013527209,1,0,-1.26389117907679,0,0
870,0.129446727170806,1.15058306294183,0,1,0.597791884606226,1,1
871,0.122670824057423,1.88373979343353,1,1,-0.0885333345801078,1,0
872,0.406997801735997,0.633952860064251,1,0,-0.040409187573573,0,0
873,0.102820611209609,0.643704646288463,1,1,-1.09849795201032,1,0
874,3.11052370948933,3.23632501187479,1,0,-0.891207017988421,0,0
875,0.742817601395592,0.939803461473876,2,1,-1.16825066187949,1,0
876,0.639689819628194,3.5999289849251,1,1,-0.608406146978407,1,0
877,0.58305312527512,2.34501158661216,1,1,0.102071847061132,1,1
878,0.910418746061623,1.46537900206235,2,0,0.577943568201506,0,1
879,0.122201950427325,2.52145886292067,1,1,0.475640256110527,1,1
880,0.824792360886931,2.83219351403082,2,0,0.270664558011749,0,1
881,0.355859466071706,0.651947738692315,0,1,0.288356122840505,1,1
882,0.435659049078822,1.98453845618258,1,0,0.521169928950626,0,1
883,0.307891666017588,2.32011231757454,1,1,0.258875340531593,1,1
884,0.759056734942652,1.02938327718593,2,1,1.09071293546128,1,1
885,0.0183653887361288,0.226206224576462,1,0,-0.62527889643852,0,0
886,0.673067903236307,0.946095235776427,1,1,1.92892483639615,1,1
887,0.0366107734394734,0.571516231994539,1,1,1.64498189942565,1,1
888,0.201589252974372,0.390318610673845,1,1,0.60910061550288,1,1
889,0.0743673127726652,0.238814630092913,1,1,-0.756380798384708,1,0
890,0.217187907546759,0.34951241850677,2,1,1.38417029422967,1,1
891,0.413057663245127,1.53583845532399,1,1,-0.790336464735552,1,0
892,0.446010257772978,0.761024488707319,2,1,1.78589728713692,1,1
893,0.691248018384732,0.9131026563217,0,1,-1.86912562254756,1,0
894,1.93928919574585,2.57872155133798,2,0,-0.604786195012557,0,0
895,0.0237922393716872,0.416590550994343,2,1,0.0196098601197443,1,1
896,0.18260530475527,0.24653845075801,2,0,2.29522772316349,0,1
897,0.124328125966713,0.816864668522227,2,1,0.77704948337823,1,1
898,0.344512193463743,1.43302331206072,0,0,-0.424366567191527,0,0
899,0.995432564797412,2.97800054412668,1,0,-0.11650569602635,0,0
900,1.07376469114445,1.46185953296972,1,1,0.696466776250889,1,1
901,0.39411175887113,1.24312137052739,2,0,0.937165982397832,0,1
902,1.44845528591864,6,0,0,-0.0962212014009699,0,0
903,0.00638169991655346,1.04360290389631,1,0,2.28526820629994,0,1
904,0.286388392560184,0.343677464074214,1,0,-0.24748312309511,0,0
905,0.38690507382853,0.503246088013753,2,1,1.93843216638709,1,1
906,0.225384193181526,0.282391806181875,1,1,1.32260923574173,1,1
907,0.183423587004654,0.217016632787693,1,1,-1.24746074692612,1,0
908,0.455600517511564,0.931962117938044,1,0,0.0386786020086311,0,1
909,0.0457862968323752,2.36796728076627,2,1,1.29314248633468,1,1
910,0.162093864316203,0.174591700501428,1,1,-0.448922995342481,1,0
911,0.0959945953218266,0.27249672386666,1,1,1.49466487129666,1,1
912,1.08934970101678,1.23918785904773,1,1,1.20731808562564,1,1
913,0.55869738106044,1.4013364648484,2,1,-0.0815950505825782,1,0
914,1.18073235824704,2.06728654378584,1,0,-0.751629126125164,0,0
915,1.17125353654252,1.28790817525152,2,1,0.986004676521313,1,1
916,0.15588082554006,0.368268153249301,1,1,0.277526046184652,1,1
917,0.251059518887686,0.564704458848198,1,1,-2.19389684802559,1,0
918,1.08069118857384,1.23044635106774,1,0,0.390836720481954,0,1
919,0.233657249482349,1.23228471159207,1,1,-0.336878155756579,1,0
920,0.6469995079998,0.685548165708313,2,1,1.15097525092841,1,1
921,0.138633616152219,1.44644406079275,1,1,0.812841946610233,1,1
922,1.3005158668384,1.40608425714032,2,0,0.147862140969043,0,1
923,0.822752100622103,1.40880916417485,2,1,-0.206611776716342,1,0
924,0.386482056230307,3.39249346427602,1,0,0.975532738681397,0,1
925,0.210048124718014,0.734919627618107,1,1,0.975441229602368,1,1
926,0.724328807528883,1.44514560542232,1,1,0.618435521629681,1,1
927,0.0208114166342423,1.46989896526577,1,0,-1.51420811073897,0,0
928,0.157604187439679,3.36382937031197,1,1,-2.15152088545243,1,0
929,0.411623992258683,2.00020567700281,2,1,0.551958091831984,1,1
930,0.122972361277789,0.141207857502914,2,1,-1.01139086589662,1,0
931,0.354165481694508,2.17946877477037,1,1,0.340055689011356,1,1
932,0.468930082336163,0.653853641058993,2,0,1.29874903221861,0,1
933,0.484485480502434,0.873895407744406,2,1,0.974712480516108,1,1
934,0.564272461459041,0.832460052540498,2,0,0.120849464498361,0,1
935,0.237525607517455,0.842848516992317,1,1,-0.347355031276835,1,0
936,0.0386555472505279,0.961924151827892,0,1,0.358621830331116,1,1
937,0.685776067897677,1.29785291229685,0,0,-1.47572962547489,0,0
938,0.769035545181607,6,0,0,-0.425628922750616,0,0
939,0.800550943240523,6,0,0,-1.77345798075689,0,0
940,0.474181451477967,1.06258579473199,1,1,1.06767855323392,1,1
941,0.0708846640191041,3.10020070901241,2,1,-0.0331957561939276,1,0
942,0.180737957160544,0.446790466127362,2,0,0.802100121858457,0,1
943,0.243287762627006,1.79139467823813,1,0,-1.06977923889836,0,0
944,0.303157304879278,1.07344126349765,1,1,1.19739642576129,1,1
945,0.316829546820975,2.16643889773051,1,1,-0.649551060550254,1,0
946,0.425127334310673,1.12198478050251,2,1,-0.746852833915287,1,0
947,0.527651574203566,2.69655247463085,2,1,-0.0990122145624096,1,0
948,0.784976555034518,1.43273547285881,1,0,0.771700802630111,0,1
949,0.380210097355302,1.30098889502851,2,1,1.08909223266551,1,1
950,0.252318826775587,0.889778644522756,1,0,0.264764104295636,0,1
951,0.270733047800604,0.849797638529412,1,1,-0.860926311080392,1,0
952,0.224434065110612,0.483941836930556,2,0,0.875481623711637,0,1
953,1.49725937858729,2.87368818725715,2,1,0.866179887887123,1,1
954,0.0938377520651557,1.82857629843056,0,1,0.706067872649734,1,1
955,0.0537902148850214,1.90801549222324,1,1,0.628460267125437,1,1
956,1.61410773980005,1.81134714759361,2,1,1.48309651620977,1,1
957,0.708526436329641,1.26261116831491,2,1,0.174078539348011,1,1
958,0.156349138414953,0.810273020577929,2,1,0.604050169715552,1,1
959,0.967628826387227,3.45508447109484,2,0,0.702379578979628,0,1
960,0.569283097051084,2.46918613089962,2,0,-0.158673535798751,0,0
961,1.54306871055156,1.58513041834037,0,0,-1.57723774574512,0,0
962,0.0198574789101258,1.51809523397008,0,1,0.265736678616218,1,1
963,0.282903858092113,0.791802271988513,1,1,0.275660720632882,1,1
964,0.574308682174223,2.77438612165473,1,1,-1.40531658111064,1,0
965,1.81304083942416,2.25947864808664,2,0,-0.94709677812273,0,0
966,0.018226875923574,0.147861013185954,1,0,0.0291791837085968,0,1
967,0.368168140994385,0.884329814596089,1,1,0.645006023680644,1,1
968,0.0520455744556669,0.331941546779135,1,1,0.46057341424172,1,1
969,0.2619662029223,1.0429230414034,2,1,-0.87702855487125,1,0
970,1.58292032956126,2.10971914466214,1,0,-0.103224084199027,0,0
971,1.82738180263879,2.16821897154053,0,0,-0.0193041749770488,0,0
972,0.685396454297006,2.52314314556619,0,0,0.777714729733377,0,1
973,0.367789112206083,0.512762667704,2,1,0.541113027968832,1,1
974,0.0412101614421585,1.40742886458797,2,0,-0.0432631710036482,0,0
975,0.571237078828257,1.66055679442955,2,1,-0.0731437732928227,1,0
976,0.0865813448713887,0.194117121727795,2,1,-0.173313752260049,1,0
977,0.095610683268416,0.454223204206949,2,1,0.863016699960617,1,1
978,0.0926266618336016,1.52520911153846,1,0,-1.44081743813543,0,0
979,1.09911881946027,2.63290532662183,2,0,-0.0341764579777133,0,0
980,0.51066845769231,1.49842804175354,2,1,-0.204055325335479,1,0
981,0.950681548565626,3.09675265982095,2,0,-0.268146375225911,0,0
982,0.213665650406223,1.04789084134003,0,1,-1.07121224624921,1,0
983,1.1623959254414,1.66068493642267,1,1,-0.713438567381136,1,0
984,0.559253817023737,0.724041624758695,1,0,0.0354662045056102,0,1
985,0.351862945185166,1.12301923571805,1,0,-1.36890512566304,0,0
986,0.346896647741416,0.943873475048187,1,0,-0.670744845680378,0,0
987,1.65786610924496,2.92775945397263,1,0,0.212789446619898,0,1
988,2.52303153612562,2.69940794445574,0,1,0.459699327137829,1,1
989,1.60803554198685,1.7367077879871,2,0,0.282478315427503,0,1
990,0.0948198749888678,1.5404454589481,2,1,-0.981431931848346,1,0
991,0.104371951609278,0.25398272207834,1,1,0.205509943750116,1,1
992,0.319755884993356,1.24167721488024,1,1,0.101952410013792,1,1
993,0.48561865170189,1.19557710914231,1,1,0.860206872272827,1,1
994,0.161384965758771,0.991504644531622,2,1,1.31721466368436,1,1
995,0.588245797347775,2.41740380883164,2,0,-0.0346850085882938,0,0
996,0.184973555151373,4.37618914991617,0,1,0.637031654445421,1,1
997,0.726752739399672,0.732608054438606,1,0,1.91345823246691,0,1
998,0.277532455511391,1.33836908666214,2,0,-0.623093665116888,0,0
999,0.166427038202528,2.09791127747378,2,1,0.839251665104062,1,1
1000,0.0796185323270038,0.358695915727102,1,1,0.218766903985268,1,1
1001,0.3993239114061,0.940953939232075,1,1,0.790554692515672,1,1
1002,0.0593842980694948,0.71890101543217,1,1,0.257440561681019,1,1
1003,0.806045591572121,2.83911746121034,0,1,0.197231179803722,1,1
1004,0.74175827976096,0.998027727281788,2,0,0.409826188114984,0,1
1005,0.295594949757601,0.436395319259605,1,1,0.255525959034959,1,1
1006,0.257783797569573,1.32067202573915,2,1,0.00339452458861801,1,1
1007,0.802399751409947,1.27770815390396,1,1,-0.0771116569382338,1,0
1008,0.0455048270523548,1.29059919076384,0,0,-0.870108348657808,0,0
1009,0.620980497889042,1.13134135230121,0,1,0.329768276043023,1,1
1010,0.225920820608735,0.254676174954249,2,0,0.190760861088315,0,1
1011,0.265495029452723,1.21312841401595,2,1,-0.631694330382509,1,0
1012,0.0448040468618274,0.595894174019167,0,0,-1.4599500176803,0,0
1013,0.987619617901385,1.47254603526442,1,1,-0.601897762069152,1,0
1014,1.27260618954302,1.69891314218249,1,1,0.157975937967021,1,1
1015,0.426654067414347,1.04609286552402,1,1,-0.305256130623724,1,0
1016,0.376087194890715,0.765860102250406,1,1,-0.344021607745876,1,0
1017,0.181327783262222,0.702625344339114,2,0,-0.984683180075717,0,0
1018,0.113240957260132,1.08689225699383,1,0,-0.679337561064428,0,0
1019,0.146046371196148,0.29336328848954,1,1,-0.472883316285494,1,0
1020,0.237085352651775,0.482995404887547,2,0,1.40942313118332,0,1
1021,0.649311530843198,2.66518474246065,0,1,-0.524605923978552,1,0
1022,0.294779760763049,0.460058922568957,0,0,0.54887717099193,0,1
1023,0.0676531817487014,0.272012299407189,1,1,0.574545139601776,1,1
1024,0.134081907162908,0.596647291706102,1,1,-0.0295194715121943,1,0
1025,0.563494597356963,1.74363446376239,2,0,1.40007857852578,0,1
1026,0.209778121687242,1.46904276089935,1,1,1.14277069979062,1,1
1027,0.417246400378644,1.08321677660025,1,0,0.678299911097128,0,1
1028,0.0156249040737748,1.2532278386075,1,0,0.707880776943734,0,1
1029,0.833244957003564,1.2415958783094,2,1,-0.200854684813204,1,0
1030,0.0541175224442522,0.109593186073108,1,1,0.131467852166607,1,1
1031,0.644899794955627,0.841976129832751,2,1,0.72310464470443,1,1
1032,0.211088088981342,1.38122378195407,2,1,-0.200719719519653,1,0
1033,0.149510063230991,0.267300581877805,1,0,-1.9397991794912,0,0
1034,0.426821565255523,1.22280239711751,2,0,2.10805863647467,0,1
1035,0.0902643455192447,1.62228343077004,0,0,-0.353849004638053,0,0
1036,0.248566519469023,1.00984444353111,0,0,0.896256219972741,0,1
1037,0.16774519491381,0.363623120926775,2,1,-0.799747816555003,1,0
1038,0.739935867488384,1.63525759872311,2,0,0.155625213392566,0,1
1039,0.371784867893439,1.09662855608682,1,1,0.454540177280839,1,1
1040,0.316277158355635,0.626758219053348,0,0,-0.546928827028345,0,0
1041,0.778932720059168,1.12531187481283,1,0,-2.34033436162417,0,0
1042,0.00137587572680786,0.239317896641047,2,1,0.428404622004421,1,1
1043,0.497902822680771,0.957109262997618,1,0,-1.90668146240122,0,0
1044,0.191969334264286,0.673173715628958,1,1,0.637089604883979,1,1
1045,0.0449368020053953,0.110792681489264,2,1,1.74338507953997,1,1
1046,0.226007931434432,1.31146357262134,2,0,0.405809906815257,0,1
1047,0.0710872479248792,0.605991945724783,1,1,-0.314097112423317,1,0
1048,1.41195044099333,1.95209854021254,2,0,-0.33243514106715,0,0
1049,0.227321776619647,1.48413047888418,2,1,-1.35078060470543,1,0
1050,0.165386693552136,0.693986691312811,0,0,-0.930554208850595,0,0
1051,0.00415529113326717,0.537260725315853,1,1,-0.675820927776872,1,0
1052,0.767428865656257,6,0,0,0.894475301406552,0,1
1053,1.22397264558749,1.26617056834844,2,0,1.65021643721198,0,1
1054,0.177106386050582,2.42015724308322,1,0,-1.17546853354426,0,0
1055,0.258600079978351,0.808062635427435,1,1,-0.534756303342192,1,0
1056,0.191992222233233,1.11599650491833,2,0,1.66343136297462,0,1
1057,0.233995580638293,0.604209633537805,1,1,-0.537978646748711,1,0
1058,0.374349913205428,1.11979507150078,2,0,1.06632962262679,0,1
1059,0.499946193397326,0.675232754552291,1,0,0.88237327932472,0,1
1060,1.12754397466779,1.41882325898919,1,0,-0.986813213840155,0,0
1061,0.624982898562968,0.817697844061497,1,1,0.255705068217821,1,1
1062,0.0126940829795785,0.691212669399621,2,1,0.425904139357176,1,1
1063,0.0620277663692832,0.0812701740489071,1,0,-0.0909625002882062,0,0
1064,0.0933519350364804,2.54762424065201,2,0,0.229123059009936,0,1
1065,1.40673041996272,1.44116831015515,1,0,-1.17546918472132,0,0
1066,0.887040790170431,1.40431537465495,2,0,1.69097913619035,0,1
1067,0.215537966250373,1.04243710202509,1,1,0.4750969483136,1,1
1068,1.39067192437632,2.52660395921901,2,1,-0.263884086089479,1,0
1069,0.210503405252189,2.17168212868273,0,0,-0.923723065803153,0,0
1070,0.158446063060892,0.363851583583017,1,0,-1.11016810728827,0,0
1071,0.123014668351971,1.05294536209703,1,1,0.887855271013223,1,1
1072,0.186749379208777,0.477792989580388,1,1,-1.29408975195456,1,0
1073,0.0601018652902048,0.316628361295691,1,1,-1.86359206290808,1,0
1074,0.0513518974929537,1.95843839875015,1,1,1.45258200739746,1,1
1075,0.318543150089681,0.452874370271647,1,0,-0.454702752097097,0,0
1076,0.597038438401006,0.71550057273053,1,1,0.343982839528009,1,1
1077,0.524755386842236,0.94797898924658,2,1,0.676271051124186,1,1
1078,1.8680839332633,2.47731172186854,1,1,1.19048041626612,1,1
1079,0.244526236201636,1.16808427165866,2,1,0.633760488824833,1,1
1080,0.115797577263878,0.253264123836842,0,1,-0.0758395023469999,1,0
1081,0.232526171021163,0.400381488725543,0,0,-0.874398633484587,0,0
1082,0.726223972109847,0.973483032450092,1,1,-1.59481488871551,1,0
1083,0.775497292168438,3.32717074102259,2,0,-0.298406088372216,0,0
1084,1.35388739220798,1.77385923468417,2,0,1.34103628881141,0,1
1085,0.0153691103332676,0.997311102913099,2,1,-0.306730008621037,1,0
1086,0.795206124285989,2.80385833404662,2,1,-0.0721730487871639,1,0
1087,0.294624168018345,0.405233036594271,1,1,1.52572728281793,1,1
1088,0.124347621167544,0.209961602217203,2,1,-0.87002140638825,1,0
1089,0.63144205251877,3.1704592553156,2,1,-0.412314061945219,1,0
1090,0.397886776481755,1.17088161294298,1,1,-0.577042116376618,1,0
1091,0.141785768500995,0.176664913518819,1,1,-1.19893309864742,1,0
1092,0.573674109470338,0.639786887249231,1,1,0.218106845195919,1,1
1093,0.390442924574018,0.717473408855685,1,0,-1.26688660380535,0,0
1094,0.702704333790399,1.24902258297555,1,1,-1.56429881187251,1,0
1095,0.221732757054269,0.339038219061047,1,0,-2.14570423774515,0,0
1096,0.205227379107957,1.03864084780919,0,1,0.400082787722689,1,1
1097,0.0622438294813037,0.382499899996523,1,0,-1.12180201257725,0,0
1098,0.414875878777821,2.92482646200298,1,1,-0.911448725935078,1,0
1099,0.351911220641341,0.79489327270363,1,1,-2.17235968832174,1,0
1100,0.28894599585288,0.321651173973907,2,0,-0.208001688456096,0,0
1101,0.717624092093971,1.64248683946457,2,1,-0.285054785759475,1,0
1102,1.64223116931079,3.41634672089872,2,1,-1.85934732958383,1,0
1103,0.132705224968959,1.90601422245989,2,1,-0.977593272520412,1,0
1104,0.0111171306343749,0.256287879622498,2,1,0.761061439592722,1,1
1105,0.6399972311657,0.87751117629822,1,1,0.652287327234062,1,1
1106,1.95396201208907,2.5912616652914,1,1,-0.340610112072474,1,0
1107,0.0843356904806569,0.400358982230032,1,1,0.349797831601284,1,1
1108,0.0430475145633306,1.0894918979637,1,1,-0.300477728282938,1,0
1109,0.579771772111963,1.08130602222495,1,0,1.04426379635055,0,1
1110,0.29641378641827,0.362588424939375,1,1,0.709812508431322,1,1
1111,0.915551022615549,1.69129302641783,2,0,-0.890956674084868,0,0
1112,0.0212679140737669,0.709388855067187,1,1,-2.03762865804327,1,0
1113,0.370310649741441,1.33516907071074,0,1,-0.309608179908095,1,0
1114,0.376766697736457,0.577755160629749,0,1,-0.717948259515988,1,0
1115,0.120674599020276,0.395430317743112,2,1,2.4211995986162,1,1
1116,0.0133533542975783,1.32358701220069,2,1,1.65022647391197,1,1
1117,1.34792477358133,2.88170731964201,2,0,0.306562971602611,0,1
1118,0.136069068685174,0.618250468546163,1,1,0.00570332070736017,1,1
1119,0.260668162982242,2.26245072060334,1,1,0.582678057411761,1,1
1120,0.873609729990006,2.63047117048182,2,1,0.828011179685078,1,1
1121,0.210940931637463,2.27397035431173,2,1,-0.17867403091026,1,0
1122,0.136676971819677,0.977171519280688,2,0,-0.330073254584694,0,0
1123,1.37095482833683,1.49153964138575,1,0,-0.759172586772371,0,0
1124,1.27751683224089,5.19126143206462,2,0,-0.223976517218281,0,0
1125,0.213950385223143,1.13496013230113,2,1,-0.0558145976080887,1,0
1126,0.00273521727649495,0.348958801841227,2,1,0.0445697314546917,1,1
1127,0.278523983724881,1.02132640378017,1,1,-1.25331175417486,1,0
1128,0.0446372946266584,0.135168446014552,1,1,-0.556580559395645,1,0
1129,0.0803404345060699,0.205101653012623,2,1,1.6505505898068,1,1
1130,0.586109898259685,1.18933134059811,1,1,1.85408868627054,1,1
1131,0.0312721212732125,0.0506013037194161,1,1,-0.47023895084105,1,0
1132,0.756913301534951,1.84533324114208,2,0,1.66351912342191,0,1
1133,0.106625694606919,4.55682713931679,2,1,0.43354217864884,1,1
1134,0.322120630007703,1.53482620786056,2,1,-1.3528391987303,1,0
1135,1.73458671838054,3.68167244150955,2,0,-0.141934246727606,0,0
1136,0.0945683920872398,0.581131551997395,2,1,-0.0105323511412326,1,0
1137,0.246494409432611,2.15689831217151,2,1,0.11267300987963,1,1
1138,0.392075777053833,1.06921103848971,1,1,0.913222177563739,1,1
1139,0.75604715963994,0.913777427453901,1,1,0.127525441014865,1,1
1140,1.09888043482193,1.25956069515499,0,1,0.0678294422290264,1,1
1141,0.0193200544965242,1.41920366095897,1,1,0.289557006407972,1,1
1142,0.738970907378763,1.58454526737799,2,1,0.831505958335011,1,1
1143,1.47630681834164,1.8963628210156,1,0,-0.22629571460656,0,0
1144,0.640790692969978,0.657469254607956,0,1,0.537957610083156,1,1
1145,0.946814550086856,5.74132543026275,2,0,-1.01617316620199,0,0
1146,0.0657525614394761,0.103861504113928,1,1,-1.69322902156676,1,0
1147,0.341116871277336,1.2139660907454,1,1,-0.0095566224904079,1,0
1148,0.844833335839212,4.63489749751298,0,0,0.0222628507001822,0,1
1149,0.191747996723279,2.10539310703094,1,1,-0.589638101699333,1,0
1150,0.153263793326914,0.757796661763199,2,1,-0.256841446057578,1,0
1151,0.218324851011857,1.25529436394572,0,1,0.219577277328786,1,1
1152,0.200981285306625,1.14313362132941,1,1,1.03943603088496,1,1
1153,0.806390934623778,1.42046705757704,2,0,-1.34483790065331,0,0
1154,0.00727153732441366,0.605504269031232,1,1,0.444680335830974,1,1
1155,0.0333688009455525,0.607409342010694,1,1,-1.36735867376368,1,0
1156,0.082372090255376,1.92405234468072,1,1,0.776222201471455,1,1
1157,0.179422884108346,0.498915777339372,2,0,-0.912376563848979,0,0
1158,0.542722248911679,0.72159093673457,1,1,-0.717376419976016,1,0
1159,0.234971005666818,0.432753330722743,2,0,0.838264211563733,0,1
1160,0.22320560272783,0.232326574051144,2,0,0.272370806088263,0,1
1161,0.490007799118757,0.772147604249412,2,0,0.3880376657175,0,1
1162,4.02975930629258,4.5125144549986,2,0,0.565616367353374,0,1
1163,0.129515269945841,0.77703288719354,1,1,-0.234781417687535,1,0
1164,0.755403347895599,3.07527500751386,2,0,-0.433480607753459,0,0
1165,0.201974614756182,2.26527725631728,2,1,1.03638279970529,1,1
1166,2.25406209929826,3.67158747973395,2,0,-0.851024553371186,0,0
1167,0.141077096923254,0.813539164717309,1,1,1.39879935501611,1,1
1168,0.0301496368188731,0.0472834524012037,1,1,-0.972687309605062,1,0
1169,0.162655108608305,0.609366312757184,1,0,-0.364661507324671,0,0
1170,1.64763228377833,1.88005791884329,1,1,0.143594024132323,1,1
1171,0.192023885028902,0.551047042633096,0,1,1.24336086892367,1,1
1172,0.0252375987080679,0.578676788782148,2,0,0.897025380586996,0,1
1173,0.459815826589994,1.54735295018977,2,1,0.792701908639968,1,1
1174,0.687779382802546,1.36742658071956,2,0,-0.482722614569137,0,0
1175,0.430429690168239,0.442294380342989,1,1,-0.864575206224149,1,0
1176,0.0232193345301195,0.542245198938329,2,1,1.34918665396302,1,1
1177,0.114896688901354,1.75705603634318,0,1,-0.159290743575908,1,0
1178,0.167425885447301,1.83119899461473,1,1,0.555376264574386,1,1
1179,0.971438800916076,1.19195561283896,2,0,-0.0717187260098388,0,0
1180,0.405023497976248,2.21192053219532,2,1,1.32849833456059,1,1
1181,0.34066311258357,0.343953928007187,2,1,-0.177366086831576,1,0
1182,0.766995158020228,0.890687849421604,2,1,0.475760751043529,1,1
1183,1.06548558100463,2.18495163307779,1,1,-0.290101545520159,1,0
1184,0.111788797657937,0.147373115090648,1,1,0.417584059426559,1,1
1185,0.472622850909829,0.671957417271165,1,0,0.382321945776651,0,1
1186,0.175583566361911,1.06945995637978,1,1,-1.77212696512623,1,0
1187,1.55961695701389,2.03251767721183,2,1,-0.811815424991417,1,0
1188,1.2046169238165,2.82908994892342,1,0,0.858122886326807,0,1
1189,2.5145182776356,2.74735679115047,1,0,0.418977138491877,0,1
1190,0.626236173791508,1.49417424854695,1,0,0.422674999658029,0,1
1191,1.09272430837154,6,0,0,-1.40727683711044,0,0
1192,0.117502328120851,1.36002315885423,2,0,1.36401738741315,0,1
1193,0.0390483959927224,0.785813313052177,1,1,-2.75514944413908,1,0
1194,0.662416549722485,3.47141858500739,0,1,0.297274257219952,1,1
1195,0.950280477292836,1.94848057813942,0,0,-0.50097205208371,0,0
1196,0.0808411203324795,2.96726200419168,0,0,0.0917892931674762,0,1
1197,0.274432459916222,0.71081978434671,1,1,-2.48264330081686,1,0
1198,0.337068834051024,2.09862455996721,1,1,0.788713615343472,1,1
1199,0.15585592132993,0.281948883985775,1,1,-0.478662792998169,1,0
1200,0.580763334712658,1.1360719644775,0,1,0.294950106614374,1,1
1201,0.0548820585107238,0.49829341487267,2,1,-1.15370659451243,1,0
1202,0.301423898898065,1.96107996317248,0,0,-1.00120095240433,0,0
1203,0.106234651990235,2.08236347775986,1,0,-0.445900268678626,0,0
1204,0.191842287506215,0.457809628029759,1,1,0.0920455895263854,1,1
1205,0.480728653789149,0.99869440243889,1,1,0.13848948663153,1,1
1206,1.25323763461189,1.48711813647398,2,1,0.784147131606808,1,1
1207,2.8184121584702,3.36208645870449,2,0,-0.315898996599306,0,0
1208,0.633717788383365,1.21064907063546,1,0,-0.365127602908903,0,0
1209,3.00443029386883,3.19055344731916,2,0,0.914503021446973,0,1
1210,0.828499602101586,0.969056291602087,2,0,1.06668601792095,0,1
1211,0.697516754591243,1.56110687393302,1,0,-0.631507179223486,0,0
1212,0.041061686060857,0.108686771571863,1,1,-0.318309489762893,1,0
1213,0.335259024985135,0.464933300670439,2,0,0.874375354598918,0,1
1214,0.271417895291243,1.0012254484095,2,1,0.906067240540895,1,1
1215,0.625126303173602,0.869807620438869,2,0,1.54006851837195,0,1
1216,0.0527958527835662,0.663506832230847,1,1,-0.083453900024309,1,0
1217,0.215394752740394,1.13093137024955,1,1,-0.160054796271383,1,0
1218,0.136182165704668,1.37175460428001,1,0,-0.215482948017304,0,0
1219,0.2193127720966,0.343731093262026,2,1,0.671411217818176,1,1
1220,0.09683205652982,1.59865074768058,0,0,1.10047378169141,0,1
1221,1.12692526961606,1.73878279424086,1,1,1.06561119371295,1,1
1222,0.418222931330092,0.438518893012782,2,1,1.38639277226029,1,1
1223,0.160701410737416,0.584666745227253,1,0,-0.340399174112793,0,0
1224,0.633775639347732,1.79623374267916,1,0,-0.331677815713552,0,0
1225,0.332327092473861,0.788072725248926,1,1,-1.08107704464848,1,0
1226,0.21508926153183,0.770328128826698,1,0,-1.08787588269523,0,0
1227,0.640085882597424,2.3123611530204,2,1,-0.411949596150139,1,0
1228,1.36568339727819,2.82121864147484,0,0,-2.60984702924455,0,0
1229,0.227269163566816,2.92374945596683,2,0,0.558498781578755,0,1
1230,0.21209163459871,1.28592379214868,2,0,0.6348777436908,0,1
1231,0.840420737862587,2.15707806855524,2,0,-0.662544909870126,0,0
1232,0.956618703901768,1.75723273198226,2,0,-0.768075086603223,0,0
1233,0.619530910017721,1.49544902511759,1,1,0.577074001454798,1,1
1234,0.26380456119523,0.867224444992424,2,0,0.0585966452465959,0,1
1235,0.45215973793847,1.14974634096345,2,1,0.321354259015581,1,1
1236,0.0537956721493718,0.800337416372656,1,1,0.745909047233088,1,1
1237,0.576373662889756,0.792870799037089,1,1,-0.639497061963173,1,0
1238,0.310875685435078,2.16110124406437,1,0,-0.733710510891501,0,0
1239,1.25418336316943,1.34835577911512,0,0,-0.430684577221512,0,0
1240,0.0527495895976706,0.5393502275256,2,0,0.643133111675076,0,1
1241,0.0737645829212852,0.0962853212771085,1,1,1.72905398607434,1,1
1242,1.7376282121146,2.20738153082687,1,0,1.28956894208248,0,1
1243,0.834647412385613,2.23355730851841,1,1,0.719261376666436,1,1
1244,0.0577786135261746,1.06469323553178,0,1,0.00556028111835424,1,1
1245,1.46019814391134,1.73879807043955,2,0,-0.234818883506005,0,0
1246,0.231467188618332,0.580272546987846,1,1,0.111628704047119,1,1
1247,2.12545978828313,6,0,0,0.626081943779615,0,1
1248,0.158607842444096,0.506673890380758,1,1,-0.338048671010567,1,0
1249,0.430110355839133,1.93241934273109,2,0,-0.285420570133942,0,0
1250,0.516353815884151,0.992103231449922,0,1,-0.369127525692285,1,0
1251,0.161036808858626,1.29075719486005,2,1,1.02277025188162,1,1
1252,0.00773797115891044,0.580602355904449,1,1,0.409637041360828,1,1
1253,0.311160841374658,1.07587532888242,1,1,-0.94512972532407,1,0
1254,0.303814277474135,1.95826866399439,2,1,1.13832801903124,1,1
1255,0.651904306115404,1.43251407998468,1,1,-0.898914804043613,1,0
1256,0.395175279700197,1.25911523885814,0,1,0.309262663263518,1,1
1257,0.25769663695246,2.42550786301552,2,0,-0.0408542275830021,0,0
1258,0.527954026177597,0.615534125901814,1,1,-1.11042720674405,1,0
1259,0.482324924642973,0.888229067278984,1,1,-0.265169147842953,1,0
1260,0.51228751383646,0.908375730914611,1,1,-0.253543722699609,1,0
1261,0.470470363480792,1.30512240492281,1,1,-0.309870613599882,1,0
1262,0.304750678769778,0.751563903565208,0,1,-1.2228661705054,1,0
1263,0.153492249373812,0.577873650799391,1,1,1.39391489297389,1,1
1264,0.759106507149346,1.15856180556582,2,1,1.39370364345708,1,1
1265,0.038855122121949,0.197829200710265,1,1,-1.43170256934601,1,0
1266,1.07521941512823,2.54380817468752,2,0,1.21023988592152,0,1
1267,0.0564997103231712,0.0694805628701106,2,1,1.62477804187761,1,1
1268,0.0111959452703953,0.843744384618271,1,1,-1.21664330589944,1,0
1269,1.49047129914671,2.27425919770413,1,0,-1.03643332197089,0,0
1270,0.846768796301268,2.45867138874037,2,1,1.19609036031909,1,1
1271,0.229735920625,1.33287783401708,0,1,-0.793745702543158,1,0
1272,0.931835742614806,1.03368885044764,0,1,0.129487796255016,1,1
1273,0.0264422845793888,0.553850280120969,0,1,-0.185395550688596,1,0
1274,0.601031162776053,1.72127908428145,1,0,-0.366609439046554,0,0
1275,0.153877109978604,0.365906833375297,1,0,-0.90606897959762,0,0
1276,0.209427282679826,0.76706495128373,1,1,1.17783975063093,1,1
1277,1.10732343757004,3.04749217801053,1,0,-1.20159430184102,0,0
1278,0.162842333375011,0.481369870078269,0,1,0.811522624928593,1,1
1279,0.794718977995217,6,0,0,-0.875713456831577,0,0
1280,0.401757457720009,0.85545150245754,0,0,0.0680339620611459,0,1
1281,2.03417101121488,2.30906956805837,1,0,0.12916176788983,0,1
1282,1.00106507697149,1.2924916310165,2,1,0.415037950804538,1,1
1283,0.282500198054677,0.360690929193947,1,1,0.0234899015187684,1,1
1284,0.115445982082747,0.24523894987999,1,1,-1.26439434928488,1,0
1285,1.50681241989641,2.54642839087298,2,1,-0.812167099810248,1,0
1286,0.210996116740473,0.216789619899266,1,0,0.250593684416186,0,1
1287,0.241190461691189,0.561720134639602,2,1,2.19012595920739,1,1
1288,0.265135322406422,0.766799397128769,2,1,1.89554332443219,1,1
1289,0.144120212062262,0.394640115043961,1,1,0.243944921113451,1,1
1290,0.0798243627650663,0.165955765558795,0,1,-1.02802212821926,1,0
1291,0.147341249510646,0.163837170197553,2,0,1.33299652984473,0,1
1292,0.433321211487055,0.735090807943728,2,0,0.198504069028555,0,1
1293,0.939910038841613,1.05551461736305,1,1,0.534302537225406,1,1
1294,0.68932269513607,1.09068296000818,2,0,2.58117678183433,0,1
1295,0.0138995862936576,0.581673860943877,1,0,-0.976022858720679,0,0
1296,0.314113306480864,2.05803449707517,2,0,0.814455283717256,0,1
1297,0.220657012850097,0.526267727919813,2,1,0.360704132127879,1,1
1298,0.0282706823782064,0.404715389071617,1,1,-0.0618089884963931,1,0
1299,0.391004170814995,1.82291181894839,1,1,0.531613622309844,1,1
1300,1.72033804630681,5.89603265375089,2,0,-1.28741748882099,0,0
1301,0.551329929704599,1.20082538582858,1,1,-0.596383961663381,1,0
1302,1.65213039223762,3.35247553598321,2,0,-0.803537385933866,0,0
1303,1.55642693295124,3.38747051524328,2,0,0.308324995022841,0,1
1304,0.423805452592205,0.593718338427327,1,1,1.21251322090877,1,1
1305,1.18425734527409,3.09062469397977,2,0,1.05848155040249,0,1
1306,0.168462208782601,3.17957032340853,1,1,-0.292501398801775,1,0
1307,0.7139110006392,1.35321843622557,2,0,-0.0743101076708073,0,0
1308,0.440045695751905,1.37999554475149,0,0,-0.41358886266259,0,0
1309,1.64179800814929,2.84036298267497,2,0,0.634127124044813,0,1
1310,0.27660882307183,0.320785368982169,2,1,1.19622133034613,1,1
1311,0.968318782914425,1.4685751369263,1,1,-0.823142591017603,1,0
1312,0.44563930341613,1.56030138742729,1,0,-1.31721955318026,0,0
1313,0.607740971830156,0.750059211259895,1,1,-1.71160150788931,1,0
1314,0.304891678679269,1.89396626572997,1,1,1.45707363525114,1,1
1315,0.0161545310097522,0.556131848715057,1,1,1.56719542747083,1,1
1316,0.109885981837629,0.458110407345195,1,1,-2.12726693219811,1,0
1317,0.408002678013872,0.566684735929514,2,1,1.41954075724539,1,1
1318,0.51717704845817,0.799026118922113,2,0,1.04982207157013,0,1
1319,0.612666399657548,1.15109281783007,1,1,0.663004995566943,1,1
1320,0.675269911043976,3.26859330532567,2,0,0.844217877056642,0,1
1321,0.400543424184434,0.611047611261408,0,1,0.878920332093485,1,1
1322,1.21519124228507,2.06696626109382,0,0,0.419817992099327,0,1
1323,0.252736193069723,0.32230488377946,1,1,-1.36725907303444,1,0
1324,0.408953920705244,0.81540281844422,1,1,0.234032077564594,1,1
1325,0.3085530892713,1.9383011031211,1,1,0.174170134464576,1,1
1326,0.326964990817942,1.37565895948788,1,1,1.87373318847227,1,1
1327,0.239641352556646,1.18747632894766,1,0,-0.732500449409906,0,0
1328,0.0018585062935017,1.11480019684852,1,1,-0.32569400910086,1,0
1329,0.441993767090946,0.727477688071082,1,1,0.0709400968516737,1,1
1330,0.0119709698067807,0.475677824525075,1,1,1.07703882762938,1,1
1331,0.533852115116657,1.08154943834409,1,1,1.71371358558944,1,1
1332,0.655400722449044,0.830271030055934,0,1,-0.863230589497851,1,0
1333,0.241030890028924,1.84648105612479,1,1,-1.8809362231065,1,0
1334,0.0447168589869554,0.692685425267805,1,1,-0.257471219250965,1,0
1335,0.249025743687525,0.734508992747269,1,1,-0.0343541182923172,1,0
1336,0.132969682207087,0.839526858406817,1,1,0.119472750415976,1,1
1337,0.209082552231848,1.54045338631214,1,0,0.567590955505963,0,1
1338,0.0920077084609891,0.10401557187255,1,1,0.443298222793446,1,1
1339,1.36777225913412,1.57755521602512,1,1,0.467231590144083,1,1
1340,0.0131671002977116,0.262062277059271,2,1,3.11476889034209,1,1
1341,0.914718384784012,1.35975468501364,2,1,0.171776593317267,1,1
1342,0.0630903767887503,1.25021002641351,2,1,0.649673856657368,1,1
1343,0.560140648705888,1.99352327936627,1,0,-0.406608071321189,0,0
1344,0.0542293170826101,0.248288028125414,1,1,0.552971530464293,1,1
1345,0.763994726352394,1.61321540524434,2,0,0.918489468617602,0,1
1346,0.0551693089790049,0.158801059104157,1,1,-0.425641927772168,1,0
1347,0.944716365251388,3.62829058715022,2,1,0.746139282312266,1,1
1348,0.536182603303592,0.833765327528231,0,0,-0.877344315294716,0,0
1349,0.92489051278086,1.00781072275114,2,1,1.11844364466617,1,1
1350,0.909775769692868,1.60097895284176,1,1,0.607328540728188,1,1
1351,0.48639750782962,1.41655350103974,0,0,-0.14913751613214,0,0
1352,1.73594362911454,4.1522091289164,2,0,-0.315705346212357,0,0
1353,0.408122157890958,2.8011840033766,2,0,0.725386202040399,0,1
1354,0.0891845929081725,0.320649996273533,1,1,-0.15142705115028,1,0
1355,0.58014064735438,1.22844549066522,2,0,0.0790679964337679,0,1
1356,0.634672239422798,1.52706617931557,2,0,0.90540140931977,0,1
1357,0.76048507003282,2.40691954674996,1,1,-2.3618560183512,1,0
1358,0.20028840536697,0.717543488562699,2,0,0.336094639745539,0,1
1359,0.0727863580878025,0.339322549208998,1,0,-1.44411659627578,0,0
1360,0.528806188350365,1.35843445236484,0,1,-0.199838510460427,1,0
1361,0.0315547874197364,1.40280243178687,2,1,0.446517542676946,1,1
1362,0.469108176158562,0.866886783324659,1,1,0.588377687217351,1,1
1363,0.944882033530552,0.948580254068124,2,1,0.121257238552839,1,1
1364,0.525712961900004,1.70087708759503,1,1,0.685358969826582,1,1
1365,0.728203168229021,0.784454536476456,2,1,0.794671217455207,1,1
1366,2.1071176341826,2.29140595080197,2,0,0.199450919229602,0,1
1367,0.238913862849586,0.268344440329579,2,1,-0.13620305415389,1,0
1368,0.208294879994355,2.91023446904149,1,1,0.875257372698855,1,1
1369,0.0546895171585882,0.0730345184457349,1,1,-0.967491359290947,1,0
1370,0.23484044149518,0.748619109800523,2,0,0.360816304488783,0,1
1371,1.00663698034647,1.63983091457465,1,0,0.0257876554934244,0,1
1372,0.0300605598690518,0.226414484784565,1,1,0.910256421842396,1,1
1373,0.105148467855749,0.357566250463618,2,1,-0.555516668948713,1,0
1374,0.554066030282348,0.79806308139672,2,1,-0.50520409983405,1,0
1375,0.108099711954633,6,0,0,-0.306460780972217,0,0
1376,1.68546454413774,3.08312490982416,2,0,-0.479464856436939,0,0
1377,0.0474165473063057,0.0830744130682274,0,1,1.4879761036782,1,1
1378,0.000139983312692493,0.437190539453012,1,1,0.781995697998465,1,1
1379,0.266452191863209,0.277660447666392,1,1,0.96364055009681,1,1
1380,0.0805479160044342,2.79689714439617,1,1,-0.388802088973826,1,0
1381,1.26691640261561,1.87433701042173,1,0,-0.847071806516603,0,0
1382,0.513607603497803,1.27498928767939,0,0,1.54117025020827,0,1
1383,0.419055423699319,0.506577695400404,1,0,0.23891257843894,0,1
1384,0.174387285951525,1.25053814236553,1,1,-1.86718993795392,1,0
1385,0.0712575726211071,1.19580401761239,2,0,-1.62936302559777,0,0
1386,0.171004026778974,0.761183926848993,0,1,-0.346123595442234,1,0
1387,0.0741233819280751,0.826290650852832,1,1,-0.0358792447831558,1,0
1388,0.559382679613128,0.640593141044892,1,1,0.345316994879378,1,1
1389,0.0907960720360279,0.832308502867818,0,0,-0.494292160619969,0,0
1390,0.00885216887070729,2.75676381803247,0,0,-1.77435343744427,0,0
1391,0.410061136062723,3.98967927800054,2,1,-0.25288565384719,1,0
1392,1.59454534365368,4.69616196728206,1,0,0.156832643226372,0,1
1393,0.315795818461106,2.78004425463951,1,1,1.54654316325291,1,1
1394,0.0886794747784734,0.827430496147611,1,0,-0.942870960801927,0,0
1395,0.544424296356738,1.65509998047898,1,0,-0.946283394292563,0,0
1396,0.310921262716874,1.35620000193065,1,1,-0.208619364373516,1,0
1397,0.307105511601549,0.315368227460099,1,1,-0.444340943366267,1,0
1398,0.57378094471986,1.64291367407519,1,1,0.655305352759693,1,1
1399,0.0451901930500753,0.221073212892315,2,1,1.57054523300062,1,1
1400,0.0375240974244662,0.772633282467723,0,1,-1.23301779845612,1,0
1401,0.00914785166969523,0.727544377247493,0,1,-0.491438086960343,1,0
1402,0.392853610974271,0.42731884081463,2,1,2.24912991525467,1,1
1403,0.0750242045614868,2.21106163375173,2,1,-0.334799024063889,1,0
1404,0.229386090650223,0.462529204840874,1,1,0.038774806473175,1,1
1405,0.482467561286855,1.45541304066183,2,1,-0.904763393426987,1,0
1406,0.466104916969136,1.21629008635384,1,1,0.872356439628887,1,1
1407,0.374176610494033,0.382120846656056,1,1,-1.01107195918599,1,0
1408,3.69662900997286,5.85641951295845,2,0,0.0470475297672188,0,1
1409,0.131385107524693,0.36273782783532,1,0,-0.680631064014629,0,0
1410,0.055617012944421,0.231241679861506,2,1,2.09012976706886,1,1
1411,0.120474923751317,2.50251557475456,1,1,1.09317481939893,1,1
1412,0.180967484550912,1.09546534214875,1,1,1.49025089437678,1,1
1413,0.127604148874525,1.97889664210805,1,1,-1.27264759559976,1,0
1414,0.9533052664868,1.60648847910621,2,1,0.413379178333791,1,1
1415,0.282166232354939,1.73699787586309,0,1,-0.646590275649006,1,0
1416,0.172594720497727,0.978004985450227,2,1,0.538115341933807,1,1
1417,0.225814639707096,0.564705465609829,0,1,0.634380307124248,1,1
1418,0.338740289211273,0.873890298729142,0,0,1.72844804022997,0,1
1419,0.137588288466882,0.20902133561933,2,1,1.32196991555287,1,1
1420,0.418747127056122,0.52424358568393,1,0,0.180562907652337,0,1
1421,0.382649151724763,1.25227552217742,0,1,1.01237111506945,1,1
1422,0.315863080904819,0.666881983074669,2,1,1.21188142603316,1,1
1423,2.35567466719987,2.48441200392942,0,0,0.848934420688758,0,1
1424,0.219128380529583,1.8178207810351,1,0,1.79221108516191,0,1
1425,1.40572435895672,1.76423982843822,2,0,1.25014489000018,0,1
1426,1.38350440187745,2.63729365954788,1,1,0.716840330139428,1,1
1427,0.0525220195413567,1.09824819238705,1,1,-0.720455821932153,1,0
1428,0.668054179960683,0.696727222805492,1,1,-0.0562186968024787,1,0
1429,0.459499259787153,2.32123510709948,2,0,-0.239081986714426,0,0
1430,0.0805284103262238,0.861810039897038,1,1,1.05140110800905,1,1
1431,3.27815682051663,3.64616884851743,2,0,0.858712350697435,0,1
1432,0.371026322536636,1.05978269385309,1,1,-0.882184426749083,1,0
1433,0.888416261654372,1.09280843782876,1,1,-0.526047839712364,1,0
1434,0.00677642203949644,0.27117015350527,1,1,-1.4293667988636,1,0
1435,0.361990410834551,1.24444709886585,1,0,-1.71456202053246,0,0
1436,0.187835740011473,0.345736887490225,1,1,-0.60343275935824,1,0
1437,0.25195489187847,1.17788854986429,0,0,1.26242564255556,0,1
1438,0.119382173579652,0.209168648233445,1,1,0.191527674300329,1,1
1439,0.0335420825285837,1.57355200112376,1,1,-0.824928558704778,1,0
1440,0.41081078350544,0.624219876799113,2,0,0.31206262880364,0,1
1441,0.581446294646531,0.820723851029129,2,1,-1.12139212121628,1,0
1442,0.204240839811973,0.572785769876319,1,1,1.18584464598456,1,1
1443,0.249261111603118,0.327071259849465,2,1,2.17570847921335,1,1
1444,0.47325843013823,0.736762819518737,1,0,0.368720385540296,0,1
1445,0.950904413126409,1.3441178171585,0,0,0.0607917822919792,0,1
1446,0.355698432773352,0.858913513101074,1,0,0.0171730593573581,0,1
1447,0.256680071179289,0.446022988266943,1,1,-0.321730254752951,1,0
1448,0.0527223882052506,2.0607258950799,2,1,-0.0697142142250648,1,0
1449,0.272688035329338,0.451469929216022,2,1,0.601139349219623,1,1
1450,0.692139065898144,0.861225224989221,2,1,1.1995437694703,1,1
1451,0.00489202525002289,0.076259905869508,2,1,0.340889420626981,1,1
1452,0.144615557257116,1.23546769549685,1,1,1.19114888275602,1,1
1453,0.150994084542617,0.437979150982329,1,1,0.707251643983522,1,1
1454,0.134366113052238,0.431403225295109,2,1,0.414426722497414,1,1
1455,0.198523803846911,0.362663833204971,2,1,-1.1346609368593,1,0
1456,0.2998685115017,2.04796339385211,0,1,-1.24776503476367,1,0
1457,0.326562300033402,1.07203525558267,1,1,-1.08698087530853,1,0
1458,0.0984914339640012,0.31142540818186,1,1,-1.68590089204302,1,0
1459,0.136698847345542,0.452852281063305,1,1,-0.0347090475982235,1,0
1460,0.0412535859504715,0.263006152493783,1,1,-0.948595065956955,1,0
1461,0.462679832242429,3.84894621182114,2,0,-0.58166264093502,0,0
1462,0.117558664642274,0.379018633198868,2,1,-0.611808884198628,1,0
1463,0.508684877306223,1.37292327886678,2,0,-0.108676273784157,0,0
1464,0.55741637011227,0.78955954682648,2,1,-0.403042390124595,1,0
1465,0.296650072559714,0.401503254084251,1,1,-0.281470856246377,1,0
1466,0.581432134844363,0.778154982355783,1,0,0.213034527255418,0,1
1467,0.283396931972445,0.615655520237593,1,1,-0.711834249687258,1,0
1468,0.13970718998462,0.513635066177292,2,0,1.62324346479568,0,1
1469,0.0282916380092502,1.06442773807181,1,0,0.969407851839653,0,1
1470,0.123029648326337,0.258408484789855,1,0,-0.237430136784823,0,0
1471,0.355391461635008,1.10113509055608,1,1,-0.523229495396985,1,0
1472,0.4513906147331,2.27207707458163,2,0,-0.316661458515027,0,0
1473,0.0970237152041929,0.220639731608564,2,1,1.27275421403449,1,1
1474,0.208503996836953,1.20499259943906,1,1,0.120815986203741,1,1
1475,0.0788316040416248,0.258234196032087,0,1,-0.161984222256496,1,0
1476,0.376988714698119,0.534274902030928,1,1,-1.75860962749115,1,0
1477,0.252279065025505,0.576719587060221,1,1,-1.20571453353033,1,0
1478,0.877172680812698,0.99341178058168,2,1,-0.208158100844784,1,0
1479,0.298027680837549,1.94065670202307,1,1,0.650962718082823,1,1
1480,0.674818024970591,1.61653098487161,2,0,-0.0819335288512472,0,0
1481,1.74495450520621,2.39629242258767,0,0,0.118743705506463,0,1
1482,0.313648095354438,1.92025050950966,1,0,-1.98008905150084,0,0
1483,0.504430344418444,0.79514934872201,2,1,0.215854690151983,1,1
1484,0.136955996567849,0.267240105356412,1,1,-0.168526662952975,1,0
1485,0.274550444309204,0.369125883089684,1,1,-0.313504489887289,1,0
1486,0.241749879198546,1.14529456496456,2,0,0.576392288340475,0,1
1487,0.219508179020046,6,0,0,-0.429841495094092,0,0
1488,0.259820761275478,0.802545098922048,1,1,-0.0975342853077999,1,0
1489,0.0429683873571015,0.366686768826949,1,1,-1.11671742920801,1,0
1490,0.170899949724392,0.231606966747419,2,1,0.38694368948797,1,1
1491,0.456493300379625,0.619925299486506,1,1,-0.268013181167899,1,0
1492,0.854386674240232,3.47559432582594,2,0,-0.638288381123574,0,0
1493,0.277296841668431,1.37167804884762,1,1,0.102687049955602,1,1
1494,0.265590201007482,0.999212907392,1,0,-0.219746884048893,0,0
1495,0.528739891014993,0.844786486898859,0,0,-1.7432503387194,0,0
1496,0.518244614136587,0.98486723660216,2,1,0.247477418368832,1,1
1497,0.0815871633123248,0.969353013899666,2,0,0.267881508121703,0,1
1498,0.582413999121336,1.05250773041344,2,1,0.595420169603714,1,1
1499,0.642580426621072,1.00243733752613,2,1,0.990648507415165,1,1
1500,0.692873566411436,0.835078832374797,2,0,-0.774339123755952,0,0
1501,1.29077429324389,2.0065637689335,2,0,0.0872220331864623,0,1
1502,0.0282978323162168,0.285494709102374,1,1,-1.3358907775264,1,0
1503,0.0985831173163485,0.1705740155242,1,0,-0.652033407342609,0,0
1504,1.45168474412591,2.65688220639057,1,1,-1.18148195200721,1,0
1505,0.186735161373706,0.382029325314549,1,1,-1.8182569274852,1,0
1506,0.0403466809075326,0.0790152727035706,2,1,0.472786600612777,1,1
1507,0.328072326083202,0.700477939821681,1,1,0.052739388601411,1,1
1508,0.56073546564648,0.730140556309933,0,1,-1.13409934724231,1,0
1509,0.0668972134590149,0.644860540827115,0,0,-0.543443381221723,0,0
1510,0.08847250050253,0.308002407488614,1,1,-0.382025773867455,1,0
1511,0.018949774712583,1.24521827608377,1,1,-1.72670391780624,1,0
1512,0.656681028458673,2.90195835320668,1,0,0.637929506697516,0,1
1513,0.0684913218719885,2.31941712341563,1,1,-0.0570048721174957,1,0
1514,0.381414767078198,1.39716514390236,1,0,-0.844616940801709,0,0
1515,0.0377432995265043,0.413580472820705,2,1,-0.966347110785813,1,0
1516,0.391507307067513,1.50338972918689,0,0,-0.103809450710896,0,0
1517,0.0117581896535969,0.543734151888012,2,1,1.09707219581993,1,1
1518,0.0629924647510052,2.66307855958511,1,0,-1.92746523378905,0,0
1519,0.0727677645045333,0.187182470912298,1,1,-2.42341079342836,1,0
1520,1.01875731832685,2.21846241383685,0,1,-0.987656397109018,1,0
1521,0.136247784163381,0.332642624644526,1,1,2.05479412070245,1,1
1522,0.444974460950148,0.86188258348844,1,0,-1.6505256154871,0,0
1523,0.130365095514575,3.96635550952604,2,0,-0.92054619971765,0,0
1524,0.688817439923816,1.09293736510809,1,1,-1.30112692333851,1,0
1525,1.04387772497126,2.05563625514188,1,1,-0.350032896186711,1,0
1526,0.245338218725251,0.450765102480849,0,1,-0.171371494614905,1,0
1527,1.03392552118748,1.85501003537245,1,0,0.21117119439976,0,1
1528,0.113995462875927,0.204749600157792,1,1,-1.17307444188461,1,0
1529,0.299752406891435,0.467320168838175,1,1,-0.360372205323707,1,0
1530,0.0320454239845276,0.165382505704959,0,0,0.274748580792584,0,1
1531,0.381413327530026,6,0,0,-2.24826367571565,0,0
1532,1.777834655633,2.44119227014179,1,0,-0.820861500428198,0,0
1533,1.0321179041639,2.09474768388571,1,0,-0.229985270507642,0,0
1534,0.10792274843742,0.152822008050446,1,1,-0.649161564910006,1,0
1535,0.21721288756565,0.442645001980958,2,1,1.51253980196518,1,1
1536,1.36617882922292,2.52873150012718,1,0,0.263094654154664,0,1
1537,0.302075841755141,0.726677464020553,2,1,2.02776151974753,1,1
1538,0.0809775395318866,1.50167380128366,1,0,0.758153297366069,0,1
1539,0.474070806310712,2.45232566576261,2,1,0.750840346976604,1,1
1540,0.483699032224473,1.80353867715644,2,0,0.293368167584204,0,1
1541,0.144910549306355,1.78338849372954,1,1,-0.395883736318281,1,0
1542,0.0871671790725532,1.18115529894846,0,0,1.39482107154305,0,1
1543,0.466232877261721,0.652670296186306,2,1,0.206132259335862,1,1
1544,0.120269849139731,0.327192859565449,2,1,0.633939361682583,1,1
1545,1.49606982982698,1.64071658747452,1,0,-1.6841363474096,0,0
1546,1.08459872297704,2.48267564301689,0,1,-0.549636259324095,1,0
1547,1.15991758962517,1.23699008781397,0,1,-0.466252762615965,1,0
1548,0.151278922802043,0.325019864744004,2,0,1.1124302317314,0,1
1549,1.81539540356936,2.72921907094618,0,0,-0.721118078367365,0,0
1550,0.944946344078476,1.20644864938186,2,0,0.941997656166602,0,1
1551,0.581522108112128,2.14284450391726,2,0,1.06492151142125,0,1
1552,0.0377184040360567,1.13634460014896,1,1,1.01496704883431,1,1
1553,0.0225626371684484,0.619562833845239,1,1,1.83475211068001,1,1
1554,0.958986042998731,1.9342513885464,1,0,-1.20914913689816,0,0
1555,0.221312041394413,2.08520876509126,2,1,0.102469240763551,1,1
1556,0.23539205401903,0.286587686814676,2,1,-0.881808456059484,1,0
1557,0.116231585270725,1.00640439498217,2,1,1.24284616976644,1,1
1558,0.470033841809409,1.14631993962474,1,1,0.702798002252475,1,1
1559,0.223494369861683,0.512371722034093,1,0,0.923535632179478,0,1
1560,0.439687662757933,1.19792874469343,1,0,-0.346681273698404,0,0
1561,0.629344102926552,2.00619146445951,2,0,0.0381726828214294,0,1
1562,0.0239151431014761,2.92761104413437,2,1,-0.305943181363473,1,0
1563,0.0347273436541646,0.0971660749359582,1,1,-1.12115969002805,1,0
1564,0.283173268544488,0.621534146090662,1,1,-0.762946572127171,1,0
1565,0.107569251778853,0.38124970269583,1,1,0.721159492377485,1,1
1566,1.2587020592764,1.60592677959685,1,0,-0.36220375798521,0,0
1567,0.395402673166245,0.515231181825105,2,1,2.67172109403841,1,1
1568,1.64952963579747,2.50178133486502,2,0,-0.423295080729132,0,0
1569,0.207073287456296,0.235088617667781,1,1,-0.836315924896223,1,0
1570,0.832414981533595,3.44184134417548,1,1,-1.41514771554671,1,0
1571,0.157580857921857,2.56683467416277,1,1,-0.00688853811759218,1,0
1572,1.64352460315756,2.68143600075877,1,0,-2.25361349704045,0,0
1573,1.24639230775052,1.83634324308616,1,1,1.90724956360396,1,1
1574,0.0176890944998182,1.32475664219216,0,1,-0.805160518137897,1,0
1575,0.288850688666571,0.674283596675373,1,1,-1.76785714377582,1,0
1576,1.5639303721049,5.36867583231926,2,0,0.0887508324845872,0,1
1577,0.144535915751476,0.521371080744564,2,1,0.788212793464942,1,1
1578,1.1507243225351,1.36545772635408,1,0,1.26728598378046,0,1
1579,0.0663501155455231,0.589056313037872,0,0,0.54702125875577,0,1
1580,0.227140012883123,0.315001632440118,1,0,0.121981067814622,0,1
1581,0.727575138999902,2.00781696346653,2,1,1.18121685224409,1,1
1582,0.0533739209640771,0.47983436845243,0,1,-0.706058721641993,1,0
1583,0.640893223656464,0.92104607102079,2,1,1.37559724575444,1,1
1584,0.413699696946424,0.529363152049306,1,1,-0.0895936953929916,1,0
1585,0.0138306093933533,0.109297986531253,2,1,1.23555447187342,1,1
1586,0.231548096344341,0.787257825254868,1,1,-1.92835126049459,1,0
1587,0.00632007047533989,0.204508981744246,2,0,3.22047428643196,0,1
1588,0.17148790997453,0.34467688784521,1,1,-1.08928313009319,1,0
1589,0.834834644570947,1.02786357674399,0,0,1.37746358076525,0,1
1590,0.756564571522176,4.24092422705109,1,0,0.719374934682955,0,1
1591,0.308596418239176,1.78326814159108,2,0,-0.536131056716272,0,0
1592,0.0933506526052952,0.417199977816745,1,0,-0.466790271926714,0,0
1593,1.19129496504889,1.60940231352435,1,1,-1.22900361706076,1,0
1594,0.151922905817628,0.18845828203502,0,0,0.618019183376463,0,1
1595,0.0230800998499357,0.30345607854698,1,1,1.06374824919321,1,1
1596,0.442195328906464,1.58747406709529,1,1,0.156901502820899,1,1
1597,0.323317318223417,0.474908686651818,2,0,1.28946221461146,0,1
1598,0.517855157933019,1.07819637749327,2,1,-1.10270472575891,1,0
1599,0.529271806564003,2.00318631268025,1,1,0.987560394035536,1,1
1600,0.478344537651273,1.00143315490776,1,1,-1.522933205193,1,0
1601,0.0327885784208775,0.251297847055161,2,0,0.0679928226737218,0,1
1602,0.355808138556313,1.00954680231103,1,1,0.437843059016346,1,1
1603,0.11903332604561,0.613757796316336,1,1,-0.108181755415559,1,0
1604,1.01707834628747,2.09475824298958,0,1,0.0597325195533353,1,1
1605,0.235439654206857,0.634434965378385,2,1,-0.420603640954567,1,0
1606,0.497251877069295,0.788953251422738,2,1,0.554951047272022,1,1
1607,0.124477380886674,0.19107344928776,1,0,-0.991117981753585,0,0
1608,0.0524195114849135,0.598402901625353,2,1,1.37876943566025,1,1
1609,0.449163849090047,1.09942520968616,0,1,0.899083563192478,1,1
1610,0.243025986128487,0.828858158030017,1,1,1.30967964778367,1,1
1611,0.0902374467113987,4.80413877236989,2,1,0.685042931709655,1,1
1612,0.0831759144784883,0.312217529315942,1,1,1.84819818186383,1,1
1613,0.985221525907306,1.68479122078721,2,1,-1.66615349824815,1,0
1614,0.0945162851712666,0.416383666617635,0,1,0.793813663230755,1,1
1615,0.09119513357291,0.864030947831469,2,1,1.33774747082262,1,1
1616,0.166013302805368,0.219452565295969,1,1,2.43710494022646,1,1
1617,0.0480245128273964,0.443169596469709,2,0,1.47550272568351,0,1
1618,0.728472765159615,1.4961355400964,1,1,-0.0486496465271142,1,0
1619,1.02643860131502,1.60379737446058,2,0,0.198155006472435,0,1
1620,0.168519315309823,0.552234117378063,2,0,0.732841383449605,0,1
1621,0.684707675219335,1.79702168905924,1,1,1.06721902053936,1,1
1622,0.125305880782028,0.493108927598185,1,0,-0.0379231837383524,0,0
1623,0.203768339939415,0.759536751351839,2,0,0.183907499016989,0,1
1624,0.451784444972873,2.09023010734236,2,0,-1.21418701283793,0,0
1625,0.255029242252931,1.74705434431263,1,1,-0.453141956912614,1,0
1626,1.3052641376853,3.07517098883788,0,0,0.278661008639471,0,1
1627,0.0144773352076299,1.49140614280483,1,1,-0.393108724880704,1,0
1628,0.594012840275474,1.50484821138283,0,1,1.46680615957909,1,1
1629,0.59747183136642,0.889381143695306,0,0,0.919024696360554,0,1
1630,0.240618820302188,1.64866018966025,1,0,1.09396145723621,0,1
1631,0.157834637533781,2.02991187522138,2,1,0.639612200441656,1,1
1632,0.590174903418966,0.767440790695359,2,0,0.113344370926969,0,1
1633,0.513151290936999,0.682734929073954,2,1,-0.345972114811897,1,0
1634,0.0373207259688924,1.19577052448083,2,1,0.215260211495538,1,1
1635,0.198172510281947,1.16400745169095,2,0,1.31807943322525,0,1
1636,0.114572463538932,0.388302604357402,0,0,-0.317873824318605,0,0
1637,0.724761695383594,1.22142701794308,2,0,0.699352268630423,0,1
1638,0.691025833340183,0.963518299378937,2,1,0.49442310311613,1,1
1639,0.184042959474027,2.95789205306926,1,0,1.01604909254621,0,1
1640,0.525065316443153,1.48126608154262,1,1,0.21879971850387,1,1
1641,0.413171480409801,2.74018648643079,2,0,-0.795187249100714,0,0
1642,0.750576912425458,0.821073315452933,2,0,0.439235984206123,0,1
1643,0.223802666179836,0.628369855722457,1,0,-0.176051164676006,0,0
1644,1.20638460945338,2.02357987509921,1,0,-0.94657315945985,0,0
1645,0.269556388375349,0.746701184044092,1,1,0.0266834709088497,1,1
1646,0.159960105665959,2.75524114891323,1,1,0.378239121968657,1,1
1647,0.175741156563163,0.21640692618104,1,1,-2.02185164958596,1,0
1648,0.768356764430002,2.19488626656433,0,1,-0.560873555514761,1,0
1649,1.2944795586575,2.22406076888243,0,1,0.47655203220583,1,1
1650,0.376873128116131,1.00043017752856,2,0,0.103852994777558,0,1
1651,0.135038704320323,0.366229140484415,2,1,2.0763643709404,1,1
1652,0.546211354058988,2.48224839994144,2,1,0.771857673686529,1,1
1653,0.225601541272001,1.15343430389961,0,1,-0.367018524545148,1,0
1654,1.49691589470062,1.56813817098737,0,0,0.57137223139203,0,1
1655,0.151130116344055,0.88075114664469,1,1,0.0674287928464822,1,1
1656,1.41465799252692,1.72991605785986,0,0,0.280536932796437,0,1
1657,1.90445121858457,2.36325499601662,0,0,0.384685583009373,0,1
1658,0.807410475797951,1.2423097596088,2,0,0.441438218398192,0,1
1659,0.132287164218724,0.459444048686122,2,0,0.980340164589164,0,1
1660,1.13814970473164,1.42043257050129,1,1,-1.094965036323,1,0
1661,0.827346465279518,4.58412722888345,2,0,0.452105771812957,0,1
1662,0.965439991544583,4.05417896186312,0,0,-0.458746810815971,0,0
1663,0.364299009670503,0.588840746714643,1,1,-0.303173525365306,1,0
1664,1.90796362600269,2.87385115880625,2,0,0.329959996720335,0,1
1665,0.371952328423504,0.458256270857438,2,1,-0.272786870823311,1,0
1666,0.070077704731375,0.41170140093333,1,1,0.70931263154004,1,1
1667,0.448544913371028,1.0066413338469,1,1,-0.569678070034988,1,0
1668,0.510196077995612,1.65060442872345,0,1,0.613875421672721,1,1
1669,0.4371975697577,6,0,0,-0.1272755112906,0,0
1670,0.2069555176422,1.28567930642834,2,0,1.31075617789511,0,1
1671,0.0850099741990187,0.783312824539816,1,1,0.434036514099616,1,1
1672,0.0318286297260784,0.128870167373441,2,1,1.26784683259289,1,1
1673,1.04212332830299,2.35430634720952,2,1,0.978420221313918,1,1
1674,0.225686243735254,1.02410353474438,2,0,0.409708293078822,0,1
1675,0.494724498130381,2.89989468509092,2,0,-0.24365464094558,0,0
1676,0.0189342281058332,0.135158804416975,1,1,-1.89901135357238,1,0
1677,0.163396586664021,0.531792838766136,1,0,-0.570682684076442,0,0
1678,0.549970527618945,1.98862642591011,2,1,-0.404749488502848,1,0
1679,0.311029457661789,4.40088832941275,2,1,1.27153288678932,1,1
1680,1.07057782134586,1.42663976833094,1,1,-2.38879332850127,1,0
1681,0.018246006934824,0.795866378480766,1,0,-1.32757571036209,0,0
1682,0.234805000072811,0.600061281483453,1,1,0.341705007517239,1,1
1683,0.452763033099473,4.63044057011801,1,0,1.07562976907626,0,1
1684,0.0608995722723193,0.571382209011643,2,1,0.386964718213298,1,1
1685,0.380277955555357,1.17067710952376,2,1,0.860356165467704,1,1
1686,0.227278012025636,1.70781364703878,1,1,0.60303358703433,1,1
1687,0.811248859364361,1.2965989362023,1,1,-0.022568257653325,1,0
1688,0.0382705628871918,0.722937609833287,2,0,-0.10603231995005,0,0
1689,1.47970346442292,3.13272801483238,0,0,0.333784734782077,0,1
1690,1.23592158890666,2.09677738447984,0,1,-1.2845022240512,1,0
1691,0.0789265474304557,1.10150947907614,1,0,-0.394523599794725,0,0
1692,0.340314796776511,1.25379158549042,2,1,-0.677185305480525,1,0
1693,0.0978051961283199,0.374882037023635,1,1,-1.08597859708051,1,0
1694,0.350646293722093,5.75996980520417,1,0,0.368658304169057,0,1
1695,0.104868919731478,0.462243497139479,1,1,-0.380398451078979,1,0
1696,0.338809460967473,1.949545766968,1,0,0.60318337435542,0,1
1697,0.148300887667574,0.64420599534961,1,1,-1.63779699861565,1,0
1698,0.896378263080135,3.26816006846322,1,1,-0.161840802777958,1,0
1699,0.293475758226123,3.14791316654067,1,1,1.03636517981231,1,1
1700,0.463659797697205,0.793717342797961,2,1,0.912538200306426,1,1
1701,0.603691420957267,0.976404523686262,2,1,-0.178267728327886,1,0
1702,0.0826494501586819,1.63809670522036,1,1,-0.0324703529484855,1,0
1703,0.318627119406117,0.327037214184696,1,1,0.909698493481931,1,1
1704,0.051265325746499,1.52380428200926,2,1,0.160720656838334,1,1
1705,0.294064219924621,0.871929055780156,2,1,1.40118348046248,1,1
1706,0.241551657381933,0.926406162271939,0,1,-1.02315113767658,1,0
1707,0.0324678805563905,0.659533614423922,2,0,0.509339179827247,0,1
1708,0.0130625956808217,0.951319773833632,2,1,1.34496171950405,1,1
1709,0.941680209711194,2.06721758881554,2,0,0.375772079154441,0,1
1710,0.691986192313638,0.725333759088575,2,0,1.65813608464732,0,1
1711,0.0312826462322846,2.14875002391636,0,1,0.517879077234444,1,1
1712,0.0315666014265368,0.186869140115076,2,1,0.439986060738443,1,1
1713,0.225616769457702,0.908682697507754,1,1,0.499337173024518,1,1
1714,0.108759975992143,0.223450048248629,1,1,0.648746920434057,1,1
1715,0.853218995190084,1.10609411882857,0,0,0.676889280649253,0,1
1716,5.0073195879621,6,0,0,-1.08565566370502,0,0
1717,0.214386329348898,0.224679202799294,1,1,-1.01769965013027,1,0
1718,1.88893261277327,2.04726694878486,1,0,-0.587531199802526,0,0
1719,0.131504872115329,0.25519874488063,2,1,0.744053426384513,1,1
1720,0.142481861112174,0.198971055831937,1,1,0.29876235450064,1,1
1721,0.065201534385278,0.500767498526133,1,1,-0.495701606992682,1,0
1722,0.0660941313569508,0.712930980705365,2,0,2.18732888308155,0,1
1723,0.573522846638194,1.46971785152952,0,0,-0.240440093444419,0,0
1724,0.515993785709192,2.92813025433517,1,1,-0.441583670249536,1,0
1725,0.180851921613794,2.61283721931614,1,1,-0.152741142617163,1,0
1726,0.762189914213315,0.778180435062984,2,1,0.83142162943811,1,1
1727,0.539357996286646,1.51031090401522,2,1,-0.141077472410966,1,0
1728,0.926849152054227,1.22438886267779,2,0,0.231723512076781,0,1
1729,0.694755407981575,1.12478293648555,2,0,2.04677890459425,0,1
1730,0.101054902770557,0.229494890074504,1,1,-1.98237736123727,1,0
1731,1.48415522082689,3.21357372340063,2,0,1.22307066060017,0,1
1732,0.0530444842297584,0.515586752523872,2,1,0.754234101236664,1,1
1733,0.378597601084039,0.886594495562725,1,1,-1.82288683556113,1,0
1734,0.879174849018455,1.4044393774145,1,0,0.293631525221204,0,1
1735,0.771630745381117,0.819841187164416,1,0,0.771712802872371,0,1
1736,0.31734426447656,0.867680907303346,1,1,-0.799462043679205,1,0
1737,0.0172629015287384,0.336320483245752,1,1,0.170895482611469,1,1
1738,2.38207237309078,2.53078568679787,2,0,0.0978243079629142,0,1
1739,0.033661974593997,0.467142318101674,2,0,0.123955190819813,0,1
1740,0.0407458472182043,0.0479626779754957,0,1,-0.214270301054804,1,0
1741,0.0709260034608081,2.44405183456276,1,1,-0.457094205114405,1,0
1742,0.322377734817564,1.25551296743604,2,0,-0.0998166461067922,0,0
1743,0.365412528626621,1.53536617909956,2,0,1.16819891150489,0,1
1744,0.0737350078998134,0.695818223707517,2,1,0.750392847725698,1,1
1745,0.227371059842818,0.538460088074299,2,1,-0.768126633426941,1,0
1746,0.336324331001379,1.12061461366253,1,1,-1.5042526028312,1,0
1747,0.121909882065299,0.822421648317432,1,0,0.26286738110634,0,1
1748,2.75251413873377,6,0,0,-0.501206270120425,0,0
1749,0.0443684217764854,0.646727753463579,1,1,-0.338010361106851,1,0
1750,0.489947220810203,1.97895791228886,2,0,1.46779534261883,0,1
1751,0.0349291488597996,0.930555638741366,1,1,-0.0115536831128759,1,0
1752,0.364858177781571,0.745528445299142,1,1,-0.8103956124295,1,0
1753,0.185776574290831,0.435671693785309,1,1,-1.29192555416383,1,0
1754,0.115477691640649,0.398312103887665,2,1,2.43374498231415,1,1
1755,0.437541575494044,0.880241916129086,2,1,1.08621199767735,1,1
1756,0.206809537485242,1.62185887883485,0,1,0.351646675835892,1,1
1757,0.483294079286799,1.15942142587721,0,1,-0.246696536755565,1,0
1758,0.301244145666715,1.49348922820679,1,1,0.793295813991348,1,1
1759,1.2071781437844,4.66443491022381,1,0,0.1234656647989,0,1
1760,0.128177307778969,0.263219615690123,1,1,0.683569505728382,1,1
1761,0.433924570679665,0.511539240587933,1,0,-0.233076473322843,0,0
1762,0.107612273528863,0.735979707855845,1,1,-0.070949906869454,1,0
1763,0.055995362527903,0.117781287248591,2,1,0.272445589398565,1,1
1764,0.121577955433168,0.204587784085155,1,1,-2.40215099608308,1,0
1765,0.0475808227201924,0.335706756581711,1,1,-0.844469179371404,1,0
1766,0.26802931268045,0.42776044490521,2,0,0.853714808118563,0,1
1767,1.04796819025439,1.6477836881562,1,0,-0.710531013316634,0,0
1768,0.17816021136241,0.801643641645418,2,1,0.725121431137164,1,1
1769,1.16559235490264,1.52320579660062,2,1,-0.687483370347454,1,0
1770,0.0342652141088356,0.33487887121737,0,1,0.281487878331624,1,1
1771,0.728664090165141,1.76712227756197,2,1,-0.072421535352011,1,0
1772,0.18620145919719,0.359013670060956,2,1,0.476495235221561,1,1
1773,0.0860287882822836,0.785861305364227,2,1,1.42142184351937,1,1
1774,1.24528859462589,2.35948942601681,0,0,0.19146669924412,0,1
1775,0.445098890692678,1.02560869565843,2,1,0.958931460977809,1,1
1776,0.000625141533549818,0.181494386716744,2,0,0.771571197257079,0,1
1777,0.382635770365596,3.34038847265409,1,1,0.404957129311011,1,1
1778,0.0414552136723524,2.72895127038216,2,0,-0.0622821888472448,0,0
1779,0.0664018146926537,0.429799991282446,2,1,-0.38691851911151,1,0
1780,0.140888644964434,0.267777492904911,1,1,0.0508256709630602,1,1
1781,0.202790718176402,0.28592070593934,1,1,0.150292541928598,1,1
1782,0.541050300208673,1.81990264753451,2,1,-1.37534722884488,1,0
1783,0.33483699781258,0.641247893052601,0,1,-1.62934750689777,1,0
1784,0.306050363287795,3.0402879872981,2,1,0.305628871733294,1,1
1785,0.38284971145913,0.968305769838696,1,1,-1.05982131554287,1,0
1786,0.56443005390168,0.745923627495498,1,1,2.27868281786534,1,1
1787,0.130250011570752,0.813314058828726,1,0,-0.893412948595444,0,0
1788,1.40390836102359,1.69967618257347,2,1,0.785426658459091,1,1
1789,1.12918275519611,2.01227016746998,0,1,-0.166233892496575,1,0
1790,0.132423187897075,0.446284953504801,0,1,-0.593698099105065,1,0
1791,0.290113627561368,2.18906941098526,2,1,1.16738674405101,1,1
1792,0.0866602070012701,1.1043687973851,1,1,0.668624666215589,1,1
1793,0.480508349693202,1.05462588201098,1,1,-0.269578501055188,1,0
1794,1.44912274283627,1.67972001411129,2,0,0.581054256571533,0,1
1795,0.25777890230529,2.3036114730367,2,1,-0.125539262057513,1,0
1796,0.430997243965976,0.547485843805759,1,1,-1.90825962668204,1,0
1797,0.0355856811419367,0.283640613779426,0,1,0.984449812266475,1,1
1798,0.257054593821522,0.392274088907996,2,1,-0.0310559580565127,1,0
1799,0.154976242338307,0.547805347886776,1,1,0.796380542079692,1,1
1800,0.13261264242186,0.934028631062487,2,1,1.43776980806657,1,1
1801,0.982392590492964,1.23013214887615,2,0,0.289233873331448,0,1
1802,0.0151707893237472,0.604835998825373,1,0,-1.04020737921214,0,0
1803,0.176236323895864,3.20316931219868,2,1,0.247300611159881,1,1
1804,0.103964798036031,2.98383719555956,1,1,0.17064703646844,1,1
1805,0.0444812566274777,0.162944716484816,1,1,0.0971357305696201,1,1
1806,0.0423376663820818,1.97645315089279,1,1,0.15808491446454,1,1
1807,0.589663973398728,1.2292442940355,2,1,-0.0602791651734482,1,0
1808,0.239699780009687,0.306978978247253,1,0,-2.21321855337039,0,0
1809,0.21920156548731,0.546467931744716,1,1,-0.407295766705338,1,0
1810,0.970282746478915,1.7372568632658,1,0,1.84494821524515,0,1
1811,0.0117333675734699,0.110875708298485,1,1,-1.15862356361963,1,0
1812,0.0701785733690485,2.58700296513988,1,1,1.02236454531981,1,1
1813,0.404539490700699,1.820414405862,1,1,1.68894868467151,1,1
1814,1.11632799840869,2.01875997327332,1,1,-0.0580424581647521,1,0
1815,0.245210944558494,0.298411733050406,2,1,0.53936137546974,1,1
1816,0.409602463641766,1.31706666439082,2,0,-1.04135969208562,0,0
1817,0.576590560376644,5.0982505266548,0,0,-0.0263468533011783,0,0
1818,0.932684399187565,1.5969366983821,0,0,-0.167874926758353,0,0
1819,0.271297917352058,0.451994443753641,2,1,2.3059343319437,1,1
1820,0.137672788114287,0.217502254794184,1,1,-0.710515031134105,1,0
1821,0.598296955580013,1.54928463873701,1,1,-0.617893771843108,1,0
1822,0.0155350582771267,1.90486680326067,1,1,1.18140992896401,1,1
1823,0.117787173076067,2.55197877961776,1,1,-1.25816360325264,1,0
1824,0.205147802341119,0.442985438623449,1,1,0.422330884836185,1,1
1825,0.157756925883664,0.991834516736029,1,1,0.249610806250071,1,1
1826,5.14597906519599,6,0,0,-0.387539593245153,0,0
1827,0.224559423971966,1.5885915907431,2,1,0.301797168684333,1,1
1828,0.632577861659229,4.13754275523222,1,0,0.15551329086479,0,1
1829,0.563626931054844,0.828143665812652,0,1,-1.00710362179425,1,0
1830,0.128958129324019,0.907489773602904,1,0,-0.593826382737052,0,0
1831,1.6095467434697,2.3737173105693,0,0,0.250000949583589,0,1
1832,0.272775969351642,0.486646820928396,1,1,-0.0562106727079896,1,0
1833,0.605047996478908,1.48491958026763,2,1,0.884967134474336,1,1
1834,0.289291331428103,5.15588867760507,0,1,-0.412051089906949,1,0
1835,1.1916571566835,1.39957807204894,2,0,-0.470237485523174,0,0
1836,0.162152280062417,0.196455586220708,0,1,1.01817429165721,1,1
1837,0.286145967431366,0.884752473123915,1,0,-1.33580497856081,0,0
1838,0.969587247374547,1.76198327196313,1,1,0.537261491251989,1,1
1839,0.273904964560643,2.15374535260101,0,1,1.09966965494488,1,1
1840,0.958865302614868,1.00402598876547,1,0,-0.887181551691405,0,0
1841,0.00295455458776428,0.191269185984927,1,1,-0.0779696128824654,1,0
1842,0.126139904272938,1.21229521856699,1,1,0.208560269412518,1,1
1843,0.715001922851007,2.91923910302659,1,0,-0.804041289554942,0,0
1844,1.05198180646972,1.05977032086939,2,1,-0.397489471854768,1,0
1845,0.382596441777423,0.641703632447633,2,1,1.06571973342052,1,1
1846,0.00189676147138977,2.07812035042648,2,1,-0.409100856470667,1,0
1847,0.260288850986399,1.36219792159043,1,1,-0.684614873580858,1,0
1848,0.0848429733887315,0.509246883049697,2,0,1.91795180770978,0,1
1849,0.204238108708523,0.587066019693776,0,1,0.0747581531953368,1,1
1850,1.57527996218743,2.67537424961726,0,0,0.904980446108144,0,1
1851,0.409402396762744,0.918243004469058,1,1,-0.572274568505488,1,0
1852,0.290822278380996,1.3675141086181,0,0,1.5166004390734,0,1
1853,0.729038292090538,1.45120038286506,1,0,0.982781400167127,0,1
1854,0.827340891092837,1.55979216036764,1,1,0.486826087417484,1,1
1855,0.572313301811426,1.28111576593329,1,1,-0.840442594746509,1,0
1856,0.74383152345645,0.853824283438283,2,0,0.988205400041601,0,1
1857,0.696031115017831,6,0,0,-1.06318885616548,0,0
1858,0.398161409248132,1.24430456635026,1,1,-0.827174621924147,1,0
1859,0.276938347145915,0.335774509308493,0,0,-0.54915301704771,0,0
1860,0.428104042948689,0.644708561469218,1,1,-0.672177023577081,1,0
1861,1.75310557327213,2.38386225596242,1,0,-0.589472608251487,0,0
1862,0.0675192667513848,0.176078059772226,1,1,0.0984768050614165,1,1
1863,0.365869272209238,1.25480394499997,0,1,-0.536135273812784,1,0
1864,0.523798955811009,2.6757816931947,2,1,0.809110149641504,1,1
1865,0.72917908988893,4.47292911656613,2,0,0.0627325361891049,0,1
1866,0.00423206191044301,1.73055186597172,2,1,0.239813274720145,1,1
1867,0.0264107980574307,0.142349797957064,1,0,0.511309478644505,0,1
1868,0.962935123507722,4.08961812380841,2,0,-1.09882165413684,0,0
1869,0.0254619843233549,0.257028564678458,2,1,0.630915445284945,1,1
1870,0.686314990135662,1.0113550120255,1,1,-1.47745107489605,1,0
1871,0.835968786824316,1.01853510021974,1,1,0.526467173068365,1,1
1872,0.487538928841973,0.755555278733607,1,1,-1.11697802441132,1,0
1873,0.557294713529163,2.27219446631451,1,1,0.143420118553631,1,1
1874,0.247666066861711,0.499583203064502,1,1,1.02732536549606,1,1
1875,0.179375080251916,0.644102543592453,0,1,-0.446229682306972,1,0
1876,0.112419430874312,0.572552939449081,1,1,-0.699622449896212,1,0
1877,0.159016244579107,1.44214739049861,1,1,-0.211018322582049,1,0
1878,0.455978822894394,0.683067543334437,1,0,-0.856218498887651,0,0
1879,0.301631727488711,0.356058738087679,1,1,-1.54946859582382,1,0
1880,0.0334952960838564,0.515865216167654,1,1,-0.830415384225872,1,0
1881,0.069442002860417,0.37558385120846,2,0,1.33006240154947,0,1
1882,0.0126639446243644,3.00684200195931,1,0,0.0617913532397035,0,1
1883,0.194991230964661,0.964490411295838,1,0,0.20155445216603,0,1
1884,0.401065533980727,2.98996369043986,0,0,-0.184746978530892,0,0
1885,0.896531848650068,0.908015477414996,1,1,-0.521590723658272,1,0
1886,0.648223229192019,0.932495202945601,0,1,0.1800344665444,1,1
1887,0.656525653877117,1.07480540484129,2,1,0.619096283010457,1,1
1888,0.240442536596674,0.389334913343191,0,1,-0.03468616532656,1,0
1889,0.0351597237749957,0.790133760849654,2,1,1.07842625797716,1,1
1890,0.100804518920398,0.299166748481716,1,1,-0.481368349507992,1,0
1891,1.62101889145561,2.78173133671642,2,0,0.352321186276524,0,1
1892,0.359915822344712,0.813365738083493,1,1,-0.373283005019934,1,0
1893,0.603811650536954,2.52648460462044,1,0,0.363890765674065,0,1
1894,0.700696328977876,0.956813029311437,1,1,2.20078281291561,1,1
1895,0.959153525531292,1.17326680685689,1,0,0.72442341472245,0,1
1896,0.302689032332346,2.28181726041515,1,0,-0.57877836607046,0,0
1897,2.35451068534496,2.7963721723883,1,0,-0.19586894246621,0,0
1898,0.0971333280904219,0.124388696985555,1,1,0.368499340237694,1,1
1899,0.0493278258363716,0.295160038908974,2,1,1.06263646249423,1,1
1900,0.682859625546327,1.59598429889211,1,1,-0.656739081003138,1,0
1901,0.331196793939922,0.811050361274418,2,0,0.506981327722331,0,1
1902,1.02971265651286,1.40326440478352,2,0,-0.528494885792452,0,0
1903,0.119033006194513,0.251512897209391,1,1,-0.396987229524719,1,0
1904,1.2017623083666,1.25021056272089,0,0,-0.55075548987706,0,0
1905,0.26532794785453,0.418331691381242,1,1,-0.811373798424282,1,0
1906,1.85522530219498,3.28207764774561,0,0,-0.0937171904236472,0,0
1907,0.661612466908991,2.22485922161528,2,0,-0.481558670792377,0,0
1908,3.98915590329056,5.63831953487226,2,0,-0.597659291808707,0,0
1909,0.384390738618094,1.22682549782887,1,1,-0.23678555006794,1,0
1910,0.139131346403149,0.86979373660275,2,0,0.587455433534415,0,1
1911,0.837322321720421,1.85207211167451,2,0,0.843471225128098,0,1
1912,1.137231556879,5.27806989339884,2,1,-0.385673222538879,1,0
1913,0.086792340600803,0.110334188673502,1,1,-0.717563216243852,1,0
1914,0.330756674520671,3.11813730436067,0,0,-0.581026503140405,0,0
1915,0.129144015372731,2.29913413079389,2,1,-1.46190060634442,1,0
1916,0.405433228239417,0.576139230400903,2,0,-0.126438512043942,0,0
1917,0.113810861948878,0.649221700353113,1,1,0.23892546120691,1,1
1918,0.176521807443351,0.887925686122428,1,1,-0.511847402170584,1,0
1919,0.120579616166651,2.27201401029548,2,0,-0.732304887643966,0,0
1920,0.0635097569175051,0.307242395356297,0,1,-0.803687024162803,1,0
1921,0.00459278259866577,0.836661477760217,2,1,0.295225811672812,1,1
1922,0.133707596920431,0.258889669639523,2,0,0.711450064152906,0,1
1923,0.934338415972888,1.89649598983427,0,0,1.2213416274064,0,1
1924,0.011376384192709,0.0885943220471157,0,1,0.0336035642478332,1,1
1925,0.454848328605294,2.43467127452263,2,0,0.295688841164714,0,1
1926,0.229795218037907,0.706719055782215,1,1,0.239532837189451,1,1
1927,0.269692125730217,1.77527348704079,2,0,1.26208175090753,0,1
1928,0.190775241935626,0.294874498397415,1,1,-0.829130158935646,1,0
1929,0.129756341921166,0.579157019222666,1,1,-0.118690853196054,1,0
1930,0.211086253402755,1.68315625799484,1,1,-0.00447075057303582,1,0
1931,0.0657655332349907,1.18434605302818,1,1,-0.0968531257300677,1,0
1932,0.512362454293117,0.555026444654781,1,1,0.505244958245231,1,1
1933,0.606274023652077,0.664655417899461,2,0,0.417078311194023,0,1
1934,0.0392103780177422,0.703761199306294,2,1,-0.108759321417189,1,0
1935,1.80718626073542,2.08829532687863,0,0,-0.158073096121177,0,0
1936,0.720849978737533,1.24775112392343,2,0,0.850446017127216,0,1
1937,0.259286710352171,0.489733554239862,2,1,0.713979196978562,1,1
1938,0.144810438099665,1.29666856643282,1,1,-0.399670243128493,1,0
1939,0.462902504342429,0.606628718475501,0,1,-1.31027183584224,1,0
1940,0.0309777408256195,0.176778723849575,1,1,-1.46896726475981,1,0
1941,2.48332948667555,3.44687689406176,0,0,-0.409908599159355,0,0
1942,0.582024634323835,0.824385871496049,2,1,0.605709078179745,1,1
1943,1.18472655303776,1.45061526814523,1,0,-0.00179020173688756,0,0
1944,0.0203835992142558,1.43900699562173,1,0,1.49006755190969,0,1
1945,1.3664168342948,2.96168283396642,0,0,0.00876174924757196,0,1
1946,1.0930219264701,2.64789480277483,1,0,-0.171404749263959,0,0
1947,0.792609846658826,2.6139460131526,0,1,-0.623772916867067,1,0
1948,0.628183773718774,1.12950846559989,2,0,0.717213042892664,0,1
1949,0.0450216753022464,0.380731788592918,2,1,0.777475102358317,1,1
1950,0.358125187631231,1.28280339681226,2,1,0.188299843237928,1,1
1951,1.19099089689553,1.5585888383351,2,0,0.813177044964676,0,1
1952,0.0375551816006168,0.233047642648764,1,0,-0.473493162979265,0,0
1953,0.00185501703526825,1.53581819284749,0,1,-0.884641793436003,1,0
1954,0.761359210769306,2.97914257237866,1,0,0.472989953382898,0,1
1955,0.200925188876184,0.513893131790549,1,1,0.690554181044543,1,1
1956,0.569429852068424,3.33118652090756,1,0,0.864258482433018,0,1
1957,0.974562307185272,1.25875462053214,2,1,0.850226329027356,1,1
1958,0.609131317951112,1.81995649926316,1,1,-1.82385051166969,1,0
1959,0.298054518934805,0.605020447095235,2,1,-1.263132140001,1,0
1960,0.7048040022811,3.89236781342881,1,1,-1.11995591932514,1,0
1961,0.143841691168924,0.655145589145265,2,1,0.301881351438359,1,1
1962,5.7929734435297,6,0,0,-0.835631224164495,0,0
1963,0.293469098396599,0.832155258370203,1,1,0.377947537924877,1,1
1964,0.105481391563752,0.511288719764576,1,0,-0.58059539886215,0,0
1965,0.187768350588158,1.05380895201576,1,1,-0.873198539848854,1,0
1966,0.636906881674014,0.646747158399281,2,1,0.670534185768378,1,1
1967,0.0656649266602471,0.684232107067268,1,1,0.47364130697786,1,1
1968,1.945753371259,2.50981909723117,1,0,-0.950882734075774,0,0
1969,0.696984067882233,1.15706608554027,2,1,0.730954902925608,1,1
1970,0.0158393042511307,0.94666358742689,1,1,-0.196400608775044,1,0
1971,0.373149477079786,0.430153950425551,1,0,0.564874952255255,0,1
1972,0.680007518359281,2.45488208980115,2,1,0.29991771799163,1,1
1973,0.343429677092009,1.96928839822584,1,1,1.26102311707496,1,1
1974,0.105324705946259,0.49294913473983,1,1,-0.909484892184816,1,0
1975,0.359101329930127,0.59213279436032,0,0,0.522577922450599,0,1
1976,0.110323842372417,0.941412031789443,1,1,1.34083949114207,1,1
1977,0.619593248702586,0.869583088547028,1,0,-0.0449836009728889,0,0
1978,0.100070811458863,1.35070236750617,1,1,-0.099263365450013,1,0
1979,0.0356021139305085,0.0591411677824661,2,1,1.69856293408517,1,1
1980,0.276544116437435,1.43355768484374,0,0,0.656780286080264,0,1
1981,0.0271652519833489,1.19157939915721,2,0,-0.423850338419527,0,0
1982,0.280760274269586,0.401642598832647,0,0,0.14619665380505,0,1
1983,0.0199734038324095,0.551603448115491,1,1,-0.46414668877422,1,0
1984,0.915514242835343,1.92101216463035,0,0,-0.57184242216724,0,0
1985,0.322402687360125,1.57917653514896,1,1,-0.307099119911015,1,0
1986,0.0836079828441143,0.337733244523406,0,0,0.472134385050773,0,1
1987,1.21284554805607,1.68421363120263,1,0,0.973740746624642,0,1
1988,0.828436289422035,1.36956430001915,2,1,-0.135687167605487,1,0
1989,1.00700137099738,2.73098993903427,2,1,-0.824700360024738,1,0
1990,0.487716692499816,3.58849500501089,2,0,-0.964139841232587,0,0
1991,0.748040934093297,1.489164630572,0,0,1.33582824646809,0,1
1992,0.0965070037636906,0.621663169420978,1,1,-0.767328261202653,1,0
1993,0.320185738964938,1.37347021827558,1,1,0.045824310766964,1,1
1994,0.213101922684829,0.906656450547912,1,1,-0.455156211918353,1,0
1995,0.183418424358185,0.900781515802955,1,0,0.327448900190787,0,1
1996,0.231012651347555,0.236449271957247,1,1,-1.115263541336,1,0
1997,0.0349058752181008,2.04807099946769,2,1,-0.81105785060648,1,0
1998,0.705093623229124,0.707448019412084,1,1,-0.789732479078838,1,0
1999,0.125075373597662,0.296637828261151,0,1,0.143408714280311,1,1
2000,0.200532946649391,2.19125220170366,2,0,2.0321245568451,0,1
2001,0.671222706415512,2.08320296108209,1,1,0.208621249351856,1,1
2002,0.713057801127434,2.03896572813392,0,0,-0.618218651451578,0,0
2003,0.115041349781677,0.324321400144141,1,1,-0.321178564687302,1,0
2004,0.0124764954671264,0.455166040640202,2,1,0.152428093817108,1,1
2005,0.0684535779873841,0.302547933682288,1,1,-0.0483398251444768,1,0
2006,0.289792100375053,0.423417188555826,1,1,0.579915887329399,1,1
2007,0.130207494832575,1.04993970233644,2,0,1.79580827674444,0,1
2008,0.701883489198943,0.978879968694707,2,0,0.810724328363265,0,1
2009,0.168426492600702,2.45063177321239,1,1,-0.45186753334226,1,0
2010,0.506986330120646,0.695502401983458,1,1,0.618282887352612,1,1
2011,0.059842629518608,2.602649243008,1,0,-0.511671201402167,0,0
2012,0.0843955575657323,2.28482730948852,2,0,0.215928018685715,0,1
2013,0.0310797212296166,0.516826104778338,2,1,0.80484260331288,1,1
2014,0.646630304955699,1.88967090975719,1,1,-1.66125389463954,1,0
2015,0.948005542012758,1.78177457185718,1,1,-0.336382548845371,1,0
2016,0.343880669097416,0.886203054443352,2,1,-0.0579015228653888,1,0
2017,0.294877270292995,0.862549286816534,2,0,0.849788918548394,0,1
2018,0.818863675929606,1.19044671904319,0,0,-0.766683831958826,0,0
2019,0.090554954511746,5.0235899707985,2,1,-0.923636464257699,1,0
2020,0.64767933215183,1.31201116488405,1,1,-1.59575473264526,1,0
2021,0.141673088655807,0.261374270658709,2,1,0.983809228387345,1,1
2022,0.0112722172573805,0.300397518296171,1,1,1.42015474133457,1,1
2023,0.381940075021703,2.33398919546921,2,1,-0.918860504611727,1,0
2024,0.307765299745074,0.382534492140015,0,0,0.233378460165712,0,1
2025,0.437478288239524,0.707261444974098,1,1,-1.31269758585587,1,0
2026,0.864039470768111,1.61668367176266,2,0,-0.161137229357403,0,0
2027,1.40613763934507,2.19778925497266,1,1,-1.07385506210926,1,0
2028,0.113423629663885,0.209648167217673,1,0,-0.682165689961712,0,0
2029,0.5495273325126,0.826310553126416,2,1,0.00746758442318276,1,1
2030,0.258183563419152,0.39190769170226,2,1,-0.314473754750761,1,0
2031,0.497946226038039,0.974990021458771,2,0,-0.293390788612246,0,0
2032,0.0784968861262314,0.23323921921343,2,1,-0.138646921938233,1,0
2033,0.102829245850444,2.65651277260012,2,0,0.662664867291373,0,1
2034,0.49417240140037,0.578691201862821,1,1,0.239706050398714,1,1
2035,0.129954199946951,2.38709314789602,2,1,0.436503615290112,1,1
2036,0.402156539494172,1.03462257656993,0,1,0.391029170111853,1,1
2037,0.0218897084434904,1.0337249071566,1,1,0.249911714536115,1,1
2038,1.26866127126256,3.71173376238921,2,1,0.295592828079072,1,1
2039,0.0719679698448496,1.3704359491373,1,0,-0.523074193687498,0,0
2040,0.124672970776593,2.29492802356064,0,0,0.660354723870296,0,1
2041,0.214441165152292,3.24267145773909,2,0,-0.234961817098941,0,0
2042,0.106712001375854,1.38093222355579,1,0,0.773474692988779,0,1
2043,0.895128390751779,1.44182620215355,2,0,0.173372676781739,0,1
2044,0.586034945418879,2.10030863083715,1,1,-1.66221181652231,1,0
2045,0.665835748775065,0.709663259679721,1,0,-1.1058018225312,0,0
2046,0.590466332571771,0.692560835721972,2,1,-0.416983852460467,1,0
2047,0.270708544179797,1.74169457772009,2,0,0.0444072458156505,0,1
2048,0.175527753064268,0.803908137781308,1,1,-1.74258453280173,1,0
2049,0.424796410836279,0.643401615202876,1,0,-0.17425238578746,0,0
2050,0.544539324007928,1.51112229037415,1,0,-0.162169088507907,0,0
2051,0.750679942403741,0.92074499485353,1,1,-0.048953636440939,1,0
2052,0.114264308940619,0.47898318173639,1,1,-1.11400762516503,1,0
2053,1.00913810695374,1.24250722366355,1,1,-0.296259356712573,1,0
2054,0.63067647043784,1.52160658501089,0,1,0.44561877389263,1,1
2055,0.0578511996608403,1.2586281910733,1,1,1.17273051796743,1,1
2056,0.0883347910712473,1.46431668218169,1,1,-2.28744288665585,1,0
2057,0.667773357592523,0.753912432989227,1,0,-0.494695229946753,0,0
2058,0.121762858703732,0.547546555009699,1,0,0.399254867059294,0,1
2059,0.144926953362301,1.06306119806177,1,1,0.994199155451218,1,1
2060,0.143771918030915,0.39005123794791,1,0,-0.254996995095103,0,0
2061,0.20643596741138,0.337973634233505,1,1,0.177615610457261,1,1
2062,0.0122519580985141,0.452210538503914,1,1,0.0681826757967488,1,1
2063,0.751383586786687,2.05409153904765,2,0,-1.36947011490101,0,0
2064,0.261335845571011,0.561303836907525,2,1,0.740385075778535,1,1
2065,0.426029402005952,1.16597052581484,1,1,-0.938445799275232,1,0
2066,0.03600156866014,0.425590262930558,1,0,0.977528046768657,0,1
2067,0.112093334086239,1.10634751081618,1,0,0.453366584823907,0,1
2068,3.58672319335823,6,0,0,-0.143752013542495,0,0
2069,0.254890834912658,2.68203831675067,1,1,-0.00855990617847267,1,0
2070,1.20852714166382,2.13400281752082,1,1,0.951882762639442,1,1
2071,0.561370620244935,1.59467821049319,2,1,0.221489889479704,1,1
2072,0.100215841666795,0.244603258450179,1,1,-0.869460794892947,1,0
2073,0.666247499149114,0.716757503562514,1,1,-0.537151486204647,1,0
2074,0.1625912374584,1.51988908344017,1,1,-1.82778913475218,1,0
2075,0.265074971343985,0.844408910503896,2,0,2.37426282508387,0,1
2076,0.622251265423194,0.785593672610306,1,1,0.239458682140666,1,1
2077,0.925844181329012,3.65117368243666,2,0,0.381728115621281,0,1
2078,0.263993224101142,0.298793326475735,1,1,-0.915972074208171,1,0
2079,0.0270952851860784,1.2904294051648,1,1,-0.706728793728267,1,0
2080,0.128956509870477,2.49937225311743,1,1,0.78571350658189,1,1
2081,1.00981039339082,4.00707905815569,2,1,0.43561229083692,1,1
2082,0.273925015353598,1.14108752771512,1,1,-0.473239381458273,1,0
2083,0.692570550573811,1.26510951032005,1,1,-2.0819782319087,1,0
2084,0.566737219691277,6,0,0,-1.73921873818529,0,0
2085,0.308064172975719,0.347056187349162,1,0,-0.586936844191784,0,0
2086,0.177142377478885,2.30988183954187,1,1,0.0314228164967583,1,1
2087,0.0740749889519066,0.204635208675931,2,1,1.29593955609096,1,1
2088,0.737519676797092,1.8756673652991,2,0,-0.459701962395093,0,0
2089,0.30104423686862,1.36671280302034,1,0,-1.16423691836064,0,0
2090,0.0735405300523729,0.423654104829411,0,1,-0.594704709644832,1,0
2091,0.241978346020915,0.349476393581951,1,1,-0.200587172086357,1,0
2092,0.329903466044925,1.02319045233807,2,1,0.696039033676155,1,1
2093,0.431771233677864,0.468114075544714,1,0,-2.82699980109447,0,0
2094,0.00107444450259209,0.125445427878026,1,0,0.713864347477107,0,1
2095,0.758386941716828,2.77674074845189,1,1,-0.662999412417618,1,0
2096,0.191545595007483,4.65885877379568,2,1,-0.2229955496848,1,0
2097,0.142612518684473,0.275189994052533,2,1,1.73995153521498,1,1
2098,0.200071511608127,0.446726008241735,1,1,-1.09064252573746,1,0
2099,0.198402832175121,0.318608925634927,1,0,-0.787366798253974,0,0
2100,0.859955159947276,3.1020422739995,2,0,1.3971843179058,0,1
2101,0.554336431436241,0.8115519541352,1,0,-0.112186112103487,0,0
2102,0.0114728207699955,0.0742646624714074,1,1,-0.259410967972531,1,0
2103,0.725933060050011,0.908549345911772,2,0,0.569181575175746,0,1
2104,0.0900231851331648,0.324994744280572,1,1,0.436382494374393,1,1
2105,0.074676890466755,0.406801328570369,1,1,-0.748751883384657,1,0
2106,0.382870805449784,5.75404902892121,0,0,-0.445732970784386,0,0
2107,0.450233058046371,0.725227917234103,0,1,0.489084497960526,1,1
2108,0.0520613600383513,0.247538199295811,0,1,-0.749802131593239,1,0
2109,0.352418161637615,1.8594631514137,2,1,0.275888373934771,1,1
2110,0.876858589419738,1.1488086644125,1,1,0.487991010099385,1,1
2111,0.424645020975731,2.35254287043713,2,1,-0.863651782838301,1,0
2112,0.106835519359223,0.732397653302068,0,0,-0.639073802055825,0,0
2113,0.00879752158652991,0.829603075047586,1,1,-1.04348550585381,1,0
2114,0.312457088730298,1.65659261350531,0,1,-1.41605156813215,1,0
2115,0.872853479348123,1.9632725076129,0,0,-0.0703176445758597,0,0
2116,0.140193889674265,0.841591366475038,1,1,-0.961468617478299,1,0
2117,0.206045310769696,0.215897461664613,1,1,0.15452354390068,1,1
2118,0.528855236247182,2.34096588983109,2,0,0.505407851683277,0,1
2119,0.168077351525426,0.318098898044368,1,0,-1.73238707153859,0,0
2120,0.582002469428636,2.71733553752664,1,1,-0.8491870851085,1,0
2121,0.695780651850447,1.2671458887904,1,1,-1.6178039297679,1,0
2122,0.0834678104729392,0.724374587028241,1,1,0.306417412254973,1,1
2123,0.477816384426474,1.06772605640193,0,1,-1.17458997279535,1,0
2124,0.294217990711331,2.20773516947638,2,0,1.40016046277604,0,1
2125,3.16337507194313,3.42416811385841,1,0,-1.86220008303619,0,0
2126,0.177010878978763,2.23415378215088,2,1,0.236428875291998,1,1
2127,0.297308047009382,0.766325937143221,1,1,0.721152055408244,1,1
2128,0.576466169208288,1.38277393765748,0,0,0.00164999859859427,0,1
2129,0.250877485086676,0.560197439710102,2,1,-0.312813569175303,1,0
2130,0.188303281029221,0.237285867267638,1,1,-0.457678021231787,1,0
2131,0.571476098822251,0.977538403674296,1,1,0.545605384147131,1,1
2132,0.460057496093214,2.18454215536596,2,0,0.623536162125512,0,1
2133,0.167897881815172,0.274052027552022,1,1,-0.913881474161518,1,0
2134,1.48605149439828,3.02073076677819,0,0,0.151206784175196,0,1
2135,1.390305885998,2.83410268944836,2,0,-0.877414330654832,0,0
2136,0.799696007135146,1.4302061924345,1,1,1.06962065024333,1,1
2137,0.787247931584716,1.55445722242196,0,0,0.275771102232865,0,1
2138,0.506687910548,1.56111014121479,1,1,0.00493262014144648,1,1
2139,0.486193589416782,1.05957575799887,2,1,-0.0269979961864565,1,0
2140,0.325694265775383,1.96654456477452,2,0,1.29674279489042,0,1
2141,0.0615406930480424,0.789095511039098,0,1,0.580542486836961,1,1
2142,0.24595654103905,0.583430697557891,2,1,2.07042023331066,1,1
2143,0.431760512664544,0.878690346062752,1,0,1.02652949550326,0,1
2144,0.658372363075614,0.755218661986555,2,0,1.05769307424839,0,1
2145,0.685048041606143,0.721792913973331,0,1,0.375146131976738,1,1
2146,2.25809806204381,3.23236863564781,1,0,0.420299513210049,0,1
2147,1.13939834106714,1.25095187330107,1,0,0.413664078395615,0,1
2148,0.0204005430100073,0.640120232759039,2,1,1.52730977659212,1,1
2149,0.465060625225306,0.491965195784966,0,0,1.07895800650813,0,1
2150,0.601662681306927,2.93055587628805,0,0,-1.35277201472519,0,0
2151,0.00411873043049127,0.314298841848993,0,1,-0.158415154730194,1,0
2152,0.301043638901319,4.61454644266162,1,1,-1.26294829287792,1,0
2153,0.611428773030639,1.15845254746056,2,0,-0.527000162479494,0,0
2154,0.675459000452487,1.45391556947185,2,0,1.15792967094633,0,1
2155,0.102810454845894,0.222399148048247,2,1,2.4612973568629,1,1
2156,0.306800251710229,0.437155200921688,0,1,-0.321270359237074,1,0
2157,0.624816579158456,1.25602095645237,2,0,1.71364735773596,0,1
2158,0.00753587555951401,0.47014883244201,1,1,-1.06119115119641,1,0
2159,0.958971718096354,1.38364793508526,2,0,1.97408269985111,0,1
2160,0.287440352258272,0.627748378153818,1,1,0.451130358488011,1,1
2161,0.219173132500146,1.08377761765293,1,1,2.13553269134125,1,1
2162,0.469789668917656,1.26097579728593,1,0,-0.0425948411791377,0,0
2163,0.336512896465138,0.884244416466872,1,1,-0.180396774083216,1,0
2164,0.480962316479355,1.27327134107467,2,1,0.864043325422526,1,1
2165,0.310727712636151,1.27126778103786,1,0,-0.368774425347745,0,0
2166,0.288731430657208,0.948229485922713,1,0,1.06360519077055,0,1
2167,0.712668401189148,2.8545712658303,2,0,-0.388198283025655,0,0
2168,0.506839860621843,0.741666035142206,1,1,0.898941025372438,1,1
2169,0.07497489393662,3.02291342367729,0,0,0.419910079974181,0,1
2170,0.00295177102088928,3.24203614768507,2,0,-0.313425358953825,0,0
2171,0.534117615871884,1.06416340463248,1,1,0.000845032979855842,1,1
2172,1.16434202382913,2.71478756754159,2,1,0.609811159691102,1,1
2173,0.786956042982638,0.836415199198308,2,0,-0.629976784464538,0,0
2174,0.176961470033118,1.9208464299027,1,1,0.225655925627101,1,1
2175,0.255513574364836,0.940387779890286,1,1,-1.01013716859199,1,0
2176,0.796870671212673,3.03842884089851,1,0,-1.30293980709234,0,0
2177,0.461821899313583,1.68608103162478,1,1,-0.264307168557256,1,0
2178,0.310899138276,0.372128905748338,2,1,1.06029375542665,1,1
2179,0.120575541149999,1.42977181877118,1,0,-0.182973708369448,0,0
2180,0.856810501776636,1.12147516914389,1,0,0.226076611978216,0,1
2181,0.68699269666484,0.783126331249836,1,1,1.39096630574256,1,1
2182,0.937834250740707,1.72293695840845,1,0,-2.16510556481886,0,0
2183,0.147908598807427,0.648795145267849,2,1,1.9373539102684,1,1
2184,0.146322848449927,1.04232030610243,0,1,0.180229949035278,1,1
2185,0.0847565685739039,1.9400896924774,1,1,-0.617744803155462,1,0
2186,0.417090895585716,0.636935970577589,2,0,-0.602453996091983,0,0
2187,0.376994632184505,3.79523218649105,1,0,0.774355344583492,0,1
2188,0.177874578221235,1.5191257661906,2,1,-0.422525113795462,1,0
2189,0.392310273018666,2.51460600730759,1,1,0.797560011699045,1,1
2190,0.0284158071470831,0.15719467262202,1,0,0.731909869353078,0,1
2191,0.214458419359289,0.630192862922333,2,1,1.02725523376444,1,1
2192,0.274356352165341,0.332226197545727,0,0,0.775583619838843,0,1
2193,0.0852766740717925,0.977139116367687,1,1,-2.47203556218597,1,0
2194,0.506450479807478,0.851806006989538,1,1,0.298426281207703,1,1
2195,0.069623852517439,0.897249453712967,2,1,0.53132947365941,1,1
2196,1.02482365089805,1.12171567045152,0,1,0.429703515461556,1,1
2197,0.886527025140822,4.28498245319724,1,0,0.757063928381844,0,1
2198,0.0314275981509127,4.10717903781365,1,1,-0.515300667312651,1,0
2199,0.0257827814743441,0.213307634673362,0,1,0.497896612341318,1,1
2200,0.185799257014878,0.635128018213878,2,1,1.54816922699985,1,1
2201,0.634554336757427,0.925933855102047,1,1,0.110862317176601,1,1
2202,0.339043761196081,2.85635003184741,1,1,0.212041897904293,1,1
2203,0.196558561791843,0.207312872642441,1,1,-0.3609019748503,1,0
2204,1.01818862133065,2.57748455760019,1,1,1.1930196601685,1,1
2205,0.14383830683073,1.83934675307842,1,1,-0.350935980623715,1,0
2206,0.293664679226592,0.358522312612701,1,0,0.054836248713035,0,1
2207,0.487535167485476,0.705005852316154,1,0,-0.375621127763756,0,0
2208,0.805419840778758,1.05170666525421,1,1,-1.40295711736407,1,0
2209,0.417475310678128,0.528039264803131,0,1,-0.825118850614563,1,0
2210,0.511987502078347,0.895623187891342,1,1,0.622647032874533,1,1
2211,0.0772337035425215,3.1676104410045,1,1,0.653347650605379,1,1
2212,0.0421649733859624,0.696861065970652,1,0,0.471082087091862,0,1
2213,0.693231205485422,1.55187816234548,1,0,-0.614831088616235,0,0
2214,0.421190635301173,1.4711165268131,2,0,0.0515686949353859,0,1
2215,0.324350109323859,0.493430621382829,2,0,0.429245386770533,0,1
2216,0.821588606896632,2.02764732214369,1,1,-0.0595783027366222,1,0
2217,0.506322114352889,0.907827149382424,1,1,-1.06627506929772,1,0
2218,0.074691598303616,0.159927020819956,1,0,0.622995834324497,0,1
2219,0.715834918431938,1.00512319970717,1,0,-0.641878434184471,0,0
2220,0.000276195933111012,0.0459435716690444,1,1,-0.744865336313673,1,0
2221,0.291565361840185,0.411417040096918,1,1,-0.347555711685787,1,0
2222,0.351351316363964,6,0,0,-0.220439510650411,0,0
2223,0.358391601184849,1.19363380992835,1,1,-0.44491338621232,1,0
2224,6.8012741394341e-06,0.666426724697515,0,1,-1.15008354536313,1,0
2225,0.623426585282409,4.76315011235278,2,0,2.08067963797732,0,1
2226,0.962233744561672,1.06626666069525,2,0,0.85102990369692,0,1
2227,0.43427494406697,1.09365574678219,1,1,-0.213033210001865,1,0
2228,0.0635804401827045,1.1156155863571,1,1,0.680735633741794,1,1
2229,2.14945477611365,3.82320347178047,2,0,1.5064566656945,0,1
2230,0.0554866244783625,0.798153885877614,1,1,0.138318562473697,1,1
2231,0.306711134500802,0.732213498356893,2,0,-0.416732048820648,0,0
2232,0.0176793558489886,0.647348380439475,1,0,-0.975736814880864,0,0
2233,0.564730541730286,1.57740904894924,1,1,-1.77164831639539,1,0
2234,0.00468165993429685,1.45643820974607,1,1,-0.497042308829486,1,0
2235,0.452796499236949,1.52023584381235,1,1,1.86214395063237,1,1
2236,0.474584493177764,1.37260295351272,2,1,0.418802264768432,1,1
2237,0.212688094831098,0.302613420678041,1,1,1.07517565831885,1,1
2238,0.374696776561905,1.18640569700411,1,1,-0.176862872609392,1,0
2239,0.702582613565028,1.53221419040188,1,0,-1.06342292691466,0,0
2240,0.125157929956913,2.91985816943149,0,0,-1.75545195421833,0,0
2241,0.104627844877541,0.757104529482185,1,0,-1.20633535932612,0,0
2242,0.0616026969072376,0.307441190958637,1,1,-1.15420198970079,1,0
2243,0.329572525507135,1.52215345899783,2,0,0.966026761036181,0,1
2244,0.102873602882028,0.432544023937556,2,0,-0.651250336263887,0,0
2245,1.62156960569827,1.71641277101843,1,1,1.01267248841265,1,1
2246,0.0595621801912785,0.983556306707799,1,0,0.479660270316678,0,1
2247,1.05845376135451,1.27428476553394,2,0,1.35441321236942,0,1
2248,0.942507262746058,2.02221384163675,2,0,0.737288672460796,0,1
2249,0.336350555880927,1.75213353397946,0,1,0.136265940202556,1,1
2250,2.11786464593353,2.15019565951971,2,0,0.147271900315794,0,1
2251,0.077391192317009,1.26318880186435,1,1,0.296177193316813,1,1
2252,0.42058246297529,0.750304393500473,1,1,-0.0599251341245255,1,0
2253,0.58284579723498,1.15044789135674,1,0,0.25404710569189,0,1
2254,0.762726096992202,0.870340986728261,1,1,-0.536280659592515,1,0
2255,0.363207703456283,0.667796994847554,2,0,0.694001278374064,0,1
2256,0.0260077920393087,0.844805977416289,1,1,0.165006691260749,1,1
2257,0.798549163711079,1.97932991952773,1,1,-0.4686383775899,1,0
2258,0.283606513985433,0.939754690779064,1,1,-1.69014811902124,1,0
2259,0.819110304145726,1.82473587092795,2,0,0.721470292672967,0,1
2260,0.264959180203732,0.314324178237305,1,1,0.880289373646475,1,1
2261,0.0122031089267693,2.49617906852553,1,1,-1.23922220162494,1,0
2262,0.100447089411318,0.594237826195871,2,0,0.716096716382469,0,1
2263,0.102794708684087,1.41407422645205,1,0,0.906276784100806,0,1
2264,0.335301237180829,4.70525023891957,1,0,-0.882673431709336,0,0
2265,0.0527057964354753,0.80633289177214,2,0,-0.358085916420214,0,0
2266,0.0723862044617341,2.38013777491832,1,1,-0.511839229628857,1,0
2267,1.37802850361913,2.03928173146873,2,0,0.603937996342727,0,1
2268,1.32783780681475,1.78923114246155,0,1,0.162436814333494,1,1
2269,0.062133964675013,0.215508956114152,1,1,-2.99462961051662,1,0
2270,0.48492619958505,0.763864489279593,1,1,-2.14015907676576,1,0
2271,0.11146701528928,0.446970002743457,2,0,0.191292425144688,0,1
2272,0.758848232662111,1.03811780611674,0,0,1.42644303264215,0,1
2273,0.429735836223699,2.13203306445229,1,1,0.477844931204601,1,1
2274,0.0370515344548039,0.350779484761244,1,1,-2.01885842900374,1,0
2275,0.0947056980803609,0.674343040833871,0,0,1.45278473467992,0,1
2276,1.4759526028389,1.78202644420015,1,0,-0.375051524521631,0,0
2277,0.406577909307089,0.790406057707022,2,1,0.362834676170369,1,1
2278,0.380625573918223,0.674990651508172,0,0,-0.0223400625280531,0,0
2279,0.0506344872402088,0.0582318085542454,1,0,-0.926828398249143,0,0
2280,0.366117417044655,0.916472353662054,0,1,-0.366212466762113,1,0
2281,0.332455313764513,0.988741047224407,2,0,1.33414175085273,0,1
2282,0.763651746066109,1.43241889181632,1,1,0.200389484870638,1,1
2283,0.946574804373085,2.23865349729628,1,0,0.467573073434014,0,1
2284,0.650961584152475,0.94510399844576,2,1,-0.382983766242434,1,0
2285,0.195369778091602,1.34391029762197,1,0,-1.27908127813657,0,0
2286,0.390140225645155,0.458930166486856,1,1,1.59569654412944,1,1
2287,0.792033112607896,1.40497922574272,1,0,-1.40097959893738,0,0
2288,0.00282738007446877,0.497515626872579,0,1,-1.49226313649426,1,0
2289,0.279684775364449,0.434672939587616,1,1,0.357391302862991,1,1
2290,0.0968958556768484,0.195195957562969,2,1,0.74606707433594,1,1
2291,1.55311541274695,1.73585756684774,2,1,-0.398918423490555,1,0
2292,0.0294193816401076,0.0367014375077688,1,1,-1.42611704489653,1,0
2293,0.50115485302241,1.04830622941457,1,1,-0.0438658680585897,1,0
2294,0.580027225051828,0.935717915694191,1,1,-1.69714273066887,1,0
2295,0.470330654035144,4.0457162338231,1,1,-1.06650465088702,1,0
2296,0.152308591932524,0.518226434004577,2,1,0.593218392042885,1,1
2297,0.178163718683851,0.975895716498296,0,0,-0.389768736163273,0,0
2298,0.669936560202936,1.73882349721818,2,1,-0.588232949885635,1,0
2299,0.0608730064782705,0.208342526958723,1,1,-1.10427141930723,1,0
2300,0.417221589304972,0.460071974220954,1,1,-0.8111262882485,1,0
2301,0.684118748732664,2.9287766477517,1,1,-0.0438634359917528,1,0
2302,0.343849087948911,0.360499761095554,2,1,1.65058382108761,1,1
2303,0.13314876385266,0.375616385391441,1,1,-0.424099863066082,1,0
2304,0.19027951057069,1.463731448986,1,1,0.554617601578926,1,1
2305,0.0827526475768536,0.824094147307169,2,1,0.301213413070975,1,1
2306,0.593994720886423,0.995300789678791,1,0,-1.15206731599635,0,0
2307,0.592988380682812,1.93527567600608,1,0,-0.383133027136958,0,0
2308,0.327390337362885,0.616715940759574,1,0,-2.95907376812317,0,0
2309,0.682101311950766,2.27329550409986,1,1,-1.78013781081477,1,0
2310,0.0331966255907901,0.59224186902655,2,1,-0.956186546365159,1,0
2311,0.793143308852077,0.905393147841096,0,1,0.517982118697473,1,1
2312,0.0409288954688236,0.161490958426421,1,1,0.557075502089512,1,1
2313,0.000540236942470074,0.993623619623795,1,1,0.00146132239631061,1,1
2314,0.261890344554558,0.689707817495607,1,1,-0.183064878195956,1,0
2315,1.02118951454759,1.27102799021367,1,0,0.285768132249356,0,1
2316,0.30745477322489,1.31403130473462,1,0,-0.136861552811721,0,0
2317,0.475451088833444,0.601399739079088,1,1,1.11047033257121,1,1
2318,0.324364714324474,1.3463263772428,0,1,-0.395397227375608,1,0
2319,1.38346562255174,2.06616915478655,2,0,-0.402857351586623,0,0
2320,0.266909758560359,1.51002521336977,1,0,0.161112366960575,0,1
2321,1.12837943527848,2.30898421290225,1,0,-0.0094834298445824,0,0
2322,0.454666675624259,1.86405054838784,1,1,1.10570984101394,1,1
2323,0.00447172817075625,1.35876844984543,1,1,-2.1299943310912,1,0
2324,0.388622099528172,0.607152636550445,1,0,-1.68732176071095,0,0
2325,0.181096365267877,0.500130074841015,1,1,-2.00992974346258,1,0
2326,0.0994171714410186,2.96215777003471,2,1,0.0571101058973958,1,1
2327,0.50242311376781,0.572650631933235,2,1,0.521426274696633,1,1
2328,2.10843369354236,2.15705895277514,2,1,-0.677988354294398,1,0
2329,1.07825216371566,2.23396567503989,2,0,0.301814332846016,0,1
2330,0.797150322046018,1.10834270361789,1,1,0.377904792217032,1,1
2331,0.048976760590449,0.578541767301933,1,1,0.59634615809005,1,1
2332,0.772417877800763,1.29576397438844,0,0,-0.285789102352547,0,0
2333,0.256561260991559,0.953595283555317,2,1,-0.157813415087579,1,0
2334,1.37877007946372,2.81293484673482,2,0,-0.132875276217414,0,0
2335,0.781338551288292,0.873373534818868,2,1,-0.391010969587062,1,0
2336,3.72745608149057,6,0,0,-1.81691963397595,0,0
2337,0.0311633181991056,0.495169638793695,1,1,1.14958825172267,1,1
2338,0.365396093111485,0.854433545533789,1,1,-2.02498995769121,1,0
2339,0.644901819527149,0.800394067532207,0,0,0.268433248257189,0,1
2340,0.0718595780199394,1.54334603187939,0,1,-0.874063658517254,1,0
2341,0.084813914145343,1.72137586952806,2,1,1.37180197717509,1,1
2342,0.0674788476899266,0.393887689755662,1,0,-0.237115979636312,0,0
2343,0.245052384561859,2.41884911630461,1,1,0.251192580471111,1,1
2344,0.0842817649900536,0.355063933602878,2,1,-0.0272374900983921,1,0
2345,0.0339244215865619,0.375890525483471,1,1,-1.10127154301462,1,0
2346,0.31255399171883,2.44571963153215,2,1,-1.69728086225836,1,0
2347,0.00591575615659147,1.77508958227789,1,1,-1.30426437707551,1,0
2348,0.0406946244766004,3.3102056030322,1,1,0.517240660481942,1,1
2349,0.131265230700793,0.748372431472661,1,1,0.381736217870518,1,1
2350,1.48601878405767,1.8288660235703,0,0,-1.24053766255144,0,0
2351,0.0630148090422153,0.219305501582908,1,0,0.482910895322242,0,1
2352,0.577445410282172,1.05375989029805,0,1,1.06556130844454,1,1
2353,0.294805580633692,1.2767861009312,2,1,2.78190336178251,1,1
2354,0.434214795641342,0.5796134849397,2,1,2.68220778598738,1,1
2355,0.766505747102201,1.06027466472152,2,0,-0.0497151845558348,0,0
2356,0.177000859112013,0.936935871498435,2,1,0.547167354789551,1,1
2357,0.535653890110552,0.725161537863841,1,0,1.16621666502644,0,1
2358,0.328027759865922,2.76328127831221,0,1,0.892679214712898,1,1
2359,1.146750732971,1.35126609065288,1,1,-0.318508604979739,1,0
2360,0.807164553552866,1.99336889242251,2,0,0.914518177964256,0,1
2361,0.176694503752515,1.61903460615865,2,1,0.104686492327808,1,1
2362,0.629008983261883,1.59150031913028,1,0,-1.26085186711332,0,0
2363,0.0606724343618097,0.641640062228096,2,1,1.91760876109996,1,1
2364,0.0071273377398029,1.1246185146409,1,1,0.443519002340595,1,1
2365,0.00288841622343594,0.103601508439213,2,1,0.751470915814579,1,1
2366,1.15310165565461,1.56595980332145,1,0,-1.75201367849229,0,0
2367,0.48192287861515,0.93422576790836,1,1,0.092359364894899,1,1
2368,0.642238545732671,0.683918920587786,1,1,-0.686373120583678,1,0
2369,0.451756727971889,1.58361700154817,1,1,-0.638555573924961,1,0
2370,0.253454472112935,2.00121161070511,2,1,0.584225588684266,1,1
2371,0.129283584338963,0.389256629653713,1,0,0.95942054242503,0,1
2372,0.299749817757201,6,0,1,-0.501432990561668,1,0
2373,0.279672385465985,1.45652593986462,2,1,0.597141300548281,1,1
2374,0.559744344577446,0.635200960165626,1,1,-1.09230798087351,1,0
2375,0.0604245706277788,0.092620486140732,1,1,-2.03744578307322,1,0
2376,0.343347256071866,1.37800538858615,2,0,1.97994184716446,0,1
2377,0.0360468222061172,0.0706384386164031,1,1,-1.65584350121089,1,0
2378,2.24889435269596,3.34245135693531,1,1,2.32456976904761,1,1
2379,0.0916776489466429,0.44947326968983,2,0,1.46886266902004,0,1
2380,0.050215503142681,0.715136294751739,1,1,-0.218620479095988,1,0
2381,0.333496825187467,0.591980849418507,1,1,0.954436369088009,1,1
2382,0.164320746436715,0.480124131404748,1,0,-1.72445691428691,0,0
2383,0.0437157821223575,0.150254104880717,0,1,0.223660495933002,1,1
2384,0.238134800456464,3.46853298499738,1,0,-0.44643837188726,0,0
2385,1.33329886663705,2.09053266172608,0,0,-0.0328139716604677,0,0
2386,0.46595388438721,0.804412282092516,2,1,1.35554433456099,1,1
2387,0.281821169890463,1.92975662910899,1,0,-0.0459985356040065,0,0
2388,0.201321907786573,0.502480678705064,1,0,-0.249723257394802,0,0
2389,0.356105102982838,3.0223886395034,1,1,2.84623603344909,1,1
2390,0.779649245642878,0.908521084735791,0,1,-0.160814624336763,1,0
2391,0.630392587706683,1.13908260659905,1,0,0.29102795463874,0,1
2392,3.16739541647916,6,0,0,-0.69894641888052,0,0
2393,0.208862404688261,0.795729643296825,1,1,-0.985808497167947,1,0
2394,0.255185415968299,2.65766862333754,1,0,0.907410301419124,0,1
2395,0.364817418158054,1.87193342174093,0,1,0.51887045140488,1,1
2396,0.186971463502253,0.230305950311463,1,0,0.500742169681319,0,1
2397,0.0580581510439515,0.823052919698676,1,1,1.13078083341661,1,1
2398,0.421047349809669,2.0102886356002,1,1,-0.681171917470044,1,0
2399,1.72459013635798,2.08643713531662,1,1,0.408162796562343,1,1
2400,1.12842937000096,1.50907717527224,2,0,1.83662560773655,0,1
2401,0.182002630026545,0.30261207287884,2,1,0.292268817947896,1,1
2402,0.614783358151846,1.1116465464678,1,1,0.870486712671332,1,1
2403,1.16362327057868,1.21716357615647,2,0,0.177965543588484,0,1
2404,0.0860419770409731,0.605075463874741,1,1,0.563960234509373,1,1
2405,0.471205688081682,1.92016288469257,1,0,-1.16522702810104,0,0
2406,0.0147113855928183,0.0571457120383711,2,0,2.33037867175667,0,1
2407,0.437761958688498,0.646395753905502,1,0,1.00271931279405,0,1
2408,2.78283859772568,2.98889025449786,1,0,1.28354259458435,0,1
2409,0.646606031805277,2.39774975822544,1,0,0.53812888893305,0,1
2410,0.92801552452147,1.90396816911398,1,0,0.600138716926122,0,1
2411,0.0360991349351169,1.68137805750397,1,1,-1.10783150075404,1,0
2412,0.286538591022965,0.508177837476986,1,0,0.263556556111355,0,1
2413,0.00576438374341928,0.637809035863837,1,1,0.382338719569933,1,1
2414,0.0836901539804484,0.392737708222958,1,0,-1.04774702800863,0,0
2415,1.38846587008777,3.8506747285525,0,0,-0.622302981567476,0,0
2416,0.85237430781126,3.29038421051219,2,0,0.548361039929047,0,1
2417,0.00576984509825706,1.75530075716476,0,0,1.48804040283066,0,1
2418,1.28555533238092,2.58685739933288,2,1,0.567276631639868,1,1
2419,0.500147944522843,1.82922394351581,2,1,-0.399198767365723,1,0
2420,0.179684826289304,0.390267449710185,2,1,2.13640287499811,1,1
2421,0.861232128105256,2.14176014431392,1,0,-0.0558118160444151,0,0
2422,0.13861024079992,0.428679593381486,1,1,-0.695800790156499,1,0
2423,0.0540750278209519,0.984088717368631,1,0,-0.849684583726105,0,0
2424,0.239456067793071,3.62371125692359,2,0,-0.214532698546685,0,0
2425,0.0142879663540304,0.0576269574288714,1,1,-0.307006215966077,1,0
2426,0.14635713720453,1.4730312585818,0,0,-0.0415214045956279,0,0
2427,0.0781229900894687,0.120131948265056,1,1,0.0527266951548014,1,1
2428,0.536486741012715,2.95733456301448,1,1,1.19180878413219,1,1
2429,0.642908985726535,1.47791394096567,2,0,1.8973437349646,0,1
2430,0.519579157672644,1.08314651668369,1,1,-0.968029964749873,1,0
2431,0.488914313682681,2.18577652814461,2,1,0.363755257846207,1,1
2432,0.844252089969814,3.0022266270383,2,0,0.687542731578347,0,1
2433,0.0221193785546347,0.0674053460502889,1,1,-0.324932509044968,1,0
2434,1.31102184206247,2.27993817559802,1,0,0.968818622599629,0,1
2435,0.351198514253239,0.889963290211694,1,0,-0.844398694391285,0,0
2436,0.048841422445796,1.66887779571522,1,1,1.73353796822,1,1
2437,0.0925675855251029,0.801439151004295,0,1,0.228695557094603,1,1
2438,0.514027710861348,3.35661549014638,2,1,-0.179946109368159,1,0
2439,0.471266011707485,0.564079960923209,0,0,1.25426296341528,0,1
2440,0.122388485760894,0.209302640203968,1,1,-0.514114963430839,1,0
2441,0.436029238018029,0.725618134089638,1,1,0.113826516691285,1,1
2442,0.0819258479168639,0.911417934420732,1,1,-1.53273898485478,1,0
2443,0.112634084362071,0.299262641402628,1,1,-0.253535506069508,1,0
2444,0.105602668598294,0.184083770339688,0,0,0.188261368036173,0,1
2445,0.185500758215595,2.06434630118878,1,1,-0.854053430226357,1,0
2446,0.458558586559818,0.640411447362173,1,1,1.82426709635873,1,1
2447,0.0159880341379903,0.0936431997762703,1,1,-0.810511769782419,1,0
2448,0.447377088686273,5.34955190164909,1,1,0.587690978346881,1,1
2449,0.140344744722825,0.635899839162674,1,1,0.351458750581028,1,1
2450,0.925668260082603,1.36519530891837,2,0,0.501594350122628,0,1
2451,0.0303774917847477,0.478480742488098,2,1,-1.62409921784156,1,0
2452,0.0687196683202703,0.270236151543553,1,1,-0.965483748324571,1,0
2453,0.0472176319170177,1.55015817018437,1,1,-0.144275481687165,1,0
2454,0.66540265083313,1.06412699685287,1,0,-0.803052294642215,0,0
2455,0.0043330155313015,0.750052191420654,2,0,1.49958345763649,0,1
2456,0.419315107574221,2.65532858383739,2,1,0.0238063584428504,1,1
2457,0.0572614614741336,0.541532010769412,1,1,1.25996042268522,1,1
2458,2.58645463912728,2.67361196118014,1,0,-0.568934056641191,0,0
2459,0.0942882763767464,0.305099590914457,1,1,0.431037421596217,1,1
2460,0.156188719363505,1.52910121887255,2,0,-0.00934480206027795,0,0
2461,0.0327273136626017,0.129814227217035,0,1,0.280029354776244,1,1
2462,0.574562004159026,0.640035103877796,2,1,0.112982032720383,1,1
2463,0.64334991618228,3.73244647157308,1,1,2.22948553685961,1,1
2464,0.112517900764942,2.52244618201481,2,0,-0.879434183426266,0,0
2465,0.00231763441115618,0.562163323550424,1,0,-2.27095867850371,0,0
2466,0.197163350343817,2.69068762438889,2,0,0.400486497937811,0,1
2467,0.0556557440080889,0.915887955196868,1,0,0.0340419109061056,0,1
2468,0.235559753491543,0.623352239386701,1,1,-1.50319550833202,1,0
2469,0.0960070600608615,0.296338582324,2,1,-0.817423651153127,1,0
2470,0.0254425013554282,0.959085119496952,1,1,0.021067374638306,1,1
2471,0.640501285061993,0.670069114179127,0,1,0.301797847614667,1,1
2472,0.0352184068678627,0.0596651484624939,1,1,-0.706479066576972,1,0
2473,0.321274500456639,0.800062170621962,1,1,-1.64515662542768,1,0
2474,0.467089749846429,1.25828012140021,1,1,-0.730877685908375,1,0
2475,0.424454931926448,0.608682500127419,1,1,-0.139018231145136,1,0
2476,0.952787968330085,3.77762515922735,2,0,1.48942494287815,0,1
2477,0.0458180435816757,0.663384919806147,1,1,-0.0271800504755661,1,0
2478,0.0151304175960831,1.16018345005157,1,1,-0.175074548574943,1,0
2479,0.384723566530738,1.52644925440351,0,1,1.19984907579845,1,1
2480,0.441969312934026,2.76759272815447,1,1,1.5045309949172,1,1
2481,1.35855489037931,1.7683599185074,2,0,-0.510057178220294,0,0
2482,0.16518663552152,0.870136311866928,1,0,-0.989650223551285,0,0
2483,0.806435496752903,1.13064951108132,2,1,0.079681574442239,1,1
2484,1.07652214351356,1.92031545254091,0,1,-0.687816773752923,1,0
2485,0.0364210817497224,0.642355953653653,0,1,-0.111387931150904,1,0
2486,0.173164456111499,0.906487885975556,2,1,2.06262801855415,1,1
2487,0.958974559273213,1.32138103118669,1,1,0.746664918594383,1,1
2488,0.557047652080655,1.52398025221994,1,0,0.768701032162902,0,1
2489,0.126017258153297,0.193325316700812,2,1,1.52901018835557,1,1
2490,0.18036104622297,0.323476772574098,1,1,-2.13075899757945,1,0
2491,0.845283689908683,2.23164380838474,0,0,-1.33186746343707,0,0
2492,0.139870571309604,1.26455121444899,2,1,-0.794678122739755,1,0
2493,0.542453200556338,1.38655299408151,0,0,0.33257462311632,0,1
2494,0.50423602665336,1.31264641823802,0,0,0.247994905973079,0,1
2495,0.695279982755064,0.950307740930646,1,0,0.255252664513622,0,1
2496,0.0628490341478027,1.82016482654345,1,1,-0.091087924844672,1,0
2497,0.256049209856428,0.776398342446261,2,1,1.40996240472119,1,1
2498,0.148544706171378,0.463101145754709,1,1,0.3455092934951,1,1
2499,0.00187016761620615,0.949694378106342,2,0,-0.671726951532125,0,0
2500,0.0818995088247239,1.09255440741914,0,1,-0.769988238551315,1,0
2501,0.102308398915429,0.561564161476557,1,1,0.303252308939112,1,1
2502,0.052798574033659,1.22980607624512,1,1,-1.20978630052881,1,0
2503,1.05096149652287,2.58340241697927,0,1,0.926425274734434,1,1
2504,0.0422288980803626,0.254019237324115,1,1,-1.7744028814633,1,0
2505,0.161544897127897,1.34153446360634,1,1,-0.203740632455553,1,0
2506,0.34066755179083,0.457317006921882,1,1,0.701686968402284,1,1
2507,0.317508315783925,3.51870923303068,0,1,-0.319856292996035,1,0
2508,0.0874992105585857,0.812540930525127,1,1,-0.260772151533398,1,0
2509,0.188482306411428,1.90912422693029,1,1,0.065257066261333,1,1
2510,0.465427393960171,1.55331109647697,1,1,0.122085469153505,1,1
2511,0.15619221579982,0.217548038648671,1,1,1.08567634392541,1,1
2512,0.817251458764076,2.07092738895321,1,0,0.264605857377551,0,1
2513,0.0290308753028512,1.21887992334352,1,0,-0.0306913168034199,0,0
2514,0.200501776416786,0.343798886956258,1,1,1.7204904635649,1,1
2515,0.152099023026668,1.99913178963081,1,0,-0.166886955015063,0,0
2516,0.346652267617173,0.806643941642681,2,1,1.49702265379752,1,1
2517,0.474800050305921,0.990218158401994,1,1,0.385933692952371,1,1
2518,0.339906956942286,0.837639932738741,2,1,-0.782652902518642,1,0
2519,0.630287693813443,3.611832926044,1,0,0.227065317335935,0,1
2520,0.859705199810498,0.868241622014294,2,1,-0.341236718852494,1,0
2521,0.0972195971436792,0.483808645907704,2,1,0.80788273805726,1,1
2522,0.582106919583686,3.77349101197191,2,1,-0.402196649103207,1,0
2523,0.532361660008067,0.963746411921544,1,0,-0.659887780646087,0,0
2524,0.659230489034723,1.17410601427158,0,1,-0.191521871086923,1,0
2525,0.434516963988364,0.49582671685306,1,1,-2.07650504597888,1,0
2526,0.0888223616208328,0.841266674542837,2,0,-0.946302993186826,0,0
2527,0.0619207666022703,1.04512212721932,1,1,0.00796374187001467,1,1
2528,1.86320948964896,4.00758675187908,2,0,-0.49751671489471,0,0
2529,0.473206739925939,2.58755542793649,1,1,2.16273726431189,1,1
2530,0.331939526833594,1.3596915781988,2,0,0.25524672758271,0,1
2531,2.68987403056564,3.15474405675322,1,0,0.878791612451746,0,1
2532,0.307692805072293,0.535130879443196,1,1,-1.35133566305887,1,0
2533,0.0131520744631014,0.15431155023258,2,1,1.08003905620521,1,1
2534,0.666874916615717,1.60943585968519,1,1,-0.455604933194322,1,0
2535,0.627867055125535,0.69462538359292,1,0,-1.42502213762611,0,0
2536,0.130827342509292,0.322282061130443,1,1,-0.874258361841069,1,0
2537,0.488358348931007,0.726866285775225,2,1,-0.331625598927904,1,0
2538,0.105621311813593,0.156820614793692,1,1,-0.604000758717209,1,0
2539,0.301469627855666,0.57131352861736,1,1,-0.115907826822038,1,0
2540,0.670679008510401,2.84807581715615,2,0,0.897453351887212,0,1
2541,0.553905908949673,4.25613214120066,2,0,-1.27871182335302,0,0
2542,0.209992918155566,0.840013030629088,2,1,1.2264036529133,1,1
2543,0.0146218095324002,0.523834900020175,1,1,0.672430789796985,1,1
2544,2.23430821160128,2.58456642468223,2,0,-0.200084602767427,0,0
2545,1.8264651102733,2.85412511513913,2,0,-0.000279205117736746,0,0
2546,1.43292199431283,2.48186603216273,2,0,1.74660803102105,0,1
2547,1.29061044566333,2.55232436013611,2,0,-1.3975677065705,0,0
2548,0.213735693832859,3.3941352119138,2,1,-0.0440898714623261,1,0
2549,4.18504547816999,4.64491415771813,2,0,0.042146557953397,0,1
2550,0.762761583771308,0.982386606434981,0,1,0.524522285006909,1,1
2551,1.21261781360954,1.34807455042998,0,0,-1.01843222706506,0,0
2552,0.789699306624381,1.59779775266846,0,0,-0.127435325116923,0,0
2553,0.843617141336955,1.19752670790124,0,1,0.892544807895441,1,1
2554,0.123988056147937,0.586911024077778,1,1,0.0534818122128269,1,1
2555,0.0948212770894302,4.8680572612599,1,0,0.459379512087709,0,1
2556,2.74497931628468,4.08052517787969,2,0,-0.280601870699231,0,0
2557,0.750042694620788,2.80106385943295,1,0,-0.444869135148245,0,0
2558,0.338743573229294,1.23334062532613,0,1,-0.153707983048625,1,0
2559,0.483046124689281,0.587118283698233,1,0,0.62469291922677,0,1
2560,0.294775592919905,0.53827101953348,0,1,1.12855043346414,1,1
2561,0.634190764278173,0.783978039398789,0,0,-0.104829859753153,0,0
2562,0.752007364036337,0.904310308396816,0,1,0.227775568512397,1,1
2563,0.0894858427345753,0.962901273742318,0,0,-1.86330853828411,0,0
2564,0.00881918519735336,1.03221542042425,2,0,1.32138185283337,0,1
2565,0.0637324536219239,1.66159066187313,2,0,1.42316908633174,0,1
2566,0.737097817473114,1.18802256976211,1,0,0.904497391264192,0,1
2567,0.108630129968346,3.50130585827393,1,0,-1.23146189194554,0,0
2568,0.00273415609193348,0.413328089440862,0,0,0.260048049255753,0,1
2569,1.03937680711375,2.24199040172001,0,1,0.306703457650681,1,1
2570,0.00854982587043196,0.395720798580718,1,1,-0.134104816442491,1,0
2571,0.888244154824039,1.63777033798397,0,0,0.0778548260900235,0,1
2572,0.107296296167903,0.290820266686695,2,1,0.823816513890165,1,1
2573,0.237367405556142,1.28997250707148,2,0,0.132512417527157,0,1
2574,0.32804662536364,0.846156627846489,2,1,0.761715187317117,1,1
2575,0.453192773248822,2.75528198384105,2,1,0.703292035471344,1,1
2576,0.00907540670596063,0.680370769962597,2,1,1.9143995270673,1,1
2577,0.107939137175991,1.02472206515413,1,0,-0.196763819988651,0,0
2578,1.65292979023399,1.99103550732053,1,0,-0.104921401840316,0,0
2579,0.347816247376613,0.44156862574988,1,1,-0.23951570663608,1,0
2580,0.595480664169636,2.21526849103716,0,0,0.166504966225821,0,1
2581,0.0157113902969286,0.232108266476695,1,1,-0.967276505409264,1,0
2582,0.326540198177099,0.902130514478632,1,0,-0.697365056386476,0,0
2583,0.34104095096578,1.80707548699515,2,0,0.629137529719423,0,1
2584,1.58632713637896,1.98765994341849,1,0,1.6723840125265,0,1
2585,0.371520894113928,0.879615457578655,2,1,0.528787475433112,1,1
2586,0.146472598426044,0.522057467513129,0,0,-1.42951987039418,0,0
2587,0.368042832997162,0.947320367094832,0,1,-0.280879641158066,1,0
2588,0.00530534322516283,0.72012938407375,1,1,-0.123125211833241,1,0
2589,0.0628479420712588,1.7230731409893,1,1,1.09123641931764,1,1
2590,0.0379361819072287,0.502650698314084,1,1,-2.34253679204679,1,0
2591,0.0218140874058008,3.56016057472919,2,0,-1.36893298475407,0,0
2592,0.290746177197434,1.76439163573679,2,1,0.0603301206761755,1,1
2593,0.705830536872901,0.849558924352462,2,1,1.16788259330943,1,1
2594,0.69570339398627,0.780437723506144,1,1,0.416097771709535,1,1
2595,0.16687290801201,0.469447152003345,1,1,-1.53037842068258,1,0
2596,0.74129306449697,2.551456952,2,1,1.8006711673138,1,1
2597,0.424955442722421,0.927630004653085,2,1,0.0526489409652405,1,1
2598,0.437367422829203,0.699996898371485,1,1,-0.111880937733198,1,0
2599,0.861149910837412,2.850019501956,2,0,1.5894900046521,0,1
2600,0.641481179019258,1.388567805174,1,1,-0.788934533172741,1,0
2601,0.821356342174113,1.00932777406066,2,0,1.09109839940578,0,1
2602,0.095549991237931,0.523009725150075,1,1,-0.987071923640699,1,0
2603,0.0223454907820735,0.043830792479573,1,1,-0.629003809244289,1,0
2604,0.0867840857319766,0.905717169026314,1,0,2.14282175420721,0,1
2605,0.411625925938649,0.45249551929639,1,1,-0.608543164917975,1,0
2606,0.138445516931824,0.568165833085676,1,1,-1.68387146280891,1,0
2607,0.423768020991702,0.538147635293041,1,1,0.90747462135703,1,1
2608,0.575773984180116,0.611551932511461,1,1,-0.393263399810182,1,0
2609,0.0403930945321918,0.36664771478221,2,1,0.853452895364113,1,1
2610,0.146468054736033,0.490968548299275,1,1,1.61805817782743,1,1
2611,0.229988524767368,1.01670552927437,1,0,-1.04564595156163,0,0
2612,0.0571604145807214,0.08008513533014,1,1,-1.48713776890348,1,0
2613,0.211543437617365,0.68512761998679,1,1,-1.14943178480934,1,0
2614,0.0205592497064619,0.121641213169763,2,1,0.461167536983655,1,1
2615,0.994145282258854,2.03238940487305,0,1,0.465528578380941,1,1
2616,0.537633909137117,1.91997294559781,1,1,-0.45529468284953,1,0
2617,0.789214784136795,1.5480355347248,2,1,-0.701276886261678,1,0
2618,0.261554976609345,0.813279959062735,0,0,1.07734821181828,0,1
2619,0.667398729684584,2.39071455500364,1,1,0.791589792875884,1,1
2620,0.343668269633781,0.56604624570593,1,1,0.570378477266206,1,1
2621,0.253018247312866,3.00677427249399,2,1,-0.462426339306527,1,0
2622,0.234127240837552,1.38601905453508,1,1,2.18537470172638,1,1
2623,0.076840439379837,1.33198006078601,0,1,0.107582028566746,1,1
2624,2.128091532653,2.43900506136318,0,0,0.156402039967087,0,1
2625,0.360992604983039,2.66550369485592,1,1,1.92875683288747,1,1
2626,0.136490660568641,1.46410135170575,1,1,0.12649094072201,1,1
2627,0.0399344766628928,2.43913790667468,2,1,-0.0345062576417462,1,0
2628,0.0988357333699241,0.127085769802813,1,1,0.40488705334259,1,1
2629,0.0487650075228885,1.96259641722841,1,1,0.680409097779021,1,1
2630,0.289825773506891,0.848612585480197,2,1,1.38495990836391,1,1
2631,0.214851670898497,1.34596321859054,2,0,-0.155051937370366,0,0
2632,0.0181458122714485,0.161214792638546,1,1,-0.829181344704881,1,0
2633,0.728463290259242,0.918965364820569,1,0,-0.996325511109159,0,0
2634,0.23648562593412,0.689300217545127,1,1,-2.06040115424544,1,0
2635,1.49028043254259,1.50735068445404,0,0,1.45907463997111,0,1
2636,1.12058357446791,1.57544893111768,2,1,0.83934270614114,1,1
2637,0.502550504144102,0.562709686138276,1,1,-0.83994697963746,1,0
2638,0.37828957545571,0.660790429561573,2,1,1.30919773149786,1,1
2639,1.85268444559517,2.4676385809547,2,0,-0.0499301357136045,0,0
2640,0.100301105347783,0.979347389398063,1,1,-0.886476667797745,1,0
2641,0.230269732419401,2.45368885807693,0,1,-0.651222391062556,1,0
2642,0.332253383472562,1.84797780666561,2,0,1.28134352094394,0,1
2643,0.139557298998303,0.368249088778585,0,0,-0.847406272256706,0,0
2644,0.454141596332192,2.15275700259756,2,0,-0.142642316654868,0,0
2645,0.152518413973556,2.19111410867081,1,1,-0.665042987137916,1,0
2646,0.24412973318249,6,0,0,-0.537869739627638,0,0
2647,0.195387417570931,4.29227834131039,2,0,1.36687285455529,0,1
2648,0.132259612370289,0.70724147925871,1,1,-0.916146368530895,1,0
2649,0.230800649199741,1.47656767008205,0,1,0.228945393936037,1,1
2650,0.0242183735950783,0.258108533557494,1,1,0.221639947226732,1,1
2651,0.0989937165286392,1.06928764897733,1,1,0.104384966547753,1,1
2652,0.21846418359155,0.717094963409038,1,1,-0.0887024247821035,1,0
2653,0.325192865566351,1.67268633513818,2,1,0.0913330431928035,1,1
2654,0.956184286571682,2.16125134913358,1,1,0.412248322644782,1,1
2655,0.759596278599318,2.12572064044797,2,0,0.702477574223352,0,1
2656,0.107514116971288,1.44997861413897,0,1,-2.15616104903116,1,0
2657,0.0136406747624278,0.508120170391107,1,0,-0.874101102577033,0,0
2658,0.0605182087467175,1.24900182252345,1,1,-1.32237975842074,1,0
2659,0.115128548932262,0.93265334387929,1,1,0.611646027813382,1,1
2660,0.118091688491404,3.48181177293103,1,1,0.0973394756521343,1,1
2661,0.67139287010935,1.34456070994637,1,1,-0.431441806337396,1,0
2662,0.361094397958368,0.43856854343382,1,1,-0.698200326031663,1,0
2663,0.337589199874588,1.07959994354529,1,0,-1.15972125230063,0,0
2664,0.0158152510994114,1.43352236461911,1,1,-0.185976763834628,1,0
2665,0.208748656033434,0.767681461615202,1,1,-0.342749975465431,1,0
2666,0.170054361924784,0.406461181427681,1,1,0.447181714608405,1,1
2667,0.312207995671893,0.393351726522074,1,1,-0.0151344177733246,1,0
2668,0.0352883161394857,2.43407986832381,1,1,-0.501769196769632,1,0
2669,0.256464809936006,0.964345967048902,1,1,-0.808291971801335,1,0
2670,0.422696866444312,0.593715714879375,2,1,0.662279176141495,1,1
2671,0.200643055140972,0.711381522810103,1,1,-0.610022071998,1,0
2672,0.15505290979956,0.779974653289097,1,1,0.122743597669164,1,1
2673,0.0192985111930392,0.962641433638781,1,1,-0.234161804369783,1,0
2674,0.0811846594435068,1.35918627251779,1,0,-0.27605743330005,0,0
2675,0.371396338875646,0.680075008354869,1,1,-0.107276621681425,1,0
2676,0.349973605945706,1.42101381282083,1,0,-0.126639817834878,0,0
2677,0.585170862587921,0.871444731760502,1,1,-1.28857139912786,1,0
2678,0.372695495607331,0.388524041821559,0,1,-0.522381025680254,1,0
2679,0.598035501872011,2.16152755541422,1,1,0.218568352870913,1,1
2680,0.0287502678137455,2.37347482612075,1,0,-0.73888752950497,0,0
2681,0.515428668819368,2.50078157665337,1,0,-1.55393817144383,0,0
2682,2.15289613968673,3.41241503067969,1,0,-0.359429772876809,0,0
2683,0.223045971652027,0.323438550841182,2,1,-0.0245785645377797,1,0
2684,0.0567096532904543,0.560490148554773,1,1,0.1529236509352,1,1
2685,0.06360706029227,1.85689330332958,1,1,-0.516917531739191,1,0
2686,0.315764532715548,0.589480003019938,1,1,-0.727706974916381,1,0
2687,0.319066809024662,1.27810888032108,1,1,0.413480785365362,1,1
2688,0.751347215630801,3.17342892537047,2,0,0.958384832530275,0,1
2689,0.717044273391366,4.23371785009901,0,0,-1.37144568392598,0,0
2690,0.143675499712117,0.859958439983803,2,1,0.64778476896428,1,1
2691,0.617822612430246,2.66052708927131,1,0,-0.65750728286839,0,0
2692,0.425159510607126,1.51403316065378,2,0,1.89966159535489,0,1
2693,0.0737954331561923,0.590254479743333,1,0,-0.740057954448732,0,0
2694,0.862206132151186,2.3235189531752,2,0,0.248286434387637,0,1
2695,0.526641614735126,0.615515240388972,1,0,0.481833874499947,0,1
2696,0.0969466815766061,1.231138544126,1,1,0.218802740126995,1,1
2697,0.156080428130702,0.168364153015048,1,0,-0.622191419715209,0,0
2698,0.498263791642904,0.527660124905632,2,1,-0.430482388605902,1,0
2699,2.00385031468215,6,0,0,-1.34216197251802,0,0
2700,0.0996914965799078,0.321214284866839,0,1,-0.0994511778446069,1,0
2701,0.0481215681850911,0.137031458348212,1,1,1.1662676755245,1,1
2702,0.223435720836278,1.01510386258726,2,1,0.534525484429407,1,1
2703,1.65567873968723,2.73489869787548,2,0,0.0422451437551233,0,1
2704,0.0209079277853939,3.30307752177086,2,1,-1.09450491255668,1,0
2705,0.763084627079599,1.02345700159669,2,1,-0.73191502810935,1,0
2706,0.280888924919227,0.336489386517897,1,1,1.00068872135661,1,1
2707,0.568477695807815,0.790072353347351,2,0,1.21710400953336,0,1
2708,0.942679019592345,2.9503261858857,2,1,0.0561584546048129,1,1
2709,0.0528110008074791,2.83763096190983,2,0,-1.3619694688149,0,0
2710,1.83950463396473,4.17539116066963,2,0,-0.536006014239421,0,0
2711,0.258124376647174,5.82187231927537,0,0,-1.02410950271505,0,0
2712,0.457061706274917,0.964419966674811,2,1,-0.0548315268145267,1,0
2713,0.0438439565221957,2.27719755842102,1,1,1.64014966751996,1,1
2714,0.150281703681685,0.885639597956274,1,1,-1.39643043430302,1,0
2715,0.437701457180083,1.12967853130679,2,0,-0.325755058293146,0,0
2716,0.0710341554175759,3.03733744541224,1,1,1.47111462407703,1,1
2717,0.329583085047366,3.74412530312431,2,1,-1.02230691175754,1,0
2718,0.474533746114146,0.481921261812275,2,1,-0.621401780285293,1,0
2719,0.0497726210294682,0.066892063926039,1,1,-0.622061800030039,1,0
2720,0.198685341105363,6,0,0,-1.01257895534849,0,0
2721,0.792986501008272,1.67147109182232,2,0,0.599279367628337,0,1
2722,0.499311065263678,0.99994429182575,1,1,-0.651072054186028,1,0
2723,0.510817196319783,1.07401873910997,1,0,-1.62418291268266,0,0
2724,0.0221675002831034,0.452681059724931,1,1,-0.0655299254290163,1,0
2725,1.06120202224702,1.44479304200408,2,0,-0.0313950979267098,0,0
2726,0.618149111370377,1.31660411071646,1,1,-0.706095066265018,1,0
2727,0.0743805467702218,0.613060455829472,1,0,-1.73833204224543,0,0
2728,1.69583455076214,2.1898980567424,1,0,0.157351319757471,0,1
2729,0.62748437281698,1.0060041539146,2,0,-1.50439453166486,0,0
2730,0.376334060565569,2.04686858605691,1,1,1.33045749864185,1,1
2731,0.366985815344378,0.528203145113162,2,1,0.987327792952795,1,1
2732,0.357366771437228,0.36231286348276,2,0,-0.103521839831256,0,0
2733,0.129850245080888,1.81224457386231,1,0,0.821368255027907,0,1
2734,0.103018052875996,0.124766691161933,2,0,1.67368144820838,0,1
2735,0.00931842473083477,0.26903111330984,1,1,-1.07961594784795,1,0
2736,0.292015771381557,1.42531303385519,2,0,-0.181571051142328,0,0
2737,0.104367931373417,0.851764796905947,2,0,0.18804833898548,0,1
2738,0.105292857968295,0.664030105548827,2,0,0.947138194863295,0,1
2739,0.788655316547312,0.85475312999524,1,1,0.391310844102532,1,1
2740,0.355273803024865,1.07963575413101,0,0,0.0187046296481304,0,1
2741,0.920938845516329,2.38556151539941,2,0,-0.297049505670312,0,0
2742,0.517970706570707,2.19572024730345,0,0,-1.92646118862224,0,0
2743,0.638406266771928,0.941169728969751,1,1,-0.0484693145015607,1,0
2744,0.406043948605657,1.51234501951618,1,0,-0.531624543250347,0,0
2745,0.37025563698262,0.559172992622017,1,0,-1.39921399512586,0,0
2746,0.00438011450781923,0.0102834460326758,2,1,1.95305453885114,1,1
2747,0.173530563479289,0.390498951918385,2,1,1.31141488639631,1,1
2748,1.3580047198242,1.97146457401686,1,1,1.03090655865597,1,1
2749,0.499948853783437,0.82731480860563,2,1,0.427061323331587,1,1
2750,0.412560487481793,3.41291912760489,1,0,0.901541306351525,0,1
2751,0.1897475499115,0.849865885914562,1,0,-0.915648882990065,0,0
2752,1.10842397622764,3.10189931060215,1,0,-2.03510535494972,0,0
2753,0.0524068754166365,2.2422894936771,1,0,0.174339383776433,0,1
2754,0.103541360294912,0.304560818563043,1,1,0.544865184913654,1,1
2755,0.253072761406656,1.53044354157839,2,1,1.13523528068305,1,1
2756,0.160347351507761,0.594096196118413,1,1,0.32271184180367,1,1
2757,0.684282658621669,3.74013077057136,2,0,-0.0246094153120214,0,0
2758,0.557525692061235,0.794245117990888,1,1,-1.65668092616518,1,0
2759,0.0490600252524018,1.0959560067737,2,0,1.05659435558105,0,1
2760,0.9491820701683,1.70787552009114,1,1,0.293175351680034,1,1
2761,0.0337744457647204,2.88051058763139,1,0,-1.24735887798007,0,0
2762,0.510074815712869,1.37323741232956,2,0,-0.391454419402647,0,0
2763,0.198492080089636,0.553125803660398,2,1,0.283922079011804,1,1
2764,0.399917087925132,0.625422487686248,1,1,-2.14242801341848,1,0
2765,0.0207604229217395,0.92881341003959,1,1,0.452125988137235,1,1
2766,0.874261692450638,1.08565298493176,2,1,1.03937971558681,1,1
2767,0.116803709441059,1.22438722660335,2,1,-0.419552662035706,1,0
2768,0.854775495218866,1.01303513920086,1,1,-1.92171202722391,1,0
2769,0.809082479216158,2.90117841524382,0,0,-1.46717444210266,0,0
2770,0.13826452603098,0.473167607480136,1,1,-1.58251537246773,1,0
2771,0.0509559350386441,0.535933615156893,1,0,-0.283040779393117,0,0
2772,0.0153427550685592,0.0800245010559021,2,1,1.27575627319877,1,1
2773,0.254511013918091,0.878878769865497,1,1,-0.0286856013471075,1,0
2774,0.609139575945966,1.17438842922987,1,1,-0.369852850597111,1,0
2775,0.113531021074055,0.922110923771611,0,1,-0.143248684490788,1,0
2776,0.103509217404624,0.400267170439929,2,0,1.12841081690051,0,1
2777,3.19047519761316,6,0,0,0.915961366822452,0,1
2778,0.235427793115377,0.722419363879905,2,0,0.249921306914957,0,1
2779,1.99979689893055,2.07999526259483,1,1,-1.35984265541382,1,0
2780,0.159724099794403,0.42527942032874,1,1,0.285259885058172,1,1
2781,0.00990690547041595,0.826954293040566,2,1,0.794020340438452,1,1
2782,0.292822861112654,1.45009461618609,1,0,0.218877415548517,0,1
2783,2.48733858196976,5.49270689335427,2,0,-0.0195105686914487,0,0
2784,0.0671881166946413,2.39891871264917,2,1,1.27597694720678,1,1
2785,0.398010407516267,1.77951721006482,1,1,-0.548259891866699,1,0
2786,0.192424883134663,1.40236018741215,1,1,1.08929815078754,1,1
2787,0.442059581956647,2.53530940643013,1,1,1.1906753174188,1,1
2788,0.79470853085798,1.0911890731876,1,1,-1.78200615852601,1,0
2789,1.26669972389936,1.43485320111116,0,0,0.746435659397408,0,1
2790,0.0254511665552855,0.966190451219419,2,0,0.148675369532303,0,1
2791,0.15980427997171,1.9962883831615,1,1,0.14744236804741,1,1
2792,0.114499947230797,0.141732132229458,1,1,0.804683410613526,1,1
2793,0.698695613461841,1.01566179319219,2,1,-0.0760646333476023,1,0
2794,0.318898159603123,1.44219835971776,2,1,0.0716240169981828,1,1
2795,0.0912334531312808,0.666051503059557,1,1,-0.664950025985715,1,0
2796,0.0666060065850616,0.253925653265393,0,1,0.767318568986875,1,1
2797,0.000860233570414102,1.20478086278978,2,1,0.507707820344033,1,1
2798,0.464304349597611,1.00288707208262,1,1,0.445262128220429,1,1
2799,0.485178788049899,1.25986706631345,1,1,0.564182270943575,1,1
2800,0.147798752500398,0.994119662100006,1,1,0.408459177228519,1,1
2801,0.599775335452306,0.738615034670172,1,0,0.428731330400724,0,1
2802,0.0267040250693821,0.16702247886557,1,1,-0.865063023921184,1,0
2803,0.247901290131267,1.21178759436992,1,1,-0.983378180029675,1,0
2804,0.0416274946179019,0.154437401812622,1,1,-0.462240038386201,1,0
2805,0.049724861735721,2.72921700952183,2,0,-0.191304221763792,0,0
2806,0.0721703599936944,0.994263928204307,1,1,0.990492263008771,1,1
2807,0.0186125890468247,0.652792419640162,1,1,-0.269860443323201,1,0
2808,0.304300825227983,4.44166207402621,1,1,-0.33521406782047,1,0
2809,0.537987333978956,2.20654453735788,2,1,0.560393086571631,1,1
2810,1.96824229311872,2.29066494609025,1,1,-0.135447881113743,1,0
2811,0.158768599245865,0.859089837752916,1,1,1.0037483158993,1,1
2812,0.277085145700504,1.00767579390853,2,1,-0.145199789583219,1,0
2813,0.139467272907495,2.79281086020235,1,0,2.36666656031241,0,1
2814,0.477749138349646,0.685921827380574,1,1,0.641808762589213,1,1
2815,0.401224550167339,0.6752127777903,2,0,2.35674276958294,0,1
2816,0.221226258727256,0.259160995453831,1,1,1.0215972256135,1,1
2817,0.225469214841723,1.00403605739847,1,0,-1.59141170017464,0,0
2818,0.833014016970992,1.53058212990981,2,0,-0.0953197653515197,0,0
2819,0.33044036529608,1.20905996166329,2,0,-0.664276450328673,0,0
2820,0.0898720018449239,0.504735959306011,2,1,1.51294697059046,1,1
2821,0.234877025068272,0.861704245044304,2,1,1.84909734899771,1,1
2822,0.335482844675425,1.46108492029481,1,1,-0.796991465872402,1,0
2823,0.64040513522923,1.71455552621987,1,0,-0.467038992545445,0,0
2824,0.0250291116535664,0.659387879460119,1,0,-0.197034278818432,0,0
2825,0.290352666925173,0.527139746122473,1,1,0.885612964619752,1,1
2826,0.0800431976676919,1.01641945162219,1,1,-0.0768332469578657,1,0
2827,0.329424876719713,0.837436870772251,1,0,-1.82907945340386,0,0
2828,0.0840826742351055,0.607507940226181,1,0,-0.795786530664411,0,0
2829,0.068003355168902,0.240434018491669,1,1,-1.20599521702256,1,0
2830,2.36120003825965,3.426034708225,2,0,0.0364956960941217,0,1
2831,0.206138686276972,2.14944351121946,1,0,-1.08720982728477,0,0
2832,0.239009625220915,0.27707376069827,0,1,-1.33936567566328,1,0
2833,2.00012819088044,6,0,0,-0.964243332113613,0,0
2834,3.95932780934458,4.5213086221022,2,0,-0.820670320396189,0,0
2835,0.115880316880066,0.124540040508178,1,1,-0.869622172761497,1,0
2836,0.668362046591938,4.48917820253877,2,0,-0.0188235867237882,0,0
2837,1.49438034268457,4.39915303862436,2,0,-0.301493784443695,0,0
2838,0.162197515019216,0.990428084472997,2,1,-0.28069245557308,1,0
2839,0.189197233157013,0.976256059057448,2,1,-0.233165195324366,1,0
2840,0.0684807809912702,1.68071102671124,2,0,1.02541987318389,0,1
2841,0.46097212875896,1.43661017781212,1,1,-0.128677920268302,1,0
2842,0.460841654827389,1.79679432605274,1,0,-1.34558196208178,0,0
2843,1.32040301786925,1.36979106503228,0,1,1.17945643517872,1,1
2844,0.304379009467084,1.3607028105603,2,1,0.187699396854729,1,1
2845,0.101492643356323,6,0,0,-0.559078118147774,0,0
2846,0.0144384382292628,0.519446657449974,2,0,0.602653646014743,0,1
2847,1.14067729906516,1.5648897579523,1,1,0.164576794079633,1,1
2848,0.434328647546514,1.00044565571121,1,1,0.717390588719099,1,1
2849,0.513790583129574,1.02739719226669,1,0,2.83684044650911,0,1
2850,0.154430865950417,0.747325656705626,1,1,-1.2226328682594,1,0
2851,1.82089803185269,2.32602875037687,2,0,-0.470152883144131,0,0
2852,1.22961133439094,1.81651012971997,0,0,0.98834534567209,0,1
2853,0.0407355016795918,1.46922934075738,1,1,0.551834284531198,1,1
2854,0.14521537348628,2.08246372879894,1,1,-0.536459888901534,1,0
2855,0.337931116111577,0.888006907964422,1,0,1.07450090633974,0,1
2856,0.0939628045821759,1.10725836125765,1,1,1.18859842523611,1,1
2857,0.159052473027259,0.235459826777234,1,1,-0.173871059770726,1,0
2858,0.0164975054212846,2.88963604718447,0,1,0.6598110285705,1,1
2859,0.0680766817622695,0.208637524123222,1,1,-2.40619249992085,1,0
2860,0.0966181335388683,0.293597366218984,2,1,0.0188355102905805,1,1
2861,0.432346790621523,0.663919473613574,1,1,-0.680555367673839,1,0
2862,0.682395565646522,1.40522169167919,1,1,-0.147905005538746,1,0
2863,0.487327553331852,4.60583539446005,2,0,-0.0109565760276284,0,0
2864,0.929764031845719,2.14609563274026,0,1,-0.225806223669754,1,0
2865,0.263451634673402,1.57103411980408,2,1,0.367930217820464,1,1
2866,0.716415968464509,0.842454592596305,2,1,0.128959812797962,1,1
2867,0.0589511589600268,0.209833162032684,1,0,0.733551799738433,0,1
2868,0.639966554008424,1.2799423200386,0,0,-1.13577396233118,0,0
2869,0.159364017308604,2.80525536348917,1,1,-0.169380633818073,1,0
2870,0.061424502171576,0.44870405147473,0,0,-1.06730385457586,0,0
2871,0.0571629111717359,1.61895386453509,1,1,1.35159970365346,1,1
2872,0.131132356380306,5.75048567470351,2,0,-0.373135016826891,0,0
2873,0.274940486503177,0.430262264688231,2,0,1.14382827165792,0,1
2874,0.902698473289657,1.3895415321949,1,1,0.292736663494496,1,1
2875,0.57056314803612,1.00154198617222,1,1,-0.0833891111719156,1,0
2876,0.595433014069505,2.14577953397704,1,1,0.84068729843533,1,1
2877,1.51603012221439,1.93983634598909,2,1,0.136393326736271,1,1
2878,0.322150893916842,0.905541752177407,1,1,2.83937625689819,1,1
2879,0.30302493396448,0.584415358371995,2,1,1.02185644519344,1,1
2880,0.990079729817808,1.17342716032789,1,0,0.231925853904025,0,1
2881,0.678718358888481,0.706137253275527,1,0,-0.0498482922454431,0,0
2882,0.0183058388221741,1.2788138438132,2,0,1.60902619068307,0,1
2883,0.347678339411929,0.523116739846605,2,0,0.0310045658644195,0,1
2884,0.751940703255874,1.05121122137035,1,0,0.618020133414346,0,1
2885,1.13884905725718,2.02166604349252,2,0,0.273544733700207,0,1
2886,0.0757863660692237,0.390044841161302,1,1,1.00801923021936,1,1
2887,0.26770360881295,1.02886562220409,2,0,-0.033774109427728,0,0
2888,1.96498522524464,2.18038281103135,1,1,0.541708581159801,1,1
2889,0.370729980895157,0.772040351579039,2,0,1.28187797511927,0,1
2890,0.063070988950124,2.99627795194586,0,0,0.49006308565748,0,1
2891,0.368016223335971,2.32201679756213,2,0,0.548832219734593,0,1
2892,1.24301774613559,1.34929371414557,1,0,0.315372589051776,0,1
2893,0.108181510158097,0.325043390443914,2,1,0.227017481576712,1,1
2894,0.0305619006414601,0.900945860433497,1,1,-0.228624886872696,1,0
2895,0.812604933135964,0.875926954178525,1,1,-2.60465586991965,1,0
2896,0.0468723036465235,1.92337848422855,2,1,-0.297247197354277,1,0
2897,0.894297014921904,2.14097186739805,2,0,0.413842970088048,0,1
2898,0.383935975842178,1.13476951657664,1,1,0.278911609024545,1,1
2899,0.514866780432211,1.05735984866529,2,1,-1.23436607474811,1,0
2900,0.821893653566205,1.08078024340359,1,0,-0.769485133079957,0,0
2901,0.0701094139367342,0.553077978239064,2,1,0.896288321293156,1,1
2902,0.211765359854326,0.59961383358423,1,1,0.77879795167005,1,1
2903,0.385791590961162,4.87504838619655,1,1,1.11731959642969,1,1
2904,0.19946783024352,1.19911257552845,2,1,0.0680536056758299,1,1
2905,0.324533392675221,0.840295544474984,1,0,0.186321156196972,0,1
2906,1.03184300288558,5.88036149505501,2,0,-0.802331207095339,0,0
2907,0.622139629907906,2.80275805516496,2,0,-0.0950586775827082,0,0
2908,1.62577895582937,2.51986274974972,1,1,-0.291731247629217,1,0
2909,0.884344472959716,1.18548450934263,2,0,0.357413513656244,0,1
2910,0.106277431768831,0.938984368273325,2,1,1.54856349823278,1,1
2911,0.0745956055470742,0.10607540011047,1,1,-1.1997158847083,1,0
2912,0.333169139921665,0.655364345221182,2,1,0.803926382228018,1,1
2913,2.10522865681889,4.21783805467393,1,0,-0.997830077272457,0,0
2914,0.507775600973338,0.796793400685058,1,1,-0.0292490765920235,1,0
2915,0.28347942821029,1.28167585533578,0,1,-0.51252154037272,1,0
2916,1.45877409369259,1.81470713097043,2,1,-0.677014193917506,1,0
2917,0.50009552216062,1.29466816458986,2,0,1.06764382867233,0,1
2918,0.273046927177347,0.637519280380758,1,1,0.0702433387754589,1,1
2919,0.0891000160481781,2.0132490411254,2,1,0.0263005017427516,1,1
2920,0.413165962090716,0.644144006073475,0,1,0.456816210815561,1,1
2921,1.58953922210766,2.04894424021584,1,1,-0.303048615467826,1,0
2922,0.99669005949387,1.31023198357958,1,1,-0.202698474186507,1,0
2923,0.189276940946002,0.935550006405282,1,1,0.155198840083136,1,1
2924,0.615140584969714,1.30230547317408,2,1,1.17159516224641,1,1
2925,0.720698561519384,1.99820215971939,2,0,-0.101402222586439,0,0
2926,2.32758906475248,2.33961059896308,1,0,-0.235245765976285,0,0
2927,0.442020274905309,1.12483967242893,1,1,-0.388569983021428,1,0
2928,0.0161436514463276,0.375893677133264,1,1,-2.06923149412082,1,0
2929,0.00646268078110487,1.66008901410774,2,0,0.120803027522267,0,1
2930,3.42127899808769,3.79734171467217,2,0,0.00209213427560441,0,1
2931,0.0890421692425218,1.03593299569318,2,1,1.46370334574944,1,1
2932,0.568594428710639,2.57611691579285,2,0,-0.30938654912875,0,0
2933,1.16365234923684,1.19620882245926,1,1,0.314226764267896,1,1
2934,0.00500508880522583,0.431654577866421,1,0,-0.184631775746213,0,0
2935,0.673295297866509,2.02676392243234,1,1,-0.838683128207279,1,0
2936,0.3166667607125,1.33985513166055,0,0,0.0790639212208866,0,1
2937,0.176549136813264,1.14042755619451,1,1,0.852188266352124,1,1
2938,0.102247414712549,1.78858461118481,1,1,2.20487972213351,1,1
2939,0.39295950147789,0.420651690123475,1,1,-1.04024180796084,1,0
2940,0.3137903320021,1.03196968301237,2,1,-0.193414494790758,1,0
2941,0.0723926859791391,0.299259757188499,2,1,2.08714599677174,1,1
2942,0.37440635234816,0.737412476688699,2,1,0.169989538256733,1,1
2943,0.646802060629063,4.43687259157821,2,1,-0.569392661781025,1,0
2944,0.311013868777081,1.18399851619155,0,1,-0.433550350001074,1,0
2945,0.0446735917084657,0.968054605992245,1,0,0.129806706385234,0,1
2946,1.14836904098617,1.8769593271721,1,1,-0.40423289376645,1,0
2947,0.63152832059215,1.24967287282273,1,1,0.416948940003196,1,1
2948,0.524009415879846,0.642726880472816,2,0,0.899918212382398,0,1
2949,0.00970472022891045,0.35588746825528,1,0,0.889968081577517,0,1
2950,0.239709006564226,4.70875507240851,1,1,-0.155846781663413,1,0
2951,0.562502507792607,2.27520695258627,1,1,-0.384155632848668,1,0
2952,1.02311291359365,1.93683104868686,2,0,-0.197458075434132,0,0
2953,0.873687598791578,0.968069829321193,1,0,1.56885250339749,0,1
2954,0.0638637224021234,0.914354069795049,1,1,-1.43345445505664,1,0
2955,0.410509972134605,3.3476091308638,1,1,0.848937989779286,1,1
2956,0.10403432695179,0.215612705719138,1,1,-1.361941735208,1,0
2957,0.0214433114160784,0.953884559679415,2,1,0.576995210451548,1,1
2958,0.671314827166498,1.80855772873634,1,0,-0.387442472367606,0,0
2959,2.37374507226892,2.40613367028044,1,1,-1.14937359310583,1,0
2960,0.136783694704264,0.626755639858775,2,0,-1.01552174004157,0,0
2961,0.00909048627363518,0.762075123017598,1,1,-0.275705612208624,1,0
2962,0.0120390599318879,2.13188891299069,0,1,-0.235923941961886,1,0
2963,0.655420077964664,2.94911224689051,2,0,-0.257008228527922,0,0
2964,0.0987452135000828,0.47358564365153,1,1,-1.0757505379314,1,0
2965,0.372108670417219,0.444435211292868,1,1,0.412657186808137,1,1
2966,0.439683190979296,0.756576967454939,1,1,0.0192440456956149,1,1
2967,0.996013094671071,1.79275620893055,2,0,-0.171897815075604,0,0
2968,0.15658076480031,0.740665236345729,1,0,-2.30398418792462,0,0
2969,0.31806054757908,0.421057195941209,1,1,-0.0275366251742138,1,0
2970,0.0864286040887237,4.11932904082995,1,0,-1.00026154370708,0,0
2971,0.122967704082839,1.7099551773565,2,1,0.29530730066741,1,1
2972,0.687066156905909,1.9102041847483,1,1,0.557611132312838,1,1
2973,0.201252020196989,0.229485078973231,1,1,0.0308033527397518,1,1
2974,0.0101499102266696,2.02225697682917,2,1,0.554586075164848,1,1
2975,0.300459754653275,4.07988666347962,1,1,-1.05262157155568,1,0
2976,0.224838397259819,1.31401832498402,1,1,1.54722445284755,1,1
2977,0.99021262023598,2.04454497935838,2,0,-1.00204958885863,0,0
2978,0.0490992720006034,0.342168879124277,2,1,0.346856496780594,1,1
2979,0.0856107994331978,0.529746729569604,1,1,-0.00733766033172815,1,0
2980,0.301420275945297,2.35575648891408,2,1,1.06293879642712,1,1
2981,0.205413200855373,0.605496158358304,2,1,0.68261779387166,1,1
2982,0.116466304287314,0.51236879080534,0,0,0.732108652659447,0,1
2983,0.113369329774287,0.185855789815318,1,1,-0.56657892971746,1,0
2984,0.513648285284409,2.74975541358193,0,1,0.241668970733052,1,1
2985,0.592449178919196,1.86193318001836,1,0,-0.670476554740573,0,0
2986,1.41685772865059,2.7639094119317,2,0,-0.372807602847368,0,0
2987,0.16642698639771,0.567371839642622,2,1,0.969006765381821,1,1
2988,0.261374999536201,0.399458137837105,2,1,0.768645753246088,1,1
2989,0.377856150269508,0.509608601339225,1,0,-1.18913501348929,0,0
2990,0.124211658227231,0.344858477808425,1,1,-0.841327706577767,1,0
2991,0.831800067797303,5.02221832446357,0,0,-1.92502344867624,0,0
2992,0.0513607276218357,0.391327389123091,1,1,-1.09806464426262,1,0
2993,0.0403288620873354,0.444216747675905,1,1,1.9190187068854,1,1
2994,0.111090162257461,0.417651788513934,1,1,-1.03219856728403,1,0
2995,0.647158043459058,1.86219757083332,2,0,-0.789712498928168,0,0
2996,0.0374615639448166,0.60111460670698,0,0,-0.0629073220245773,0,0
2997,1.11944905482233,1.63218205914487,1,0,-2.45195596353945,0,0
2998,0.523282433860004,1.65343194855438,2,0,0.675033752395779,0,1
2999,0.0597926997579634,1.57589038873916,1,1,1.11966720313453,1,1
3000,0.057182792906471,0.987653829339777,2,1,0.457470383805533,1,1
