"id","L","X","status","z1","z2","cgroup","tgroup"
1,0.468774781326098,3.7336414772746,2,0,0.786029987847958,0,1
2,1.33517871331424,1.92829079709991,1,0,0.0751311645309657,0,1
3,0.289197751085218,0.643450043631453,1,0,-1.2094101691476,0,0
4,0.178094736538505,3.66244849192673,1,0,1.4980128976842,0,1
5,0.101788010215387,0.730273832256595,0,1,-0.474696202851738,1,0
6,1.66058073184433,5.80449295394466,2,0,-1.07806026540958,0,0
7,1.17032478749752,1.74044308733173,2,0,0.471702027510327,0,1
8,0.204750300850307,0.580021773762141,2,0,0.76636598790369,0,1
9,0.53363020296377,0.7067285755267,1,1,-0.200800267675099,1,0
10,0.259403180261617,0.7089251648524,1,0,-0.546784908821085,0,0
11,0.75293388824889,1.99548478492171,1,0,-0.195031360023878,0,0
12,0.0064521854522902,0.146767635109173,1,1,-0.231579325196742,1,0
13,0.168247792753391,0.474349885484926,1,1,-0.0206280658018497,1,0
14,0.00332867071638057,1.36098393852853,1,1,1.20599226271138,1,1
15,0.194030682747564,1.14671516045678,2,0,0.36404361632165,0,1
16,1.00849557313474,1.12495659058228,1,1,0.70440766222816,1,1
17,0.130486691370606,0.326335079436301,1,0,-0.752875671397559,0,0
18,0.486718027852476,3.49886765480649,2,0,0.0590711959345918,0,1
19,0.123105757384942,1.12240575376257,2,1,-0.345916448726417,1,0
20,0.0602036700001918,1.39681582361672,1,1,-0.749064379622707,1,0
21,0.983684746548533,1.89097067630433,1,0,-0.0432435070069383,0,0
22,1.09943468496203,3.04564273006412,1,0,-0.728201627529273,0,0
23,0.703028361313045,1.6868395652866,2,0,-0.0194765979651487,0,0
24,0.466602420757346,1.52640096725362,2,1,1.09174863105247,1,1
25,0.114855867577717,0.840113910446003,1,1,-0.0363521665956905,1,0
26,0.365649129962549,1.00019729746029,1,1,0.471915529703123,1,1
27,0.587101132815525,1.38913793342844,1,1,-1.11756904580237,1,0
28,0.883719851855361,2.36972131074367,1,1,-1.70886995114571,1,0
29,0.166175354272127,1.33819628478858,1,0,-1.20375890925329,0,0
30,0.0447909237796219,0.507907938648235,2,0,-0.0562224738251746,0,0
31,0.118526332294102,0.531591691685888,1,1,-0.697613379129523,1,0
32,0.0513088144163004,0.0784667411464986,1,1,-0.12096894993664,1,0
33,0.628981962191694,1.13503299460897,0,1,1.32677709847935,1,1
34,0.748559835113207,3.62004269949209,2,0,0.52038586457058,0,1
35,0.16750995448092,0.204034527935342,1,1,-0.13127606025456,1,0
36,0.399164737900719,0.455031642247212,1,1,-1.87533224519514,1,0
37,0.499095516253084,0.779681801647083,1,1,-2.01896071263463,1,0
38,0.63479524918069,1.69331183878399,2,1,1.49606865539275,1,1
39,0.102092305711364,3.02245409848789,0,1,-0.314229995702604,1,0
40,0.139931432495359,0.467004720517133,1,1,-0.982731452865644,1,0
41,0.359328758786422,0.835044554525134,1,0,-0.215034377910667,0,0
42,0.0458378528609104,6,0,0,-0.902716947923429,0,0
43,0.151734064565971,0.579591718337178,2,1,-1.18119083723752,1,0
44,4.98594231505818,6,0,0,-1.57945658002579,0,0
45,0.0214477126975057,0.305839072368052,0,1,0.387916368873676,1,1
46,0.379057362675667,1.0131851196848,1,0,-0.766071238265041,0,0
47,0.0399531380389817,0.309207157959256,2,1,1.53024334782704,1,1
48,1.66139523862841,2.6809818020492,2,0,-0.369545814887682,0,0
49,1.02733444608748,1.03217978340884,0,0,-0.512267515551177,0,0
50,0.184357414027941,0.79548067292349,2,0,1.86329429612223,0,1
51,0.0542505206687668,1.52950353705099,2,1,-0.397159692099248,1,0
52,0.4064557880718,2.35632251655441,2,0,0.167347502964932,0,1
53,0.0968320295214653,0.216524521380429,1,1,0.570221306656068,1,1
54,0.593195570955806,1.13371458278308,1,1,0.705927879250202,1,1
55,0.672530219890177,4.53410437330604,0,0,0.285788116059011,0,1
56,0.722647811027065,1.27742022928761,1,1,-0.138215090550081,1,0
57,0.452549613080919,3.25767534670287,0,0,-0.0825347011653829,0,0
58,0.000641747820319843,0.46481096022436,1,1,-0.533318870747899,1,0
59,0.0401635328307748,0.211172810961134,2,0,1.81554196209186,0,1
60,0.288060981780291,0.940606592188356,1,0,0.163803546689373,0,1
61,0.2633051504381,0.290047356696764,1,1,-0.147474927191637,1,0
62,0.518935015425086,1.09420772154853,1,0,-1.55160549951706,0,0
63,0.23902461893158,0.42061101563317,2,1,-0.0482984073904572,1,0
64,1.99141933388057,2.02829719195516,1,0,-0.130882494350021,0,0
65,0.357883964315988,0.376632383230607,1,1,0.00805650201739991,1,1
66,0.229222583070017,0.717234704828008,1,0,-0.821717965178221,0,0
67,1.9268253482038,2.96158310336371,0,0,-0.297396842707378,0,0
68,0.692461125552654,2.95431377979772,2,0,0.967255400225505,0,1
69,0.0461620101123117,0.518622002191066,1,1,-0.499470068126894,1,0
70,0.162772826112171,0.559681223875282,2,1,0.379941565826241,1,1
71,0.0281896747109423,0.212309915614005,2,1,-0.00932024391431729,1,0
72,0.0884569698326382,1.00423592591537,1,1,0.872423833349347,1,1
73,0.784417602672994,1.05439984477328,1,1,-0.738904736463333,1,0
74,0.826116996817291,1.20569099677285,1,0,-1.72290952201657,0,0
75,0.468677480705082,0.482046606961018,1,0,-0.551720866282408,0,0
76,0.159367270747567,0.286529917890827,0,1,-0.0618553577278243,1,0
77,0.109316594917772,0.821667405376953,1,1,0.438705103403074,1,1
78,0.921341809391618,2.55224802861178,1,1,-0.689183169358349,1,0
79,0.137688515750384,1.1391427015547,2,0,-0.402514074740307,0,0
80,0.731413781642914,1.33059406653047,0,0,0.925242943263936,0,1
81,0.42496577516431,0.897502067300888,2,1,0.546355748570394,1,1
82,1.67697436051948,2.5598465620062,1,1,0.863941318179885,1,1
83,1.45287416308167,1.91728678222616,1,0,0.633596557804423,0,1
84,0.0439428893150762,0.781904960781546,2,1,0.684911681477267,1,1
85,0.28012736904202,0.745148082515578,1,1,-1.01667145625555,1,0
86,0.534897436710827,2.47944818767658,1,1,-0.214075381973148,1,0
87,0.0297836158424616,1.68961349924228,1,0,-1.62457192122761,0,0
88,0.445460692836724,0.487845567821154,1,1,-2.21928284932516,1,0
89,0.580965248867869,1.18598215256411,1,0,0.981041538297096,0,1
90,0.429184123931918,1.73460679489267,2,1,0.868047183177096,1,1
91,0.176533758170223,0.880803795105873,2,0,0.682354002272973,0,1
92,2.07410821680653,3.04274993271934,2,1,1.03572197209646,1,1
93,0.230000365991145,0.287967485920568,1,1,1.22177611269811,1,1
94,0.0731810284260435,0.15128600277453,1,1,0.484327701566995,1,1
95,0.0837482564384118,0.158179122954607,0,1,1.83889705881143,1,1
96,0.0197485299366524,0.684338174190782,2,1,-0.213482030678822,1,0
97,0.136899400502443,1.61223476522776,1,0,0.167058037680342,0,1
98,0.0844169443007559,0.255428541436714,1,1,-0.324723524822273,1,0
99,0.170946277868114,0.572581031664286,2,1,0.300797153615348,1,1
100,0.866642759938128,0.993805406709043,1,1,-1.41588065239932,1,0
101,0.218158338975627,0.950911135231466,1,1,0.525485163587946,1,1
102,0.824743271197014,0.867387329307029,1,1,-0.890517639555674,1,0
103,0.247196880518459,0.609236807428561,1,1,-0.0546886571928469,1,0
104,0.210556375959035,1.31293851390016,1,1,-0.13411986847311,1,0
105,0.365528459951747,1.0017322057342,1,1,0.24543688060744,1,1
106,1.18353698164561,1.55316452065531,1,1,-1.16622401416332,1,0
107,0.140576170524582,1.88071070859729,2,1,-0.823912939756866,1,0
108,0.777265417246901,2.81950339272156,2,1,1.42696164230747,1,1
109,0.000278392108157277,1.31087439476287,2,1,0.75998654281914,1,1
110,0.000666750047369795,2.12848131544888,0,0,0.359552902774345,0,1
111,0.976947130635381,1.57682337739814,1,0,-0.299769785115362,0,0
112,0.52157956568976,1.99405098981094,1,1,-0.068971151979118,1,0
113,0.178005864727311,0.585305236636146,1,1,0.755048712493412,1,1
114,0.154930323427001,2.77057745712254,2,0,0.109616155221805,0,1
115,0.0110714400194354,0.993653365092584,1,0,-0.818123056656964,0,0
116,0.655912606976926,3.09510690100787,2,0,-0.972792891303033,0,0
117,0.0360489203012548,1.32899283583852,1,1,0.0186901617430525,1,1
118,0.740489513613284,1.02213264185477,1,0,-1.72542570598895,0,0
119,0.128545661151038,0.221447585506195,1,1,-0.492182156532573,1,0
120,1.28851765394211,1.52411543736211,2,0,-0.0550257618026107,0,0
121,0.424519457854331,1.25381743479541,2,0,-1.08019387856123,0,0
122,0.255757910364388,0.299779421540955,2,0,-1.50753382446379,0,0
123,0.442070074179365,1.11025590408411,1,1,1.57024372597713,1,1
124,0.314150421472732,1.9975715685814,1,1,-0.244227357482346,1,0
125,0.574947476826429,1.02140869728376,2,1,-0.396079491040317,1,0
126,0.294798850299971,0.677166186652604,1,0,-1.17919212975156,0,0
127,1.44068248114547,1.73083329003546,1,0,-1.06097412669241,0,0
128,0.257742694520857,1.86877288855612,0,1,0.272940833413499,1,1
129,0.73813132648059,3.0316938605649,1,1,0.334272699391683,1,1
130,0.63562227701471,1.53067962588779,1,1,-0.690225727605968,1,0
131,1.67398578943269,6,0,0,-2.48960304550368,0,0
132,0.278170515375677,1.52960170525282,2,1,0.103160763421189,1,1
133,0.533956535548895,0.630725391484371,2,0,-0.774900600250337,0,0
134,1.09234173684026,1.20413137189558,2,0,-1.1656804991264,0,0
135,1.56246156090374,3.11392112814398,2,0,-1.39740251835956,0,0
136,0.166467578763392,4.38804091575245,0,1,0.617275587861757,1,1
137,1.09426795039326,2.43130389928721,1,0,0.672317616042548,0,1
138,0.0673254788948716,1.22360878854954,1,1,1.11413205298109,1,1
139,0.0860765953260852,0.255345300208272,1,1,-0.381707479605495,1,0
140,0.265390617423691,1.34236878115166,2,1,0.854976275927462,1,1
141,4.43139424075785,6,0,0,-0.275163890736692,0,0
142,0.590079481985786,1.70904425070044,2,1,0.200132493817549,1,1
143,0.461977035952104,0.879823172189971,2,1,-0.341179741698824,1,0
144,3.80800913630014,6,0,0,-0.731999457095467,0,0
145,0.349164466024376,1.92363657542256,2,1,0.474819604927238,1,1
146,0.488700065401927,1.02264210725178,2,0,0.202592114689625,0,1
147,0.402468786924146,0.599132205624295,1,1,-1.65238074288102,1,0
148,0.298856157454152,2.82897298199641,1,0,0.631313168121221,0,1
149,0.0866798695537741,1.15406102762418,1,1,0.410459151288389,1,1
150,0.0791041675842872,0.764415798087915,0,0,0.0519191227501367,0,1
151,0.225071244058199,0.471293168452642,2,1,-0.189199392496879,1,0
152,1.7101904041225,2.55955334189838,2,0,-0.951239217873234,0,0
153,0.70517897605896,4.06552795435455,2,0,-0.318223962588201,0,0
154,0.698193819262087,5.42875182060287,2,0,-1.12040252809179,0,0
155,0.092274209240969,0.4429657314903,1,1,-0.48352765858696,1,0
156,0.600060965848188,1.49202781350501,1,1,0.914583829413263,1,1
157,0.13516131489002,0.92601469009239,1,1,1.55751944856967,1,1
158,2.63307622625473,3.06011279964477,1,0,-0.716619559651341,0,0
159,0.407144361175597,0.493108896555886,2,0,-0.0925417365152857,0,0
160,0.423361970169935,0.501588288073738,0,1,-0.603985696298583,1,0
161,0.00424854557739187,0.161474387168692,1,0,-0.467568158385844,0,0
162,0.149965206561488,0.246416657859866,1,1,0.237994366585499,1,1
163,0.0396597701505778,1.02355855287834,0,1,-0.871465556103206,1,0
164,0.141184421419767,1.15151317894732,2,1,-0.867371245830012,1,0
165,0.114695954560177,1.75670575971405,0,1,-1.152361027555,1,0
166,0.761890019290149,3.0848191082827,0,0,0.419160004931904,0,1
167,0.098087158743672,0.536419808047617,2,0,0.04639656424625,0,1
168,0.209427377558313,0.441146632656455,0,1,0.679174891691458,1,1
169,0.905116316809893,1.35525324270752,2,1,0.469927726665539,1,1
170,0.255124649847858,4.03569657068177,1,1,-0.194420864925303,1,0
171,2.03419320090654,2.85699705305597,1,0,0.0689509286898716,0,1
172,1.12194950599223,2.11582525126325,1,0,-0.189417760225528,0,0
173,0.819195421037086,0.856557420144479,0,1,-0.473197788116738,1,0
174,3.21521120129113,3.27604278922081,0,0,0.608316291420349,0,1
175,3.04623397422915,4.37914268424114,0,0,0.753219826673406,0,1
176,0.693098314778701,1.80072739873086,1,1,-0.436263612907716,1,0
177,0.424368527601473,0.5014150210549,1,1,-1.04987941929419,1,0
178,0.756947782821953,1.45936909864386,2,0,1.14795152826159,0,1
179,0.0461778584867716,0.552158882689636,2,0,-1.01966659843271,0,0
180,0.215541181096341,1.24283623794053,2,1,-0.343867425947721,1,0
181,0.0455203928868286,0.499000958240471,1,1,0.248688032260646,1,1
182,0.0310241489205509,1.01735349998297,1,1,0.205073165058592,1,1
183,0.0498784880619496,0.793254273789933,2,1,-0.140890991123024,1,0
184,0.391290111467242,0.468482278827582,2,0,1.28171157632383,0,1
185,1.09664521592004,1.66726175703054,2,0,-1.05499586741912,0,0
186,0.100351682822709,1.00073615210068,1,0,0.631509359987673,0,1
187,2.87883059663658,3.32791938218678,2,0,0.348551491341312,0,1
188,0.327749108837452,0.687024098971337,1,1,0.940906486372505,1,1
189,0.372064766474068,0.398336717561462,1,0,-1.34184161426269,0,0
190,0.892847541525619,1.10536308159308,0,0,-0.789440569557588,0,0
191,0.00455698145574212,2.31956601325748,1,1,0.933903837174536,1,1
192,0.0356928954715841,3.92618509782841,1,1,1.37515397480362,1,1
193,0.849724200644352,1.7457957327926,1,1,1.22688873718374,1,1
194,3.47222692875152,3.52484580772925,2,0,1.29960476465968,0,1
195,0.220401149708778,2.71475272172993,1,1,-0.580390044116267,1,0
196,0.0153151188435004,0.444410508422756,1,0,-0.0116933010288798,0,0
197,0.491212663240731,1.96027945682747,2,0,-0.994940156587302,0,0
198,1.94124259232523,2.18584096329534,1,0,-1.2126961236618,0,0
199,0.155765204341048,0.737815865967387,1,1,-0.877530619414348,1,0
200,0.121098443341907,0.173015604203165,1,1,0.710388405956671,1,1
201,0.628811803414695,2.53678777661369,2,0,0.0512709211297724,0,1
202,0.181441812776029,0.748408959073318,1,0,-0.180148254559666,0,0
203,0.114732614175245,1.25577736824094,1,1,-0.379862308570858,1,0
204,1.67542408212068,2.64048832779129,0,0,0.756652582355934,0,1
205,0.456934047862887,1.4720448771198,1,0,-0.429094095811515,0,0
206,0.613027234500731,0.662860050994846,1,1,0.0991360440867982,1,1
207,0.550640517586663,0.834083931276671,0,1,1.28710598740485,1,1
208,0.546781814631105,1.00331205599973,1,1,-1.25276034397558,1,0
209,0.227270525647327,0.301886185382803,0,1,0.405995493376177,1,1
210,1.4027029644601,1.51703270179989,1,1,-0.0558435735938496,1,0
211,0.327984947191351,1.94970384404169,2,0,0.746849251130942,0,1
212,1.93889512858334,2.92464040389576,2,0,0.693950479872846,0,1
213,1.03007095959038,1.53252536214223,1,0,0.386311125406945,0,1
214,0.0106608250644058,4.28912342209912,2,1,-0.0944079430040565,1,0
215,0.435521907587406,2.49088463282153,1,1,-0.57830064262444,1,0
216,0.0255442822784437,4.43472196900643,2,0,0.0665802523045464,0,1
217,0.0676126312203496,0.612300500152442,1,1,-0.301386527599706,1,0
218,0.243818339335143,0.341846147030392,2,1,-0.323503844736611,1,0
219,0.133928957903442,0.21073855770131,0,1,0.988682813633389,1,1
220,0.10254787892336,1.02265760880208,2,1,0.0255411027476103,1,1
221,0.106853905599564,3.40097707484513,1,1,0.994050971703055,1,1
222,0.404646236274857,0.721113841737696,2,1,1.27735438779267,1,1
223,0.406455955526326,0.450778797717712,1,1,-2.57328378574058,1,0
224,0.394916606892366,0.870396556365759,2,1,0.0592771045628748,1,1
225,1.10474446974695,1.34631950784494,1,0,-2.08273887421393,0,0
226,0.552420510185704,1.67400949553959,2,1,0.527398335290683,1,1
227,0.237936332996469,1.23475279929735,2,1,0.173637458026075,1,1
228,2.28539385824444,6,0,0,-1.01289958291633,0,0
229,0.41497074853396,0.53745701357143,1,1,-0.646631436779178,1,0
230,0.0369112021871842,0.0564835819109305,2,1,0.16732949321925,1,1
231,0.353452664858196,0.731913238896176,1,1,0.841800587227386,1,1
232,0.0382045723345876,2.76679183692571,1,0,-1.82825379268571,0,0
233,0.312333056635041,1.54203138312281,2,0,0.900013815595075,0,1
234,0.0359854461305746,1.29571059639174,2,1,0.493821628767988,1,1
235,0.410993921287964,1.61510919401042,2,0,1.35965459884792,0,1
236,0.655700051986537,0.923126206665907,1,0,-1.58988934823868,0,0
237,0.980202047154307,1.73965318300892,2,0,-0.0708230050063794,0,0
238,0.00804287018447727,0.0341902260981347,1,1,0.935475241094115,1,1
239,0.168016113166232,0.268858102150728,2,1,1.86983685443447,1,1
240,0.0966636431985535,0.726989991188757,1,1,-0.811235920599221,1,0
241,0.133042518489905,0.30271088299317,2,1,-0.210811353634555,1,0
242,0.0446658629375137,0.135267169496201,1,0,-0.821594434438772,0,0
243,0.532007497229181,0.547276195138693,0,1,-0.408921015012891,1,0
244,1.6227660383189,1.93722994363212,1,0,0.187555272998994,0,1
245,0.639379602105658,0.867211893503395,1,1,-1.37498506973711,1,0
246,0.605896870680171,0.98739146162799,1,1,0.507492594515939,1,1
247,0.723081850164207,3.61426801497792,1,0,0.632975872108902,0,1
248,0.12015228997916,0.444153066720957,1,0,-0.799570042626016,0,0
249,0.407011273200624,1.51191980763004,1,1,0.650534165777294,1,1
250,1.95960282950116,3.09734717362757,2,0,-1.30447711102825,0,0
251,0.697621881961823,0.704144031895477,1,0,-0.380763317763154,0,0
252,0.0458686204380019,1.89226419666162,2,0,1.68422821331779,0,1
253,0.308829544810578,1.04429490571533,1,1,0.4639112047976,1,1
254,0.0268614323672291,0.251937094700792,1,0,-1.46840698031058,0,0
255,2.06347174934092,2.19268348688881,0,0,0.0281673082974712,0,1
256,0.185797690910159,0.969586890811722,0,0,-1.00560869452638,0,0
257,0.0914577133889554,0.553587214284891,2,0,1.02858032205801,0,1
258,0.361543914768845,1.41615636456317,1,1,-1.09613645149899,1,0
259,0.523226360790431,2.39981620572507,0,0,-1.40691112712188,0,0
260,1.4306999273147,1.86545814581449,1,0,0.149134851887671,0,1
261,4.01719775402467e-06,0.543844183040094,1,1,-0.126199892450064,1,0
262,0.473141343073741,1.88315142253123,2,1,1.39223219500124,1,1
263,0.155016038163761,0.58254962731546,2,1,1.20100491905506,1,1
264,0.0324791707914763,0.244521970968268,1,0,-0.91134853456155,0,0
265,0.438769896255627,0.533981172747329,1,1,-1.37433009684606,1,0
266,0.726542769931257,0.787138629539873,2,0,0.975681111817588,0,1
267,0.656572168692946,1.03160248133159,1,0,-0.182371405598587,0,0
268,0.0465978856664151,0.066750541692058,1,1,-1.48510560144654,1,0
269,1.30909734178361,4.80422929027751,1,1,0.424321543278031,1,1
270,0.205788827501237,0.608037145084331,2,0,1.64702818607753,0,1
271,1.80825881137189,2.63707141364231,1,0,0.962584743818548,0,1
272,0.749398389170433,1.17601293677438,1,0,-0.45333803981617,0,0
273,1.22168217133731,1.36376026411266,2,0,0.166321773040643,0,1
274,0.374601740040816,1.05537693183214,1,1,0.0347312008733586,1,1
275,0.164109235629439,0.75753255126377,0,1,-0.0390323030339111,1,0
276,2.69501155233922,4.13298713974655,0,0,-1.07763672049619,0,0
277,0.23346799790208,0.630278791370743,1,1,-0.123224694514971,1,0
278,0.197709666390438,0.425991204877694,0,1,1.58556752639425,1,1
279,1.1163181271404,1.94348042381499,2,0,-0.125523206705501,0,0
280,0.197526448434848,1.30776961655702,1,1,-0.555461087111493,1,0
281,0.235631548566744,0.293847255935315,1,1,-1.42400100788705,1,0
282,2.11961338139652,2.85388447033862,0,0,0.105453573820249,0,1
283,0.128650736878626,0.94483299464821,2,1,-0.567107274021202,1,0
284,0.145832510606851,3.54589577022779,1,1,-0.0852753849671123,1,0
285,0.00971303001279011,0.0107825083771068,1,1,-0.00266234654140709,1,0
286,0.370242080966221,0.519055876509204,2,0,-0.21996326930229,0,0
287,0.548551012735635,0.898574833468281,1,1,-0.879433327066014,1,0
288,0.156577174784616,1.57214102645936,1,1,-1.47213427958785,1,0
289,0.350144787920438,1.64436161260791,2,0,0.968112179818521,0,1
290,0.0386325351428241,2.40058313933301,2,1,-0.673307856831096,1,0
291,0.34647776093334,0.419591124045251,1,0,-0.816221755135246,0,0
292,0.13021611404838,0.665445724626145,1,1,0.19562833594552,1,1
293,0.226365888597658,4.99203427361362,0,0,-0.596524913576237,0,0
294,0.0220181177606854,0.736759633539547,1,0,0.479115166110549,0,1
295,0.353745613247156,0.812239802763443,2,0,0.678959168228921,0,1
296,0.508524105806002,0.508774000071562,2,1,2.1687556163403,1,1
297,0.116218257171568,1.76509988494217,0,1,-0.21698426322944,1,0
298,0.486427185797885,0.67925050285719,1,1,-1.75711498741726,1,0
299,1.85390711751509,2.24700017549698,1,1,-0.217501603250122,1,0
300,0.161091226327699,0.175762398295133,2,1,0.773463565730751,1,1
301,0.00600184383600232,0.187468437648607,2,1,0.739289871736992,1,1
302,0.764937566683449,1.10287752056331,1,1,-0.333984302369147,1,0
303,0.334568090930154,0.95882219572862,0,0,2.14948875940444,0,1
304,0.00494858856848201,0.329961659976851,2,0,0.362006874032003,0,1
305,0.426644602418309,0.465497098381407,0,0,-0.347297346458523,0,0
306,0.0508497003465891,0.328713770334919,0,0,0.294118135422815,0,1
307,1.06583799599506,1.1054339455916,1,0,-1.35452417787922,0,0
308,1.22798258718103,2.24544751512526,2,0,1.19540780231814,0,1
309,0.480159119443789,2.18126474892353,0,1,0.663277742888523,1,1
310,0.0740164361195639,1.04223047189457,1,1,1.17093476715467,1,1
311,0.370496695311238,1.00316427436358,1,0,0.766969853359115,0,1
312,0.629602278582752,1.23348868756692,2,0,2.20341542770374,0,1
313,1.40812689988854,3.57039572609276,2,0,0.459707924926129,0,1
314,0.261364233447239,0.575281303865246,1,1,-0.709951240276908,1,0
315,0.073113959224429,0.0747302693665922,2,1,0.51911632206692,1,1
316,0.0174591147649341,0.653972987554174,2,0,0.492121347889015,0,1
317,0.45964249523525,1.90980895839201,1,1,-2.09853927560358,1,0
318,0.957292097620666,1.44633826926107,1,0,-1.44022587929437,0,0
319,0.131970625752797,0.498329950569846,2,0,1.11009138504303,0,1
320,0.0187240677502055,1.52986901442833,1,1,0.761461154708717,1,1
321,0.0646975547516038,0.730833085200125,1,1,-0.514862068393693,1,0
322,0.393379175220616,0.627358431605217,2,1,0.281071801864885,1,1
323,0.479147888810195,0.69077983036152,1,1,1.38675100787635,1,1
324,0.426659590448253,0.474043644724145,2,1,0.145031402521018,1,1
325,0.0287934878724627,0.355343599200713,0,1,-0.385383409347823,1,0
326,0.383683135150932,0.713850936878777,1,1,-0.294951889387384,1,0
327,0.0451170289306901,1.2466571579652,1,1,-0.03605109761867,1,0
328,0.414755581609946,1.87232896260588,1,1,0.821664407342999,1,1
329,0.521007291972637,0.589928682893515,0,0,-0.55154315949141,0,0
330,0.480792684352702,0.752439015767933,1,1,-0.907834479464549,1,0
331,0.0705883027502133,0.380344064220424,1,1,-0.963651407333586,1,0
332,0.26252762787044,0.476805608743621,1,0,2.01059416262284,0,1
333,0.242289374221227,0.986011713347699,1,1,1.01824500511825,1,1
334,0.360535914369393,0.522638551111591,2,1,1.69503719149834,1,1
335,0.153064768237527,0.315137913423052,1,1,-0.39568590984684,1,0
336,0.0707621875335462,0.327212979578653,2,1,0.816740686847709,1,1
337,0.641297302591187,1.17208855655326,1,1,0.200312872671983,1,1
338,0.196759004320484,2.29420450485817,1,1,0.1198826683971,1,1
339,0.42546347902105,1.42086950926071,2,0,0.209137026935724,0,1
340,0.927769240172223,1.81034524793941,2,1,0.401671000198264,1,1
341,0.973755325052484,1.67865853878723,1,0,-1.14136411310475,0,0
342,0.0861485367442369,4.72561531083018,1,0,-0.305755329028628,0,0
343,0.39444670866942,5.84398089598717,0,1,-0.474394611210979,1,0
344,0.19440926797688,0.656013144180179,0,0,0.565593533301006,0,1
345,0.565831094048917,1.20567279617635,2,0,-0.0527277684783435,0,0
346,0.983583641884491,2.23989637603242,2,1,-1.20340609238627,1,0
347,0.103519462049007,0.15302774399537,1,0,0.3786885429881,0,1
348,0.858321472161271,1.01609420128925,1,1,0.914871371400169,1,1
349,0.35660935100168,3.07079567363722,1,0,-1.75781916650766,0,0
350,1.14616406726988,1.24133606185308,2,1,1.43765010200336,1,1
351,0.00540583860129118,0.245639109521046,1,1,0.460147541848959,1,1
352,0.106421802720553,1.4308396469467,2,0,0.475499713511911,0,1
353,2.74220226510408,3.44417579812634,1,0,-0.684099230060781,0,0
354,3.93955777941232,6,0,0,-0.482710546519155,0,0
355,0.672372191885308,0.702650894673816,2,1,1.03341608531231,1,1
356,0.148303298279643,1.22696380471913,1,0,-0.683343952416404,0,0
357,0.442142761785418,0.930383321916364,2,1,-0.580221424936483,1,0
358,0.222393185831606,0.772651684766288,1,0,-0.306980301326493,0,0
359,0.346731616009492,1.01220687561403,1,1,1.7028077656142,1,1
360,0.0107332468195808,1.96844573196125,2,0,0.843027766230906,0,1
361,0.138211620505899,1.42734629241845,2,1,0.846467815558888,1,1
362,3.28444428352599,4.79011080059955,2,0,-1.41229062700089,0,0
363,0.116860298148822,0.185618118324817,1,1,0.0866876382462843,1,1
364,0.727050005781286,3.24634657802613,1,1,1.05202798823163,1,1
365,0.0808383719413541,0.206984659535493,1,1,-1.01506924351604,1,0
366,1.04393241805361,4.64373879046434,1,1,-0.501769690097893,1,0
367,2.53862516201081,2.61974722481614,2,0,-1.42043568940196,0,0
368,1.19957302342506,1.69818974634863,1,1,-1.60274195215148,1,0
369,0.474498181111932,0.901844302441188,2,1,-0.0134007177625564,1,0
370,0.266655763261952,0.847631153342968,1,1,-0.1174089150269,1,0
371,0.113179568166233,0.43033928458116,1,1,-0.785412680110148,1,0
372,0.225389695603722,0.887772588004389,1,0,0.60825846210588,0,1
373,0.289203995780554,2.18944394172234,2,1,0.95620914769616,1,1
374,0.480044305414714,1.218548024542,1,1,0.666659233823486,1,1
375,0.213485589328657,0.272400493982044,1,1,0.248987518146937,1,1
376,0.543500478379428,0.56275752034552,2,0,0.448773340887381,0,1
377,0.203289653355104,0.869973630602577,1,1,0.509847267655353,1,1
378,0.555029187351465,3.9751828835584,2,0,-0.145769325555902,0,0
379,0.727524033973206,0.868031838171074,0,0,-0.259840748580428,0,0
380,0.287214474221425,0.404820944208705,1,0,-0.941202527805526,0,0
381,0.310147088435959,0.760676075157234,2,0,0.060260262991827,0,1
382,0.751807342283428,1.62092085185959,2,0,0.759817642440401,0,1
383,0.0203409284586087,0.12348435602886,1,1,-1.26178323760671,1,0
384,0.297861425093086,0.398865453588117,2,0,-0.328811162141704,0,0
385,0.282455541600939,2.20864355441406,2,1,-0.706770970810243,1,0
386,0.792226329445839,2.75959989637513,2,0,-0.269286844152679,0,0
387,0.268871924839914,1.41475799498717,2,0,1.04935520721835,0,1
388,0.713949764147401,1.32335694568409,2,0,-0.718834401548944,0,0
389,0.00377629010472447,0.41228491112274,1,1,-0.675382757949135,1,0
390,1.31990959960967,2.45824117752687,2,0,-0.652424782912599,0,0
391,1.02656940225849,1.48103846989682,1,1,0.594385363274915,1,1
392,0.437181409084734,0.575489041275906,1,1,-1.11664589375357,1,0
393,0.227534215373453,0.340520245462251,1,1,-0.529890042468378,1,0
394,0.326878965133801,1.23057479764128,1,1,-0.500384059177345,1,0
395,1.31284702444954,2.42183188337506,1,1,-0.234027981581213,1,0
396,0.405598777579144,2.54454533374743,1,1,0.329032997476679,1,1
397,0.770295988160007,0.955721133666442,1,1,-0.563237983715373,1,0
398,0.296966570895165,0.531626694278853,2,1,1.43449817826984,1,1
399,0.435770726762712,0.560895540676323,1,0,0.724990716216225,0,1
400,0.113849034823943,0.3594613151726,1,1,0.553510602367142,1,1
401,0.0021300686057657,0.474963126083215,0,1,0.074092706285119,1,1
402,0.269741903059185,0.508439357416171,2,0,-1.34073663028464,0,0
403,0.516730817966163,0.524811580749069,1,0,-0.562419659112671,0,0
404,0.880379839747787,1.20690004935267,1,1,-0.175210255424405,1,0
405,0.440759831663974,0.558297421124982,1,1,1.19488712532312,1,1
406,0.117135388944434,0.543445890690082,1,1,0.32408180238355,1,1
407,0.605129444971681,2.68186063519678,2,0,-1.27911064890692,0,0
408,0.776749167681493,1.81399588620509,2,1,-0.439979530647316,1,0
409,1.71071523978355,3.11235611016552,0,0,0.537290309301982,0,1
410,0.0623488819110207,0.0811675028211411,1,1,1.02713809692641,1,1
411,0.44169344238174,1.31994712603992,2,1,0.187901375855105,1,1
412,0.321873966359542,0.789388260031209,1,1,1.61485580232652,1,1
413,1.61374097798525,1.80684564824224,1,1,0.575832361779976,1,1
414,0.370179026795086,0.863419166448235,2,1,0.974794666651004,1,1
415,1.87121359436753,1.95344058634262,2,0,0.916674258864464,0,1
416,0.201206475030631,1.62425785854118,2,1,-0.372598188207503,1,0
417,0.430349920352455,0.796990848596909,1,1,-1.21768842596883,1,0
418,0.402837444767141,0.65965568377317,2,0,1.53263797518434,0,1
419,1.13118836068885,2.23942745509825,1,1,-0.175602016023715,1,0
420,0.0730280313291587,0.710521829493113,0,1,0.127851249815403,1,1
421,0.12826346811353,0.318431795910091,2,1,0.598884215935099,1,1
422,0.0100809501600452,1.02318047771139,2,1,-1.48761293486863,1,0
423,0.219595191301778,0.448389795298378,0,1,0.980707679231706,1,1
424,0.134121973242145,0.784723754789255,1,1,-3.07671226078894,1,0
425,0.167873007910089,0.265282787012132,1,1,0.274905726371091,1,1
426,0.601183599766165,0.879279676708301,1,1,-0.773447248043082,1,0
427,0.486301083625124,2.28131677367111,2,0,-0.42612546679558,0,0
428,0.43744955801826,3.91826630003372,1,1,-1.03349363578736,1,0
429,1.29473825794981,1.98053657223635,1,1,1.13404471006863,1,1
430,0.0255182462132914,0.076502182313008,1,0,0.24904870810398,0,1
431,1.48064394100549,2.15733694760051,1,0,2.14328500333878,0,1
432,0.790487097576261,1.52532224316466,2,0,-0.705465217645674,0,0
433,1.0182866640389,1.5089495900403,1,0,-0.206687359986132,0,0
434,0.0728472679522996,0.180506713295479,1,1,0.57189601443251,1,1
435,0.225508566363715,0.389826154791517,1,1,-0.750501065105797,1,0
436,1.01962630876515,1.21131700401586,2,1,0.291798475060033,1,1
437,1.40915893825276,2.53620850817879,1,1,0.568027088043215,1,1
438,0.0984438472119588,0.592915141387945,1,1,-0.69068008707035,1,0
439,0.615961769336656,0.74429840104848,1,1,1.20205736916,1,1
440,2.90348129330163,4.48868971577305,2,0,0.320777572924721,0,1
441,1.20881114434451,1.43183183545868,0,0,-0.585043306831945,0,0
442,0.757314127869904,1.04213978323026,1,0,1.1883529682976,0,1
443,0.75563696559687,1.70374951865309,1,1,0.627724292885782,1,1
444,0.274444245442282,0.865898035186492,1,1,0.154541921852668,1,1
445,0.765128399219214,1.47674795021392,2,0,-0.0937247793305385,0,0
446,0.0341237572138198,0.0511506929443858,2,1,-0.0470250301379373,1,0
447,0.501836562529206,0.818022533886797,0,0,0.0309817262001897,0,1
448,0.0959989798138849,1.54183755364547,2,1,0.617449534486582,1,1
449,0.147860741999466,0.501264554137985,0,1,0.866560569013659,1,1
450,0.073004471778404,1.73262449786811,1,1,0.307987887366442,1,1
451,0.619013837395988,1.1814150178216,1,1,-0.209594288775498,1,0
452,0.231089629523922,0.408934422911849,1,1,-0.163644978433336,1,0
453,0.340338538587537,1.40517804439997,1,1,-0.843263117281703,1,0
454,0.155180295696482,1.23001437241078,1,1,0.475828053827952,1,1
455,0.293642998673022,3.31754228265277,2,0,0.167339581994989,0,1
456,0.743226586465545,3.57466011647089,2,1,0.505233536328439,1,1
457,0.152652337856125,0.650186402436059,1,1,1.92337721160847,1,1
458,0.420174131868407,1.52864684085853,2,1,1.69472044695215,1,1
459,0.196997696569211,0.557560296729207,0,1,0.589796354576294,1,1
460,1.06995934266002,1.93342305328665,1,1,-1.25907433207838,1,0
461,0.173862734287207,5.73185070305879,1,1,1.13469344520975,1,1
462,0.0382941326150187,0.457721836864948,0,1,-0.101123493788569,1,0
463,0.51747951059693,1.54176480097973,1,1,-0.0835509670017143,1,0
464,0.318785393610597,0.935337301343679,0,1,-0.737290826887914,1,0
465,0.0144811326754279,0.179451630773015,1,1,-1.38531762906606,1,0
466,0.0413694730533285,0.817675635738519,1,1,-0.402325958056822,1,0
467,0.792425720111288,3.0588985607028,0,1,-1.44466912160199,1,0
468,0.100650882565588,1.38934057364806,1,1,0.368358020207818,1,1
469,0.386878041863317,0.393039881417057,1,1,0.217171839543955,1,1
470,1.35220327507704,4.32337060054915,2,0,-0.255703935161006,0,0
471,0.291827236360405,0.728900321341843,1,1,-1.10793039786569,1,0
472,0.0474747357001272,0.141341523754825,1,1,-0.729254250904737,1,0
473,0.0371953123249114,0.939264620027297,2,1,0.00552698531068483,1,1
474,0.547079508192837,0.964946790287892,0,0,-0.607953127297468,0,0
475,0.0232921550050378,1.44771161178748,0,0,-0.0510641683980269,0,0
476,0.192464646825101,0.886511314412744,1,1,-0.18341030087507,1,0
477,0.21667637542123,4.78717955213931,2,1,-0.753241865788734,1,0
478,0.354311976926893,0.512674816182018,2,0,1.91402794889604,0,1
479,0.216324061274762,0.217763184034304,2,0,-0.520610932314999,0,0
480,0.0749113244727682,2.16131393508357,1,1,-1.08896579208787,1,0
481,0.0894055881082108,0.885086693224907,2,1,-0.294908395765477,1,0
482,0.0498828317660426,1.25843512515227,0,1,-0.145095392233882,1,0
483,0.0211624328519811,0.0323715578232572,1,1,1.14755230924821,1,1
484,0.51813658685043,1.10410538167761,1,1,0.0934763771783081,1,1
485,0.300032160278403,1.28149498753731,1,1,-0.131890343551852,1,0
486,0.35721175186336,0.427457143863042,0,0,1.37476358841618,0,1
487,0.787251013331115,1.01979714697733,2,0,1.77932807461886,0,1
488,2.06866564965787,2.51758435275789,1,0,-0.685699893401167,0,0
489,0.161651068367064,0.74488424639929,0,0,0.249548013769105,0,1
490,0.512031731751569,0.704326367431025,1,1,0.901941257231203,1,1
491,0.0631119692116044,1.19233933990857,2,1,1.09412031982279,1,1
492,0.269850594892416,2.64707499884005,1,0,-0.512085929420816,0,0
493,0.939341502264142,1.01890217069497,1,0,0.461367276062754,0,1
494,1.28074109833688,2.60318017413252,2,0,1.36466827527934,0,1
495,0.144000635482371,0.573292121558782,2,0,0.0610979250915243,0,1
496,0.543993064088398,1.94915484591396,1,1,1.12481483480565,1,1
497,0.292311229743063,0.503229284428334,1,0,-0.791060014969176,0,0
498,0.091027625836432,2.33670036475453,2,0,-0.0694104826982582,0,0
499,0.596343495391131,2.378145315391,2,1,-0.117764944385522,1,0
500,0.995484764422581,1.67349173867243,1,0,-0.165500877477807,0,0
501,0.260302085080184,0.689062644718536,1,1,0.822534613237776,1,1
502,0.0487336902941114,2.08737168758354,2,1,0.610973258573382,1,1
503,0.946089997887611,1.32633636943491,2,0,0.385745742416884,0,1
504,0.378404154907912,1.02198158605263,2,1,-0.701153896527626,1,0
505,0.241829629656964,0.564888629061057,2,0,1.06076981016662,0,1
506,0.0292763957463131,0.13943287708512,2,1,2.00976773180551,1,1
507,0.249696486862376,0.782096001614997,1,1,-0.413163441008323,1,0
508,0.982686647859976,1.06946628680276,1,1,-1.4792536179122,1,0
509,0.00274814025033265,0.123893802422721,2,1,0.96034966952163,1,1
510,0.162391928315628,0.498047265752198,2,1,2.87126648496896,1,1
511,2.06244428012722,6,0,0,-0.919037829443623,0,0
512,3.30814579857473,6,0,0,-1.21687036367106,0,0
513,0.438280848786235,0.714692200031098,1,0,-0.465393449284633,0,0
514,0.294250187464058,2.36303937733027,2,0,2.04073561590549,0,1
515,0.150767805753276,1.44976643293685,2,1,-0.0931609166096271,1,0
516,0.0103484091232531,0.295892170308356,1,1,0.500021012388191,1,1
517,0.205374354554806,0.954301975166119,2,1,0.694191213786178,1,1
518,0.0834863891941495,1.17188574580871,1,1,0.10457175469335,1,1
519,0.176734542388108,0.874262360125106,2,1,-1.31610811730897,1,0
520,1.47654068834128,1.50584809457555,1,0,-0.40366364855248,0,0
521,0.268207566336755,0.895999587544065,2,1,0.946470228694631,1,1
522,0.325198606587946,0.992056401756016,1,0,-0.816932451096587,0,0
523,0.675000561401248,2.00098351885875,0,0,0.313658971363717,0,1
524,0.880507870990426,1.70377631325481,1,1,-0.222658648712455,1,0
525,1.12471655122341,1.86815583124412,1,1,1.56655885553124,1,1
526,0.173381218058404,0.179540772611896,0,1,0.42589540312787,1,1
527,0.623229737393558,2.05444727294174,1,0,-0.290675367627344,0,0
528,0.109978927832944,1.47901651449502,0,0,-0.0895165308710157,0,0
529,0.0641643145354465,1.86042166501796,1,1,-0.0478284105778553,1,0
530,0.0298869330457542,0.0715221857514761,2,1,0.27004932675635,1,1
531,0.127333904092666,1.7255592190971,0,1,-0.703531916705328,1,0
532,4.94661536113032,6,0,0,-1.15500982420034,0,0
533,0.418006693653297,0.430869777042358,2,1,0.68573866069849,1,1
534,0.198672257691323,2.17716984761258,0,1,1.00759018363739,1,1
535,0.265481984242797,0.720814908628936,1,1,0.149723561676781,1,1
536,0.149105661301955,0.865110937666646,1,1,-0.762564213242861,1,0
537,0.828982433860012,1.06421744391882,1,1,-0.41722657945636,1,0
538,0.278451267804485,0.675091588248809,0,1,-0.173902818518921,1,0
539,1.31233068058772,1.61373978539162,1,1,-0.950703133393345,1,0
540,0.603437293320894,1.36498622383662,2,0,0.675213307399566,0,1
541,0.0530100679600368,0.38363834458311,1,1,-1.27882396967375,1,0
542,0.0177099287946796,1.2775816830496,0,0,0.358735254982619,0,1
543,0.0596398874768056,0.848750027342796,1,1,0.757684619796482,1,1
544,1.23510426370764,1.45848183189612,1,1,-0.513283282372322,1,0
545,2.95814288018231,3.02119061040382,0,0,0.627321407625386,0,1
546,0.508013980617269,1.56350336762346,1,0,-0.0120496230629186,0,0
547,0.379320050997194,0.918047544052556,1,1,-1.21276389240631,1,0
548,0.319509626424406,0.610571304959927,1,1,1.44057406946719,1,1
549,0.0540778823196888,0.16131175396888,1,0,0.11208260013427,0,1
550,1.18801265116781,2.09638503399998,1,0,-1.51656047670252,0,0
551,0.119380929972976,0.397057877355773,2,1,2.15068478686977,1,1
552,0.443925602258296,0.491458027281628,2,1,-0.712799914822263,1,0
553,0.149195474223234,0.570534234685348,1,1,0.495811996929746,1,1
554,0.131875544902869,0.840871608699137,1,1,0.920581128890927,1,1
555,0.22650945931673,1.29119224083466,1,1,0.487995598644723,1,1
556,0.159680001609158,1.17569335244857,2,0,2.0639718710519,0,1
557,0.241069942421746,0.949377748085494,1,1,-0.592171163526896,1,0
558,0.0630282345963842,0.695786051616685,0,0,0.991026298257332,0,1
559,0.00441288361306779,0.0946113525884033,1,1,-1.67150259946742,1,0
560,0.508556348271668,1.48076417953699,2,0,0.265875150716739,0,1
561,0.102209112592442,0.573505655322359,2,1,-0.340639308363497,1,0
562,0.549077097649507,0.941797579747936,1,1,0.815373279508542,1,1
563,0.161372131200801,0.164861676611431,1,0,-0.91233414894848,0,0
564,0.398096812423319,0.60375425515738,1,1,-0.349347167451954,1,0
565,0.0474108822527342,0.0955274069213017,1,1,-0.223279108535498,1,0
566,1.26102878339589,4.64982083182336,1,0,-1.3977865886449,0,0
567,0.69618544385768,3.87929215807715,1,0,0.704673831751553,0,1
568,0.33710240572691,2.06201165032694,2,0,-0.062674730358939,0,0
569,1.15792532544583,1.57524252801163,2,0,0.342447787605686,0,1
570,0.894266320339978,0.995572248222947,1,1,-0.659634086445222,1,0
571,0.832829099937163,1.08377257362008,0,1,0.614890375480475,1,1
572,0.164991914061829,0.229880889869217,2,1,1.26470032343438,1,1
573,0.004180223622825,0.982486996335362,2,1,1.12373229135653,1,1
574,0.128203459025826,0.327527697135387,0,1,1.96532801421677,1,1
575,0.634981099516153,1.56674316341019,1,0,-0.138138607639568,0,0
576,0.916960711590946,1.40427747244238,2,0,0.014548568666421,0,1
577,0.594965069554746,0.698020709478347,2,0,2.37172320960748,0,1
578,0.0664293009322137,0.181660886446457,1,1,-1.7560334189945,1,0
579,0.163857819279656,0.212917665921634,2,1,-0.187696447416803,1,0
580,0.364446492749266,4.27694498561323,0,1,0.661863658834969,1,1
581,0.615478873088796,1.86229662100688,1,1,-0.69756513349088,1,0
582,1.09915617494335,2.39064726610502,2,1,-0.514497669313918,1,0
583,0.0707866818993352,0.393107720814134,1,1,-0.0315456793166805,1,0
584,0.376602010801435,2.56250436132532,1,1,1.0190765269403,1,1
585,0.637542562194179,2.40319250331476,2,1,0.743802130932848,1,1
586,4.09705735353713,4.56417721986074,2,0,-0.32531818222731,0,0
587,0.161839208158199,1.22179835501359,1,1,-1.78675242333496,1,0
588,0.190796386450529,0.858130356483336,1,1,-0.231920445043205,1,0
589,0.188721593997643,0.469352062231126,1,1,0.0680192103241702,1,1
590,0.671145830975667,3.93327427673883,1,1,-0.647085860784062,1,0
591,0.345573021098971,0.500480487362504,0,0,0.858024118782191,0,1
592,0.936337437668285,1.04802428968544,2,0,0.448298127205774,0,1
593,0.434467435490341,1.1193850228944,2,1,-0.797064108607691,1,0
594,0.118294382723218,0.513663861195117,1,1,1.05620607641773,1,1
595,0.332505360129289,0.852478243984477,1,1,0.218854036882549,1,1
596,0.4699565522343,0.634024860324242,1,1,0.621756340215427,1,1
597,0.0308272512629628,1.62325715646148,0,0,-1.02546547280842,0,0
598,0.0460211078462129,0.393485360986903,1,1,-1.28681288733487,1,0
599,0.0682843951508403,0.264275917892468,2,0,1.4814348020367,0,1
600,0.0410909415593879,0.185786419684745,2,1,0.975632666451317,1,1
601,0.98632369418034,1.19905193417965,1,1,0.932586770062557,1,1
602,0.204299153978877,1.53308753000112,1,0,0.0938730412794491,0,1
603,0.226035976083949,0.414937358951931,2,1,-0.435980982515683,1,0
604,0.0873462202718972,0.416618608986735,1,0,0.911460105227874,0,1
605,0.0367607525879614,0.607988817468394,1,1,2.05331537348077,1,1
606,0.576882565394044,1.29209253722696,2,0,1.35574066520696,0,1
607,1.08190901486287,1.40423885801661,1,1,-1.03436173378859,1,0
608,0.386857026291739,0.536911315625678,2,1,-0.36606149760347,1,0
609,0.429580281411584,2.6213950108197,2,0,-1.27122423774135,0,0
610,0.172155732076697,0.620195164034764,0,1,2.04072827517099,1,1
611,0.933392854587749,1.74772938347366,1,1,-0.245014902574804,1,0
612,0.049173979787156,0.300250459257935,0,1,0.127951939733118,1,1
613,0.647703533060849,0.828040682904599,1,0,0.0959334077207054,0,1
614,0.312862878665328,2.01956636828782,2,0,0.19689672741425,0,1
615,0.352069938100345,0.827065974867433,2,0,0.350142056403835,0,1
616,0.153072930406779,1.36585350206533,1,1,-0.272156161345255,1,0
617,0.0183157282299362,0.489842069767046,1,1,-0.292175935343432,1,0
618,0.315306480915751,0.509347300067387,0,1,0.454007109423423,1,1
619,1.02795453853311,4.532023295345,2,1,-0.471219938884751,1,0
620,0.264160741935484,0.706945627287081,1,1,-0.650547519470749,1,0
621,0.739982068395656,0.895583729699053,2,1,0.329062369717866,1,1
622,0.072396679315716,0.453214846182463,1,1,0.379759393497258,1,1
623,0.397870061278809,1.21723433850623,1,1,-0.175295335147698,1,0
624,0.0561977713368833,0.282090468090125,1,1,0.0839972647030856,1,1
625,1.79054264178429,3.64523961519202,0,0,0.753409678694711,0,1
626,0.496210280805826,2.06709883450726,1,0,0.388024323670153,0,1
627,0.00731548178009689,0.723478174867615,1,1,-0.641033633409783,1,0
628,0.560729373246431,1.79805094997088,0,0,-0.121038801407885,0,0
629,0.807150060983196,1.02860102429986,0,1,0.492663781261966,1,1
630,0.288896593265235,1.72873559315164,1,0,-0.494109628918917,0,0
631,0.224807705292024,0.2409756020112,1,1,-0.932162033031818,1,0
632,0.654777858263634,1.81014147220328,2,1,0.928076523498067,1,1
633,0.403649683867116,2.59107404209043,2,1,-0.837453571480251,1,0
634,0.763506153920122,1.26734427860956,1,0,0.287412920850001,0,1
635,0.0602927157888189,0.599658386781812,0,1,0.727365277799876,1,1
636,0.0531222977553122,1.05910884336424,1,0,-1.83251836704824,0,0
637,0.150572164566256,1.47598890277247,0,1,-0.199707386091302,1,0
638,0.479692241034292,0.996166643381853,2,1,0.79569377585179,1,1
639,0.259769046097063,1.03502576786013,1,1,-0.494495002843156,1,0
640,0.0907652819017846,0.252931918948889,0,1,-2.41826942353673,1,0
641,0.103143822343554,0.552208857986744,2,1,1.6458118259819,1,1
642,0.166466595116306,2.08309366773819,1,1,1.15555919368059,1,1
643,0.134785196860321,1.84780528185674,1,1,0.509393769646867,1,1
644,1.40991825229468,1.97223181146111,1,0,1.09898218018431,0,1
645,0.371055478230119,1.93789040973792,2,0,1.19679764718549,0,1
646,0.0268549734028056,0.330682956015385,1,1,-0.603517991455082,1,0
647,0.661420807242393,6,0,0,-0.884268560345343,0,0
648,0.34984197904123,1.43069227180495,1,1,0.0435049288883022,1,1
649,0.574934970328406,1.02866409346461,0,1,-0.279463898174963,1,0
650,0.545740026255891,1.29267888916417,2,1,0.130794509231359,1,1
651,0.107820033067434,0.381181961549502,1,1,1.09504431134993,1,1
652,0.410760197555646,1.58761944927139,2,1,-0.601435557204815,1,0
653,0.0459550503362226,1.37283698966106,0,0,-0.0256842586173606,0,0
654,0.00261776801198721,0.152129472452458,1,0,0.492240153559643,0,1
655,0.493734176738635,0.900450399098026,1,1,-1.38867271783305,1,0
656,0.213999426341616,0.495157098207389,1,1,-0.725735117942395,1,0
657,0.318685089005157,2.21265783039007,1,1,-0.422469335404771,1,0
658,0.479486123539501,0.791153754699824,1,1,1.11153908550505,1,1
659,2.63984013526681,4.30601093120006,2,0,-0.433119087154125,0,0
660,0.374498295714147,1.63176079390665,1,1,-2.03481299482341,1,0
661,0.032863998785615,1.92263805850348,2,0,1.21885621807089,0,1
662,0.769553061360594,1.17100312605779,0,0,0.809919438351718,0,1
663,0.742770140033037,0.780422094988971,1,1,-1.04207759141027,1,0
664,2.49833085356885,3.84163684825719,2,0,0.27088689298931,0,1
665,0.00185615112938725,0.522020450966236,0,1,-0.185138338090138,1,0
666,1.33460213243961,2.70498941539789,2,0,-1.38026843280758,0,0
667,0.26406261138618,2.3406482715704,1,0,0.256416806373362,0,1
668,0.254712644964457,3.04787684164501,1,0,-0.00557043999432275,0,0
669,0.0510936163996732,1.26716870267783,2,1,0.312144317685734,1,1
670,0.217217911966145,3.87702069804582,2,0,-0.0136145452241058,0,0
671,0.0924116614623927,0.909583428874612,0,1,-0.392979885615205,1,0
672,0.113654885461589,0.519607325329834,2,1,0.279522369793644,1,1
673,2.66176880701425,3.20222813393306,2,0,0.377287867338856,0,1
674,0.48459278689793,1.02392286062804,2,1,-0.526760530546683,1,0
675,0.662378676044202,2.21733284417884,1,1,-0.0499925263486227,1,0
676,0.131894774967805,0.605611699117815,1,1,-0.264853629607729,1,0
677,1.81969773193675,2.3530481778925,1,0,-0.566813054325378,0,0
678,1.42046120047385,4.7195003708258,2,0,0.00088980327687182,0,1
679,0.0213095100801793,0.301366029307246,0,1,1.20989852728695,1,1
680,0.329505848598044,0.77231718318387,2,0,1.17691504945917,0,1
681,2.72421413465383,5.02912993833186,0,0,-1.01811032636624,0,0
682,0.21751382475486,0.334851370848782,1,1,-0.883865637775554,1,0
683,0.0826549873454496,1.29366135537228,1,1,0.594331108934593,1,1
684,0.568764166995845,6,0,0,-0.552801409305615,0,0
685,0.255882360797841,0.914611827441593,2,1,1.39110043470281,1,1
686,0.202915405388921,0.265690000408948,1,1,0.562204631602355,1,1
687,0.246993567561731,1.77747093123823,1,1,-0.975397649696646,1,0
688,0.027523597527761,0.745238363633811,1,1,1.22904211297472,1,1
689,0.383307178854011,0.60081720041732,0,1,-0.414499915072269,1,0
690,4.11507493613248,4.35502202436505,2,0,-0.0311078067419302,0,0
691,0.100948294857517,4.10674671743973,1,1,0.0292086623029178,1,1
692,0.59128304105252,1.08713268269648,2,0,0.419614326203491,0,1
693,0.13609963178169,0.612199596229013,1,1,-0.112098295005667,1,0
694,0.203671466442756,1.3789223296207,0,1,0.0852197404416655,1,1
695,0.410263098310679,0.502336025238037,0,1,-0.612844550419914,1,0
696,0.626838086628228,2.51237362389831,1,1,-0.486325042410875,1,0
697,0.226258393804292,0.84308142744131,1,1,-0.680243958725656,1,0
698,0.0489387853303924,0.344231355018721,1,1,-0.723083450775093,1,0
699,0.875467897392809,1.11310404363626,0,0,-1.58096607005821,0,0
700,0.034182310270716,1.59118957994294,2,1,0.176345352259617,1,1
701,0.274207127280533,0.305561398069204,1,0,-1.12743025878932,0,0
702,0.367958297093377,5.45655978116643,2,0,-0.298948647753535,0,0
703,0.13099312025588,2.00745170426987,1,1,0.76449998341251,1,1
704,1.31938901543617,2.63379379563265,2,0,0.763083227004831,0,1
705,0.0476370871183462,0.185207862068404,2,1,-0.161038674014114,1,0
706,0.716621733270586,0.766502651892581,2,0,1.66206413677363,0,1
707,0.511870775488813,3.63758062509348,1,1,0.300451726730526,1,1
708,0.701207423672833,1.54956947668965,2,1,1.64982120487476,1,1
709,0.0471811331835232,0.694980322121504,1,1,-0.460088764401449,1,0
710,0.0566793150820926,0.404546496137829,2,1,1.41112186429928,1,1
711,0.784920692068346,2.51363840808953,1,1,-1.54477402296074,1,0
712,0.276971738785505,0.863322114663988,1,1,-0.898345307208586,1,0
713,0.284427267324645,0.77716943090356,0,1,1.01302669963007,1,1
714,0.186269736529946,0.830524829949842,1,1,0.484724107156392,1,1
715,0.157126386649907,6,0,0,0.523821391116704,0,1
716,1.05523688014933,2.96907523796144,0,1,-0.761633494920809,1,0
717,1.87484657569768,2.77515657864236,2,0,-0.65052739346701,0,0
718,1.45693969181858,5.98193641427852,2,0,-0.755703209070469,0,0
719,0.509461251661976,2.19113758885745,1,1,0.307182732307261,1,1
720,0.0606049339004499,0.190942827281023,1,0,-0.662437250142152,0,0
721,0.206306292093359,0.945915157063102,1,1,0.199059085563723,1,1
722,0.0554420036496595,0.123066304326746,1,1,-0.73917309023897,1,0
723,1.21717976168135,2.27132998717328,0,1,-0.556993886188882,1,0
724,0.147549138928298,1.83101935733404,0,1,1.45921905900811,1,1
725,1.12156404647976,1.58024135677167,1,0,1.76650575909921,0,1
726,0.00213003662574461,0.471003373467685,2,1,-0.0738678126614138,1,0
727,1.56012742190196,1.93257646652907,1,1,0.583383485509066,1,1
728,0.0768193309104976,0.349031832201691,2,1,1.69299909716048,1,1
729,0.0608298367575598,0.264304392541876,2,1,0.60582240287056,1,1
730,0.364453942456748,0.788079796337136,1,1,-1.55874870832691,1,0
731,0.0818433842540186,0.615843781990352,1,1,-0.126635754844479,1,0
732,0.808299675583839,2.71481765605311,1,0,1.31974954877706,0,1
733,0.133371159026865,0.186152051655753,1,1,-0.733125072539085,1,0
734,1.12454748060554,1.72876834248503,0,0,-0.547143268494786,0,0
735,0.268014206958469,0.456940542728023,1,1,-0.928265063955662,1,0
736,0.295920558931922,0.519795226207964,2,1,0.603109359760868,1,1
737,0.35336261295015,1.48444564535551,1,1,-0.97360593782401,1,0
738,0.848804961398065,2.95826269187837,2,1,-0.756455043063628,1,0
739,0.213468095753342,2.3146827170658,1,1,0.917451015874893,1,1
740,0.028764794988092,0.796626969230407,1,1,-1.46431453477221,1,0
741,2.082980601033,3.26069930721097,2,0,-1.25996790219417,0,0
742,0.0493466923597743,0.372664301345746,0,1,0.780367764810596,1,1
743,0.262618895212654,0.366417890719284,1,1,2.60857392518594,1,1
744,1.26070503890514,4.40453260583578,2,0,-0.313898189036531,0,0
745,0.0188788608647883,0.469205885251724,0,1,-0.343738985288996,1,0
746,0.637832123294294,3.32489197649399,2,1,-0.160867747264965,1,0
747,0.487135682461605,0.648994654969265,1,1,0.494334065547811,1,1
748,0.0940734916366637,0.501613107820352,0,1,-0.257509521069266,1,0
749,0.691054659318199,1.10002083830528,2,0,0.0818097402264366,0,1
750,0.11083545705218,1.19978806343087,1,0,-1.09230308174162,0,0
751,0.431632455438375,1.77777247790381,1,0,0.543645739436408,0,1
752,0.17735395435011,0.664762802411125,2,1,-0.967414850096714,1,0
753,0.363641952652089,2.45529085263216,1,0,-0.249069347428687,0,0
754,0.800731517930336,2.37983648376891,1,1,-0.348379722192998,1,0
755,0.518827305831425,0.826084893986082,2,0,1.80180372567915,0,1
756,0.217558426587879,1.28939531258396,1,1,1.6918474100909,1,1
757,0.0170864986981241,0.487386180708806,0,1,0.545738724281077,1,1
758,0.697366654613808,0.914035907459742,1,1,1.11703245587381,1,1
759,0.0710672963759862,0.575248106946017,1,1,1.69340816368242,1,1
760,0.60811244647187,1.61905357554809,1,1,0.0462024728609628,1,1
761,0.66234270923008,1.69201540151691,2,1,0.826496743356136,1,1
762,0.288546518713702,0.301940362709068,2,1,0.827962693729689,1,1
763,0.412091488251463,0.543167789627111,1,1,1.90744221828935,1,1
764,0.515400578125201,1.34682731900704,1,1,-1.87983033008306,1,0
765,0.881443868391216,3.31618481003598,2,0,0.15014434239098,0,1
766,0.0187380274291861,0.131433713526633,1,1,-0.135913218523008,1,0
767,0.955136251602618,1.61981295106993,1,1,0.893984512650207,1,1
768,0.096243146940959,0.744016315820594,2,0,1.20988346469464,0,1
769,0.195952258363832,3.72532138251214,2,1,0.0929971375409495,1,1
770,0.143044251599349,0.374944243990574,1,1,-0.498608108834473,1,0
771,0.29776968624416,0.721703355996803,1,1,-1.40710114609234,1,0
772,0.308606101025362,1.04153082473236,2,1,0.103768861033737,1,1
773,0.482004460037507,0.995975073637358,2,1,0.792430866361756,1,1
774,0.182676315868914,1.05963548562032,2,1,-0.0609817028701452,1,0
775,0.00809380940590751,1.9810600932049,2,0,-0.233131475383099,0,0
776,0.1655254047364,0.263164835503507,1,1,-1.55526622952331,1,0
777,0.551475660411563,0.676830821011559,2,1,1.53743732618712,1,1
778,0.531314512733036,1.3581627762566,0,0,-0.358126392937019,0,0
779,0.126779326528776,1.09868962938587,0,1,0.802230075131631,1,1
780,0.0503434218915779,1.36937148839291,1,1,-0.256805487268606,1,0
781,1.08448041696101,1.60069615902642,1,0,-0.840358466510376,0,0
782,0.218866433424409,3.49500325643895,2,1,-1.30216232835912,1,0
783,2.98307385957593,3.07672131522985,1,0,0.3031329008795,0,1
784,0.27589183220053,1.29715767378608,0,0,-0.555168460944806,0,0
785,1.40340525481043,6,0,0,-0.732498251120845,0,0
786,0.198408492301553,1.71086217869219,1,0,-0.964031020812032,0,0
787,0.0671717169818287,0.20922282249962,1,0,-1.4404047531615,0,0
788,0.274291163310409,0.380202456576488,2,0,-0.0371905721649227,0,0
789,0.00569218271586741,0.0955968883369188,1,1,-1.88063869615224,1,0
790,0.285453917873852,1.25199815831327,1,1,0.587858528129719,1,1
791,0.379989986470501,1.08115137930192,1,0,1.63417064356712,0,1
792,0.185647945909295,0.259455113047307,1,1,-0.405038220251683,1,0
793,0.85072793936991,2.45591408496218,1,1,-0.137578331964504,1,0
794,3.90030683187728,5.55874222021156,2,0,-1.33648743929646,0,0
795,0.216906036948785,0.518511347262091,1,1,-0.848691208768713,1,0
796,0.185382801641509,0.402018179817753,2,0,1.71818324193435,0,1
797,1.31214510090649,1.42384404105248,2,0,0.51156822936639,0,1
798,0.0128293428570032,0.735139260068536,0,0,0.550395023421282,0,1
799,0.121171383617319,1.18969489038922,1,1,0.907670111207503,1,1
800,0.619501594893456,1.39504243909273,1,1,-1.25482538894292,1,0
801,0.711553762273411,3.35840936439733,0,0,-1.31349390281782,0,0
802,0.595076116186955,1.88118574209511,0,0,-1.17723073706468,0,0
803,1.43903304441812,5.4920452928727,2,0,-1.58552355819678,0,0
804,0.0857674315921031,0.163778323020571,1,1,-0.511133351310897,1,0
805,0.0537051128700205,0.254242084551348,2,1,-0.139481086474902,1,0
806,0.786707645443114,2.59912712973066,2,0,-0.749563595655179,0,0
807,0.228143575659487,1.16065392522166,1,1,-1.83427819524957,1,0
808,2.53001134834232,3.54368184782965,2,0,0.0111854264564564,0,1
809,0.556757730431855,1.53381266003398,2,0,1.20851525424741,0,1
810,0.138859032595064,0.359941734336274,2,1,0.0151402532252006,1,1
811,0.331261679239105,0.759098876243851,1,1,0.096461394340053,1,1
812,1.30162163823843,2.30806594928896,2,0,0.13651207247108,0,1
813,0.46059110605555,0.857696011169953,1,1,1.21847045768981,1,1
814,0.781791558812194,2.46183553091639,2,1,-0.143202277810603,1,0
815,0.931066655052947,1.24780377720986,2,0,-0.595898557090609,0,0
816,0.64646291893144,2.42656729101679,1,1,-0.404331391413964,1,0
817,0.258246179146226,0.553744559625321,2,1,1.21600506060068,1,1
818,0.888068267144263,1.4543879954655,2,0,0.158280875496846,0,1
819,0.44967015273869,0.720728232126916,2,0,0.164954808287826,0,1
820,0.526909931187339,1.35610061144834,2,1,0.644901284608392,1,1
821,0.114521685172804,4.98241221560531,2,1,0.0884300228288651,1,1
822,1.58654690152946,2.12407891342821,2,0,-0.486307405729817,0,0
823,0.383150159614161,0.62480109372286,2,1,0.62879246010195,1,1
824,0.49183504081661,3.62070580080255,2,0,0.765703681942107,0,1
825,0.13220046274364,1.29998977216689,1,0,-1.37456080453541,0,0
826,0.525726554526919,3.72139454004595,1,0,-0.420580563115319,0,0
827,0.288777917920779,2.15955046820496,2,0,0.0423314197647207,0,1
828,0.494401959559702,3.18377140793764,2,1,-0.838742165133646,1,0
829,0.185653660668005,1.94391790310381,1,1,0.23643551295236,1,1
830,0.707434050738811,0.852581549246483,2,0,-0.561237894448577,0,0
831,1.88672987205994,2.91777026216757,2,0,-0.160022090627441,0,0
832,2.55031587175074,3.30156606485805,0,0,-1.17448105040088,0,0
833,0.517195242547251,1.50611203187261,1,1,-0.198975307488241,1,0
834,0.0487709061055248,0.519225170883768,2,0,-0.339345472238456,0,0
835,0.0437890253961086,2.2651988259708,0,0,0.923258330431241,0,1
836,0.156441360712051,1.17765192875218,2,0,0.37887301686696,0,1
837,0.0519989101652797,1.99884191773999,2,0,1.16164208884729,0,1
838,0.330748950364068,0.43267384517405,1,1,-1.7644296065636,1,0
839,0.0143007793861617,0.119684983319963,2,1,1.12579347028068,1,1
840,0.0180395946256086,2.36693988707543,1,1,0.00558012594991641,1,1
841,0.105718201375566,0.298124271288519,2,1,2.19984961830251,1,1
842,0.654677351677612,1.61833501610305,2,1,1.1539243579326,1,1
843,1.36397877894342,2.02374229969738,1,0,-0.997745959418511,0,0
844,0.190563402720727,0.545555717099582,1,1,-0.79876725854285,1,0
845,0.653609025292099,2.80913737708497,2,0,-1.37626052129498,0,0
846,0.092634791508317,2.38074976366432,2,0,0.36407788027389,0,1
847,0.129138819174841,0.341167291096537,1,1,-1.67146523199198,1,0
848,0.154599087545648,0.492370590104845,2,1,0.000308835257123563,1,1
849,0.10348479810346,4.1319148397694,0,0,-0.608817583182101,0,0
850,1.24647635221481,1.56502609610461,2,0,1.39131807666268,0,1
851,0.015697049384471,1.33873726206976,0,1,-0.0748253378133028,1,0
852,0.236568405000762,0.282053185793672,1,1,1.03904542071306,1,1
853,0.167397430632263,0.554071375090296,1,1,1.52285067147327,1,1
854,0.0722301605318325,3.04587446994422,1,1,0.540477339526763,1,1
855,0.727707543410361,0.841798237413149,2,0,0.501678163843565,0,1
856,0.23898867511889,1.95925282790987,0,1,-0.448716618310296,1,0
857,0.214168967349028,0.509822794926252,2,1,0.85174109763731,1,1
858,0.034712812921498,0.0618472341612003,1,1,-1.49811993076535,1,0
859,0.465950639918447,4.80882824095947,0,0,0.67837936089468,0,1
860,0.0105668534524739,0.656667249954576,1,1,-1.04123831649047,1,0
861,0.00477384339319542,0.381407739313087,2,1,1.2247886849073,1,1
862,0.0381598451995549,2.99332454611719,1,0,-0.0731174992726637,0,0
863,0.0223233288460712,0.58253722024117,1,0,-0.648874223100245,0,0
864,1.53290076988323,3.09492860009198,1,1,-0.229908283112528,1,0
865,0.992174040526152,2.64079316278738,1,0,-1.16875290133805,0,0
866,0.0649054629669384,1.45875092823961,1,1,-0.59337750635106,1,0
867,0.200521763414145,3.399238086616,0,0,-1.24682474722018,0,0
868,0.825509062968194,5.36354040407656,2,0,-1.26630428457444,0,0
869,0.0120158393245273,1.10973864636628,1,1,-0.39058305443176,1,0
870,1.0629523731243,1.46192712739594,2,1,0.742528430470463,1,1
871,0.182137262017932,1.0421137791127,0,1,-0.48306631983857,1,0
872,0.463757619564151,2.75376663551919,2,0,-0.235862631679543,0,0
873,0.646869552683612,0.867717362192413,1,1,-1.05453347819577,1,0
874,0.0606575757265091,0.871295561556142,1,0,0.709301956983787,0,1
875,0.292824367934372,1.93596456199884,0,1,-0.891431506962885,1,0
876,0.198143009261431,0.370015278458595,0,1,0.281510264768246,1,1
877,0.807452570853576,1.72768347830638,1,1,-0.81426012869472,1,0
878,0.702842590457308,5.20692056157761,1,0,-1.01386863026119,0,0
879,0.0387555445195176,1.40270128608441,1,1,0.508414768242199,1,1
880,0.131004017729964,0.160598481394448,1,1,-0.00530022659943577,1,0
881,0.695554062539877,1.10117174057115,2,1,-0.151540072247713,1,0
882,0.314418938137917,0.944770958793602,1,0,-0.970843515430215,0,0
883,0.348967090249062,0.978271628967206,1,0,-1.43483744632126,0,0
884,0.276080878975336,2.18029348649194,1,1,-0.699684819575555,1,0
885,2.49727880946341,3.68519253097475,0,0,-0.931165593638298,0,0
886,1.41248691605076,1.58119848245619,0,0,-0.195718803519597,0,0
887,0.429557614028454,1.2307723467018,1,0,1.95061632587453,0,1
888,0.153016538824886,0.410072094039678,2,1,-0.718251553282871,1,0
889,0.454649743624032,0.494325206958186,1,0,2.02930283464739,0,1
890,0.0659091639681719,0.637299974138538,0,1,0.129481230663985,1,1
891,0.46752988120514,0.910076108050629,1,1,1.48617334274687,1,1
892,0.143674894061405,1.67920725613089,2,1,-0.537748686657165,1,0
893,0.0509100973265117,0.768971679635697,1,1,0.866785333508738,1,1
894,0.0839188565274599,2.06429948302529,1,0,0.142922058523713,0,1
895,1.16644249577075,1.35847340027491,0,0,-0.306950252285986,0,0
896,0.0135612525627948,0.549401974395984,2,1,0.305031435909694,1,1
897,0.268043073883746,0.648246562225315,1,1,-0.70063740612293,1,0
898,0.0399811360985041,0.0927508676544432,1,0,-0.598652857015496,0,0
899,0.357154780940618,1.07316979044847,1,1,-0.659838630725125,1,0
900,0.729566256515682,1.40730229647325,1,0,1.36970889399758,0,1
901,0.724702187813818,1.25188521871367,2,0,-0.246087456291744,0,0
902,2.22252062513473,2.43883202635998,2,0,0.0872238092540011,0,1
903,0.453991877064369,1.39959597263764,1,1,-1.0828706347641,1,0
904,0.2255293648558,0.426505907956659,1,1,-1.19087009428247,1,0
905,0.186888260766864,0.955237400017487,2,0,0.548128674678839,0,1
906,1.78834205017167,2.88954963431569,1,1,-0.00198878593060019,1,0
907,0.0287225833744742,0.865551250065086,1,1,-0.979952532613148,1,0
908,0.779972647316754,1.66099423775966,1,0,-1.47004218530313,0,0
909,0.534723543652155,1.61306561846761,2,1,-0.288026435982725,1,0
910,0.931574088521302,1.52223814354316,0,0,-1.14457456793937,0,0
911,1.3918569513985,2.12633639990346,1,0,0.19783567507226,0,1
912,0.152472532354295,0.628035423657868,2,0,1.53479184922039,0,1
913,0.187561337374159,0.194541855678041,1,0,-0.770716843893027,0,0
914,0.420448734657839,0.545697398150013,1,1,-0.201943501407102,1,0
915,0.30716122884769,0.395068547950071,1,1,-0.280137727940774,1,0
916,0.0746674967177759,0.254346118069834,2,0,-1.26508475981711,0,0
917,0.938377038575709,3.24261495533089,0,0,0.664933091244813,0,1
918,0.0552172082825564,0.860280037547151,0,1,1.24721728899075,1,1
919,0.114733177237213,1.27782888645621,1,0,0.156130421970881,0,1
920,0.0546527506253589,6,0,1,-0.328032513299488,1,0
921,0.105029649501108,1.11482094437108,1,0,0.583221903943593,0,1
922,0.858034375097424,1.45645708754444,1,1,-1.16357972129375,1,0
923,0.425948642368894,0.428761728878726,1,1,0.0588571158515822,1,1
924,0.160123332461808,2.90820186279994,2,1,0.0387434783449441,1,1
925,0.511580160225296,2.06820444767827,1,1,0.842931775503762,1,1
926,0.252012783661485,5.67144920188521,2,0,-0.219032240839286,0,0
927,0.331952698179521,6,0,1,-1.19035796487234,1,0
928,1.01496343500912,1.72880068749821,1,0,-0.47389356654723,0,0
929,0.122527477839512,1.44861406854187,1,0,-0.5288187289114,0,0
930,0.84919817186892,1.07215994102862,2,0,0.488622880590587,0,1
931,0.0310039278701879,0.832471797425807,2,1,0.573452204262884,1,1
932,0.386149005789775,0.911975332372807,1,1,-0.597369386110386,1,0
933,1.58518446220506,1.83190060052378,1,0,-0.393218688709851,0,0
934,0.15629296284169,0.523160522009712,2,0,2.99718355363706,0,1
935,1.08783091063948,1.37988833130091,1,1,0.294534179367197,1,1
936,0.0581064811558463,0.826699755821946,1,1,0.471111671732111,1,1
937,1.14949753735551,3.75635598798469,1,1,-0.468496719389579,1,0
938,0.443345501527012,2.20415486723048,1,1,0.11658625069295,1,1
939,0.999153474553214,1.74638574456825,1,1,0.457555701607642,1,1
940,0.430058753117919,0.503214648220773,2,1,1.26939933286369,1,1
941,0.31047222437337,0.874936750429163,2,1,0.659717918175783,1,1
942,2.95230406133418,2.98233708056311,0,0,-0.711202815082025,0,0
943,0.0554403327405453,0.87199048485008,0,0,-0.546409019156508,0,0
944,1.65334015937348,6,0,0,0.147087507940243,0,1
945,0.00599808932747692,0.477838435045314,1,1,0.334332249158168,1,1
946,0.173625560419168,0.279574867461105,1,1,1.7979890546678,1,1
947,0.267558388411999,0.615027936853676,2,0,0.936361784352046,0,1
948,0.0451717026647733,1.20375646529084,1,1,-0.26111708525183,1,0
949,0.249708735791501,1.77652712131761,2,1,-0.0523875124636338,1,0
950,0.263932435482275,2.6642431803447,1,1,-0.0636816329539837,1,0
951,0.261593289945773,1.88054122152711,2,0,0.982363861381306,0,1
952,0.698733507280059,1.35557929471578,2,1,0.166260907564664,1,1
953,2.0406778807843,6,0,0,-0.634513031845893,0,0
954,0.806899732776454,2.77450223122406,0,1,-0.936365416599089,1,0
955,0.360574533840886,0.585249376184767,1,1,-0.340412525131427,1,0
956,0.243316461332142,1.04406283337505,1,0,-0.619940588370471,0,0
957,0.269864638875359,1.77487234094992,1,1,-0.726073701594118,1,0
958,0.041923634998966,0.26478888429173,1,1,-0.965179320174198,1,0
959,0.0745292735640932,0.939528510157005,1,0,-0.601010005080197,0,0
960,0.954436709173024,2.69899275312322,2,0,0.549324650783159,0,1
961,0.460698132547368,2.18595388845948,1,1,0.99158638819151,1,1
962,0.16028960470612,0.451543639872578,1,1,-1.16346116978118,1,0
963,0.355599165894091,1.92880309280568,1,0,-1.22890940416276,0,0
964,0.225089131563436,2.76960050146075,1,1,2.20201627254381,1,1
965,0.498584359162678,0.665716202108971,1,1,-0.707436453669968,1,0
966,0.314042963727843,0.891914323712659,1,1,-1.01274706537791,1,0
967,2.23021905969979,3.58353376914303,1,1,-0.385863300071855,1,0
968,0.266418964602053,3.09976393628839,1,0,-0.0859666548169488,0,0
969,0.235466275364161,0.261979681048189,1,0,-1.3008784038543,0,0
970,0.0181443433571217,0.546705238898951,1,1,-0.434749184108158,1,0
971,0.0238780915969983,1.26132205960593,1,1,0.0116879148775941,1,1
972,0.117394213766999,0.955370349979416,2,0,0.543601372097035,0,1
973,0.27466020360589,0.880281952308185,2,0,1.48906422981546,0,1
974,0.0449168225750327,0.935657758298082,1,0,0.343911027488323,0,1
975,0.0651074276538566,0.675575227890924,0,1,0.909247204685646,1,1
976,0.20802021259442,1.05208004569297,1,1,0.43202236362717,1,1
977,0.134869915491436,0.415936147002736,2,1,-0.660194865128356,1,0
978,0.0345832193852402,0.412815814616151,1,1,-0.71273705520221,1,0
979,0.152267398079857,0.201578474707842,1,1,0.654003011773641,1,1
980,1.87951422533095,1.88685527913977,1,0,0.0492803122852898,0,1
981,0.0702717923114381,1.65772037401608,1,1,0.454466825066396,1,1
982,0.1980973125319,1.38213250578925,1,1,-1.00399825943283,1,0
983,0.090906756820051,0.102832946992078,2,1,-0.813600803212775,1,0
984,0.501634944011946,2.38028941735832,1,1,-0.44018823895026,1,0
985,0.686446556329549,0.756672017808729,1,1,-0.594811374353437,1,0
986,0.240372657987981,2.06178803617756,0,1,0.737244824676534,1,1
987,0.185074051867575,1.17802104266937,0,1,0.473253424550399,1,1
988,0.84516567350068,1.07461783468589,2,1,-0.24183761247081,1,0
989,0.523594547968179,0.942077871498096,2,1,-0.333144907378978,1,0
990,0.0609107362106442,0.6830214814729,2,1,2.22154693612718,1,1
991,1.43971606499089,1.629946883371,2,1,-0.44386804684046,1,0
992,0.281005905708298,0.449591595668927,2,1,1.42440479898273,1,1
993,0.599985619075596,1.19144412068029,0,0,0.207290621199282,0,1
994,0.764905270162791,1.28421800581077,2,1,0.214981346875825,1,1
995,0.10437882791971,5.61328779290235,2,0,-0.903529885899111,0,0
996,0.485327919763917,1.95583998454977,1,1,0.790517043265044,1,1
997,0.214229264814538,0.502762585726635,1,0,-1.32371495137866,0,0
998,1.06797787102829,1.11786766924888,1,1,-1.38794857366967,1,0
999,2.44786730400267,3.23053020371112,1,0,0.191102439197346,0,1
1000,0.857098454432296,4.94567125500165,2,0,-0.579086781724566,0,0
1001,0.260849195765331,0.997626182776777,1,1,-1.02118163176068,1,0
1002,0.339416534989141,3.17953091661331,1,1,-1.41339025268183,1,0
1003,0.711267123930156,1.51148320367417,1,0,1.70292552171199,0,1
1004,0.605086006663561,0.792136307837687,1,1,0.0381527805229716,1,1
1005,0.745665184222162,0.763803885154251,2,0,0.0922139854630943,0,1
1006,0.196390761702787,0.622202631444265,1,1,-0.14364338558168,1,0
1007,0.357490495953243,0.698602243019466,2,1,0.66784190986764,1,1
1008,0.655085773217159,2.74364880596598,0,1,0.386194321305979,1,1
1009,0.133911397133488,2.40311725344446,1,1,1.80689533157375,1,1
1010,0.20961410372016,0.856279380716308,1,0,-0.69975523170871,0,0
1011,3.19425844406641,3.3465125564792,2,0,0.0305991740591557,0,1
1012,0.0363180246204138,1.5515676420182,0,0,1.10975476184414,0,1
1013,0.639216300306663,1.20934263007633,1,1,0.358188912029117,1,1
1014,0.465459535919796,1.1905628582356,2,0,-0.470918478623771,0,0
1015,0.45104239133355,1.49442609831005,1,1,2.29538213982865,1,1
1016,0.844493286684155,1.06706101434035,1,0,-2.63162431396249,0,0
1017,0.148952966555953,0.581181208780969,1,0,-1.16880100366976,0,0
1018,0.0533542377525009,0.765517113612344,1,1,-0.867787298846195,1,0
1019,0.182953506882768,0.969197711122154,2,1,1.82021675406594,1,1
1020,0.623758414268315,0.975038960364052,2,1,0.551184400413692,1,1
1021,0.12342897835048,0.395890905433805,1,1,-0.631897660657604,1,0
1022,0.369293962430675,1.97784493057433,0,1,-0.843325562114078,1,0
1023,0.256655125704128,0.257466834443491,1,1,-0.605982202682075,1,0
1024,0.0108821783214808,0.273150993814614,1,1,1.71287300666378,1,1
1025,0.0313528337933517,1.12289785268706,1,1,0.221043191289507,1,1
1026,0.429296052753147,1.056197443977,0,0,0.0942617152496551,0,1
1027,0.370713151060045,0.601699922192364,1,0,-0.00794502245149484,0,0
1028,0.00965737737715244,0.075658082471685,1,1,-1.11433921953524,1,0
1029,1.88326743948129,3.88234592444341,1,0,1.22084956313051,0,1
1030,0.344853483838961,0.558907635862243,1,1,0.624506844063747,1,1
1031,0.565356998096041,0.938905089473841,1,1,-1.60049282012859,1,0
1032,0.303732010361273,0.682175077818182,2,1,0.0160978058076382,1,1
1033,0.273931148461998,0.779468519613147,0,0,-0.347014755614672,0,0
1034,0.645795462653041,0.971198912391923,1,0,0.918566856094068,0,1
1035,2.29892428397181,4.42207723755162,1,0,-0.673411407012923,0,0
1036,0.298737369238328,3.35756207902214,1,1,0.635539510120509,1,1
1037,1.03077745810151,1.11924314426817,1,0,-1.60519468268901,0,0
1038,1.36505790520459,5.86826342068553,2,0,-1.88904135429939,0,0
1039,0.18082572001731,1.13181409778623,1,1,-0.807775345368992,1,0
1040,0.329351733089425,0.860376681744162,1,1,-1.02068218978905,1,0
1041,0.315050795325078,0.506533102530386,1,1,0.639742453469901,1,1
1042,0.238488534949347,0.242587626778769,1,1,-0.942966189550135,1,0
1043,0.607730704915531,1.27741656324301,1,1,1.61710576725554,1,1
1044,0.219224319153,0.855910389999727,1,1,-0.602022374547844,1,0
1045,0.0425054255174473,1.31666443151907,1,1,-1.38125512510409,1,0
1046,0.141237169192159,1.13766039721668,0,1,-0.664405597867732,1,0
1047,1.79201929821613,6,0,0,0.794584756522233,0,1
1048,0.381543169787619,3.17798309137484,2,1,-0.640437219059115,1,0
1049,0.358608008362353,0.688319684486827,2,0,-0.0752874469595669,0,0
1050,0.0253395306907022,0.606032852688336,1,0,0.921108617103506,0,1
1051,0.276004688639659,0.436562435238209,2,1,0.988360622115598,1,1
1052,2.37103563856536,3.30879725741941,2,1,-0.284871631714446,1,0
1053,0.745257176458836,1.37375224076746,1,0,0.941255370526095,0,1
1054,0.747419410385191,0.873975093603079,1,0,0.9498890273329,0,1
1055,0.278335874900222,1.25090460020808,2,0,0.82853625650024,0,1
1056,0.909936724230647,3.22236273215307,2,0,-0.526649255049969,0,0
1057,0.284150550887695,1.399538698794,1,1,0.280503762729339,1,1
1058,1.33850070989265,1.45170669328203,1,1,-0.905041164994759,1,0
1059,0.952173116616905,3.49411511134336,2,0,0.188357910106639,0,1
1060,0.167986878172907,0.636449225363958,1,1,-2.19183064511002,1,0
1061,0.94311802759172,5.44371278928526,0,1,0.223721491423223,1,1
1062,0.0139464465901256,0.925590214153622,2,0,2.20100526300303,0,1
1063,0.248772837221622,2.38437340905269,0,0,-0.0210215368338427,0,0
1064,0.434394855508513,0.479692723041326,1,1,1.55400744476695,1,1
1065,0.0796620275159366,0.763133206134289,1,1,0.242188328525034,1,1
1066,0.4176905946224,0.532660961491372,1,1,-0.792412729078959,1,0
1067,0.214032685384154,0.381362044933236,1,0,-1.33109057850005,0,0
1068,2.11215216099265,3.41045493880908,0,0,-0.182114898229467,0,0
1069,0.936431582781042,1.68811134141998,1,0,0.347524847804149,0,1
1070,0.266780165810463,0.781651951752985,1,1,0.533581278248277,1,1
1071,0.238570814123151,1.57670303938543,2,1,-0.727844894098783,1,0
1072,0.359497261815704,0.378002526721898,1,1,1.63984779650779,1,1
1073,0.160975489707198,0.851500486921921,1,1,-0.763661793850897,1,0
1074,1.70960864628164,2.40228770253003,1,0,0.106391724435881,0,1
1075,1.70816383665933,2.01863845597456,1,1,0.584992636307378,1,1
1076,1.41357228896561,1.6570724681295,2,0,0.964776343030586,0,1
1077,0.0348769914126024,3.18375777247488,1,1,-0.0157440730961273,1,0
1078,0.121885015978478,0.779904869880374,1,1,-0.521074255149306,1,0
1079,0.459027905040249,1.98816568117151,2,1,0.0309986019690705,1,1
1080,2.18633734966869,2.70720132891436,0,1,-0.710957335501044,1,0
1081,0.352556900179479,1.49905136958926,1,1,0.00271770465558408,1,1
1082,0.546280129299792,0.99798353698506,1,1,-0.331942123143168,1,0
1083,0.277279779314995,0.867257514132616,2,0,0.548057996411206,0,1
1084,0.10415498137369,2.71943021648962,2,1,1.32331167796742,1,1
1085,0.243879762128927,0.80455098958144,1,1,-0.933096568180015,1,0
1086,0.139973477114957,3.40696177216055,1,1,0.323432943108451,1,1
1087,0.0181137176180668,0.0298061867148021,1,0,1.2465820316582,0,1
1088,0.072328174326965,1.40816119714531,1,1,1.05246205534665,1,1
1089,0.560868986623183,2.02290179939733,1,1,-1.39262264254303,1,0
1090,0.763409425341811,0.88206514942222,2,0,1.04625980248005,0,1
1091,0.29009993741056,2.93667802032409,1,1,0.630140882583064,1,1
1092,0.244388285154559,1.06284556232921,2,1,-0.615654855104541,1,0
1093,0.0891669858247042,0.235335010393848,2,0,1.59089833272985,0,1
1094,0.19303902372485,0.384377162002006,2,1,1.32215110237573,1,1
1095,0.425941938197363,0.983081291844228,0,0,-0.418013220519516,0,0
1096,0.161387074913364,0.323671109652153,2,1,-0.887082235254203,1,0
1097,0.221753101213835,0.504309343193731,0,1,0.93491616065399,1,1
1098,0.644264171688639,0.744229588609103,2,1,0.526401097482951,1,1
1099,0.0700228221761677,0.219303832174804,1,1,0.853438904319203,1,1
1100,0.635028312654987,4.43615731716602,1,1,0.0828622081273767,1,1
1101,0.624096586808384,1.28093094354145,1,1,-0.387872870885779,1,0
1102,1.14992680773139,3.69112333002872,2,0,-0.51786095225025,0,0
1103,0.583769589985542,0.686115031944177,2,1,-0.881744310960095,1,0
1104,0.155011803843081,2.26904042958016,2,0,-0.320821405082501,0,0
1105,2.07845531768146,4.06570728398736,2,0,0.774043288239289,0,1
1106,0.867993968968654,1.93560702213136,1,0,0.589659801208049,0,1
1107,0.368816536357653,1.29908448348556,2,0,0.776276354134441,0,1
1108,0.466190980488256,0.477372196198888,1,1,0.791468247117674,1,1
1109,0.311704439227469,2.41751428288045,0,1,0.0294877329369562,1,1
1110,1.85592960930409,2.84675430737914,1,0,-0.678214708821238,0,0
1111,0.19007763734293,0.575359939698572,1,0,-0.730184980252222,0,0
1112,0.437953693792224,0.879042595447011,2,0,1.06064619002306,0,1
1113,0.0420351687353104,0.9633627321544,2,1,0.841267764350317,1,1
1114,0.12952560413396,0.886631047086392,2,1,0.915562406305373,1,1
1115,0.627512868933201,0.982472894358085,1,1,-1.3421132771835,1,0
1116,0.0225866702385247,1.49194314246491,1,1,-0.107403181487327,1,0
1117,0.765784802471109,1.80351845555428,1,1,0.538935824003854,1,1
1118,1.08516306057572,3.11389027359055,2,0,-1.94597643483293,0,0
1119,0.391770968853962,0.720708604817154,2,1,-0.173479328483275,1,0
1120,0.0871964582681432,0.147542171520316,1,1,-1.18531359850425,1,0
1121,0.344440938788466,5.48787417607057,1,1,-0.213493569087251,1,0
1122,0.695136267691851,4.17629153778156,0,0,-0.623361630584154,0,0
1123,0.745715790518381,1.07931269340716,1,1,-0.332035515697375,1,0
1124,0.173790151020512,3.80323172160635,1,1,-1.13880747713932,1,0
1125,0.210131665226072,0.459606885109846,1,1,-1.85980872270955,1,0
1126,0.236142268695403,2.87631383484821,1,1,0.0715176956722861,1,1
1127,0.226063674781471,0.272461162022904,2,1,1.7384215989628,1,1
1128,1.0334199462086,3.92709882927465,1,0,0.406034818832958,0,1
1129,0.0666647087782621,0.501877002627759,0,0,-0.624636347548872,0,0
1130,0.130957857831047,0.290493489716989,1,1,-1.06517961250096,1,0
1131,0.302958245989202,0.918461608711493,2,1,0.465206768865951,1,1
1132,1.18078882218675,1.23347376671543,1,1,-0.319747266116681,1,0
1133,0.458266873771286,0.648675269045359,1,1,1.72481377767012,1,1
1134,0.105045524425805,0.914694566888734,2,0,0.1310080311229,0,1
1135,0.123283789493144,1.0101000848837,1,0,-0.340047694767667,0,0
1136,0.270957639577475,0.506395150252192,2,0,-0.180328852396734,0,0
1137,0.100966826430522,1.83835560387072,1,1,-0.166092164826649,1,0
1138,0.183291212302493,0.378796795429487,1,1,-1.43910125283276,1,0
1139,0.190359905362129,6,0,0,0.431953736687377,0,1
1140,0.281278246256988,2.20310689895649,1,1,0.797435827790346,1,1
1141,0.551417632028461,0.693646005780003,1,0,0.54836546228735,0,1
1142,0.116363132372499,1.1903499303822,2,0,2.43035299341174,0,1
1143,0.29927496984601,0.321548557471308,1,0,0.878761680568679,0,1
1144,0.0857573636183667,0.219967493985126,1,1,-1.00719765317525,1,0
1145,0.735919763075009,1.46215633290596,0,1,-0.372529594510843,1,0
1146,0.0170128333960902,0.852926345867844,1,1,1.29387809375852,1,1
1147,0.033414501197241,0.2767614828714,1,1,-0.886662640383844,1,0
1148,0.590623298168004,0.901070700577026,2,1,0.550717187781849,1,1
1149,0.530470791246563,1.6910157559874,2,1,1.36590406600957,1,1
1150,0.0237706542980013,0.0271972038237696,2,1,-0.0358716358001042,1,0
1151,0.669287181200281,0.810719349933481,1,1,-1.48577475235492,1,0
1152,0.115394335007295,0.258866318092753,2,1,0.426930133308502,1,1
1153,0.153567995876074,1.55321357416502,2,0,0.568594636710803,0,1
1154,0.167748348787427,3.80679385256662,2,0,0.342767008836905,0,1
1155,0.563637166024938,1.4079957952102,0,1,-0.773880481479169,1,0
1156,0.38209494302067,1.19475255113966,1,1,-0.0814421273196131,1,0
1157,0.238460935070179,0.388974531131469,1,1,0.278341812837825,1,1
1158,0.395022704266012,2.68512783676909,1,0,0.286174990967286,0,1
1159,0.712134004271436,1.06137438842773,1,1,0.499983492526708,1,1
1160,0.268570111133158,1.77782693575815,2,0,-0.0993922194751198,0,0
1161,0.257436737883836,0.589563678950071,0,1,-0.319444595029313,1,0
1162,0.269394094648305,0.706127112736546,1,1,-0.542563634910993,1,0
1163,1.00263848608904,1.86365873984126,1,0,-1.32906214707624,0,0
1164,0.154996373457834,0.522961602230485,2,1,0.461108140819431,1,1
1165,0.317490235611331,0.549138551498851,2,1,1.15104977946368,1,1
1166,0.22424228572185,0.312855884999684,2,0,0.944641888388869,0,1
1167,0.175037279615184,0.336111448044076,2,0,0.653559298261905,0,1
1168,1.71572621158304,4.07653421058272,2,0,0.547017240446216,0,1
1169,1.8062535951636,2.19657024617539,1,1,0.724141686350447,1,1
1170,0.434401903331816,1.29942084047259,1,1,-1.5756422083387,1,0
1171,0.159838238614611,1.01019340689289,2,1,0.33137996450997,1,1
1172,0.201454789429945,0.202930905887559,2,1,0.47758382747801,1,1
1173,0.271198786591559,1.09708138338149,2,1,0.0124846108531785,1,1
1174,0.838797848529004,3.37037650544066,2,1,0.283617218055683,1,1
1175,0.834329860284925,1.15198169277603,0,0,0.372997857550297,0,1
1176,0.825454675592482,0.906191712454567,2,0,1.73163440737361,0,1
1177,0.0863624815186251,3.61995008757912,1,0,0.809099837937379,0,1
1178,1.96101965184715,2.76896419145461,1,0,-0.0863927658731286,0,0
1179,3.4181456559456,5.34698855581009,2,0,-0.867369370907399,0,0
1180,0.135257484391332,1.72380922556592,2,0,-0.203142134317523,0,0
1181,0.0350783625617623,0.644507857800002,2,0,0.417323172664172,0,1
1182,0.00402849638117747,0.497208792132473,1,1,-0.156536219279982,1,0
1183,0.957904755174116,1.22698540973949,1,1,0.810258401416883,1,1
1184,0.392050173693359,0.627080498525116,1,0,-0.294867930887233,0,0
1185,0.242474597180262,0.374008243282636,0,1,-1.88991337763337,1,0
1186,0.394366274122149,1.06346263687414,1,1,-0.382651017258455,1,0
1187,0.603965522595653,1.87353285029531,0,0,-1.29138706085172,0,0
1188,1.09389631077647,1.49186163701679,2,0,2.21273965058554,0,1
1189,0.731453600339592,1.34353036406842,1,0,-0.944704201609775,0,0
1190,0.819171469166696,2.12840549253535,2,1,2.08379295935613,1,1
1191,0.281816403730772,1.17252032701422,1,1,-0.155535806747416,1,0
1192,0.0853718783571307,0.180368582173597,1,1,-0.660971916578919,1,0
1193,0.0213443275760168,0.192746382623029,2,1,1.9429941322647,1,1
1194,0.970378942967966,1.05085234240703,1,1,1.30508753656082,1,1
1195,1.4047423544431,5.31559745197241,2,0,-0.52958457608262,0,0
1196,0.0278303511440754,0.0558782772471507,0,0,0.92147600045391,0,1
1197,0.508676444577795,2.91200933657903,1,0,1.11852039826334,0,1
1198,0.322262385112185,0.325842718149535,1,1,-0.611406757581768,1,0
1199,0.0237335747806355,0.1509577098644,1,1,-1.07424662538585,1,0
1200,0.171701124728362,1.67153956855789,2,0,-0.398422317327299,0,0
1201,0.362595726567799,1.37737590379166,1,0,-0.227703269753785,0,0
1202,0.18653266493207,0.269022486921348,1,1,0.496001822019198,1,1
1203,0.277577927250443,1.58000647917714,2,0,-0.893625676126279,0,0
1204,0.0537063551018946,2.00064984503267,2,1,-0.246117557360091,1,0
1205,0.10586438322207,1.33596399711775,2,1,0.354357864181591,1,1
1206,0.275069823546801,0.667687005740982,2,1,0.354694703677488,1,1
1207,1.08183651109563,1.66553389712528,1,1,1.38667809313554,1,1
1208,0.0527269478008554,2.57957693499823,0,0,-1.23259092673062,0,0
1209,0.18166658036813,0.981982232318528,0,0,0.362345566811685,0,1
1210,0.0345295667617377,1.38145761717905,0,0,-0.774136731746533,0,0
1211,0.0916208073613234,0.694486727726378,1,1,1.04319863033794,1,1
1212,0.00203949195565656,0.231400684361778,2,1,-0.234802343219235,1,0
1213,0.18404936324805,0.754515523163264,1,0,-0.0833370535411984,0,0
1214,0.389036805427168,0.590830296417485,0,1,0.329263884402725,1,1
1215,1.49234995610061,5.39366891548996,2,0,0.512711027415552,0,1
1216,0.159827446565032,0.730706771527553,2,0,-0.908780342222284,0,0
1217,0.222199991303806,0.849394173173599,1,1,-0.855607247479579,1,0
1218,0.753164098106146,3.07662165900964,1,1,-0.575065293512085,1,0
1219,0.357969594188035,0.377141647421241,1,0,0.400979665682307,0,1
1220,0.130962734913072,0.431209526527428,2,1,1.61950867559889,1,1
1221,0.26272463350324,0.265556998364129,1,1,0.410811243442483,1,1
1222,0.216543679086455,0.50527663350987,2,0,0.465282311883745,0,1
1223,0.837336768137112,1.99311701486693,1,1,1.16911983684382,1,1
1224,0.209434753305424,0.96116043937703,0,0,0.10870654490017,0,1
1225,0.547903626548879,0.945823786397751,1,1,-0.638903925223114,1,0
1226,0.0279968117973926,0.0474187870650546,1,1,0.391118917934804,1,1
1227,0.00582919127923515,0.20609644032611,1,1,-0.703924872052578,1,0
1228,0.24293245206313,0.244264723928021,1,1,-0.580921875743061,1,0
1229,0.555601698553011,1.34733595822625,1,1,1.13294938632154,1,1
1230,0.83586582634598,1.59870821506805,2,0,2.30965748196132,0,1
1231,0.481191788365196,0.575483124380911,1,1,-0.0304905839690669,1,0
1232,0.0342419845401309,2.70003695119951,1,1,0.992694342611148,1,1
1233,0.910956920545904,1.77724889720946,1,1,-0.78301889578137,1,0
1234,0.078757889859844,0.714175141572721,0,1,1.63607011973259,1,1
1235,0.101697054141789,0.823283933277294,2,0,0.899568665749761,0,1
1236,0.131689909321722,4.04554978944361,0,1,-0.191591311870634,1,0
1237,1.08047673357056,2.040506537857,2,1,0.00460001461564846,1,1
1238,0.410267728148028,1.53610251886619,1,1,-0.461545059964114,1,0
1239,0.10140407784284,0.609677646631284,2,1,0.258826537749631,1,1
1240,0.142484831158072,0.732067722414965,0,1,-0.592418851083864,1,0
1241,0.326988668181002,0.499998600884019,1,0,1.1805520922747,0,1
1242,0.21106144040823,0.821282127108925,1,0,-0.967518197948528,0,0
1243,0.754294567741454,1.77747336837153,0,0,-0.00849972021167273,0,0
1244,0.823256532661617,6,0,0,-1.4935090759831,0,0
1245,0.0511210128067851,1.81766569247375,2,0,1.73485784088823,0,1
1246,0.498566284849204,2.38410036545701,1,1,-0.178733851363033,1,0
1247,0.138993966393173,1.79675412437854,1,1,0.303527735837994,1,1
1248,0.117659342067782,1.05216740288006,2,1,-0.336762791320182,1,0
1249,0.796921461820602,1.36432109711071,0,0,-0.189635672187261,0,0
1250,0.585227188593769,1.79338211998577,1,0,0.0707595466652183,0,1
1251,0.519314872100949,1.15328240887986,2,0,1.07798561215685,0,1
1252,1.8442801529351,1.88158490211729,1,0,-0.191405863240228,0,0
1253,0.837902519825667,3.35810658964502,1,1,1.38750685678403,1,1
1254,0.476189668475584,0.786360040516342,1,1,-0.680882040471112,1,0
1255,0.428569330542814,3.06644889683061,2,1,-0.980864455978338,1,0
1256,1.18161876406521,1.53569760347738,2,0,0.603967861211478,0,1
1257,0.698022926632253,2.02781485316808,1,0,-0.165354644340751,0,0
1258,0.157498681219295,1.69023562222719,0,1,0.268810432910832,1,1
1259,0.779188627286837,2.79497110831333,1,1,0.396780561136879,1,1
1260,1.25876261480153,1.48310447503269,0,0,-0.228640663532492,0,0
1261,2.11884093132843,2.1857910505954,1,0,-0.461264935409468,0,0
1262,0.00761775076422676,0.0588641958403646,1,1,1.16714392605163,1,1
1263,0.279679322739943,2.38787636016365,1,1,1.16469059396483,1,1
1264,0.455785132944584,0.682187134259928,1,0,-0.622559006745182,0,0
1265,0.525878350779822,1.91019313720365,0,1,0.778998532322853,1,1
1266,0.437918254134125,0.450899377856967,1,0,0.44670537261026,0,1
1267,0.319779634475708,2.1586034363241,1,0,2.1302178592509,0,1
1268,2.69791947483065,6,0,0,-0.0396860222076017,0,0
1269,0.736331435851753,1.03139046839867,1,0,0.556336173598937,0,1
1270,0.942255507636458,2.65071782263354,1,1,0.292345760828089,1,1
1271,0.00473111622099992,0.106590785852711,1,0,-0.724784034868455,0,0
1272,0.00746847757820341,3.52707390673459,0,1,-1.03810950786823,1,0
1273,0.175178819335997,4.91125393242295,1,1,0.837793524335366,1,1
1274,0.730142736807466,1.92146167855173,2,0,1.09105522378177,0,1
1275,1.18686839583667,3.33412297922019,1,1,0.824288829555399,1,1
1276,0.419257027755265,0.462430684898621,1,1,1.40770153487316,1,1
1277,0.0271763329510577,0.6184807829131,1,1,1.01671758133092,1,1
1278,0.519048638106098,6,0,1,-0.419098389390278,1,0
1279,0.342757690232247,0.780702608992858,2,1,-0.564702450428707,1,0
1280,0.271314316778444,1.39364935130083,1,1,2.80345531584711,1,1
1281,0.14973436107192,0.793278724540992,2,1,-0.00759655261604985,1,0
1282,0.0951894096215256,0.380068031453495,1,1,-2.4411723276076,1,0
1283,0.328484224446584,2.21132096114767,1,1,-0.996360272573095,1,0
1284,0.0247168166835768,2.15870770333277,2,1,0.918003197049992,1,1
1285,0.10350323485909,0.722434113815995,1,1,1.37275708137505,1,1
1286,0.38769493723521,0.883563049201024,1,1,-0.0870406194095287,1,0
1287,0.0389339572196915,0.619950937629868,2,0,0.529428262510592,0,1
1288,0.0741794519126415,0.712266795264434,1,1,-0.400225670423086,1,0
1289,0.465950682206889,0.726998832436889,1,1,-0.932734224356465,1,0
1290,0.258195529168006,0.713547637792487,1,1,-0.637891421032615,1,0
1291,0.779748908799894,2.2766232904568,1,1,-0.711881485696139,1,0
1292,0.294332841585856,3.05440575203361,1,1,-0.336069163396984,1,0
1293,0.926559682004154,2.83391909791067,2,0,-0.613797836132078,0,0
1294,0.854965939186513,1.596021469315,1,0,0.713884661322949,0,1
1295,0.733697273768485,1.07269973049066,2,0,2.39908428935399,0,1
1296,0.00424266909298208,0.310730914501432,1,1,0.712235288390193,1,1
1297,0.39387066103518,1.25474890448037,2,0,0.31926945131733,0,1
1298,0.131407163105905,0.361486346152709,1,0,-1.44772442545544,0,0
1299,0.080894875281956,0.163622891268621,1,1,0.431233894004704,1,1
1300,0.394226523931138,0.400541992035389,1,1,-0.104982467446893,1,0
1301,0.14990956580732,1.16855873456896,2,1,0.381366669080301,1,1
1302,0.0854991495725699,0.0919102354383191,2,1,2.91146514862896,1,1
1303,0.425790163571946,1.55475063464146,2,1,1.10931357048456,1,1
1304,0.408445899374783,0.584049781193935,2,1,0.478514516234852,1,1
1305,1.34427193365991,1.40504534964649,1,0,1.05458558709381,0,1
1306,0.35747968882788,0.501886347003352,2,1,-0.308612169612335,1,0
1307,0.310308028943837,0.611824053093903,2,0,-0.755786440944861,0,0
1308,0.044048018171452,0.792466513002006,1,1,-0.870045919318814,1,0
1309,0.196297509828582,0.403653477862762,2,1,-0.405736866863146,1,0
1310,1.34739248268306,2.80108714209393,1,0,-0.712101215738201,0,0
1311,2.8260789735425,3.96793423220515,0,0,-1.37486076121752,0,0
1312,0.743565638549626,1.63506337765291,2,0,0.752187490236337,0,1
1313,0.833703173531041,1.2016428635227,2,1,1.28367418598809,1,1
1314,0.0827460754662752,0.982148494512853,1,0,-0.263005298533234,0,0
1315,0.576132528687167,0.759042265109308,1,0,-0.780310610958475,0,0
1316,0.0571719999425113,0.308203451956312,0,1,2.55884103555676,1,1
1317,0.583691835403442,1.91213256493541,2,0,1.10520137926083,0,1
1318,0.327582983009052,1.64709748948733,1,1,0.744737116988594,1,1
1319,0.589311640916213,0.985017322624723,0,1,0.147068172024699,1,1
1320,0.428202079609036,0.439836668315371,1,0,1.40004448685683,0,1
1321,0.254509388985818,1.28297516661339,2,0,-0.119071514411344,0,0
1322,0.0520508959889412,0.122311166020309,1,0,1.14211747764335,0,1
1323,0.0519593154247723,3.50858690788542,2,0,-1.16065583738454,0,0
1324,0.195277551292395,1.99706521027519,1,1,0.315341732429547,1,1
1325,0.236948607697889,0.24321771358463,0,1,-1.83318770078867,1,0
1326,0.152348447591066,0.544557726372494,1,0,0.762247007218189,0,1
1327,0.00100993947239308,0.0616773108223139,1,1,-0.755793774233184,1,0
1328,0.668565705418587,5.89418327184567,2,0,0.755996265144069,0,1
1329,0.94976503495127,5.38448608141947,0,0,0.108393904383543,0,1
1330,1.97435090315445,4.36462537695964,0,0,0.569786376945189,0,1
1331,0.0227923405117255,0.206724646163901,1,1,-0.916582519038212,1,0
1332,0.13257540974562,3.92381855095284,2,0,-0.16365758869022,0,0
1333,0.412303382472601,2.30193454851323,1,1,2.0048410939909,1,1
1334,0.191866483893099,0.769287463101896,2,0,0.540621358167289,0,1
1335,0.3011665577651,1.35603787018899,2,1,-1.24189841450316,1,0
1336,0.0898218235572071,3.34977943760653,0,0,-1.79341806121748,0,0
1337,0.0705706371061949,0.757624189631994,2,0,-0.54902620157805,0,0
1338,0.459389013677657,2.20079129302649,1,1,0.129288675549422,1,1
1339,0.934527793639414,1.29919761510171,1,0,-0.624422135021765,0,0
1340,1.09633878525347,6,0,0,-0.440986633561,0,0
1341,0.0336013797197307,1.01574887668686,1,1,-0.394878038690142,1,0
1342,0.263811514887493,0.846893779264093,0,1,-1.66670534580691,1,0
1343,0.318512311787345,2.5365064808406,1,1,0.348235687133539,1,1
1344,1.12826703581959,2.17596910176649,1,0,1.63891786485878,0,1
1345,0.537350438326712,5.07545754168007,0,1,0.566529218923835,1,1
1346,0.139378725143615,0.600940969300477,1,1,-1.40281450375215,1,0
1347,0.192694480356295,1.39826163210971,1,1,0.247276885787901,1,1
1348,1.64516747744847,3.16564067823824,1,0,-1.13307489248034,0,0
1349,0.394321226514876,6,0,0,-1.1578624754944,0,0
1350,0.116073252866045,6,0,1,-1.2634670765544,1,0
1351,1.44174677125158,3.44186542361389,2,0,0.587010853578023,0,1
1352,0.0986452829092741,0.747501916219055,1,0,0.724027569386098,0,1
1353,0.352487318159547,1.35132184764272,2,1,0.871668832081274,1,1
1354,0.693149483969256,1.79620884357891,1,1,-0.543967983965347,1,0
1355,0.294269476432885,0.660702053743238,2,1,0.456251951824156,1,1
1356,0.0612437528893804,0.0951778808456434,1,0,0.605060369346056,0,1
1357,0.0707298010820523,0.234455177909545,1,1,-0.719132273474171,1,0
1358,0.609822125391756,1.00183377143543,1,0,-0.154028235249374,0,0
1359,0.0905281779677189,0.219102074730076,2,1,1.10282724001978,1,1
1360,0.877310096673741,1.59998952364053,2,1,-1.76245134877203,1,0
1361,0.451015978484711,0.959386144644247,1,1,-0.734613342184172,1,0
1362,0.594820171801195,0.817219423630044,1,1,-0.607588216266322,1,0
1363,0.946506512471078,2.00176335568784,1,1,-0.310667202707088,1,0
1364,0.446119635365903,0.737906513313853,1,0,1.33399292713572,0,1
1365,0.472836592234671,0.673204923217993,2,0,0.119919285035452,0,1
1366,0.490486373865798,1.00090073447132,2,1,-0.18928809652561,1,0
1367,0.463858072645962,2.39520891239109,2,0,-0.922427112941753,0,0
1368,0.855132883414626,1.12453520248673,1,0,-0.595087161614592,0,0
1369,0.0349113754301704,1.47399541811009,2,1,1.22173945244169,1,1
1370,0.0121250311108492,0.0493352594548527,1,1,-1.52727535622847,1,0
1371,0.511708637323983,1.74785459483766,1,1,0.658612994753233,1,1
1372,0.0462119691655971,0.0706816737300129,2,1,1.55976228208062,1,1
1373,0.0542984269559383,1.56480559048079,2,0,-0.0535586396355197,0,0
1374,0.197813116199149,0.330309973985147,0,1,-0.14778301494272,1,0
1375,0.0894427698221989,0.214293727074133,1,1,-0.715236314749137,1,0
1376,0.104040015643527,0.229974974480587,2,0,0.93249394716649,0,1
1377,0.803977612496175,1.15598962504914,1,1,0.305742328804936,1,1
1378,2.50553720808568,3.23903940784436,2,0,-0.51199552480946,0,0
1379,0.889372581097871,2.01010139643211,1,1,0.326931656960864,1,1
1380,0.168099807342514,0.498500680285464,2,1,0.353693060184591,1,1
1381,0.846858866835766,2.742205284213,2,1,0.324488107888351,1,1
1382,0.492442640670689,1.40088814446257,2,0,1.38649771901465,0,1
1383,0.227835021602318,0.417521523162486,2,0,1.50862906245493,0,1
1384,1.67556683524492,4.23107729275582,2,0,-0.234204779973875,0,0
1385,1.30102762021124,2.23869710064263,1,0,-0.778072472441156,0,0
1386,0.0844546934240498,1.05005368866582,1,1,-1.10911316282813,1,0
1387,0.35674276366938,2.96199442818761,0,0,-0.201477054033166,0,0
1388,0.363389730046038,1.90260193221138,2,1,0.203260140485253,1,1
1389,0.160417736333329,1.11325069162699,1,1,0.968607524723116,1,1
1390,0.242454407736659,0.546557912881553,1,0,-0.0868552895919966,0,0
1391,0.240757694118656,0.828692169265956,1,1,0.45197021545926,1,1
1392,0.327862962868908,0.800820867212948,1,1,-0.747372015156829,1,0
1393,0.176828905532602,0.554376955009823,2,1,0.314247414691568,1,1
1394,0.432228847348597,0.516119329561777,1,1,-1.18264417985512,1,0
1395,0.154119754151907,0.278838757643254,1,1,-0.484250760857823,1,0
1396,0.37707023974508,1.16578166722101,1,0,0.923878845807073,0,1
1397,0.989473202265799,2.82201700626618,1,0,-1.35963364897986,0,0
1398,0.720430702177629,1.73842361817757,0,1,-0.86104649781174,1,0
1399,0.0514757439263062,1.14972702848415,0,1,0.817378538206511,1,1
1400,0.0899827727698721,0.23553379423244,1,1,-1.12813135393771,1,0
1401,1.26246311981231,2.88914222903492,2,0,-0.252100690264884,0,0
1402,1.03069880501498,2.54625072392325,0,1,0.0196571524439414,1,1
1403,0.205456683470402,1.93004185923573,1,1,-1.53552489899005,1,0
1404,1.07427475880831,1.2558518738142,1,0,0.0280783108593444,0,1
1405,0.114979508181724,0.225085917713112,1,1,0.328923448779214,1,1
1406,1.52730408675017,2.13771249300295,1,0,-0.0252319280390714,0,0
1407,0.939739833585918,1.2489845733738,1,0,-0.663594435106306,0,0
1408,0.551366703582945,0.7103957633323,1,0,-0.372432825129565,0,0
1409,1.0226118888852,3.56292176987834,1,1,1.02953404879633,1,1
1410,0.764775142259062,2.54875088071092,2,0,0.511992889252944,0,1
1411,0.010615382881004,0.135143263786173,1,1,-0.275000431158169,1,0
1412,1.19130461937153,2.12589675568516,1,1,0.555785882749383,1,1
1413,1.31475344859064,2.13813427173113,2,0,0.256249782039243,0,1
1414,1.56952018205289,1.6291998689775,2,0,-0.587612398888582,0,0
1415,0.287243375269668,1.00731042064206,2,1,0.874341935284182,1,1
1416,1.40717087654902,2.8188346765858,0,1,0.247005702260713,1,1
1417,0.276076615127054,0.677269238943723,1,1,-1.35380664237313,1,0
1418,0.418030175641879,0.61679757107417,1,0,-1.58962207951944,0,0
1419,0.539745640364945,0.555843403918106,1,1,-1.28437954169217,1,0
1420,0.205561300739646,0.879121885410027,1,0,1.16887484397967,0,1
1421,0.296594775281847,1.43008893223296,1,0,-0.958161858420023,0,0
1422,0.292982794926502,1.78923988912161,2,1,0.716165812917603,1,1
1423,0.759174213790595,1.82089746182863,1,0,0.669110586341459,0,1
1424,0.124771039700136,0.617075841973821,1,1,0.668846136946237,1,1
1425,0.842232202386305,2.45141827844418,2,1,-0.139062069594462,1,0
1426,0.0264679649844766,0.427891663155548,1,0,-0.386428546801394,0,0
1427,1.60665909192505,4.96654869525333,2,0,0.156308681209677,0,1
1428,0.265313358046114,1.09254462023576,0,0,0.729476262166036,0,1
1429,0.106682267486157,2.61238401252194,2,1,-0.479826750661437,1,0
1430,0.845648848183939,0.898577091682736,1,0,-0.833052371860231,0,0
1431,0.389513837664582,2.21200652368369,1,0,-1.73809108632911,0,0
1432,0.438697000965476,3.47582139683155,2,0,0.381863713600008,0,1
1433,0.26423763949424,1.43121896315882,2,1,-0.548903762299476,1,0
1434,0.25396738088201,1.75137512258549,1,0,-0.218048431050616,0,0
1435,0.657346506603062,0.87345254665989,1,0,-0.761698770101957,0,0
1436,1.24938310933636,1.8317748434842,0,1,-0.720574701677037,1,0
1437,0.073835224902723,1.46684975159773,2,1,0.0877064074376435,1,1
1438,0.00243098946335525,0.821034672663067,1,1,-0.373381622783382,1,0
1439,0.242139703768771,0.256235686421696,1,1,-0.210194566163519,1,0
1440,0.0555671751499176,2.60921517396619,1,0,-0.277059770009602,0,0
1441,0.20364681549836,0.32693212302154,1,1,-1.39935430182903,1,0
1442,0.370449704118073,0.671545816875772,2,0,0.280521565333557,0,1
1443,0.452675780765018,0.693214131693837,1,1,-0.832244838651124,1,0
1444,0.0573777350756639,1.656775602743,2,1,0.153920675849126,1,1
1445,0.105766886536687,0.168781704570959,2,1,1.32277704636325,1,1
1446,0.323706254712306,0.76436961380144,0,1,0.752864764297329,1,1
1447,0.0953479716277343,0.651079959109718,2,1,0.87110229466191,1,1
1448,0.961102823726833,2.37592033421,0,0,0.383913496233535,0,1
1449,0.0827691962805396,0.265114368967308,1,1,0.581872158087702,1,1
1450,0.984088978840107,1.02300476018451,1,1,-0.0386172794092733,1,0
1451,0.343856593244709,0.894752571400956,1,1,-1.35225673364261,1,0
1452,0.151059320196509,4.23340207183128,2,1,0.106852719947643,1,1
1453,1.46914784672244,1.5437395135302,1,1,0.0880341367790257,1,1
1454,0.677003830179393,0.715814942452475,2,1,-0.605177741388231,1,0
1455,0.0670921700657345,0.490933434476939,1,1,0.335290753721318,1,1
1456,1.24580960161984,3.66857359217581,2,0,0.368689851229592,0,1
1457,0.0874457311028502,0.149609555942628,1,1,1.8523902744904,1,1
1458,2.45922962008956,2.92019882670945,2,0,0.151538474854577,0,1
1459,0.291345813311636,0.371221787687467,1,1,-1.00401238473551,1,0
1460,1.8604848179126,5.15499117490788,0,0,-0.3457297864554,0,0
1461,1.23382055544631,1.91191803652074,1,1,-0.319730999381801,1,0
1462,0.718739440664649,2.16884901252846,2,0,-0.292956139267314,0,0
1463,0.254629364935681,0.724540779569022,1,1,1.04722852030497,1,1
1464,0.558587753229578,0.756157366929891,1,1,-0.222466516598184,1,0
1465,0.502795918119893,1.02547774105217,1,1,0.907690059736824,1,1
1466,1.82020575731041,1.93058582336411,1,0,0.185362627605733,0,1
1467,0.0103947873329841,0.133983832106932,2,0,-0.383524953161768,0,0
1468,1.88634190513732,2.43868511898366,1,0,-0.366405502558905,0,0
1469,0.725125296972692,1.95205128611589,2,0,-0.698156176434363,0,0
1470,0.127270521265589,0.936523903765124,1,1,-1.13796296021455,1,0
1471,0.334649805154186,1.13282653508988,2,1,0.810191241907259,1,1
1472,1.81426100916752,2.17045832110365,2,1,-1.19834094129608,1,0
1473,0.676037504337728,3.60145845403695,1,0,-0.463775025194141,0,0
1474,0.557969453485504,0.818009279759983,2,1,1.05766505176113,1,1
1475,0.0811594300859699,0.378880184419601,2,1,0.230940376427493,1,1
1476,0.513131896124043,0.699039160600066,1,1,-0.492215500415702,1,0
1477,0.975144718773663,3.38831336796252,2,0,1.16576759391911,0,1
1478,0.592711632462971,0.694719086997917,1,1,-0.813092734617034,1,0
1479,0.616350355531842,0.617305451409387,2,1,1.05020282741231,1,1
1480,0.0232168667379119,0.823892147361061,2,1,0.0386466147004414,1,1
1481,0.179720358999028,0.345480032265186,0,0,-0.636171166417188,0,0
1482,0.327182368375361,0.500830835128492,1,0,0.313823672661319,0,1
1483,0.435158804149188,0.458497841202066,1,1,-1.08956860264441,1,0
1484,0.904457501135767,1.96153919302401,2,0,1.1568906753974,0,1
1485,0.430492470914032,3.46492301923148,2,1,-0.0200155735015711,1,0
1486,0.0898288350435905,1.11841343674587,2,1,-0.0321685447561699,1,0
1487,0.930830277502537,6,0,0,-0.958611891143602,0,0
1488,0.955123019774065,2.19472112738002,2,1,-0.65124284729882,1,0
1489,1.53885230599883,4.62670810492643,0,0,-0.0261301482154335,0,0
1490,0.0444326730352627,0.0561433488979704,1,1,1.09886340530778,1,1
1491,0.0895849718693097,2.91139889316257,2,1,-1.55956619941435,1,0
1492,0.873106720569972,1.07663803232553,1,0,0.340155451593039,0,1
1493,0.0712894437908223,0.363607994404213,1,0,1.18328613993996,0,1
1494,0.390330562368035,0.958508903323645,1,0,-0.844519918111002,0,0
1495,0.345924049033783,0.938854440296685,1,1,-0.899756292036245,1,0
1496,0.677958160496138,1.11245972341045,1,1,-1.25329336689969,1,0
1497,0.0809980323538184,6,0,0,0.0150929467405287,0,1
1498,1.63190587739248,1.72292295304403,2,0,-0.334870293166072,0,0
1499,0.0193027150941111,0.821873275563121,0,1,-0.548575282937079,1,0
1500,0.0382003409322351,0.980794765876919,2,1,2.17242193445072,1,1
1501,0.447904508543683,2.85668484245737,0,0,-0.578629555173253,0,0
1502,1.16043566255236,1.16076738647002,0,1,-0.0120048950534068,1,0
1503,0.419824734563008,0.669439666540747,2,1,0.714655994692266,1,1
1504,0.259271776691222,1.80689544469729,2,1,0.996925849891575,1,1
1505,0.00164906505419506,1.58163627150251,1,0,-1.43856209188859,0,0
1506,0.689348081333384,0.745456686612447,1,1,1.19002010907517,1,1
1507,0.666593533060502,0.676189940834597,2,0,-0.0880858396144768,0,0
1508,0.42728949177664,1.27952178699831,2,0,1.3476371281235,0,1
1509,0.068945573293604,0.0983175678265024,1,1,1.09072279884382,1,1
1510,0.690947018563747,0.953770773485303,0,0,0.275984137183367,0,1
1511,0.491560258902609,1.16479701406072,2,0,1.73218783035127,0,1
1512,0.181850751978345,1.29769130299489,0,1,-1.12696606247343,1,0
1513,0.684520651094437,1.20706357651489,1,1,-0.43666185705188,1,0
1514,0.298195952896284,4.09191831940909,2,0,-1.65315698040003,0,0
1515,0.318318888894282,1.0330025939452,1,1,-0.977700282034056,1,0
1516,0.151045519160107,0.163020849390935,1,1,-0.679330496299044,1,0
1517,0.111417653097305,0.590957925088595,1,1,0.655985426933158,1,1
1518,0.242820145831456,0.668299361847264,1,1,-0.324684728823549,1,0
1519,0.0804546073890749,1.46792582187974,1,0,-0.647519377289968,0,0
1520,0.106701240874827,0.252614564461268,1,1,1.30805987804836,1,1
1521,0.39075829833746,4.01558529437445,2,0,-1.24749277671827,0,0
1522,0.0629695577479505,0.372882881914022,2,1,-1.32462265476129,1,0
1523,0.111361464369111,2.31623325020947,2,1,0.459346165618257,1,1
1524,0.346632770262659,4.56028944502274,0,0,1.33778555635101,0,1
1525,0.0128177814158737,0.207752965387137,2,1,-0.165266004809992,1,0
1526,0.250400649092626,2.4665196358797,1,1,-0.977269006319329,1,0
1527,0.156926902644987,0.334342745456168,1,1,-0.134690682238712,1,0
1528,0.164042367599905,1.30906957076877,1,0,-0.428263048880921,0,0
1529,0.928579342897516,1.03425301521667,1,0,-0.885333621586686,0,0
1530,0.619045725191885,0.724758830544133,1,1,1.12029007777022,1,1
1531,0.684622344534666,3.04386516955105,2,1,-0.645326920900862,1,0
1532,0.529853630421342,1.10430685866349,2,0,0.991487614788879,0,1
1533,0.0754696503281593,2.76280261137621,2,0,-0.591146431919991,0,0
1534,0.145462296204641,0.709700460683329,1,1,1.04052469759594,1,1
1535,0.264012509025633,0.315820322421895,2,0,0.466804614458983,0,1
1536,0.0760916140294065,0.279993566664792,1,0,0.0463284636895827,0,1
1537,0.183629099279642,0.328530883416533,0,0,-1.6545249810162,0,0
1538,0.10066397913258,0.486789577329865,1,1,-0.258717853661273,1,0
1539,0.232442822531149,1.20068316802862,2,0,0.998492150362618,0,1
1540,0.349989899434149,1.06927965568153,1,0,0.449907836559838,0,1
1541,5.46897017558045,6,0,0,-0.631081736930165,0,0
1542,0.480914284475148,0.740783797283004,2,0,-1.56478801656526,0,0
1543,0.437584571164854,0.96405885738549,2,1,-0.0279147132058211,1,0
1544,0.772353815237813,1.0947577649007,2,1,1.05481934637346,1,1
1545,0.166931993153412,0.307246502591044,2,1,1.64829127038689,1,1
1546,0.515609473921359,1.54219944744246,2,0,0.608609113269783,0,1
1547,0.604558204623692,1.8835110550955,2,1,0.472973430993069,1,1
1548,2.11190169668737,2.89331338716504,2,0,0.170002109547082,0,1
1549,0.4004158741281,0.882708820827705,1,0,0.240178188719877,0,1
1550,1.36101420782506,2.3941764102446,1,0,-1.23744543998867,0,0
1551,0.198763456719462,0.574039566078674,1,1,0.164595829233766,1,1
1552,2.05629984281006,5.12109670139162,0,0,-0.378798813009517,0,0
1553,0.328296862426214,0.871492162998355,2,1,0.577388147429994,1,1
1554,0.108624962613599,0.179816306806977,1,1,-0.434856717363631,1,0
1555,0.268453372864492,0.382106192492366,0,0,-1.09608529030208,0,0
1556,0.248977457173169,0.961875886685477,1,0,-0.74757577948904,0,0
1557,1.68041532850804,4.33347270407804,2,0,1.14381833507704,0,1
1558,0.227547923502504,1.47552767150355,0,0,-0.805423702193646,0,0
1559,0.250742752978113,0.771014271332999,1,1,-1.08502648487744,1,0
1560,0.41111617378192,2.06870427987319,1,1,0.270619389592942,1,1
1561,0.654637653470792,2.48368824701737,2,1,0.00319578865692882,1,1
1562,0.227512273921117,1.33799290346656,1,1,0.421999340194554,1,1
1563,0.501067197156891,0.94023096535592,1,1,-0.54686465578579,1,0
1564,0.16023085287376,0.237801877096872,2,1,0.0717252030147793,1,1
1565,0.029903472276681,0.261064489605794,2,1,1.32148318198434,1,1
1566,0.128029964864254,0.258944545084233,0,0,-1.15782021900189,0,0
1567,0.809405490756035,1.78097693786868,2,0,1.23776637499713,0,1
1568,0.0690970309078693,0.563389567525503,2,0,-0.364950991404917,0,0
1569,0.0974910250353142,1.18224494066062,2,0,-0.0424656181357461,0,0
1570,0.184211991727352,0.394363087683123,1,1,-0.689037606531632,1,0
1571,0.00518319575348869,0.518488406633043,2,1,0.781097830454103,1,1
1572,1.62364846203981,1.77031609210865,1,1,0.368304336142541,1,1
1573,0.181095991865732,2.51958779020959,1,1,1.87694638182255,1,1
1574,1.23821342270821,3.66957391128235,2,0,0.0236966416254373,0,1
1575,0.180029119364917,5.77290327904792,2,0,1.11221393476479,0,1
1576,0.0312548401916305,0.319391541585682,1,0,0.337616276152663,0,1
1577,0.142384372651577,1.51390258762715,2,0,-1.41295387642108,0,0
1578,0.150868437431947,1.9599223615165,2,0,-0.519293761266477,0,0
1579,0.843804138225805,1.81511008857346,2,0,-0.221003673756197,0,0
1580,0.235680411622526,3.82776785021027,0,0,-0.610517593045812,0,0
1581,0.503925585131513,2.25221632893995,2,1,0.222578935805216,1,1
1582,0.228795240691397,0.311358208607322,2,1,0.809454104793742,1,1
1583,0.79861587099731,0.867385435849428,0,0,-0.191870331030929,0,0
1584,0.120271701016463,0.832606598151474,1,1,-0.544013191331921,1,0
1585,0.49874357410875,0.84018431721209,2,1,0.93079721174355,1,1
1586,0.0666755012935027,4.00718803707947,2,1,0.590904303300798,1,1
1587,0.188032493434842,0.365711774940091,1,1,-0.117477471602144,1,0
1588,0.554852153019249,0.937221154889414,2,0,-1.44668813063054,0,0
1589,0.849526421166956,1.00171244386633,2,0,0.410768727291174,0,1
1590,0.484969445504248,3.42169434142609,0,0,-0.057373408846982,0,0
1591,0.655710831919394,1.30808422131133,1,0,0.868477675868714,0,1
1592,0.344128187461687,1.618918390805,1,0,-0.635082753254366,0,0
1593,0.990438599213034,1.51733779037992,0,1,-1.08037491714863,1,0
1594,2.88632291027356,5.44246116004197,0,0,0.0149542256191901,0,1
1595,0.132990357960471,0.39390806937717,2,1,1.11130157073564,1,1
1596,0.31144314823905,1.98757130342225,0,1,0.347100419228491,1,1
1597,0.662714532783076,0.714556984690748,1,1,0.061503253677678,1,1
1598,0.38398005097406,0.702655928303761,1,1,0.810204124579993,1,1
1599,0.00670321402139962,0.173869766074622,1,1,2.27567440282731,1,1
1600,0.180220790207386,0.19974814151221,1,1,-1.12888239836087,1,0
1601,0.961481118522227,2.83678644957642,0,1,-0.376411419756329,1,0
1602,0.061216402295692,0.766556908686956,0,1,-1.64434542803338,1,0
1603,0.0974711522576399,0.442313867256936,2,1,0.337367436646163,1,1
1604,0.478520556536443,1.14202268961843,1,0,0.487297755814999,0,1
1605,0.147472778626252,3.33472663451771,1,1,0.141629563640469,1,1
1606,0.288792398758233,0.722296403395748,1,0,-1.01397813622658,0,0
1607,0.502941455316551,1.12078265267024,1,1,0.856771024120281,1,1
1608,0.0121990931802429,1.12081865137755,2,1,1.16373466222431,1,1
1609,0.0405956701073717,0.403085951956265,1,1,0.829462418503831,1,1
1610,0.280373105488252,1.94127676406507,2,1,1.48461167636371,1,1
1611,0.0662462587933987,0.176136654531554,1,1,0.00531100244001115,1,1
1612,0.0692850915947929,0.697346240816589,2,1,1.28961753400029,1,1
1613,0.794182854561888,0.908426302313287,2,1,1.15249457687639,1,1
1614,1.27633397578599,2.1957369674144,1,1,-0.419253074033562,1,0
1615,0.743100419286963,1.03704697694942,0,1,0.722835292384662,1,1
1616,0.465705894140348,3.05754805698002,1,1,-1.36172981553019,1,0
1617,0.630616827933444,0.767201214960849,1,1,-0.171892662889282,1,0
1618,0.0372683525109316,0.391893146930025,0,1,0.71343201526661,1,1
1619,2.30305831498447,2.50736762663504,2,0,-0.3104921072208,0,0
1620,0.498355720141193,1.34771690290258,2,0,0.497131777595676,0,1
1621,0.185162507279933,0.263619430208986,1,1,0.408192404006814,1,1
1622,0.108096390031278,1.72691834778329,2,0,1.48887485427881,0,1
1623,0.0293344653197626,1.70635048925059,1,1,-0.539524985073868,1,0
1624,0.850156483240426,1.80634415493243,1,0,-0.362176403678174,0,0
1625,2.12611626146973,2.69440769825875,1,0,-0.798377210583586,0,0
1626,0.0237416429445148,0.0494571823480249,1,1,0.115247801819516,1,1
1627,0.286135842907242,0.993613666680329,1,1,-1.57776804010571,1,0
1628,0.268995228223503,0.460392257323588,1,0,-1.5626793186911,0,0
1629,0.137782687975972,2.77154296149046,2,0,0.864779732717591,0,1
1630,0.578879177570343,0.693534415860711,1,0,-0.349029957160711,0,0
1631,0.0431547497282736,0.219412155997969,1,1,-1.19811612289295,1,0
1632,0.000198707275558263,0.235637992738098,1,1,1.15899220390662,1,1
1633,0.449692759317613,1.12480744294728,1,1,-1.27336354931972,1,0
1634,0.218921726918779,0.249631693586707,0,1,0.449320877583172,1,1
1635,0.155357900075614,0.507435194882273,2,0,1.29309846369791,0,1
1636,0.835653130753718,0.91431258393697,1,1,-0.417849391763725,1,0
1637,1.30935262594065,1.79770963266492,0,1,-0.994594450805525,1,0
1638,1.36134512198456,1.55962356086985,2,1,0.383936504392784,1,1
1639,0.123228088102056,1.14717374075429,2,1,-0.0119939974967351,1,0
1640,0.761894356098924,1.37077934419115,0,0,0.289029128909255,0,1
1641,0.655606348856174,1.33554604554342,1,1,0.659163347051322,1,1
1642,0.24450664408505,4.05073306000645,2,0,0.483427414582915,0,1
1643,0.0902651346405037,0.489930667520121,1,1,-2.74765912986398,1,0
1644,0.486790307305575,0.61485215128169,2,1,1.65875369587655,1,1
1645,0.00213355757296085,0.440924887949673,1,1,0.455187575035986,1,1
1646,0.000843017769511789,1.34010421733061,0,1,0.594317419702491,1,1
1647,0.124051348306239,1.48841991851894,1,0,1.15366205408557,0,1
1648,3.57834689335607,4.07659431062907,2,0,-0.110147835652947,0,0
1649,0.0470448406413198,1.44114220500657,2,0,0.85597366431713,0,1
1650,0.671927398626514,0.906193740326469,1,1,-1.83176479519151,1,0
1651,0.00258869708019668,0.176962605028905,1,1,-0.986834233810147,1,0
1652,0.104955385613721,0.169986691693426,1,1,-1.47955388015011,1,0
1653,0.0925068453878361,2.24692409517624,2,0,-0.933556865962463,0,0
1654,0.317678632563911,0.864626483257765,1,1,-0.622706380949315,1,0
1655,0.0064521815511398,0.0927993830514951,1,1,0.391501573286976,1,1
1656,0.284034979529679,1.5471092356634,2,0,-0.305446188488798,0,0
1657,0.300342468835879,1.36639704041888,2,1,0.217794622094166,1,1
1658,0.571648360902265,1.37302844547642,1,1,0.167939695681614,1,1
1659,0.325358965492342,1.18613774340927,2,1,-0.0207971196172781,1,0
1660,0.152915256364335,2.28440860145094,2,1,-0.480488412708228,1,0
1661,0.692239472642541,1.1503521586774,2,0,0.366972557347046,0,1
1662,0.0734479428582691,2.27403044059061,1,1,0.509323573027633,1,1
1663,1.15541829293836,1.32035111387364,1,1,-0.44636796315656,1,0
1664,0.313744974846486,0.374568981954079,1,1,-1.64614057779413,1,0
1665,1.71932326077883,1.74751723181117,0,0,0.0713125715226079,0,1
1666,0.50244428272188,1.62906321219928,1,1,-0.799853277012454,1,0
1667,0.622104299254715,0.63218533034435,2,0,1.95336234445713,0,1
1668,0.0497326263575815,1.05766156390452,1,1,-1.00101196883066,1,0
1669,0.129265122033602,0.1462504969865,1,1,-1.25364747459,1,0
1670,0.40782079319652,0.738410480380044,2,1,-0.179029844060232,1,0
1671,0.162804755304655,0.166219224143993,1,1,-0.785273763789566,1,0
1672,0.623050802387297,0.717688486398713,1,0,-0.676532520278342,0,0
1673,0.0415041837841272,0.813979447508852,0,0,-0.246540319381595,0,0
1674,0.154648208699655,1.08620475351038,1,1,0.304993894477775,1,1
1675,0.0916005223989487,0.425124278396929,1,0,-1.16401278705652,0,0
1676,0.515662819531513,1.05298253459564,1,1,0.544919765278031,1,1
1677,0.221024235361256,0.430091845253199,2,1,1.30549017072308,1,1
1678,0.217236008012884,0.300149702117241,1,1,1.18253780093708,1,1
1679,0.423213444883004,2.53156125716851,2,1,0.399730183799634,1,1
1680,0.712005059234798,4.91413062721184,2,0,-1.48057786674987,0,0
1681,0.732633388601243,1.03303521432,2,0,1.25357721873013,0,1
1682,0.243840156288602,1.95383659128471,1,1,-0.646859080732186,1,0
1683,0.815065527541384,1.38766782954326,2,1,1.32978213635398,1,1
1684,0.359190109593328,0.681370739457942,1,1,-1.39094057583182,1,0
1685,0.354132390639279,1.00093959217108,1,1,-1.2517815942085,1,0
1686,2.48710430777612,5.97516857519763,2,0,-0.573386063874427,0,0
1687,0.0968689735576721,0.917259183744872,1,1,0.0281295959438797,1,1
1688,0.460505242459476,0.6530822298746,1,0,-1.0442374861237,0,0
1689,0.0711163868816722,0.347054982258079,1,1,-0.403890255225319,1,0
1690,0.799462033293031,1.03668618661073,1,1,-1.32325162412606,1,0
1691,0.285844083409756,1.15575190686489,1,1,-0.0503550766770313,1,0
1692,0.334018723951886,0.481750413223807,1,0,-1.21049886052426,0,0
1693,0.280244158580899,0.47095754346259,1,0,-1.48365995395361,0,0
1694,0.548491987257086,1.29058880112583,1,1,1.15144448846548,1,1
1695,0.742123200558126,2.13017218238108,1,0,-0.623220252690156,0,0
1696,0.213033483461838,1.01713904391019,1,1,0.72102538506785,1,1
1697,0.00418274358163435,0.322534926673425,1,1,-1.20591463954326,1,0
1698,0.00236403771406976,0.060818561389466,1,1,-2.36046729928811,1,0
1699,2.44068223415854,4.23514634991686,0,0,-0.786704098705902,0,0
1700,1.19001436265536,1.26796357263356,2,0,0.155388867267249,0,1
1701,0.228083686670288,0.585114391160588,1,1,0.225377975283351,1,1
1702,0.234598240058403,1.01712004230607,1,1,-0.702285868784209,1,0
1703,2.22280002269333,2.51410526002675,1,1,-0.142644618576207,1,0
1704,0.30307377987844,2.46333038123945,0,0,0.23739055778168,0,1
1705,2.54279278024021,2.76329708310753,2,0,1.00423696838823,0,1
1706,2.532821778124,3.7799767838588,2,0,0.112490052605826,0,1
1707,0.325803773012012,0.630372771993279,0,1,0.40100856495249,1,1
1708,0.512334786355495,1.13709076602956,1,0,0.445063512441622,0,1
1709,0.224476826551836,0.446698101540548,1,1,-1.05302417444921,1,0
1710,0.940684131294132,1.0680503528337,0,1,-2.46648009353371,1,0
1711,0.249609908205457,0.476085553751836,1,1,0.46317028581809,1,1
1712,0.0448904460689741,0.826488402919296,1,1,0.44816523952723,1,1
1713,0.119079155553241,0.863684138430405,1,0,-1.8743396106819,0,0
1714,0.318146853533108,0.634215656773238,1,1,-1.42546434938041,1,0
1715,0.432616210891865,0.527006757299566,2,1,-0.245658678194912,1,0
1716,0.568419187303454,0.721162335975423,2,1,-0.259644201192267,1,0
1717,0.0327555382416543,0.10033663495556,1,1,-0.51558040133917,1,0
1718,0.124679921427742,2.62818848015747,2,1,-0.829951880163247,1,0
1719,0.101592870778404,1.50691046841169,2,1,-0.904542908256491,1,0
1720,0.55391558248385,1.92256249571435,1,1,-0.177961140713411,1,0
1721,0.025423382933261,1.66308978820313,1,0,0.955691152698658,0,1
1722,0.925232790824682,1.6177617429704,2,1,-0.666791760991662,1,0
1723,0.105604368436616,0.310339063307182,1,1,0.127033622462607,1,1
1724,0.774180206909597,1.53560847664873,0,1,-0.268990284243723,1,0
1725,0.446696242317557,1.09439487953776,1,0,-1.21049291501617,0,0
1726,0.66886536218226,0.879869165451808,1,0,2.3750190684983,0,1
1727,0.33759862621082,1.07415460834689,1,1,0.29972407425857,1,1
1728,0.148292065837065,0.367237976123406,1,1,1.09238705083887,1,1
1729,0.262542387470603,2.34951560531639,1,0,-0.605928045281666,0,0
1730,0.0931070875376463,0.675752527573966,1,0,0.150967538221149,0,1
1731,0.935490170345745,2.01433218201895,1,1,1.17914049655871,1,1
1732,0.692631639098882,2.06261573449835,2,0,-1.49913208273047,0,0
1733,0.460876019179642,1.3191086525722,1,1,-0.336167312420104,1,0
1734,0.0752768156235106,1.09447783859327,1,1,0.630865493053377,1,1
1735,0.686298727989197,1.15126789908171,1,0,1.02775090189775,0,1
1736,0.80430492988956,2.01074350409269,1,1,1.26410303098246,1,1
1737,0.345374994911253,1.68697789248258,1,0,0.397350768234297,0,1
1738,0.0341863082030277,0.441671316068768,1,1,-0.0724046533148534,1,0
1739,0.304793269373477,0.484481893506362,1,0,0.495717721793779,0,1
1740,0.00255922495853156,0.593694852044185,0,1,-0.750324917423983,1,0
1741,0.0612581908353604,2.20716934643356,1,1,-0.82350009906746,1,0
1742,0.659290556545493,1.17029401736944,2,0,-0.411932425906422,0,0
1743,0.150245797036967,0.928717097365284,1,1,1.47449889789212,1,1
1744,0.258902719942853,0.325754509465458,1,1,-1.49279831209197,1,0
1745,0.0370047211723283,0.581298086740766,2,1,1.00990932883029,1,1
1746,0.741052802160204,1.36968365545005,2,1,-1.81354032068725,1,0
1747,0.170267278735992,4.16638101978455,1,1,-0.164887096903695,1,0
1748,0.0865478878840804,0.526075873501863,1,0,-0.762072377564419,0,0
1749,0.0762254564324394,0.469551526388303,1,1,-1.86661986856337,1,0
1750,0.249543949612416,3.65572020784191,1,1,1.40994787227002,1,1
1751,0.0769016783101928,1.14910486272578,1,0,-0.798200910664516,0,0
1752,0.0977227399125695,3.39724515935137,1,0,1.25581703324943,0,1
1753,0.575732665575862,0.887826779675978,1,1,0.484692620543511,1,1
1754,0.435892460920455,0.791323220597569,1,1,0.100657271763777,1,1
1755,0.608924628804551,1.94547620603885,2,1,1.56888179296187,1,1
1756,0.476313470628679,0.735211404406831,1,1,-0.566354635803233,1,0
1757,0.749305935059181,1.1815607061511,2,0,0.319975417870661,0,1
1758,0.740945977158844,4.38436782265557,2,0,-1.54990405131591,0,0
1759,0.719924084815949,3.37820754954659,1,1,-1.3022236679631,1,0
1760,0.693854880989418,3.83680052995306,2,0,0.556313087933375,0,1
1761,0.67889301944524,2.88594620390226,2,0,-1.34090298653533,0,0
1762,0.564466658371322,1.56545485996342,1,1,-0.776945055768827,1,0
1763,0.242499169253279,0.686180554685895,1,1,-0.398419920524269,1,0
1764,0.201634032644094,1.71213992552436,2,0,-0.581720278510337,0,0
1765,2.35576576731148,2.72274309458832,0,0,-1.92139096307505,0,0
1766,0.0480059755312103,0.298611997165678,1,1,-2.94296012611138,1,0
1767,0.49303827714175,0.592229076396946,1,0,0.42228457029649,0,1
1768,0.0743421938386746,0.240238288082623,1,1,-0.755186898132406,1,0
1769,0.626544540748,1.4866289316897,1,0,0.594397968310198,0,1
1770,0.635075111032285,1.09751368451954,1,1,-0.873230434499853,1,0
1771,1.23453093972057,1.6757998488211,1,0,0.377041059558283,0,1
1772,2.56639142139795,4.80443963052355,2,0,-1.72532297718313,0,0
1773,0.336081268730244,1.66743941206829,2,0,-0.806801640351645,0,0
1774,0.0749414073652588,0.755361405697413,1,1,-0.103044364634862,1,0
1775,0.32418714340677,0.873047581276911,2,0,1.06100215749488,0,1
1776,0.239897940039526,2.13081411641928,2,1,-1.01490777947633,1,0
1777,2.43942916943672,2.81312914369172,0,0,-1.84033288550103,0,0
1778,0.161283207999077,0.595520877357318,1,1,0.255479207285261,1,1
1779,0.137084659188986,2.21057520000982,2,0,1.35368318137127,0,1
1780,0.258257727138698,0.368762725384052,2,0,2.61732623143921,0,1
1781,0.120311288337689,1.39381074523576,1,1,1.32116343622645,1,1
1782,0.260896820400376,0.263895839879147,0,1,1.02072552599745,1,1
1783,0.0228830650448799,0.741383127056949,2,0,0.817849628504536,0,1
1784,0.055730259652452,0.798369947842419,2,1,1.75087022266324,1,1
1785,0.357170578790829,0.428672249207832,1,1,-0.234328577076833,1,0
1786,1.20490980736005,1.63942471166561,1,1,-0.670853498438376,1,0
1787,0.320206278702244,0.641379348514555,1,1,-0.149236844998228,1,0
1788,0.510329404470332,1.00005133433458,2,1,0.201982897982269,1,1
1789,0.376505831663962,1.39738276401409,2,1,-0.362940484024853,1,0
1790,0.915072909556329,1.02798766374274,1,0,0.83550875132958,0,1
1791,0.104244031392238,0.244582097873746,1,1,0.199214109735837,1,1
1792,0.927370009943843,4.43129568981628,0,0,-0.959729894185832,0,0
1793,0.354544771574892,0.446034575417912,1,0,1.41793206998192,0,1
1794,0.0599620374850929,1.46679769448837,2,1,0.916399332041918,1,1
1795,0.0930512775079254,1.10888470837599,1,0,-2.32993902369792,0,0
1796,0.200166892318521,0.762682681089629,2,1,-1.13267433090851,1,0
1797,0.00463107414543629,0.464898952533543,2,0,0.103279822632571,0,1
1798,0.588189435048781,1.34427900870049,1,1,-1.26878643598702,1,0
1799,1.29648649692535,1.37672511550287,0,0,0.289488673548595,0,1
1800,0.248015812248923,0.912758780691207,1,1,-1.40210995907862,1,0
1801,0.332170620048186,1.43835013315019,2,0,0.430809995145859,0,1
1802,0.191998784139287,0.503941153395098,2,1,1.03427462341554,1,1
1803,0.506836146116257,1.0848627816186,1,0,-1.10958027836758,0,0
1804,0.203558317385614,0.334638346851472,2,0,-0.141953562907382,0,0
1805,0.404222379729617,0.649113155523497,2,1,-1.09693356145295,1,0
1806,0.984011205844581,2.41897624574271,2,0,1.1852974017834,0,1
1807,1.02760671231635,2.30344471373266,2,1,-0.0817581895599124,1,0
1808,0.402141122613102,1.27775382560988,0,1,-0.194263078701323,1,0
1809,0.318834886886179,4.83835775577005,0,0,-1.93772273535346,0,0
1810,0.730402090676882,0.74038567815716,2,1,1.09575609404491,1,1
1811,0.331005222164094,0.93203392118239,1,0,0.392864926331415,0,1
1812,2.61746964781525,2.914532419915,0,0,1.35132887393617,0,1
1813,0.151380372117274,0.445484869086957,1,1,0.847266318583155,1,1
1814,0.423102254767621,0.565513362563606,1,0,-1.21109691202692,0,0
1815,0.28758261090843,0.763709239172995,2,1,0.917957522063145,1,1
1816,0.182586612943516,1.27306531183422,0,1,-0.199523574487037,1,0
1817,0.304645087453537,1.08942646689195,1,1,-0.69570786341198,1,0
1818,2.03136566645446,2.73312615528757,1,0,-0.343051109494274,0,0
1819,0.894409393637187,1.75025201763625,2,0,0.372326532475274,0,1
1820,0.0987037161408043,1.87589644362446,1,1,-0.0157103436387545,1,0
1821,0.0641921408007059,0.0874226181956105,1,1,-0.838772510582836,1,0
1822,0.0672083126846701,2.29555347313484,0,1,-0.915486688046741,1,0
1823,0.231335126736667,1.49974837983382,2,1,0.613948149965368,1,1
1824,0.426956553012133,0.610868568741046,1,0,0.324134549339318,0,1
1825,0.324067082838155,1.4732414480751,1,1,0.799541325282321,1,1
1826,0.0772934470912622,0.69956708147012,1,1,0.385880175247536,1,1
1827,0.736139787846099,0.99112402026852,0,1,-0.255812756788763,1,0
1828,0.372826310340315,0.483482730097608,2,1,1.34400962604556,1,1
1829,0.0250346453425907,0.503755765767012,2,1,-0.105324842869063,1,0
1830,0.662764519776039,1.2564444839718,0,1,-0.586533107391297,1,0
1831,1.52060807296434,1.59191520884633,0,0,-0.835542652321234,0,0
1832,0.850244480185211,0.94028741149213,1,0,0.453058604685039,0,1
1833,0.102356933406193,1.43892191166034,1,1,0.482516004077829,1,1
1834,0.123945655301213,1.29618796830376,0,0,1.57100198571833,0,1
1835,0.000322138366755098,0.461574192389994,2,1,-0.188399558893348,1,0
1836,0.428693764843047,0.485520111946752,1,1,-0.630438108955498,1,0
1837,0.0805224599316716,0.627337146745707,1,0,0.523074472509028,0,1
1838,0.243911111316107,0.824984237211475,2,1,1.09144946599043,1,1
1839,0.585114033866495,1.54584918972418,2,1,0.54653963905778,1,1
1840,0.197806968949539,1.02905009049986,1,0,-0.594607118252044,0,0
1841,0.0967965429299511,0.356219190483292,0,1,-0.129426737467623,1,0
1842,0.196058289091522,0.43378238591303,1,1,-1.4342690796049,1,0
1843,1.27501754369587,5.35682514902759,0,0,-0.423638096196416,0,0
1844,0.0198388108401559,0.216182654547664,1,1,-1.34547805354577,1,0
1845,0.164444397378247,2.26233751502305,1,1,-0.0704042826116111,1,0
1846,1.02369311609642,1.42864051062366,1,1,-1.61021346100048,1,0
1847,0.861786375145249,1.51082093962955,2,1,-1.23482818855628,1,0
1848,0.149276104384827,0.918558007106185,0,1,0.428023668284644,1,1
1849,0.0166842102771625,0.392447546120023,2,1,0.545475687558156,1,1
1850,0.192098029898357,0.968861060755214,2,1,0.204906228525425,1,1
1851,0.900055471522376,1.10095862597899,2,1,-0.786647074546257,1,0
1852,0.153177473659819,1.4120113390266,1,1,-0.292774463579804,1,0
1853,0.00921255537594939,0.0283291501303514,0,1,-0.584805063043155,1,0
1854,0.0827461137669161,0.123782351430076,1,1,-1.04109283258403,1,0
1855,0.0705714404466562,0.24360115013936,2,1,-0.857588810094447,1,0
1856,0.57130437271566,1.27965889410402,2,1,0.0467704880406259,1,1
1857,0.00113215122837573,0.515790332720022,1,1,-0.0415472516568721,1,0
1858,0.539542279412791,0.974990057197068,2,1,-0.500010715294735,1,0
1859,0.081115597859025,0.908027682294501,1,1,-2.00422549402193,1,0
1860,1.60305772713366,4.13999906741083,0,0,0.287167165631251,0,1
1861,0.91498145625474,1.189399099362,1,0,0.256917431649461,0,1
1862,0.462823504817883,1.38127455177406,0,1,-0.0289584294716233,1,0
1863,1.27619036380202,1.81891897921722,1,0,0.746292802167711,0,1
1864,0.0561053038508836,1.82992271143169,2,1,1.28504124654873,1,1
1865,0.803647141993798,1.30945805454307,2,1,0.387218293950504,1,1
1866,0.307539742439985,0.396945842852195,0,0,0.817289953474597,0,1
1867,0.287221898324788,0.75886733336468,1,1,1.36932917487072,1,1
1868,0.411460027971771,0.418568095901765,1,1,-0.546315464574929,1,0
1869,0.0221880411845632,0.169571607063214,0,1,-0.104013589542909,1,0
1870,0.530053044836019,0.882731463073254,1,1,-0.598661502563157,1,0
1871,0.81452065333724,1.05818557894868,1,0,1.04241838266364,0,1
1872,0.091419174757805,0.222749671179796,2,0,2.15828943836036,0,1
1873,0.0283344689523801,1.70223477167038,1,1,1.46110304573683,1,1
1874,0.407114921836182,0.874076035718021,1,1,0.795469865207108,1,1
1875,1.77419964215698,1.97911555772395,2,0,0.796122987446619,0,1
1876,0.173721203690804,2.21026219896799,1,1,1.63315897936278,1,1
1877,0.852873254567385,2.21445603022333,2,0,0.141668747219415,0,1
1878,0.484651525595047,1.48282465240979,1,1,-0.603010626859666,1,0
1879,1.86647807798328,5.23030530012457,0,0,0.716105926259728,0,1
1880,0.899704224430025,1.01847324601178,1,0,-0.340013137199872,0,0
1881,0.0005030747630827,1.14549780289172,2,1,0.765452980304071,1,1
1882,0.0363990062032826,1.61462442391821,2,1,-1.07664517565673,1,0
1883,0.679168283423073,2.99773840857991,2,0,0.0863683345257664,0,1
1884,0.0314177203108557,0.318551358794898,1,1,-0.894318813346521,1,0
1885,0.27031337813135,1.02065326984421,0,1,-0.28304056537375,1,0
1886,0.272262730286457,1.65376084687671,1,1,-0.943609442420192,1,0
1887,0.140168361386957,0.444356785898283,1,1,-1.37907747320404,1,0
1888,0.199562991220653,0.891341231217982,1,0,0.437888039433249,0,1
1889,0.489737351424992,2.48363374053216,1,0,-1.45874352303706,0,0
1890,0.0117510855197906,0.401602046410577,2,0,0.681992479980198,0,1
1891,0.0186687489622273,1.98787402304311,0,1,0.197959196522833,1,1
1892,0.560094991362677,0.785449674337391,1,1,-0.332253531950565,1,0
1893,0.146356475015637,0.278322542070675,2,1,1.52619917371113,1,1
1894,0.307983760430943,1.46158616909808,1,1,-0.62864411785167,1,0
1895,1.42650414622369,3.69883375603481,2,0,-0.767158911566989,0,0
1896,0.669560987502337,0.72944839366421,2,0,0.398733593918994,0,1
1897,1.25985949952155,1.60358760597501,1,0,-0.542653255298284,0,0
1898,0.359534478044045,0.80405910276242,1,0,-1.35812614299569,0,0
1899,0.183113231670792,0.478534042167162,2,0,1.03626341412679,0,1
1900,0.0423790114414032,1.69352409347448,2,0,1.74917530495986,0,1
1901,0.725629981580943,1.32572915374229,1,1,-0.344674245497463,1,0
1902,0.135972374991979,0.902696767575138,0,1,0.319350775471917,1,1
1903,0.063679471204523,0.547617545694302,1,1,-0.93355855962205,1,0
1904,0.452298211140379,0.878459037791546,1,1,0.117697325390539,1,1
1905,0.0851809187885886,1.04878556687081,1,1,-1.27796752224762,1,0
1906,0.135400532777699,0.208492353490012,1,1,-0.64975236925229,1,0
1907,0.203999540768564,1.93574390063683,0,0,-1.32924954261613,0,0
1908,0.210483723203652,0.298322117780434,1,1,-0.0957790635760286,1,0
1909,0.678632674363263,2.96595023014833,1,1,-0.353964816912275,1,0
1910,0.0114190042532032,0.276356515904018,2,0,-1.13011905816515,0,0
1911,0.0623987914829439,0.64790661743616,2,1,0.840246556817016,1,1
1912,0.814893969774068,0.988709132840479,1,1,-0.183047910327077,1,0
1913,0.131353951874189,1.4945824816823,0,1,-0.659644284257759,1,0
1914,0.020796065509785,0.159122098794068,1,1,-0.26660841193593,1,0
1915,0.432941149920225,1.82274906708801,2,0,0.864684965753725,0,1
1916,0.0847244920441881,0.659222973266007,1,1,-1.94651497810615,1,0
1917,0.3547537556733,0.630460930548296,1,1,0.243854349705305,1,1
1918,1.31328292191029,4.14597500017153,2,0,-1.03671199392662,0,0
1919,0.141378078260459,2.3031353592362,1,1,-1.50218926302282,1,0
1920,0.284182036411949,0.963088172517109,1,1,0.0161792105392527,1,1
1921,0.028807407070417,0.344160614509052,2,1,-0.771596360634248,1,0
1922,1.19670316804537,5.86941947416088,2,1,-0.67825434445519,1,0
1923,0.463446656242013,1.44837406491186,0,0,0.82793648173825,0,1
1924,0.188998360245023,0.474155359588381,2,1,1.583711233892,1,1
1925,0.190792087232694,0.209770498152068,1,1,0.0821483363064108,1,1
1926,0.414162106812,1.45433692650185,1,0,-1.10427263682779,0,0
1927,0.921997616510243,2.03734807160732,1,1,0.154809552872297,1,1
1928,0.142776074062567,0.34505864388709,1,1,-0.699857356223859,1,0
1929,0.453795260749757,0.531828666318165,1,0,-0.771348832689075,0,0
1930,2.02332696560356,2.55588235258228,1,0,1.96151886969378,0,1
1931,0.4978321865201,1.50580845134961,2,0,0.518170916432604,0,1
1932,0.780101923711419,0.842881146485133,1,1,-0.348786797730241,1,0
1933,0.0898990605492145,1.20848473782341,0,1,-0.848363141116949,1,0
1934,1.12020693268341,1.33232003283023,1,1,-0.826529551260787,1,0
1935,0.00817912588260192,0.473445464568044,2,1,1.94978524525284,1,1
1936,0.157994943670928,0.979643494279636,1,0,0.393582421047603,0,1
1937,1.19128057453781,1.37461730678492,1,0,0.178974517953625,0,1
1938,0.368559510097839,3.56530756439333,2,1,-0.922256433565262,1,0
1939,0.0771490961778909,0.166674678003606,1,1,0.594507225234092,1,1
1940,0.234260869619902,0.687875288133909,1,1,-1.02494589479312,1,0
1941,0.309717620257288,1.46666482133513,1,1,-0.691237565705864,1,0
1942,0.12445391563233,0.417655215998551,2,1,1.39794701512093,1,1
1943,0.126586372022328,1.14668793791408,1,1,-0.548636760471546,1,0
1944,0.0376872876659036,0.561842288594863,1,0,0.492506096359209,0,1
1945,0.838468868285418,2.54491967443192,1,0,-1.27944288203471,0,0
1946,0.384830609837081,1.73308326017044,1,1,1.71452799127501,1,1
1947,1.21904295049013,1.83997626143991,1,1,1.09862368428291,1,1
1948,0.342152377415914,1.54932744982532,1,1,-0.829818565981016,1,0
1949,0.0805123455938883,0.359570733055717,1,1,-0.708481227739905,1,0
1950,0.137483235724672,0.57504689162712,0,1,0.0986626772198376,1,1
1951,0.320313873235136,0.537038856738626,1,1,1.80174515935915,1,1
1952,0.0688505776059874,0.153493662126489,1,1,-0.826670732776179,1,0
1953,0.752752016970709,1.75598589822679,2,1,1.44556348607426,1,1
1954,0.571182284594335,1.54893262579946,1,1,-0.154844044292936,1,0
1955,0.0807890836149454,1.6145418372805,2,0,-0.0650876325458071,0,0
1956,0.163798615394626,0.430604717534653,1,1,0.0209482971896143,1,1
1957,0.739465765655041,4.30836595874825,2,0,0.336665387636703,0,1
1958,0.15710631996626,0.619359385419189,2,1,0.557395586144716,1,1
1959,0.138622355131953,0.340975075061164,1,1,-0.628006323345316,1,0
1960,0.638346210445099,0.691667139373197,1,1,-0.374056959905903,1,0
1961,0.250887631555088,0.780206606617874,2,1,0.774423474265854,1,1
1962,1.87212397333908,2.12444683008458,2,1,-0.585542979249579,1,0
1963,0.0965366885066032,1.46509837790442,1,0,0.89676165954316,0,1
1964,0.306267540007861,0.660766535458532,2,1,0.727560320388544,1,1
1965,0.325065314536914,0.587457153829505,1,1,0.923900006855367,1,1
1966,0.0218103089719079,0.848514546329777,0,1,0.727473633988399,1,1
1967,0.00480585789773613,0.523914767825944,1,1,0.0728647812954948,1,1
1968,2.33184016301277,3.18644915372062,1,0,0.0649243225697766,0,1
1969,0.61018982841336,1.54442022655964,1,1,-0.26446232232477,1,0
1970,0.922141909599304,1.26630518225003,1,0,-2.44545577605525,0,0
1971,0.422019335383084,0.77897348781807,2,1,0.190402195550352,1,1
1972,0.613383380669922,0.978388423100114,0,1,-0.310800344366705,1,0
1973,0.692898087992154,1.42433622837747,2,1,-0.292366813165274,1,0
1974,0.400673621334136,2.76192890934192,0,0,1.85199549504689,0,1
1975,0.137219981697854,0.884734647833109,2,1,2.03550754813097,1,1
1976,0.320989487809129,1.5775656789465,1,1,0.312037400528738,1,1
1977,1.14993271697313,3.41967481552691,2,0,0.173542295974253,0,1
1978,0.0419737761840224,0.353196249253733,1,0,-0.734918116216228,0,0
1979,0.280366130210778,0.302493293861467,1,1,-0.733272280228186,1,0
1980,0.391948962642346,0.552445810656735,1,1,0.513798675624881,1,1
1981,0.133120070468842,0.342229664791665,1,1,0.496382582810741,1,1
1982,0.534100650901939,1.82114810569568,2,0,-0.574503360456513,0,0
1983,0.639014126473859,0.904714847694873,2,1,0.109457714656605,1,1
1984,1.13551978766918,3.13351292244254,2,0,-0.0710328299291218,0,0
1985,0.714089964516461,0.893052803973357,0,0,1.45961855582145,0,1
1986,0.585755123756826,6,0,0,-0.613159799145764,0,0
1987,0.06561456055453,0.201117270782823,0,0,0.37344128628769,0,1
1988,0.00141336836486746,0.974423414568799,1,0,-1.87055271577918,0,0
1989,1.48710243768039,1.72166158242873,2,0,0.994987399089681,0,1
1990,0.038751910389441,1.30313351751646,1,1,1.17568974795743,1,1
1991,0.0839668554994481,0.265628914125516,1,1,-0.514509137277096,1,0
1992,0.0130285482737236,0.628779463345036,1,1,-0.0763153194408348,1,0
1993,0.416131826117635,1.45937240525699,2,0,2.49967595520306,0,1
1994,0.0677892856765538,0.868962328072197,2,1,0.309835642433055,1,1
1995,0.156931055535097,0.242576593462324,1,1,-0.256470094152362,1,0
1996,0.275787137506995,1.52998897973891,1,1,0.245773809674551,1,1
1997,2.06718630635811,5.74554876085925,0,0,-1.07963684357497,0,0
1998,0.173725410395956,1.44898372187727,1,0,-0.620755410555512,0,0
1999,0.0216707575187005,0.201874659782707,1,0,-1.55115619937258,0,0
2000,0.224390714429319,1.78879407855372,0,0,-0.385734835220765,0,0
2001,0.360417270101607,1.20171500680742,2,0,0.141916823641002,0,1
2002,0.10014022118412,0.227052003536598,2,1,0.77926604277235,1,1
2003,0.366927133296739,0.593624292237012,2,1,0.756667224068246,1,1
2004,0.846366239711642,1.02339197594557,1,0,-0.783940143906432,0,0
2005,0.524496990726877,1.28446328400677,1,1,0.992685987868142,1,1
2006,0.0913567896849309,4.6496703783354,0,1,-0.945295879620368,1,0
2007,0.697288012867803,0.74444697169494,1,1,-1.0560420800851,1,0
2008,0.265544349676929,1.82377863020795,1,1,0.374459491715677,1,1
2009,0.380411523219664,1.45016465440185,1,1,0.641236759715085,1,1
2010,0.00668761960696429,1.71052661742097,1,1,-0.415625114226367,1,0
2011,0.893944754581394,0.977456963931521,0,1,-0.524023986052868,1,0
2012,0.0780515963560902,0.484799567816387,1,1,-0.77596549073989,1,0
2013,0.815565954518326,0.954168966194212,1,1,-0.619551997414054,1,0
2014,0.0696838399606274,0.100189315455515,1,1,0.931610719565984,1,1
2015,0.621983387214459,1.2506583910851,1,1,0.352925390627997,1,1
2016,0.038243037997745,0.0924940457836751,1,1,0.0188363938689845,1,1
2017,0.502235447612412,1.22322691987588,1,1,0.395175341243432,1,1
2018,1.00649199727923,1.86939020692725,2,0,-0.412741423183036,0,0
2019,0.301368915825151,1.15995048883407,1,1,0.524687027487894,1,1
2020,0.646444332785904,1.02598610644539,0,0,-0.37035859220389,0,0
2021,0.00555111691086817,0.581894024238254,2,1,0.937786647595204,1,1
2022,0.689001620028386,1.74651950943747,2,1,-0.429719056815426,1,0
2023,0.18188197951531,0.820729892000934,1,1,-1.28934911475903,1,0
2024,0.242437177337706,0.964556054887361,1,0,-2.56908656527649,0,0
2025,0.45954344384075,0.641206909283816,1,1,-0.192899525956737,1,0
2026,0.587249858045772,1.43615435013716,1,1,0.204533440454882,1,1
2027,0.285120358164173,2.55935690365732,0,0,-1.44821661546043,0,0
2028,0.0797957033501007,1.49662902677043,2,1,1.26827046335486,1,1
2029,0.180268515832722,0.85286736298094,1,1,0.593582866873099,1,1
2030,0.00321702565997839,0.787899260335204,2,1,1.17585781699888,1,1
2031,0.839098596945405,0.974979746781376,2,0,1.04944801646545,0,1
2032,0.214303724351339,0.398132245018441,1,1,1.11814790369615,1,1
2033,0.122543498291634,0.157503665537061,2,1,0.150034897460428,1,1
2034,1.76189051560106,3.44890063923594,1,0,-0.585651795621376,0,0
2035,0.333424807759002,0.958430368994055,2,1,0.269648805619439,1,1
2036,1.51205162626265,1.58084493964218,2,1,-0.340754192262077,1,0
2037,4.68631513959148,6,0,0,0.413206783651877,0,1
2038,0.0791050769938573,0.652443012868495,1,1,-2.55847036873618,1,0
2039,0.259914582711644,0.54440467307965,0,1,0.597430501622538,1,1
2040,0.389776648080442,0.881417794237212,1,1,-1.29262312004193,1,0
2041,0.00384116981877014,0.605377055895199,0,1,-0.320764121599915,1,0
2042,0.0367478532716632,0.345746787601403,2,0,1.68047096483028,0,1
2043,0.0932398455592729,0.235558601938442,2,1,0.324296511326821,1,1
2044,0.530280471403904,1.73401732322986,1,1,0.975341693324237,1,1
2045,0.697977471606446,1.17376699426724,1,1,0.25747084665052,1,1
2046,0.00952168947024091,0.691567505833452,1,1,0.552531173038044,1,1
2047,0.00880379625000444,0.066276286307308,1,1,0.0503057763943364,1,1
2048,3.60918828083162,6,0,0,-1.99895649737784,0,0
2049,0.0704982644447339,2.23915233077,2,1,0.583220531143597,1,1
2050,0.17499505460721,1.35750007994945,2,0,-1.35960218462081,0,0
2051,0.473642828265958,0.561440674136379,0,1,-1.0827876974432,1,0
2052,0.224554865042078,0.524381973590879,2,0,-0.728957976259289,0,0
2053,0.473266112618148,0.890375787250555,1,0,-0.90809180352395,0,0
2054,0.236603307421319,1.79170010131032,1,1,-0.443075394303298,1,0
2055,0.0489450301975012,0.222699361385924,1,0,-1.41471952680681,0,0
2056,0.312474612146616,0.423803573444817,2,1,0.27029421090905,1,1
2057,1.78888591184261,2.01583046131129,2,0,0.76273838878896,0,1
2058,1.0740434192121,1.49364458992492,2,0,1.46432831508248,0,1
2059,1.67304841910063,2.46951717262467,0,1,-0.415049132232242,1,0
2060,0.15804590529931,3.39039229904876,2,1,0.335545448771871,1,1
2061,0.249811995761627,0.872359170267979,0,1,-0.17800905467659,1,0
2062,0.449555337429047,0.478220498407267,1,0,0.429557908863738,0,1
2063,0.82019895222038,4.0665603764589,2,0,0.196581345467006,0,1
2064,0.45031643004325,0.817081370941333,2,1,1.19362481624065,1,1
2065,0.285370196454742,0.78612280897917,2,0,0.53793709108414,0,1
2066,0.139757314696908,0.502596038457257,2,0,1.24373960624046,0,1
2067,0.612523538267061,0.874622527785272,1,1,0.876209883348619,1,1
2068,0.0870306012802757,0.923866706269298,1,1,1.78156378667062,1,1
2069,2.70706433608177,6,0,0,-0.763220224435352,0,0
2070,0.0269794300140275,0.172479872343691,1,1,-0.0927946255600491,1,0
2071,0.423812247463502,0.688283491679653,1,1,0.374832561347194,1,1
2072,1.4836177181433,1.73812971139948,0,0,0.3476443400226,0,1
2073,1.29729399923235,1.32405816120003,2,0,-0.48810225302194,0,0
2074,1.19140371092932,1.72363760884961,1,1,-0.440492558609582,1,0
2075,0.148546219570562,1.2743631742918,1,1,0.437827426236194,1,1
2076,0.726539474290186,0.768721593487118,2,1,1.06032650654374,1,1
2077,2.33603399611058,3.4744567438126,2,0,-1.35814572671227,0,0
2078,0.126034518703818,0.581797522101899,1,0,-0.48469905831747,0,0
2079,0.117746050818823,0.440064241068396,1,1,1.3134096774593,1,1
2080,0.854574848173008,1.06008885838325,2,1,0.694754330503765,1,1
2081,0.26856431592023,1.2501420197847,2,1,0.670844063310142,1,1
2082,0.0102830599644221,0.0447485795232462,1,1,1.1582245540661,1,1
2083,0.186654435095419,0.619306939351544,2,0,0.59543069829814,0,1
2084,1.10865402845071,2.73779342652563,1,1,-0.0138027933338081,1,0
2085,0.0623123774005418,0.574725108539437,2,1,0.655990562369986,1,1
2086,3.23626453412657,6,0,0,0.229819134184446,0,1
2087,0.158046561409719,0.499778917310945,2,1,1.72247275881518,1,1
2088,0.202424131566659,0.505584418842802,1,1,1.03740343670597,1,1
2089,0.742006694305082,1.42595769862105,1,0,0.297973008018237,0,1
2090,0.674088975039132,3.54526065910856,0,1,0.501759211671005,1,1
2091,0.559607291335061,1.10447583422521,1,1,0.422608195382979,1,1
2092,1.3101480842246,3.29063256581624,0,1,-0.509795969064292,1,0
2093,0.277497722767293,0.418902821350194,2,0,1.09188539273715,0,1
2094,0.00029983464628458,0.291315489213171,1,1,-1.87283058781772,1,0
2095,0.454442479505025,0.734867262872246,1,1,0.120763009513306,1,1
2096,0.436155701987445,1.34825174783078,1,0,-0.898929939940082,0,0
2097,1.81370079508963,2.28280804740886,0,0,0.543168569093856,0,1
2098,0.0209853699197993,1.11116992725238,2,1,-0.247620039672239,1,0
2099,0.316921654157341,1.02275502209679,1,0,1.13646941682141,0,1
2100,2.3181646670306,3.63791719354082,2,0,0.0997479988920595,0,1
2101,0.0992985394157932,2.32333431706574,1,0,2.53771705295628,0,1
2102,0.528256093586608,1.1293748634446,2,1,-0.104880325555223,1,0
2103,0.167048913135659,0.551160233256695,1,1,-2.30794383401184,1,0
2104,0.0854538305429742,0.597342579156245,0,1,-0.465451601104872,1,0
2105,0.030669976840727,0.349328352228558,2,1,0.62215382029235,1,1
2106,4.31680241607476,5.59961442247882,2,0,-0.591617287136784,0,0
2107,1.99235068157989,2.98939867823022,2,1,0.0567682346756141,1,1
2108,0.0589423995585174,0.195479924523056,1,1,-1.84787574026243,1,0
2109,0.16882257402525,1.27499041536389,2,1,-0.251907329385834,1,0
2110,0.118804230146636,0.715578459781744,1,1,1.40809879879456,1,1
2111,0.40209809114458,0.417345419875195,1,1,0.889706278567294,1,1
2112,0.121160898706876,0.523371899261802,1,1,0.633786424554438,1,1
2113,0.348209858639166,3.07497503856818,0,1,0.279336434165991,1,1
2114,0.11736039450625,0.962597314551541,1,1,0.942832630100962,1,1
2115,0.159503305912949,1.14189775913,1,1,0.0239641967552821,1,1
2116,1.05613702553661,1.8551437171018,1,1,-2.40938809915394,1,0
2117,0.845727148672387,0.879357708475919,1,1,0.846003462674506,1,1
2118,1.42113708068191,1.53338833401601,0,1,0.513952555429405,1,1
2119,0.743786087373314,2.05511072577024,1,1,0.905228811485303,1,1
2120,1.24133757315576,1.67263637277286,1,0,-0.849128660139812,0,0
2121,0.669834581203759,1.80124390105482,2,0,-0.511931883438399,0,0
2122,0.369508862495422,0.387748365697361,1,1,0.0507328719628076,1,1
2123,0.107270422981474,0.404792042982187,2,1,0.173204161058856,1,1
2124,0.961134932678363,1.31718544535747,2,1,0.891598696020314,1,1
2125,0.72293927366548,1.00317689016783,1,1,-0.525433564719337,1,0
2126,0.928326875126236,1.06896120596162,1,1,0.0871544402068991,1,1
2127,0.502644505351782,1.70935410214786,2,0,2.02026283091588,0,1
2128,1.12365792319179,3.38777373434627,2,0,-0.103994025253413,0,0
2129,0.0628308864256118,0.553486236383604,2,0,-0.812612633694358,0,0
2130,1.02361835281128,2.17491359713439,1,0,1.25146524419171,0,1
2131,0.302461821411271,1.41457570496867,2,1,-0.0892435915853152,1,0
2132,0.27123724721605,0.596455537207242,2,1,0.835506483211945,1,1
2133,0.00960278091952205,1.76099562938849,2,1,1.34407127842228,1,1
2134,0.569112483618602,0.652298025721468,0,1,-0.48502888905576,1,0
2135,0.375039200589526,0.51985851697826,1,1,-1.21123319815164,1,0
2136,0.0853502852842212,2.52916693517222,1,0,0.419712644711296,0,1
2137,0.0643356198696503,0.539306865255647,1,0,0.227932674679875,0,1
2138,0.0013697776891989,0.651761315398846,2,1,0.380087266508993,1,1
2139,0.861243929933658,1.18464942548697,1,0,0.756791571816324,0,1
2140,0.135406239080673,3.32107215910348,2,1,-0.344716554604165,1,0
2141,0.126978335902095,1.02631802786327,2,1,1.49581235846943,1,1
2142,0.0222478816285729,0.600544147151398,2,0,-0.529008364773391,0,0
2143,0.0801095216796773,0.948914260715877,1,1,-0.265924135912539,1,0
2144,0.36906892695697,1.50458505491083,1,1,-0.303199481223173,1,0
2145,0.210034893903011,1.24633040377753,2,0,0.882334164759545,0,1
2146,0.0185298386041105,0.169955929071446,1,1,0.320166654956398,1,1
2147,0.35733659460675,2.78736261030038,0,1,-0.357950707170883,1,0
2148,0.131199048482813,0.675116708805416,1,1,-0.751793986618262,1,0
2149,0.00189828781892518,0.17964084588548,0,0,-0.424911081309859,0,0
2150,0.00301032663113513,0.0263148341458972,2,1,1.8546588753153,1,1
2151,0.386033038375899,1.53331017278185,1,1,0.220325587886497,1,1
2152,0.832534973134108,1.06733381497435,2,1,0.467836651780327,1,1
2153,0.154066735878587,1.27853366120971,1,0,-3.07622264605592,0,0
2154,0.247586523473728,0.30788713970654,2,1,0.845480884456045,1,1
2155,0.614349905056622,0.994081279883782,0,0,-0.211280836404809,0,0
2156,0.234286050643911,5.08832596737119,0,0,-0.318383192324246,0,0
2157,0.116731078305747,0.259908884615786,1,1,0.310920608478433,1,1
2158,0.0972800585441291,0.12832114163632,1,1,0.156417586893769,1,1
2159,0.185246894543525,0.924426469351412,1,1,-0.0796337927340088,1,0
2160,0.447162703923896,1.07150775359092,1,1,-1.66499976810561,1,0
2161,0.584886763244867,1.32256443578972,1,0,-0.955242152211545,0,0
2162,0.0944603020325303,1.071224687621,0,0,-0.477103082098697,0,0
2163,0.808820349603713,4.71764301449525,1,1,0.443753035430757,1,1
2164,0.412336753506679,1.67809989634423,1,1,-0.209983944629037,1,0
2165,0.365208866074681,0.538146848142885,0,0,-0.353442915074869,0,0
2166,0.611878420432851,1.08857461632823,2,1,-0.389475263713215,1,0
2167,0.338171883036146,1.69083529680088,1,0,-0.251549659294724,0,0
2168,1.0830296613276,2.30611214277772,2,0,0.079340144764869,0,1
2169,0.0225716233253479,0.294828750193119,0,0,0.602008406004211,0,1
2170,0.0619233777979389,0.234363696631951,1,1,-0.91695879771838,1,0
2171,1.06970807909966,2.55521321528902,2,0,0.961107447092015,0,1
2172,0.238296228595261,2.23423498750519,1,0,0.446813604724076,0,1
2173,0.451637225957952,0.603387661998926,2,1,0.731094380928279,1,1
2174,0.390276622027159,1.00382466005568,1,0,-0.788153828555661,0,0
2175,1.3002087213099,1.57503925574323,0,0,1.00164639789385,0,1
2176,0.536111750380889,0.837756940874007,2,1,-0.558674191367365,1,0
2177,0.506204251406536,3.07121713126671,2,1,-0.214423191360524,1,0
2178,0.0432770790522832,0.0976325460875681,2,1,0.798877286661029,1,1
2179,0.376412345503923,3.70608120620834,1,1,-0.760464107602752,1,0
2180,0.156265773386236,0.175033777937217,1,0,2.19264434614724,0,1
2181,0.00511147971900709,0.258950067279462,1,1,-0.939224420622989,1,0
2182,1.09962056577206,5.57551611959453,2,0,-0.764593683296289,0,0
2183,0.270885742116808,0.300294434849561,1,1,-2.12536995387141,1,0
2184,0.705362666533466,3.51128583635496,1,0,-0.545263710772285,0,0
2185,0.395437472034246,0.863564471038666,1,1,0.958971721585626,1,1
2186,0.498931019566953,1.97271426085217,1,0,0.755711084966634,0,1
2187,0.348771561402828,2.09575079232277,1,1,2.4440037288908,1,1
2188,0.037982889428865,0.385880915723439,1,0,0.330780114340745,0,1
2189,0.149204357255131,3.79183163292285,2,1,0.0492336389243526,1,1
2190,1.43572620107772,2.00558425556738,1,0,1.6693252928366,0,1
2191,1.51311274478616,1.75142054140474,2,0,-0.263812488132657,0,0
2192,0.526045415291384,1.68258721256087,2,1,1.69107717336505,1,1
2193,0.134812273894536,1.7908314960616,2,0,0.421633932343254,0,1
2194,0.187267276633065,2.31852836341997,1,1,0.789913002437611,1,1
2195,0.265545791015029,1.83520095235443,1,0,0.0530310914519891,0,1
2196,0.141802922007628,0.794285812040828,1,1,0.988385091034611,1,1
2197,0.177094105631113,0.594928043122092,1,0,-0.619202006261184,0,0
2198,0.569758945467703,1.19993335679032,1,1,-0.408348108421552,1,0
2199,0.00127665046602488,0.722679609047618,1,0,0.565164386416252,0,1
2200,0.57131745480001,1.74605151905262,2,0,0.456782694157687,0,1
2201,2.16486383221092,3.52317268106744,2,0,-0.11564720678559,0,0
2202,1.98109339914265,4.72801995125222,0,0,-0.547539790762629,0,0
2203,0.539422241673181,1.79478252904619,2,0,0.416618333595094,0,1
2204,0.507746086048101,0.740799559074652,1,1,1.16410381168672,1,1
2205,0.490654753721107,2.0822481887875,2,0,0.93583625177382,0,1
2206,0.870053895422102,1.63624780075073,2,1,1.25608229109036,1,1
2207,0.162799871759489,0.957645351688067,0,1,-0.678523483738228,1,0
2208,0.403139049885795,1.24155649566168,2,1,-0.461832603005298,1,0
2209,0.177567456266843,0.447078170254827,0,1,-0.137131845568806,1,0
2210,0.00318467617034912,1.21791234655021,1,1,0.114850321313891,1,1
2211,1.06911528966726,2.67026418579202,2,1,-0.651856175220484,1,0
2212,0.197837658342905,0.830523180045739,2,1,0.23145527211917,1,1
2213,0.856230494566262,2.01847230577552,1,0,0.107236051137348,0,1
2214,0.378614906221628,0.648698697008929,1,0,-0.0526796375404136,0,0
2215,0.21161475131521,0.462833836705568,1,1,-0.0858079106715954,1,0
2216,4.66049385418124,6,0,0,0.590445226211162,0,1
2217,0.206364866753574,1.55739419983782,2,1,-0.67643640777101,1,0
2218,0.866455819870919,0.947750007901098,1,1,-1.22392241202951,1,0
2219,0.783735712058842,1.17201416132351,0,0,-0.0685515417525815,0,0
2220,0.202126626390964,0.374464773128866,2,1,1.99508684270905,1,1
2221,1.3159650714746,3.69136630247037,0,1,0.0593713130096711,1,1
2222,3.84111229313498,3.95266471553219,2,0,0.822165038756774,0,1
2223,0.197327752248384,0.393824204206615,1,1,-0.892566508228539,1,0
2224,0.190105137298815,2.7485241658782,1,1,-0.730285568945078,1,0
2225,0.90567790480849,2.69603010954147,1,1,-0.421911539664364,1,0
2226,0.140100582211744,0.433579658867584,1,1,0.149118055510461,1,1
2227,0.373244557413273,0.555854690674803,1,1,-1.52500614122308,1,0
2228,0.0502402414881086,0.258446106066306,0,0,0.00476923864133263,0,1
2229,0.136134118656628,0.20973691871552,1,1,-0.61100267522229,1,0
2230,1.70665721214356,6,0,0,-0.273064069367426,0,0
2231,0.370945869362913,0.711961592436903,1,1,0.851289236292586,1,1
2232,0.0151923174847438,0.810696618769207,1,1,0.7113527780733,1,1
2233,0.755240682512522,1.87546155627558,2,0,1.85478386735486,0,1
2234,0.0222265734777,0.939582758477136,1,1,-0.599365493923006,1,0
2235,0.391297588124871,2.019278652701,0,0,-0.210539124044396,0,0
2236,0.039156866153955,1.1503938072827,2,1,0.86547247451683,1,1
2237,0.38175106048584,1.53358596094522,1,0,0.0612866632565618,0,1
2238,0.209876228182111,1.62493551590085,2,1,0.765927661849796,1,1
2239,0.26258047495503,1.90923957349932,1,1,1.17620409048013,1,1
2240,3.17993392405992,3.27414621072217,2,0,0.109442623771853,0,1
2241,0.298673320458341,0.326449220384941,1,0,0.0712699799583154,0,1
2242,0.623798841559519,0.688312069576101,1,0,-0.698439466207086,0,0
2243,0.323002096556593,1.28875113123761,1,1,0.447045894495248,1,1
2244,0.483018474160526,1.1987802069582,1,1,-0.520469082940292,1,0
2245,0.571452777922906,1.53715208408548,1,1,-0.29072043124013,1,0
2246,0.0282621504738927,0.373816614349683,0,0,0.276069625603672,0,1
2247,0.704360292293131,1.64570007228286,2,0,0.311912348485535,0,1
2248,0.108691198984161,0.250422268680522,1,1,-0.0858698996283781,1,0
2249,1.17063111439347,1.77774758107021,2,0,0.394751271287937,0,1
2250,0.0857484893640503,0.181971514201264,1,1,0.0454900371796174,1,1
2251,4.11980316026096,6,0,0,-0.553934367515433,0,0
2252,0.179344765783753,0.27463950253302,1,1,-1.2653303374266,1,0
2253,1.73923951097506,2.5453476527813,1,1,0.130283065224023,1,1
2254,0.0676827906355205,0.482762198738155,2,0,0.824454280805278,0,1
2255,0.567238074727356,0.692231900480707,2,0,-0.542957574824165,0,0
2256,0.293332699747167,1.29814124474716,2,1,-0.623292535345672,1,0
2257,1.21841181814671,2.65965836613268,2,0,-1.12458518155376,0,0
2258,0.259930579390606,3.49939534130196,0,0,-0.785371996419508,0,0
2259,0.277349403186236,0.501755323881904,0,1,-0.0986037221587461,1,0
2260,0.376362059323583,0.808686329557548,1,1,-0.334845890939742,1,0
2261,0.095269734156318,0.561745340780446,1,1,-1.85908540489522,1,0
2262,0.319119913910981,0.557063422859206,2,1,0.171879453022032,1,1
2263,0.196259294226537,0.220256340921054,1,1,-0.684577966554356,1,0
2264,0.598994550770575,2.51832920169504,2,0,1.11017268752695,0,1
2265,0.0494568509748206,2.0446912328888,1,1,0.607896780394478,1,1
2266,0.114695372758433,2.64212715011527,2,1,-0.316530457439351,1,0
2267,0.495236704565406,1.51625991952454,2,1,0.188227454501332,1,1
2268,0.0556061485462167,1.44742125490311,1,1,1.35504232587558,1,1
2269,0.790977079421282,1.09426062596521,1,0,-0.37318901533092,0,0
2270,0.414301420678385,3.10882830775883,1,1,-1.31053389309277,1,0
2271,1.09546156972647,6,0,0,-1.01269815846741,0,0
2272,0.108601049055512,1.17093967512944,1,1,1.06035926420513,1,1
2273,0.0551490904763341,0.948949753443222,2,0,0.564381119443768,0,1
2274,0.435932580381632,0.74568586734434,0,0,0.543652272157959,0,1
2275,0.483931308236726,0.610949649642973,1,1,1.09437366371711,1,1
2276,0.518895896358237,1.59906382582413,2,1,-0.244099359832548,1,0
2277,0.143462824323446,1.36757562247415,0,0,-0.933595538838845,0,0
2278,0.219130039040465,0.41543287581219,1,1,1.05668033537551,1,1
2279,0.235750069550704,1.74660138427948,1,1,0.323155665615137,1,1
2280,0.872187939643139,1.12061171386002,2,0,-0.242343921152458,0,0
2281,0.179708215678052,1.71432180930489,2,0,0.528423793499654,0,1
2282,0.369436574692372,0.430613775748897,1,1,0.141114829291636,1,1
2283,3.95755579678302,5.10317400483262,2,0,-0.0154435488483562,0,0
2284,0.0211259879810321,0.14341761978964,0,1,-0.243611610107833,1,0
2285,0.368714661744889,0.639878780221142,2,1,0.556425649291586,1,1
2286,0.44090969953686,0.856750385754177,1,0,-1.09175427421124,0,0
2287,0.516439809463918,0.556893423487328,2,0,2.38413724667018,0,1
2288,0.462270490417314,0.816504254979892,2,0,0.437144733301395,0,1
2289,0.20385353933555,0.319683890999954,1,1,0.345483668492394,1,1
2290,0.657640491818831,0.762031653769817,1,1,0.986012330553297,1,1
2291,3.27707702733858,6,0,0,0.771323115006799,0,1
2292,0.814708333319806,2.16148711930479,2,1,-0.184352145377753,1,0
2293,0.651758347189565,4.38909672316428,2,1,0.597129532378668,1,1
2294,0.224058539800627,2.84957095193261,1,0,-0.748604134543952,0,0
2295,0.498515306971967,4.36174311382743,2,0,-0.844703447001234,0,0
2296,0.476966631559277,0.668076013288147,1,1,0.538563184568935,1,1
2297,2.43430761239471,6,0,0,-0.0683853017401602,0,0
2298,0.583932069274592,1.05578780496617,1,1,1.24054637366109,1,1
2299,0.206673198405763,0.488170791703064,1,0,-1.63051227219581,0,0
2300,0.248027463581181,0.739141749283355,1,0,-0.0146908818439969,0,0
2301,0.929881953286381,1.28730914812279,1,1,-0.534771280894627,1,0
2302,0.244446900032926,1.1054940303826,1,1,0.14548792183465,1,1
2303,3.80070975406056,5.92767280352169,1,0,-1.54577720720418,0,0
2304,0.435617492121215,0.641483819878228,0,1,-0.71094517333284,1,0
2305,0.482464379630983,3.55128920947512,0,0,-1.02970736196568,0,0
2306,0.441413077832061,0.491064125402541,1,0,0.206606370656981,0,1
2307,0.904175017029047,2.58015956554708,1,0,0.673142515381782,0,1
2308,0.716756943613291,6,0,0,-0.666967619387434,0,0
2309,1.00336233898997,1.23682967541382,1,0,-0.110389852936895,0,0
2310,0.0510543279233389,0.427215016931251,1,1,0.0998039230906283,1,1
2311,0.252436511232866,0.315696636775133,1,1,1.05181428315281,1,1
2312,0.810356829871245,1.7821176418484,1,1,1.06302538437224,1,1
2313,0.0942021526679325,0.221776234109995,1,0,-0.336061176068321,0,0
2314,0.826545881452288,0.870075128965517,0,0,-0.205589730956214,0,0
2315,0.450073325747445,0.488534764675714,2,1,-0.879168255361372,1,0
2316,0.152880460675768,0.18898783575604,2,0,0.740522760016138,0,1
2317,0.0218075697193854,1.19605276632825,2,1,-0.918191381429713,1,0
2318,0.131973786919843,1.07269709320744,1,1,-1.65767078794001,1,0
2319,0.0762037461390719,0.308012640494803,1,1,-0.571171108070847,1,0
2320,0.300174576230347,0.603531366469356,1,0,2.25994947805207,0,1
2321,0.0118035625200719,0.536942256870716,2,1,0.660076585163353,1,1
2322,0.391857605718542,1.7433797727115,2,1,1.53424766559318,1,1
2323,0.104011622315738,0.496588023214384,1,1,0.00269586640693744,1,1
2324,0.542767806909978,2.09813063559158,2,0,0.420820875774393,0,1
2325,0.242669017054141,0.425561037646764,1,0,-0.511062072258611,0,0
2326,0.235125888062021,0.481700748774761,1,1,0.242219948138949,1,1
2327,0.0146407631109469,1.71042521816481,1,1,-0.65107011056384,1,0
2328,0.0472042998299003,1.00072950124741,0,0,-0.08741595903623,0,0
2329,1.35660080984235,1.635098255812,1,0,0.18783917429514,0,1
2330,0.179192522540689,2.74355842838161,1,0,-1.18889104094852,0,0
2331,0.105825639911927,1.50532527926511,1,1,-0.816424939341769,1,0
2332,0.172387789934874,1.42794228183264,1,1,-0.0659005752620501,1,0
2333,1.63970406042917,3.75719473179345,2,1,-0.942505848575956,1,0
2334,0.651662503026182,0.769513472914696,0,1,0.139937399827767,1,1
2335,1.30888363718987,2.00659390159542,1,0,-0.546480158339725,0,0
2336,1.27601209906267,2.13870905047277,0,1,0.616386956967694,1,1
2337,0.0534593124757521,1.52126113116005,1,1,0.153856082909552,1,1
2338,1.45905914335492,3.55117273386881,2,0,-0.941694889771405,0,0
2339,1.11175177246332,2.5075640406579,2,0,1.15262475536921,0,1
2340,0.569052204489708,0.69802357340161,1,0,0.927037495624027,0,1
2341,0.489198602517887,1.24670149480721,2,1,0.993189718622514,1,1
2342,0.276854728581384,0.559367430563465,2,1,1.06544912950278,1,1
2343,0.00701648008543998,0.0560037775568111,1,1,-0.88339332543508,1,0
2344,0.618618754061692,3.76391995719173,2,1,0.679224394396459,1,1
2345,0.534741200653826,0.70156165642457,1,1,-0.744416195167214,1,0
2346,0.0964968604966998,0.104841172498357,1,0,-0.78711146113862,0,0
2347,0.93605839740485,2.59589064009246,2,0,-0.123664773537084,0,0
2348,0.00911936453804418,0.299924748367029,1,0,0.425396862867831,0,1
2349,0.516727745904853,1.63506225372354,0,0,0.584359988641515,0,1
2350,0.706765920843717,0.958209613573862,2,0,-0.522301434307827,0,0
2351,0.236181018699426,1.30314095221935,1,1,0.0995125338898813,1,1
2352,0.0017461833794648,1.32910904223818,1,1,0.132405078653699,1,1
2353,0.599953471276727,1.92778277778596,0,0,-1.65813146560348,0,0
2354,0.682765901227142,1.62207903418218,2,0,-0.879606413276673,0,0
2355,0.293695262823753,1.02521871216595,0,0,0.391476117713307,0,1
2356,0.031777675030753,0.108262283707356,1,1,0.731015971799778,1,1
2357,0.407729084545281,0.95295629560131,1,1,-0.0686343336041379,1,0
2358,0.318155145214405,1.46839992639156,2,1,0.775272152871691,1,1
2359,2.77050181097331,2.90614076162815,2,0,-1.30937214456183,0,0
2360,0.780102357268333,2.17395389579607,1,0,2.12293278465538,0,1
2361,0.93436683062464,1.2819521750013,0,0,1.29671564880341,0,1
2362,0.0404593241743533,0.828612297950927,1,0,0.136478041259774,0,1
2363,1.99385515496857,2.64196401880699,1,0,-0.913649675185331,0,0
2364,0.161682991019916,0.405016978100242,2,1,0.779166251960221,1,1
2365,0.142751246436239,1.61648172165123,1,0,-0.192477504556531,0,0
2366,0.743677576072514,0.926946501530907,2,0,0.844752574438205,0,1
2367,0.0718794713611715,0.162594072636372,1,1,-1.21104893292391,1,0
2368,0.54610966846447,1.54487045483136,1,0,-0.898060807606527,0,0
2369,0.209438590557895,0.974829969196329,1,1,0.00534939424340638,1,1
2370,0.0820356734406789,1.17414316419371,2,1,1.12024714482331,1,1
2371,0.174903380635418,1.13531465909005,2,0,0.731525111650603,0,1
2372,0.0694041139689169,0.380059697975715,0,0,-0.187256199224997,0,0
2373,0.284405284561217,0.921157654160157,2,0,1.17269394062349,0,1
2374,0.863118467852473,3.08763249065163,0,0,-0.352025244744952,0,0
2375,0.459689123064101,0.626751736610375,2,1,0.921969409706324,1,1
2376,0.789812633857884,1.11700715721028,1,1,0.0710331145340249,1,1
2377,0.237733777355677,0.388263801223301,1,1,1.12646432064562,1,1
2378,0.57988107700963,0.719825154708485,2,1,-0.0222547400784746,1,0
2379,0.28102910798043,0.559644924437887,1,0,-1.42449256691461,0,0
2380,0.327235481527168,0.389627239751973,1,1,-0.240230854022165,1,0
2381,0.0763222497172982,0.0858116739739974,0,1,-0.629141138537931,1,0
2382,0.00641134069726183,1.0305680571385,2,1,0.175009035364103,1,1
2383,0.802155305042611,2.35108494528358,1,0,0.241545235407592,0,1
2384,0.975902060136523,1.77648690715362,1,1,3.1077163205834,1,1
2385,0.0107813411159441,0.197487067595926,1,1,0.580067780275167,1,1
2386,0.667572882379432,0.919804587390073,1,1,0.553128611385586,1,1
2387,0.106659563414556,0.469658421020398,1,1,-1.13796257683311,1,0
2388,0.126746497220188,0.448616505065925,0,0,0.870900866510959,0,1
2389,0.178799479470416,2.32962259559307,2,1,0.259324962538898,1,1
2390,0.440594475046721,0.67718457741042,0,1,1.29562862436454,1,1
2391,0.49965064551486,3.52448430840514,1,1,-0.081224446514253,1,0
2392,0.0218734098598361,2.23590267201265,0,0,-0.924048763416398,0,0
2393,0.696290510214687,1.58047785879288,1,1,-1.49901886124319,1,0
2394,3.95952120406513,5.8575762780283,0,0,-0.420981028153091,0,0
2395,0.219965200521983,1.18576813376313,2,1,-0.316016277683719,1,0
2396,0.0712188556790352,0.203342526332965,1,0,1.44233277720005,0,1
2397,0.0866812987268219,0.604157787059851,2,1,1.53724566964849,1,1
2398,0.337224984832574,0.737047425160805,0,1,-0.184831520455055,1,0
2399,0.126137362908932,0.350463142168785,1,0,-0.136233911203827,0,0
2400,0.716797976512366,1.02234750479987,1,1,-0.330076532533991,1,0
2401,0.0514356431085616,0.351732258374492,0,1,1.58917049267492,1,1
2402,0.954355912749447,3.20326293036963,2,0,0.187207345425539,0,1
2403,0.310579620418139,1.37872865426979,1,1,0.591352200406783,1,1
2404,0.336384664988145,0.402030700920532,2,1,0.0389348022450556,1,1
2405,0.814136449247599,2.50048852525651,0,0,0.203244446618333,0,1
2406,0.833524541929364,0.866560635661169,0,0,-0.760203780378012,0,0
2407,2.63115908755901,3.65207481818895,0,0,-0.571155870657783,0,0
2408,0.832591531798244,4.9866213398358,0,0,-1.04612902847002,0,0
2409,0.379880740947556,1.80918204314638,2,1,0.247607607241643,1,1
2410,0.0746825656424226,0.393292496262322,1,0,-0.390628709792886,0,0
2411,0.307066584937274,0.694612318952821,1,1,0.302342116732132,1,1
2412,0.0991682973108254,0.360058329203546,2,1,1.24770457257551,1,1
2413,0.548634092323482,3.88309087245649,2,0,-0.786490238952918,0,0
2414,0.690615551088812,1.96311075472198,0,1,-0.0995885016838175,1,0
2415,1.75611118441866,6,0,0,-0.792150749945678,0,0
2416,0.0426855320120157,1.66003110442745,1,0,-1.69480351639956,0,0
2417,0.0907351186543846,0.474790739439726,1,0,0.549272369065716,0,1
2418,0.163611529394984,2.88761897001627,2,0,-0.614113093603808,0,0
2419,1.26216795057395,3.0958232231927,1,1,0.207616678532532,1,1
2420,0.322369538247585,1.45581763622564,1,0,-0.318606565032044,0,0
2421,0.899513408541679,0.958424844291732,1,0,-0.263201713312396,0,0
2422,0.436679151840508,1.56676141643959,1,0,1.18468886364654,0,1
2423,1.17924736458214,1.40349023781119,2,1,1.4431070778511,1,1
2424,1.00892167882399,2.14201950488902,2,1,0.586308454025221,1,1
2425,0.999326864257455,3.56188235059154,2,0,1.82067969528955,0,1
2426,0.0933062337571755,2.36990795738933,1,1,1.79565361774602,1,1
2427,0.313655442647409,1.17279542144348,1,1,0.468441126533931,1,1
2428,0.865315786349873,1.03215930360541,1,0,-1.14404323472642,0,0
2429,0.2141085328185,0.591105650533218,1,1,1.84219697766397,1,1
2430,1.05581906158544,6,0,0,-0.533191314481849,0,0
2431,0.269352550003463,2.35830468478929,1,1,-0.00776266415424899,1,0
2432,0.486690431859709,1.23712817090359,1,1,-0.14784754318739,1,0
2433,0.583702449686825,1.14893111012599,1,0,0.351686976547073,0,1
2434,1.25130656268448,1.48373174170653,0,0,0.411998687270121,0,1
2435,0.636848832337938,1.75524953313183,2,1,1.83010425402861,1,1
2436,0.33494127652375,0.386839609638682,1,1,0.534091027121251,1,1
2437,0.807364720359266,3.44337909509732,2,1,0.186296236540838,1,1
2438,0.138108290291393,3.7800247397837,1,1,0.405534489914414,1,1
2439,1.03959111683071,1.2478486955808,1,0,-0.141626239983779,0,0
2440,0.294312076293863,1.12077123913101,2,1,-0.49200235809105,1,0
2441,0.149778119245984,2.60217412374914,0,1,-0.111049445456799,1,0
2442,1.63897881648483,2.57792885758665,2,0,1.35982285606405,0,1
2443,0.00992240966297686,0.237415914822936,1,1,0.962762648558413,1,1
2444,0.931981445703298,1.00354552608827,1,1,-0.449656362866963,1,0
2445,0.0460399917210452,3.13472058122437,1,1,1.09523701059967,1,1
2446,0.609715013971374,0.761347646947017,1,1,-0.256089395844256,1,0
2447,0.319576070469338,1.77585883059204,1,1,-0.785651162278494,1,0
2448,0.0879981007892638,0.516251261027276,1,1,0.254099300740504,1,1
2449,1.41774987556509,5.36480682141785,2,1,0.715192064532128,1,1
2450,1.00422474835068,5.33086639595939,0,0,-0.588455890869564,0,0
2451,1.0677635949105,1.32544733239681,1,0,-0.269147848594532,0,0
2452,0.323070426529739,0.559044586192665,1,1,0.00532510145927243,1,1
2453,0.418201226275414,0.972652857814419,2,1,1.22140233662415,1,1
2454,0.241139660589397,0.760784684479884,2,0,0.814967089708573,0,1
2455,0.287033962085843,0.858418535432086,2,0,0.7305328386956,0,1
2456,0.449530594982207,0.664246918597796,2,0,0.470173028383066,0,1
2457,1.60662409841063,2.54029775987937,2,0,0.553316034378602,0,1
2458,0.362552125006914,0.767579159547601,1,0,-0.290127721718966,0,0
2459,0.303320905271959,1.49018547641145,1,0,-0.47082878040809,0,0
2460,0.775155754422536,0.784888849666066,2,0,0.398277096377862,0,1
2461,0.951682282611728,1.71642218232163,2,0,-0.109182463387373,0,0
2462,0.587428214467883,0.671264162721628,2,1,0.840312772563746,1,1
2463,0.306517101707868,1.48563304605583,0,1,0.464544275823136,1,1
2464,0.487674156411022,0.813499479568931,1,1,-0.601341560873222,1,0
2465,2.91861491021215,6,0,0,-0.136630039702421,0,0
2466,0.24015502538532,0.67337951138251,2,1,0.76517233462183,1,1
2467,0.00337955700323425,0.489280084838347,1,1,1.26751224282774,1,1
2468,1.238231301488,1.54846709188776,2,1,-0.779399749997732,1,0
2469,2.48362448244336,3.90800159022763,2,0,-1.40359344359135,0,0
2470,1.49028657571107,2.45701211411945,1,1,-1.36328543182504,1,0
2471,0.630703086033463,6,0,0,0.168853288557463,0,1
2472,0.229160556045827,0.63339141629256,1,1,-1.20817992116319,1,0
2473,0.316931453533471,3.1906488000114,2,0,-0.202076937077193,0,0
2474,0.332388636015821,0.628462946915197,1,1,0.296941497161304,1,1
2475,0.352970232197549,0.44702227155812,1,1,-1.36455441643285,1,0
2476,0.1818843948422,1.3834123574712,1,1,-0.325003605009215,1,0
2477,0.344182594853919,0.60726435511658,2,1,0.607947526882604,1,1
2478,0.442943687058807,4.46613737996018,1,1,0.404524724281346,1,1
2479,1.06208444386721,4.4957954933246,0,0,0.796860395153881,0,1
2480,0.843978992171407,1.08454532247961,1,1,1.20451271724724,1,1
2481,0.0471030861533241,0.92899050849983,1,1,-0.109553274133299,1,0
2482,1.29037040047684,1.40227931047585,1,1,-0.515078318660596,1,0
2483,0.222396623867098,1.19452600728932,2,1,1.10995811395132,1,1
2484,0.150866817566566,0.368322771098158,2,1,0.600251318257279,1,1
2485,0.0650901184417307,0.431395085973605,2,1,0.406398820470058,1,1
2486,0.139004357080179,0.301808971654801,1,1,-1.45587639674327,1,0
2487,0.656333559282877,0.739871632414771,1,1,0.716271982401612,1,1
2488,0.101011819598496,0.848233318595204,2,0,0.488331346521453,0,1
2489,0.290895524376538,0.500226959563772,1,1,-0.570460345220632,1,0
2490,0.049250090893036,0.256420249827582,2,1,2.31041109475951,1,1
2491,0.643111322980195,2.04735956561686,1,1,0.150528389971091,1,1
2492,0.451262916065385,0.556366470586205,1,1,-1.32673064395825,1,0
2493,0.31458531857273,0.448387928790396,1,1,0.454184021986175,1,1
2494,0.324191033723764,1.70687320127777,2,1,-0.57097595760245,1,0
2495,0.55396714053953,1.05810309162559,0,1,-0.981821707121228,1,0
2496,0.0218260856345296,1.32997429619233,0,0,-0.485866597714241,0,0
2497,0.0586241469136439,0.0989229759822289,0,1,-0.277408900798323,1,0
2498,0.470926195411138,1.05878436799314,1,1,0.995722972618178,1,1
2499,0.0199956134707027,0.998338260118728,0,1,0.65413234958078,1,1
2500,0.655137115946792,0.971999251328122,2,1,0.742996230936931,1,1
2501,0.22698844452729,1.00265535461632,2,1,-0.337948640029873,1,0
2502,0.00116703247119161,0.803976929542558,1,0,-0.738292450865394,0,0
2503,0.0664886400268622,0.30033525015841,1,1,-1.04543104674802,1,0
2504,0.0701190843290425,0.856372696382316,1,1,-0.677548609084058,1,0
2505,0.120421938343284,0.193735742748198,1,1,-1.91607871442139,1,0
2506,0.530638819301322,0.834268626446525,0,1,1.64147956722306,1,1
2507,0.233018066792283,0.730240605776503,1,1,-0.56465185223134,1,0
2508,0.394803599020175,0.424925526652605,0,1,-0.408124041435749,1,0
2509,0.252319213456214,1.22424666988616,2,0,1.105137397008,0,1
2510,0.187392800871748,0.918291241836139,1,1,0.958742878046825,1,1
2511,0.239192901353817,0.781286918498168,1,1,1.23814632717847,1,1
2512,0.880719567663847,1.59522338459889,0,1,-1.09161050644006,1,0
2513,0.0686395507089204,0.299736785816644,2,1,1.77207827684148,1,1
2514,0.33022678893758,0.428166148159312,1,1,0.0471832114806131,1,1
2515,0.024759208927694,0.739877213006103,1,0,-0.173834135419051,0,0
2516,0.510657170787454,1.64837009824337,2,0,-1.19267289305487,0,0
2517,0.68522109242329,1.62054237082492,1,0,-0.446099275740113,0,0
2518,0.385977721123655,0.538565602967126,1,0,0.382714197557272,0,1
2519,0.0545516523623058,1.17363118899294,0,0,0.13381590226653,0,1
2520,0.0177396071376279,0.0740521469208074,1,1,-0.585344186659366,1,0
2521,0.809195449575782,3.52035288027489,2,0,1.29692939519221,0,1
2522,0.032136463560164,0.965961337883176,1,1,0.58309106936551,1,1
2523,0.152140634309035,0.287019642996971,1,1,-0.228157831368698,1,0
2524,0.315873686049599,2.28301381024286,2,1,0.724049711911667,1,1
2525,1.34667993802577,1.47407389518353,1,0,-0.226536102294484,0,0
2526,1.00455294241534,1.16637414043168,0,1,1.19895441930263,1,1
2527,0.645453947919242,1.35117449620543,1,1,0.700596875749503,1,1
2528,2.29069497800412,2.35869171406155,1,0,1.06320772900875,0,1
2529,0.849439261481166,2.2428673888319,1,0,0.197375759003486,0,1
2530,2.75975931054893,3.2931991745693,2,0,0.749130014419243,0,1
2531,0.253746327070985,2.19529409271975,0,1,-0.248539341429454,1,0
2532,0.532565250733689,0.591202381557689,1,1,-0.734927889559708,1,0
2533,0.0835185125470161,0.297760567177781,1,1,0.0904790985726075,1,1
2534,0.134826618246734,0.279865493672739,2,0,-2.35020856985146,0,0
2535,0.184056558102566,0.85507990635808,1,0,0.43737239334245,0,1
2536,1.0655620402597,4.15052601400188,2,1,0.0604834019311457,1,1
2537,0.354750739352312,0.568600974140632,1,1,0.630294267630282,1,1
2538,0.593621455455951,3.75785840531764,2,1,0.0288039747534728,1,1
2539,0.209738061239477,0.261089934450072,2,1,0.50420255528308,1,1
2540,0.281196036242942,1.24758912984124,1,1,-1.99696596833081,1,0
2541,0.262784603249022,0.521938253897511,0,0,-0.367050894829423,0,0
2542,0.05078151676571,0.365452753208979,1,1,0.529218517824871,1,1
2543,0.663965042305,2.26531680643524,2,1,0.522142114787748,1,1
2544,0.158720445242543,0.262443528821071,0,0,-0.398113343677571,0,0
2545,0.0163733235947968,0.282655565503445,1,1,-0.788849789037706,1,0
2546,0.459028141313985,1.22184571469629,2,1,-0.720665913739733,1,0
2547,0.0268736237194389,2.58653566695207,2,1,1.33258627172252,1,1
2548,0.0378090525045991,0.183171765866659,1,0,-2.22237159712011,0,0
2549,0.0282276821000425,0.196212810919436,2,1,0.449474028240525,1,1
2550,0.240218557648697,1.58039287623397,2,1,-0.863111780693864,1,0
2551,0.964044147207603,1.63807985065813,2,1,1.66853569657876,1,1
2552,0.500607240945101,0.919920188653816,1,0,0.925313239694843,0,1
2553,0.500500957106061,1.93612692211944,2,1,0.093015849789347,1,1
2554,0.0813883336996448,0.484773631606466,1,1,0.394062105805867,1,1
2555,0.799260816536844,5.24420808611667,0,0,-1.31955383208058,0,0
2556,0.261876625590958,0.387823375008093,2,1,0.117784294030688,1,1
2557,0.568596832454205,0.641627609729767,0,0,1.51504701942321,0,1
2558,0.28790810857826,1.33950194606744,2,0,0.511329779537182,0,1
2559,0.0801093322529722,4.58638610687412,2,0,-0.62690447207042,0,0
2560,0.92275330144912,5.62313414414801,1,0,0.773146285084916,0,1
2561,0.0760286388685927,0.967846693102436,1,1,0.450160482599842,1,1
2562,0.181496427457113,0.56330667054181,1,1,-0.299510103393587,1,0
2563,0.0266791047761217,0.92849382499647,1,1,-0.185113304579547,1,0
2564,0.335246319388574,0.803619365182192,1,0,-0.748978680949141,0,0
2565,0.886473447264746,1.74806011952769,1,1,0.679518999213039,1,1
2566,1.29667452722788,2.02147029795303,1,0,-0.265937636021736,0,0
2567,0.00513800268543228,0.51689547407074,2,1,1.19387643360651,1,1
2568,0.209092865013907,3.37317661253979,2,0,-0.296794567302742,0,0
2569,0.281666317896452,0.382780980892072,1,1,0.291257456029304,1,1
2570,0.181414891949556,1.44938799582671,2,0,-1.20156644370889,0,0
2571,0.555863169112064,1.25045551116599,0,1,-1.19280161217091,1,0
2572,0.0608413571491182,1.97032681928926,1,0,-0.565063896119588,0,0
2573,0.556732242667869,1.63937607982051,2,1,0.821047749965144,1,1
2574,0.668822682462633,1.06175095846553,1,0,1.46208063952131,0,1
2575,0.0550618760973064,0.41691539046406,1,1,-1.27952653959815,1,0
2576,1.1140583292056,1.21040089231817,2,1,0.629224618473477,1,1
2577,0.0628425346803851,0.416681267123073,1,1,0.180726835285643,1,1
2578,0.199407945724821,0.804437503306501,2,1,0.037202611362644,1,1
2579,1.12811838430877,1.53444019449529,1,1,0.365765603022724,1,1
2580,0.104316647630185,0.205594177543439,1,1,1.36998898257774,1,1
2581,0.284392995527014,3.18939509801567,0,1,0.615040350853216,1,1
2582,0.242337284435052,1.5276396087127,2,1,0.564630606234374,1,1
2583,0.0343078907462768,2.87538681837366,1,1,-1.80264827152404,1,0
2584,0.198289676065102,0.641934916872193,1,1,1.01079778731393,1,1
2585,0.221881752845635,1.69607877970531,2,0,0.271649004843697,0,1
2586,0.490845568344934,2.96326334329042,1,0,1.41808607432621,0,1
2587,1.10618538130075,1.66638387646081,1,0,-0.570321497252478,0,0
2588,0.14034326628575,1.03458292212117,1,1,1.2367230282827,1,1
2589,0.376031845225953,1.79077490690337,1,1,-0.554924015633532,1,0
2590,0.114218760863878,1.76216203873942,1,1,-0.209769107278009,1,0
2591,0.528377884064407,1.05030422494855,2,1,2.3334723350355,1,1
2592,0.148914933523918,1.22997367436937,1,1,-0.522677354892262,1,0
2593,0.309497840644326,0.464688119828976,2,1,0.457854511991287,1,1
2594,0.0812397527624853,0.94820983497861,1,1,0.161219920536005,1,1
2595,0.378795521946086,1.3187867835705,2,0,-0.042209858406751,0,0
2596,0.853136478617615,2.06468071565199,1,1,0.773279840127577,1,1
2597,0.133386089612764,1.87708080707692,2,1,0.462062530333374,1,1
2598,0.0381734947351741,0.666626001376961,1,1,-0.445033610891376,1,0
2599,0.433246752151411,0.903385000573457,2,1,0.99309380196984,1,1
2600,0.253221263119485,1.02471778479715,0,1,0.320910488235952,1,1
2601,0.0869555759709328,1.14548433300525,2,1,1.53449361627329,1,1
2602,0.112940294784494,0.715844638904426,1,1,-0.908878856724633,1,0
2603,0.533135965469383,0.742930104969024,1,1,-0.970072364210022,1,0
2604,0.0388124515302479,0.308446161760477,1,1,-1.01877502552815,1,0
2605,0.423120236955583,0.431957849669679,2,0,0.192283200279504,0,1
2606,0.135870262993918,0.172929326099344,1,1,-0.994795805241677,1,0
2607,0.775205813089207,2.70978807356656,1,1,-0.0257036305436326,1,0
2608,0.0341953814194278,1.1420263262844,1,0,1.561568073035,0,1
2609,1.39947762964251,1.80619585775672,2,1,-0.302958245719813,1,0
2610,0.324672722257674,1.5292852731552,0,0,-0.392951142784861,0,0
2611,0.393920527771115,3.53212396378471,2,0,0.667934546720129,0,1
2612,0.136901784862857,0.471998146760447,1,1,-0.607415988475089,1,0
2613,0.170320725999773,2.26951671568261,2,0,0.0469775589398045,0,1
2614,0.300900811959485,1.40939296401627,1,0,0.493837482850091,0,1
2615,0.821753237396479,0.912876593818112,1,0,-1.78098452206556,0,0
2616,0.115176551494523,0.502222600650173,2,1,2.02032249520558,1,1
2617,0.284607884823345,0.452650336899168,1,1,-0.351292123766362,1,0
2618,0.0993577009060972,0.146900823242754,1,0,-0.279098845642868,0,0
2619,0.315007221168445,2.2342668628941,0,1,0.660071096112422,1,1
2620,0.113607731647789,1.39098646253232,2,0,0.445676258388881,0,1
2621,0.265886955021415,1.60215486488759,1,1,0.407493692977608,1,1
2622,1.57739933884583,2.90400605436179,2,0,-1.58595065916917,0,0
2623,0.841751755771049,2.54732956116804,1,1,0.0133876495925723,1,1
2624,0.370998761209194,1.44292616475313,2,1,0.373315031796707,1,1
2625,2.24199938393178,2.3344409521099,1,0,-0.648587340778202,0,0
2626,0.452453218400478,0.802923681705011,2,0,0.246025947664146,0,1
2627,0.32318450656021,0.633876609236077,1,1,-0.776799044126442,1,0
2628,0.196753490308765,0.468425532525181,1,1,-1.71258991915924,1,0
2629,0.642634445801377,5.62916118944434,1,0,-0.228909940934906,0,0
2630,2.05554510644617,2.53930983045864,2,0,-0.836646319633073,0,0
2631,0.42657034099102,0.682751862712269,1,0,-0.538436751575675,0,0
2632,0.49742499887646,0.800224259937693,1,1,0.492146878634343,1,1
2633,0.000874727416564384,0.80577493501858,1,0,-0.128133795356591,0,0
2634,0.309342335385736,0.73503081698234,1,1,-0.559736260134681,1,0
2635,0.321393208578229,1.01941732379625,1,1,-0.588939597031818,1,0
2636,0.864909183556967,1.01521110552862,2,1,-1.1836255386853,1,0
2637,1.01730672086461,5.24334078710226,2,1,0.162966476084094,1,1
2638,0.641638137141064,1.25524979367895,1,1,-0.516351175843985,1,0
2639,0.247919096154058,1.01696294396033,1,1,-1.59048799876975,1,0
2640,0.241629833471961,0.370280935578788,1,1,1.66927148854682,1,1
2641,0.627924243427634,0.839398007800832,1,1,-0.462594133488079,1,0
2642,0.843657205074873,1.46868338797438,1,0,-0.0801359512069737,0,0
2643,0.236806486733258,2.25304849811635,2,0,-0.379555968845783,0,0
2644,0.0367762856786418,0.0798480278088067,2,1,-0.737413019678691,1,0
2645,0.67572096255651,1.07093372558361,1,1,-0.615112888236147,1,0
2646,0.357866134494543,2.966543212533,0,0,0.0652659052032826,0,1
2647,0.15204303257633,0.190228717871243,1,1,-0.755588888260611,1,0
2648,0.193162199573538,0.788785880549671,2,1,-0.179654604488653,1,0
2649,0.452307721599936,0.610803498095696,2,0,0.745247556709274,0,1
2650,0.364444001170341,3.07444991557072,2,1,1.4429575172004,1,1
2651,3.76738086193574,4.93264127370814,2,0,0.373447978508841,0,1
2652,0.833648528903723,1.32091985277567,2,0,-0.295775880645166,0,0
2653,0.167016611914917,1.89703342852709,1,0,-0.402702711653803,0,0
2654,0.0406604711315595,2.94766595221221,2,1,-0.00992853344360876,1,0
2655,2.42646045043113,2.8396339621656,2,0,-0.864496237398978,0,0
2656,0.196713062177878,0.545725266892599,1,1,-1.01029801001238,1,0
2657,0.25108614936471,2.23735985756075,1,1,-0.734190961658987,1,0
2658,0.890338830143969,1.43585604247296,1,1,-1.59559916852376,1,0
2659,0.65332102877722,1.11542708877869,1,1,-1.03634783507371,1,0
2660,0.498739490841337,0.825720368633678,2,1,-0.656198926373978,1,0
2661,0.523319150342548,1.28478862794595,2,0,-1.58646608791429,0,0
2662,0.152249718405798,1.34632455008946,2,0,1.38650865969997,0,1
2663,0.819706825825798,1.97955109672536,2,0,0.650383280714513,0,1
2664,0.163432552071754,0.188671560831688,1,1,-1.16676263444118,1,0
2665,0.648313964595467,0.7307540583693,0,1,-0.259874058465841,1,0
2666,0.0581827346468344,0.114059939671505,0,1,-0.423986820097801,1,0
2667,0.230529107188098,1.56023157760501,0,0,2.59174724774062,0,1
2668,0.864689471755929,0.989338305468361,0,1,0.134344235226863,1,1
2669,0.464268204601845,1.21195152017475,1,1,-0.710572530072494,1,0
2670,0.32555527286604,1.71924481783073,1,1,-1.03839189285515,1,0
2671,0.138431341387331,0.678202948865816,2,0,0.396118977906443,0,1
2672,0.850649217143655,1.09660041858298,1,0,-1.49800569030142,0,0
2673,0.306709649041295,0.444806161427751,2,0,0.797487891796918,0,1
2674,0.0590842153036402,0.090208794355518,0,1,-1.4863120677253,1,0
2675,4.38682188440986,4.93443646915685,2,0,0.235244482170457,0,1
2676,0.748020789443337,1.32355629319595,1,1,-0.151499511730568,1,0
2677,0.91967951413244,1.28230861501245,1,0,-2.1766761111326,0,0
2678,1.54084501663728,2.62799443056186,0,1,0.28107052459427,1,1
2679,0.530607917211984,0.680668775645929,1,1,0.434090438191035,1,1
2680,0.0392377645704826,0.571394592044578,2,0,1.31750849865509,0,1
2681,0.0983916114363475,0.306305814206476,1,1,-0.787238472671054,1,0
2682,0.282473066159062,0.498193077122172,0,1,0.69944729215874,1,1
2683,1.1216674586758,1.58511331772646,2,0,0.513207991604213,0,1
2684,2.82688989845996,6,0,0,-1.56464636847419,0,0
2685,0.109082704378792,1.77425489701666,2,1,0.0620703846910636,1,1
2686,0.22263462189585,0.953711150778373,1,0,-0.981124395478818,0,0
2687,0.607098255306482,1.27371788598723,2,0,-0.506335399551576,0,0
2688,0.950832118280232,4.21264344881627,2,0,0.227946030397882,0,1
2689,1.88005666612628,3.81900349458691,2,0,0.568817213317756,0,1
2690,0.0871598916128278,1.19895761763716,2,0,0.349957860557147,0,1
2691,0.0157783618196845,2.45004571317659,2,0,1.42803570326439,0,1
2692,0.485189521425835,0.589649690903297,2,0,0.116755906493655,0,1
2693,0.554882070980966,1.25022520237029,1,0,0.890149854395442,0,1
2694,0.47489010848204,1.47172573181851,1,1,-0.124180132258915,1,0
2695,0.170897781848907,0.292296946089407,1,0,-1.00180625068877,0,0
2696,0.161833045072854,0.195677738272456,1,0,-0.0111054011696893,0,0
2697,0.31419556849869,0.997026853863246,1,1,0.519806212467495,1,1
2698,0.0266865253797732,1.23101872800872,1,1,0.300576360976259,1,1
2699,0.259993122017477,0.37325372147197,1,1,-0.523144796914916,1,0
2700,0.237818344598311,1.45793626807952,1,0,-0.634219561323077,0,0
2701,0.0460964601370506,1.64434517940478,2,1,1.44096843086938,1,1
2702,0.319662565016188,1.04309035839885,2,1,0.604550085903167,1,1
2703,0.353940497238755,0.789232006265998,2,0,-1.07359287444386,0,0
2704,0.0324586018957344,0.665063745362439,1,1,-1.96226390488054,1,0
2705,0.637846607106559,0.759185875455539,0,1,2.44454948688578,1,1
2706,0.204340111231431,0.427555272583193,1,1,-1.33559882232538,1,0
2707,0.276415755601647,0.299539035132118,1,1,-1.02683834612818,1,0
2708,0.164843136735726,2.57270640621018,1,1,-0.522794361914882,1,0
2709,1.08200863469392,1.56141061370561,1,0,0.120363847107192,0,1
2710,0.221310523047578,1.50746072930445,2,1,-0.210486222154931,1,0
2711,0.705122318441801,1.16550139710259,2,1,0.675725854783832,1,1
2712,0.394852561585139,0.405900856324864,1,1,-0.220684544633735,1,0
2713,0.193109601103281,0.819582475489551,1,0,-1.18327684624372,0,0
2714,0.0465613469587788,1.00232162838109,1,1,-1.35161917218345,1,0
2715,1.12882579490542,2.92131864939367,2,0,-1.49052075717166,0,0
2716,0.478086275979877,2.96292229165087,2,0,0.872024546398514,0,1
2717,0.369688308855984,1.20747198513863,0,1,-0.32956012487136,1,0
2718,0.0560272319125943,0.207325168319434,1,1,0.304660680056614,1,1
2719,0.310267347376794,1.23485899454172,1,1,1.19128494835183,1,1
2720,0.728515557944775,1.4148277173115,2,0,1.21137955098353,0,1
2721,1.60827767250118,1.69556790962815,0,0,-1.32092451810972,0,0
2722,0.43223203276284,1.38893840503676,1,1,-1.83626822109127,1,0
2723,0.296404655964579,0.416182895021472,0,1,0.656857750275646,1,1
2724,0.489611750209525,0.579519305654907,2,1,0.125263483603993,1,1
2725,0.266271424770821,1.57487424090505,0,1,-0.370083757993471,1,0
2726,0.0568306806962937,0.0715905036705553,1,1,-0.898523015542868,1,0
2727,0.115518993115984,2.1984528132848,1,1,0.0463470416522119,1,1
2728,1.53138657626472,1.70561475265293,2,0,-0.953853580434837,0,0
2729,0.287954445598206,0.570334117318578,1,1,-1.26998257571106,1,0
2730,0.0241282349452376,1.14475782456472,1,1,-1.37971047423876,1,0
2731,0.00196945573461134,1.04703788912177,1,1,-0.377377934084263,1,0
2732,0.0845433329232037,0.789093559115851,1,1,-0.533389248697591,1,0
2733,0.289236853132024,0.586533259134635,1,1,-1.40777965849991,1,0
2734,0.664454495534301,1.68475510132575,1,0,1.59789440439142,0,1
2735,0.552056493424943,0.729367276846001,1,1,-0.0605158859534211,1,0
2736,0.0652047041053027,0.811209074889895,2,1,1.1537739702197,1,1
2737,0.491017780338356,1.96382669679234,2,0,0.177259382525572,0,1
2738,0.221299848209679,0.316771893144462,1,0,-0.802450535462833,0,0
2739,1.72469253979367,1.75606999592034,1,0,0.0476409817056991,0,1
2740,0.0725956703536212,0.833120157150566,1,1,-0.752968641049461,1,0
2741,0.417701969272457,0.836192734119699,1,1,-1.09816253654849,1,0
2742,0.117355044931173,0.911217686969117,2,0,0.824573395345242,0,1
2743,1.09619447123259,2.5357687486975,2,0,0.498237727696589,0,1
2744,1.29400879424065,1.77597217057697,1,0,0.423016076234171,0,1
2745,0.0718097740900703,0.423324143468433,1,1,1.28154438486882,1,1
2746,1.69832578479292,6,0,0,-0.226830413350428,0,0
2747,0.0333322962978855,0.145529293641685,1,1,-0.610310991587172,1,0
2748,0.452557033218443,1.39641187736302,2,1,1.22530990308176,1,1
2749,0.616743720285608,1.72484188960137,1,1,-0.681230450995321,1,0
2750,0.08577901404351,0.314590506198002,1,1,-0.0828547163258158,1,0
2751,0.556422451511025,0.613480831568952,2,0,1.74454734009806,0,1
2752,0.560328437946737,1.10230659745583,1,0,-1.10674116289149,0,0
2753,0.224082556960639,0.401689771413216,2,1,0.0208357689397333,1,1
2754,0.622864407487214,0.630902823121989,0,0,0.512664121733608,0,1
2755,0.174965914047789,0.395148283138494,2,1,2.98288323696137,1,1
2756,0.320303376647644,1.37730948886551,2,1,1.08708741993612,1,1
2757,0.0837466487428173,1.51136080029378,1,1,-1.74889143129149,1,0
2758,0.0322756808600388,0.608414710166996,1,1,0.814595134154464,1,1
2759,0.511606760529623,0.555151315897849,2,1,0.232269488741368,1,1
2760,2.2041377275342,4.55816902574338,2,0,0.0982170769503706,0,1
2761,0.579286558553576,4.41936820887435,2,0,-1.11630518491507,0,0
2762,1.04958436917514,1.08122445953389,0,0,0.109677552189814,0,1
2763,0.139691332296934,1.94966108848651,0,1,0.133716274377504,1,1
2764,0.0105517930933274,0.656135454773903,0,1,-0.552958182066614,1,0
2765,0.301755366672296,0.738861380253273,1,1,-0.306328732571739,1,0
2766,0.595076321624219,0.714977038903743,2,0,2.8007339959131,0,1
2767,0.11045781597299,0.983652472014935,2,0,0.440804053774775,0,1
2768,0.0672001839221628,0.457254453285872,2,1,-0.0979958525733542,1,0
2769,0.206989055150189,0.778873698758713,1,1,0.986563839587651,1,1
2770,0.0874459950136952,1.11833751953285,0,1,-0.331292900177003,1,0
2771,0.0543292824295349,0.234203252538432,1,1,-0.00889507520930466,1,0
2772,1.39207939959618,2.2029029987424,2,0,-0.984938345278195,0,0
2773,0.838685202153221,1.82802327512006,1,1,-1.27193827103438,1,0
2774,0.32123883047937,0.686899424756401,2,0,0.540395025776424,0,1
2775,0.877142081037164,2.79669491900403,1,0,-1.75019787802599,0,0
2776,0.600226843729615,2.83984300846853,2,0,1.32239118120635,0,1
2777,1.38125037122518,1.96107863517518,1,0,-1.57556803475623,0,0
2778,0.285268375650048,0.581492102990029,2,0,0.770685535101944,0,1
2779,0.185514393262565,0.251913674769123,1,0,-1.89892988133251,0,0
2780,0.628897199152041,1.06151954646471,2,0,2.34985718595754,0,1
2781,0.107616619711783,0.501063863782045,1,0,1.66829453610502,0,1
2782,0.392111480759922,0.65967970341221,2,1,-1.55020170274226,1,0
2783,0.00951605121372268,1.06980958232938,2,1,0.486455808770525,1,1
2784,0.615309317596257,4.46608017882506,2,0,-0.93681041710804,0,0
2785,0.110148463863879,0.224283318966627,0,1,0.289730813731552,1,1
2786,0.068387396459002,0.107733819431503,1,1,-1.1302647152014,1,0
2787,0.405595641583204,0.876736748791438,1,0,0.90544481581589,0,1
2788,0.0852055320865475,0.7516145445934,1,1,-0.169872853836345,1,0
2789,0.277808904047617,1.32350710641693,1,0,-0.0140552361354989,0,0
2790,0.129569200613578,0.65361293695542,2,1,-1.7002789614125,1,0
2791,0.908376944664508,1.93627831970116,1,1,0.00118615432031022,1,1
2792,0.839624727144837,4.65413999918612,0,0,-0.579728206203278,0,0
2793,0.40795798151521,1.69628175124578,1,1,-0.231936564581927,1,0
2794,1.15231829340906,1.46981290886129,1,1,-0.349577321284544,1,0
2795,0.0253301241900772,0.979937888750501,1,1,0.726754343717868,1,1
2796,0.377393086091615,3.80000249681411,1,1,-1.05966372645021,1,0
2797,0.0887017054483294,0.579499867055403,2,0,-0.853140392669967,0,0
2798,0.0152723528901487,1.24592303022396,1,1,-0.339274921943668,1,0
2799,0.0137034965093,0.0969826951971859,2,1,1.59109720130851,1,1
2800,0.180377950396334,1.82586143724992,2,0,1.83767761183116,0,1
2801,0.333022886188701,0.665268510355769,2,1,0.188544836524946,1,1
2802,0.332933260032016,0.376118536931283,2,1,0.577704592084479,1,1
2803,0.445321465350509,1.33153228665768,2,1,0.296418312885449,1,1
2804,0.882913144252837,3.11954372142185,0,1,-0.0692964729023398,1,0
2805,0.646896552617483,3.35493967695291,2,1,-1.62185120844794,1,0
2806,0.126720194424482,0.780731632548537,1,1,-1.85333302710574,1,0
2807,0.582754318602383,1.14153268554061,2,0,2.01616381503799,0,1
2808,0.177867124148179,0.671603272076945,2,1,1.27730180165395,1,1
2809,0.597807282581925,1.27848541822011,1,0,-0.00742269073370973,0,0
2810,0.144639569916762,2.72274249233305,0,1,0.118350036106879,1,1
2811,1.47489306136014,3.46569187834372,1,0,-1.23655612411465,0,0
2812,0.161529225531033,2.17582646454624,2,0,0.555137284976456,0,1
2813,1.46830240814927,3.10243507536749,0,0,-1.53006432369242,0,0
2814,0.161199532449245,2.05324812078608,1,0,-0.579360094641245,0,0
2815,0.2469377592206,0.843006806881732,2,0,-1.63125409310734,0,0
2816,0.0521140330238268,2.16283865904655,1,1,-1.01068939297296,1,0
2817,0.0346156570594758,4.71562376379354,0,1,-1.10437377593349,1,0
2818,0.222071547759697,0.292555416741513,2,1,1.64178984986735,1,1
2819,0.0935335208609197,0.663600505837376,2,0,1.21297755122877,0,1
2820,0.0985654260148294,2.4238251642265,2,1,0.163168218182797,1,1
2821,0.175575059307436,0.37721241388523,2,1,1.35306929650524,1,1
2822,0.709456094540656,1.16646708717152,1,0,0.629106090130894,0,1
2823,0.222563486022409,0.352204382451125,2,1,0.810703194170186,1,1
2824,0.689871613867581,1.35811244679809,0,0,0.131848530018202,0,1
2825,0.431266567669809,2.79579828455784,1,0,-0.496802782882359,0,0
2826,0.561223460611541,2.33467054733843,1,1,-0.398892521710805,1,0
2827,0.582895416274488,0.893799317693271,1,1,-0.790405353580762,1,0
2828,0.00717200378445812,3.39917648894091,0,0,-1.03046858983455,0,0
2829,0.381850066187326,1.91958194469316,1,1,0.455852020233233,1,1
2830,0.415778855385724,0.84021522166244,2,1,1.09224170097598,1,1
2831,0.159486680662239,0.626233693098315,2,0,1.64054007281829,0,1
2832,0.370977359823883,0.754417695552771,2,0,0.923079013332931,0,1
2833,0.404791131732054,0.717759879218443,1,1,-0.116125981493757,1,0
2834,0.318273815326393,6,0,0,-0.546534696560852,0,0
2835,0.363524277927354,1.63295798677148,1,1,-0.0944139722388305,1,0
2836,0.178816725499928,0.289129308885237,2,0,-0.105344869174707,0,0
2837,0.291727104914236,2.22457906007271,2,0,0.472468580187996,0,1
2838,0.150158267642837,0.195050523505597,2,1,1.2655832806696,1,1
2839,0.0537433114368469,0.29713352917978,1,1,0.15372594941462,1,1
2840,0.0367802038257971,2.25412622618508,2,1,0.592551055180874,1,1
2841,0.560970721766353,0.811405765513579,0,0,0.875664314787789,0,1
2842,1.12295979745092,3.82149616767932,2,1,0.805940682898521,1,1
2843,0.182279219152406,0.427670127904336,2,1,1.34155666448,1,1
2844,1.228680357337,2.58911993977719,0,0,-0.151630560946094,0,0
2845,0.154091050848365,0.212475353139798,1,0,-0.0745484827934774,0,0
2846,0.225427227851469,0.355855526592195,1,1,-0.496168977183423,1,0
2847,0.175593747699168,0.798521171460429,1,1,0.324347311943715,1,1
2848,0.126040151847287,0.89289487049017,1,1,-0.383952153733764,1,0
2849,0.358016020342714,0.771689243887967,2,0,-1.25086052175191,0,0
2850,0.402050463189461,1.41416570273248,2,0,-0.234769997769691,0,0
2851,0.084804805610274,1.49360255391626,2,1,0.164235434164286,1,1
2852,0.306805110301903,0.410584356173176,2,1,0.580519485437923,1,1
2853,0.151339951262344,2.39827124911351,1,1,0.619904567370211,1,1
2854,0.88796519436279,2.16831296557933,2,1,-1.69057587638484,1,0
2855,0.141881005256437,2.86859587662362,1,1,-0.108862996835274,1,0
2856,1.29330541193485,4.34888991046118,1,0,0.398117049848958,0,1
2857,1.50353060261734,1.5067681883744,2,0,-0.00649397015309449,0,0
2858,0.401520109444391,0.638323219080649,1,1,0.0986484096895103,1,1
2859,0.316089338085875,0.665011502868182,1,0,-0.0575889397728685,0,0
2860,1.1226015817374,2.46092397504663,2,0,0.727975667520429,0,1
2861,1.1891989922151,2.02122739072189,0,0,-0.63289347356463,0,0
2862,0.178629792644642,0.40138730034472,1,1,1.69191549226265,1,1
2863,0.618923678062856,3.48541498199873,1,0,-0.382950777629386,0,0
2864,0.510115111897871,1.77629652833513,1,1,-1.23966571831123,1,0
2865,0.312504407775123,0.534719767505415,1,1,0.556865622821545,1,1
2866,1.80743304359708,1.83317647895113,1,0,0.0745337220452496,0,1
2867,0.0466134635105534,0.46622331041226,2,0,-0.617487238405826,0,0
2868,0.0602112021297216,2.5824857307015,1,0,1.19964383155869,0,1
2869,2.24783261484447,2.53089418324331,0,0,0.38163466413759,0,1
2870,0.345399604411796,3.93216420439995,1,1,-0.533138841604574,1,0
2871,0.219111966437758,1.58043181473484,1,1,0.597550429075162,1,1
2872,0.296703018830158,1.1758332630749,0,1,0.408276548670564,1,1
2873,0.524468490853906,0.67826484147162,1,0,-2.28549960876382,0,0
2874,0.0494468696415424,0.405262784287533,2,0,-0.577649607968562,0,0
2875,0.737044629614622,0.946811561634883,1,1,-0.775503509510148,1,0
2876,0.262789224798325,5.33192568443874,2,1,-0.612924429644708,1,0
2877,0.325943400966935,0.759104471959252,1,1,0.328865461281949,1,1
2878,0.0358316430842993,0.745663416024696,1,0,-0.443059737689589,0,0
2879,0.163538280758075,0.307759502523258,1,1,0.304268473569121,1,1
2880,1.63560899152401,2.98976711618404,0,0,-0.957526664457512,0,0
2881,0.150117611628957,1.89883850050977,1,1,0.0850834729961907,1,1
2882,0.446780088357627,1.93319825791271,2,0,-0.532470124926674,0,0
2883,0.103605145650063,0.143913453951657,1,1,1.24617205977467,1,1
2884,1.65802683153032,2.44715942315732,2,0,-0.236233729687039,0,0
2885,0.347724513855751,2.26627961724698,2,0,0.550416824115177,0,1
2886,0.0462682874653959,0.432860606398205,2,0,0.517771234463866,0,1
2887,0.198946921154857,3.74850253527016,1,0,-0.95993229793609,0,0
2888,0.320668882341124,2.30190313482537,1,1,0.0543522442997041,1,1
2889,0.693178073503077,3.56852166354656,0,0,-2.12364369210763,0,0
2890,0.0967875072644941,1.72070394261647,1,1,-0.88987963624232,1,0
2891,0.669503016539352,1.53392847834168,2,0,0.563791106586891,0,1
2892,0.0339687507948838,2.73219555001882,1,1,0.640764295590302,1,1
2893,0.634882737623349,0.753871981621352,1,1,0.547400102995235,1,1
2894,0.0291646912228316,0.675517446348608,1,1,-0.0868188015517666,1,0
2895,0.596121278415365,2.21332390724088,2,0,-0.123022428698579,0,0
2896,0.734845202506341,1.49292096683811,1,1,-0.759481852934922,1,0
2897,0.163361924101169,6,0,1,0.203730995114012,1,1
2898,0.206353581510484,2.01313133041064,0,0,-0.603529119367901,0,0
2899,0.571536355673253,2.15370701539584,1,1,-0.841319058257641,1,0
2900,0.571742069544621,1.62195550099639,1,1,-0.215431031931099,1,0
2901,0.70407550546509,2.60970696491461,2,1,0.0495989374290176,1,1
2902,0.286178125068545,1.62245074590473,2,0,0.434780545190946,0,1
2903,0.569179375280447,2.95896638548848,2,1,-0.714928369849914,1,0
2904,0.266606682378541,0.301684671061394,2,0,0.471188608032193,0,1
2905,1.20478867273778,6,0,0,-1.22809221175638,0,0
2906,0.189170529192779,0.591962331288814,1,1,-0.97288502445899,1,0
2907,0.629444111228742,5.6487622047147,0,1,-1.01186949336535,1,0
2908,0.850059861317277,1.2316796783034,2,0,-0.292576756944027,0,0
2909,0.143176701851189,0.677454723055763,1,0,-0.441314281207375,0,0
2910,0.448836860246956,0.803488540930782,2,0,0.114297604058394,0,1
2911,0.198032061161939,1.20896266731493,2,1,0.112246307627924,1,1
2912,0.483829809355308,1.14735690334219,1,0,0.276665253618842,0,1
2913,0.217801410472021,0.907847968195954,1,1,1.46357531004079,1,1
2914,0.552194327981541,1.04301121811182,2,1,-1.11757095358165,1,0
2915,0.16181653086096,1.89485438875091,1,0,0.371966561739255,0,1
2916,0.172770570206922,0.81274518398412,1,1,-0.949611635519905,1,0
2917,0.459434065036476,0.649815808046524,1,0,-2.23767057980383,0,0
2918,1.13476103264838,1.90028972558517,2,0,-0.561467984779885,0,0
2919,1.25697450060397,2.02673171821642,2,0,1.23993264650161,0,1
2920,0.0689341992256232,0.369406146002194,1,1,0.185280407291888,1,1
2921,0.395959327870514,0.438137927299525,1,1,0.833966453480346,1,1
2922,0.9097102843225,2.8276873255904,1,0,-0.109323994568552,0,0
2923,1.68406197792831,2.11636400072579,2,0,-0.0338753625388406,0,0
2924,0.0882309613610452,1.20482533549269,0,0,0.0597863862247297,0,1
2925,0.0670866650762036,0.230225084604048,1,1,-0.0414927208206442,1,0
2926,0.323310171370395,0.840389726650989,1,1,-0.859044152001419,1,0
2927,0.684173558230333,0.921647032942145,1,1,-0.349067507202509,1,0
2928,2.62322822763565,5.94839797637669,0,0,-0.500852793795827,0,0
2929,0.157788230862934,1.58664919661139,1,1,1.29295418018676,1,1
2930,1.18129430618137,1.43613182683717,1,0,-0.563585790678227,0,0
2931,0.731706521294198,1.3139170888441,1,1,-0.016564029993389,1,0
2932,0.355032381194178,1.19478780466791,2,1,-0.655961075122975,1,0
2933,3.13931853307371,3.69790864936743,2,0,0.191078756701945,0,1
2934,0.00193859088216611,0.292052922335346,1,1,-1.38917841966304,1,0
2935,1.18100111465901,1.35253803279685,2,0,-1.84066703609677,0,0
2936,0.732273323461413,2.16588027065521,2,0,1.05234961258383,0,1
2937,0.603675378486514,1.15408640291376,1,0,-1.951535856255,0,0
2938,0.105373203174117,0.474820693098305,1,1,-0.028900195330416,1,0
2939,0.651865486651516,3.16497023527821,0,1,0.463507675432099,1,1
2940,1.52953781455208,1.87520435115579,1,0,1.62783643749871,0,1
2941,0.337648758722935,0.710654404101598,1,1,0.497614578809533,1,1
2942,0.394372174716632,1.39125537928742,2,0,-0.238833341788567,0,0
2943,0.992257346399128,1.4756126243533,2,0,-0.0924508359453824,0,0
2944,0.997711035422981,1.41161890726072,1,0,-1.28477169331185,0,0
2945,0.395125583830206,0.93425154870347,1,0,-0.738101071118375,0,0
2946,0.803687279781734,2.49932242773268,1,0,0.747699262489113,0,1
2947,0.184467201470397,0.972709476806951,1,1,-0.60825737480361,1,0
2948,1.35834210086614,2.92072890326381,0,0,-0.172268260221884,0,0
2949,0.326396373275202,0.340953295152615,1,1,0.760432704325878,1,1
2950,0.160505995154381,0.507082086878015,2,0,-0.420735141694433,0,0
2951,3.61910849397452,4.45218502247428,2,0,1.32237606579854,0,1
2952,0.897930536419153,1.01654560073657,1,0,0.0598211070115146,0,1
2953,0.275918102799748,0.888575681277375,2,1,-0.965723605164354,1,0
2954,0.623344651393747,1.25563422217965,0,1,-1.46201155268029,1,0
2955,0.339268369209808,0.510693750081512,2,0,0.677479209085054,0,1
2956,0.720723889509037,2.56711866085728,0,1,1.09839535716259,1,1
2957,0.0502391085590611,2.58496511299661,2,0,-1.41298693187868,0,0
2958,0.205463067686651,0.456539501125614,0,1,0.194524144968898,1,1
2959,0.969207665883005,1.72249492620293,0,0,-0.102118182837764,0,0
2960,2.14446148267927,3.82046301515759,2,0,-0.33048144975268,0,0
2961,0.150677230209112,0.32592141359482,1,0,-1.15273814731272,0,0
2962,0.0991872232407331,1.02160958062786,1,1,0.236537240862703,1,1
2963,0.400907699950039,6,0,1,-1.18621976029288,1,0
2964,0.135699075181037,0.381737423322897,2,1,-0.15373266082834,1,0
2965,0.0297309918096289,2.47285993343958,2,1,0.241574659644109,1,1
2966,0.0910750374326735,0.839901821808454,1,1,1.22070496623267,1,1
2967,0.938485284335911,0.985496626639522,0,0,-0.152522595483629,0,0
2968,0.769353008919217,1.54689148776183,1,1,-0.807999734333744,1,0
2969,0.359782525047194,1.05604193455003,1,1,0.259992899397224,1,1
2970,0.0528493293677457,1.71434337736696,1,1,-0.20292658155265,1,0
2971,0.0467320147436112,0.745758204544922,1,1,-0.840029663351617,1,0
2972,0.043903783953283,0.158836362455483,1,1,-0.714171111237332,1,0
2973,0.260929609648883,1.45983321138428,1,0,-1.41265700678258,0,0
2974,0.569306216176421,0.939546357559867,2,1,0.180862470960823,1,1
2975,0.670672900974751,1.35072260286842,1,0,-0.243703784584564,0,0
2976,0.782417100245886,0.828765685830516,2,1,-0.67246767226514,1,0
2977,0.13947068479738,1.1175451478033,2,0,1.1726688680204,0,1
2978,0.0269512981713501,1.39833796204162,2,0,-0.0617756432621146,0,0
2979,0.248150912682438,0.45203793326999,1,1,-0.117296194919407,1,0
2980,1.02228501997888,1.39695871246374,2,0,0.506180142606829,0,1
2981,2.22233050680699,3.47381067204555,1,0,-0.108671951174989,0,0
2982,0.165685885660579,0.399943128866506,1,1,0.172183303251427,1,1
2983,0.395495957927778,1.60183768639236,2,1,0.469645384749763,1,1
2984,0.366231574676931,0.566333374410023,1,0,-1.16773388191586,0,0
2985,0.357191577344446,0.661278192397837,1,1,-0.69286695109361,1,0
2986,1.71346247615118,3.06025338487643,2,0,-1.06798510335612,0,0
2987,0.361066346056759,0.935320538687539,1,0,-1.817913459868,0,0
2988,2.93297023681884,5.18020382200787,2,0,-0.134501620541747,0,0
2989,0.467941586949684,0.585601240184171,1,1,-0.861352997495721,1,0
2990,0.917159998736918,2.16889713817649,1,1,0.991964249264747,1,1
2991,0.424003092048224,0.886136938690092,2,1,-0.190354749786588,1,0
2992,0.123021126782987,1.20469172869684,2,1,1.29564116528207,1,1
2993,0.575402554214753,0.579936935091861,0,1,-1.90991620867712,1,0
2994,0.368834800901823,0.575774078854106,1,1,0.83554301004441,1,1
2995,0.329577289812732,2.30996902952177,0,1,-0.310658217168543,1,0
2996,0.674109297212966,1.62425949046696,2,0,0.337696232426476,0,1
2997,0.107402494759299,0.143907827762283,1,1,-2.59753353123346,1,0
2998,0.1222109948867,0.638649244312355,0,1,0.297582824117107,1,1
2999,0.301482674312335,2.62960874548577,2,0,0.821102142891561,0,1
3000,0.756134913427041,1.39438231753983,2,0,0.791740868360687,0,1
