"id","L","X","status","z1","z2","cgroup","tgroup"
1,0.0444469084218874,0.270928353794304,2,0,-0.178963172417685,0,0
2,2.0190281382853,6,0,0,-0.146503066494486,0,0
3,0.0944914855062962,0.755652199017324,2,0,0.338314117584272,0,1
4,0.184579191949615,0.323343544985947,1,1,0.967892554010661,1,1
5,0.158472446125912,0.881413258612156,0,0,0.0560088538872184,0,1
6,1.17942762654275,3.18198575993612,2,0,-0.214682338242256,0,0
7,0.355540804739576,0.650475455349086,2,1,0.848417452593856,1,1
8,1.18696652231143,1.67791958756867,2,0,0.676145097296215,0,1
9,1.13982657995075,1.31480085449947,1,0,-0.316615181784044,0,0
10,0.447900610134758,1.52890932424906,2,0,1.50809727456618,0,1
11,0.163786340504885,0.238083339187267,1,0,-1.05608764771902,0,0
12,0.278655974418834,1.66249484444658,0,0,0.270721759401688,0,1
13,0.541499436832964,0.987041409373008,1,0,-0.423182803379928,0,0
14,0.0562971498584375,4.43356208813687,0,0,0.30439099185987,0,1
15,0.563548955225207,0.818481217958335,2,0,0.415596426721821,0,1
16,0.943795653060079,1.45155888905408,1,0,-1.09864721095752,0,0
17,0.202075452543795,0.312785201114212,2,1,2.03190835121417,1,1
18,0.17885791720546,1.68098084782397,2,0,0.369538859948427,0,1
19,0.611251544207335,4.03901784488386,2,0,-1.02377452812997,0,0
20,0.0481967176524197,3.2668250849466,2,0,-0.249655845108999,0,0
21,1.13697368558496,1.96259400756209,1,0,-0.860754189798321,0,0
22,0.0279404124012217,0.783643155531436,1,1,1.00520096842698,1,1
23,0.648120449481132,0.742359213077804,2,0,0.480149333860934,0,1
24,0.247187785612345,1.14595259850224,0,0,0.395915418678549,0,1
25,0.0548534590052441,0.968160293775603,1,1,0.331602795798744,1,1
26,1.14090734254569,2.15492904310641,1,1,-0.84216813813792,1,0
27,0.386728798039258,3.33033296666238,2,1,0.0814079304487728,1,1
28,0.170709502883255,0.2106713574676,1,1,-0.720495651774979,1,0
29,0.359688480384648,1.35849458615355,2,0,-0.175761040642603,0,0
30,0.261695957160555,0.288953762280559,2,0,1.68935305860168,0,1
31,0.103355461731553,0.152670234770565,0,0,-0.425947718362387,0,0
32,0.00811417936347425,0.311608120951304,1,1,0.175070069442781,1,1
33,0.223407527541784,0.326331914535138,2,1,1.48949790223746,1,1
34,0.297607499815058,1.4307605593639,1,1,0.118772128080903,1,1
35,0.295333751128055,1.33857298500093,2,1,0.680887808146721,1,1
36,1.00911306403577,4.60556731248895,0,0,-1.26494935549473,0,0
37,0.0770299889399074,0.985540157886912,2,0,1.09178723993056,0,1
38,0.480200933078573,0.905174771310447,2,0,0.533237181703712,0,1
39,0.38668544511547,0.473617729743614,1,1,-1.59934097166046,1,0
40,0.00717167276889086,0.468044445539514,0,1,0.0224134734476214,1,1
41,0.306261368711751,1.09741581668616,1,0,0.992662929817176,0,1
42,2.84220734325158,3.2766991489469,2,1,-0.645964158700971,1,0
43,0.070533262087587,0.468068308258657,2,0,1.87155134178728,0,1
44,0.0464957136314644,0.548056960154587,1,0,0.121914695202326,0,1
45,0.203034534933977,0.617706061651309,0,1,1.070196998841,1,1
46,1.0289856996939,1.08966308828381,1,0,0.343342247302698,0,1
47,0.853528759299599,1.36830556447943,2,1,0.0576739545053049,1,1
48,0.0417825242038816,1.43673092081393,0,1,2.48839658197095,1,1
49,0.81786603666842,3.5695742908058,2,0,-0.371886458987473,0,0
50,0.71684715801087,1.06775970515197,2,1,1.38316300660057,1,1
51,0.939187711039328,2.23671799112482,1,0,0.0583166417605318,0,1
52,0.268255951814353,1.18801447488367,1,0,1.14728531414347,0,1
53,0.0513449991121888,0.521996882074436,1,1,-0.183810010556002,1,0
54,2.16700324221494,6,0,0,-0.0346203639349276,0,0
55,0.618854574986244,1.18625340959797,1,1,0.794265352374131,1,1
56,0.200938661873806,0.743802436784874,1,0,0.648894112157634,0,1
57,0.419210060499609,1.01126736373801,2,0,1.04190326367331,0,1
58,0.174677329981584,1.35062381935616,0,1,-0.638873834208679,1,0
59,1.42145042667063,1.65660676856836,0,0,-0.205020690019267,0,0
60,0.439118781127036,1.3432321209468,0,0,-1.5263239716556,0,0
61,0.486900282697346,1.39795606240443,1,1,-0.857335359045186,1,0
62,0.33285073353909,0.539687830690046,0,1,0.68755293975862,1,1
63,0.0046593314036727,0.292581385945483,1,1,-0.852309988705653,1,0
64,0.659502329045728,1.17847348148349,2,0,0.242429774741819,0,1
65,0.673215663060546,3.35500149494521,2,1,-1.13215475129384,1,0
66,1.23766849562526,1.73304321111229,0,0,-0.0221689101670698,0,0
67,0.163860831409693,0.706533456344585,1,1,-1.31902582949394,1,0
68,0.158915759628151,0.871992999066909,0,0,-1.1943232655489,0,0
69,0.0154810827225447,0.984885086567023,2,0,-0.664127576226249,0,0
70,0.127956601188594,0.148061607438314,0,1,0.605282324484954,1,1
71,0.429696198552847,2.42774339608744,1,1,-0.596551929594008,1,0
72,0.259328610263765,0.271082428718117,2,0,0.622043386645258,0,1
73,0.155887133732904,0.549574384469389,2,0,1.85332716933595,0,1
74,0.579083853236925,1.09591499212048,2,1,1.11285530630254,1,1
75,0.740981714029536,3.73381206258045,0,0,-1.18613259444292,0,0
76,0.557227271609008,1.07455449002238,1,0,-0.393067733518654,0,0
77,0.326998749224003,0.34535829598705,0,0,0.486026429581095,0,1
78,0.0575995477961732,5.04259461458451,2,1,0.0184247523061317,1,1
79,0.437968746965572,2.29707701131701,0,1,0.342835382471647,1,1
80,0.153106050565839,2.06664531928001,1,1,1.77647344950358,1,1
81,0.727611795067787,0.966944136609899,2,1,-0.636614342991028,1,0
82,0.0219843070954084,1.88432767919681,1,1,1.22264979002871,1,1
83,1.99531016490402,3.06682691527926,2,1,-1.19441429031608,1,0
84,0.16437382157892,1.21158381709742,2,1,-0.835520737400434,1,0
85,0.622138587033197,0.826141128681543,2,1,0.988358879084972,1,1
86,0.914045541934601,3.82561525287707,2,1,1.13180735593988,1,1
87,1.1979394731518,2.46611442574204,1,1,0.0996926402774377,1,1
88,0.0268056345521472,0.53258870512216,2,0,0.96002879437744,0,1
89,0.429708974843379,0.609220208146913,1,0,0.376169393213823,0,1
90,3.32439777983313,4.1833654539757,2,1,-0.0108651850245966,1,0
91,0.279441687162034,0.795021404686155,2,0,0.261877078695021,0,1
92,0.119728782738093,0.73462736547054,2,0,0.128197275898987,0,1
93,1.21203823015094,1.27347889096485,0,0,-0.427594177591623,0,0
94,0.129726040468086,0.600799822593281,1,1,0.0501276722362869,1,1
95,0.00783500695546342,1.9052751848531,1,1,1.07903634908036,1,1
96,2.07441087355174,3.06973597838552,2,0,1.23367110342388,0,1
97,0.130403031954397,2.37102582118618,2,1,0.251852593225961,1,1
98,0.687010682619532,4.44288994333907,2,0,0.283522329368528,0,1
99,0.253739647235447,0.52463423342493,1,1,0.716598620195729,1,1
100,0.812280435903751,1.21601656069921,1,0,0.261255423247801,0,1
101,0.718803757891812,1.17728786982798,2,0,0.342189375970273,0,1
102,0.317270029336214,1.16008694125379,2,0,-0.601793301470625,0,0
103,0.180542419739617,0.568633319026937,1,1,-0.723290546228241,1,0
104,0.827905185520649,1.86078419557459,2,0,-0.419690382872334,0,0
105,1.10775607482986,1.4751801801866,1,1,0.811532712399512,1,1
106,0.0816549856780437,1.25202141706079,1,0,0.549186607763815,0,1
107,0.182757107205894,2.35505696171934,1,1,-0.36470332728925,1,0
108,3.39471771805054,5.18519330184796,2,0,-0.407332637936975,0,0
109,0.786476605545551,1.10579084100617,2,0,1.30525254348489,0,1
110,1.7810903097594,5.06000084543826,0,0,-0.802617415399713,0,0
111,0.101409915077966,3.06973664097337,1,1,0.02269646460851,1,1
112,0.158652196132147,2.65918166935205,1,0,0.26258734393314,0,1
113,0.692524759044598,1.05282369834085,2,1,0.614834110709993,1,1
114,0.242448312203856,0.390104130265324,2,0,0.1257485820226,0,1
115,0.592277445222072,1.52582560062985,1,1,1.14055509805023,1,1
116,0.285370713099837,1.96899602485607,1,1,1.4757377013802,1,1
117,0.200462555605101,2.76995845814296,1,0,1.63057601027049,0,1
118,0.103052463673521,0.95432402217537,1,1,0.0563139957556507,1,1
119,0.217195263248868,5.43630708116976,1,1,0.115677559369649,1,1
120,0.764267518185079,4.31487784475781,2,0,-2.339986993955,0,0
121,1.0225353894853,1.79709667035876,1,0,-1.31991660724591,0,0
122,0.695670875694424,0.720083583146334,0,1,1.39590863331706,1,1
123,0.0599933631019667,0.636321651910369,2,0,0.422333127648736,0,1
124,0.484763248641047,0.737869324078545,2,0,0.975501516979916,0,1
125,0.121421432122588,0.260654832595656,2,1,-0.0203148154838458,1,0
126,0.0816021134569459,0.836129976455472,1,0,-1.42187157597216,0,0
127,0.213530207111035,1.31539710027724,1,1,0.807470675734003,1,1
128,0.79516679700464,3.23421350225522,2,0,-1.08213837500109,0,0
129,1.05537701625714,1.5476547526382,1,0,0.477592496428969,0,1
130,0.301836260499732,0.882775869076481,1,1,-0.497852066142227,1,0
131,0.162769344312154,0.331635734692046,1,0,0.594946353108126,0,1
132,0.273597879568115,0.583485523858236,0,0,0.439645689924657,0,1
133,0.11468617914943,1.36991669411947,2,0,0.793491626576682,0,1
134,0.0764043554663658,0.234601978305205,1,1,-1.10670610013697,1,0
135,0.358796472428367,0.64676505130143,2,0,0.14019205746554,0,1
136,0.703260956771493,1.27266647452877,1,1,0.749451076172326,1,1
137,0.391221746976953,1.1148334396689,2,0,1.2629569621568,0,1
138,0.0568812905498566,1.24491897983796,2,0,1.30315068348252,0,1
139,0.00905455183237791,0.0613065728977718,1,1,-0.797178341631299,1,0
140,1.03656882531346,1.94402671164707,1,0,1.86028464069442,0,1
141,0.126324663870037,0.868731783686844,1,1,-2.28107847229117,1,0
142,0.194007070416267,0.300516998547775,1,1,1.42818046064887,1,1
143,0.261633260175586,1.20300086569602,1,0,-0.841628998047096,0,0
144,0.548925796730265,0.636557869388554,1,0,0.413917290973495,0,1
145,0.446857008479065,0.909002823962842,1,0,-1.6850374391056,0,0
146,1.04399622160608,1.83205870569431,2,1,0.989539271940353,1,1
147,0.197124722762965,1.52397765970109,2,1,0.191041621846102,1,1
148,0.0510137740639038,2.82221280614516,2,0,1.01360981556234,0,1
149,0.268436163663864,1.4667077663447,1,0,-0.220823868495462,0,0
150,0.0821013463428244,0.485710128086325,1,0,1.42421651923688,0,1
151,0.310369383369107,1.3188681946197,1,0,0.691145963523421,0,1
152,0.775246078148484,1.23797516999304,2,0,-0.0267012533069869,0,0
153,0.671961706131697,2.52043017457497,1,0,-1.61672671742404,0,0
154,0.198885416899649,0.951659838471247,2,0,2.80627993999346,0,1
155,0.561553787257228,4.27292142684261,0,0,-0.578940033856737,0,0
156,0.48360022480768,1.00036631878427,2,0,0.00327808579929674,0,1
157,0.246769796067383,1.19214641218837,2,1,1.18413886090962,1,1
158,0.0286140808020718,1.31881029498118,2,0,0.157060559174681,0,1
159,0.56483174198923,1.69368093267669,2,0,0.401101857515538,0,1
160,0.643647702500977,0.856471887712501,2,0,0.496251028286967,0,1
161,0.584209566560395,2.26489636449025,2,1,0.378984537393512,1,1
162,0.135362980375809,0.540116225080784,1,1,-1.30960551874168,1,0
163,0.0951160757176632,1.28187749408655,2,1,0.0614963761913469,1,1
164,1.01852320171459,2.14310394888576,1,1,0.69738214698372,1,1
165,0.0824319798266515,1.18904014348178,2,0,0.710691744475556,0,1
166,0.105419118573389,3.15000356478568,1,1,0.409290680390737,1,1
167,0.0483699087053537,0.760611672873939,1,0,-0.479761661919186,0,0
168,1.49300513664766,2.00928776546014,2,0,0.173005559679346,0,1
169,0.232763939129654,1.02713090003381,2,0,1.8361035324122,0,1
170,0.120960347440562,1.09163019269656,1,1,0.611190838097254,1,1
171,0.257416243839543,0.902065683735812,2,1,0.754837686075671,1,1
172,0.0900183385238051,0.118154279140085,1,1,-0.968288305250132,1,0
173,0.0110607938840985,0.51928428090967,1,1,-0.983104343693063,1,0
174,0.341929933922034,1.70324609982812,1,0,-0.150825719405511,0,0
175,1.04363972507417,1.66318207398214,1,1,-0.291780032316789,1,0
176,0.396736159746069,0.658722797277492,1,1,0.435575511811756,1,1
177,0.327083695679903,0.698303251042896,0,0,-1.07630334999398,0,0
178,0.605377446018912,1.11195187584478,1,0,0.974346646182256,0,1
179,0.312893640155556,0.663120822190569,1,1,0.862806180763293,1,1
180,0.447810469168991,1.09078600661764,2,0,0.468354842773001,0,1
181,0.668373227119446,1.88599047721016,1,0,-0.205077189073869,0,0
182,0.144383147635539,1.64057890347778,1,1,0.785686126660215,1,1
183,0.0660400445051916,1.64463894441724,0,0,1.21828037107739,0,1
184,0.0351518482784741,1.46422206616381,1,0,0.335741739337251,0,1
185,0.118557300534392,0.922545421247681,0,1,0.720523608266918,1,1
186,0.90646545238671,1.33075752612685,2,0,0.5785430643278,0,1
187,0.830656596782439,3.94931101228654,1,0,0.0118271460871574,0,1
188,0.300298017391469,0.52897445500707,1,1,0.536357004412178,1,1
189,0.526510634782545,0.947714160245525,2,0,0.715903174473343,0,1
190,0.0875374486891824,0.432433529446522,0,0,-0.622605613397511,0,0
191,0.119380193762481,0.616885398045552,1,1,-0.146130996348099,1,0
192,1.04476644378155,2.22685679582942,1,1,-0.212782885641667,1,0
193,0.38375246245414,0.43078356200147,1,1,-0.588143347375115,1,0
194,0.895414545233613,4.44455579260346,2,0,1.18338998279355,0,1
195,0.0556571662617161,0.612840734958547,1,1,0.482927731107228,1,1
196,0.177027222886868,2.18282811026067,1,1,1.34871504605055,1,1
197,0.141618874694653,1.3578658768246,1,1,0.251468105259188,1,1
198,0.386326415058753,1.84297344957789,0,0,-0.239379058251383,0,0
199,0.237678382047526,0.491364569059058,0,1,0.835609309629407,1,1
200,0.316886056098156,0.731303253696097,1,1,0.131860168190878,1,1
201,0.00865504785906523,0.56522749353066,2,1,0.914525191484,1,1
202,0.146395118907094,0.6619238922334,1,0,-0.919232955996573,0,0
203,0.514347418301078,1.42596503047307,2,1,0.882319528058242,1,1
204,0.233011995442212,0.654133858931258,2,0,-0.158803387766315,0,0
205,0.687688467415802,0.890431220564836,2,1,1.62908501566092,1,1
206,0.170563600026071,1.17759884311708,1,0,-0.701181236209297,0,0
207,0.0212769684731029,0.231469934075311,2,1,0.316207819021562,1,1
208,0.887873548083007,1.5353468606634,2,0,-0.00960210206431242,0,0
209,0.194327292327374,0.50594710841485,1,0,1.95620415664783,0,1
210,0.127358615072655,0.727868360723348,1,0,0.837599694909548,0,1
211,0.424081577919424,2.69983505591845,1,0,-0.466904657013434,0,0
212,0.146058589161839,1.34243689253235,2,0,2.03972867058134,0,1
213,0.56277522955372,3.08170887335175,2,0,0.527451082788441,0,1
214,0.633528792505905,0.791857815688266,2,1,0.941139838892677,1,1
215,0.0617333783362313,0.819845209682749,2,0,0.43320112716185,0,1
216,0.0927621469140337,0.249852406682435,1,0,1.11681903388004,0,1
217,1.38150068341328,5.29675790457849,2,0,0.552547785371745,0,1
218,0.666390927508473,0.756581149949614,1,0,-1.45289027014133,0,0
219,0.354523464629892,2.01856764247008,1,0,0.082400499628742,0,1
220,0.891577704902021,4.92763455824446,2,0,0.764271516409062,0,1
221,1.57600934616,2.72202920523245,2,0,0.368554619136402,0,1
222,0.546328680589795,1.95515862258821,1,0,-0.233285343506616,0,0
223,0.353506963700056,0.638160342350602,0,1,-0.154884943139219,1,0
224,0.00836303661344573,0.105992557197282,1,1,0.435509420642095,1,1
225,0.30535791348666,1.7839503015906,2,1,-0.12690617247458,1,0
226,0.0893408706178889,1.56479428985619,2,0,0.531553706890305,0,1
227,0.526320092004545,0.936295501184665,2,0,0.380417563325871,0,1
228,0.227731269784272,2.34949460328167,1,0,-1.03077104925466,0,0
229,0.84598697486502,3.77043667805432,2,0,0.382307775969865,0,1
230,1.59410626736043,1.841509505993,2,1,0.342137660967796,1,1
231,0.0259067901060916,2.28718200791326,2,1,0.0472889297726309,1,1
232,0.469334612690665,0.638662469118131,2,1,0.0609551752027544,1,1
233,0.201909131137654,0.236640426920849,2,0,1.64146884361754,0,1
234,0.342617751099169,0.843733090628134,2,1,-1.78618220182682,1,0
235,0.0625245631090365,0.77338070811517,2,0,0.557383933462746,0,1
236,0.371504878219104,1.1240719817589,2,0,-0.0105196614188879,0,0
237,0.053165643427005,0.0750679510947319,1,0,-1.13901145652599,0,0
238,0.522629246115685,0.932302298021277,1,0,-1.51937501976746,0,0
239,0.181713574565947,1.51052206700567,1,1,0.385482541199261,1,1
240,0.142550214077346,0.962838075658082,1,1,0.0422188438253666,1,1
241,0.431559276767075,1.21352251148553,2,1,1.09452973004958,1,1
242,0.647552860198515,0.738165935061014,1,0,1.23084274281099,0,1
243,0.524484804831445,1.13640563380473,2,0,-0.147535722379758,0,0
244,0.867356452989341,0.958007557164567,1,0,1.70923138446362,0,1
245,0.277540372044314,0.736224846914411,0,0,0.474856415782037,0,1
246,0.834688752630547,1.00284814834595,0,0,1.17359836493011,0,1
247,0.263151294919982,0.295628231106484,1,0,0.759758852736342,0,1
248,0.011551053263247,0.925070269033068,1,1,-0.479093706840428,1,0
249,1.46237800075653,1.57533851070141,2,0,-0.781198547172627,0,0
250,0.45193081927556,0.964961629565776,1,1,-1.92143763401868,1,0
251,0.379474968649447,1.02908316842336,1,1,-2.22395948556218,1,0
252,0.624548813153334,6,0,0,-0.173432531123562,0,0
253,0.304415188911321,0.881988844284196,2,1,2.78826908787236,1,1
254,0.0881969872862101,0.4901341486997,1,0,-0.726306659988792,0,0
255,0.483074173781973,0.535802599895066,2,0,0.233231742878386,0,1
256,0.27639573556371,0.73367471502466,0,0,1.80735081429646,0,1
257,0.205850829661358,3.71594479564706,2,0,1.27309451948736,0,1
258,0.0370130306691863,0.875348373170666,2,0,0.84527494946047,0,1
259,0.289892871059821,0.643902347448845,2,1,1.3490541281549,1,1
260,0.764019940127918,1.80750554881933,2,0,0.666325992975686,0,1
261,0.167371578572784,0.871187118392914,2,1,1.44799965894672,1,1
262,0.188877344003467,0.320556000273222,2,1,1.65685429640484,1,1
263,0.331891159697674,0.462016137020856,1,1,-0.157667217442127,1,0
264,0.0211656436245451,0.188511635139042,0,0,1.28009521600202,0,1
265,0.702757842926446,0.767404824315501,2,1,0.290720183550108,1,1
266,0.253578904084861,0.905808228852816,2,0,0.0170611945787018,0,1
267,0.213036655040924,1.4586411822418,2,0,0.773884296405695,0,1
268,0.28869286790723,0.514512891270331,1,0,1.39725476730052,0,1
269,0.407705021090806,1.95517881462971,0,1,-0.382345638289309,1,0
270,0.00922999856967211,0.151933604085036,2,1,0.34029911039538,1,1
271,0.232836410868913,1.09023248380087,2,0,0.0287175712790475,0,1
272,0.0400440266598858,3.37467796221543,1,1,0.791954560230053,1,1
273,0.217039810342049,0.65710334920837,1,1,-0.936493094581309,1,0
274,1.03553869523445,3.44971323522298,1,0,0.650221251942615,0,1
275,0.0668326544109732,1.83058475499219,2,1,0.0531671404559956,1,1
276,0.502756618894637,3.75035404191312,2,0,-1.27803626956596,0,0
277,0.0263831745833158,2.09926747587562,2,0,-0.540776515261477,0,0
278,0.476828751244404,0.87703157315495,2,0,0.601957521868248,0,1
279,0.480437141220004,2.64571318402886,0,0,0.521697656236463,0,1
280,0.0336036048278848,1.91857111207416,2,0,0.291214162667425,0,1
281,0.717448420188495,1.50312126125812,0,0,-1.93635368383865,0,0
282,0.205571901460644,1.02251136863581,1,0,1.1243064250204,0,1
283,0.327610848762561,1.07596704841792,2,0,0.419316747485048,0,1
284,0.0013843739347054,0.556766922972141,2,0,1.38981901152692,0,1
285,0.0980745037668385,2.18228261296948,0,0,0.32181262668479,0,1
286,0.18496062461054,3.11113870265222,2,1,0.414039767815268,1,1
287,0.188174915965647,0.423379098428945,2,0,0.505586323005779,0,1
288,0.429212534800172,1.34444101285036,1,1,1.92817559013936,1,1
289,0.0751043614000082,0.128859538520859,1,0,-1.16926639741668,0,0
290,0.133046776152656,1.06709853573309,1,1,0.100482857918941,1,1
291,0.235583080793731,0.977840911594177,1,1,0.769313566869985,1,1
292,0.0342435494530946,0.0512456994047282,2,1,0.870195199263905,1,1
293,0.368427726207301,0.875333786232123,1,0,2.05314725043104,0,1
294,0.0578107889330281,2.23882463951381,1,0,0.495188431080122,0,1
295,2.61403425588253,5.14021559862302,1,0,-0.16963556900246,0,0
296,0.120423513581045,0.711596827283515,2,1,0.691455381371309,1,1
297,0.719181370921433,0.959923528205686,1,1,-0.130158207498652,1,0
298,0.347853388811927,1.43765959556991,1,1,0.782202699255703,1,1
299,0.183693178695731,0.190027473346136,1,1,0.15619650688774,1,1
300,0.7414496447891,1.32582083197804,1,1,-1.12802970399419,1,0
301,0.417366194305941,0.435501354473144,2,0,0.462975312152455,0,1
302,0.227739380788989,0.819872923508715,2,1,0.912416707795869,1,1
303,0.00577443366637453,0.0789081810801838,0,0,1.0309789785432,0,1
304,0.0746302872609326,0.982327423928707,1,1,-0.8932439295655,1,0
305,0.687433254762374,0.709710780724005,1,1,0.723168699702564,1,1
306,0.161356692551635,1.71877417130503,2,0,1.06707618412438,0,1
307,1.27100691571832,2.85058585971326,1,0,-0.910961540316063,0,0
308,0.0404516899755412,0.822918551932737,2,0,-0.394694723639311,0,0
309,0.0483664686908014,0.497900384153535,2,1,1.69723517448938,1,1
310,0.0281636649742723,0.888503477928373,1,1,-0.894435239761565,1,0
311,0.841109193861485,4.67188340229704,1,0,-0.552491897919237,0,0
312,0.209689331298266,2.01331192942885,2,0,1.01394560406173,0,1
313,0.408931429497898,0.540092174059149,1,1,-0.851544366657841,1,0
314,0.177877733949572,2.05239785392489,2,1,0.34795967988928,1,1
315,2.01339250794592,2.83749689348042,0,0,-0.261923267748765,0,0
316,0.439832012169063,6,0,0,-0.425169935929457,0,0
317,0.165334397348724,1.58659122160261,2,1,0.109895411430703,1,1
318,0.270456362632103,0.675336051662721,1,0,0.553175159622131,0,1
319,0.41465933987638,1.28231508376618,2,0,0.312893756166755,0,1
320,0.00480262213386595,2.21914850178826,1,0,0.794698775170046,0,1
321,0.313489547115751,1.02202310520096,1,1,0.979626151005691,1,1
322,0.385039132961538,0.528144184693931,2,0,0.909941139814321,0,1
323,0.123286863788962,1.18580733965401,1,0,-0.051961070032584,0,0
324,1.16598224314036,2.77280231691858,2,1,0.808072492954102,1,1
325,0.360093617637176,0.731808122662081,1,1,0.420588238832597,1,1
326,0.459809912691645,0.613785608449189,1,0,0.623003207702218,0,1
327,0.967048503548772,1.01035821398236,2,0,-0.0369059359486646,0,0
328,0.0807299913737259,0.475172979293054,2,1,0.951776333731668,1,1
329,0.0318902236176655,0.584913067668273,2,1,1.42878102013209,1,1
330,0.18258568729449,0.508220680976891,1,0,-0.769510732121694,0,0
331,0.42069410905242,0.621410568465659,2,1,-0.0498111656711104,1,0
332,0.0508244620868936,2.10725055867713,1,0,0.369353581225441,0,1
333,0.591771907317098,1.0647086901156,1,0,-1.78586398891205,0,0
334,0.422747133477504,0.480926204454158,2,0,-0.124261288324261,0,0
335,0.0816686896723695,1.10145512852291,2,1,0.410852470947373,1,1
336,0.227836951671634,0.480909097426878,2,1,0.234227246380489,1,1
337,0.180463855628981,1.78186418433918,2,0,0.460687218877495,0,1
338,1.42106273544565,2.6935687349207,2,0,-0.392080424060761,0,0
339,0.0696373724198307,0.0923091789116394,2,1,0.835031965330458,1,1
340,0.550745838453084,2.01226321745931,2,0,0.925727482188207,0,1
341,0.0524162634974346,0.0879427079611424,1,1,0.520415397372367,1,1
342,0.0105054387822747,1.02415324881479,1,1,-1.47674558512718,1,0
343,1.54739519224076,1.84337779603655,0,1,0.364676109724493,1,1
344,0.282441526651382,0.660200992218111,1,1,0.20474644403873,1,1
345,0.924323667952433,4.55655212690448,1,0,1.20155219530768,0,1
346,0.147807083558291,2.02042307680395,2,0,0.35859082622358,0,1
347,0.170006104744971,0.444384931224548,1,1,-0.242153239931322,1,0
348,0.0815205864624947,1.38324986908789,2,0,-1.12723525692196,0,0
349,0.106633722782135,1.93502903530139,2,0,-0.321110946132583,0,0
350,0.208944893383887,0.38446852316459,0,1,0.883851478431651,1,1
351,0.0414886018261313,4.10490276909784,2,0,-0.287183413037144,0,0
352,2.09188946208802,2.18267039178177,1,1,-1.30394021992764,1,0
353,0.0699619477157033,0.468903090639962,1,1,1.12818251157448,1,1
354,0.0837737955152988,0.694095548517633,1,1,-0.7710230339292,1,0
355,0.570345191107287,4.3307823967127,1,0,-0.74595688292305,0,0
356,0.675176617197514,1.04488566392157,2,0,0.197904910074532,0,1
357,0.383566932676873,0.9696357169499,0,1,-0.0381718367469761,1,0
358,0.199703951657284,1.01763658885786,1,1,1.84618557693993,1,1
359,0.169057463353965,1.55828960024261,1,1,0.359150187174327,1,1
360,0.36926160287112,1.26310238229007,1,0,-0.842382740920371,0,0
361,0.0929151731543243,1.05424311114406,1,0,0.561944743178329,0,1
362,0.535870034312062,1.35922100381187,1,0,-0.953558967250276,0,0
363,0.208444149233401,0.526611163194314,1,0,-0.593839000906159,0,0
364,0.467358493812996,1.74730848911337,2,1,0.173374949033379,1,1
365,0.174176488944795,1.55935578145648,1,0,0.804973619111703,0,1
366,0.145952579623554,0.275303938318488,0,0,0.187444792277804,0,1
367,1.24672473519446,1.78572603635602,2,1,0.670413216136054,1,1
368,0.658137198162086,1.48090646233565,1,1,0.146369655136631,1,1
369,0.794069722294807,1.96026912890375,0,1,-0.979945600019141,1,0
370,0.962353910672617,1.86776764304846,2,1,1.44245554887978,1,1
371,2.29929452567341,5.92540477215679,2,0,-0.589028876006232,0,0
372,0.223062060540542,0.692320717350585,2,1,0.21548533914825,1,1
373,0.0482919090427458,0.785365292129496,1,1,1.70277724318234,1,1
374,0.290428136475384,0.50324821770859,2,0,-0.264252862952123,0,0
375,0.331893800175749,1.07448219632109,0,0,1.83758085849674,0,1
376,0.223056686690003,0.40924730912798,2,0,1.23503073457033,0,1
377,0.101300414244179,0.378463405259927,1,0,1.18094465155855,0,1
378,0.847899324700058,3.54645952071087,2,1,0.0663515759302712,1,1
379,0.187806581379846,0.389177070024994,2,0,0.085336903204912,0,1
380,1.13206938136706,2.14344013303185,2,0,1.80713041493232,0,1
381,0.271671704249457,0.339022635168994,2,1,0.051576656587012,1,1
382,0.718350516374835,0.940863497302985,2,0,0.35203728718924,0,1
383,0.0482906503020786,0.875506244626875,2,0,1.00604122758843,0,1
384,0.0319731011404656,0.821570553498883,0,0,0.896084490300242,0,1
385,0.00893058051588014,0.201513055776011,1,0,0.425096611662686,0,1
386,0.0841478243928979,0.37896892985782,1,0,-0.110391983075172,0,0
387,0.381323555193376,1.66923095968411,2,0,0.124121163668782,0,1
388,0.123940281337127,0.378886468490627,1,0,1.48779909764796,0,1
389,0.0816909777606652,0.0901707772583317,1,1,0.438554342397844,1,1
390,0.0244334852322936,0.0302383427818616,0,0,0.931491642803778,0,1
391,0.0166488603715526,0.0280256962094389,0,1,1.37519956421322,1,1
392,0.540416078848586,0.624579853582926,1,1,0.565287377508229,1,1
393,0.369660416795261,1.54425965793917,0,0,-1.27906295764074,0,0
394,0.641952582236283,1.08670143401295,1,1,-0.941725767726394,1,0
395,0.211518594890471,0.676090567365001,2,1,-0.103821593922986,1,0
396,0.491027766797241,4.2212482355535,0,0,0.0926665904738091,0,1
397,0.0688221954739459,0.134031953143842,2,0,0.213253663992525,0,1
398,0.0668293096732436,0.424037171882995,1,0,-0.703109421810168,0,0
399,0.429038195870817,2.54384746809032,1,1,0.274840283687482,1,1
400,0.659033005622563,0.958206108770476,1,1,-1.71914231698582,1,0
401,0.103592786011457,0.228760042126817,2,0,0.857363937957575,0,1
402,0.270861824974418,0.92645756095335,2,0,0.515399621226121,0,1
403,0.221209817391355,1.24188498253983,2,1,0.693293344334155,1,1
404,0.244181525199933,0.910417711741251,1,1,1.13888663974639,1,1
405,0.296948986127973,3.55949586116667,1,0,-2.26875121341215,0,0
406,0.0391294050496072,0.46090779632103,2,1,0.338144280701111,1,1
407,1.18328159902582,2.67053901528319,0,0,0.145564055672681,0,1
408,2.510683812117,2.52239818063875,0,0,-0.488281544161309,0,0
409,0.693413818255067,0.933054017873199,1,0,-1.19271898327773,0,0
410,0.53637496916873,1.60152844546496,1,1,-0.145380664640395,1,0
411,0.582965069810248,1.88465448372201,1,0,-0.0294145437982849,0,0
412,0.412526437721681,1.40870573907429,1,1,1.1582716055683,1,1
413,1.08724055998027,2.17077118129454,1,0,-1.18701415753203,0,0
414,1.47370399340036,1.61207729066243,1,0,-1.23871761446846,0,0
415,0.0392488198075187,0.442550216601175,2,0,0.240022050819479,0,1
416,0.033812367480716,0.618798580388677,1,0,-1.34064442617846,0,0
417,2.34619753054323,3.12903838853041,0,0,-0.865133348998119,0,0
418,0.0148427002407155,0.412132382556927,2,1,0.340733553292897,1,1
419,0.0730513744200624,0.316379139414828,1,1,1.18684594715816,1,1
420,0.252439036557917,0.303850328236838,1,1,0.404977275031795,1,1
421,0.0561504502261489,6,0,0,-1.1616359563788,0,0
422,1.23877306114288,1.79183295419735,2,1,0.146176829477364,1,1
423,0.448552728886903,1.59359599380466,2,0,0.595537168770526,0,1
424,0.105314015527256,0.20419400446239,1,1,0.373362911664244,1,1
425,0.139486375824341,0.39738689995071,2,1,1.36750940491701,1,1
426,1.09760208747075,1.29139900687229,1,0,-0.683354474532376,0,0
427,0.240267815825064,0.571654942946533,1,0,0.0136616081981423,0,1
428,0.261413678526878,0.438554700615829,2,1,0.626362122235581,1,1
429,0.622711061124511,2.93455569165065,2,0,0.0437329451247335,0,1
430,0.0964148543425836,1.93904623835674,1,0,0.2364195900666,0,1
431,0.606345090173937,3.23906136830234,1,0,1.15907843882389,0,1
432,0.63470356546146,1.08575518722191,1,1,1.22106224173061,1,1
433,1.01584300770294,1.31833393244974,2,1,1.38477386878375,1,1
434,0.161514638166409,1.55127197119833,2,0,0.159500843646146,0,1
435,0.200446621514857,1.09178193979565,1,1,-0.314750961655396,1,0
436,0.205538452052155,0.238455201244193,2,1,1.276798220824,1,1
437,1.71427133112195,2.27681690129959,2,0,-0.116705168804164,0,0
438,0.00478985049994662,0.103006520338872,2,0,1.59439686604163,0,1
439,0.529824923723936,3.22033216763128,2,1,-0.281964436039552,1,0
440,1.36445313567801,1.57672457396984,0,1,0.714711322847233,1,1
441,0.893495910800993,1.70206659488095,1,1,-0.830115389745636,1,0
442,0.427510103036184,1.5671285906317,2,0,0.740171010235732,0,1
443,0.523395487081081,1.78296409482375,2,0,1.21913249053224,0,1
444,0.363329251296818,1.03988066544084,2,0,-0.365261554493756,0,0
445,0.468910237740359,0.92439665600268,0,1,0.51953710221048,1,1
446,0.248124502383547,0.748617785766796,2,1,0.379395357161829,1,1
447,0.426234572078101,1.34325172104665,2,1,0.149068196088725,1,1
448,0.111872006964404,0.583216979890012,2,1,0.666475119136622,1,1
449,0.0366646709153429,0.415363538484724,2,0,0.159930182168209,0,1
450,0.00829487945884466,0.390031127996511,2,0,-0.0103137068003169,0,0
451,0.374071388505399,0.909076948150048,1,1,-1.84674187879075,1,0
452,0.184432521346025,0.393980453645456,2,0,2.59393050002879,0,1
453,0.0181503803469241,0.167890224154884,0,0,0.897590695555668,0,1
454,0.133226947509684,0.586630569187096,1,1,0.935400124847236,1,1
455,0.360295311838854,1.40313329794216,2,1,0.381168830025248,1,1
456,1.27440894599409,6,0,0,0.920367778309094,0,1
457,0.00771921069826931,0.330427698791027,0,1,0.313483816370467,1,1
458,0.294202451768797,0.848980068611599,1,1,0.0196217764195665,1,1
459,0.667391497964792,3.26331335477471,2,0,0.0684996862716663,0,1
460,2.37693544468823,2.6530051852266,0,0,-0.782076817318796,0,0
461,1.59549764707551,1.92960124244953,1,1,0.443157654968594,1,1
462,0.664079974405468,1.41073836309804,2,0,-0.555311231893387,0,0
463,0.207261337560758,1.0810091903618,2,1,0.283719048617798,1,1
464,0.84390180124604,0.948069310148444,2,1,0.31206500421135,1,1
465,0.133609883778263,1.64577268824124,2,1,0.0908091357861137,1,1
466,0.0470285675233218,1.94224020679002,2,0,1.26894862957498,0,1
467,0.649677159354843,2.41322286407941,2,0,0.582273368537864,0,1
468,0.142937223426998,2.36127909570645,2,0,0.603041792847453,0,1
469,0.582553947288603,1.86112439525399,2,0,-1.07667820238261,0,0
470,0.157736506330403,1.30158566217179,2,1,1.09478793139825,1,1
471,0.82776494441622,1.14150601861268,0,1,-0.00271708943992684,1,0
472,0.121809389675036,0.844856469807396,1,0,1.68554372436966,0,1
473,0.334243864926975,0.583366428244995,1,1,0.198981867724432,1,1
474,0.0628198737742812,0.530093750125006,1,0,-1.21711929506931,0,0
475,0.166031774133444,1.01120013056384,1,1,-1.98997198814057,1,0
476,0.487248717807233,1.57041864780088,0,1,-0.277200783343224,1,0
477,0.0564601998776197,0.246848516854922,1,1,-0.329398018695819,1,0
478,0.344019085459877,0.528342741473441,1,1,0.590333809224885,1,1
479,0.589845455075716,3.88712766877392,1,0,-0.0882255468274468,0,0
480,0.263518254854662,1.37069633640342,1,1,-0.297394238455291,1,0
481,0.23412256501615,0.423445504628558,1,1,-1.31779558478465,1,0
482,1.4775096100433,6,0,0,0.051763586547715,0,1
483,0.105279998376331,1.35268436686816,2,0,0.409851757859332,0,1
484,0.749825887006529,1.07635954406565,2,1,1.57984718595662,1,1
485,0.37695923645515,1.02849882860389,2,1,0.107617849952028,1,1
486,0.212220863070408,2.14595490693409,1,0,-0.390827594079508,0,0
487,1.39681485590099,2.95843399418945,2,1,0.190937271867563,1,1
488,0.188488741696347,1.29250318033816,1,1,0.392014643153903,1,1
489,0.0180219893809408,0.296243299976128,0,1,0.873321737998401,1,1
490,0.933354869917003,1.31082238062509,2,1,0.013296010932958,1,1
491,1.18707960750908,4.35074968263507,0,0,-1.46165661327275,0,0
492,0.49546230211854,1.05900332021217,0,0,-0.0203650645154926,0,0
493,0.0759155797722296,2.04807064494844,2,0,-1.0391032471471,0,0
494,0.22524790558964,1.68080470929602,2,0,-0.111193701976209,0,0
495,1.25021493434906,2.14315353889816,1,1,-0.441848895665602,1,0
496,0.797538463957608,1.76763313529603,1,1,-0.242795036696883,1,0
497,0.18610977276694,0.531642164374025,1,1,1.08789833942453,1,1
498,0.380790286289994,2.47375272351866,2,0,0.272764466119979,0,1
499,0.368304757401347,2.5911565610187,2,0,-1.04733701881792,0,0
500,1.78843007878143,2.37845403154233,2,0,0.561598792332593,0,1
501,0.615370314568281,2.2996864484239,1,0,-0.826738371820117,0,0
502,0.104775654817443,1.04786905625275,2,1,1.19583141804903,1,1
503,1.51254797718468,2.06020875796639,1,0,-0.369285962124897,0,0
504,0.185160521930713,2.77384795218031,1,1,-0.191111139227279,1,0
505,0.315946926322434,1.19368704557536,1,0,-1.55515578050064,0,0
506,0.0633437056094408,5.20159780576486,2,1,-0.0327076909868812,1,0
507,0.167129994671266,1.46363294072559,2,1,0.295498121826361,1,1
508,0.115419406502042,4.61132117857536,0,0,1.45640689399347,0,1
509,0.357084875926375,0.706366657354271,1,1,-0.501813477544212,1,0
510,0.0440277111179111,2.16352568167745,1,0,0.370350108363746,0,1
511,0.234767872840166,1.22379127968363,1,1,-0.96933015786108,1,0
512,0.10693480767936,1.68835918175034,2,0,0.592894865173382,0,1
513,0.0536593764880627,0.204260082269218,2,1,-0.570656193199972,1,0
514,0.0152286520080808,0.36942205682332,2,0,1.51822235246971,0,1
515,0.164443572575692,0.558868537359576,2,0,1.25969985293133,0,1
516,1.39480685107211,4.0123456168496,2,0,-0.968625190144322,0,0
517,0.344150001474191,0.436987071238508,0,0,0.492254376618385,0,1
518,0.602012720747672,1.73836851561721,2,0,0.108128284972418,0,1
519,0.476656763017909,0.801473933329388,1,0,-0.321152799440456,0,0
520,0.614736555624953,1.5246923301304,2,0,0.935212899139783,0,1
521,0.0467923628166318,1.73231475464119,1,1,-1.28251832051002,1,0
522,0.198005195987599,0.265536170358333,2,1,1.06519724512144,1,1
523,0.147691948513966,0.38237310670181,1,0,0.288465645433663,0,1
524,0.808733720888205,2.51159075648158,2,0,0.106454972844518,0,1
525,0.312682695803232,2.30531515103534,1,0,0.693311966526628,0,1
526,0.37576416390948,0.452874602979597,2,0,2.09766143844912,0,1
527,1.59070551465688,2.27866096465719,2,1,-0.711919557475123,1,0
528,0.263253349694423,0.939589894618036,1,0,2.21926291581231,0,1
529,0.50516339040535,2.05522614076882,2,0,-0.12399388231559,0,0
530,0.223322534002364,0.555782106661154,2,1,0.813340447751933,1,1
531,1.29378820303828,2.12676133650257,2,1,-0.649189031615807,1,0
532,0.304127856215928,0.342514525177386,2,0,0.0908018462535559,0,1
533,0.635832033903395,1.56344173192051,1,0,0.538926215466582,0,1
534,0.39208426955156,3.61277572226309,2,0,0.293796374543547,0,1
535,0.0971030555665493,1.81998452337611,1,1,-1.24789352457142,1,0
536,0.325126729619348,1.11191118840444,1,0,0.631888205779603,0,1
537,0.298068852862343,0.307739545910258,1,1,0.0696183706368093,1,1
538,1.10792355332524,3.43611235921003,2,1,-0.788151954575122,1,0
539,0.161464643471499,0.31590940431489,0,1,0.270532674040612,1,1
540,0.364833425404612,2.63711286509847,2,0,-0.0461337360078038,0,0
541,0.345949350157753,0.380104094122847,0,0,0.490533178674389,0,1
542,0.447853373964615,0.847778826331099,0,0,0.982864305462787,0,1
543,0.0819214032962918,0.696849487202589,1,1,-0.307003055564399,1,0
544,0.379407732398249,1.36262691723897,2,0,0.514231153136121,0,1
545,0.0762763796956278,2.01548285055486,2,0,1.15647930518238,0,1
546,0.189293013245333,0.689539449910323,0,1,0.64587715236958,1,1
547,0.0319799652788788,1.12267833070872,1,0,0.605536694276379,0,1
548,0.875821406021714,6,0,0,-0.40931151370844,0,0
549,0.419713785522617,1.67254892806774,1,1,1.12427964553843,1,1
550,0.0992781207501548,0.917426586935841,2,0,0.703720152125323,0,1
551,1.00062609836459,1.13793260176767,2,0,-0.47469395483519,0,0
552,0.0276175528415479,0.994383466934995,1,1,1.18748849768139,1,1
553,0.669184318368145,1.42418629872509,0,1,0.292548095988908,1,1
554,0.225947952829301,4.16669574876626,0,0,-1.08908056349388,0,0
555,0.894456731155515,1.38851128058251,2,1,-0.244867658151013,1,0
556,0.274634948873427,1.11491053150381,1,0,0.315598665080355,0,1
557,0.216457225382328,0.725778492210301,0,0,-0.124829382041834,0,0
558,0.351189736102242,3.79226227494642,2,0,0.0768654664309014,0,1
559,0.257515668179515,0.768474652747516,1,1,0.397385571465659,1,1
560,1.01244771847838,1.89537782222033,0,0,0.65220662919521,0,1
561,0.0624661278148391,0.258031986076584,1,0,-0.309554694447294,0,0
562,0.200614243745804,1.48946123464484,1,1,-0.578722515000133,1,0
563,0.768435358104879,0.808857729037603,0,1,-0.133951372748179,1,0
564,0.320101988036186,0.437339692852173,1,0,0.44284051576811,0,1
565,0.197684086050554,2.74658834348038,2,0,1.07964432697062,0,1
566,0.0553834566380829,0.244499603249362,2,0,0.0999843458130347,0,1
567,0.00512753348096086,3.37136843637131,1,1,0.737758275697857,1,1
568,1.19962357636541,1.99527808270907,2,0,-0.259168125615993,0,0
569,0.367384471464902,0.417354311379365,0,1,0.761977877582897,1,1
570,0.199098540018052,0.749126706350138,1,1,-0.32698246844768,1,0
571,0.105486088432372,0.719050432865818,0,0,-0.427266073332335,0,0
572,2.73618385001066,3.60865691068255,1,0,-0.137651474118098,0,0
573,0.157068523718363,0.455980116716877,1,1,0.116861155712955,1,1
574,0.61344534129998,0.727603420674297,1,1,0.428878219315855,1,1
575,0.233750785700977,4.75421232053728,1,0,-1.08575319811866,0,0
576,0.323632027138956,0.517600913243902,2,0,0.253245240334203,0,1
577,0.149497546119489,0.38205506428258,1,1,0.787318871927865,1,1
578,1.08711950108409,1.75330672239726,2,0,-0.996397386828331,0,0
579,0.162846298888326,1.6295970455532,1,1,-0.316230302238707,1,0
580,1.19192848354578,2.17274007262431,2,1,-0.725631789157284,1,0
581,0.0385433834608962,2.36069410242143,2,1,0.113025742590901,1,1
582,0.127937349490821,0.903390382253722,1,0,-0.450108511797532,0,0
583,0.886688467896091,1.59284233170864,2,0,1.57577704773568,0,1
584,0.336636690772139,0.964246033318164,1,0,0.338167679343739,0,1
585,0.267254067852306,2.19405592705022,2,1,0.702295407277932,1,1
586,0.353679976815187,1.53423773958121,2,1,-1.47715147735506,1,0
587,0.182439065538347,0.224363296125294,2,1,1.16235080327695,1,1
588,2.86303397623782,2.9425268671419,2,1,-1.26548491480054,1,0
589,0.129196291550659,0.53132821352745,1,0,0.587994833610674,0,1
590,1.5755577605827,2.50582594440352,2,0,0.271058458801024,0,1
591,0.309644885361195,0.694852621855588,1,1,-1.71355730174236,1,0
592,1.59803757414239,1.7600050578967,0,0,1.40308562014864,0,1
593,0.0763873948017135,0.488417934212995,2,0,0.315120422029982,0,1
594,0.385640212334692,1.74817627706674,1,1,-0.339385005450687,1,0
595,0.0511124267337368,0.208797149952003,1,1,0.216226345101947,1,1
596,0.24086148571223,0.594097402631053,1,1,-1.14280962695578,1,0
597,1.65983719394116,2.30576398310909,2,1,0.0409909571680685,1,1
598,0.0638047058600932,0.356433800043572,2,1,1.37172278383954,1,1
599,0.757867325420313,5.71651409817775,1,0,0.0781505013940609,0,1
600,0.142439855262637,0.417502990510236,2,1,0.201180391228181,1,1
601,0.23964628151769,2.17200331734794,2,0,0.271762348551301,0,1
602,0.126384805587138,0.881528680448859,1,0,-0.245549404524022,0,0
603,1.07503391616046,2.06384703938721,1,0,-0.150577799181066,0,0
604,0.501544001136728,1.05439416154688,1,1,0.409434486556501,1,1
605,0.783372049310066,1.6608082100161,1,0,0.144512541716203,0,1
606,4.52811391253896,5.35318200204825,2,0,-0.271797307751841,0,0
607,0.226226921367925,3.02181753640374,0,0,0.609390894384473,0,1
608,1.42505703205571,4.79250392538118,0,0,-1.31022142000916,0,0
609,0.435310284268557,1.70711849906673,2,0,0.275794385008556,0,1
610,0.0789301078433016,0.916188993773186,1,0,0.399369571872875,0,1
611,0.0388720515234725,1.01295802133325,1,0,-0.865175257656453,0,0
612,0.413855582895682,5.90519904306223,2,0,-1.48365684598048,0,0
613,1.81788731777435,4.20832040586821,1,1,-0.696353559812237,1,0
614,0.452286689739218,0.948093496873184,1,0,1.5033773056717,0,1
615,0.591450897520006,1.25117403110966,1,0,-0.409495226993675,0,0
616,1.22676855762826,1.86547249618033,1,1,0.186380832259353,1,1
617,0.135534301807638,3.69731516334701,1,1,0.525276433010014,1,1
618,0.198956021618876,0.437343425869473,1,1,0.091012042126268,1,1
619,2.04551333366873,2.57668269487719,0,0,-0.350564863057898,0,0
620,0.138132435677107,2.77102283602903,2,0,0.530057024098373,0,1
621,0.32028027519118,0.586589213602599,2,1,0.38124110694655,1,1
622,0.338171791285276,3.24617729832729,0,0,-1.04817237361429,0,0
623,0.354435774440144,1.31844735157464,1,0,-0.877781859110919,0,0
624,0.074078807418407,0.112068942213646,0,0,-0.534741872007002,0,0
625,0.0150255412106541,0.0862930691630517,1,1,-0.606008625584783,1,0
626,0.249478687269281,1.03116749611738,1,1,-0.177229317328051,1,0
627,0.502069730983868,2.25160252493967,2,1,0.0283891369804953,1,1
628,0.392049310612492,1.58981858431641,1,0,0.71420967569113,0,1
629,0.305000800639391,0.682885842862857,1,0,-0.279743572067777,0,0
630,1.40403353252022,5.51750071279559,0,0,0.0830903435546985,0,1
631,0.23824357369449,0.350767171834812,2,1,0.881316067833734,1,1
632,2.53061287178927,4.88163704344177,2,0,-0.249218352843335,0,0
633,0.0104801273720206,0.0861467431344142,2,0,2.45015382008597,0,1
634,0.102899374323897,1.54247745527193,1,0,0.651979234340388,0,1
635,0.401452812366188,0.894865098045704,1,1,-0.656999072762413,1,0
636,0.610451237018549,1.11773290683424,1,0,-0.577036094536388,0,0
637,0.437542516738176,1.50022018039052,1,0,-0.0209724151852264,0,0
638,0.421819508192129,3.25421791834136,0,1,1.25744155214462,1,1
639,0.751426964066923,3.0949001696541,1,1,-1.34648656083695,1,0
640,0.714434821830884,1.1143645310747,1,1,0.315304645102989,1,1
641,0.197886097012088,0.336637939222424,1,0,0.398283840257889,0,1
642,0.292623928980902,1.32100685951071,1,1,0.505859018904404,1,1
643,0.849530668320887,1.40652415419854,1,0,1.0463189965535,0,1
644,0.0131477188551798,0.625249589991667,1,0,0.444635511173975,0,1
645,0.29387506673288,1.30304895962278,0,1,-0.215150685731633,1,0
646,0.0792289534583688,0.461969090310987,2,1,-1.20350042522477,1,0
647,0.716443516986266,1.90907565765728,1,1,0.36749027053657,1,1
648,0.0809320587305891,3.68191108493745,1,1,0.127072577026289,1,1
649,0.576686469695352,1.34109205846708,2,0,1.2075546736369,0,1
650,0.140572638079933,0.697827775785227,1,0,-1.21697334983255,0,0
651,0.212694124784321,0.362001548347124,1,1,0.0541802327293497,1,1
652,0.215871972938487,0.397703295526997,1,1,0.139930875346966,1,1
653,0.620186150074005,0.775595090041558,0,1,-1.71357311766282,1,0
654,0.570502352251284,1.63787056380354,2,1,0.495324469843806,1,1
655,0.202055735513568,3.36369252223305,2,0,-0.868452094597097,0,0
656,1.35482426608487,1.57853455858514,2,0,0.9312671941151,0,1
657,0.960067241632954,4.840615675454,2,0,0.279901534943399,0,1
658,0.0547050380444596,0.0689235479859924,1,1,0.80264267015855,1,1
659,0.164611835207324,0.48592472453841,1,0,0.159734537320511,0,1
660,0.0847414905914734,1.98100908181265,2,0,1.39753685359778,0,1
661,0.542189152302973,0.943904594724743,1,1,0.614596267161593,1,1
662,0.0596533238422126,0.562215057079021,1,1,2.10739327226709,1,1
663,0.0387299580130353,1.4779237303487,1,0,-2.31312969393626,0,0
664,0.269542738969903,0.283889183491818,1,1,0.574501709882817,1,1
665,0.400264792260714,2.08060365338722,0,0,0.348794535794532,0,1
666,0.239858137030509,1.3984859515948,2,0,0.941065235760385,0,1
667,0.22416660678573,2.10552657777781,2,0,0.30693969315891,0,1
668,0.925177325209245,1.55887434328818,2,0,0.937614261401328,0,1
669,0.0864524921053089,0.363290287911907,1,0,0.152708815339565,0,1
670,0.0182514305924997,0.702430944601078,1,0,0.903711110988663,0,1
671,0.406041799869854,0.708889686469017,1,1,0.0622240393137965,1,1
672,0.659866985864937,0.786916272336778,0,0,-0.0754711348959048,0,0
673,0.610439039766788,0.628904093548803,1,1,-1.76543328543379,1,0
674,0.496478956178752,1.01434445769431,2,0,1.06481236867638,0,1
675,0.680002802509922,1.7392417793924,1,0,-1.59405903329431,0,0
676,0.267931559123099,1.73888703128406,0,0,-1.22522508773683,0,0
677,1.34815347474068,2.17181192400555,0,0,-0.638656472159147,0,0
678,0.166616332266631,0.538088183482036,1,1,-0.492285844899432,1,0
679,1.64066677090286,6,0,0,0.298248098080123,0,1
680,0.238063135184348,1.38702854560046,2,1,0.666434201189209,1,1
681,0.171719916164875,0.944364650415042,1,0,-1.68891906756366,0,0
682,0.132373168598861,1.16713152663705,1,1,0.318772622962282,1,1
683,0.0251901929099707,0.858719086877315,2,0,0.296154486840439,0,1
684,0.208357889787294,0.904221155991157,0,1,1.14369245669001,1,1
685,0.0784837025300833,0.390000340300667,2,0,1.32736407456821,0,1
686,0.607804535181516,2.41948620999655,2,1,0.352145593848652,1,1
687,0.196793225470171,2.33458283148817,2,1,0.465318998454568,1,1
688,0.0865972749888897,0.236607240378914,1,1,-1.80602528414701,1,0
689,0.375063278712332,0.586950804850979,2,1,-0.768362016907652,1,0
690,1.87459475013404,2.69856084929981,1,1,-1.11429145363735,1,0
691,0.189936252427287,0.959152468099512,2,0,0.00069738426280551,0,1
692,0.549863609819693,3.75735486094654,1,1,-1.05221372811725,1,0
693,1.14842721633613,1.48440464119442,1,1,-1.20154225510529,1,0
694,2.14717213614824,3.72710360882513,2,0,-1.0300967120374,0,0
695,0.0865515731857158,0.446530873763012,1,0,0.0454430293672389,0,1
696,0.411064247018658,1.31817991328494,1,1,0.854947330900253,1,1
697,0.787169886752963,1.11584218034315,1,1,-0.507277092779673,1,0
698,0.276166179217398,3.52543956788434,1,0,-0.117476779621343,0,0
699,0.378486295230687,1.42370665774351,1,1,0.216072709994376,1,1
700,1.05226228106767,1.31915561850601,0,0,-0.393646956788564,0,0
701,0.123400362208877,1.47551519222973,2,1,0.349938055342245,1,1
702,1.00834324849319,1.38040794395137,1,0,0.0802608052519345,0,1
703,2.03010331602806,2.58305380741755,0,0,-0.869428101599267,0,0
704,0.256689295929391,0.357864978050468,2,0,0.240497290857808,0,1
705,0.606768231203483,1.20941037098122,2,0,0.257393774523555,0,1
706,0.180460253697331,0.869111833165446,1,1,0.666596871938177,1,1
707,0.0549735937966034,0.396751872943659,2,1,0.873518082659572,1,1
708,0.241437554941513,0.323925462692744,1,1,0.890090574172052,1,1
709,0.740277162884598,2.01621330749632,2,0,-0.505228570512669,0,0
710,0.0835417871712707,0.22004552828392,1,1,0.460855287562281,1,1
711,2.62606447554174,3.96301818607979,2,0,-0.125421639667806,0,0
712,0.00936334487050772,0.477281328622406,1,0,-1.14487468778177,0,0
713,0.0853770840330981,4.35112618249149,1,0,0.00907974605467013,0,1
714,0.45312526078231,3.12463832890566,1,1,2.21783812235842,1,1
715,1.25599677319975,1.26291772569175,2,0,1.40651241952396,0,1
716,0.0706560552761822,0.506312797466914,0,0,0.647368857139008,0,1
717,0.365205473790411,0.403696563996372,1,1,0.864537297225578,1,1
718,0.0512358066043817,2.53347295646866,0,1,0.563315456871703,1,1
719,0.283561483083759,2.19030464818809,2,1,0.544518750238155,1,1
720,0.175537432660349,0.617270841985502,0,1,0.642158383261969,1,1
721,0.225752413691469,0.504992004946375,1,0,0.276022741913695,0,1
722,0.34634797135368,0.376301749768061,2,0,2.87068820556977,0,1
723,0.47422674889379,0.867161953079005,2,1,0.158716556666446,1,1
724,1.91364204130116,2.67494080315204,2,0,-0.0561018137563495,0,0
725,0.40673065021513,0.474941998241449,1,0,-1.21473533031032,0,0
726,0.760849269399118,6,0,0,-1.51797926934117,0,0
727,0.0561345767322501,0.260793712175642,1,1,0.769809555808935,1,1
728,1.20252281072886,1.32765886448731,1,1,0.386693192414469,1,1
729,0.251550689261624,0.360250243222535,1,0,-1.22031040897503,0,0
730,0.110828860779293,0.616106290228808,1,1,0.741327160824152,1,1
731,0.156647443686429,0.90201539399289,1,0,1.14145128516169,0,1
732,0.0524119405305652,1.91073631212835,2,0,0.286338061336397,0,1
733,0.30037918034941,1.74724896664866,1,1,-1.73335121769893,1,0
734,0.701641898602247,1.14530063325453,1,0,-1.35719197274769,0,0
735,0.363267616194207,0.804201139204598,1,1,0.798251213310193,1,1
736,0.283310901431832,0.547026507556438,0,1,0.245354859690302,1,1
737,0.295048220611764,0.715428672841756,1,0,0.0172509844131197,0,1
738,0.238923515717033,3.26768379692754,1,1,0.0465285735976237,1,1
739,0.257203299629278,0.634164719793727,1,0,-1.8460766366974,0,0
740,0.434535697794035,0.571252470168319,0,0,0.57931813819355,0,1
741,0.0402777903091994,2.23864739220862,2,0,1.0757981770899,0,1
742,1.57578851670532,2.08714219361259,0,1,0.0126563601732279,1,1
743,0.289139813103247,1.6525275349743,0,0,0.468681152271222,0,1
744,0.296541720163077,0.3915258361115,1,0,0.536104836068384,0,1
745,0.400051762349904,0.815969618054521,1,0,-2.93483786127066,0,0
746,1.14374463073909,2.85334210540381,1,1,-1.20208291945724,1,0
747,0.425185716885608,0.52295689199262,1,0,0.663943677990888,0,1
748,0.393726571055595,1.32702317583173,1,0,0.342000482365622,0,1
749,0.391004669649605,3.17518046386529,2,1,0.103066997489296,1,1
750,0.625588989816606,1.10885675347104,1,0,-1.5763775735461,0,0
751,0.0146859156666324,1.24079379308368,2,0,0.434804725163656,0,1
752,0.532178207486418,0.536339257157897,0,1,-0.101120434627106,1,0
753,1.00455461256206,1.87569154906311,2,0,-0.512931468503591,0,0
754,0.191842444182839,0.809908463252499,2,0,1.55184765960605,0,1
755,0.21516456262035,0.917802403370539,0,1,-0.667013475279937,1,0
756,0.0618510907515883,0.6108530408221,1,0,-0.854015778807765,0,0
757,0.229196861910168,1.04604494310468,1,1,1.88746074650786,1,1
758,1.45277899100019,2.61166380439797,0,0,0.0547037654823737,0,1
759,0.025569602697977,0.0404288998004314,2,1,0.742042705401104,1,1
760,0.410343612311408,1.07505817173372,1,1,1.66822466721018,1,1
761,1.32326994665472,1.56906441965219,0,1,0.307244908782582,1,1
762,0.0442869285116882,0.0879620284043904,2,1,-0.888543422766681,1,0
763,0.701782252639532,0.741917559273598,1,0,-0.977737595963568,0,0
764,0.111550502537444,1.21437363332487,2,0,1.07164669732251,0,1
765,0.0932361910236068,3.85480171140554,1,0,0.136570272049017,0,1
766,0.0248045213520527,2.07548599042692,2,0,-1.73564641954905,0,0
767,0.349499219737481,0.433844156067701,0,1,0.273413813087262,1,1
768,0.104866978363134,0.196002275809846,0,1,0.0261049114308957,1,1
769,0.180187167464665,1.15114053376746,1,1,1.52234187978381,1,1
770,0.747620948590338,1.26047240022078,1,0,-2.56328218954385,0,0
771,0.337755898013711,0.462575805586396,1,0,-2.13542067604761,0,0
772,0.0706365159821625,1.89754175336911,2,0,1.05111516942558,0,1
773,0.582785354900926,2.56648046306319,2,0,0.010862412442144,0,1
774,0.200207149318885,2.07360067591035,1,1,0.296478180597483,1,1
775,0.343615578826314,0.559474893946471,1,0,0.411284233761643,0,1
776,0.0661985604092479,3.03418656248952,2,0,-0.590930164327864,0,0
777,0.283058562316,3.32318136087568,2,0,-0.814577532033133,0,0
778,0.306010222993791,0.763993064865596,1,1,-1.17616341820337,1,0
779,0.514229339288369,0.636723225711455,1,0,0.153508916835168,0,1
780,0.0163033115677536,0.785822167290892,2,1,2.2169371424218,1,1
781,0.0559673802927136,2.46769083238404,1,1,-1.09122973552643,1,0
782,0.558799617548294,1.39406749568975,2,0,0.956969585118386,0,1
783,0.546905943192542,3.2517232435445,0,0,-0.266162598801701,0,0
784,0.0647713680518791,4.283993554612,0,0,0.225846463437967,0,1
785,0.180301481741481,0.659452408710963,2,1,0.386798671100043,1,1
786,0.780774539336562,1.54371554683964,1,1,-1.80670961107479,1,0
787,0.231304120272398,1.5398887648985,2,1,-0.944273654290455,1,0
788,0.253870571287975,0.650474660758247,2,0,-1.64809004511538,0,0
789,0.126975666293502,0.179511089276521,1,1,1.63803739594604,1,1
790,0.159403973331631,0.183979623640577,0,1,0.853323789689848,1,1
791,0.110328647715505,0.859017751775218,1,1,0.485141548471416,1,1
792,0.198971007409609,1.65244704747847,2,1,0.18799494663321,1,1
793,1.51684611445798,2.76141422779761,1,0,0.254765073247139,0,1
794,0.442313006666227,0.726365471500874,2,1,0.33999671314995,1,1
795,0.615047859250127,1.02062760788525,2,1,0.831727122000601,1,1
796,0.350057440704738,0.368040250905376,1,0,-0.51359480667453,0,0
797,0.518722166281015,0.62199457897987,2,0,0.658897750212315,0,1
798,0.230738150887191,1.06567698780902,1,0,-0.802725888472286,0,0
799,0.608562836979337,3.74214610084891,0,0,1.5778594539221,0,1
800,0.552162781357765,2.60536020037795,2,0,-0.0988499970727615,0,0
801,0.125673828055495,0.381364171653903,1,0,-0.057091903668501,0,0
802,0.516056274633895,0.911930900312876,1,0,0.188875298546277,0,1
803,0.803095635466099,1.5822621321787,1,1,1.34769231265773,1,1
804,0.58164472708464,1.02313074400002,1,1,1.43701264288656,1,1
805,0.183594832949967,1.81737404667127,2,0,0.233408189877281,0,1
806,0.442050211952151,0.973718802755078,0,0,-0.263300671251627,0,0
807,0.997549786645562,1.25513648944911,1,1,0.277121479712713,1,1
808,0.941043778449777,1.50749027729034,0,0,0.763854838538954,0,1
809,0.643907882273197,4.47113560195798,2,0,-0.019341538932819,0,0
810,0.0104997930513764,0.104501458119952,2,1,1.56794184873571,1,1
811,0.165965423093034,3.52016521257719,2,0,0.105796191712673,0,1
812,1.11552025419065,2.12486983478148,1,0,0.639031165206049,0,1
813,0.104216756590176,0.156661265151913,1,1,0.214376050144731,1,1
814,0.860716469443225,2.95205186724606,2,0,0.422815417519803,0,1
815,0.00148722290759906,0.417255688120072,2,0,1.18284059020719,0,1
816,0.0805588597431779,3.66450615688236,2,0,-0.26481404518227,0,0
817,0.277200411073864,6,0,0,-1.34581054888991,0,0
818,0.0974143743515015,0.252889742445151,1,0,-1.31282759168822,0,0
819,0.270527786342427,0.399067576842399,1,1,0.871959436626562,1,1
820,0.360643702151719,0.450398069569925,2,0,1.51595952285752,0,1
821,1.71711842334809,2.11104509110252,0,0,-0.141522924152109,0,0
822,0.148483248824218,2.24080183150169,2,0,1.61091525946682,0,1
823,0.27962475271896,1.67285015185674,0,0,0.56904538522908,0,1
824,0.139577763329726,0.274956904769914,1,1,0.373008893360649,1,1
825,1.02305124159308,2.90240543948705,2,1,0.671515376134163,1,1
826,0.314810964337084,1.99822280121549,2,0,0.587881479177882,0,1
827,0.0251399092376232,0.501848655463084,1,1,-1.54370079968445,1,0
828,0.518864139904655,1.62276278933009,2,1,-1.42824976166398,1,0
829,1.17696756124496,1.71901124294276,1,0,-1.17712362630115,0,0
830,0.902715169306487,2.52366691744943,1,0,1.39175470423537,0,1
831,0.0579741391054112,0.676256036385894,0,0,0.396023020312457,0,1
832,0.150407732464373,3.74573255353771,2,1,-0.743250154967603,1,0
833,0.477887150831521,0.490871680195416,2,1,-0.183034654041816,1,0
834,0.915380137859803,1.38472880054518,1,0,-0.345025525378598,0,0
835,0.859305479653932,1.72287306946603,2,1,1.05878708935482,1,1
836,0.210443883261178,0.25157146179125,2,1,0.95750093681929,1,1
837,0.709333687089384,1.14042562060426,1,0,-0.342635189284823,0,0
838,0.500283679924905,0.967045538235477,1,0,-0.0427750658167911,0,0
839,0.773933914580204,1.3852268937521,2,0,1.18644895201064,0,1
840,0.0167352869175375,0.0585078908687416,2,1,0.763967974919077,1,1
841,0.36246981844306,0.497501359311937,2,1,-0.491138707650926,1,0
842,0.148073070740793,0.444033428452811,1,1,0.218411894195286,1,1
843,0.435728448561533,1.69918304857224,2,0,0.752417494535644,0,1
844,0.243634079524782,0.435967181701565,2,0,0.740268369279251,0,1
845,0.115558653804608,0.23353651061084,2,0,0.129333240614038,0,1
846,0.734678028940045,0.858174683016901,0,0,0.213108807805197,0,1
847,0.235695023147855,0.302587702743158,1,0,0.175962921614163,0,1
848,0.126270858745556,0.717516052298644,1,1,0.0185602893058016,1,1
849,0.99296076567249,1.02803362856569,2,0,0.591199884147112,0,1
850,3.78613349406009,4.15803052094105,2,0,-1.57818119821177,0,0
851,0.329685103497468,0.428292505854151,1,0,0.31003328193861,0,1
852,0.688058163039386,0.878997634292526,1,1,-0.909498023202692,1,0
853,0.16111068726657,0.400748119379083,0,1,0.577192896269541,1,1
854,0.953724564699099,3.19115107838949,2,0,0.280056318086928,0,1
855,0.423708102898672,0.696808144431158,1,1,0.014535019725087,1,1
856,0.269810675235931,1.21881752761862,2,1,0.838930031949093,1,1
857,0.336000015668105,0.786582046546001,2,0,1.26500320426435,0,1
858,1.03811098373832,1.11622835326239,1,1,0.417243285554657,1,1
859,0.201483771379571,0.512495915887446,1,1,1.10187723578714,1,1
860,0.0119714505350428,0.748950039836543,1,0,1.19683282318823,0,1
861,1.37469373364002,2.16914834157953,1,1,-0.329191301424399,1,0
862,0.986121951084227,3.14957230802149,2,1,0.352566297061578,1,1
863,0.117558301594004,0.223155843327063,1,0,-1.94124889889366,0,0
864,0.332491026259959,0.366112699018038,1,1,-0.239819167056176,1,0
865,0.169760947906916,1.30043471462087,1,0,-2.01617193835465,0,0
866,0.618708510858059,4.22768684659508,2,0,0.634510216886607,0,1
867,0.0575495054363273,0.151793057209944,1,1,0.763500265394712,1,1
868,0.202471883967519,1.04534422096101,2,0,0.181168770526177,0,1
869,0.038613377354649,0.727475211884814,1,1,-0.622703115260694,1,0
870,2.58332926771584,2.63993804343045,0,1,-0.321875647211328,1,0
871,0.870939686266037,1.60194101108418,1,0,1.05189174182541,0,1
872,2.44539992502871,2.66143037778316,2,0,-0.0963138042143808,0,0
873,0.203359125306669,1.59061887422264,2,1,-1.77967992043482,1,0
874,0.206603335254766,0.669882159368175,0,0,0.5971804996659,0,1
875,0.106260814936832,1.2950392244087,1,1,0.234334695495499,1,1
876,0.815589701756835,1.18196049407743,1,0,-0.796116976525808,0,0
877,1.73012553357093,2.6320644093489,1,1,0.738734741386383,1,1
878,0.0782983389217407,1.05059289063017,0,0,0.832559829068107,0,1
879,0.97501396946609,1.61553396918778,2,0,-0.736789467090687,0,0
880,0.113238958583679,1.25110459203521,0,0,0.369546207643678,0,1
881,0.0117982744827489,2.02593124945281,1,1,1.23671287523186,1,1
882,0.22016751638148,0.31795406539496,2,0,1.8914062940274,0,1
883,0.0714724624413066,0.183939574114707,1,1,0.419788385168485,1,1
884,0.257607534846077,0.896295784352013,1,1,-0.464609042632632,1,0
885,0.396515858981711,0.53704893765012,2,1,0.843270956579507,1,1
886,0.124703072253538,0.187776893492968,1,0,1.01809468763518,0,1
887,0.840278274819076,2.06391195841025,2,0,1.43554092869184,0,1
888,1.69560195332771,3.43348555647014,1,0,-1.80398770923875,0,0
889,0.0183406221913174,0.0859721578930375,1,1,0.288957174702914,1,1
890,0.33805414539529,1.08478595884311,1,1,0.042992691509926,1,1
891,0.046612720025866,1.82175727253008,1,0,0.492128272800704,0,1
892,0.0944445058703423,0.10451669023795,1,1,-1.30437414616997,1,0
893,0.600717016469508,1.51059989193919,2,0,0.238577094737827,0,1
894,0.288954327814281,0.351688783004478,0,1,-0.350322941061023,1,0
895,0.399485385569278,1.17599539042705,1,1,0.79612122705833,1,1
896,0.64130302798003,3.30823936446524,0,1,-0.0722181884184079,1,0
897,0.223376986066344,1.06256605606037,2,0,0.172363318589349,0,1
898,0.273083521460649,1.17428194138398,1,1,0.633875116173724,1,1
899,0.116582430201829,0.416154716454963,1,1,0.121448403727468,1,1
900,0.974260873161256,2.30148152213492,2,0,-0.59942618023699,0,0
901,0.232300059287809,0.542099078183108,2,1,0.811069109737096,1,1
902,0.670710385285139,0.69764313639611,1,1,0.391299756628473,1,1
903,0.29006903845584,0.501171607163324,1,1,0.55559529097705,1,1
904,0.127777333545964,2.32441360393647,2,0,0.889016962962499,0,1
905,0.0426222733221948,0.124459339299177,2,0,0.734994181585743,0,1
906,0.409926571883261,1.17294252850115,0,0,1.31509995771427,0,1
907,0.320418149911034,3.79567771902499,2,0,-0.516421666073309,0,0
908,0.0331111942068674,0.161880394051764,2,1,0.431478043042201,1,1
909,0.469707146608818,2.19786066830678,2,1,0.467955648139941,1,1
910,0.287855740170926,0.463000516816663,1,1,0.631607518690084,1,1
911,2.21462845048847,2.26393031266828,0,0,-1.56221849336377,0,0
912,0.0048213082482107,0.131676507557944,2,0,1.64269271951931,0,1
913,0.0839108076879134,0.517376575825187,1,1,0.734062820961944,1,1
914,0.145549057102916,0.625379765869506,1,0,0.514677739673631,0,1
915,0.919808192358926,1.10122033703681,2,0,0.824944983205774,0,1
916,0.197229911216443,0.989316329284972,1,1,0.0917250971676293,1,1
917,0.500054094564922,0.756144243598274,1,1,0.396773351960215,1,1
918,0.0882447069212774,0.991147918807111,0,1,0.529693339425775,1,1
919,0.498021497034582,1.06012356951369,1,0,-0.66806486914054,0,0
920,0.0734827285812567,0.304662522002175,2,1,0.920867886969433,1,1
921,0.132304134313017,1.29679359286655,1,0,0.720903180713896,0,1
922,0.962639049002877,1.85620872855441,0,0,0.571075030513253,0,1
923,0.39183850801071,1.16367152876114,1,1,-0.0445578162377146,1,0
924,0.170559614896774,1.1900833676354,1,1,-0.961223713158557,1,0
925,1.37040873865171,1.78993459790945,0,0,0.380037401764121,0,1
926,0.232995435867573,1.22568356368996,1,1,0.309278564214434,1,1
927,1.05245777405798,1.23612289149198,1,1,-0.469400973907084,1,0
928,0.227931647095383,0.453123537499117,1,0,1.44176982696633,0,1
929,0.484675230664954,1.11394816063648,1,1,0.834159699622801,1,1
930,0.126801845617592,0.616434236768635,1,0,-0.944515021939004,0,0
931,1.03524058321248,1.50461366772403,0,1,0.509903604773763,1,1
932,0.809983428567648,1.21212977940432,1,0,-0.637197618597818,0,0
933,0.123172341554891,0.232692280894804,2,0,2.36365568251874,0,1
934,0.196439582152164,0.776468271675847,1,0,0.598388620555105,0,1
935,1.78427751167657,2.06250988348249,1,1,-0.354333553279612,1,0
936,1.20154343172908,1.24458555126305,1,0,-0.796354250777569,0,0
937,0.49745904107446,1.10314620402934,1,1,0.997426247519086,1,1
938,0.46023601197806,0.914738247256153,1,0,1.35440886072014,0,1
939,0.302789665803995,0.366007022451943,1,0,-0.213650399171505,0,0
940,1.49266158780994,1.79509778027003,1,0,-0.0323594519829246,0,0
941,0.0113807562738657,0.538896404601027,1,1,-0.966876806846734,1,0
942,0.210105165897403,0.443943453331788,0,0,1.07255573333991,0,1
943,0.263080530799925,0.352818121725061,1,1,-1.34772925026631,1,0
944,0.023332058917731,0.195856612471332,1,0,0.0953285504012582,0,1
945,0.696816878017791,1.42744361869411,1,1,0.0255232035320935,1,1
946,0.268467033456545,0.313929559247704,1,1,0.855565825221358,1,1
947,0.220931572839618,1.20990234542703,2,0,-0.061937529754636,0,0
948,0.371114684268832,2.8249167603563,1,0,-0.105344936607807,0,0
949,0.0963272299250144,0.494948276611059,2,0,0.400081664469945,0,1
950,0.100050836626906,0.161688635457352,2,0,0.310846611240583,0,1
951,0.48588774446398,0.901667055467315,1,0,-0.85407022615298,0,0
952,0.47585715041105,1.18653985464541,0,1,-0.682543724314762,1,0
953,0.686985559269607,1.68202082481971,1,0,0.766266405799845,0,1
954,0.909522547442487,2.0017333411505,1,1,0.248892141107199,1,1
955,0.00534250494092703,0.229985120169539,1,1,-1.09196028997004,1,0
956,0.25854953302769,0.620232976371465,1,1,0.314804024039901,1,1
957,0.187984133906571,2.3782878216416,1,1,-0.0115563771800071,1,0
958,0.702496767044067,1.77382453818028,2,1,-1.2134283219993,1,0
959,0.394247209187597,0.636211461159356,2,0,0.633542326275325,0,1
960,0.0392084496279148,0.383407589377903,2,0,1.96163661703556,0,1
961,1.0715393826306,1.50285270540046,2,0,0.483724946146029,0,1
962,0.367309128632769,5.9788334202847,2,0,0.262275554678147,0,1
963,0.34934955371316,0.426921159113633,0,0,-1.10768599624533,0,0
964,0.585593041588374,0.651768229135851,2,0,0.619080290834373,0,1
965,0.0348392622545362,1.25021850311403,2,0,-0.320824512669838,0,0
966,0.0365015439456329,0.858806808234256,2,0,1.66407103996235,0,1
967,0.150143194943666,5.46445204204501,2,0,-0.020533134703057,0,0
968,0.138605844113044,0.313218861358046,1,1,0.849123697405063,1,1
969,0.0277373020530501,0.481973665399894,2,0,0.790065852127949,0,1
970,0.18480482245542,0.365046681353052,1,1,0.350471047524431,1,1
971,0.667298628948629,1.02148067426065,2,1,-0.953373233130488,1,0
972,0.0781562994234264,1.72194829204436,2,0,1.33288103260618,0,1
973,0.650995352162801,0.810709188547567,1,1,0.0511468701081499,1,1
974,0.194965528289553,0.638749404102349,2,1,0.608861871479787,1,1
975,0.479975338682864,3.29920253716409,0,0,0.265737834883233,0,1
976,0.152504586025819,0.200134684177922,2,0,1.04880572808912,0,1
977,0.615497428554171,1.38968351271694,1,0,-0.432134751194771,0,0
978,0.710477171788745,1.76857693574305,1,1,1.27261628645907,1,1
979,1.08458287641406,1.4013799158538,1,0,-0.662249246865464,0,0
980,0.395822572521865,0.412013100242127,1,0,-0.956559315409192,0,0
981,0.190014193215406,0.959983469316786,1,1,0.59702246624624,1,1
982,0.374670611527724,0.536562162427829,2,0,-1.03490577139833,0,0
983,0.196218165219761,1.10868835949,2,1,1.38420583458233,1,1
984,0.151424911455251,0.818964969366789,0,0,0.920205777138746,0,1
985,0.778622361731754,1.2026991869754,1,1,-1.3921198960572,1,0
986,0.0305399316826527,0.798493890933212,1,1,0.494596763524172,1,1
987,0.829748531660818,1.60246277104367,2,1,0.155634564283,1,1
988,0.170735289575532,1.13088078327641,2,1,1.18659725946861,1,1
989,0.170090630999766,1.00575412611457,2,1,0.399251467751351,1,1
990,0.496423449211728,1.9476845545047,1,0,0.203068621346508,0,1
991,0.0638113798092167,2.27862701444719,2,0,0.788915567629127,0,1
992,1.02826711134391,1.09253173326068,1,0,0.430860896289286,0,1
993,0.248425527242944,2.3802429861863,0,1,0.00505512452404213,1,1
994,0.857122350108631,1.73443692347917,1,1,1.46001754410774,1,1
995,0.241513826814686,0.570628294159709,1,1,-0.822987227071963,1,0
996,0.924439030699432,1.03227663747055,2,1,-0.121797103693753,1,0
997,0.309464401507284,0.880131965823047,0,1,0.954661851302998,1,1
998,0.2744923485443,0.275353460262219,0,0,-0.815758670708988,0,0
999,1.83784315817732,4.52178617562716,2,0,1.50688546737809,0,1
1000,0.694347517538637,0.865410519014912,0,1,0.221308456679964,1,1
1001,0.973249126019682,1.7896093730685,2,1,0.413807263902061,1,1
1002,0.226621262646646,0.574803699798001,2,0,0.779276564706617,0,1
1003,0.102516402146714,0.780557017206646,1,0,0.87208394404924,0,1
1004,0.248478919990776,1.02619386225557,2,0,-0.256585337332119,0,0
1005,0.830933661755927,2.50576711880972,0,0,0.813709287912456,0,1
1006,3.44893227495991,6,0,0,-0.617548719869946,0,0
1007,0.180402006953955,1.84522450653745,1,1,0.167599548912188,1,1
1008,0.0656507935491391,0.201305551779742,1,0,0.430352061435766,0,1
1009,0.28655016229143,1.07693434434896,1,0,0.636224382240681,0,1
1010,0.160408594820183,1.07784148809526,2,1,0.968553617711425,1,1
1011,0.0109821854857728,3.20390724329671,1,1,0.0720097836230971,1,1
1012,0.198839835569199,5.72135776382668,2,0,1.06306600737291,0,1
1013,0.0610861321911216,0.596269409737755,2,1,-0.0861802921180673,1,0
1014,0.100363446690608,0.194643468104957,1,1,0.841106626804152,1,1
1015,0.303681315854192,2.6766861714175,1,0,-0.83036659344805,0,0
1016,0.0134449219962723,2.54855578471072,2,1,1.41331167206461,1,1
1017,0.17352664784994,0.350441290065646,0,1,1.69132882165006,1,1
1018,0.448824611866615,0.791613689313332,0,0,-1.04457341467628,0,0
1019,0.20232558964157,0.331035705120792,1,1,-0.566554504100905,1,0
1020,0.0114925252273679,0.288785314543775,1,1,-0.196918720934472,1,0
1021,1.4064583069736,1.93401386821962,2,0,-0.109369700157529,0,0
1022,1.73332969090881,2.86272177545014,1,0,-1.43657549909045,0,0
1023,0.253892751843876,0.766142027049808,1,1,-1.17920088022504,1,0
1024,0.35867789410986,1.82128144484495,0,0,0.722519738087605,0,1
1025,0.156137991900554,0.788950687805368,1,1,-1.89757566304109,1,0
1026,0.414369740523398,0.67214264223973,0,0,-0.379927366273567,0,0
1027,0.102796913706698,0.510156435212769,1,1,0.299684021857334,1,1
1028,0.593064627583891,2.36049315311208,2,1,0.547939851616141,1,1
1029,0.154533684544731,3.03315070782178,1,1,0.19922450319806,1,1
1030,0.330709395930171,0.338680359719383,1,0,-0.447208528051057,0,0
1031,0.212177685461938,0.544261120107145,1,1,-0.308843171732919,1,0
1032,0.183407232689206,0.493477602234047,0,0,0.198281315482932,0,1
1033,0.814414966708802,1.81328403898963,2,0,0.40821645707323,0,1
1034,0.105370626345558,0.795105355776204,2,1,0.354903430588578,1,1
1035,0.0982037541083488,0.235891226206708,2,1,1.31664863184334,1,1
1036,0.0539121833916461,0.10915506823893,1,1,0.507014103343432,1,1
1037,0.636860929636106,4.9416564025652,1,0,1.1831681177166,0,1
1038,0.602981845848262,1.24754561211264,2,0,-0.973642991971694,0,0
1039,0.0133548663418082,0.518611930568952,2,0,0.313776834021189,0,1
1040,0.136016291617204,0.476760890823232,2,0,0.935699555002009,0,1
1041,0.452848311475428,1.09637258866469,1,0,0.269174033691638,0,1
1042,0.0427452195435762,0.0922308114558252,2,1,0.828677009465363,1,1
1043,0.567228881383136,1.04106300572753,1,0,0.437757784681387,0,1
1044,0.168177906016354,0.972553938018853,2,0,0.175997543284765,0,1
1045,0.294403207488358,1.57835288386,1,1,-0.461775114704054,1,0
1046,0.139832345303148,0.545010614071531,2,0,1.6305486709634,0,1
1047,0.69891337206757,2.64925733865246,2,0,0.783258948757452,0,1
1048,0.373275036923587,1.04557433903682,1,1,-1.73494158770265,1,0
1049,0.221761216409504,1.50259134175991,1,1,-0.3173647801157,1,0
1050,0.148600728684516,0.591160354262921,2,0,0.303759027251942,0,1
1051,0.0380982761271298,1.18105534460163,2,0,0.35701304846747,0,1
1052,0.232706340611912,0.364979160951341,1,0,1.13842393047405,0,1
1053,0.796466328293838,1.23665463489791,0,1,0.443384255219784,1,1
1054,0.16193981457036,1.07272022351575,2,0,1.16094687869106,0,1
1055,0.956854745693147,1.18005434051156,0,0,0.956119597009018,0,1
1056,1.63224095470252,1.70401623082965,1,1,-0.234684219553255,1,0
1057,0.116597917221952,0.134837753707837,2,0,0.804689592136526,0,1
1058,0.381123842671514,0.766253708318224,2,1,2.13142183458262,1,1
1059,0.634497485950153,0.647007497160137,1,0,-2.3121431697794,0,0
1060,0.715725095334284,1.37511575275701,1,0,1.03811345375019,0,1
1061,0.647171180396727,2.51234065224017,2,1,-0.906338463701539,1,0
1062,0.282235369837862,2.07502753942463,1,0,-0.511679979381586,0,0
1063,0.74942653821484,4.03560484986105,2,0,1.36719527061759,0,1
1064,0.755064846572288,2.26117783062298,1,0,1.19990426232523,0,1
1065,0.205193146636022,0.302059881323785,1,1,0.408560920103862,1,1
1066,0.444293785841074,1.4128806686363,2,0,0.0986495031623269,0,1
1067,0.100616391856034,1.6879335231861,1,0,-0.651154849953708,0,0
1068,0.109277699142694,0.243716158355128,1,0,-0.421287467698076,0,0
1069,0.195036537188571,1.15875933455003,2,0,1.0643690323322,0,1
1070,0.261504497379065,1.47346717045843,1,0,-0.680612217715489,0,0
1071,0.245815595553722,0.61618190028009,0,0,0.54105037490412,0,1
1072,0.326150707842316,0.438794631649769,2,0,1.01571463990953,0,1
1073,0.0256749817423122,0.240124946048005,1,1,0.828257953766464,1,1
1074,0.261458523455076,0.555217928247159,1,0,0.109049430654189,0,1
1075,0.578816130265415,0.701146432131303,2,0,0.732544465419107,0,1
1076,0.0310054636463069,2.19258998516244,1,0,0.330869451826394,0,1
1077,0.191239139065146,0.790695220082758,1,1,-0.623015069336356,1,0
1078,0.0245646240265465,0.535513122255604,0,0,0.467452784191215,0,1
1079,0.0961319950874895,1.52231587268609,1,0,0.46032575045249,0,1
1080,0.153986016938978,0.920175736149152,0,1,0.229395755294803,1,1
1081,0.0866863638234251,0.27230762094378,2,0,0.20335495159448,0,1
1082,1.02337007383131,1.32705817619474,1,0,-0.983500901668449,0,0
1083,0.265364792669547,0.889943535751923,2,1,0.167222495387248,1,1
1084,0.265982523851562,0.703803611765677,2,1,0.490048515079008,1,1
1085,0.421192057547159,0.452320166984132,2,0,0.177373934551505,0,1
1086,0.12618315173313,0.618390880396644,2,1,0.556613677666184,1,1
1087,0.313777554838452,1.46910891920324,1,0,0.449790034670054,0,1
1088,0.000588757969071159,1.43527938045273,2,0,1.52535073559986,0,1
1089,0.688327169755196,1.42744178287394,2,0,-0.0810327416442134,0,0
1090,0.657952382271157,1.01308210578071,2,0,0.645152870667885,0,1
1091,0.189646692758988,0.216157429051706,2,1,-0.523288309744151,1,0
1092,0.462030786412589,2.37953406800561,1,1,1.00531216127477,1,1
1093,0.421202604775317,0.744385519321801,1,1,1.79828794366719,1,1
1094,0.208911560478123,0.282458805312446,1,0,0.0727830172976216,0,1
1095,0.0355531139708008,0.418010595946676,2,0,0.589374939775742,0,1
1096,0.0080382579471916,2.77201692020262,1,0,0.00734325921574189,0,1
1097,0.186712449649349,0.19664862205253,0,0,1.56558908805625,0,1
1098,0.144236524356529,0.445081608657628,1,0,0.659479942685617,0,1
1099,0.261194933205843,0.836636035670671,1,0,-0.154360876746845,0,0
1100,0.337080339959357,0.433761297903211,1,0,1.1516521009774,0,1
1101,0.000356872566044331,0.200401645319041,1,1,-0.815205411901248,1,0
1102,0.676351881094098,0.920053233082096,0,1,0.39727263754774,1,1
1103,1.59019031178344,2.38048710711223,0,1,-1.66849776993945,1,0
1104,0.162200941039384,1.19566415706535,1,1,1.50224800286092,1,1
1105,0.748682156528168,1.00261262309933,1,0,1.44794528179856,0,1
1106,0.480199668064535,1.1937664018009,1,1,0.495209722796955,1,1
1107,0.313344278217576,0.91879096799126,1,0,0.511891540761053,0,1
1108,0.487247939428136,0.882199530683818,2,0,1.12609915193466,0,1
1109,0.807034397497773,0.998748983710922,1,1,-1.22643531638396,1,0
1110,0.0349595339503139,1.1969432003011,2,0,0.650582693882457,0,1
1111,0.219723902118858,1.64580333076083,1,1,0.409940746521674,1,1
1112,0.196532816626132,0.222364167267688,0,0,1.32076765170574,0,1
1113,0.343476191337686,2.05413529040643,2,1,0.0871747902021862,1,1
1114,0.384137634246144,1.80868188850034,1,1,0.0451400551961908,1,1
1115,0.0107213712180965,0.784336808680181,1,0,0.572900255628635,0,1
1116,1.13873008527124,1.88203510949828,1,1,0.155945851457664,1,1
1117,0.30623150523752,0.627795551493942,1,0,0.527584537814655,0,1
1118,0.248593686207614,0.835852222386187,1,0,1.70716957264243,0,1
1119,0.599094478663051,1.02771258655837,1,1,-0.0917030282447236,1,0
1120,1.50363633071921,2.4695008307454,1,0,-0.691883415178188,0,0
1121,0.305732751502477,1.78009235259597,1,1,1.82159752198644,1,1
1122,0.372148678222581,2.71087058702775,2,0,-0.582347956827103,0,0
1123,3.47120536847,3.99607567149996,2,0,-0.0521033546994093,0,0
1124,0.165560430323239,0.475737386899861,0,1,0.361240638596373,1,1
1125,0.150569227116648,0.588325332851887,2,0,0.990876286555755,0,1
1126,0.448008983968167,0.752187379884803,1,1,0.397489725613892,1,1
1127,0.109541791025549,2.71488600410521,0,0,0.25510375732383,0,1
1128,0.131267202836542,0.95265902279277,2,1,0.949340948610676,1,1
1129,0.445961342814944,2.09653112737426,0,1,0.662704443881312,1,1
1130,0.628546629101038,0.979667659903765,1,1,-0.375053653089676,1,0
1131,1.8761173262352,2.63035184082886,0,0,-0.259362340723764,0,0
1132,1.07935816531904,1.88606445047029,2,0,-0.374945359737873,0,0
1133,0.791227022392497,0.971981013729371,1,1,1.04393311381794,1,1
1134,0.384163032285869,1.20288388711125,2,0,0.898249584080704,0,1
1135,0.149818406440318,1.14526870646535,1,1,-2.0604460005693,1,0
1136,0.693572265322573,0.916083386579556,1,1,0.89314948617151,1,1
1137,0.176185446618852,1.57663939099898,2,0,0.411387852855238,0,1
1138,1.30621998477727,3.04725865965027,2,0,-0.0925803720684922,0,0
1139,0.713004797697067,1.06846752048958,1,0,-1.2912022191664,0,0
1140,0.0902026620946233,0.42742626142089,2,0,0.86021183585702,0,1
1141,0.973856532893718,1.36259756069545,2,0,1.39879842692983,0,1
1142,0.15276383724995,0.192028794585266,2,0,0.194476903873109,0,1
1143,1.09897246346214,2.33631594693094,2,0,0.617152323027202,0,1
1144,0.770959312186398,1.99369265954015,1,1,0.189518524203579,1,1
1145,0.866787808015943,5.50621395860993,2,0,-1.17133940474144,0,0
1146,0.0964443190296918,0.800411986807982,0,1,0.481964482266966,1,1
1147,0.447546627272178,1.1978509194371,1,0,1.00290679773767,0,1
1148,0.210336796299089,1.16065621691281,2,1,2.90781899994855,1,1
1149,0.0383754483754946,1.14354244889187,1,0,-0.182644772563822,0,0
1150,0.64604350266503,0.956455385328761,2,1,0.357123973144354,1,1
1151,0.0860898511018604,1.21478269187113,0,1,0.885996262438264,1,1
1152,1.3869331254715,1.43565251904575,1,1,-1.46749296865211,1,0
1153,0.068434943037059,0.156488772162452,1,0,0.562042160974272,0,1
1154,0.246724205591029,3.92316900504132,0,0,-0.476565782099815,0,0
1155,0.058577397139743,0.584290074889749,1,1,0.22116224733005,1,1
1156,0.202956198102451,0.674859395753419,1,0,0.543709348132503,0,1
1157,0.333989337959792,2.57328162850748,1,1,0.171991249983927,1,1
1158,0.860045919517808,2.73124467903427,2,1,0.239584945314487,1,1
1159,0.250045564956963,1.93747125135669,2,0,-0.654491943490349,0,0
1160,0.127222126466222,0.450504853700598,0,0,0.0757865903060646,0,1
1161,1.40405688985231,2.50351799511731,1,0,-1.45422620155485,0,0
1162,0.166904943471309,1.05071121429921,1,1,0.72567841242826,1,1
1163,0.728186576627195,6,0,1,-0.595773215534785,1,0
1164,0.0841830266290344,0.293737079631214,1,0,0.347177599794808,0,1
1165,0.271961353719234,1.09287139028311,0,0,-1.12824368880298,0,0
1166,0.353968931594864,1.23046444310559,2,1,1.42349080658654,1,1
1167,0.0523988201166503,0.65645898976261,2,1,0.0581265289914856,1,1
1168,0.734033433810629,6,0,0,0.0963019649480101,0,1
1169,0.0566769356373698,0.393163241845479,2,0,2.43648955088968,0,1
1170,0.368470498360693,1.00187857258796,2,0,-0.617794547847576,0,0
1171,0.142243280590905,0.562603006908832,1,1,0.204254151879399,1,1
1172,0.0346202199580148,2.96849397119222,2,0,1.29318870343869,0,1
1173,0.760162958734616,2.91744944803375,2,0,-0.135584698764754,0,0
1174,0.435407103970647,0.769087837017764,1,1,-0.173675965456906,1,0
1175,0.201584619062487,1.45937248926361,2,0,1.04346867767734,0,1
1176,0.145449965260923,0.688264595226783,1,1,-0.573407444533512,1,0
1177,0.948122047102195,1.14042028915966,2,0,0.682198218392557,0,1
1178,0.172354688256272,0.239095063322062,0,0,-1.1005637191763,0,0
1179,1.00370425725693,1.35468055322739,2,1,1.98664473123549,1,1
1180,0.0462438506538613,0.566399327734285,1,1,1.9037470229449,1,1
1181,0.0867088660015725,1.29315655793134,2,0,0.992079133859341,0,1
1182,0.785179434434332,0.836453180810815,2,1,0.703486363838494,1,1
1183,0.505851449201967,3.99485369578538,2,0,-0.539563755397427,0,0
1184,0.32724950753618,0.649020201176713,1,0,1.17711197816123,0,1
1185,0.207331020792481,0.847330803882821,1,0,0.816974707293865,0,1
1186,1.34960793509253,1.74532047272921,2,0,0.974152271001542,0,1
1187,0.158862306357278,1.88348975354981,2,0,0.283271367743904,0,1
1188,0.568410850847412,1.08777149269978,0,1,0.31406060071247,1,1
1189,0.994270695373416,2.23620885596492,2,1,-1.32476395902268,1,0
1190,0.283317339672213,1.38881861902396,1,0,-1.39958780622564,0,0
1191,0.0683607964310795,1.41232326051321,2,0,0.397238799078094,0,1
1192,0.204090152454734,1.30414080289801,1,1,0.621300444057891,1,1
1193,0.112536132148489,0.628783917213244,1,0,0.264380558605473,0,1
1194,0.20152993616648,1.12308156055709,0,0,0.240325922426785,0,1
1195,0.111616219801363,0.723116930362365,2,1,2.05066824300709,1,1
1196,0.448361085727811,0.675801419729296,1,1,-0.245594236233127,1,0
1197,0.545304029248655,3.31658944177131,0,1,-1.53019130582194,1,0
1198,0.105990150012076,0.913555110093584,1,1,-0.184027744478156,1,0
1199,0.784443003332064,0.78541819809839,1,1,0.369012359851136,1,1
1200,0.121679444564506,0.60249096740292,2,0,0.172629057979359,0,1
1201,0.0330242374911904,0.216990906070595,1,1,-1.53174568591304,1,0
1202,0.374821732111741,1.22641098605682,2,0,0.0363552439212657,0,1
1203,2.08500559060814,3.69678713784894,2,0,-0.738127765023962,0,0
1204,0.0934600795153528,1.24399416069974,2,1,1.58733916392303,1,1
1205,2.48374228729847,2.88943381048739,0,0,-1.35313503123693,0,0
1206,0.600544189338125,5.92540830457643,0,0,0.0682811584928066,0,1
1207,1.80101151591894,2.73027072339902,1,1,0.208998703688417,1,1
1208,1.04483740683645,2.30787486141416,2,1,-0.338062588303241,1,0
1209,1.04237987101078,1.89988161016792,0,1,-0.127394055770901,1,0
1210,0.745655124075711,0.991648059959213,0,0,-0.419633003380818,0,0
1211,0.178457326255739,0.496081023734048,2,0,0.525596939131898,0,1
1212,1.01101213129574,1.62293872669456,2,0,0.762637708220056,0,1
1213,0.0354481333479166,2.65485164953493,2,0,0.405245485112699,0,1
1214,0.96646197595307,1.41827417788686,0,0,0.103050150741543,0,1
1215,2.23365032061121,2.36875929422874,1,0,0.38476728124054,0,1
1216,0.791496224093072,2.26655907928944,0,0,1.0327708798059,0,1
1217,0.19905175868189,3.43084319026139,1,1,0.256762213525509,1,1
1218,0.288810409605503,1.11519151400689,1,1,-0.67068637840468,1,0
1219,0.111817994911689,0.353231897539934,2,1,0.0583656659595211,1,1
1220,0.254710420558695,0.493038202393982,2,1,0.946799538809577,1,1
1221,0.0922606056556106,0.670328750009097,1,1,-1.41191326977145,1,0
1222,0.0148640700543535,0.379572425441924,2,0,0.636309744644954,0,1
1223,0.779343539589837,2.4586787279977,1,0,0.238967642424537,0,1
1224,0.240521461702883,3.42077521349487,2,0,-0.16670729280307,0,0
1225,0.533328146673739,0.727755427360535,0,0,-0.410854688485007,0,0
1226,0.468216594864436,3.10053981808212,2,0,0.346510033825317,0,1
1227,0.325987269540555,0.426801155082895,1,1,-1.29992517477888,1,0
1228,0.351305432559457,0.844907207007727,0,1,0.729567492082337,1,1
1229,0.111796498298645,0.288831346832631,1,1,-1.13396363807662,1,0
1230,0.109861811622977,2.24944904127536,1,0,-0.840150060828194,0,0
1231,0.355888375779614,0.847479816781304,2,0,0.780500648635745,0,1
1232,1.28951149526983,1.80520247209998,1,0,-1.19733509281954,0,0
1233,0.457292962211006,2.38183647512842,2,0,1.01449582254909,0,1
1234,0.296531095263048,0.454485669617758,1,0,-1.3109684004426,0,0
1235,0.723144510385402,2.00759004110208,1,0,0.885689811983048,0,1
1236,0.0435884602484293,1.00419367974003,0,1,0.0994247971214365,1,1
1237,0.932478880509734,1.38011948311648,1,1,-0.108461632541006,1,0
1238,0.5424598557612,3.45120494965472,2,0,0.138478237599358,0,1
1239,0.312632834502576,1.17140927694788,1,1,-2.06982936783006,1,0
1240,0.00987963190700338,1.52989587746561,0,1,-1.00167036733225,1,0
1241,0.561119458638132,6,0,0,-2.52702666077056,0,0
1242,0.173277039721143,1.10783378789211,0,1,0.887349353215485,1,1
1243,0.23730603326112,0.746198346305779,1,0,-0.217734604943972,0,0
1244,0.0606801730176483,2.96582663091594,2,0,0.189693667941161,0,1
1245,0.808410178843707,1.12120459919007,1,1,0.707124409181014,1,1
1246,0.207251889223699,2.23100664942495,1,0,0.0138956181998644,0,1
1247,1.5756497352149,4.56721539474733,2,0,-1.78245198020946,0,0
1248,1.18710915837437,1.5904236056487,2,1,-1.20258409624529,1,0
1249,0.500789746867092,2.25625711019194,2,1,0.439818867059407,1,1
1250,0.278203181223944,0.841660003558482,1,0,0.230941880314076,0,1
1251,0.145498075289652,0.930615877751113,1,1,0.627569311917794,1,1
1252,0.254904103640001,0.792124337484799,0,1,0.809472284857607,1,1
1253,0.20769300047336,2.41271714369456,0,0,0.456939597965338,0,1
1254,4.68984699596591,6,0,0,-0.120877189606771,0,0
1255,0.224949305993505,0.629874531726451,2,0,1.83207638235371,0,1
1256,0.0928572009925494,0.162864451607068,0,1,0.390803409679722,1,1
1257,0.586775409989059,2.28417248465121,0,0,-1.55833660969845,0,0
1258,0.821461685150086,1.66357887206683,1,0,-0.480506986511309,0,0
1259,0.906987582084367,1.49632095851417,2,0,0.788523391339677,0,1
1260,1.05400086473674,2.52984843708141,2,0,-0.461743892787241,0,0
1261,0.39411964971805,0.518010115546457,1,0,0.22716990429191,0,1
1262,0.0164916747372451,2.46992176530793,2,0,0.492669758227464,0,1
1263,1.36638248153031,2.0308160102878,2,0,-1.4031119507186,0,0
1264,0.20073393592611,0.867598391817733,2,1,0.902867604616316,1,1
1265,0.744638797827065,1.63473089276785,2,0,-0.942658406373372,0,0
1266,0.202523459156509,0.649934529016415,0,0,2.36497328911435,0,1
1267,0.212809343065601,0.299704908314532,2,1,3.09487844424726,1,1
1268,0.207424036925659,2.43521010503173,0,0,0.79185105961688,0,1
1269,0.385043639398646,4.53343609805994,2,0,0.0219727087228444,0,1
1270,1.51715946725144,1.82254986489051,2,1,0.0433591892174097,1,1
1271,0.235554856481031,0.433784358698035,2,0,0.878976558079801,0,1
1272,0.068069392000325,0.0729604288558107,2,1,0.403385609065325,1,1
1273,0.472533817493178,1.83330118400755,1,1,1.5218369798652,1,1
1274,0.217086237354811,1.48259668878333,2,1,0.338581030512517,1,1
1275,0.199842188512141,2.02864611949301,2,1,-0.0510793288369666,1,0
1276,0.167111464543478,0.522443654432949,1,0,-0.288609129538935,0,0
1277,0.332752527610864,2.23993557843717,2,1,1.07280134176428,1,1
1278,0.537001510357305,0.609036127811462,1,0,0.343939706070509,0,1
1279,0.443632466953885,0.5780710076763,1,1,0.970725977130254,1,1
1280,1.18937621353531,1.40219629519087,2,1,0.822136394480489,1,1
1281,0.160546667033225,0.830274757484779,1,1,0.15735181325289,1,1
1282,0.0339073533736871,0.424133464694023,0,1,1.68772299559655,1,1
1283,1.11876663658768,1.81554813580946,1,0,-0.427005891093824,0,0
1284,0.46751794577279,1.17898060068877,1,1,0.125990492278429,1,1
1285,0.076902243308723,1.61868274731278,2,0,-0.505746863390728,0,0
1286,0.528004943599746,0.598941660491559,1,1,0.0747810708206626,1,1
1287,1.94038638265711,5.86564196025297,2,0,-0.68903874304691,0,0
1288,0.231627906032372,0.355329397886818,2,0,2.3869945759211,0,1
1289,0.550563566388631,1.66207896805257,2,1,0.534953289797894,1,1
1290,0.488615021109581,1.48071614285641,1,0,-0.413309055054237,0,0
1291,0.286517694767099,1.11418600885201,2,1,1.17308467591557,1,1
1292,0.458015949353582,2.38908752178152,0,0,-0.247770957024808,0,0
1293,0.726860506479571,0.784313349423065,1,0,-1.31093197676938,0,0
1294,0.023686431230981,0.848166052755025,2,0,1.46135886360357,0,1
1295,0.892529990471542,1.11727950616779,2,0,0.856439177558397,0,1
1296,0.0165849197655916,1.13557968041453,2,0,-1.07076301597067,0,0
1297,0.147304481237523,0.893844584284921,2,0,0.35768294247441,0,1
1298,0.00932580293125635,0.241770509829573,1,1,-0.0899902654721849,1,0
1299,0.490648391397491,0.673378274045753,0,1,0.210040994768247,1,1
1300,0.286590244795661,2.05068410390599,2,1,0.646270111432079,1,1
1301,0.47285758283347,0.927383220509502,0,1,0.157761865517762,1,1
1302,0.197837123647332,1.68392433851451,1,0,-0.202785170020314,0,0
1303,0.688202523997633,1.03489612606135,2,0,-1.34413613797271,0,0
1304,1.06310518551618,1.21122235926254,2,1,-0.615194621287834,1,0
1305,0.0230761114507914,0.159842266659512,1,1,-0.0870635848912129,1,0
1306,0.0769172594300471,0.723363068205404,1,0,0.0477288892741484,0,1
1307,0.437405448729925,5.59883852086974,2,0,0.107817594877743,0,1
1308,0.341654597723391,0.525345212154935,1,1,0.219496979632841,1,1
1309,0.362588579754417,0.602732907365021,1,0,-0.319289810069472,0,0
1310,0.412059176305775,0.856803060789642,2,0,2.23172143534389,0,1
1311,0.446549761994656,4.27867327378353,2,0,-0.826447525156868,0,0
1312,0.22236648859689,1.01251216153089,2,1,1.4461299196662,1,1
1313,0.17738898191601,1.80416595190763,0,1,-0.574178371643623,1,0
1314,0.862741650172331,1.44026598477364,2,0,0.404732059320976,0,1
1315,0.713286659558313,1.4784397153968,2,0,-0.906862781041089,0,0
1316,0.298353357648011,1.9842236229177,1,0,0.96722405592233,0,1
1317,0.0170912193134427,0.438692938160769,1,0,-0.917670005486341,0,0
1318,0.0801225603208877,0.0886579508806742,1,1,0.686134362870012,1,1
1319,1.22373376612606,1.40149923929569,1,1,0.336949604504587,1,1
1320,0.298685665511697,0.894858847665421,1,1,-1.00560885782018,1,0
1321,0.0138857888478572,0.916775603245893,1,1,0.592099236017561,1,1
1322,0.129013555380692,4.2996322363615,0,1,-1.24828660002449,1,0
1323,0.164420208602678,0.815790420700409,2,0,0.176328259440092,0,1
1324,0.384549876325764,0.431378342989292,0,1,1.23862688691703,1,1
1325,0.204314762255215,0.643363645269705,2,1,-0.0307130020154426,1,0
1326,1.00054567679763,1.19477462644378,0,0,-1.15913806722272,0,0
1327,0.484466898461625,0.85599880948736,1,1,0.621522139605697,1,1
1328,0.605654182701193,1.06676300056279,0,0,0.608727359728679,0,1
1329,0.589919295161963,1.56751426415677,1,0,-1.51035640868368,0,0
1330,0.0540500070201233,0.254621633018057,0,0,2.18036119772046,0,1
1331,0.0716191614046693,0.445471265130583,1,0,-0.537386444577483,0,0
1332,0.760781612247229,1.08841858082867,1,0,-0.198543655943255,0,0
1333,0.689530428520302,5.10861664164612,2,0,-0.611755370194651,0,0
1334,0.778583098202944,2.28704805669488,2,0,-0.282432610051606,0,0
1335,0.0863165967166424,1.24676530870299,0,0,0.127322549789958,0,1
1336,0.15316858451115,0.803140079577928,2,1,0.942316224454368,1,1
1337,0.01928166981088,0.319000274368208,2,1,0.71124827964744,1,1
1338,0.636294705301897,0.768293664178827,2,0,0.619243701210614,0,1
1339,0.429345926095266,0.469199361179888,1,1,0.798907830948635,1,1
1340,0.815534377444357,0.84036791010082,1,1,0.488490784201338,1,1
1341,0.042805545090232,1.60531980476747,1,0,0.754575974028254,0,1
1342,1.1021227305755,6,0,0,-1.54058690593081,0,0
1343,0.531120502247296,2.71117399112914,2,0,1.50393022742717,0,1
1344,0.52231442369538,1.14587539496521,0,0,0.696051804306928,0,1
1345,0.0171230354581723,0.184583457449566,1,0,3.47868997518204,0,1
1346,0.143450074352857,2.69315259235022,0,0,0.785444394693079,0,1
1347,0.204407433921006,0.733628195666806,2,1,1.36976876270517,1,1
1348,0.512623978985295,1.35552011379377,2,0,0.27137315399629,0,1
1349,0.956526857211935,1.35398128772208,2,1,-0.288179900992642,1,0
1350,1.87045499301496,4.45540748220249,2,0,-0.137850983865118,0,0
1351,0.255248080229434,0.833008209935258,1,0,0.188517787136167,0,1
1352,0.230844836914912,0.411665303340649,1,1,0.601026829513915,1,1
1353,0.0148815689608455,0.55871001710603,0,1,-1.06459111180415,1,0
1354,0.301015569420997,2.9889076048458,1,1,0.174550735363038,1,1
1355,0.34505509887822,2.42832031637559,1,1,0.0650655922552134,1,1
1356,0.171742632537378,1.13592351069215,1,1,-0.387976794021818,1,0
1357,0.163809888064861,1.56243110069865,1,1,-1.01886812566902,1,0
1358,0.880358975793809,2.4683049277322,2,0,0.599254969504898,0,1
1359,1.58995531863513,2.49636065854019,2,1,-0.0386998625593325,1,0
1360,0.923754863498638,2.36634425351648,0,1,1.65223107176254,1,1
1361,2.50649099602344,2.97203822613947,0,1,-1.39143310078562,1,0
1362,1.27386827301234,1.30345971481393,1,1,-0.080937916129594,1,0
1363,0.156121339648962,0.681765870924159,1,0,-0.197657232678085,0,0
1364,0.152762433863245,2.72448844882853,1,1,2.5114863126068,1,1
1365,0.0982247813804052,0.253068128187538,0,1,1.0992447346316,1,1
1366,0.240233311778866,1.01103699480318,2,0,1.19922590556777,0,1
1367,0.197714475798421,1.287027384717,2,0,0.16172946364554,0,1
1368,2.69698727161703,3.95968209153528,2,0,1.32329499269566,0,1
1369,0.349859072030373,1.23901067381836,1,0,0.530184523853694,0,1
1370,2.513509131884,2.89816237365206,0,1,-0.129929416724644,1,0
1371,1.0692556364868,1.16628886558841,2,0,1.23561838067824,0,1
1372,0.738156475283764,1.06323701930161,2,1,-0.376886257939787,1,0
1373,0.463373923531555,0.511861241852554,1,1,0.614746709549152,1,1
1374,0.330134061305351,0.923510899967736,1,0,-2.1778893344214,0,0
1375,0.716191374083694,2.4056359133433,1,1,-0.547027742631845,1,0
1376,0.076782764193191,0.295626190298062,2,0,1.14982627182948,0,1
1377,0.291917521560423,1.13510912771998,2,0,-0.978051247836105,0,0
1378,0.269214206200559,0.621190152961681,2,1,0.2412555410947,1,1
1379,0.653380390696049,1.07361169982886,1,1,1.77636547039901,1,1
1380,0.160312709398568,2.49901077942022,2,0,-0.951206861860451,0,0
1381,0.382845170388464,3.25203308807374,2,0,0.772547025832803,0,1
1382,0.213052248291206,0.475714303268362,2,1,0.211148376015432,1,1
1383,0.781171889787285,1.51100874337065,1,0,0.47115386646413,0,1
1384,0.531603035002935,1.85485044301495,1,0,1.35015004919456,0,1
1385,0.201953435316682,0.223230374210893,2,0,1.27397217627299,0,1
1386,0.206540351480534,5.64369422500575,1,1,0.932037053126946,1,1
1387,0.0815212888139498,0.388822973047615,1,1,-2.42302037341847,1,0
1388,0.0434978255162966,0.19003800548905,1,1,0.783583866447764,1,1
1389,0.811103525571525,1.01333062080868,1,0,-0.67552064232197,0,0
1390,0.469174464895547,0.566474826425784,1,0,0.892178700859551,0,1
1391,0.0737675714744457,1.92361003319831,1,1,-1.81379568951702,1,0
1392,0.296298852772452,1.38455740243771,2,0,1.80075913927925,0,1
1393,0.187459590218732,0.303394564952308,1,1,1.20163192856775,1,1
1394,0.426783131551929,0.657618006990521,1,1,0.131113223926163,1,1
1395,0.0952586762017451,1.2147687028547,1,0,1.19606169504943,0,1
1396,0.534885251519091,1.37457099660779,0,0,0.799397156388168,0,1
1397,0.0934505252547403,1.68716987483415,2,1,-0.0427637604574604,1,0
1398,0.615245217314743,1.54660543178842,2,0,1.05799003980447,0,1
1399,0.59569102185481,4.46020495329462,2,0,0.14510264885993,0,1
1400,0.0089295077486895,0.487019589651312,2,1,0.735800968352934,1,1
1401,0.312410299957264,0.471573522929747,1,1,0.628916106055342,1,1
1402,0.915684823149913,3.39410405474662,2,0,-0.00125982975376189,0,0
1403,0.260638555919286,0.436804365955966,2,0,1.86235666297335,0,1
1404,0.0266077192500234,0.14305221049017,0,0,-1.49163375570477,0,0
1405,0.459364660756484,0.492756916264361,0,0,1.27602390372414,0,1
1406,0.427792858099565,1.25109552290993,1,1,0.989843041121083,1,1
1407,0.395632336148992,1.79308603291356,2,1,0.573355311379186,1,1
1408,0.708968261579804,1.38196268774291,1,0,0.103544107703127,0,1
1409,0.188781542203884,1.09253542087648,2,1,1.14621542956338,1,1
1410,0.432425402686931,0.572999471046181,1,1,0.370849094723861,1,1
1411,2.09630889623406,4.52346896470566,2,0,-0.450721945839777,0,0
1412,0.176331487309653,0.445052248093206,2,1,0.720455845884346,1,1
1413,0.196150384058618,0.472979399157328,1,0,0.678761191822627,0,1
1414,0.397486092988402,1.81485955542704,0,1,0.455590760458605,1,1
1415,0.939765031449497,3.3392165327479,1,0,-1.20005335355501,0,0
1416,0.0157342114835046,2.11907347783785,1,1,0.331843187993959,1,1
1417,0.0623999326489866,0.134425683189424,1,0,0.314001592980478,0,1
1418,0.334932605328504,0.966947506420885,0,0,2.22182592417542,0,1
1419,1.56875104878789,6,0,0,-1.21769755645022,0,0
1420,0.402420083992183,2.38420994423937,0,0,-0.384714367867856,0,0
1421,0.500896800592782,1.56319569683172,2,0,0.240041884981923,0,1
1422,0.18940969366524,0.371393605044609,1,1,0.0201302590284538,1,1
1423,0.0306639925111085,0.595631162335192,0,0,0.00765390580638937,0,1
1424,0.4033161472762,0.646956193176988,0,1,0.863755602286934,1,1
1425,0.00718242721585247,0.240471616873851,2,1,1.01046052278669,1,1
1426,0.655677643815991,1.24876000899085,2,0,0.408100134210904,0,1
1427,0.765166225843132,2.18982772083121,1,1,-0.265201085791749,1,0
1428,1.35748016290872,1.6803261761864,0,0,0.168185079130703,0,1
1429,0.924762671813369,1.08771571351488,1,1,-0.796058408602528,1,0
1430,0.0252568663563579,1.10373964187598,1,0,1.59649852545887,0,1
1431,0.766515049009405,1.88036589303627,2,1,0.527745380638431,1,1
1432,0.313911183038726,0.462727119789016,1,1,0.508985426515116,1,1
1433,0.390328586508986,0.632704253264017,1,1,0.984450418094674,1,1
1434,0.175421685002988,2.79662110269949,1,0,0.694205941585788,0,1
1435,1.17157411109656,2.41538271493739,2,1,-0.22479340548362,1,0
1436,0.192297234025318,0.222182153510895,2,0,0.443903898373673,0,1
1437,1.03437382355332,2.79054906987882,1,0,-1.31054493110567,0,0
1438,0.467390312813222,0.597777472191834,1,1,-0.347753911822619,1,0
1439,0.625798606313765,0.95500812477407,1,0,-0.768477508139508,0,0
1440,0.0555248688906431,0.391661931085217,1,0,-0.783692172262763,0,0
1441,0.414764082572103,2.74949451204992,1,1,-0.757484432125483,1,0
1442,0.777377586319864,1.06673267084675,2,0,1.90205515392994,0,1
1443,0.826002414661281,3.35379672461889,1,1,0.223955852740532,1,1
1444,1.88372541394478,3.55985406976529,1,0,-1.20012849817675,0,0
1445,0.0696568403005877,0.444025729324623,2,1,0.735474076400867,1,1
1446,0.469256145271294,2.16864113057289,2,0,1.62876395294079,0,1
1447,0.334858449059539,1.50575330791374,0,1,0.24692381494818,1,1
1448,0.320090619206894,1.09838987700641,0,0,0.0680792624299235,0,1
1449,0.217840288582551,0.856446865130294,2,0,0.818686247909726,0,1
1450,0.0157142354642681,0.317952279001474,0,1,1.1510886990245,1,1
1451,0.202598858624697,0.242781318222603,1,1,-1.10022510725221,1,0
1452,0.162024114034472,1.32343835522294,2,1,0.785933514697552,1,1
1453,1.29465876892209,4.08604847841452,2,0,-1.77561662242763,0,0
1454,0.00390694383531809,0.332049002575537,1,0,-0.187532124151861,0,0
1455,0.058793609496206,0.27592844568902,2,0,1.84439841443375,0,1
1456,0.398190631822217,0.46447961090331,2,0,0.905097059021909,0,1
1457,0.285308706806973,0.887305772866497,1,1,0.615868237004363,1,1
1458,0.195484990836121,1.97661900703383,1,0,0.641896896002838,0,1
1459,0.372301312955949,5.4928746837587,2,0,0.505691985085998,0,1
1460,0.426592182775494,1.32379555760321,2,0,0.753446839620308,0,1
1461,0.452847758398213,0.670402615358368,2,1,0.309644441862085,1,1
1462,0.0810665004511506,6,0,0,0.144534436076761,0,1
1463,0.288404346210882,2.83201224363662,2,0,1.34867322212082,0,1
1464,0.0677247903487722,0.128815369313137,1,1,-0.473889515839108,1,0
1465,1.49848705103234,1.59109516793189,2,0,-0.828441592979453,0,0
1466,0.259388952108566,2.31825259137268,1,1,0.551682059760161,1,1
1467,0.0284342892700806,1.4511643989313,1,1,0.575752238679685,1,1
1468,0.354359891265631,0.608617716913779,1,1,-0.440880763558146,1,0
1469,0.0809166673570871,0.503076877257447,1,1,-1.68318139344147,1,0
1470,0.206964542448986,0.307646182928031,1,1,0.50694888168589,1,1
1471,0.0158944091526791,1.6361960377238,2,1,1.35040473705685,1,1
1472,0.400704119820148,1.32663509105524,1,1,0.449749470464234,1,1
1473,1.3920251353735,4.0560206847065,1,1,-0.725240807115855,1,0
1474,0.796938387767233,1.05990164120363,1,1,0.183984877583259,1,1
1475,0.0697368470719084,0.700267181103229,2,0,0.699593841496063,0,1
1476,0.197783711586538,0.234647345176528,1,1,0.0495715266322957,1,1
1477,0.0156928009147093,2.29536105294632,2,0,-0.140616074464419,0,0
1478,0.460184929507537,0.92412013551241,1,1,1.58061781882923,1,1
1479,1.05746072065085,1.08866666956285,1,1,-0.0925108627016289,1,0
1480,0.238584554463159,0.592436392139454,2,1,0.922000496015348,1,1
1481,0.447113406236105,0.56072084775102,1,1,0.884869202344884,1,1
1482,0.45392711003945,0.84337123552141,1,1,1.52965272934143,1,1
1483,1.64916779837551,3.83261289757987,0,0,-0.0993526255916823,0,0
1484,0.376439149840735,0.585614100752919,1,1,0.422291901923491,1,1
1485,0.104526684735902,1.78287370881529,2,0,0.958424851968689,0,1
1486,0.107526986685116,0.24022248950092,2,0,1.2460948448077,0,1
1487,0.279477078001946,0.655789421962843,2,1,1.89057882855155,1,1
1488,0.547866894022383,0.684893282591513,1,0,1.15676770717349,0,1
1489,0.264599654230188,1.5757650230898,2,0,0.41174443714507,0,1
1490,0.550371342966727,0.682468700641067,2,0,1.24963005508593,0,1
1491,0.377135828603059,0.454393432030517,2,1,0.617959146460419,1,1
1492,0.177466938330326,0.897137681427551,2,0,0.757334789291625,0,1
1493,0.259586620959453,1.47042134233833,2,0,1.03379846936601,0,1
1494,0.00637451999888842,0.228628055541199,1,1,0.264427466171337,1,1
1495,0.153214975725859,0.166128266521626,1,1,0.864394146643201,1,1
1496,0.665445386522271,1.13653051962078,1,0,0.912699094406545,0,1
1497,0.683156605201595,1.0299499251342,1,1,0.335483463086554,1,1
1498,0.501906556085244,1.32607866444557,2,1,0.813367028342646,1,1
1499,0.0395241106161848,1.5754191357322,1,1,0.0256946202920529,1,1
1500,0.0134900549892336,0.021548790206129,2,0,0.775074766323737,0,1
1501,0.160388922600224,0.21961428030511,2,0,1.84998377870789,0,1
1502,0.211241424605939,0.335077484833828,2,0,-0.562489114051683,0,0
1503,0.202881882314357,0.536638775751964,1,1,1.63510152585394,1,1
1504,0.487013572102234,2.54823584353078,2,0,1.64794242572901,0,1
1505,0.00336621515452862,0.0996090130277004,1,1,-0.705288745239398,1,0
1506,0.164929512247909,1.11476330658232,1,0,0.422117287223976,0,1
1507,0.428111688815989,0.821138306795552,1,1,0.509417092131263,1,1
1508,4.31308843542762,6,0,0,-0.866021349917101,0,0
1509,3.24791008145482,6,0,0,-0.659166876684417,0,0
1510,0.995553318411112,3.47503732043535,2,0,-0.727967901810603,0,0
1511,0.194526898448332,0.762468846936512,1,0,0.0614511183285821,0,1
1512,0.0530632655136287,0.577418235977974,2,0,1.77839196103819,0,1
1513,0.767225807040751,3.8474933244288,0,0,1.42614227267975,0,1
1514,2.3881856808249,2.41465297838052,0,0,-1.42994135881725,0,0
1515,0.164795000106096,0.621976488051615,1,0,-0.848434523009037,0,0
1516,0.384023502119817,0.786989430473711,2,0,1.52563946236658,0,1
1517,0.337522914810473,0.694108714888865,1,0,-1.07623629724756,0,0
1518,0.0221645529381931,0.281677658067029,2,1,0.00366038388826065,1,1
1519,0.0927963031311289,1.64473715092346,1,1,0.605381341012468,1,1
1520,0.353155736811459,0.720656326174597,1,1,-1.00327516608142,1,0
1521,0.30765421268304,0.479391985535644,1,1,0.406483604919899,1,1
1522,0.0458069186932193,0.333204836254023,2,0,0.946188383848164,0,1
1523,0.105906531098299,1.38303401907738,1,1,1.86600456106532,1,1
1524,0.379169544030447,1.16696606253468,2,0,0.178684997452334,0,1
1525,0.876121458597481,1.08569521472389,2,0,-0.396520516388716,0,0
1526,0.236739380343352,1.25837591838384,1,0,1.27037640452553,0,1
1527,2.58111464968863,2.6191273137062,2,0,-0.112091161494706,0,0
1528,0.308789952658117,0.672260487299731,0,0,-2.21049025494636,0,0
1529,0.331744704249018,0.54426369878153,0,1,-1.15841939439232,1,0
1530,0.093537095498178,1.15718840721637,2,1,0.59379341333123,1,1
1531,1.76068423551269,2.25977400590687,2,0,0.524772426101364,0,1
1532,0.0636544196511906,1.58810184967152,2,1,-0.038658674598161,1,0
1533,0.327720985747874,0.847597408216165,1,1,-0.691600510713013,1,0
1534,0.347578159533441,1.50124969208927,1,1,-1.39508165489776,1,0
1535,0.374732521886472,0.668990443325732,2,0,1.14440622148434,0,1
1536,0.721638242804267,1.61790230421371,1,1,0.0691481885926242,1,1
1537,0.353298000991344,0.559489853787857,1,0,0.218293693675991,0,1
1538,0.0548267150297761,0.268775657938312,1,0,-1.98910807842754,0,0
1539,0.473190136342383,1.30283192639012,2,0,1.12534514484439,0,1
1540,1.38692079696839,1.42583363334319,2,1,-1.33804536050187,1,0
1541,0.784831758068384,4.1217827498567,2,0,0.811832637122288,0,1
1542,0.161456039641052,0.516636795762252,1,1,1.98251414595581,1,1
1543,0.898681022563227,1.63276311041854,1,0,0.695385601587906,0,1
1544,0.197729940324915,1.85953455760432,1,0,0.657078295717721,0,1
1545,0.42087303037988,2.65888200510595,1,0,0.482390253636767,0,1
1546,0.510550801590515,1.30610698648641,2,0,0.340270060614709,0,1
1547,0.358149731469287,1.58491744375512,2,0,-0.67445283065854,0,0
1548,1.15520043875428,1.36581879395437,1,1,0.969921827253207,1,1
1549,1.03991205245256,1.32124355468224,1,1,-1.11285252561019,1,0
1550,0.503353040665388,0.737598658114625,1,0,-0.551692837249541,0,0
1551,0.72450733743608,2.02390088129206,2,0,-0.61804161975862,0,0
1552,0.121773238657713,2.88588430609846,1,1,0.503229222254689,1,1
1553,0.1521649008738,1.20244331470916,2,1,0.668065378641401,1,1
1554,0.245164728257805,0.44577443623389,2,0,0.926135153878175,0,1
1555,0.21443631965667,0.45110158156476,1,0,-0.224864473951229,0,0
1556,0.346631947613787,0.789371805397154,1,1,1.0694166868487,1,1
1557,0.386585000465329,0.852276642977919,2,0,-1.19117161364006,0,0
1558,0.0521100917831063,2.95994842218886,1,1,0.0952012583682499,1,1
1559,0.182436857721768,0.777064734819393,2,1,0.802131245878068,1,1
1560,0.16168861562619,0.331066177318213,2,1,0.0197317800908545,1,1
1561,0.383539665701257,1.53862261375847,2,0,1.08956050343374,0,1
1562,0.104184517515813,0.966692122009704,1,1,0.601737744989356,1,1
1563,0.362529014237225,1.05925720540022,1,0,-1.09292862925317,0,0
1564,0.247061774716713,0.705986913914482,0,0,0.291625451840069,0,1
1565,0.060047740698792,0.098413247615099,0,1,0.215224281155744,1,1
1566,1.92554164249857,2.14995318944069,0,0,1.50178476951204,0,1
1567,3.98236301897054,5.23927528361462,2,0,-0.363746385181866,0,0
1568,0.00288633626172941,0.259010634131359,2,0,1.41709443155722,0,1
1569,0.169355394900776,1.69297976733396,2,1,0.443617191777745,1,1
1570,0.322591167641804,1.8617412458041,1,0,0.989796883927375,0,1
1571,0.606746005333781,1.59188039650526,1,0,0.0638155707959642,0,1
1572,0.00449577637482435,0.677912284067247,0,0,0.0653184600667034,0,1
1573,4.07325873507147,4.45305349374993,2,0,-1.42968991697709,0,0
1574,0.968443254189208,1.63785363669504,2,1,0.754343580768761,1,1
1575,0.44044925474491,1.79589343765661,1,0,-0.332967054488138,0,0
1576,0.0400615659790877,0.932821605850442,1,1,0.7440817527438,1,1
1577,0.184303207326975,2.51893518411536,1,0,0.617166192448999,0,1
1578,1.47743486418369,2.303437534062,2,0,-1.85771847991961,0,0
1579,0.0562483453541063,0.165642861597044,2,1,1.345932751974,1,1
1580,0.522630766034126,0.786333535217084,1,0,-1.4305333587057,0,0
1581,2.21928676926442,3.43998498018146,2,0,0.337462078253695,0,1
1582,0.0178277918658071,1.11374424987279,2,0,0.51975302147217,0,1
1583,0.00929901003837585,0.896095616364368,1,0,-0.34591202367897,0,0
1584,0.333519271807745,1.34536593448907,2,0,0.769402908574409,0,1
1585,0.767243996934787,1.11683473204993,2,1,0.91921266589007,1,1
1586,0.196799159166403,3.25916315509344,2,0,0.538033656247633,0,1
1587,0.204464068636298,0.791447462805582,1,0,-1.98457156803757,0,0
1588,0.407875659875572,1.061746357566,1,0,1.64322575908006,0,1
1589,0.741593521536909,1.15332998662213,1,1,-1.22267059449793,1,0
1590,0.543859242461622,1.03891804635913,1,0,-0.510682716290784,0,0
1591,0.00573231093585491,0.708704901238283,0,1,-0.0698560145350002,1,0
1592,0.0782172540996561,2.50933028933708,1,1,0.208523826521076,1,1
1593,0.963024305035609,4.51089766050993,2,0,-0.977283558234509,0,0
1594,0.758400175228536,2.03363441822359,2,0,1.20768615535457,0,1
1595,0.428168891230598,0.684108986226948,1,0,1.90742231652841,0,1
1596,0.103306234523188,0.179253059847606,1,0,1.95198070968194,0,1
1597,0.290144093160052,1.60119558439751,2,0,0.65938514341511,0,1
1598,0.0528032463043928,0.50283377595565,2,0,-0.0699636377829625,0,0
1599,0.182308946377156,0.254925623258249,2,1,0.828340862919207,1,1
1600,0.0353358856186326,0.298829049679005,0,1,0.0636729646622479,1,1
1601,0.0256430788431317,0.487604379372312,1,1,0.458494581489468,1,1
1602,0.0360467888118936,0.311940816225761,1,1,0.858974804980417,1,1
1603,0.0149962436407804,0.443290988132956,1,1,-0.843368296697346,1,0
1604,0.236262514954433,2.13029341373149,1,0,0.3462325038986,0,1
1605,0.0654262071666083,0.653289498676736,1,1,0.154028631579207,1,1
1606,0.158781899381002,4.36504305477636,2,1,-0.0653151884424806,1,0
1607,1.22531508371777,4.14308544869224,0,0,0.087632822233571,0,1
1608,0.0349877466694868,1.3352699358198,1,1,0.00402615902295968,1,1
1609,0.884068563825333,2.21327737453995,2,1,0.026485319799868,1,1
1610,0.0986035597460613,1.15541314399712,2,1,1.06846273047438,1,1
1611,0.538174461237471,0.704830164975686,2,1,1.44938971161693,1,1
1612,0.498610742390156,0.96618158210705,1,0,-1.18530481069036,0,0
1613,0.0802989807022554,0.723950643384954,1,0,-0.665361342698964,0,0
1614,0.374528971188906,2.00959476198144,2,0,-0.564141750152403,0,0
1615,1.37721445877105,3.0528115625368,2,1,-0.147742211931769,1,0
1616,0.441424694974469,1.03688042610884,0,0,0.459630762749301,0,1
1617,0.128922636795323,1.76329427369329,0,0,0.443737701642845,0,1
1618,0.32881889026612,0.44854566353092,2,1,0.812375610577978,1,1
1619,0.0583776133134961,0.632804771834099,1,0,1.50095811629607,0,1
1620,0.194259261479601,0.422207007731503,2,0,1.41986632924705,0,1
1621,0.251821333658881,0.544845622528896,1,0,1.00169528715302,0,1
1622,0.352758133958559,1.09831660545344,1,1,0.0695162579802979,1,1
1623,0.992559988378568,6,0,0,0.150134769854058,0,1
1624,0.352598738973029,0.699049667018546,2,0,1.16627881177983,0,1
1625,0.255435950670037,0.785865313832379,1,0,1.28894579786636,0,1
1626,0.0405968737322837,0.20776132695085,2,0,0.278367266152395,0,1
1627,0.191532005151215,0.352829509608908,1,0,-0.346701290166119,0,0
1628,0.398326257127337,0.893672794724504,0,0,0.0652994331638002,0,1
1629,0.180429569736589,0.263349868137531,0,0,1.45226936095206,0,1
1630,0.412624789169058,1.39012904103768,2,0,0.285117363178644,0,1
1631,0.0475444691255689,2.02644458461516,1,1,0.678506839784854,1,1
1632,0.661549143493176,1.35099065348528,1,0,-0.975235112633934,0,0
1633,0.320712068037947,1.3400848117123,2,0,0.617736793709466,0,1
1634,1.45236605338072,2.20324460800855,2,0,-0.187152529904487,0,0
1635,2.61716564177516,3.32916268457969,0,1,-1.23354529089682,1,0
1636,2.81154730727122,2.99483670044287,2,1,-0.709950543440535,1,0
1637,0.0316541262474245,0.0928115599143234,1,1,0.643937871164551,1,1
1638,0.268094691447914,2.15873258287794,1,1,-0.653824457383794,1,0
1639,1.02011817414314,1.24245855646829,0,1,-1.662863535345,1,0
1640,0.490329582104318,1.16353302683982,2,1,-0.285068445556199,1,0
1641,0.450771354927503,3.52579893070961,2,1,1.11865887432025,1,1
1642,1.96957022315803,2.51451373069375,1,0,-1.25414411179027,0,0
1643,0.229784856724587,0.499849356440705,1,1,-0.734016031678676,1,0
1644,0.137489895860199,2.43009865947306,1,1,1.22285615281382,1,1
1645,0.135904267730169,0.381202021656858,2,0,-0.872708716147651,0,0
1646,0.207736270919048,3.09481878144046,0,0,-0.278811517149792,0,0
1647,0.365944191580638,1.42843433655798,0,1,0.00898055589590189,1,1
1648,0.0449191670105483,1.24009952293017,2,1,0.848428417060824,1,1
1649,0.164463363732735,0.685695545369473,1,1,1.45914980490392,1,1
1650,1.80588642502378,2.43704264476255,2,0,-0.382279666410051,0,0
1651,0.453792754193328,0.606197176510771,2,1,0.316622129716604,1,1
1652,0.864352699110106,1.96651309723289,1,1,1.56905579178615,1,1
1653,0.34873937814005,2.09220220595562,2,0,-0.041259791975428,0,0
1654,1.11565998010337,1.97578095653477,1,1,-0.87596142058539,1,0
1655,0.0190139896585606,0.68674322955599,1,1,0.728463634257109,1,1
1656,0.342906749574468,0.385960456539373,2,1,2.41027907674067,1,1
1657,1.24334380682558,3.99934666231275,0,0,-0.0215627821628387,0,0
1658,0.248074736737181,1.19330345652997,0,1,0.687497181300044,1,1
1659,0.56711068666539,0.580790440988765,2,1,1.65066141649454,1,1
1660,0.152003065106396,2.26249226834122,1,0,0.0839727601041082,0,1
1661,0.421955027617514,2.6051542501569,0,1,-1.29346345572631,1,0
1662,3.28962277976756,3.53721675569038,2,1,-0.127654646869164,1,0
1663,0.258933040022384,0.409543245970404,1,0,0.823287667504858,0,1
1664,1.50326557262781,1.61775595653991,2,0,-0.705867545323807,0,0
1665,0.359547914995346,0.657671776900961,2,1,0.587667875250644,1,1
1666,0.278044118313119,0.314442752199112,1,1,0.482033364357961,1,1
1667,0.169552121728558,0.447127995524153,1,0,0.405783330117668,0,1
1668,0.502049370526157,0.88196801839145,2,0,1.02680905444176,0,1
1669,0.180241366277895,0.796995708600425,0,1,-0.205757341708498,1,0
1670,0.524367150703468,2.82827605953936,1,1,-0.685402415177316,1,0
1671,0.217473843206654,0.217803579856901,1,0,-0.0808391836127581,0,0
1672,0.160074462972827,1.81317472894658,2,1,-0.0229646093070694,1,0
1673,1.4674905467245,1.60578477196395,0,0,1.43135463325555,0,1
1674,0.00967903062701225,0.0517542336951261,2,1,1.68518160026255,1,1
1675,0.17493433025581,0.742346201942286,2,1,-0.775440236413362,1,0
1676,0.798176409676671,4.46097975884657,2,0,-0.0697294411244398,0,0
1677,0.524109939114575,0.702358248333136,0,0,0.637666526133841,0,1
1678,0.0428667981581278,0.180859847950475,2,0,1.01573419090781,0,1
1679,0.431998910308364,3.60372459536881,1,1,-1.05449278372224,1,0
1680,0.2766465980676,1.58811703193171,2,0,0.359050359350709,0,1
1681,0.802859888141958,3.66147420747929,2,1,-0.923224122403982,1,0
1682,0.355851551517844,0.624610610495389,1,1,-0.687154245960117,1,0
1683,0.0884354754816741,0.248139533565637,1,1,0.733385809140683,1,1
1684,0.899774224910528,1.52763767407909,1,1,0.29290427548091,1,1
1685,0.336742078828197,1.92583202940534,1,1,1.76835793621843,1,1
1686,0.131717757321894,0.179177139758888,1,1,0.96918843521923,1,1
1687,0.218993221351411,0.523541786781121,2,0,0.811615156981769,0,1
1688,0.726670504547656,1.20939094363935,1,1,-0.336440491786843,1,0
1689,0.318985148305378,2.18479960454499,2,0,-0.406931634369278,0,0
1690,0.817630754972038,1.66891319267782,1,1,-0.573899214154979,1,0
1691,0.347594319609925,1.42724623744675,1,1,0.48289986593002,1,1
1692,0.202246346136624,1.28744999719528,1,1,0.215342039166981,1,1
1693,0.199673470200773,0.276514637300237,1,1,-2.54993595153664,1,0
1694,1.41969558477602,2.83768052235246,0,0,-0.920485161710338,0,0
1695,2.11343125645345,2.19432816800821,2,0,-0.227116764453586,0,0
1696,0.810316752150476,2.07568337059876,1,1,0.916374262211913,1,1
1697,0.137538183812309,0.471326353019603,1,1,-0.636543169627471,1,0
1698,0.422681679949164,1.91144549971451,2,0,-1.11972969002406,0,0
1699,0.270044452627189,2.18755822163643,1,0,1.16096515800162,0,1
1700,1.6548387484303,2.40176162969461,1,0,0.0928178664451768,0,1
1701,0.0598743886803277,0.886821359433771,2,0,0.844833583708641,0,1
1702,0.0993228365478277,0.135667558454717,2,1,0.0493945146733325,1,1
1703,0.0283705856418237,0.272124772768812,2,0,0.663375071187685,0,1
1704,0.0389188461122103,0.182541400217789,2,1,0.974700129119479,1,1
1705,0.0383196048583414,0.137104114191882,2,1,0.661531301338434,1,1
1706,1.57444452299717,4.22737195090045,1,1,-0.987587875726827,1,0
1707,1.15361853148194,1.23626155596853,1,1,0.762932703246695,1,1
1708,0.699315906359635,1.45888402608393,1,1,0.557813878604547,1,1
1709,0.82892886243929,2.23311380373571,2,1,0.143040959341118,1,1
1710,0.139131937175989,0.201714875932447,1,0,0.0128987817664042,0,1
1711,0.467519777567878,4.02807090077852,1,0,0.189406265018729,0,1
1712,0.907885133288801,1.40223803035974,1,1,-0.95049491992197,1,0
1713,0.110327821241019,0.260030758241223,1,1,-0.346878019287032,1,0
1714,0.618154844242901,3.10684077656756,2,0,0.603833651671062,0,1
1715,0.650177914375902,1.05199387878981,0,1,-0.34096951884914,1,0
1716,0.523207159378237,0.627473988532703,2,1,0.66462016468214,1,1
1717,0.551963071894653,1.5678967963036,1,1,0.322854499178735,1,1
1718,0.186934329634533,0.226840388342789,2,0,1.93216591455265,0,1
1719,0.0907523446630268,0.345664450402807,1,1,-0.127363440854231,1,0
1720,0.211821364238858,1.54677277201417,2,1,-0.789285613309123,1,0
1721,0.256670457310975,1.85013164059975,2,1,0.409023156590555,1,1
1722,0.0084159105751759,0.820920844138495,2,0,1.86334037340665,0,1
1723,0.56816733771424,0.964462573950489,0,1,-0.251100131240375,1,0
1724,0.990735077525585,2.19995880166886,2,1,0.507319097499584,1,1
1725,0.234107113501523,3.09761806955404,2,0,1.0928664834356,0,1
1726,0.114294451486785,0.211281454741633,2,1,0.259059799981167,1,1
1727,0.890104047140938,1.1143498045357,2,0,0.876033283662042,0,1
1728,0.0434380077058449,0.136276002516062,1,1,0.105161485610636,1,1
1729,0.0414039893075824,0.436408578430553,2,0,1.86088614854958,0,1
1730,0.0871465838281438,1.36375254145933,1,0,1.69758945598879,0,1
1731,0.559911841526628,0.966959996271111,2,0,-1.01098956362121,0,0
1732,0.360317331214901,1.32975426383225,1,1,1.18221375404149,1,1
1733,0.0867718514055014,2.3063839977048,2,1,-1.74320880931182,1,0
1734,0.302087620832026,0.453485138714314,0,0,-1.18809705753739,0,0
1735,1.36994918068496,1.44125144307812,0,0,1.01730361240463,0,1
1736,0.418382490752265,2.34055003198403,2,0,0.179882912292945,0,1
1737,0.0969494749447021,1.31007083156686,1,1,-0.645972472928826,1,0
1738,0.429153575678356,1.41098826482139,1,1,0.00104223691570131,1,1
1739,0.359039974282496,1.5028583081653,2,1,1.66386162071261,1,1
1740,0.77728629950434,3.72192947010832,2,1,-0.174205722625533,1,0
1741,0.35951931681484,1.03567947564202,0,1,-0.255722136646381,1,0
1742,1.05532995856494,1.44830933650763,1,1,0.733144286827124,1,1
1743,0.652183792527586,1.2198356579799,2,0,0.582797372512306,0,1
1744,0.958872050925732,2.27225109387821,2,1,1.00423615033236,1,1
1745,4.86281714153457,5.24051402302035,0,0,-0.873467833589029,0,0
1746,0.325310241605621,0.391011286956456,1,1,0.317856613961927,1,1
1747,0.062281999271363,0.281816923942735,2,1,2.19515650901987,1,1
1748,0.320056138733895,0.506839488240199,1,0,-0.247830815748055,0,0
1749,0.272306024562567,1.04928698490328,1,0,0.251118000490148,0,1
1750,0.144980469608136,1.66812715233039,1,1,-0.068739533321056,1,0
1751,1.2735592724696,2.34715991918504,1,1,0.362310609106502,1,1
1752,0.207946291775443,0.387196642670593,2,0,0.993542412316044,0,1
1753,1.34908563736826,2.8505821658171,1,1,-1.29371701392116,1,0
1754,0.486410708833465,1.23122817873541,1,0,1.79813415256277,0,1
1755,0.153265691362321,3.85793990466597,2,1,-0.241818440262471,1,0
1756,0.576203755710441,1.15278208078841,1,1,-1.71578760919808,1,0
1757,0.159015712636308,0.789159535694391,1,1,0.3607827600557,1,1
1758,2.44725067504592,2.92694838257221,1,1,0.0812692900086958,1,1
1759,0.191828140988946,0.586071396246552,0,0,-0.146533122453556,0,0
1760,0.327748863492161,2.20587377611565,2,0,1.46955930876475,0,1
1761,1.67504802984025,4.85932053349225,0,1,-0.456871070914981,1,0
1762,1.17895689671265,1.77418401796385,1,1,0.00342190865978649,1,1
1763,0.629745882004499,2.1772849850921,1,1,-0.403977754622374,1,0
1764,0.0237021443678108,0.0658735657024896,2,1,1.49366378283206,1,1
1765,0.836959498093285,0.905338761982198,1,0,0.589312841972804,0,1
1766,0.63425103141629,1.72065567298579,1,1,0.0346008122946647,1,1
1767,0.647899946197867,5.32111248398819,2,0,-0.504324721501376,0,0
1768,0.125439673327789,0.174520014397585,1,0,0.855177604021546,0,1
1769,0.0713023204493464,0.692113332774024,1,0,-1.12423281000227,0,0
1770,0.65041880586353,1.06619252210553,1,1,1.00438863338852,1,1
1771,0.227111004060134,1.13347542474554,1,1,0.103004437816095,1,1
1772,0.0913847032934427,4.79944694138376,0,0,-1.06266012778238,0,0
1773,0.0775632087606937,2.16730359326188,0,0,0.521446318404878,0,1
1774,0.367033458314836,0.870957617234389,2,0,0.50786977739738,0,1
1775,0.0301408683881164,6,0,0,-0.485822717292854,0,0
1776,1.21972870076412,2.15271478262671,2,0,0.615890824985828,0,1
1777,0.499663370984428,1.51919806507641,1,0,1.6010697749092,0,1
1778,0.43323690651153,0.723879657803639,1,1,1.85506093728615,1,1
1779,0.0305769739840459,1.26897977716868,1,1,0.187424947103277,1,1
1780,0.00364828389137983,1.12554895223664,2,0,0.958691619453422,0,1
1781,0.521277881317593,6,0,0,0.117067709837693,0,1
1782,0.466817253260548,1.12499322713771,2,1,-0.615998226622775,1,0
1783,0.352879742567893,5.01323357442338,2,0,0.227225487328282,0,1
1784,1.01953674120218,1.72722649127126,1,1,0.961335519411356,1,1
1785,0.307283620059025,1.10313173693915,0,0,1.46910817611291,0,1
1786,0.191689997445792,0.202574714464436,1,0,0.925318366694216,0,1
1787,0.576654338053978,0.818290700583117,1,0,-0.0130054975179106,0,0
1788,0.254152312874794,0.267034108064207,2,0,-0.0260547380541895,0,0
1789,0.043213919736445,0.373694004779689,1,0,-0.298160107874843,0,0
1790,3.52060778049712,6,0,0,-0.215173661788034,0,0
1791,0.35733316472033,0.459486607805586,2,1,1.03429177129793,1,1
1792,0.123115886569487,0.684424029383015,1,1,1.1669979094057,1,1
1793,0.0041353588645708,0.406881635693788,2,0,0.111049752550452,0,1
1794,1.91475655537953,2.33240641608721,1,1,0.23324860778232,1,1
1795,0.248082717880607,1.73943965064275,1,0,1.50891421805181,0,1
1796,0.399828176014125,3.61468913486404,2,0,0.254163873244202,0,1
1797,0.253853358328342,0.755321730598206,1,0,-0.66656886784999,0,0
1798,0.208364157588221,0.634740992352963,2,0,1.30206745049503,0,1
1799,0.966313667047824,5.13302329278795,0,1,-1.19560543015541,1,0
1800,0.323679383727722,1.58728325429062,0,1,0.0765826182321131,1,1
1801,0.0698568862990009,0.416026311003599,2,1,0.177294213162776,1,1
1802,0.0365863568731584,0.369721213959317,2,0,0.440062772309223,0,1
1803,0.491742540730548,0.569952316207007,2,1,1.54927703218425,1,1
1804,0.518080317617435,1.35235630495194,1,1,-0.519992075157787,1,0
1805,0.241054303012788,0.449654539004637,2,0,-0.269377470423982,0,0
1806,1.29626526962966,5.52346639073974,1,0,-0.609434152897528,0,0
1807,0.336008849553764,2.1898165796742,2,1,0.422301179563318,1,1
1808,0.892613442919862,1.17088897030558,1,0,0.104269000487855,0,1
1809,0.0549844251945615,1.23463364569564,1,1,-0.22232310904296,1,0
1810,0.371980767486278,1.21186102676155,1,1,-2.31484751765953,1,0
1811,0.111626097893852,2.59452183817031,1,1,-0.959679372844423,1,0
1812,0.0893125993859774,1.58000600365396,1,1,-0.247438434061281,1,0
1813,0.45424623042345,2.87184341599951,2,0,-0.519738379950372,0,0
1814,0.397183188761119,1.10990563423046,2,1,0.52182240831501,1,1
1815,0.530424353919084,0.698570872315531,1,0,-0.698395628866368,0,0
1816,0.621120018884242,5.26968603289943,2,0,-0.296991420639463,0,0
1817,0.367212473938707,0.413186797632936,2,0,0.838060313009738,0,1
1818,0.672382073799901,1.78111791824065,1,0,0.241463178778482,0,1
1819,0.217369036598121,1.4976892326542,2,0,0.871077214884696,0,1
1820,0.0299251091200858,0.664908362248916,1,0,0.379742459539066,0,1
1821,0.889323897659779,2.21948590813737,2,0,-0.526860949137961,0,0
1822,0.681737801039297,1.76666225008685,1,0,-0.240592417342471,0,0
1823,0.0458111110492609,0.249627425024907,0,0,0.0807894121473474,0,1
1824,0.618744105100632,4.19292582486127,1,0,-1.24522766813504,0,0
1825,0.121360698260033,0.381451899129541,1,1,1.61896986603728,1,1
1826,0.531995288096368,1.03340225597944,0,0,-0.131948960340278,0,0
1827,0.466342514574004,1.44539441597805,1,0,0.0851611366902681,0,1
1828,0.158896721899509,0.342943725143244,1,1,-1.8997005402505,1,0
1829,2.0375074437407,5.48767267387915,0,0,-0.382906096674308,0,0
1830,0.0413270730425146,2.08849406169539,2,0,0.338989508966462,0,1
1831,0.195741203554077,0.219321634349851,1,0,-0.276192900099249,0,0
1832,0.188282550952863,0.495445023396242,2,1,1.46345151852054,1,1
1833,0.409520856418347,1.96144232777291,1,1,1.16921626405283,1,1
1834,0.0429317689849995,0.224479307372635,2,0,1.16779280111845,0,1
1835,0.106416604539845,0.451512854957793,1,0,0.329284527890265,0,1
1836,0.555686430168454,1.13378901117871,1,1,0.728653703272071,1,1
1837,0.14208726468496,0.182141007553538,1,1,0.171254423778433,1,1
1838,0.100372251617584,0.942249633061699,2,1,0.141527032431813,1,1
1839,0.724321712739766,2.22344449646392,1,1,-0.646230301801437,1,0
1840,0.0628623636439443,0.91135705619421,1,1,-0.241177164947069,1,0
1841,0.119538874132559,0.320563971762695,1,0,0.0617112646032174,0,1
1842,0.055879030842334,0.39398949563497,2,1,0.251240192453297,1,1
1843,0.460844083546482,0.732449234629031,1,0,0.934752121706348,0,1
1844,3.08744087856626,5.86822269844624,1,0,-0.282468540538298,0,0
1845,0.329964160919189,1.61538616876585,2,1,0.480899983748775,1,1
1846,0.923283305950463,2.61879770085216,0,0,-0.268290225596787,0,0
1847,1.87813195389438,2.06970761047086,1,0,0.198313052797774,0,1
1848,0.325373206578661,3.30338028347313,1,0,0.189553102635597,0,1
1849,0.290792024694383,0.509854932061994,1,0,-1.21527232614411,0,0
1850,0.396314029931091,0.827427307383538,1,1,1.04759901252791,1,1
1851,0.371912257556087,2.00349882931274,1,0,-2.34619746915441,0,0
1852,1.38720631316357,1.49818645972672,1,1,-0.384000995237964,1,0
1853,0.73952648229897,1.86576795817611,1,1,-0.22176848468079,1,0
1854,0.0255385210039094,0.527740481851348,2,0,1.49258043440718,0,1
1855,0.720561187455252,1.44758154948552,0,0,0.0325820237891203,0,1
1856,0.139174286276102,1.7690458030393,2,0,-0.678240061550357,0,0
1857,0.0223099053255282,0.404053501870127,1,0,0.672763168125497,0,1
1858,0.221162587986328,0.261433228855607,1,0,0.39406914460726,0,1
1859,0.436355505927287,0.708440682631859,1,1,0.149472814229632,1,1
1860,0.206094975583255,0.836436796237171,1,0,1.42088554953446,0,1
1861,0.282981367781758,2.73608753322747,1,1,-0.748702340448448,1,0
1862,0.314609882479999,0.946900543832962,2,0,0.510318572543453,0,1
1863,0.0671554822054101,0.524920455235885,1,1,-1.34366449035221,1,0
1864,0.0354944335413165,0.453836477051179,0,0,1.31055320347058,0,1
1865,0.120754387462512,0.218137943412125,1,1,0.212694298466244,1,1
1866,0.413129369844683,0.483876142602859,0,0,0.447804153013133,0,1
1867,0.496195646934211,0.540257110859851,0,0,-1.15183632256059,0,0
1868,0.307765274308622,0.337481981597185,1,1,-1.16316218619472,1,0
1869,0.48921947264042,2.40244577099234,1,0,0.0142773129396453,0,1
1870,0.270771998912096,0.769616305530322,2,0,-1.43386219802736,0,0
1871,0.245654199970886,0.277288968985279,0,0,0.381950109740806,0,1
1872,0.202346113219392,0.975097148505004,1,0,1.5374643994525,0,1
1873,0.708023632151827,1.66995018454008,2,0,1.6479302838206,0,1
1874,0.0174321383237839,1.52055006974847,1,0,-0.290814124063789,0,0
1875,0.260233451845124,2.13383568140368,0,0,0.530997012051368,0,1
1876,0.0621835724450648,0.348242469395968,2,0,0.688095884870576,0,1
1877,0.165499200229533,0.873002476895836,2,1,0.213260244435835,1,1
1878,0.117277724755633,1.54172938720229,2,1,0.952668706996917,1,1
1879,0.329392522398848,0.332307349347291,2,0,0.568651869885602,0,1
1880,0.0020530321484867,1.83695940954117,1,1,0.847462120924845,1,1
1881,0.550132763429366,4.71356644577591,0,0,0.0344662786675943,0,1
1882,0.116891704499722,0.496081050696971,2,0,-0.36195929408712,0,0
1883,0.0741192879456229,2.05904629740184,1,0,0.443346133018101,0,1
1884,0.247954546181774,1.37080309192895,0,1,0.975920802101882,1,1
1885,0.275236628658604,0.357402919721577,1,1,0.626688033435704,1,1
1886,0.38631278731023,0.601528862813482,1,0,-1.03529225873255,0,0
1887,0.102227088646032,0.340688110767323,2,0,1.43583285263031,0,1
1888,0.30710731973051,1.18451231653807,1,0,-0.411008279116321,0,0
1889,0.0694239282165654,0.0787271850656373,2,0,1.59428134325676,0,1
1890,0.177266338723712,0.275380393862685,1,1,0.576895911616767,1,1
1891,0.157867787638679,0.524830293484364,2,1,0.956441980090026,1,1
1892,0.476840844468035,0.644712971103707,1,0,0.213875385402043,0,1
1893,0.071519892080687,0.0736737594719771,1,1,2.33945351672809,1,1
1894,2.28307545176687,6,0,0,-0.116563524946452,0,0
1895,0.714791442124926,1.00550741610188,1,0,0.0466667736832757,0,1
1896,0.66120848173444,1.51685006496552,2,0,1.46996719894951,0,1
1897,0.0446751902927645,0.303591429981853,2,1,0.240550840154882,1,1
1898,0.766049560729346,1.19012132688352,2,0,0.445842640732949,0,1
1899,0.71437685282138,1.59734465585684,2,1,0.10664873565978,1,1
1900,0.186219660972711,0.204221693178018,0,1,0.0509955224064287,1,1
1901,0.309051699323327,3.1400962021902,1,1,0.253061488320124,1,1
1902,0.138949743686734,0.305924510215526,1,1,-0.0532324797646355,1,0
1903,0.870726939703912,1.23087337942422,1,0,0.0458306419051559,0,1
1904,0.397544419392943,0.714077738424142,0,0,0.424875685976827,0,1
1905,0.647242282840245,0.781203980148642,1,1,0.889037692704416,1,1
1906,0.0555850975797512,0.556077354785279,2,1,1.10056572567813,1,1
1907,0.33357444126159,0.560800899852153,1,1,-0.303692605133971,1,0
1908,0.678676048965946,0.936724560497287,2,1,1.36205084965957,1,1
1909,1.15970721695909,3.12377876235781,2,0,0.368250761625935,0,1
1910,0.506687408752561,0.686807884362219,1,1,0.90656960169383,1,1
1911,2.56809749445858,4.89511394845255,0,0,-0.396961576937077,0,0
1912,1.10035136374753,1.42209066929983,2,0,1.92825498777848,0,1
1913,0.38710804152936,0.402002725916901,1,0,-0.140577787574407,0,0
1914,0.224768601285705,0.381215796333544,0,1,0.146157472916866,1,1
1915,0.343554907594807,0.509020330745542,1,1,0.867934431425181,1,1
1916,0.482359927147627,1.88662568241796,2,0,-0.497581971135454,0,0
1917,0.0653715353312928,0.508170271428016,2,1,-1.18768833653331,1,0
1918,0.387415462173522,0.57424864272856,1,0,0.979268072701802,0,1
1919,1.47874429627302,4.13008225087989,2,0,-0.420328621277715,0,0
1920,0.00434036425181989,0.567352589584269,2,1,1.57611912440148,1,1
1921,0.609604690663338,1.81281112732869,1,0,0.992407862827782,0,1
1922,0.423475343850441,1.79414992179308,1,1,0.416672420067854,1,1
1923,0.182355219447938,0.731690234845842,2,1,0.64301505381198,1,1
1924,2.75820271103623,4.5353091094002,2,0,-0.152376328980586,0,0
1925,1.43549430175664,1.55099532256524,0,0,-0.153184771873853,0,0
1926,0.380892687535379,3.2815463833695,0,0,0.861158279769731,0,1
1927,0.244864952692296,0.542002269169848,0,0,2.06603653511186,0,1
1928,0.869434981606901,1.2550077951866,1,0,-0.817297726872238,0,0
1929,1.46764220778404,2.14137073498004,1,0,0.42069066598999,0,1
1930,0.168481750800008,2.79398748384322,2,0,0.50899163894456,0,1
1931,1.13445359044114,2.25715926217306,2,1,0.161463175656374,1,1
1932,1.67324624207719,2.99636692046755,1,1,-1.42158767451387,1,0
1933,0.115446270006834,0.45556848204281,1,1,0.174794108292459,1,1
1934,0.203899471962359,0.477408176459556,2,1,0.966653904889375,1,1
1935,0.347637233207934,0.640703372411863,1,1,0.31235702825644,1,1
1936,0.338857135502622,0.602145590641459,1,0,0.631243802868162,0,1
1937,0.239593096026379,2.7880381811824,1,1,-0.275223911868616,1,0
1938,1.11511968635023,1.12635013519971,1,1,-0.52508933916928,1,0
1939,0.0836705976803891,0.571703295236256,0,0,0.101264604039155,0,1
1940,0.0756506719114706,0.190886823939647,1,1,-0.71199759400326,1,0
1941,0.334574365057051,1.37027241720754,2,0,-0.432131730408401,0,0
1942,1.39335325561969,1.88091959748605,1,1,0.249281638984514,1,1
1943,1.16035945949015,1.20359933666408,2,0,1.46790854617857,0,1
1944,0.292459128781646,0.473574119455183,1,0,-0.381023168449085,0,0
1945,0.269498162670061,0.467088862767814,2,1,2.25755702824624,1,1
1946,0.44040759280324,1.1247047808981,0,1,-0.535116386152079,1,0
1947,0.453633291154921,0.640601665250187,2,1,0.0875528167091398,1,1
1948,0.311078392260242,0.766129296629411,0,1,0.642507254747824,1,1
1949,1.528208361627,3.34823704463712,1,1,0.304668408216613,1,1
1950,0.429934781277552,0.431773123721837,1,0,0.243727229717482,0,1
1951,1.1478946423158,2.69605305798651,2,0,-0.477989463251708,0,0
1952,0.00881700630998239,0.0677190697952466,2,0,1.61481185269972,0,1
1953,0.417622706251561,1.2119329195355,1,1,-0.492365774687003,1,0
1954,0.0390928762394763,0.785636940896072,2,0,0.199438750846519,0,1
1955,0.143137187988032,0.724029649669925,0,0,0.50945756642466,0,1
1956,0.58296101482802,0.757615950211626,1,1,-0.0120208660406138,1,0
1957,1.06152015616523,1.15644646477087,1,0,0.315384111605322,0,1
1958,0.115426819771528,0.502549104092074,1,1,-1.32157830703883,1,0
1959,0.121904680214315,0.187225160748651,1,1,1.78966920680302,1,1
1960,1.22532441560179,2.34019806615456,0,0,-0.335271919890194,0,0
1961,0.791017060296448,6,0,0,-2.07439857895876,0,0
1962,0.456317607287139,1.04883017438212,1,0,0.477525100399449,0,1
1963,0.466451113831979,0.693197850999877,0,0,-0.798479350548899,0,0
1964,0.91099387539631,6,0,1,0.179516479748484,1,1
1965,0.716522101403035,1.58524626522199,2,0,1.32842145220929,0,1
1966,0.435928960188113,0.874414247452598,1,1,1.61835719948689,1,1
1967,1.04691218957305,2.44042054439584,0,0,-0.81203117876783,0,0
1968,0.132675787433982,1.35248197863499,0,0,-0.294477499055896,0,0
1969,0.117107051496115,0.480987359663578,0,0,0.350832169438291,0,1
1970,0.0906252280872708,0.276078426457259,2,0,-0.313892202965327,0,0
1971,0.0530896287294975,4.6055142612507,0,0,-0.662916481034894,0,0
1972,0.0258734829750236,0.0969984599340167,2,0,1.25910061705968,0,1
1973,0.454748556340866,0.515624820885456,2,0,0.883801234685484,0,1
1974,0.0963717373088002,0.286853576309298,1,1,-1.68428629532165,1,0
1975,0.240271503571421,0.303791402375261,2,1,1.06658487830912,1,1
1976,0.139283740427345,0.30082991226145,2,1,0.497099067179178,1,1
1977,0.501776901629575,0.706994106548895,2,0,1.19506001319788,0,1
1978,0.082339329237584,1.65551484760491,2,0,0.827539260846624,0,1
1979,0.31490768538788,0.374611545085351,2,1,0.549059222013109,1,1
1980,1.61167617995797,3.18701128240687,1,1,0.166291638481228,1,1
1981,1.12359788268805,2.31896823140124,2,1,-0.363057372459967,1,0
1982,0.756184099565081,6,0,0,0.214306618776586,0,1
1983,0.587048520334065,2.53793506344408,1,1,-0.937936531294253,1,0
1984,0.57133598998189,3.52348881817462,1,0,-0.658153156808866,0,0
1985,0.247389494773194,0.397063502792767,2,0,-0.383899978020808,0,0
1986,0.957181689434784,1.76336258469745,2,0,1.37778173327399,0,1
1987,1.18222521379927,3.62468730253302,2,0,0.520666564191214,0,1
1988,0.100325767416507,1.50585094888074,2,0,0.0289072647289476,0,1
1989,0.420361166761722,2.37431045621634,0,1,1.05273922805664,1,1
1990,0.177504857711028,0.335529748160779,2,0,0.282933041543245,0,1
1991,1.06719323992729,2.98927664109295,2,0,-0.0338527668458685,0,0
1992,0.118243851687086,0.156859119182063,2,0,0.501844745026329,0,1
1993,0.148485726097848,0.70586862151833,1,1,0.29802316694626,1,1
1994,0.482446081730802,1.27457595923375,1,1,1.17506856060174,1,1
1995,0.206964655662887,0.909720113553677,1,0,1.08953990746495,0,1
1996,0.123426952856516,0.429999070773653,1,1,0.90743697416176,1,1
1997,1.15932483802886,1.80932748157295,2,0,0.0975131494837958,0,1
1998,0.348577879776713,1.45731905453069,1,1,1.37001887212787,1,1
1999,0.602952222362671,2.61714909830069,1,1,0.438649243676737,1,1
2000,0.507079479258329,3.83700232842161,2,0,0.0350938692206382,0,1
2001,0.29397358186543,6,0,1,-1.18717399139414,1,0
2002,0.463495788162537,1.21217787445415,2,1,1.65814290367696,1,1
2003,0.18751347122277,0.660337252585536,0,1,2.22296223571505,1,1
2004,0.191792130644899,2.70725770639023,0,0,0.406672804900373,0,1
2005,2.39479090264978,5.5458369522803,2,0,-0.811104337207505,0,0
2006,0.219605580900349,1.04597826906047,2,0,-0.571403797774103,0,0
2007,0.295095754787326,1.61812354810536,0,0,-0.975784536363285,0,0
2008,0.556676626205444,1.79724724963307,0,0,-0.655877145782245,0,0
2009,0.0706364568322897,1.48047899004569,1,1,-0.572032311070944,1,0
2010,0.254914282413665,1.15138217873659,1,1,0.0809865510177946,1,1
2011,0.338983116671443,2.12947252445476,2,1,-1.00139567973859,1,0
2012,0.275867431424558,0.324547492661481,1,1,-0.384312371999431,1,0
2013,3.33856383321767,3.93280691407957,1,1,-1.23761040155237,1,0
2014,0.725993443280458,1.32361995061422,1,1,-0.698782515402972,1,0
2015,0.801265890540449,0.824547414409238,0,1,-0.311797205969806,1,0
2016,0.0148833976709284,0.471527849154363,1,0,0.466328135936056,0,1
2017,0.934902863757327,1.90668987545955,2,0,0.394136135248549,0,1
2018,0.159520492888987,1.01864894620366,1,1,0.0971613639036732,1,1
2019,1.04785501709798,1.06081383454812,1,1,-0.173090835350949,1,0
2020,0.463674189890409,1.65935816553732,0,0,0.577973724343104,0,1
2021,0.143462185806129,0.158966627253582,2,1,2.02615881345097,1,1
2022,0.439885916977011,0.514330908623945,0,1,0.794007258498534,1,1
2023,1.73114447473528,2.36224323542051,0,1,-1.5073517112946,1,0
2024,0.155215832404792,2.63097551039543,1,1,-0.512806165999491,1,0
2025,1.36845328727486,1.38337457659856,2,0,0.176087053607927,0,1
2026,1.48111609444727,1.78405593141418,2,1,1.99412234044037,1,1
2027,0.851461603306234,3.20791010723767,2,1,-2.04276071534904,1,0
2028,0.069919815286994,0.856669998346435,1,1,0.751491909733047,1,1
2029,0.86805097466605,1.16664703307423,1,1,-1.18409379856191,1,0
2030,0.0564395800534575,0.144018336189367,1,1,0.29223436076864,1,1
2031,2.18132737504643,2.33097473886818,1,0,-0.819487217137009,0,0
2032,0.127678337739781,0.752196777206114,2,0,2.11110942117513,0,1
2033,0.0161271856632084,0.862672558552958,1,0,0.0613021181950728,0,1
2034,1.48820681838824,1.81911661600073,0,1,0.0389049885429334,1,1
2035,0.0724950957676755,0.195281415891423,2,0,0.290585289791047,0,1
2036,0.247748617263688,0.533955900027373,1,1,0.850826255928092,1,1
2037,0.368550898565445,0.839506636148752,2,1,1.2522780427982,1,1
2038,0.970553221816493,3.92408734624399,1,0,-0.764352979961515,0,0
2039,0.123508681603521,1.57777158062775,1,0,0.789184558221469,0,1
2040,0.373135393485427,2.17225063516183,2,0,-0.478397195565526,0,0
2041,0.242985034128651,0.431765803560123,2,0,1.38226925536195,0,1
2042,1.25233635533938,5.22145207739261,1,1,0.559813472655732,1,1
2043,0.263932908641104,0.594570649159464,1,1,1.20239908292345,1,1
2044,2.40250023418017,6,0,0,0.430710537148409,0,1
2045,0.204958517104387,1.00737291388214,0,0,-0.878501392921544,0,0
2046,0.258001754756259,0.333050683017103,1,0,0.0433463403853257,0,1
2047,0.128347568325531,1.8862631304467,1,1,1.66445068083465,1,1
2048,0.427769658563193,0.50165959709927,1,1,0.417011973899135,1,1
2049,0.044899630593136,0.374590188642805,2,0,1.0815580434607,0,1
2050,0.0610615132609382,1.19669282915688,2,0,1.20042302191513,0,1
2051,0.280645834573079,1.23773789307852,2,1,0.315711744341755,1,1
2052,0.227712660562247,0.41430331292463,1,1,0.427949855649757,1,1
2053,0.374571938882582,0.389260259143713,1,1,0.790687664988516,1,1
2054,2.2463449124331,4.00484498362339,2,1,1.10483801419443,1,1
2055,0.213690272648819,2.21266736986218,1,1,1.12556022465741,1,1
2056,0.340929236263037,0.969070584586815,1,0,-0.411813572598993,0,0
2057,0.110057962121239,1.79000444356265,1,0,0.563954484863345,0,1
2058,0.342578605843188,3.07550834214907,2,1,-1.03563051616863,1,0
2059,0.14978554751724,1.38345844925987,2,1,-0.0474723391553458,1,0
2060,0.273268662567716,2.89452631647388,0,0,0.73454621698072,0,1
2061,0.332515858113766,0.641561015870822,1,0,-2.03126443799643,0,0
2062,1.70218561208787,6,0,0,-2.05266225589818,0,0
2063,1.02121967290681,1.07304673860461,2,0,0.427763031078107,0,1
2064,0.202202619029346,0.573771986978085,2,0,0.394099132193525,0,1
2065,0.564089483581483,2.05651303404658,1,0,-1.27879189911724,0,0
2066,0.0975483153015375,0.322172208196066,1,0,-0.826438338026244,0,0
2067,0.848781256005168,2.02409087222632,1,0,-1.22658021138481,0,0
2068,0.352487685740925,3.06698434550555,2,0,0.246660897291998,0,1
2069,0.0076407030675216,2.37603697194377,1,0,0.992908191585086,0,1
2070,0.435304233079597,2.54780171286558,2,1,0.283616391821774,1,1
2071,0.470031704727382,2.54702971917143,1,1,0.228501655735115,1,1
2072,0.382886654697359,1.950182381193,1,0,-0.119020418847076,0,0
2073,0.732343727114432,2.17279505295058,0,0,1.93229494449132,0,1
2074,0.567553925327957,1.06439265179378,1,0,-1.32783691539171,0,0
2075,0.277276056651542,0.53910528482468,2,1,0.718542287492214,1,1
2076,0.065451922127977,5.06954917301485,2,0,0.00653139892385745,0,1
2077,0.334543971694075,0.423308032926693,2,0,1.01846343618365,0,1
2078,0.109422623936553,1.09134057623255,2,0,1.6732094812503,0,1
2079,0.147604645753745,0.471747557358258,1,1,0.124205729203476,1,1
2080,0.33990405354416,1.78642383805155,2,0,1.46666937663746,0,1
2081,0.123013619158883,0.35028896240083,1,0,1.41935304054308,0,1
2082,0.09969149105018,1.99563837308956,1,1,0.556991314369202,1,1
2083,0.148056805192027,0.525225949438879,0,0,1.02963529857656,0,1
2084,0.306779856036883,1.85245495198046,2,0,1.00761955544292,0,1
2085,0.180548122169329,0.36922726769428,2,1,0.574909725525324,1,1
2086,0.380371375354023,0.585921465254742,1,1,0.41574587431233,1,1
2087,0.53356031651777,1.52033337625682,1,0,1.66181546978333,0,1
2088,0.591286792160764,2.55061909440773,1,0,0.593128847511949,0,1
2089,0.593637778921227,0.863233842595022,1,1,0.921184367414681,1,1
2090,0.0456119686714374,0.061379752931828,2,0,2.7666624839617,0,1
2091,0.33498832519399,1.03364847751783,1,1,0.384095961403474,1,1
2092,0.212372369715013,2.56511449006348,2,0,0.450446196061421,0,1
2093,0.191086216073018,0.267400771101243,1,0,0.0737551963249285,0,1
2094,0.0363326285051198,0.0968699414830687,1,0,-0.308526322287856,0,0
2095,0.0993948744747501,1.0954954565349,1,0,0.628048499852881,0,1
2096,0.30956263828557,0.984919369220734,0,0,0.562468789333243,0,1
2097,0.269173414271791,0.288684043728871,2,0,0.29501319032519,0,1
2098,0.923687692213446,1.62425532072029,0,1,0.00791316929069431,1,1
2099,0.176697967574,3.2517856963414,1,1,-0.733893176049752,1,0
2100,1.06160806021059,2.22830561222113,1,0,0.81389647547747,0,1
2101,0.488615751266479,1.56634274249276,0,0,-0.0146301577340583,0,0
2102,0.222067992259771,0.790182897657975,1,0,0.988037458711533,0,1
2103,0.717483256568022,0.932717355389979,1,1,0.432870354534694,1,1
2104,0.264896724838763,1.40332496977681,2,0,0.059128127325554,0,1
2105,0.416782200045418,0.909479792571402,1,0,0.255196234414097,0,1
2106,0.298463566286955,1.1359389015809,2,0,1.27474593890223,0,1
2107,0.0733617801747592,0.541818421500142,1,0,-0.200196493130901,0,0
2108,0.0458130701186902,2.65667929934959,0,0,-0.394928903500394,0,0
2109,0.277724743937142,1.84833791805172,1,1,1.12140259455211,1,1
2110,0.494595895262256,1.79847044817148,2,0,0.567582740988532,0,1
2111,0.372355974686798,1.04198309683432,2,0,0.378595617486624,0,1
2112,0.132251547765918,1.36087883211954,2,1,0.699473581931065,1,1
2113,0.510647721795186,2.22426918291905,2,1,0.62337923290216,1,1
2114,0.274888040280346,1.1535100823853,1,1,-0.371458457892029,1,0
2115,0.0145633933883714,1.27669978002776,1,0,0.797558775314105,0,1
2116,0.561664821203126,1.68963227110604,0,1,0.473080486451258,1,1
2117,0.034592947525121,0.252203761289517,0,1,-0.782944582730096,1,0
2118,0.449934969656169,1.08318514563949,1,1,-0.448027763174426,1,0
2119,1.17892380710691,1.91172441501338,1,0,-0.591081788837305,0,0
2120,0.265508141601458,6,0,0,0.846166922479562,0,1
2121,1.31975164078176,3.37139483802427,2,0,-0.3780462105431,0,0
2122,0.0382324540987611,0.135631276167302,2,0,-0.947358313124455,0,0
2123,0.779358372092247,1.0227022801551,0,0,-0.608414326760558,0,0
2124,0.542276169845656,1.96703745334478,1,0,0.839361074937759,0,1
2125,1.85117214350941,1.85701277888928,2,0,-0.0310408781218593,0,0
2126,0.00489447716589211,0.845437605956842,1,0,-0.0265256273360478,0,0
2127,0.100496193394065,0.510361470799208,1,1,-0.484134267517793,1,0
2128,0.0260842173601393,0.37521265521524,1,0,1.14551558891768,0,1
2129,0.785850053396834,2.52571667010837,2,0,0.89247477075378,0,1
2130,0.150031815574039,0.575115541997642,1,1,0.13429558528804,1,1
2131,0.175443300526666,1.83027724443052,2,0,0.610673624093159,0,1
2132,0.676481712913134,2.90300014655653,1,1,0.176167606241787,1,1
2133,1.28810678329319,2.45151426198206,1,1,-1.23598949621151,1,0
2134,1.28389850835653,1.62852983511479,1,0,0.853214480011189,0,1
2135,0.14556977945648,0.834626842819418,2,0,0.347435811811292,0,1
2136,0.764496477760196,2.22902855150392,1,1,2.05290773535329,1,1
2137,0.0827774275094271,1.44673660371936,0,0,-0.0175021996087991,0,0
2138,0.00506171985762194,0.664278998635647,1,1,0.440258159712326,1,1
2139,0.381620814732742,0.925473297635714,0,0,1.09789978788893,0,1
2140,1.48403206459227,2.79858308578526,1,1,-0.848120533694821,1,0
2141,0.146201780007686,1.40432871109686,2,0,2.0782420816349,0,1
2142,0.341891980206128,0.383764674698947,2,0,1.4647420967868,0,1
2143,0.0568181398420797,0.668821045665862,2,0,0.444501103382561,0,1
2144,0.516475951854892,2.33269504429179,2,0,0.532401187322482,0,1
2145,0.389643571919704,1.32779868630071,0,0,-0.435154974418519,0,0
2146,1.8710067722328,2.2206320269246,2,1,-0.302581903122551,1,0
2147,0.51024266024144,0.679841620643372,1,1,-1.06059262263506,1,0
2148,0.761976074401111,1.41934719868004,0,1,0.0772931360490414,1,1
2149,0.542889273064208,2.03911914639619,1,0,1.37899244185724,0,1
2150,0.24316001274435,1.2026268155625,0,0,-1.1612766882228,0,0
2151,0.0782850738614798,0.744189478474375,1,0,-0.108235140466967,0,0
2152,0.784571373835206,0.99251579425427,2,1,-0.238108768626355,1,0
2153,1.05271553266199,1.13776378341391,2,0,1.87998179076257,0,1
2154,1.03925970610568,5.07045584549244,2,0,0.324551876381877,0,1
2155,0.748461260460317,2.56366726073444,2,1,-0.884859047282448,1,0
2156,0.304266013081344,0.340862121485428,2,0,-0.557351715087891,0,0
2157,0.295718390552793,0.415824466280674,1,1,0.893104021847539,1,1
2158,0.343647076515481,0.361360058220768,2,1,1.18081892726468,1,1
2159,0.314901082077194,0.521756395076712,0,0,-0.230701605365846,0,0
2160,0.36443809629418,1.21397561074848,2,1,0.540535655404228,1,1
2161,0.49273417968937,1.47402694458356,1,0,0.975786197556945,0,1
2162,0.317741052713245,1.1526915703687,2,1,0.78052805489671,1,1
2163,0.0444485174393523,0.797049503307452,2,0,-1.24631129242204,0,0
2164,0.6244021665508,4.05579185548018,2,0,0.832590061125073,0,1
2165,0.33991936314851,1.23581239062057,1,0,-0.340370809226043,0,0
2166,0.521572996274798,1.18836416900601,2,1,0.224071690351739,1,1
2167,1.0571374418214,1.36794914897867,0,0,-1.48107490989322,0,0
2168,0.72861290767026,0.960989763762231,2,0,1.0482648319739,0,1
2169,0.326260396104772,0.94902828845206,1,1,0.0338088393873206,1,1
2170,0.64305043602065,3.28796415900191,0,0,0.32165363480945,0,1
2171,0.384948340069968,0.828624744928923,2,1,0.295556714046082,1,1
2172,0.15725729094009,0.166622040771033,1,1,-1.35594866391031,1,0
2173,0.301938423945103,3.31535060118489,2,0,0.296642946318963,0,1
2174,1.08677476644516,2.50321246237908,2,0,-0.035384768889273,0,0
2175,0.364363460685126,1.13206959329545,0,1,0.933169050173625,1,1
2176,0.3259482854628,0.549748788445007,1,1,0.0436790880217315,1,1
2177,0.0290909921901216,0.0960155047952489,2,0,0.900797804986704,0,1
2178,1.25410796143115,2.79342542092005,0,1,-1.17732047651393,1,0
2179,1.38575282692909,1.80304933446243,1,1,-0.647346932491487,1,0
2180,3.70850508643274,4.02046462619287,2,0,-0.354627675871745,0,0
2181,0.57360481584613,1.23760363183368,0,0,1.20364703045914,0,1
2182,0.304346311313566,0.51363058325645,2,1,0.773352708082379,1,1
2183,0.0542475441074963,0.125129029893767,1,1,0.439136184205168,1,1
2184,0.627118801322587,2.43222157198803,1,0,0.897227282791911,0,1
2185,0.46577989645005,0.532008745672986,2,0,1.63148958845649,0,1
2186,0.0506926570087671,0.356530973663359,1,0,-1.17999595575479,0,0
2187,0.316093550994992,0.849560732849131,1,1,-1.05130030463526,1,0
2188,1.33001740276814,2.01816599960054,2,0,-0.459152868231406,0,0
2189,1.06029179989697,2.16923279587426,2,1,0.173750035909355,1,1
2190,2.19853471956196,2.82554916188853,1,1,-0.210710703723093,1,0
2191,0.0446831958834082,0.211133983669976,2,0,0.15597552470408,0,1
2192,0.441865749863729,1.01574043731904,2,1,0.534035667489894,1,1
2193,0.56228132545948,2.39856077399352,2,0,-0.917423374384238,0,0
2194,0.419278916961048,0.555857524071808,1,0,1.66508979222175,0,1
2195,0.540902970255057,1.68688192516088,1,1,-0.08900276090392,1,0
2196,2.37686256683412,4.27616449723925,2,0,-0.409547174396062,0,0
2197,0.415819881483912,0.764477875026533,1,0,-0.0842054346596034,0,0
2198,0.046134427189827,0.153970519562795,1,1,-1.27176665140322,1,0
2199,0.13918143122743,0.768820974739578,1,0,-0.535151099834318,0,0
2200,0.117429276870098,0.561568683541799,2,1,0.836709059007402,1,1
2201,1.79131645846822,3.82502350862891,2,1,-0.629841845048535,1,0
2202,0.78965499997139,1.00211219765671,1,1,-1.1576809042342,1,0
2203,0.073532652806389,5.7484363451283,0,0,0.550972151490199,0,1
2204,0.172649646701757,0.670406049691657,2,0,0.0532898587948458,0,1
2205,0.410921396687627,1.91336392735442,0,0,-0.923563648353566,0,0
2206,0.948933827580859,3.83502710300187,0,0,0.0498199937164254,0,1
2207,0.0181120205847645,3.18812369321573,1,0,1.91587429324032,0,1
2208,0.27091769360072,0.463745354222415,2,1,1.5077635775948,1,1
2209,0.1599998070742,0.593253311167535,2,1,0.700831186742711,1,1
2210,0.0788778951391578,0.131871759270628,0,1,1.80047887691391,1,1
2211,0.221850842644926,0.263541524377958,2,1,0.962953741114225,1,1
2212,0.185041748918593,1.24815545665721,0,1,-0.181115012197219,1,0
2213,0.145146792754531,0.467573690649134,1,0,-0.291430758776506,0,0
2214,0.285215532273455,0.392052036697503,1,0,-1.04850240925058,0,0
2215,1.37979354382079,2.27743770837896,1,1,1.23896931046368,1,1
2216,0.392822701251134,0.443021087613858,2,0,1.01586537036606,0,1
2217,0.0565041007939726,1.10775232986494,1,0,0.121033916955473,0,1
2218,0.0579130710684694,1.45846016470644,1,1,0.221923120432296,1,1
2219,1.84797601952198,2.21806089297177,1,0,-0.842251049143737,0,0
2220,0.47275509552194,0.601775539007685,0,1,0.0676404249028929,1,1
2221,0.0529297727636726,0.119724294988463,2,0,-0.143408197634021,0,0
2222,0.0369313141886073,1.5611964456402,1,0,0.142157501177566,0,1
2223,0.0895054085412994,3.85837185313579,2,0,0.65553172149585,0,1
2224,0.183049325423781,2.76011002134373,1,1,0.144279605264288,1,1
2225,0.062572118834523,0.424286737879343,1,1,0.600687325401368,1,1
2226,0.08483532583341,0.264197333365414,2,1,0.430662344841743,1,1
2227,1.105109993098,1.16778685905847,1,1,-2.29319253211827,1,0
2228,0.881281261046991,1.41858542455604,2,0,1.561389010628,0,1
2229,1.20663430713116,1.71902061532689,2,0,0.357753346206097,0,1
2230,0.508386120696528,1.02713673427742,2,1,-0.591381759019059,1,0
2231,0.574555357426226,0.639679816886237,2,1,1.79511621594429,1,1
2232,0.204950508661568,0.719298835390392,2,0,-0.339573094898702,0,0
2233,0.406224115701379,3.10735960221307,1,1,-0.325014063350692,1,0
2234,0.113752471785808,1.32297034293551,2,0,3.11034788351427,0,1
2235,0.745816281065345,1.85705491072403,1,1,-0.90614872976581,1,0
2236,0.191052660520654,2.09134074042161,1,1,1.24668577007776,1,1
2237,0.191145122051239,0.496863942027672,2,0,-0.26353585654161,0,0
2238,0.0564499680606459,1.37662880276761,2,0,0.94906797878893,0,1
2239,0.405736173489336,0.765051953702444,2,1,1.45590391043926,1,1
2240,0.172668182640336,0.475697076569001,0,0,0.188952727585125,0,1
2241,0.4815223329222,1.54031755862909,2,0,2.26578757134769,0,1
2242,0.0224839324522705,0.0512258709608385,2,0,1.51228047316112,0,1
2243,1.04735459777863,1.61536670783159,2,0,1.85310234170869,0,1
2244,0.175112788852039,0.785275589042473,2,0,-0.551062903636195,0,0
2245,0.942696728889789,1.19091017991725,2,0,0.698076107950653,0,1
2246,1.03855062038043,1.67680708070596,0,1,0.802158225416225,1,1
2247,1.67534665382447,2.15984667651355,0,0,-0.0783801299050871,0,0
2248,0.267012739786878,0.312940096844473,1,1,0.116670294015929,1,1
2249,0.435317548664108,1.16565706480393,2,1,0.702199240250365,1,1
2250,0.869203948589221,1.66678372999834,1,1,0.662051586528195,1,1
2251,0.138892463408411,3.02912233220565,2,0,-1.01128817805413,0,0
2252,0.003651657470625,0.333327531038272,1,1,0.0320089056416378,1,1
2253,0.31428267227248,3.21871935283052,1,0,-0.0195799573441441,0,0
2254,0.68496105261147,1.41391426635285,0,0,-1.24656361498484,0,0
2255,1.59834566634654,5.4498053877013,2,0,0.287977753701774,0,1
2256,0.119494230092908,1.82006081981179,1,0,-0.416697579983578,0,0
2257,0.294489278749097,1.3116291152262,2,1,1.30922726948553,1,1
2258,0.149003966092615,0.322942872072192,0,1,-0.414095601141131,1,0
2259,0.0292670118506067,0.628386728651269,0,0,0.355428024609273,0,1
2260,0.34903458727058,3.78411121175755,2,0,0.724024135320323,0,1
2261,0.177427586459089,0.399321322567216,2,0,0.372999521962088,0,1
2262,1.34200864005834,2.22963246657351,2,0,-0.279663579892448,0,0
2263,0.314237650769558,0.705614578956133,2,1,-0.118194397460194,1,0
2264,0.221658565803112,0.482511229925364,0,1,0.622206737236555,1,1
2265,1.18644351828864,1.66322549308228,2,1,0.789057765950949,1,1
2266,1.43518206575477,6,0,0,-0.647374567321491,0,0
2267,0.402031128760427,0.625083725845022,2,1,0.630504177152524,1,1
2268,0.300703812099528,0.44514614112322,0,1,1.05507275276177,1,1
2269,0.0165895975309008,0.551002133965569,1,0,-1.3354590567422,0,0
2270,0.766752143390477,1.43145448144045,1,0,-0.252685647567466,0,0
2271,0.177687399554998,0.198139258285813,1,1,1.34499342078663,1,1
2272,0.503011747333886,1.55574661390399,1,0,2.10787146116924,0,1
2273,0.145730386138894,1.76633824553948,1,1,0.0327611850508598,1,1
2274,0.529259173250277,0.749113777031501,0,1,0.0725138532379052,1,1
2275,0.102034431717457,1.15823165126422,1,0,0.767223829240729,0,1
2276,0.103196915239096,0.726115067179004,0,1,-0.840986108222457,1,0
2277,0.0818766495212913,0.692195552965203,1,0,-0.149214958891513,0,0
2278,0.0878605984835366,0.165452992300122,1,1,0.130937298871541,1,1
2279,0.432161548174918,2.54632477958997,0,0,-0.248059515933211,0,0
2280,0.166781541192904,0.180790269126495,0,1,0.765444985027783,1,1
2281,0.157048659457359,1.71067745885322,2,1,0.290133977040726,1,1
2282,0.886162866320104,1.07199423769592,1,1,0.352783477345403,1,1
2283,0.552110214959535,0.895000004158711,2,0,0.324718536283311,0,1
2284,0.0435497518628836,0.229384326978396,1,1,-0.0850166046664315,1,0
2285,0.124580299742512,0.958288203195382,2,1,0.114021100922857,1,1
2286,0.186168753839374,0.250995316396048,1,1,0.85110570985209,1,1
2287,0.552455467763863,1.12975860953748,0,1,-0.111034697583366,1,0
2288,0.176482941561733,6,0,0,0.783479760512233,0,1
2289,0.203620873799082,1.31319601364858,1,1,0.241804299838054,1,1
2290,0.20980598950258,0.525822633256515,0,0,0.328370961937814,0,1
2291,0.818087399794541,1.18441212919779,2,1,1.23096665633792,1,1
2292,0.548092625441228,3.29014487947258,1,1,0.299185738142076,1,1
2293,0.303380592376925,2.01413800869814,1,0,1.17435803812729,0,1
2294,0.378726080525666,0.906186411616755,1,0,0.663309301828604,0,1
2295,1.38914341300137,1.82811977184725,1,1,-0.0653378121027442,1,0
2296,0.148037394744729,3.41769372907335,1,1,1.13184369376819,1,1
2297,0.438938890557557,1.07280492427856,2,0,1.09408869250013,0,1
2298,0.533834855860852,0.690331997769864,0,1,1.97751089557023,1,1
2299,0.517521511620663,0.758952562265469,2,0,0.384241350992615,0,1
2300,0.0183367695200682,2.31659344785849,2,0,0.22472348962945,0,1
2301,3.26251373409016,5.41038578311548,0,0,-0.535817742755074,0,0
2302,0.585993809725776,1.40728183090687,0,1,-0.0106315041624303,1,0
2303,0.626418924631372,2.08325972303532,2,0,0.71679600953526,0,1
2304,0.0130925798521179,1.697110396365,1,1,0.473261868352398,1,1
2305,0.307908929884434,6,0,0,-0.368454411346086,0,0
2306,0.289464745728765,0.608733503621167,1,1,2.19050940733867,1,1
2307,0.319809826032724,0.69133246341691,1,1,0.921677203106467,1,1
2308,0.648976653245518,1.29097414072632,2,1,0.283141446703884,1,1
2309,1.2242462648485,1.99431461953469,2,0,0.811684325686432,0,1
2310,2.51458722717109,2.72316823588953,1,1,-0.35216421565311,1,0
2311,0.0216950342757646,1.18126154388075,2,1,0.858926416335398,1,1
2312,0.649302529028438,0.698948674273941,2,0,0.53379226325091,0,1
2313,0.476136555636123,1.83593030171422,1,0,1.28223286513361,0,1
2314,0.115679322852106,0.128214705861538,1,0,0.539856612403391,0,1
2315,0.691759999000289,0.715578060781912,2,0,1.88190455808778,0,1
2316,0.405519900843501,0.99450559262503,2,0,-0.35237005816272,0,0
2317,0.120255836285651,0.227614860567272,1,1,-0.591435484843929,1,0
2318,0.597265663556755,0.937774203271303,1,0,-2.17805486376679,0,0
2319,0.395559580867141,1.38253557418316,1,1,-0.531359430711954,1,0
2320,0.143998722356921,0.406947219744325,0,0,-1.03784487851813,0,0
2321,0.190851974766701,0.476415996169141,1,0,0.437010815743714,0,1
2322,0.0740797550764365,0.867438156217545,1,1,-0.390673530720098,1,0
2323,0.398494707769714,0.852216921081013,2,0,0.283404435798438,0,1
2324,0.308224338106811,1.19997618039368,2,0,-0.309549071385941,0,0
2325,1.05636593065561,1.58691881604119,1,0,0.750995872022658,0,1
2326,1.03286653198302,1.96685990256223,1,0,-0.132498143120582,0,0
2327,0.532051355086088,0.557604838165756,2,1,0.952608945612214,1,1
2328,0.351088964380324,0.720098800427198,0,1,-0.429097198615265,1,0
2329,0.0697109478642233,0.414212822023004,1,1,0.3387256818631,1,1
2330,0.11733086661223,1.21263543800639,2,0,0.0342260902758124,0,1
2331,2.0678048733527,4.34617090659837,0,1,-0.235916825935645,1,0
2332,0.152532741485629,2.80664809964157,2,0,0.164249015970582,0,1
2333,0.216244327602908,0.33477630399582,1,1,0.7624652478554,1,1
2334,0.311935089586242,1.70375137610492,2,1,1.92432707188097,1,1
2335,0.209817659109831,0.261341224744907,0,0,-0.40114091541634,0,0
2336,0.327881399425678,1.71828268527017,1,1,1.61039628996802,1,1
2337,0.089142524141927,3.24627586462363,2,1,-0.354369132020607,1,0
2338,0.151323986239731,2.3750292416662,0,0,-1.20490999269732,0,0
2339,0.197486187098548,0.622138650847315,2,1,2.51685358779863,1,1
2340,0.233713483612519,0.375154907047552,2,1,0.582249336285779,1,1
2341,0.320275600999594,0.922333283889794,2,1,-0.550708531753042,1,0
2342,1.18903878488915,2.72507157172788,1,1,0.877947599998135,1,1
2343,0.1261631823942,0.823837566636772,1,0,-0.111655609983284,0,0
2344,0.555912776009001,0.919856190616465,2,0,1.63076028291469,0,1
2345,2.19115903937168,2.22650689843394,1,1,0.649908874527238,1,1
2346,1.56826588130536,3.69259134877983,2,1,-0.99158615160567,1,0
2347,1.53624543097375,3.5318679626408,2,0,0.444998486079042,0,1
2348,0.000699023657944053,1.22910651690052,2,1,0.401155884853958,1,1
2349,2.09056351969517,2.9481951420077,2,0,-0.0393518539197823,0,0
2350,0.0712539333644319,3.54822824324008,2,1,1.36572644921269,1,1
2351,0.286459471099079,2.98055573088968,0,0,-1.23688236490754,0,0
2352,0.23919562692754,1.20138463467366,1,0,0.386013822208258,0,1
2353,0.0555004115449265,0.565537432833354,1,1,1.66173190778915,1,1
2354,0.0970447827130556,1.0097074881196,0,1,-0.170503885074959,1,0
2355,0.131177502626088,1.22089349454726,1,1,0.862484220383349,1,1
2356,0.164438361825887,0.620497723064684,2,1,0.561515758027578,1,1
2357,0.059791526873596,0.189997243680658,1,0,0.711982389352353,0,1
2358,0.461457569323598,0.551193555269079,1,1,0.401553849531423,1,1
2359,0.0587071242625825,0.650324341868677,1,1,2.032534924447,1,1
2360,0.331583172664978,1.06485752574128,2,1,0.922514444816605,1,1
2361,0.618060303851962,2.02825299360613,0,0,-0.133842488838297,0,0
2362,1.02525431333005,2.07875748371794,1,0,-0.441131954930315,0,0
2363,0.81545819060114,1.40216598467361,2,1,0.740026147261878,1,1
2364,0.0308847505202845,0.182853794483176,2,1,0.065037654370149,1,1
2365,0.370777305374932,1.22849229515159,1,1,-0.9432070233802,1,0
2366,0.367169322562404,0.890439892816811,1,1,0.262098918861286,1,1
2367,0.107863662737971,0.261741265223565,2,1,0.342925394725555,1,1
2368,0.254384467552882,2.17707177411388,2,0,1.1597643131708,0,1
2369,0.317825992111854,0.436157237129766,1,1,-1.07460345379349,1,0
2370,0.754874359816313,3.17485083094732,2,0,-1.1670594720916,0,0
2371,0.97003267519176,6,0,0,-0.677930034937244,0,0
2372,0.399433236743789,1.43253561080435,2,0,1.06759894165267,0,1
2373,0.303526741627138,2.43305004064203,1,0,0.421194052301713,0,1
2374,0.173273989348672,1.68537160225608,1,1,0.281265167541012,1,1
2375,0.71103708524891,1.98512834636182,1,0,0.261154268286527,0,1
2376,0.032453297443662,0.41106294482172,1,1,1.56639003592381,1,1
2377,0.0660560308024287,0.673754137117916,1,1,-1.83479042034385,1,0
2378,1.46951223133637,1.47115433258292,1,0,1.5009671601894,0,1
2379,0.348947843540219,3.23150121405546,2,0,-0.0469778836986652,0,0
2380,0.518329940736294,1.18266820652544,1,0,-1.18364569646632,0,0
2381,0.126566795806866,0.406625858830719,2,1,2.05077961122496,1,1
2382,0.141991392598487,0.274171911956185,0,1,0.391910698557061,1,1
2383,1.13647459768096,5.86502175861949,0,0,1.15243717599493,0,1
2384,0.0364183243364096,1.56479182653129,0,1,-1.19530776946711,1,0
2385,0.16920520644635,2.47692437104881,2,0,-1.08207778899253,0,0
2386,0.96883367276156,4.59067537759741,0,1,0.0520820694647794,1,1
2387,1.18485796907783,3.10447599125536,1,1,-0.0420216408626349,1,0
2388,0.181572353467345,1.42089359119188,2,0,-0.559687125984566,0,0
2389,0.122158985177521,2.43707847649061,2,0,1.11315529548729,0,1
2390,0.00929435180416766,1.25090615142249,1,0,0.995224006879968,0,1
2391,0.672580566580229,0.714743627171909,1,0,0.665670061084901,0,1
2392,0.255019305623616,1.54870297197717,1,0,0.190783111176506,0,1
2393,1.16124704200774,2.06453350838575,1,0,-0.595920262654851,0,0
2394,0.0201021351272396,2.09475788712736,2,0,0.998450633331107,0,1
2395,0.57050550048681,0.808869159871307,1,0,1.53737833751831,0,1
2396,0.0545743621631063,0.477814676324789,0,0,1.10483188320968,0,1
2397,0.594287320308939,2.45544062552807,2,0,-0.475989503572876,0,0
2398,0.401068825158291,1.34831942233028,1,1,0.581823844894223,1,1
2399,0.293429054145236,0.509834277780625,2,0,0.13029072036563,0,1
2400,0.154702192105398,1.02376624004384,1,1,0.175596228192306,1,1
2401,0.0905117020010948,0.320124546941401,1,1,-0.184803302655522,1,0
2402,0.328600944951177,1.96407147404962,1,1,-0.42890328292091,1,0
2403,0.115613413508981,0.561422224291118,1,0,1.07775173613613,0,1
2404,0.225173508224543,1.27072936547423,2,0,1.560192643634,0,1
2405,0.209636929503176,0.934101610410011,1,0,0.358270005979422,0,1
2406,1.0995510192588,5.45646296933568,0,0,-1.63081917049046,0,0
2407,0.447568293660879,1.14561226095602,1,1,-1.38064137145866,1,0
2408,0.0346358326014432,0.4316052764814,2,1,1.30215344106316,1,1
2409,0.631530148067333,2.40357319713943,1,1,0.299664574452287,1,1
2410,0.215771189962971,3.86318410408043,1,1,0.417291544403222,1,1
2411,0.448543096670077,1.05243239999345,1,0,0.13754092119377,0,1
2412,0.201330667531027,0.451296514105488,2,1,0.767931787008745,1,1
2413,0.0897118737339042,2.17726728924722,2,0,0.171329905323453,0,1
2414,0.229750383645296,0.261587673953205,1,0,-1.70900600771142,0,0
2415,0.0258183258724674,0.781040550375726,2,0,-1.02975530845673,0,0
2416,0.13210320379585,1.28305322714097,1,1,-0.865000350347348,1,0
2417,0.195379417469927,0.669239763501874,2,0,1.59262557789146,0,1
2418,0.329327564459977,1.68771580731891,1,1,0.157218711059101,1,1
2419,1.70675587058181,2.03548052360154,1,0,-1.16454515448511,0,0
2420,0.930626104766146,1.36029963518319,1,1,1.54603548775961,1,1
2421,0.108559007321406,0.568502101041285,2,1,0.928293264589074,1,1
2422,0.226595055189664,1.6826296990213,1,0,0.324603236821471,0,1
2423,0.407505415496416,1.85233799752459,1,1,0.464135632427468,1,1
2424,0.960762677661717,2.7778246848705,1,0,0.434164922458358,0,1
2425,0.320240296714474,0.892342708611591,1,0,0.0157251407024237,0,1
2426,0.208945367776323,1.15045429674563,1,1,0.287213689742907,1,1
2427,0.450907855173942,1.55791404514182,2,1,1.16878447475814,1,1
2428,0.0416289479471743,0.894375923885253,1,0,0.856353804298495,0,1
2429,0.394975390518084,3.88608646796262,2,0,0.721266210163137,0,1
2430,0.103581526200287,0.114432899281383,0,0,0.420680022751303,0,1
2431,0.553922554153179,1.62097694816482,2,0,0.0559072121852583,0,1
2432,0.0748898345045745,0.197189399663505,1,1,0.239662632644032,1,1
2433,0.785145882517099,2.87595202525457,0,0,-1.53613738039761,0,0
2434,0.145515096889002,2.0760120798612,2,0,-0.505590710937669,0,0
2435,3.31696416048293,4.34438983788641,1,1,-0.0953425188085426,1,0
2436,0.142000210471451,0.29838326666069,1,1,1.56303435521071,1,1
2437,0.179251581403454,3.67082246504161,2,0,0.901390623988486,0,1
2438,0.103788296763363,0.205071207405092,1,0,0.197405466068963,0,1
2439,0.229224455542862,0.400584541882078,0,0,1.75983591817956,0,1
2440,1.84942954365547,2.60988716472247,1,0,-0.261219766323772,0,0
2441,0.423454111150932,1.50505750574803,1,1,0.365400704015549,1,1
2442,0.0333986664190888,0.0912564969803143,1,0,-2.25174061365963,0,0
2443,0.327591257696116,1.46835946481526,2,0,1.15042920536631,0,1
2444,1.25905699748546,1.3776976275665,1,1,-0.393252373178994,1,0
2445,0.0399305200196828,1.908820264265,1,0,-0.338210119886642,0,0
2446,0.177694905119394,0.995844730162643,2,0,0.157150396098489,0,1
2447,0.222262434334393,3.30097104096631,2,0,0.512406570697785,0,1
2448,0.211605899500292,1.09207336480419,0,0,-0.83444161695431,0,0
2449,0.328177976251689,2.13218862017633,2,0,1.29174143241345,0,1
2450,0.138440889391823,0.759908271930115,1,1,0.118932283488574,1,1
2451,0.320562019944191,0.585827782838477,1,0,-0.41926227089868,0,0
2452,0.847491662690237,1.52299052947481,1,0,1.31537894038761,0,1
2453,0.00731774518499151,0.226026351253192,0,1,0.253215285541336,1,1
2454,0.349532845430076,1.16965576203424,2,1,-0.138963294636532,1,0
2455,0.123369213781225,0.339190740115306,0,1,-0.689145540664227,1,0
2456,0.122830005420838,1.7646089813678,0,1,1.12413316421076,1,1
2457,1.11153186205775,6,0,0,-0.406604319276176,0,0
2458,0.934298892505467,3.80965498773399,1,0,-0.349813315066141,0,0
2459,0.0313421682221815,0.952908036609491,0,1,0.620878334884407,1,1
2460,0.282968985474618,1.35223583939175,0,1,0.445914859865431,1,1
2461,0.442674827307134,1.75593856434517,1,0,0.34177987718586,0,1
2462,0.048839942610357,0.193152479851378,2,1,1.56192984244545,1,1
2463,0.100898130652741,3.26298478983853,2,1,-1.07562841776931,1,0
2464,0.139124556735624,0.493822040000369,1,1,0.161824465028154,1,1
2465,0.186894055721621,4.60602236077233,2,0,-0.0444159577202703,0,0
2466,0.461134533371598,1.16018958687714,2,0,0.711236282878952,0,1
2467,0.220833233324811,0.587217304218654,2,0,0.806282731034744,0,1
2468,0.237912422744557,0.588326951825938,2,0,1.87229006306976,0,1
2469,0.562740148191929,4.26961783353154,1,1,0.405344165063382,1,1
2470,3.34610366059427,4.31681792797262,2,0,-1.28445866422084,0,0
2471,0.467401461801326,0.696589931929619,2,1,0.244612140925473,1,1
2472,0.545913268375365,0.578745032670882,2,1,1.11249535136691,1,1
2473,0.139989939183249,1.94976392562403,2,0,0.712311782116075,0,1
2474,0.101240784279071,0.256991955419792,2,1,1.88579338440576,1,1
2475,0.176549626923411,0.516774931843803,1,0,-0.168272074077024,0,0
2476,0.190955617872532,0.205176513384637,2,1,1.12483964357949,1,1
2477,0.080463895874098,0.807024042863979,2,1,0.598462463476783,1,1
2478,0.959330192767084,1.22826519182596,1,0,-0.205235665881036,0,0
2479,1.02792389452794,2.26992366214593,0,0,0.106500321788224,0,1
2480,0.151188256568275,0.15253974745671,0,0,0.120559537827951,0,1
2481,0.0277256087364954,0.0451681044163032,2,1,0.434716741775027,1,1
2482,0.949087873101234,3.58934444685777,0,0,-0.14784164750889,0,0
2483,0.239566320960876,1.07662244731866,1,0,0.393011525547538,0,1
2484,0.226736433978658,0.388118365118658,1,0,0.112425895341682,0,1
2485,0.207908640732057,0.475119549510643,1,1,0.451371832282245,1,1
2486,0.204033241025172,0.395676988413381,1,1,0.335493114979484,1,1
2487,0.0265395816083643,0.413053401432141,1,1,1.20683058340731,1,1
2488,1.05242907907814,1.06594362204678,2,1,-0.439786044879254,1,0
2489,0.0829692035463358,1.81440987616017,2,0,0.322760600741907,0,1
2490,0.411042337364051,0.99304340202003,1,0,0.153070943577596,0,1
2491,0.816115522757173,2.48154869700979,1,1,-0.397063103074356,1,0
2492,0.0414470744566996,0.64325005436937,0,1,1.42853645596421,1,1
2493,0.00106212188978983,0.109196381269314,2,0,1.32531044944622,0,1
2494,0.115798676386476,0.344572137685092,1,1,-0.689333068576551,1,0
2495,0.667915054337874,1.12845221713097,1,0,0.751809155268261,0,1
2496,0.34094448324761,1.83496080028514,0,1,1.83956582764833,1,1
2497,0.665344427182534,0.73708113084896,1,0,0.509087237576277,0,1
2498,1.12147335056216,5.22350608258437,2,1,-0.939423061265376,1,0
2499,0.42330561846029,3.77592456656153,1,1,1.09364349593131,1,1
2500,0.71318474845498,3.13157506625715,2,0,1.20464565104812,0,1
2501,0.544812270646736,0.830798971172886,1,0,0.0657661445144362,0,1
2502,0.12179520650534,0.183515905777352,1,0,1.13424900231556,0,1
2503,0.445145831094174,0.819063457545669,2,1,1.85765260939273,1,1
2504,0.319571114782464,2.36070259846438,1,0,0.0623500560259805,0,1
2505,0.0987221609559682,0.299611168153505,1,1,-0.547945915731381,1,0
2506,0.254623515065759,0.427752814031045,0,0,0.327066776294229,0,1
2507,0.299071061308496,0.413237065167522,1,1,0.219661250242419,1,1
2508,0.612973011421792,0.79525555046199,2,0,0.755436497360706,0,1
2509,0.499038456027224,0.942175195653487,1,0,0.491058872766226,0,1
2510,0.750862311571836,1.18642651762851,0,1,-1.13664300239654,1,0
2511,0.422772924415767,6,0,0,-0.456862595279299,0,0
2512,3.14205639552689,3.9686585634456,1,0,-0.389162113196721,0,0
2513,0.105847999220714,1.7689964546307,2,1,0.330025634631172,1,1
2514,0.345503028492417,3.8587523476244,2,0,-0.256723518869685,0,0
2515,0.203694343518766,0.460930461256114,1,1,-0.139502099825259,1,0
2516,0.00309603848312158,0.72951246984303,0,1,-0.502335666340815,1,0
2517,0.408412039279938,0.580311909878653,1,1,-0.00467923862483514,1,0
2518,0.739148077528745,1.6333294240889,1,1,1.778768565493,1,1
2519,1.87980706715509,2.44773850663706,2,1,0.241502415542143,1,1
2520,0.00235224343045869,0.168544839446304,2,0,1.31565761337155,0,1
2521,0.210166339917899,0.773034821072174,1,1,1.82040359637329,1,1
2522,1.03867369931528,1.31760141501824,0,0,1.90967417221376,0,1
2523,0.123028852523134,0.347060285774588,1,0,-1.46595242788157,0,0
2524,0.425583268031212,1.85378372208006,2,0,-0.441631310086093,0,0
2525,0.17821879388066,0.431663808861728,1,0,1.93544100793802,0,1
2526,0.176909442991018,0.197455247192088,1,1,-0.225944988827124,1,0
2527,0.784801084056318,1.54196198954444,1,1,0.473399391670479,1,1
2528,0.427690889046062,0.654666683614694,2,0,1.17775182311414,0,1
2529,0.389993666038906,0.993625727570915,1,0,-0.277757248909547,0,0
2530,0.0858266716822982,1.44524458776185,1,0,-0.470791887726191,0,0
2531,0.0569421119871549,3.3066434340525,1,0,0.562821737866545,0,1
2532,0.571440475733772,1.16405914925964,2,0,1.00706032380018,0,1
2533,0.27688361394311,1.22441612382854,2,1,0.445006018638658,1,1
2534,0.246353587135673,2.02847625502053,2,1,0.428256650166846,1,1
2535,0.00061315018683672,0.168339796593619,2,1,0.0217879861821681,1,1
2536,0.295209835458081,3.46430180444842,1,1,1.11824560534085,1,1
2537,1.04551678168924,3.5094499848788,2,0,1.78081425536572,0,1
2538,0.155388555431273,2.82345695731541,0,0,0.0935059472456356,0,1
2539,0.133055295154918,0.639212226591524,1,1,1.17012765608881,1,1
2540,0.858754345073186,1.00867060404633,1,1,1.40845329356046,1,1
2541,0.234049167193007,3.97035658049087,0,0,0.322757014662545,0,1
2542,0.237328274233732,1.12261548418907,2,1,0.208606645904192,1,1
2543,0.198385159019381,0.406215972599988,2,1,0.246569129513059,1,1
2544,0.00895001023309305,0.848956813165776,1,1,0.158814584674653,1,1
2545,0.185060989191624,0.824527191871978,2,1,0.421449634968693,1,1
2546,1.13216299194563,5.06371698695796,2,1,0.425988995448499,1,1
2547,0.357975161750801,2.5800647379857,2,1,0.192552107514467,1,1
2548,0.258145743981004,2.97379862115929,2,0,-1.85333193497605,0,0
2549,0.478899671696126,2.28892599304676,2,1,-0.514041985056175,1,0
2550,0.2799497146043,0.676543339085479,2,0,1.42835836098763,0,1
2551,0.0771414503105916,0.332215285059819,2,1,0.863953446105204,1,1
2552,0.45637627877295,0.497115067115529,1,0,-0.0553677425794355,0,0
2553,1.72547014538704,2.40033499262845,1,1,0.750892716789361,1,1
2554,0.417903609573841,0.434562375177723,1,0,-0.553757528850798,0,0
2555,0.331769795157015,0.700034374992053,0,0,-0.588248054318988,0,0
2556,0.452433677390218,0.786583811156609,1,1,-0.532732960527324,1,0
2557,0.00246782196307291,1.23605725499009,1,1,1.87579482646397,1,1
2558,0.57640792217274,1.85723973532954,1,1,0.0356733563201776,1,1
2559,1.03555857203901,1.80190433639392,1,0,-1.50335899954398,0,0
2560,0.0926526100644755,0.484669362790498,1,1,1.42235276168364,1,1
2561,0.0452378997579217,0.0614373397921807,2,0,2.08496768497842,0,1
2562,0.114299259730615,1.79603086328451,1,1,1.06364876233941,1,1
2563,0.176950119435787,1.52588378533648,1,1,-0.446060576665823,1,0
2564,0.282853608077858,0.463614081963897,0,1,0.256921185290497,1,1
2565,0.342341884970665,1.04738476696114,2,0,-0.521689028413023,0,0
2566,0.25190912943799,1.71992036148315,1,0,1.00302888771443,0,1
2567,0.0847169940243475,0.700887191509381,1,0,0.395949101548915,0,1
2568,0.176718754693866,0.465283644351877,1,1,-1.23754073947314,1,0
2569,0.785388712512151,1.69395737249488,2,1,0.0209327596545922,1,1
2570,0.0874806491622793,1.76204301727315,0,0,0.575388444561273,0,1
2571,0.534060330220319,1.04695102383993,2,1,1.2376989254616,1,1
2572,1.55776264021678,1.65059669760316,1,0,1.9307952956349,0,1
2573,0.836233416895203,1.25729178821459,1,1,0.239921056815541,1,1
2574,1.55268484136595,2.74257323364884,1,0,0.64665877123983,0,1
2575,0.645728657527054,1.50287509221474,1,0,0.334647358076114,0,1
2576,0.421352387056686,0.438059653795446,1,0,0.833888374692847,0,1
2577,0.444606938399374,0.464951085760359,1,0,-0.687281860619456,0,0
2578,0.148427307605743,0.276384937334227,1,0,-0.783282635066052,0,0
2579,0.125998560702625,0.16948185240229,0,1,-1.96457123776472,1,0
2580,0.346543783089146,0.388441881739933,2,0,0.298109766145168,0,1
2581,0.894748280372791,2.1269572204997,0,0,0.42503015087582,0,1
2582,0.339299482584465,1.74173303594022,1,0,0.0779172788425309,0,1
2583,0.506976498300229,1.92182629009314,1,1,2.33534513900475,1,1
2584,0.847618909875684,2.87557658554696,2,0,0.839708726722534,0,1
2585,0.941443208865262,1.38359306984456,1,0,0.400806833062799,0,1
2586,0.111859969187564,0.375257822033424,1,1,0.315590370496076,1,1
2587,0.159573736018501,1.25229899553466,2,1,0.109640855908511,1,1
2588,0.266506204498,1.47378245799214,2,0,1.16485127525178,0,1
2589,0.843856521882117,1.01288562179088,1,0,-0.639435513410135,0,0
2590,0.0766419554961103,0.174061207076021,1,1,0.66473692949372,1,1
2591,3.27688520757442,6,0,0,-0.22040359800399,0,0
2592,0.562189287829196,0.674049423677468,1,1,-1.40338990823405,1,0
2593,0.304945869138464,0.359934007330668,1,0,0.456313623745944,0,1
2594,0.409153445623815,1.91543304340099,1,1,-0.00641327244151774,1,0
2595,0.454875058197367,0.702424424026205,2,1,0.542601027550263,1,1
2596,0.0473767824247088,0.305493926583446,1,0,0.077301029199881,0,1
2597,0.108199744747947,1.02817252642072,2,0,0.330043305690473,0,1
2598,0.172341024503112,0.455201134706537,0,1,-0.029225301138865,1,0
2599,0.757032475058742,1.58750446462574,1,1,0.89616721228981,1,1
2600,0.151079679199029,1.36726434300333,1,1,0.232282010236915,1,1
2601,0.612186097979367,3.46490788894395,0,0,0.744458617710484,0,1
2602,0.36034796765307,0.481011255550771,2,0,0.961114495877413,0,1
2603,1.43345944068267,2.44822510815774,2,0,-0.474407891163129,0,0
2604,0.119282975792885,0.637097340798535,2,1,0.73212374228472,1,1
2605,0.398896606639028,2.16279302287677,2,0,0.0880478937895712,0,1
2606,0.305039558734279,0.757485087960958,0,0,1.33503110553627,0,1
2607,0.258534287568182,3.89629347106072,2,0,0.985723851873355,0,1
2608,0.118705598637462,2.05107074940452,2,0,-0.599668332629121,0,0
2609,0.3663543574512,1.04732314017622,1,1,-1.1558742810059,1,0
2610,0.242390948696993,0.251933549525136,1,1,0.0818491303997998,1,1
2611,0.226087293275592,1.66861724768952,1,1,1.55637067903938,1,1
2612,1.54913945301416,3.02003509054581,0,0,-0.172535080751557,0,0
2613,0.0383277149438385,0.601875079946359,1,0,-2.45860577225006,0,0
2614,0.166152178309858,0.237613632268481,2,0,-0.306648310599407,0,0
2615,0.155009291627768,0.710702668907016,1,1,1.22217168355331,1,1
2616,0.492096432484686,1.04146488805383,2,0,-0.458661427575398,0,0
2617,0.168846620072145,0.498546628083649,2,0,1.6211517069057,0,1
2618,0.178132300789002,1.16316857747734,0,0,0.203703717317098,0,1
2619,0.0263277068734169,3.15265422066053,0,1,-0.437808640740011,1,0
2620,0.0450316646862514,1.20679241645553,2,0,0.896656634723663,0,1
2621,0.839897165397935,6,0,0,0.00492973966347212,0,1
2622,0.656528596856453,0.742453690774807,2,1,1.43618323472338,1,1
2623,0.333605782429541,3.79110067805962,2,0,0.293077212644933,0,1
2624,1.2264702282846,1.97034033099874,1,1,-0.853040209791236,1,0
2625,0.11775850696722,1.29866836919347,1,1,1.45077588384031,1,1
2626,0.896089980586189,2.29932779446244,0,0,-1.52152283010626,0,0
2627,0.115568533074111,1.06198755778712,1,0,0.459684138526849,0,1
2628,0.392137926071882,0.738314075573983,1,1,-0.188390894382957,1,0
2629,0.100046200095676,1.07527513377708,2,0,1.39259222257701,0,1
2630,0.62260551608336,1.31327993146267,1,0,1.4077815424721,0,1
2631,0.988234460767001,2.0466703030227,2,1,0.414053485995318,1,1
2632,1.70876189942046,6,0,0,0.878316201527188,0,1
2633,1.39620983150362,1.39780258213097,2,0,1.18892056673735,0,1
2634,0.332650678756181,1.79192989030515,2,0,0.145527691004252,0,1
2635,0.682369400138788,0.846401757220914,2,1,0.595364097286665,1,1
2636,0.528725666200563,1.41981880934081,1,1,0.252276729694827,1,1
2637,0.396229264442809,0.58584561593899,2,0,0.550878387114468,0,1
2638,0.46758333800529,1.39215939782492,1,0,1.61800711275605,0,1
2639,0.0920005397999908,0.205419592800816,2,0,1.51581690613557,0,1
2640,0.49823104073467,1.03348999408723,1,1,0.0209594305398436,1,1
2641,0.371882640756667,0.696302635071142,1,0,-1.84394172535951,0,0
2642,0.228543618868571,0.262404439511307,2,1,0.636544214074849,1,1
2643,2.00785356006565,4.14634441830841,2,1,-0.904961108554146,1,0
2644,0.256619865540415,0.261263898164695,1,1,0.382047928107665,1,1
2645,0.229768050485291,0.301525872200727,0,0,1.78854238540452,0,1
2646,0.0631168551670417,0.329301033137331,2,0,1.42449500189694,0,1
2647,0.621803776567623,1.16439494091644,1,0,1.08799070423981,0,1
2648,0.0185936916431693,0.573420993358418,2,0,0.739687178753028,0,1
2649,0.439798676412417,0.768335912100609,2,0,2.56782754731802,0,1
2650,1.17670770030805,2.4793466365149,1,0,0.412178595063953,0,1
2651,1.65006032577696,1.65217424318493,1,1,-0.678256545721123,1,0
2652,0.509295006085259,1.78320054752632,1,0,-0.889389772491864,0,0
2653,1.05082613043487,2.66863083156447,0,0,-0.119395225738743,0,0
2654,0.106438049115241,0.529444986041599,1,1,-1.53866409874592,1,0
2655,0.229200495406985,1.81999624635926,1,1,-0.67096830272212,1,0
2656,1.00571210025215,1.52690013081524,1,1,0.980075237756836,1,1
2657,0.296044669114053,0.632121076814226,1,0,-0.284413536105142,0,0
2658,1.61187529902009,2.25388427640578,1,0,-0.247861880426166,0,0
2659,0.0488004832800136,0.849007756138841,0,1,0.299437142911548,1,1
2660,0.635306928572436,1.06844330351178,2,1,-0.563037524594268,1,0
2661,0.290150774642825,1.65442666836305,2,0,-1.11547699208012,0,0
2662,0.560326332226396,0.917194466944242,1,0,-0.0851051530761737,0,0
2663,0.954043203964829,0.968589360515277,0,1,-0.550934247725074,1,0
2664,0.391280341136735,0.49618523567915,0,0,0.616788986748377,0,1
2665,0.132852898677811,0.926910276400403,1,0,0.498688148524479,0,1
2666,0.583401295563027,1.02746875392215,2,0,0.261328032115199,0,1
2667,0.29969391650424,0.412691375691103,2,1,2.03690059185808,1,1
2668,0.815852612114333,1.02936501393912,1,0,0.41341106002545,0,1
2669,0.569128974431016,2.85347139776324,2,0,1.24895774971634,0,1
2670,0.614677566103637,3.63860120942066,1,0,-0.528481243295916,0,0
2671,0.0750589405652136,0.379523356477502,1,1,0.653766546934288,1,1
2672,1.34206011999904,2.6355915749256,2,1,0.48553613863138,1,1
2673,0.652727938257158,1.32614422340631,1,1,-0.644055328553215,1,0
2674,0.279290325997863,1.47782111420025,2,1,0.589450656526191,1,1
2675,0.277654123022935,0.328500401259862,1,1,-1.81607572230447,1,0
2676,0.343105460051447,0.496283325392419,1,0,0.189903924921793,0,1
2677,1.70508953175488,2.71928496581407,2,0,-0.177383265118342,0,0
2678,0.0702431443969856,1.14156375870268,2,1,0.280067022414929,1,1
2679,1.28449928126635,2.2770804967843,1,1,0.966730752815685,1,1
2680,0.841557763607063,1.00241167470813,0,1,0.909011888141307,1,1
2681,0.696826013736427,1.10820390386936,0,1,-1.93646759214996,1,0
2682,0.23628556082258,0.811137145365669,1,0,0.0773957177563717,0,1
2683,0.00795352086424828,2.17060102202264,1,1,-0.916413421459899,1,0
2684,0.174057420760608,0.604588345934947,0,0,0.595464002750482,0,1
2685,0.228138443490025,1.18845860854761,2,0,1.08922829118214,0,1
2686,0.0305687955516183,2.03878076602473,1,1,0.0631978835762426,1,1
2687,0.853026373311877,0.939525269662179,1,0,-1.08586287344216,0,0
2688,1.0820578513667,1.14568360660618,2,1,-1.37956640891606,1,0
2689,0.332051270816009,2.30860689651221,2,1,0.679687353284897,1,1
2690,0.09561724786181,0.761362601841701,2,1,0.823389598755121,1,1
2691,0.240820969047491,2.23965883754164,2,0,0.346149374476732,0,1
2692,0.753770321695335,1.06345621513326,1,1,-0.00144899616080937,1,0
2693,1.23499120492488,1.73231548417871,1,1,-0.71900322647714,1,0
2694,0.681823944719616,0.959888105458453,1,0,0.974494942555124,0,1
2695,1.84948470993879,1.94157676944448,1,0,-2.41013813522435,0,0
2696,0.201998932752758,0.342711893702124,1,1,0.710214925487179,1,1
2697,0.141906447708607,4.48021920087437,0,0,-0.178159020252163,0,0
2698,0.203630791977048,0.930603340299917,2,0,-0.25841869935694,0,0
2699,0.911606468368879,6,0,0,-0.406688622445118,0,0
2700,0.141162120853551,0.861726626458271,0,0,2.18022722160919,0,1
2701,1.15591995762067,2.34827417259415,0,1,1.70124734650775,1,1
2702,0.18344930926105,2.1332461695225,2,0,0.204010864239851,0,1
2703,0.0364175460963788,0.545425695543007,1,1,1.56272865800262,1,1
2704,0.731719654842101,0.979107147378407,1,1,0.199960985009054,1,1
2705,0.0611372546539729,0.911761454810258,1,1,-0.400405473560651,1,0
2706,0.151840828819523,0.166623375068108,0,0,-1.06644768036362,0,0
2707,0.371901005506516,0.944529821676371,1,0,-2.05260666177295,0,0
2708,0.175556033849716,1.18314132493196,1,0,-1.29513211035465,0,0
2709,0.0134193690610118,1.88393727368369,2,1,0.439476911871386,1,1
2710,0.136502401393171,0.353148572870405,1,1,1.39302949085398,1,1
2711,0.29995113494806,0.99497502290454,2,1,0.639891196689246,1,1
2712,0.891679736500104,1.34220103296021,1,0,0.723946775099285,0,1
2713,0.15336214157287,0.761613863219481,2,0,1.05417534946782,0,1
2714,0.0276088872890809,0.693002557747241,1,1,1.39022504363634,1,1
2715,0.16417562517296,1.57912085624687,2,1,1.83734758096122,1,1
2716,1.65977557926419,2.21452678718584,1,0,-0.0408902068312114,0,0
2717,1.08529862593265,2.29701873185686,2,1,0.236637652216137,1,1
2718,0.227916791643941,0.73185980553511,1,0,-0.269403307735983,0,0
2719,1.31608222052455,2.5005314152054,1,1,-0.415151658156352,1,0
2720,0.520165126670631,1.13710856494975,2,1,1.10967820851332,1,1
2721,0.0230361332069151,2.42862258230861,2,0,0.436893140951887,0,1
2722,0.104781349364202,2.88944627481919,2,0,0.499021924311802,0,1
2723,0.431754246237688,0.540835706544085,2,0,0.48180055064914,0,1
2724,0.740761378780007,2.90896836978694,0,0,-0.786759006166812,0,0
2725,3.62881490490343,3.94209730561837,2,0,-2.31521380496085,0,0
2726,0.808843136765063,3.93029039130658,1,0,-1.05248091414423,0,0
2727,0.0176346574406468,1.01272092577207,2,0,-0.712887443541343,0,0
2728,0.370881334529258,0.987590442713177,2,0,1.81783387601499,0,1
2729,0.494290828329332,0.501995324456244,2,1,0.312715064873925,1,1
2730,1.6526645260004,1.72329343807321,1,0,-1.73860000339162,0,0
2731,2.16056936326729,6,0,0,-0.282868020064527,0,0
2732,0.0799932826752501,1.62147536640264,1,0,0.91098447579629,0,1
2733,0.710507886719306,3.34770834073424,0,0,-0.819800294544623,0,0
2734,1.89807603127303,6,0,0,-0.0713510019262873,0,0
2735,0.34814134152839,3.85138719298675,2,1,0.283124643237609,1,1
2736,0.0762103423476219,1.3276472720483,1,1,-1.24485131182006,1,0
2737,0.0581181488814764,0.348960874386157,1,0,1.21223892259393,0,1
2738,0.240301156346418,3.13786365428491,2,0,-0.871653534695013,0,0
2739,0.36132564971922,2.94787971050581,1,1,0.444955997105045,1,1
2740,0.296542777505238,2.24308549943218,1,1,0.571280150216029,1,1
2741,0.492036775659591,0.929486252428757,1,1,1.60146660726508,1,1
2742,0.0587949492262819,1.66350549086928,0,1,0.00646836430219065,1,1
2743,0.168942146959859,1.04467119557566,2,0,2.09274795275704,0,1
2744,0.233477114773367,2.60995724410418,2,0,-0.0411014581811134,0,0
2745,1.1599048913397,2.33189686112315,2,1,0.253035428703317,1,1
2746,0.834773374721408,2.8803726376849,1,0,-0.469504018054259,0,0
2747,0.167217802372761,1.65533585498362,1,0,0.470588130938385,0,1
2748,0.122380569219237,2.36125678693711,1,1,-0.663921100019721,1,0
2749,0.821015424095094,1.27270513086614,2,1,-0.0181557294205771,1,0
2750,0.318206496012863,1.04340917150212,2,0,1.23869336663666,0,1
2751,0.154025390056292,0.450511330978723,1,1,-0.806057403617527,1,0
2752,0.771685734481372,2.51827219494878,2,1,0.0764376237564273,1,1
2753,0.0876656087348238,3.59326225581303,1,1,0.296055041238557,1,1
2754,0.361317316128407,1.06753456703437,2,1,0.595210257258106,1,1
2755,0.239226869889535,1.35128666469526,1,1,0.384402859106418,1,1
2756,0.676417382373531,0.786502227808038,0,0,0.0449931646136453,0,1
2757,0.583694657310843,0.814288662006798,1,1,-0.925685139423287,1,0
2758,0.163849910313729,4.29460345586884,2,0,0.163812783773067,0,1
2759,0.56976950142701,0.637037532170259,2,1,1.18573893333055,1,1
2760,1.41224536718578,2.73568727386494,0,0,-0.582853234337467,0,0
2761,0.723232753781423,0.983046295574161,1,1,0.833562460204044,1,1
2762,0.799200413722366,1.49731792351061,1,1,0.313032120107591,1,1
2763,1.05153555743733,1.36095919301295,0,0,1.39125257963576,0,1
2764,0.649190136637779,1.2799986556279,2,0,1.37514754907681,0,1
2765,0.811930516734719,2.07644175843405,2,0,-0.567289876304229,0,0
2766,0.0313592549350149,0.364645837495724,0,0,-2.15037674181363,0,0
2767,0.211240884608704,0.29356496394709,1,1,-1.95224476210356,1,0
2768,1.47911682827502,2.63874045501353,1,1,-0.863518459189686,1,0
2769,1.13317307271063,1.34457935203624,2,1,-0.217459039927621,1,0
2770,0.521496292479652,1.41854609600834,1,1,0.187938574757802,1,1
2771,0.554171520758132,1.4019510119716,1,1,0.734038757050355,1,1
2772,0.822699462852262,0.923101891712806,1,1,0.568574848876045,1,1
2773,0.375028206035495,0.672567798668527,2,0,0.13043327720701,0,1
2774,0.0704147771965706,0.13298365520792,2,0,1.85334734985835,0,1
2775,0.181623807293363,1.06547919090185,1,1,0.737815177768153,1,1
2776,0.377073692507111,1.73408066680309,1,1,1.1365539189452,1,1
2777,0.2185455505969,0.373044828706292,2,1,0.97838704933577,1,1
2778,0.822092506103218,1.1125877375404,0,1,-0.269031022333138,1,0
2779,0.111172563396394,1.90078003952901,0,1,-0.0593194329063198,1,0
2780,0.164776332385372,1.52546678111226,2,1,0.956712216854338,1,1
2781,0.145979263761546,1.54781051005725,1,0,2.22129415022252,0,1
2782,0.298886415548623,3.56819251552224,0,1,-0.946098396228684,1,0
2783,0.904146314450244,4.23667874465034,2,0,0.89785926892065,0,1
2784,0.0829671334695159,0.98524374739181,1,1,1.22881479604268,1,1
2785,0.0343092030379921,0.436110474650401,0,1,0.763780594439914,1,1
2786,0.200446498998721,0.404112843246605,0,1,-1.27866178116054,1,0
2787,0.74741077199281,2.70442275012956,2,0,0.161086153645026,0,1
2788,0.0508597509763737,0.841798001895617,2,1,0.582696859068799,1,1
2789,0.584566109404994,0.632821413832674,1,1,0.748439981029888,1,1
2790,3.16819323165156,3.20729657306086,0,1,-1.14670095593089,1,0
2791,0.0446549518584366,2.67271210936374,1,0,1.32321634261512,0,1
2792,1.06613718200812,2.79856114216212,1,1,0.79309521753083,1,1
2793,0.309154783317354,0.720638512344004,2,1,1.08963757501602,1,1
2794,0.0408372402551234,0.164784654649853,1,1,-0.00175250337478024,1,0
2795,1.4184110347811,1.94451857925426,2,0,1.16848867108956,0,1
2796,0.485948442614448,1.32564350587329,1,1,0.341543661397737,1,1
2797,0.650409988127649,1.99407260899552,1,0,-0.211838557724473,0,0
2798,0.114299722772557,1.73502575419728,2,0,0.451438392371062,0,1
2799,0.148422307792068,0.764312254237662,1,1,1.07677022499235,1,1
2800,0.414657426066697,2.5291524244089,1,0,-0.519151353818564,0,0
2801,0.230584055825602,0.568571724771909,1,0,0.0154252936365001,0,1
2802,1.03906129715846,1.23053884122418,0,1,0.881839422450097,1,1
2803,0.186644862329125,3.04741845848196,2,1,-1.39605167614973,1,0
2804,0.0921497595269334,0.499512406454446,2,0,0.774932641938622,0,1
2805,0.0540484504876503,2.76151890349911,1,0,0.0576303308910453,0,1
2806,0.502970464268521,0.5227569084026,2,0,0.537301806150502,0,1
2807,1.25564838387072,1.79113784110379,1,1,-1.23996690287923,1,0
2808,0.411303217406385,0.893326021873196,1,0,0.885492046616947,0,1
2809,0.355785473249853,1.05933596453821,1,1,-1.37902756997691,1,0
2810,0.219992778729647,0.461528818948189,1,1,0.82664144651957,1,1
2811,0.476744634189464,0.903956110201355,0,1,0.342437266636467,1,1
2812,0.269343581385302,0.629470759514963,2,1,-0.179941948882706,1,0
2813,0.347945958375931,1.5216615832557,2,0,-0.138075147531673,0,0
2814,0.250410533917602,3.32752687189165,2,0,1.68034083475046,0,1
2815,0.0616684218402952,0.324764262044194,2,0,0.602490270147935,0,1
2816,0.222166081301081,1.4706572794811,1,1,0.0962869279461508,1,1
2817,0.26547110627948,0.612092571525397,1,0,-0.262783048323471,0,0
2818,0.434911259190932,2.21415679539818,1,1,0.274031388487897,1,1
2819,0.530780163218089,0.993686716572334,2,0,0.938921891079539,0,1
2820,0.538524892169055,1.09518799677224,1,0,0.518361086368712,0,1
2821,0.328329853946343,1.03555320497004,1,1,0.0629182521068725,1,1
2822,0.295997362705635,0.658396948416118,1,1,-0.795876140608835,1,0
2823,0.130035540787503,1.45512487149019,2,0,1.02196379535756,0,1
2824,0.4201195348287,2.1087217665781,2,0,2.11997570492131,0,1
2825,0.56405800275673,3.61040212213993,0,0,0.264150412417889,0,1
2826,0.27927521802485,2.79643304576511,1,1,-0.547686263648988,1,0
2827,0.218980315548833,1.15104640659,0,0,0.191573295516567,0,1
2828,0.197206483280752,0.321987575495963,1,1,0.518307187090689,1,1
2829,1.67172303188376,4.56745331500666,1,1,-0.205436969120202,1,0
2830,0.103855954777712,0.713563869026347,2,1,0.11409502520197,1,1
2831,0.113596594892442,1.14948365714392,2,0,0.883479522201437,0,1
2832,0.127985741128214,0.170757404218117,0,1,0.174321950515049,1,1
2833,0.336654968829603,0.43482833771561,2,0,-0.0403597464515427,0,0
2834,0.576420418193385,0.598558236688233,1,0,0.0678529051500975,0,1
2835,0.252857319127819,0.426219524178165,1,1,0.687187550452797,1,1
2836,0.0956321800725874,0.667787834148477,2,0,0.0425622206456172,0,1
2837,0.0151096421085448,1.09638792339143,2,0,1.84517853567467,0,1
2838,0.174789119233688,0.271484644064132,0,1,0.85412978530302,1,1
2839,0.716153788380325,0.984256571779649,0,1,-0.00855051172315819,1,0
2840,0.153125408687629,0.355472253639853,1,1,0.00911188974475499,1,1
2841,0.509596795244799,0.51359509224369,1,1,0.133249485923869,1,1
2842,0.245057634685034,0.317242120703061,0,1,-0.70922041943429,1,0
2843,0.280000323255081,0.381656470312856,2,0,0.53309081105444,0,1
2844,0.0578570840880275,1.17062202549699,1,0,-2.2104756842749,0,0
2845,0.710674985311925,1.96209200231037,2,0,-0.543025779159854,0,0
2846,0.701665532775223,1.51623318282266,0,0,-2.53058164862516,0,0
2847,1.52484029407187,1.75403941396129,0,0,0.0590702984796703,0,1
2848,0.21123367840531,0.269665557192493,1,0,-0.366189669293316,0,0
2849,0.443992125830604,0.99853353176898,1,0,0.0933177242175126,0,1
2850,0.684851956294671,0.694473114290511,1,0,1.01018649307895,0,1
2851,0.401902111771051,5.45810889392307,1,0,0.466250563104758,0,1
2852,0.0383174540475011,0.30463866146522,1,0,-0.578953511930455,0,0
2853,0.720256051732119,1.58060231988042,1,1,-1.06817954379095,1,0
2854,2.00463223635199,4.1386274745067,0,0,-1.41264678138508,0,0
2855,1.40633562206909,2.10127691447146,2,1,0.654348202907754,1,1
2856,0.623490121218339,1.17193132377526,2,0,1.43447751342455,0,1
2857,3.40572129723389,4.85485955242689,2,0,-0.814826945487268,0,0
2858,0.000499870628118515,0.115987987567981,0,0,-1.43425995107418,0,0
2859,0.338812381029129,1.1822007689625,0,1,-1.24445915635509,1,0
2860,0.231925598521168,1.96251905476229,2,0,0.368896824818899,0,1
2861,0.81677781473548,1.24992163541416,0,1,0.989753215778809,1,1
2862,0.357682049507275,0.803302210853434,1,1,0.00859292170006957,1,1
2863,0.0936666880766493,0.174808328156379,2,0,0.33897585646145,0,1
2864,0.812907203100622,1.81738702255436,1,1,-0.75792269715534,1,0
2865,0.893755575119548,1.33872506610833,2,0,-0.407897960571153,0,0
2866,0.912938264369683,1.70018479491366,2,1,0.273046804575872,1,1
2867,0.205741750077404,0.849640661020147,2,1,0.883065418676065,1,1
2868,0.64342950148545,0.777937090910303,2,0,1.84081844565095,0,1
2869,0.225923115503974,0.825296927724028,2,1,0.887843391751212,1,1
2870,0.0489404043546212,0.422018043958784,2,0,0.217252935559895,0,1
2871,0.8013522811234,1.86660689134922,1,1,-0.00441588247631291,1,0
2872,0.38158804847626,0.595104471931765,2,0,0.840820434829754,0,1
2873,0.53965965399687,0.704463363750463,1,1,0.492003856656298,1,1
2874,0.0055977062375029,0.14663007989069,1,0,-0.411568886709927,0,0
2875,0.179555306951765,0.243861966295195,2,0,0.976897698255473,0,1
2876,0.135354968952015,0.219098795982779,1,1,0.587498452670094,1,1
2877,0.14491436566459,0.429648260612364,1,1,1.1028695855317,1,1
2878,0.0542490821958562,0.695675860445956,1,1,-0.547280894309937,1,0
2879,0.509103175110005,2.01544738135009,2,0,0.759692089603768,0,1
2880,0.898963124014235,0.941184420333858,1,0,0.223704383531687,0,1
2881,0.332940870103636,0.411525437049615,1,0,-0.841542815695021,0,0
2882,0.0237174178289178,2.2396838059971,2,1,0.103202025627187,1,1
2883,0.615457862123668,0.863706616355598,1,1,0.247164740311317,1,1
2884,0.162875323439948,1.02657227275263,1,1,0.197728205838462,1,1
2885,0.339667190273758,1.25019323638643,2,1,0.193953385289224,1,1
2886,0.683248229324818,1.8351051649871,1,1,-0.266362240966845,1,0
2887,1.04917554743588,3.65311887871341,2,1,-0.867706447467828,1,0
2888,0.717778067311093,1.09730766002631,1,0,0.036054594475733,0,1
2889,0.0107571726026497,0.199047595403999,1,0,-0.808886087177894,0,0
2890,0.686281818171784,0.71151419859233,2,0,1.56977510474792,0,1
2891,0.171215375952489,0.683782674375302,2,0,2.01592525604336,0,1
2892,0.202585158869624,0.814046996898326,1,1,-2.01053935704065,1,0
2893,0.00746583275031298,0.381800675143798,0,0,0.256090678455393,0,1
2894,0.318138078786433,0.512329653032727,1,1,-0.470944350900913,1,0
2895,0.0823894752598171,0.576480764236981,1,1,-0.283752805138808,1,0
2896,0.343653532554601,0.97413110395352,0,0,0.680784769890385,0,1
2897,1.03167110774666,1.69427036917902,1,0,-0.691511375779743,0,0
2898,0.351391501317266,1.19028994112546,2,1,1.03884134405464,1,1
2899,0.489338314160705,0.912620387595009,2,0,-0.566477369481156,0,0
2900,0.388059552351478,0.846759041824109,2,1,0.437768440273874,1,1
2901,0.265351425075102,0.627089393631391,0,1,0.623995236037784,1,1
2902,0.132565373600049,1.17008503216008,0,0,0.129947050933459,0,1
2903,1.0005665367085,1.84859736201664,0,0,-0.531182590375482,0,0
2904,0.0898891675549328,2.05432447457046,2,0,0.428439002588466,0,1
2905,0.168352799664717,0.924331437175473,0,1,0.79418091143664,1,1
2906,0.108670460060239,0.458500828538588,1,1,-0.204675540601052,1,0
2907,0.484183235125116,0.635525735908114,1,1,-0.791141081617537,1,0
2908,0.410218111165343,2.25424345098676,2,0,-2.58686236132668,0,0
2909,0.213842998200562,0.943424271573838,1,0,1.45207761381076,0,1
2910,0.296780250891242,1.36150736982624,0,0,-0.152898207961612,0,0
2911,0.292594849132001,6,0,0,-0.645427232343094,0,0
2912,0.0885249685961753,0.598954169112398,0,1,0.351654963960115,1,1
2913,0.280478171189316,0.624563898891211,0,0,0.406669181840156,0,1
2914,0.442020312550531,0.541079205112396,2,0,1.54960434218445,0,1
2915,0.398103254847229,1.39881161894232,1,0,2.39803099436677,0,1
2916,0.361248414744606,1.82147467009577,1,0,-0.147988168599555,0,0
2917,0.0201373366871849,0.485341829290029,2,1,0.242045091610819,1,1
2918,1.18332514725626,1.64827556349337,0,1,-0.726110563931306,1,0
2919,0.315676313184667,0.315923476102607,2,1,0.403159667020549,1,1
2920,0.308040738746058,0.606542046953479,1,1,0.0242509739346976,1,1
2921,1.04665977600962,2.54136211243357,2,0,-0.91695975809127,0,0
2922,0.171631215279784,2.96282615512609,0,0,0.227227799499304,0,1
2923,0.0298096118494868,1.3206040777363,2,0,-1.32048051486171,0,0
2924,0.390415906906128,2.25861760166784,0,1,-1.54968831029221,1,0
2925,0.235882028127693,1.44639510146293,0,0,1.21307275759541,0,1
2926,0.223353574692737,2.00484608779254,2,0,0.583128106087696,0,1
2927,0.345039601961616,0.697441236292684,1,0,0.363467813511071,0,1
2928,0.107054682506477,0.406214666949018,1,0,0.62359506752883,0,1
2929,0.932315425947309,2.31751055456698,0,1,-0.554974831330679,1,0
2930,0.389994069992099,1.75422859274629,2,0,1.01569778245422,0,1
2931,0.240187482268084,0.648067870352297,1,1,1.17013388044454,1,1
2932,0.552231833561346,0.977046792984865,2,0,0.864852187658457,0,1
2933,0.0981550683182989,1.00948434714186,1,0,-0.139503764013661,0,0
2934,2.33893610342386,4.62076041999712,2,1,-0.810906843375088,1,0
2935,0.427222321741283,0.47425400155286,0,0,1.46777617590042,0,1
2936,0.299838879145682,0.546674745948076,1,1,1.32346168027094,1,1
2937,0.035590305342339,0.0722262584389787,2,1,0.591508470823195,1,1
2938,0.0422599618409347,0.885719796293555,1,1,1.58619042723836,1,1
2939,0.259051756161179,1.02971007481415,1,1,0.196914073298315,1,1
2940,0.320899239450227,0.726044621939461,0,1,0.822086803587463,1,1
2941,0.124860714422539,0.720164171752621,2,1,0.10597539309463,1,1
2942,0.032597380257274,0.38417797993988,2,0,1.15046023740201,0,1
2943,0.729621848414473,0.74907237508037,1,1,0.302160692213103,1,1
2944,0.262561269337311,2.44278991032746,2,1,0.0776651621934078,1,1
2945,0.299714526795467,0.94036166970757,2,1,-0.395279186119917,1,0
2946,0.274272730166558,0.651740852853842,1,0,1.34768471157112,0,1
2947,0.465067880228162,0.80502152753373,0,1,-1.18400749260478,1,0
2948,0.131385296699591,0.145240419093138,2,1,1.25397043264922,1,1
2949,0.656691094860435,0.666591177235741,1,1,-0.841066563520738,1,0
2950,0.100441868125927,0.911789982109581,0,1,1.27063544081177,1,1
2951,0.25665502587799,0.361304249742461,1,1,0.212984054297765,1,1
2952,0.319539621414151,0.522424926418938,1,1,0.00607171667125746,1,1
2953,0.0533831160165659,2.0128176578631,0,0,0.449775300862501,0,1
2954,0.167301193342768,1.52171612391423,1,0,0.441844846807,0,1
2955,0.735218598830335,1.36639888642129,2,0,1.03325325398337,0,1
2956,0.282252340534004,0.548455215369662,0,1,-0.521936161728028,1,0
2957,0.758795989068978,1.50653187396676,1,0,1.09501564404751,0,1
2958,0.211029799247626,2.1345655423549,2,0,0.660813843721704,0,1
2959,0.0908356506261043,0.698103437836752,1,1,1.32239485841297,1,1
2960,0.31858931388706,0.382255112079517,1,1,-0.433180573299636,1,0
2961,0.616643228006451,0.623820159209926,2,1,0.866827589606396,1,1
2962,0.018260967626702,2.74206003104435,2,0,0.0438293787217843,0,1
2963,0.908007998770007,2.05130556116244,2,0,-1.24181072189781,0,0
2964,0.183910560794175,1.21988020360542,2,0,-0.807635985314412,0,0
2965,0.12639671942452,0.831119550965642,2,1,1.92513150941612,1,1
2966,0.592163526453078,5.46951954947297,0,0,-0.171046878003283,0,0
2967,1.05462063848972,6,0,0,-1.19303810069605,0,0
2968,0.123468380479608,2.14010656955834,0,0,0.0806906161646914,0,1
2969,0.113180323149666,0.298901702961271,2,1,0.13786908326984,1,1
2970,0.585778679788865,2.76117628600255,1,1,0.0930295334349371,1,1
2971,0.232525548897684,0.24685601877594,2,0,-0.600885079481091,0,0
2972,0.0330668264343021,1.76268267851151,2,1,0.758247987649473,1,1
2973,0.0488034935551696,1.75769814857243,1,0,1.08433731958766,0,1
2974,0.198545883409679,0.902279774734876,1,1,-1.04230093873049,1,0
2975,0.251460371538997,0.334242329576831,1,0,-0.0622427875768623,0,0
2976,2.53867336884983,2.78365250992625,2,1,0.557556073146894,1,1
2977,0.00151286087930202,2.42686891294496,1,1,-0.225619942498372,1,0
2978,0.277922583336476,0.454256397219251,1,1,0.425297876338281,1,1
2979,0.0534275217796676,0.194717645626274,1,1,0.498045161311089,1,1
2980,1.14745078719558,2.77551835980015,2,0,0.266298534744983,0,1
2981,0.115203015555093,0.381942453699493,2,0,0.159654188318141,0,1
2982,0.561440977008835,1.33163529771704,1,1,1.3055028581093,1,1
2983,0.266811562469229,0.458872934889572,2,0,0.812751682023877,0,1
2984,0.539111651878033,3.37284775922052,0,0,0.920908423345447,0,1
2985,0.517373454135262,1.75228495756224,2,0,-0.582094061557031,0,0
2986,0.300886316399556,0.563811774375372,2,0,0.528520822108193,0,1
2987,0.106355034870505,1.89166463227531,1,1,0.480296752722674,1,1
2988,0.187091955832186,0.371185901365571,1,1,-0.231268177755601,1,0
2989,0.174713986343704,0.922046921833135,2,1,0.516038398905858,1,1
2990,0.392912983079441,0.45806389922897,0,1,0.414326857504073,1,1
2991,1.03726792143995,4.53481036232984,1,1,1.50055809361941,1,1
2992,0.0307252528145909,0.278230754238889,1,0,-1.00457208362242,0,0
2993,0.879057998107022,5.87148867519506,0,0,0.0479451464165544,0,1
2994,0.0754702082485892,1.09493405195696,2,0,1.15718596899532,0,1
2995,0.993281407229245,1.54387114938447,2,1,1.64346854610545,1,1
2996,0.142545635952716,6,0,0,-0.499587620478454,0,0
2997,0.758479415195848,1.00717562164324,2,0,-1.03838493957858,0,0
2998,0.642422704814755,1.1849893190109,1,1,0.352086818049834,1,1
2999,2.44360386944356,2.90008419133586,1,0,-1.29048810537558,0,0
3000,0.0567245273850858,3.18868099274713,1,1,0.102276133262191,1,1
