"id","L","X","status","z1","z2","cgroup","tgroup"
1,0.146492119164406,3.7336414772746,2,0,0.786029987847958,0,1
2,0.417243347910699,1.92829079709991,1,0,0.0751311645309657,0,1
3,0.289197751085218,0.643450043631453,1,0,-1.2094101691476,0,0
4,0.0556546051682827,3.66244849192673,1,0,1.4980128976842,0,1
5,0.325721632689238,0.730273832256595,0,1,-0.474696202851738,1,0
6,1.66058073184433,5.80449295394466,2,0,-1.07806026540958,0,0
7,0.365726496092975,1.74044308733173,2,0,0.471702027510327,0,1
8,0.0639844690157209,0.580021773762141,2,0,0.76636598790369,0,1
9,0.259403180261617,0.7089251648524,1,0,-0.546784908821085,0,0
10,0.75293388824889,1.99548478492171,1,0,-0.195031360023878,0,0
11,0.0206469934473286,0.146767635109173,1,1,-0.231579325196742,1,0
12,0.00332867071638057,1.36098393852853,1,1,1.20599226271138,1,1
13,0.0606345883586137,1.14671516045678,2,0,0.36404361632165,0,1
14,0.730731512859285,1.89816420935853,2,0,0.240456066679832,0,1
15,1.00849557313474,1.12495659058228,1,1,0.70440766222816,1,1
16,0.130486691370606,0.326335079436301,1,0,-0.752875671397559,0,0
17,0.152099383703899,3.49886765480649,2,0,0.0590711959345918,0,1
18,0.393938423631815,1.12240575376257,2,1,-0.345916448726417,1,0
19,0.192651744000614,1.39681582361672,1,1,-0.749064379622707,1,0
20,0.983684746548533,1.89097067630433,1,0,-0.0432435070069383,0,0
21,1.09943468496203,3.04564273006412,1,0,-0.728201627529273,0,0
22,0.365729448094498,0.763139007922718,1,0,0.335439401622917,0,1
23,0.703028361313045,1.6868395652866,2,0,-0.0194765979651487,0,0
24,0.466602420757346,1.52640096725362,2,1,1.09174863105247,1,1
25,0.238866055442486,0.542015481781256,1,0,1.11708332719256,0,1
26,0.347785337362438,0.909203054397595,2,0,0.336453267240148,0,1
27,1.65312517775728,1.87053324850237,2,0,1.93883608459945,0,1
28,0.367538776248693,0.840113910446003,1,1,-0.0363521665956905,1,0
29,0.365649129962549,1.00019729746029,1,1,0.471915529703123,1,1
30,0.359316981048323,0.997541469936153,0,0,0.689967301786305,0,1
31,0.166175354272127,1.33819628478858,1,0,-1.20375890925329,0,0
32,0.0447909237796219,0.507907938648235,2,0,-0.0562224738251746,0,0
33,0.509773217464618,1.07461462834149,2,0,2.08100969037279,0,1
34,0.379284263341126,0.531591691685888,1,1,-0.697613379129523,1,0
35,0.628981962191694,1.13503299460897,0,1,1.32677709847935,1,1
36,0.233924948472877,3.62004269949209,2,0,0.52038586457058,0,1
37,0.300669726275373,0.397082493136073,1,0,0.269038928084256,0,1
38,0.479462892038592,0.869373108356695,1,0,0.0405151422118355,0,1
39,0.63479524918069,1.69331183878399,2,1,1.49606865539275,1,1
40,0.95323724606023,1.48094157139023,1,0,0.259458759665359,0,1
41,0.326695378276365,3.02245409848789,0,1,-0.314229995702604,1,0
42,0.126975524472073,0.227700822676222,0,0,0.335141047856645,0,1
43,0.44778058398515,0.467004720517133,1,1,-0.982731452865644,1,0
44,0.359328758786422,0.835044554525134,1,0,-0.215034377910667,0,0
45,0.399262166174594,0.57724776170218,2,0,1.93692425930443,0,1
46,0.0458378528609104,6,0,0,-0.902716947923429,0,0
47,0.485549006611109,0.579591718337178,2,1,-1.18119083723752,1,0
48,0.254229056008626,0.356299653828161,1,0,0.537470487335747,0,1
49,4.98594231505818,6,0,0,-1.57945658002579,0,0
50,0.0214477126975057,0.305839072368052,0,1,0.387916368873676,1,1
51,0.92726551922375,1.4671730028541,2,0,0.0459179065065729,0,1
52,0.379057362675667,1.0131851196848,1,0,-0.766071238265041,0,0
53,0.0399531380389817,0.309207157959256,2,1,1.53024334782704,1,1
54,1.66139523862841,2.6809818020492,2,0,-0.369545814887682,0,0
55,1.02733444608748,1.03217978340884,0,0,-0.512267515551177,0,0
56,0.0936650569201447,0.273658843548674,2,0,0.945675722746658,0,1
57,0.0576116918837316,0.79548067292349,2,0,1.86329429612223,0,1
58,1.36093985863535,2.32211741289616,1,0,2.32954817441516,0,1
59,0.991007537379211,1.29444052846883,1,0,0.175482137657728,0,1
60,0.173601666140054,1.52950353705099,2,1,-0.397159692099248,1,0
61,0.127017433772437,2.35632251655441,2,0,0.167347502964932,0,1
62,0.0968320295214653,0.216524521380429,1,1,0.570221306656068,1,1
63,0.593195570955806,1.13371458278308,1,1,0.705927879250202,1,1
64,3.07238890887486,4.14629710527758,0,0,0.0714367469761032,0,1
65,0.21016569371568,4.53410437330604,0,0,0.285788116059011,0,1
66,0.452549613080919,3.25767534670287,0,0,-0.0825347011653829,0,0
67,0.0020535930250235,0.46481096022436,1,1,-0.533318870747899,1,0
68,0.0125511040096171,0.211172810961134,2,0,1.81554196209186,0,1
69,0.0900190568063408,0.940606592188356,1,0,0.163803546689373,0,1
70,0.518935015425086,1.09420772154853,1,0,-1.55160549951706,0,0
71,0.317960373940878,0.616952817678656,1,0,0.199104117527227,0,1
72,1.99141933388057,2.02829719195516,1,0,-0.130882494350021,0,0
73,0.357883964315988,0.376632383230607,1,1,0.00805650201739991,1,1
74,0.296820956864394,0.319086715545982,2,0,1.7584221351587,0,1
75,0.229222583070017,0.717234704828008,1,0,-0.821717965178221,0,0
76,1.9268253482038,2.96158310336371,0,0,-0.297396842707378,0,0
77,0.216394101735204,2.95431377979772,2,0,0.967255400225505,0,1
78,0.147718432359397,0.518622002191066,1,1,-0.499470068126894,1,0
79,0.162772826112171,0.559681223875282,2,1,0.379941565826241,1,1
80,0.0902069590750155,0.212309915614005,2,1,-0.00932024391431729,1,0
81,0.0884569698326382,1.00423592591537,1,1,0.872423833349347,1,1
82,0.826116996817291,1.20569099677285,1,0,-1.72290952201657,0,0
83,1.17858527690714,1.48786871073147,0,0,0.35782768213274,0,1
84,0.468677480705082,0.482046606961018,1,0,-0.551720866282408,0,0
85,0.790216133483825,1.98183415147165,0,0,0.498706275196548,0,1
86,0.109316594917772,0.821667405376953,1,1,0.438705103403074,1,1
87,0.137688515750384,1.1391427015547,2,0,-0.402514074740307,0,0
88,0.228566806763411,1.33059406653047,0,0,0.925242943263936,0,1
89,0.42496577516431,0.897502067300888,2,1,0.546355748570394,1,1
90,1.67697436051948,2.5598465620062,1,1,0.863941318179885,1,1
91,0.454023175963022,1.91728678222616,1,0,0.633596557804423,0,1
92,0.0439428893150762,0.781904960781546,2,1,0.684911681477267,1,1
93,1.71167179747465,2.47944818767658,1,1,-0.214075381973148,1,0
94,0.910748619300887,0.921219553185894,2,0,0.323154858116392,0,1
95,0.0297836158424616,1.68961349924228,1,0,-1.62457192122761,0,0
96,0.181551640271209,1.18598215256411,1,0,0.981041538297096,0,1
97,0.429184123931918,1.73460679489267,2,1,0.868047183177096,1,1
98,0.0551667994281946,0.880803795105873,2,0,0.682354002272973,0,1
99,1.35487448417231,1.38159427876272,0,0,0.472693628588996,0,1
100,2.07410821680653,3.04274993271934,2,1,1.03572197209646,1,1
101,0.230000365991145,0.287967485920568,1,1,1.22177611269811,1,1
102,0.613042497981161,1.18310674035342,2,0,0.0337059898264719,0,1
103,0.0731810284260435,0.15128600277453,1,1,0.484327701566995,1,1
104,0.0837482564384118,0.158179122954607,0,1,1.83889705881143,1,1
105,0.0631952957972878,0.684338174190782,2,1,-0.213482030678822,1,0
106,0.0427810626570135,1.61223476522776,1,0,0.167058037680342,0,1
107,0.170946277868114,0.572581031664286,2,1,0.300797153615348,1,1
108,0.218158338975627,0.950911135231466,1,1,0.525485163587946,1,1
109,0.673780403068911,1.31293851390016,1,1,-0.13411986847311,1,0
110,0.365528459951747,1.0017322057342,1,1,0.24543688060744,1,1
111,0.449843745678663,1.88071070859729,2,1,-0.823912939756866,1,0
112,0.777265417246901,2.81950339272156,2,1,1.42696164230747,1,1
113,2.47051233085196,2.85652189974531,2,0,0.391983762485116,0,1
114,0.777725945200592,1.40790543586053,2,0,1.28443933119594,0,1
115,0.678494439317666,1.49252435511199,2,0,0.49774522008009,0,1
116,0.000278392108157277,1.31087439476287,2,1,0.75998654281914,1,1
117,0.000208359389803061,2.12848131544888,0,0,0.359552902774345,0,1
118,0.976947130635381,1.57682337739814,1,0,-0.299769785115362,0,0
119,1.66905461020723,1.99405098981094,1,1,-0.068971151979118,1,0
120,0.178005864727311,0.585305236636146,1,1,0.755048712493412,1,1
121,0.664261678358597,0.71938200372405,1,0,0.0439149443752138,0,1
122,0.0484157260709379,2.77057745712254,2,0,0.109616155221805,0,1
123,0.0110714400194354,0.993653365092584,1,0,-0.818123056656964,0,0
124,0.374264616402797,0.731759678743534,2,0,0.234140216446249,0,1
125,0.726834366784495,0.779452424068067,2,0,1.95938025907583,0,1
126,0.655912606976926,3.09510690100787,2,0,-0.972792891303033,0,0
127,0.0360489203012548,1.32899283583852,1,1,0.0186901617430525,1,1
128,0.740489513613284,1.02213264185477,1,0,-1.72542570598895,0,0
129,1.28851765394211,1.52411543736211,2,0,-0.0550257618026107,0,0
130,0.424519457854331,1.25381743479541,2,0,-1.08019387856123,0,0
131,1.45481864293523,1.81057416725274,2,0,1.08360590429056,0,1
132,0.255757910364388,0.299779421540955,2,0,-1.50753382446379,0,0
133,0.442070074179365,1.11025590408411,1,1,1.57024372597713,1,1
134,1.00528134871274,1.9975715685814,1,1,-0.244227357482346,1,0
135,0.294798850299971,0.677166186652604,1,0,-1.17919212975156,0,0
136,1.44068248114547,1.73083329003546,1,0,-1.06097412669241,0,0
137,1.14323088428342,3.01933746069049,2,0,0.441323048223246,0,1
138,0.257742694520857,1.86877288855612,0,1,0.272940833413499,1,1
139,0.73813132648059,3.0316938605649,1,1,0.334272699391683,1,1
140,0.312665347883012,0.563835761579794,2,0,0.123590957001109,0,1
141,1.67398578943269,6,0,0,-2.48960304550368,0,0
142,0.647038627314883,1.23260174860801,2,0,0.0468785380717668,0,1
143,0.278170515375677,1.52960170525282,2,1,0.103160763421189,1,1
144,0.533956535548895,0.630725391484371,2,0,-0.774900600250337,0,0
145,1.09234173684026,1.20413137189558,2,0,-1.1656804991264,0,0
146,1.56246156090374,3.11392112814398,2,0,-1.39740251835956,0,0
147,0.166467578763392,4.38804091575245,0,1,0.617275587861757,1,1
148,0.341958734497894,2.43130389928721,1,0,0.672317616042548,0,1
149,0.0673254788948716,1.22360878854954,1,1,1.11413205298109,1,1
150,0.265390617423691,1.34236878115166,2,1,0.854976275927462,1,1
151,4.43139424075785,6,0,0,-0.275163890736692,0,0
152,0.0968849219498225,0.098445273457495,1,0,0.15291332599341,0,1
153,0.590079481985786,1.70904425070044,2,1,0.200132493817549,1,1
154,3.80800913630014,6,0,0,-0.731999457095467,0,0
155,0.50121412320612,0.883787483760711,2,0,1.19240966015518,0,1
156,0.349164466024376,1.92363657542256,2,1,0.474819604927238,1,1
157,0.152718770438102,1.02264210725178,2,0,0.202592114689625,0,1
158,0.0933925492044224,2.82897298199641,1,0,0.631313168121221,0,1
159,0.0866798695537741,1.15406102762418,1,1,0.410459151288389,1,1
160,0.164721374202028,0.452034480435331,1,0,0.894756407139587,0,1
161,0.790132237572044,0.854028606065775,2,0,0.0622113566308091,0,1
162,0.0247200523700897,0.764415798087915,0,0,0.0519191227501367,0,1
163,1.7101904041225,2.55955334189838,2,0,-0.951239217873234,0,0
164,0.70517897605896,4.06552795435455,2,0,-0.318223962588201,0,0
165,0.698193819262087,5.42875182060287,2,0,-1.12040252809179,0,0
166,0.295277469571101,0.4429657314903,1,1,-0.48352765858696,1,0
167,0.600060965848188,1.49202781350501,1,1,0.914583829413263,1,1
168,0.13516131489002,0.92601469009239,1,1,1.55751944856967,1,1
169,0.309751821332611,0.818814915398197,2,0,1.63421705974057,0,1
170,2.63307622625473,3.06011279964477,1,0,-0.716619559651341,0,0
171,0.407144361175597,0.493108896555886,2,0,-0.0925417365152857,0,0
172,0.00424854557739187,0.161474387168692,1,0,-0.467568158385844,0,0
173,0.149965206561488,0.246416657859866,1,1,0.237994366585499,1,1
174,0.126911264481849,1.02355855287834,0,1,-0.871465556103206,1,0
175,0.451790148543254,1.15151317894732,2,1,-0.867371245830012,1,0
176,0.367027054592566,1.75670575971405,0,1,-1.152361027555,1,0
177,0.238090631028172,3.0848191082827,0,0,0.419160004931904,0,1
178,0.0306522371073975,0.536419808047617,2,0,0.04639656424625,0,1
179,0.209427377558313,0.441146632656455,0,1,0.679174891691458,1,1
180,0.905116316809893,1.35525324270752,2,1,0.469927726665539,1,1
181,0.816398879513144,4.03569657068177,1,1,-0.194420864925303,1,0
182,0.635685375283294,2.85699705305597,1,0,0.0689509286898716,0,1
183,0.485681731926099,1.52313881368795,1,0,0.0856305100871434,0,1
184,1.12194950599223,2.11582525126325,1,0,-0.189417760225528,0,0
185,1.00475350040348,3.27604278922081,0,0,0.608316291420349,0,1
186,0.951948116946608,4.37914268424114,0,0,0.753219826673406,0,1
187,0.781258251721867,1.85515615667558,2,0,0.0764558310582767,0,1
188,0.23654618213186,1.45936909864386,2,0,1.14795152826159,0,1
189,0.0461778584867716,0.552158882689636,2,0,-1.01966659843271,0,0
190,0.689731779508293,1.24283623794053,2,1,-0.343867425947721,1,0
191,0.0455203928868286,0.499000958240471,1,1,0.248688032260646,1,1
192,0.749514511527315,1.34544137885331,0,0,1.7265830880966,0,1
193,0.0310241489205509,1.01735349998297,1,1,0.205073165058592,1,1
194,0.159611161798239,0.793254273789933,2,1,-0.140890991123024,1,0
195,0.122278159833513,0.468482278827582,2,0,1.28171157632383,0,1
196,1.09664521592004,1.66726175703054,2,0,-1.05499586741912,0,0
197,1.35575734420253,2.02148765905117,2,0,1.98901768834157,0,1
198,0.0313599008820965,1.00073615210068,1,0,0.631509359987673,0,1
199,0.899634561448932,3.32791938218678,2,0,0.348551491341312,0,1
200,0.327749108837452,0.687024098971337,1,1,0.940906486372505,1,1
201,0.372064766474068,0.398336717561462,1,0,-1.34184161426269,0,0
202,0.33726798981661,0.365051501949898,1,0,0.978021044620218,0,1
203,0.892847541525619,1.10536308159308,0,0,-0.789440569557588,0,0
204,0.00455698145574212,2.31956601325748,1,1,0.933903837174536,1,1
205,1.18970728357659,1.92950443035902,1,0,2.11326059585193,0,1
206,0.0356928954715841,3.92618509782841,1,1,1.37515397480362,1,1
207,0.849724200644352,1.7457957327926,1,1,1.22688873718374,1,1
208,3.46301659108387,4.25368062578603,2,0,0.695635399023643,0,1
209,1.08507091523485,3.52484580772925,2,0,1.29960476465968,0,1
210,0.705283679068089,2.71475272172993,1,1,-0.580390044116267,1,0
211,0.0153151188435004,0.444410508422756,1,0,-0.0116933010288798,0,0
212,0.491212663240731,1.96027945682747,2,0,-0.994940156587302,0,0
213,1.94124259232523,2.18584096329534,1,0,-1.2126961236618,0,0
214,0.498448653891353,0.737815865967387,1,1,-0.877530619414348,1,0
215,0.121098443341907,0.173015604203165,1,1,0.710388405956671,1,1
216,0.196503688567092,2.53678777661369,2,0,0.0512709211297724,0,1
217,0.48553776864475,0.582874342967209,1,0,1.34776509932141,0,1
218,0.181441812776029,0.748408959073318,1,0,-0.180148254559666,0,0
219,0.367144365360783,1.25577736824094,1,1,-0.379862308570858,1,0
220,0.24271843052702,0.396770948862341,1,0,1.55075216142034,0,1
221,0.523570025662713,2.64048832779129,0,0,0.756652582355934,0,1
222,0.456934047862887,1.4720448771198,1,0,-0.429094095811515,0,0
223,0.613027234500731,0.662860050994846,1,1,0.0991360440867982,1,1
224,0.550640517586663,0.834083931276671,0,1,1.28710598740485,1,1
225,0.769567986109115,1.59896962427567,1,0,0.0679051022607146,0,1
226,0.227270525647327,0.301886185382803,0,1,0.405995493376177,1,1
227,0.102495295997297,1.94970384404169,2,0,0.746849251130942,0,1
228,0.605904727682293,2.92464040389576,2,0,0.693950479872846,0,1
229,0.321897174871992,1.53252536214223,1,0,0.386311125406945,0,1
230,0.0341146402060986,4.28912342209912,2,1,-0.0944079430040565,1,0
231,1.3936701042797,2.49088463282153,1,1,-0.57830064262444,1,0
232,0.00798258821201365,4.43472196900643,2,0,0.0665802523045464,0,1
233,0.216360419905119,0.612300500152442,1,1,-0.301386527599706,1,0
234,1.41508545136584,1.65376752864108,1,0,0.780687886956615,0,1
235,0.133928957903442,0.21073855770131,0,1,0.988682813633389,1,1
236,0.10254787892336,1.02265760880208,2,1,0.0255411027476103,1,1
237,0.106853905599564,3.40097707484513,1,1,0.994050971703055,1,1
238,0.404646236274857,0.721113841737696,2,1,1.27735438779267,1,1
239,0.394916606892366,0.870396556365759,2,1,0.0592771045628748,1,1
240,0.329113129992038,0.531693522420953,1,0,0.415597259142115,0,1
241,1.10474446974695,1.34631950784494,1,0,-2.08273887421393,0,0
242,0.552420510185704,1.67400949553959,2,1,0.527398335290683,1,1
243,0.237936332996469,1.23475279929735,2,1,0.173637458026075,1,1
244,2.28539385824444,6,0,0,-1.01289958291633,0,0
245,0.246201574104249,0.638041303803523,0,0,0.117563940733382,0,1
246,0.0369112021871842,0.0564835819109305,2,1,0.16732949321925,1,1
247,0.353452664858196,0.731913238896176,1,1,0.841800587227386,1,1
248,0.0382045723345876,2.76679183692571,1,0,-1.82825379268571,0,0
249,0.426864643814042,0.519801418498661,2,0,1.61779193500317,0,1
250,0.0976040801984502,1.54203138312281,2,0,0.900013815595075,0,1
251,0.539427699038397,1.58616104784111,0,0,0.471268012714552,0,1
252,0.0359854461305746,1.29571059639174,2,1,0.493821628767988,1,1
253,2.29788072743364,2.62953591499152,2,0,1.45331008721742,0,1
254,0.128435600402489,1.61510919401042,2,0,1.35965459884792,0,1
255,0.366933478799183,0.448009348380034,1,0,0.967328820713202,0,1
256,0.655700051986537,0.923126206665907,1,0,-1.58988934823868,0,0
257,0.980202047154307,1.73965318300892,2,0,-0.0708230050063794,0,0
258,0.00804287018447727,0.0341902260981347,1,1,0.935475241094115,1,1
259,0.168016113166232,0.268858102150728,2,1,1.86983685443447,1,1
260,0.309323658235371,0.726989991188757,1,1,-0.811235920599221,1,0
261,0.0446658629375137,0.135267169496201,1,0,-0.821594434438772,0,0
262,0.507114386974655,1.93722994363212,1,0,0.187555272998994,0,1
263,0.605896870680171,0.98739146162799,1,1,0.507492594515939,1,1
264,0.627037578934625,1.20358154290652,1,0,0.339535745846591,0,1
265,0.382771833101287,1.21679086749799,2,0,1.83913905004313,0,1
266,0.225963078176315,3.61426801497792,1,0,0.632975872108902,0,1
267,0.12015228997916,0.444153066720957,1,0,-0.799570042626016,0,0
268,0.407011273200624,1.51191980763004,1,1,0.650534165777294,1,1
269,1.95960282950116,3.09734717362757,2,0,-1.30447711102825,0,0
270,0.697621881961823,0.704144031895477,1,0,-0.380763317763154,0,0
271,0.0143339438868756,1.89226419666162,2,0,1.68422821331779,0,1
272,0.308829544810578,1.04429490571533,1,1,0.4639112047976,1,1
273,0.354031823226251,1.13140102564494,2,0,1.12109134360799,0,1
274,0.0268614323672291,0.251937094700792,1,0,-1.46840698031058,0,0
275,0.236931470572017,0.69351652792129,2,0,1.00499272756655,0,1
276,0.644834921669036,2.19268348688881,0,0,0.0281673082974712,0,1
277,0.185797690910159,0.969586890811722,0,0,-1.00560869452638,0,0
278,0.0285805354340486,0.553587214284891,2,0,1.02858032205801,0,1
279,1.1569405272603,1.41615636456317,1,1,-1.09613645149899,1,0
280,0.523226360790431,2.39981620572507,0,0,-1.40691112712188,0,0
281,1.03729340041512,2.67845165058423,1,0,0.572994034924264,0,1
282,0.447093727285844,1.86545814581449,1,0,0.149134851887671,0,1
283,1.28550328128789e-05,0.543844183040094,1,1,-0.126199892450064,1,0
284,0.221007315883352,0.25933486166756,1,0,0.400835185158931,0,1
285,0.473141343073741,1.88315142253123,2,1,1.39223219500124,1,1
286,0.155016038163761,0.58254962731546,2,1,1.20100491905506,1,1
287,0.0324791707914763,0.244521970968268,1,0,-0.91134853456155,0,0
288,0.227044615603518,0.787138629539873,2,0,0.975681111817588,0,1
289,0.656572168692946,1.03160248133159,1,0,-0.182371405598587,0,0
290,1.30909734178361,4.80422929027751,1,1,0.424321543278031,1,1
291,0.0643090085941367,0.608037145084331,2,0,1.64702818607753,0,1
292,0.565080878553714,2.63707141364231,1,0,0.962584743818548,0,1
293,0.808590552161269,1.34341685494755,1,0,1.28556194029849,0,1
294,0.749398389170433,1.17601293677438,1,0,-0.45333803981617,0,0
295,0.381775678542908,1.36376026411266,2,0,0.166321773040643,0,1
296,0.374601740040816,1.05537693183214,1,1,0.0347312008733586,1,1
297,1.31626428213476,3.10431712268402,2,0,0.110454140182115,0,1
298,0.525149554014206,0.75753255126377,0,1,-0.0390323030339111,1,0
299,2.69501155233922,4.13298713974655,0,0,-1.07763672049619,0,0
300,0.197709666390438,0.425991204877694,0,1,1.58556752639425,1,1
301,1.1163181271404,1.94348042381499,2,0,-0.125523206705501,0,0
302,0.632084634991515,1.30776961655702,1,1,-0.555461087111493,1,0
303,0.662379181686413,2.85388447033862,0,0,0.105453573820249,0,1
304,0.411682358011603,0.94483299464821,2,1,-0.567107274021202,1,0
305,0.466664033941925,3.54589577022779,1,1,-0.0852753849671123,1,0
306,0.370242080966221,0.519055876509204,2,0,-0.21996326930229,0,0
307,0.50104695931077,1.57214102645936,1,1,-1.47213427958785,1,0
308,0.109420246225137,1.64436161260791,2,0,0.968112179818521,0,1
309,0.123624112457037,2.40058313933301,2,1,-0.673307856831096,1,0
310,0.34647776093334,0.419591124045251,1,0,-0.816221755135246,0,0
311,0.13021611404838,0.665445724626145,1,1,0.19562833594552,1,1
312,0.226365888597658,4.99203427361362,0,0,-0.596524913576237,0,0
313,0.00688066180021419,0.736759633539547,1,0,0.479115166110549,0,1
314,0.110545504139736,0.812239802763443,2,0,0.678959168228921,0,1
315,0.508524105806002,0.508774000071562,2,1,2.1687556163403,1,1
316,0.371898422949016,1.76509988494217,0,1,-0.21698426322944,1,0
317,0.161091226327699,0.175762398295133,2,1,0.773463565730751,1,1
318,0.00600184383600232,0.187468437648607,2,1,0.739289871736992,1,1
319,0.982545567623914,2.95364023405361,2,0,0.1122829632132,0,1
320,0.104552528415673,0.95882219572862,0,0,2.14948875940444,0,1
321,0.00154643392765063,0.329961659976851,2,0,0.362006874032003,0,1
322,0.426644602418309,0.465497098381407,0,0,-0.347297346458523,0,0
323,0.0158905313583091,0.328713770334919,0,0,0.294118135422815,0,1
324,1.06583799599506,1.1054339455916,1,0,-1.35452417787922,0,0
325,0.383744558494072,2.24544751512526,2,0,1.19540780231814,0,1
326,0.480159119443789,2.18126474892353,0,1,0.663277742888523,1,1
327,0.0740164361195639,1.04223047189457,1,1,1.17093476715467,1,1
328,0.115780217284762,1.00316427436358,1,0,0.766969853359115,0,1
329,0.19675071205711,1.23348868756692,2,0,2.20341542770374,0,1
330,0.440039656215169,3.57039572609276,2,0,0.459707924926129,0,1
331,0.073113959224429,0.0747302693665922,2,1,0.51911632206692,1,1
332,0.0054559733640419,0.653972987554174,2,0,0.492121347889015,0,1
333,1.4708559847528,1.90980895839201,1,1,-2.09853927560358,1,0
334,0.957292097620666,1.44633826926107,1,0,-1.44022587929437,0,0
335,0.0412408205477491,0.498329950569846,2,0,1.11009138504303,0,1
336,0.0187240677502055,1.52986901442833,1,1,0.761461154708717,1,1
337,0.207032175205132,0.730833085200125,1,1,-0.514862068393693,1,0
338,0.393379175220616,0.627358431605217,2,1,0.281071801864885,1,1
339,0.479147888810195,0.69077983036152,1,1,1.38675100787635,1,1
340,0.426659590448253,0.474043644724145,2,1,0.145031402521018,1,1
341,0.0921391611918807,0.355343599200713,0,1,-0.385383409347823,1,0
342,0.144374492578208,1.2466571579652,1,1,-0.03605109761867,1,0
343,0.414755581609946,1.87232896260588,1,1,0.821664407342999,1,1
344,0.521007291972637,0.589928682893515,0,0,-0.55154315949141,0,0
345,0.240495259931777,0.443047688920021,1,0,0.0795528583213487,0,1
346,0.225882568800683,0.380344064220424,1,1,-0.963651407333586,1,0
347,0.0820398837095127,0.476805608743621,1,0,2.01059416262284,0,1
348,0.242289374221227,0.986011713347699,1,1,1.01824500511825,1,1
349,0.360535914369393,0.522638551111591,2,1,1.69503719149834,1,1
350,0.578607188772733,1.00954967728504,2,0,0.477440997671144,0,1
351,0.0707621875335462,0.327212979578653,2,1,0.816740686847709,1,1
352,0.641297302591187,1.17208855655326,1,1,0.200312872671983,1,1
353,0.196759004320484,2.29420450485817,1,1,0.1198826683971,1,1
354,0.132345726597123,0.164947617374779,2,0,0.486166619968297,0,1
355,0.132957337194078,1.42086950926071,2,0,0.209137026935724,0,1
356,0.927769240172223,1.81034524793941,2,1,0.401671000198264,1,1
357,0.973755325052484,1.67865853878723,1,0,-1.14136411310475,0,0
358,0.0861485367442369,4.72561531083018,1,0,-0.305755329028628,0,0
359,1.26222946774215,5.84398089598717,0,1,-0.474394611210979,1,0
360,0.15311934199417,0.333797453685384,2,0,1.11306317786185,0,1
361,1.06661874446423,2.58454905925994,1,0,1.02764142485373,0,1
362,0.060752896242775,0.656013144180179,0,0,0.565593533301006,0,1
363,0.565831094048917,1.20567279617635,2,0,-0.0527277684783435,0,0
364,0.0323498318903148,0.15302774399537,1,0,0.3786885429881,0,1
365,0.858321472161271,1.01609420128925,1,1,0.914871371400169,1,1
366,0.35660935100168,3.07079567363722,1,0,-1.75781916650766,0,0
367,0.558315377397489,0.734369695360427,1,0,0.129841540331722,0,1
368,1.14616406726988,1.24133606185308,2,1,1.43765010200336,1,1
369,0.00540583860129118,0.245639109521046,1,1,0.460147541848959,1,1
370,0.0332568133501728,1.4308396469467,2,0,0.475499713511911,0,1
371,2.74220226510408,3.44417579812634,1,0,-0.684099230060781,0,0
372,3.93955777941232,6,0,0,-0.482710546519155,0,0
373,0.672372191885308,0.702650894673816,2,1,1.03341608531231,1,1
374,0.148303298279643,1.22696380471913,1,0,-0.683343952416404,0,0
375,0.222393185831606,0.772651684766288,1,0,-0.306980301326493,0,0
376,0.346731616009492,1.01220687561403,1,1,1.7028077656142,1,1
377,0.00335413963111899,1.96844573196125,2,0,0.843027766230906,0,1
378,0.138211620505899,1.42734629241845,2,1,0.846467815558888,1,1
379,3.28444428352599,4.79011080059955,2,0,-1.41229062700089,0,0
380,0.116860298148822,0.185618118324817,1,1,0.0866876382462843,1,1
381,0.727050005781286,3.24634657802613,1,1,1.05202798823163,1,1
382,1.30705752784674,2.01366200014269,1,0,0.551906805155569,0,1
383,0.177668512976417,0.211792002941811,2,0,0.819784522375721,0,1
384,3.34058373777156,4.64373879046434,1,1,-0.501769690097893,1,0
385,2.53862516201081,2.61974722481614,2,0,-1.42043568940196,0,0
386,0.362174618131945,0.43033928458116,1,1,-0.785412680110148,1,0
387,0.0704342798761632,0.887772588004389,1,0,0.60825846210588,0,1
388,0.289203995780554,2.18944394172234,2,1,0.95620914769616,1,1
389,0.480044305414714,1.218548024542,1,1,0.666659233823486,1,1
390,0.213485589328657,0.272400493982044,1,1,0.248987518146937,1,1
391,0.169843899493571,0.56275752034552,2,0,0.448773340887381,0,1
392,0.203289653355104,0.869973630602577,1,1,0.509847267655353,1,1
393,0.555029187351465,3.9751828835584,2,0,-0.145769325555902,0,0
394,0.727524033973206,0.868031838171074,0,0,-0.259840748580428,0,0
395,0.321756507037207,0.850034302241102,1,0,1.92593701027353,0,1
396,0.287214474221425,0.404820944208705,1,0,-0.941202527805526,0,0
397,0.0969209651362371,0.760676075157234,2,0,0.060260262991827,0,1
398,0.234939794463571,1.62092085185959,2,0,0.759817642440401,0,1
399,0.0650909710675478,0.12348435602886,1,1,-1.26178323760671,1,0
400,0.297861425093086,0.398865453588117,2,0,-0.328811162141704,0,0
401,0.903857733123004,2.20864355441406,2,1,-0.706770970810243,1,0
402,0.792226329445839,2.75959989637513,2,0,-0.269286844152679,0,0
403,0.0840224765124731,1.41475799498717,2,0,1.04935520721835,0,1
404,0.713949764147401,1.32335694568409,2,0,-0.718834401548944,0,0
405,0.0120841283351183,0.41228491112274,1,1,-0.675382757949135,1,0
406,1.31990959960967,2.45824117752687,2,0,-0.652424782912599,0,0
407,1.83085698559733,2.01517125591636,0,0,0.207270536776502,0,1
408,1.02656940225849,1.48103846989682,1,1,0.594385363274915,1,1
409,1.04601268842816,1.23057479764128,1,1,-0.500384059177345,1,0
410,0.405598777579144,2.54454533374743,1,1,0.329032997476679,1,1
411,0.296966570895165,0.531626694278853,2,1,1.43449817826984,1,1
412,0.136178352113348,0.560895540676323,1,0,0.724990716216225,0,1
413,0.113849034823943,0.3594613151726,1,1,0.553510602367142,1,1
414,0.0021300686057657,0.474963126083215,0,1,0.074092706285119,1,1
415,0.269741903059185,0.508439357416171,2,0,-1.34073663028464,0,0
416,0.516730817966163,0.524811580749069,1,0,-0.562419659112671,0,0
417,0.440759831663974,0.558297421124982,1,1,1.19488712532312,1,1
418,0.117135388944434,0.543445890690082,1,1,0.32408180238355,1,1
419,0.605129444971681,2.68186063519678,2,0,-1.27911064890692,0,0
420,0.534598512432359,3.11235611016552,0,0,0.537290309301982,0,1
421,0.0623488819110207,0.0811675028211411,1,1,1.02713809692641,1,1
422,0.44169344238174,1.31994712603992,2,1,0.187901375855105,1,1
423,0.321873966359542,0.789388260031209,1,1,1.61485580232652,1,1
424,1.61374097798525,1.80684564824224,1,1,0.575832361779976,1,1
425,0.370179026795086,0.863419166448235,2,1,0.974794666651004,1,1
426,0.584754248239853,1.95344058634262,2,0,0.916674258864464,0,1
427,0.643860720098019,1.62425785854118,2,1,-0.372598188207503,1,0
428,0.709311810179435,0.754880310536607,2,0,0.967176717173263,0,1
429,0.57041815886908,0.775877373350999,2,0,0.818156151597711,0,1
430,0.125886701489732,0.65965568377317,2,0,1.53263797518434,0,1
431,0.580677253085218,1.20876624041217,1,0,0.784865738571103,0,1
432,0.236882129212768,0.529453306878561,1,0,0.45933006961725,0,1
433,0.0730280313291587,0.710521829493113,0,1,0.127851249815403,1,1
434,0.207911945180967,0.391732616429764,2,0,1.80699026851153,0,1
435,0.519219340031788,0.776058296484508,0,0,2.7353156622322,0,1
436,0.12826346811353,0.318431795910091,2,1,0.598884215935099,1,1
437,0.0322590405121446,1.02318047771139,2,1,-1.48761293486863,1,0
438,0.219595191301778,0.448389795298378,0,1,0.980707679231706,1,1
439,0.429190314374864,0.784723754789255,1,1,-3.07671226078894,1,0
440,0.167873007910089,0.265282787012132,1,1,0.274905726371091,1,1
441,1.25795547059512,2.94976426544142,2,0,0.645398168774107,0,1
442,0.486301083625124,2.28131677367111,2,0,-0.42612546679558,0,0
443,1.39983858565843,3.91826630003372,1,1,-1.03349363578736,1,0
444,1.29473825794981,1.98053657223635,1,1,1.13404471006863,1,1
445,0.00797445194165357,0.076502182313008,1,0,0.24904870810398,0,1
446,0.462701231564216,2.15733694760051,1,0,2.14328500333878,0,1
447,0.790487097576261,1.52532224316466,2,0,-0.705465217645674,0,0
448,1.0182866640389,1.5089495900403,1,0,-0.206687359986132,0,0
449,0.0728472679522996,0.180506713295479,1,1,0.57189601443251,1,1
450,1.01962630876515,1.21131700401586,2,1,0.291798475060033,1,1
451,0.219652780215256,0.605223285108791,2,0,1.07523992353711,0,1
452,1.40915893825276,2.53620850817879,1,1,0.568027088043215,1,1
453,0.315020311078268,0.592915141387945,1,1,-0.69068008707035,1,0
454,0.615961769336656,0.74429840104848,1,1,1.20205736916,1,1
455,0.90733790415676,4.48868971577305,2,0,0.320777572924721,0,1
456,1.20881114434451,1.43183183545868,0,0,-0.585043306831945,0,0
457,0.236660664959345,1.04213978323026,1,0,1.1883529682976,0,1
458,0.75563696559687,1.70374951865309,1,1,0.627724292885782,1,1
459,0.274444245442282,0.865898035186492,1,1,0.154541921852668,1,1
460,0.765128399219214,1.47674795021392,2,0,-0.0937247793305385,0,0
461,0.156823925790377,0.818022533886797,0,0,0.0309817262001897,0,1
462,0.0959989798138849,1.54183755364547,2,1,0.617449534486582,1,1
463,0.529116632882444,0.912302144785946,2,0,0.662718919734939,0,1
464,1.60545087478774,3.91764619659088,2,0,0.295906010775613,0,1
465,0.147860741999466,0.501264554137985,0,1,0.866560569013659,1,1
466,0.073004471778404,1.73262449786811,1,1,0.307987887366442,1,1
467,0.778954113458105,1.60988533248504,0,0,0.287430815360691,0,1
468,1.08908332348012,1.40517804439997,1,1,-0.843263117281703,1,0
469,0.155180295696482,1.23001437241078,1,1,0.475828053827952,1,1
470,0.0917634370853193,3.31754228265277,2,0,0.167339581994989,0,1
471,0.743226586465545,3.57466011647089,2,1,0.505233536328439,1,1
472,0.152652337856125,0.650186402436059,1,1,1.92337721160847,1,1
473,0.420174131868407,1.52864684085853,2,1,1.69472044695215,1,1
474,0.619596131119698,1.0810596516842,2,0,0.085735566389667,0,1
475,0.499687673264936,0.82708192687301,1,0,0.757375559038707,0,1
476,0.196997696569211,0.557560296729207,0,1,0.589796354576294,1,1
477,0.173862734287207,5.73185070305879,1,1,1.13469344520975,1,1
478,0.12254122436806,0.457721836864948,0,1,-0.101123493788569,1,0
479,0.0463396245613694,0.179451630773015,1,1,-1.38531762906606,1,0
480,0.0921141140861437,0.247603328810181,2,0,0.98624162288082,0,1
481,0.132382313770651,0.817675635738519,1,1,-0.402325958056822,1,0
482,2.53576230435612,3.0588985607028,0,1,-1.44466912160199,1,0
483,0.100650882565588,1.38934057364806,1,1,0.368358020207818,1,1
484,0.386878041863317,0.393039881417057,1,1,0.217171839543955,1,1
485,1.35220327507704,4.32337060054915,2,0,-0.255703935161006,0,0
486,0.0371953123249114,0.939264620027297,2,1,0.00552698531068483,1,1
487,0.547079508192837,0.964946790287892,0,0,-0.607953127297468,0,0
488,0.0232921550050378,1.44771161178748,0,0,-0.0510641683980269,0,0
489,0.615886869840324,0.886511314412744,1,1,-0.18341030087507,1,0
490,0.693364401347935,4.78717955213931,2,1,-0.753241865788734,1,0
491,0.110722492789654,0.512674816182018,2,0,1.91402794889604,0,1
492,0.216324061274762,0.217763184034304,2,0,-0.520610932314999,0,0
493,0.239716238312858,2.16131393508357,1,1,-1.08896579208787,1,0
494,0.286097881946275,0.885086693224907,2,1,-0.294908395765477,1,0
495,0.980806089885175,1.65521983553662,2,0,0.782885941678075,0,1
496,0.159625061651336,1.25843512515227,0,1,-0.145095392233882,1,0
497,0.0211624328519811,0.0323715578232572,1,1,1.14755230924821,1,1
498,0.51813658685043,1.10410538167761,1,1,0.0934763771783081,1,1
499,0.960102912890888,1.28149498753731,1,1,-0.131890343551852,1,0
500,0.349068888172042,0.840867716958148,1,0,0.66537597507046,0,1
501,0.199342028063256,0.391033699089049,2,0,0.038151537960844,0,1
502,0.1116286724573,0.427457143863042,0,0,1.37476358841618,0,1
503,0.246015941665974,1.01979714697733,2,0,1.77932807461886,0,1
504,2.06866564965787,2.51758435275789,1,0,-0.685699893401167,0,0
505,0.0505159588647075,0.74488424639929,0,0,0.249548013769105,0,1
506,0.512031731751569,0.704326367431025,1,1,0.901941257231203,1,1
507,0.0631119692116044,1.19233933990857,2,1,1.09412031982279,1,1
508,0.269850594892416,2.64707499884005,1,0,-0.512085929420816,0,0
509,0.293544219457544,1.01890217069497,1,0,0.461367276062754,0,1
510,0.400231593230274,2.60318017413252,2,0,1.36466827527934,0,1
511,0.0450001985882409,0.573292121558782,2,0,0.0610979250915243,0,1
512,0.543993064088398,1.94915484591396,1,1,1.12481483480565,1,1
513,0.292311229743063,0.503229284428334,1,0,-0.791060014969176,0,0
514,0.091027625836432,2.33670036475453,2,0,-0.0694104826982582,0,0
515,1.90829918525162,2.378145315391,2,1,-0.117764944385522,1,0
516,0.995484764422581,1.67349173867243,1,0,-0.165500877477807,0,0
517,0.260302085080184,0.689062644718536,1,1,0.822534613237776,1,1
518,0.0487336902941114,2.08737168758354,2,1,0.610973258573382,1,1
519,0.295653124339879,1.32633636943491,2,0,0.385745742416884,0,1
520,0.0755717592678012,0.564888629061057,2,0,1.06076981016662,0,1
521,0.0292763957463131,0.13943287708512,2,1,2.00976773180551,1,1
522,0.123792817828182,0.383400398024165,1,0,0.191294858759332,0,1
523,0.00274814025033265,0.123893802422721,2,1,0.96034966952163,1,1
524,0.162391928315628,0.498047265752198,2,1,2.87126648496896,1,1
525,2.06244428012722,6,0,0,-0.919037829443623,0,0
526,3.30814579857473,6,0,0,-1.21687036367106,0,0
527,0.438280848786235,0.714692200031098,1,0,-0.465393449284633,0,0
528,0.0919531835825182,2.36303937733027,2,0,2.04073561590549,0,1
529,0.482456978410482,1.44976643293685,2,1,-0.0931609166096271,1,0
530,0.0103484091232531,0.295892170308356,1,1,0.500021012388191,1,1
531,0.205374354554806,0.954301975166119,2,1,0.694191213786178,1,1
532,0.0834863891941495,1.17188574580871,1,1,0.10457175469335,1,1
533,0.565550535641946,0.874262360125106,2,1,-1.31610811730897,1,0
534,1.47654068834128,1.50584809457555,1,0,-0.40366364855248,0,0
535,0.268207566336755,0.895999587544065,2,1,0.946470228694631,1,1
536,1.61444796124978,5.10732712817001,0,0,0.645764869746312,0,1
537,0.0309729566922865,0.0487864479665503,1,0,0.913322622811912,0,1
538,0.325198606587946,0.992056401756016,1,0,-0.816932451096587,0,0
539,0.21093767543789,2.00098351885875,0,0,0.313658971363717,0,1
540,1.12471655122341,1.86815583124412,1,1,1.56655885553124,1,1
541,0.680921197159593,0.786013251820612,1,0,0.193714782237101,0,1
542,0.173381218058404,0.179540772611896,0,1,0.42589540312787,1,1
543,0.901030023762599,1.39712476688694,1,0,1.11865834851962,0,1
544,0.623229737393558,2.05444727294174,1,0,-0.290675367627344,0,0
545,0.109978927832944,1.47901651449502,0,0,-0.0895165308710157,0,0
546,0.205325806513429,1.86042166501796,1,1,-0.0478284105778553,1,0
547,0.0298869330457542,0.0715221857514761,2,1,0.27004932675635,1,1
548,0.40746849309653,1.7255592190971,0,1,-0.703531916705328,1,0
549,4.94661536113032,6,0,0,-1.15500982420034,0,0
550,0.418006693653297,0.430869777042358,2,1,0.68573866069849,1,1
551,0.198672257691323,2.17716984761258,0,1,1.00759018363739,1,1
552,0.265481984242797,0.720814908628936,1,1,0.149723561676781,1,1
553,0.477138116166256,0.865110937666646,1,1,-0.762564213242861,1,0
554,0.188574154162779,1.36498622383662,2,0,0.675213307399566,0,1
555,0.169632217472118,0.38363834458311,1,1,-1.27882396967375,1,0
556,0.00553435274833737,1.2775816830496,0,0,0.358735254982619,0,1
557,0.0596398874768056,0.848750027342796,1,1,0.757684619796482,1,1
558,0.924419650056973,3.02119061040382,0,0,0.627321407625386,0,1
559,0.559815731804639,0.956312777841703,0,0,1.22629114771818,0,1
560,0.508013980617269,1.56350336762346,1,0,-0.0120496230629186,0,0
561,0.305138200485509,0.907610322251904,1,0,0.0108860944227482,0,1
562,0.570294238067189,0.736924773927844,2,0,0.067086294300681,0,1
563,0.319509626424406,0.610571304959927,1,1,1.44057406946719,1,1
564,0.382493625109891,0.535606213695225,2,0,0.258312501833183,0,1
565,0.0168993382249027,0.16131175396888,1,0,0.11208260013427,0,1
566,1.18801265116781,2.09638503399998,1,0,-1.51656047670252,0,0
567,0.119380929972976,0.397057877355773,2,1,2.15068478686977,1,1
568,0.149195474223234,0.570534234685348,1,1,0.495811996929746,1,1
569,2.90847790644583,6,0,0,0.39764943379966,0,1
570,0.131875544902869,0.840871608699137,1,1,0.920581128890927,1,1
571,0.22650945931673,1.29119224083466,1,1,0.487995598644723,1,1
572,1.70233971111731,2.59255263875685,1,0,0.614079310800202,0,1
573,0.049900000502862,1.17569335244857,2,0,2.0639718710519,0,1
574,0.633346246296361,0.840850914060543,1,0,0.864895743963627,0,1
575,0.771423815749586,0.949377748085494,1,1,-0.592171163526896,1,0
576,0.0196963233113701,0.695786051616685,0,0,0.991026298257332,0,1
577,0.0141212275618169,0.0946113525884033,1,1,-1.67150259946742,1,0
578,0.700124843801688,0.71762107660961,1,0,0.211333033038149,0,1
579,0.158923858834896,1.48076417953699,2,0,0.265875150716739,0,1
580,0.327069160295813,0.573505655322359,2,1,-0.340639308363497,1,0
581,0.549077097649507,0.941797579747936,1,1,0.815373279508542,1,1
582,0.161372131200801,0.164861676611431,1,0,-0.91233414894848,0,0
583,1.26102878339589,4.64982083182336,1,0,-1.3977865886449,0,0
584,0.187012850074098,0.57096430184563,1,0,0.232610436790113,0,1
585,0.217557951205525,3.87929215807715,1,0,0.704673831751553,0,1
586,0.33710240572691,2.06201165032694,2,0,-0.062674730358939,0,0
587,0.361851664201822,1.57524252801163,2,0,0.342447787605686,0,1
588,0.832829099937163,1.08377257362008,0,1,0.614890375480475,1,1
589,0.164991914061829,0.229880889869217,2,1,1.26470032343438,1,1
590,0.004180223622825,0.982486996335362,2,1,1.12373229135653,1,1
591,0.128203459025826,0.327527697135387,0,1,1.96532801421677,1,1
592,0.634981099516153,1.56674316341019,1,0,-0.138138607639568,0,0
593,0.818524438046672,1.22851404507046,1,0,0.638208427324394,0,1
594,0.286550222372171,1.40427747244238,2,0,0.014548568666421,0,1
595,0.185926584235858,0.698020709478347,2,0,2.37172320960748,0,1
596,0.364446492749266,4.27694498561323,0,1,0.661863658834969,1,1
597,0.817771285047576,2.36957256445093,1,0,0.687470347053983,0,1
598,0.226517382077873,0.393107720814134,1,1,-0.0315456793166805,1,0
599,0.376602010801435,2.56250436132532,1,1,1.0190765269403,1,1
600,0.637542562194179,2.40319250331476,2,1,0.743802130932848,1,1
601,4.09705735353713,4.56417721986074,2,0,-0.32531818222731,0,0
602,0.206746815796357,0.588244722221454,2,0,0.467609272302382,0,1
603,0.517885466106236,1.22179835501359,1,1,-1.78675242333496,1,0
604,0.610548436641693,0.858130356483336,1,1,-0.231920445043205,1,0
605,0.169518497132231,0.351878357064438,2,0,0.753712207547666,0,1
606,0.188721593997643,0.469352062231126,1,1,0.0680192103241702,1,1
607,2.14766665912213,3.93327427673883,1,1,-0.647085860784062,1,0
608,0.107991569093429,0.500480487362504,0,0,0.858024118782191,0,1
609,0.292605449271339,1.04802428968544,2,0,0.448298127205774,0,1
610,0.856954302263268,1.47063224420504,0,0,0.465146235305698,0,1
611,0.118294382723218,0.513663861195117,1,1,1.05620607641773,1,1
612,0.332505360129289,0.852478243984477,1,1,0.218854036882549,1,1
613,0.4699565522343,0.634024860324242,1,1,0.621756340215427,1,1
614,0.0308272512629628,1.62325715646148,0,0,-1.02546547280842,0,0
615,0.147267545107881,0.393485360986903,1,1,-1.28681288733487,1,0
616,0.0213388734846376,0.264275917892468,2,0,1.4814348020367,0,1
617,0.0410909415593879,0.185786419684745,2,1,0.975632666451317,1,1
618,0.98632369418034,1.19905193417965,1,1,0.932586770062557,1,1
619,0.063843485618399,1.53308753000112,1,0,0.0938730412794491,0,1
620,0.0272956938349679,0.416618608986735,1,0,0.911460105227874,0,1
621,0.0367607525879614,0.607988817468394,1,1,2.05331537348077,1,1
622,0.180275801685639,1.29209253722696,2,0,1.35574066520696,0,1
623,0.429580281411584,2.6213950108197,2,0,-1.27122423774135,0,0
624,0.172155732076697,0.620195164034764,0,1,2.04072827517099,1,1
625,0.049173979787156,0.300250459257935,0,1,0.127951939733118,1,1
626,0.202407354081515,0.828040682904599,1,0,0.0959334077207054,0,1
627,0.097769649582915,2.01956636828782,2,0,0.19689672741425,0,1
628,0.110021855656358,0.827065974867433,2,0,0.350142056403835,0,1
629,0.929659419873372,2.28041875192809,2,0,0.511851661047718,0,1
630,0.489833377301693,1.36585350206533,1,1,-0.272156161345255,1,0
631,0.723999405719161,1.54776708509515,2,0,0.0594943153733948,0,1
632,0.0586103303357959,0.489842069767046,1,1,-0.292175935343432,1,0
633,0.315306480915751,0.509347300067387,0,1,0.454007109423423,1,1
634,3.28945452330594,4.532023295345,2,1,-0.471219938884751,1,0
635,0.739982068395656,0.895583729699053,2,1,0.329062369717866,1,1
636,0.072396679315716,0.453214846182463,1,1,0.379759393497258,1,1
637,0.431752571021207,0.98017723641888,0,0,0.138161297356277,0,1
638,0.0561977713368833,0.282090468090125,1,1,0.0839972647030856,1,1
639,0.559544575557591,3.64523961519202,0,0,0.753409678694711,0,1
640,0.155065712751821,2.06709883450726,1,0,0.388024323670153,0,1
641,0.02340954169631,0.723478174867615,1,1,-0.641033633409783,1,0
642,0.560729373246431,1.79805094997088,0,0,-0.121038801407885,0,0
643,0.807150060983196,1.02860102429986,0,1,0.492663781261966,1,1
644,0.288896593265235,1.72873559315164,1,0,-0.494109628918917,0,0
645,0.654777858263634,1.81014147220328,2,1,0.928076523498067,1,1
646,1.29167898837477,2.59107404209043,2,1,-0.837453571480251,1,0
647,0.238595673100038,1.26734427860956,1,0,0.287412920850001,0,1
648,0.0602927157888189,0.599658386781812,0,1,0.727365277799876,1,1
649,0.576639829642892,1.02440838307628,0,0,0.068556482762182,0,1
650,0.0531222977553122,1.05910884336424,1,0,-1.83251836704824,0,0
651,0.207948122697417,0.623388335818707,2,0,0.730165061469763,0,1
652,0.48183092661202,1.47598890277247,0,1,-0.199707386091302,1,0
653,0.479692241034292,0.996166643381853,2,1,0.79569377585179,1,1
654,0.8312609475106,1.03502576786013,1,1,-0.494495002843156,1,0
655,1.49633056359871,2.37091550288768,1,0,0.847010553110767,0,1
656,0.103143822343554,0.552208857986744,2,1,1.6458118259819,1,1
657,0.166466595116306,2.08309366773819,1,1,1.15555919368059,1,1
658,0.134785196860321,1.84780528185674,1,1,0.509393769646867,1,1
659,0.440599453842089,1.97223181146111,1,0,1.09898218018431,0,1
660,0.115954836946912,1.93789040973792,2,0,1.19679764718549,0,1
661,0.085935914888978,0.330682956015385,1,1,-0.603517991455082,1,0
662,0.661420807242393,6,0,0,-0.884268560345343,0,0
663,0.34984197904123,1.43069227180495,1,1,0.0435049288883022,1,1
664,0.545740026255891,1.29267888916417,2,1,0.130794509231359,1,1
665,0.107820033067434,0.381181961549502,1,1,1.09504431134993,1,1
666,1.31443263217807,1.58761944927139,2,1,-0.601435557204815,1,0
667,0.0990695606366334,0.101309000551084,2,0,2.0095304540481,0,1
668,0.0459550503362226,1.37283698966106,0,0,-0.0256842586173606,0,0
669,0.000818052503746003,0.152129472452458,1,0,0.492240153559643,0,1
670,1.0197922848165,2.21265783039007,1,1,-0.422469335404771,1,0
671,1.55356045986722,2.70671869655353,1,0,0.739157896642249,0,1
672,0.479486123539501,0.791153754699824,1,1,1.11153908550505,1,1
673,2.63984013526681,4.30601093120006,2,0,-0.433119087154125,0,0
674,1.19839454628527,1.63176079390665,1,1,-2.03481299482341,1,0
675,0.0102699996205047,1.92263805850348,2,0,1.21885621807089,0,1
676,0.240485331675186,1.17100312605779,0,0,0.809919438351718,0,1
677,0.127046816633083,0.202498420625782,1,0,0.120604487961709,0,1
678,0.780728391740265,3.84163684825719,2,0,0.27088689298931,0,1
679,0.00593968361403919,0.522020450966236,0,1,-0.185138338090138,1,0
680,1.33460213243961,2.70498941539789,2,0,-1.38026843280758,0,0
681,0.0825195660581812,2.3406482715704,1,0,0.256416806373362,0,1
682,0.254712644964457,3.04787684164501,1,0,-0.00557043999432275,0,0
683,0.0510936163996732,1.26716870267783,2,1,0.312144317685734,1,1
684,0.217217911966145,3.87702069804582,2,0,-0.0136145452241058,0,0
685,0.295717316679657,0.909583428874612,0,1,-0.392979885615205,1,0
686,0.113654885461589,0.519607325329834,2,1,0.279522369793644,1,1
687,0.831802752191954,3.20222813393306,2,0,0.377287867338856,0,1
688,2.11961176334145,2.21733284417884,1,1,-0.0499925263486227,1,0
689,0.422063279896975,0.605611699117815,1,1,-0.264853629607729,1,0
690,1.81969773193675,2.3530481778925,1,0,-0.566813054325378,0,0
691,0.200654173728999,0.462686830278237,1,0,3.00457228426385,0,1
692,0.443894125148077,4.7195003708258,2,0,0.00088980327687182,0,1
693,0.0213095100801793,0.301366029307246,0,1,1.20989852728695,1,1
694,0.102970577686889,0.77231718318387,2,0,1.17691504945917,0,1
695,2.72421413465383,5.02912993833186,0,0,-1.01811032636624,0,0
696,0.0826549873454496,1.29366135537228,1,1,0.594331108934593,1,1
697,0.568764166995845,6,0,0,-0.552801409305615,0,0
698,0.255882360797841,0.914611827441593,2,1,1.39110043470281,1,1
699,0.202915405388921,0.265690000408948,1,1,0.562204631602355,1,1
700,0.790379416197538,1.77747093123823,1,1,-0.975397649696646,1,0
701,0.027523597527761,0.745238363633811,1,1,1.22904211297472,1,1
702,0.295645759033505,0.839784206513879,1,0,0.190417571988756,0,1
703,4.11507493613248,4.35502202436505,2,0,-0.0311078067419302,0,0
704,0.100948294857517,4.10674671743973,1,1,0.0292086623029178,1,1
705,0.184775950328913,1.08713268269648,2,0,0.419614326203491,0,1
706,0.387668858747929,0.628617367703972,1,0,0.0873190728521133,0,1
707,0.435518821701407,0.612199596229013,1,1,-0.112098295005667,1,0
708,0.203671466442756,1.3789223296207,0,1,0.0852197404416655,1,1
709,2.00588187721033,2.51237362389831,1,1,-0.486325042410875,1,0
710,0.724026860173734,0.84308142744131,1,1,-0.680243958725656,1,0
711,0.156604113057256,0.344231355018721,1,1,-0.723083450775093,1,0
712,0.875467897392809,1.11310404363626,0,0,-1.58096607005821,0,0
713,0.034182310270716,1.59118957994294,2,1,0.176345352259617,1,1
714,0.274207127280533,0.305561398069204,1,0,-1.12743025878932,0,0
715,0.367958297093377,5.45655978116643,2,0,-0.298948647753535,0,0
716,0.13099312025588,2.00745170426987,1,1,0.76449998341251,1,1
717,0.412309067323804,2.63379379563265,2,0,0.763083227004831,0,1
718,0.152438678778708,0.185207862068404,2,1,-0.161038674014114,1,0
719,0.223944291647058,0.766502651892581,2,0,1.66206413677363,0,1
720,0.511870775488813,3.63758062509348,1,1,0.300451726730526,1,1
721,0.701207423672833,1.54956947668965,2,1,1.64982120487476,1,1
722,0.406566528836265,1.02802137342568,0,0,0.396994170398289,0,1
723,0.150979626187274,0.694980322121504,1,1,-0.460088764401449,1,0
724,0.0566793150820926,0.404546496137829,2,1,1.41112186429928,1,1
725,2.51174621461871,2.51363840808953,1,1,-1.54477402296074,1,0
726,0.284427267324645,0.77716943090356,0,1,1.01302669963007,1,1
727,0.186269736529946,0.830524829949842,1,1,0.484724107156392,1,1
728,0.0491019958280958,6,0,0,0.523821391116704,0,1
729,1.87484657569768,2.77515657864236,2,0,-0.65052739346701,0,0
730,1.45693969181858,5.98193641427852,2,0,-0.755703209070469,0,0
731,0.509461251661976,2.19113758885745,1,1,0.307182732307261,1,1
732,0.0606049339004499,0.190942827281023,1,0,-0.662437250142152,0,0
733,0.206306292093359,0.945915157063102,1,1,0.199059085563723,1,1
734,0.147549138928298,1.83101935733404,0,1,1.45921905900811,1,1
735,0.300738066143822,0.43935532055921,1,0,0.982823127073779,0,1
736,0.350488764524926,1.58024135677167,1,0,1.76650575909921,0,1
737,0.00681611720238274,0.471003373467685,2,1,-0.0738678126614138,1,0
738,1.56012742190196,1.93257646652907,1,1,0.583383485509066,1,1
739,0.0768193309104976,0.349031832201691,2,1,1.69299909716048,1,1
740,0.0608298367575598,0.264304392541876,2,1,0.60582240287056,1,1
741,0.65810464902018,1.18138307184538,2,0,0.00548446925984985,0,1
742,0.261898829612859,0.615843781990352,1,1,-0.126635754844479,1,0
743,0.25259364861995,2.71481765605311,1,0,1.31974954877706,0,1
744,0.351764148508664,0.616253450479762,1,0,0.240362362768257,0,1
745,1.12454748060554,1.72876834248503,0,0,-0.547143268494786,0,0
746,0.295920558931922,0.519795226207964,2,1,0.603109359760868,1,1
747,1.13076036144048,1.48444564535551,1,1,-0.97360593782401,1,0
748,2.71617587647381,2.95826269187837,2,1,-0.756455043063628,1,0
749,0.479804063189596,0.550322947594991,2,0,2.63425581504241,0,1
750,0.213468095753342,2.3146827170658,1,1,0.917451015874893,1,1
751,0.0920473439618945,0.796626969230407,1,1,-1.46431453477221,1,0
752,2.082980601033,3.26069930721097,2,0,-1.25996790219417,0,0
753,0.0493466923597743,0.372664301345746,0,1,0.780367764810596,1,1
754,0.323241270089056,0.534683354959696,2,0,0.351481352292655,0,1
755,0.262618895212654,0.366417890719284,1,1,2.60857392518594,1,1
756,0.391936068772338,0.713079599325107,2,0,2.11254823125624,0,1
757,1.26070503890514,4.40453260583578,2,0,-0.313898189036531,0,0
758,0.0604123547673225,0.469205885251724,0,1,-0.343738985288996,1,0
759,2.04106279454174,3.32489197649399,2,1,-0.160867747264965,1,0
760,0.713663883333901,1.2551761051499,1,0,0.998698726701058,0,1
761,0.487135682461605,0.648994654969265,1,1,0.494334065547811,1,1
762,0.301035173237324,0.501613107820352,0,1,-0.257509521069266,1,0
763,0.215954581036937,1.10002083830528,2,0,0.0818097402264366,0,1
764,0.11083545705218,1.19978806343087,1,0,-1.09230308174162,0,0
765,0.134885142324492,1.77777247790381,1,0,0.543645739436408,0,1
766,0.567532653920352,0.664762802411125,2,1,-0.967414850096714,1,0
767,0.363641952652089,2.45529085263216,1,0,-0.249069347428687,0,0
768,0.16213353307232,0.826084893986082,2,0,1.80180372567915,0,1
769,0.217558426587879,1.28939531258396,1,1,1.6918474100909,1,1
770,0.0170864986981241,0.487386180708806,0,1,0.545738724281077,1,1
771,0.697366654613808,0.914035907459742,1,1,1.11703245587381,1,1
772,0.0710672963759862,0.575248106946017,1,1,1.69340816368242,1,1
773,0.60811244647187,1.61905357554809,1,1,0.0462024728609628,1,1
774,0.66234270923008,1.69201540151691,2,1,0.826496743356136,1,1
775,0.288546518713702,0.301940362709068,2,1,0.827962693729689,1,1
776,0.412091488251463,0.543167789627111,1,1,1.90744221828935,1,1
777,0.275451208872255,3.31618481003598,2,0,0.15014434239098,0,1
778,0.0599616877733955,0.131433713526633,1,1,-0.135913218523008,1,0
779,0.328094093129039,0.405966411273893,1,0,0.496094439218095,0,1
780,0.955136251602618,1.61981295106993,1,1,0.893984512650207,1,1
781,0.0300759834190497,0.744016315820594,2,0,1.20988346469464,0,1
782,0.195952258363832,3.72532138251214,2,1,0.0929971375409495,1,1
783,0.532573494684704,0.642237943389899,2,0,1.99086854287237,0,1
784,0.321939270070288,0.817027625886157,2,0,0.120210440016817,0,1
785,0.105600522074383,0.153070704944455,2,0,0.574957456827655,0,1
786,0.150373917422257,0.327313018377907,0,0,2.10353342999101,0,1
787,0.308606101025362,1.04153082473236,2,1,0.103768861033737,1,1
788,0.280015308817383,0.46770661122231,2,0,1.11933459988335,0,1
789,0.482004460037507,0.995975073637358,2,1,0.792430866361756,1,1
790,0.584564210780524,1.05963548562032,2,1,-0.0609817028701452,1,0
791,0.00809380940590751,1.9810600932049,2,0,-0.233131475383099,0,0
792,0.551475660411563,0.676830821011559,2,1,1.53743732618712,1,1
793,0.531314512733036,1.3581627762566,0,0,-0.358126392937019,0,0
794,0.126779326528776,1.09868962938587,0,1,0.802230075131631,1,1
795,0.161098950053049,1.36937148839291,1,1,-0.256805487268606,1,0
796,1.08448041696101,1.60069615902642,1,0,-0.840358466510376,0,0
797,0.70037258695811,3.49500325643895,2,1,-1.30216232835912,1,0
798,0.679299764425315,1.55090831560998,2,0,1.30105547340781,0,1
799,0.932210581117478,3.07672131522985,1,0,0.3031329008795,0,1
800,0.27589183220053,1.29715767378608,0,0,-0.555168460944806,0,0
801,1.40340525481043,6,0,0,-0.732498251120845,0,0
802,0.198408492301553,1.71086217869219,1,0,-0.964031020812032,0,0
803,0.0671717169818287,0.20922282249962,1,0,-1.4404047531615,0,0
804,2.27433558016952,5.00478594313444,2,0,0.625831987543623,0,1
805,0.274291163310409,0.380202456576488,2,0,-0.0371905721649227,0,0
806,0.0182149846907757,0.0955968883369188,1,1,-1.88063869615224,1,0
807,0.37524269806454,1.13361700421833,1,0,0.128265787466258,0,1
808,0.285453917873852,1.25199815831327,1,1,0.587858528129719,1,1
809,0.118746870772031,1.08115137930192,1,0,1.63417064356712,0,1
810,3.90030683187728,5.55874222021156,2,0,-1.33648743929646,0,0
811,0.0579321255129717,0.402018179817753,2,0,1.71818324193435,0,1
812,0.410045344033279,1.42384404105248,2,0,0.51156822936639,0,1
813,0.0040091696428135,0.735139260068536,0,0,0.550395023421282,0,1
814,1.26756654697807,1.44357869045271,2,0,0.959850901173554,0,1
815,0.121171383617319,1.18969489038922,1,1,0.907670111207503,1,1
816,0.711553762273411,3.35840936439733,0,0,-1.31349390281782,0,0
817,0.595076116186955,1.88118574209511,0,0,-1.17723073706468,0,0
818,1.43903304441812,5.4920452928727,2,0,-1.58552355819678,0,0
819,0.171856361184065,0.254242084551348,2,1,-0.139481086474902,1,0
820,0.786707645443114,2.59912712973066,2,0,-0.749563595655179,0,0
821,0.73005944211036,1.16065392522166,1,1,-1.83427819524957,1,0
822,0.790628546356976,3.54368184782965,2,0,0.0111854264564564,0,1
823,0.173986790759955,1.53381266003398,2,0,1.20851525424741,0,1
824,0.138859032595064,0.359941734336274,2,1,0.0151402532252006,1,1
825,0.331261679239105,0.759098876243851,1,1,0.096461394340053,1,1
826,0.406756761949509,2.30806594928896,2,0,0.13651207247108,0,1
827,0.46059110605555,0.857696011169953,1,1,1.21847045768981,1,1
828,0.10996140463216,0.221845048826673,2,0,1.47075048075098,0,1
829,0.931066655052947,1.24780377720986,2,0,-0.595898557090609,0,0
830,2.06868134058061,2.42656729101679,1,1,-0.404331391413964,1,0
831,0.258246179146226,0.553744559625321,2,1,1.21600506060068,1,1
832,0.277521333482582,1.4543879954655,2,0,0.158280875496846,0,1
833,0.140521922730841,0.720728232126916,2,0,0.164954808287826,0,1
834,0.526909931187339,1.35610061144834,2,1,0.644901284608392,1,1
835,0.114521685172804,4.98241221560531,2,1,0.0884300228288651,1,1
836,1.58654690152946,2.12407891342821,2,0,-0.486307405729817,0,0
837,0.383150159614161,0.62480109372286,2,1,0.62879246010195,1,1
838,0.153698450255191,3.62070580080255,2,0,0.765703681942107,0,1
839,0.13220046274364,1.29998977216689,1,0,-1.37456080453541,0,0
840,1.01409345859998,1.25429582103413,2,0,0.562970948608493,0,1
841,0.525726554526919,3.72139454004595,1,0,-0.420580563115319,0,0
842,0.0902430993502436,2.15955046820496,2,0,0.0423314197647207,0,1
843,1.58208627059104,3.18377140793764,2,1,-0.838742165133646,1,0
844,0.185653660668005,1.94391790310381,1,1,0.23643551295236,1,1
845,0.707434050738811,0.852581549246483,2,0,-0.561237894448577,0,0
846,1.88672987205994,2.91777026216757,2,0,-0.160022090627441,0,0
847,2.55031587175074,3.30156606485805,0,0,-1.17448105040088,0,0
848,0.0487709061055248,0.519225170883768,2,0,-0.339345472238456,0,0
849,0.0136840704362839,2.2651988259708,0,0,0.923258330431241,0,1
850,0.0488879252225161,1.17765192875218,2,0,0.37887301686696,0,1
851,0.0162496594266499,1.99884191773999,2,0,1.16164208884729,0,1
852,0.0143007793861617,0.119684983319963,2,1,1.12579347028068,1,1
853,0.0180395946256086,2.36693988707543,1,1,0.00558012594991641,1,1
854,0.105718201375566,0.298124271288519,2,1,2.19984961830251,1,1
855,0.654677351677612,1.61833501610305,2,1,1.1539243579326,1,1
856,1.36397877894342,2.02374229969738,1,0,-0.997745959418511,0,0
857,0.653609025292099,2.80913737708497,2,0,-1.37626052129498,0,0
858,0.0289483723463491,2.38074976366432,2,0,0.36407788027389,0,1
859,1.12470577648102,1.67502860522101,2,0,1.42925388571538,0,1
860,0.0899764575297013,0.221877714424978,1,0,1.26799646192,0,1
861,0.154599087545648,0.492370590104845,2,1,0.000308835257123563,1,1
862,0.10348479810346,4.1319148397694,0,0,-0.608817583182101,0,0
863,0.389523860067129,1.56502609610461,2,0,1.39131807666268,0,1
864,0.0502305580303073,1.33873726206976,0,1,-0.0748253378133028,1,0
865,0.236568405000762,0.282053185793672,1,1,1.03904542071306,1,1
866,0.167397430632263,0.554071375090296,1,1,1.52285067147327,1,1
867,0.0722301605318325,3.04587446994422,1,1,0.540477339526763,1,1
868,0.227408607315738,0.841798237413149,2,0,0.501678163843565,0,1
869,0.764763760380447,1.95925282790987,0,1,-0.448716618310296,1,0
870,0.214168967349028,0.509822794926252,2,1,0.85174109763731,1,1
871,0.581050159499802,0.850636697708279,2,0,1.59068150837708,0,1
872,0.145609574974515,4.80882824095947,0,0,0.67837936089468,0,1
873,0.0338139310479164,0.656667249954576,1,1,-1.04123831649047,1,0
874,0.00477384339319542,0.381407739313087,2,1,1.2247886849073,1,1
875,0.0381598451995549,2.99332454611719,1,0,-0.0731174992726637,0,0
876,0.0223233288460712,0.58253722024117,1,0,-0.648874223100245,0,0
877,0.387667724862695,0.769488812949701,2,0,0.234766745988377,0,1
878,0.992174040526152,2.64079316278738,1,0,-1.16875290133805,0,0
879,0.207697481494203,1.45875092823961,1,1,-0.59337750635106,1,0
880,0.200521763414145,3.399238086616,0,0,-1.24682474722018,0,0
881,0.825509062968194,5.36354040407656,2,0,-1.26630428457444,0,0
882,0.0384506858384874,1.10973864636628,1,1,-0.39058305443176,1,0
883,1.0629523731243,1.46192712739594,2,1,0.742528430470463,1,1
884,0.582839238457382,1.0421137791127,0,1,-0.48306631983857,1,0
885,0.463757619564151,2.75376663551919,2,0,-0.235862631679543,0,0
886,0.316483953633601,0.338992409576767,2,0,0.924376662731754,0,1
887,0.622588471134014,1.3889905181444,2,0,0.872278511366284,0,1
888,0.0189554924145341,0.871295561556142,1,0,0.709301956983787,0,1
889,0.937037977389991,1.93596456199884,0,1,-0.891431506962885,1,0
890,0.209642831468955,0.248501197167778,2,0,2.31661273294609,0,1
891,0.407488051278051,0.408572578906162,1,0,0.875075919012226,0,1
892,0.198143009261431,0.370015278458595,0,1,0.281510264768246,1,1
893,0.925938667444155,1.94105112501483,2,0,0.836242401472877,0,1
894,0.702842590457308,5.20692056157761,1,0,-1.01386863026119,0,0
895,0.0387555445195176,1.40270128608441,1,1,0.508414768242199,1,1
896,0.314418938137917,0.944770958793602,1,0,-0.970843515430215,0,0
897,0.348967090249062,0.978271628967206,1,0,-1.43483744632126,0,0
898,0.883458812721074,2.18029348649194,1,1,-0.699684819575555,1,0
899,2.49727880946341,3.68519253097475,0,0,-0.931165593638298,0,0
900,0.134595623001307,0.244498063045306,2,0,0.358402963175633,0,1
901,1.41248691605076,1.58119848245619,0,0,-0.195718803519597,0,0
902,0.134236754383892,1.2307723467018,1,0,1.95061632587453,0,1
903,0.14207804488251,0.494325206958186,1,0,2.02930283464739,0,1
904,0.0659091639681719,0.637299974138538,0,1,0.129481230663985,1,1
905,0.46752988120514,0.910076108050629,1,1,1.48617334274687,1,1
906,0.459759660996497,1.67920725613089,2,1,-0.537748686657165,1,0
907,0.0509100973265117,0.768971679635697,1,1,0.866785333508738,1,1
908,0.0262246426648312,2.06429948302529,1,0,0.142922058523713,0,1
909,1.16644249577075,1.35847340027491,0,0,-0.306950252285986,0,0
910,0.0135612525627948,0.549401974395984,2,1,0.305031435909694,1,1
911,0.0399811360985041,0.0927508676544432,1,0,-0.598652857015496,0,0
912,0.227989455161151,1.40730229647325,1,0,1.36970889399758,0,1
913,0.724702187813818,1.25188521871367,2,0,-0.246087456291744,0,0
914,0.694537695354603,2.43883202635998,2,0,0.0872238092540011,0,1
915,0.0584025814896449,0.955237400017487,2,0,0.548128674678839,0,1
916,0.14248700463213,0.16643896360477,1,0,0.554493528661797,0,1
917,0.0919122667983174,0.865551250065086,1,1,-0.979952532613148,1,0
918,0.779972647316754,1.66099423775966,1,0,-1.47004218530313,0,0
919,0.931574088521302,1.52223814354316,0,0,-1.14457456793937,0,0
920,0.434955297312031,2.12633639990346,1,0,0.19783567507226,0,1
921,0.0476476663607173,0.628035423657868,2,0,1.53479184922039,0,1
922,0.220524940814357,0.518842708295796,1,0,0.543702259804829,0,1
923,0.187561337374159,0.194541855678041,1,0,-0.770716843893027,0,0
924,0.0746674967177759,0.254346118069834,2,0,-1.26508475981711,0,0
925,0.293242824554909,3.24261495533089,0,0,0.664933091244813,0,1
926,0.0552172082825564,0.860280037547151,0,1,1.24721728899075,1,1
927,0.035854117886629,1.27782888645621,1,0,0.156130421970881,0,1
928,0.174888802001148,6,0,1,-0.328032513299488,1,0
929,0.0328217654690961,1.11482094437108,1,0,0.583221903943593,0,1
930,0.425948642368894,0.428761728878726,1,1,0.0588571158515822,1,1
931,0.160123332461808,2.90820186279994,2,1,0.0387434783449441,1,1
932,0.511580160225296,2.06820444767827,1,1,0.842931775503762,1,1
933,1.20035101887175,2.52744122817184,2,0,0.365781015024715,0,1
934,0.252012783661485,5.67144920188521,2,0,-0.219032240839286,0,0
935,1.06224863417447,6,0,1,-1.19035796487234,1,0
936,1.01496343500912,1.72880068749821,1,0,-0.47389356654723,0,0
937,0.122527477839512,1.44861406854187,1,0,-0.5288187289114,0,0
938,0.265374428709038,1.07215994102862,2,0,0.488622880590587,0,1
939,0.0310039278701879,0.832471797425807,2,1,0.573452204262884,1,1
940,1.58518446220506,1.83190060052378,1,0,-0.393218688709851,0,0
941,0.558895315599449,0.673079461206291,1,0,1.34481971018041,0,1
942,1.0212212241661,1.70256760272052,2,0,0.832369685929118,0,1
943,0.048841550888028,0.523160522009712,2,0,2.99718355363706,0,1
944,1.08783091063948,1.37988833130091,1,1,0.294534179367197,1,1
945,0.0581064811558463,0.826699755821946,1,1,0.471111671732111,1,1
946,3.67839211953764,3.75635598798469,1,1,-0.468496719389579,1,0
947,0.443345501527012,2.20415486723048,1,1,0.11658625069295,1,1
948,0.999153474553214,1.74638574456825,1,1,0.457555701607642,1,1
949,0.430058753117919,0.503214648220773,2,1,1.26939933286369,1,1
950,0.31047222437337,0.874936750429163,2,1,0.659717918175783,1,1
951,2.95230406133418,2.98233708056311,0,0,-0.711202815082025,0,0
952,0.0554403327405453,0.87199048485008,0,0,-0.546409019156508,0,0
953,0.340381368005183,0.600980137021123,1,0,0.377554916131887,0,1
954,0.516668799804211,6,0,0,0.147087507940243,0,1
955,0.00599808932747692,0.477838435045314,1,1,0.334332249158168,1,1
956,0.173625560419168,0.279574867461105,1,1,1.7979890546678,1,1
957,0.0836119963787496,0.615027936853676,2,0,0.936361784352046,0,1
958,0.144549448527274,1.20375646529084,1,1,-0.26111708525183,1,0
959,0.799067954532802,1.77652712131761,2,1,-0.0523875124636338,1,0
960,0.844583793543279,2.6642431803447,1,1,-0.0636816329539837,1,0
961,0.081747903108054,1.88054122152711,2,0,0.982363861381306,0,1
962,0.388888843299355,0.499595940733949,0,0,0.735819271718448,0,1
963,0.698733507280059,1.35557929471578,2,1,0.166260907564664,1,1
964,0.233852048404515,0.527708905376005,2,0,0.781007512584796,0,1
965,2.0406778807843,6,0,0,-0.634513031845893,0,0
966,2.58207914488465,2.77450223122406,0,1,-0.936365416599089,1,0
967,0.243316461332142,1.04406283337505,1,0,-0.619940588370471,0,0
968,0.863566844401148,1.77487234094992,1,1,-0.726073701594118,1,0
969,0.42702215607278,1.04282888224581,1,0,0.201755296172838,0,1
970,0.134155631996691,0.26478888429173,1,1,-0.965179320174198,1,0
971,0.0745292735640932,0.939528510157005,1,0,-0.601010005080197,0,0
972,0.29826147161657,2.69899275312322,2,0,0.549324650783159,0,1
973,0.460698132547368,2.18595388845948,1,1,0.99158638819151,1,1
974,0.355599165894091,1.92880309280568,1,0,-1.22890940416276,0,0
975,0.225089131563436,2.76960050146075,1,1,2.20201627254381,1,1
976,0.266418964602053,3.09976393628839,1,0,-0.0859666548169488,0,0
977,0.235466275364161,0.261979681048189,1,0,-1.3008784038543,0,0
978,0.0580618987427895,0.546705238898951,1,1,-0.434749184108158,1,0
979,0.0238780915969983,1.26132205960593,1,1,0.0116879148775941,1,1
980,0.0366856918021872,0.955370349979416,2,0,0.543601372097035,0,1
981,0.0858313136268407,0.880281952308185,2,0,1.48906422981546,0,1
982,0.0140365070546977,0.935657758298082,1,0,0.343911027488323,0,1
983,0.0651074276538566,0.675575227890924,0,1,0.909247204685646,1,1
984,0.20802021259442,1.05208004569297,1,1,0.43202236362717,1,1
985,0.110666302032769,0.412815814616151,1,1,-0.71273705520221,1,0
986,0.152267398079857,0.201578474707842,1,1,0.654003011773641,1,1
987,0.587348195415922,1.88685527913977,1,0,0.0492803122852898,0,1
988,0.0702717923114381,1.65772037401608,1,1,0.454466825066396,1,1
989,0.429848633648362,0.711843911091215,2,0,1.7540816535565,0,1
990,0.633911400102079,1.38213250578925,1,1,-1.00399825943283,1,0
991,1.60523182083823,2.38028941735832,1,1,-0.44018823895026,1,0
992,0.240372657987981,2.06178803617756,0,1,0.737244824676534,1,1
993,1.15129048115911,1.75847192179476,2,0,0.478465374122045,0,1
994,0.185074051867575,1.17802104266937,0,1,0.473253424550399,1,1
995,0.0609107362106442,0.6830214814729,2,1,2.22154693612718,1,1
996,0.567299227765292,1.04992277356327,1,0,0.647479511708109,0,1
997,0.281005905708298,0.449591595668927,2,1,1.42440479898273,1,1
998,0.187495505961124,1.19144412068029,0,0,0.207290621199282,0,1
999,0.764905270162791,1.28421800581077,2,1,0.214981346875825,1,1
1000,0.10437882791971,5.61328779290235,2,0,-0.903529885899111,0,0
1001,0.485327919763917,1.95583998454977,1,1,0.790517043265044,1,1
1002,0.214229264814538,0.502762585726635,1,0,-1.32371495137866,0,0
1003,0.764958532500833,3.23053020371112,1,0,0.191102439197346,0,1
1004,0.857098454432296,4.94567125500165,2,0,-0.579086781724566,0,0
1005,0.69215706255921,1.0969080756173,2,0,0.142799538043291,0,1
1006,0.83471742644906,0.997626182776777,1,1,-1.02118163176068,1,0
1007,1.08613291196525,3.17953091661331,1,1,-1.41339025268183,1,0
1008,0.222270976228174,1.51148320367417,1,0,1.70292552171199,0,1
1009,0.605086006663561,0.792136307837687,1,1,0.0381527805229716,1,1
1010,0.572127568858497,0.788727588951588,0,0,0.764688565029729,0,1
1011,0.233020370069426,0.763803885154251,2,0,0.0922139854630943,0,1
1012,0.357490495953243,0.698602243019466,2,1,0.66784190986764,1,1
1013,0.655085773217159,2.74364880596598,0,1,0.386194321305979,1,1
1014,0.133911397133488,2.40311725344446,1,1,1.80689533157375,1,1
1015,0.20961410372016,0.856279380716308,1,0,-0.69975523170871,0,0
1016,0.998205763770754,3.3465125564792,2,0,0.0305991740591557,0,1
1017,0.0113493826938793,1.5515676420182,0,0,1.10975476184414,0,1
1018,0.639216300306663,1.20934263007633,1,1,0.358188912029117,1,1
1019,0.465459535919796,1.1905628582356,2,0,-0.470918478623771,0,0
1020,0.45104239133355,1.49442609831005,1,1,2.29538213982865,1,1
1021,0.0454179542544874,0.0701657304313521,2,0,0.752927868652733,0,1
1022,0.844493286684155,1.06706101434035,1,0,-2.63162431396249,0,0
1023,0.148952966555953,0.581181208780969,1,0,-1.16880100366976,0,0
1024,0.170733560808003,0.765517113612344,1,1,-0.867787298846195,1,0
1025,0.182953506882768,0.969197711122154,2,1,1.82021675406594,1,1
1026,0.623758414268315,0.975038960364052,2,1,0.551184400413692,1,1
1027,0.394972730721536,0.395890905433805,1,1,-0.631897660657604,1,0
1028,1.18174067977816,1.97784493057433,0,1,-0.843325562114078,1,0
1029,0.0108821783214808,0.273150993814614,1,1,1.71287300666378,1,1
1030,0.0313528337933517,1.12289785268706,1,1,0.221043191289507,1,1
1031,0.134155016485358,1.056197443977,0,0,0.0942617152496551,0,1
1032,0.370713151060045,0.601699922192364,1,0,-0.00794502245149484,0,0
1033,0.0309036076068878,0.075658082471685,1,1,-1.11433921953524,1,0
1034,0.588521074837903,3.88234592444341,1,0,1.22084956313051,0,1
1035,0.344853483838961,0.558907635862243,1,1,0.624506844063747,1,1
1036,0.303732010361273,0.682175077818182,2,1,0.0160978058076382,1,1
1037,0.273931148461998,0.779468519613147,0,0,-0.347014755614672,0,0
1038,0.201811082079075,0.971198912391923,1,0,0.918566856094068,0,1
1039,2.29892428397181,4.42207723755162,1,0,-0.673411407012923,0,0
1040,0.298737369238328,3.35756207902214,1,1,0.635539510120509,1,1
1041,1.03077745810151,1.11924314426817,1,0,-1.60519468268901,0,0
1042,1.36505790520459,5.86826342068553,2,0,-1.88904135429939,0,0
1043,0.578642304055393,1.13181409778623,1,1,-0.807775345368992,1,0
1044,0.342201703169849,0.405921872384919,1,0,0.588699888989692,0,1
1045,0.315050795325078,0.506533102530386,1,1,0.639742453469901,1,1
1046,0.353170277085155,0.757222480274089,1,0,0.852426990919382,0,1
1047,2.22902891803803,2.25534562021494,0,0,0.423476589668266,0,1
1048,0.607730704915531,1.27741656324301,1,1,1.61710576725554,1,1
1049,0.701517821289599,0.855910389999727,1,1,-0.602022374547844,1,0
1050,0.136017361655831,1.31666443151907,1,1,-1.38125512510409,1,0
1051,0.451958941414909,1.13766039721668,0,1,-0.664405597867732,1,0
1052,0.56000603069254,6,0,0,0.794584756522233,0,1
1053,1.22093814332038,3.17798309137484,2,1,-0.640437219059115,1,0
1054,2.31745872051366,2.5166700352681,2,0,0.19439936505972,0,1
1055,0.358608008362353,0.688319684486827,2,0,-0.0752874469595669,0,0
1056,0.00791860334084443,0.606032852688336,1,0,0.921108617103506,0,1
1057,0.276004688639659,0.436562435238209,2,1,0.988360622115598,1,1
1058,0.232892867643386,1.37375224076746,1,0,0.941255370526095,0,1
1059,0.233568565745372,0.873975093603079,1,0,0.9498890273329,0,1
1060,0.0869799609063193,1.25090460020808,2,0,0.82853625650024,0,1
1061,0.343268027019261,0.652837101370096,0,0,0.188777404149961,0,1
1062,0.909936724230647,3.22236273215307,2,0,-0.526649255049969,0,0
1063,0.284150550887695,1.399538698794,1,1,0.280503762729339,1,1
1064,0.297554098942783,3.49411511134336,2,0,0.188357910106639,0,1
1065,0.537558010153303,0.636449225363958,1,1,-2.19183064511002,1,0
1066,1.35104901065342,2.46591665108766,2,0,0.695631777746028,0,1
1067,0.94311802759172,5.44371278928526,0,1,0.223721491423223,1,1
1068,0.509015983526416,0.803912106122015,2,0,0.193557014463996,0,1
1069,0.00435826455941424,0.925590214153622,2,0,2.20100526300303,0,1
1070,0.248772837221622,2.38437340905269,0,0,-0.0210215368338427,0,0
1071,0.434394855508513,0.479692723041326,1,1,1.55400744476695,1,1
1072,0.0796620275159366,0.763133206134289,1,1,0.242188328525034,1,1
1073,0.214032685384154,0.381362044933236,1,0,-1.33109057850005,0,0
1074,2.11215216099265,3.41045493880908,0,0,-0.182114898229467,0,0
1075,0.292634869619076,1.68811134141998,1,0,0.347524847804149,0,1
1076,0.266780165810463,0.781651951752985,1,1,0.533581278248277,1,1
1077,0.763426605194084,1.57670303938543,2,1,-0.727844894098783,1,0
1078,0.359497261815704,0.378002526721898,1,1,1.63984779650779,1,1
1079,0.515121567063034,0.851500486921921,1,1,-0.763661793850897,1,0
1080,0.534252701963012,2.40228770253003,1,0,0.106391724435881,0,1
1081,1.70816383665933,2.01863845597456,1,1,0.584992636307378,1,1
1082,0.441741340301752,1.6570724681295,2,0,0.964776343030586,0,1
1083,0.111606372520328,3.18375777247488,1,1,-0.0157440730961273,1,0
1084,0.390032051131129,0.779904869880374,1,1,-0.521074255149306,1,0
1085,0.459027905040249,1.98816568117151,2,1,0.0309986019690705,1,1
1086,0.352556900179479,1.49905136958926,1,1,0.00271770465558408,1,1
1087,0.0866499310359359,0.867257514132616,2,0,0.548057996411206,0,1
1088,0.10415498137369,2.71943021648962,2,1,1.32331167796742,1,1
1089,0.278136941196863,0.335587081558026,2,0,0.0730446992686824,0,1
1090,0.780415238812566,0.80455098958144,1,1,-0.933096568180015,1,0
1091,0.139973477114957,3.40696177216055,1,1,0.323432943108451,1,1
1092,0.00566053675564587,0.0298061867148021,1,0,1.2465820316582,0,1
1093,0.072328174326965,1.40816119714531,1,1,1.05246205534665,1,1
1094,1.79478075719419,2.02290179939733,1,1,-1.39262264254303,1,0
1095,0.134364598070787,0.168405401830872,0,0,0.434488165178006,0,1
1096,0.238565445419316,0.88206514942222,2,0,1.04625980248005,0,1
1097,0.29009993741056,2.93667802032409,1,1,0.630140882583064,1,1
1098,0.782042512494589,1.06284556232921,2,1,-0.615654855104541,1,0
1099,0.0278646830702201,0.235335010393848,2,0,1.59089833272985,0,1
1100,0.19303902372485,0.384377162002006,2,1,1.32215110237573,1,1
1101,0.425941938197363,0.983081291844228,0,0,-0.418013220519516,0,0
1102,0.221753101213835,0.504309343193731,0,1,0.93491616065399,1,1
1103,0.644264171688639,0.744229588609103,2,1,0.526401097482951,1,1
1104,0.0700228221761677,0.219303832174804,1,1,0.853438904319203,1,1
1105,0.635028312654987,4.43615731716602,1,1,0.0828622081273767,1,1
1106,1.14992680773139,3.69112333002872,2,0,-0.51786095225025,0,0
1107,0.155011803843081,2.26904042958016,2,0,-0.320821405082501,0,0
1108,0.334904426417779,1.06249007939765,1,0,1.04458240723153,0,1
1109,0.649517286775455,4.06570728398736,2,0,0.774043288239289,0,1
1110,0.271248115302704,1.93560702213136,1,0,0.589659801208049,0,1
1111,0.115255167611767,1.29908448348556,2,0,0.776276354134441,0,1
1112,0.466190980488256,0.477372196198888,1,1,0.791468247117674,1,1
1113,0.294231195091213,0.699877904439128,1,0,0.589867773047794,0,1
1114,0.311704439227469,2.41751428288045,0,1,0.0294877329369562,1,1
1115,1.85592960930409,2.84675430737914,1,0,-0.678214708821238,0,0
1116,0.19007763734293,0.575359939698572,1,0,-0.730184980252222,0,0
1117,0.13686052931007,0.879042595447011,2,0,1.06064619002306,0,1
1118,0.0420351687353104,0.9633627321544,2,1,0.841267764350317,1,1
1119,0.12952560413396,0.886631047086392,2,1,0.915562406305373,1,1
1120,0.611461884732982,1.76518375698169,2,0,0.584650265989356,0,1
1121,0.362308866751846,0.580872943623591,1,0,0.871004750953517,0,1
1122,0.072277344763279,1.49194314246491,1,1,-0.107403181487327,1,0
1123,0.765784802471109,1.80351845555428,1,1,0.538935824003854,1,1
1124,1.08516306057572,3.11389027359055,2,0,-1.94597643483293,0,0
1125,1.10221100412309,5.48787417607057,1,1,-0.213493569087251,1,0
1126,0.695136267691851,4.17629153778156,0,0,-0.623361630584154,0,0
1127,0.556128483265638,3.80323172160635,1,1,-1.13880747713932,1,0
1128,0.236142268695403,2.87631383484821,1,1,0.0715176956722861,1,1
1129,0.226063674781471,0.272461162022904,2,1,1.7384215989628,1,1
1130,0.322943733190186,3.92709882927465,1,0,0.406034818832958,0,1
1131,0.0666647087782621,0.501877002627759,0,0,-0.624636347548872,0,0
1132,0.302958245989202,0.918461608711493,2,1,0.465206768865951,1,1
1133,0.458266873771286,0.648675269045359,1,1,1.72481377767012,1,1
1134,0.0328267263830639,0.914694566888734,2,0,0.1310080311229,0,1
1135,0.123283789493144,1.0101000848837,1,0,-0.340047694767667,0,0
1136,0.270957639577475,0.506395150252192,2,0,-0.180328852396734,0,0
1137,0.32309384457767,1.83835560387072,1,1,-0.166092164826649,1,0
1138,0.0594874704256654,6,0,0,0.431953736687377,0,1
1139,0.281278246256988,2.20310689895649,1,1,0.797435827790346,1,1
1140,0.172318010008894,0.693646005780003,1,0,0.54836546228735,0,1
1141,0.0363634788664058,1.1903499303822,2,0,2.43035299341174,0,1
1142,0.0935234280768782,0.321548557471308,1,0,0.878761680568679,0,1
1143,0.0170128333960902,0.852926345867844,1,1,1.29387809375852,1,1
1144,0.0980166648763879,0.10548516442767,1,0,0.334180403063991,0,1
1145,0.516964328099795,0.826241840809021,1,0,1.78377154953357,0,1
1146,0.643562571468584,1.4047772459332,2,0,1.15273114940105,0,1
1147,0.106926403831171,0.2767614828714,1,1,-0.886662640383844,1,0
1148,0.335231790377293,0.992578111099742,1,0,0.0321218682284604,0,1
1149,0.590623298168004,0.901070700577026,2,1,0.550717187781849,1,1
1150,0.530470791246563,1.6910157559874,2,1,1.36590406600957,1,1
1151,0.115394335007295,0.258866318092753,2,1,0.426930133308502,1,1
1152,0.589439591918955,1.076517779221,2,0,2.32480093415918,0,1
1153,0.0479899987112731,1.55321357416502,2,0,0.568594636710803,0,1
1154,0.0524213589960709,3.80679385256662,2,0,0.342767008836905,0,1
1155,1.14635217929596,1.52053528814049,2,0,0.331336894107352,0,1
1156,0.238460935070179,0.388974531131469,1,1,0.278341812837825,1,1
1157,0.123444595083129,2.68512783676909,1,0,0.286174990967286,0,1
1158,0.466036141707383,0.806044318843764,1,0,0.391244703485581,0,1
1159,0.712134004271436,1.06137438842773,1,1,0.499983492526708,1,1
1160,0.268570111133158,1.77782693575815,2,0,-0.0993922194751198,0,0
1161,1.00263848608904,1.86365873984126,1,0,-1.32906214707624,0,0
1162,0.154996373457834,0.522961602230485,2,1,0.461108140819431,1,1
1163,0.317490235611331,0.549138551498851,2,1,1.15104977946368,1,1
1164,0.0700757142880782,0.312855884999684,2,0,0.944641888388869,0,1
1165,0.054699149879745,0.336111448044076,2,0,0.653559298261905,0,1
1166,0.536164441119701,4.07653421058272,2,0,0.547017240446216,0,1
1167,1.8062535951636,2.19657024617539,1,1,0.724141686350447,1,1
1168,0.159838238614611,1.01019340689289,2,1,0.33137996450997,1,1
1169,0.201454789429945,0.202930905887559,2,1,0.47758382747801,1,1
1170,0.248717675164894,0.697654990111984,2,0,0.519163583269904,0,1
1171,0.271198786591559,1.09708138338149,2,1,0.0124846108531785,1,1
1172,0.838797848529004,3.37037650544066,2,1,0.283617218055683,1,1
1173,0.260728081339039,1.15198169277603,0,0,0.372997857550297,0,1
1174,0.257954586122651,0.906191712454567,2,0,1.73163440737361,0,1
1175,0.0269882754745703,3.61995008757912,1,0,0.809099837937379,0,1
1176,1.96101965184715,2.76896419145461,1,0,-0.0863927658731286,0,0
1177,3.4181456559456,5.34698855581009,2,0,-0.867369370907399,0,0
1178,0.135257484391332,1.72380922556592,2,0,-0.203142134317523,0,0
1179,0.0109619883005507,0.644507857800002,2,0,0.417323172664172,0,1
1180,0.0128911884197679,0.497208792132473,1,1,-0.156536219279982,1,0
1181,0.957904755174116,1.22698540973949,1,1,0.810258401416883,1,1
1182,0.392050173693359,0.627080498525116,1,0,-0.294867930887233,0,0
1183,0.603965522595653,1.87353285029531,0,0,-1.29138706085172,0,0
1184,0.341842597117648,1.49186163701679,2,0,2.21273965058554,0,1
1185,0.731453600339592,1.34353036406842,1,0,-0.944704201609775,0,0
1186,0.819171469166696,2.12840549253535,2,1,2.08379295935613,1,1
1187,0.901812491938472,1.17252032701422,1,1,-0.155535806747416,1,0
1188,0.0213443275760168,0.192746382623029,2,1,1.9429941322647,1,1
1189,0.970378942967966,1.05085234240703,1,1,1.30508753656082,1,1
1190,1.4047423544431,5.31559745197241,2,0,-0.52958457608262,0,0
1191,0.00869698473252356,0.0558782772471507,0,0,0.92147600045391,0,1
1192,0.158961388930561,2.91200933657903,1,0,1.11852039826334,0,1
1193,0.0759474392980337,0.1509577098644,1,1,-1.07424662538585,1,0
1194,0.171701124728362,1.67153956855789,2,0,-0.398422317327299,0,0
1195,0.362595726567799,1.37737590379166,1,0,-0.227703269753785,0,0
1196,0.18653266493207,0.269022486921348,1,1,0.496001822019198,1,1
1197,0.277577927250443,1.58000647917714,2,0,-0.893625676126279,0,0
1198,0.171860336326063,2.00064984503267,2,1,-0.246117557360091,1,0
1199,0.10586438322207,1.33596399711775,2,1,0.354357864181591,1,1
1200,0.275069823546801,0.667687005740982,2,1,0.354694703677488,1,1
1201,1.08183651109563,1.66553389712528,1,1,1.38667809313554,1,1
1202,0.891723320579124,2.82450816153863,2,0,0.620557437025487,0,1
1203,0.0527269478008554,2.57957693499823,0,0,-1.23259092673062,0,0
1204,0.0567708063650407,0.981982232318528,0,0,0.362345566811685,0,1
1205,0.0345295667617377,1.38145761717905,0,0,-0.774136731746533,0,0
1206,0.0916208073613234,0.694486727726378,1,1,1.04319863033794,1,1
1207,0.00652637425810099,0.231400684361778,2,1,-0.234802343219235,1,0
1208,0.269767952075824,0.43548657283685,1,0,0.233479120237178,0,1
1209,0.18404936324805,0.754515523163264,1,0,-0.0833370535411984,0,0
1210,0.389036805427168,0.590830296417485,0,1,0.329263884402725,1,1
1211,0.346759114763699,0.684500985490769,2,0,1.2054792587751,0,1
1212,0.46635936128144,5.39366891548996,2,0,0.512711027415552,0,1
1213,0.159827446565032,0.730706771527553,2,0,-0.908780342222284,0,0
1214,0.71103997217218,0.849394173173599,1,1,-0.855607247479579,1,0
1215,2.41012511393967,3.07662165900964,1,1,-0.575065293512085,1,0
1216,0.111865498183761,0.377141647421241,1,0,0.400979665682307,0,1
1217,0.130962734913072,0.431209526527428,2,1,1.61950867559889,1,1
1218,0.26272463350324,0.265556998364129,1,1,0.410811243442483,1,1
1219,0.0676698997145171,0.50527663350987,2,0,0.465282311883745,0,1
1220,0.837336768137112,1.99311701486693,1,1,1.16911983684382,1,1
1221,0.0654483604079449,0.96116043937703,0,0,0.10870654490017,0,1
1222,0.471633335488578,0.571475876495242,0,0,1.6993060787957,0,1
1223,0.0279968117973926,0.0474187870650546,1,1,0.391118917934804,1,1
1224,0.0186534120935525,0.20609644032611,1,1,-0.703924872052578,1,0
1225,0.555601698553011,1.34733595822625,1,1,1.13294938632154,1,1
1226,0.261208070733119,1.59870821506805,2,0,2.30965748196132,0,1
1227,0.0342419845401309,2.70003695119951,1,1,0.992694342611148,1,1
1228,0.078757889859844,0.714175141572721,0,1,1.63607011973259,1,1
1229,0.0317803294193091,0.823283933277294,2,0,0.899568665749761,0,1
1230,0.421407709829509,4.04554978944361,0,1,-0.191591311870634,1,0
1231,0.640685407733693,1.19745766364084,2,0,1.60811606355456,0,1
1232,1.08047673357056,2.040506537857,2,1,0.00460001461564846,1,1
1233,1.31285673007369,1.53610251886619,1,1,-0.461545059964114,1,0
1234,0.10140407784284,0.609677646631284,2,1,0.258826537749631,1,1
1235,0.45595145970583,0.732067722414965,0,1,-0.592418851083864,1,0
1236,0.102183958806563,0.499998600884019,1,0,1.1805520922747,0,1
1237,0.21106144040823,0.821282127108925,1,0,-0.967518197948528,0,0
1238,0.754294567741454,1.77747336837153,0,0,-0.00849972021167273,0,0
1239,0.823256532661617,6,0,0,-1.4935090759831,0,0
1240,0.0159753165021203,1.81766569247375,2,0,1.73485784088823,0,1
1241,1.59541211151745,2.38410036545701,1,1,-0.178733851363033,1,0
1242,0.138993966393173,1.79675412437854,1,1,0.303527735837994,1,1
1243,0.376509894616902,1.05216740288006,2,1,-0.336762791320182,1,0
1244,0.796921461820602,1.36432109711071,0,0,-0.189635672187261,0,0
1245,0.118305336589733,0.212727300380922,1,0,0.350410991380905,0,1
1246,0.182883496435553,1.79338211998577,1,0,0.0707595466652183,0,1
1247,0.528357731201353,0.887811326681161,2,0,0.942638276524345,0,1
1248,1.36561605338055,2.02922961682339,2,0,0.666977922794479,0,1
1249,0.162285897531547,1.15328240887986,2,0,1.07798561215685,0,1
1250,1.8442801529351,1.88158490211729,1,0,-0.191405863240228,0,0
1251,0.837902519825667,3.35810658964502,1,1,1.38750685678403,1,1
1252,1.371421857737,3.06644889683061,2,1,-0.980864455978338,1,0
1253,0.369255863770377,1.53569760347738,2,0,0.603967861211478,0,1
1254,0.698022926632253,2.02781485316808,1,0,-0.165354644340751,0,0
1255,0.157498681219295,1.69023562222719,0,1,0.268810432910832,1,1
1256,0.779188627286837,2.79497110831333,1,1,0.396780561136879,1,1
1257,1.25876261480153,1.48310447503269,0,0,-0.228640663532492,0,0
1258,2.11884093132843,2.1857910505954,1,0,-0.461264935409468,0,0
1259,0.00761775076422676,0.0588641958403646,1,1,1.16714392605163,1,1
1260,0.279679322739943,2.38787636016365,1,1,1.16469059396483,1,1
1261,0.455785132944584,0.682187134259928,1,0,-0.622559006745182,0,0
1262,0.525878350779822,1.91019313720365,0,1,0.778998532322853,1,1
1263,0.136849454416914,0.450899377856967,1,0,0.44670537261026,0,1
1264,0.0999311357736588,2.1586034363241,1,0,2.1302178592509,0,1
1265,2.69791947483065,6,0,0,-0.0396860222076017,0,0
1266,0.230103573703673,1.03139046839867,1,0,0.556336173598937,0,1
1267,0.942255507636458,2.65071782263354,1,1,0.292345760828089,1,1
1268,0.00473111622099992,0.106590785852711,1,0,-0.724784034868455,0,0
1269,0.0238991282502509,3.52707390673459,0,1,-1.03810950786823,1,0
1270,0.137609386345272,0.402337942893306,0,0,2.37545112755953,0,1
1271,0.175178819335997,4.91125393242295,1,1,0.837793524335366,1,1
1272,0.228169605252333,1.92146167855173,2,0,1.09105522378177,0,1
1273,1.18686839583667,3.33412297922019,1,1,0.824288829555399,1,1
1274,0.419257027755265,0.462430684898621,1,1,1.40770153487316,1,1
1275,0.0271763329510577,0.6184807829131,1,1,1.01671758133092,1,1
1276,1.66095564193951,6,0,1,-0.419098389390278,1,0
1277,0.759976925302118,2.42652767104383,2,0,0.698623895450523,0,1
1278,0.271314316778444,1.39364935130083,1,1,2.80345531584711,1,1
1279,0.479149955430145,0.793278724540992,2,1,-0.00759655261604985,1,0
1280,0.304606110788882,0.380068031453495,1,1,-2.4411723276076,1,0
1281,1.05114951822907,2.21132096114767,1,1,-0.996360272573095,1,0
1282,0.0247168166835768,2.15870770333277,2,1,0.918003197049992,1,1
1283,0.10350323485909,0.722434113815995,1,1,1.37275708137505,1,1
1284,0.0121668616311536,0.619950937629868,2,0,0.529428262510592,0,1
1285,0.401812503987458,0.72339794146197,2,0,1.01362438761921,0,1
1286,0.237374246120453,0.712266795264434,1,1,-0.400225670423086,1,0
1287,0.941865093074739,3.05440575203361,1,1,-0.336069163396984,1,0
1288,0.926559682004154,2.83391909791067,2,0,-0.613797836132078,0,0
1289,0.267176855995785,1.596021469315,1,0,0.713884661322949,0,1
1290,0.229280398052651,1.07269973049066,2,0,2.39908428935399,0,1
1291,0.00424266909298208,0.310730914501432,1,1,0.712235288390193,1,1
1292,0.123084581573494,1.25474890448037,2,0,0.31926945131733,0,1
1293,0.131407163105905,0.361486346152709,1,0,-1.44772442545544,0,0
1294,0.080894875281956,0.163622891268621,1,1,0.431233894004704,1,1
1295,0.14990956580732,1.16855873456896,2,1,0.381366669080301,1,1
1296,0.0854991495725699,0.0919102354383191,2,1,2.91146514862896,1,1
1297,0.425790163571946,1.55475063464146,2,1,1.10931357048456,1,1
1298,0.070653205330018,0.106864475276192,2,0,1.32667707646633,0,1
1299,0.408445899374783,0.584049781193935,2,1,0.478514516234852,1,1
1300,0.420084979268722,1.40504534964649,1,0,1.05458558709381,0,1
1301,0.310308028943837,0.611824053093903,2,0,-0.755786440944861,0,0
1302,0.140953658148646,0.792466513002006,1,1,-0.870045919318814,1,0
1303,1.34739248268306,2.80108714209393,1,0,-0.712101215738201,0,0
1304,0.115498097147793,0.242359774365676,2,0,0.953515799175103,0,1
1305,2.8260789735425,3.96793423220515,0,0,-1.37486076121752,0,0
1306,0.232364262046758,1.63506337765291,2,0,0.752187490236337,0,1
1307,0.833703173531041,1.2016428635227,2,1,1.28367418598809,1,1
1308,0.0827460754662752,0.982148494512853,1,0,-0.263005298533234,0,0
1309,0.576132528687167,0.759042265109308,1,0,-0.780310610958475,0,0
1310,0.0571719999425113,0.308203451956312,0,1,2.55884103555676,1,1
1311,0.182403698563576,1.91213256493541,2,0,1.10520137926083,0,1
1312,0.327582983009052,1.64709748948733,1,1,0.744737116988594,1,1
1313,0.589311640916213,0.985017322624723,0,1,0.147068172024699,1,1
1314,0.133813149877824,0.439836668315371,1,0,1.40004448685683,0,1
1315,0.254509388985818,1.28297516661339,2,0,-0.119071514411344,0,0
1316,0.0162659049965441,0.122311166020309,1,0,1.14211747764335,0,1
1317,0.0519593154247723,3.50858690788542,2,0,-1.16065583738454,0,0
1318,0.195277551292395,1.99706521027519,1,1,0.315341732429547,1,1
1319,0.0659463126815622,0.153533626837988,2,0,2.12349517261552,0,1
1320,0.0476088898722082,0.544557726372494,1,0,0.762247007218189,0,1
1321,0.00323180631165785,0.0616773108223139,1,1,-0.755793774233184,1,0
1322,0.208926782943308,5.89418327184567,2,0,0.755996265144069,0,1
1323,0.296801573422272,5.38448608141947,0,0,0.108393904383543,0,1
1324,0.616984657235764,4.36462537695964,0,0,0.569786376945189,0,1
1325,0.0729354896375217,0.206724646163901,1,1,-0.916582519038212,1,0
1326,1.110994634166,1.95516631204594,2,0,1.49098831520189,0,1
1327,0.13257540974562,3.92381855095284,2,0,-0.16365758869022,0,0
1328,0.412303382472601,2.30193454851323,1,1,2.0048410939909,1,1
1329,0.0599582762165935,0.769287463101896,2,0,0.540621358167289,0,1
1330,0.96373298484832,1.35603787018899,2,1,-1.24189841450316,1,0
1331,0.268451577285305,0.807034901849053,2,0,0.269053855212429,0,1
1332,0.0898218235572071,3.34977943760653,0,0,-1.79341806121748,0,0
1333,0.0705706371061949,0.757624189631994,2,0,-0.54902620157805,0,0
1334,0.459389013677657,2.20079129302649,1,1,0.129288675549422,1,1
1335,0.934527793639414,1.29919761510171,1,0,-0.624422135021765,0,0
1336,0.942786495461752,2.15143132399709,1,0,2.14308140839293,0,1
1337,1.09633878525347,6,0,0,-0.440986633561,0,0
1338,0.107524415103138,1.01574887668686,1,1,-0.394878038690142,1,0
1339,0.844196847639978,0.846893779264093,0,1,-1.66670534580691,1,0
1340,0.318512311787345,2.5365064808406,1,1,0.348235687133539,1,1
1341,0.352583448693622,2.17596910176649,1,0,1.63891786485878,0,1
1342,0.312618571915664,0.472162906587219,1,0,0.623878963133614,0,1
1343,0.537350438326712,5.07545754168007,0,1,0.566529218923835,1,1
1344,0.446011920459569,0.600940969300477,1,1,-1.40281450375215,1,0
1345,0.192694480356295,1.39826163210971,1,1,0.247276885787901,1,1
1346,1.64516747744847,3.16564067823824,1,0,-1.13307489248034,0,0
1347,1.54600889297707,1.79827050305903,0,0,0.213174999790661,0,1
1348,0.610349269091904,0.619311311213856,1,0,1.05413576766523,0,1
1349,0.394321226514876,6,0,0,-1.1578624754944,0,0
1350,0.371434409171343,6,0,1,-1.2634670765544,1,0
1351,0.45054586601612,3.44186542361389,2,0,0.587010853578023,0,1
1352,0.0308266509091482,0.747501916219055,1,0,0.724027569386098,0,1
1353,0.352487318159547,1.35132184764272,2,1,0.871668832081274,1,1
1354,0.204663453332614,0.426584601001003,2,0,1.09989847706463,0,1
1355,0.702585466761895,1.60770631410684,2,0,0.0548618349744092,0,1
1356,0.294269476432885,0.660702053743238,2,1,0.456251951824156,1,1
1357,0.369706762721762,0.666854581652749,2,0,0.95254826511883,0,1
1358,0.0191386727779314,0.0951778808456434,1,0,0.605060369346056,0,1
1359,0.226335363462567,0.234455177909545,1,1,-0.719132273474171,1,0
1360,0.609822125391756,1.00183377143543,1,0,-0.154028235249374,0,0
1361,0.0905281779677189,0.219102074730076,2,1,1.10282724001978,1,1
1362,0.139412386051845,0.737906513313853,1,0,1.33399292713572,0,1
1363,0.147761435073335,0.673204923217993,2,0,0.119919285035452,0,1
1364,0.463858072645962,2.39520891239109,2,0,-0.922427112941753,0,0
1365,0.855132883414626,1.12453520248673,1,0,-0.595087161614592,0,0
1366,1.52608695082872,3.96888839152439,2,0,0.27511934174355,0,1
1367,0.0349113754301704,1.47399541811009,2,1,1.22173945244169,1,1
1368,0.0388000995547173,0.0493352594548527,1,1,-1.52727535622847,1,0
1369,0.511708637323983,1.74785459483766,1,1,0.658612994753233,1,1
1370,0.0462119691655971,0.0706816737300129,2,1,1.55976228208062,1,1
1371,0.0542984269559383,1.56480559048079,2,0,-0.0535586396355197,0,0
1372,0.939691667392493,2.94601279722981,2,0,1.22633277838509,0,1
1373,0.086982183883219,0.127233586565743,1,0,0.36520920539417,0,1
1374,0.207090036710724,0.588584848040258,2,0,0.71390808626141,0,1
1375,0.0325125048886022,0.229974974480587,2,0,0.93249394716649,0,1
1376,0.803977612496175,1.15598962504914,1,1,0.305742328804936,1,1
1377,2.50553720808568,3.23903940784436,2,0,-0.51199552480946,0,0
1378,0.889372581097871,2.01010139643211,1,1,0.326931656960864,1,1
1379,0.168099807342514,0.498500680285464,2,1,0.353693060184591,1,1
1380,0.846858866835766,2.742205284213,2,1,0.324488107888351,1,1
1381,0.90831642383115,1.47889721005518,1,0,0.175356880155432,0,1
1382,0.302930452453438,0.496629349493292,2,0,2.09291344209722,0,1
1383,0.15388832520959,1.40088814446257,2,0,1.38649771901465,0,1
1384,0.0711984442507243,0.417521523162486,2,0,1.50862906245493,0,1
1385,1.67556683524492,4.23107729275582,2,0,-0.234204779973875,0,0
1386,1.30102762021124,2.23869710064263,1,0,-0.778072472441156,0,0
1387,0.393413189449348,0.460063065344971,1,0,0.0642303412763078,0,1
1388,0.270255018956959,1.05005368866582,1,1,-1.10911316282813,1,0
1389,0.396554455510341,1.00355979721678,2,0,0.423939550203307,0,1
1390,0.35674276366938,2.96199442818761,0,0,-0.201477054033166,0,0
1391,0.363389730046038,1.90260193221138,2,1,0.203260140485253,1,1
1392,0.160417736333329,1.11325069162699,1,1,0.968607524723116,1,1
1393,0.242454407736659,0.546557912881553,1,0,-0.0868552895919966,0,0
1394,0.240757694118656,0.828692169265956,1,1,0.45197021545926,1,1
1395,0.176828905532602,0.554376955009823,2,1,0.314247414691568,1,1
1396,0.117834449920338,1.16578166722101,1,0,0.923878845807073,0,1
1397,0.989473202265799,2.82201700626618,1,0,-1.35963364897986,0,0
1398,0.0514757439263062,1.14972702848415,0,1,0.817378538206511,1,1
1399,0.0344442369532771,0.0993851736146918,2,0,0.210269442738301,0,1
1400,1.26246311981231,2.88914222903492,2,0,-0.252100690264884,0,0
1401,1.03069880501498,2.54625072392325,0,1,0.0196571524439414,1,1
1402,0.657461387105286,1.93004185923573,1,1,-1.53552489899005,1,0
1403,0.415363248030189,0.894890469978896,1,0,0.514855112637912,0,1
1404,0.335710862127598,1.2558518738142,1,0,0.0280783108593444,0,1
1405,0.114979508181724,0.225085917713112,1,1,0.328923448779214,1,1
1406,1.52730408675017,2.13771249300295,1,0,-0.0252319280390714,0,0
1407,0.939739833585918,1.2489845733738,1,0,-0.663594435106306,0,0
1408,0.551366703582945,0.7103957633323,1,0,-0.372432825129565,0,0
1409,1.0226118888852,3.56292176987834,1,1,1.02953404879633,1,1
1410,0.238992231955957,2.54875088071092,2,0,0.511992889252944,0,1
1411,0.0339692252192127,0.135143263786173,1,1,-0.275000431158169,1,0
1412,1.19130461937153,2.12589675568516,1,1,0.555785882749383,1,1
1413,0.410860452684574,2.13813427173113,2,0,0.256249782039243,0,1
1414,1.56952018205289,1.6291998689775,2,0,-0.587612398888582,0,0
1415,0.287243375269668,1.00731042064206,2,1,0.874341935284182,1,1
1416,1.40717087654902,2.8188346765858,0,1,0.247005702260713,1,1
1417,0.418030175641879,0.61679757107417,1,0,-1.58962207951944,0,0
1418,0.662190313424736,1.27144369044763,2,0,0.619862179243701,0,1
1419,0.0642379064811394,0.879121885410027,1,0,1.16887484397967,0,1
1420,0.296594775281847,1.43008893223296,1,0,-0.958161858420023,0,0
1421,0.292982794926502,1.78923988912161,2,1,0.716165812917603,1,1
1422,0.237241941809561,1.82089746182863,1,0,0.669110586341459,0,1
1423,0.124771039700136,0.617075841973821,1,1,0.668846136946237,1,1
1424,0.0264679649844766,0.427891663155548,1,0,-0.386428546801394,0,0
1425,0.502080966226578,4.96654869525333,2,0,0.156308681209677,0,1
1426,0.0829104243894108,1.09254462023576,0,0,0.729476262166036,0,1
1427,0.341383255955702,2.61238401252194,2,1,-0.479826750661437,1,0
1428,0.845648848183939,0.898577091682736,1,0,-0.833052371860231,0,0
1429,0.389513837664582,2.21200652368369,1,0,-1.73809108632911,0,0
1430,0.137092812801711,3.47582139683155,2,0,0.381863713600008,0,1
1431,0.845560446381569,1.43121896315882,2,1,-0.548903762299476,1,0
1432,0.25396738088201,1.75137512258549,1,0,-0.218048431050616,0,0
1433,0.657346506603062,0.87345254665989,1,0,-0.761698770101957,0,0
1434,0.073835224902723,1.46684975159773,2,1,0.0877064074376435,1,1
1435,0.00777916628273682,0.821034672663067,1,1,-0.373381622783382,1,0
1436,0.0555671751499176,2.60921517396619,1,0,-0.277059770009602,0,0
1437,0.115765532536898,0.671545816875772,2,0,0.280521565333557,0,1
1438,0.0573777350756639,1.656775602743,2,1,0.153920675849126,1,1
1439,0.105766886536687,0.168781704570959,2,1,1.32277704636325,1,1
1440,0.323706254712306,0.76436961380144,0,1,0.752864764297329,1,1
1441,0.0953479716277343,0.651079959109718,2,1,0.87110229466191,1,1
1442,0.300344632414635,2.37592033421,0,0,0.383913496233535,0,1
1443,0.0827691962805396,0.265114368967308,1,1,0.581872158087702,1,1
1444,0.151059320196509,4.23340207183128,2,1,0.106852719947643,1,1
1445,1.46914784672244,1.5437395135302,1,1,0.0880341367790257,1,1
1446,0.0670921700657345,0.490933434476939,1,1,0.335290753721318,1,1
1447,0.312317222415004,0.822847409224514,2,0,2.48811940485597,0,1
1448,0.3893155005062,3.66857359217581,2,0,0.368689851229592,0,1
1449,1.22300089215265,1.22854935485754,2,0,0.542352522057214,0,1
1450,0.0510769302491099,0.156370838299633,0,0,2.02390102791361,0,1
1451,0.0874457311028502,0.149609555942628,1,1,1.8523902744904,1,1
1452,0.768509256277986,2.92019882670945,2,0,0.151538474854577,0,1
1453,0.437011367550164,0.65391067732653,2,0,0.272787835848286,0,1
1454,1.8604848179126,5.15499117490788,0,0,-0.3457297864554,0,0
1455,0.718739440664649,2.16884901252846,2,0,-0.292956139267314,0,0
1456,0.254629364935681,0.724540779569022,1,1,1.04722852030497,1,1
1457,0.331756136438344,0.8697920169553,2,0,0.46139572645577,0,1
1458,0.502795918119893,1.02547774105217,1,1,0.907690059736824,1,1
1459,0.568814299159505,1.93058582336411,1,0,0.185362627605733,0,1
1460,0.0103947873329841,0.133983832106932,2,0,-0.383524953161768,0,0
1461,1.88634190513732,2.43868511898366,1,0,-0.366405502558905,0,0
1462,0.725125296972692,1.95205128611589,2,0,-0.698156176434363,0,0
1463,0.407265668049883,0.936523903765124,1,1,-1.13796296021455,1,0
1464,0.334649805154186,1.13282653508988,2,1,0.810191241907259,1,1
1465,0.676037504337728,3.60145845403695,1,0,-0.463775025194141,0,0
1466,0.557969453485504,0.818009279759983,2,1,1.05766505176113,1,1
1467,0.0811594300859699,0.378880184419601,2,1,0.230940376427493,1,1
1468,0.30473272461677,3.38831336796252,2,0,1.16576759391911,0,1
1469,0.616350355531842,0.617305451409387,2,1,1.05020282741231,1,1
1470,0.0232168667379119,0.823892147361061,2,1,0.0386466147004414,1,1
1471,0.179720358999028,0.345480032265186,0,0,-0.636171166417188,0,0
1472,0.1022444901173,0.500830835128492,1,0,0.313823672661319,0,1
1473,0.282642969104927,1.96153919302401,2,0,1.1568906753974,0,1
1474,1.3775759069249,3.46492301923148,2,1,-0.0200155735015711,1,0
1475,0.28745227213949,1.11841343674587,2,1,-0.0321685447561699,1,0
1476,0.930830277502537,6,0,0,-0.958611891143602,0,0
1477,1.53885230599883,4.62670810492643,0,0,-0.0261301482154335,0,0
1478,0.0444326730352627,0.0561433488979704,1,1,1.09886340530778,1,1
1479,0.286671909981791,2.91139889316257,2,1,-1.55956619941435,1,0
1480,0.272845850178116,1.07663803232553,1,0,0.340155451593039,0,1
1481,0.022277951184632,0.363607994404213,1,0,1.18328613993996,0,1
1482,0.390330562368035,0.958508903323645,1,0,-0.844519918111002,0,0
1483,0.153149699347439,0.300891324774304,2,0,0.9117029020769,0,1
1484,0.0253118851105683,6,0,0,0.0150929467405287,0,1
1485,1.63190587739248,1.72292295304403,2,0,-0.334870293166072,0,0
1486,0.0617686883011555,0.821873275563121,0,1,-0.548575282937079,1,0
1487,0.0382003409322351,0.980794765876919,2,1,2.17242193445072,1,1
1488,0.447904508543683,2.85668484245737,0,0,-0.578629555173253,0,0
1489,0.479087697432198,0.862924233078957,0,0,0.448302023833882,0,1
1490,0.419824734563008,0.669439666540747,2,1,0.714655994692266,1,1
1491,0.259271776691222,1.80689544469729,2,1,0.996925849891575,1,1
1492,0.00164906505419506,1.58163627150251,1,0,-1.43856209188859,0,0
1493,0.341660985220486,0.896009330106781,2,0,0.241097878256139,0,1
1494,0.689348081333384,0.745456686612447,1,1,1.19002010907517,1,1
1495,0.666593533060502,0.676189940834597,2,0,-0.0880858396144768,0,0
1496,0.1335279661802,1.27952178699831,2,0,1.3476371281235,0,1
1497,0.068945573293604,0.0983175678265024,1,1,1.09072279884382,1,1
1498,0.215920943301171,0.953770773485303,0,0,0.275984137183367,0,1
1499,0.153612580907065,1.16479701406072,2,0,1.73218783035127,0,1
1500,0.581922406330705,1.29769130299489,0,1,-1.12696606247343,1,0
1501,0.45022818287653,0.541101441816259,1,0,0.74316379475329,0,1
1502,0.298195952896284,4.09191831940909,2,0,-1.65315698040003,0,0
1503,0.593926867272358,1.19080781178735,2,0,0.973152572408082,0,1
1504,1.0186204444617,1.0330025939452,1,1,-0.977700282034056,1,0
1505,0.111417653097305,0.590957925088595,1,1,0.655985426933158,1,1
1506,0.910930295887977,1.90684167208462,2,0,0.0973061333338953,0,1
1507,0.0804546073890749,1.46792582187974,1,0,-0.647519377289968,0,0
1508,0.106701240874827,0.252614564461268,1,1,1.30805987804836,1,1
1509,0.39075829833746,4.01558529437445,2,0,-1.24749277671827,0,0
1510,0.201502584793442,0.372882881914022,2,1,-1.32462265476129,1,0
1511,0.111361464369111,2.31623325020947,2,1,0.459346165618257,1,1
1512,0.108322740707081,4.56028944502274,0,0,1.33778555635101,0,1
1513,0.0410169005307958,0.207752965387137,2,1,-0.165266004809992,1,0
1514,0.801282077096403,2.4665196358797,1,1,-0.977269006319329,1,0
1515,0.164042367599905,1.30906957076877,1,0,-0.428263048880921,0,0
1516,0.928579342897516,1.03425301521667,1,0,-0.885333621586686,0,0
1517,0.619045725191885,0.724758830544133,1,1,1.12029007777022,1,1
1518,2.19079150251093,3.04386516955105,2,1,-0.645326920900862,1,0
1519,0.165579259506669,1.10430685866349,2,0,0.991487614788879,0,1
1520,0.0754696503281593,2.76280261137621,2,0,-0.591146431919991,0,0
1521,0.145462296204641,0.709700460683329,1,1,1.04052469759594,1,1
1522,0.0825039090705104,0.315820322421895,2,0,0.466804614458983,0,1
1523,0.0237786293841895,0.279993566664792,1,0,0.0463284636895827,0,1
1524,0.579902870205052,1.83123898452136,1,0,1.37018775751946,0,1
1525,0.183629099279642,0.328530883416533,0,0,-1.6545249810162,0,0
1526,0.322124733224257,0.486789577329865,1,1,-0.258717853661273,1,0
1527,0.0726383820409841,1.20068316802862,2,0,0.998492150362618,0,1
1528,0.109371843573172,1.06927965568153,1,0,0.449907836559838,0,1
1529,5.46897017558045,6,0,0,-0.631081736930165,0,0
1530,0.414724080183078,1.12613914655704,2,0,2.25484501940186,0,1
1531,0.480914284475148,0.740783797283004,2,0,-1.56478801656526,0,0
1532,0.772353815237813,1.0947577649007,2,1,1.05481934637346,1,1
1533,0.166931993153412,0.307246502591044,2,1,1.64829127038689,1,1
1534,0.161127960600425,1.54219944744246,2,0,0.608609113269783,0,1
1535,0.604558204623692,1.8835110550955,2,1,0.472973430993069,1,1
1536,0.659969280214802,2.89331338716504,2,0,0.170002109547082,0,1
1537,0.125129960665031,0.882708820827705,1,0,0.240178188719877,0,1
1538,0.582789716983035,0.9904470492929,1,0,0.208105222832908,0,1
1539,1.36101420782506,2.3941764102446,1,0,-1.23744543998867,0,0
1540,0.198763456719462,0.574039566078674,1,1,0.164595829233766,1,1
1541,0.554231978577383,1.2616445330232,1,0,1.4386503502746,0,1
1542,2.05629984281006,5.12109670139162,0,0,-0.378798813009517,0,0
1543,0.328296862426214,0.871492162998355,2,1,0.577388147429994,1,1
1544,0.245895119733177,0.39529932913661,2,0,0.705304947989566,0,1
1545,0.268453372864492,0.382106192492366,0,0,-1.09608529030208,0,0
1546,0.248977457173169,0.961875886685477,1,0,-0.74757577948904,0,0
1547,0.525129790158764,4.33347270407804,2,0,1.14381833507704,0,1
1548,0.227547923502504,1.47552767150355,0,0,-0.805423702193646,0,0
1549,0.41111617378192,2.06870427987319,1,1,0.270619389592942,1,1
1550,0.654637653470792,2.48368824701737,2,1,0.00319578865692882,1,1
1551,0.227512273921117,1.33799290346656,1,1,0.421999340194554,1,1
1552,0.16023085287376,0.237801877096872,2,1,0.0717252030147793,1,1
1553,0.293409962614533,0.484300568682873,1,0,0.193787283360888,0,1
1554,0.029903472276681,0.261064489605794,2,1,1.32148318198434,1,1
1555,0.128029964864254,0.258944545084233,0,0,-1.15782021900189,0,0
1556,0.252939215861261,1.78097693786868,2,0,1.23776637499713,0,1
1557,0.0690970309078693,0.563389567525503,2,0,-0.364950991404917,0,0
1558,1.56470418317749,2.72312421354548,1,0,0.429410510825151,0,1
1559,0.0974910250353142,1.18224494066062,2,0,-0.0424656181357461,0,0
1560,0.674073020319276,1.21084783162652,1,0,0.809405524398632,0,1
1561,0.00518319575348869,0.518488406633043,2,1,0.781097830454103,1,1
1562,1.62364846203981,1.77031609210865,1,1,0.368304336142541,1,1
1563,0.181095991865732,2.51958779020959,1,1,1.87694638182255,1,1
1564,0.386941694596317,3.66957391128235,2,0,0.0236966416254373,0,1
1565,0.0562590998015366,5.77290327904792,2,0,1.11221393476479,0,1
1566,0.00976713755988454,0.319391541585682,1,0,0.337616276152663,0,1
1567,0.142384372651577,1.51390258762715,2,0,-1.41295387642108,0,0
1568,1.23407265515403,1.43865418690241,2,0,0.275626484664785,0,1
1569,0.150868437431947,1.9599223615165,2,0,-0.519293761266477,0,0
1570,0.843804138225805,1.81511008857346,2,0,-0.221003673756197,0,0
1571,0.235680411622526,3.82776785021027,0,0,-0.610517593045812,0,0
1572,0.503925585131513,2.25221632893995,2,1,0.222578935805216,1,1
1573,0.228795240691397,0.311358208607322,2,1,0.809454104793742,1,1
1574,0.79861587099731,0.867385435849428,0,0,-0.191870331030929,0,0
1575,0.384869443252683,0.832606598151474,1,1,-0.544013191331921,1,0
1576,0.49874357410875,0.84018431721209,2,1,0.93079721174355,1,1
1577,0.39687609707471,1.17993897994421,2,0,0.0780802282242536,0,1
1578,0.0666755012935027,4.00718803707947,2,1,0.590904303300798,1,1
1579,0.554852153019249,0.937221154889414,2,0,-1.44668813063054,0,0
1580,0.371080466720741,0.685008547305703,2,0,0.990398971711436,0,1
1581,1.15327241931211,1.16203700740901,2,0,0.94676948162106,0,1
1582,1.52089855913931,2.5881311465587,2,0,0.861963735801742,0,1
1583,0.265477006614674,1.00171244386633,2,0,0.410768727291174,0,1
1584,0.484969445504248,3.42169434142609,0,0,-0.057373408846982,0,0
1585,0.204909634974811,1.30808422131133,1,0,0.868477675868714,0,1
1586,3.66444149303484,4.76008011008943,2,0,0.234286638333836,0,1
1587,0.344128187461687,1.618918390805,1,0,-0.635082753254366,0,0
1588,0.901975909460487,5.44246116004197,0,0,0.0149542256191901,0,1
1589,0.132990357960471,0.39390806937717,2,1,1.11130157073564,1,1
1590,0.31144314823905,1.98757130342225,0,1,0.347100419228491,1,1
1591,0.662714532783076,0.714556984690748,1,1,0.061503253677678,1,1
1592,0.38398005097406,0.702655928303761,1,1,0.810204124579993,1,1
1593,0.00670321402139962,0.173869766074622,1,1,2.27567440282731,1,1
1594,0.195892487346214,0.766556908686956,0,1,-1.64434542803338,1,0
1595,0.0974711522576399,0.442313867256936,2,1,0.337367436646163,1,1
1596,0.149537673917638,1.14202268961843,1,0,0.487297755814999,0,1
1597,0.147472778626252,3.33472663451771,1,1,0.141629563640469,1,1
1598,0.288792398758233,0.722296403395748,1,0,-1.01397813622658,0,0
1599,0.502941455316551,1.12078265267024,1,1,0.856771024120281,1,1
1600,0.982781880249843,2.42150226530591,1,0,0.625677515744835,0,1
1601,0.720749357688993,1.1682857076327,0,0,0.474954869813105,0,1
1602,0.0121990931802429,1.12081865137755,2,1,1.16373466222431,1,1
1603,0.0405956701073717,0.403085951956265,1,1,0.829462418503831,1,1
1604,0.280373105488252,1.94127676406507,2,1,1.48461167636371,1,1
1605,0.0662462587933987,0.176136654531554,1,1,0.00531100244001115,1,1
1606,0.0692850915947929,0.697346240816589,2,1,1.28961753400029,1,1
1607,0.794182854561888,0.908426302313287,2,1,1.15249457687639,1,1
1608,0.743100419286963,1.03704697694942,0,1,0.722835292384662,1,1
1609,1.49025886124911,3.05754805698002,1,1,-1.36172981553019,1,0
1610,0.0372683525109316,0.391893146930025,0,1,0.71343201526661,1,1
1611,2.30305831498447,2.50736762663504,2,0,-0.3104921072208,0,0
1612,0.155736162544123,1.34771690290258,2,0,0.497131777595676,0,1
1613,0.185162507279933,0.263619430208986,1,1,0.408192404006814,1,1
1614,0.0337801218847744,1.72691834778329,2,0,1.48887485427881,0,1
1615,0.0938702890232404,1.70635048925059,1,1,-0.539524985073868,1,0
1616,0.850156483240426,1.80634415493243,1,0,-0.362176403678174,0,0
1617,2.12611626146973,2.69440769825875,1,0,-0.798377210583586,0,0
1618,0.0237416429445148,0.0494571823480249,1,1,0.115247801819516,1,1
1619,0.915634697303176,0.993613666680329,1,1,-1.57776804010571,1,0
1620,0.268995228223503,0.460392257323588,1,0,-1.5626793186911,0,0
1621,0.0430570899924913,2.77154296149046,2,0,0.864779732717591,0,1
1622,0.578879177570343,0.693534415860711,1,0,-0.349029957160711,0,0
1623,0.138095199130476,0.219412155997969,1,1,-1.19811612289295,1,0
1624,0.000198707275558263,0.235637992738098,1,1,1.15899220390662,1,1
1625,0.218921726918779,0.249631693586707,0,1,0.449320877583172,1,1
1626,0.0485493437736295,0.507435194882273,2,0,1.29309846369791,0,1
1627,1.36134512198456,1.55962356086985,2,1,0.383936504392784,1,1
1628,0.394329881926578,1.14717374075429,2,1,-0.0119939974967351,1,0
1629,0.238091986280914,1.37077934419115,0,0,0.289029128909255,0,1
1630,0.655606348856174,1.33554604554342,1,1,0.659163347051322,1,1
1631,0.076408326276578,4.05073306000645,2,0,0.483427414582915,0,1
1632,0.288848430849612,0.489930667520121,1,1,-2.74765912986398,1,0
1633,0.143156988876343,0.173572070208391,2,0,0.86304889829458,0,1
1634,0.486790307305575,0.61485215128169,2,1,1.65875369587655,1,1
1635,0.00213355757296085,0.440924887949673,1,1,0.455187575035986,1,1
1636,0.319981172506232,0.333330581974618,2,0,1.24451978486294,0,1
1637,0.000843017769511789,1.34010421733061,0,1,0.594317419702491,1,1
1638,0.0387660463456996,1.48841991851894,1,0,1.15366205408557,0,1
1639,0.352367797167972,0.868611008608327,1,0,0.21327789729923,0,1
1640,3.57834689335607,4.07659431062907,2,0,-0.110147835652947,0,0
1641,1.08190659311937,3.1600418290541,1,0,0.30378228739949,0,1
1642,0.0147015127004124,1.44114220500657,2,0,0.85597366431713,0,1
1643,0.00828383065662938,0.176962605028905,1,1,-0.986834233810147,1,0
1644,0.608374710975846,1.50668232363585,1,0,0.320060212330671,0,1
1645,0.0925068453878361,2.24692409517624,2,0,-0.933556865962463,0,0
1646,0.0064521815511398,0.0927993830514951,1,1,0.391501573286976,1,1
1647,0.284034979529679,1.5471092356634,2,0,-0.305446188488798,0,0
1648,0.300342468835879,1.36639704041888,2,1,0.217794622094166,1,1
1649,0.571648360902265,1.37302844547642,1,1,0.167939695681614,1,1
1650,1.04114868957549,1.18613774340927,2,1,-0.0207971196172781,1,0
1651,0.489328820365871,2.28440860145094,2,1,-0.480488412708228,1,0
1652,0.216324835200794,1.1503521586774,2,0,0.366972557347046,0,1
1653,0.0734479428582691,2.27403044059061,1,1,0.509323573027633,1,1
1654,0.240491564036347,0.386057404660718,0,0,0.33970136462377,0,1
1655,0.537288518993384,1.74751723181117,0,0,0.0713125715226079,0,1
1656,0.753292779150612,1.13866437536975,0,0,2.38679954871466,0,1
1657,1.60782170471002,1.62906321219928,1,1,-0.799853277012454,1,0
1658,0.194407593517099,0.63218533034435,2,0,1.95336234445713,0,1
1659,0.575969927568741,1.55560266534151,2,0,1.10014036866624,0,1
1660,0.159144404344261,1.05766156390452,1,1,-1.00101196883066,1,0
1661,0.056072965671774,0.0582437465588252,0,0,0.272795300054741,0,1
1662,0.168544515327085,0.483005670542284,2,0,1.2868536773869,0,1
1663,0.22091760270996,0.60260271815602,0,0,0.568169350043597,0,1
1664,0.623050802387297,0.717688486398713,1,0,-0.676532520278342,0,0
1665,0.0415041837841272,0.813979447508852,0,0,-0.246540319381595,0,0
1666,0.154648208699655,1.08620475351038,1,1,0.304993894477775,1,1
1667,0.0916005223989487,0.425124278396929,1,0,-1.16401278705652,0,0
1668,0.515662819531513,1.05298253459564,1,1,0.544919765278031,1,1
1669,0.221024235361256,0.430091845253199,2,1,1.30549017072308,1,1
1670,0.253907589358278,0.426382787572199,0,0,0.352826311954546,0,1
1671,0.217236008012884,0.300149702117241,1,1,1.18253780093708,1,1
1672,0.423213444883004,2.53156125716851,2,1,0.399730183799634,1,1
1673,0.712005059234798,4.91413062721184,2,0,-1.48057786674987,0,0
1674,0.228947933937889,1.03303521432,2,0,1.25357721873013,0,1
1675,0.780288500123525,1.95383659128471,1,1,-0.646859080732186,1,0
1676,0.815065527541384,1.38766782954326,2,1,1.32978213635398,1,1
1677,2.48710430777612,5.97516857519763,2,0,-0.573386063874427,0,0
1678,0.0968689735576721,0.917259183744872,1,1,0.0281295959438797,1,1
1679,0.457845649097234,0.697012904932113,2,0,0.449592386707505,0,1
1680,0.460505242459476,0.6530822298746,1,0,-1.0442374861237,0,0
1681,0.227572438021351,0.347054982258079,1,1,-0.403890255225319,1,0
1682,0.738599890001871,1.85036807446073,2,0,0.504943743460259,0,1
1683,0.914701066911221,1.15575190686489,1,1,-0.0503550766770313,1,0
1684,0.334018723951886,0.481750413223807,1,0,-1.21049886052426,0,0
1685,0.280244158580899,0.47095754346259,1,0,-1.48365995395361,0,0
1686,0.717069999055758,0.94088573694511,1,0,0.425845940764204,0,1
1687,0.548491987257086,1.29058880112583,1,1,1.15144448846548,1,1
1688,2.40310475111471,2.48883190589978,2,0,1.33033001115192,0,1
1689,0.742123200558126,2.13017218238108,1,0,-0.623220252690156,0,0
1690,0.213033483461838,1.01713904391019,1,1,0.72102538506785,1,1
1691,0.0133847794612299,0.322534926673425,1,1,-1.20591463954326,1,0
1692,0.00756492068502323,0.060818561389466,1,1,-2.36046729928811,1,0
1693,0.296686298097484,0.49646486103969,2,0,0.11134468605476,0,1
1694,2.44068223415854,4.23514634991686,0,0,-0.786704098705902,0,0
1695,0.371879488329799,1.26796357263356,2,0,0.155388867267249,0,1
1696,0.228083686670288,0.585114391160588,1,1,0.225377975283351,1,1
1697,0.750714368186891,1.01712004230607,1,1,-0.702285868784209,1,0
1698,0.0947105562120126,2.46333038123945,0,0,0.23739055778168,0,1
1699,0.794622743825065,2.76329708310753,2,0,1.00423696838823,0,1
1700,0.79150680566375,3.7799767838588,2,0,0.112490052605826,0,1
1701,0.325803773012012,0.630372771993279,0,1,0.40100856495249,1,1
1702,0.160104620736092,1.13709076602956,1,0,0.445063512441622,0,1
1703,0.194103283283766,0.541856065904292,2,0,1.56170780143145,0,1
1704,0.894874064199269,2.43155064406634,2,0,0.0752987194771241,0,1
1705,0.249609908205457,0.476085553751836,1,1,0.46317028581809,1,1
1706,0.0448904460689741,0.826488402919296,1,1,0.44816523952723,1,1
1707,0.119079155553241,0.863684138430405,1,0,-1.8743396106819,0,0
1708,0.662916220581912,0.732477602246208,1,0,0.0534406766176426,0,1
1709,0.398975748568773,2.62818848015747,2,1,-0.829951880163247,1,0
1710,0.498198524556875,0.610945144487979,2,0,1.17265952502817,0,1
1711,0.325097186490893,1.50691046841169,2,1,-0.904542908256491,1,0
1712,1.77252986394832,1.92256249571435,1,1,-0.177961140713411,1,0
1713,0.00794480716664407,1.66308978820313,1,0,0.955691152698658,0,1
1714,0.453699889450155,1.16684699430054,2,0,0.19256914268532,0,1
1715,0.260573412815575,0.343287143398939,1,0,1.17012787394887,0,1
1716,0.105604368436616,0.310339063307182,1,1,0.127033622462607,1,1
1717,0.446696242317557,1.09439487953776,1,0,-1.21049291501617,0,0
1718,0.209020425681956,0.879869165451808,1,0,2.3750190684983,0,1
1719,0.33759862621082,1.07415460834689,1,1,0.29972407425857,1,1
1720,0.148292065837065,0.367237976123406,1,1,1.09238705083887,1,1
1721,0.262542387470603,2.34951560531639,1,0,-0.605928045281666,0,0
1722,0.0290959648555145,0.675752527573966,1,0,0.150967538221149,0,1
1723,0.935490170345745,2.01433218201895,1,1,1.17914049655871,1,1
1724,0.692631639098882,2.06261573449835,2,0,-1.49913208273047,0,0
1725,0.0752768156235106,1.09447783859327,1,1,0.630865493053377,1,1
1726,0.214468352496624,1.15126789908171,1,0,1.02775090189775,0,1
1727,0.80430492988956,2.01074350409269,1,1,1.26410303098246,1,1
1728,0.107929685909767,1.68697789248258,1,0,0.397350768234297,0,1
1729,0.109396186249689,0.441671316068768,1,1,-0.0724046533148534,1,0
1730,0.0952478966792114,0.484481893506362,1,0,0.495717721793779,0,1
1731,0.00818951986730099,0.593694852044185,0,1,-0.750324917423983,1,0
1732,0.445010751110323,0.471427170306603,2,0,0.692199340865749,0,1
1733,0.196026210673153,2.20716934643356,1,1,-0.82350009906746,1,0
1734,0.659290556545493,1.17029401736944,2,0,-0.411932425906422,0,0
1735,0.150245797036967,0.928717097365284,1,1,1.47449889789212,1,1
1736,0.0370047211723283,0.581298086740766,2,1,1.00990932883029,1,1
1737,0.402268459438346,0.779553337421461,1,0,0.164964178925857,0,1
1738,0.544855291955173,4.16638101978455,1,1,-0.164887096903695,1,0
1739,0.368320674751885,0.942270168022833,2,0,0.885902250695836,0,1
1740,0.0865478878840804,0.526075873501863,1,0,-0.762072377564419,0,0
1741,0.243921460583806,0.469551526388303,1,1,-1.86661986856337,1,0
1742,0.778493079097763,1.44494635993748,1,0,1.52722375569963,0,1
1743,0.249543949612416,3.65572020784191,1,1,1.40994787227002,1,1
1744,0.0769016783101928,1.14910486272578,1,0,-0.798200910664516,0,0
1745,0.030538356222678,3.39724515935137,1,0,1.25581703324943,0,1
1746,0.575732665575862,0.887826779675978,1,1,0.484692620543511,1,1
1747,0.435892460920455,0.791323220597569,1,1,0.100657271763777,1,1
1748,0.608924628804551,1.94547620603885,2,1,1.56888179296187,1,1
1749,0.239945561625063,0.392702983326495,2,0,0.609217469519168,0,1
1750,0.234158104705994,1.1815607061511,2,0,0.319975417870661,0,1
1751,0.740945977158844,4.38436782265557,2,0,-1.54990405131591,0,0
1752,2.30375707141104,3.37820754954659,1,1,-1.3022236679631,1,0
1753,0.216829650309193,3.83680052995306,2,0,0.556313087933375,0,1
1754,0.67889301944524,2.88594620390226,2,0,-1.34090298653533,0,0
1755,0.201634032644094,1.71213992552436,2,0,-0.581720278510337,0,0
1756,2.35576576731148,2.72274309458832,0,0,-1.92139096307505,0,0
1757,0.153619121699873,0.298611997165678,1,1,-2.94296012611138,1,0
1758,0.154074461606797,0.592229076396946,1,0,0.42228457029649,0,1
1759,0.689743693193242,0.691797817551079,2,0,1.01758679246866,0,1
1760,0.237895020283759,0.240238288082623,1,1,-0.755186898132406,1,0
1761,0.142338519217446,0.203007682520419,1,0,0.27686109162371,0,1
1762,0.19579516898375,1.4866289316897,1,0,0.594397968310198,0,1
1763,0.385790918662678,1.6757998488211,1,0,0.377041059558283,0,1
1764,0.3756684839027,0.970526515354295,0,0,0.128733653897017,0,1
1765,0.38757256930694,0.481260758559803,1,0,1.37029766763866,0,1
1766,2.56639142139795,4.80443963052355,2,0,-1.72532297718313,0,0
1767,0.336081268730244,1.66743941206829,2,0,-0.806801640351645,0,0
1768,0.239812503568828,0.755361405697413,1,1,-0.103044364634862,1,0
1769,0.101308482314616,0.873047581276911,2,0,1.06100215749488,0,1
1770,0.767673408126483,2.13081411641928,2,1,-1.01490777947633,1,0
1771,2.43942916943672,2.81312914369172,0,0,-1.84033288550103,0,0
1772,0.161283207999077,0.595520877357318,1,1,0.255479207285261,1,1
1773,0.0428389559965581,2.21057520000982,2,0,1.35368318137127,0,1
1774,0.0807055397308432,0.368762725384052,2,0,2.61732623143921,0,1
1775,0.120311288337689,1.39381074523576,1,1,1.32116343622645,1,1
1776,0.260896820400376,0.263895839879147,0,1,1.02072552599745,1,1
1777,0.255478596372996,0.46715360761496,2,0,0.0189411842470778,0,1
1778,0.00715095782652497,0.741383127056949,2,0,0.817849628504536,0,1
1779,0.055730259652452,0.798369947842419,2,1,1.75087022266324,1,1
1780,0.510329404470332,1.00005133433458,2,1,0.201982897982269,1,1
1781,1.20481866132468,1.39738276401409,2,1,-0.362940484024853,1,0
1782,0.285960284236353,1.02798766374274,1,0,0.83550875132958,0,1
1783,0.104244031392238,0.244582097873746,1,1,0.199214109735837,1,1
1784,0.927370009943843,4.43129568981628,0,0,-0.959729894185832,0,0
1785,0.110795241117154,0.446034575417912,1,0,1.41793206998192,0,1
1786,0.0599620374850929,1.46679769448837,2,1,0.916399332041918,1,1
1787,0.0930512775079254,1.10888470837599,1,0,-2.32993902369792,0,0
1788,0.640534055419266,0.762682681089629,2,1,-1.13267433090851,1,0
1789,0.00144721067044884,0.464898952533543,2,0,0.103279822632571,0,1
1790,0.405152030289173,1.37672511550287,0,0,0.289488673548595,0,1
1791,0.793650599196553,0.912758780691207,1,1,-1.40210995907862,1,0
1792,0.103803318765058,1.43835013315019,2,0,0.430809995145859,0,1
1793,0.248361645790283,0.30331469169328,2,0,1.74795475574812,0,1
1794,0.191998784139287,0.503941153395098,2,1,1.03427462341554,1,1
1795,0.506836146116257,1.0848627816186,1,0,-1.10958027836758,0,0
1796,0.203558317385614,0.334638346851472,2,0,-0.141953562907382,0,0
1797,0.0893954527708287,0.194935141660957,2,0,0.31038488980582,0,1
1798,0.307503501826432,2.41897624574271,2,0,1.1852974017834,0,1
1799,0.318834886886179,4.83835775577005,0,0,-1.93772273535346,0,0
1800,0.730402090676882,0.74038567815716,2,1,1.09575609404491,1,1
1801,0.10343913192628,0.93203392118239,1,0,0.392864926331415,0,1
1802,0.817959264942266,2.914532419915,0,0,1.35132887393617,0,1
1803,0.43182689580135,0.88972594588995,0,0,0.216843669812865,0,1
1804,0.151380372117274,0.445484869086957,1,1,0.847266318583155,1,1
1805,0.423102254767621,0.565513362563606,1,0,-1.21109691202692,0,0
1806,0.28758261090843,0.763709239172995,2,1,0.917957522063145,1,1
1807,0.584277161419253,1.27306531183422,0,1,-0.199523574487037,1,0
1808,0.666035124658857,1.2041226797292,2,0,1.080310837609,0,1
1809,0.974864279851317,1.08942646689195,1,1,-0.69570786341198,1,0
1810,2.03136566645446,2.73312615528757,1,0,-0.343051109494274,0,0
1811,0.279502935511621,1.75025201763625,2,0,0.372326532475274,0,1
1812,0.315851891650574,1.87589644362446,1,1,-0.0157103436387545,1,0
1813,0.215066600590944,2.29555347313484,0,1,-0.915486688046741,1,0
1814,0.231335126736667,1.49974837983382,2,1,0.613948149965368,1,1
1815,0.133423922816291,0.610868568741046,1,0,0.324134549339318,0,1
1816,0.324067082838155,1.4732414480751,1,1,0.799541325282321,1,1
1817,0.0772934470912622,0.69956708147012,1,1,0.385880175247536,1,1
1818,0.957914123957619,1.28538602042424,2,0,0.450186794905035,0,1
1819,0.921047988362375,1.15729876279237,1,0,0.121913342278403,0,1
1820,0.839118040722616,1.70420695285536,2,0,0.176954267973413,0,1
1821,0.210187343473081,0.485678881394917,1,0,0.154933911003619,0,1
1822,0.372826310340315,0.483482730097608,2,1,1.34400962604556,1,1
1823,0.0801108650962903,0.503755765767012,2,1,-0.105324842869063,1,0
1824,1.52060807296434,1.59191520884633,0,0,-0.835542652321234,0,0
1825,0.265701400057878,0.94028741149213,1,0,0.453058604685039,0,1
1826,0.102356933406193,1.43892191166034,1,1,0.482516004077829,1,1
1827,0.0387330172816291,1.29618796830376,0,0,1.57100198571833,0,1
1828,0.00103084277361631,0.461574192389994,2,1,-0.188399558893348,1,0
1829,0.0251632687286474,0.627337146745707,1,0,0.523074472509028,0,1
1830,0.243911111316107,0.824984237211475,2,1,1.09144946599043,1,1
1831,0.585114033866495,1.54584918972418,2,1,0.54653963905778,1,1
1832,0.197806968949539,1.02905009049986,1,0,-0.594607118252044,0,0
1833,0.309748937375844,0.356219190483292,0,1,-0.129426737467623,1,0
1834,1.27501754369587,5.35682514902759,0,0,-0.423638096196416,0,0
1835,0.063484194688499,0.216182654547664,1,1,-1.34547805354577,1,0
1836,0.526222071610391,2.26233751502305,1,1,-0.0704042826116111,1,0
1837,0.149276104384827,0.918558007106185,0,1,0.428023668284644,1,1
1838,0.0166842102771625,0.392447546120023,2,1,0.545475687558156,1,1
1839,0.192098029898357,0.968861060755214,2,1,0.204906228525425,1,1
1840,0.49016791571142,1.4120113390266,1,1,-0.292774463579804,1,0
1841,0.2258286094293,0.24360115013936,2,1,-0.857588810094447,1,0
1842,0.57130437271566,1.27965889410402,2,1,0.0467704880406259,1,1
1843,0.00362288393080235,0.515790332720022,1,1,-0.0415472516568721,1,0
1844,0.25956991314888,0.908027682294501,1,1,-2.00422549402193,1,0
1845,0.601084749104309,0.893499347250857,2,0,2.05649158037315,0,1
1846,0.500955539729267,4.13999906741083,0,0,0.287167165631251,0,1
1847,0.285931705079606,1.189399099362,1,0,0.256917431649461,0,1
1848,0.466466875727525,1.34175085773071,0,0,0.408936857594322,0,1
1849,0.39880948868813,1.81891897921722,1,0,0.746292802167711,0,1
1850,0.433647143418223,0.529012963791086,2,0,0.991228290193854,0,1
1851,0.0561053038508836,1.82992271143169,2,1,1.28504124654873,1,1
1852,0.803647141993798,1.30945805454307,2,1,0.387218293950504,1,1
1853,0.0961061695124954,0.396945842852195,0,0,0.817289953474597,0,1
1854,0.287221898324788,0.75886733336468,1,1,1.36932917487072,1,1
1855,0.0710017317906022,0.169571607063214,0,1,-0.104013589542909,1,0
1856,0.366371236159466,0.635539240310234,1,0,0.364636900215265,0,1
1857,0.155065252492647,0.25995535884409,1,0,0.597027215805366,0,1
1858,0.254537704167888,1.05818557894868,1,0,1.04241838266364,0,1
1859,0.0285684921118141,0.222749671179796,2,0,2.15828943836036,0,1
1860,0.0283344689523801,1.70223477167038,1,1,1.46110304573683,1,1
1861,0.407114921836182,0.874076035718021,1,1,0.795469865207108,1,1
1862,0.554437388174057,1.97911555772395,2,0,0.796122987446619,0,1
1863,0.173721203690804,2.21026219896799,1,1,1.63315897936278,1,1
1864,0.266522892052308,2.21445603022333,2,0,0.141668747219415,0,1
1865,0.583274399369776,5.23030530012457,0,0,0.716105926259728,0,1
1866,0.899704224430025,1.01847324601178,1,0,-0.340013137199872,0,0
1867,0.0005030747630827,1.14549780289172,2,1,0.765452980304071,1,1
1868,0.116476819850504,1.61462442391821,2,1,-1.07664517565673,1,0
1869,0.21224008856971,2.99773840857991,2,0,0.0863683345257664,0,1
1870,0.191965349805806,0.564893881681562,0,0,1.10127569764852,0,1
1871,0.100536704994738,0.318551358794898,1,1,-0.894318813346521,1,0
1872,0.862258978860274,1.2683406300109,2,0,1.38813373779032,0,1
1873,0.865002810020321,1.02065326984421,0,1,-0.28304056537375,1,0
1874,0.871240736916661,1.65376084687671,1,1,-0.943609442420192,1,0
1875,0.062363434756454,0.891341231217982,1,0,0.437888039433249,0,1
1876,0.489737351424992,2.48363374053216,1,0,-1.45874352303706,0,0
1877,0.00367221422493458,0.401602046410577,2,0,0.681992479980198,0,1
1878,0.478585978245184,1.22153913593073,2,0,1.15309912953434,0,1
1879,0.595367379111059,1.13427282588757,2,0,0.539804564699291,0,1
1880,0.0186687489622273,1.98787402304311,0,1,0.197959196522833,1,1
1881,0.562854887658551,1.15955033347045,1,0,0.325433496764336,0,1
1882,0.146356475015637,0.278322542070675,2,1,1.52619917371113,1,1
1883,0.985548033379018,1.46158616909808,1,1,-0.62864411785167,1,0
1884,1.42650414622369,3.69883375603481,2,0,-0.767158911566989,0,0
1885,0.20923780859448,0.72944839366421,2,0,0.398733593918994,0,1
1886,1.25985949952155,1.60358760597501,1,0,-0.542653255298284,0,0
1887,0.359534478044045,0.80405910276242,1,0,-1.35812614299569,0,0
1888,0.0572228848971225,0.478534042167162,2,0,1.03626341412679,0,1
1889,0.0132434410754385,1.69352409347448,2,0,1.74917530495986,0,1
1890,0.135972374991979,0.902696767575138,0,1,0.319350775471917,1,1
1891,0.918924490589138,2.92497062124312,0,0,0.958880022607482,0,1
1892,0.550216595167369,0.74062903479614,1,0,0.957301316459084,0,1
1893,0.203774307854474,0.547617545694302,1,1,-0.93355855962205,1,0
1894,0.452298211140379,0.878459037791546,1,1,0.117697325390539,1,1
1895,0.272578940123483,1.04878556687081,1,1,-1.27796752224762,1,0
1896,0.549318725799032,1.68687830679119,0,0,1.00266327204319,0,1
1897,0.203999540768564,1.93574390063683,0,0,-1.32924954261613,0,0
1898,2.17162455796244,2.96595023014833,1,1,-0.353964816912275,1,0
1899,0.0114190042532032,0.276356515904018,2,0,-1.13011905816515,0,0
1900,0.0623987914829439,0.64790661743616,2,1,0.840246556817016,1,1
1901,0.401543406769633,0.874639543577719,2,0,0.606591863535858,0,1
1902,0.420332645997405,1.4945824816823,0,1,-0.659644284257759,1,0
1903,0.0665474096313119,0.159122098794068,1,1,-0.26660841193593,1,0
1904,0.13529410935007,1.82274906708801,2,0,0.864684965753725,0,1
1905,0.271118374541402,0.659222973266007,1,1,-1.94651497810615,1,0
1906,1.98903179716992,3.97332717687734,2,0,0.552778457170503,0,1
1907,0.3547537556733,0.630460930548296,1,1,0.243854349705305,1,1
1908,1.31328292191029,4.14597500017153,2,0,-1.03671199392662,0,0
1909,0.452409850433469,2.3031353592362,1,1,-1.50218926302282,1,0
1910,0.284182036411949,0.963088172517109,1,1,0.0161792105392527,1,1
1911,0.0921837026253343,0.344160614509052,2,1,-0.771596360634248,1,0
1912,3.82945013774519,5.86941947416088,2,1,-0.67825434445519,1,0
1913,0.144827080075629,1.44837406491186,0,0,0.82793648173825,0,1
1914,0.188998360245023,0.474155359588381,2,1,1.583711233892,1,1
1915,0.190792087232694,0.209770498152068,1,1,0.0821483363064108,1,1
1916,0.414162106812,1.45433692650185,1,0,-1.10427263682779,0,0
1917,0.921997616510243,2.03734807160732,1,1,0.154809552872297,1,1
1918,1.02166718099008,2.7804424076477,2,0,0.231852611026031,0,1
1919,0.657234854271457,0.669267791058526,2,0,0.580056846002486,0,1
1920,0.485605651020825,1.04259005635167,1,0,0.869629573857319,0,1
1921,0.453795260749757,0.531828666318165,1,0,-0.771348832689075,0,0
1922,0.632289676751112,2.55588235258228,1,0,1.96151886969378,0,1
1923,0.705629762352266,1.57546123155204,2,0,0.419889720028713,0,1
1924,0.155572558287531,1.50580845134961,2,0,0.518170916432604,0,1
1925,0.287676993757486,1.20848473782341,0,1,-0.848363141116949,1,0
1926,0.00817912588260192,0.473445464568044,2,1,1.94978524525284,1,1
1927,0.0493734198971651,0.979643494279636,1,0,0.393582421047603,0,1
1928,0.372275179543067,1.37461730678492,1,0,0.178974517953625,0,1
1929,1.17939043231308,3.56530756439333,2,1,-0.922256433565262,1,0
1930,0.0771490961778909,0.166674678003606,1,1,0.594507225234092,1,1
1931,0.991096384823322,1.46666482133513,1,1,-0.691237565705864,1,0
1932,0.12445391563233,0.417655215998551,2,1,1.39794701512093,1,1
1933,0.175886235956568,0.541851109586614,2,0,1.37644716687374,0,1
1934,0.40507639047145,1.14668793791408,1,1,-0.548636760471546,1,0
1935,0.226736553304363,0.51452886587936,2,0,0.517583620127202,0,1
1936,0.0117772773955949,0.561842288594863,1,0,0.492506096359209,0,1
1937,0.687517792658702,0.937048125097848,2,0,2.27653146328795,0,1
1938,0.838468868285418,2.54491967443192,1,0,-1.27944288203471,0,0
1939,0.0539059593575075,0.133541440591216,0,0,0.0847607841142876,0,1
1940,0.384830609837081,1.73308326017044,1,1,1.71452799127501,1,1
1941,1.21904295049013,1.83997626143991,1,1,1.09862368428291,1,1
1942,1.09488760773093,1.54932744982532,1,1,-0.829818565981016,1,0
1943,0.257639505900443,0.359570733055717,1,1,-0.708481227739905,1,0
1944,0.137483235724672,0.57504689162712,0,1,0.0986626772198376,1,1
1945,0.977175299724207,1.72668257410046,0,0,0.156279320541531,0,1
1946,0.320313873235136,0.537038856738626,1,1,1.80174515935915,1,1
1947,0.752752016970709,1.75598589822679,2,1,1.44556348607426,1,1
1948,0.0807890836149454,1.6145418372805,2,0,-0.0650876325458071,0,0
1949,0.163798615394626,0.430604717534653,1,1,0.0209482971896143,1,1
1950,0.2310830517672,4.30836595874825,2,0,0.336665387636703,0,1
1951,0.829626363093786,2.1431575692937,1,0,0.0935586759995744,0,1
1952,0.15710631996626,0.619359385419189,2,1,0.557395586144716,1,1
1953,0.250887631555088,0.780206606617874,2,1,0.774423474265854,1,1
1954,0.0301677151583135,1.46509837790442,1,0,0.89676165954316,0,1
1955,0.306267540007861,0.660766535458532,2,1,0.727560320388544,1,1
1956,2.50218751245089,4.66317840881134,2,0,1.22888705782339,0,1
1957,0.325065314536914,0.587457153829505,1,1,0.923900006855367,1,1
1958,0.0218103089719079,0.848514546329777,0,1,0.727473633988399,1,1
1959,0.00480585789773613,0.523914767825944,1,1,0.0728647812954948,1,1
1960,0.72870005094149,3.18644915372062,1,0,0.0649243225697766,0,1
1961,0.922141909599304,1.26630518225003,1,0,-2.44545577605525,0,0
1962,0.523655528059982,0.547059517690469,2,0,2.26727677475737,0,1
1963,0.422019335383084,0.77897348781807,2,1,0.190402195550352,1,1
1964,0.125210506666917,2.76192890934192,0,0,1.85199549504689,0,1
1965,0.137219981697854,0.884734647833109,2,1,2.03550754813097,1,1
1966,0.320989487809129,1.5775656789465,1,1,0.312037400528738,1,1
1967,0.359353974054102,3.41967481552691,2,0,0.173542295974253,0,1
1968,0.0419737761840224,0.353196249253733,1,0,-0.734918116216228,0,0
1969,0.391948962642346,0.552445810656735,1,1,0.513798675624881,1,1
1970,1.0113474970624,1.12988394442132,1,0,0.116024241767718,0,1
1971,0.133120070468842,0.342229664791665,1,1,0.496382582810741,1,1
1972,0.534100650901939,1.82114810569568,2,0,-0.574503360456513,0,0
1973,0.639014126473859,0.904714847694873,2,1,0.109457714656605,1,1
1974,1.13551978766918,3.13351292244254,2,0,-0.0710328299291218,0,0
1975,0.223153113911394,0.893052803973357,0,0,1.45961855582145,0,1
1976,0.585755123756826,6,0,0,-0.613159799145764,0,0
1977,0.0205045501732906,0.201117270782823,0,0,0.37344128628769,0,1
1978,0.00141336836486746,0.974423414568799,1,0,-1.87055271577918,0,0
1979,0.464719511775121,1.72166158242873,2,0,0.994987399089681,0,1
1980,0.038751910389441,1.30313351751646,1,1,1.17568974795743,1,1
1981,0.0416913544759154,0.628779463345036,1,1,-0.0763153194408348,1,0
1982,0.130041195661761,1.45937240525699,2,0,2.49967595520306,0,1
1983,0.0677892856765538,0.868962328072197,2,1,0.309835642433055,1,1
1984,0.0257995305582881,0.0664109395334319,2,0,0.0252192350168938,0,1
1985,0.275787137506995,1.52998897973891,1,1,0.245773809674551,1,1
1986,2.06718630635811,5.74554876085925,0,0,-1.07963684357497,0,0
1987,0.173725410395956,1.44898372187727,1,0,-0.620755410555512,0,0
1988,0.0216707575187005,0.201874659782707,1,0,-1.55115619937258,0,0
1989,0.224390714429319,1.78879407855372,0,0,-0.385734835220765,0,0
1990,0.112630396906752,1.20171500680742,2,0,0.141916823641002,0,1
1991,0.10014022118412,0.227052003536598,2,1,0.77926604277235,1,1
1992,1.19993093301879,2.32878786476998,2,0,0.127226057288095,0,1
1993,0.366927133296739,0.593624292237012,2,1,0.756667224068246,1,1
1994,0.846366239711642,1.02339197594557,1,0,-0.783940143906432,0,0
1995,1.14978058374824,1.24076856469934,2,0,1.32145088077599,0,1
1996,0.524496990726877,1.28446328400677,1,1,0.992685987868142,1,1
1997,0.292341726991779,4.6496703783354,0,1,-0.945295879620368,1,0
1998,0.265544349676929,1.82377863020795,1,1,0.374459491715677,1,1
1999,0.380411523219664,1.45016465440185,1,1,0.641236759715085,1,1
2000,0.0214003827422857,1.71052661742097,1,1,-0.415625114226367,1,0
2001,0.249765108339489,0.484799567816387,1,1,-0.77596549073989,1,0
2002,0.252074383606669,0.321443957684644,2,0,1.31397136872448,0,1
2003,0.542324242970727,1.07084717275803,2,0,0.871081370706572,0,1
2004,0.0696838399606274,0.100189315455515,1,1,0.931610719565984,1,1
2005,0.621983387214459,1.2506583910851,1,1,0.352925390627997,1,1
2006,0.038243037997745,0.0924940457836751,1,1,0.0188363938689845,1,1
2007,0.502235447612412,1.22322691987588,1,1,0.395175341243432,1,1
2008,1.00649199727923,1.86939020692725,2,0,-0.412741423183036,0,0
2009,0.301368915825151,1.15995048883407,1,1,0.524687027487894,1,1
2010,0.646444332785904,1.02598610644539,0,0,-0.37035859220389,0,0
2011,0.00555111691086817,0.581894024238254,2,1,0.937786647595204,1,1
2012,0.582022334448993,0.820729892000934,1,1,-1.28934911475903,1,0
2013,0.242437177337706,0.964556054887361,1,0,-2.56908656527649,0,0
2014,0.587249858045772,1.43615435013716,1,1,0.204533440454882,1,1
2015,0.285120358164173,2.55935690365732,0,0,-1.44821661546043,0,0
2016,0.0797957033501007,1.49662902677043,2,1,1.26827046335486,1,1
2017,0.180268515832722,0.85286736298094,1,1,0.593582866873099,1,1
2018,0.00321702565997839,0.787899260335204,2,1,1.17585781699888,1,1
2019,0.262218311545439,0.974979746781376,2,0,1.04944801646545,0,1
2020,0.214303724351339,0.398132245018441,1,1,1.11814790369615,1,1
2021,0.122543498291634,0.157503665537061,2,1,0.150034897460428,1,1
2022,1.76189051560106,3.44890063923594,1,0,-0.585651795621376,0,0
2023,0.333424807759002,0.958430368994055,2,1,0.269648805619439,1,1
2024,1.46447348112234,6,0,0,0.413206783651877,0,1
2025,0.253136246380343,0.652443012868495,1,1,-2.55847036873618,1,0
2026,0.259914582711644,0.54440467307965,0,1,0.597430501622538,1,1
2027,0.0122917434200644,0.605377055895199,0,1,-0.320764121599915,1,0
2028,0.0114837041473947,0.345746787601403,2,0,1.68047096483028,0,1
2029,0.0932398455592729,0.235558601938442,2,1,0.324296511326821,1,1
2030,0.530280471403904,1.73401732322986,1,1,0.975341693324237,1,1
2031,0.697977471606446,1.17376699426724,1,1,0.25747084665052,1,1
2032,0.00952168947024091,0.691567505833452,1,1,0.552531173038044,1,1
2033,0.00880379625000444,0.066276286307308,1,1,0.0503057763943364,1,1
2034,3.60918828083162,6,0,0,-1.99895649737784,0,0
2035,0.341959669678347,0.651541812319338,1,0,0.336865150788812,0,1
2036,1.04626359319818,1.31256025792528,1,0,0.482979149884448,0,1
2037,0.0704982644447339,2.23915233077,2,1,0.583220531143597,1,1
2038,0.17499505460721,1.35750007994945,2,0,-1.35960218462081,0,0
2039,0.224554865042078,0.524381973590879,2,0,-0.728957976259289,0,0
2040,0.473266112618148,0.890375787250555,1,0,-0.90809180352395,0,0
2041,0.757130583748221,1.79170010131032,1,1,-0.443075394303298,1,0
2042,0.0489450301975012,0.222699361385924,1,0,-1.41471952680681,0,0
2043,0.312474612146616,0.423803573444817,2,1,0.27029421090905,1,1
2044,0.559026847450815,2.01583046131129,2,0,0.76273838878896,0,1
2045,0.335638568503782,1.49364458992492,2,0,1.46432831508248,0,1
2046,0.15804590529931,3.39039229904876,2,1,0.335545448771871,1,1
2047,0.799398386437206,0.872359170267979,0,1,-0.17800905467659,1,0
2048,0.140486042946577,0.478220498407267,1,0,0.429557908863738,0,1
2049,0.256312172568869,4.0665603764589,2,0,0.196581345467006,0,1
2050,0.45031643004325,0.817081370941333,2,1,1.19362481624065,1,1
2051,0.0891781863921069,0.78612280897917,2,0,0.53793709108414,0,1
2052,0.0436741608427837,0.502596038457257,2,0,1.24373960624046,0,1
2053,0.612523538267061,0.874622527785272,1,1,0.876209883348619,1,1
2054,0.0870306012802757,0.923866706269298,1,1,1.78156378667062,1,1
2055,2.70706433608177,6,0,0,-0.763220224435352,0,0
2056,0.0863341760448881,0.172479872343691,1,1,-0.0927946255600491,1,0
2057,0.423812247463502,0.688283491679653,1,1,0.374832561347194,1,1
2058,0.463630536919782,1.73812971139948,0,0,0.3476443400226,0,1
2059,1.29729399923235,1.32405816120003,2,0,-0.48810225302194,0,0
2060,0.362289787153713,1.1531837097264,2,0,0.464772983104995,0,1
2061,0.148546219570562,1.2743631742918,1,1,0.437827426236194,1,1
2062,0.44641356214118,1.07686672301031,2,0,0.965756369566769,0,1
2063,0.726539474290186,0.768721593487118,2,1,1.06032650654374,1,1
2064,1.32459108593448,2.34875552355675,2,0,0.57243589445004,0,1
2065,2.33603399611058,3.4744567438126,2,0,-1.35814572671227,0,0
2066,0.126034518703818,0.581797522101899,1,0,-0.48469905831747,0,0
2067,0.537605957916759,0.88803659879649,2,0,0.478817523710288,0,1
2068,0.146662537434195,0.149602729678461,2,0,0.119128074691607,0,1
2069,0.983062015095368,1.01488490330095,2,0,0.29151464732141,0,1
2070,0.117746050818823,0.440064241068396,1,1,1.3134096774593,1,1
2071,0.854574848173008,1.06008885838325,2,1,0.694754330503765,1,1
2072,0.26856431592023,1.2501420197847,2,1,0.670844063310142,1,1
2073,0.0102830599644221,0.0447485795232462,1,1,1.1582245540661,1,1
2074,1.11684067266828,2.57545742514281,1,0,0.531920083555787,0,1
2075,0.175158824382944,0.235525115332728,2,0,1.57897586125378,0,1
2076,0.0583295109673184,0.619306939351544,2,0,0.59543069829814,0,1
2077,0.0623123774005418,0.574725108539437,2,1,0.655990562369986,1,1
2078,1.01133266691455,6,0,0,0.229819134184446,0,1
2079,0.158046561409719,0.499778917310945,2,1,1.72247275881518,1,1
2080,0.202424131566659,0.505584418842802,1,1,1.03740343670597,1,1
2081,0.231877091970338,1.42595769862105,1,0,0.297973008018237,0,1
2082,0.674088975039132,3.54526065910856,0,1,0.501759211671005,1,1
2083,0.559607291335061,1.10447583422521,1,1,0.422608195382979,1,1
2084,1.79452181317586,2.83183154146157,2,0,0.27221042753448,0,1
2085,0.0867180383647792,0.418902821350194,2,0,1.09188539273715,0,1
2086,0.000959470868110657,0.291315489213171,1,1,-1.87283058781772,1,0
2087,0.454442479505025,0.734867262872246,1,1,0.120763009513306,1,1
2088,1.19330786628985,2.28813962404255,2,0,1.41546151398811,0,1
2089,0.436155701987445,1.34825174783078,1,0,-0.898929939940082,0,0
2090,0.566781498465508,2.28280804740886,0,0,0.543168569093856,0,1
2091,0.0671531837433577,1.11116992725238,2,1,-0.247620039672239,1,0
2092,0.0990380169241689,1.02275502209679,1,0,1.13646941682141,0,1
2093,0.724426458447062,3.63791719354082,2,0,0.0997479988920595,0,1
2094,0.0310307935674354,2.32333431706574,1,0,2.53771705295628,0,1
2095,0.451545792139888,0.699613964935644,2,0,0.441270363241383,0,1
2096,0.534556522034109,0.551160233256695,1,1,-2.30794383401184,1,0
2097,0.273452257737517,0.597342579156245,0,1,-0.465451601104872,1,0
2098,0.030669976840727,0.349328352228558,2,1,0.62215382029235,1,1
2099,4.31680241607476,5.59961442247882,2,0,-0.591617287136784,0,0
2100,1.99235068157989,2.98939867823022,2,1,0.0567682346756141,1,1
2101,0.3758725192165,0.796619874056072,1,0,0.642706864928947,0,1
2102,0.188615678587256,0.195479924523056,1,1,-1.84787574026243,1,0
2103,0.5402322368808,1.27499041536389,2,1,-0.251907329385834,1,0
2104,0.118804230146636,0.715578459781744,1,1,1.40809879879456,1,1
2105,0.40209809114458,0.417345419875195,1,1,0.889706278567294,1,1
2106,0.121160898706876,0.523371899261802,1,1,0.633786424554438,1,1
2107,0.348209858639166,3.07497503856818,0,1,0.279336434165991,1,1
2108,0.11736039450625,0.962597314551541,1,1,0.942832630100962,1,1
2109,0.159503305912949,1.14189775913,1,1,0.0239641967552821,1,1
2110,0.845727148672387,0.879357708475919,1,1,0.846003462674506,1,1
2111,1.42113708068191,1.53338833401601,0,1,0.513952555429405,1,1
2112,0.743786087373314,2.05511072577024,1,1,0.905228811485303,1,1
2113,0.18338531779591,0.513469643464093,1,0,1.87623801470162,0,1
2114,1.24133757315576,1.67263637277286,1,0,-0.849128660139812,0,0
2115,0.669834581203759,1.80124390105482,2,0,-0.511931883438399,0,0
2116,0.369508862495422,0.387748365697361,1,1,0.0507328719628076,1,1
2117,0.293324031226803,0.646451980812914,1,0,1.09033464825081,0,1
2118,0.202967102522962,0.272111158083185,2,0,1.14582745292634,0,1
2119,0.632338100995131,0.919557131870387,2,0,1.2497236905189,0,1
2120,2.57361794226714,2.96296958190699,0,0,0.524798423173349,0,1
2121,0.107270422981474,0.404792042982187,2,1,0.173204161058856,1,1
2122,0.961134932678363,1.31718544535747,2,1,0.891598696020314,1,1
2123,0.928326875126236,1.06896120596162,1,1,0.0871544402068991,1,1
2124,0.157076407922432,1.70935410214786,2,0,2.02026283091588,0,1
2125,1.12365792319179,3.38777373434627,2,0,-0.103994025253413,0,0
2126,0.0628308864256118,0.553486236383604,2,0,-0.812612633694358,0,0
2127,0.319880735253524,2.17491359713439,1,0,1.25146524419171,0,1
2128,0.967877828516066,1.41457570496867,2,1,-0.0892435915853152,1,0
2129,0.27123724721605,0.596455537207242,2,1,0.835506483211945,1,1
2130,0.00960278091952205,1.76099562938849,2,1,1.34407127842228,1,1
2131,0.408968608826399,0.543812957281868,0,0,0.547495146876133,0,1
2132,0.0266719641513191,2.52916693517222,1,0,0.419712644711296,0,1
2133,0.0201048812092657,0.539306865255647,1,0,0.227932674679875,0,1
2134,0.0013697776891989,0.651761315398846,2,1,0.380087266508993,1,1
2135,0.269138728104268,1.18464942548697,1,0,0.756791571816324,0,1
2136,0.433299965058152,3.32107215910348,2,1,-0.344716554604165,1,0
2137,0.178176264744252,0.184964493236983,2,0,2.13314367743443,0,1
2138,0.126978335902095,1.02631802786327,2,1,1.49581235846943,1,1
2139,0.0222478816285729,0.600544147151398,2,0,-0.529008364773391,0,0
2140,0.256350469374967,0.948914260715877,1,1,-0.265924135912539,1,0
2141,1.1810205662623,1.50458505491083,1,1,-0.303199481223173,1,0
2142,0.0656359043446909,1.24633040377753,2,0,0.882334164759545,0,1
2143,0.0185298386041105,0.169955929071446,1,1,0.320166654956398,1,1
2144,1.1434771027416,2.78736261030038,0,1,-0.357950707170883,1,0
2145,0.419836955145001,0.675116708805416,1,1,-0.751793986618262,1,0
2146,0.00189828781892518,0.17964084588548,0,0,-0.424911081309859,0,0
2147,0.972102696738737,1.83075146188985,2,0,1.39630949455724,0,1
2148,0.00301032663113513,0.0263148341458972,2,1,1.8546588753153,1,1
2149,0.386033038375899,1.53331017278185,1,1,0.220325587886497,1,1
2150,0.832534973134108,1.06733381497435,2,1,0.467836651780327,1,1
2151,0.154066735878587,1.27853366120971,1,0,-3.07622264605592,0,0
2152,0.247586523473728,0.30788713970654,2,1,0.845480884456045,1,1
2153,0.614349905056622,0.994081279883782,0,0,-0.211280836404809,0,0
2154,0.234286050643911,5.08832596737119,0,0,-0.318383192324246,0,0
2155,0.116731078305747,0.259908884615786,1,1,0.310920608478433,1,1
2156,0.0972800585441291,0.12832114163632,1,1,0.156417586893769,1,1
2157,0.592790062539279,0.924426469351412,1,1,-0.0796337927340088,1,0
2158,0.584886763244867,1.32256443578972,1,0,-0.955242152211545,0,0
2159,0.197987765423022,0.334113762665826,1,0,0.274826004034634,0,1
2160,0.0944603020325303,1.071224687621,0,0,-0.477103082098697,0,0
2161,0.808820349603713,4.71764301449525,1,1,0.443753035430757,1,1
2162,1.31947761122137,1.67809989634423,1,1,-0.209983944629037,1,0
2163,0.365208866074681,0.538146848142885,0,0,-0.353442915074869,0,0
2164,0.338171883036146,1.69083529680088,1,0,-0.251549659294724,0,0
2165,0.338446769164875,2.30611214277772,2,0,0.079340144764869,0,1
2166,0.00705363228917122,0.294828750193119,0,0,0.602008406004211,0,1
2167,0.796380639049977,0.861505685995023,0,0,0.449719482747121,0,1
2168,0.551621852841542,1.2402552331151,2,0,1.68789539160635,0,1
2169,0.198154808953404,0.234363696631951,1,1,-0.91695879771838,1,0
2170,0.334283774718642,2.55521321528902,2,0,0.961107447092015,0,1
2171,0.0744675714360192,2.23423498750519,1,0,0.446813604724076,0,1
2172,0.451637225957952,0.603387661998926,2,1,0.731094380928279,1,1
2173,0.390276622027159,1.00382466005568,1,0,-0.788153828555661,0,0
2174,0.406315225409344,1.57503925574323,0,0,1.00164639789385,0,1
2175,1.61985360450091,3.07121713126671,2,1,-0.214423191360524,1,0
2176,0.0432770790522832,0.0976325460875681,2,1,0.798877286661029,1,1
2177,1.20451950561255,3.70608120620834,1,1,-0.760464107602752,1,0
2178,0.0488330541831986,0.175033777937217,1,0,2.19264434614724,0,1
2179,0.0163567351008227,0.258950067279462,1,1,-0.939224420622989,1,0
2180,1.09962056577206,5.57551611959453,2,0,-0.764593683296289,0,0
2181,0.705362666533466,3.51128583635496,1,0,-0.545263710772285,0,0
2182,0.395437472034246,0.863564471038666,1,1,0.958971721585626,1,1
2183,0.155915943614673,1.97271426085217,1,0,0.755711084966634,0,1
2184,0.348771561402828,2.09575079232277,1,1,2.4440037288908,1,1
2185,0.0118696529465203,0.385880915723439,1,0,0.330780114340745,0,1
2186,0.912162233091533,2.0705530471015,0,0,0.567583562678819,0,1
2187,0.149204357255131,3.79183163292285,2,1,0.0492336389243526,1,1
2188,0.448664437836789,2.00558425556738,1,0,1.6693252928366,0,1
2189,1.51311274478616,1.75142054140474,2,0,-0.263812488132657,0,0
2190,0.526045415291384,1.68258721256087,2,1,1.69107717336505,1,1
2191,0.0421288355920426,1.7908314960616,2,0,0.421633932343254,0,1
2192,0.187267276633065,2.31852836341997,1,1,0.789913002437611,1,1
2193,0.766639881741077,0.949032522172137,2,0,0.873465590967704,0,1
2194,0.0829830596921965,1.83520095235443,1,0,0.0530310914519891,0,1
2195,0.141802922007628,0.794285812040828,1,1,0.988385091034611,1,1
2196,0.177094105631113,0.594928043122092,1,0,-0.619202006261184,0,0
2197,0.000398953270632774,0.722679609047618,1,0,0.565164386416252,0,1
2198,0.178536704625003,1.74605151905262,2,0,0.456782694157687,0,1
2199,2.16486383221092,3.52317268106744,2,0,-0.11564720678559,0,0
2200,0.429798161785584,0.837121345647501,2,0,0.419944028358892,0,1
2201,1.98109339914265,4.72801995125222,0,0,-0.547539790762629,0,0
2202,0.168569450522869,1.79478252904619,2,0,0.416618333595094,0,1
2203,0.0670770677970722,0.183867774803597,1,0,1.03558474890258,0,1
2204,0.507746086048101,0.740799559074652,1,1,1.16410381168672,1,1
2205,0.153329610537846,2.0822481887875,2,0,0.93583625177382,0,1
2206,0.870053895422102,1.63624780075073,2,1,1.25608229109036,1,1
2207,0.520959589630365,0.957645351688067,0,1,-0.678523483738228,1,0
2208,0.00318467617034912,1.21791234655021,1,1,0.114850321313891,1,1
2209,0.977759931649655,1.07618049613102,2,0,1.00140120284757,0,1
2210,0.197837658342905,0.830523180045739,2,1,0.23145527211917,1,1
2211,0.267572029551957,2.01847230577552,1,0,0.107236051137348,0,1
2212,0.378614906221628,0.648698697008929,1,0,-0.0526796375404136,0,0
2213,1.45640432943164,6,0,0,0.590445226211162,0,1
2214,0.660367573611438,1.55739419983782,2,1,-0.67643640777101,1,0
2215,0.783735712058842,1.17201416132351,0,0,-0.0685515417525815,0,0
2216,0.202126626390964,0.374464773128866,2,1,1.99508684270905,1,1
2217,1.3159650714746,3.69136630247037,0,1,0.0593713130096711,1,1
2218,1.20034759160468,3.95266471553219,2,0,0.822165038756774,0,1
2219,0.608336439356208,2.7485241658782,1,1,-0.730285568945078,1,0
2220,0.140100582211744,0.433579658867584,1,1,0.149118055510461,1,1
2221,0.32008562295232,0.445098636302363,2,0,1.34410721737684,0,1
2222,0.0157000754650339,0.258446106066306,0,0,0.00476923864133263,0,1
2223,1.70665721214356,6,0,0,-0.273064069367426,0,0
2224,0.370945869362913,0.711961592436903,1,1,0.851289236292586,1,1
2225,0.0151923174847438,0.810696618769207,1,1,0.7113527780733,1,1
2226,0.236012713285163,1.87546155627558,2,0,1.85478386735486,0,1
2227,0.0711250351286401,0.939582758477136,1,1,-0.599365493923006,1,0
2228,0.391297588124871,2.019278652701,0,0,-0.210539124044396,0,0
2229,0.039156866153955,1.1503938072827,2,1,0.86547247451683,1,1
2230,0.119297206401825,1.53358596094522,1,0,0.0612866632565618,0,1
2231,0.209876228182111,1.62493551590085,2,1,0.765927661849796,1,1
2232,0.59480391937218,1.12775091869866,1,0,0.611947556417809,0,1
2233,0.26258047495503,1.90923957349932,1,1,1.17620409048013,1,1
2234,0.713459612426169,0.9120715241244,1,0,0.0872398632134283,0,1
2235,0.993729351268724,3.27414621072217,2,0,0.109442623771853,0,1
2236,0.0933354126432315,0.326449220384941,1,0,0.0712699799583154,0,1
2237,0.623798841559519,0.688312069576101,1,0,-0.698439466207086,0,0
2238,0.323002096556593,1.28875113123761,1,1,0.447045894495248,1,1
2239,0.00883192202309147,0.373816614349683,0,0,0.276069625603672,0,1
2240,0.220112591341604,1.64570007228286,2,0,0.311912348485535,0,1
2241,0.36582222324796,1.77774758107021,2,0,0.394751271287937,0,1
2242,0.0857484893640503,0.181971514201264,1,1,0.0454900371796174,1,1
2243,4.11980316026096,6,0,0,-0.553934367515433,0,0
2244,1.73923951097506,2.5453476527813,1,1,0.130283065224023,1,1
2245,0.0211508720736001,0.482762198738155,2,0,0.824454280805278,0,1
2246,0.567238074727356,0.692231900480707,2,0,-0.542957574824165,0,0
2247,0.938664639190935,1.29814124474716,2,1,-0.623292535345672,1,0
2248,1.21841181814671,2.65965836613268,2,0,-1.12458518155376,0,0
2249,0.259930579390606,3.49939534130196,0,0,-0.785371996419508,0,0
2250,0.304863149300218,0.561745340780446,1,1,-1.85908540489522,1,0
2251,0.319119913910981,0.557063422859206,2,1,0.171879453022032,1,1
2252,0.187185797115805,2.51832920169504,2,0,1.11017268752695,0,1
2253,0.302809506247286,0.805372162662326,2,0,0.907527140379652,0,1
2254,0.0494568509748206,2.0446912328888,1,1,0.607896780394478,1,1
2255,0.367025192826986,2.64212715011527,2,1,-0.316530457439351,1,0
2256,0.495236704565406,1.51625991952454,2,1,0.188227454501332,1,1
2257,0.0556061485462167,1.44742125490311,1,1,1.35504232587558,1,1
2258,0.813770991490975,1.78954463047441,1,0,0.0525106192066218,0,1
2259,0.790977079421282,1.09426062596521,1,0,-0.37318901533092,0,0
2260,1.32576454617083,3.10882830775883,1,1,-1.31053389309277,1,0
2261,1.09546156972647,6,0,0,-1.01269815846741,0,0
2262,0.108601049055512,1.17093967512944,1,1,1.06035926420513,1,1
2263,0.0172340907738544,0.948949753443222,2,0,0.564381119443768,0,1
2264,0.13622893136926,0.74568586734434,0,0,0.543652272157959,0,1
2265,0.605145298733197,1.50933987652245,0,0,0.109599084133011,0,1
2266,0.553806307583787,0.795032757715381,2,0,0.508926271094842,0,1
2267,0.483931308236726,0.610949649642973,1,1,1.09437366371711,1,1
2268,0.143462824323446,1.36757562247415,0,0,-0.933595538838845,0,0
2269,0.219130039040465,0.41543287581219,1,1,1.05668033537551,1,1
2270,0.235750069550704,1.74660138427948,1,1,0.323155665615137,1,1
2271,0.872187939643139,1.12061171386002,2,0,-0.242343921152458,0,0
2272,0.0561588173993914,1.71432180930489,2,0,0.528423793499654,0,1
2273,0.369436574692372,0.430613775748897,1,1,0.141114829291636,1,1
2274,0.127002791850828,0.277560241520405,0,0,1.0190752269597,0,1
2275,3.95755579678302,5.10317400483262,2,0,-0.0154435488483562,0,0
2276,0.0676031615393026,0.14341761978964,0,1,-0.243611610107833,1,0
2277,0.368714661744889,0.639878780221142,2,1,0.556425649291586,1,1
2278,0.44090969953686,0.856750385754177,1,0,-1.09175427421124,0,0
2279,0.161387440457474,0.556893423487328,2,0,2.38413724667018,0,1
2280,0.144459528255411,0.816504254979892,2,0,0.437144733301395,0,1
2281,0.20385353933555,0.319683890999954,1,1,0.345483668492394,1,1
2282,0.358345456188545,0.53846043741785,2,0,0.212678296055461,0,1
2283,0.657640491818831,0.762031653769817,1,1,0.986012330553297,1,1
2284,1.02408657104331,6,0,0,0.771323115006799,0,1
2285,0.651758347189565,4.38909672316428,2,1,0.597129532378668,1,1
2286,0.224058539800627,2.84957095193261,1,0,-0.748604134543952,0,0
2287,0.498515306971967,4.36174311382743,2,0,-0.844703447001234,0,0
2288,0.145981501264032,0.343634708801899,2,0,1.53524430193581,0,1
2289,0.476966631559277,0.668076013288147,1,1,0.538563184568935,1,1
2290,2.43430761239471,6,0,0,-0.0683853017401602,0,0
2291,0.583932069274592,1.05578780496617,1,1,1.24054637366109,1,1
2292,0.206673198405763,0.488170791703064,1,0,-1.63051227219581,0,0
2293,0.248027463581181,0.739141749283355,1,0,-0.0146908818439969,0,0
2294,0.244446900032926,1.1054940303826,1,1,0.14548792183465,1,1
2295,3.80070975406056,5.92767280352169,1,0,-1.54577720720418,0,0
2296,0.482464379630983,3.55128920947512,0,0,-1.02970736196568,0,0
2297,0.137941586822519,0.491064125402541,1,0,0.206606370656981,0,1
2298,0.282554692821577,2.58015956554708,1,0,0.673142515381782,0,1
2299,0.716756943613291,6,0,0,-0.666967619387434,0,0
2300,1.00336233898997,1.23682967541382,1,0,-0.110389852936895,0,0
2301,0.0510543279233389,0.427215016931251,1,1,0.0998039230906283,1,1
2302,0.252436511232866,0.315696636775133,1,1,1.05181428315281,1,1
2303,0.810356829871245,1.7821176418484,1,1,1.06302538437224,1,1
2304,0.0942021526679325,0.221776234109995,1,0,-0.336061176068321,0,0
2305,0.826545881452288,0.870075128965517,0,0,-0.205589730956214,0,0
2306,1.25906193041579,1.92820108675096,2,0,1.13510436167666,0,1
2307,0.0477751439611774,0.18898783575604,2,0,0.740522760016138,0,1
2308,0.0697842231020331,1.19605276632825,2,1,-0.918191381429713,1,0
2309,0.422316118143499,1.07269709320744,1,1,-1.65767078794001,1,0
2310,0.24385198764503,0.308012640494803,1,1,-0.571171108070847,1,0
2311,0.0938045550719835,0.603531366469356,1,0,2.25994947805207,0,1
2312,0.0118035625200719,0.536942256870716,2,1,0.660076585163353,1,1
2313,1.21521297022106,1.27493698905576,2,0,1.72324043874867,0,1
2314,0.391857605718542,1.7433797727115,2,1,1.53424766559318,1,1
2315,1.26457468717696,1.69328483432502,2,0,0.321515781033406,0,1
2316,0.104011622315738,0.496588023214384,1,1,0.00269586640693744,1,1
2317,0.169614939659368,2.09813063559158,2,0,0.420820875774393,0,1
2318,0.606521825893695,1.60282143605798,2,0,0.246748334553626,0,1
2319,0.382787467096932,0.98986047308743,2,0,0.982399060464965,0,1
2320,0.242669017054141,0.425561037646764,1,0,-0.511062072258611,0,0
2321,0.235125888062021,0.481700748774761,1,1,0.242219948138949,1,1
2322,0.883931753871605,1.84928148284743,0,0,1.58096148679738,0,1
2323,0.550060357173726,1.19241950953872,1,0,0.104234057738931,0,1
2324,0.04685044195503,1.71042521816481,1,1,-0.65107011056384,1,0
2325,0.0472042998299003,1.00072950124741,0,0,-0.08741595903623,0,0
2326,0.423937753075734,1.635098255812,1,0,0.18783917429514,0,1
2327,0.179192522540689,2.74355842838161,1,0,-1.18889104094852,0,0
2328,0.338642047718167,1.50532527926511,1,1,-0.816424939341769,1,0
2329,0.551640927791595,1.42794228183264,1,1,-0.0659005752620501,1,0
2330,0.651662503026182,0.769513472914696,0,1,0.139937399827767,1,1
2331,1.30888363718987,2.00659390159542,1,0,-0.546480158339725,0,0
2332,1.27601209906267,2.13870905047277,0,1,0.616386956967694,1,1
2333,0.0534593124757521,1.52126113116005,1,1,0.153856082909552,1,1
2334,1.45905914335492,3.55117273386881,2,0,-0.941694889771405,0,0
2335,0.347422428894788,2.5075640406579,2,0,1.15262475536921,0,1
2336,0.177828813903034,0.69802357340161,1,0,0.927037495624027,0,1
2337,0.489198602517887,1.24670149480721,2,1,0.993189718622514,1,1
2338,0.276854728581384,0.559367430563465,2,1,1.06544912950278,1,1
2339,0.0224527362734079,0.0560037775568111,1,1,-0.88339332543508,1,0
2340,0.618618754061692,3.76391995719173,2,1,0.679224394396459,1,1
2341,0.0964968604966998,0.104841172498357,1,0,-0.78711146113862,0,0
2342,0.93605839740485,2.59589064009246,2,0,-0.123664773537084,0,0
2343,0.00284980141813881,0.299924748367029,1,0,0.425396862867831,0,1
2344,0.161477420595267,1.63506225372354,0,0,0.584359988641515,0,1
2345,0.706765920843717,0.958209613573862,2,0,-0.522301434307827,0,0
2346,0.236181018699426,1.30314095221935,1,1,0.0995125338898813,1,1
2347,0.0017461833794648,1.32910904223818,1,1,0.132405078653699,1,1
2348,0.599953471276727,1.92778277778596,0,0,-1.65813146560348,0,0
2349,0.682765901227142,1.62207903418218,2,0,-0.879606413276673,0,0
2350,0.0917797696324227,1.02521871216595,0,0,0.391476117713307,0,1
2351,0.031777675030753,0.108262283707356,1,1,0.731015971799778,1,1
2352,0.740267910269842,1.29952840017544,2,0,2.56180391950249,0,1
2353,0.318155145214405,1.46839992639156,2,1,0.775272152871691,1,1
2354,2.77050181097331,2.90614076162815,2,0,-1.30937214456183,0,0
2355,0.243781986646354,2.17395389579607,1,0,2.12293278465538,0,1
2356,0.265947759305446,0.39739488493544,1,0,0.104536348426692,0,1
2357,0.341589309682604,1.014432458921,1,0,0.21044854995016,0,1
2358,0.2919896345702,1.2819521750013,0,0,1.29671564880341,0,1
2359,0.0126435388044854,0.828612297950927,1,0,0.136478041259774,0,1
2360,1.99385515496857,2.64196401880699,1,0,-0.913649675185331,0,0
2361,0.161682991019916,0.405016978100242,2,1,0.779166251960221,1,1
2362,0.142751246436239,1.61648172165123,1,0,-0.192477504556531,0,0
2363,0.232399242522661,0.926946501530907,2,0,0.844752574438205,0,1
2364,0.54610966846447,1.54487045483136,1,0,-0.898060807606527,0,0
2365,0.209438590557895,0.974829969196329,1,1,0.00534939424340638,1,1
2366,0.0820356734406789,1.17414316419371,2,1,1.12024714482331,1,1
2367,0.0546573064485682,1.13531465909005,2,0,0.731525111650603,0,1
2368,0.0694041139689169,0.380059697975715,0,0,-0.187256199224997,0,0
2369,0.0888766514253803,0.921157654160157,2,0,1.17269394062349,0,1
2370,0.863118467852473,3.08763249065163,0,0,-0.352025244744952,0,0
2371,0.459689123064101,0.626751736610375,2,1,0.921969409706324,1,1
2372,0.789812633857884,1.11700715721028,1,1,0.0710331145340249,1,1
2373,0.237733777355677,0.388263801223301,1,1,1.12646432064562,1,1
2374,0.28102910798043,0.559644924437887,1,0,-1.42449256691461,0,0
2375,0.195140728423684,0.286360015904072,1,0,1.84500431068013,0,1
2376,0.00641134069726183,1.0305680571385,2,1,0.175009035364103,1,1
2377,0.250673532825816,2.35108494528358,1,0,0.241545235407592,0,1
2378,0.975902060136523,1.77648690715362,1,1,3.1077163205834,1,1
2379,0.0107813411159441,0.197487067595926,1,1,0.580067780275167,1,1
2380,0.667572882379432,0.919804587390073,1,1,0.553128611385586,1,1
2381,0.341310602926579,0.469658421020398,1,1,-1.13796257683311,1,0
2382,0.0396082803813087,0.448616505065925,0,0,0.870900866510959,0,1
2383,0.178799479470416,2.32962259559307,2,1,0.259324962538898,1,1
2384,0.440594475046721,0.67718457741042,0,1,1.29562862436454,1,1
2385,1.59888206564755,3.52448430840514,1,1,-0.081224446514253,1,0
2386,0.216763099306263,0.494723146651817,1,0,0.362375781148072,0,1
2387,0.0218734098598361,2.23590267201265,0,0,-0.924048763416398,0,0
2388,3.95952120406513,5.8575762780283,0,0,-0.420981028153091,0,0
2389,0.703888641670346,1.18576813376313,2,1,-0.316016277683719,1,0
2390,0.0222558923996985,0.203342526332965,1,0,1.44233277720005,0,1
2391,0.0866812987268219,0.604157787059851,2,1,1.53724566964849,1,1
2392,0.126137362908932,0.350463142168785,1,0,-0.136233911203827,0,0
2393,0.0514356431085616,0.351732258374492,0,1,1.58917049267492,1,1
2394,0.298236222734202,3.20326293036963,2,0,0.187207345425539,0,1
2395,0.310579620418139,1.37872865426979,1,1,0.591352200406783,1,1
2396,0.43107719742693,0.436345434417276,2,0,0.343874027847165,0,1
2397,0.336384664988145,0.402030700920532,2,1,0.0389348022450556,1,1
2398,0.309296520426869,0.736262304708362,0,0,0.219492772501586,0,1
2399,0.107053639949299,0.15654163945748,0,0,0.974300653631792,0,1
2400,0.254417640389875,2.50048852525651,0,0,0.203244446618333,0,1
2401,0.833524541929364,0.866560635661169,0,0,-0.760203780378012,0,0
2402,2.63115908755901,3.65207481818895,0,0,-0.571155870657783,0,0
2403,0.832591531798244,4.9866213398358,0,0,-1.04612902847002,0,0
2404,0.379880740947556,1.80918204314638,2,1,0.247607607241643,1,1
2405,0.0746825656424226,0.393292496262322,1,0,-0.390628709792886,0,0
2406,0.307066584937274,0.694612318952821,1,1,0.302342116732132,1,1
2407,0.0991682973108254,0.360058329203546,2,1,1.24770457257551,1,1
2408,0.548634092323482,3.88309087245649,2,0,-0.786490238952918,0,0
2409,0.464985762744598,0.662874871155361,2,0,0.214023758557486,0,1
2410,1.75611118441866,6,0,0,-0.792150749945678,0,0
2411,0.0426855320120157,1.66003110442745,1,0,-1.69480351639956,0,0
2412,0.0283547245794952,0.474790739439726,1,0,0.549272369065716,0,1
2413,0.163611529394984,2.88761897001627,2,0,-0.614113093603808,0,0
2414,1.26216795057395,3.0958232231927,1,1,0.207616678532532,1,1
2415,0.322369538247585,1.45581763622564,1,0,-0.318606565032044,0,0
2416,0.899513408541679,0.958424844291732,1,0,-0.263201713312396,0,0
2417,0.432563423819374,0.934981168131275,1,0,0.245948399286319,0,1
2418,0.136462234950159,1.56676141643959,1,0,1.18468886364654,0,1
2419,1.17924736458214,1.40349023781119,2,1,1.4431070778511,1,1
2420,1.00892167882399,2.14201950488902,2,1,0.586308454025221,1,1
2421,0.0720141846351471,0.151587382207049,2,0,0.539032118403324,0,1
2422,1.02670997026713,1.02722209477114,2,0,1.81155707064067,0,1
2423,0.312289645080455,3.56188235059154,2,0,1.82067969528955,0,1
2424,0.0933062337571755,2.36990795738933,1,1,1.79565361774602,1,1
2425,0.313655442647409,1.17279542144348,1,1,0.468441126533931,1,1
2426,0.865315786349873,1.03215930360541,1,0,-1.14404323472642,0,0
2427,0.2141085328185,0.591105650533218,1,1,1.84219697766397,1,1
2428,1.05581906158544,6,0,0,-0.533191314481849,0,0
2429,0.861928160011083,2.35830468478929,1,1,-0.00776266415424899,1,0
2430,0.182407015527133,1.14893111012599,1,0,0.351686976547073,0,1
2431,0.391033300838899,1.48373174170653,0,0,0.411998687270121,0,1
2432,0.636848832337938,1.75524953313183,2,1,1.83010425402861,1,1
2433,0.33494127652375,0.386839609638682,1,1,0.534091027121251,1,1
2434,0.807364720359266,3.44337909509732,2,1,0.186296236540838,1,1
2435,0.138108290291393,3.7800247397837,1,1,0.405534489914414,1,1
2436,1.03959111683071,1.2478486955808,1,0,-0.141626239983779,0,0
2437,0.941798644140363,1.12077123913101,2,1,-0.49200235809105,1,0
2438,0.47928998158715,2.60217412374914,0,1,-0.111049445456799,1,0
2439,0.51218088015151,2.57792885758665,2,0,1.35982285606405,0,1
2440,0.00992240966297686,0.237415914822936,1,1,0.962762648558413,1,1
2441,0.691819920876816,0.805971151722569,1,0,0.112990521556937,0,1
2442,0.0460399917210452,3.13472058122437,1,1,1.09523701059967,1,1
2443,1.02264342550188,1.77585883059204,1,1,-0.785651162278494,1,0
2444,0.0879981007892638,0.516251261027276,1,1,0.254099300740504,1,1
2445,1.41774987556509,5.36480682141785,2,1,0.715192064532128,1,1
2446,1.00422474835068,5.33086639595939,0,0,-0.588455890869564,0,0
2447,1.0677635949105,1.32544733239681,1,0,-0.269147848594532,0,0
2448,0.323070426529739,0.559044586192665,1,1,0.00532510145927243,1,1
2449,0.418201226275414,0.972652857814419,2,1,1.22140233662415,1,1
2450,0.0753561439341865,0.760784684479884,2,0,0.814967089708573,0,1
2451,0.089698113151826,0.858418535432086,2,0,0.7305328386956,0,1
2452,0.14047831093194,0.664246918597796,2,0,0.470173028383066,0,1
2453,0.502070030753322,2.54029775987937,2,0,0.553316034378602,0,1
2454,0.362552125006914,0.767579159547601,1,0,-0.290127721718966,0,0
2455,0.303320905271959,1.49018547641145,1,0,-0.47082878040809,0,0
2456,0.242236173257043,0.784888849666066,2,0,0.398277096377862,0,1
2457,0.951682282611728,1.71642218232163,2,0,-0.109182463387373,0,0
2458,0.606325445088379,1.70668501771677,2,0,0.180858325639049,0,1
2459,0.587428214467883,0.671264162721628,2,1,0.840312772563746,1,1
2460,0.984778508957118,1.39630191804808,2,0,0.618326282673203,0,1
2461,0.306517101707868,1.48563304605583,0,1,0.464544275823136,1,1
2462,2.91861491021215,6,0,0,-0.136630039702421,0,0
2463,0.24015502538532,0.67337951138251,2,1,0.76517233462183,1,1
2464,0.00337955700323425,0.489280084838347,1,1,1.26751224282774,1,1
2465,2.48362448244336,3.90800159022763,2,0,-1.40359344359135,0,0
2466,0.127814508162315,0.258326451399069,2,0,0.228457591208381,0,1
2467,0.197094714385457,6,0,0,0.168853288557463,0,1
2468,0.316931453533471,3.1906488000114,2,0,-0.202076937077193,0,0
2469,0.332388636015821,0.628462946915197,1,1,0.296941497161304,1,1
2470,0.58203006349504,1.3834123574712,1,1,-0.325003605009215,1,0
2471,0.344182594853919,0.60726435511658,2,1,0.607947526882604,1,1
2472,0.442943687058807,4.46613737996018,1,1,0.404524724281346,1,1
2473,0.331901388708502,4.4957954933246,0,0,0.796860395153881,0,1
2474,0.843978992171407,1.08454532247961,1,1,1.20451271724724,1,1
2475,0.150729875690637,0.92899050849983,1,1,-0.109553274133299,1,0
2476,0.369934860791545,0.620717539762457,0,0,3.06160340226111,0,1
2477,0.343287329887971,0.822061632514951,0,0,1.9746223925118,0,1
2478,0.222396623867098,1.19452600728932,2,1,1.10995811395132,1,1
2479,0.150866817566566,0.368322771098158,2,1,0.600251318257279,1,1
2480,0.0650901184417307,0.431395085973605,2,1,0.406398820470058,1,1
2481,0.471373100112864,0.65811973279664,0,0,0.20054076634026,0,1
2482,0.656333559282877,0.739871632414771,1,1,0.716271982401612,1,1
2483,0.0315661936245301,0.848233318595204,2,0,0.488331346521453,0,1
2484,0.049250090893036,0.256420249827582,2,1,2.31041109475951,1,1
2485,0.643111322980195,2.04735956561686,1,1,0.150528389971091,1,1
2486,0.31458531857273,0.448387928790396,1,1,0.454184021986175,1,1
2487,1.03741130791605,1.70687320127777,2,1,-0.57097595760245,1,0
2488,0.701526726453386,0.927859881830946,2,0,0.379367160325527,0,1
2489,0.31878608482657,0.576484848027336,2,0,0.229583089750393,0,1
2490,0.56431781381537,0.659983358901172,1,0,0.699130375277627,0,1
2491,0.252116241899785,0.327172662493918,2,0,0.253621071994508,0,1
2492,0.0218260856345296,1.32997429619233,0,0,-0.485866597714241,0,0
2493,0.498772875449497,1.25429923646152,0,0,0.507426759376261,0,1
2494,0.275619253807236,0.61660784965864,1,0,0.440972331773251,0,1
2495,0.470926195411138,1.05878436799314,1,1,0.995722972618178,1,1
2496,0.0199956134707027,0.998338260118728,0,1,0.65413234958078,1,1
2497,0.655137115946792,0.971999251328122,2,1,0.742996230936931,1,1
2498,0.726363022487328,1.00265535461632,2,1,-0.337948640029873,1,0
2499,0.122158131271135,0.376126200303204,2,0,0.70521875516191,0,1
2500,0.00116703247119161,0.803976929542558,1,0,-0.738292450865394,0,0
2501,0.212763648085959,0.30033525015841,1,1,-1.04543104674802,1,0
2502,0.224381069852936,0.856372696382316,1,1,-0.677548609084058,1,0
2503,0.530638819301322,0.834268626446525,0,1,1.64147956722306,1,1
2504,0.0788497542050669,1.22424666988616,2,0,1.105137397008,0,1
2505,0.187392800871748,0.918291241836139,1,1,0.958742878046825,1,1
2506,0.239192901353817,0.781286918498168,1,1,1.23814632717847,1,1
2507,0.0686395507089204,0.299736785816644,2,1,1.77207827684148,1,1
2508,0.33022678893758,0.428166148159312,1,1,0.0471832114806131,1,1
2509,0.024759208927694,0.739877213006103,1,0,-0.173834135419051,0,0
2510,0.510657170787454,1.64837009824337,2,0,-1.19267289305487,0,0
2511,0.68522109242329,1.62054237082492,1,0,-0.446099275740113,0,0
2512,0.407500397413969,0.839219775484745,2,0,2.28630588665408,0,1
2513,0.120618037851142,0.538565602967126,1,0,0.382714197557272,0,1
2514,0.0170473913632206,1.17363118899294,0,0,0.13381590226653,0,1
2515,0.0567667428404093,0.0740521469208074,1,1,-0.585344186659366,1,0
2516,0.252873577992432,3.52035288027489,2,0,1.29692939519221,0,1
2517,0.032136463560164,0.965961337883176,1,1,0.58309106936551,1,1
2518,0.315873686049599,2.28301381024286,2,1,0.724049711911667,1,1
2519,0.69272284803719,0.90917425009787,2,0,0.73640379721482,0,1
2520,1.34667993802577,1.47407389518353,1,0,-0.226536102294484,0,0
2521,1.00455294241534,1.16637414043168,0,1,1.19895441930263,1,1
2522,0.645453947919242,1.35117449620543,1,1,0.700596875749503,1,1
2523,0.715842180626288,2.35869171406155,1,0,1.06320772900875,0,1
2524,0.265449769212864,2.2428673888319,1,0,0.197375759003486,0,1
2525,0.862424784546539,3.2931991745693,2,0,0.749130014419243,0,1
2526,0.811988246627152,2.19529409271975,0,1,-0.248539341429454,1,0
2527,0.0835185125470161,0.297760567177781,1,1,0.0904790985726075,1,1
2528,0.134826618246734,0.279865493672739,2,0,-2.35020856985146,0,0
2529,0.25317441963125,0.28597287532983,0,0,0.835853126408965,0,1
2530,0.0575176744070519,0.85507990635808,1,0,0.43737239334245,0,1
2531,0.467149352744974,1.28982087244003,2,0,0.322295172047649,0,1
2532,1.0655620402597,4.15052601400188,2,1,0.0604834019311457,1,1
2533,0.354750739352312,0.568600974140632,1,1,0.630294267630282,1,1
2534,0.593621455455951,3.75785840531764,2,1,0.0288039747534728,1,1
2535,0.209738061239477,0.261089934450072,2,1,0.50420255528308,1,1
2536,0.899827315977414,1.24758912984124,1,1,-1.99696596833081,1,0
2537,0.262784603249022,0.521938253897511,0,0,-0.367050894829423,0,0
2538,0.05078151676571,0.365452753208979,1,1,0.529218517824871,1,1
2539,0.663965042305,2.26531680643524,2,1,0.522142114787748,1,1
2540,0.158720445242543,0.262443528821071,0,0,-0.398113343677571,0,0
2541,0.0523946355033497,0.282655565503445,1,1,-0.788849789037706,1,0
2542,0.0268736237194389,2.58653566695207,2,1,1.33258627172252,1,1
2543,0.0378090525045991,0.183171765866659,1,0,-2.22237159712011,0,0
2544,0.0282276821000425,0.196212810919436,2,1,0.449474028240525,1,1
2545,0.768699384475829,1.58039287623397,2,1,-0.863111780693864,1,0
2546,0.964044147207603,1.63807985065813,2,1,1.66853569657876,1,1
2547,0.156439762795344,0.919920188653816,1,0,0.925313239694843,0,1
2548,0.500500957106061,1.93612692211944,2,1,0.093015849789347,1,1
2549,0.57205233233158,0.609772116096474,2,0,0.317410204708128,0,1
2550,0.0813883336996448,0.484773631606466,1,1,0.394062105805867,1,1
2551,0.799260816536844,5.24420808611667,0,0,-1.31955383208058,0,0
2552,0.261876625590958,0.387823375008093,2,1,0.117784294030688,1,1
2553,0.177686510141939,0.641627609729767,0,0,1.51504701942321,0,1
2554,0.388598593708593,0.86157224260305,2,0,0.151011972737603,0,1
2555,0.0899712839307061,1.33950194606744,2,0,0.511329779537182,0,1
2556,0.0801093322529722,4.58638610687412,2,0,-0.62690447207042,0,0
2557,0.28836040670285,5.62313414414801,1,0,0.773146285084916,0,1
2558,0.0760286388685927,0.967846693102436,1,1,0.450160482599842,1,1
2559,0.194137592779279,0.540363698786072,2,0,1.61378315743093,0,1
2560,0.0853731352835894,0.92849382499647,1,1,-0.185113304579547,1,0
2561,1.4777805457501,2.14457727135823,1,0,0.751306842228479,0,1
2562,0.335246319388574,0.803619365182192,1,0,-0.748978680949141,0,0
2563,0.886473447264746,1.74806011952769,1,1,0.679518999213039,1,1
2564,1.29667452722788,2.02147029795303,1,0,-0.265937636021736,0,0
2565,0.00513800268543228,0.51689547407074,2,1,1.19387643360651,1,1
2566,0.209092865013907,3.37317661253979,2,0,-0.296794567302742,0,0
2567,0.281666317896452,0.382780980892072,1,1,0.291257456029304,1,1
2568,0.181414891949556,1.44938799582671,2,0,-1.20156644370889,0,0
2569,0.0608413571491182,1.97032681928926,1,0,-0.565063896119588,0,0
2570,0.352577461162582,0.789022333811122,2,0,0.251768766091662,0,1
2571,0.556732242667869,1.63937607982051,2,1,0.821047749965144,1,1
2572,0.209007088269573,1.06175095846553,1,0,1.46208063952131,0,1
2573,0.17619800351138,0.41691539046406,1,1,-1.27952653959815,1,0
2574,1.1140583292056,1.21040089231817,2,1,0.629224618473477,1,1
2575,0.0628425346803851,0.416681267123073,1,1,0.180726835285643,1,1
2576,0.199407945724821,0.804437503306501,2,1,0.037202611362644,1,1
2577,1.12811838430877,1.53444019449529,1,1,0.365765603022724,1,1
2578,0.104316647630185,0.205594177543439,1,1,1.36998898257774,1,1
2579,0.284392995527014,3.18939509801567,0,1,0.615040350853216,1,1
2580,0.242337284435052,1.5276396087127,2,1,0.564630606234374,1,1
2581,0.109785250388086,2.87538681837366,1,1,-1.80264827152404,1,0
2582,0.198289676065102,0.641934916872193,1,1,1.01079778731393,1,1
2583,0.069338047764261,1.69607877970531,2,0,0.271649004843697,0,1
2584,0.153389240107792,2.96326334329042,1,0,1.41808607432621,0,1
2585,1.10618538130075,1.66638387646081,1,0,-0.570321497252478,0,0
2586,0.14034326628575,1.03458292212117,1,1,1.2367230282827,1,1
2587,1.20330190472305,1.79077490690337,1,1,-0.554924015633532,1,0
2588,0.365500034764409,1.76216203873942,1,1,-0.209769107278009,1,0
2589,1.44478242917893,1.74682580925077,1,0,0.893912581474733,0,1
2590,0.528377884064407,1.05030422494855,2,1,2.3334723350355,1,1
2591,0.476527787276537,1.22997367436937,1,1,-0.522677354892262,1,0
2592,0.309497840644326,0.464688119828976,2,1,0.457854511991287,1,1
2593,0.304069584235549,0.525285427384661,1,0,0.992406840358226,0,1
2594,0.0812397527624853,0.94820983497861,1,1,0.161219920536005,1,1
2595,0.613216481261708,0.972585426643491,0,0,0.97916479048937,0,1
2596,0.378795521946086,1.3187867835705,2,0,-0.042209858406751,0,0
2597,0.853136478617615,2.06468071565199,1,1,0.773279840127577,1,1
2598,0.133386089612764,1.87708080707692,2,1,0.462062530333374,1,1
2599,0.122155183152557,0.666626001376961,1,1,-0.445033610891376,1,0
2600,0.433246752151411,0.903385000573457,2,1,0.99309380196984,1,1
2601,0.253221263119485,1.02471778479715,0,1,0.320910488235952,1,1
2602,0.0869555759709328,1.14548433300525,2,1,1.53449361627329,1,1
2603,0.529327811647028,1.2742198545149,2,0,1.74567624092976,0,1
2604,0.36140894331038,0.715844638904426,1,1,-0.908878856724633,1,0
2605,0.421532668697182,1.32995963480075,1,0,0.0172337207374664,0,1
2606,0.124199844896793,0.308446161760477,1,1,-1.01877502552815,1,0
2607,0.13222507404862,0.431957849669679,2,0,0.192283200279504,0,1
2608,2.48065860188546,2.70978807356656,1,1,-0.0257036305436326,1,0
2609,0.0106860566935712,1.1420263262844,1,0,1.561568073035,0,1
2610,0.727276224646398,0.891725829345953,2,0,0.323644585342211,0,1
2611,0.324672722257674,1.5292852731552,0,0,-0.392951142784861,0,0
2612,0.123100164928474,3.53212396378471,2,0,0.667934546720129,0,1
2613,0.438085711561143,0.471998146760447,1,1,-0.607415988475089,1,0
2614,0.229044448597203,0.23540503612269,1,0,0.559012996719115,0,1
2615,0.0532252268749289,2.26951671568261,2,0,0.0469775589398045,0,1
2616,0.0928354397183284,0.239024294714149,1,0,0.190542030050156,0,1
2617,0.0940315037373391,1.40939296401627,1,0,0.493837482850091,0,1
2618,0.821753237396479,0.912876593818112,1,0,-1.78098452206556,0,0
2619,0.115176551494523,0.502222600650173,2,1,2.02032249520558,1,1
2620,1.38651974125564,3.63993926710992,1,0,1.2094670555682,0,1
2621,0.0993577009060972,0.146900823242754,1,0,-0.279098845642868,0,0
2622,0.315007221168445,2.2342668628941,0,1,0.660071096112422,1,1
2623,0.0355024161399342,1.39098646253232,2,0,0.445676258388881,0,1
2624,0.265886955021415,1.60215486488759,1,1,0.407493692977608,1,1
2625,1.57739933884583,2.90400605436179,2,0,-1.58595065916917,0,0
2626,0.503637394841582,0.681812506542975,1,0,2.28587362926467,0,1
2627,0.841751755771049,2.54732956116804,1,1,0.0133876495925723,1,1
2628,0.370998761209194,1.44292616475313,2,1,0.373315031796707,1,1
2629,2.24199938393178,2.3344409521099,1,0,-0.648587340778202,0,0
2630,0.141391630750149,0.802923681705011,2,0,0.246025947664146,0,1
2631,0.642634445801377,5.62916118944434,1,0,-0.228909940934906,0,0
2632,2.05554510644617,2.53930983045864,2,0,-0.836646319633073,0,0
2633,0.42657034099102,0.682751862712269,1,0,-0.538436751575675,0,0
2634,0.49742499887646,0.800224259937693,1,1,0.492146878634343,1,1
2635,0.000874727416564384,0.80577493501858,1,0,-0.128133795356591,0,0
2636,1.01730672086461,5.24334078710226,2,1,0.162966476084094,1,1
2637,0.864467345501118,2.7484501979472,2,0,0.480497551062094,0,1
2638,0.792528844295822,0.973118371548509,1,0,0.332620715441611,0,1
2639,0.793341107692986,1.01696294396033,1,1,-1.59048799876975,1,0
2640,0.241629833471961,0.370280935578788,1,1,1.66927148854682,1,1
2641,0.843657205074873,1.46868338797438,1,0,-0.0801359512069737,0,0
2642,0.236806486733258,2.25304849811635,2,0,-0.379555968845783,0,0
2643,0.501884679217269,1.415986117617,2,0,0.716524720324979,0,1
2644,0.111833167029545,2.966543212533,0,0,0.0652659052032826,0,1
2645,0.618119038635323,0.788785880549671,2,1,-0.179654604488653,1,0
2646,0.14134616299998,0.610803498095696,2,0,0.745247556709274,0,1
2647,0.364444001170341,3.07444991557072,2,1,1.4429575172004,1,1
2648,1.17730651935492,4.93264127370814,2,0,0.373447978508841,0,1
2649,0.323982058325782,0.39273046840319,1,0,0.891590830254662,0,1
2650,0.833648528903723,1.32091985277567,2,0,-0.295775880645166,0,0
2651,0.167016611914917,1.89703342852709,1,0,-0.402702711653803,0,0
2652,0.13011350762099,2.94766595221221,2,1,-0.00992853344360876,1,0
2653,2.42646045043113,2.8396339621656,2,0,-0.864496237398978,0,0
2654,0.803475677967072,2.23735985756075,1,1,-0.734190961658987,1,0
2655,0.333190042292699,0.373436050426346,1,0,0.640586927047431,0,1
2656,0.523319150342548,1.28478862794595,2,0,-1.58646608791429,0,0
2657,0.047578037001812,1.34632455008946,2,0,1.38650865969997,0,1
2658,0.256158383070562,1.97955109672536,2,0,0.650383280714513,0,1
2659,0.936717041715622,1.67370574859281,0,0,0.839750047493126,0,1
2660,0.0720403459962807,1.56023157760501,0,0,2.59174724774062,0,1
2661,0.864689471755929,0.989338305468361,0,1,0.134344235226863,1,1
2662,1.04177687317133,1.71924481783073,1,1,-1.03839189285515,1,0
2663,0.0432597941835411,0.678202948865816,2,0,0.396118977906443,0,1
2664,0.850649217143655,1.09660041858298,1,0,-1.49800569030142,0,0
2665,0.0958467653254047,0.444806161427751,2,0,0.797487891796918,0,1
2666,0.652688930832602,0.896177350914988,1,0,0.727679691493027,0,1
2667,1.37088183887808,4.93443646915685,2,0,0.235244482170457,0,1
2668,0.91967951413244,1.28230861501245,1,0,-2.1766761111326,0,0
2669,0.314613416161249,0.408917848641674,0,0,0.486519554985105,0,1
2670,1.54084501663728,2.62799443056186,0,1,0.28107052459427,1,1
2671,0.530607917211984,0.680668775645929,1,1,0.434090438191035,1,1
2672,0.0122618014282758,0.571394592044578,2,0,1.31750849865509,0,1
2673,0.282473066159062,0.498193077122172,0,1,0.69944729215874,1,1
2674,0.350521080836188,1.58511331772646,2,0,0.513207991604213,0,1
2675,2.82688989845996,6,0,0,-1.56464636847419,0,0
2676,0.109082704378792,1.77425489701666,2,1,0.0620703846910636,1,1
2677,0.980573478102327,1.71384216644693,2,0,1.21560914128924,0,1
2678,0.128553475078661,0.294382652888695,0,0,0.133783281310994,0,1
2679,0.22263462189585,0.953711150778373,1,0,-0.981124395478818,0,0
2680,0.607098255306482,1.27371788598723,2,0,-0.506335399551576,0,0
2681,0.297135036962572,4.21264344881627,2,0,0.227946030397882,0,1
2682,0.587517708164461,3.81900349458691,2,0,0.568817213317756,0,1
2683,0.0272374661290087,1.19895761763716,2,0,0.349957860557147,0,1
2684,0.660718005357132,1.79176305059515,2,0,0.564762931398249,0,1
2685,0.00493073806865141,2.45004571317659,2,0,1.42803570326439,0,1
2686,0.151621725445574,0.589649690903297,2,0,0.116755906493655,0,1
2687,0.173400647181552,1.25022520237029,1,0,0.890149854395442,0,1
2688,0.181208948779386,0.212397063177714,2,0,2.11781495503323,0,1
2689,0.170897781848907,0.292296946089407,1,0,-1.00180625068877,0,0
2690,0.161833045072854,0.195677738272456,1,0,-0.0111054011696893,0,0
2691,0.31419556849869,0.997026853863246,1,1,0.519806212467495,1,1
2692,0.0266865253797732,1.23101872800872,1,1,0.300576360976259,1,1
2693,0.237818344598311,1.45793626807952,1,0,-0.634219561323077,0,0
2694,0.0460964601370506,1.64434517940478,2,1,1.44096843086938,1,1
2695,0.319662565016188,1.04309035839885,2,1,0.604550085903167,1,1
2696,0.353940497238755,0.789232006265998,2,0,-1.07359287444386,0,0
2697,0.10386752606635,0.665063745362439,1,1,-1.96226390488054,1,0
2698,0.637846607106559,0.759185875455539,0,1,2.44454948688578,1,1
2699,0.515856508740892,0.789755773562853,1,0,2.18017686744817,0,1
2700,0.527498037554324,2.57270640621018,1,1,-0.522794361914882,1,0
2701,0.33812769834185,1.56141061370561,1,0,0.120363847107192,0,1
2702,0.708193673752248,1.50746072930445,2,1,-0.210486222154931,1,0
2703,0.705122318441801,1.16550139710259,2,1,0.675725854783832,1,1
2704,0.193109601103281,0.819582475489551,1,0,-1.18327684624372,0,0
2705,0.148996310268092,1.00232162838109,1,1,-1.35161917218345,1,0
2706,1.12882579490542,2.92131864939367,2,0,-1.49052075717166,0,0
2707,0.149401961243711,2.96292229165087,2,0,0.872024546398514,0,1
2708,1.18300258833915,1.20747198513863,0,1,-0.32956012487136,1,0
2709,0.0560272319125943,0.207325168319434,1,1,0.304660680056614,1,1
2710,0.310267347376794,1.23485899454172,1,1,1.19128494835183,1,1
2711,0.227661111857742,1.4148277173115,2,0,1.21137955098353,0,1
2712,1.60827767250118,1.69556790962815,0,0,-1.32092451810972,0,0
2713,0.453338207465574,0.685234188752244,1,0,0.569704557980454,0,1
2714,1.38314250484109,1.38893840503676,1,1,-1.83626822109127,1,0
2715,0.296404655964579,0.416182895021472,0,1,0.656857750275646,1,1
2716,0.489611750209525,0.579519305654907,2,1,0.125263483603993,1,1
2717,0.852068559266627,1.57487424090505,0,1,-0.370083757993471,1,0
2718,0.115518993115984,2.1984528132848,1,1,0.0463470416522119,1,1
2719,1.53138657626472,1.70561475265293,2,0,-0.953853580434837,0,0
2720,0.0772103518247604,1.14475782456472,1,1,-1.37971047423876,1,0
2721,0.319132755394094,0.718070351756411,0,0,1.60659750466903,0,1
2722,0.00630225835075629,1.04703788912177,1,1,-0.377377934084263,1,0
2723,0.270538665354252,0.789093559115851,1,1,-0.533389248697591,1,0
2724,0.207642029854469,1.68475510132575,1,0,1.59789440439142,0,1
2725,0.0652047041053027,0.811209074889895,2,1,1.1537739702197,1,1
2726,0.271235963851914,0.555672754223148,0,0,1.69631811307049,0,1
2727,0.153443056355736,1.96382669679234,2,0,0.177259382525572,0,1
2728,0.221299848209679,0.316771893144462,1,0,-0.802450535462833,0,0
2729,0.538966418685523,1.75606999592034,1,0,0.0476409817056991,0,1
2730,0.232306145131588,0.833120157150566,1,1,-0.752968641049461,1,0
2731,0.0366734515409917,0.911217686969117,2,0,0.824573395345242,0,1
2732,0.342560772260185,2.5357687486975,2,0,0.498237727696589,0,1
2733,0.404377748200204,1.77597217057697,1,0,0.423016076234171,0,1
2734,0.0718097740900703,0.423324143468433,1,1,1.28154438486882,1,1
2735,1.69832578479292,6,0,0,-0.226830413350428,0,0
2736,0.106663348153234,0.145529293641685,1,1,-0.610310991587172,1,0
2737,0.452557033218443,1.39641187736302,2,1,1.22530990308176,1,1
2738,0.274492844939232,0.314590506198002,1,1,-0.0828547163258158,1,0
2739,0.173882016097195,0.613480831568952,2,0,1.74454734009806,0,1
2740,0.560328437946737,1.10230659745583,1,0,-1.10674116289149,0,0
2741,0.224082556960639,0.401689771413216,2,1,0.0208357689397333,1,1
2742,0.194645127339754,0.630902823121989,0,0,0.512664121733608,0,1
2743,0.174965914047789,0.395148283138494,2,1,2.98288323696137,1,1
2744,0.507556862084092,0.896555965661264,2,0,0.499827944084536,0,1
2745,0.320303376647644,1.37730948886551,2,1,1.08708741993612,1,1
2746,0.267989275977015,1.51136080029378,1,1,-1.74889143129149,1,0
2747,1.37875885578378,4.36667326832489,2,0,0.889928062195176,0,1
2748,0.215643968258519,0.354468601610727,2,0,1.61164607465545,0,1
2749,0.819190830198869,1.60051567829682,1,0,0.459092463987309,0,1
2750,0.0322756808600388,0.608414710166996,1,1,0.814595134154464,1,1
2751,0.150816187087912,0.244500980528793,2,0,0.405975101225322,0,1
2752,0.511606760529623,0.555151315897849,2,1,0.232269488741368,1,1
2753,0.688793039854437,4.55816902574338,2,0,0.0982170769503706,0,1
2754,0.579286558553576,4.41936820887435,2,0,-1.11630518491507,0,0
2755,0.32799511536723,1.08122445953389,0,0,0.109677552189814,0,1
2756,0.139691332296934,1.94966108848651,0,1,0.133716274377504,1,1
2757,0.0337657378986478,0.656135454773903,0,1,-0.552958182066614,1,0
2758,0.323207359178923,0.504971329927759,1,0,0.233289650210388,0,1
2759,0.185961350507569,0.714977038903743,2,0,2.8007339959131,0,1
2760,0.0345180674915595,0.983652472014935,2,0,0.440804053774775,0,1
2761,0.215040588550921,0.457254453285872,2,1,-0.0979958525733542,1,0
2762,0.206989055150189,0.778873698758713,1,1,0.986563839587651,1,1
2763,0.279827184043825,1.11833751953285,0,1,-0.331292900177003,1,0
2764,0.173853703774512,0.234203252538432,1,1,-0.00889507520930466,1,0
2765,1.39207939959618,2.2029029987424,2,0,-0.984938345278195,0,0
2766,0.470333174231675,0.61223937778978,1,0,1.30654324760051,0,1
2767,0.455473772365467,1.30687730116514,2,0,0.127299160566483,0,1
2768,0.100387134524803,0.686899424756401,2,0,0.540395025776424,0,1
2769,0.877142081037164,2.79669491900403,1,0,-1.75019787802599,0,0
2770,0.187570888665505,2.83984300846853,2,0,1.32239118120635,0,1
2771,1.38125037122518,1.96107863517518,1,0,-1.57556803475623,0,0
2772,0.0891463673906401,0.581492102990029,2,0,0.770685535101944,0,1
2773,0.185514393262565,0.251913674769123,1,0,-1.89892988133251,0,0
2774,0.196530374735013,1.06151954646471,2,0,2.34985718595754,0,1
2775,1.51743287794797,2.46482214888622,2,0,0.620229718266482,0,1
2776,0.929074627764735,2.74131861679483,1,0,0.247469879256226,0,1
2777,0.0336301936599322,0.501063863782045,1,0,1.66829453610502,0,1
2778,0.00951605121372268,1.06980958232938,2,1,0.486455808770525,1,1
2779,0.615309317596257,4.46608017882506,2,0,-0.93681041710804,0,0
2780,0.110148463863879,0.224283318966627,0,1,0.289730813731552,1,1
2781,0.126748637994751,0.876736748791438,1,0,0.90544481581589,0,1
2782,0.272657702676952,0.7516145445934,1,1,-0.169872853836345,1,0
2783,0.277808904047617,1.32350710641693,1,0,-0.0140552361354989,0,0
2784,0.491946680095799,1.56740780646841,1,0,0.586886663398006,0,1
2785,0.41462144196345,0.65361293695542,2,1,-1.7002789614125,1,0
2786,0.908376944664508,1.93627831970116,1,1,0.00118615432031022,1,1
2787,0.839624727144837,4.65413999918612,0,0,-0.579728206203278,0,0
2788,1.30546554084867,1.69628175124578,1,1,-0.231936564581927,1,0
2789,0.0253301241900772,0.979937888750501,1,1,0.726754343717868,1,1
2790,1.20765787549317,3.80000249681411,1,1,-1.05966372645021,1,0
2791,0.0887017054483294,0.579499867055403,2,0,-0.853140392669967,0,0
2792,1.1636104147235,2.07520375028253,0,0,0.571591044235316,0,1
2793,0.0488715292484759,1.24592303022396,1,1,-0.339274921943668,1,0
2794,0.0137034965093,0.0969826951971859,2,1,1.59109720130851,1,1
2795,0.0563681094988545,1.82586143724992,2,0,1.83767761183116,0,1
2796,0.329713142709807,0.42890061532753,0,0,1.18420313540932,0,1
2797,0.333022886188701,0.665268510355769,2,1,0.188544836524946,1,1
2798,0.332933260032016,0.376118536931283,2,1,0.577704592084479,1,1
2799,0.445321465350509,1.33153228665768,2,1,0.296418312885449,1,1
2800,2.82532206160908,3.11954372142185,0,1,-0.0692964729023398,1,0
2801,2.07006896837595,3.35493967695291,2,1,-1.62185120844794,1,0
2802,0.405504622158343,0.780731632548537,1,1,-1.85333302710574,1,0
2803,0.182110724563245,1.14153268554061,2,0,2.01616381503799,0,1
2804,0.177867124148179,0.671603272076945,2,1,1.27730180165395,1,1
2805,0.597807282581925,1.27848541822011,1,0,-0.00742269073370973,0,0
2806,0.144639569916762,2.72274249233305,0,1,0.118350036106879,1,1
2807,1.47489306136014,3.46569187834372,1,0,-1.23655612411465,0,0
2808,0.0504778829784479,2.17582646454624,2,0,0.555137284976456,0,1
2809,1.46830240814927,3.10243507536749,0,0,-1.53006432369242,0,0
2810,0.161199532449245,2.05324812078608,1,0,-0.579360094641245,0,0
2811,0.314630405337084,0.44206118153673,2,0,1.99723531910134,0,1
2812,0.2469377592206,0.843006806881732,2,0,-1.63125409310734,0,0
2813,0.372798274620436,0.407202633695538,2,0,0.437641188679824,0,1
2814,0.166764905676246,2.16283865904655,1,1,-1.01068939297296,1,0
2815,0.110770102590322,4.71562376379354,0,1,-1.10437377593349,1,0
2816,0.222071547759697,0.292555416741513,2,1,1.64178984986735,1,1
2817,0.0292292252690374,0.663600505837376,2,0,1.21297755122877,0,1
2818,0.0985654260148294,2.4238251642265,2,1,0.163168218182797,1,1
2819,0.384237138205208,0.697948663933706,1,0,0.2194342006129,0,1
2820,0.175575059307436,0.37721241388523,2,1,1.35306929650524,1,1
2821,0.221705029543955,1.16646708717152,1,0,0.629106090130894,0,1
2822,0.222563486022409,0.352204382451125,2,1,0.810703194170186,1,1
2823,0.215584879333619,1.35811244679809,0,0,0.131848530018202,0,1
2824,0.431266567669809,2.79579828455784,1,0,-0.496802782882359,0,0
2825,1.79591507395693,2.33467054733843,1,1,-0.398892521710805,1,0
2826,0.00717200378445812,3.39917648894091,0,0,-1.03046858983455,0,0
2827,0.381850066187326,1.91958194469316,1,1,0.455852020233233,1,1
2828,0.415778855385724,0.84021522166244,2,1,1.09224170097598,1,1
2829,0.0498395877069498,0.626233693098315,2,0,1.64054007281829,0,1
2830,0.115930424944963,0.754417695552771,2,0,0.923079013332931,0,1
2831,0.318273815326393,6,0,0,-0.546534696560852,0,0
2832,1.16327768936753,1.63295798677148,1,1,-0.0944139722388305,1,0
2833,0.303182345523965,0.934785528369479,2,0,0.439332767701671,0,1
2834,0.178816725499928,0.289129308885237,2,0,-0.105344869174707,0,0
2835,0.0911647202856988,2.22457906007271,2,0,0.472468580187996,0,1
2836,0.150158267642837,0.195050523505597,2,1,1.2655832806696,1,1
2837,0.0537433114368469,0.29713352917978,1,1,0.15372594941462,1,1
2838,0.179153116769157,0.196387424387569,1,0,0.0441219364136404,0,1
2839,0.0367802038257971,2.25412622618508,2,1,0.592551055180874,1,1
2840,0.175303350551985,0.811405765513579,0,0,0.875664314787789,0,1
2841,1.12295979745092,3.82149616767932,2,1,0.805940682898521,1,1
2842,0.182279219152406,0.427670127904336,2,1,1.34155666448,1,1
2843,1.228680357337,2.58911993977719,0,0,-0.151630560946094,0,0
2844,0.601848597262807,1.53239569005867,0,0,0.712998221042866,0,1
2845,0.154091050848365,0.212475353139798,1,0,-0.0745484827934774,0,0
2846,0.175593747699168,0.798521171460429,1,1,0.324347311943715,1,1
2847,0.403328485911317,0.89289487049017,1,1,-0.383952153733764,1,0
2848,0.358016020342714,0.771689243887967,2,0,-1.25086052175191,0,0
2849,0.402050463189461,1.41416570273248,2,0,-0.234769997769691,0,0
2850,0.084804805610274,1.49360255391626,2,1,0.164235434164286,1,1
2851,0.306805110301903,0.410584356173176,2,1,0.580519485437923,1,1
2852,0.151339951262344,2.39827124911351,1,1,0.619904567370211,1,1
2853,0.377824662136845,0.582982568379019,1,0,0.10002615568012,0,1
2854,0.454019216820598,2.86859587662362,1,1,-0.108862996835274,1,0
2855,0.404157941229641,4.34888991046118,1,0,0.398117049848958,0,1
2856,1.50353060261734,1.5067681883744,2,0,-0.00649397015309449,0,0
2857,0.401520109444391,0.638323219080649,1,1,0.0986484096895103,1,1
2858,0.316089338085875,0.665011502868182,1,0,-0.0575889397728685,0,0
2859,0.350812994292937,2.46092397504663,2,0,0.727975667520429,0,1
2860,1.1891989922151,2.02122739072189,0,0,-0.63289347356463,0,0
2861,0.178629792644642,0.40138730034472,1,1,1.69191549226265,1,1
2862,0.618923678062856,3.48541498199873,1,0,-0.382950777629386,0,0
2863,0.559528099230312,0.930406001265359,2,0,0.531290517951698,0,1
2864,1.63236835807319,1.77629652833513,1,1,-1.23966571831123,1,0
2865,0.312504407775123,0.534719767505415,1,1,0.556865622821545,1,1
2866,0.564822826124087,1.83317647895113,1,0,0.0745337220452496,0,1
2867,0.0466134635105534,0.46622331041226,2,0,-0.617487238405826,0,0
2868,0.018816000665538,2.5824857307015,1,0,1.19964383155869,0,1
2869,0.194562416661593,0.235484166238449,2,0,1.87669411855374,0,1
2870,0.0751801158185117,0.116996615491716,0,0,0.750636097973509,0,1
2871,0.702447692138896,2.53089418324331,0,0,0.38163466413759,0,1
2872,1.10527873411775,3.93216420439995,1,1,-0.533138841604574,1,0
2873,0.219111966437758,1.58043181473484,1,1,0.597550429075162,1,1
2874,0.296703018830158,1.1758332630749,0,1,0.408276548670564,1,1
2875,0.531505597153748,0.876342368069214,2,0,0.0504528251046885,0,1
2876,0.524468490853906,0.67826484147162,1,0,-2.28549960876382,0,0
2877,0.0494468696415424,0.405262784287533,2,0,-0.577649607968562,0,0
2878,0.840925519354641,5.33192568443874,2,1,-0.612924429644708,1,0
2879,0.325943400966935,0.759104471959252,1,1,0.328865461281949,1,1
2880,0.0358316430842993,0.745663416024696,1,0,-0.443059737689589,0,0
2881,0.163538280758075,0.307759502523258,1,1,0.304268473569121,1,1
2882,1.63560899152401,2.98976711618404,0,0,-0.957526664457512,0,0
2883,0.150117611628957,1.89883850050977,1,1,0.0850834729961907,1,1
2884,0.446780088357627,1.93319825791271,2,0,-0.532470124926674,0,0
2885,0.103605145650063,0.143913453951657,1,1,1.24617205977467,1,1
2886,1.65802683153032,2.44715942315732,2,0,-0.236233729687039,0,0
2887,1.15486092278139,1.65852234737083,1,0,0.404824010814355,0,1
2888,0.108663910579922,2.26627961724698,2,0,0.550416824115177,0,1
2889,0.790957150139667,1.53483437610952,2,0,0.936158878447364,0,1
2890,0.0144588398329362,0.432860606398205,2,0,0.517771234463866,0,1
2891,0.198946921154857,3.74850253527016,1,0,-0.95993229793609,0,0
2892,0.320668882341124,2.30190313482537,1,1,0.0543522442997041,1,1
2893,0.693178073503077,3.56852166354656,0,0,-2.12364369210763,0,0
2894,0.309720023246381,1.72070394261647,1,1,-0.88987963624232,1,0
2895,0.209219692668548,1.53392847834168,2,0,0.563791106586891,0,1
2896,0.0339687507948838,2.73219555001882,1,1,0.640764295590302,1,1
2897,0.634882737623349,0.753871981621352,1,1,0.547400102995235,1,1
2898,1.36783953864633,1.54728322715792,0,0,0.87770934616735,0,1
2899,0.0933270119130611,0.675517446348608,1,1,-0.0868188015517666,1,0
2900,0.985741621063665,1.29305123327142,2,0,0.326327229700114,0,1
2901,0.596121278415365,2.21332390724088,2,0,-0.123022428698579,0,0
2902,0.163361924101169,6,0,1,0.203730995114012,1,1
2903,1.57404518561943,2.17796020012116,2,0,0.576902792110471,0,1
2904,0.206353581510484,2.01313133041064,0,0,-0.603529119367901,0,0
2905,1.82891633815441,2.15370701539584,1,1,-0.841319058257641,1,0
2906,0.70407550546509,2.60970696491461,2,1,0.0495989374290176,1,1
2907,0.0894306640839204,1.62245074590473,2,0,0.434780545190946,0,1
2908,1.82137400089743,2.95896638548848,2,1,-0.714928369849914,1,0
2909,0.0833145882432941,0.301684671061394,2,0,0.471188608032193,0,1
2910,1.20478867273778,6,0,0,-1.22809221175638,0,0
2911,2.01422115593197,5.6487622047147,0,1,-1.01186949336535,1,0
2912,0.850059861317277,1.2316796783034,2,0,-0.292576756944027,0,0
2913,0.143176701851189,0.677454723055763,1,0,-0.441314281207375,0,0
2914,0.140261518827174,0.803488540930782,2,0,0.114297604058394,0,1
2915,0.198032061161939,1.20896266731493,2,1,0.112246307627924,1,1
2916,0.63871741001197,0.801726036636875,2,0,0.0166412422153157,0,1
2917,0.151196815423534,1.14735690334219,1,0,0.276665253618842,0,1
2918,0.217801410472021,0.907847968195954,1,1,1.46357531004079,1,1
2919,0.0505676658940502,1.89485438875091,1,0,0.371966561739255,0,1
2920,0.552865824662149,0.81274518398412,1,1,-0.949611635519905,1,0
2921,0.459434065036476,0.649815808046524,1,0,-2.23767057980383,0,0
2922,1.13476103264838,1.90028972558517,2,0,-0.561467984779885,0,0
2923,0.392804531438742,2.02673171821642,2,0,1.23993264650161,0,1
2924,0.0689341992256232,0.369406146002194,1,1,0.185280407291888,1,1
2925,0.395959327870514,0.438137927299525,1,1,0.833966453480346,1,1
2926,0.9097102843225,2.8276873255904,1,0,-0.109323994568552,0,0
2927,1.68406197792831,2.11636400072579,2,0,-0.0338753625388406,0,0
2928,0.0275721754253266,1.20482533549269,0,0,0.0597863862247297,0,1
2929,0.214677328243852,0.230225084604048,1,1,-0.0414927208206442,1,0
2930,0.216899222286884,0.563257492695254,2,0,0.294175905267819,0,1
2931,0.639752304388032,0.841709438582159,2,0,1.23476561883107,0,1
2932,2.95414797247467,3.41270201299798,2,0,0.00600393901265359,0,1
2933,2.62322822763565,5.94839797637669,0,0,-0.500852793795827,0,0
2934,1.21665296255948,2.76731063331704,2,0,1.11398999564985,0,1
2935,0.375682796604281,1.19522678970327,1,0,0.0805784310256303,0,1
2936,0.157788230862934,1.58664919661139,1,1,1.29295418018676,1,1
2937,1.18129430618137,1.43613182683717,1,0,-0.563585790678227,0,0
2938,1.13610361982137,1.19478780466791,2,1,-0.655961075122975,1,0
2939,0.981037041585535,3.69790864936743,2,0,0.191078756701945,0,1
2940,0.00620349082293156,0.292052922335346,1,1,-1.38917841966304,1,0
2941,1.18100111465901,1.35253803279685,2,0,-1.84066703609677,0,0
2942,0.228835413581692,2.16588027065521,2,0,1.05234961258383,0,1
2943,0.603675378486514,1.15408640291376,1,0,-1.951535856255,0,0
2944,0.337194250157174,0.474820693098305,1,1,-0.028900195330416,1,0
2945,0.651865486651516,3.16497023527821,0,1,0.463507675432099,1,1
2946,0.443170335895563,1.17811581464277,2,0,0.574013770529005,0,1
2947,0.477980567047524,1.87520435115579,1,0,1.62783643749871,0,1
2948,0.337648758722935,0.710654404101598,1,1,0.497614578809533,1,1
2949,0.394372174716632,1.39125537928742,2,0,-0.238833341788567,0,0
2950,0.992257346399128,1.4756126243533,2,0,-0.0924508359453824,0,0
2951,0.898372357799319,1.96917830798184,1,0,1.47982203287505,0,1
2952,0.997711035422981,1.41161890726072,1,0,-1.28477169331185,0,0
2953,0.395125583830206,0.93425154870347,1,0,-0.738101071118375,0,0
2954,0.251152274931792,2.49932242773268,1,0,0.747699262489113,0,1
2955,0.590295044705272,0.972709476806951,1,1,-0.60825737480361,1,0
2956,1.35834210086614,2.92072890326381,0,0,-0.172268260221884,0,0
2957,0.260615541192237,0.392346496675086,2,0,1.26335398140931,0,1
2958,0.349209970257864,0.513489832396807,2,0,0.762910253772216,0,1
2959,0.326396373275202,0.340953295152615,1,1,0.760432704325878,1,1
2960,0.160505995154381,0.507082086878015,2,0,-0.420735141694433,0,0
2961,1.13097140436704,4.45218502247428,2,0,1.32237606579854,0,1
2962,0.280603292630985,1.01654560073657,1,0,0.0598211070115146,0,1
2963,0.882937928959193,0.888575681277375,2,1,-0.965723605164354,1,0
2964,0.175094573642127,0.183863459775845,0,0,1.27198370998937,0,1
2965,1.69962155741213,1.78769483221514,2,0,0.552674104918688,0,1
2966,0.266981057066005,0.421595715845677,0,0,0.337887974931676,0,1
2967,0.106021365378065,0.510693750081512,2,0,0.677479209085054,0,1
2968,0.720723889509037,2.56711866085728,0,1,1.09839535716259,1,1
2969,0.0502391085590611,2.58496511299661,2,0,-1.41298693187868,0,0
2970,0.205463067686651,0.456539501125614,0,1,0.194524144968898,1,1
2971,0.969207665883005,1.72249492620293,0,0,-0.102118182837764,0,0
2972,2.14446148267927,3.82046301515759,2,0,-0.33048144975268,0,0
2973,0.150677230209112,0.32592141359482,1,0,-1.15273814731272,0,0
2974,0.0991872232407331,1.02160958062786,1,1,0.236537240862703,1,1
2975,1.28290463984013,6,0,1,-1.18621976029288,1,0
2976,0.440066514577211,0.595370444982106,1,0,0.0267680877956705,0,1
2977,0.0297309918096289,2.47285993343958,2,1,0.241574659644109,1,1
2978,0.0910750374326735,0.839901821808454,1,1,1.22070496623267,1,1
2979,0.938485284335911,0.985496626639522,0,0,-0.152522595483629,0,0
2980,0.359782525047194,1.05604193455003,1,1,0.259992899397224,1,1
2981,0.169117853976786,1.71434337736696,1,1,-0.20292658155265,1,0
2982,0.149542447179556,0.745758204544922,1,1,-0.840029663351617,1,0
2983,0.140492108650506,0.158836362455483,1,1,-0.714171111237332,1,0
2984,0.260929609648883,1.45983321138428,1,0,-1.41265700678258,0,0
2985,0.569306216176421,0.939546357559867,2,1,0.180862470960823,1,1
2986,0.670672900974751,1.35072260286842,1,0,-0.243703784584564,0,0
2987,0.0435845889991813,1.1175451478033,2,0,1.1726688680204,0,1
2988,0.0269512981713501,1.39833796204162,2,0,-0.0617756432621146,0,0
2989,0.3194640687434,1.39695871246374,2,0,0.506180142606829,0,1
2990,1.04373107535816,2.93322847097369,0,0,1.96857297276305,0,1
2991,2.22233050680699,3.47381067204555,1,0,-0.108671951174989,0,0
2992,0.165685885660579,0.399943128866506,1,1,0.172183303251427,1,1
2993,0.395495957927778,1.60183768639236,2,1,0.469645384749763,1,1
2994,0.366231574676931,0.566333374410023,1,0,-1.16773388191586,0,0
2995,1.71346247615118,3.06025338487643,2,0,-1.06798510335612,0,0
2996,0.361066346056759,0.935320538687539,1,0,-1.817913459868,0,0
2997,0.35994103445413,0.894205994174995,2,0,0.682791138100151,0,1
2998,0.802617300042704,1.79726768535049,2,0,0.751375862564435,0,1
2999,2.93297023681884,5.18020382200787,2,0,-0.134501620541747,0,0
3000,0.917159998736918,2.16889713817649,1,1,0.991964249264747,1,1
