"treatment","estimate","abs_estimate"
"ASA",-0.270380334086388,0.270380334086388
"ASA_Clop",-0.52327414439914,0.52327414439914
"Apixaban",-1.10249446799214,1.10249446799214
"Dab110",-0.965590483075886,0.965590483075886
"Dab150",-1.32188076355042,1.32188076355042
"Rivarox",-1.13615439897484,1.13615439897484
"VKA",-0.88569968683342,0.88569968683342
"tau2",0.0163295274804025,0.0163295274804025
