"metric","value"
"true_tce",0.0557736325118256
"true_nde",0.0406174321203854
"true_nie",0.0151562003914402
"true_pm",0.271744903619585
"r_tce",0.0628172729614956
"r_nde",0.0466565048308752
"r_nie",0.0130726006517744
"r_pm",0.207221391647118
"r_tce_ci_lo",0.0388636348475823
"r_tce_ci_hi",0.0879886384794371
"r_nde_ci_lo",0.0236027592230192
"r_nde_ci_hi",0.0707781320529319
"r_nie_ci_lo",0.00853905722101801
"r_nie_ci_hi",0.0183355667385144
