condition,matches,prevalence,ci_low,ci_high,pattern,exclusion
dm2,1,33.33333333333333,6.149194472039621,79.23403991979522,E11,
htn,1,33.33333333333333,6.149194472039621,79.23403991979522,I10,
