condition,matches,prevalence,ci_low,ci_high,pattern,exclusion
dm2,2,66.66666666666666,20.76596008020478,93.85080552796038,E11,
htn,1,33.33333333333333,6.149194472039621,79.23403991979522,I10,
