"variable","time_func","rho","chi2","p_value","n_events"
"x1","rank",-0.0553922256387316,0.420356916586065,0.51675900355156,137
"x2","rank",0.0542462157255301,0.403143313114083,0.525470367740136,137
"GLOBAL","rank",NA,0.823500229700148,0.662489801733487,137
"x1","log",-0.0321893744605653,0.141953348458261,0.706346790234271,137
"x2","log",0.0129584340717854,0.0230051788622149,0.879443605723387,137
"GLOBAL","log",NA,0.164958527320476,0.92083053231361,137
"x1","identity",-0.085922904154485,1.01143612779269,0.314559032929755,137
"x2","identity",0.0789950673244483,0.854910230638395,0.355166958333938,137
"GLOBAL","identity",NA,1.86634635843109,0.39330370503278,137
