"id","L","X","status","z1","z2","cgroup","tgroup"
1,0,1.58517136782245,1,0,-0.471261441188781,0,0
2,0,0.193879035062253,2,0,-1.1349367812503,0,0
3,0,1.66939329596809,1,1,-0.549239681682486,1,0
4,0,0.577882612597421,2,0,0.0112442498786021,0,1
5,0,0.0721127454940477,1,0,-0.720573308313705,0,0
6,0,1.04572097650316,2,0,0.242759822882453,0,1
7,0,0.319585772256173,1,1,-0.129822001176147,1,0
8,0,0.624666375708231,1,1,-0.493738117394139,1,0
9,0,0.749622842206124,2,1,0.0733142783381275,1,1
10,0,0.684730416784684,0,1,0.584025740044724,1,1
11,0,0.0681471716268327,1,1,1.06397305604921,1,1
12,0,0.0551189616874491,0,0,-0.943294159565912,0,0
13,0,0.0394988184173902,0,0,-0.2256134912084,0,0
14,0,1.44913923960439,1,1,-0.603568201456439,1,0
15,0,1.04033055573651,1,0,0.850758150509661,0,1
16,0,0.753842585592149,2,1,1.2771091456216,1,1
17,0,0.445369719753909,2,1,1.01563633137223,1,1
18,0,1.19156676760583,2,0,-0.84342313652294,0,0
19,0,2.84768366673187,2,1,-0.172896313009435,1,0
20,0,1.00807445020795,1,0,-0.50282985621399,0,0
21,0,0.959434249421127,1,1,-1.95301278287976,1,0
22,0,0.778837343611992,2,0,-0.481492250186503,0,0
23,0,4.30821360399326,0,1,-0.249970521732532,1,0
24,0,2.60255426093441,2,0,0.776679512384779,0,1
25,0,0.210519390501907,1,0,-0.737898962143167,0,0
26,0,0.0615334200362364,0,1,0.273918698492089,1,1
27,0,0.194689454913053,2,1,1.21169480907563,1,1
28,0,0.353015080715219,0,0,-1.52453995050895,0,0
29,0,0.258209855075769,1,0,1.1971828686489,0,1
30,0,0.00977503152551841,1,1,-1.63364789919755,1,0
31,0,0.649158400616251,1,1,-2.18364318252336,1,0
32,0,0.233219667078185,2,1,0.140118819826049,1,1
33,0,3.07273276150227,0,0,-1.40286878422958,0,0
34,0,0.121716993251243,2,1,0.851582116767134,1,1
35,0,1.21842968008199,1,1,-0.467963938376257,1,0
36,0,0.273775678360107,0,1,0.659868760396943,1,1
37,0,0.436663220885901,1,1,-2.49574865136006,1,0
38,0,0.140985283398899,1,1,2.46237123944817,1,1
39,0,0.376946626088261,1,1,-0.652740020950111,1,0
40,0,0.566753769914309,0,1,0.3362623394966,1,1
41,0,3.55478078160861,2,0,0.163029726094725,0,1
42,0,0.924577688447041,2,1,-0.448175359564991,1,0
43,0,1.21953167852913,1,1,-1.30030230926999,1,0
44,0,0.0069339242949106,2,0,0.0503034222035705,0,1
45,0,0.603500641201864,2,0,0.19378174955177,0,1
46,0,1.00899160404579,2,0,-0.870472191904111,0,0
47,0,0.831572980098442,1,0,-0.735931936589581,0,0
48,0,1.58689768674473,0,0,-1.33442941949921,0,0
49,0,0.516855182096385,1,0,1.52789823287677,0,1
50,0,0.584546206251336,2,0,1.15813571070545,0,1
51,0,1.78136361560127,1,1,-0.0491607591617072,1,0
52,0,0.771772582525764,1,1,-1.024422787354,1,0
53,0,0.970201618740801,2,0,0.319825752388788,0,1
54,0,0.460541082905558,2,1,2.04075263684371,1,1
55,0,1.14116124359694,2,1,0.696178356812196,1,1
56,0,0.459537123337395,1,1,-0.876872147069161,1,0
57,0,0.158306401605993,1,0,-1.09222872870285,0,0
58,0,1.46291133859908,1,1,-0.0963389697691137,1,0
59,0,1.83703415505346,1,0,1.19784353699359,0,1
60,0,0.364391991672127,1,0,-1.61801586857517,0,0
61,0,2.56970672522661,1,0,-1.24492750086562,0,0
62,0,0.213612823674534,1,1,-1.41198598615744,1,0
63,0,0.0791359715706358,1,1,0.543766980204826,1,1
64,0,0.954671875516292,1,0,-2.0852112915436,0,0
65,0,1.41345768228228,0,1,0.359692047691081,1,1
66,0,0.0846765013510142,2,0,0.514767424761494,0,1
67,0,0.588650965363289,2,1,-0.0860979667744673,1,0
68,0,0.262579853929212,2,1,1.55674231286724,1,1
69,0,0.771160850608183,2,0,-0.621933012850538,0,0
70,0,0.357522747848545,1,0,0.226636206552418,0,1
71,0,0.890675981874851,1,1,0.0689882979385216,1,1
72,0,0.22628084221252,2,1,1.23909477101129,1,1
73,0,2.52198064078887,0,1,-1.31964109824842,1,0
74,0,0.438856635841588,1,1,0.00299589746708242,1,1
75,0,0.0104740522050834,2,0,0.302329696581913,0,1
76,0,0.109618211035175,2,1,0.387426261676351,1,1
77,0,0.85585024537371,2,1,0.23498020267985,1,1
78,0,0.497824077809047,1,1,1.59250210577312,1,1
79,0,0.193491379419963,0,0,0.322161963193499,0,1
80,0,3.44900624205669,0,0,-0.793530225646689,0,0
81,0,0.498172806104157,2,0,0.277109114513455,0,1
82,0,0.343690204123656,0,1,1.88795111805356,1,1
83,0,0.462589471067994,1,1,0.979435458460824,1,1
84,0,0.136391193207672,1,1,0.550666609115571,1,1
85,0,0.00319507016961111,1,0,-0.381779494182236,0,0
86,0,1.0439169600272,2,0,0.735321435603302,0,1
87,0,0.655880659340684,1,1,1.55754584735413,1,1
88,0,0.18224229816549,2,0,2.04053391397729,0,1
89,0,2.91613339353693,1,0,-0.674117349740434,0,0
90,0,0.041443960212275,2,1,0.876898802450956,1,1
91,0,0.704031671747457,2,0,1.08611080498158,0,1
92,0,0.00668908868933238,2,0,-1.23111748688449,0,0
93,0,0.860295036276393,1,0,-0.121285980197045,0,0
94,0,0.392973851267211,2,0,1.55893974098464,0,1
95,0,1.30489383806616,1,1,-1.44114374564364,1,0
96,0,0.108509833614031,0,1,-0.570477659614475,1,0
97,0,0.049090815921515,1,0,0.11669488936908,0,1
98,0,0.115054019227276,1,1,-0.532763854564236,1,0
99,0,5.0501273008186,2,0,-0.763680732442689,0,0
100,0,2.69849162689155,2,0,-0.537572853472491,0,0
101,0,0.221415827496748,2,1,0.494923666456297,1,1
102,0,1.6348616533149,2,1,-1.0132262878465,1,0
103,0,0.220231305592815,1,1,-1.40651675477098,1,0
104,0,0.147870948440491,2,1,0.0618607781943384,1,1
105,0,0.884296445868612,1,1,-0.155199151915475,1,0
106,0,2.24233741010906,2,0,0.743116117626609,0,1
107,0,0.530806694275248,2,1,-0.366752836970717,1,0
108,0,0.361787439253408,0,1,-0.685555096559971,1,0
109,0,0.807525860619814,2,1,0.320716161895315,1,1
110,0,1.89401793604096,0,0,-0.867576998309002,0,0
111,0,1.00124393908627,0,1,-0.330643658133952,1,0
112,0,0.05052085983806,1,0,-0.618477616091417,0,0
113,0,0.180853303464109,2,1,0.744464958801412,1,1
114,0,3.5946509285904,2,0,-0.619286159899644,0,0
115,0,0.343463198893382,1,1,-0.335611441369712,1,0
116,0,1.57095690269991,1,1,1.35686990685765,1,1
117,0,0.473555410546892,1,1,-0.437596459570286,1,0
118,0,0.248511895787026,1,1,-0.797616500150236,1,0
119,0,1.41333190194132,2,1,-1.17428664841511,1,0
120,0,0.0961260879590511,2,1,1.14643268650191,1,1
121,0,0.610232340414735,2,1,1.33307940559841,1,1
122,0,0.01352625588576,0,1,0.737269258127797,1,1
123,0,0.723127421612541,0,1,0.424612857365375,1,1
124,0,0.480375136856478,0,0,-0.46259755228462,0,0
125,0,2.45428668731196,1,0,-0.730466927664898,0,0
126,0,0.566516262544756,1,0,-0.927220378359042,0,0
127,0,0.358888593812784,0,1,0.360903567161032,1,1
128,0,0.26442072664698,0,1,-0.126738685492976,1,0
129,0,1.15295346344158,1,1,0.52196251071215,1,1
130,0,1.54283474307196,1,0,-0.328652322978536,0,0
131,0,0.269896522475015,1,1,0.234539027820078,1,1
132,0,0.73710362985701,1,1,-0.430535269025853,1,0
133,0,2.26510394122667,1,1,-0.733107881540891,1,0
134,0,0.478922691023287,2,1,0.929056526862994,1,1
135,0,0.892748946795985,2,0,0.911889021594971,0,1
136,0,0.668717160852894,1,1,-0.78171795393956,1,0
137,0,1.18851046246593,1,1,-0.151808056024536,1,0
138,0,0.0933695807648856,2,0,0.187173480113048,0,1
139,0,1.24955419500313,2,1,-0.738047861516716,1,0
140,0,0.775241671992705,1,0,-1.68024741960361,0,0
141,0,0.979813967055004,2,1,0.451487073292505,1,1
142,0,1.23475447318992,2,0,1.24024070349555,0,1
143,0,0.185551137772449,1,1,-0.840598826130024,1,0
144,0,0.339489948625366,0,1,2.29397133511055,1,1
145,0,0.957703208089277,2,0,-0.190504389639214,0,0
146,0,1.58107092945661,1,0,-0.856438140901662,0,0
147,0,1.7211999665311,1,1,0.273697146214815,1,1
148,0,0.561448365649714,1,1,-0.939338149202251,1,0
149,0,1.45516193322612,2,0,-0.720118613486081,0,0
150,0,0.148544007481207,1,1,-0.437695107132138,1,0
151,0,0.226264031415881,1,1,-1.50067326567603,1,0
152,0,1.9573916391431,2,0,0.588456093744117,0,1
153,0,0.410641505970502,1,0,0.0286152226149707,0,1
154,0,2.68222152255476,0,1,-1.75386323590445,1,0
155,0,1.44351132619287,1,1,1.43318615669194,1,1
156,0,1.17377188926735,2,1,1.61539106746546,1,1
157,0,1.41132228673365,2,1,1.15946616337609,1,1
158,0,0.0800953058253282,1,1,-1.57491994989485,1,0
159,0,0.0945717133653266,1,0,-1.66069864036276,0,0
160,0,0.739813305224989,1,1,-0.88256158920297,1,0
161,0,0.231854501757822,2,1,0.692791826566102,1,1
162,0,0.288253144649391,2,0,-0.20527364948677,0,0
163,0,0.132727745087043,1,1,-1.82393063491208,1,0
164,0,1.53164885771093,2,0,0.385597668376686,0,1
165,0,2.45101109767954,0,0,0.405367421359846,0,1
166,0,1.82639629179477,1,0,0.512185025550477,0,1
167,0,2.58078184289237,0,0,-1.09212766831843,0,0
168,0,0.483282033129038,1,1,-0.62599835678659,1,0
169,0,0.788157654287049,2,0,-0.10428683139044,0,0
170,0,0.289661158227548,1,1,0.360681094151997,1,1
171,0,0.41344311155126,2,0,1.59347488538518,0,1
172,0,0.00318955319623152,0,1,-0.150075839277871,1,0
173,0,2.1204040940251,1,0,-0.601268614176191,0,0
174,0,0.812706427757325,1,1,-0.259286732391012,1,0
175,0,0.781047782175136,1,0,-0.650694282434249,0,0
176,0,0.840450100597302,0,0,0.657908781454643,0,1
177,0,0.709755571581031,1,1,-0.222881868805932,1,0
178,0,1.25196256729226,2,1,-0.828211368201457,1,0
179,0,1.09021225608256,1,0,-1.52869479229745,0,0
180,0,0.131384664126471,1,0,-1.58347447634857,0,0
181,0,0.569808349209048,2,1,-0.232882590896067,1,0
182,0,0.17978841087766,2,0,1.70105960957312,0,1
183,0,0.936334883190729,2,0,0.791676057108173,0,1
184,0,0.999962191628735,1,0,-1.19313549359148,0,0
185,0,0.281965126873958,1,1,-0.454092593245984,1,0
186,0,5.36430384751812,1,0,0.989011402091425,0,1
187,0,0.481719922226715,1,0,-0.82765312358871,0,0
188,0,0.27517466963687,1,1,-0.928317231769813,1,0
189,0,0.0887151869634787,0,1,0.562261260765159,1,1
190,0,1.377024904786,0,1,-0.519545925431801,1,0
191,0,0.470345460523034,2,0,1.21638247596473,0,1
192,0,0.123306941241026,0,0,1.45753923537378,0,1
193,0,1.06495554436257,1,1,-0.748244542921588,1,0
194,0,0.412823741642219,1,0,-0.212328849819064,0,0
195,0,0.684760468531896,2,0,-0.978020566884399,0,0
196,0,0.548174918318788,0,1,-0.366228580348572,1,0
197,0,0.510979614353041,2,0,-0.276747106951804,0,0
198,0,0.420639136884922,1,0,-1.51750145665252,0,0
199,0,0.0735426133269956,2,1,0.770444204146488,1,1
200,0,0.735452548416103,2,1,0.492000649243624,1,1
201,0,0.643575211324442,1,0,-0.969681642928086,0,0
202,0,1.00987039304021,1,0,-0.73723790002746,0,0
203,0,0.854966081381308,1,1,-0.920131057120695,1,0
204,0,1.54719486203509,1,0,0.813758351393412,0,1
205,0,0.376401034013581,0,0,-0.131353749810543,0,0
206,0,0.697308804221402,1,0,-0.103029611497627,0,0
207,0,2.82024253197977,2,1,0.661284112613924,1,1
208,0,0.511489441751451,2,1,0.877569703857517,1,1
209,0,0.508673254676945,1,1,-1.83154058072085,1,0
210,0,0.0792541999420007,1,0,0.530776985131212,0,1
211,0,0.019232512015143,1,1,1.11121286187155,1,1
212,0,0.500910056699244,1,1,0.786632860861682,1,1
213,0,1.22618020849867,2,0,-0.629521208769509,0,0
214,0,0.645372690174171,1,1,-0.134784389720477,1,0
215,0,0.64390066869716,2,1,0.149304008114338,1,1
216,0,1.19706228685876,0,1,-0.43585876015771,1,0
217,0,0.264543882181394,2,0,-0.307159625828353,0,0
218,0,0.306248029086977,1,1,-0.265984034940937,1,0
219,0,1.13943604858832,1,0,-3.01915189176377,0,0
220,0,0.907148059724851,1,1,-1.52153840663444,1,0
221,0,0.243427622136589,2,1,0.570307629580949,1,1
222,0,0.303197917034629,2,0,-0.825594429944556,0,0
223,0,0.326661880186135,1,0,-0.13868977392994,0,0
224,0,0.910238893761263,1,1,-0.670578598198629,1,0
225,0,1.0616900067882,1,0,-0.0679938379159475,0,0
226,0,0.337048353313899,1,1,-0.891078098439518,1,0
227,0,0.70968389008058,1,0,0.981085700275538,0,1
228,0,0.578662821756161,1,0,-1.65269436752498,0,0
229,0,0.459558610196662,1,1,-0.0735943578878164,1,0
230,0,0.213673339107669,1,1,0.488231349086522,1,1
231,0,0.59664959636443,1,1,-0.830025929335201,1,0
232,0,0.177444402064219,1,0,0.415193392226791,0,1
233,0,0.18834059829082,1,0,-1.45802806949902,0,0
234,0,3.70497303701547,2,0,0.427605440063014,0,1
235,0,0.077541230637414,1,0,-3.13405605355328,0,0
236,0,1.10381635100196,2,0,1.4894414804482,0,1
237,0,1.02331839869956,2,1,0.0189865241009367,1,1
238,0,1.25983387473024,2,0,0.617667250005839,0,1
239,0,0.262552868137508,2,0,1.48238242629267,0,1
240,0,0.0376522916257315,1,1,-0.262852605777857,1,0
241,0,0.932293147144822,1,0,-0.473704508555494,0,0
242,0,0.79651414166955,0,1,1.1793252513032,1,1
243,0,0.441611504040795,1,0,-1.60280740863611,0,0
244,0,0.0132314845937655,1,0,-0.625068473892224,0,0
245,0,1.20090762304286,1,1,-0.533169534964481,1,0
246,0,0.515305134786346,1,1,-0.729255224506105,1,0
247,0,0.318941995724931,1,1,-1.09335844433553,1,0
248,0,0.185482647342582,2,0,1.14445479954416,0,1
249,0,1.88712052333418,2,0,-0.421604901749839,0,0
250,0,3.04012889903879,1,0,0.387366319556574,0,1
251,0,0.300849766160051,0,0,-1.20837893494089,0,0
252,0,1.65309917492171,0,1,-0.694939088082503,1,0
253,0,0.701561708271285,2,1,-0.328847800313412,1,0
254,0,0.789356815839193,1,1,-0.0123517578044241,1,0
255,0,0.485441345302293,2,0,1.63004355436932,0,1
256,0,1.27234751048187,0,0,-0.638522543286491,0,0
257,0,0.054623143305328,0,1,-2.10032140027176,1,0
258,0,0.0685053496744481,1,1,1.01129202496403,1,1
259,0,0.823579809113125,2,0,0.396712176445582,0,1
260,0,0.427130870521069,0,0,-0.375858771947624,0,0
261,0,1.94053798031212,2,1,1.42013527232809,1,1
262,0,0.0562967269918665,1,0,0.759192481320132,0,1
263,0,0.55764710802287,0,1,0.634735747985808,1,1
264,0,0.136641423085642,1,1,-1.57892998094062,1,0
265,0,0.549151850281636,1,1,0.821450672073358,1,1
266,0,0.613636085327515,1,1,-0.695829982564708,1,0
267,0,0.0330130693813165,0,1,-0.815862472422661,1,0
268,0,0.853456259774805,1,1,0.17557270217044,1,1
269,0,1.6228034928828,2,1,-0.481523137863516,1,0
270,0,0.117086851957188,2,1,1.92942045879724,1,1
271,0,1.02741629234018,2,0,-0.861011044408076,0,0
272,0,0.199574288180708,1,0,1.06764099710421,0,1
273,0,0.680782689524444,1,0,-1.01061883637181,0,0
274,0,0.0661054800632652,2,1,0.286055830762203,1,1
275,0,0.0249556821570701,1,0,-1.7239452189696,0,0
276,0,2.80448378304008,2,1,-0.21136511642318,1,0
277,0,0.0976173529825997,1,1,-0.665731098733877,1,0
278,0,0.581510348027481,1,0,-2.04770300039306,0,0
279,0,0.500070909616985,1,0,1.86811028172659,0,1
280,0,0.574942138816821,1,0,-0.434983282070867,0,0
281,0,0.152661207442482,0,1,-0.159834608757435,1,0
282,0,0.159212480675835,1,0,1.26590480550974,0,1
283,0,1.62651109205268,2,0,2.47553645926168,0,1
284,0,1.54317339004928,1,1,-0.41940127595739,1,0
285,0,0.954502887645533,0,0,-0.610919607632793,0,0
286,0,2.62966099536868,2,1,0.0942070091642245,1,1
287,0,1.09251334943561,2,1,2.16788081163447,1,1
288,0,0.311987889304722,0,1,-1.49559273204772,1,0
289,0,0.264345935154356,2,0,0.770572130759527,0,1
290,0,0.29348639569123,1,1,-2.46694037907558,1,0
291,0,1.08485929618725,0,1,0.217699176382527,1,1
292,0,4.26540604836024,1,0,-0.0668373022651739,0,0
293,0,0.470020702274564,1,0,0.901229688091301,0,1
294,0,2.6052775428537,1,1,0.111341222410468,1,1
295,0,0.637804059542944,1,0,-1.02813197688492,0,0
296,0,2.33739134234687,0,1,1.00317915672242,1,1
297,0,0.108504482631052,1,0,0.249826252317062,0,1
298,0,1.7310966091224,1,1,-0.499504616820621,1,0
299,0,1.01136009364369,1,1,-0.792719973836943,1,0
300,0,0.206348006123752,1,1,0.386437375297592,1,1
301,0,0.84307783891649,1,1,-1.10144079294869,1,0
302,0,0.855227577774161,2,0,-1.32499984089644,0,0
303,0,0.585508239526698,2,1,1.50661642142087,1,1
304,0,0.82215843461391,2,0,0.19106273254674,0,1
305,0,0.01712764754879,1,0,-0.0619420601882733,0,0
306,0,0.474542066061838,0,0,0.62264096535481,0,1
307,0,0.322866784263229,1,0,0.857688100984475,0,1
308,0,0.322844555854783,2,1,0.327571041077389,1,1
309,0,0.103302649606858,1,0,-1.50583616631542,0,0
310,0,0.175325210276197,1,1,0.265367330828922,1,1
311,0,0.682312819336976,1,0,-0.183516871669456,0,0
312,0,0.02470926708939,1,0,0.509414873177132,0,1
313,0,0.0341238729545075,1,1,-1.59847521490968,1,0
314,0,0.871190717067123,1,1,-0.0913701140097747,1,0
315,0,0.187194530920853,1,1,0.763893912334091,1,1
316,0,0.0138826491622226,1,1,-0.951556463260141,1,0
317,0,0.0603446681793814,1,0,-0.469144878254149,0,0
318,0,0.715506772200267,0,0,-0.717016658134262,0,0
319,0,1.13591362767421,1,0,0.111312452904327,0,1
320,0,0.156992901807065,2,1,1.29887104496925,1,1
321,0,0.303357874714938,1,0,-1.61227009358137,0,0
322,0,0.91823235220815,2,0,0.577992975905699,0,1
323,0,0.0354059285499222,1,0,-1.94464304256499,0,0
324,0,0.323071174435647,1,0,-1.70850826331114,0,0
325,0,1.05260568483775,1,1,0.169494264620545,1,1
326,0,0.133197027750195,1,1,0.666008562144529,1,1
327,0,0.601342038461499,1,0,-0.254697859161765,0,0
328,0,0.37253271249875,1,0,-0.0882771584995324,0,0
329,0,0.151610873567134,1,0,-0.543590043194076,0,0
330,0,1.38399869017266,2,0,0.438411509903131,0,1
331,0,0.476220606931994,1,1,0.670906532135789,1,1
332,0,0.373092003888539,1,1,0.322510739119016,1,1
333,0,0.465044991561694,2,1,-0.0777374538328002,1,0
334,0,1.13201357904076,1,1,-0.436357241047087,1,0
335,0,0.172739586082785,1,1,-1.47152274624525,1,0
336,0,0.111293525745471,0,0,0.579046225399825,0,1
337,0,0.91060852987865,1,1,0.522948633942986,1,1
338,0,0.211163851072733,2,1,1.24489404570046,1,1
339,0,0.13830190814095,1,0,-0.711500573759566,0,0
340,0,2.97838520232331,2,0,1.77220095759741,0,1
341,0,0.370800504460931,0,0,1.30808069941573,0,1
342,0,1.02090178262675,1,1,-0.0474176864630039,1,0
343,0,1.11409905113993,1,0,-0.159851971913458,0,0
344,0,0.031506709397598,1,1,-0.273564750246581,1,0
345,0,0.238506620128949,0,0,-0.80611721855267,0,0
346,0,2.16254542060769,2,0,-0.292796789345586,0,0
347,0,0.406633336841807,1,1,0.338167213176244,1,1
348,0,0.20344030883562,2,0,-0.0995465042122161,0,0
349,0,0.177789380830261,2,1,1.11825660657485,1,1
350,0,4.0333803078951,2,0,-0.306496919967841,0,0
351,0,0.581740100875356,0,1,1.21859020211818,1,1
352,0,1.20256160857727,2,0,0.600478926639826,0,1
353,0,0.523053717360089,1,0,-0.182853019510076,0,0
354,0,0.0562140112860302,1,1,0.647133243774877,1,1
355,0,1.21151834902818,2,1,0.784619915237459,1,1
356,0,0.428567591417967,2,0,1.48201087308682,0,1
357,0,2.52281409400273,1,0,-0.772155622026249,0,0
358,0,0.470442454405696,1,0,-0.846789710759062,0,0
359,0,1.24736239584908,2,1,1.78037478425177,1,1
360,0,2.4979833966428,1,1,-0.482740194275767,1,0
361,0,0.367804386963447,0,0,-0.375807732409635,0,0
362,0,0.0124649269863385,1,0,-0.059864147216696,0,0
363,0,2.37828208731754,2,1,-0.0560731794459054,1,0
364,0,0.382412873144949,1,1,-0.435886320447989,1,0
365,0,0.367017663761982,0,1,-0.731841557632319,1,0
366,0,0.066026905301377,2,0,-0.360634794570661,0,0
367,0,1.74164708941926,1,0,-0.416429545069885,0,0
368,0,0.270349771236243,1,0,0.112864976682963,0,1
369,0,0.0415086928635825,1,0,-0.659471693228311,0,0
370,0,0.0734863023875584,1,1,-1.7509847907246,1,0
371,0,0.401241627049201,2,0,1.04408472589378,0,1
372,0,1.18807494355113,1,0,1.07760074841935,0,1
373,0,0.00434448671700371,1,0,-0.451172147394637,0,0
374,0,0.720391252179755,1,1,-0.983621448466551,1,0
375,0,0.115123170975572,2,1,2.15367067527312,1,1
376,0,0.493179189883338,2,0,1.77274141393078,0,1
377,0,0.110777482649893,1,1,0.305864871294132,1,1
378,0,0.71501000931461,1,1,-0.203642898332734,1,0
379,0,0.575945762428812,2,1,0.705189061988516,1,1
380,0,0.390422011627292,2,1,1.5259294268366,1,1
381,0,0.0531607132816139,1,1,-1.86018990016482,1,0
382,0,0.207309016720602,1,1,-2.17903719230852,1,0
383,0,0.062145415898915,1,1,0.607416870991939,1,1
384,0,4.32464205166247,1,1,0.0910597981084543,1,1
385,0,0.201226022417851,1,1,0.862990694901363,1,1
386,0,3.84321399006401,1,0,0.478833954547857,0,1
387,0,0.260899116883465,2,1,0.372299976179462,1,1
388,0,0.139165689286788,1,1,-2.02763865448421,1,0
389,0,0.523865690708527,1,1,-0.000434479621350474,1,0
390,0,0.725068334687493,2,0,0.150945456154695,0,1
391,0,1.25998860722311,1,0,0.576562430993587,0,1
392,0,0.310950524228562,1,0,-0.934747680158213,0,0
393,0,0.327503555118442,2,0,0.0975770899209983,0,1
394,0,0.941349543537188,2,1,1.28537118886059,1,1
395,0,0.542272066142929,1,1,-0.282926741163152,1,0
396,0,0.227230667205198,1,0,-1.14493296406287,0,0
397,0,0.529374357523635,2,0,2.10877903402693,0,1
398,0,0.642616144935047,1,0,-0.167712450901381,0,0
399,0,0.0252602836305488,1,1,-0.136457842956305,1,0
400,0,1.05359361118563,0,0,0.70018871782558,0,1
401,0,0.692937913480516,1,1,-0.587779937351601,1,0
402,0,0.0503870067394046,1,1,-1.00353760284816,1,0
403,0,0.047541345600888,1,1,0.205283230905027,1,1
404,0,2.20150695016475,1,0,0.232086810643709,0,1
405,0,0.133561510005033,0,0,1.42375903198212,0,1
406,0,0.027745645493269,0,0,1.6159757638547,0,1
407,0,0.588997759292173,1,1,-0.310224473520543,1,0
408,0,1.19088576350567,1,0,0.151607619559939,0,1
409,0,1.11849274372323,0,0,0.0819202024916801,0,1
410,0,1.34327085329069,1,0,1.81496810724038,0,1
411,0,2.04954355334242,0,1,0.100936034150206,1,1
412,0,0.177694000056473,1,1,0.365547509655531,1,1
413,0,6,0,0,-0.140547567301981,0,0
414,0,1.12029380773049,1,1,-0.125845053070531,1,0
415,0,0.618622895951072,0,1,-0.0964127358495872,1,0
416,0,0.324944806013886,1,0,-0.285828450634745,0,0
417,0,2.82590724641978,1,0,-0.644777083045624,0,0
418,0,0.197106337381091,1,1,0.429380376068833,1,1
419,0,0.116361562829124,2,0,2.57223172125298,0,1
420,0,0.409932023764185,2,0,-0.748733854673995,0,0
421,0,0.0401168013595071,1,0,0.909338916630496,0,1
422,0,4.3428062244008,0,0,-0.0981961067952112,0,0
423,0,0.12745923262036,1,0,-1.37437616223735,0,0
424,0,0.826558857714156,2,0,-0.865549061824434,0,0
425,0,1.38385161491218,1,1,1.04186480517411,1,1
426,0,2.9061201187369,1,1,0.393453451799411,1,1
427,0,0.135643427700571,1,1,-1.4368488740669,1,0
428,0,0.0221806417194627,1,1,-0.721392274042689,1,0
429,0,0.631987354425056,1,1,1.23465990936202,1,1
430,0,0.0682055419039754,1,0,0.0198107799028642,0,1
431,0,0.211942374888587,1,1,-1.28434619643562,1,0
432,0,0.182032821471147,2,0,0.0613636476114632,0,1
433,0,0.67413271192283,2,0,1.54592532360683,0,1
434,0,1.17721330944658,0,1,0.461897927390104,1,1
435,0,0.792782902722844,1,1,-0.881009037464893,1,0
436,0,0.00734046730350677,1,1,0.428951208526744,1,1
437,0,1.67792918890302,1,1,-1.36875472289694,1,0
438,0,0.246964022578132,1,0,-0.797533866947787,0,0
439,0,0.508958446862115,2,0,0.972961747533255,0,1
440,0,0.490548771940826,1,0,0.467823172398381,0,1
441,0,0.0808459953373584,1,1,-0.973138436356985,1,0
442,0,2.94709755059747,0,0,0.846800141828027,0,1
443,0,0.265318153949372,2,1,0.431752619364703,1,1
444,0,0.668321804754285,1,1,1.20637863893052,1,1
445,0,0.846427604556084,0,1,0.767671249974458,1,1
446,0,0.521823149582987,1,1,1.04679303887218,1,1
447,0,0.01881990639957,0,0,-1.52596528520202,0,0
448,0,1.4901679857913,1,0,0.223410720363375,0,1
449,0,0.490354626272414,1,1,-0.548491679868237,1,0
450,0,0.18352789262281,2,1,-0.189980517140578,1,0
451,0,0.648467535213619,1,0,-1.24297552549472,0,0
452,0,0.97790119632803,1,1,0.449124332515147,1,1
453,0,0.237930809918795,1,0,0.333153897351717,0,1
454,0,0.439181390271669,2,0,-0.234726343586145,0,0
455,0,0.29274596673708,1,1,-0.848292228043259,1,0
456,0,1.92360900972383,2,0,-0.0152817187373591,0,0
457,0,0.131370519816901,1,0,-0.120629089577647,0,0
458,0,0.219685352876989,1,1,-0.726569587243558,1,0
459,0,2.21274137186507,0,1,0.0613789312469594,1,1
460,0,2.28640221517182,1,1,-0.553845908585187,1,0
461,0,0.562189119204261,1,1,0.900120140103217,1,1
462,0,0.965931534432583,1,1,-0.138384200432938,1,0
463,0,0.143799663311142,2,1,0.16916068838329,1,1
464,0,0.0064585842586577,1,1,-3.30360264814825,1,0
465,0,0.198162106462015,1,1,0.490004245247796,1,1
466,0,0.00634574133996965,1,1,0.257143151093573,1,1
467,0,0.288707709412784,1,0,-1.28688131089676,0,0
468,0,0.139955889288001,1,1,-2.24341824399013,1,0
469,0,0.0738442507591067,0,1,1.22772354518441,1,1
470,0,0.251352251735999,0,1,-0.249809226684781,1,0
471,0,0.498658717542809,2,1,1.30335852014889,1,1
472,0,0.952024897719385,1,1,1.13422662414628,1,1
473,0,0.377988814460265,1,0,-2.28438909858553,0,0
474,0,0.716994384070997,1,1,-0.758477219172577,1,0
475,0,1.49044744329754,0,1,-0.814755040389469,1,0
476,0,0.167898018418974,1,1,-1.9537204729146,1,0
477,0,3.78736090441407,2,0,-0.77870522626772,0,0
478,0,0.78556920206209,1,1,1.07676482049951,1,1
479,0,0.0227614096049046,1,0,-2.37302349936846,0,0
480,0,0.0104797583026309,0,1,-0.386663493670568,1,0
481,0,6,0,0,-1.45976240240374,0,0
482,0,0.619052342800094,2,1,0.776276388526449,1,1
483,0,0.981679134883258,1,1,-1.131450264475,1,0
484,0,0.460582566219563,0,1,0.363915855004392,1,1
485,0,0.0151706435424974,1,1,-1.1134695209897,1,0
486,0,1.56572687915981,1,1,-2.24217066372725,1,0
487,0,0.661699799643608,1,0,0.122970219734606,0,1
488,0,0.22364899181371,1,0,-0.331459662440511,0,0
489,0,1.15838948140712,2,0,-0.233798049118508,0,0
490,0,0.321673783772144,2,1,0.638241863486577,1,1
491,0,0.494863211946345,1,0,-0.257953330848294,0,0
492,0,0.760421737407645,0,1,0.745499057163473,1,1
493,0,0.051446967282438,1,1,0.401634592441046,1,1
494,0,0.608429489556301,1,0,-0.689942844046027,0,0
495,0,0.986358852436145,0,1,0.000685420851277744,1,1
496,0,0.436979922855549,1,0,-2.11367752108138,0,0
497,0,0.524851624918247,2,1,0.0425073618219234,1,1
498,0,0.853692226589277,2,1,0.650276990502226,1,1
499,0,0.713710572341784,2,1,0.959749522634652,1,1
500,0,0.827683181488114,1,1,0.0324825432893822,1,1
501,0,0.772483639590982,0,0,0.243095359204011,0,1
502,0,0.145244894179469,1,0,0.664320555726572,0,1
503,0,0.816340652055736,1,0,-0.782952674583395,0,0
504,0,2.78761620845091,2,0,0.383632757087904,0,1
505,0,2.62472450424359,1,1,-0.681187645736931,1,0
506,0,1.74354727962252,1,0,-1.76107462370643,0,0
507,0,0.166651346483059,2,0,-0.189485678083561,0,0
508,0,0.238419193507436,1,0,-1.27573437131592,0,0
509,0,0.814431018201466,2,0,-0.598254628203052,0,0
510,0,0.110617016081724,1,0,-0.67432444608004,0,0
511,0,2.20998605065724,0,0,1.03872803200396,0,1
512,0,1.32498179973867,1,0,0.437172360501329,0,1
513,0,1.13309534068848,1,1,0.227048740012563,1,1
514,0,0.398220837547471,0,0,-0.598308516027484,0,0
515,0,0.168011884640353,1,1,2.03975076280211,1,1
516,0,0.375553628139553,2,1,1.07807937002301,1,1
517,0,0.34423576976191,2,0,1.90968042167366,0,1
518,0,0.344105457723234,1,1,0.148636882686562,1,1
519,0,0.171870996572289,1,1,0.227100554618968,1,1
520,0,0.241216054570121,1,1,-1.76607407181034,1,0
521,0,0.0105843933915698,0,0,1.30254320130422,0,1
522,0,1.32017727537611,2,1,0.3528525849948,1,1
523,0,0.400093737956461,1,0,1.11886986004779,0,1
524,0,0.237458375890259,1,0,-0.337918090789189,0,0
525,0,3.17985715973791,2,0,-0.276467558678952,0,0
526,0,0.0261450023998502,1,0,-0.099169798219748,0,0
527,0,2.0729465845933,1,0,-0.0236880077917025,0,0
528,0,0.0287824737390776,1,0,-0.996774572535052,0,0
529,0,6,0,0,-1.89403504458409,0,0
530,0,0.0294602652799759,2,0,4.01737293061939,0,1
531,0,0.105767442755542,1,1,0.643249946903866,1,1
532,0,0.641365288543425,1,1,0.628723426690531,1,1
533,0,0.426453336912105,1,1,-1.36090676970433,1,0
534,0,0.0981432661649739,2,1,0.756004580449988,1,1
535,0,0.221412390308023,2,1,0.959893555722657,1,1
536,0,0.191611108733493,1,0,0.0453918612440886,0,1
537,0,0.414436478411696,1,0,-1.29403346460729,0,0
538,0,0.607068359878484,1,0,0.611483672984809,0,1
539,0,0.206988107019023,2,0,-2.58023711263444,0,0
540,0,3.37790875457162,2,1,-0.0840453007381718,1,0
541,0,0.282699934517344,0,0,-0.671899569332464,0,0
542,0,4.17975257726672,2,0,0.0356876173821908,0,1
543,0,0.169347466724982,1,1,-1.16324862992525,1,0
544,0,0.012506063460362,2,1,-1.3255325534688,1,0
545,0,0.43713315084895,1,1,-0.30116547148812,1,0
546,0,1.96945783024757,2,1,1.24504246127656,1,1
547,0,0.356005248191986,2,1,0.686136211044059,1,1
548,0,0.130971610396887,1,1,-2.64150538883317,1,0
549,0,0.350665953572672,0,1,0.749762340031959,1,1
550,0,0.478132964896679,2,0,0.784333704800284,0,1
551,0,0.736818179983448,0,0,1.27082584886094,0,1
552,0,0.17897494146388,1,0,-0.375750815684846,0,0
553,0,0.466162214676539,0,0,-1.4412932178937,0,0
554,0,2.74093171813532,2,1,-1.14195519984921,1,0
555,0,0.547359223526762,2,1,0.0261003655151749,1,1
556,0,1.4756359673809,2,0,1.10519585154656,0,1
557,0,0.0359868263535378,1,1,-2.44496965842708,1,0
558,0,0.743553148482118,1,0,-0.424618916488755,0,0
559,0,0.377134821621603,1,0,-1.38760687032771,0,0
560,0,3.52855392458512,1,0,0.96539216413819,0,1
561,0,0.33405431632197,0,0,-0.465465610016312,0,0
562,0,0.257429956774611,2,1,0.895726287384789,1,1
563,0,0.354361863864097,1,1,-0.794826758180372,1,0
564,0,0.926999640118222,1,1,-0.813311726886704,1,0
565,0,0.450239364026862,2,0,-0.25574947860586,0,0
566,0,6,0,0,-1.77168256703987,0,0
567,0,0.677721807918087,1,1,0.687269908764194,1,1
568,0,0.780549604930899,1,0,1.82952511941202,0,1
569,0,3.3460621012875,2,0,1.14622489478565,0,1
570,0,0.33228197151595,1,0,0.794379897871082,0,1
571,0,3.06900509943565,0,1,-0.0424256563198282,1,0
572,0,0.306218803732221,1,1,-1.96707637906807,1,0
573,0,0.448749747508447,2,0,1.08713123714036,0,1
574,0,0.34872541779927,2,1,1.64381855126896,1,1
575,0,1.303604631679,1,1,1.06972803615998,1,1
576,0,0.370994137057634,2,1,1.06387477148317,1,1
577,0,1.48221381253859,1,1,0.166244319910247,1,1
578,0,1.6585673439135,2,0,-1.16699094452789,0,0
579,0,0.028586712934181,2,0,-0.129095754333468,0,0
580,0,0.133969480814895,1,0,-0.176100524814169,0,0
581,0,2.14769191419085,0,0,1.4910895044387,0,1
582,0,0.124008055555366,1,0,-0.997013995556799,0,0
583,0,0.933106567564454,2,0,1.0014537811051,0,1
584,0,1.60369452518625,1,0,-0.208126904203437,0,0
585,0,1.91113920669463,1,1,-0.825617495060424,1,0
586,0,0.63078596924758,1,1,-0.362745318813667,1,0
587,0,0.803611324497871,1,1,0.661739978159753,1,1
588,0,0.108687533021731,1,1,-0.736933947438984,1,0
589,0,1.17261131675839,2,0,-0.199112635993425,0,0
590,0,2.24690195166806,2,0,0.600588432406626,0,1
591,0,4.79529183240814,2,0,0.440654940383301,0,1
592,0,0.948009639373145,1,0,-1.34003116491663,0,0
593,0,0.383717013953628,1,1,-1.19035937969329,1,0
594,0,0.582961950153709,2,0,0.181533157362372,0,1
595,0,2.76770669035614,0,0,-0.981966681465023,0,0
596,0,0.579604082164735,2,0,0.894264189985619,0,1
597,0,0.212820837701567,2,1,0.207186527127472,1,1
598,0,0.160252438195968,1,1,-0.361791865493593,1,0
599,0,1.10037378656367,0,1,0.561272339827569,1,1
600,0,1.41949413965146,0,1,0.660880574049901,1,1
601,0,3.39963056448282,0,0,-0.28480189481172,0,0
602,0,0.666402063676652,2,1,-0.753353760254076,1,0
603,0,1.51394296118742,1,0,-1.23696701503312,0,0
604,0,1.75663674560779,1,1,-0.503171759873124,1,0
605,0,0.567836354112568,2,0,0.689977169741091,0,1
606,0,1.81606146296176,0,0,0.553866121470182,0,1
607,0,1.04208181433637,2,1,0.0633796119898686,1,1
608,0,0.210108859537488,0,0,-0.283769239825765,0,0
609,0,1.69588237814146,2,0,1.10367851162937,0,1
610,0,2.52127607288322,0,0,-1.99101417814382,0,0
611,0,1.06874382949583,1,1,-0.445906848060205,1,0
612,0,0.644987515597942,1,1,-0.738365971106206,1,0
613,0,0.129480996383348,1,0,0.356303742658123,0,1
614,0,0.83933534503503,2,1,1.24535761178541,1,1
615,0,2.95581850229091,2,0,0.0182748702854264,0,1
616,0,0.544308559940603,1,0,-0.0905966591874349,0,0
617,0,0.032557571476171,2,0,-0.238874081325757,0,0
618,0,0.0747173294820555,2,0,0.572441470649411,0,1
619,0,1.6264974862805,1,0,-1.61289091540854,0,0
620,0,3.55289223293463,0,0,-1.60723622454495,0,0
621,0,0.351808639828632,2,1,-0.373548730341524,1,0
622,0,6,0,1,-1.84151926396771,1,0
623,0,2.77290523411496,2,0,-0.845432256429046,0,0
624,0,0.250704666637495,1,1,-0.0268453658271899,1,0
625,0,0.0507202788727344,1,0,-0.418249377774804,0,0
626,0,0.00186363447156286,1,1,-0.210436203896762,1,0
627,0,0.671067001918952,0,1,0.109549756352658,1,1
628,0,1.07324693510368,1,1,-0.999361039377298,1,0
629,0,0.619492931291461,0,0,0.800131106638249,0,1
630,0,0.334416025537888,1,0,0.370933335343676,0,1
631,0,0.583480647162508,1,1,1.51503504544247,1,1
632,0,1.37786862210328,1,1,-0.594662535055945,1,0
633,0,0.487860594340796,2,1,0.259224069068998,1,1
634,0,0.834245308756176,1,0,-0.313936899696402,0,0
635,0,2.32846287110889,2,1,0.205156893444843,1,1
636,0,0.138642042080946,1,1,-1.50843501893686,1,0
637,0,0.0124628129862208,1,1,0.0969296989332907,1,1
638,0,1.03118357344535,1,1,-0.892568286549541,1,0
639,0,0.602719436839765,1,1,1.76018467717421,1,1
640,0,0.414198183704065,1,0,-1.09150347969698,0,0
641,0,0.227496262839111,2,0,0.470234447831672,0,1
642,0,0.325036997510116,2,1,-0.700522906386739,1,0
643,0,0.51146936970266,1,0,0.279525863275152,0,1
644,0,1.52904707317551,0,0,-0.384852408063352,0,0
645,0,1.85455769894023,2,1,-0.61441777120918,1,0
646,0,0.793908699317254,1,0,-1.24510178152295,0,0
647,0,0.118777460314649,2,1,0.763951630858829,1,1
648,0,0.363679022717257,2,1,1.60336832701164,1,1
649,0,0.371541910285413,1,0,1.07377279267047,0,1
650,0,1.29724472794434,1,1,-0.746354439816661,1,0
651,0,1.42102628792945,2,1,-0.200202061536536,1,0
652,0,0.466697110021357,1,1,-0.45797717625011,1,0
653,0,1.06480559132238,0,1,1.5288830582983,1,1
654,0,0.741563534707954,2,0,0.144696875862826,0,1
655,0,0.0766289631607153,2,1,0.658856142188836,1,1
656,0,3.48464332387641,1,1,-0.680413978901452,1,0
657,0,1.18534139031515,1,0,-0.223506943928718,0,0
658,0,0.304873642428516,1,0,-0.913109513858304,0,0
659,0,0.295759200824272,1,1,-0.650223195284845,1,0
660,0,1.04257721673912,2,0,-0.164449372577587,0,0
661,0,3.75022501063844,0,0,-0.911544053467424,0,0
662,0,1.41446891749421,2,0,0.64200957938203,0,1
663,0,0.227539990649935,1,1,0.416699890326578,1,1
664,0,1.35936260566354,1,0,0.085418346374364,0,1
665,0,0.444765810437375,1,0,0.189820068479421,0,1
666,0,0.135929441020895,1,0,-1.8824733260703,0,0
667,0,1.44139433682396,1,1,-1.34680096575961,1,0
668,0,0.338080332839555,1,0,-1.56185728971493,0,0
669,0,0.318761393813382,1,1,0.150548425254653,1,1
670,0,0.658967049169863,1,0,0.664779312376837,0,1
671,0,3.4596228414242,2,0,-1.69575617843455,0,0
672,0,0.0993206374852213,1,0,1.37233312434655,0,1
673,0,0.260799138353417,2,1,0.995336526236948,1,1
674,0,0.42661354000595,1,0,0.467351028407296,0,1
675,0,0.183911651675066,1,0,-0.812132040890039,0,0
676,0,1.14349663129987,1,1,-0.373598531330334,1,0
677,0,0.649381057526765,1,0,-0.374363575158267,0,0
678,0,0.551478764917046,2,1,1.62266266412376,1,1
679,0,3.0883013264215,1,1,1.688938294691,1,1
680,0,0.0930029186873756,1,1,0.244803853714349,1,1
681,0,0.162235166316197,0,1,-0.203069542379741,1,0
682,0,0.295584558171228,1,1,-1.29586547072029,1,0
683,0,0.108162018754864,2,0,0.0815026663138045,0,1
684,0,0.689651274177774,0,0,-0.740398673008559,0,0
685,0,0.0534164208918277,1,1,-0.171508833105639,1,0
686,0,1.21171645257918,1,0,0.564181559867649,0,1
687,0,0.201180176389981,1,0,-0.259745308833055,0,0
688,0,0.654408286499747,1,1,-0.623799584184164,1,0
689,0,2.88577864333354,2,0,-0.140046842827807,0,0
690,0,0.0167612636925659,1,1,-0.226290926387952,1,0
691,0,1.55399847458507,2,1,1.84916861206892,1,1
692,0,0.0824374541228226,2,1,1.89434215628539,1,1
693,0,0.887562842782046,1,1,-0.0211884287068816,1,0
694,0,4.46301115459673,1,0,-0.0162252371796603,0,0
695,0,0.0357805714931218,2,0,0.661055704982816,0,1
696,0,0.249277956831835,2,0,0.186475596004005,0,1
697,0,1.98396410172184,0,0,-0.835607733350052,0,0
698,0,0.377534933553854,2,1,-0.472763419319174,1,0
699,0,2.40862776080801,2,0,-0.532569143671689,0,0
700,0,0.0666707154035438,2,0,1.91366716383195,0,1
701,0,0.748694134950613,1,0,-1.03526179668966,0,0
702,0,0.412768317891713,2,1,0.541687229193102,1,1
703,0,0.323198429479194,1,1,0.718713682784952,1,1
704,0,0.0586457829922438,0,1,-1.23203750780862,1,0
705,0,0.275222886432624,2,0,1.5485116674642,0,1
706,0,0.942426177983483,0,1,-0.393004271717515,1,0
707,0,1.48915247143295,2,1,1.02695619383746,1,1
708,0,1.83547500726813,1,0,0.0598819877935964,0,1
709,0,0.0179543357003446,1,1,0.575627744688431,1,1
710,0,0.00693709480411714,1,1,-1.77169863323802,1,0
711,0,3.61606692682461,2,0,-0.212520681145518,0,0
712,0,0.00449331544619409,1,1,1.09317369171427,1,1
713,0,0.112492634225197,2,1,-0.715874093642682,1,0
714,0,0.934096249976404,1,0,0.220629737934228,0,1
715,0,0.11537831127563,1,1,-0.0571589370731036,1,0
716,0,2.36997061904402,2,0,0.265054054369552,0,1
717,0,0.186790709360625,1,1,-1.98439683256521,1,0
718,0,0.308119175153649,1,1,-0.379527719734146,1,0
719,0,0.520778967569804,2,1,-0.633070133303645,1,0
720,0,0.944312736392021,0,1,-0.878280144337295,1,0
721,0,1.14193977444407,1,1,-0.530943473815192,1,0
722,0,0.0294703374815886,2,1,0.907821046024846,1,1
723,0,0.00177186307828176,2,0,-0.49318318256459,0,0
724,0,0.142138178558512,1,1,-0.827990099734637,1,0
725,0,0.790747661863382,2,1,0.291487298012552,1,1
726,0,0.349142076371464,1,1,-1.31676877120158,1,0
727,0,1.29538220067912,2,1,-0.714741964392479,1,0
728,0,1.10125721303653,1,1,0.72077797296114,1,1
729,0,0.519156542132979,1,1,-0.205435453514147,1,0
730,0,0.962195742316314,1,0,-1.04434972679289,0,0
731,0,0.287638122235613,1,1,0.0430310857564454,1,1
732,0,1.24033657116613,1,0,-1.97071773854776,0,0
733,0,1.74734138988902,2,0,1.04509666816418,0,1
734,0,0.203169335391451,1,1,0.772365711107908,1,1
735,0,0.484083168402238,1,1,-0.111596926368142,1,0
736,0,0.711871503541867,0,1,0.209561278739888,1,1
737,0,0.317262400863246,2,0,-0.941283776409859,0,0
738,0,1.7245703746791,1,1,0.534935931452495,1,1
739,0,0.265313061904029,1,1,-0.773234536254308,1,0
740,0,3.19669516802874,2,1,0.97342981321703,1,1
741,0,0.107006775741761,1,1,-0.861590238536817,1,0
742,0,0.0293895080852247,1,0,-3.21673370551335,0,0
743,0,0.761696357900898,0,1,0.241333256779316,1,1
744,0,0.681155613383264,2,1,-0.484050393136073,1,0
745,0,1.32164746954934,2,0,0.648502382542279,0,1
746,0,0.854451003023643,1,0,1.8665459670101,0,1
747,0,0.830820555675102,1,1,-2.14562728286382,1,0
748,0,1.28955402232658,2,1,-0.263196038881226,1,0
749,0,2.38028394700469,0,0,0.160662567123283,0,1
750,0,1.24056802707644,2,1,1.10138204012002,1,1
751,0,0.104859380898461,2,1,0.821786970294614,1,1
752,0,0.477248868117652,1,0,-0.950823528725488,0,0
753,0,0.568384185441326,2,0,1.82564961498525,0,1
754,0,0.953272902579357,1,0,-1.1869589304402,0,0
755,0,0.152889184720124,2,0,-0.267274586172965,0,0
756,0,0.0419119823708945,1,0,0.00862514785191137,0,1
757,0,0.0346548144250324,1,1,-0.32252535458741,1,0
758,0,2.00151044810063,2,0,-0.869832175170912,0,0
759,0,0.297514261631838,2,1,1.75479601005526,1,1
760,0,0.10124359413358,1,0,0.562064314459846,0,1
761,0,1.06858500761016,1,0,0.21944480484545,0,1
762,0,0.274458661769116,2,1,0.0318775112155373,1,1
763,0,0.057614169862219,1,1,-0.373510289177682,1,0
764,0,0.704306498048202,2,0,-0.0806690999570087,0,0
765,0,1.26968639902771,0,1,1.63406106919589,1,1
766,0,1.79003497722966,1,0,-1.35782302744154,0,0
767,0,0.443313494481414,1,0,-1.5653818540172,0,0
768,0,0.296334230843383,2,1,0.637674440296733,1,1
769,0,0.969997312319505,1,0,0.186740361332703,0,1
770,0,1.19174443373208,2,0,-0.462404261949607,0,0
771,0,1.0031156226199,2,0,0.367862294029414,0,1
772,0,0.183721368382152,1,0,0.029406571690143,0,1
773,0,2.08162989298761,2,0,-0.744664246657107,0,0
774,0,0.412119291722775,0,0,-1.05165716967718,0,0
775,0,0.129446644907177,1,1,-1.87156398199353,1,0
776,0,2.14319976436432,1,1,0.567526454644799,1,1
777,0,0.0994208132230216,1,1,-1.71990463859195,1,0
778,0,0.0589543891526946,0,1,0.516456186537547,1,1
779,0,0.867651025908805,2,0,-0.190216964807702,0,0
780,0,0.372456150939734,1,1,-0.544178951709073,1,0
781,0,0.444217186986529,2,1,0.34259461343002,1,1
782,0,0.645345617977675,1,1,-1.62378188995029,1,0
783,0,0.487645424795631,1,1,-0.135742795401979,1,0
784,0,2.1434865344734,2,1,-0.75174688998875,1,0
785,0,1.36891255551681,2,0,-1.26132836950698,0,0
786,0,0.543631685867575,2,1,-0.0209036383355285,1,0
787,0,2.05576175435208,2,0,0.731496590635947,0,1
788,0,0.616892685674506,1,0,0.369871908275774,0,1
789,0,1.12990826754166,2,0,1.8362328028927,0,1
790,0,1.17884009296818,2,0,1.10993909354015,0,1
791,0,0.080741346016136,1,1,0.421596986793826,1,1
792,0,2.7264686572911,0,0,-1.35421007198631,0,0
793,0,0.950470113351096,2,1,0.155597679076635,1,1
794,0,0.343093015263394,1,1,0.492366157661718,1,1
795,0,0.0676046556501334,1,1,-2.16908164172406,1,0
796,0,0.723509128831724,2,0,1.13875302903127,0,1
797,0,1.45613691895806,1,0,1.24219198375036,0,1
798,0,2.20973935423114,2,0,-1.33395539870686,0,0
799,0,0.807052377827548,1,1,0.475452518259865,1,1
800,0,0.389389012879872,2,1,-0.354946450788645,1,0
801,0,0.671679404043881,1,0,-0.354516222037714,0,0
802,0,0.342591134831309,0,1,-0.0897633604141594,1,0
803,0,0.0201018592445352,1,1,-2.97501883604351,1,0
804,0,0.0184032938877878,1,1,-0.764634319620017,1,0
805,0,2.65775530544533,2,1,-1.39334673777358,1,0
806,0,1.24915660019457,2,0,1.07979426409949,0,1
807,0,0.814795425108788,2,0,-0.390863413674745,0,0
808,0,1.56014655884457,2,0,0.917029021686145,0,1
809,0,0.707549717631965,0,0,0.566925611959706,0,1
810,0,0.20235729168282,1,0,0.342011692849313,0,1
811,0,1.31866525726681,1,0,1.08361577837337,0,1
812,0,1.8767245149013,1,0,1.93515043152354,0,1
813,0,2.13351576887622,2,1,1.14505995089113,1,1
814,0,2.93515525340217,1,1,0.605709127612297,1,1
815,0,0.520431159542464,1,0,-0.986513768637239,0,0
816,0,0.619573745745099,1,1,-0.154789697484102,1,0
817,0,0.0978434876484408,1,0,0.768006561513823,0,1
818,0,0.0674935500789681,2,1,2.19927209808861,1,1
819,0,0.0274634270669671,1,1,-0.856958410224434,1,0
820,0,2.33395132564007,2,1,0.677495711854319,1,1
821,0,0.950753146412261,0,0,-0.487643005673271,0,0
822,0,0.1920422336474,1,0,-0.88976234504803,0,0
823,0,0.0492175258052965,1,1,-1.74567183138265,1,0
824,0,0.220176186633009,1,1,-0.0378786383504852,1,0
825,0,0.288641101837,0,1,-0.22295362782688,1,0
826,0,1.06414086434133,1,1,-0.819353517363566,1,0
827,0,0.0507307254271291,1,1,-0.523026598829569,1,0
828,0,0.391875373334465,2,0,-0.501102579363953,0,0
829,0,0.583853834057355,1,1,0.326831848257872,1,1
830,0,3.67734514850599,2,0,-0.223974729037627,0,0
831,0,0.451613583402739,1,1,-0.0865526061686756,1,0
832,0,0.124545858086394,2,0,-0.515187425870435,0,0
833,0,1.0750955958619,2,0,0.361318612168988,0,1
834,0,0.823797669024073,1,1,-1.66873586019744,1,0
835,0,0.887468333045642,0,0,-0.29503444079023,0,0
836,0,1.74753497242567,0,1,0.320150471203348,1,1
837,0,1.06869297243975,1,1,0.586137459879818,1,1
838,0,0.704505488715275,1,1,-0.197174314526602,1,0
839,0,1.39292320426641,1,0,-0.482135878339807,0,0
840,0,0.181062462622086,1,1,-0.236939894563226,1,0
841,0,0.255867887872698,2,0,-0.0271639011480592,0,0
842,0,1.21102831997565,2,0,1.78333759972071,0,1
843,0,0.906144252886942,2,0,1.85792284217194,0,1
844,0,0.0597510134965993,2,1,1.45395276678431,1,1
845,0,0.773568123669375,2,1,0.285751203669084,1,1
846,0,0.942835394091153,1,0,-1.65268586274845,0,0
847,0,0.0830403653283914,0,0,0.847552937073648,0,1
848,0,0.384941970308622,0,1,-0.152684517451981,1,0
849,0,0.671384159024777,2,0,1.44700415448659,0,1
850,0,0.000466486802259856,1,0,-1.32650648170044,0,0
851,0,0.0374774922215751,2,1,0.865987872948714,1,1
852,0,0.0463865522394878,0,0,-0.728419354117306,0,0
853,0,0.149582664011672,1,1,1.09474773189701,1,1
854,0,2.09996005209784,0,1,-2.61195798484061,1,0
855,0,1.4892524724617,1,0,-0.0831471217790068,0,0
856,0,0.636494254725842,1,0,1.03904428726192,0,1
857,0,0.356918092598465,2,0,1.44251834232656,0,1
858,0,1.06401037640363,2,0,1.13251760284123,0,1
859,0,2.23576386562771,2,0,-1.46649301636664,0,0
860,0,2.21483209716949,2,0,0.0202487313531978,0,1
861,0,0.428828167113576,2,1,-0.450227481002379,1,0
862,0,0.530019967868318,1,0,0.92917419500376,0,1
863,0,0.542065492551146,2,0,1.27307218142783,0,1
864,0,0.813215959645883,1,1,0.126447888088541,1,1
865,0,0.126566692285823,1,0,-0.990712636245408,0,0
866,0,0.859995387399794,1,0,-0.268029422883949,0,0
867,0,0.445717747370926,2,1,0.0288745895441058,1,1
868,0,6,0,0,0.926959120210964,0,1
869,0,1.43387224363929,1,1,-0.397460567662644,1,0
870,0,0.00871561607972177,1,0,-0.268368996439682,0,0
871,0,0.021919630850451,1,0,-1.72071721211995,0,0
872,0,0.43370278391753,1,0,-0.831188767990246,0,0
873,0,0.536048471306761,0,1,-0.870407784084891,1,0
874,0,0.0632389561342958,2,1,1.59821871956817,1,1
875,0,0.544156619946358,2,1,1.74054331441647,1,1
876,0,0.0993643275189141,0,1,0.607054332998033,1,1
877,0,2.41863168516683,2,0,0.964848617261919,0,1
878,0,2.34284655839337,0,0,-0.0767330292488736,0,0
879,0,0.109313536552351,1,1,-2.3119992858354,1,0
880,0,1.78915286431355,1,1,1.31614300175495,1,1
881,0,1.4234332709995,2,0,0.0852219672045676,0,1
882,0,0.235224732508262,0,0,-0.184094846853336,0,0
883,0,0.405633052200178,0,0,0.38738809464322,0,1
884,0,1.1438337984828,1,0,-1.04783946607046,0,0
885,0,2.21564840089975,1,1,-1.07249055109438,1,0
886,0,3.82947075979538,2,0,0.024903792478681,0,1
887,0,0.278643467566886,1,1,-0.880446820266776,1,0
888,0,0.00177420680799947,1,0,-1.35856834685611,0,0
889,0,1.30752511076719,2,0,0.171987568329582,0,1
890,0,0.378936654512041,1,1,-0.421423873153695,1,0
891,0,0.674081564466566,1,0,0.978279389623752,0,1
892,0,0.0292275593601742,1,1,-0.125045089455795,1,0
893,0,0.960059404595097,1,1,-0.541405271536262,1,0
894,0,1.20585232301478,1,1,-0.00433514267674945,1,0
895,0,0.147291739335634,2,1,1.58247063183126,1,1
896,0,1.67116328763465,0,0,0.0471966092313537,0,1
897,0,0.501978970440245,1,1,0.142439961204622,1,1
898,0,1.59846957274117,1,1,0.400884428240363,1,1
899,0,1.01658687305947,0,1,-1.43935870706412,1,0
900,0,2.22923240087175,2,1,0.239783181957565,1,1
901,0,0.72951133133407,1,1,1.09759003523664,1,1
902,0,0.283711559522005,1,0,-1.76350643004231,0,0
903,0,0.117025516488509,2,1,0.845836169001676,1,1
904,0,0.790220129553831,2,0,0.306719530831604,0,1
905,0,1.43360836888068,2,1,-0.223840828989641,1,0
906,0,1.00692673879918,1,1,0.896398100952195,1,1
907,0,0.00463885428867761,1,1,-0.115516384685228,1,0
908,0,0.931327003517987,2,1,0.534431115392939,1,1
909,0,0.00230595960601375,1,0,0.580127972323302,0,1
910,0,0.11851123337535,1,0,-0.472499806104785,0,0
911,0,0.368850099077963,2,1,-0.350653644804687,1,0
912,0,1.0376914601865,1,1,0.554980350933232,1,1
913,0,2.88260033723325,2,0,0.425559571133816,0,1
914,0,1.54658348925789,1,0,-0.839180747881633,0,0
915,0,2.43526223684618,1,0,-0.0176129193714711,0,0
916,0,2.7935670332435,2,0,-0.151406521715577,0,0
917,0,0.379760021951084,1,0,-0.816423176735339,0,0
918,0,0.859889056427719,0,1,-0.329729095661558,1,0
919,0,0.376767295790713,1,1,0.520298956490625,1,1
920,0,2.06492679463248,1,1,0.423386993340464,1,1
921,0,3.34246938913556,1,1,1.53419642527874,1,1
922,0,0.221771017737166,1,1,0.918655481226453,1,1
923,0,1.61202256578866,1,1,-0.376992297171326,1,0
924,0,0.95839745579916,1,0,0.115555557068927,0,1
925,0,0.0262181307006024,1,1,2.30581391847834,1,1
926,0,1.05307430822409,1,1,-0.576098161075239,1,0
927,0,0.832080375869331,1,0,-2.89313501090373,0,0
928,0,0.935051503971125,1,0,2.34970431217962,0,1
929,0,0.0615256877745966,1,1,-0.223520612053615,1,0
930,0,0.483122334683345,2,0,1.1530381518388,0,1
931,0,0.531279691696894,1,1,1.95890455831722,1,1
932,0,0.761128823650268,2,0,-1.37965979515789,0,0
933,0,0.147598152158492,2,1,2.08009522585875,1,1
934,0,0.105398205908252,1,1,-1.73945220751728,1,0
935,0,1.31048518561393,1,1,0.479089470489018,1,1
936,0,2.126991845309,1,0,0.400785610612624,0,1
937,0,2.78320272090054,2,1,0.444804010589137,1,1
938,0,1.16389263471884,2,1,-0.659149475747864,1,0
939,0,0.0444267581472747,2,0,0.924481194680059,0,1
940,0,0.350336509690974,1,1,-0.344147505479742,1,0
941,0,0.182518643847555,1,0,-1.11290684394641,0,0
942,0,1.37128702593042,1,1,1.04340814250822,1,1
943,0,0.388688954654995,1,0,-0.877691402647577,0,0
944,0,1.29991068550614,1,1,-1.47278237304517,1,0
945,0,0.463417063690301,1,1,1.97645737518147,1,1
946,0,0.115774755786992,1,1,-0.0941272425871689,1,0
947,0,0.267244662354747,1,1,0.227941869726849,1,1
948,0,0.668028745372196,1,1,-1.02349376678383,1,0
949,0,0.365862218815538,1,1,-0.324940416052725,1,0
950,0,0.171275492236938,1,1,-0.537256973744641,1,0
951,0,0.245950649861961,2,1,-0.820238048630427,1,0
952,0,1.33002185458341,1,0,-1.47653862290039,0,0
953,0,2.46553844180072,2,1,0.112362059599688,1,1
954,0,0.934938745588199,1,0,1.43050356582747,0,1
955,0,0.121862714489301,0,1,0.277424326700834,1,1
956,0,0.673251655120851,1,1,-0.305256471153454,1,0
957,0,0.126606627532991,1,0,-0.0952611989782039,0,0
958,0,2.73313275330181,2,1,-1.37105385409846,1,0
959,0,0.0689032362102637,2,1,1.52143763330131,1,1
960,0,0.188097552812248,1,0,-0.551542962453958,0,0
961,0,2.27437038368795,1,0,-0.726746296905273,0,0
962,0,0.285558984920727,2,0,-0.453273082222073,0,0
963,0,2.43687916177647,2,1,1.06396969026609,1,1
964,0,0.0214075703446625,2,0,1.16594027161636,0,1
965,0,1.4512317826581,2,1,0.163235520632646,1,1
966,0,1.21103942700633,0,0,1.22603945249624,0,1
967,0,0.287712977593386,1,1,0.409820196966373,1,1
968,0,0.0187326073844598,0,1,-0.183228885532845,1,0
969,0,0.0656629686481035,2,0,1.01667873902856,0,1
970,0,0.176891299733368,1,0,-1.35644688733065,0,0
971,0,1.03326733620311,2,1,0.133085707798811,1,1
972,0,1.63075008131811,2,0,1.70174825958408,0,1
973,0,4.73955169447569,2,0,-0.742098060169028,0,0
974,0,0.40883109463164,2,0,0.20594663589941,0,1
975,0,0.922643852730592,0,1,-0.054679730985686,1,0
976,0,1.09622898410754,1,1,0.431409115353832,1,1
977,0,3.57769084237073,2,1,-0.28461127671463,1,0
978,0,0.28881980284028,2,0,0.628689219389773,0,1
979,0,0.94132105270215,1,0,-0.798226424189423,0,0
980,0,0.753959897846912,1,0,-0.237402927176821,0,0
981,0,0.485064750525765,2,0,0.465574073225878,0,1
982,0,0.423024724686057,1,0,-0.62068290652557,0,0
983,0,1.32542219628508,1,1,-0.813252784811081,1,0
984,0,0.605966215273849,1,1,1.30947866792695,1,1
985,0,1.32760434176946,1,0,0.344665879105991,0,1
986,0,0.515487920721492,1,1,-0.188712790961064,1,0
987,0,0.641496265616159,2,0,0.131038623193001,0,1
988,0,0.419180156875181,2,1,1.78022890857141,1,1
989,0,0.425119976303979,1,0,-1.31321111712123,0,0
990,0,1.2159599458378,2,0,0.16732076004624,0,1
991,0,0.110202888632872,1,1,-0.281128029879746,1,0
992,0,2.00765208080086,2,1,-0.113757724191892,1,0
993,0,1.10267154466627,1,0,1.21610241790835,0,1
994,0,1.20200933485178,1,0,-0.336423485390853,0,0
995,0,2.42797012764665,2,0,-0.435397456588123,0,0
996,0,1.54442651600652,2,1,0.397841001519194,1,1
997,0,0.0595124402578063,1,0,-1.32233056526916,0,0
998,0,2.60385604106565,1,0,-1.51032823964431,0,0
999,0,0.31718480835735,1,0,0.796840459887492,0,1
1000,0,2.48458023913874,1,1,2.17142078689094,1,1
1001,0,3.8646690795819,0,0,-2.01117613640506,0,0
1002,0,2.23848311744576,1,0,-0.314106066520718,0,0
1003,0,1.13189584904169,2,1,-0.664556641409737,1,0
1004,0,0.207076132168362,1,1,-0.906001618195693,1,0
1005,0,1.06573629181341,1,1,-0.552684187113166,1,0
1006,0,0.917442361902547,2,0,0.388638622267867,0,1
1007,0,1.30908432727059,0,0,-0.533069608627757,0,0
1008,0,0.52216244043656,0,0,-0.638265471780603,0,0
1009,0,1.60167168702733,2,0,0.82059778919333,0,1
1010,0,0.985571975456856,1,1,0.574168806083065,1,1
1011,0,0.782576839714351,1,0,-2.59674989809188,0,0
1012,0,0.0868463336191629,1,1,0.879188784240939,1,1
1013,0,0.22975513944737,1,0,-2.74023107950863,0,0
1014,0,2.44357672164893,1,1,0.0363177845672637,1,1
1015,0,0.0556342954661615,1,0,1.07315590553777,0,1
1016,0,1.04098686693464,1,1,-0.540540363789925,1,0
1017,0,0.0179149291933411,2,0,-0.000938538414152455,0,0
1018,0,0.156521946191788,0,1,-1.18397747854059,1,0
1019,0,2.84996817522126,1,0,-1.07053472065088,0,0
1020,0,0.9993453560853,2,0,-0.11344841363079,0,0
1021,0,1.40274485487007,2,0,0.924112959179434,0,1
1022,0,0.581145857049145,1,1,0.666259987284203,1,1
1023,0,4.72338104039673,2,1,0.539016363215309,1,1
1024,0,0.446140361328594,2,1,2.60046708096419,1,1
1025,0,0.762723690231698,1,0,-2.23443981863237,0,0
1026,0,1.65266100111707,0,1,0.50387005971415,1,1
1027,0,0.631189204908298,1,0,-3.05791536294779,0,0
1028,0,0.0812779188790208,1,0,0.0385621683548153,0,1
1029,0,2.89043339180966,1,1,0.539510536743614,1,1
1030,0,2.02746114196209,1,1,-0.119146785000118,1,0
1031,0,0.368976917329358,2,0,-0.147776764803784,0,0
1032,0,0.822670507792889,1,1,-1.5027634294304,1,0
1033,0,1.61173350217587,1,1,0.536277443486066,1,1
1034,0,0.00270526939966206,1,0,1.42439985486968,0,1
1035,0,1.29757153986582,2,0,1.21578186047583,0,1
1036,0,1.46777536344951,2,1,-0.559640832601418,1,0
1037,0,3.13184737662806,1,1,-0.584119915457759,1,0
1038,0,0.128299969842234,1,1,-0.281886364206433,1,0
1039,0,0.253013908092017,1,1,-1.6955808290434,1,0
1040,0,0.0589217183490594,0,1,-0.543447057386888,1,0
1041,0,1.03781496014176,1,0,-0.670924970883428,0,0
1042,0,0.487133411531098,1,0,-0.354411340647733,0,0
1043,0,0.699058570003003,1,1,-0.934501984415669,1,0
1044,0,1.80557278951004,2,1,-0.67717482864281,1,0
1045,0,0.0560162696915388,2,1,-1.26517296407733,1,0
1046,0,0.48992898138595,1,1,-0.183385909707655,1,0
1047,0,0.241739615152492,2,0,0.0323711347483485,0,1
1048,0,2.20202857199177,2,0,0.368781101476283,0,1
1049,0,0.395288735324411,1,1,1.07404614585502,1,1
1050,0,0.714112139229889,1,1,-0.106330002700625,1,0
1051,0,0.226022943423151,1,1,0.314744307405397,1,1
1052,0,0.996133008283843,1,1,-1.3942488927437,1,0
1053,0,0.261132715153286,2,1,0.912988469343814,1,1
1054,0,0.0189245737656897,0,0,-1.77279784490891,0,0
1055,0,0.200309848834764,1,1,-0.767421502638512,1,0
1056,0,0.253172164972032,1,0,-0.291924222315946,0,0
1057,0,1.53776944925388,0,0,-1.89418396859068,0,0
1058,0,0.23076640532028,2,0,0.213004455997459,0,1
1059,0,0.0134211564850336,1,1,-0.336679903650679,1,0
1060,0,0.19605164532793,2,1,1.44259263136063,1,1
1061,0,1.63071320847375,1,1,-1.83166136005747,1,0
1062,0,1.06153346090419,1,0,0.0367690114634962,0,1
1063,0,1.55210984482248,2,1,-0.339141894785189,1,0
1064,0,0.53759480757722,1,0,-1.98918669420402,0,0
1065,0,0.468154475254409,1,1,0.164101857803884,1,1
1066,0,0.45703705761065,2,0,-0.0816997038263299,0,0
1067,0,0.547155144035187,1,1,-0.731343885624854,1,0
1068,0,0.126990458980442,1,0,0.247178097953593,0,1
1069,0,0.336822118949565,1,0,1.95736085840082,0,1
1070,0,0.154165955027035,0,1,-0.0518448410282128,1,0
1071,0,0.207460084014946,2,0,1.08361886456777,0,1
1072,0,0.900425246951665,1,0,-1.14650453344382,0,0
1073,0,3.1847321519361,2,0,-0.896253274412363,0,0
1074,0,6,0,0,-0.261134282761085,0,0
1075,0,0.474624346079714,1,1,-0.311590369097252,1,0
1076,0,0.127299015277444,1,0,-0.912140495537033,0,0
1077,0,1.89249241011415,2,0,-0.0373874260877808,0,0
1078,0,2.96066390203972,1,1,0.660123732260016,1,1
1079,0,0.0733679894064942,1,1,-2.30110640171168,1,0
1080,0,0.258591928530745,2,0,1.5869053125639,0,1
1081,0,0.0475292820425579,1,1,-0.488038538424667,1,0
1082,0,0.464521346318325,2,0,0.83694176284032,0,1
1083,0,1.60668245118018,2,1,0.32483095562079,1,1
1084,0,0.255804909872283,1,0,-0.944764914531333,0,0
1085,0,0.0193310274293992,1,0,-0.847104199093551,0,0
1086,0,0.210160951748572,1,1,1.30069742355687,1,1
1087,0,0.101523760648555,2,1,0.109551308172673,1,1
1088,0,0.212324108088759,0,0,-0.44287347864429,0,0
1089,0,0.206134517773637,1,0,0.529901451516843,0,1
1090,0,0.259559685184627,1,1,0.048016988798394,1,1
1091,0,0.24120700545609,0,0,1.05819110992884,0,1
1092,0,0.333412319691204,2,0,0.248636879904916,0,1
1093,0,0.464266884178893,1,0,-0.383921339962683,0,0
1094,0,0.527573737639985,1,0,0.0249493437962029,0,1
1095,0,0.678581398409965,2,0,-0.873235196996246,0,0
1096,0,1.68179079285219,2,0,-0.139518856622715,0,0
1097,0,1.06314890397092,0,1,0.500662600304435,1,1
1098,0,0.738409245110482,1,1,0.986708975398213,1,1
1099,0,1.02269842393818,1,0,-0.656915220048715,0,0
1100,0,0.164619253108503,1,0,-0.999026607157211,0,0
1101,0,2.43514262795839,1,0,0.280190786928974,0,1
1102,0,0.284241445819607,1,1,-1.24424660534073,1,0
1103,0,1.74906308458656,1,0,0.0143954112592561,0,1
1104,0,0.291874416700552,1,0,-2.07121208910125,0,0
1105,0,0.662563984968185,2,0,0.496938059142228,0,1
1106,0,0.632849160990805,1,1,0.290637679433134,1,1
1107,0,0.474396788928254,1,1,0.85022273021724,1,1
1108,0,1.94006488997768,1,1,0.787103705798758,1,1
1109,0,1.37393736255903,2,0,0.320576419939044,0,1
1110,0,0.305266116043721,1,0,-0.336655849354753,0,0
1111,0,3.32637495912611,0,0,0.10464887260223,0,1
1112,0,0.110225636970336,1,1,-0.0873320750947667,1,0
1113,0,0.0335040349665168,2,0,-0.066137194069312,0,0
1114,0,0.318632113967315,1,1,-0.288662010463307,1,0
1115,0,0.362427791563331,1,0,-0.911328999076716,0,0
1116,0,0.420013605784345,1,0,-2.08288446126288,0,0
1117,0,1.68987224379947,2,1,0.629066568643066,1,1
1118,0,0.163215736311036,0,1,0.0629733935834209,1,1
1119,0,0.729612049726296,1,0,1.23555434588081,0,1
1120,0,0.0786333901314076,2,1,1.38325027539346,1,1
1121,0,0.753044920685574,1,1,-0.199936685531508,1,0
1122,0,0.438726500904606,1,0,-1.4897993147294,0,0
1123,0,1.98126862136026,0,0,-1.96309036221751,0,0
1124,0,0.46616462378768,2,1,1.17202174112604,1,1
1125,0,0.594598366137703,2,1,1.50946868120247,1,1
1126,0,1.42589901378531,1,0,-2.03967670765088,0,0
1127,0,0.607326317026878,1,0,-0.737470826009648,0,0
1128,0,0.0278481766504006,2,0,0.120926643368674,0,1
1129,0,0.269770553706757,1,1,0.096656104385444,1,1
1130,0,0.884982346371421,2,1,0.620277588107888,1,1
1131,0,0.969392363001681,0,0,1.026308689165,0,1
1132,0,1.88254983536332,2,0,0.5725028784451,0,1
1133,0,0.467957515008513,1,0,0.204673753054594,0,1
1134,0,0.263338158582325,1,1,-1.37706275810626,1,0
1135,0,0.716848324386265,1,1,-0.244198531195022,1,0
1136,0,0.11464161580868,2,1,-0.252099043022332,1,0
1137,0,0.138532468913928,2,0,-0.0117631363078932,0,0
1138,0,0.441907445561212,1,0,0.254407516005916,0,1
1139,0,2.12939415747921,0,0,1.21980542662426,0,1
1140,0,4.56519842670934,2,0,-0.601827140604412,0,0
1141,0,2.55535076404189,1,1,-0.221303422388716,1,0
1142,0,0.232307112530654,2,1,0.612281911816274,1,1
1143,0,0.411398021370965,0,0,-0.537231665546233,0,0
1144,0,0.343850738305948,1,1,-0.0488787875080708,1,0
1145,0,0.514516538629929,0,1,0.330583450105933,1,1
1146,0,0.753226948431601,1,1,-0.989583014860082,1,0
1147,0,1.88197384075366,1,0,0.515203279381186,0,1
1148,0,0.428403125180564,1,0,-0.0766429495548392,0,0
1149,0,0.186810740525131,1,0,0.556060469128922,0,1
1150,0,0.544206221351745,2,0,-0.475899197152862,0,0
1151,0,2.54639501314318,0,0,0.0752969814647733,0,1
1152,0,2.06412806796531,0,1,-0.394219560862383,1,0
1153,0,0.337715578023068,1,0,-0.426100952602159,0,0
1154,0,1.48370479854445,0,0,-0.398361417893492,0,0
1155,0,0.107044365003834,2,1,0.957741531330465,1,1
1156,0,0.664462757607301,0,0,0.182252188329096,0,1
1157,0,1.45323183928448,2,0,0.125150063551904,0,1
1158,0,0.613854118885797,1,0,-1.25501601398305,0,0
1159,0,0.148520596946279,0,1,-0.402326433057074,1,0
1160,0,0.367668140984431,1,0,-1.26777022784547,0,0
1161,0,0.10084711844239,1,0,-0.589814418389293,0,0
1162,0,0.1670231924155,1,1,-0.0123474760187118,1,0
1163,0,0.0148511491715908,0,0,0.773193702759621,0,1
1164,0,0.567401273541325,2,0,1.29592644484981,0,1
1165,0,0.0693991329271307,1,0,-0.117214121957875,0,0
1166,0,0.315907344589983,1,1,0.112754625272777,1,1
1167,0,0.362200057269487,1,1,-0.1551004119262,1,0
1168,0,3.65159255389695,2,1,-0.983477365815944,1,0
1169,0,0.20306319152313,1,1,-0.952904408232017,1,0
1170,0,0.205273838734529,1,0,-0.311814186617424,0,0
1171,0,0.836845152053459,1,1,0.559308118178181,1,1
1172,0,2.12630695063024,2,0,-0.405570459261498,0,0
1173,0,0.049372974888694,1,0,-1.48341367628583,0,0
1174,0,0.397509142942932,1,1,-2.33348360407111,1,0
1175,0,0.48341686414126,0,1,0.334737343376187,1,1
1176,0,0.391490476824518,2,0,-0.49223025919796,0,0
1177,0,0.96242254930997,1,1,0.117484994416299,1,1
1178,0,0.800536144818426,1,0,1.5038025007407,0,1
1179,0,0.180303362004254,2,1,0.427268323741223,1,1
1180,0,0.479276692302962,1,1,-1.49401033269553,1,0
1181,0,1.25106962405593,1,0,0.88940671123004,0,1
1182,0,0.409346646838688,1,1,-0.480153976352384,1,0
1183,0,0.395064561429787,1,1,-0.579957038832769,1,0
1184,0,0.161860318225554,1,0,-1.59839112990312,0,0
1185,0,3.05466749370095,1,0,-0.588798848553596,0,0
1186,0,0.798194092655285,1,0,-0.215685713680442,0,0
1187,0,0.123431347571801,1,0,0.605274255670743,0,1
1188,0,1.0679807480512,1,1,-0.136565184047131,1,0
1189,0,5.13528812772155,2,0,0.131368634325958,0,1
1190,0,1.75417783349128,1,0,-1.81029581409808,0,0
1191,0,0.1067962256655,1,0,-0.323984812600068,0,0
1192,0,0.293194570062056,2,0,1.1790942880529,0,1
1193,0,1.5318320924756,2,0,0.219464386671443,0,1
1194,0,0.191054779546829,2,0,1.72030315341921,0,1
1195,0,0.605366387040403,1,0,-1.56094278335397,0,0
1196,0,0.448682103306055,0,0,1.37908176444005,0,1
1197,0,0.0431904491786907,1,1,-1.50107119200949,1,0
1198,0,1.27372108494309,0,0,-0.0594902261505612,0,0
1199,0,0.00565286909572944,2,1,1.28729784273375,1,1
1200,0,4.47760872761573,1,0,0.26933992896341,0,1
1201,0,1.22435907359407,1,0,-0.875753416213143,0,0
1202,0,0.0946475201219193,1,1,-0.934039272547577,1,0
1203,0,0.567512357198662,2,1,2.66738752145503,1,1
1204,0,2.1307082064246,2,0,-0.130811456158438,0,0
1205,0,0.323440333700086,1,1,-1.8412696446963,1,0
1206,0,1.09781641463304,2,1,0.95632762822108,1,1
1207,0,0.0924918106706895,1,1,-1.43739678114951,1,0
1208,0,0.981875505939965,2,1,-1.32899092014196,1,0
1209,0,0.610708209130045,2,1,0.981128441184045,1,1
1210,0,1.1876987960396,1,0,0.950396810140727,0,1
1211,0,1.7818593803416,1,1,-2.31720049508427,1,0
1212,0,1.31279586311058,1,0,-1.27250910550956,0,0
1213,0,0.990411293032499,1,0,-0.938599819386357,0,0
1214,0,0.826531051512984,1,1,-0.272729586557349,1,0
1215,0,0.302103061176587,1,1,-0.20271117435256,1,0
1216,0,0.0135290646265195,2,1,1.32901094695664,1,1
1217,0,0.164555232884269,1,0,0.131145589132732,0,1
1218,0,0.704394686683376,0,0,-1.4013949940897,0,0
1219,0,0.997600905217634,1,0,0.413943925200447,0,1
1220,0,1.12930748542628,1,1,-2.84814134832496,1,0
1221,0,0.0972760752396558,1,1,-1.03933656321379,1,0
1222,0,1.56339172752076,2,1,0.20291735552653,1,1
1223,0,0.763800371012593,2,0,0.856623223688861,0,1
1224,0,4.04035858821288,2,0,-0.413915932078557,0,0
1225,0,0.497564134618917,1,1,-0.925617005768459,1,0
1226,0,0.418544136729091,1,0,-2.50530521975697,0,0
1227,0,0.0824852682974993,1,1,0.553186193638921,1,1
1228,0,0.636806187635807,1,0,-2.06305308392246,0,0
1229,0,0.367058878958701,1,0,-0.297575393405315,0,0
1230,0,0.384289689944517,2,0,0.108542444154525,0,1
1231,0,1.10008641991612,1,0,-0.489934972210748,0,0
1232,0,1.37523952304727,2,0,-0.503911592522712,0,0
1233,0,0.567880814285391,1,0,1.26425191316638,0,1
1234,0,0.546636367153051,2,1,0.813575210944391,1,1
1235,0,0.425233347318323,2,0,1.5334133511143,0,1
1236,0,0.17214212680859,2,1,0.982238734944022,1,1
1237,0,0.512057317860594,1,0,-0.946992574159563,0,0
1238,0,0.645260216760303,2,0,0.732406098883853,0,1
1239,0,0.624639047309756,0,0,-0.256209648904147,0,0
1240,0,2.5182399816392,1,0,-1.00988946568471,0,0
1241,0,0.148603576880417,2,0,-1.10771324739417,0,0
1242,0,0.431550259900389,1,1,-0.00198726470815218,1,0
1243,0,0.498400647193193,0,1,1.82352906462004,1,1
1244,0,0.726154638016506,1,1,1.69424647168343,1,1
1245,0,0.159192584775043,1,0,-0.776271394939775,0,0
1246,0,0.423204479906065,1,1,-0.275183494976196,1,0
1247,0,0.871088679504338,1,0,-0.889601156399222,0,0
1248,0,0.386304674775512,1,0,-0.177570647737313,0,0
1249,0,0.536547878117754,2,1,2.59466965661792,1,1
1250,0,0.516395034755752,1,1,-0.753229949664542,1,0
1251,0,0.0133617288906299,2,0,1.5355185951259,0,1
1252,0,1.58566900872098,1,1,1.02819861333978,1,1
1253,0,0.474320062932623,2,0,0.543500938591143,0,1
1254,0,0.159463324383342,2,1,-0.191965882692779,1,0
1255,0,0.590081270867183,1,0,-0.911455287899107,0,0
1256,0,1.1814025011825,1,1,-0.000312828403662364,1,0
1257,0,0.803066339798483,1,1,0.240862874351008,1,1
1258,0,0.815501703053957,1,1,-0.287144377061854,1,0
1259,0,0.832698821691219,0,0,0.945294838438723,0,1
1260,0,0.10508878211342,1,1,-0.458094419393794,1,0
1261,0,1.0239613118271,0,0,1.2827882401564,0,1
1262,0,0.147971191748465,1,0,-2.73503488570479,0,0
1263,0,1.26717779390499,2,1,0.337877890672733,1,1
1264,0,0.399602013780006,2,1,1.0927714560682,1,1
1265,0,0.232802234797175,1,0,-1.35892438681311,0,0
1266,0,0.0543604225085562,1,1,-0.788675473563415,1,0
1267,0,0.11238743306733,1,0,-0.49768253384142,0,0
1268,0,0.305947005347343,2,0,0.550925743704762,0,1
1269,0,1.86191057805449,2,0,1.3144878007892,0,1
1270,0,0.299848959346121,1,0,-0.00592314992217774,0,0
1271,0,2.54427777186245,1,0,0.488367635328932,0,1
1272,0,0.533194230546255,1,1,0.124621846262177,1,1
1273,0,0.699330283093387,2,1,1.46529407673975,1,1
1274,0,0.244022980332375,0,1,-1.3486090697384,1,0
1275,0,0.19536164889238,1,1,-1.77285541868645,1,0
1276,0,0.0646286691284771,0,0,-1.7583902492389,0,0
1277,0,0.211529680810599,1,0,-0.889014436227218,0,0
1278,0,0.556188468562639,1,0,-0.7434818377486,0,0
1279,0,0.0708433415946542,2,1,1.72068541241727,1,1
1280,0,2.16647995770222,2,0,-0.689365614685947,0,0
1281,0,3.25060526374998,1,1,0.951031262543684,1,1
1282,0,0.904459294652087,1,0,0.325912408546067,0,1
1283,0,0.590661822518039,1,1,0.0246246395374321,1,1
1284,0,0.375253122926198,1,0,-1.03017326557278,0,0
1285,0,0.405482231158685,2,0,0.826974918182589,0,1
1286,0,0.247378703439312,2,0,1.81712442363988,0,1
1287,0,0.340964548910658,0,0,-1.18167552976877,0,0
1288,0,1.44865687948981,2,1,0.204656814527054,1,1
1289,0,0.554130714342833,2,1,0.268766973863343,1,1
1290,0,0.389103561798584,2,1,2.00783876288812,1,1
1291,0,9.67644155025482e-06,0,0,-1.11165809392595,0,0
1292,0,1.91160092217167,2,0,-0.0126435621751229,0,0
1293,0,1.47271597894406,1,0,-0.489882879834695,0,0
1294,0,0.127618711993162,1,0,-1.04230761832364,0,0
1295,0,0.12396075790814,1,1,-1.92310576282113,1,0
1296,0,0.393119483499297,1,1,0.013321767378137,1,1
1297,0,0.691485681044604,0,0,1.41794363250826,0,1
1298,0,0.144090590424429,1,1,-0.681431032932528,1,0
1299,0,0.0448404214819827,0,0,-1.04774663992198,0,0
1300,0,0.209921613454254,2,1,0.424167236135867,1,1
1301,0,1.60887201182879,2,0,-0.089547809701688,0,0
1302,0,0.24869228926303,0,0,0.0413394922186016,0,1
1303,0,2.17753017374469,1,0,1.1757081014353,0,1
1304,0,0.471677873621301,1,1,-2.08344676836251,1,0
1305,0,0.00976310482873724,0,1,-0.669363060284643,1,0
1306,0,0.754025041463072,1,1,-1.74909890300347,1,0
1307,0,0.61257961516579,0,1,-0.750873178209302,1,0
1308,0,2.0097276527442,2,1,0.498738618732118,1,1
1309,0,0.919315297079856,0,1,0.712832110718956,1,1
1310,0,0.7623932727923,0,1,0.916766201323692,1,1
1311,0,0.731944384128295,1,0,-0.176950513283986,0,0
1312,0,0.312185053488537,1,1,-0.299927584325107,1,0
1313,0,0.132080042510055,1,1,0.286537920000718,1,1
1314,0,0.607816196187268,0,1,-1.75302276367667,1,0
1315,0,0.192676461190432,1,1,-1.72907096018116,1,0
1316,0,4.00547256510566,1,0,-1.33244436106238,0,0
1317,0,0.204247777764176,1,1,0.546121687201001,1,1
1318,0,0.0738496815124225,1,1,-2.43567370580482,1,0
1319,0,0.120265711499256,1,0,-1.3675039366116,0,0
1320,0,0.312198095558299,1,1,-0.0476788650792142,1,0
1321,0,0.636639001340746,2,0,0.377564086666392,0,1
1322,0,0.976432165031876,1,1,-0.37929833973617,1,0
1323,0,0.340947441263425,2,1,0.636866547956995,1,1
1324,0,0.547200383653631,2,1,-0.81290023776201,1,0
1325,0,0.22124219189574,1,1,-1.00928391816269,1,0
1326,0,1.69553560607188,1,1,-1.05224780193799,1,0
1327,0,0.433806842193007,0,0,-0.289463650867114,0,0
1328,0,0.193649170299371,0,0,-1.76060531949012,0,0
1329,0,0.435322742594788,1,1,-1.29070049057928,1,0
1330,0,0.00138726745784086,2,1,1.22951829439179,1,1
1331,0,0.163285651969373,1,1,-2.03148846809039,1,0
1332,0,2.70933571186668,2,0,-0.437892498972655,0,0
1333,0,0.584171329910048,1,1,0.548561830506541,1,1
1334,0,3.27369116867582,0,1,0.880988117750746,1,1
1335,0,0.283181514077474,2,0,1.55668264784117,0,1
1336,0,0.985231018679617,1,0,0.218951542122495,0,1
1337,0,0.502024714225174,1,1,0.243749367838317,1,1
1338,0,0.255222676039367,1,0,0.518467550617375,0,1
1339,0,0.0974435290869491,1,0,0.0423945431532121,0,1
1340,0,4.33605152492722,0,0,-2.19535424286776,0,0
1341,0,0.853339576914833,2,1,0.0930914372144075,1,1
1342,0,0.205632990155759,1,0,0.458463059138343,0,1
1343,0,1.84998400875799,2,0,1.11121468922463,0,1
1344,0,0.664045538083643,0,1,-0.242184368299465,1,0
1345,0,0.391925829170854,2,1,0.117481614032975,1,1
1346,0,0.796650996045632,2,1,1.61011689336523,1,1
1347,0,0.0458923746140594,0,1,0.941056255969258,1,1
1348,0,1.87198028589288,0,0,-0.364219644841923,0,0
1349,0,0.158242080214589,2,1,0.539939192875185,1,1
1350,0,0.048899852819303,2,0,1.67311327158909,0,1
1351,0,0.224342077432103,1,1,-0.577731228752073,1,0
1352,0,0.452126745840205,2,1,2.26936658605603,1,1
1353,0,1.03123028345784,1,0,1.21654711883172,0,1
1354,0,0.0484703201800585,0,0,-1.43398551135164,0,0
1355,0,0.106603425962055,1,0,-1.97675407141436,0,0
1356,0,0.401939621224814,2,0,1.39151135681177,0,1
1357,0,0.365873144799128,2,0,1.52748378991602,0,1
1358,0,0.059004233368182,1,0,-1.02239588848001,0,0
1359,0,1.79692051451975,1,0,-0.272276996561503,0,0
1360,0,0.051788089404462,1,1,0.813557301452164,1,1
1361,0,0.370010395795854,1,1,-0.230164951826666,1,0
1362,0,0.366337207944256,2,0,-0.454663105302842,0,0
1363,0,0.465903040252212,1,1,-0.514170943245283,1,0
1364,0,0.241455513309968,1,1,-0.966723288135074,1,0
1365,0,0.170317680848744,1,1,-0.441783085350854,1,0
1366,0,0.957411716756258,1,1,0.356763008570374,1,1
1367,0,0.398866642871261,1,0,-0.297823942010361,0,0
1368,0,0.0692271962920091,1,0,1.27437774417634,0,1
1369,0,0.292368649089397,1,0,-1.38976778359269,0,0
1370,0,0.603015648808707,1,1,-0.451890148756893,1,0
1371,0,0.673433114711949,1,0,-1.61899544996895,0,0
1372,0,0.737597290426493,0,1,0.988266503628713,1,1
1373,0,0.103450022951101,2,1,2.19419166936496,1,1
1374,0,0.317263284745568,1,1,0.480104144078515,1,1
1375,0,0.363462356229623,0,1,1.39650188977926,1,1
1376,0,1.62114507382941,1,1,-0.884847526005377,1,0
1377,0,1.26716966610053,1,0,-0.454390428158607,0,0
1378,0,1.1596272730579,0,0,0.574073907268105,0,1
1379,0,3.8781838821971,1,0,-0.772987574977582,0,0
1380,0,1.42789545779427,0,0,0.25473029190022,0,1
1381,0,0.607817977868354,2,0,1.70124322345647,0,1
1382,0,1.31887039061948,1,1,-0.169836338111404,1,0
1383,0,0.568781407754198,2,0,0.19417403240201,0,1
1384,0,0.00171157250047637,1,1,-1.77421411861305,1,0
1385,0,0.880650868656694,1,0,-0.408581189331849,0,0
1386,0,1.98590369165871,2,0,-0.356876818621778,0,0
1387,0,0.881748379518588,0,0,0.0956187646462169,0,1
1388,0,2.75787608690906,2,0,1.14316122849115,0,1
1389,0,0.0287679536519871,1,1,-1.75631537134236,1,0
1390,0,0.405184977992275,1,1,-1.92717328635139,1,0
1391,0,0.709025155983902,0,1,-0.617515497838339,1,0
1392,0,0.263809793218653,0,1,0.22614252048069,1,1
1393,0,0.689068735480623,1,0,-0.81265079519888,0,0
1394,0,0.158809095619033,1,1,-0.92282839941186,1,0
1395,0,1.91813578181447,1,1,-0.420058916207183,1,0
1396,0,0.879845637351414,2,0,-0.0426259127965971,0,0
1397,0,0.949132967802766,1,0,0.280290034226837,0,1
1398,0,0.0651046306321738,2,0,1.04664590724029,0,1
1399,0,3.15783224258925,1,1,0.179275695143653,1,1
1400,0,0.750898411893339,2,0,-0.784573000718701,0,0
1401,0,2.536536011556,2,0,0.851797895747653,0,1
1402,0,0.2905486382597,1,1,-0.700418556402724,1,0
1403,0,2.0715320675418,2,0,1.19596500826083,0,1
1404,0,3.98353858892599,2,1,0.389001865527069,1,1
1405,0,0.902809540281313,1,1,-1.21376891520283,1,0
1406,0,1.19150965369082,1,1,1.22669455009509,1,1
1407,0,1.15725434328167,2,1,-1.34888389045852,1,0
1408,0,0.263704769869066,1,0,0.16645143947227,0,1
1409,0,5.72490661557101,2,0,-0.741499620758656,0,0
1410,0,0.634142429062575,2,1,0.914891845028565,1,1
1411,0,0.65323142495332,1,0,0.356183618143121,0,1
1412,0,1.7332830606913,0,0,0.0779785898739627,0,1
1413,0,0.487589312314748,2,1,1.37278791564952,1,1
1414,0,1.15572259762795,2,0,-0.215262130142455,0,0
1415,0,2.13885658356399,2,0,0.957730870060312,0,1
1416,0,0.0957060189317124,0,0,-1.0354404667244,0,0
1417,0,0.0374107243459152,1,1,0.24909465250325,1,1
1418,0,0.27067974585373,0,0,-0.370672504616291,0,0
1419,0,0.0441805532953959,1,1,-2.52558256097222,1,0
1420,0,0.997972350787235,1,0,-0.476132000161638,0,0
1421,0,1.22175353915998,0,1,-0.0215897280266545,1,0
1422,0,0.132288050562131,1,1,-1.73061583753205,1,0
1423,0,2.94588743088146,0,1,-1.84829673384239,1,0
1424,0,1.17934909005317,1,0,-1.30261593226664,0,0
1425,0,0.168188905893799,1,1,-0.455930521773144,1,0
1426,0,0.783119616551815,1,1,-0.904135619927764,1,0
1427,0,1.04220812979452,1,0,2.03853231465858,0,1
1428,0,0.0881069588968004,1,0,-0.485636853373675,0,0
1429,0,1.01773292430056,2,1,0.105058009286743,1,1
1430,0,1.47261960058902,1,1,-0.699223579214104,1,0
1431,0,0.276459351258413,2,0,2.24851300461808,0,1
1432,0,0.086937713677597,1,0,0.344586789311602,0,1
1433,0,0.177206347386042,0,0,1.31634995044626,0,1
1434,0,1.7179812407619,2,0,0.318850712110645,0,1
1435,0,0.825149394768937,2,1,-0.487433551807452,1,0
1436,0,2.30726993857159,1,1,1.10731691079196,1,1
1437,0,2.44630751714609,2,0,-1.78063516348153,0,0
1438,0,0.0183595639793413,2,1,-1.31637689090066,1,0
1439,0,4.03767858008456,2,1,-1.16589253656901,1,0
1440,0,2.09027237005603,0,0,-0.484781928262475,0,0
1441,0,0.044322443452293,2,1,0.085543867902097,1,1
1442,0,0.910318472112219,0,0,-0.20200119764779,0,0
1443,0,0.0216623990515736,1,1,-0.177790264009392,1,0
1444,0,0.70345741611276,2,0,0.0687020542689601,0,1
1445,0,5.60777413791647,2,0,-0.506951654234147,0,0
1446,0,1.52903870986569,1,1,-0.698281474303134,1,0
1447,0,0.337328247174795,2,1,0.0299287808159304,1,1
1448,0,0.451026130467653,0,0,0.956876935431278,0,1
1449,0,0.793395980233413,1,0,0.709158989750723,0,1
1450,0,0.0288783266009217,2,0,1.60232058257766,0,1
1451,0,0.079155574912257,0,0,0.206079630009022,0,1
1452,0,0.30845676548779,0,1,0.143277668057988,1,1
1453,0,0.652115712167922,1,1,-0.874315416926389,1,0
1454,0,0.0862482332821827,1,1,0.280919146541499,1,1
1455,0,0.880051782492957,2,1,-0.0306619542490015,1,0
1456,0,0.588068603338767,1,1,0.853906363306725,1,1
1457,0,0.319594678420341,2,0,-0.54535015176339,0,0
1458,0,1.41193489063093,1,1,1.55099019179847,1,1
1459,0,0.605483986679042,2,1,1.11059626893115,1,1
1460,0,0.229742993587468,1,1,0.440860279941721,1,1
1461,0,0.00553993508219719,0,1,-0.580510524381662,1,0
1462,0,0.654441495268168,2,1,0.827954089731157,1,1
1463,0,0.00860414351241825,1,1,0.242340295541072,1,1
1464,0,0.188787994523764,1,1,-2.62431154176718,1,0
1465,0,1.34916460003433,2,0,1.04019977837213,0,1
1466,0,0.582448983853706,2,0,-0.458614525240458,0,0
1467,0,6,0,0,-0.821093821595439,0,0
1468,0,0.110105467507888,0,0,0.202312737396655,0,1
1469,0,2.51318106083137,2,0,1.21640215622568,0,1
1470,0,0.491935598883892,1,1,-1.42022538697713,1,0
1471,0,1.01920051810935,1,1,-0.902635679928673,1,0
1472,0,3.58609606183668,2,0,-0.260939551318341,0,0
1473,0,0.0152128637114427,1,0,-0.0144937101650126,0,0
1474,0,0.016698617351712,2,0,1.77352767040892,0,1
1475,0,0.0643879770456117,1,0,1.21341591437183,0,1
1476,0,0.533566227501297,2,0,-0.312652936008892,0,0
1477,0,0.635079879320585,1,0,-2.53427136105881,0,0
1478,0,0.706181162404843,2,0,0.735308565976976,0,1
1479,0,0.0649906319482753,1,1,-1.05136525304447,1,0
1480,0,0.127454031540078,1,1,1.61753803781538,1,1
1481,0,0.0706234628801947,2,0,0.733481313873143,0,1
1482,0,1.00874814803856,2,1,0.823243635945819,1,1
1483,0,2.02237637403111,0,0,0.499850882605076,0,1
1484,0,2.7620705072491,2,0,-0.305235757787037,0,0
1485,0,2.6812259348691,2,0,-0.438761398573601,0,0
1486,0,0.284729568847635,1,0,0.227964454150092,0,1
1487,0,0.514646076507333,2,1,-0.00909249443001774,1,0
1488,0,3.8953317143023,0,0,0.874499753304161,0,1
1489,0,0.631347581715787,1,0,-2.35977608966398,0,0
1490,0,0.841614442825099,2,0,-0.427602561684455,0,0
1491,0,1.1600544519547,2,1,0.101504810101406,1,1
1492,0,2.05941516285141,0,0,1.02185423841396,0,1
1493,0,3.13029447121721,1,1,1.14081801461411,1,1
1494,0,0.821462371458191,1,0,-0.0712462802300963,0,0
1495,0,0.653352831576049,1,0,-1.27143568114308,0,0
1496,0,1.26495333773516,2,0,0.807910330880723,0,1
1497,0,1.83032348701682,2,1,0.349049688993041,1,1
1498,0,6,0,0,-0.908912725739271,0,0
1499,0,1.11600652945216,1,0,1.96479639864203,0,1
1500,0,0.497138897849269,1,1,-2.48055335492256,1,0
1501,0,0.0952960902111247,1,1,1.72348832976102,1,1
1502,0,1.64981186798116,2,0,0.276433866648302,0,1
1503,0,0.13156750337533,1,1,-0.0836615308843543,1,0
1504,0,2.78183825624486,0,1,-0.5195997186668,1,0
1505,0,0.795147731697605,1,0,0.139423799318852,0,1
1506,0,0.777465170476216,1,0,0.718250523996046,0,1
1507,0,0.0760165846781482,1,1,-1.71239693986619,1,0
1508,0,0.981797117114666,2,1,1.52304749113354,1,1
1509,0,0.932323988318087,1,1,1.31927655873165,1,1
1510,0,0.420851772651076,0,0,0.442764923865593,0,1
1511,0,1.65093556605617,1,1,-0.78460473997683,1,0
1512,0,0.244869552435742,1,0,-0.321732092339484,0,0
1513,0,1.02487281447291,2,0,1.7622185933492,0,1
1514,0,1.65356933255628,1,0,-0.413058583704809,0,0
1515,0,0.0226564072189756,2,0,1.70962540092844,0,1
1516,0,1.48395167468356,1,0,1.33255176610006,0,1
1517,0,0.811836426795212,2,0,1.3043648838523,0,1
1518,0,0.417603354824861,1,1,1.05992982805034,1,1
1519,0,0.157268172712466,1,1,-0.259296731938671,1,0
1520,0,1.91321771765214,1,0,-1.0209751151176,0,0
1521,0,1.96226070305179,2,0,0.884276330560286,0,1
1522,0,3.13055905426188,1,0,0.302047978630279,0,1
1523,0,0.970905114131853,1,1,-0.215520516852313,1,0
1524,0,0.176198479169985,1,0,-0.172889964506834,0,0
1525,0,0.638844014984206,2,1,-0.225605206774226,1,0
1526,0,0.25532016692748,1,0,1.24259049599824,0,1
1527,0,0.0366219530062344,2,1,1.6218069628022,1,1
1528,0,1.40742380421567,2,0,0.462578656077886,0,1
1529,0,0.857554133981466,0,1,-0.519165247980101,1,0
1530,0,0.51675701295436,1,0,1.82507258709813,0,1
1531,0,0.0835173266629378,0,0,-2.01803760042094,0,0
1532,0,0.190608071872373,2,0,1.84766222956026,0,1
1533,0,0.694063293756372,1,1,0.295777858047425,1,1
1534,0,0.602260988950053,2,0,0.226291651956414,0,1
1535,0,2.11832396239952,1,0,-1.28024404245209,0,0
1536,0,1.46451301305269,2,0,2.38660333205018,0,1
1537,0,0.261144222070773,0,0,-1.29692750657922,0,0
1538,0,0.246463169410032,1,0,-0.737439264990517,0,0
1539,0,0.662620994011621,1,1,-0.15725569735405,1,0
1540,0,0.186714938584628,1,1,1.54039494428862,1,1
1541,0,1.08687784457672,2,0,1.07651464962248,0,1
1542,0,0.152224190259755,1,0,-0.295808460839746,0,0
1543,0,0.617380724057794,1,0,-1.74425112987712,0,0
1544,0,0.00903733385105928,0,0,-0.947017565385168,0,0
1545,0,0.696902622942464,1,1,0.112260786094985,1,1
1546,0,1.25218935094457,0,1,0.322147090102966,1,1
1547,0,1.71554630772416,1,0,-0.825608248216721,0,0
1548,0,0.837989830941717,2,1,0.204460750420651,1,1
1549,0,0.843149932728968,1,1,0.230356836292542,1,1
1550,0,0.395982538660367,0,0,-0.655264416565384,0,0
1551,0,0.632843916862551,1,1,1.60966532797468,1,1
1552,0,0.653012838580577,1,0,-1.18676178490933,0,0
1553,0,6,0,0,-0.305591641950688,0,0
1554,0,1.22390444184432,1,1,-1.29882030997881,1,0
1555,0,0.233112046809072,1,1,-0.636949309260209,1,0
1556,0,0.115702069937603,2,0,1.30840036453949,0,1
1557,0,0.0997674196704839,1,1,-0.421066404524155,1,0
1558,0,1.62157612953462,1,0,-1.1689280788797,0,0
1559,0,2.27968454360962,0,0,-1.12484003086865,0,0
1560,0,2.26141915793879,1,1,2.55068035888503,1,1
1561,0,0.743259045853907,2,0,-1.1268261440395,0,0
1562,0,0.1588893217579,1,1,1.38880763493885,1,1
1563,0,0.499342765195965,2,1,0.110316025640731,1,1
1564,0,0.258106548161094,1,0,-0.982443605808752,0,0
1565,0,2.4793424252829,2,1,-0.154367823617879,1,0
1566,0,0.0642308673347038,2,0,0.053163044081768,0,1
1567,0,0.0786440501385523,1,1,-0.979296810024741,1,0
1568,0,2.0080287624061,1,0,-1.53064138594679,0,0
1569,0,3.85159836010265,1,0,-0.14626276592373,0,0
1570,0,0.0634340132003796,0,0,0.614889781985251,0,1
1571,0,0.981223199405257,1,0,1.12498206959999,0,1
1572,0,0.267834255478891,2,1,1.30451908030691,1,1
1573,0,1.54111111942637,1,0,-1.10847604836227,0,0
1574,0,0.29248830248331,1,0,-0.186719540461515,0,0
1575,0,1.31246586950606,2,0,0.168924200477652,0,1
1576,0,0.00252609290294623,1,1,-1.19906813388334,1,0
1577,0,0.541227242264966,1,1,0.203057644212916,1,1
1578,0,0.710682657802659,1,1,-0.0641884133774673,1,0
1579,0,0.510549958311314,1,0,-0.355394413318704,0,0
1580,0,0.256548584821129,2,1,-0.885150755182782,1,0
1581,0,0.339772532257427,1,1,0.240626023709094,1,1
1582,0,0.321680967265904,1,0,0.798765021909128,0,1
1583,0,1.92711495932705,2,1,-0.596225959071119,1,0
1584,0,3.25307680654481,1,1,0.291287812076151,1,1
1585,0,6,0,0,-0.304693128648045,0,0
1586,0,0.87306477171958,2,1,-0.488350988310472,1,0
1587,0,0.0304971821606159,0,1,-1.30459614755385,1,0
1588,0,0.109903020784259,0,1,0.234943398546054,1,1
1589,0,0.210462109293179,1,1,-0.286208094373792,1,0
1590,0,0.860892050549973,2,1,0.70663692401314,1,1
1591,0,0.363676441118272,2,0,1.10475435121126,0,1
1592,0,1.01672643753342,2,1,0.944978474968422,1,1
1593,0,1.3766819487883,1,0,0.052704409532237,0,1
1594,0,1.33399284875675,1,0,0.463729554634733,0,1
1595,0,0.0254595198181871,1,0,-0.272586277325788,0,0
1596,0,1.16564143436752,2,0,2.86655314979936,0,1
1597,0,3.02168615513816,1,1,0.743678046289951,1,1
1598,0,2.21537549359103,0,1,-1.87688723155132,1,0
1599,0,1.93121058866382,0,0,-0.251292102943757,0,0
1600,0,0.231448580047595,1,0,-0.575460698546058,0,0
1601,0,1.23319438663587,2,0,0.422749478243102,0,1
1602,0,0.845415039771461,2,1,0.0683734072284349,1,1
1603,0,4.95959285051776,2,0,0.507636435498502,0,1
1604,0,0.981036283961688,1,1,1.33676723968647,1,1
1605,0,1.64449318178734,2,0,-0.0361977208499292,0,0
1606,0,2.40431789299731,2,0,-0.255925792692497,0,0
1607,0,2.81610611669952,1,1,0.014302834569235,1,1
1608,0,0.0185124152979605,1,1,-1.37487060312043,1,0
1609,0,0.0747210921815679,2,1,1.01833571587404,1,1
1610,0,0.650510465118572,2,0,0.175903649820735,0,1
1611,0,0.162088874566709,1,1,0.433140701966234,1,1
1612,0,1.59871439352786,2,0,0.947654719640123,0,1
1613,0,2.4912980084058,2,0,-0.624667647173733,0,0
1614,0,2.11459505371749,0,0,-0.951168960967932,0,0
1615,0,0.349597327627467,1,1,-1.43870294766199,1,0
1616,0,1.43009232064556,1,1,-1.20646983192045,1,0
1617,0,3.98261958077997,2,1,0.0392410975576027,1,1
1618,0,3.01746589399168,2,0,0.235652207915738,0,1
1619,0,2.72225823186202,1,0,1.43254936000998,0,1
1620,0,0.428647476475208,2,1,1.10596870855009,1,1
1621,0,0.544454679686866,0,1,-0.729544415898522,1,0
1622,0,0.637211350694306,1,1,-1.81586330415587,1,0
1623,0,0.80733516479304,1,0,-0.0803329471878599,0,0
1624,0,3.02445649169385,0,0,0.0402557876838234,0,1
1625,0,0.481014471507193,2,0,-0.967396600949833,0,0
1626,0,0.766537117271271,1,1,-0.888296186912305,1,0
1627,0,0.346750011174517,2,0,1.24818422953312,0,1
1628,0,1.48784172909048,1,0,0.576223969446808,0,1
1629,0,0.708031732776225,2,0,0.0112773824732495,0,1
1630,0,0.230219788574119,2,0,-0.596733001370783,0,0
1631,0,3.82609894258673,2,1,0.219343231110036,1,1
1632,0,5.74982650366886,2,0,0.983333994890789,0,1
1633,0,1.3379159688018,1,0,-0.655763434744917,0,0
1634,0,1.85615839314008,2,1,0.224446668966542,1,1
1635,0,0.863957068548039,2,1,0.110187238977484,1,1
1636,0,0.744780042963381,2,1,0.143074082942372,1,1
1637,0,0.0493008261148918,1,1,0.355042380789537,1,1
1638,0,0.934472218354708,1,0,0.270301975820743,0,1
1639,0,1.63614470428883,2,1,-1.76711422182379,1,0
1640,0,1.07964306079395,2,1,-0.914767757786342,1,0
1641,0,0.0342202454968542,1,1,1.3478565905266,1,1
1642,0,0.863028420030964,1,1,0.68388686861289,1,1
1643,0,0.226739204068471,2,1,1.69758658106142,1,1
1644,0,0.0976845154374327,0,1,1.00378423602731,1,1
1645,0,1.20233122624801,1,1,-0.349661627664233,1,0
1646,0,1.19442713937298,2,1,0.935963072424953,1,1
1647,0,1.26868028109375,2,0,1.82049346392991,0,1
1648,0,0.114250410990856,2,0,0.211997357827485,0,1
1649,0,0.737438417204649,2,1,2.28301519620815,1,1
1650,0,0.221397028614184,1,1,0.187039156171874,1,1
1651,0,1.13987849404415,0,0,0.762536913407549,0,1
1652,0,3.62506585954738,2,0,0.860556245590126,0,1
1653,0,1.3048728213956,0,0,0.788341818765286,0,1
1654,0,1.61420757185928,2,1,0.0861992644320979,1,1
1655,0,5.81929854399769,0,0,-0.0818532070299631,0,0
1656,0,0.0753745641692102,1,1,-0.469930996797388,1,0
1657,0,0.502203258345025,2,0,1.16084096758592,0,1
1658,0,1.44789962559984,2,0,0.0783415702842405,0,1
1659,0,0.769664227547287,1,0,0.432725938112732,0,1
1660,0,0.12160824137844,2,1,0.0592971464157358,1,1
1661,0,0.383271151068814,1,0,-1.41912712955136,0,0
1662,0,3.92852478765195,2,0,-0.247517944375469,0,0
1663,0,2.87898364288214,2,0,0.200267864037849,0,1
1664,0,0.911752319581363,1,0,0.172775115642485,0,1
1665,0,0.565332094979039,0,0,-0.0727578366336469,0,0
1666,0,0.13481172555097,2,1,1.02930708060432,1,1
1667,0,0.656076222111621,1,0,0.714143704948315,0,1
1668,0,0.564103378391684,2,0,0.679804699801934,0,1
1669,0,0.145544471490559,0,0,0.204675851977203,0,1
1670,0,0.243726653454929,1,0,-0.734806488217604,0,0
1671,0,3.96857569828797,2,0,-0.0767407552170455,0,0
1672,0,3.62978780549204,1,0,0.0455065283235853,0,1
1673,0,1.21457473064462,0,1,-0.065668735182307,1,0
1674,0,3.85146857058006,2,0,-0.381187792251692,0,0
1675,0,1.63264706149076,1,0,-1.55612435851421,0,0
1676,0,0.525071651810334,2,0,0.865127694223899,0,1
1677,0,0.836337635463131,1,1,-0.0528631184838793,1,0
1678,0,0.815016811640574,1,1,-0.175595701973005,1,0
1679,0,0.169501457986142,0,1,0.174259282199425,1,1
1680,0,0.44843769321839,0,0,1.13322057266264,0,1
1681,0,1.61315934303299,1,1,-0.894505066835772,1,0
1682,0,0.594816988003602,2,0,0.474986166548495,0,1
1683,0,0.90487556800744,1,1,0.465215810086858,1,1
1684,0,0.413007472195818,1,1,0.254719516825882,1,1
1685,0,1.79755877937582,1,0,0.411242245634628,0,1
1686,0,0.140280049915115,0,0,-0.576505719749169,0,0
1687,0,0.726130128943133,2,1,1.17507842457615,1,1
1688,0,0.999887917695993,2,0,0.705656623007692,0,1
1689,0,0.47252823288242,0,0,0.67344807751551,0,1
1690,0,1.06259312847084,1,0,-1.38065062862509,0,0
1691,0,1.15404678270047,1,1,-0.474246345921946,1,0
1692,0,1.6908269584152,1,0,-1.47387978033768,0,0
1693,0,1.55053596783533,1,0,-0.673262894918069,0,0
1694,0,0.492636670048038,0,0,-0.907883054884872,0,0
1695,0,0.164929892333104,1,1,1.74340982763352,1,1
1696,0,0.52244906279034,1,1,-1.59801119226988,1,0
1697,0,0.179559468177994,1,1,-1.51944592325041,1,0
1698,0,3.35595144875444,1,1,0.174596432208073,1,1
1699,0,0.969184637885323,2,0,0.247321492317214,0,1
1700,0,0.464237901643404,1,1,-0.84919155231853,1,0
1701,0,0.327239588867403,0,0,0.805420856511159,0,1
1702,0,0.499173693672905,1,0,0.888621716952361,0,1
1703,0,0.0178178122240711,2,1,1.00009058302267,1,1
1704,0,0.545633910896843,2,0,0.751055985219592,0,1
1705,0,0.968885081793552,1,0,-1.31738155288261,0,0
1706,0,0.230541719744603,0,1,1.31687735177099,1,1
1707,0,0.0467619189804166,1,1,-0.0795393537609655,1,0
1708,0,3.97418194760879,0,1,-0.643578562203156,1,0
1709,0,0.213078023502698,1,0,1.27258282605473,0,1
1710,0,0.431612413990722,1,0,-0.428749512387695,0,0
1711,0,0.357993760944459,1,0,-0.322819264161414,0,0
1712,0,0.987930912494277,2,1,0.277106053432641,1,1
1713,0,0.384501300257659,1,1,-0.274315691064957,1,0
1714,0,1.15127014908503,2,1,0.18750237684362,1,1
1715,0,0.377025052100244,2,0,1.24621574316377,0,1
1716,0,0.183335076823144,0,1,-0.572863555018919,1,0
1717,0,0.382140895900351,2,1,1.42261926533929,1,1
1718,0,0.220847723997661,1,0,0.702077739371476,0,1
1719,0,0.629065781358822,1,1,-1.61726626532115,1,0
1720,0,0.14069809290377,1,0,0.0144618733117738,0,1
1721,0,0.214327094919828,1,1,1.28714383284344,1,1
1722,0,0.531316411095252,1,1,0.0351508667174494,1,1
1723,0,0.0464280322282115,1,0,0.0267226025828851,0,1
1724,0,3.48682932749544,2,0,-0.149874054547101,0,0
1725,0,0.0963396840463384,2,1,0.13687113268667,1,1
1726,0,0.582817597599165,1,1,-2.15417251375188,1,0
1727,0,1.07899611762075,1,0,0.725304806016571,0,1
1728,0,0.646524348290627,2,1,-0.96357545632761,1,0
1729,0,0.109193739918061,1,0,-1.04365240534189,0,0
1730,0,0.0982796675695064,2,0,1.35491416973682,0,1
1731,0,0.0842333183401786,1,0,-0.00764087612477418,0,0
1732,0,2.1103602521188,2,0,-0.137568836847092,0,0
1733,0,0.0886737206152806,1,0,-0.588870631857288,0,0
1734,0,0.030620067049444,1,0,0.326776784029819,0,1
1735,0,1.14653784987634,1,1,-0.381436726377936,1,0
1736,0,0.783406465737985,1,0,-1.34083511460849,0,0
1737,0,0.828854494417707,0,1,-2.31013733850947,1,0
1738,0,0.253245027662751,1,0,-0.186575122586415,0,0
1739,0,0.652610808423865,1,0,1.9289057158208,0,1
1740,0,0.68383489739254,1,1,1.08487182323885,1,1
1741,0,0.00348297124210267,2,1,0.571632852186367,1,1
1742,0,0.646993132258647,0,1,0.0381374670279473,1,1
1743,0,0.86990961032313,1,1,-0.268090911130452,1,0
1744,0,1.51185102553735,2,1,-0.0339600234018183,1,0
1745,0,0.294969959452188,1,0,-0.261028890013034,0,0
1746,0,1.97423517659987,2,1,0.18247203608324,1,1
1747,0,6,0,0,-0.461155807779769,0,0
1748,0,0.0866847477768227,2,0,1.0531049485129,0,1
1749,0,0.976942372840368,1,1,1.06097445874318,1,1
1750,0,0.323448728117744,1,1,-0.522595717993813,1,0
1751,0,1.50131565482742,1,0,-0.809042128236542,0,0
1752,0,0.202949578063216,2,1,2.52235198207894,1,1
1753,0,0.19241404517085,1,0,-0.515412678688861,0,0
1754,0,0.245330445484831,1,1,-0.368945863432547,1,0
1755,0,0.14400364228892,2,1,0.522046456136243,1,1
1756,0,0.49989779148963,1,0,-0.162934968435114,0,0
1757,0,1.44345437360176,1,0,-1.38037860683849,0,0
1758,0,1.38105617089446,1,0,0.599272074434584,0,1
1759,0,0.372667403314209,1,0,-0.0928122329690715,0,0
1760,0,0.934612701107064,1,1,-0.134429835245627,1,0
1761,0,0.433770206565667,1,0,0.384339586303584,0,1
1762,0,0.587137165104965,1,0,0.30156052465612,0,1
1763,0,0.560241611055248,1,1,-1.62929649424488,1,0
1764,0,1.14059206633737,1,1,-0.860114111033433,1,0
1765,0,1.15957684218038,2,0,-0.280435531094424,0,0
1766,0,0.182550009680278,1,1,-0.0627596270591486,1,0
1767,0,0.941468289675189,1,1,-0.156067306172854,1,0
1768,0,1.78493219717831,2,1,0.193992533429451,1,1
1769,0,0.0164003082266109,2,1,0.820143647089994,1,1
1770,0,0.678833304204642,1,1,-1.93391907580179,1,0
1771,0,0.0792368954224537,1,0,0.0947673190903787,0,1
1772,0,0.490126190759097,1,0,-1.48503314403894,0,0
1773,0,2.64525242564019,2,0,0.0673068241809947,0,1
1774,0,0.530067454316215,2,0,-0.387473810764735,0,0
1775,0,0.194440805527678,1,1,-0.409095160030944,1,0
1776,0,3.23411283837822,2,0,-0.131498841584619,0,0
1777,0,0.97407385681395,2,0,0.723814154269534,0,1
1778,0,1.00108447405143,1,0,-0.989702665397108,0,0
1779,0,0.302174334858285,2,0,0.573850274130519,0,1
1780,0,2.60000698047632,2,0,0.135009312034586,0,1
1781,0,0.182199142873287,0,1,-0.451782706292519,1,0
1782,0,0.19334135900823,0,1,-0.0655719496178071,1,0
1783,0,3.41129292926137,2,0,0.260361866217846,0,1
1784,0,0.101562088814676,1,1,-0.930678914366544,1,0
1785,0,1.58729297724195,1,1,-0.0306389792471372,1,0
1786,0,3.79477476532622,2,1,-1.30515504322323,1,0
1787,0,0.0650994370764727,1,1,-1.14340697196981,1,0
1788,0,0.391207009378803,0,0,0.447054690877429,0,1
1789,0,0.85892905678571,1,1,-0.929200989684871,1,0
1790,0,0.265988825601226,2,0,-0.881742079986739,0,0
1791,0,2.08832424584528,2,1,0.171691823466938,1,1
1792,0,0.0587980844472303,1,1,-1.00316128074707,1,0
1793,0,1.16779419527019,2,0,-0.00928214818669135,0,0
1794,0,1.52702084818773,1,0,-0.0140255128196792,0,0
1795,0,0.0885515881528916,1,1,-1.44889250777623,1,0
1796,0,0.227580132117058,2,0,0.823974105629223,0,1
1797,0,0.148845772949158,1,1,-1.51865850621139,1,0
1798,0,0.568362053501485,2,0,-1.11067876249485,0,0
1799,0,0.387269073890836,0,1,0.712487438994243,1,1
1800,0,1.87110430480114,2,0,-0.385090154062286,0,0
1801,0,1.12623840745441,1,1,-1.11434892073163,1,0
1802,0,0.679724090693874,1,1,-0.100929903533373,1,0
1803,0,3.12370305130515,1,0,-0.340149025822021,0,0
1804,0,0.280318226310182,1,1,-0.141378965185835,1,0
1805,0,0.0673848053288387,1,1,-0.0689512348286782,1,0
1806,0,0.615236543507102,1,1,1.2731013809148,1,1
1807,0,1.15330521099167,1,1,0.383957277579708,1,1
1808,0,0.154350140732683,2,0,2.51306093809435,0,1
1809,0,1.13592967833434,1,0,-3.05686251743457,0,0
1810,0,3.14630859622116,1,0,-0.204344815457013,0,0
1811,0,0.687524292290134,1,0,-0.425344993622692,0,0
1812,0,1.8444420252877,1,0,-0.876893782951118,0,0
1813,0,2.00588334450339,2,0,-0.233654953215431,0,0
1814,0,0.167650918786724,0,0,0.254542881801444,0,1
1815,0,0.392232028411515,1,1,0.65196470387361,1,1
1816,0,0.908010315407968,1,0,-1.60275022181632,0,0
1817,0,0.446915064754512,1,0,-0.300411914437306,0,0
1818,0,1.6793776757646,2,0,0.906831431824464,0,1
1819,0,1.73301144002012,1,0,0.204176166612441,0,1
1820,0,0.0301021573235752,2,1,0.574888820142216,1,1
1821,0,1.23190117271101,2,0,0.658014445728605,0,1
1822,0,0.882175473101428,1,0,-2.06355881457084,0,0
1823,0,0.12698670736302,2,1,1.68769524131497,1,1
1824,0,0.221427998726413,1,0,-1.17778445943427,0,0
1825,0,0.431099783833328,1,1,0.0592397831631629,1,1
1826,0,2.30408345627302,1,0,1.02958988804266,0,1
1827,0,0.268271672370621,1,1,1.4185154794055,1,1
1828,0,0.669801101709406,0,0,-1.77885342644981,0,0
1829,0,0.72375320584434,2,1,0.271596006870502,1,1
1830,0,0.156565521592557,1,0,-0.239762318395062,0,0
1831,0,0.104126915310203,1,1,-1.88405084034258,1,0
1832,0,2.14862902120834,2,1,-1.05637744204322,1,0
1833,0,1.73802066831834,1,0,0.823189733517397,0,1
1834,0,0.193653891309879,1,0,-0.163055765882858,0,0
1835,0,0.00187010745186729,2,0,1.07276683285754,0,1
1836,0,0.176712013245621,2,1,0.363363444141978,1,1
1837,0,0.181808239813308,1,0,-1.17066110732815,0,0
1838,0,2.53295080115398,0,0,0.332033934303383,0,1
1839,0,3.06248695475316,1,0,-0.465754443690769,0,0
1840,0,0.575368383229692,1,0,-1.28246535846286,0,0
1841,0,0.608072727918625,0,1,-1.34963328603966,1,0
1842,0,0.0989565803454594,1,0,-0.232398611505987,0,0
1843,0,0.161835836867491,0,0,2.07658425231441,0,1
1844,0,0.254527127238485,1,1,-0.65937758565207,1,0
1845,0,0.840774300762849,1,0,-2.02522717574719,0,0
1846,0,0.12555921045998,2,0,0.0437299266104909,0,1
1847,0,0.316964936437503,2,0,-2.27503006432968,0,0
1848,0,1.3158655537441,1,1,-0.844536761103364,1,0
1849,0,0.0111085165389151,1,1,-0.370232587010002,1,0
1850,0,0.336665524203571,1,0,-0.118351098783859,0,0
1851,0,1.74735706609984,0,0,-0.114416765835202,0,0
1852,0,1.29834524163912,2,0,-0.0569315039237309,0,0
1853,0,0.49639412201941,0,0,0.370415125765596,0,1
1854,0,0.520238606770392,2,1,0.328813263712445,1,1
1855,0,0.825116805111369,0,0,0.58506373991844,0,1
1856,0,1.19503151989874,2,1,-1.2768803633594,1,0
1857,0,0.241064435491959,0,1,1.28283460404457,1,1
1858,0,2.19161573849998,2,0,0.976036474262731,0,1
1859,0,0.368644415738581,2,0,0.301129230746391,0,1
1860,0,2.3460049649531,2,0,-0.956065553934061,0,0
1861,0,0.350194061678343,1,1,-0.944126023025958,1,0
1862,0,1.45079021538343,2,1,-1.47484602795454,1,0
1863,0,0.168002042384387,1,1,0.0226301598775548,1,1
1864,0,1.42621278281339,2,1,0.391405428581177,1,1
1865,0,0.554679355277847,1,1,0.0978577602972548,1,1
1866,0,1.73558870039359,2,1,-0.490212381088312,1,0
1867,0,1.11314305172819,1,1,0.113269161320109,1,1
1868,0,0.00200310045773834,2,0,0.655905328562849,0,1
1869,0,0.0944912500957865,2,1,-0.535816250907092,1,0
1870,0,1.77598907932991,2,1,-0.19824295742696,1,0
1871,0,1.31349056648711,0,0,-0.0651128727761044,0,0
1872,0,2.15599066066236,2,1,1.22263169185507,1,1
1873,0,0.900871839147472,2,1,1.18605279820632,1,1
1874,0,0.339221333463987,0,0,-0.416582171661601,0,0
1875,0,0.888874390880222,0,0,-0.628192644217445,0,0
1876,0,3.60035233732856,2,0,0.4471271405395,0,1
1877,0,0.558089470467069,1,1,1.32863653291451,1,1
1878,0,0.886844330023043,1,1,-0.570869654108769,1,0
1879,0,0.503366266431092,2,0,0.637953109072923,0,1
1880,0,0.015320963374251,1,0,-0.713022388102404,0,0
1881,0,0.085726788315337,1,1,-1.38789023076468,1,0
1882,0,0.0627867685761628,0,1,0.920837023575143,1,1
1883,0,2.08466239404128,1,0,-0.337450154893953,0,0
1884,0,0.0829401082618761,2,0,0.519201269585295,0,1
1885,0,0.217890465058907,1,1,-0.513163633767248,1,0
1886,0,0.0542105623151481,1,0,-1.12531776900196,0,0
1887,0,0.0254298443101641,1,0,-1.18047496943649,0,0
1888,0,0.809332598689766,1,1,1.0934842393759,1,1
1889,0,0.34281671513081,1,1,-0.153418209146381,1,0
1890,0,0.00708683508458803,2,1,0.241090221551014,1,1
1891,0,0.325462389965457,1,0,0.28279699731332,0,1
1892,0,0.766480432523961,1,1,-0.673701389682542,1,0
1893,0,0.494817485556438,1,1,0.1087560022828,1,1
1894,0,3.28355286466619,1,1,-1.88617533581586,1,0
1895,0,0.11256421961814,1,1,-0.0939710426261801,1,0
1896,0,0.108026927587116,1,0,-0.254098664545726,0,0
1897,0,0.527823023750918,1,0,0.42292495840311,0,1
1898,0,0.25033047103614,1,0,-0.881878337466575,0,0
1899,0,0.137353837490082,0,0,2.2795441747886,0,1
1900,0,0.229581156477241,2,0,0.197312025877822,0,1
1901,0,0.0511726877335432,1,0,-0.515913029007534,0,0
1902,0,1.0057699372673,1,0,-1.2580441212844,0,0
1903,0,0.0485215241108382,1,0,-0.212826389493998,0,0
1904,0,0.0941433260838191,0,1,-1.05735558918472,1,0
1905,0,0.73302315067481,1,1,1.2127735681608,1,1
1906,0,2.54880219337451,2,1,0.00191862207544321,1,1
1907,0,0.419784276907643,2,0,0.807002782217965,0,1
1908,0,0.969097637911554,1,1,1.30083744524656,1,1
1909,0,0.710239466904494,2,0,0.839916989516217,0,1
1910,0,0.590071341827006,2,0,0.845792099815194,0,1
1911,0,2.96129341553749,2,0,0.686997650358952,0,1
1912,0,0.288579986060438,2,0,2.48224816998149,0,1
1913,0,0.153784708761917,1,0,1.60464919853466,0,1
1914,0,0.521534723506751,0,1,0.777123159291794,1,1
1915,0,0.308199388556793,0,1,1.09164971993695,1,1
1916,0,0.761835739190144,2,1,0.442577203326246,1,1
1917,0,0.233433816563359,1,0,0.563180686436436,0,1
1918,0,2.38905054622103,2,0,0.297253415520442,0,1
1919,0,0.864306864583555,2,0,-1.09623892679944,0,0
1920,0,0.191916162148118,0,0,0.645254521283026,0,1
1921,0,1.03787813820066,2,1,-0.6369331801259,1,0
1922,0,0.234508216872821,1,0,-1.22992576285574,0,0
1923,0,3.02633554183271,1,1,1.05399165280521,1,1
1924,0,0.762261464017643,1,1,0.393403777901666,1,1
1925,0,0.121933646089353,1,1,-0.194106354135595,1,0
1926,0,1.08114768844281,1,1,-1.36183230150847,1,0
1927,0,1.43214501985501,2,0,1.17728923376058,0,1
1928,0,0.424034453957366,1,1,0.725927419838997,1,1
1929,0,1.55267181390369,1,1,-0.232986037371074,1,0
1930,0,0.485365654485615,1,1,-1.15930904389697,1,0
1931,0,0.190193497760498,2,0,-0.640729713872326,0,0
1932,0,1.96754048190092,1,0,-1.51601437879994,0,0
1933,0,2.77514735703828,1,0,-0.375474143879241,0,0
1934,0,1.08651334252958,1,0,-1.51251349040637,0,0
1935,0,0.357870496521262,1,1,-0.702404246205019,1,0
1936,0,0.291561898951912,1,1,0.632540849929807,1,1
1937,0,0.817487909456716,1,0,-0.941127482336974,0,0
1938,0,6,0,0,-2.18805130791582,0,0
1939,0,0.0333763659000397,0,1,1.45193356383,1,1
1940,0,0.661972579162323,1,1,-0.931877490377351,1,0
1941,0,3.0927401718994,0,0,-1.19524756241547,0,0
1942,0,0.0769878428645429,1,1,-0.196430332074163,1,0
1943,0,1.56407930994581,1,1,-0.417874711255446,1,0
1944,0,0.198511319919808,1,1,0.0199977451319755,1,1
1945,0,1.06407044333925,1,0,-0.555467269237395,0,0
1946,0,0.264848361137491,2,1,-0.0827979807335746,1,0
1947,0,0.647826414723508,1,0,-0.77023980101279,0,0
1948,0,0.203134369882134,2,0,1.19587890476704,0,1
1949,0,0.013366933412191,1,1,-0.804252333363514,1,0
1950,0,0.184753845899368,1,1,0.0943364124369668,1,1
1951,0,1.59491552257143,0,1,-0.561120358177472,1,0
1952,0,0.428241030716442,1,0,0.942284069110903,0,1
1953,0,1.72148296876928,2,1,0.295199708029516,1,1
1954,0,0.65116531085172,2,1,1.298022886681,1,1
1955,0,0.351923712898598,1,1,-0.835802780384848,1,0
1956,0,2.87369807495027,2,1,0.63626039291613,1,1
1957,0,1.42325711837776,1,0,0.911952934865505,0,1
1958,0,0.82647971793181,1,0,0.796508409800415,0,1
1959,0,1.18231835191236,1,1,-1.45604762718976,1,0
1960,0,1.362689282651,1,1,1.19425435010099,1,1
1961,0,1.53172351073954,2,0,-1.66920134373913,0,0
1962,0,0.362160676713226,1,1,0.299025914785792,1,1
1963,0,0.04471089283109,1,1,-1.42682030238361,1,0
1964,0,0.750765068676873,1,1,-0.33859260683194,1,0
1965,0,0.331338957572977,0,0,-0.0140616493076768,0,0
1966,0,0.403859496078264,1,1,-1.14019609184232,1,0
1967,0,0.669406523916825,1,1,0.760449031338386,1,1
1968,0,1.16499618419266,2,0,1.5081754256473,0,1
1969,0,0.693796518202176,1,1,1.82762542053839,1,1
1970,0,0.152273762688684,1,0,-0.32766530743745,0,0
1971,0,1.32578070963737,2,0,1.13472853076874,0,1
1972,0,0.360406623145717,1,0,-1.75943258870016,0,0
1973,0,1.09466857706872,1,0,-1.48896732732342,0,0
1974,0,0.361933801323175,0,1,-1.00676665323205,1,0
1975,0,0.155998741201417,1,1,-0.862887970836739,1,0
1976,0,0.842724002284613,2,0,-0.368110038839641,0,0
1977,0,0.0711783261068426,1,0,0.16015404996117,0,1
1978,0,0.96681972509695,1,1,0.150274793690178,1,1
1979,0,0.394408193713662,1,1,-0.0555704676797941,1,0
1980,0,0.906311404255341,1,0,0.190244984134228,0,1
1981,0,0.584481511378169,1,0,-0.0250540275043522,0,0
1982,0,0.0164539972032627,1,0,1.22039055415757,0,1
1983,0,0.801388571202156,1,0,1.16944739824943,0,1
1984,0,5.29939496861704,0,0,0.61583867227808,0,1
1985,0,2.6096139779466,2,0,1.34396666021811,0,1
1986,0,0.212404598743437,1,1,-1.33850230554875,1,0
1987,0,2.04986524443578,1,0,-1.48524016700676,0,0
1988,0,1.4532580501629,2,0,0.180187737996743,0,1
1989,0,1.36628776196526,2,0,-0.00211245412351382,0,0
1990,0,0.304664040965904,0,1,-0.743039915415589,1,0
1991,0,0.766371592376185,1,0,0.146353051138334,0,1
1992,0,3.05892713061754,0,0,-1.28643615488949,0,0
1993,0,0.74308728041789,1,1,0.471738714630912,1,1
1994,0,1.49886137770523,1,0,1.50609611834412,0,1
1995,0,0.28269446142051,1,0,-0.125730042129653,0,0
1996,0,0.723437837485544,1,1,-0.824288213925872,1,0
1997,0,1.52375585106353,1,0,0.0898157641329374,0,1
1998,0,1.1004334302621,1,1,-0.777337107491684,1,0
1999,0,2.86212569308467,2,0,0.462083671554682,0,1
2000,0,0.578220982574861,1,1,0.735307577126534,1,1
2001,0,0.0211827289008849,1,0,-2.29801034510505,0,0
2002,0,0.441350626136915,2,0,1.81905334164391,0,1
2003,0,0.452257105905404,1,1,0.873304850820095,1,1
2004,0,1.08269818432211,2,1,0.193732895929171,1,1
2005,0,0.721118578855103,1,0,-0.696271297555924,0,0
2006,0,1.79517606444686,0,0,-0.193627037591872,0,0
2007,0,0.656957365572453,0,0,-1.48701717232451,0,0
2008,0,0.464329273296107,1,1,-2.39349404552342,1,0
2009,0,0.0165221097859908,1,0,0.644199608482447,0,1
2010,0,0.499387830160657,1,0,2.15663679536841,0,1
2011,0,0.278309416587006,2,1,0.391094473528488,1,1
2012,0,0.363687665036328,1,1,0.612517296774872,1,1
2013,0,0.79748483311428,1,0,-0.144083507083759,0,0
2014,0,0.281584711547762,1,0,0.0586125914198946,0,1
2015,0,0.228955281421445,1,1,1.60830721446379,1,1
2016,0,0.24055533792497,2,1,1.11436136553228,1,1
2017,0,0.191800214220299,2,0,2.34634035085043,0,1
2018,0,1.0190207281641,2,1,1.01273161495377,1,1
2019,0,1.16804876084782,1,0,-0.865055750718855,0,0
2020,0,0.888649160260161,2,0,0.104603622110149,0,1
2021,0,0.0583614861096569,2,1,0.349946684409708,1,1
2022,0,0.461036842794038,0,1,0.145250487681306,1,1
2023,0,1.13684468856302,2,0,-0.369888321564716,0,0
2024,0,0.0810767538703649,2,1,1.20644702591519,1,1
2025,0,1.06127843824935,1,0,-0.862706548527885,0,0
2026,0,1.13668418135611,2,0,1.06760874357827,0,1
2027,0,0.277978817900619,2,0,1.2578325545396,0,1
2028,0,3.09273810746769,0,0,-0.0307045411345613,0,0
2029,0,0.000718476258291773,1,1,-0.197412962258603,1,0
2030,0,1.83926480366138,1,0,-0.0300059538781799,0,0
2031,0,0.671249715563888,2,0,0.737227153567327,0,1
2032,0,1.48451255044101,1,0,-0.184429898973483,0,0
2033,0,0.0143084747114555,2,1,1.25207619731912,1,1
2034,0,0.120221299256617,1,1,0.557532561457337,1,1
2035,0,0.476127914713611,2,1,0.703095307320159,1,1
2036,0,0.733657018077583,2,1,-0.573069981435079,1,0
2037,0,1.2688850282511,1,1,-0.0637522501351251,1,0
2038,0,0.774196592779857,1,1,-0.294474457039507,1,0
2039,0,2.16434848184387,0,0,-2.03982426638926,0,0
2040,0,2.84481589622748,2,1,-1.59278995736339,1,0
2041,0,0.531799452306537,0,1,-0.0226086545500207,1,0
2042,0,0.410933786136902,2,1,0.56450676387635,1,1
2043,0,0.825978450189512,1,1,-0.806311299401211,1,0
2044,0,2.00873717432154,2,0,0.59242519823424,0,1
2045,0,0.128643910039644,1,1,1.76567750640467,1,1
2046,0,0.965785845505103,2,0,0.64727408791778,0,1
2047,0,0.815143048810601,1,0,0.814338346188416,0,1
2048,0,0.455107535767071,1,1,1.01892628752813,1,1
2049,0,4.39627886863657,2,1,0.109134743202192,1,1
2050,0,0.279029816859707,1,1,-0.442434644748312,1,0
2051,0,2.42989547351198,1,0,-0.90798242841208,0,0
2052,0,0.0208242020609917,1,1,-2.36855389546987,1,0
2053,0,0.0724394876905489,1,1,1.18376307235881,1,1
2054,0,1.1816212618837,1,0,0.929850855658141,0,1
2055,0,0.159045783158773,2,0,0.640367214609133,0,1
2056,0,2.51886666848196,0,1,-1.25199295893612,1,0
2057,0,2.8593476433601,1,0,-1.22504692138372,0,0
2058,0,1.7709900930652,2,0,1.11171205499872,0,1
2059,0,0.725053081386619,1,1,0.043938231708872,1,1
2060,0,1.82040013284797,1,1,-1.15328079773575,1,0
2061,0,1.25932998907579,1,1,0.912413718836025,1,1
2062,0,0.130683606603631,2,0,0.97236376542065,0,1
2063,0,0.0321896303315534,1,0,-2.34563354188111,0,0
2064,0,1.49823858313992,2,0,1.96773783749121,0,1
2065,0,1.48997422618171,0,1,-0.0600057266807637,1,0
2066,0,0.103997836303483,1,1,0.0763569289436702,1,1
2067,0,0.123561250035727,1,1,1.13201337917261,1,1
2068,0,0.455266149253029,1,0,-2.32825940201479,0,0
2069,0,1.41190321020991,1,1,-0.616066963141202,1,0
2070,0,0.611369123481036,2,0,0.96140792585055,0,1
2071,0,0.818565735142997,1,0,-0.979522956435763,0,0
2072,0,1.62084384440824,1,1,0.210684081373673,1,1
2073,0,0.177744523747922,2,0,0.414142514188204,0,1
2074,0,0.12496537839373,0,0,0.250920199763656,0,1
2075,0,0.458825963238875,0,1,0.0810016698085836,1,1
2076,0,0.583493684564685,2,0,2.21947589024793,0,1
2077,0,1.63846301115841,1,0,-0.653703235400626,0,0
2078,0,1.96144746781117,2,0,0.878108123189169,0,1
2079,0,0.434841155147265,2,0,0.250687453290915,0,1
2080,0,0.47384473275554,2,1,1.35173620706533,1,1
2081,0,1.53001240144173,0,0,0.642525647307362,0,1
2082,0,2.29375841818991,1,0,-0.0857958574214687,0,0
2083,0,6,0,0,-0.396036592705392,0,0
2084,0,0.191540150689007,1,1,-1.06966186704916,1,0
2085,0,0.748230334903109,2,0,0.0639655052934885,0,1
2086,0,0.867177315225932,1,1,0.389963355084873,1,1
2087,0,1.5958591705809,0,0,-2.12072956008207,0,0
2088,0,0.295641722183268,0,1,0.00553947217146059,1,1
2089,0,0.675961624082314,1,0,0.146605723767503,0,1
2090,0,0.675059820835789,0,0,1.01632309086336,0,1
2091,0,1.89441016806104,1,0,-1.23710491357812,0,0
2092,0,0.0968335599649924,2,0,0.757899958148561,0,1
2093,0,1.41371032668363,1,1,1.04659059358117,1,1
2094,0,1.07039806479454,1,0,-0.794751321740414,0,0
2095,0,0.0888368428045508,1,1,0.657992612107338,1,1
2096,0,0.400463450252792,2,1,0.152986133960064,1,1
2097,0,0.783794616300101,2,0,-0.288883211963135,0,0
2098,0,2.18915973479549,0,0,0.219444462245268,0,1
2099,0,0.679294058900312,1,0,-1.53640329716847,0,0
2100,0,0.157261476192103,2,0,0.434386481393269,0,1
2101,0,0.169525115577404,2,0,1.09657830692646,0,1
2102,0,1.88384536890881,1,0,-0.490251158855942,0,0
2103,0,0.357204486289418,2,0,-0.445143101967544,0,0
2104,0,0.288788828038265,0,1,-0.872460877983365,1,0
2105,0,0.219752253490925,2,1,-0.079465212912879,1,0
2106,0,1.92406501779201,2,0,0.475538120274573,0,1
2107,0,0.395635975637322,2,0,1.82954372935905,0,1
2108,0,3.77959008974709,2,0,0.190119320528677,0,1
2109,0,0.289906696422224,1,1,-0.779450514223582,1,0
2110,0,0.943323472513897,1,1,0.488113839648504,1,1
2111,0,0.137832516949799,0,0,-0.8733276630947,0,0
2112,0,1.11331166547727,2,1,0.225323409843135,1,1
2113,0,5.99795433354187,0,0,0.270663373385045,0,1
2114,0,0.187861454796114,1,0,-0.54822603443922,0,0
2115,0,0.817991536587423,2,1,0.169499930175682,1,1
2116,0,0.267808467301092,1,0,0.158805373359275,0,1
2117,0,0.544847790861168,2,0,-0.357803079713526,0,0
2118,0,1.07540314481375,2,0,1.23979692557827,0,1
2119,0,0.00864247759803995,1,1,0.0424266516974897,1,1
2120,0,1.43266260196655,1,0,0.680113215234409,0,1
2121,0,0.375096889996547,1,1,-0.809733278514288,1,0
2122,0,1.38179649298399,1,0,-1.06988305851959,0,0
2123,0,1.47907014367512,2,1,0.114315266862289,1,1
2124,0,3.2169461902231,0,0,0.295813996257842,0,1
2125,0,0.0934429892195736,1,0,-1.90885035609102,0,0
2126,0,0.993565460312707,2,0,0.855771238393077,0,1
2127,0,1.13967266244193,0,1,-1.27938742724004,1,0
2128,0,0.538949854671955,0,1,0.0253350358891328,1,1
2129,0,0.24003323410039,2,1,-0.0390937291485924,1,0
2130,0,1.07850019140162,1,0,-1.48950813603928,0,0
2131,0,3.10054530884288,1,0,0.0439573677704889,0,1
2132,0,0.609444712516391,2,1,0.635569784344803,1,1
2133,0,0.254557527284169,1,0,-1.86808900238128,0,0
2134,0,0.277248237250151,1,0,0.117420821374035,0,1
2135,0,0.108540497722874,2,1,0.0527103412039011,1,1
2136,0,3.33377157902864,2,0,-0.767101963733204,0,0
2137,0,1.48664070916649,1,0,-0.682918615796035,0,0
2138,0,0.490639290148866,2,0,0.89365330617531,0,1
2139,0,1.05279222812549,2,0,0.650460031288399,0,1
2140,0,0.179449233885213,1,1,1.06570696293144,1,1
2141,0,0.655149272382803,1,1,0.28834067575492,1,1
2142,0,0.123431653539134,2,1,0.655552914620678,1,1
2143,0,0.275719058719332,2,1,-0.178767786769957,1,0
2144,0,5.46360721941562,2,0,-0.00562027150991974,0,0
2145,0,0.668125082744532,1,1,-0.626152490824279,1,0
2146,0,0.246910484627172,1,1,0.416800070668325,1,1
2147,0,0.470562198177221,1,0,-0.570017751108658,0,0
2148,0,0.374772224033497,1,1,-1.73945640632798,1,0
2149,0,1.54189524169293,1,1,0.746852136452131,1,1
2150,0,0.0291260048841522,1,1,-0.851287471851628,1,0
2151,0,1.24762575985977,1,1,0.762500256633261,1,1
2152,0,2.71598739733796,1,0,1.17883182572654,0,1
2153,0,0.109217061210244,2,1,0.384868068484682,1,1
2154,0,0.474324356546038,1,1,-0.121169816291168,1,0
2155,0,0.684665860924458,1,1,0.289080675235049,1,1
2156,0,3.54313219276567,0,1,-0.177857734033336,1,0
2157,0,0.849760256601144,2,1,0.358469913561908,1,1
2158,0,2.85413948959796,2,0,0.562368929292463,0,1
2159,0,0.691514651440217,2,0,1.99427989680758,0,1
2160,0,0.615394377703671,1,1,-0.237662144378756,1,0
2161,0,0.825955342548355,2,0,-0.527838334635118,0,0
2162,0,0.930597776163794,2,0,0.346059708639416,0,1
2163,0,1.28487593153594,2,0,1.06409135594336,0,1
2164,0,0.00905150468739507,1,1,-2.36995382566173,1,0
2165,0,0.159573436801504,2,1,0.741571781324241,1,1
2166,0,1.35875203523071,2,1,-0.229919933341597,1,0
2167,0,0.598613397649409,1,0,-1.00329780042034,0,0
2168,0,0.857401993315164,2,1,-0.223977832184537,1,0
2169,0,0.239116660529412,1,0,-0.26425922821755,0,0
2170,0,0.638988190495526,1,0,-0.53132483904001,0,0
2171,0,0.581329306895986,2,0,1.12233312809491,0,1
2172,0,1.55840812137775,2,1,0.614354230631528,1,1
2173,0,1.96185900829732,0,0,-0.804558156803131,0,0
2174,0,0.672682688946449,1,0,0.423751417633763,0,1
2175,0,1.96792046234787,2,1,-0.453271962908341,1,0
2176,0,0.754095409065485,0,1,-0.84324637085386,1,0
2177,0,2.17455852345138,1,1,-0.289048916019335,1,0
2178,0,0.711981001656877,1,1,0.549121498029083,1,1
2179,0,0.299141273693889,1,0,-1.07208664710979,0,0
2180,0,0.632268845251966,1,1,-0.0489859430676765,1,0
2181,0,0.597674238074423,1,1,-0.2509556752366,1,0
2182,0,0.0266010589987271,2,1,1.649108919358,1,1
2183,0,0.435436173899249,1,1,-0.370530490888563,1,0
2184,0,0.0898136069625403,1,1,-0.409804267855451,1,0
2185,0,0.663368069429765,1,0,1.74579272710476,0,1
2186,0,1.03880353338441,2,1,1.20084147148901,1,1
2187,0,0.700809969578472,1,0,0.513152234890308,0,1
2188,0,0.340979164910311,0,0,-0.531054547304792,0,0
2189,0,0.212120553579494,1,1,-0.704350240069955,1,0
2190,0,0.385021849845847,0,0,-1.27760293436857,0,0
2191,0,0.00952618314767668,1,1,-0.0103025588109076,1,0
2192,0,0.622148091504467,1,0,-1.60411832860758,0,0
2193,0,1.02828652602399,2,0,-0.0994511044236304,0,0
2194,0,0.138211699001494,1,0,-0.385143671474526,0,0
2195,0,0.224791456690692,1,1,0.144478461394973,1,1
2196,0,2.05787170444459,2,1,0.232486693083217,1,1
2197,0,0.443290266259265,1,1,-0.119855317716045,1,0
2198,0,0.103059769926765,0,0,-0.699157986627242,0,0
2199,0,0.183976566658244,2,1,-0.0813614340570357,1,0
2200,0,5.94642086022961,2,1,-0.0970706367324855,1,0
2201,0,0.145599865509376,1,1,-2.67006555242835,1,0
2202,0,1.77554343037843,1,1,-0.0378449137998993,1,0
2203,0,0.152513783248986,2,0,0.605400581010649,0,1
2204,0,0.449144698532396,1,1,0.494497733111673,1,1
2205,0,1.88025895171922,2,1,-0.673276022075316,1,0
2206,0,0.574445682436743,1,1,-2.02018905725737,1,0
2207,0,0.370562263068805,0,1,1.18105012212912,1,1
2208,0,3.41498439481251,1,0,0.858510865060653,0,1
2209,0,0.405112755232144,1,0,-0.851312844503685,0,0
2210,0,0.750804566991901,2,0,-0.21797105226555,0,0
2211,0,1.48184830722477,1,1,-1.63694215130484,1,0
2212,0,0.504682627911227,2,1,1.36746429061128,1,1
2213,0,0.475780536100401,1,1,0.266991223057344,1,1
2214,0,3.71083508837861,2,0,0.33023646289878,0,1
2215,0,0.0577390067630176,1,0,0.313386909279143,0,1
2216,0,2.09895651787519,0,0,-0.906440495214149,0,0
2217,0,1.31825675712995,2,0,1.62927022453924,0,1
2218,0,0.101722937145732,1,1,-0.100293012118417,1,0
2219,0,0.552779904844749,1,1,-0.0829304750379654,1,0
2220,0,1.33272699459921,1,0,-0.487135463595426,0,0
2221,0,0.0649641466422848,1,1,0.884914996421066,1,1
2222,0,0.326741180875004,1,1,-1.89550386344157,1,0
2223,0,0.139309859107953,2,0,-1.73306057974871,0,0
2224,0,0.320574958422963,2,1,0.166359754324921,1,1
2225,0,0.875726791914417,1,0,1.10773491142902,0,1
2226,0,0.794772610769927,1,0,0.211681335816321,0,1
2227,0,0.00324265169270557,1,1,0.427194470748565,1,1
2228,0,0.594577358197562,2,1,0.873485658977376,1,1
2229,0,0.597383491403269,1,0,-0.391175883050281,0,0
2230,0,0.0399539955231367,1,0,-0.577103785178439,0,0
2231,0,1.30463910489855,0,1,0.433710123184536,1,1
2232,0,0.656606136361515,0,1,1.07428217307159,1,1
2233,0,0.20024413995526,1,1,-0.845476604456433,1,0
2234,0,0.121945428103736,1,0,0.0523472921199301,0,1
2235,0,0.682171238699221,2,0,0.61652017128511,0,1
2236,0,0.508831864207902,2,0,0.59535231024296,0,1
2237,0,0.295393486956479,1,1,0.30834397692185,1,1
2238,0,1.6831447995966,1,1,-2.33632377381875,1,0
2239,0,0.780758990060036,1,0,-0.525095976399307,0,0
2240,0,1.3913410954501,0,0,-0.294540646374994,0,0
2241,0,1.07406516248981,0,0,1.46715034251484,0,1
2242,0,0.922655112367175,1,1,-0.559582426733227,1,0
2243,0,1.96536752463868,0,1,1.36567188148119,1,1
2244,0,0.80371513341864,0,1,-0.219470683256041,1,0
2245,0,2.01713059772008,2,1,1.06048798437958,1,1
2246,0,0.0500134982101809,2,0,0.708024141137489,0,1
2247,0,0.00219270897408326,0,1,0.425057863038168,1,1
2248,0,0.460596189034313,1,1,-0.362602510750643,1,0
2249,0,0.170560761444281,1,0,-1.18264725514434,0,0
2250,0,0.422354521958667,1,0,-0.944308026423479,0,0
2251,0,0.394765038806136,1,1,0.900442951934082,1,1
2252,0,3.65846171019591,2,0,-0.392699642981574,0,0
2253,0,0.0877837882003431,2,0,0.98107882926332,0,1
2254,0,0.447772677857088,2,1,0.71277586352322,1,1
2255,0,2.79318082146347,0,0,-1.42960756462966,0,0
2256,0,0.662407859227848,1,1,-0.762119086485881,1,0
2257,0,0.432162457798586,1,1,-1.0733138131725,1,0
2258,0,0.919916254157821,0,0,0.0741420111942851,0,1
2259,0,0.0558943135923282,1,1,-0.168301236304981,1,0
2260,0,0.764355730533487,2,0,-0.126417000583484,0,0
2261,0,1.77774449423199,2,0,-0.341721037909365,0,0
2262,0,0.157214387630423,0,1,0.610603148246333,1,1
2263,0,1.28069942813684,2,0,0.60059559583817,0,1
2264,0,1.77699172558884,0,0,0.461962310825453,0,1
2265,0,1.44908699550882,2,1,1.31491079419649,1,1
2266,0,0.348187562691215,2,0,1.16418196495164,0,1
2267,0,0.920349332301378,1,1,0.404517155443193,1,1
2268,0,0.902896194363978,1,0,-1.0322139234771,0,0
2269,0,1.92552145246548e-05,2,0,-1.52332548086872,0,0
2270,0,0.169662800988766,1,0,0.105465357037313,0,1
2271,0,1.00436337691164,0,0,0.145336569056249,0,1
2272,0,0.044841523925945,1,1,0.0444144970945937,1,1
2273,0,0.724580650122121,2,1,1.2637408243626,1,1
2274,0,0.100650197293575,1,0,0.799373560358767,0,1
2275,0,0.489966077535672,1,1,0.218229575483166,1,1
2276,0,0.164657152066651,2,0,0.216254405164437,0,1
2277,0,0.418327506677345,2,0,2.01514305738017,0,1
2278,0,1.04002116626923,1,0,-1.04959918763838,0,0
2279,0,0.438588854546348,0,0,-0.256061971001682,0,0
2280,0,1.38627418449922,1,0,0.747270105889128,0,1
2281,0,2.16115559294327,2,0,-0.302790750439203,0,0
2282,0,1.46253042785423,1,0,-0.888937697741904,0,0
2283,0,0.14682177752905,1,0,-0.00642538167615178,0,0
2284,0,0.093015078729167,1,1,0.398883655284976,1,1
2285,0,0.0487270183001073,1,1,-0.85258280383802,1,0
2286,0,0.065470614305288,1,1,-1.35186579771482,1,0
2287,0,0.706823115835218,2,0,0.613772445745583,0,1
2288,0,3.9337868256365,1,1,-0.162285505622584,1,0
2289,0,1.86278390422084,2,0,0.700934272811142,0,1
2290,0,0.746401855854833,1,1,-0.600462043247523,1,0
2291,0,2.64219004014578,2,0,-0.972707273551875,0,0
2292,0,1.05864285233811,2,1,-1.05885538377144,1,0
2293,0,0.603452256328528,1,0,0.758312371345332,0,1
2294,0,0.0206374678943631,1,0,0.747020153699981,0,1
2295,0,0.434562203217322,1,1,-0.946987036517833,1,0
2296,0,1.06290929629415,1,1,0.46900944861645,1,1
2297,0,0.258263502042057,1,0,-0.862663595863416,0,0
2298,0,0.269834276612406,2,1,1.62177836983327,1,1
2299,0,0.272672103803789,2,0,-1.52346334160323,0,0
2300,0,1.47561355265353,2,1,-0.587054536067014,1,0
2301,0,0.454987662286901,0,1,2.03595252399359,1,1
2302,0,4.38068998029715,2,0,0.345614037272059,0,1
2303,0,0.852406187024594,1,0,0.142334595785461,0,1
2304,0,1.01479715667665,0,0,0.249591759704235,0,1
2305,0,0.0447535280834451,0,0,0.314782296023906,0,1
2306,0,1.95934616960585,0,0,-0.852248078441251,0,0
2307,0,0.605330306860762,2,0,0.338705842724805,0,1
2308,0,1.43458816444324,2,0,-0.245102066115289,0,0
2309,0,1.32355561885165,2,0,0.0355013608683966,0,1
2310,0,4.43471540536296,2,1,-0.298693291767618,1,0
2311,0,0.573681592582481,1,1,0.561526706461603,1,1
2312,0,1.17355750563244,0,0,-1.45601583695219,0,0
2313,0,0.46125593371414,1,0,-0.59674974721151,0,0
2314,0,0.0060365171732616,2,1,1.13196945165565,1,1
2315,0,0.105673927852405,0,1,-1.85285934402419,1,0
2316,0,0.394652122314778,2,0,0.103463527919152,0,1
2317,0,0.0864803232252598,0,1,-1.62427141109053,1,0
2318,0,0.437858309428766,2,0,0.303048167864543,0,1
2319,0,0.37912364410382,2,1,0.703661832087715,1,1
2320,0,0.829498392855985,2,0,1.81088157849799,0,1
2321,0,0.960713839274646,2,1,-0.202221097166346,1,0
2322,0,3.5835145910581,0,0,-0.751644929657611,0,0
2323,0,0.138267828867438,2,1,2.19289868821076,1,1
2324,0,0.0264288700521043,2,0,0.896624253746297,0,1
2325,0,2.08462419609229,0,0,0.208104264204592,0,1
2326,0,0.772715447716511,1,0,-0.0521269774416475,0,0
2327,0,1.14007582864603,2,0,0.599951410371755,0,1
2328,0,0.298289741641046,1,1,-0.129611468779429,1,0
2329,0,0.291271914713976,2,1,0.219271682306788,1,1
2330,0,1.71122766278661,2,1,0.123402336636686,1,1
2331,0,0.11028578261417,1,0,-1.61199488578069,0,0
2332,0,1.76245896468202,1,0,0.317628090978948,0,1
2333,0,0.128005011682974,1,1,-0.950305696434123,1,0
2334,0,0.114137519324034,1,0,-0.797798071877397,0,0
2335,0,1.91501703994003,1,0,0.581960061079742,0,1
2336,0,0.0281035059167805,1,1,0.112134340870655,1,1
2337,0,0.0971751524149578,1,0,0.362781034808654,0,1
2338,0,0.772488242316969,0,1,-0.0527918224395892,1,0
2339,0,0.613483646884561,0,0,-0.503411710408085,0,0
2340,0,0.0435831953354078,1,0,-0.782900846919806,0,0
2341,0,2.44119091263333,2,0,0.469242647266294,0,1
2342,0,0.315806969632295,1,0,-1.33665856374329,0,0
2343,0,0.349074613828712,1,1,-1.0383779280804,1,0
2344,0,0.378572877345617,1,0,-0.0340350212120007,0,0
2345,0,2.45134005272599,2,0,-0.653664352932593,0,0
2346,0,3.39054404685311,1,1,2.3075569338996,1,1
2347,0,0.421985822419628,2,0,-0.232489945242725,0,0
2348,0,0.341146651201687,0,1,-0.141063015093499,1,0
2349,0,2.38507399049608,2,0,0.996895937234277,0,1
2350,0,0.822156419750316,1,1,-1.19154613642214,1,0
2351,0,1.37606751340263,1,1,2.46362390704339,1,1
2352,0,0.121002049908362,1,1,-0.0393086742686355,1,0
2353,0,0.395847102318449,1,1,-1.8375893542045,1,0
2354,0,0.165864176612576,1,0,-0.852180793720741,0,0
2355,0,0.0843407088216442,1,1,-0.176265876553699,1,0
2356,0,0.167548927631933,1,0,0.47259414376461,0,1
2357,0,0.34824704704366,2,1,0.619869098448243,1,1
2358,0,1.54665398902122,1,1,-0.400346995990355,1,0
2359,0,0.00409465754150714,1,0,0.534586842318405,0,1
2360,0,2.09839251477979,2,1,-0.410051160364962,1,0
2361,0,0.0818207541390551,2,1,-0.356089136761356,1,0
2362,0,0.280811466383947,1,1,0.622140634033434,1,1
2363,0,0.349580249211069,1,0,-1.49001288271829,0,0
2364,0,0.0321293868559822,0,1,1.33366905826211,1,1
2365,0,0.313243408003675,2,0,0.08951899354259,0,1
2366,0,0.191452536485573,1,0,0.0225678650862995,0,1
2367,0,0.407317823132543,0,1,0.694294953302786,1,1
2368,0,2.42801974769771,1,0,-1.03794033303933,0,0
2369,0,0.0503046352206083,1,1,1.46848368654692,1,1
2370,0,1.08726302362096,1,0,0.156973991933881,0,1
2371,0,2.51789584150369,2,1,-0.022946272071597,1,0
2372,0,0.531997567599417,2,1,0.925166893031958,1,1
2373,0,0.441685161943557,1,0,-1.10359744577008,0,0
2374,0,0.462771274322832,1,0,0.592208187311991,0,1
2375,0,0.586559392524682,1,1,0.985548374072863,1,1
2376,0,2.52970826452,2,1,0.348283020678075,1,1
2377,0,0.394560406701958,1,1,-0.310698588834348,1,0
2378,0,2.46053121226491,1,0,-1.16824115308366,0,0
2379,0,0.213224462704823,1,1,1.55625056504247,1,1
2380,0,1.71209842897952,0,1,-0.317754231788576,1,0
2381,0,0.503760116357615,2,0,0.279269021410151,0,1
2382,0,0.0408806759957647,1,0,-0.464148555536443,0,0
2383,0,0.984338670226296,1,1,0.567786216038934,1,1
2384,0,0.187610280278692,1,1,-0.119925737681288,1,0
2385,0,0.479147410603216,1,1,1.28445698998794,1,1
2386,0,0.066644686272542,1,1,-0.818201302449362,1,0
2387,0,0.338603418227402,2,0,1.17935226778976,0,1
2388,0,0.0578658896419117,2,1,0.695983756416479,1,1
2389,0,0.349618409284071,1,1,-1.04105376503677,1,0
2390,0,0.547602220254208,2,0,-0.969216314039925,0,0
2391,0,0.128625265918969,2,0,1.67107023620331,0,1
2392,0,0.267196402297523,2,1,1.23213581480814,1,1
2393,0,0.997235458168954,1,1,-0.976050845702171,1,0
2394,0,0.0117213519616003,1,1,-1.22158799027162,1,0
2395,0,2.86889404368897,0,0,-0.513031632887942,0,0
2396,0,0.325047279321427,1,0,-1.10434386096355,0,0
2397,0,1.07313300639311,1,1,1.56599120563868,1,1
2398,0,0.0875080003763329,1,0,-2.48643200563348,0,0
2399,0,0.427262382264858,2,1,0.160333572274496,1,1
2400,0,0.363754941075429,0,0,1.11003893719816,0,1
2401,0,0.312235113215982,2,0,0.614083020676615,0,1
2402,0,0.0316088516095509,1,1,0.0938807089929473,1,1
2403,0,4.79653232165076,2,0,-0.738137931291423,0,0
2404,0,0.783942523404791,1,0,-0.51673345691525,0,0
2405,0,0.0527258573548338,2,1,0.844820851119036,1,1
2406,0,0.416433290929765,2,1,1.52550224307936,1,1
2407,0,1.07793717610104,1,0,-0.371308064436141,0,0
2408,0,1.61138958608111,0,0,0.756380598409432,0,1
2409,0,1.50036980397999,0,0,1.47624883524366,0,1
2410,0,0.986940660370408,0,0,0.584308033535384,0,1
2411,0,0.108307963394897,2,1,0.0780565486846826,1,1
2412,0,0.245436520157135,0,1,-0.0366032404233966,1,0
2413,0,3.32818230183013,1,1,-0.569166575164617,1,0
2414,0,0.540612939042939,1,0,0.307373442161403,0,1
2415,0,0.240709142396305,2,1,1.04994827067771,1,1
2416,0,0.205862221406015,2,0,-0.0584399342004958,0,0
2417,0,0.453707814837496,0,0,0.45530257867936,0,1
2418,0,0.17275033518672,0,0,-1.78610559527349,0,0
2419,0,0.568056618000246,1,0,0.931369842274645,0,1
2420,0,3.54937355638812,1,1,-0.553123382395858,1,0
2421,0,0.0251245263062966,1,0,-2.7594655542605,0,0
2422,0,0.50615768145012,2,0,0.583378739207177,0,1
2423,0,0.0864757092234658,0,0,-1.16032916341983,0,0
2424,0,0.279295224113454,1,1,-1.6848610173162,1,0
2425,0,1.03764039573501,1,1,-1.17065742081872,1,0
2426,0,0.0653276056578081,0,1,0.242706799441958,1,1
2427,0,1.3507770637588,1,1,0.111321580971866,1,1
2428,0,0.503550361221035,0,1,1.15326912603975,1,1
2429,0,0.245728520718952,2,0,2.1012412402729,0,1
2430,0,0.0299125775678915,1,1,0.471791294650016,1,1
2431,0,0.729359768262366,2,0,-0.147636542589521,0,0
2432,0,1.25203080489923,2,1,0.664473336288707,1,1
2433,0,0.429708322839383,2,0,1.76644895697578,0,1
2434,0,2.83248491047633,1,1,0.099353012301416,1,1
2435,0,0.851194063362532,2,1,0.430218041439121,1,1
2436,0,1.15947629635533,0,1,-0.424951959932323,1,0
2437,0,1.00605551185777,1,1,-0.395560428929657,1,0
2438,0,1.17673701434806,2,0,0.503262034786729,0,1
2439,0,0.972995730116963,0,0,0.876705890872666,0,1
2440,0,0.138360628237327,0,1,0.158469360853618,1,1
2441,0,0.123606187678095,1,0,-1.15430373490694,0,0
2442,0,0.169191747363746,1,1,0.26313265248144,1,1
2443,0,0.311266069709909,1,1,-0.97598638989049,1,0
2444,0,0.239125543739834,0,0,-0.23726975410089,0,0
2445,0,0.22052532192963,1,0,0.00639480849189775,0,1
2446,0,0.643096102584052,1,1,1.31698786067404,1,1
2447,0,1.58175737907489,0,0,-1.34117771988434,0,0
2448,0,0.464240609052647,1,1,-0.723544436648568,1,0
2449,0,1.25783259976296,1,1,-0.901880558606313,1,0
2450,0,0.414184875948196,2,1,2.2619343493101,1,1
2451,0,0.0125993264191775,1,1,0.250750960373037,1,1
2452,0,0.164765042847693,2,1,-0.394395915759431,1,0
2453,0,0.0193725952236523,1,0,-1.13124804031539,0,0
2454,0,1.05819706219031,2,1,0.511559055197,1,1
2455,0,1.27047541429118,0,0,-0.654066127809003,0,0
2456,0,0.203449209439065,1,1,0.0961374448820858,1,1
2457,0,0.0319597908548738,1,1,-0.167623657315852,1,0
2458,0,0.998283705363671,0,0,0.36849433001526,0,1
2459,0,0.25837138571787,1,0,-0.791412680850456,0,0
2460,0,0.50998659942976,1,1,-1.43388624825203,1,0
2461,0,2.32079039575611,1,0,-0.758385004395289,0,0
2462,0,1.35620790154169,2,1,1.11007439645237,1,1
2463,0,0.376745141575186,1,0,-1.04165524822641,0,0
2464,0,0.460356121298078,1,1,0.370635338103607,1,1
2465,0,3.28713644276214,2,0,0.945411143070863,0,1
2466,0,1.20986168082417,1,1,0.294645755748455,1,1
2467,0,1.39906115209063,0,0,-0.439745547883493,0,0
2468,0,3.61479085334608,1,1,-0.6790594775492,1,0
2469,0,0.453067319770716,1,1,-1.34109598474232,1,0
2470,0,0.740954006102699,1,1,0.200049592128833,1,1
2471,0,0.106124346453809,1,1,-0.0113009217242962,1,0
2472,0,0.750083788353301,2,1,1.25360927034034,1,1
2473,0,1.43451980169609,1,1,-0.966782572762885,1,0
2474,0,0.109446432778965,1,1,0.083235332885715,1,1
2475,0,0.550268731147024,2,1,1.1730569315182,1,1
2476,0,0.0517162625075247,1,1,0.818584151178807,1,1
2477,0,1.9806264531818,2,0,0.458508837799596,0,1
2478,0,0.0925375126780802,1,0,-0.710059079750123,0,0
2479,0,0.165854048327004,0,1,-0.966096362486909,1,0
2480,0,0.69108650148477,1,0,-1.83175999654098,0,0
2481,0,0.647137841684848,1,1,1.98033744811851,1,1
2482,0,1.09605535753434,1,1,1.83046423531812,1,1
2483,0,0.497372772497307,1,0,-1.30535095249102,0,0
2484,0,0.358004219616686,1,0,-0.784078637829759,0,0
2485,0,0.0023630999142178,2,1,1.95652086660443,1,1
2486,0,0.0503735981639355,2,1,1.08861830999226,1,1
2487,0,0.239162151561039,1,1,1.8672049431278,1,1
2488,0,0.762191427867106,1,0,1.08727165053253,0,1
2489,0,0.0906164766676393,0,1,1.28392228859391,1,1
2490,0,0.46494275103828,2,0,0.594618597764998,0,1
2491,0,0.47230620612182,1,1,0.198489282999523,1,1
2492,0,2.57082094562964,2,0,-0.340442004454838,0,0
2493,0,0.403143876372138,1,1,-2.01099286260148,1,0
2494,0,0.599168862538326,1,1,0.846221885358644,1,1
2495,0,0.714394240745763,2,1,-0.367713634493256,1,0
2496,0,1.75168181697017,2,1,1.04518187791655,1,1
2497,0,0.351186852837982,1,0,-0.89249467243726,0,0
2498,0,1.55157536730051,1,1,0.750116890295053,1,1
2499,0,0.346431691868202,1,1,1.05040380631357,1,1
2500,0,0.838151573913293,2,0,-0.88532087482701,0,0
2501,0,0.290383072319186,1,1,0.14343171637126,1,1
2502,0,0.0811606236439029,1,0,-1.07878240265665,0,0
2503,0,0.0593380775403508,1,0,-0.764450583831779,0,0
2504,0,1.23570544338377,1,0,-0.803648049136539,0,0
2505,0,0.554357770980486,2,1,0.916524364860779,1,1
2506,0,0.16681609571277,2,1,0.258559952506111,1,1
2507,0,1.58927825638016,1,1,0.450718258308979,1,1
2508,0,0.817051525956293,1,0,-2.1138615031055,0,0
2509,0,0.101825176501008,1,1,0.681333330295057,1,1
2510,0,2.13158815673255,2,1,-1.15321516494228,1,0
2511,0,0.676667411534814,1,1,-0.348532296059414,1,0
2512,0,2.18713044017281,2,1,-0.185562504715638,1,0
2513,0,2.35215361056645,1,0,-0.0787979779056785,0,0
2514,0,1.39509490508589,2,1,-0.429935537274266,1,0
2515,0,2.97265048100952,2,1,0.0357175859179434,1,1
2516,0,0.290260024487624,1,0,0.421839463548531,0,1
2517,0,0.951841307541528,2,0,-0.153012686530743,0,0
2518,0,0.230014532867813,1,0,0.393959959697419,0,1
2519,0,0.117851990249676,1,1,0.310390819071777,1,1
2520,0,3.64244844498536,2,0,-0.395978575743196,0,0
2521,0,1.32912398936848,0,0,0.0810764670946155,0,1
2522,0,1.19068136630131,2,1,-0.0277972536273515,1,0
2523,0,0.292435359974071,2,1,1.28512600840235,1,1
2524,0,0.424271607874513,1,0,-0.0146432686754329,0,0
2525,0,0.00497665156241852,1,1,0.375719594100981,1,1
2526,0,0.0268841259980052,1,0,-0.7895169332744,0,0
2527,0,0.670787212692692,2,0,0.120068777849449,0,1
2528,0,0.324126780994146,2,0,-0.231079761940675,0,0
2529,0,0.605325801469238,2,0,1.22970600626952,0,1
2530,0,0.613098929533008,2,1,1.12605182081129,1,1
2531,0,1.19839980662503,1,1,-0.921874753639792,1,0
2532,0,0.239207959802348,2,1,1.01708280748261,1,1
2533,0,0.504189630357716,0,0,0.738491954084518,0,1
2534,0,0.25892029252159,2,0,-0.16587943628553,0,0
2535,0,0.0607777141874359,0,1,-1.2654583720517,1,0
2536,0,0.528910045833552,1,1,-0.49187746275212,1,0
2537,0,0.473525466452796,2,0,1.9999025114543,0,1
2538,0,1.343455594033,0,0,0.383445324300483,0,1
2539,0,2.5711974652861,1,1,-0.872626322588956,1,0
2540,0,1.30501330374921,1,1,-0.575066169733672,1,0
2541,0,0.0538763311095641,0,0,0.708397602686323,0,1
2542,0,0.0944485914182246,0,0,2.09111846758884,0,1
2543,0,0.612939822797974,0,0,-0.20263007877174,0,0
2544,0,0.615364930019388,1,1,-0.804273106858372,1,0
2545,0,0.124254681901129,2,1,2.60739102617896,1,1
2546,0,2.42382543797087,1,1,1.13725479088303,1,1
2547,0,0.992552047276657,1,1,0.369199521753223,1,1
2548,0,0.166207137632673,2,0,1.61670493485459,0,1
2549,0,0.866698708459531,1,0,-1.68952494339517,0,0
2550,0,1.58073220712443,0,0,-1.37506303748488,0,0
2551,0,0.715283791554285,2,0,0.665128150318211,0,1
2552,0,1.03785260076948,1,1,-0.736124563690152,1,0
2553,0,0.730805991850122,1,1,-1.31696966164613,1,0
2554,0,1.78645420536488,2,0,0.433037845296558,0,1
2555,0,3.94630883903618,2,0,1.1946155833317,0,1
2556,0,0.153345714012782,0,1,0.70388723829842,1,1
2557,0,0.478909643671363,1,0,-1.12192130080326,0,0
2558,0,0.288348636398992,2,0,0.121981440430973,0,1
2559,0,0.305864325616613,1,1,0.47879557439384,1,1
2560,0,0.720029141393228,1,1,-0.727761319596806,1,0
2561,0,0.152599172045787,0,1,-0.292752381881592,1,0
2562,0,1.13137231654387,2,0,-0.607421540611036,0,0
2563,0,0.233371599736305,1,1,0.585785641752473,1,1
2564,0,0.197462673096847,1,1,-0.941556964365532,1,0
2565,0,0.0647397418206628,1,1,0.453263357024922,1,1
2566,0,0.896599917975525,0,1,-0.883841034886979,1,0
2567,0,0.747602969834921,2,0,0.394832531025949,0,1
2568,0,0.761032206089775,1,1,0.292483345615479,1,1
2569,0,0.342594506219029,0,0,1.42103983754804,0,1
2570,0,0.215438395014814,2,1,0.308804530071196,1,1
2571,0,0.323940777297394,1,1,-1.05509276984871,1,0
2572,0,0.0427192908523333,1,0,-0.178702976895451,0,0
2573,0,0.0872824166103983,1,1,-0.048800759858391,1,0
2574,0,0.710389105415034,2,0,-1.11502487456616,0,0
2575,0,0.815288030199247,2,0,0.463632391705696,0,1
2576,0,0.954140531194295,1,1,0.453624238954601,1,1
2577,0,0.466363268593947,0,0,1.41342369208386,0,1
2578,0,0.370036703250914,1,1,1.2801956682288,1,1
2579,0,0.678493124018761,2,1,1.77919166767628,1,1
2580,0,0.374752082961238,1,1,-0.321547207610514,1,0
2581,0,1.05529470679661,0,1,-0.0661202879043099,1,0
2582,0,0.26355991085258,1,0,-0.876160875425533,0,0
2583,0,4.17329409522932,2,0,-0.809156037091429,0,0
2584,0,1.42231320555741,1,1,-1.5386981159515,1,0
2585,0,1.14388356429815,1,1,-1.29693235002404,1,0
2586,0,0.556523180017095,1,0,-1.34189458531309,0,0
2587,0,1.79130031134317,2,0,0.932087279010516,0,1
2588,0,1.04766545408866,2,0,-0.00400639995718548,0,0
2589,0,0.091895476672963,2,0,0.273705169315135,0,1
2590,0,1.1337354830188,2,1,-1.03398129871275,1,0
2591,0,0.939140989260042,1,0,-1.41068184386489,0,0
2592,0,0.8001867219735,2,1,0.866860130804699,1,1
2593,0,0.145264624519594,1,1,-0.501331141709756,1,0
2594,0,0.7433823493145,2,0,-0.234280052108387,0,0
2595,0,0.635867729040073,1,1,-0.90570086311657,1,0
2596,0,0.126862603312192,1,1,-0.0700581674740837,1,0
2597,0,0.0877601186342374,1,0,-1.13471869720027,0,0
2598,0,0.419180258984834,2,0,1.52225646858824,0,1
2599,0,0.757136599043983,1,0,0.395106207117955,0,1
2600,0,0.853760353730032,1,0,2.26358649230138,0,1
2601,0,1.58435390650984,2,0,1.63851947628957,0,1
2602,0,0.877401548037665,1,1,-0.742471147917949,1,0
2603,0,0.106823729972045,0,1,-0.409426731950135,1,0
2604,0,1.0958641446474,2,0,-0.433070457795699,0,0
2605,0,0.0164801514120908,2,0,0.479519457324684,0,1
2606,0,0.452441616651703,1,1,0.144998054299701,1,1
2607,0,0.666669098398009,2,1,0.419057081042644,1,1
2608,0,2.64485329101384,1,1,0.0816581590634523,1,1
2609,0,0.459792488140464,2,0,-0.894182867603662,0,0
2610,0,0.650752053285639,0,1,-0.932310217854287,1,0
2611,0,0.544456854509119,1,0,-0.847794325859747,0,0
2612,0,0.356983393673566,2,0,-0.25022408634816,0,0
2613,0,0.779618144618331,1,0,-0.433158381599736,0,0
2614,0,0.267676134691801,0,1,-0.111492885695832,1,0
2615,0,0.144101657342461,2,0,1.6418308713388,0,1
2616,0,0.715513326592668,0,1,1.2542834992364,1,1
2617,0,0.279554563584254,1,1,-0.654551388614723,1,0
2618,0,0.810781175900313,1,1,-0.17287062989849,1,0
2619,0,2.97579433866221,1,0,0.20721009989511,0,1
2620,0,0.292403121568087,1,0,-0.574886816623847,0,0
2621,0,1.89383022120762,2,0,0.661923765439352,0,1
2622,0,0.510658212006092,0,0,-0.990881844908373,0,0
2623,0,1.85090415869298,1,0,0.282814854801149,0,1
2624,0,0.943032355828569,1,0,-1.48520700957578,0,0
2625,0,2.36025833524764,0,1,-0.165699089622126,1,0
2626,0,0.716101755715434,1,1,-1.50947858872739,1,0
2627,0,0.25198896438239,2,0,-0.788939548427239,0,0
2628,0,1.06692953170218,1,1,1.31754690908535,1,1
2629,0,0.0936644766330429,2,1,0.489637356734451,1,1
2630,0,1.12891407901781,2,0,1.40808459830322,0,1
2631,0,0.515769363782076,0,1,0.332183015121381,1,1
2632,0,0.825453466002189,1,1,-0.072641122490998,1,0
2633,0,0.939084660882751,0,1,-0.333848301722738,1,0
2634,0,3.66385299651462,1,1,0.986105545509529,1,1
2635,0,1.19723439446697,2,0,2.12664725806261,0,1
2636,0,4.37203199189349,2,1,-0.773037728609741,1,0
2637,0,0.0179740900134375,2,1,-0.683965920418943,1,0
2638,0,0.631485505742953,2,0,-0.113843061146206,0,0
2639,0,0.474604492540415,2,1,-0.0134588723729986,1,0
2640,0,2.45461327644686,0,0,-0.331074289208269,0,0
2641,0,0.517675569280982,0,1,0.106691201472769,1,1
2642,0,0.0469574150614912,2,1,-0.000267124233876938,1,0
2643,0,0.370393716972311,1,1,0.503449329057464,1,1
2644,0,0.00349208242193566,1,1,-1.5161940248709,1,0
2645,0,2.39439283062012,2,0,0.206054231110129,0,1
2646,0,0.240435747686262,2,1,2.15668426033965,1,1
2647,0,1.15959692714526,1,0,-0.182759908740465,0,0
2648,0,0.609910098581721,1,1,-1.93693730872921,1,0
2649,0,0.761089718677799,2,0,0.459579060740232,0,1
2650,0,0.831581155552493,1,1,-1.44930903403363,1,0
2651,0,1.21762875183623,1,1,0.379002999226493,1,1
2652,0,3.17150317906674,2,1,-0.308742985673644,1,0
2653,0,0.206219883288881,1,1,-0.73254256150848,1,0
2654,0,0.0910245033880186,1,0,0.111302931715637,0,1
2655,0,0.448441742998782,2,1,0.4494757108808,1,1
2656,0,0.300232821532008,2,1,1.55754730715331,1,1
2657,0,0.592545528290551,1,1,-0.656288942232018,1,0
2658,0,0.290344729041461,2,0,0.518928307226673,0,1
2659,0,2.4198769298205,1,1,0.437506399114919,1,1
2660,0,0.00209393424926996,1,1,0.39621305721556,1,1
2661,0,0.682446329109385,1,1,-0.762061364992532,1,0
2662,0,2.00494064182108,2,0,0.474666007389406,0,1
2663,0,1.39556086311738,0,0,0.650832649450807,0,1
2664,0,0.972362962028665,1,1,-1.3343003017052,1,0
2665,0,3.20023417596526,2,1,0.607028953421308,1,1
2666,0,0.301357697712844,2,0,-0.443307114230276,0,0
2667,0,0.133098378871285,1,1,-1.07964359725419,1,0
2668,0,0.382164741162593,1,0,0.113867176173713,0,1
2669,0,0.450650773716613,2,1,-1.08658836503473,1,0
2670,0,1.40378281117548,1,1,2.45570157034384,1,1
2671,0,0.324342180397946,2,1,0.75821014173997,1,1
2672,0,0.209987489928994,1,1,0.198876071633973,1,1
2673,0,1.86706940785615,2,0,0.711411191025134,0,1
2674,0,0.612273728248206,1,0,-0.680563725059217,0,0
2675,0,0.387890457860881,1,1,0.313158777297973,1,1
2676,0,0.137234930663635,1,0,0.190306209259689,0,1
2677,0,0.107043727049908,1,1,-1.31248569376946,1,0
2678,0,0.321577818270881,1,1,-0.967631319510318,1,0
2679,0,0.154873261477469,2,1,1.74473331266424,1,1
2680,0,0.139988247979461,1,0,0.238368686583146,0,1
2681,0,3.45071086580866,1,1,0.0151584760485364,1,1
2682,0,2.08266306485833,1,1,-0.363261828643415,1,0
2683,0,1.64340360158638,1,1,-0.489866301246138,1,0
2684,0,0.492631541223545,2,1,-0.147075796888721,1,0
2685,0,0.0601144403513303,1,1,-0.642217062056096,1,0
2686,0,1.43213024001561,1,1,-0.200826983662835,1,0
2687,0,0.433387260650477,2,1,1.2396872671497,1,1
2688,0,0.258826300645511,1,1,-2.45082257606746,1,0
2689,0,1.67970952796397,2,0,0.845360377897323,0,1
2690,0,2.32479184717385,2,0,0.655129170947729,0,1
2691,0,0.505367697753851,1,0,-1.34994285014658,0,0
2692,0,0.147258717763204,1,1,-0.497322234153797,1,0
2693,0,0.0441415817898082,2,0,0.991273341696992,0,1
2694,0,5.89283855351276,2,0,0.646530400101479,0,1
2695,0,0.28806198824449,1,1,0.25885200662512,1,1
2696,0,0.331456156639409,1,0,-0.786790511092584,0,0
2697,0,0.647465139764463,0,0,-0.246721876061933,0,0
2698,0,1.30450167368699,2,0,0.657004677114342,0,1
2699,0,0.505898992114275,1,0,0.138505257151181,0,1
2700,0,0.380193920507846,1,1,-1.11986276339352,1,0
2701,0,0.841025433352864,1,1,-0.92683976517052,1,0
2702,0,2.52126141495419,2,0,-0.0101861629617631,0,0
2703,0,0.47380077047962,1,1,0.72835955702803,1,1
2704,0,1.814746300179,0,0,-0.043854801313783,0,0
2705,0,0.12423595988711,1,1,-0.460966040089669,1,0
2706,0,1.37515442066148,1,0,-0.68187964428593,0,0
2707,0,1.24150332639369,0,0,-0.136854650997898,0,0
2708,0,0.605384634220254,1,0,0.425251714558693,0,1
2709,0,0.193121235324573,1,1,0.544683268878511,1,1
2710,0,0.0306609829933395,2,1,0.65938069698661,1,1
2711,0,2.08638414832757,1,1,-0.215061672039192,1,0
2712,0,1.78992088498162,2,0,0.169194400803138,0,1
2713,0,0.263412603862536,2,0,0.146670096150975,0,1
2714,0,0.324522153661746,1,0,0.793917373009172,0,1
2715,0,2.47945012319606,2,1,0.758240715951206,1,1
2716,0,0.183848946862977,2,0,1.16984140495006,0,1
2717,0,0.166030553993391,1,1,-1.86140416610667,1,0
2718,0,0.118172251665852,2,1,1.05202174416665,1,1
2719,0,0.192280455181996,0,0,-0.0437460574712676,0,0
2720,0,0.447222216680129,2,1,-0.25147578336392,1,0
2721,0,0.873470858776989,2,0,0.232964564813702,0,1
2722,0,0.535690481198839,1,1,1.83931966985921,1,1
2723,0,0.376178129410324,1,1,0.00450431252192215,1,1
2724,0,0.982562842140103,2,0,1.79496652065084,0,1
2725,0,0.739977815262783,1,1,-0.35848295532421,1,0
2726,0,1.1970064169606,0,1,0.952388083156009,1,1
2727,0,0.0381546708953687,1,1,0.789919873852896,1,1
2728,0,0.361182001648603,2,1,0.461419179513124,1,1
2729,0,0.983843952426684,2,1,2.09884523194806,1,1
2730,0,0.197745497773025,1,0,-0.546258214197829,0,0
2731,0,0.590231136427184,2,1,1.81328651063404,1,1
2732,0,0.514616020493641,0,0,1.00049564415083,0,1
2733,0,6,0,0,-1.18140922472907,0,0
2734,0,0.197278629009176,1,1,-1.65726432205857,1,0
2735,0,0.410585914590175,0,0,-0.690538562329838,0,0
2736,0,0.624186716445545,1,0,1.07704773953534,0,1
2737,0,0.828666074692496,2,0,-0.31470224065465,0,0
2738,0,0.684345162288648,1,1,-0.278659810913585,1,0
2739,0,0.401805024063028,2,0,2.72240669455495,0,1
2740,0,0.319764641640055,1,0,-1.36674957034402,0,0
2741,0,1.80236052520583,2,0,0.897231668009673,0,1
2742,0,3.74784221639184,2,0,1.42436775869493,0,1
2743,0,0.367618666166058,1,1,-0.0776283462253379,1,0
2744,0,1.12184040165935,0,0,1.22956904421742,0,1
2745,0,0.665182579395776,1,0,-0.309267518567426,0,0
2746,0,0.116994313407904,1,1,-0.922728106976555,1,0
2747,0,0.297999877952705,0,1,0.00740912277375728,1,1
2748,0,2.17204962636479,2,1,0.0496161077531711,1,1
2749,0,0.431603570159971,1,0,-1.98773037423403,0,0
2750,0,0.937861497894974,2,0,0.399980778823503,0,1
2751,0,0.164907977901293,1,0,-1.82223793389092,0,0
2752,0,0.535046433468689,1,0,-0.393295677002464,0,0
2753,0,0.250788550622901,1,0,-0.17759358802769,0,0
2754,0,6,0,0,-0.641918128433611,0,0
2755,0,0.791082088053395,1,1,-0.381770428054251,1,0
2756,0,0.0819266692971459,1,1,-0.299889121153351,1,0
2757,0,0.0875129466113181,2,0,1.21205803054466,0,1
2758,0,0.173710578431686,0,0,-0.204266566679314,0,0
2759,0,0.0664421233646154,1,1,-2.20280693166738,1,0
2760,0,0.115893018944798,1,1,-0.566370204795455,1,0
2761,0,2.42396869453865,2,0,0.180457547386436,0,1
2762,0,0.107213334575895,1,0,-0.0351690022790016,0,0
2763,0,0.143089859900769,1,0,-1.66169917246416,0,0
2764,0,4.87292222665984,2,0,0.200243586681279,0,1
2765,0,1.13884371019178,1,0,0.784214868020232,0,1
2766,0,0.243394167697269,2,1,0.281808827899668,1,1
2767,0,0.205043068740364,1,1,0.82761764363904,1,1
2768,0,0.514127562239163,1,1,0.0932296963677267,1,1
2769,0,1.4949259822473,2,0,0.604392336912379,0,1
2770,0,0.0463628112970745,0,1,1.50922113793904,1,1
2771,0,0.0835665485195013,1,1,-0.489265642702195,1,0
2772,0,1.70663008308191,1,1,-0.22478508129267,1,0
2773,0,0.624210753958397,1,1,0.351527381191249,1,1
2774,0,0.290219688488571,2,1,1.5878520491817,1,1
2775,0,0.710234971877781,2,1,-0.660337788647124,1,0
2776,0,1.02855954231179,1,0,0.758986056720615,0,1
2777,0,0.549333057373182,2,1,1.97956427649295,1,1
2778,0,0.29254170230989,0,1,-0.128866580475908,1,0
2779,0,0.345233997395015,1,1,0.483943747673133,1,1
2780,0,0.991798967566379,1,1,0.253413158778412,1,1
2781,0,2.19030331106437,1,0,-0.318690579926464,0,0
2782,0,2.5699795278905,2,1,0.527706630291659,1,1
2783,0,0.10922560987495,1,1,-0.0210514612065392,1,0
2784,0,0.118329272896959,1,1,0.459588039404163,1,1
2785,0,0.211703678208675,2,1,0.584255614891085,1,1
2786,0,1.23658883351575,2,1,0.0649265729636757,1,1
2787,0,0.20209395759802,1,1,-0.7959612688918,1,0
2788,0,0.278008945487978,1,1,1.21814105398733,1,1
2789,0,0.424310740848179,1,1,0.649930654681929,1,1
2790,0,0.896515159951943,1,1,-0.340568110597543,1,0
2791,0,0.5060526865376,2,0,0.391166071169214,0,1
2792,0,0.725255696247179,2,1,0.448478613558314,1,1
2793,0,0.670022993221034,1,0,0.686608443140146,0,1
2794,0,0.122442185487297,1,1,-1.18441730903137,1,0
2795,0,0.164054742251291,1,0,-0.0499021092403252,0,0
2796,0,2.50276326827675,2,0,-0.204029247466183,0,0
2797,0,1.17499166478713,0,0,0.154521964539295,0,1
2798,0,1.331726833027,1,1,-0.981982950398356,1,0
2799,0,0.661368968905009,1,1,0.272910665129633,1,1
2800,0,0.805308749035447,1,0,0.390665979204698,0,1
2801,0,0.0509987924641813,0,0,-1.48463900601386,0,0
2802,0,0.546561678801089,2,0,0.163051921372535,0,1
2803,0,1.82932481580062,2,0,1.06203981349589,0,1
2804,0,0.768923075199348,1,1,0.412097461532739,1,1
2805,0,0.610837826178304,2,1,1.28427508719873,1,1
2806,0,0.630413262879672,2,0,-0.421396962207923,0,0
2807,0,1.87555059572206,1,0,-0.176224904661921,0,0
2808,0,0.0931043883029616,2,0,1.72824763709404,0,1
2809,0,2.40114585186044,0,0,-0.253683149635144,0,0
2810,0,2.70246276321511,0,0,0.168291760245423,0,1
2811,0,0.911217536414618,2,0,1.35923884366374,0,1
2812,0,0.112476296086322,2,1,0.678084432040547,1,1
2813,0,1.31071370583741,0,1,-0.642582001033726,1,0
2814,0,2.77898857059411,2,1,0.096220316654153,1,1
2815,0,1.23766578805234,1,1,1.19445208091133,1,1
2816,0,0.0265743769705296,0,1,1.94715558853185,1,1
2817,0,0.271629514394255,2,0,0.571007007642154,0,1
2818,0,0.335447348951791,1,1,-0.94924344682691,1,0
2819,0,0.965871189591329,1,0,1.23838801940578,0,1
2820,0,0.0760173138106483,1,1,-0.528493654162478,1,0
2821,0,1.96221516731657,0,0,0.768599790693242,0,1
2822,0,0.128074895093649,1,0,-1.55649640692406,0,0
2823,0,0.505748412646306,1,1,-0.815601031572711,1,0
2824,0,3.8947394240675,1,1,0.472392799468554,1,1
2825,0,1.33395735129603,1,1,1.18318823470265,1,1
2826,0,1.02797261761437,1,1,0.494731911753557,1,1
2827,0,1.68486611171004,2,0,-0.808615250015008,0,0
2828,0,0.0534223066687922,1,0,-1.29834488256753,0,0
2829,0,0.586702151757205,1,0,-0.196196133625354,0,0
2830,0,1.16920446885952,1,1,-0.27739924508281,1,0
2831,0,0.142131280519264,2,1,0.740087931339121,1,1
2832,0,1.96886201521316,2,0,1.88213131100325,0,1
2833,0,1.46673331731276,1,0,-1.27111696233256,0,0
2834,0,0.101513241728147,0,1,0.0869459877970613,1,1
2835,0,0.785155808740459,1,1,-0.35075466480764,1,0
2836,0,0.531491857323886,2,0,1.94524602804599,0,1
2837,0,0.430160138646464,1,1,-1.27507273995904,1,0
2838,0,0.319260688165853,1,0,0.949214104868932,0,1
2839,0,1.25303678977638,1,0,-0.885125069488321,0,0
2840,0,0.43045254937117,1,1,-0.358864797051605,1,0
2841,0,0.0681771122925653,1,0,-0.0524111728022123,0,0
2842,0,1.0741735498309,1,0,0.252107296274045,0,1
2843,0,2.21596113988731,1,0,-0.150522513099817,0,0
2844,0,2.70288497390781,1,1,0.526521772252822,1,1
2845,0,0.102642127662927,2,0,0.934786274117977,0,1
2846,0,0.346774204051512,1,0,1.62366679476172,0,1
2847,0,0.796771465452888,2,0,-0.233826335192067,0,0
2848,0,1.98317456319502,2,0,-1.19231196166363,0,0
2849,0,0.175787354086997,1,1,-2.89526799828344,1,0
2850,0,0.127736837189592,2,0,0.365392963178493,0,1
2851,0,0.131331239047761,1,1,0.121656950173447,1,1
2852,0,1.5859417416442,1,1,0.916064241176767,1,1
2853,0,0.0334909244366394,1,1,-0.263575306164579,1,0
2854,0,0.0938628179331621,0,0,0.834804484048014,0,1
2855,0,0.570639412160269,2,1,0.182869026083699,1,1
2856,0,0.943996822517361,1,0,-0.726322083687119,0,0
2857,0,0.832743266464608,2,1,0.248846929699985,1,1
2858,0,0.0130212696212981,1,0,0.363856184645007,0,1
2859,0,0.157549682383736,0,0,-0.341668189436014,0,0
2860,0,0.274738867329234,1,1,-0.56613869199816,1,0
2861,0,0.335767031590624,1,1,-0.598797655969464,1,0
2862,0,2.83861692894669,2,0,0.831542082138578,0,1
2863,0,0.745276440944747,1,1,0.189875096084241,1,1
2864,0,0.976413788101715,1,0,-1.28319718568681,0,0
2865,0,2.67878406452715,2,1,0.931749396454364,1,1
2866,0,2.40359121918523,1,1,0.32514176072739,1,1
2867,0,0.602429248233925,2,1,1.38055193334964,1,1
2868,0,2.90407580348359,2,1,-0.871638603862355,1,0
2869,0,1.27663636274161,2,0,-0.979928033389451,0,0
2870,0,1.89720203237722,1,1,-1.37775982546004,1,0
2871,0,1.05817723087966,0,1,-0.800076857037842,1,0
2872,0,1.16812317022856,2,0,2.03305846368267,0,1
2873,0,1.54195228791503,1,0,0.489202692898205,0,1
2874,0,0.345387402580825,2,1,0.460831443129119,1,1
2875,0,0.51482754940159,2,1,-0.15336505755712,1,0
2876,0,1.62945454025723,1,1,0.322639358905732,1,1
2877,0,0.664690421122737,2,0,1.50831724875753,0,1
2878,0,0.315412367018511,1,1,-1.46173229610472,1,0
2879,0,0.522965131736797,2,0,0.463976347690713,0,1
2880,0,0.214980390184205,1,1,-0.614532061697824,1,0
2881,0,0.817930398822259,1,1,0.0198500683698409,1,1
2882,0,0.37944403787454,0,1,0.143087651323084,1,1
2883,0,0.543898325614445,1,1,0.148365484748783,1,1
2884,0,1.75569083572893,1,0,0.979572416057499,0,1
2885,0,0.135614530334502,1,0,-0.960631832693385,0,0
2886,0,2.16170494584451,2,0,-0.299233330924794,0,0
2887,0,0.348569250209061,1,1,3.01934417115934,1,1
2888,0,1.48714071776084,2,1,0.0193078747009938,1,1
2889,0,0.957253634308775,0,0,-0.169632735198928,0,0
2890,0,0.359647172743282,1,1,0.294209586925866,1,1
2891,0,0.283715642773536,0,1,-0.855340537395113,1,0
2892,0,1.29589954325064,1,0,-0.981423859090281,0,0
2893,0,1.03458840162305,1,0,1.3154225175341,0,1
2894,0,0.197835559513396,1,1,0.205994144670209,1,1
2895,0,2.22299260449093,2,1,-0.577719757168468,1,0
2896,0,0.312482636943184,2,1,1.69667610901906,1,1
2897,0,0.388857099040464,1,1,-0.764907327102959,1,0
2898,0,0.725380579363531,2,1,0.207774168145816,1,1
2899,0,1.95552201078459,1,1,-1.20734074370252,1,0
2900,0,0.760443826129199,2,1,0.259464818415303,1,1
2901,0,0.368027674182284,1,0,0.622510290502354,0,1
2902,0,1.95099824451383,2,1,-0.00708648366169194,1,0
2903,0,1.72275187532084,1,0,0.278251480258152,0,1
2904,0,4.35564442381783,2,0,-0.950492512941615,0,0
2905,0,0.428554448371778,2,1,0.685580489804317,1,1
2906,0,0.347104995787989,2,1,2.22453704692634,1,1
2907,0,1.40620212257887,1,1,-0.239958167154839,1,0
2908,0,1.50338805516778,2,1,-0.740498592472479,1,0
2909,0,0.0098079414105081,1,1,0.723039456470387,1,1
2910,0,0.811709889414565,2,0,0.740533077445528,0,1
2911,0,0.632049805843909,1,0,0.647674374569885,0,1
2912,0,1.49551623554137,1,0,-1.68735485016722,0,0
2913,0,1.06019537387437,1,1,-0.135072055884575,1,0
2914,0,1.10223538579018,1,0,-1.06617025538467,0,0
2915,0,1.40085635467763,1,1,1.62845608323278,1,1
2916,0,0.490397254226485,0,0,1.26764818692735,0,1
2917,0,1.41630596878336,1,1,0.456043281389217,1,1
2918,0,0.0787862390277647,2,0,0.319567625923227,0,1
2919,0,2.29244636250298,1,1,-0.250265167826133,1,0
2920,0,1.74417158570645,1,1,-0.553818941230794,1,0
2921,0,0.229438981005311,1,1,0.391604848973123,1,1
2922,0,1.80641054091188,2,0,1.22121163414381,0,1
2923,0,0.0800836367635496,1,1,-0.144027751596924,1,0
2924,0,1.56178690197875,0,0,1.19547142942955,0,1
2925,0,0.957611073859981,1,1,-1.33627557799931,1,0
2926,0,1.06046787572353,1,1,-1.02170773520025,1,0
2927,0,0.0384111057707411,1,0,-0.458014071462253,0,0
2928,0,0.286453420585192,2,0,-0.4369937570884,0,0
2929,0,0.127252271915233,1,1,0.0734777934886026,1,1
2930,0,2.13595662537431,2,0,0.139258031990001,0,1
2931,0,0.353934626290149,1,1,0.604867762889328,1,1
2932,0,6,0,1,-0.688471963222217,1,0
2933,0,1.42895679353123,2,1,0.120961964723182,1,1
2934,0,0.0725094331149075,2,0,0.353774296395547,0,1
2935,0,0.543150613084435,0,1,0.638714200381241,1,1
2936,0,0.937484555567304,0,1,0.751285015660558,1,1
2937,0,0.729681075881907,1,0,-0.934631261034464,0,0
2938,0,0.752140104458201,1,0,-0.463702666545253,0,0
2939,0,1.8822491231064,0,0,-0.102358849376895,0,0
2940,0,0.283082650768332,1,0,0.110549717083004,0,1
2941,0,3.25662469056876,1,0,2.43974171195417,0,1
2942,0,0.0431660131090726,1,1,-0.654897168142855,1,0
2943,0,1.57878472780188,0,1,2.00820559383779,1,1
2944,0,1.65998127996633,1,0,0.744449054081759,0,1
2945,0,1.3979126390551,2,1,1.56723056968964,1,1
2946,0,0.234433193193851,1,1,0.188494710797809,1,1
2947,0,0.290605654041021,2,0,-0.145392729970262,0,0
2948,0,2.51519961341191,2,1,-0.586933834352358,1,0
2949,0,0.239836741238832,0,1,-1.62949291975425,1,0
2950,0,0.160306838339566,2,0,0.749142329247282,0,1
2951,0,1.22253234838714,2,1,-0.253133077938729,1,0
2952,0,1.15973911661699,2,1,0.764083474573931,1,1
2953,0,0.657792535237404,1,1,1.00096687862756,1,1
2954,0,0.884106467053281,0,0,-0.945873020479874,0,0
2955,0,0.637195055666795,1,1,0.476835793585776,1,1
2956,0,1.08459503700336,0,0,0.560670909992281,0,1
2957,0,1.63478721463642,2,0,-0.568514701902772,0,0
2958,0,0.135673919766971,2,0,2.47951684875648,0,1
2959,0,0.0283269612239921,1,1,-0.43295682125474,1,0
2960,0,0.120312056078031,2,0,2.43422648441443,0,1
2961,0,0.240858534526347,1,1,-0.00961696711524261,1,0
2962,0,0.459221831960673,1,1,1.71752766070409,1,1
2963,0,1.8519575688188,2,0,0.0436355567651403,0,1
2964,0,1.05033961953687,2,0,-0.303320122322275,0,0
2965,0,0.186934170109317,1,0,-1.11694002579449,0,0
2966,0,0.214192196938613,1,0,0.491777183349486,0,1
2967,0,0.447451700025764,1,0,-0.721375857231542,0,0
2968,0,0.864806171455515,1,0,-1.25593408418382,0,0
2969,0,2.60674927291334,2,1,-0.0884726780325135,1,0
2970,0,3.15923874698609,1,1,0.516175326070001,1,1
2971,0,0.311765990293091,1,1,-0.326894877492256,1,0
2972,0,1.76039552656229,1,0,0.19596146846898,0,1
2973,0,0.0981931450104127,1,0,-0.629883262922037,0,0
2974,0,0.911830804610348,2,1,1.60334000626804,1,1
2975,0,0.232476159024085,1,0,0.848840318808142,0,1
2976,0,1.63753028828664,2,0,-0.0839343541509537,0,0
2977,0,0.710683560484027,2,0,0.143966096114123,0,1
2978,0,1.45208534486567,2,0,0.941935114146976,0,1
2979,0,2.64061276545187,1,0,-0.596858989665656,0,0
2980,0,0.441272308056542,1,1,-0.337936854144815,1,0
2981,0,0.741563336923718,0,0,0.337021460417069,0,1
2982,0,2.34598230130845,1,1,-0.873664956061287,1,0
2983,0,5.93354290637441,2,0,-1.18879143495977,0,0
2984,0,0.294607937249336,1,1,-0.812630318541567,1,0
2985,0,0.293557556636345,1,0,-0.690619507716311,0,0
2986,0,1.40368452679452,2,1,1.37102239738384,1,1
2987,0,0.456691760627498,1,1,-0.395094004858683,1,0
2988,0,1.31447016874465,2,1,-0.089969301325962,1,0
2989,0,0.921907834673863,0,0,0.72098814927535,0,1
2990,0,0.442325491458178,0,1,0.856152273501504,1,1
2991,0,1.35181311049373,1,0,-0.852685018331346,0,0
2992,0,0.422117072039213,2,0,0.754830916574276,0,1
2993,0,0.416729250266581,1,0,-1.92974429183736,0,0
2994,0,1.19439569182748,1,1,-0.0322033871368123,1,0
2995,0,0.0526250409306422,1,0,-1.03729209031046,0,0
2996,0,1.54397932897339,1,0,0.264850505920248,0,1
2997,0,0.0241453610492839,1,1,-0.536169282159619,1,0
2998,0,0.723991740345634,2,1,0.974491812831037,1,1
2999,0,0.550529343448158,1,1,0.699254711789466,1,1
3000,0,1.51121053107218,2,0,1.02239534436703,0,1
