"id","L","X","status","z1","z2","cgroup","tgroup"
1,0,0.270928353794304,2,0,-0.178963172417685,0,0
2,0,6,0,0,-0.146503066494486,0,0
3,0,0.288382582366467,0,0,-0.280638986507385,0,0
4,0,0.19277330591409,2,1,0.431949546933877,1,1
5,0,1.7414368274352,0,0,-0.0210919561662425,0,0
6,0,0.0375197110245068,1,0,-1.31961792208781,0,0
7,0,0.755652199017324,2,0,0.338314117584272,0,1
8,0,0.323343544985947,1,1,0.967892554010661,1,1
9,0,0.699119387815396,0,1,-1.43636361539078,1,0
10,0,0.204965040708582,0,1,0.369475336004752,1,1
11,0,0.635402309593775,1,1,-2.23332552507985,1,0
12,0,0.359538677672569,1,1,-0.93821656695413,1,0
13,0,0.881413258612156,0,0,0.0560088538872184,0,1
14,0,0.459029959313793,1,0,-0.0503875709438636,0,0
15,0,0.350187172492345,0,0,0.424279802194603,0,1
16,0,3.18198575993612,2,0,-0.214682338242256,0,0
17,0,0.154022923905183,2,0,0.436298353509871,0,1
18,0,0.650475455349086,2,1,0.848417452593856,1,1
19,0,0.207851522912582,0,1,0.275535859295226,1,1
20,0,1.67791958756867,2,0,0.676145097296215,0,1
21,0,0.258969328954252,1,1,-1.26711906962608,1,0
22,0,1.31480085449947,1,0,-0.316615181784044,0,0
23,0,2.16452091476128,1,1,-0.418290140258155,1,0
24,0,0.193381687076406,1,1,-0.497987883327708,1,0
25,0,1.52890932424906,2,0,1.50809727456618,0,1
26,0,0.917574490415108,1,0,-1.02951902493554,0,0
27,0,0.0588107531004129,1,1,-3.62201187313041,1,0
28,0,0.238083339187267,1,0,-1.05608764771902,0,0
29,0,0.927448177175197,2,1,0.327715653190846,1,1
30,0,1.66249484444658,0,0,0.270721759401688,0,1
31,0,0.987041409373008,1,0,-0.423182803379928,0,0
32,0,0.389603362836854,0,0,-1.12186970809013,0,0
33,0,4.43356208813687,0,0,0.30439099185987,0,1
34,0,0.0569409583395505,2,0,-1.53323043812048,0,0
35,0,0.818481217958335,2,0,0.415596426721821,0,1
36,0,1.45155888905408,1,0,-1.09864721095752,0,0
37,0,0.312785201114212,2,1,2.03190835121417,1,1
38,0,0.263824802107744,0,1,-0.661265932265456,1,0
39,0,0.743286861106753,0,0,0.748874389070342,0,1
40,0,0.230895079791423,1,1,-0.325319087041861,1,0
41,0,0.197419548499426,1,1,0.64555814833247,1,1
42,0,1.68098084782397,2,0,0.369538859948427,0,1
43,0,1.38893616179094,1,1,-0.289338237146198,1,0
44,0,0.240918342024088,0,1,1.89933193923084,1,1
45,0,0.150343749915092,1,0,2.09394352711121,0,1
46,0,1.94027224082544,2,1,-0.450710803275106,1,0
47,0,0.167205063925666,1,1,-1.21709446147326,1,0
48,0,4.03901784488386,2,0,-1.02377452812997,0,0
49,0,0.261999267276742,1,1,-0.0656145463538675,1,0
50,0,0.386236356623058,1,0,-1.81467418852955,0,0
51,0,3.2668250849466,2,0,-0.249655845108999,0,0
52,0,1.96259400756209,1,0,-0.860754189798321,0,0
53,0,0.568030587093881,2,1,0.98482809099138,1,1
54,0,0.783643155531436,1,1,1.00520096842698,1,1
55,0,0.742359213077804,2,0,0.480149333860934,0,1
56,0,1.14595259850224,0,0,0.395915418678549,0,1
57,0,0.968160293775603,1,1,0.331602795798744,1,1
58,0,2.15492904310641,1,1,-0.84216813813792,1,0
59,0,0.231236770981042,1,1,0.0415173017895014,1,1
60,0,1.26506839797999,0,0,0.239203422741822,0,1
61,0,0.245729476551702,2,1,-0.159907347489318,1,0
62,0,0.352557049928116,0,0,0.149910243584752,0,1
63,0,3.33033296666238,2,1,0.0814079304487728,1,1
64,0,1.97709208684937,0,0,-0.431045329924863,0,0
65,0,1.48104809845487,0,1,-1.2880719894795,1,0
66,0,1.56162091767804,1,0,-1.2829686426441,0,0
67,0,0.381257377922991,1,1,0.569175301709057,1,1
68,0,0.0645544919752262,1,0,-0.32831194471172,0,0
69,0,0.123227080330253,0,1,2.36937594520406,1,1
70,0,0.2106713574676,1,1,-0.720495651774979,1,0
71,0,0.865849541820794,2,1,-0.358731551701584,1,0
72,0,0.251903585006654,1,1,0.210320143004,1,1
73,0,1.35849458615355,2,0,-0.175761040642603,0,0
74,0,0.165780315286054,2,1,-0.552417864015782,1,0
75,0,0.345351605278801,1,0,-0.814774809419413,0,0
76,0,0.61019537349542,0,0,1.44802582635509,0,1
77,0,0.288953762280559,2,0,1.68935305860168,0,1
78,0,0.349810836682679,2,1,1.3580804428825,1,1
79,0,0.152670234770565,0,0,-0.425947718362387,0,0
80,0,0.311608120951304,1,1,0.175070069442781,1,1
81,0,0.326331914535138,2,1,1.48949790223746,1,1
82,0,1.4307605593639,1,1,0.118772128080903,1,1
83,0,0.184420745622419,0,0,1.55550409412588,0,1
84,0,1.33857298500093,2,1,0.680887808146721,1,1
85,0,4.60556731248895,0,0,-1.26494935549473,0,0
86,0,0.985540157886912,2,0,1.09178723993056,0,1
87,0,0.905174771310447,2,0,0.533237181703712,0,1
88,0,0.96132200739957,1,0,-2.25463492834766,0,0
89,0,0.473617729743614,1,1,-1.59934097166046,1,0
90,0,0.468044445539514,0,1,0.0224134734476214,1,1
91,0,1.09741581668616,1,0,0.992662929817176,0,1
92,0,3.2766991489469,2,1,-0.645964158700971,1,0
93,0,0.34206394124243,1,1,-0.12417683488905,1,0
94,0,0.468068308258657,2,0,1.87155134178728,0,1
95,0,0.548056960154587,1,0,0.121914695202326,0,1
96,0,0.617706061651309,0,1,1.070196998841,1,1
97,0,1.08966308828381,1,0,0.343342247302698,0,1
98,0,1.36830556447943,2,1,0.0576739545053049,1,1
99,0,1.43673092081393,0,1,2.48839658197095,1,1
100,0,3.5695742908058,2,0,-0.371886458987473,0,0
101,0,0.309354390154364,2,1,2.37515295957232,1,1
102,0,1.06775970515197,2,1,1.38316300660057,1,1
103,0,2.23671799112482,1,0,0.0583166417605318,0,1
104,0,0.0900180584615731,1,1,-1.07467871776831,1,0
105,0,0.270082425995936,1,0,-2.00472773061063,0,0
106,0,1.18801447488367,1,0,1.14728531414347,0,1
107,0,0.0123580411734248,1,1,-1.4580641438967,1,0
108,0,0.521996882074436,1,1,-0.183810010556002,1,0
109,0,0.678601658803755,2,1,0.686607857570936,1,1
110,0,0.954864756987437,1,1,-0.139552295715667,1,0
111,0,0.0639064734180768,0,0,0.31453649992229,0,1
112,0,6,0,0,-0.0346203639349276,0,0
113,0,0.246045776691316,0,0,-1.72334933601114,0,0
114,0,0.125383414082399,1,1,1.67446072995247,1,1
115,0,1.18625340959797,1,1,0.794265352374131,1,1
116,0,0.743802436784874,1,0,0.648894112157634,0,1
117,0,1.01126736373801,2,0,1.04190326367331,0,1
118,0,1.35062381935616,0,1,-0.638873834208679,1,0
119,0,1.65660676856836,0,0,-0.205020690019267,0,0
120,0,1.3432321209468,0,0,-1.5263239716556,0,0
121,0,1.39795606240443,1,1,-0.857335359045186,1,0
122,0,0.539687830690046,0,1,0.68755293975862,1,1
123,0,0.292581385945483,1,1,-0.852309988705653,1,0
124,0,1.17847348148349,2,0,0.242429774741819,0,1
125,0,3.35500149494521,2,1,-1.13215475129384,1,0
126,0,1.73304321111229,0,0,-0.0221689101670698,0,0
127,0,0.706533456344585,1,1,-1.31902582949394,1,0
128,0,0.871992999066909,0,0,-1.1943232655489,0,0
129,0,0.984885086567023,2,0,-0.664127576226249,0,0
130,0,0.0543135602008321,1,1,-0.657305942337749,1,0
131,0,0.148061607438314,0,1,0.605282324484954,1,1
132,0,0.949128970507393,0,0,-0.0805502803805454,0,0
133,0,2.42774339608744,1,1,-0.596551929594008,1,0
134,0,0.271082428718117,2,0,0.622043386645258,0,1
135,0,0.863433137671551,1,0,-0.248450699072479,0,0
136,0,0.549574384469389,2,0,1.85332716933595,0,1
137,0,1.09591499212048,2,1,1.11285530630254,1,1
138,0,3.73381206258045,0,0,-1.18613259444292,0,0
139,0,1.07455449002238,1,0,-0.393067733518654,0,0
140,0,0.34535829598705,0,0,0.486026429581095,0,1
141,0,0.269745921534753,1,0,-0.702655472214287,0,0
142,0,5.04259461458451,2,1,0.0184247523061317,1,1
143,0,1.94939388576368,1,0,-1.4346721668676,0,0
144,0,0.838481295281023,1,1,-0.531582534315521,1,0
145,0,2.29707701131701,0,1,0.342835382471647,1,1
146,0,2.06664531928001,1,1,1.77647344950358,1,1
147,0,0.966944136609899,2,1,-0.636614342991028,1,0
148,0,1.88432767919681,1,1,1.22264979002871,1,1
149,0,1.26765005412072,1,0,-1.89606349790431,0,0
150,0,1.19847103257344,1,1,-0.333645476494962,1,0
151,0,0.0837098382622096,1,0,-2.30232295967974,0,0
152,0,0.548020195831116,2,0,0.490544894410641,0,1
153,0,0.202468805644766,0,0,0.46677563851692,0,1
154,0,0.199630577117205,0,0,-2.02402599519838,0,0
155,0,0.104328527734197,1,1,-0.0919382795191924,1,0
156,0,3.06682691527926,2,1,-1.19441429031608,1,0
157,0,1.21158381709742,2,1,-0.835520737400434,1,0
158,0,0.0081012277838943,1,1,-0.0668775043750428,1,0
159,0,0.285893544044048,1,0,-0.454519054134818,0,0
160,0,0.0251680180396597,1,1,-0.166206779166718,1,0
161,0,0.171928786957072,1,0,0.155148419233427,0,1
162,0,0.119948254216804,1,0,-1.58796953536634,0,0
163,0,0.715419829282931,0,1,-1.58624793271303,1,0
164,0,0.826141128681543,2,1,0.988358879084972,1,1
165,0,3.82561525287707,2,1,1.13180735593988,1,1
166,0,2.46611442574204,1,1,0.0996926402774377,1,1
167,0,0.490157020431385,1,0,-0.22371873010627,0,0
168,0,2.00372778025274,0,0,-1.24531365786224,0,0
169,0,0.239658386321622,2,0,0.00689673283345305,0,1
170,0,0.675811780634892,1,1,-1.13709656387898,1,0
171,0,0.53258870512216,2,0,0.96002879437744,0,1
172,0,0.171506486665505,1,1,-0.328242444105497,1,0
173,0,0.609220208146913,1,0,0.376169393213823,0,1
174,0,0.263003111156057,0,1,0.983292341978415,1,1
175,0,4.1833654539757,2,1,-0.0108651850245966,1,0
176,0,0.0873080017716141,1,1,0.090104554683586,1,1
177,0,0.795021404686155,2,0,0.261877078695021,0,1
178,0,0.0215985178220651,2,0,1.21259646067535,0,1
179,0,0.00445972230453988,2,0,-0.116567955536723,0,0
180,0,0.73462736547054,2,0,0.128197275898987,0,1
181,0,1.27347889096485,0,0,-0.427594177591623,0,0
182,0,0.600799822593281,1,1,0.0501276722362869,1,1
183,0,0.593990978474418,0,0,0.953620289218998,0,1
184,0,0.060400650630942,1,1,-2.24727385757123,1,0
185,0,0.0992462071391072,1,0,2.33432749316906,0,1
186,0,1.9052751848531,1,1,1.07903634908036,1,1
187,0,1.21880022731748,2,0,-0.398604854047054,0,0
188,0,3.06973597838552,2,0,1.23367110342388,0,1
189,0,2.37102582118618,2,1,0.251852593225961,1,1
190,0,2.03847776167095,0,1,-1.71767633905287,1,0
191,0,0.442532065413912,1,1,-1.06758106797724,1,0
192,0,0.0309674339138781,1,1,-0.438465937759879,1,0
193,0,4.44288994333907,2,0,0.283522329368528,0,1
194,0,0.52463423342493,1,1,0.716598620195729,1,1
195,0,1.21601656069921,1,0,0.261255423247801,0,1
196,0,0.440129084899569,1,1,-0.850394392197569,1,0
197,0,0.144461618066342,1,0,-0.0583464637229451,0,0
198,0,1.17728786982798,2,0,0.342189375970273,0,1
199,0,0.31679018662533,1,1,-1.70822762162306,1,0
200,0,0.0300071850280441,1,0,1.2254284440731,0,1
201,0,1.16008694125379,2,0,-0.601793301470625,0,0
202,0,1.30078058071208,1,0,-1.28688700324918,0,0
203,0,0.0243976365431804,2,0,0.771528187810237,0,1
204,0,0.62247624693113,1,1,-1.54253800218404,1,0
205,0,0.337003831008738,1,1,-0.520634757738541,1,0
206,0,0.568633319026937,1,1,-0.723290546228241,1,0
207,0,1.86078419557459,2,0,-0.419690382872334,0,0
208,0,0.114611612057358,1,1,-1.27906504129624,1,0
209,0,1.4751801801866,1,1,0.811532712399512,1,1
210,0,1.25202141706079,1,0,0.549186607763815,0,1
211,0,2.35505696171934,1,1,-0.36470332728925,1,0
212,0,0.00123936016538668,1,1,-0.0691042879941119,1,0
213,0,5.18519330184796,2,0,-0.407332637936975,0,0
214,0,1.10579084100617,2,0,1.30525254348489,0,1
215,0,5.06000084543826,0,0,-0.802617415399713,0,0
216,0,3.06973664097337,1,1,0.02269646460851,1,1
217,0,0.0433464644890798,1,0,-1.12757895958465,0,0
218,0,0.0171496632022761,1,0,-0.1475312678899,0,0
219,0,0.090110440293108,1,1,-1.02391818892631,1,0
220,0,1.86931623953145,2,1,-0.0785941565857749,1,0
221,0,1.85083929540451,2,0,-0.229536744369551,0,0
222,0,2.65918166935205,1,0,0.26258734393314,0,1
223,0,0.600925544276834,0,1,-0.0853786613676158,1,0
224,0,1.05282369834085,2,1,0.614834110709993,1,1
225,0,0.390104130265324,2,0,0.1257485820226,0,1
226,0,0.0778828700879251,1,0,-0.0132456406474041,0,0
227,0,1.52582560062985,1,1,1.14055509805023,1,1
228,0,0.497691946398675,1,0,-1.40969156925686,0,0
229,0,0.334538700716101,2,0,0.991010581330954,0,1
230,0,0.138970828247806,1,1,-0.78692096138324,1,0
231,0,0.287429407397864,1,0,-1.13074108190546,0,0
232,0,0.290293386206031,0,1,0.497976295690565,1,1
233,0,0.0257931813310045,1,1,-0.767140197952972,1,0
234,0,0.466638254980272,1,1,-0.490502488023682,1,0
235,0,1.96899602485607,1,1,1.4757377013802,1,1
236,0,0.532698799359761,1,1,-1.03584030676169,1,0
237,0,0.00275907904043021,1,1,0.669070625384074,1,1
238,0,0.574675823461878,1,0,-0.36321757126096,0,0
239,0,0.171464793705668,2,1,-0.170553377646449,1,0
240,0,2.76995845814296,1,0,1.63057601027049,0,1
241,0,0.95432402217537,1,1,0.0563139957556507,1,1
242,0,0.744241888836137,1,0,-0.27726360602994,0,0
243,0,5.43630708116976,1,1,0.115677559369649,1,1
244,0,4.31487784475781,2,0,-2.339986993955,0,0
245,0,0.163581578934925,2,0,0.0647641291991546,0,1
246,0,1.79709667035876,1,0,-1.31991660724591,0,0
247,0,0.720083583146334,0,1,1.39590863331706,1,1
248,0,0.436837660323775,1,0,-1.32465760509638,0,0
249,0,0.0302294347180224,0,1,-0.10963031028463,1,0
250,0,0.636321651910369,2,0,0.422333127648736,0,1
251,0,0.737869324078545,2,0,0.975501516979916,0,1
252,0,1.31698797264119,2,0,-0.619910257616549,0,0
253,0,0.713831897204121,0,1,-0.161489892562261,1,0
254,0,1.2713072502428,2,0,-0.262543524382685,0,0
255,0,1.22580477058765,2,0,0.484937334590405,0,1
256,0,0.664492549301019,2,0,-0.412722464018309,0,0
257,0,0.577893217678019,2,1,-0.34223629341884,1,0
258,0,0.260654832595656,2,1,-0.0203148154838458,1,0
259,0,0.836129976455472,1,0,-1.42187157597216,0,0
260,0,1.31539710027724,1,1,0.807470675734003,1,1
261,0,0.214022507487207,2,0,0.27179928026907,0,1
262,0,3.23421350225522,2,0,-1.08213837500109,0,0
263,0,0.0625151399685399,1,0,-1.55400650842417,0,0
264,0,0.498013302993648,1,1,-1.21932332072117,1,0
265,0,0.107593199661834,2,1,0.164173849028194,1,1
266,0,1.5476547526382,1,0,0.477592496428969,0,1
267,0,0.624112049837476,1,1,-0.846027485694799,1,0
268,0,0.256883906259039,1,0,-0.578972607132926,0,0
269,0,0.0207966552681724,1,0,0.557789168354114,0,1
270,0,0.882775869076481,1,1,-0.497852066142227,1,0
271,0,0.799927692309674,1,1,0.709158414648413,1,1
272,0,0.00816270643055397,1,0,1.1240552529625,0,1
273,0,0.0619107196242242,0,0,-0.550491620242442,0,0
274,0,0.331635734692046,1,0,0.594946353108126,0,1
275,0,0.862938540176519,1,1,0.629055159001966,1,1
276,0,0.583485523858236,0,0,0.439645689924657,0,1
277,0,0.270575661859549,2,1,0.865228328340762,1,1
278,0,1.36991669411947,2,0,0.793491626576682,0,1
279,0,0.121548524019209,1,1,0.0296981743912586,1,1
280,0,0.0246547518079094,2,1,-0.0779043388444269,1,0
281,0,0.663343531390031,0,0,-0.140749907308012,0,0
282,0,0.286525204300594,2,1,0.652338413273548,1,1
283,0,0.652761139485656,2,1,0.772244323397042,1,1
284,0,0.162708250681648,1,1,0.406822567193074,1,1
285,0,0.544690281824739,1,0,-1.96676035091889,0,0
286,0,0.234601978305205,1,1,-1.10670610013697,1,0
287,0,0.185868924068302,1,1,-2.35133423694838,1,0
288,0,0.311537050821149,1,1,0.47114440899749,1,1
289,0,0.636549932068297,2,1,1.16046133219739,1,1
290,0,0.25819213819649,1,1,-0.219288103572225,1,0
291,0,0.64676505130143,2,0,0.14019205746554,0,1
292,0,0.39705482210988,1,1,-1.3151157627,1,0
293,0,0.698639750061478,1,0,-0.278720386727794,0,0
294,0,0.433728293776285,1,1,-0.0686547458332821,1,0
295,0,1.27266647452877,1,1,0.749451076172326,1,1
296,0,0.373882087055604,2,0,-0.212887903746818,0,0
297,0,1.33618067192817,1,1,-0.109053307176211,1,0
298,0,0.195727091151947,2,0,-0.821925488496633,0,0
299,0,1.1148334396689,2,0,1.2629569621568,0,1
300,0,1.24491897983796,2,0,1.30315068348252,0,1
301,0,0.0613065728977718,1,1,-0.797178341631299,1,0
302,0,1.94402671164707,1,0,1.86028464069442,0,1
303,0,3.42963689868538,2,0,-0.818200332610035,0,0
304,0,0.868731783686844,1,1,-2.28107847229117,1,0
305,0,0.347789182488371,2,1,0.7449325814855,1,1
306,0,1.23891146877229,0,0,-0.193564354676897,0,0
307,0,0.300516998547775,1,1,1.42818046064887,1,1
308,0,0.0944054443587846,0,0,0.132962464667699,0,1
309,0,0.197090417610932,1,1,1.45001646762564,1,1
310,0,0.282833420272809,0,1,1.48792455939229,1,1
311,0,1.20300086569602,1,0,-0.841628998047096,0,0
312,0,0.39581587983171,1,1,-0.64524005012474,1,0
313,0,0.636557869388554,1,0,0.413917290973495,0,1
314,0,0.0957045300374534,1,0,0.931853044645815,0,1
315,0,0.209234289788847,1,1,-1.41520797716013,1,0
316,0,0.233420412987471,0,1,0.668438011949096,1,1
317,0,0.909002823962842,1,0,-1.6850374391056,0,0
318,0,1.83205870569431,2,1,0.989539271940353,1,1
319,0,1.52397765970109,2,1,0.191041621846102,1,1
320,0,2.82221280614516,2,0,1.01360981556234,0,1
321,0,1.4667077663447,1,0,-0.220823868495462,0,0
322,0,0.161603662718742,1,1,-1.36115682090533,1,0
323,0,0.909339665972719,2,0,-0.0111358472473312,0,0
324,0,1.04871541577019,1,0,-0.635772594011811,0,0
325,0,0.485710128086325,1,0,1.42421651923688,0,1
326,0,1.3188681946197,1,0,0.691145963523421,0,1
327,0,0.253772727297596,1,0,-0.0793242361966192,0,0
328,0,1.23797516999304,2,0,-0.0267012533069869,0,0
329,0,0.132222549890434,2,0,1.7969535420099,0,1
330,0,0.098963471040043,1,1,-1.81749683752897,1,0
331,0,2.52043017457497,1,0,-1.61672671742404,0,0
332,0,0.951659838471247,2,0,2.80627993999346,0,1
333,0,0.228516105802612,1,0,-0.636306682529456,0,0
334,0,0.611768143737792,1,1,-1.42489542044215,1,0
335,0,0.362101910494946,1,1,-1.20568679851672,1,0
336,0,0.266667630839073,2,0,-0.211621055050479,0,0
337,0,4.27292142684261,0,0,-0.578940033856737,0,0
338,0,0.389708201021255,1,1,-1.49570342826572,1,0
339,0,0.0185566895867385,1,0,-1.98578122543935,0,0
340,0,1.93895922486292,1,1,-0.135415337912714,1,0
341,0,1.00036631878427,2,0,0.00327808579929674,0,1
342,0,0.979590279548047,1,0,1.22456906781839,0,1
343,0,1.61026224872945,1,1,1.31417304986126,1,1
344,0,0.781061842232986,1,0,1.35173290880566,0,1
345,0,1.19214641218837,2,1,1.18413886090962,1,1
346,0,1.31881029498118,2,0,0.157060559174681,0,1
347,0,1.69368093267669,2,0,0.401101857515538,0,1
348,0,0.856471887712501,2,0,0.496251028286967,0,1
349,0,2.26489636449025,2,1,0.378984537393512,1,1
350,0,1.78853167860069,1,0,-0.563676806789403,0,0
351,0,0.00892614405799264,2,0,0.171054692205561,0,1
352,0,0.488494736249102,2,1,0.270798979250948,1,1
353,0,0.540116225080784,1,1,-1.30960551874168,1,0
354,0,1.28187749408655,2,1,0.0614963761913469,1,1
355,0,2.14310394888576,1,1,0.69738214698372,1,1
356,0,1.18904014348178,2,0,0.710691744475556,0,1
357,0,3.15000356478568,1,1,0.409290680390737,1,1
358,0,0.760611672873939,1,0,-0.479761661919186,0,0
359,0,0.158685130456215,0,1,0.909317113143812,1,1
360,0,0.0518507787795877,1,1,-1.43028352740485,1,0
361,0,0.0133623213817676,0,1,0.0928009774533762,1,1
362,0,2.00928776546014,2,0,0.173005559679346,0,1
363,0,0.415984662227115,2,0,1.4841796387977,0,1
364,0,1.02713090003381,2,0,1.8361035324122,0,1
365,0,1.09163019269656,1,1,0.611190838097254,1,1
366,0,0.902065683735812,2,1,0.754837686075671,1,1
367,0,1.34635147491319,1,1,0.377312329957284,1,1
368,0,1.22818004083619,1,0,0.150121335943354,0,1
369,0,1.59298267793668,2,0,-1.09574922393887,0,0
370,0,0.118154279140085,1,1,-0.968288305250132,1,0
371,0,0.244690941193169,1,0,-0.720511151845213,0,0
372,0,0.0986457634142764,1,0,-1.77931658028774,0,0
373,0,0.51928428090967,1,1,-0.983104343693063,1,0
374,0,0.788279480626124,2,0,2.34529498854395,0,1
375,0,0.0629192918309702,1,0,-0.234890611082464,0,0
376,0,1.70324609982812,1,0,-0.150825719405511,0,0
377,0,0.0644864166954415,2,0,-0.956889002021062,0,0
378,0,1.66318207398214,1,1,-0.291780032316789,1,0
379,0,0.316376790063555,2,0,-0.0102160222446232,0,0
380,0,1.1047656777441,1,0,-0.320509414442557,0,0
381,0,0.163660624244998,2,0,0.328898768265023,0,1
382,0,0.110999601728017,1,1,-0.76786355948738,1,0
383,0,2.08739684747808,2,0,-0.570477505792857,0,0
384,0,0.658722797277492,1,1,0.435575511811756,1,1
385,0,0.262477218133392,2,1,0.481767391069325,1,1
386,0,0.698303251042896,0,0,-1.07630334999398,0,0
387,0,0.540395232249975,1,1,1.33625979980615,1,1
388,0,0.190132353207197,1,1,-0.173649441328517,1,0
389,0,0.44099376321507,1,0,-0.194950233026568,0,0
390,0,1.11195187584478,1,0,0.974346646182256,0,1
391,0,0.881230835420909,2,1,0.615612403966087,1,1
392,0,0.314199178989881,1,0,-1.10123721576141,0,0
393,0,0.663120822190569,1,1,0.862806180763293,1,1
394,0,0.0333585945035937,2,0,1.3919478721366,0,1
395,0,1.09078600661764,2,0,0.468354842773001,0,1
396,0,1.88599047721016,1,0,-0.205077189073869,0,0
397,0,0.442256020700933,1,0,-3.1439406068416,0,0
398,0,0.18567299049657,0,0,1.2317413846813,0,1
399,0,1.64057890347778,1,1,0.785686126660215,1,1
400,0,1.64463894441724,0,0,1.21828037107739,0,1
401,0,0.378254749384252,1,0,-0.658184075084379,0,0
402,0,0.289136272523692,0,0,-0.192278594153521,0,0
403,0,0.878875612074688,1,1,0.313830688734197,1,1
404,0,1.46422206616381,1,0,0.335741739337251,0,1
405,0,0.744697567620999,1,1,-0.0859559819489789,1,0
406,0,0.823926719519022,1,1,-0.271063825533152,1,0
407,0,0.922545421247681,0,1,0.720523608266918,1,1
408,0,0.0540514174632642,1,1,-1.24836489860711,1,0
409,0,1.33075752612685,2,0,0.5785430643278,0,1
410,0,3.94931101228654,1,0,0.0118271460871574,0,1
411,0,0.388806478126658,2,1,-0.352907458215217,1,0
412,0,0.58596070385655,2,0,-0.818772098331963,0,0
413,0,0.83814741611713,1,0,-1.9917710795907,0,0
414,0,0.0985670443470416,1,1,-0.466701465624711,1,0
415,0,0.0814731180341608,1,1,-0.693093580483279,1,0
416,0,0.52897445500707,1,1,0.536357004412178,1,1
417,0,0.0528858069709463,1,1,-1.33344193638072,1,0
418,0,0.94193706925036,2,1,-0.095350422198423,1,0
419,0,0.947714160245525,2,0,0.715903174473343,0,1
420,0,0.432433529446522,0,0,-0.622605613397511,0,0
421,0,0.132952919043406,2,1,0.682938916029278,1,1
422,0,0.0416173062877964,2,0,-0.436687467292129,0,0
423,0,1.47388139572775,1,1,-2.06418911448482,1,0
424,0,0.387394906067708,1,1,-1.2599302943195,1,0
425,0,0.616885398045552,1,1,-0.146130996348099,1,0
426,0,2.22685679582942,1,1,-0.212782885641667,1,0
427,0,0.062387127568444,1,1,-0.675884635004754,1,0
428,0,0.43078356200147,1,1,-0.588143347375115,1,0
429,0,0.873206506592403,2,1,-0.205568606945502,1,0
430,0,0.560746206394579,1,1,1.42526910605439,1,1
431,0,0.135373153843061,1,0,0.573732918384048,0,1
432,0,4.44455579260346,2,0,1.18338998279355,0,1
433,0,2.53029114577125,1,0,-1.11388103786954,0,0
434,0,0.612840734958547,1,1,0.482927731107228,1,1
435,0,2.18282811026067,1,1,1.34871504605055,1,1
436,0,1.3578658768246,1,1,0.251468105259188,1,1
437,0,1.84297344957789,0,0,-0.239379058251383,0,0
438,0,0.491364569059058,0,1,0.835609309629407,1,1
439,0,0.254698862836664,1,0,-0.777369845184683,0,0
440,0,0.0810715949667782,2,0,0.930003823637129,0,1
441,0,1.24846113731439,1,0,0.131230732237699,0,1
442,0,0.590413931635464,1,0,1.10222217078272,0,1
443,0,0.731303253696097,1,1,0.131860168190878,1,1
444,0,0.56522749353066,2,1,0.914525191484,1,1
445,0,0.20210380752878,1,0,1.82307144999211,0,1
446,0,0.6619238922334,1,0,-0.919232955996573,0,0
447,0,1.42596503047307,2,1,0.882319528058242,1,1
448,0,0.654133858931258,2,0,-0.158803387766315,0,0
449,0,0.890431220564836,2,1,1.62908501566092,1,1
450,0,0.356557375054833,0,1,1.41371831787342,1,1
451,0,1.17759884311708,1,0,-0.701181236209297,0,0
452,0,0.265822794967099,1,1,-0.729074091038336,1,0
453,0,0.231469934075311,2,1,0.316207819021562,1,1
454,0,0.0217693033666829,1,1,-2.17273796404344,1,0
455,0,1.5353468606634,2,0,-0.00960210206431242,0,0
456,0,0.791616475343545,1,0,-1.61499034113814,0,0
457,0,0.46763253703369,1,0,-0.059271198390909,0,0
458,0,0.859383684781476,1,1,0.00382363248931641,1,1
459,0,0.0372166223775314,0,1,0.710712931250902,1,1
460,0,0.130990546438585,1,0,-2.49322753757194,0,0
461,0,0.0471101986882822,1,1,-2.30689308802973,1,0
462,0,0.50594710841485,1,0,1.95620415664783,0,1
463,0,0.727868360723348,1,0,0.837599694909548,0,1
464,0,0.869330057545346,1,1,-0.30885606936567,1,0
465,0,0.277831162245603,1,1,0.814126682744079,1,1
466,0,0.111421655687193,1,1,-1.98672779471459,1,0
467,0,0.041392285000677,1,0,-1.6265348910877,0,0
468,0,2.69983505591845,1,0,-0.466904657013434,0,0
469,0,0.736587205070037,1,0,-0.0755446199449569,0,0
470,0,0.056818273609147,2,1,0.120354870346348,1,1
471,0,0.579048352298227,1,1,-2.23662219699131,1,0
472,0,0.078666182488851,1,1,1.68041773527954,1,1
473,0,1.34243689253235,2,0,2.03972867058134,0,1
474,0,0.170032760749261,0,0,-0.0899084298174301,0,0
475,0,0.579015388045437,1,1,-2.05010960032608,1,0
476,0,0.540024752039507,1,0,1.06903918614815,0,1
477,0,3.19523116971222,1,0,-0.613848077922025,0,0
478,0,0.330468531077107,0,0,-0.228552844245378,0,0
479,0,3.08170887335175,2,0,0.527451082788441,0,1
480,0,0.77704900026131,2,1,0.193765671660804,1,1
481,0,0.809145256166681,1,1,-1.31072078050277,1,0
482,0,0.811528731443063,2,0,-0.458935528465673,0,0
483,0,1.54557527905886,1,0,0.651777585524527,0,1
484,0,0.791857815688266,2,1,0.941139838892677,1,1
485,0,0.321597939136644,1,0,-1.81780818379738,0,0
486,0,0.652198774108858,2,1,2.06192032958431,1,1
487,0,0.0777840766433478,1,1,0.776621268222403,1,1
488,0,0.718627252551458,0,0,-0.476019491625908,0,0
489,0,0.226257816019268,1,1,-2.19239426596975,1,0
490,0,0.115075942382866,1,1,-0.138671436747835,1,0
491,0,0.819845209682749,2,0,0.43320112716185,0,1
492,0,0.249852406682435,1,0,1.11681903388004,0,1
493,0,0.509280947610449,2,0,1.31017000306251,0,1
494,0,0.458337177508765,1,0,-1.90923882005258,0,0
495,0,0.169206730160729,2,0,-0.428123794500518,0,0
496,0,5.29675790457849,2,0,0.552547785371745,0,1
497,0,0.867748255054852,2,0,-0.0718911129317302,0,0
498,0,0.413025155733428,2,0,0.108240932411795,0,1
499,0,0.756581149949614,1,0,-1.45289027014133,0,0
500,0,2.01856764247008,1,0,0.082400499628742,0,1
501,0,0.598159033009466,2,1,1.10442569237137,1,1
502,0,4.92763455824446,2,0,0.764271516409062,0,1
503,0,0.0713285837289729,1,1,-0.727381303056036,1,0
504,0,0.372587788614741,2,0,1.20829183029495,0,1
505,0,2.72202920523245,2,0,0.368554619136402,0,1
506,0,0.303692088798868,1,0,0.211249158037742,0,1
507,0,0.280204792878298,1,0,-1.24285408645482,0,0
508,0,1.01571568629483,2,0,-0.773597021566847,0,0
509,0,0.138085118105112,1,0,1.71147606242969,0,1
510,0,1.95515862258821,1,0,-0.233285343506616,0,0
511,0,0.443234232894467,1,1,-1.92753505011345,1,0
512,0,0.638160342350602,0,1,-0.154884943139219,1,0
513,0,0.105992557197282,1,1,0.435509420642095,1,1
514,0,1.7839503015906,2,1,-0.12690617247458,1,0
515,0,1.56479428985619,2,0,0.531553706890305,0,1
516,0,3.88660502821311,1,1,-0.532155273155568,1,0
517,0,0.26962564227738,1,1,-0.0718252888711022,1,0
518,0,0.936295501184665,2,0,0.380417563325871,0,1
519,0,2.34949460328167,1,0,-1.03077104925466,0,0
520,0,3.77043667805432,2,0,0.382307775969865,0,1
521,0,1.60186326962975,2,0,-1.09004522138601,0,0
522,0,0.18231911683488,2,0,-0.692780419007351,0,0
523,0,1.841509505993,2,1,0.342137660967796,1,1
524,0,0.34700212737628,1,0,-0.360510958231928,0,0
525,0,0.181228595282914,2,0,-0.0827963810787615,0,0
526,0,2.28718200791326,2,1,0.0472889297726309,1,1
527,0,0.389350472639004,0,1,-0.0663109107430045,1,0
528,0,0.638662469118131,2,1,0.0609551752027544,1,1
529,0,0.236640426920849,2,0,1.64146884361754,0,1
530,0,0.843733090628134,2,1,-1.78618220182682,1,0
531,0,0.094516326239521,1,0,-1.0684068814037,0,0
532,0,0.412855013314052,0,0,1.64073874525015,0,1
533,0,0.77338070811517,2,0,0.557383933462746,0,1
534,0,1.1240719817589,2,0,-0.0105196614188879,0,0
535,0,0.633377517705906,2,0,-0.00520633218437576,0,0
536,0,0.0603908404432727,2,1,0.307438038442855,1,1
537,0,0.0750679510947319,1,0,-1.13901145652599,0,0
538,0,0.535347813025506,1,0,-0.111781033058539,0,0
539,0,0.932302298021277,1,0,-1.51937501976746,0,0
540,0,0.219874547929163,1,1,-1.59037098105004,1,0
541,0,0.180853996750919,1,1,0.362698274320696,1,1
542,0,1.51052206700567,1,1,0.385482541199261,1,1
543,0,0.371237390985092,0,1,0.753007169345341,1,1
544,0,0.100150556841266,1,0,-0.146476267986811,0,0
545,0,0.962838075658082,1,1,0.0422188438253666,1,1
546,0,1.21352251148553,2,1,1.09452973004958,1,1
547,0,0.738165935061014,1,0,1.23084274281099,0,1
548,0,0.134885968108945,1,1,-2.37352658988908,1,0
549,0,0.32894146318237,0,0,0.0796578369810485,0,1
550,0,1.13640563380473,2,0,-0.147535722379758,0,0
551,0,0.207568796631243,2,0,0.789633612385156,0,1
552,0,0.958007557164567,1,0,1.70923138446362,0,1
553,0,0.736224846914411,0,0,0.474856415782037,0,1
554,0,0.193806276838036,2,1,1.14816648537705,1,1
555,0,0.437979931011796,0,0,-0.652450698960064,0,0
556,0,5.11710451972739,2,0,-0.442512962661305,0,0
557,0,0.45825894057873,1,1,-0.739015497193022,1,0
558,0,1.00284814834595,0,0,1.17359836493011,0,1
559,0,0.295628231106484,1,0,0.759758852736342,0,1
560,0,0.925070269033068,1,1,-0.479093706840428,1,0
561,0,1.57533851070141,2,0,-0.781198547172627,0,0
562,0,0.141931581370901,1,1,0.808676977261079,1,1
563,0,0.166034218474543,0,0,0.031707157472605,0,1
564,0,0.964961629565776,1,1,-1.92143763401868,1,0
565,0,1.02908316842336,1,1,-2.22395948556218,1,0
566,0,0.647556846961379,0,1,-0.1233793330529,1,0
567,0,6,0,0,-0.173432531123562,0,0
568,0,0.881988844284196,2,1,2.78826908787236,1,1
569,0,0.4901341486997,1,0,-0.726306659988792,0,0
570,0,0.658800090063505,2,1,0.153805451014517,1,1
571,0,0.535802599895066,2,0,0.233231742878386,0,1
572,0,0.29904688173509,2,1,0.991619404906209,1,1
573,0,0.243732814354585,0,1,1.05406471547957,1,1
574,0,0.20522652688511,1,0,-1.25803826979643,0,0
575,0,0.73367471502466,0,0,1.80735081429646,0,1
576,0,3.71594479564706,2,0,1.27309451948736,0,1
577,0,0.875348373170666,2,0,0.84527494946047,0,1
578,0,0.643902347448845,2,1,1.3490541281549,1,1
579,0,1.80750554881933,2,0,0.666325992975686,0,1
580,0,0.871187118392914,2,1,1.44799965894672,1,1
581,0,0.320556000273222,2,1,1.65685429640484,1,1
582,0,1.55345734291118,2,0,-0.111872184281278,0,0
583,0,0.016676081820712,2,1,0.609080497812682,1,1
584,0,0.145022599026561,0,0,0.335796644587912,0,1
585,0,0.71580295607393,1,0,0.15020594726357,0,1
586,0,0.462016137020856,1,1,-0.157667217442127,1,0
587,0,0.188511635139042,0,0,1.28009521600202,0,1
588,0,0.0453475437013834,1,0,-0.829051307042066,0,0
589,0,0.113221830842357,2,1,-0.0837171308822295,1,0
590,0,0.767404824315501,2,1,0.290720183550108,1,1
591,0,0.485194165379715,2,1,0.355365785250857,1,1
592,0,0.905808228852816,2,0,0.0170611945787018,0,1
593,0,0.284788298110167,0,1,0.545356929520635,1,1
594,0,1.4586411822418,2,0,0.773884296405695,0,1
595,0,0.0281520613856488,1,0,-0.0190041742417833,0,0
596,0,1.59600955922628,2,0,-1.41569441523523,0,0
597,0,0.514512891270331,1,0,1.39725476730052,0,1
598,0,0.375816442166938,1,1,-1.7207535898124,1,0
599,0,1.95517881462971,0,1,-0.382345638289309,1,0
600,0,0.285449059501681,1,0,0.181125025549558,0,1
601,0,0.0250549505300558,1,1,0.427795922351302,1,1
602,0,0.0455742108518615,2,0,-0.34593807786986,0,0
603,0,0.151933604085036,2,1,0.34029911039538,1,1
604,0,1.09023248380087,2,0,0.0287175712790475,0,1
605,0,3.37467796221543,1,1,0.791954560230053,1,1
606,0,0.143186403606436,1,0,-0.246228401600891,0,0
607,0,0.65710334920837,1,1,-0.936493094581309,1,0
608,0,1.91538440254327,1,0,-0.36541423734382,0,0
609,0,3.44971323522298,1,0,0.650221251942615,0,1
610,0,1.83058475499219,2,1,0.0531671404559956,1,1
611,0,3.75035404191312,2,0,-1.27803626956596,0,0
612,0,2.09926747587562,2,0,-0.540776515261477,0,0
613,0,0.87703157315495,2,0,0.601957521868248,0,1
614,0,0.763105034114217,1,1,-1.20535671146704,1,0
615,0,2.64571318402886,0,0,0.521697656236463,0,1
616,0,0.156980890469961,1,1,-0.333157200572318,1,0
617,0,1.91857111207416,2,0,0.291214162667425,0,1
618,0,0.00465855830348291,1,0,-1.06275041451023,0,0
619,0,0.535369058547524,2,0,1.20400180273024,0,1
620,0,1.50312126125812,0,0,-1.93635368383865,0,0
621,0,1.02251136863581,1,0,1.1243064250204,0,1
622,0,0.842299966461468,2,1,-0.379687755715668,1,0
623,0,1.07322294413971,1,0,0.372544578870613,0,1
624,0,0.686867630857857,1,0,-2.27454545157454,0,0
625,0,1.07596704841792,2,0,0.419316747485048,0,1
626,0,0.556766922972141,2,0,1.38981901152692,0,1
627,0,2.18228261296948,0,0,0.32181262668479,0,1
628,0,2.85809345819149,1,1,-0.953161522361515,1,0
629,0,3.11113870265222,2,1,0.414039767815268,1,1
630,0,0.423379098428945,2,0,0.505586323005779,0,1
631,0,0.236789076638086,1,1,0.322921253373825,1,1
632,0,0.474424905655372,2,0,0.646032034450989,0,1
633,0,1.54672563336325,2,0,-0.403673712775629,0,0
634,0,1.34444101285036,1,1,1.92817559013936,1,1
635,0,0.128859538520859,1,0,-1.16926639741668,0,0
636,0,0.0867029974877126,1,1,0.150221440412739,1,1
637,0,1.06709853573309,1,1,0.100482857918941,1,1
638,0,0.977840911594177,1,1,0.769313566869985,1,1
639,0,0.0512456994047282,2,1,0.870195199263905,1,1
640,0,0.354121146198113,1,1,-2.2007923118589,1,0
641,0,0.305433438987948,1,1,-0.941352901748103,1,0
642,0,0.157982515412076,1,0,-1.10784844555651,0,0
643,0,0.875333786232123,1,0,2.05314725043104,0,1
644,0,2.23882463951381,1,0,0.495188431080122,0,1
645,0,5.14021559862302,1,0,-0.16963556900246,0,0
646,0,0.711596827283515,2,1,0.691455381371309,1,1
647,0,0.729764549675242,1,1,-0.293754495650495,1,0
648,0,0.959923528205686,1,1,-0.130158207498652,1,0
649,0,1.43765959556991,1,1,0.782202699255703,1,1
650,0,0.190027473346136,1,1,0.15619650688774,1,1
651,0,1.16525054595977,1,0,1.11352064173697,0,1
652,0,0.136641620731627,2,0,1.92489496227215,0,1
653,0,0.165158085810594,2,1,1.00737513105798,1,1
654,0,1.32582083197804,1,1,-1.12802970399419,1,0
655,0,0.536651063985836,1,1,-1.5969230162843,1,0
656,0,0.435501354473144,2,0,0.462975312152455,0,1
657,0,0.819872923508715,2,1,0.912416707795869,1,1
658,0,0.0789081810801838,0,0,1.0309789785432,0,1
659,0,0.982327423928707,1,1,-0.8932439295655,1,0
660,0,0.709710780724005,1,1,0.723168699702564,1,1
661,0,0.885961544041629,1,0,0.612440361600704,0,1
662,0,0.317929592161099,2,0,-0.186840087191136,0,0
663,0,0.202442581104785,1,1,-0.762720797138123,1,0
664,0,0.370814823759445,2,0,0.78493896372965,0,1
665,0,0.0189396866528046,1,0,-0.67871989667707,0,0
666,0,0.31945178595682,0,0,-0.523307822326154,0,0
667,0,0.0666399517024337,1,0,-2.26762291138704,0,0
668,0,0.288857865359877,2,1,-0.143967401454946,1,0
669,0,1.71877417130503,2,0,1.06707618412438,0,1
670,0,2.85058585971326,1,0,-0.910961540316063,0,0
671,0,0.822918551932737,2,0,-0.394694723639311,0,0
672,0,0.0469331121166683,2,0,1.61678973719033,0,1
673,0,0.497900384153535,2,1,1.69723517448938,1,1
674,0,2.37154764744143,0,0,-0.854320430000748,0,0
675,0,0.630606250586628,2,0,-0.34262108548598,0,0
676,0,0.194321132400234,2,1,0.326932469910478,1,1
677,0,0.888503477928373,1,1,-0.894435239761565,1,0
678,0,0.398694232972063,0,0,-0.958314708527996,0,0
679,0,4.67188340229704,1,0,-0.552491897919237,0,0
680,0,0.0915936575584896,0,1,-0.527829579893827,1,0
681,0,0.22756207894216,1,1,-1.75624914454587,1,0
682,0,0.0243956725255977,1,1,-0.383691828436476,1,0
683,0,2.01331192942885,2,0,1.01394560406173,0,1
684,0,0.171677983732342,1,1,-1.64073266801632,1,0
685,0,0.305329005544384,0,1,0.148313540748928,1,1
686,0,1.42833954654634,0,0,-0.823141523027806,0,0
687,0,1.9584782825162,0,0,-0.224515378933943,0,0
688,0,0.540092174059149,1,1,-0.851544366657841,1,0
689,0,2.05239785392489,2,1,0.34795967988928,1,1
690,0,0.618934511544758,1,0,-0.386597583437433,0,0
691,0,0.278257821773674,1,1,-0.123184783030266,1,0
692,0,2.83749689348042,0,0,-0.261923267748765,0,0
693,0,6,0,0,-0.425169935929457,0,0
694,0,0.19665391672339,1,0,0.451993191569882,0,1
695,0,0.0319495261309192,1,1,0.575525470890761,1,1
696,0,1.58659122160261,2,1,0.109895411430703,1,1
697,0,0.675336051662721,1,0,0.553175159622131,0,1
698,0,1.28231508376618,2,0,0.312893756166755,0,1
699,0,2.21914850178826,1,0,0.794698775170046,0,1
700,0,1.02202310520096,1,1,0.979626151005691,1,1
701,0,0.528144184693931,2,0,0.909941139814321,0,1
702,0,1.18580733965401,1,0,-0.051961070032584,0,0
703,0,0.136101024175492,1,1,-0.511664639065071,1,0
704,0,0.0823867848763863,0,0,0.357152547898472,0,1
705,0,0.290988616991094,1,0,-1.63299105087532,0,0
706,0,0.714406252403006,2,0,-1.4790193041325,0,0
707,0,2.77280231691858,2,1,0.808072492954102,1,1
708,0,0.731808122662081,1,1,0.420588238832597,1,1
709,0,0.0420838569573405,1,1,-1.60368422713697,1,0
710,0,0.613785608449189,1,0,0.623003207702218,0,1
711,0,1.01035821398236,2,0,-0.0369059359486646,0,0
712,0,0.21382361141126,1,0,0.669396549652095,0,1
713,0,1.94602051561852,1,1,-0.843847714417698,1,0
714,0,0.475172979293054,2,1,0.951776333731668,1,1
715,0,0.00039890672981144,2,1,2.22811457279394,1,1
716,0,0.584913067668273,2,1,1.42878102013209,1,1
717,0,0.508220680976891,1,0,-0.769510732121694,0,0
718,0,0.717182324775513,1,1,-0.138060129195603,1,0
719,0,1.3777302582603,1,1,-0.877614868118851,1,0
720,0,0.621410568465659,2,1,-0.0498111656711104,1,0
721,0,1.36529846607245,1,1,-0.156542882229278,1,0
722,0,2.10725055867713,1,0,0.369353581225441,0,1
723,0,0.293477604805485,1,0,-0.670997039895302,0,0
724,0,1.0647086901156,1,0,-1.78586398891205,0,0
725,0,1.73179707541556,2,0,-0.643794881351354,0,0
726,0,0.480926204454158,2,0,-0.124261288324261,0,0
727,0,0.468319442050961,1,1,-0.0710796083714369,1,0
728,0,1.10145512852291,2,1,0.410852470947373,1,1
729,0,0.480909097426878,2,1,0.234227246380489,1,1
730,0,1.78186418433918,2,0,0.460687218877495,0,1
731,0,2.6935687349207,2,0,-0.392080424060761,0,0
732,0,0.0923091789116394,2,1,0.835031965330458,1,1
733,0,2.01226321745931,2,0,0.925727482188207,0,1
734,0,0.0879427079611424,1,1,0.520415397372367,1,1
735,0,0.540219243705476,1,1,-0.460289039408983,1,0
736,0,0.907400043452547,1,1,-0.703395758722144,1,0
737,0,0.576939442087662,1,1,-1.5718862190049,1,0
738,0,0.165587900266906,1,1,-1.29620114298819,1,0
739,0,1.02415324881479,1,1,-1.47674558512718,1,0
740,0,0.0155830941759287,1,1,-1.46922655160774,1,0
741,0,0.717857457927031,0,0,-1.33685925878618,0,0
742,0,1.69623995009258,1,1,-0.870819953210296,1,0
743,0,1.84337779603655,0,1,0.364676109724493,1,1
744,0,0.462325158586722,2,1,2.54500733078143,1,1
745,0,0.660200992218111,1,1,0.20474644403873,1,1
746,0,0.147079277605671,2,1,0.0544898355045476,1,1
747,0,4.55655212690448,1,0,1.20155219530768,0,1
748,0,2.02042307680395,2,0,0.35859082622358,0,1
749,0,0.119937305154855,1,1,1.54773539554291,1,1
750,0,0.687828974853104,1,1,-0.460883927752999,1,0
751,0,1.52424095696888,1,1,-0.221219494560664,1,0
752,0,0.444384931224548,1,1,-0.242153239931322,1,0
753,0,0.636536654762888,1,1,-1.43940287572194,1,0
754,0,1.38324986908789,2,0,-1.12723525692196,0,0
755,0,0.332835324126175,1,1,2.60720810625443,1,1
756,0,1.93502903530139,2,0,-0.321110946132583,0,0
757,0,0.38446852316459,0,1,0.883851478431651,1,1
758,0,2.64530139755618,1,0,-0.417167068756349,0,0
759,0,0.850276437063037,1,0,-0.253215603350369,0,0
760,0,4.10490276909784,2,0,-0.287183413037144,0,0
761,0,0.469259798674083,1,0,-1.87753004804772,0,0
762,0,2.18267039178177,1,1,-1.30394021992764,1,0
763,0,0.468903090639962,1,1,1.12818251157448,1,1
764,0,0.322431342635652,1,1,-0.463909551023603,1,0
765,0,0.694095548517633,1,1,-0.7710230339292,1,0
766,0,0.444303459555156,1,1,-1.59206276822152,1,0
767,0,0.642899163067341,0,1,0.0130774927381032,1,1
768,0,4.3307823967127,1,0,-0.74595688292305,0,0
769,0,1.04488566392157,2,0,0.197904910074532,0,1
770,0,0.351504829142295,1,1,-0.772637467976763,1,0
771,0,0.0116741934570875,1,1,-0.960568329054451,1,0
772,0,0.9696357169499,0,1,-0.0381718367469761,1,0
773,0,1.25889636967572,2,0,-0.258243754571176,0,0
774,0,0.282939894901294,1,1,-0.982439080672863,1,0
775,0,0.650544434249979,2,1,-0.047336328274191,1,0
776,0,0.0410642722335478,1,1,-0.806054447379296,1,0
777,0,0.923740842070648,1,1,0.891726341692104,1,1
778,0,0.509551889179325,1,0,0.561313806520101,0,1
779,0,0.034726804165879,1,1,-0.100057899772868,1,0
780,0,1.01763658885786,1,1,1.84618557693993,1,1
781,0,1.55828960024261,1,1,0.359150187174327,1,1
782,0,0.00994018108498351,2,1,2.1493955462441,1,1
783,0,0.0331110646185446,1,1,-1.16236959742316,1,0
784,0,1.26310238229007,1,0,-0.842382740920371,0,0
785,0,0.63919897322779,1,1,-2.35774390549028,1,0
786,0,0.200312874171922,1,1,-1.54601302387681,1,0
787,0,1.05424311114406,1,0,0.561944743178329,0,1
788,0,0.155563572814929,1,0,-1.08112640150846,0,0
789,0,1.35922100381187,1,0,-0.953558967250276,0,0
790,0,0.250309094680063,1,1,-0.92992893617948,1,0
791,0,0.526611163194314,1,0,-0.593839000906159,0,0
792,0,1.74730848911337,2,1,0.173374949033379,1,1
793,0,1.55935578145648,1,0,0.804973619111703,0,1
794,0,0.944731177011391,1,0,-0.865857062448779,0,0
795,0,0.275303938318488,0,0,0.187444792277804,0,1
796,0,1.78572603635602,2,1,0.670413216136054,1,1
797,0,1.48090646233565,1,1,0.146369655136631,1,1
798,0,1.96026912890375,0,1,-0.979945600019141,1,0
799,0,1.86776764304846,2,1,1.44245554887978,1,1
800,0,0.184445045662998,1,0,0.607240195475124,0,1
801,0,0.140217829817651,1,1,0.342205011838191,1,1
802,0,0.19603578963748,1,0,-0.32008934020916,0,0
803,0,5.92540477215679,2,0,-0.589028876006232,0,0
804,0,0.0519021364421614,1,1,-0.202938487574274,1,0
805,0,0.692320717350585,2,1,0.21548533914825,1,1
806,0,0.785365292129496,1,1,1.70277724318234,1,1
807,0,0.00834627652005223,1,1,0.39876043659907,1,1
808,0,0.133216893300414,0,0,0.656892897488151,0,1
809,0,0.50324821770859,2,0,-0.264252862952123,0,0
810,0,1.07448219632109,0,0,1.83758085849674,0,1
811,0,0.40924730912798,2,0,1.23503073457033,0,1
812,0,0.378463405259927,1,0,1.18094465155855,0,1
813,0,0.755187002496243,1,1,0.707238976294684,1,1
814,0,3.54645952071087,2,1,0.0663515759302712,1,1
815,0,0.0506957975909975,1,1,0.129173511774653,1,1
816,0,0.129641103269271,1,1,-0.972980926007978,1,0
817,0,0.395534376321861,1,1,-1.78299410017932,1,0
818,0,0.0505903732643178,1,0,0.447349091105489,0,1
819,0,0.0330757040401551,2,0,0.640589285280736,0,1
820,0,0.313959046337554,1,0,-0.75936198504692,0,0
821,0,0.865956537628637,1,0,-0.226600078843345,0,0
822,0,0.00637651010277789,1,0,-1.04755867199195,0,0
823,0,0.175627532455166,1,0,-0.909494569207297,0,0
824,0,0.125198981978479,2,1,0.657151692174591,1,1
825,0,0.251569265837746,2,1,1.13176630426129,1,1
826,0,1.65148422387917,1,0,-0.73872082643378,0,0
827,0,0.389177070024994,2,0,0.085336903204912,0,1
828,0,2.14344013303185,2,0,1.80713041493232,0,1
829,0,0.233881147314993,1,0,-1.24774835289906,0,0
830,0,0.432189656729899,1,0,-1.83298463954365,0,0
831,0,0.339022635168994,2,1,0.051576656587012,1,1
832,0,0.940863497302985,2,0,0.35203728718924,0,1
833,0,0.875506244626875,2,0,1.00604122758843,0,1
834,0,0.821570553498883,0,0,0.896084490300242,0,1
835,0,1.22168627211154,2,1,-0.00799367804035416,1,0
836,0,0.367697381335141,2,1,-0.860480864059407,1,0
837,0,0.201513055776011,1,0,0.425096611662686,0,1
838,0,0.123003264315305,2,1,1.06582325312991,1,1
839,0,0.0275716899583737,0,1,-0.553300694054869,1,0
840,0,0.00618151613881812,1,0,-1.29675249550301,0,0
841,0,0.144460213096892,2,1,2.31825087906618,1,1
842,0,0.272190016221603,2,1,1.35966268821616,1,1
843,0,0.707848700128778,1,0,-0.498408322375471,0,0
844,0,0.37896892985782,1,0,-0.110391983075172,0,0
845,0,0.182459161347264,1,1,-0.773957605639183,1,0
846,0,0.246658074295218,1,1,-0.469365528495945,1,0
847,0,1.66923095968411,2,0,0.124121163668782,0,1
848,0,0.378886468490627,1,0,1.48779909764796,0,1
849,0,0.519269255658798,2,1,0.272177352100256,1,1
850,0,1.65589430901095,1,0,-1.58799394242325,0,0
851,0,2.48278092989251,2,1,-0.546676991801463,1,0
852,0,0.10369986087221,2,0,0.539098105136013,0,1
853,0,0.182701956239457,1,1,-0.669207865148184,1,0
854,0,0.445403277707198,1,1,-0.224043165073031,1,0
855,0,0.0901707772583317,1,1,0.438554342397844,1,1
856,0,0.0926625910115486,2,1,0.226812419546229,1,1
857,0,0.458741206838323,1,0,-0.169744395377413,0,0
858,0,0.0302383427818616,0,0,0.931491642803778,0,1
859,0,0.0280256962094389,0,1,1.37519956421322,1,1
860,0,1.63747521983897,1,1,0.700856134812649,1,1
861,0,1.20327403006135,0,1,-0.115959756349619,1,0
862,0,0.624579853582926,1,1,0.565287377508229,1,1
863,0,1.54425965793917,0,0,-1.27906295764074,0,0
864,0,2.90039513260126,0,0,-0.634953727644451,0,0
865,0,1.08670143401295,1,1,-0.941725767726394,1,0
866,0,0.0536163537554117,1,0,-1.07060499124503,0,0
867,0,0.202615111466787,2,1,1.15148669708379,1,1
868,0,0.676090567365001,2,1,-0.103821593922986,1,0
869,0,4.2212482355535,0,0,0.0926665904738091,0,1
870,0,1.24564707100693,1,1,-1.19398873561557,1,0
871,0,0.134031953143842,2,0,0.213253663992525,0,1
872,0,0.424037171882995,1,0,-0.703109421810168,0,0
873,0,2.54384746809032,1,1,0.274840283687482,1,1
874,0,0.958206108770476,1,1,-1.71914231698582,1,0
875,0,0.228760042126817,2,0,0.857363937957575,0,1
876,0,0.92645756095335,2,0,0.515399621226121,0,1
877,0,1.24188498253983,2,1,0.693293344334155,1,1
878,0,0.000642783954154602,1,1,0.182210697715264,1,1
879,0,0.910417711741251,1,1,1.13888663974639,1,1
880,0,0.213995517986088,1,1,-2.04477662433112,1,0
881,0,0.512681074006194,1,1,-0.576665607994199,1,0
882,0,0.67525903633606,1,0,-1.32564686116228,0,0
883,0,1.17063315915579,1,0,-1.39214195634881,0,0
884,0,3.55949586116667,1,0,-2.26875121341215,0,0
885,0,0.46090779632103,2,1,0.338144280701111,1,1
886,0,0.0263265613466501,0,0,0.444717052122983,0,1
887,0,2.67053901528319,0,0,0.145564055672681,0,1
888,0,0.225143082715693,1,1,-1.80385506805594,1,0
889,0,2.52239818063875,0,0,-0.488281544161309,0,0
890,0,0.505971201805896,1,0,-1.00221114024876,0,0
891,0,0.241380628357647,2,0,-0.257782727627703,0,0
892,0,0.933054017873199,1,0,-1.19271898327773,0,0
893,0,1.95195929138793,1,0,0.27047862668799,0,1
894,0,0.253306049488451,1,1,-0.0350931884211604,1,0
895,0,1.60152844546496,1,1,-0.145380664640395,1,0
896,0,1.74759033341228,2,0,-0.711740881248554,0,0
897,0,1.88465448372201,1,0,-0.0294145437982849,0,0
898,0,0.260555231943727,0,0,0.205835309170118,0,1
899,0,1.40870573907429,1,1,1.1582716055683,1,1
900,0,2.17077118129454,1,0,-1.18701415753203,0,0
901,0,1.61207729066243,1,0,-1.23871761446846,0,0
902,0,0.268703221033017,0,0,0.0683888639107597,0,1
903,0,0.0893679791741837,0,1,1.25881114796257,1,1
904,0,0.442550216601175,2,0,0.240022050819479,0,1
905,0,0.618798580388677,1,0,-1.34064442617846,0,0
906,0,0.0387725163780313,1,1,-1.31975397772488,1,0
907,0,1.23276649460329,2,1,-0.921242444967697,1,0
908,0,0.0812385044300553,1,1,-0.138584234155824,1,0
909,0,3.12903838853041,0,0,-0.865133348998119,0,0
910,0,0.412132382556927,2,1,0.340733553292897,1,1
911,0,0.316379139414828,1,1,1.18684594715816,1,1
912,0,0.303850328236838,1,1,0.404977275031795,1,1
913,0,6,0,0,-1.1616359563788,0,0
914,0,0.0522308671491594,2,1,1.44271815126593,1,1
915,0,0.102572539839265,2,1,0.936470317554757,1,1
916,0,0.473076020976472,1,1,-0.208507128992242,1,0
917,0,1.79183295419735,2,1,0.146176829477364,1,1
918,0,1.59359599380466,2,0,0.595537168770526,0,1
919,0,1.35405849463713,1,1,-1.15253520513066,1,0
920,0,0.907283346365158,0,1,-0.475792056143632,1,0
921,0,0.20419400446239,1,1,0.373362911664244,1,1
922,0,0.115448548476318,1,0,0.193807158489544,0,1
923,0,0.39738689995071,2,1,1.36750940491701,1,1
924,0,0.608263117469539,1,1,-1.68839585599129,1,0
925,0,0.0367237573486039,2,1,1.64965061768883,1,1
926,0,0.998107282701187,1,1,0.906413339095472,1,1
927,0,0.311706084307677,1,1,0.353202897963958,1,1
928,0,0.00696416898202206,1,1,-0.86671847155518,1,0
929,0,1.29139900687229,1,0,-0.683354474532376,0,0
930,0,0.571654942946533,1,0,0.0136616081981423,0,1
931,0,0.196665807529728,1,0,-1.39617183808908,0,0
932,0,0.438554700615829,2,1,0.626362122235581,1,1
933,0,0.132525849806843,1,1,-0.217764356688989,1,0
934,0,2.93455569165065,2,0,0.0437329451247335,0,1
935,0,1.4883338942556,1,0,-0.0030155911254688,0,0
936,0,0.0358745580883326,1,0,-0.621210773902321,0,0
937,0,1.93904623835674,1,0,0.2364195900666,0,1
938,0,0.359030770811831,2,1,-0.230021194903226,1,0
939,0,0.792035420114795,0,0,1.53689225526377,0,1
940,0,0.110206245945769,1,1,-1.52461579172158,1,0
941,0,0.0942851280443592,2,1,1.99677016699967,1,1
942,0,0.251735651416498,1,0,-2.54396917329502,0,0
943,0,3.23906136830234,1,0,1.15907843882389,0,1
944,0,0.463777800775066,2,1,-0.291289000155216,1,0
945,0,1.08575518722191,1,1,1.22106224173061,1,1
946,0,0.268391590416535,2,0,0.298225609448333,0,1
947,0,0.781560332203905,0,0,-0.729256619045069,0,0
948,0,0.0934159112838288,1,0,-0.914967236430243,0,0
949,0,1.31833393244974,2,1,1.38477386878375,1,1
950,0,0.623389839848046,2,0,0.261655074960799,0,1
951,0,0.665044119877628,1,0,-1.92464934586997,0,0
952,0,0.441910818361399,1,0,0.031721473139868,0,1
953,0,1.55127197119833,2,0,0.159500843646146,0,1
954,0,1.09178193979565,1,1,-0.314750961655396,1,0
955,0,0.853002049184315,1,1,-1.93483126385379,1,0
956,0,0.073573745684182,2,0,2.05534094795347,0,1
957,0,1.40186898886684,1,0,-0.486533390799705,0,0
958,0,0.238455201244193,2,1,1.276798220824,1,1
959,0,0.417540626961837,1,1,0.126478757165485,1,1
960,0,2.27681690129959,2,0,-0.116705168804164,0,0
961,0,1.76679031322065,1,0,-1.56048610884771,0,0
962,0,0.0531638383012465,2,0,0.346714221800763,0,1
963,0,0.103006520338872,2,0,1.59439686604163,0,1
964,0,0.0718416737969278,1,1,-1.11245065810345,1,0
965,0,3.22033216763128,2,1,-0.281964436039552,1,0
966,0,1.57672457396984,0,1,0.714711322847233,1,1
967,0,0.311892857752989,0,1,0.223165744837946,1,1
968,0,1.70206659488095,1,1,-0.830115389745636,1,0
969,0,1.0104603347458,2,0,0.667630987350827,0,1
970,0,1.5671285906317,2,0,0.740171010235732,0,1
971,0,1.78296409482375,2,0,1.21913249053224,0,1
972,0,1.03988066544084,2,0,-0.365261554493756,0,0
973,0,0.92439665600268,0,1,0.51953710221048,1,1
974,0,0.748617785766796,2,1,0.379395357161829,1,1
975,0,1.34325172104665,2,1,0.149068196088725,1,1
976,0,0.604769218481069,0,0,-0.134769100833592,0,0
977,0,0.583216979890012,2,1,0.666475119136622,1,1
978,0,0.415363538484724,2,0,0.159930182168209,0,1
979,0,1.23585587987325,1,0,-0.262314205173719,0,0
980,0,0.390031127996511,2,0,-0.0103137068003169,0,0
981,0,0.909076948150048,1,1,-1.84674187879075,1,0
982,0,0.257852544418001,1,1,-0.368352479526315,1,0
983,0,0.393980453645456,2,0,2.59393050002879,0,1
984,0,0.167890224154884,0,0,0.897590695555668,0,1
985,0,0.0990274953569995,2,1,1.8534643533267,1,1
986,0,0.578752052479844,1,0,-1.64010049044324,0,0
987,0,0.586630569187096,1,1,0.935400124847236,1,1
988,0,0.754969616063895,1,0,0.669435320403315,0,1
989,0,1.03805775654232,2,1,-0.178811531199938,1,0
990,0,0.0984582759787541,1,0,-1.85929730028525,0,0
991,0,1.40313329794216,2,1,0.381168830025248,1,1
992,0,0.537064415510054,1,1,-1.55900103858804,1,0
993,0,0.342963168394385,1,0,-0.787236529129538,0,0
994,0,6,0,0,0.920367778309094,0,1
995,0,1.32439060782891,1,1,-0.38142058158962,1,0
996,0,0.330427698791027,0,1,0.313483816370467,1,1
997,0,0.848980068611599,1,1,0.0196217764195665,1,1
998,0,3.26331335477471,2,0,0.0684996862716663,0,1
999,0,2.6530051852266,0,0,-0.782076817318796,0,0
1000,0,0.500906025204262,1,0,-0.498379140106974,0,0
1001,0,0.80941848022681,2,1,0.25743001447104,1,1
1002,0,1.92960124244953,1,1,0.443157654968594,1,1
1003,0,1.1977214684796,1,1,-0.766681841486828,1,0
1004,0,1.7477006424463,1,0,-1.11673547942751,0,0
1005,0,1.41073836309804,2,0,-0.555311231893387,0,0
1006,0,1.0810091903618,2,1,0.283719048617798,1,1
1007,0,0.948069310148444,2,1,0.31206500421135,1,1
1008,0,1.64577268824124,2,1,0.0908091357861137,1,1
1009,0,1.94224020679002,2,0,1.26894862957498,0,1
1010,0,0.192765328807912,1,0,0.360962608391219,0,1
1011,0,2.41322286407941,2,0,0.582273368537864,0,1
1012,0,0.126767387026916,1,1,-1.91845535258453,1,0
1013,0,2.36127909570645,2,0,0.603041792847453,0,1
1014,0,0.425445353344482,2,1,0.00469775826722601,1,1
1015,0,0.0466370523291925,2,0,0.886150268221325,0,1
1016,0,0.547088381558641,2,0,2.06759851877743,0,1
1017,0,0.0812352445144743,1,0,-0.987555302753367,0,0
1018,0,1.86112439525399,2,0,-1.07667820238261,0,0
1019,0,0.429684466027071,1,1,-0.948892022181836,1,0
1020,0,1.23249354198029,1,1,-0.174359756432159,1,0
1021,0,0.708603050458952,2,0,-0.054375304838281,0,0
1022,0,1.30158566217179,2,1,1.09478793139825,1,1
1023,0,1.14150601861268,0,1,-0.00271708943992684,1,0
1024,0,0.844856469807396,1,0,1.68554372436966,0,1
1025,0,0.0535592779352036,2,0,-0.0341168667091329,0,0
1026,0,0.583366428244995,1,1,0.198981867724432,1,1
1027,0,0.530093750125006,1,0,-1.21711929506931,0,0
1028,0,1.01120013056384,1,1,-1.98997198814057,1,0
1029,0,0.807154089744358,1,1,0.562754151238101,1,1
1030,0,0.0292656947736137,2,1,-0.0214137847453335,1,0
1031,0,0.279977884126379,1,0,0.803710234061742,0,1
1032,0,1.57041864780088,0,1,-0.277200783343224,1,0
1033,0,0.246848516854922,1,1,-0.329398018695819,1,0
1034,0,0.0447074276404047,2,1,1.35587295676464,1,1
1035,0,0.528342741473441,1,1,0.590333809224885,1,1
1036,0,0.238538082399797,2,1,0.686580946710059,1,1
1037,0,0.71547124071037,1,1,-0.729885958543491,1,0
1038,0,0.149822284616858,0,1,-0.906019124136513,1,0
1039,0,0.208153625039873,1,0,0.148186446657309,0,1
1040,0,3.88712766877392,1,0,-0.0882255468274468,0,0
1041,0,1.37069633640342,1,1,-0.297394238455291,1,0
1042,0,0.969579967857761,1,0,-0.512269467542529,0,0
1043,0,0.55441767280905,1,0,-0.562649442023714,0,0
1044,0,0.423445504628558,1,1,-1.31779558478465,1,0
1045,0,0.354135360525483,1,0,1.4986263567985,0,1
1046,0,6,0,0,0.051763586547715,0,1
1047,0,0.0525163589925497,0,0,-0.989247006268842,0,0
1048,0,1.35268436686816,2,0,0.409851757859332,0,1
1049,0,2.47626484528274,1,0,-1.45832706289855,0,0
1050,0,0.885631125637714,1,1,-0.64909454864392,1,0
1051,0,1.07635954406565,2,1,1.57984718595662,1,1
1052,0,1.02849882860389,2,1,0.107617849952028,1,1
1053,0,2.14595490693409,1,0,-0.390827594079508,0,0
1054,0,0.106101995334029,0,1,0.860872689192364,1,1
1055,0,2.95843399418945,2,1,0.190937271867563,1,1
1056,0,1.29250318033816,1,1,0.392014643153903,1,1
1057,0,0.824016217529464,1,0,-1.73555205042274,0,0
1058,0,0.296243299976128,0,1,0.873321737998401,1,1
1059,0,0.198476764159268,1,0,-0.815283361902773,0,0
1060,0,0.260239899597082,1,1,-1.5228425714765,1,0
1061,0,1.31082238062509,2,1,0.013296010932958,1,1
1062,0,4.35074968263507,0,0,-1.46165661327275,0,0
1063,0,1.05900332021217,0,0,-0.0203650645154926,0,0
1064,0,2.04807064494844,2,0,-1.0391032471471,0,0
1065,0,1.68080470929602,2,0,-0.111193701976209,0,0
1066,0,1.16465611568002,2,0,0.343388605257934,0,1
1067,0,0.958936222596782,1,1,-1.60329624757503,1,0
1068,0,2.14315353889816,1,1,-0.441848895665602,1,0
1069,0,0.0349264452659105,1,0,0.396820007093298,0,1
1070,0,1.76763313529603,1,1,-0.242795036696883,1,0
1071,0,0.531642164374025,1,1,1.08789833942453,1,1
1072,0,0.269417393899496,2,1,0.290428730489976,1,1
1073,0,2.47375272351866,2,0,0.272764466119979,0,1
1074,0,2.5911565610187,2,0,-1.04733701881792,0,0
1075,0,2.37845403154233,2,0,0.561598792332593,0,1
1076,0,0.849442536139274,2,1,0.259917671921906,1,1
1077,0,2.2996864484239,1,0,-0.826738371820117,0,0
1078,0,1.0154159321488,1,1,0.885758326012628,1,1
1079,0,2.30331910437967,1,1,-0.319150859864821,1,0
1080,0,0.646440892790755,0,0,0.350577506527872,0,1
1081,0,0.0888472650502597,1,1,-0.207800518990778,1,0
1082,0,1.04786905625275,2,1,1.19583141804903,1,1
1083,0,2.06020875796639,1,0,-0.369285962124897,0,0
1084,0,0.277183428431163,1,0,-1.10358081812961,0,0
1085,0,2.77384795218031,1,1,-0.191111139227279,1,0
1086,0,1.19368704557536,1,0,-1.55515578050064,0,0
1087,0,5.20159780576486,2,1,-0.0327076909868812,1,0
1088,0,1.46363294072559,2,1,0.295498121826361,1,1
1089,0,0.82258311656031,2,0,0.0892294304557507,0,1
1090,0,0.239165056670633,1,1,-0.116063979664329,1,0
1091,0,0.0472898036241531,0,0,-1.25214572051306,0,0
1092,0,4.61132117857536,0,0,1.45640689399347,0,1
1093,0,0.059531339322685,1,1,-0.723600482710264,1,0
1094,0,0.706366657354271,1,1,-0.501813477544212,1,0
1095,0,2.16352568167745,1,0,0.370350108363746,0,1
1096,0,1.22379127968363,1,1,-0.96933015786108,1,0
1097,0,0.18482913685353,2,1,-0.612355353080626,1,0
1098,0,1.68835918175034,2,0,0.592894865173382,0,1
1099,0,0.204260082269218,2,1,-0.570656193199972,1,0
1100,0,0.341690995903565,1,1,-2.58118680137125,1,0
1101,0,0.164548640202875,1,0,0.557527599060556,0,1
1102,0,0.36942205682332,2,0,1.51822235246971,0,1
1103,0,0.558868537359576,2,0,1.25969985293133,0,1
1104,0,4.0123456168496,2,0,-0.968625190144322,0,0
1105,0,0.568834083180252,1,0,0.0866401431176159,0,1
1106,0,0.768757921475327,1,1,1.25388582097624,1,1
1107,0,0.716605443537769,1,0,-0.750215185693196,0,0
1108,0,0.87806613306618,2,0,-0.83154568428319,0,0
1109,0,0.926660985704878,1,0,-1.52667648524859,0,0
1110,0,0.436987071238508,0,0,0.492254376618385,0,1
1111,0,0.535294895568217,1,0,-1.58615971561137,0,0
1112,0,0.188087491464692,0,0,0.610581886552401,0,1
1113,0,0.0479594891657684,1,1,-0.765906259889026,1,0
1114,0,0.981689804197059,2,0,0.170648802471459,0,1
1115,0,0.1995646526811,1,0,-0.466604349222874,0,0
1116,0,0.0718925727362872,1,0,-1.47785656106959,0,0
1117,0,1.30139215167431,1,1,-0.251756339547176,1,0
1118,0,0.743501308001155,1,1,-1.62140257925153,1,0
1119,0,0.799362679730327,1,1,-1.07789157750258,1,0
1120,0,0.315644040861169,1,1,-0.387981425715343,1,0
1121,0,1.73836851561721,2,0,0.108128284972418,0,1
1122,0,0.972616042134384,0,0,0.338679847890121,0,1
1123,0,0.151036938706776,1,1,0.499711929876655,1,1
1124,0,0.0595244020145051,0,1,0.512588074482345,1,1
1125,0,1.87589573236776,0,0,-0.892113810138245,0,0
1126,0,0.801473933329388,1,0,-0.321152799440456,0,0
1127,0,0.47008291005043,0,0,-0.574786827626021,0,0
1128,0,1.5246923301304,2,0,0.935212899139783,0,1
1129,0,2.31365507561008,2,0,-0.00220881751500681,0,0
1130,0,0.524596271134467,1,0,0.6961075530357,0,1
1131,0,0.514660240373084,2,1,-0.076129930091149,1,0
1132,0,1.73231475464119,1,1,-1.28251832051002,1,0
1133,0,0.693963801412066,0,0,-0.803762240548423,0,0
1134,0,0.146052371775469,1,1,0.100836967137911,1,1
1135,0,0.20959577203234,1,1,-0.903354874962063,1,0
1136,0,0.265536170358333,2,1,1.06519724512144,1,1
1137,0,0.38237310670181,1,0,0.288465645433663,0,1
1138,0,2.87908680771621,2,1,-0.568792464954199,1,0
1139,0,0.123174482354358,1,1,-0.392501503659219,1,0
1140,0,0.565780276302491,1,1,-1.14723315031426,1,0
1141,0,2.51159075648158,2,0,0.106454972844518,0,1
1142,0,2.30531515103534,1,0,0.693311966526628,0,1
1143,0,0.452874602979597,2,0,2.09766143844912,0,1
1144,0,0.034744269924733,1,1,-1.34644762490697,1,0
1145,0,0.174112040655201,1,0,-0.946973556803566,0,0
1146,0,2.27866096465719,2,1,-0.711919557475123,1,0
1147,0,0.939589894618036,1,0,2.21926291581231,0,1
1148,0,2.05522614076882,2,0,-0.12399388231559,0,0
1149,0,0.469758516798417,0,0,-1.75248303719906,0,0
1150,0,0.555782106661154,2,1,0.813340447751933,1,1
1151,0,0.608520182775224,2,1,1.67665919650148,1,1
1152,0,0.292447623296599,2,1,1.23582092128453,1,1
1153,0,2.12676133650257,2,1,-0.649189031615807,1,0
1154,0,0.0358833873691745,1,0,-0.315751922193917,0,0
1155,0,0.101996934230717,1,1,0.17298428146355,1,1
1156,0,0.860924321338421,1,1,-2.21652743473649,1,0
1157,0,0.342514525177386,2,0,0.0908018462535559,0,1
1158,0,0.138320805616488,1,1,-1.2043197259631,1,0
1159,0,1.56344173192051,1,0,0.538926215466582,0,1
1160,0,0.508596863730827,2,1,1.53317907144051,1,1
1161,0,3.61277572226309,2,0,0.293796374543547,0,1
1162,0,0.130603824094652,1,1,-0.432528432804728,1,0
1163,0,0.0724360049783068,2,0,0.190879882353347,0,1
1164,0,1.81998452337611,1,1,-1.24789352457142,1,0
1165,0,0.0876992897844318,2,0,-0.22963770594697,0,0
1166,0,0.328390310599227,1,0,-1.19140453532685,0,0
1167,0,0.128570677584501,1,0,-1.58212081801153,0,0
1168,0,0.708966315730253,2,0,1.7539252664241,0,1
1169,0,1.11191118840444,1,0,0.631888205779603,0,1
1170,0,0.149902457170254,1,0,-1.403877472066,0,0
1171,0,0.782873059443973,0,1,-0.264406065294187,1,0
1172,0,0.307739545910258,1,1,0.0696183706368093,1,1
1173,0,0.137196352823478,1,1,-0.387992235091792,1,0
1174,0,1.20939428918064,0,0,-0.0509643039816503,0,0
1175,0,3.43611235921003,2,1,-0.788151954575122,1,0
1176,0,0.277358684429948,1,0,0.0183121929130772,0,1
1177,0,3.84190859583517,0,0,-0.617294931951756,0,0
1178,0,0.31590940431489,0,1,0.270532674040612,1,1
1179,0,2.63711286509847,2,0,-0.0461337360078038,0,0
1180,0,0.380104094122847,0,0,0.490533178674389,0,1
1181,0,0.847778826331099,0,0,0.982864305462787,0,1
1182,0,0.513613562868416,1,0,-0.705983679780985,0,0
1183,0,0.800162905325577,1,0,-0.445119606121548,0,0
1184,0,0.696849487202589,1,1,-0.307003055564399,1,0
1185,0,1.36262691723897,2,0,0.514231153136121,0,1
1186,0,2.01548285055486,2,0,1.15647930518238,0,1
1187,0,0.689539449910323,0,1,0.64587715236958,1,1
1188,0,1.12267833070872,1,0,0.605536694276379,0,1
1189,0,0.41886344699192,2,0,1.75229883311342,0,1
1190,0,6,0,0,-0.40931151370844,0,0
1191,0,0.182956926877481,1,0,-0.216562446014569,0,0
1192,0,1.67254892806774,1,1,1.12427964553843,1,1
1193,0,0.917426586935841,2,0,0.703720152125323,0,1
1194,0,0.225242424678329,1,1,0.162940036126477,1,1
1195,0,0.0815161964835603,1,1,-0.526898194203642,1,0
1196,0,1.13793260176767,2,0,-0.47469395483519,0,0
1197,0,0.441104428707341,1,1,-0.841188933134418,1,0
1198,0,0.583753172697192,0,0,-0.0540897706830784,0,0
1199,0,0.269899873085946,1,1,-0.0380392653614034,1,0
1200,0,0.150311547099429,1,0,-2.30866142456839,0,0
1201,0,0.994383466934995,1,1,1.18748849768139,1,1
1202,0,1.42418629872509,0,1,0.292548095988908,1,1
1203,0,0.275035106593012,1,1,1.4417431877417,1,1
1204,0,1.71039247267375,2,0,-0.490870320937379,0,0
1205,0,4.16669574876626,0,0,-1.08908056349388,0,0
1206,0,1.38851128058251,2,1,-0.244867658151013,1,0
1207,0,0.197092980433987,1,1,-0.504730959253885,1,0
1208,0,1.34384079474217,1,0,-0.293305088839726,0,0
1209,0,0.145975029115946,1,0,1.03099868249401,0,1
1210,0,1.11491053150381,1,0,0.315598665080355,0,1
1211,0,0.725778492210301,0,0,-0.124829382041834,0,0
1212,0,0.409754092349698,1,0,0.386923551079588,0,1
1213,0,3.79226227494642,2,0,0.0768654664309014,0,1
1214,0,0.113471967815698,1,0,0.31384159978395,0,1
1215,0,0.768474652747516,1,1,0.397385571465659,1,1
1216,0,0.270555017105831,1,1,-0.540176574438961,1,0
1217,0,1.20845413982157,1,0,-1.52744230818864,0,0
1218,0,0.0533319439575249,1,1,-2.9768523041439,1,0
1219,0,0.0405405601858953,1,0,-0.108779455943532,0,0
1220,0,1.89537782222033,0,0,0.65220662919521,0,1
1221,0,1.43769642247011,1,1,-1.28499443210386,1,0
1222,0,0.301322311736275,1,0,-0.202136024241526,0,0
1223,0,0.258031986076584,1,0,-0.309554694447294,0,0
1224,0,0.0584856915728847,1,0,0.461747796262537,0,1
1225,0,1.48946123464484,1,1,-0.578722515000133,1,0
1226,0,0.479124216362834,0,0,-1.93569126678264,0,0
1227,0,0.188569122808828,1,1,0.471286537427719,1,1
1228,0,3.24219586456648,1,1,-1.17393098381588,1,0
1229,0,0.808857729037603,0,1,-0.133951372748179,1,0
1230,0,0.437339692852173,1,0,0.44284051576811,0,1
1231,0,0.0408926244619717,1,0,-0.0702567657593452,0,0
1232,0,0.607849479877898,1,0,-1.59018952697614,0,0
1233,0,2.74658834348038,2,0,1.07964432697062,0,1
1234,0,0.244499603249362,2,0,0.0999843458130347,0,1
1235,0,1.33323282594744,2,1,-0.261483488317626,1,0
1236,0,3.37136843637131,1,1,0.737758275697857,1,1
1237,0,1.99527808270907,2,0,-0.259168125615993,0,0
1238,0,0.417354311379365,0,1,0.761977877582897,1,1
1239,0,0.749126706350138,1,1,-0.32698246844768,1,0
1240,0,0.278461288920473,0,0,-2.72574968894044,0,0
1241,0,0.719050432865818,0,0,-0.427266073332335,0,0
1242,0,0.366296654018985,2,1,-0.228785397525277,1,0
1243,0,0.156026166815058,2,0,1.16928711667161,0,1
1244,0,3.60865691068255,1,0,-0.137651474118098,0,0
1245,0,1.56863687721403,2,0,-0.561050248944616,0,0
1246,0,0.0833943061769215,2,1,1.95487535748976,1,1
1247,0,0.12820946003448,2,1,1.08896219909613,1,1
1248,0,0.797854175367255,1,0,0.352108756534223,0,1
1249,0,0.455980116716877,1,1,0.116861155712955,1,1
1250,0,0.0292893951700372,2,0,1.008986384215,0,1
1251,0,0.727603420674297,1,1,0.428878219315855,1,1
1252,0,4.75421232053728,1,0,-1.08575319811866,0,0
1253,0,0.140696528614372,2,1,1.22054318194492,1,1
1254,0,0.0436619846706438,1,1,-1.92456267023902,1,0
1255,0,0.517600913243902,2,0,0.253245240334203,0,1
1256,0,0.0124822586428097,1,1,-0.112082531410102,1,0
1257,0,0.441017843093575,1,1,0.557095490804699,1,1
1258,0,0.00828954470158195,2,1,-0.0935414608867076,1,0
1259,0,0.495006277289483,1,0,-1.93698146727896,0,0
1260,0,0.18755127418615,1,1,-2.68748297744719,1,0
1261,0,0.38205506428258,1,1,0.787318871927865,1,1
1262,0,1.75330672239726,2,0,-0.996397386828331,0,0
1263,0,1.6295970455532,1,1,-0.316230302238707,1,0
1264,0,2.17274007262431,2,1,-0.725631789157284,1,0
1265,0,0.173896227795506,1,1,-1.40590657708165,1,0
1266,0,1.14713692300302,2,0,1.40569769642103,0,1
1267,0,2.36069410242143,2,1,0.113025742590901,1,1
1268,0,0.903390382253722,1,0,-0.450108511797532,0,0
1269,0,0.20765926819626,1,0,0.304993568119153,0,1
1270,0,0.141117685140188,1,1,-0.271979706980113,1,0
1271,0,0.618968990516188,2,0,0.443103520610495,0,1
1272,0,1.59284233170864,2,0,1.57577704773568,0,1
1273,0,0.964246033318164,1,0,0.338167679343739,0,1
1274,0,2.19405592705022,2,1,0.702295407277932,1,1
1275,0,1.53423773958121,2,1,-1.47715147735506,1,0
1276,0,0.143227595010262,1,0,-0.149444511128306,0,0
1277,0,0.224363296125294,2,1,1.16235080327695,1,1
1278,0,2.9425268671419,2,1,-1.26548491480054,1,0
1279,0,0.212147238669113,1,1,-0.503663237192241,1,0
1280,0,0.179757617269521,1,1,-0.409666662943327,1,0
1281,0,0.53132821352745,1,0,0.587994833610674,0,1
1282,0,0.363251181534775,2,0,-0.28534244316847,0,0
1283,0,0.376699895762357,1,0,-2.03930486920765,0,0
1284,0,0.695681315081972,2,1,0.791593525599973,1,1
1285,0,0.430204263515304,2,0,1.66268497878484,0,1
1286,0,0.0368875450277851,1,0,-1.77410376650306,0,0
1287,0,3.37992752591769,0,0,-0.136724029592503,0,0
1288,0,2.50582594440352,2,0,0.271058458801024,0,1
1289,0,0.694852621855588,1,1,-1.71355730174236,1,0
1290,0,0.620764460302572,1,0,-0.171839108215525,0,0
1291,0,0.0739969226163976,1,1,-0.277328271711791,1,0
1292,0,1.7600050578967,0,0,1.40308562014864,0,1
1293,0,0.488417934212995,2,0,0.315120422029982,0,1
1294,0,2.27523234876353,1,1,-0.0389482302692236,1,0
1295,0,0.175359088725103,2,0,1.34216776503175,0,1
1296,0,0.117092963756547,1,1,0.57258371296164,1,1
1297,0,1.74817627706674,1,1,-0.339385005450687,1,0
1298,0,0.208797149952003,1,1,0.216226345101947,1,1
1299,0,0.64348876832676,1,0,-1.85980771806954,0,0
1300,0,0.594097402631053,1,1,-1.14280962695578,1,0
1301,0,0.578714784385219,0,1,-0.0754243093040555,1,0
1302,0,2.42391891799339,0,0,-0.409390781571955,0,0
1303,0,2.30576398310909,2,1,0.0409909571680685,1,1
1304,0,0.356433800043572,2,1,1.37172278383954,1,1
1305,0,5.71651409817775,1,0,0.0781505013940609,0,1
1306,0,0.417502990510236,2,1,0.201180391228181,1,1
1307,0,2.17200331734794,2,0,0.271762348551301,0,1
1308,0,1.24010863093065,1,0,-1.20364990612935,0,0
1309,0,0.881528680448859,1,0,-0.245549404524022,0,0
1310,0,2.06384703938721,1,0,-0.150577799181066,0,0
1311,0,1.05439416154688,1,1,0.409434486556501,1,1
1312,0,0.376468349939382,1,0,-0.857160292049994,0,0
1313,0,0.269411235583546,1,1,0.22634522448209,1,1
1314,0,0.0179852494200936,1,0,0.411053021885503,0,1
1315,0,3.22627057631811,0,0,-0.464747125098627,0,0
1316,0,1.6608082100161,1,0,0.144512541716203,0,1
1317,0,0.531355084594096,1,1,-0.845081481316203,1,0
1318,0,0.274239507784712,1,1,0.74827842046705,1,1
1319,0,0.687464739667777,1,1,-1.93284217957477,1,0
1320,0,5.35318200204825,2,0,-0.271797307751841,0,0
1321,0,3.02181753640374,0,0,0.609390894384473,0,1
1322,0,1.81432230773766,2,1,-0.32480507367081,1,0
1323,0,0.900829621199707,1,1,-0.48992585635191,1,0
1324,0,4.79250392538118,0,0,-1.31022142000916,0,0
1325,0,1.70711849906673,2,0,0.275794385008556,0,1
1326,0,0.873845934074055,2,1,1.15330950776525,1,1
1327,0,0.916188993773186,1,0,0.399369571872875,0,1
1328,0,2.00533646507096,1,1,-0.224054853461316,1,0
1329,0,0.49782887546562,1,1,-0.186320382696426,1,0
1330,0,1.01295802133325,1,0,-0.865175257656453,0,0
1331,0,0.0769437894374477,1,1,-2.19781999522741,1,0
1332,0,5.90519904306223,2,0,-1.48365684598048,0,0
1333,0,0.387862076692787,1,1,-0.284396312889009,1,0
1334,0,1.59973747831104,1,1,-1.1060574242564,1,0
1335,0,0.247582847770772,1,0,-1.07593098885217,0,0
1336,0,4.20832040586821,1,1,-0.696353559812237,1,0
1337,0,0.948093496873184,1,0,1.5033773056717,0,1
1338,0,0.213421055610926,0,1,-2.15299473455469,1,0
1339,0,1.25117403110966,1,0,-0.409495226993675,0,0
1340,0,0.409368441425786,1,0,-1.58395429929617,0,0
1341,0,1.86547249618033,1,1,0.186380832259353,1,1
1342,0,0.219642846157506,1,1,0.307589181795538,1,1
1343,0,3.69731516334701,1,1,0.525276433010014,1,1
1344,0,0.437343425869473,1,1,0.091012042126268,1,1
1345,0,0.328019438274423,2,0,1.91945113816982,0,1
1346,0,2.57668269487719,0,0,-0.350564863057898,0,0
1347,0,0.321871124614067,1,1,-0.36409441027153,1,0
1348,0,2.77102283602903,2,0,0.530057024098373,0,1
1349,0,0.0262031378856259,2,1,0.688410902362127,1,1
1350,0,0.586589213602599,2,1,0.38124110694655,1,1
1351,0,3.24617729832729,0,0,-1.04817237361429,0,0
1352,0,0.00480565934492649,2,1,2.56706788916738,1,1
1353,0,1.31844735157464,1,0,-0.877781859110919,0,0
1354,0,0.112068942213646,0,0,-0.534741872007002,0,0
1355,0,0.0862930691630517,1,1,-0.606008625584783,1,0
1356,0,0.0219026350907588,1,0,0.443893839237627,0,1
1357,0,0.204626954648563,1,0,-0.978790956076466,0,0
1358,0,1.03116749611738,1,1,-0.177229317328051,1,0
1359,0,2.25160252493967,2,1,0.0283891369804953,1,1
1360,0,0.808628097897161,1,1,-2.12281232980506,1,0
1361,0,0.4859884800953,2,0,0.373169824719044,0,1
1362,0,0.203046359760532,2,0,0.422827188248773,0,1
1363,0,0.0864336624417369,1,1,0.294743099784222,1,1
1364,0,1.58981858431641,1,0,0.71420967569113,0,1
1365,0,0.682885842862857,1,0,-0.279743572067777,0,0
1366,0,5.51750071279559,0,0,0.0830903435546985,0,1
1367,0,0.272020794851032,1,1,0.437645756589967,1,1
1368,0,0.350767171834812,2,1,0.881316067833734,1,1
1369,0,0.0452142495194438,2,0,1.35274840094752,0,1
1370,0,4.88163704344177,2,0,-0.249218352843335,0,0
1371,0,0.0861467431344142,2,0,2.45015382008597,0,1
1372,0,0.0979215310265621,0,0,-1.46001667103015,0,0
1373,0,0.141825686002709,1,0,0.697919796254468,0,1
1374,0,1.54247745527193,1,0,0.651979234340388,0,1
1375,0,0.894865098045704,1,1,-0.656999072762413,1,0
1376,0,0.254712749497356,2,0,0.227506034343898,0,1
1377,0,1.11773290683424,1,0,-0.577036094536388,0,0
1378,0,0.566813564064094,1,0,0.611679587682917,0,1
1379,0,1.50022018039052,1,0,-0.0209724151852264,0,0
1380,0,0.160447991999078,1,1,1.45625082640365,1,1
1381,0,0.215457726581456,2,0,1.61475824821274,0,1
1382,0,3.25421791834136,0,1,1.25744155214462,1,1
1383,0,0.719822502515793,2,1,0.464384170385057,1,1
1384,0,0.706346052466593,1,1,-0.291039370099471,1,0
1385,0,3.0949001696541,1,1,-1.34648656083695,1,0
1386,0,0.180178867242002,1,0,0.161019196701736,0,1
1387,0,1.81481266083817,0,0,1.01998891723068,0,1
1388,0,1.1143645310747,1,1,0.315304645102989,1,1
1389,0,0.336637939222424,1,0,0.398283840257889,0,1
1390,0,0.406109125157005,1,0,-0.0381336349207714,0,0
1391,0,1.32100685951071,1,1,0.505859018904404,1,1
1392,0,1.40652415419854,1,0,1.0463189965535,0,1
1393,0,0.625249589991667,1,0,0.444635511173975,0,1
1394,0,0.166464184773886,2,1,0.329291829629614,1,1
1395,0,1.30304895962278,0,1,-0.215150685731633,1,0
1396,0,0.461969090310987,2,1,-1.20350042522477,1,0
1397,0,0.729006412774695,2,0,-1.11866982835781,0,0
1398,0,1.90907565765728,1,1,0.36749027053657,1,1
1399,0,3.68191108493745,1,1,0.127072577026289,1,1
1400,0,1.34109205846708,2,0,1.2075546736369,0,1
1401,0,0.17747255663077,0,1,0.16737490190618,1,1
1402,0,0.697827775785227,1,0,-1.21697334983255,0,0
1403,0,0.0764583920452144,1,1,-2.0589367656423,1,0
1404,0,0.143144273509582,0,0,1.18937385081048,0,1
1405,0,0.233966363593936,0,0,-0.978580704029504,0,0
1406,0,1.80208219152359,2,1,-0.435766452158614,1,0
1407,0,0.0214223529245231,1,0,-0.837753433494598,0,0
1408,0,0.559876207187159,2,0,0.155058070605898,0,1
1409,0,0.362001548347124,1,1,0.0541802327293497,1,1
1410,0,0.397703295526997,1,1,0.139930875346966,1,1
1411,0,0.224041787264891,2,0,1.15928024329076,0,1
1412,0,0.167527198485065,1,0,0.20309943169163,0,1
1413,0,0.775595090041558,0,1,-1.71357311766282,1,0
1414,0,1.63787056380354,2,1,0.495324469843806,1,1
1415,0,0.603461505752606,1,0,-0.825567768453183,0,0
1416,0,0.00761123477965164,1,0,-0.645205436013859,0,0
1417,0,3.36369252223305,2,0,-0.868452094597097,0,0
1418,0,2.00527645018109,1,0,0.284288319876643,0,1
1419,0,0.161589342682365,1,0,-1.86148632536457,0,0
1420,0,0.102699455453432,0,1,-0.359749696692285,1,0
1421,0,0.728076485313255,1,1,0.967001142586997,1,1
1422,0,0.0447336894521952,0,0,-0.711089956866523,0,0
1423,0,1.57853455858514,2,0,0.9312671941151,0,1
1424,0,0.0395662699233708,2,0,-1.27926541863968,0,0
1425,0,1.49242747331522,1,1,-0.0355509610186175,1,0
1426,0,0.0212133758950842,2,0,2.30914340246496,0,1
1427,0,0.0564789492636919,0,0,0.294638196846659,0,1
1428,0,0.122850704079877,2,0,-0.915509021885813,0,0
1429,0,0.0516424674065098,1,1,-0.430841280543235,1,0
1430,0,0.648636408193702,1,0,-1.26574331012474,0,0
1431,0,0.0677040894864315,0,0,-0.103743684352244,0,0
1432,0,4.840615675454,2,0,0.279901534943399,0,1
1433,0,0.0689235479859924,1,1,0.80264267015855,1,1
1434,0,0.0877025400773522,1,1,0.701562882195054,1,1
1435,0,0.177115058438248,1,1,-0.798088340463424,1,0
1436,0,0.48592472453841,1,0,0.159734537320511,0,1
1437,0,0.805793521181066,2,1,-0.130988174457777,1,0
1438,0,1.98100908181265,2,0,1.39753685359778,0,1
1439,0,0.943904594724743,1,1,0.614596267161593,1,1
1440,0,0.562215057079021,1,1,2.10739327226709,1,1
1441,0,1.4779237303487,1,0,-2.31312969393626,0,0
1442,0,0.283889183491818,1,1,0.574501709882817,1,1
1443,0,2.08060365338722,0,0,0.348794535794532,0,1
1444,0,0.081475343616731,1,1,-0.704596352856846,1,0
1445,0,0.0785201943038107,0,1,0.125114021303352,1,1
1446,0,0.368600329798139,1,1,-2.3180778192344,1,0
1447,0,1.3984859515948,2,0,0.941065235760385,0,1
1448,0,0.353157497195673,1,0,-1.77969629498491,0,0
1449,0,0.368806637591503,2,0,-0.384478192495028,0,0
1450,0,2.10552657777781,2,0,0.30693969315891,0,1
1451,0,0.0280583702470885,2,1,-0.338315086760713,1,0
1452,0,0.383895520741741,0,0,-1.23431707406411,0,0
1453,0,1.55887434328818,2,0,0.937614261401328,0,1
1454,0,0.363290287911907,1,0,0.152708815339565,0,1
1455,0,0.702430944601078,1,0,0.903711110988663,0,1
1456,0,0.708889686469017,1,1,0.0622240393137965,1,1
1457,0,0.853472583051357,1,0,-0.292079937363527,0,0
1458,0,0.786916272336778,0,0,-0.0754711348959048,0,0
1459,0,0.473555503245891,1,0,0.991841343689917,0,1
1460,0,0.628904093548803,1,1,-1.76543328543379,1,0
1461,0,0.0401703211829166,0,1,-1.49399719071914,1,0
1462,0,0.0382539601760451,1,0,-0.78989278117352,0,0
1463,0,0.00028557673604221,2,1,0.47723885339675,1,1
1464,0,0.0764834649481241,1,0,0.46629119295962,0,1
1465,0,1.01434445769431,2,0,1.06481236867638,0,1
1466,0,1.7392417793924,1,0,-1.59405903329431,0,0
1467,0,1.73888703128406,0,0,-1.22522508773683,0,0
1468,0,2.17181192400555,0,0,-0.638656472159147,0,0
1469,0,0.0502402564863749,2,0,0.504162243198338,0,1
1470,0,1.67660461148129,1,1,-0.121527244048166,1,0
1471,0,0.180876258815782,1,1,0.691494502492647,1,1
1472,0,0.0665530823647471,2,1,-0.0515129566007182,1,0
1473,0,0.538088183482036,1,1,-0.492285844899432,1,0
1474,0,6,0,0,0.298248098080123,0,1
1475,0,1.38702854560046,2,1,0.666434201189209,1,1
1476,0,0.944364650415042,1,0,-1.68891906756366,0,0
1477,0,0.241344188987123,1,0,0.85442147394367,0,1
1478,0,0.269205631097592,2,1,-0.164417594591611,1,0
1479,0,1.16713152663705,1,1,0.318772622962282,1,1
1480,0,0.858719086877315,2,0,0.296154486840439,0,1
1481,0,0.904221155991157,0,1,1.14369245669001,1,1
1482,0,0.390000340300667,2,0,1.32736407456821,0,1
1483,0,2.41948620999655,2,1,0.352145593848652,1,1
1484,0,2.33458283148817,2,1,0.465318998454568,1,1
1485,0,0.180053836393211,2,1,1.26496997136946,1,1
1486,0,0.184478542457024,0,1,-0.0177336056303053,1,0
1487,0,0.802492360840119,1,0,0.504266172379093,0,1
1488,0,0.531350013935272,1,1,1.00765174521621,1,1
1489,0,0.123133569892234,2,1,2.15875066691128,1,1
1490,0,0.236607240378914,1,1,-1.80602528414701,1,0
1491,0,0.586950804850979,2,1,-0.768362016907652,1,0
1492,0,0.405335376193839,1,0,-2.19741874305312,0,0
1493,0,0.133030820311127,1,0,0.571889221405962,0,1
1494,0,2.69856084929981,1,1,-1.11429145363735,1,0
1495,0,0.222605796887934,1,1,-0.402123201734222,1,0
1496,0,0.959152468099512,2,0,0.00069738426280551,0,1
1497,0,0.61072285519269,2,1,0.313273485805256,1,1
1498,0,1.73174592228477,2,0,-0.207567937535425,0,0
1499,0,3.75735486094654,1,1,-1.05221372811725,1,0
1500,0,0.163943747048961,0,0,-0.178748140970807,0,0
1501,0,1.48440464119442,1,1,-1.20154225510529,1,0
1502,0,0.157683416136137,1,1,-0.182105363061516,1,0
1503,0,3.72710360882513,2,0,-1.0300967120374,0,0
1504,0,0.446530873763012,1,0,0.0454430293672389,0,1
1505,0,0.0346777943243765,1,1,-1.80559324838548,1,0
1506,0,0.14304371224807,1,0,-0.725927798416441,0,0
1507,0,1.31817991328494,1,1,0.854947330900253,1,1
1508,0,0.569684166612471,2,1,2.74330774736457,1,1
1509,0,1.11584218034315,1,1,-0.507277092779673,1,0
1510,0,0.268075596534728,1,1,1.7858304545966,1,1
1511,0,0.373371034787346,2,0,0.580902351508744,0,1
1512,0,0.240368169421951,0,0,-1.14518814524311,0,0
1513,0,0.26188410452469,1,0,-0.0812839551279366,0,0
1514,0,0.23031327509434,1,1,-0.684347541447412,1,0
1515,0,0.108947053459705,1,0,-0.630565116466987,0,0
1516,0,3.52543956788434,1,0,-0.117476779621343,0,0
1517,0,1.42370665774351,1,1,0.216072709994376,1,1
1518,0,1.31915561850601,0,0,-0.393646956788564,0,0
1519,0,0.0146313518371936,1,1,-0.213209090168327,1,0
1520,0,1.47551519222973,2,1,0.349938055342245,1,1
1521,0,0.267262732097541,2,1,-0.747859988281401,1,0
1522,0,0.231052844029816,1,1,0.627194211941212,1,1
1523,0,0.00891367000575127,2,1,-0.549063628783211,1,0
1524,0,0.901407486739799,1,0,1.52922556397993,0,1
1525,0,0.302668223157525,0,1,-0.0406841260535518,1,0
1526,0,0.282000868613016,1,1,-0.706184935544215,1,0
1527,0,1.38040794395137,1,0,0.0802608052519345,0,1
1528,0,0.545420799849552,2,0,1.32182720350592,0,1
1529,0,2.58305380741755,0,0,-0.869428101599267,0,0
1530,0,0.289108574092252,1,0,-1.1318737453121,0,0
1531,0,0.568444779014716,2,1,0.354782444651784,1,1
1532,0,1.54046672603635,2,1,-1.33219752478178,1,0
1533,0,0.0208915055280427,1,0,-1.02507978754862,0,0
1534,0,0.357864978050468,2,0,0.240497290857808,0,1
1535,0,0.588677725901042,1,1,-0.411288496625132,1,0
1536,0,0.455746503012721,1,1,-1.76794351554293,1,0
1537,0,0.625604665786655,2,1,-1.17429144996628,1,0
1538,0,1.20941037098122,2,0,0.257393774523555,0,1
1539,0,0.191205507833431,2,1,0.581867601567286,1,1
1540,0,0.0241581908975016,1,1,-0.640808128825785,1,0
1541,0,0.197887571324087,1,0,-0.207014588390091,0,0
1542,0,0.844587549533394,1,0,-0.0471960725707978,0,0
1543,0,0.869111833165446,1,1,0.666596871938177,1,1
1544,0,0.127782918142577,1,1,0.187162175264849,1,1
1545,0,0.396751872943659,2,1,0.873518082659572,1,1
1546,0,0.379092564715544,1,1,-1.00024205463327,1,0
1547,0,0.323925462692744,1,1,0.890090574172052,1,1
1548,0,0.0806163270311108,2,0,1.45943670571247,0,1
1549,0,0.433851404639799,2,1,-0.263791039811049,1,0
1550,0,0.0360795385869943,1,1,-0.765314507441547,1,0
1551,0,2.00834953771229,1,0,-0.787150768430149,0,0
1552,0,2.01621330749632,2,0,-0.505228570512669,0,0
1553,0,0.22004552828392,1,1,0.460855287562281,1,1
1554,0,3.96301818607979,2,0,-0.125421639667806,0,0
1555,0,0.129846257638089,2,0,1.34442616732938,0,1
1556,0,0.430072029190519,1,1,-0.388828718048122,1,0
1557,0,0.477281328622406,1,0,-1.14487468778177,0,0
1558,0,0.634151490172192,0,1,0.851245306723244,1,1
1559,0,0.279352763493996,2,0,0.531052685669821,0,1
1560,0,0.00388025686595526,1,1,-1.3646020862022,1,0
1561,0,0.176219356050002,0,1,0.955532743686739,1,1
1562,0,0.527461934634962,2,0,-0.192169659942149,0,0
1563,0,4.35112618249149,1,0,0.00907974605467013,0,1
1564,0,3.12463832890566,1,1,2.21783812235842,1,1
1565,0,0.17704500552001,1,0,-0.200127534771668,0,0
1566,0,0.122158756771858,1,0,-1.28774907953133,0,0
1567,0,0.437924316616741,2,0,0.440230758372527,0,1
1568,0,0.619860919299984,2,0,0.73343163499455,0,1
1569,0,0.00404574106504525,1,0,-0.798954476261101,0,0
1570,0,0.361653288804227,2,0,-0.237537977491926,0,0
1571,0,1.26291772569175,2,0,1.40651241952396,0,1
1572,0,0.250558909113811,1,0,-0.053831779538399,0,0
1573,0,0.506312797466914,0,0,0.647368857139008,0,1
1574,0,0.0476069158662179,0,0,-0.480068874499176,0,0
1575,0,0.403696563996372,1,1,0.864537297225578,1,1
1576,0,2.53347295646866,0,1,0.563315456871703,1,1
1577,0,2.19030464818809,2,1,0.544518750238155,1,1
1578,0,1.12877985782383,0,0,-1.36343671290675,0,0
1579,0,0.617270841985502,0,1,0.642158383261969,1,1
1580,0,0.504992004946375,1,0,0.276022741913695,0,1
1581,0,0.376301749768061,2,0,2.87068820556977,0,1
1582,0,0.493289906622892,2,1,0.769181813507095,1,1
1583,0,0.0392690657686123,2,0,1.07294717157343,0,1
1584,0,0.867161953079005,2,1,0.158716556666446,1,1
1585,0,0.0200324762557755,2,1,1.03726862547115,1,1
1586,0,2.67494080315204,2,0,-0.0561018137563495,0,0
1587,0,0.474941998241449,1,0,-1.21473533031032,0,0
1588,0,0.27180798685396,1,0,-0.107651330043701,0,0
1589,0,0.35399972145044,1,0,-0.57000099685931,0,0
1590,0,0.110758096952754,1,0,-2.66010912364193,0,0
1591,0,6,0,0,-1.51797926934117,0,0
1592,0,0.260793712175642,1,1,0.769809555808935,1,1
1593,0,1.32765886448731,1,1,0.386693192414469,1,1
1594,0,0.163196233769168,2,1,2.93185948982791,1,1
1595,0,0.360250243222535,1,0,-1.22031040897503,0,0
1596,0,0.616106290228808,1,1,0.741327160824152,1,1
1597,0,0.90201539399289,1,0,1.14145128516169,0,1
1598,0,0.199989164026898,2,1,-0.284139014824064,1,0
1599,0,1.91073631212835,2,0,0.286338061336397,0,1
1600,0,1.74724896664866,1,1,-1.73335121769893,1,0
1601,0,1.14530063325453,1,0,-1.35719197274769,0,0
1602,0,0.501149652086744,1,0,-0.274320914594091,0,0
1603,0,0.490305476636069,1,1,-1.73879671864717,1,0
1604,0,0.804201139204598,1,1,0.798251213310193,1,1
1605,0,0.281020886782659,1,0,-1.52379571107963,0,0
1606,0,0.547026507556438,0,1,0.245354859690302,1,1
1607,0,0.437646072077935,1,1,0.476574105757462,1,1
1608,0,0.199505129896279,1,0,-1.03502706850731,0,0
1609,0,0.715428672841756,1,0,0.0172509844131197,0,1
1610,0,0.640402778089031,1,0,-0.303699749308309,0,0
1611,0,3.26768379692754,1,1,0.0465285735976237,1,1
1612,0,0.634164719793727,1,0,-1.8460766366974,0,0
1613,0,2.15380247398288,2,0,-0.968001824693039,0,0
1614,0,0.571252470168319,0,0,0.57931813819355,0,1
1615,0,0.768195183031843,1,0,-1.24700787254018,0,0
1616,0,0.615969293485008,1,1,-0.0808761711301094,1,0
1617,0,0.150698000961048,1,1,-1.85897615329985,1,0
1618,0,0.101279656953487,1,0,-0.170001938635719,0,0
1619,0,2.23864739220862,2,0,1.0757981770899,0,1
1620,0,2.08714219361259,0,1,0.0126563601732279,1,1
1621,0,0.190904698380627,1,0,-0.956735219508383,0,0
1622,0,0.38814818850753,2,0,-0.980889484924089,0,0
1623,0,0.0356999971822147,1,1,-0.969806975499191,1,0
1624,0,0.947248959298187,1,1,-0.316446144199384,1,0
1625,0,0.610181482070935,2,0,-2.57826426113201,0,0
1626,0,1.6525275349743,0,0,0.468681152271222,0,1
1627,0,0.3915258361115,1,0,0.536104836068384,0,1
1628,0,0.815969618054521,1,0,-2.93483786127066,0,0
1629,0,0.600514168427421,1,1,-1.19429315817407,1,0
1630,0,0.97860728584296,2,0,0.0442935116160534,0,1
1631,0,2.85334210540381,1,1,-1.20208291945724,1,0
1632,0,0.52295689199262,1,0,0.663943677990888,0,1
1633,0,1.32702317583173,1,0,0.342000482365622,0,1
1634,0,0.310931313983317,1,1,-1.48402345477002,1,0
1635,0,3.17518046386529,2,1,0.103066997489296,1,1
1636,0,0.345860878005624,0,1,1.44574096619769,1,1
1637,0,0.319953089586355,2,1,-0.357822222687082,1,0
1638,0,0.346303396618466,1,0,-1.09744960073248,0,0
1639,0,0.589398941535341,1,1,-1.31266413579258,1,0
1640,0,1.01309701489906,0,0,-0.834026724630027,0,0
1641,0,0.00455217461368912,1,1,-0.493465040238009,1,0
1642,0,1.10885675347104,1,0,-1.5763775735461,0,0
1643,0,1.24079379308368,2,0,0.434804725163656,0,1
1644,0,0.536339257157897,0,1,-0.101120434627106,1,0
1645,0,0.124879471314124,1,1,-0.944275756785319,1,0
1646,0,1.87569154906311,2,0,-0.512931468503591,0,0
1647,0,0.809908463252499,2,0,1.55184765960605,0,1
1648,0,0.917802403370539,0,1,-0.667013475279937,1,0
1649,0,1.22236861311805,0,0,0.260546098596744,0,1
1650,0,0.6108530408221,1,0,-0.854015778807765,0,0
1651,0,0.0484561226555445,1,0,-0.157861933755761,0,0
1652,0,0.0451711813716669,1,1,1.39918681806973,1,1
1653,0,1.04604494310468,1,1,1.88746074650786,1,1
1654,0,2.61166380439797,0,0,0.0547037654823737,0,1
1655,0,0.0404288998004314,2,1,0.742042705401104,1,1
1656,0,0.0191344134509563,0,1,1.27769995485202,1,1
1657,0,0.623975437419627,1,0,1.04403099913492,0,1
1658,0,0.350483876919652,0,1,-0.899165593191204,1,0
1659,0,1.07505817173372,1,1,1.66822466721018,1,1
1660,0,0.111628425974307,1,1,-0.496741952163518,1,0
1661,0,1.56906441965219,0,1,0.307244908782582,1,1
1662,0,0.0255882844198575,1,1,1.30075322720049,1,1
1663,0,0.837022937814849,2,0,-0.27727790124127,0,0
1664,0,0.0879620284043904,2,1,-0.888543422766681,1,0
1665,0,1.0737969957303,1,1,-1.30198226386008,1,0
1666,0,0.297131107725673,1,1,-0.871714932086415,1,0
1667,0,0.741917559273598,1,0,-0.977737595963568,0,0
1668,0,0.0113803829651271,2,1,1.39584340087874,1,1
1669,0,1.21437363332487,2,0,1.07164669732251,0,1
1670,0,0.16971584726135,1,0,0.449289745317526,0,1
1671,0,3.85480171140554,1,0,0.136570272049017,0,1
1672,0,0.0630402462134051,1,1,0.550843660838199,1,1
1673,0,0.365821127510344,1,1,-1.06312598489203,1,0
1674,0,0.368433400133076,1,0,-0.27014125252093,0,0
1675,0,0.330578557671096,1,1,0.1896895475308,1,1
1676,0,0.044082712132551,1,1,-1.94818386162153,1,0
1677,0,2.07548599042692,2,0,-1.73564641954905,0,0
1678,0,0.433844156067701,0,1,0.273413813087262,1,1
1679,0,0.196002275809846,0,1,0.0261049114308957,1,1
1680,0,0.205665054642639,1,1,-1.40724115537539,1,0
1681,0,1.15114053376746,1,1,1.52234187978381,1,1
1682,0,1.26047240022078,1,0,-2.56328218954385,0,0
1683,0,0.473785452115607,1,0,-1.22112421782212,0,0
1684,0,2.59327617056583,2,0,-0.136644406653505,0,0
1685,0,0.104763089842813,2,0,0.586671513791143,0,1
1686,0,0.462575805586396,1,0,-2.13542067604761,0,0
1687,0,1.89754175336911,2,0,1.05111516942558,0,1
1688,0,2.56648046306319,2,0,0.010862412442144,0,1
1689,0,1.14517952994993,1,1,-1.32587678110557,1,0
1690,0,2.07360067591035,1,1,0.296478180597483,1,1
1691,0,0.00441318836717314,1,1,-2.00475715609455,1,0
1692,0,0.559474893946471,1,0,0.411284233761643,0,1
1693,0,3.03418656248952,2,0,-0.590930164327864,0,0
1694,0,3.32318136087568,2,0,-0.814577532033133,0,0
1695,0,0.643472319157442,2,0,1.60882918166953,0,1
1696,0,0.855883226965763,0,1,-0.481886435809527,1,0
1697,0,0.453532345196022,1,0,-0.802561354445828,0,0
1698,0,0.763993064865596,1,1,-1.17616341820337,1,0
1699,0,0.636723225711455,1,0,0.153508916835168,0,1
1700,0,0.785822167290892,2,1,2.2169371424218,1,1
1701,0,2.46769083238404,1,1,-1.09122973552643,1,0
1702,0,1.72593634289395,0,0,-0.909984985933239,0,0
1703,0,1.39406749568975,2,0,0.956969585118386,0,1
1704,0,0.235339319785374,1,1,-1.87914012941349,1,0
1705,0,0.311640812779157,0,1,0.320251574115413,1,1
1706,0,3.2517232435445,0,0,-0.266162598801701,0,0
1707,0,0.171902868896723,0,1,-1.49067181570147,1,0
1708,0,0.728395050391555,0,0,1.43002095305455,0,1
1709,0,4.283993554612,0,0,0.225846463437967,0,1
1710,0,0.0375518937637427,2,0,-1.06649461487916,0,0
1711,0,0.659452408710963,2,1,0.386798671100043,1,1
1712,0,1.54371554683964,1,1,-1.80670961107479,1,0
1713,0,1.5398887648985,2,1,-0.944273654290455,1,0
1714,0,0.650474660758247,2,0,-1.64809004511538,0,0
1715,0,0.0795906449232774,2,1,0.137116695096761,1,1
1716,0,0.0548751840459962,2,0,1.13285895202003,0,1
1717,0,0.840249665493401,1,1,-0.254471898985938,1,0
1718,0,0.514570804265576,1,1,-1.15153847851188,1,0
1719,0,0.179511089276521,1,1,1.63803739594604,1,1
1720,0,0.183979623640577,0,1,0.853323789689848,1,1
1721,0,0.91488987029009,2,0,0.0939026533012775,0,1
1722,0,0.859017751775218,1,1,0.485141548471416,1,1
1723,0,1.65244704747847,2,1,0.18799494663321,1,1
1724,0,0.0414719269937272,1,0,-0.193058614951879,0,0
1725,0,2.36517969355769,2,0,-0.504721762383579,0,0
1726,0,2.76141422779761,1,0,0.254765073247139,0,1
1727,0,0.850253229339918,0,1,-0.563088370308945,1,0
1728,0,0.726365471500874,2,1,0.33999671314995,1,1
1729,0,1.02062760788525,2,1,0.831727122000601,1,1
1730,0,0.577537912592436,1,1,-0.0887251378088964,1,0
1731,0,0.368040250905376,1,0,-0.51359480667453,0,0
1732,0,0.62199457897987,2,0,0.658897750212315,0,1
1733,0,0.165379220539829,2,1,1.48283024278762,1,1
1734,0,1.86706736942157,1,1,-0.250811912049108,1,0
1735,0,0.885978030238685,1,0,-0.513681390207051,0,0
1736,0,0.275243390772567,1,1,-0.590958707028478,1,0
1737,0,1.06567698780902,1,0,-0.802725888472286,0,0
1738,0,3.74214610084891,0,0,1.5778594539221,0,1
1739,0,2.60536020037795,2,0,-0.0988499970727615,0,0
1740,0,1.0686301603757,1,1,-0.637959772744827,1,0
1741,0,0.128433240002473,1,1,-1.03168357240946,1,0
1742,0,0.381364171653903,1,0,-0.057091903668501,0,0
1743,0,0.911930900312876,1,0,0.188875298546277,0,1
1744,0,1.00086690921839,2,1,0.441959180394958,1,1
1745,0,1.5822621321787,1,1,1.34769231265773,1,1
1746,0,1.02313074400002,1,1,1.43701264288656,1,1
1747,0,1.81737404667127,2,0,0.233408189877281,0,1
1748,0,0.973718802755078,0,0,-0.263300671251627,0,0
1749,0,1.25513648944911,1,1,0.277121479712713,1,1
1750,0,1.50749027729034,0,0,0.763854838538954,0,1
1751,0,0.345707879743928,1,1,-1.67700169664236,1,0
1752,0,4.47113560195798,2,0,-0.019341538932819,0,0
1753,0,0.104501458119952,2,1,1.56794184873571,1,1
1754,0,0.00827502372301659,2,1,-0.260278817558683,1,0
1755,0,1.51114492191378,0,0,-0.234403254712973,0,0
1756,0,0.683786635148723,2,0,-0.357824088713482,0,0
1757,0,3.52016521257719,2,0,0.105796191712673,0,1
1758,0,0.281236591494821,1,1,0.845364253382762,1,1
1759,0,2.12486983478148,1,0,0.639031165206049,0,1
1760,0,0.156661265151913,1,1,0.214376050144731,1,1
1761,0,0.225474767229929,1,1,-1.17551948803367,1,0
1762,0,1.03424361664513,0,1,-1.17458547971548,1,0
1763,0,0.337762240144317,1,0,-1.9812719724179,0,0
1764,0,0.32267507707611,1,0,0.387387668680297,0,1
1765,0,2.95205186724606,2,0,0.422815417519803,0,1
1766,0,0.432000346546602,1,1,-0.437041519585493,1,0
1767,0,1.35281029726786,1,1,-2.26386630930297,1,0
1768,0,1.50581988066452,2,0,-2.26173789051769,0,0
1769,0,0.417255688120072,2,0,1.18284059020719,0,1
1770,0,0.0196379429671141,1,0,1.2040147509345,0,1
1771,0,0.861244327132122,2,0,-1.08011414441293,0,0
1772,0,0.127555125082217,1,0,-0.864275675027642,0,0
1773,0,3.66450615688236,2,0,-0.26481404518227,0,0
1774,0,0.507729196798917,1,1,1.37227625578862,1,1
1775,0,0.482223877553926,1,0,-2.51178653296159,0,0
1776,0,0.729798139732096,1,1,-0.211872205731891,1,0
1777,0,0.28933185593135,1,0,-0.257602025528409,0,0
1778,0,0.164848459680118,1,1,0.773977384894045,1,1
1779,0,6,0,0,-1.34581054888991,0,0
1780,0,0.252889742445151,1,0,-1.31282759168822,0,0
1781,0,1.18879156658826,1,0,-0.319757931785753,0,0
1782,0,0.203501648510096,2,0,-0.0557493923254494,0,0
1783,0,0.265614285800088,1,1,-1.17465141914805,1,0
1784,0,0.215408476082641,1,1,0.367052561013115,1,1
1785,0,0.186356961775828,1,0,-1.66340990647237,0,0
1786,0,0.399067576842399,1,1,0.871959436626562,1,1
1787,0,0.450398069569925,2,0,1.51595952285752,0,1
1788,0,2.30206131503101,1,1,-0.654166198340338,1,0
1789,0,0.168940374259883,1,1,-0.069113398799737,1,0
1790,0,0.410333409894192,1,0,-1.7144700083999,0,0
1791,0,2.11104509110252,0,0,-0.141522924152109,0,0
1792,0,0.628112013718857,2,1,-0.116861980245196,1,0
1793,0,2.24080183150169,2,0,1.61091525946682,0,1
1794,0,1.67285015185674,0,0,0.56904538522908,0,1
1795,0,0.274956904769914,1,1,0.373008893360649,1,1
1796,0,0.453978859849335,1,0,-1.76087993417897,0,0
1797,0,0.806115637526866,1,0,1.64805478622107,0,1
1798,0,0.341861363681907,2,1,-0.0759547520104124,1,0
1799,0,2.90240543948705,2,1,0.671515376134163,1,1
1800,0,1.99822280121549,2,0,0.587881479177882,0,1
1801,0,0.501848655463084,1,1,-1.54370079968445,1,0
1802,0,0.183962758524844,1,0,-0.935923518120026,0,0
1803,0,1.62276278933009,2,1,-1.42824976166398,1,0
1804,0,0.540252279843024,2,1,2.45238134450402,1,1
1805,0,0.475846396474792,1,0,-1.32351685850646,0,0
1806,0,1.71901124294276,1,0,-1.17712362630115,0,0
1807,0,0.227489625414251,1,1,-0.136895338203957,1,0
1808,0,2.52366691744943,1,0,1.39175470423537,0,1
1809,0,0.149184853459398,0,0,0.203579479414854,0,1
1810,0,0.866249887051621,1,1,0.433277614426793,1,1
1811,0,0.113350579899225,1,1,-0.695540055663636,1,0
1812,0,0.173474951837396,2,0,0.299077291411367,0,1
1813,0,0.367034588492528,1,1,-1.6169725308444,1,0
1814,0,0.660996248997991,2,1,0.356148037912891,1,1
1815,0,0.676256036385894,0,0,0.396023020312457,0,1
1816,0,3.74573255353771,2,1,-0.743250154967603,1,0
1817,0,0.490871680195416,2,1,-0.183034654041816,1,0
1818,0,1.38472880054518,1,0,-0.345025525378598,0,0
1819,0,3.12465118677898,2,0,-0.263977279263107,0,0
1820,0,1.72287306946603,2,1,1.05878708935482,1,1
1821,0,0.172303997515367,2,0,0.406262093351836,0,1
1822,0,0.25157146179125,2,1,0.95750093681929,1,1
1823,0,0.811543727997448,1,0,-1.31723452105074,0,0
1824,0,0.310821250475494,1,1,-0.398821841232894,1,0
1825,0,1.14042562060426,1,0,-0.342635189284823,0,0
1826,0,0.967045538235477,1,0,-0.0427750658167911,0,0
1827,0,1.3852268937521,2,0,1.18644895201064,0,1
1828,0,0.476031947230158,1,0,-0.306948329227854,0,0
1829,0,0.0585078908687416,2,1,0.763967974919077,1,1
1830,0,0.518221584633867,1,1,0.402466093462349,1,1
1831,0,0.761829855439098,1,1,-1.47646053569681,1,0
1832,0,0.324507314415201,1,1,-0.912346423832856,1,0
1833,0,0.497501359311937,2,1,-0.491138707650926,1,0
1834,0,0.659475250330018,2,1,0.390994414842584,1,1
1835,0,0.444033428452811,1,1,0.218411894195286,1,1
1836,0,1.69918304857224,2,0,0.752417494535644,0,1
1837,0,0.435967181701565,2,0,0.740268369279251,0,1
1838,0,0.350446747007691,1,1,-0.199281544800638,1,0
1839,0,0.000715381939109663,1,0,-2.76262272180997,0,0
1840,0,0.23353651061084,2,0,0.129333240614038,0,1
1841,0,0.858174683016901,0,0,0.213108807805197,0,1
1842,0,0.302587702743158,1,0,0.175962921614163,0,1
1843,0,0.717516052298644,1,1,0.0185602893058016,1,1
1844,0,0.802515323207758,1,0,0.23120926020682,0,1
1845,0,1.02803362856569,2,0,0.591199884147112,0,1
1846,0,0.270420504731786,1,1,-0.657661661139601,1,0
1847,0,4.15803052094105,2,0,-1.57818119821177,0,0
1848,0,0.581672284191832,2,1,0.117316061834828,1,1
1849,0,0.428292505854151,1,0,0.31003328193861,0,1
1850,0,0.878997634292526,1,1,-0.909498023202692,1,0
1851,0,0.584082357026325,1,0,-1.0567431996544,0,0
1852,0,0.400748119379083,0,1,0.577192896269541,1,1
1853,0,0.697516013829943,0,0,-1.50529945851991,0,0
1854,0,0.110243955154817,2,0,1.16994714134721,0,1
1855,0,0.0613071261325643,1,1,-0.0915105303527659,1,0
1856,0,3.19115107838949,2,0,0.280056318086928,0,1
1857,0,0.366705217255457,1,1,-1.17782110823928,1,0
1858,0,0.438568631458698,1,1,0.712863497610447,1,1
1859,0,0.696808144431158,1,1,0.014535019725087,1,1
1860,0,0.228764483240839,1,0,-1.47042466247944,0,0
1861,0,0.267878580807127,2,1,0.519786843719366,1,1
1862,0,0.203889303074195,1,1,-1.74746054656098,1,0
1863,0,0.0885904494192223,2,1,0.472739233363147,1,1
1864,0,1.21881752761862,2,1,0.838930031949093,1,1
1865,0,0.786582046546001,2,0,1.26500320426435,0,1
1866,0,0.55493899767132,1,0,-0.694008554044329,0,0
1867,0,0.268137288720325,1,1,-2.27764928005063,1,0
1868,0,0.112744489063819,0,0,-1.10792174785388,0,0
1869,0,0.0508527639634266,1,0,-0.895353883765984,0,0
1870,0,1.11622835326239,1,1,0.417243285554657,1,1
1871,0,0.492862908023516,2,1,-0.985939678549944,1,0
1872,0,0.319820802100305,1,1,-0.700204405108611,1,0
1873,0,0.512495915887446,1,1,1.10187723578714,1,1
1874,0,0.254552682185116,1,1,-0.933264259643467,1,0
1875,0,0.247555866439397,1,0,-1.02166688624547,0,0
1876,0,0.292962295347703,1,0,-1.12401917476552,0,0
1877,0,0.147340556779795,1,0,-1.28537341684274,0,0
1878,0,0.30956484572921,1,0,-1.72856853229994,0,0
1879,0,0.748950039836543,1,0,1.19683282318823,0,1
1880,0,2.16914834157953,1,1,-0.329191301424399,1,0
1881,0,3.14957230802149,2,1,0.352566297061578,1,1
1882,0,0.451187026394882,0,0,1.56583026479706,0,1
1883,0,1.68648306180929,1,0,-0.0945609611353334,0,0
1884,0,0.430244723233349,1,1,0.846196281590668,1,1
1885,0,0.374056076472154,1,1,-1.97639236059794,1,0
1886,0,0.251818599956342,1,0,0.677316296271301,0,1
1887,0,0.223155843327063,1,0,-1.94124889889366,0,0
1888,0,0.228010015586385,2,1,1.67065450973693,1,1
1889,0,0.366112699018038,1,1,-0.239819167056176,1,0
1890,0,1.96412768132132,2,0,-0.793071578462177,0,0
1891,0,1.30043471462087,1,0,-2.01617193835465,0,0
1892,0,4.22768684659508,2,0,0.634510216886607,0,1
1893,0,0.151793057209944,1,1,0.763500265394712,1,1
1894,0,0.398881118925029,0,0,0.847894443405546,0,1
1895,0,1.04534422096101,2,0,0.181168770526177,0,1
1896,0,0.727475211884814,1,1,-0.622703115260694,1,0
1897,0,0.138419905577133,1,1,-1.3725068141253,1,0
1898,0,2.63993804343045,0,1,-0.321875647211328,1,0
1899,0,0.0772628213919774,1,1,0.793864791310212,1,1
1900,0,0.108586233325176,0,1,0.116034859864537,1,1
1901,0,1.60194101108418,1,0,1.05189174182541,0,1
1902,0,0.259267381832436,1,1,-0.93050031437397,1,0
1903,0,0.529541502129769,1,0,0.751072347258212,0,1
1904,0,0.401661360530202,2,1,1.04316872131844,1,1
1905,0,2.09560534947287,1,1,-0.656917313899109,1,0
1906,0,2.66143037778316,2,0,-0.0963138042143808,0,0
1907,0,0.177325220661696,1,1,-0.488929586964457,1,0
1908,0,0.172532482322273,1,0,-0.0331975326272288,0,0
1909,0,0.209853656568475,1,1,0.297105847029345,1,1
1910,0,1.59061887422264,2,1,-1.77967992043482,1,0
1911,0,0.669882159368175,0,0,0.5971804996659,0,1
1912,0,1.2950392244087,1,1,0.234334695495499,1,1
1913,0,2.10983749441101,2,0,-0.221427029886,0,0
1914,0,0.144189357599112,1,1,0.184621887092733,1,1
1915,0,1.18196049407743,1,0,-0.796116976525808,0,0
1916,0,0.11813316873584,1,0,-1.99597064542505,0,0
1917,0,2.6320644093489,1,1,0.738734741386383,1,1
1918,0,1.05059289063017,0,0,0.832559829068107,0,1
1919,0,0.346670033913992,1,1,-1.54476714497042,1,0
1920,0,1.61553396918778,2,0,-0.736789467090687,0,0
1921,0,1.25110459203521,0,0,0.369546207643678,0,1
1922,0,2.02593124945281,1,1,1.23671287523186,1,1
1923,0,0.483965766305489,1,0,-0.0599468460476725,0,0
1924,0,0.31795406539496,2,0,1.8914062940274,0,1
1925,0,0.334187664587154,2,0,0.768022565221609,0,1
1926,0,0.134108250307488,1,1,-1.390687540601,1,0
1927,0,0.0730400282375121,2,0,-0.25363334324536,0,0
1928,0,0.119114061817527,0,0,-2.14296471457926,0,0
1929,0,1.0951462712201,1,0,-1.11285079827326,0,0
1930,0,0.457985065423662,1,1,-0.612644588740348,1,0
1931,0,0.0618471501084513,1,1,-0.471455194339817,1,0
1932,0,0.278595130968273,1,1,-0.465742810822492,1,0
1933,0,0.183939574114707,1,1,0.419788385168485,1,1
1934,0,0.896295784352013,1,1,-0.464609042632632,1,0
1935,0,0.53704893765012,2,1,0.843270956579507,1,1
1936,0,1.08218791218882,1,0,-1.61795831565924,0,0
1937,0,0.342668106214566,1,0,-1.10738013802213,0,0
1938,0,0.292144046264296,2,1,0.689035087403314,1,1
1939,0,0.52489865559745,0,0,-0.190069135026271,0,0
1940,0,0.187776893492968,1,0,1.01809468763518,0,1
1941,0,0.116605602570104,2,1,-0.400943172669533,1,0
1942,0,0.307433613264083,2,1,0.580122928887561,1,1
1943,0,2.06391195841025,2,0,1.43554092869184,0,1
1944,0,0.589014914333838,2,1,-0.403881883936776,1,0
1945,0,0.109360236674547,0,1,-0.243674888390226,1,0
1946,0,3.43348555647014,1,0,-1.80398770923875,0,0
1947,0,0.682164912786138,2,0,-0.428133738737484,0,0
1948,0,0.0859721578930375,1,1,0.288957174702914,1,1
1949,0,1.08478595884311,1,1,0.042992691509926,1,1
1950,0,0.00859289119640986,0,1,-0.228907629490487,1,0
1951,0,1.82175727253008,1,0,0.492128272800704,0,1
1952,0,0.10451669023795,1,1,-1.30437414616997,1,0
1953,0,1.51059989193919,2,0,0.238577094737827,0,1
1954,0,0.174978456055036,2,1,1.49697169560832,1,1
1955,0,0.518304098883312,1,0,-1.58331842617907,0,0
1956,0,0.137038819824176,1,1,-0.0462322024412586,1,0
1957,0,0.351688783004478,0,1,-0.350322941061023,1,0
1958,0,1.17599539042705,1,1,0.79612122705833,1,1
1959,0,0.883116955302318,1,0,-1.46796988033636,0,0
1960,0,3.30823936446524,0,1,-0.0722181884184079,1,0
1961,0,1.06256605606037,2,0,0.172363318589349,0,1
1962,0,0.00697230288083875,1,1,-0.556013008797117,1,0
1963,0,0.749288761767798,1,0,-0.323273095387545,0,0
1964,0,0.824729920629195,1,0,-0.526989650553571,0,0
1965,0,1.17428194138398,1,1,0.633875116173724,1,1
1966,0,0.303277537255088,1,1,-0.374436080791208,1,0
1967,0,0.416154716454963,1,1,0.121448403727468,1,1
1968,0,1.56445672425131,0,1,-0.86387447324939,1,0
1969,0,0.475389789101738,1,1,-2.24262391200854,1,0
1970,0,2.30148152213492,2,0,-0.59942618023699,0,0
1971,0,0.110813614647892,1,1,-1.46999596461051,1,0
1972,0,0.542099078183108,2,1,0.811069109737096,1,1
1973,0,1.33937509420017,0,0,-0.401957795111229,0,0
1974,0,0.147165424813225,1,1,-0.741187425801421,1,0
1975,0,0.00181894502570556,2,0,2.21005734453422,0,1
1976,0,2.80763789080083,0,0,-0.226960850592736,0,0
1977,0,0.0458878922977179,1,0,-0.0298947740676908,0,0
1978,0,0.743332684688788,1,1,-1.5755259988231,1,0
1979,0,0.468814358935629,1,0,-0.651167551504691,0,0
1980,0,0.69764313639611,1,1,0.391299756628473,1,1
1981,0,0.15284515240176,1,0,-0.451828495294471,0,0
1982,0,0.501171607163324,1,1,0.55559529097705,1,1
1983,0,0.00568518486629608,1,1,-0.903700601558099,1,0
1984,0,0.174444689802324,1,1,-1.08798206918175,1,0
1985,0,0.243575572407593,2,1,0.987057557186653,1,1
1986,0,2.32441360393647,2,0,0.889016962962499,0,1
1987,0,0.124459339299177,2,0,0.734994181585743,0,1
1988,0,0.23198998783967,1,1,-1.57494945813604,1,0
1989,0,1.17294252850115,0,0,1.31509995771427,0,1
1990,0,0.32889871020006,0,0,-0.0355214358099376,0,0
1991,0,1.58424661406792,2,1,-0.58964608043609,1,0
1992,0,0.0475986025255776,2,1,1.27014638792244,1,1
1993,0,0.0197275911568449,1,1,0.0188107182284365,1,1
1994,0,3.79567771902499,2,0,-0.516421666073309,0,0
1995,0,0.161880394051764,2,1,0.431478043042201,1,1
1996,0,2.19786066830678,2,1,0.467955648139941,1,1
1997,0,0.463000516816663,1,1,0.631607518690084,1,1
1998,0,2.26393031266828,0,0,-1.56221849336377,0,0
1999,0,0.010374396012658,1,0,-1.89952765454795,0,0
2000,0,0.131676507557944,2,0,1.64269271951931,0,1
2001,0,0.517376575825187,1,1,0.734062820961944,1,1
2002,0,0.625379765869506,1,0,0.514677739673631,0,1
2003,0,1.10122033703681,2,0,0.824944983205774,0,1
2004,0,0.547538547054572,2,1,-0.5738222565059,1,0
2005,0,0.989316329284972,1,1,0.0917250971676293,1,1
2006,0,0.926078708591395,2,1,-1.79236794878488,1,0
2007,0,0.756144243598274,1,1,0.396773351960215,1,1
2008,0,0.149085296815946,2,1,1.13652659131577,1,1
2009,0,0.589330352944635,1,0,-0.901464301379674,0,0
2010,0,0.0784246631142272,2,0,1.14256520977429,0,1
2011,0,0.991147918807111,0,1,0.529693339425775,1,1
2012,0,0.617589795292648,1,0,-0.392583920878941,0,0
2013,0,0.0474212134098829,0,0,-0.773028702681132,0,0
2014,0,1.06012356951369,1,0,-0.66806486914054,0,0
2015,0,0.304662522002175,2,1,0.920867886969433,1,1
2016,0,0.0709052601654778,2,0,-0.818492768687964,0,0
2017,0,0.202687280230735,2,0,0.0896834252945709,0,1
2018,0,1.59902799479221,1,1,-2.03184255681805,1,0
2019,0,0.501329565076426,1,1,0.577348424952915,1,1
2020,0,1.20045718628834,1,0,-1.01078865755522,0,0
2021,0,0.306122241151461,0,0,-0.457696799579926,0,0
2022,0,1.29679359286655,1,0,0.720903180713896,0,1
2023,0,0.268339553072133,1,1,0.118487664643631,1,1
2024,0,1.85620872855441,0,0,0.571075030513253,0,1
2025,0,0.68331601051121,1,1,-0.83590607670388,1,0
2026,0,0.121402204703589,1,0,-0.0350978659537597,0,0
2027,0,0.00388819304869555,2,1,0.0915989148456848,1,1
2028,0,0.152973649628473,1,0,-0.151566152732854,0,0
2029,0,0.63949062004073,0,1,-1.15844138339814,1,0
2030,0,1.16367152876114,1,1,-0.0445578162377146,1,0
2031,0,0.385710990195188,1,0,-1.48107053641107,0,0
2032,0,0.834832509899008,1,0,-0.863168500361582,0,0
2033,0,1.1900833676354,1,1,-0.961223713158557,1,0
2034,0,0.0442109221816031,2,0,-0.933871570386094,0,0
2035,0,0.821722760485761,2,1,-0.989773176605501,1,0
2036,0,0.246781231894127,1,1,-1.02621855798147,1,0
2037,0,1.78993459790945,0,0,0.380037401764121,0,1
2038,0,0.0486141710124119,2,1,1.28447361060008,1,1
2039,0,1.22568356368996,1,1,0.309278564214434,1,1
2040,0,2.05593336383901,2,0,-0.184897030877908,0,0
2041,0,0.0418902762030132,1,1,-3.14556943345798,1,0
2042,0,1.23612289149198,1,1,-0.469400973907084,1,0
2043,0,0.341357461035528,2,0,-0.447924517474097,0,0
2044,0,0.453123537499117,1,0,1.44176982696633,0,1
2045,0,1.11394816063648,1,1,0.834159699622801,1,1
2046,0,0.0374828669714886,1,1,-0.961782973817451,1,0
2047,0,0.616434236768635,1,0,-0.944515021939004,0,0
2048,0,1.50461366772403,0,1,0.509903604773763,1,1
2049,0,0.363714875370898,1,0,-1.55587634310868,0,0
2050,0,1.21212977940432,1,0,-0.637197618597818,0,0
2051,0,0.232692280894804,2,0,2.36365568251874,0,1
2052,0,0.776468271675847,1,0,0.598388620555105,0,1
2053,0,2.06250988348249,1,1,-0.354333553279612,1,0
2054,0,0.159225336417426,0,0,1.07080533154071,0,1
2055,0,0.244264090716925,1,1,-0.109122445730411,1,0
2056,0,1.24458555126305,1,0,-0.796354250777569,0,0
2057,0,1.10314620402934,1,1,0.997426247519086,1,1
2058,0,0.159368493356527,1,1,0.172184034517215,1,1
2059,0,0.0870163638883635,1,1,-0.890280125318876,1,0
2060,0,0.109712496058887,0,0,-0.171036471705899,0,0
2061,0,1.1397742976745,0,1,-0.534761711895672,1,0
2062,0,0.914738247256153,1,0,1.35440886072014,0,1
2063,0,0.209896527207351,1,1,-2.06729455162149,1,0
2064,0,0.33465671656481,2,1,1.00555843490393,1,1
2065,0,0.366007022451943,1,0,-0.213650399171505,0,0
2066,0,1.44125608497219,2,0,-1.14740474826475,0,0
2067,0,0.383712293340468,2,1,0.615630053370195,1,1
2068,0,0.865237502433729,1,1,-1.16466176709002,1,0
2069,0,0.581004753254959,1,0,0.291601865347439,0,1
2070,0,1.79509778027003,1,0,-0.0323594519829246,0,0
2071,0,0.538896404601027,1,1,-0.966876806846734,1,0
2072,0,0.00686914190578698,1,0,-0.917711978289742,0,0
2073,0,0.443943453331788,0,0,1.07255573333991,0,1
2074,0,0.170058620269019,2,0,0.973724370907995,0,1
2075,0,0.352818121725061,1,1,-1.34772925026631,1,0
2076,0,0.948702829863995,2,0,0.601580052951192,0,1
2077,0,0.195856612471332,1,0,0.0953285504012582,0,1
2078,0,1.42744361869411,1,1,0.0255232035320935,1,1
2079,0,0.313929559247704,1,1,0.855565825221358,1,1
2080,0,0.469798996531739,1,0,-1.1637930227277,0,0
2081,0,1.20990234542703,2,0,-0.061937529754636,0,0
2082,0,2.8249167603563,1,0,-0.105344936607807,0,0
2083,0,0.0866290207182352,1,1,0.791305230536931,1,1
2084,0,4.09276982068027,2,0,-0.343350078149803,0,0
2085,0,0.0905625855038728,1,1,-0.416706011893612,1,0
2086,0,0.494948276611059,2,0,0.400081664469945,0,1
2087,0,0.161688635457352,2,0,0.310846611240583,0,1
2088,0,0.221698915915655,1,1,0.413965988049771,1,1
2089,0,0.136327604085228,2,0,2.89345864590671,0,1
2090,0,0.304608434764136,1,0,0.629240411237081,0,1
2091,0,0.834709150634854,1,1,0.227471637496991,1,1
2092,0,0.752855610379987,1,1,-0.156632886040931,1,0
2093,0,0.0715539580483681,2,1,-0.429622354181712,1,0
2094,0,0.901667055467315,1,0,-0.85407022615298,0,0
2095,0,0.252260915142728,1,0,0.316125323503548,0,1
2096,0,0.115427162203248,1,1,-1.54123765230274,1,0
2097,0,0.902736839897057,1,0,-0.115722225508182,0,0
2098,0,0.212389170278083,0,1,-0.275613659268094,1,0
2099,0,1.38694697939686,2,0,-0.0899359201531087,0,0
2100,0,1.18653985464541,0,1,-0.682543724314762,1,0
2101,0,0.341697191192643,1,0,-1.67212575519552,0,0
2102,0,0.399701536003979,0,1,0.421168476539511,1,1
2103,0,0.000947036015206555,1,0,1.07494951012613,0,1
2104,0,1.68202082481971,1,0,0.766266405799845,0,1
2105,0,0.916579737145737,0,0,-0.719081794416258,0,0
2106,0,0.104518371776807,1,1,-0.755074623421071,1,0
2107,0,2.0017333411505,1,1,0.248892141107199,1,1
2108,0,0.238203238360035,0,1,-0.218235135985869,1,0
2109,0,0.229985120169539,1,1,-1.09196028997004,1,0
2110,0,0.374064265439908,0,1,2.29701433597059,1,1
2111,0,0.460194645672142,1,1,-0.533370514443699,1,0
2112,0,0.0151475786194051,2,1,1.41521836754573,1,1
2113,0,0.620232976371465,1,1,0.314804024039901,1,1
2114,0,2.39462728510424,2,1,-0.394045880720275,1,0
2115,0,0.454725680660808,1,1,-1.5539563031774,1,0
2116,0,2.3782878216416,1,1,-0.0115563771800071,1,0
2117,0,0.0480668857572084,2,1,1.76051717757464,1,1
2118,0,1.77382453818028,2,1,-1.2134283219993,1,0
2119,0,0.636211461159356,2,0,0.633542326275325,0,1
2120,0,0.383407589377903,2,0,1.96163661703556,0,1
2121,0,0.287878507028651,1,1,0.487770516606338,1,1
2122,0,0.49081849596655,1,1,-0.321182852212694,1,0
2123,0,1.50285270540046,2,0,0.483724946146029,0,1
2124,0,0.0489500798658542,1,1,-0.08961580802724,1,0
2125,0,5.9788334202847,2,0,0.262275554678147,0,1
2126,0,0.176789437054093,2,1,-0.0136816454566854,1,0
2127,0,0.426921159113633,0,0,-1.10768599624533,0,0
2128,0,0.651768229135851,2,0,0.619080290834373,0,1
2129,0,1.27405472053216,2,0,-0.130183000253744,0,0
2130,0,1.25021850311403,2,0,-0.320824512669838,0,0
2131,0,1.07626326910891,2,0,1.06129091778075,0,1
2132,0,0.858806808234256,2,0,1.66407103996235,0,1
2133,0,0.0838465270238071,1,0,-1.03480800701987,0,0
2134,0,5.46445204204501,2,0,-0.020533134703057,0,0
2135,0,0.831840674229241,1,1,-0.457620702270302,1,0
2136,0,0.313218861358046,1,1,0.849123697405063,1,1
2137,0,0.481973665399894,2,0,0.790065852127949,0,1
2138,0,0.365046681353052,1,1,0.350471047524431,1,1
2139,0,1.02148067426065,2,1,-0.953373233130488,1,0
2140,0,0.518345933218028,2,0,-0.498635353164262,0,0
2141,0,1.72194829204436,2,0,1.33288103260618,0,1
2142,0,0.810709188547567,1,1,0.0511468701081499,1,1
2143,0,2.12007158254843,2,0,0.0487328684237192,0,1
2144,0,0.887421205400259,1,1,-0.380386556651817,1,0
2145,0,0.0222879409870477,1,1,-0.0590716435364479,1,0
2146,0,0.638749404102349,2,1,0.608861871479787,1,1
2147,0,0.583877088502049,0,1,-1.21443620591796,1,0
2148,0,0.340631118993415,0,1,0.141382916239082,1,1
2149,0,3.29920253716409,0,0,0.265737834883233,0,1
2150,0,1.23250118669182,1,1,-0.152438510925043,1,0
2151,0,0.364634287845907,1,1,-0.107913835941372,1,0
2152,0,0.200134684177922,2,0,1.04880572808912,0,1
2153,0,1.38968351271694,1,0,-0.432134751194771,0,0
2154,0,0.0954847877686524,1,1,-0.678259250525077,1,0
2155,0,1.76857693574305,1,1,1.27261628645907,1,1
2156,0,1.4013799158538,1,0,-0.662249246865464,0,0
2157,0,0.412013100242127,1,0,-0.956559315409192,0,0
2158,0,0.959983469316786,1,1,0.59702246624624,1,1
2159,0,0.122748397186916,1,1,0.0611133396926087,1,1
2160,0,0.536562162427829,2,0,-1.03490577139833,0,0
2161,0,1.15105455430845,0,1,-0.043485988116036,1,0
2162,0,0.17442066995668,1,1,1.01556959362129,1,1
2163,0,0.245386820480364,2,0,1.92422040330205,0,1
2164,0,1.10868835949,2,1,1.38420583458233,1,1
2165,0,0.818964969366789,0,0,0.920205777138746,0,1
2166,0,1.2026991869754,1,1,-1.3921198960572,1,0
2167,0,0.798493890933212,1,1,0.494596763524172,1,1
2168,0,1.60246277104367,2,1,0.155634564283,1,1
2169,0,0.868685093882269,0,0,0.772602345204032,0,1
2170,0,1.13088078327641,2,1,1.18659725946861,1,1
2171,0,0.14992331381374,2,0,1.14989673957656,0,1
2172,0,0.676973288269584,1,0,-0.310757639131925,0,0
2173,0,1.00575412611457,2,1,0.399251467751351,1,1
2174,0,0.0697465236171837,1,1,-2.32660254526301,1,0
2175,0,0.194160487500147,1,0,-1.50919857172333,0,0
2176,0,0.983611232695846,2,0,1.13494261702599,0,1
2177,0,1.9476845545047,1,0,0.203068621346508,0,1
2178,0,0.230698045972293,1,1,1.064939644033,1,1
2179,0,2.85953851790673,1,0,-1.35002309000285,0,0
2180,0,2.27862701444719,2,0,0.788915567629127,0,1
2181,0,1.09253173326068,1,0,0.430860896289286,0,1
2182,0,2.3802429861863,0,1,0.00505512452404213,1,1
2183,0,1.73443692347917,1,1,1.46001754410774,1,1
2184,0,0.570628294159709,1,1,-0.822987227071963,1,0
2185,0,1.03227663747055,2,1,-0.121797103693753,1,0
2186,0,0.250255024149173,1,0,-0.624730528776995,0,0
2187,0,0.880131965823047,0,1,0.954661851302998,1,1
2188,0,0.275353460262219,0,0,-0.815758670708988,0,0
2189,0,0.0839536918300889,2,0,0.990985090267891,0,1
2190,0,0.0553140889006315,1,1,-1.0901008251065,1,0
2191,0,4.52178617562716,2,0,1.50688546737809,0,1
2192,0,0.865410519014912,0,1,0.221308456679964,1,1
2193,0,1.29833209459806,2,0,1.16271970917027,0,1
2194,0,0.117779710044545,2,1,0.308591752926803,1,1
2195,0,1.7896093730685,2,1,0.413807263902061,1,1
2196,0,0.574803699798001,2,0,0.779276564706617,0,1
2197,0,0.780557017206646,1,0,0.87208394404924,0,1
2198,0,1.02619386225557,2,0,-0.256585337332119,0,0
2199,0,2.50576711880972,0,0,0.813709287912456,0,1
2200,0,0.0196159910410643,0,1,-1.05327634382591,1,0
2201,0,0.42826676615565,1,1,-0.673824731192211,1,0
2202,0,0.401939255685563,1,1,-1.39319158479297,1,0
2203,0,6,0,0,-0.617548719869946,0,0
2204,0,0.220143117273032,1,1,-0.719044805957523,1,0
2205,0,0.328199223612937,1,1,-2.69949294177004,1,0
2206,0,1.84522450653745,1,1,0.167599548912188,1,1
2207,0,0.201305551779742,1,0,0.430352061435766,0,1
2208,0,1.10942726855102,1,0,-0.329215945896987,0,0
2209,0,1.07693434434896,1,0,0.636224382240681,0,1
2210,0,1.07784148809526,2,1,0.968553617711425,1,1
2211,0,0.365944261660237,1,1,-0.592707973173792,1,0
2212,0,0.484480274965615,1,1,-0.963501810252111,1,0
2213,0,1.60846007128046,0,1,-0.39828292212169,1,0
2214,0,0.179392727697474,1,1,-0.11465420708698,1,0
2215,0,3.20390724329671,1,1,0.0720097836230971,1,1
2216,0,5.72135776382668,2,0,1.06306600737291,0,1
2217,0,0.596269409737755,2,1,-0.0861802921180673,1,0
2218,0,0.194643468104957,1,1,0.841106626804152,1,1
2219,0,2.6766861714175,1,0,-0.83036659344805,0,0
2220,0,0.604564122999854,1,1,-0.022062719125335,1,0
2221,0,2.54855578471072,2,1,1.41331167206461,1,1
2222,0,0.661380361786516,1,0,-0.515399491369473,0,0
2223,0,0.350441290065646,0,1,1.69132882165006,1,1
2224,0,0.791613689313332,0,0,-1.04457341467628,0,0
2225,0,1.74928453678236,2,0,-0.667776152878612,0,0
2226,0,0.128088305241728,1,0,-0.18052061894104,0,0
2227,0,0.331035705120792,1,1,-0.566554504100905,1,0
2228,0,0.288785314543775,1,1,-0.196918720934472,1,0
2229,0,1.93401386821962,2,0,-0.109369700157529,0,0
2230,0,0.308159573827691,2,0,0.423886691757024,0,1
2231,0,0.570999169998539,1,1,-0.267907891772132,1,0
2232,0,2.86272177545014,1,0,-1.43657549909045,0,0
2233,0,0.766142027049808,1,1,-1.17920088022504,1,0
2234,0,0.267604438465908,0,0,0.223026000830719,0,1
2235,0,0.222849400569228,1,0,-0.852204360002775,0,0
2236,0,0.145171896326845,2,1,-0.125010072972689,1,0
2237,0,1.82128144484495,0,0,0.722519738087605,0,1
2238,0,0.298444037782799,0,0,-0.765560524907003,0,0
2239,0,0.788950687805368,1,1,-1.89757566304109,1,0
2240,0,0.45059395643572,0,0,0.711350587951176,0,1
2241,0,1.02832951759095,1,1,-0.684576735301046,1,0
2242,0,0.266052592911662,2,0,1.01970788165703,0,1
2243,0,1.30603776649741,1,0,-0.744824726075084,0,0
2244,0,0.67214264223973,0,0,-0.379927366273567,0,0
2245,0,0.510156435212769,1,1,0.299684021857334,1,1
2246,0,0.502617617633586,1,1,-0.318114019885425,1,0
2247,0,2.36049315311208,2,1,0.547939851616141,1,1
2248,0,0.104554962681799,1,0,0.808709643139676,0,1
2249,0,1.13089177236946,1,0,-0.325107632521281,0,0
2250,0,3.03315070782178,1,1,0.19922450319806,1,1
2251,0,0.338680359719383,1,0,-0.447208528051057,0,0
2252,0,0.544261120107145,1,1,-0.308843171732919,1,0
2253,0,0.493477602234047,0,0,0.198281315482932,0,1
2254,0,0.0241657979594474,1,1,-0.865150876638065,1,0
2255,0,0.373830338048866,2,0,0.642373614720523,0,1
2256,0,1.81328403898963,2,0,0.40821645707323,0,1
2257,0,0.244897874072194,0,1,1.64763281981397,1,1
2258,0,0.0115625495871321,1,1,-1.4279980889874,1,0
2259,0,1.83920653237109,2,1,-0.396734734271204,1,0
2260,0,0.623243856450311,1,1,-0.703116806551371,1,0
2261,0,0.795105355776204,2,1,0.354903430588578,1,1
2262,0,0.408273096956716,1,1,0.979110444011532,1,1
2263,0,1.26515455420269,2,0,0.259016695543893,0,1
2264,0,0.640379779603653,1,1,1.14792744616162,1,1
2265,0,0.113457619680659,2,1,0.0763115257081206,1,1
2266,0,0.0113776853928963,0,1,-1.55316028072782,1,0
2267,0,0.235891226206708,2,1,1.31664863184334,1,1
2268,0,0.208371617911662,2,0,-0.394344945969867,0,0
2269,0,1.03336305354262,1,0,-0.11881881190549,0,0
2270,0,0.0673751815974979,2,1,1.70169247439051,1,1
2271,0,0.141565009393243,2,1,1.15420301676882,1,1
2272,0,1.21860220027435,1,1,1.34924558122651,1,1
2273,0,0.10915506823893,1,1,0.507014103343432,1,1
2274,0,0.880912168805086,1,0,-0.596463005856036,0,0
2275,0,4.9416564025652,1,0,1.1831681177166,0,1
2276,0,1.24754561211264,2,0,-0.973642991971694,0,0
2277,0,0.12862253019766,1,0,-0.745070947637461,0,0
2278,0,0.718685869450024,1,0,-1.48827852141093,0,0
2279,0,0.36566542090361,1,1,-1.34768799559539,1,0
2280,0,0.73412838211972,2,1,-0.487973559458487,1,0
2281,0,0.970402673348921,1,1,-0.261196068571096,1,0
2282,0,0.518611930568952,2,0,0.313776834021189,0,1
2283,0,0.476760890823232,2,0,0.935699555002009,0,1
2284,0,1.78023338641552,1,1,-0.977685581123472,1,0
2285,0,0.226491680034233,1,1,-0.425706777861099,1,0
2286,0,1.15884262410436,2,0,-0.948832210159325,0,0
2287,0,1.09637258866469,1,0,0.269174033691638,0,1
2288,0,0.0786781187771951,1,0,-0.589673613210534,0,0
2289,0,1.41570253297687,0,1,-0.678237471514523,1,0
2290,0,0.0922308114558252,2,1,0.828677009465363,1,1
2291,0,1.04106300572753,1,0,0.437757784681387,0,1
2292,0,0.972553938018853,2,0,0.175997543284765,0,1
2293,0,0.158711027883606,1,1,-1.30290986074541,1,0
2294,0,0.378360834844081,1,1,0.32559586156512,1,1
2295,0,0.702001989046678,1,1,-0.34990769289243,1,0
2296,0,0.0297530747707898,1,0,-0.220809305734133,0,0
2297,0,1.57835288386,1,1,-0.461775114704054,1,0
2298,0,0.450616467313607,1,0,-0.630423099610056,0,0
2299,0,0.545010614071531,2,0,1.6305486709634,0,1
2300,0,1.65369273008111,2,1,0.530804267282408,1,1
2301,0,2.64925733865246,2,0,0.783258948757452,0,1
2302,0,1.04557433903682,1,1,-1.73494158770265,1,0
2303,0,0.316187602163332,1,0,-0.977446021388173,0,0
2304,0,1.50259134175991,1,1,-0.3173647801157,1,0
2305,0,0.591160354262921,2,0,0.303759027251942,0,1
2306,0,1.18105534460163,2,0,0.35701304846747,0,1
2307,0,0.375237569701544,2,1,0.32694422138726,1,1
2308,0,0.364979160951341,1,0,1.13842393047405,0,1
2309,0,0.44009255192065,1,1,1.67344661200262,1,1
2310,0,0.207466602747049,1,1,-1.10402921077547,1,0
2311,0,1.23665463489791,0,1,0.443384255219784,1,1
2312,0,1.07272022351575,2,0,1.16094687869106,0,1
2313,0,0.326286090981674,2,0,-0.341180950424512,0,0
2314,0,0.356021241397938,0,0,-1.29893502472286,0,0
2315,0,0.0697693111046738,2,1,1.11407056984348,1,1
2316,0,0.607276828622278,1,1,-1.25831566256306,1,0
2317,0,0.41506927791749,1,1,-0.0698269039798729,1,0
2318,0,1.18005434051156,0,0,0.956119597009018,0,1
2319,0,1.70401623082965,1,1,-0.234684219553255,1,0
2320,0,0.407615723381257,1,1,-0.421171510944121,1,0
2321,0,0.134837753707837,2,0,0.804689592136526,0,1
2322,0,0.766253708318224,2,1,2.13142183458262,1,1
2323,0,0.562623240651473,1,1,-0.585707070215008,1,0
2324,0,0.573193600648563,2,0,-0.585790356198258,0,0
2325,0,0.95854291848625,1,0,-1.30644640772893,0,0
2326,0,0.245465277159546,2,1,1.60352139399914,1,1
2327,0,2.22934813754113,1,0,-0.589183586123009,0,0
2328,0,0.328672458588734,1,0,1.1052627363135,0,1
2329,0,0.0545778449985607,1,1,-0.994578169981805,1,0
2330,0,0.0608754542281904,2,1,1.24124360643202,1,1
2331,0,0.647007497160137,1,0,-2.3121431697794,0,0
2332,0,4.26501589381649,2,0,-0.364832908451869,0,0
2333,0,1.37511575275701,1,0,1.03811345375019,0,1
2334,0,0.12466545032768,1,1,-1.18511782737708,1,0
2335,0,0.770998467319334,1,1,-1.99885987924881,1,0
2336,0,0.165225378144454,0,1,-0.90648937415612,1,0
2337,0,2.51234065224017,2,1,-0.906338463701539,1,0
2338,0,2.07502753942463,1,0,-0.511679979381586,0,0
2339,0,0.166956779236595,0,1,-0.80522018717565,1,0
2340,0,1.27399968604247,0,0,-1.58840740335308,0,0
2341,0,4.03560484986105,2,0,1.36719527061759,0,1
2342,0,2.26117783062298,1,0,1.19990426232523,0,1
2343,0,0.302059881323785,1,1,0.408560920103862,1,1
2344,0,1.4128806686363,2,0,0.0986495031623269,0,1
2345,0,1.6879335231861,1,0,-0.651154849953708,0,0
2346,0,0.584340357918821,1,0,-0.191373471918373,0,0
2347,0,0.243716158355128,1,0,-0.421287467698076,0,0
2348,0,1.25563823550855,2,1,0.33608651142437,1,1
2349,0,0.044851886748433,1,0,2.25484278252826,0,1
2350,0,0.368948998376563,1,1,-1.66016370433063,1,0
2351,0,1.15875933455003,2,0,1.0643690323322,0,1
2352,0,0.523436607971937,0,1,-2.0326993642263,1,0
2353,0,1.47346717045843,1,0,-0.680612217715489,0,0
2354,0,0.61618190028009,0,0,0.54105037490412,0,1
2355,0,0.31479456462125,1,1,-0.25845679602336,1,0
2356,0,0.438794631649769,2,0,1.01571463990953,0,1
2357,0,0.101746634269754,0,0,-0.00662232717824879,0,0
2358,0,0.443940981426986,2,0,-0.182472420843642,0,0
2359,0,0.0813027692001306,2,1,1.41866862764652,1,1
2360,0,0.240124946048005,1,1,0.828257953766464,1,1
2361,0,0.555217928247159,1,0,0.109049430654189,0,1
2362,0,0.0487274428208669,0,1,0.611233821049408,1,1
2363,0,0.701146432131303,2,0,0.732544465419107,0,1
2364,0,0.34109899106703,2,1,0.576562765815135,1,1
2365,0,0.253915253557726,0,1,0.679551888909876,1,1
2366,0,0.480295319120661,1,0,1.18782995991064,0,1
2367,0,0.250850597210167,1,1,-0.973347167395901,1,0
2368,0,2.19258998516244,1,0,0.330869451826394,0,1
2369,0,0.790695220082758,1,1,-0.623015069336356,1,0
2370,0,0.0425922064909286,1,0,0.314123382496041,0,1
2371,0,0.535513122255604,0,0,0.467452784191215,0,1
2372,0,0.272008077174433,1,1,-0.00273090434445336,1,0
2373,0,1.52231587268609,1,0,0.46032575045249,0,1
2374,0,0.624864747413442,1,1,-1.67166923726275,1,0
2375,0,0.186110951218481,1,1,0.406917697156788,1,1
2376,0,0.119867833375681,2,1,1.67413271233164,1,1
2377,0,0.638681431389051,1,0,-1.0256040839367,0,0
2378,0,0.920175736149152,0,1,0.229395755294803,1,1
2379,0,0.27230762094378,2,0,0.20335495159448,0,1
2380,0,1.32705817619474,1,0,-0.983500901668449,0,0
2381,0,0.343729116139583,2,1,1.86920002902207,1,1
2382,0,0.3777902467306,2,1,-1.10338263935891,1,0
2383,0,0.0215211011242581,2,1,-0.399277291631112,1,0
2384,0,0.0438181439899696,0,0,0.15747531604241,0,1
2385,0,0.889943535751923,2,1,0.167222495387248,1,1
2386,0,0.703803611765677,2,1,0.490048515079008,1,1
2387,0,0.0404397859340051,1,1,-2.73303916622701,1,0
2388,0,0.157415457069874,0,1,-0.96284325551787,1,0
2389,0,0.64775952230171,1,1,-0.192704562099526,1,0
2390,0,0.220968424633662,1,1,1.42926750945439,1,1
2391,0,0.0625221162139089,2,1,0.757348104716997,1,1
2392,0,0.452320166984132,2,0,0.177373934551505,0,1
2393,0,0.618390880396644,2,1,0.556613677666184,1,1
2394,0,0.128728616516685,0,0,-2.28877522363589,0,0
2395,0,1.46910891920324,1,0,0.449790034670054,0,1
2396,0,1.4490653326114,0,0,-1.22298271291898,0,0
2397,0,0.0162881879666349,1,0,0.928636964083667,0,1
2398,0,1.43527938045273,2,0,1.52535073559986,0,1
2399,0,1.42744178287394,2,0,-0.0810327416442134,0,0
2400,0,1.01308210578071,2,0,0.645152870667885,0,1
2401,0,1.0206656716764,0,0,-0.15548789513794,0,0
2402,0,0.0231712474368582,2,0,0.898842587672346,0,1
2403,0,0.216157429051706,2,1,-0.523288309744151,1,0
2404,0,2.37953406800561,1,1,1.00531216127477,1,1
2405,0,0.226152714914573,1,0,-0.856005950780456,0,0
2406,0,0.265175000849362,1,1,-1.46493136807711,1,0
2407,0,0.35793355425074,1,1,-1.4672590522234,1,0
2408,0,1.61152810661944,0,1,1.28848157868719,1,1
2409,0,0.744385519321801,1,1,1.79828794366719,1,1
2410,0,0.282458805312446,1,0,0.0727830172976216,0,1
2411,0,0.704554392434744,1,1,-0.178496580443978,1,0
2412,0,1.0150123967421,1,0,-1.36278747127377,0,0
2413,0,0.163897877898427,1,1,-0.324938300541675,1,0
2414,0,0.418010595946676,2,0,0.589374939775742,0,1
2415,0,0.199311140278861,1,0,-2.33424308953233,0,0
2416,0,0.280395766293093,1,1,-1.37780793831142,1,0
2417,0,2.77201692020262,1,0,0.00734325921574189,0,1
2418,0,0.264661614895673,1,0,-1.68955654510077,0,0
2419,0,0.18017689906064,2,1,1.99225189855122,1,1
2420,0,0.19664862205253,0,0,1.56558908805625,0,1
2421,0,0.0601739974254629,2,0,0.677878672179613,0,1
2422,0,0.552221900903521,2,0,-0.0036519720444613,0,0
2423,0,0.445081608657628,1,0,0.659479942685617,0,1
2424,0,0.00531327163791012,2,1,0.268305842089753,1,1
2425,0,0.836636035670671,1,0,-0.154360876746845,0,0
2426,0,0.433761297903211,1,0,1.1516521009774,0,1
2427,0,0.200401645319041,1,1,-0.815205411901248,1,0
2428,0,0.920053233082096,0,1,0.39727263754774,1,1
2429,0,2.38048710711223,0,1,-1.66849776993945,1,0
2430,0,0.477256076076546,2,1,0.130088707877119,1,1
2431,0,1.19566415706535,1,1,1.50224800286092,1,1
2432,0,0.342698457558742,1,1,-1.11441778764182,1,0
2433,0,0.13336693257204,1,1,-1.80738922551385,1,0
2434,0,0.451705654605572,1,1,-0.473396337613866,1,0
2435,0,1.83234245700745,2,1,-1.75142510557533,1,0
2436,0,0.250202120599086,2,1,0.67125617732191,1,1
2437,0,0.463488637677564,2,1,-0.341876632172066,1,0
2438,0,0.136632292212725,1,1,-0.627544544773143,1,0
2439,0,1.00261262309933,1,0,1.44794528179856,0,1
2440,0,1.1937664018009,1,1,0.495209722796955,1,1
2441,0,0.128677871233165,1,1,0.862573360084657,1,1
2442,0,0.74820742631952,0,1,-0.477471053756486,1,0
2443,0,0.91879096799126,1,0,0.511891540761053,0,1
2444,0,0.882199530683818,2,0,1.12609915193466,0,1
2445,0,0.548129764076719,1,1,-2.00985278615771,1,0
2446,0,0.0857249819765995,1,1,-1.63851863197258,1,0
2447,0,2.35937912875228,2,0,-0.775215548637297,0,0
2448,0,0.272210550870848,1,1,0.522601006482243,1,1
2449,0,0.998748983710922,1,1,-1.22643531638396,1,0
2450,0,0.704339876733949,2,1,-0.0133175925208266,1,0
2451,0,1.1969432003011,2,0,0.650582693882457,0,1
2452,0,0.591339892550755,2,1,-0.143181007523998,1,0
2453,0,1.64580333076083,1,1,0.409940746521674,1,1
2454,0,0.208463251522496,2,0,2.16045456140263,0,1
2455,0,0.222364167267688,0,0,1.32076765170574,0,1
2456,0,2.05413529040643,2,1,0.0871747902021862,1,1
2457,0,1.05845503509045,0,1,-0.0234492139255392,1,0
2458,0,1.80868188850034,1,1,0.0451400551961908,1,1
2459,0,0.427991432650896,2,0,0.834952532356384,0,1
2460,0,0.784336808680181,1,0,0.572900255628635,0,1
2461,0,1.88203510949828,1,1,0.155945851457664,1,1
2462,0,1.20148354889434,1,1,-0.652349410004542,1,0
2463,0,0.07704281552274,2,0,1.23079039981898,0,1
2464,0,0.627795551493942,1,0,0.527584537814655,0,1
2465,0,0.160298273579309,2,1,0.343556988509356,1,1
2466,0,0.835852222386187,1,0,1.70716957264243,0,1
2467,0,0.017217802434876,1,1,-0.0671151328624647,1,0
2468,0,1.02771258655837,1,1,-0.0917030282447236,1,0
2469,0,2.4695008307454,1,0,-0.691883415178188,0,0
2470,0,1.78009235259597,1,1,1.82159752198644,1,1
2471,0,0.169661967517667,1,0,0.739051400794109,0,1
2472,0,0.00469471571514713,2,1,2.66667454279884,1,1
2473,0,2.71087058702775,2,0,-0.582347956827103,0,0
2474,0,3.99607567149996,2,0,-0.0521033546994093,0,0
2475,0,1.1881437536982,2,0,-0.698088514666053,0,0
2476,0,0.397204823148984,1,1,0.521192754969002,1,1
2477,0,0.448409313199636,1,0,0.522218944727421,0,1
2478,0,0.567556101561711,2,1,2.06760247908856,1,1
2479,0,0.475737386899861,0,1,0.361240638596373,1,1
2480,0,0.588325332851887,2,0,0.990876286555755,0,1
2481,0,0.752187379884803,1,1,0.397489725613892,1,1
2482,0,0.348796003451332,1,0,0.472044192717921,0,1
2483,0,0.373770534551019,1,0,-1.37906263141305,0,0
2484,0,2.71488600410521,0,0,0.25510375732383,0,1
2485,0,3.22133428176614,1,0,-0.104352787150374,0,0
2486,0,0.0482618476425296,2,0,0.671340130038299,0,1
2487,0,0.489897511436484,2,1,0.424640045620309,1,1
2488,0,0.144564717155611,2,1,1.01332783376497,1,1
2489,0,0.95265902279277,2,1,0.949340948610676,1,1
2490,0,1.77588607184589,0,1,-1.4485647559785,1,0
2491,0,0.330066475120765,1,1,-1.22361777476325,1,0
2492,0,2.09653112737426,0,1,0.662704443881312,1,1
2493,0,0.979667659903765,1,1,-0.375053653089676,1,0
2494,0,2.63035184082886,0,0,-0.259362340723764,0,0
2495,0,2.22486277142147,2,0,-0.348077466043522,0,0
2496,0,1.88606445047029,2,0,-0.374945359737873,0,0
2497,0,0.971981013729371,1,1,1.04393311381794,1,1
2498,0,1.20288388711125,2,0,0.898249584080704,0,1
2499,0,1.14526870646535,1,1,-2.0604460005693,1,0
2500,0,0.916083386579556,1,1,0.89314948617151,1,1
2501,0,1.28612392662227,1,0,-0.233636703036477,0,0
2502,0,1.57663939099898,2,0,0.411387852855238,0,1
2503,0,1.06473729173388,1,1,-0.311472709873134,1,0
2504,0,3.04725865965027,2,0,-0.0925803720684922,0,0
2505,0,0.670666111708408,1,1,-0.252042714972396,1,0
2506,0,1.06846752048958,1,0,-1.2912022191664,0,0
2507,0,0.863282324113163,1,1,-1.19871336476655,1,0
2508,0,0.0150776856012015,1,1,0.44298556733573,1,1
2509,0,0.289254215114314,2,1,1.66858106804166,1,1
2510,0,0.547878697650003,1,1,-0.430267993571737,1,0
2511,0,0.42742626142089,2,0,0.86021183585702,0,1
2512,0,0.15800300734296,1,0,1.39518980224366,0,1
2513,0,1.36259756069545,2,0,1.39879842692983,0,1
2514,0,0.192028794585266,2,0,0.194476903873109,0,1
2515,0,0.12948286634571,1,1,-1.03800455080478,1,0
2516,0,0.0423982518749227,2,1,0.699566188069082,1,1
2517,0,2.33631594693094,2,0,0.617152323027202,0,1
2518,0,0.6635724858502,2,0,1.58080879182332,0,1
2519,0,0.490862510264898,1,0,-0.319266817947287,0,0
2520,0,1.42857034324185,1,0,-0.67892538944746,0,0
2521,0,0.280267225980438,1,0,0.0853131825020561,0,1
2522,0,0.00712245839913707,2,1,0.202610661139419,1,1
2523,0,1.99369265954015,1,1,0.189518524203579,1,1
2524,0,0.0487115058692996,2,0,-0.334841313742881,0,0
2525,0,5.50621395860993,2,0,-1.17133940474144,0,0
2526,0,0.800411986807982,0,1,0.481964482266966,1,1
2527,0,0.471664086577276,1,1,-0.0185230204933646,1,0
2528,0,1.1978509194371,1,0,1.00290679773767,0,1
2529,0,1.49089692160543,1,0,-1.68591935588121,0,0
2530,0,1.16065621691281,2,1,2.90781899994855,1,1
2531,0,1.14354244889187,1,0,-0.182644772563822,0,0
2532,0,0.956455385328761,2,1,0.357123973144354,1,1
2533,0,0.0460022357494488,2,1,-0.281854419315162,1,0
2534,0,1.21478269187113,0,1,0.885996262438264,1,1
2535,0,0.147522545109193,0,0,0.830044677544619,0,1
2536,0,1.43565251904575,1,1,-1.46749296865211,1,0
2537,0,0.156488772162452,1,0,0.562042160974272,0,1
2538,0,3.92316900504132,0,0,-0.476565782099815,0,0
2539,0,0.584290074889749,1,1,0.22116224733005,1,1
2540,0,0.382995941301609,1,0,0.167238168859489,0,1
2541,0,0.0104866089997925,1,0,-0.692010865985001,0,0
2542,0,0.407868506685446,1,0,0.146280085131844,0,1
2543,0,0.674859395753419,1,0,0.543709348132503,0,1
2544,0,2.57328162850748,1,1,0.171991249983927,1,1
2545,0,0.180025755050136,1,1,-0.61075556124207,1,0
2546,0,2.73124467903427,2,1,0.239584945314487,1,1
2547,0,1.01034297399165,1,0,-0.119633107323969,0,0
2548,0,1.93747125135669,2,0,-0.654491943490349,0,0
2549,0,0.380087966720263,0,1,-0.517617610239777,1,0
2550,0,1.07925970775974,0,1,2.33657144788207,1,1
2551,0,0.358713742835108,1,0,-1.65169964092237,0,0
2552,0,0.450504853700598,0,0,0.0757865903060646,0,1
2553,0,0.0536346374276271,0,1,0.610215256652055,1,1
2554,0,2.50351799511731,1,0,-1.45422620155485,0,0
2555,0,1.05071121429921,1,1,0.72567841242826,1,1
2556,0,6,0,1,-0.595773215534785,1,0
2557,0,0.671305045947864,1,1,-0.90997107614456,1,0
2558,0,0.293737079631214,1,0,0.347177599794808,0,1
2559,0,0.0329548951222565,0,0,-1.30055098073464,0,0
2560,0,0.139051111815183,2,0,1.6076847285439,0,1
2561,0,1.09287139028311,0,0,-1.12824368880298,0,0
2562,0,0.900573800254709,1,0,-0.913089825048157,0,0
2563,0,1.41200669210307,1,0,-1.42908552719087,0,0
2564,0,0.010525928919424,1,0,-0.990254918470786,0,0
2565,0,1.23046444310559,2,1,1.42349080658654,1,1
2566,0,0.65645898976261,2,1,0.0581265289914856,1,1
2567,0,6,0,0,0.0963019649480101,0,1
2568,0,0.393163241845479,2,0,2.43648955088968,0,1
2569,0,0.0473500597065966,1,1,-0.73942814496221,1,0
2570,0,0.207189607827446,2,1,0.149846886067713,1,1
2571,0,0.211320161026263,1,0,0.345227978190008,0,1
2572,0,0.795769835503083,2,0,0.424771305801045,0,1
2573,0,1.00187857258796,2,0,-0.617794547847576,0,0
2574,0,0.347158000985564,2,0,1.96835408398929,0,1
2575,0,0.123027440753159,2,1,2.55367699313134,1,1
2576,0,1.74562678032385,1,1,-0.91019333111411,1,0
2577,0,1.0794096896131,2,0,0.380326771734764,0,1
2578,0,0.0711500630884877,1,0,-1.4267645699967,0,0
2579,0,0.56149285237894,1,1,-0.561522770665222,1,0
2580,0,0.562603006908832,1,1,0.204254151879399,1,1
2581,0,0.268650787712434,1,0,0.290321944068876,0,1
2582,0,0.61639677126134,2,1,0.887715688036061,1,1
2583,0,0.958657554719682,0,1,-1.95443313571117,1,0
2584,0,2.96849397119222,2,0,1.29318870343869,0,1
2585,0,0.339801925100499,2,1,1.05583097300768,1,1
2586,0,0.43948667986862,2,0,0.969168278667273,0,1
2587,0,0.411893660554925,2,0,0.789661443779159,0,1
2588,0,0.0704140309244394,0,1,-1.29990745621052,1,0
2589,0,1.40868948308507,1,0,-0.765098381010268,0,0
2590,0,0.208776844366861,1,1,-1.34667682968479,1,0
2591,0,2.91744944803375,2,0,-0.135584698764754,0,0
2592,0,0.769087837017764,1,1,-0.173675965456906,1,0
2593,0,0.219897073489506,1,0,-0.554794310885582,0,0
2594,0,1.45937248926361,2,0,1.04346867767734,0,1
2595,0,0.424534201800279,1,1,-1.41296255111405,1,0
2596,0,0.688264595226783,1,1,-0.573407444533512,1,0
2597,0,1.14042028915966,2,0,0.682198218392557,0,1
2598,0,0.461530988794915,1,1,-1.46934764351615,1,0
2599,0,0.239095063322062,0,0,-1.1005637191763,0,0
2600,0,0.218316265148404,1,1,-0.113980334330393,1,0
2601,0,0.922769103921692,1,0,0.0568323655000579,0,1
2602,0,0.507798363334379,1,1,0.240415310627851,1,1
2603,0,1.35468055322739,2,1,1.98664473123549,1,1
2604,0,0.816330723924444,1,1,-1.41407129434431,1,0
2605,0,0.507629849449554,2,0,-0.707691269068023,0,0
2606,0,1.84849271550775,0,0,-0.337745970122384,0,0
2607,0,0.22772547789476,1,0,-1.70724411835067,0,0
2608,0,0.566399327734285,1,1,1.9037470229449,1,1
2609,0,1.29315655793134,2,0,0.992079133859341,0,1
2610,0,0.836453180810815,2,1,0.703486363838494,1,1
2611,0,1.8098546795902,1,1,-0.71236528694943,1,0
2612,0,0.0613209190654534,1,1,0.133491738449085,1,1
2613,0,3.99485369578538,2,0,-0.539563755397427,0,0
2614,0,0.649020201176713,1,0,1.17711197816123,0,1
2615,0,0.847330803882821,1,0,0.816974707293865,0,1
2616,0,1.74532047272921,2,0,0.974152271001542,0,1
2617,0,1.88348975354981,2,0,0.283271367743904,0,1
2618,0,1.08777149269978,0,1,0.31406060071247,1,1
2619,0,0.106967645529725,2,1,-0.261508048054497,1,0
2620,0,0.439077638823675,1,1,-0.161697628063045,1,0
2621,0,0.40288536397426,2,1,2.04509465158367,1,1
2622,0,0.671711975100642,1,0,0.328727222159296,0,1
2623,0,2.23620885596492,2,1,-1.32476395902268,1,0
2624,0,0.0678953821233042,2,1,0.288742024640725,1,1
2625,0,0.114056946070335,1,1,-1.57035755990209,1,0
2626,0,1.38881861902396,1,0,-1.39958780622564,0,0
2627,0,0.881894676038755,1,0,-1.13619148373333,0,0
2628,0,1.41232326051321,2,0,0.397238799078094,0,1
2629,0,1.30414080289801,1,1,0.621300444057891,1,1
2630,0,0.635532649201137,1,1,-0.852371443542723,1,0
2631,0,2.09361825918551,1,1,-0.248790716958313,1,0
2632,0,0.296567484074063,1,1,-0.297197344795288,1,0
2633,0,0.465120486787995,1,1,0.643952543279072,1,1
2634,0,0.628783917213244,1,0,0.264380558605473,0,1
2635,0,1.12308156055709,0,0,0.240325922426785,0,1
2636,0,0.162064765328988,1,1,0.736552197558538,1,1
2637,0,0.723116930362365,2,1,2.05066824300709,1,1
2638,0,0.675801419729296,1,1,-0.245594236233127,1,0
2639,0,0.0708857542561016,2,0,2.23820094519225,0,1
2640,0,0.13608599474615,1,0,-0.790148838258914,0,0
2641,0,3.31658944177131,0,1,-1.53019130582194,1,0
2642,0,0.913555110093584,1,1,-0.184027744478156,1,0
2643,0,0.373658676510162,1,0,0.0181340461100333,0,1
2644,0,0.193138476409949,1,1,0.375588603937862,1,1
2645,0,1.68375710372712,1,1,-0.185750501907032,1,0
2646,0,0.885996927196781,0,1,0.575341303769204,1,1
2647,0,0.323973180321028,2,0,0.796170808722991,0,1
2648,0,0.284409804534187,2,1,-0.204171597180683,1,0
2649,0,0.345047047393181,1,0,2.38879976176056,0,1
2650,0,1.01136125608672,1,1,0.759707644281168,1,1
2651,0,0.78541819809839,1,1,0.369012359851136,1,1
2652,0,0.935418629360118,1,0,-0.926031413221176,0,0
2653,0,0.60249096740292,2,0,0.172629057979359,0,1
2654,0,0.216990906070595,1,1,-1.53174568591304,1,0
2655,0,1.22641098605682,2,0,0.0363552439212657,0,1
2656,0,3.69678713784894,2,0,-0.738127765023962,0,0
2657,0,0.423849454935099,0,0,-0.749956398656642,0,0
2658,0,1.24399416069974,2,1,1.58733916392303,1,1
2659,0,0.51002901357909,0,1,0.85362813666682,1,1
2660,0,0.0755436102487154,2,1,0.259316849697838,1,1
2661,0,0.218294646670309,1,0,0.524752255077062,0,1
2662,0,2.88943381048739,0,0,-1.35313503123693,0,0
2663,0,5.92540830457643,0,0,0.0682811584928066,0,1
2664,0,2.73027072339902,1,1,0.208998703688417,1,1
2665,0,0.296490354048024,1,0,-0.511541733235931,0,0
2666,0,2.30787486141416,2,1,-0.338062588303241,1,0
2667,0,1.89988161016792,0,1,-0.127394055770901,1,0
2668,0,0.156809641048312,0,1,-0.0437039823251404,1,0
2669,0,0.783657234806186,2,0,-0.326079526847527,0,0
2670,0,0.338511969737867,2,1,1.27122350830189,1,1
2671,0,0.991648059959213,0,0,-0.419633003380818,0,0
2672,0,0.620545983660759,1,1,-1.44300775411241,1,0
2673,0,0.496081023734048,2,0,0.525596939131898,0,1
2674,0,0.717274099792823,1,1,-0.215362661030265,1,0
2675,0,1.62293872669456,2,0,0.762637708220056,0,1
2676,0,2.65485164953493,2,0,0.405245485112699,0,1
2677,0,1.41827417788686,0,0,0.103050150741543,0,1
2678,0,0.123420423163187,2,1,1.41055669613191,1,1
2679,0,2.36875929422874,1,0,0.38476728124054,0,1
2680,0,0.497321275588485,1,0,1.04643310992779,0,1
2681,0,0.869697878078634,1,1,-0.859631965880753,1,0
2682,0,2.26655907928944,0,0,1.0327708798059,0,1
2683,0,0.871471537241953,1,1,-1.51317258836052,1,0
2684,0,3.43084319026139,1,1,0.256762213525509,1,1
2685,0,1.11519151400689,1,1,-0.67068637840468,1,0
2686,0,1.4387662563592,0,0,-0.866710823251576,0,0
2687,0,0.0537266918391397,2,1,0.695465499796962,1,1
2688,0,0.353231897539934,2,1,0.0583656659595211,1,1
2689,0,0.493038202393982,2,1,0.946799538809577,1,1
2690,0,0.670328750009097,1,1,-1.41191326977145,1,0
2691,0,0.027309134171247,1,0,0.16556805379549,0,1
2692,0,0.379572425441924,2,0,0.636309744644954,0,1
2693,0,2.4586787279977,1,0,0.238967642424537,0,1
2694,0,0.186491422355175,0,0,-0.211345139679975,0,0
2695,0,3.42077521349487,2,0,-0.16670729280307,0,0
2696,0,0.142593554531535,0,1,-1.01584306945398,1,0
2697,0,0.727755427360535,0,0,-0.410854688485007,0,0
2698,0,0.78202088519995,2,1,1.52889980810415,1,1
2699,0,0.488100024750086,1,0,-1.88286810837799,0,0
2700,0,3.10053981808212,2,0,0.346510033825317,0,1
2701,0,0.426801155082895,1,1,-1.29992517477888,1,0
2702,0,0.0372949903104412,1,1,0.542299033043919,1,1
2703,0,0.104992331611818,1,1,-1.423098523888,1,0
2704,0,0.742973384225568,2,1,-0.57291705900522,1,0
2705,0,0.844907207007727,0,1,0.729567492082337,1,1
2706,0,0.130838955103914,1,1,-2.37949983839693,1,0
2707,0,0.870162911062434,0,0,-0.730171312680994,0,0
2708,0,0.0257490792767356,1,0,-1.97809636872191,0,0
2709,0,0.288831346832631,1,1,-1.13396363807662,1,0
2710,0,6,0,0,-1.24501938946692,0,0
2711,0,0.120315206435534,2,1,0.747374191118729,1,1
2712,0,2.24944904127536,1,0,-0.840150060828194,0,0
2713,0,0.847479816781304,2,0,0.780500648635745,0,1
2714,0,0.358928411004814,1,0,0.0334113086217845,0,1
2715,0,0.0609154757784809,1,1,0.242268317738743,1,1
2716,0,1.80520247209998,1,0,-1.19733509281954,0,0
2717,0,0.0276794490010588,1,1,-2.01011468936936,1,0
2718,0,2.38183647512842,2,0,1.01449582254909,0,1
2719,0,0.454485669617758,1,0,-1.3109684004426,0,0
2720,0,0.407836697995663,0,1,-0.430877477271004,1,0
2721,0,2.00759004110208,1,0,0.885689811983048,0,1
2722,0,0.666367353415528,1,0,0.331903040109688,0,1
2723,0,1.00419367974003,0,1,0.0994247971214365,1,1
2724,0,0.0922670934270491,1,1,-0.112898062645291,1,0
2725,0,1.38011948311648,1,1,-0.108461632541006,1,0
2726,0,3.45120494965472,2,0,0.138478237599358,0,1
2727,0,1.17140927694788,1,1,-2.06982936783006,1,0
2728,0,0.12719569436632,1,0,0.272726158527056,0,1
2729,0,0.134299516311875,2,0,-0.602549256403013,0,0
2730,0,0.890860856070221,1,1,-1.2296855501299,1,0
2731,0,1.52989587746561,0,1,-1.00167036733225,1,0
2732,0,6,0,0,-2.52702666077056,0,0
2733,0,1.10783378789211,0,1,0.887349353215485,1,1
2734,0,0.746198346305779,1,0,-0.217734604943972,0,0
2735,0,2.96582663091594,2,0,0.189693667941161,0,1
2736,0,0.384564459080021,1,1,-1.30328199275524,1,0
2737,0,0.254930584505037,1,1,-0.110049101948083,1,0
2738,0,1.12120459919007,1,1,0.707124409181014,1,1
2739,0,0.568966826667047,1,1,0.928412036030369,1,1
2740,0,2.23100664942495,1,0,0.0138956181998644,0,1
2741,0,4.56721539474733,2,0,-1.78245198020946,0,0
2742,0,0.00745916358975706,1,0,-1.26121422563174,0,0
2743,0,0.13481623561407,1,0,-1.74871927791665,0,0
2744,0,0.118989994484869,1,0,-0.647295632229896,0,0
2745,0,1.5904236056487,2,1,-1.20258409624529,1,0
2746,0,2.25625711019194,2,1,0.439818867059407,1,1
2747,0,0.841660003558482,1,0,0.230941880314076,0,1
2748,0,0.930615877751113,1,1,0.627569311917794,1,1
2749,0,1.26384675813218,0,0,-0.388436979143788,0,0
2750,0,1.28540392836679,1,0,0.217549873964978,0,1
2751,0,0.710945666829743,2,1,0.157201671414412,1,1
2752,0,0.792124337484799,0,1,0.809472284857607,1,1
2753,0,0.244047286520595,1,1,-0.0304050692367003,1,0
2754,0,2.41271714369456,0,0,0.456939597965338,0,1
2755,0,6,0,0,-0.120877189606771,0,0
2756,0,0.629874531726451,2,0,1.83207638235371,0,1
2757,0,0.0377175536796183,2,1,0.924206275790855,1,1
2758,0,0.162864451607068,0,1,0.390803409679722,1,1
2759,0,2.28417248465121,0,0,-1.55833660969845,0,0
2760,0,0.735128936985247,2,0,-1.09126994001763,0,0
2761,0,1.66357887206683,1,0,-0.480506986511309,0,0
2762,0,0.279773403661457,0,0,-0.465879808834951,0,0
2763,0,0.23068250908251,2,1,-0.554369672255712,1,0
2764,0,0.0935538208980087,2,1,1.13469902672292,1,1
2765,0,1.49632095851417,2,0,0.788523391339677,0,1
2766,0,0.254120357022315,1,0,-1.12357033431441,0,0
2767,0,0.355045067604795,1,1,1.91167215467396,1,1
2768,0,2.52984843708141,2,0,-0.461743892787241,0,0
2769,0,0.0562410373906831,2,1,0.750660181677753,1,1
2770,0,0.518010115546457,1,0,0.22716990429191,0,1
2771,0,2.46992176530793,2,0,0.492669758227464,0,1
2772,0,2.0308160102878,2,0,-1.4031119507186,0,0
2773,0,0.867598391817733,2,1,0.902867604616316,1,1
2774,0,1.63473089276785,2,0,-0.942658406373372,0,0
2775,0,0.649934529016415,0,0,2.36497328911435,0,1
2776,0,0.113270214609591,1,1,-2.01481676011527,1,0
2777,0,0.299704908314532,2,1,3.09487844424726,1,1
2778,0,2.43521010503173,0,0,0.79185105961688,0,1
2779,0,0.437173627537968,2,1,-0.0496467061853187,1,0
2780,0,1.69891824681934,2,1,-0.233493813852748,1,0
2781,0,4.53343609805994,2,0,0.0219727087228444,0,1
2782,0,0.29931375164041,1,1,0.218019721838862,1,1
2783,0,1.82254986489051,2,1,0.0433591892174097,1,1
2784,0,0.433784358698035,2,0,0.878976558079801,0,1
2785,0,0.422941230086362,1,0,0.1798481913557,0,1
2786,0,0.0729604288558107,2,1,0.403385609065325,1,1
2787,0,1.83330118400755,1,1,1.5218369798652,1,1
2788,0,0.118359532207251,0,1,0.96239706923697,1,1
2789,0,1.09477177120166,0,0,0.310604508163782,0,1
2790,0,0.198821651814036,1,0,-0.525514777925325,0,0
2791,0,1.48259668878333,2,1,0.338581030512517,1,1
2792,0,0.0716414881218884,2,0,-1.12895507643707,0,0
2793,0,2.02864611949301,2,1,-0.0510793288369666,1,0
2794,0,0.907493764534593,0,0,-1.64749571899962,0,0
2795,0,0.0266865364186297,0,1,0.177840687618873,1,1
2796,0,1.71545799061977,1,0,-2.06736969431464,0,0
2797,0,0.522443654432949,1,0,-0.288609129538935,0,0
2798,0,0.1014477654547,2,0,0.822013460744913,0,1
2799,0,2.23993557843717,2,1,1.07280134176428,1,1
2800,0,0.609036127811462,1,0,0.343939706070509,0,1
2801,0,0.5780710076763,1,1,0.970725977130254,1,1
2802,0,1.40219629519087,2,1,0.822136394480489,1,1
2803,0,0.421210441344062,1,1,-1.32188141258716,1,0
2804,0,0.269127841150416,1,0,-0.653256354982476,0,0
2805,0,0.830274757484779,1,1,0.15735181325289,1,1
2806,0,0.424133464694023,0,1,1.68772299559655,1,1
2807,0,1.81554813580946,1,0,-0.427005891093824,0,0
2808,0,0.319136674045914,1,1,-1.08507966325807,1,0
2809,0,1.17898060068877,1,1,0.125990492278429,1,1
2810,0,0.210510379886796,2,0,0.391638139890784,0,1
2811,0,0.329703007991413,1,1,1.29193393693646,1,1
2812,0,0.566918912544782,1,1,-0.100501701707912,1,0
2813,0,0.0790967712682979,0,1,-0.502831968501294,1,0
2814,0,0.911105002767464,2,1,-0.303663343012934,1,0
2815,0,0.610502463225507,1,1,-0.499248124864747,1,0
2816,0,0.0574919940123883,2,1,0.509120425517041,1,1
2817,0,0.947756038364277,2,1,0.566804344476066,1,1
2818,0,1.61868274731278,2,0,-0.505746863390728,0,0
2819,0,0.598941660491559,1,1,0.0747810708206626,1,1
2820,0,5.86564196025297,2,0,-0.68903874304691,0,0
2821,0,0.401394634359575,1,1,-1.05369244965802,1,0
2822,0,0.355329397886818,2,0,2.3869945759211,0,1
2823,0,0.0662721193002969,1,0,0.271769277257618,0,1
2824,0,0.717342516725317,1,1,-0.324307304403171,1,0
2825,0,1.66207896805257,2,1,0.534953289797894,1,1
2826,0,1.48071614285641,1,0,-0.413309055054237,0,0
2827,0,0.193014377134672,1,1,-2.05707286101902,1,0
2828,0,0.171054920150623,2,1,0.317136866976656,1,1
2829,0,1.11418600885201,2,1,1.17308467591557,1,1
2830,0,1.0821506035167,1,1,-0.48464540982083,1,0
2831,0,0.136707722650805,1,1,-0.0928353191763893,1,0
2832,0,2.38908752178152,0,0,-0.247770957024808,0,0
2833,0,0.784313349423065,1,0,-1.31093197676938,0,0
2834,0,0.848166052755025,2,0,1.46135886360357,0,1
2835,0,1.31855969245804,2,0,-1.2376131821909,0,0
2836,0,1.11727950616779,2,0,0.856439177558397,0,1
2837,0,0.624045743702537,0,0,-1.06388341722824,0,0
2838,0,1.13557968041453,2,0,-1.07076301597067,0,0
2839,0,0.31581202856946,1,1,-0.57688219592464,1,0
2840,0,0.634037719085443,1,1,-2.40061356649418,1,0
2841,0,0.242851954846893,2,1,1.49835610558298,1,1
2842,0,0.893844584284921,2,0,0.35768294247441,0,1
2843,0,0.0612761485524456,1,1,-1.11143312404641,1,0
2844,0,0.478637351346976,2,1,1.35234452836287,1,1
2845,0,0.241770509829573,1,1,-0.0899902654721849,1,0
2846,0,0.673378274045753,0,1,0.210040994768247,1,1
2847,0,4.4849198005596,2,0,-0.17730834894386,0,0
2848,0,2.05068410390599,2,1,0.646270111432079,1,1
2849,0,0.927383220509502,0,1,0.157761865517762,1,1
2850,0,1.68392433851451,1,0,-0.202785170020314,0,0
2851,0,0.844793953764287,1,1,-2.9250080718829,1,0
2852,0,0.564969630721946,1,0,-2.00403021240934,0,0
2853,0,0.215818905080522,1,1,-1.62813598759398,1,0
2854,0,0.464285231211814,1,1,-0.9256547874665,1,0
2855,0,1.03489612606135,2,0,-1.34413613797271,0,0
2856,0,0.0106175341748787,2,0,1.61055300682489,0,1
2857,0,1.97277990535428,2,1,-0.0889257236183111,1,0
2858,0,1.04613079124327,2,1,2.24377441449499,1,1
2859,0,1.21122235926254,2,1,-0.615194621287834,1,0
2860,0,0.657089407508327,1,0,0.430192856662557,0,1
2861,0,0.159842266659512,1,1,-0.0870635848912129,1,0
2862,0,0.27963819122605,1,1,-0.00186248205859126,1,0
2863,0,0.00486739779466455,0,1,1.14381746438055,1,1
2864,0,0.5119591732693,2,0,-0.316258798127094,0,0
2865,0,0.0566018260034316,2,1,0.511051010166581,1,1
2866,0,0.0821528753588348,1,1,-0.272141868182201,1,0
2867,0,0.723363068205404,1,0,0.0477288892741484,0,1
2868,0,0.321743029638973,2,0,0.815437268947209,0,1
2869,0,5.59883852086974,2,0,0.107817594877743,0,1
2870,0,0.00863822916858161,1,1,0.398294852017861,1,1
2871,0,0.525345212154935,1,1,0.219496979632841,1,1
2872,0,0.602732907365021,1,0,-0.319289810069472,0,0
2873,0,0.0949828540656075,1,1,0.440910270944902,1,1
2874,0,1.20406807623597,1,0,-2.18906162865843,0,0
2875,0,0.856803060789642,2,0,2.23172143534389,0,1
2876,0,0.267501484347855,1,1,1.65764469560286,1,1
2877,0,4.27867327378353,2,0,-0.826447525156868,0,0
2878,0,1.46324141311935,2,1,-0.392993606614235,1,0
2879,0,0.23967103052888,1,0,0.390043977135655,0,1
2880,0,1.01251216153089,2,1,1.4461299196662,1,1
2881,0,0.0753862635058931,1,0,-0.0973167250934023,0,0
2882,0,0.177762077308991,2,1,1.88407714716668,1,1
2883,0,0.387993272843717,1,0,-0.399995200955046,0,0
2884,0,0.125808297665218,1,1,-2.0293270832259,1,0
2885,0,1.80416595190763,0,1,-0.574178371643623,1,0
2886,0,0.24760074634596,1,1,0.725421655890037,1,1
2887,0,0.0118925003033989,1,0,-1.4518667733284,0,0
2888,0,0.813998086377978,0,0,-0.0802441121196839,0,0
2889,0,0.48387291196911,1,1,0.621585514868565,1,1
2890,0,1.44026598477364,2,0,0.404732059320976,0,1
2891,0,1.4784397153968,2,0,-0.906862781041089,0,0
2892,0,1.9842236229177,1,0,0.96722405592233,0,1
2893,0,0.438692938160769,1,0,-0.917670005486341,0,0
2894,0,0.0886579508806742,1,1,0.686134362870012,1,1
2895,0,0.916099952910364,2,0,-0.0906084982145394,0,0
2896,0,0.1334848281233,1,1,-0.637490106207135,1,0
2897,0,1.40149923929569,1,1,0.336949604504587,1,1
2898,0,0.0878083674134366,1,0,-1.24674909881405,0,0
2899,0,1.32696544152485,1,1,-1.31317107805442,1,0
2900,0,2.15662276503048,2,0,-0.274066514732588,0,0
2901,0,0.459189543345275,0,0,-0.0960093139512553,0,0
2902,0,0.124617415449338,1,1,-0.605754815724046,1,0
2903,0,0.894858847665421,1,1,-1.00560885782018,1,0
2904,0,0.161643677622567,1,1,-1.13619613950811,1,0
2905,0,0.916775603245893,1,1,0.592099236017561,1,1
2906,0,0.489772324912065,1,1,-1.30291898471116,1,0
2907,0,4.2996322363615,0,1,-1.24828660002449,1,0
2908,0,0.415027046477857,1,0,-0.094138412751375,0,0
2909,0,0.296490210185934,1,0,-0.787794879169369,0,0
2910,0,0.815790420700409,2,0,0.176328259440092,0,1
2911,0,0.107103308904414,1,1,-0.580224231545587,1,0
2912,0,0.425290794597291,0,1,-0.463315211448012,1,0
2913,0,0.431378342989292,0,1,1.23862688691703,1,1
2914,0,0.535590121005112,0,0,-0.811070653820795,0,0
2915,0,0.375001132872056,0,1,0.0339868725750818,1,1
2916,0,0.643363645269705,2,1,-0.0307130020154426,1,0
2917,0,3.49322542383055,2,0,-0.489091027174692,0,0
2918,0,1.19477462644378,0,0,-1.15913806722272,0,0
2919,0,0.145146341590836,2,0,2.68168403009617,0,1
2920,0,0.786024587825481,1,1,-1.00582041944817,1,0
2921,0,0.772866690531373,0,0,-0.679359803205725,0,0
2922,0,0.85599880948736,1,1,0.621522139605697,1,1
2923,0,1.06676300056279,0,0,0.608727359728679,0,1
2924,0,0.167016790598964,1,1,-1.2241734498605,1,0
2925,0,1.56751426415677,1,0,-1.51035640868368,0,0
2926,0,0.254621633018057,0,0,2.18036119772046,0,1
2927,0,0.436898281547931,2,0,0.792830950252048,0,1
2928,0,0.00531402249063328,1,0,-0.418777511328204,0,0
2929,0,0.161504168234042,1,1,-1.20150570698577,1,0
2930,0,0.143197966518045,1,0,0.731711412906362,0,1
2931,0,0.450345763596969,1,0,-0.0550978528069415,0,0
2932,0,0.445471265130583,1,0,-0.537386444577483,0,0
2933,0,1.08841858082867,1,0,-0.198543655943255,0,0
2934,0,0.543827788530188,1,0,0.707686654562434,0,1
2935,0,5.10861664164612,2,0,-0.611755370194651,0,0
2936,0,0.328198336287036,1,0,-1.41186524397384,0,0
2937,0,0.493269485732421,1,1,-1.26433700871676,1,0
2938,0,0.524789401973236,2,1,1.96634321259574,1,1
2939,0,1.01550206343495,2,0,0.988594107821505,0,1
2940,0,2.28704805669488,2,0,-0.282432610051606,0,0
2941,0,0.609493752320608,0,0,-1.27302066278637,0,0
2942,0,1.24676530870299,0,0,0.127322549789958,0,1
2943,0,0.300897864802491,2,0,0.970806860992054,0,1
2944,0,0.11821661223449,0,1,-0.477559825943215,1,0
2945,0,0.317374207958543,1,0,-1.07736150422077,0,0
2946,0,0.803140079577928,2,1,0.942316224454368,1,1
2947,0,0.335641185792237,1,1,1.03288141843234,1,1
2948,0,0.177282976240094,2,0,1.84690620629368,0,1
2949,0,0.319000274368208,2,1,0.71124827964744,1,1
2950,0,0.0454944947088157,1,1,-1.47077490546621,1,0
2951,0,0.768293664178827,2,0,0.619243701210614,0,1
2952,0,0.0305678723662862,2,1,0.181340451307897,1,1
2953,0,0.469199361179888,1,1,0.798907830948635,1,1
2954,0,0.84036791010082,1,1,0.488490784201338,1,1
2955,0,0.927692912518978,0,1,-0.706761390986044,1,0
2956,0,1.60531980476747,1,0,0.754575974028254,0,1
2957,0,6,0,0,-1.54058690593081,0,0
2958,0,2.71117399112914,2,0,1.50393022742717,0,1
2959,0,0.119641850670681,2,0,-0.279763240225631,0,0
2960,0,1.14587539496521,0,0,0.696051804306928,0,1
2961,0,0.184583457449566,1,0,3.47868997518204,0,1
2962,0,2.69315259235022,0,0,0.785444394693079,0,1
2963,0,0.733628195666806,2,1,1.36976876270517,1,1
2964,0,1.35552011379377,2,0,0.27137315399629,0,1
2965,0,1.35398128772208,2,1,-0.288179900992642,1,0
2966,0,4.45540748220249,2,0,-0.137850983865118,0,0
2967,0,0.833008209935258,1,0,0.188517787136167,0,1
2968,0,0.411665303340649,1,1,0.601026829513915,1,1
2969,0,0.222391690329624,1,1,0.417832663599775,1,1
2970,0,0.173517749577815,1,1,-1.59611237281941,1,0
2971,0,0.759751719015469,2,0,-0.632056304729564,0,0
2972,0,0.55871001710603,0,1,-1.06459111180415,1,0
2973,0,2.9889076048458,1,1,0.174550735363038,1,1
2974,0,0.520972045590676,1,1,0.439073254664676,1,1
2975,0,2.42832031637559,1,1,0.0650655922552134,1,1
2976,0,0.256919267478662,2,0,0.476237331700051,0,1
2977,0,0.547475132489853,2,1,0.57185097403498,1,1
2978,0,0.465692345066767,1,1,-1.24469868020519,1,0
2979,0,1.13592351069215,1,1,-0.387976794021818,1,0
2980,0,0.579943704320609,1,0,-1.18517601103105,0,0
2981,0,1.56243110069865,1,1,-1.01886812566902,1,0
2982,0,0.969234105877261,1,0,-0.367350877853245,0,0
2983,0,2.4683049277322,2,0,0.599254969504898,0,1
2984,0,0.761894776837389,1,0,-0.504341298702552,0,0
2985,0,2.49636065854019,2,1,-0.0386998625593325,1,0
2986,0,0.639107859568864,1,0,-1.6358429874794,0,0
2987,0,0.631496796022815,2,1,1.03434790163089,1,1
2988,0,2.36634425351648,0,1,1.65223107176254,1,1
2989,0,2.97203822613947,0,1,-1.39143310078562,1,0
2990,0,0.419785696114228,2,1,0.641851709858066,1,1
2991,0,0.917641440187063,1,1,-2.03350095775793,1,0
2992,0,0.468323432333205,1,0,0.722150309400209,0,1
2993,0,0.203758919845282,2,0,-0.821825135180904,0,0
2994,0,1.30345971481393,1,1,-0.080937916129594,1,0
2995,0,0.681765870924159,1,0,-0.197657232678085,0,0
2996,0,0.00067801679224828,1,0,-0.287047793610067,0,0
2997,0,2.72448844882853,1,1,2.5114863126068,1,1
2998,0,0.281072622165084,0,1,0.434085676696496,1,1
2999,0,0.0664856761372597,1,0,0.0413042055743757,0,1
3000,0,0.377632324541931,0,1,-0.227765118389835,1,0
