"id","L","X","status","z1","z2","cgroup","tgroup"
1,1.27829604448596,1.58517136782245,1,0,-0.471261441188781,0,0
2,0.773436539434593,1.66939329596809,1,1,-0.549239681682486,1,0
3,0.581823712222555,1.04572097650316,2,0,0.242759822882453,0,1
4,0.0816675068818723,0.749622842206124,2,1,0.0733142783381275,1,1
5,0.0494911759677861,0.684730416784684,0,1,0.584025740044724,1,1
6,1.27388690593641,1.44913923960439,1,1,-0.603568201456439,1,0
7,0.507816210803058,0.753842585592149,2,1,1.2771091456216,1,1
8,0.654428896183769,1.19156676760583,2,0,-0.84342313652294,0,0
9,0.67882650014427,2.84768366673187,2,1,-0.172896313009435,1,0
10,0.468605095520616,1.00807445020795,1,0,-0.50282985621399,0,0
11,1.51088675375913,4.30821360399326,0,1,-0.249970521732532,1,0
12,0.912791027951254,2.60255426093441,2,0,0.776679512384779,0,1
13,0.0689919615541577,0.649158400616251,1,1,-2.18364318252336,1,0
14,0.205314586592603,0.233219667078185,2,1,0.140118819826049,1,1
15,2.79885007054512,3.07273276150227,0,0,-1.40286878422958,0,0
16,0.870467331213766,1.21842968008199,1,1,-0.467963938376257,1,0
17,0.0160770630463958,0.273775678360107,0,1,0.659868760396943,1,1
18,0.389802397435738,0.436663220885901,1,1,-2.49574865136006,1,0
19,0.361707712420159,0.376946626088261,1,1,-0.652740020950111,1,0
20,0.354196159767288,0.566753769914309,0,1,0.3362623394966,1,1
21,1.52155877086323,3.55478078160861,2,0,0.163029726094725,0,1
22,0.530821326085263,0.924577688447041,2,1,-0.448175359564991,1,0
23,1.03757577812741,1.21953167852913,1,1,-1.30030230926999,1,0
24,0.359725300199214,0.831572980098442,1,0,-0.735931936589581,0,0
25,1.52841136579184,1.58689768674473,0,0,-1.33442941949921,0,0
26,1.76283270964865,1.78136361560127,1,1,-0.0491607591617072,1,0
27,0.337147701324688,0.970201618740801,2,0,0.319825752388788,0,1
28,0.282306993440098,0.459537123337395,1,1,-0.876872147069161,1,0
29,0.0471085283998196,1.46291133859908,1,1,-0.0963389697691137,1,0
30,0.107522909012106,0.954671875516292,1,0,-2.0852112915436,0,0
31,0.0801516126701067,1.41345768228228,0,1,0.359692047691081,1,1
32,0.0203958514096987,0.771160850608183,2,0,-0.621933012850538,0,0
33,1.91203465675913,2.52198064078887,0,1,-1.31964109824842,1,0
34,0.0164399714230441,3.44900624205669,0,0,-0.793530225646689,0,0
35,0.117580607241912,0.498172806104157,2,0,0.277109114513455,0,1
36,0.235703489412328,0.655880659340684,1,1,1.55754584735413,1,1
37,0.295943155906044,2.91613339353693,1,0,-0.674117349740434,0,0
38,0.00219507764437589,0.041443960212275,2,1,0.876898802450956,1,1
39,0.329857770860905,0.704031671747457,2,0,1.08611080498158,0,1
40,0.12243030541059,0.860295036276393,1,0,-0.121285980197045,0,0
41,1.20476322853412,1.30489383806616,1,1,-1.44114374564364,1,0
42,0.0135953065483931,0.115054019227276,1,1,-0.532763854564236,1,0
43,1.81375507255994,5.0501273008186,2,0,-0.763680732442689,0,0
44,0.870774739012022,2.69849162689155,2,0,-0.537572853472491,0,0
45,0.305664839947389,0.884296445868612,1,1,-0.155199151915475,1,0
46,0.596383326272998,2.24233741010906,2,0,0.743116117626609,0,1
47,0.966089170109885,1.89401793604096,0,0,-0.867576998309002,0,0
48,0.0225748395961192,0.05052085983806,1,0,-0.618477616091417,0,0
49,0.394254693140586,3.5946509285904,2,0,-0.619286159899644,0,0
50,0.0248630991619494,0.343463198893382,1,1,-0.335611441369712,1,0
51,0.0210495190135849,1.57095690269991,1,1,1.35686990685765,1,1
52,0.351792529753673,0.473555410546892,1,1,-0.437596459570286,1,0
53,0.802858878583468,2.45428668731196,1,0,-0.730466927664898,0,0
54,0.740407626144588,1.15295346344158,1,1,0.52196251071215,1,1
55,0.734081442157428,1.54283474307196,1,0,-0.328652322978536,0,0
56,1.32272037634681,2.26510394122667,1,1,-0.733107881540891,1,0
57,1.05847083855306,1.18851046246593,1,1,-0.151808056024536,1,0
58,0.0198123914500078,1.24955419500313,2,1,-0.738047861516716,1,0
59,0.336962240884712,0.775241671992705,1,0,-1.68024741960361,0,0
60,0.241787641706951,0.979813967055004,2,1,0.451487073292505,1,1
61,0.700354869477451,1.23475447318992,2,0,1.24024070349555,0,1
62,0.0965102053143912,0.185551137772449,1,1,-0.840598826130024,1,0
63,0.779208629862812,0.957703208089277,2,0,-0.190504389639214,0,0
64,0.529882470145822,1.58107092945661,1,0,-0.856438140901662,0,0
65,0.374517809165955,1.45516193322612,2,0,-0.720118613486081,0,0
66,0.157119748691469,1.9573916391431,2,0,0.588456093744117,0,1
67,0.91661374814914,2.68222152255476,0,1,-1.75386323590445,1,0
68,0.409059308779736,1.41132228673365,2,1,1.15946616337609,1,1
69,0.125073867923213,0.739813305224989,1,1,-0.88256158920297,1,0
70,1.14321720781725,2.45101109767954,0,0,0.405367421359846,0,1
71,0.0135578937094469,1.82639629179477,1,0,0.512185025550477,0,1
72,0.359627922455069,2.58078184289237,0,0,-1.09212766831843,0,0
73,0.655612800166839,0.788157654287049,2,0,-0.10428683139044,0,0
74,1.13853762687594,2.1204040940251,1,0,-0.601268614176191,0,0
75,0.177598268621498,0.709755571581031,1,1,-0.222881868805932,1,0
76,0.0435496839178686,1.25196256729226,2,1,-0.828211368201457,1,0
77,0.83719648416143,0.936334883190729,2,0,0.791676057108173,0,1
78,0.574496564797221,0.999962191628735,1,0,-1.19313549359148,0,0
79,0.500094910255737,5.36430384751812,1,0,0.989011402091425,0,1
80,0.361513008053104,0.481719922226715,1,0,-0.82765312358871,0,0
81,0.0662413508527809,0.0887151869634787,0,1,0.562261260765159,1,1
82,0.0836297569589482,1.377024904786,0,1,-0.519545925431801,1,0
83,0.116357231098745,0.548174918318788,0,1,-0.366228580348572,1,0
84,0.022194524209621,0.420639136884922,1,0,-1.51750145665252,0,0
85,0.991026177529598,1.00987039304021,1,0,-0.73723790002746,0,0
86,0.612212907419437,0.854966081381308,1,1,-0.920131057120695,1,0
87,0.282258992600772,1.54719486203509,1,0,0.813758351393412,0,1
88,0.384428180857665,2.82024253197977,2,1,0.661284112613924,1,1
89,0.0883947560036572,0.511489441751451,2,1,0.877569703857517,1,1
90,0.364776137284935,0.500910056699244,1,1,0.786632860861682,1,1
91,0.0117464053134123,0.645372690174171,1,1,-0.134784389720477,1,0
92,0.0943370318661133,0.64390066869716,2,1,0.149304008114338,1,1
93,0.127447685226798,1.19706228685876,0,1,-0.43585876015771,1,0
94,0.321828045675324,0.907148059724851,1,1,-1.52153840663444,1,0
95,0.396427211041252,0.910238893761263,1,1,-0.670578598198629,1,0
96,0.799229828184791,1.0616900067882,1,0,-0.0679938379159475,0,0
97,0.0668520630440778,0.337048353313899,1,1,-0.891078098439518,1,0
98,0.200446960516274,0.70968389008058,1,0,0.981085700275538,0,1
99,0.39062678710454,0.459558610196662,1,1,-0.0735943578878164,1,0
100,0.170959382731881,0.213673339107669,1,1,0.488231349086522,1,1
101,3.35363172803858,3.70497303701547,2,0,0.427605440063014,0,1
102,1.07074287975442,1.10381635100196,2,0,1.4894414804482,0,1
103,0.296499415281781,1.25983387473024,2,0,0.617667250005839,0,1
104,0.901900148102985,0.932293147144822,1,0,-0.473704508555494,0,0
105,0.154440967986981,0.79651414166955,0,1,1.1793252513032,1,1
106,0.0718172646032468,1.20090762304286,1,1,-0.533169534964481,1,0
107,0.0732342324530085,1.88712052333418,2,0,-0.421604901749839,0,0
108,1.38314628348054,3.04012889903879,1,0,0.387366319556574,0,1
109,0.216279910463426,1.65309917492171,0,1,-0.694939088082503,1,0
110,0.132459267042577,0.789356815839193,1,1,-0.0123517578044241,1,0
111,0.386642015953469,1.27234751048187,0,0,-0.638522543286491,0,0
112,0.317257487132342,0.549151850281636,1,1,0.821450672073358,1,1
113,0.149444709383117,0.199574288180708,1,0,1.06764099710421,0,1
114,0.0468105517534746,2.80448378304008,2,1,-0.21136511642318,1,0
115,0.036087090682672,0.581510348027481,1,0,-2.04770300039306,0,0
116,0.479911742875004,0.500070909616985,1,0,1.86811028172659,0,1
117,0.476965147277547,1.62651109205268,2,0,2.47553645926168,0,1
118,0.879123531649192,2.62966099536868,2,1,0.0942070091642245,1,1
119,0.00560379173192713,1.09251334943561,2,1,2.16788081163447,1,1
120,0.00744902372905414,0.29348639569123,1,1,-2.46694037907558,1,0
121,1.97597516484329,4.26540604836024,1,0,-0.0668373022651739,0,0
122,0.747597976587713,2.6052775428537,1,1,0.111341222410468,1,1
123,0.457232985645533,0.637804059542944,1,0,-1.02813197688492,0,0
124,2.15416350289122,2.33739134234687,0,1,1.00317915672242,1,1
125,0.329212674146725,1.7310966091224,1,1,-0.499504616820621,1,0
126,0.744722255298661,1.01136009364369,1,1,-0.792719973836943,1,0
127,0.550780885128511,0.84307783891649,1,1,-1.10144079294869,1,0
128,0.113454445575674,0.82215843461391,2,0,0.19106273254674,0,1
129,0.194728345506721,0.322844555854783,2,1,0.327571041077389,1,1
130,0.459234659146104,0.871190717067123,1,1,-0.0913701140097747,1,0
131,0.104900842210756,0.715506772200267,0,0,-0.717016658134262,0,0
132,0.647333410258095,0.91823235220815,2,0,0.577992975905699,0,1
133,0.64019711767899,1.05260568483775,1,1,0.169494264620545,1,1
134,0.0738026094301528,0.601342038461499,1,0,-0.254697859161765,0,0
135,1.04094879445134,1.38399869017266,2,0,0.438411509903131,0,1
136,0.0443884439393719,0.465044991561694,2,1,-0.0777374538328002,1,0
137,0.471311862993616,1.13201357904076,1,1,-0.436357241047087,1,0
138,0.0734022383888563,0.211163851072733,2,1,1.24489404570046,1,1
139,0.459476916231489,2.97838520232331,2,0,1.77220095759741,0,1
140,0.0389670741451857,0.370800504460931,0,0,1.30808069941573,0,1
141,0.192585155408066,1.11409905113993,1,0,-0.159851971913458,0,0
142,0.078783733002422,2.16254542060769,2,0,-0.292796789345586,0,0
143,0.106730670200848,0.406633336841807,1,1,0.338167213176244,1,1
144,0.771277975244337,4.0333803078951,2,0,-0.306496919967841,0,0
145,0.47479326164143,1.20256160857727,2,0,0.600478926639826,0,1
146,0.0440482303707136,0.0562140112860302,1,1,0.647133243774877,1,1
147,0.153132202103734,1.21151834902818,2,1,0.784619915237459,1,1
148,0.411902653674285,2.52281409400273,1,0,-0.772155622026249,0,0
149,0.0345329660922289,0.367804386963447,0,0,-0.375807732409635,0,0
150,0.407561679474182,2.37828208731754,2,1,-0.0560731794459054,1,0
151,0.0489320499667286,1.74164708941926,1,0,-0.416429545069885,0,0
152,0.812033845272012,1.18807494355113,1,0,1.07760074841935,0,1
153,0.109835972802507,0.720391252179755,1,1,-0.983621448466551,1,0
154,0.0171449229843421,0.493179189883338,2,0,1.77274141393078,0,1
155,0.261751029281669,0.71501000931461,1,1,-0.203642898332734,1,0
156,0.332574424436347,0.575945762428812,2,1,0.705189061988516,1,1
157,0.141610269217191,0.207309016720602,1,1,-2.17903719230852,1,0
158,0.393067315841715,4.32464205166247,1,1,0.0910597981084543,1,1
159,0.200980367837564,0.201226022417851,1,1,0.862990694901363,1,1
160,0.689053765705062,3.84321399006401,1,0,0.478833954547857,0,1
161,0.492088914745384,1.25998860722311,1,0,0.576562430993587,0,1
162,0.440979544073343,0.542272066142929,1,1,-0.282926741163152,1,0
163,0.42391240855472,0.642616144935047,1,0,-0.167712450901381,0,0
164,0.715558668081131,1.05359361118563,0,0,0.70018871782558,0,1
165,0.52821381121046,0.692937913480516,1,1,-0.587779937351601,1,0
166,0.421800075305833,2.20150695016475,1,0,0.232086810643709,0,1
167,0.0219323304999206,0.133561510005033,0,0,1.42375903198212,0,1
168,0.553531081208752,0.588997759292173,1,1,-0.310224473520543,1,0
169,0.306697325884468,1.19088576350567,1,0,0.151607619559939,0,1
170,0.852161111592254,1.11849274372323,0,0,0.0819202024916801,0,1
171,0.466967711949514,2.04954355334242,0,1,0.100936034150206,1,1
172,1.24347598969556,6,0,0,-0.140547567301981,0,0
173,0.307725537127362,1.12029380773049,1,1,-0.125845053070531,1,0
174,2.04721211342947,2.82590724641978,1,0,-0.644777083045624,0,0
175,0.130750694726076,0.197106337381091,1,1,0.429380376068833,1,1
176,1.2912347312136,4.3428062244008,0,0,-0.0981961067952112,0,0
177,0.112909190356731,1.38385161491218,1,1,1.04186480517411,1,1
178,0.0776432221755385,0.135643427700571,1,1,-1.4368488740669,1,0
179,0.0288667511384998,0.211942374888587,1,1,-1.28434619643562,1,0
180,0.159934306413763,0.182032821471147,2,0,0.0613636476114632,0,1
181,0.215897588576708,0.67413271192283,2,0,1.54592532360683,0,1
182,0.900761926315138,1.17721330944658,0,1,0.461897927390104,1,1
183,0.657231807276694,0.792782902722844,1,1,-0.881009037464893,1,0
184,0.125831336093446,0.246964022578132,1,0,-0.797533866947787,0,0
185,0.427613840438426,0.508958446862115,2,0,0.972961747533255,0,1
186,0.0204951807649599,0.0808459953373584,1,1,-0.973138436356985,1,0
187,0.5152959979449,2.94709755059747,0,0,0.846800141828027,0,1
188,0.344331289828942,0.490354626272414,1,1,-0.548491679868237,1,0
189,0.30275325032158,0.648467535213619,1,0,-1.24297552549472,0,0
190,0.0238687565757169,0.97790119632803,1,1,0.449124332515147,1,1
191,0.162290611878125,0.29274596673708,1,1,-0.848292228043259,1,0
192,0.347689163672115,1.92360900972383,2,0,-0.0152817187373591,0,0
193,0.889024050445703,2.21274137186507,0,1,0.0613789312469594,1,1
194,0.417911538647281,2.28640221517182,1,1,-0.553845908585187,1,0
195,0.519031846067972,0.562189119204261,1,1,0.900120140103217,1,1
196,0.0867447619222932,0.288707709412784,1,0,-1.28688131089676,0,0
197,0.062162739134947,0.377988814460265,1,0,-2.28438909858553,0,0
198,0.167210894399054,0.716994384070997,1,1,-0.758477219172577,1,0
199,0.300828504065673,1.49044744329754,0,1,-0.814755040389469,1,0
200,1.54168227340566,3.78736090441407,2,0,-0.77870522626772,0,0
201,1.5229323671457,6,0,0,-1.45976240240374,0,0
202,1.49419637185303,1.56572687915981,1,1,-2.24217066372725,1,0
203,0.110630474144642,0.661699799643608,1,0,0.122970219734606,0,1
204,0.273298864356346,0.321673783772144,2,1,0.638241863486577,1,1
205,0.350973041360943,0.760421737407645,0,1,0.745499057163473,1,1
206,0.597374300058517,0.608429489556301,1,0,-0.689942844046027,0,0
207,0.38031341559771,0.986358852436145,0,1,0.000685420851277744,1,1
208,0.280362847261131,0.713710572341784,2,1,0.959749522634652,1,1
209,0.511121328195764,0.827683181488114,1,1,0.0324825432893822,1,1
210,0.457202773023811,2.62472450424359,1,1,-0.681187645736931,1,0
211,0.631886489896311,1.74354727962252,1,0,-1.76107462370643,0,0
212,0.124299179002264,0.166651346483059,2,0,-0.189485678083561,0,0
213,0.63935408834368,2.20998605065724,0,0,1.03872803200396,0,1
214,0.409949075223671,1.32498179973867,1,0,0.437172360501329,0,1
215,0.26888031564239,0.400093737956461,1,0,1.11886986004779,0,1
216,1.54960060482823,3.17985715973791,2,0,-0.276467558678952,0,0
217,0.840691163977624,2.0729465845933,1,0,-0.0236880077917025,0,0
218,1.83613846483101,6,0,0,-1.89403504458409,0,0
219,0.537626281277173,0.641365288543425,1,1,0.628723426690531,1,1
220,0.316619435842666,0.426453336912105,1,1,-1.36090676970433,1,0
221,0.416506277765171,0.607068359878484,1,0,0.611483672984809,0,1
222,0.0665720485993972,3.37790875457162,2,1,-0.0840453007381718,1,0
223,0.536427851248946,4.17975257726672,2,0,0.0356876173821908,0,1
224,0.0051691114074654,0.43713315084895,1,1,-0.30116547148812,1,0
225,0.695110919057495,1.96945783024757,2,1,1.24504246127656,1,1
226,0.00502380387236675,0.356005248191986,2,1,0.686136211044059,1,1
227,0.0105048871288697,0.130971610396887,1,1,-2.64150538883317,1,0
228,0.113998914344443,0.350665953572672,0,1,0.749762340031959,1,1
229,0.29011323944562,0.478132964896679,2,0,0.784333704800284,0,1
230,0.821786371737401,2.74093171813532,2,1,-1.14195519984921,1,0
231,0.319901744605021,0.743553148482118,1,0,-0.424618916488755,0,0
232,0.0416049666495787,0.377134821621603,1,0,-1.38760687032771,0,0
233,0.312907750226026,3.52855392458512,1,0,0.96539216413819,0,1
234,0.291422156410085,0.33405431632197,0,0,-0.465465610016312,0,0
235,0.120470123365521,0.257429956774611,2,1,0.895726287384789,1,1
236,0.323421382345259,0.354361863864097,1,1,-0.794826758180372,1,0
237,0.832406642194826,0.926999640118222,1,1,-0.813311726886704,1,0
238,0.185338983180844,0.450239364026862,2,0,-0.25574947860586,0,0
239,0.0292817006508509,6,0,0,-1.77168256703987,0,0
240,0.0385077433228267,0.780549604930899,1,0,1.82952511941202,0,1
241,1.44810161652136,3.3460621012875,2,0,1.14622489478565,0,1
242,0.185790607809193,3.06900509943565,0,1,-0.0424256563198282,1,0
243,0.0549580649618599,0.448749747508447,2,0,1.08713123714036,0,1
244,0.200102993010764,0.370994137057634,2,1,1.06387477148317,1,1
245,0.487777671466271,1.91113920669463,1,1,-0.825617495060424,1,0
246,0.368220522397637,0.63078596924758,1,1,-0.362745318813667,1,0
247,0.199591524858195,0.803611324497871,1,1,0.661739978159753,1,1
248,0.0269866629155815,0.108687533021731,1,1,-0.736933947438984,1,0
249,0.252467372924837,1.17261131675839,2,0,-0.199112635993425,0,0
250,0.445589153613481,2.24690195166806,2,0,0.600588432406626,0,1
251,2.11753612790685,4.79529183240814,2,0,0.440654940383301,0,1
252,0.612338286203643,0.948009639373145,1,0,-1.34003116491663,0,0
253,0.195418420868615,0.383717013953628,1,1,-1.19035937969329,1,0
254,0.352778969746497,1.10037378656367,0,1,0.561272339827569,1,1
255,0.193858872581687,1.41949413965146,0,1,0.660880574049901,1,1
256,0.648480540451904,0.666402063676652,2,1,-0.753353760254076,1,0
257,0.635823385996951,1.51394296118742,1,0,-1.23696701503312,0,0
258,0.483359926794138,0.567836354112568,2,0,0.689977169741091,0,1
259,0.488074536745747,1.04208181433637,2,1,0.0633796119898686,1,1
260,0.0850411768381794,1.69588237814146,2,0,1.10367851162937,0,1
261,0.398096134368744,0.644987515597942,1,1,-0.738365971106206,1,0
262,1.70998730583922,2.95581850229091,2,0,0.0182748702854264,0,1
263,0.197002243673098,1.6264974862805,1,0,-1.61289091540854,0,0
264,0.867756146683971,3.55289223293463,0,0,-1.60723622454495,0,0
265,3.41506486119037,6,0,1,-1.84151926396771,1,0
266,0.185380150150094,2.77290523411496,2,0,-0.845432256429046,0,0
267,0.836590044153744,1.07324693510368,1,1,-0.999361039377298,1,0
268,0.390524070502983,0.619492931291461,0,0,0.800131106638249,0,1
269,0.326156638459199,0.583480647162508,1,1,1.51503504544247,1,1
270,0.398119082156983,1.37786862210328,1,1,-0.594662535055945,1,0
271,0.253126449287643,0.487860594340796,2,1,0.259224069068998,1,1
272,0.394251184641487,0.834245308756176,1,0,-0.313936899696402,0,0
273,0.734899618352453,2.32846287110889,2,1,0.205156893444843,1,1
274,0.192922658493949,0.414198183704065,1,0,-1.09150347969698,0,0
275,0.266679918692186,1.52904707317551,0,0,-0.384852408063352,0,0
276,0.042026608212684,1.85455769894023,2,1,-0.61441777120918,1,0
277,0.241609262942949,0.371541910285413,1,0,1.07377279267047,0,1
278,0.163622288447287,1.06480559132238,0,1,1.5288830582983,1,1
279,0.0399650260806084,0.741563534707954,2,0,0.144696875862826,0,1
280,1.40144968297218,3.48464332387641,1,1,-0.680413978901452,1,0
281,1.09409714112979,1.18534139031515,1,0,-0.223506943928718,0,0
282,1.00865822360286,1.04257721673912,2,0,-0.164449372577587,0,0
283,1.10655504757679,3.75022501063844,0,0,-0.911544053467424,0,0
284,0.376334310923186,1.35936260566354,1,0,0.085418346374364,0,1
285,0.210978418795599,0.444765810437375,1,0,0.189820068479421,0,1
286,0.408970407313771,1.44139433682396,1,1,-1.34680096575961,1,0
287,0.410696114265091,0.658967049169863,1,0,0.664779312376837,0,1
288,0.141767059038911,3.4596228414242,2,0,-1.69575617843455,0,0
289,0.640677357506421,1.14349663129987,1,1,-0.373598531330334,1,0
290,0.364824407216575,0.649381057526765,1,0,-0.374363575158267,0,0
291,0.504378564655781,0.551478764917046,2,1,1.62266266412376,1,1
292,0.261712605449691,3.0883013264215,1,1,1.688938294691,1,1
293,0.306080110991995,0.654408286499747,1,1,-0.623799584184164,1,0
294,1.07050459516845,2.88577864333354,2,0,-0.140046842827807,0,0
295,0.656818921884729,1.55399847458507,2,1,1.84916861206892,1,1
296,0.579977735049195,0.887562842782046,1,1,-0.0211884287068816,1,0
297,0.0625240430235863,4.46301115459673,1,0,-0.0162252371796603,0,0
298,0.526422007112867,1.98396410172184,0,0,-0.835607733350052,0,0
299,0.0943153330849277,0.377534933553854,2,1,-0.472763419319174,1,0
300,0.572444354183972,2.40862776080801,2,0,-0.532569143671689,0,0
301,0.0728865552486645,0.748694134950613,1,0,-1.03526179668966,0,0
302,0.405479877610787,0.412768317891713,2,1,0.541687229193102,1,1
303,0.165262572395159,0.275222886432624,2,0,1.5485116674642,0,1
304,0.302254306152463,0.942426177983483,0,1,-0.393004271717515,1,0
305,1.45260757761996,1.83547500726813,1,0,0.0598819877935964,0,1
306,0.204293184603254,3.61606692682461,2,0,-0.212520681145518,0,0
307,0.267900098115206,0.934096249976404,1,0,0.220629737934228,0,1
308,0.0742879509925842,2.36997061904402,2,0,0.265054054369552,0,1
309,0.0818580735681785,0.308119175153649,1,1,-0.379527719734146,1,0
310,0.545687579239408,1.14193977444407,1,1,-0.530943473815192,1,0
311,0.878802021167367,1.10125721303653,1,1,0.72077797296114,1,1
312,0.337688603645398,1.24033657116613,1,0,-1.97071773854776,0,0
313,1.47012744197714,1.74734138988902,2,0,1.04509666816418,0,1
314,0.264444668509902,0.711871503541867,0,1,0.209561278739888,1,1
315,0.196865144195671,0.317262400863246,2,0,-0.941283776409859,0,0
316,0.455434676675004,1.7245703746791,1,1,0.534935931452495,1,1
317,1.87196072908236,3.19669516802874,2,1,0.97342981321703,1,1
318,0.569531448806326,0.761696357900898,0,1,0.241333256779316,1,1
319,0.0868338652499896,1.32164746954934,2,0,0.648502382542279,0,1
320,0.151892127986583,0.854451003023643,1,0,1.8665459670101,0,1
321,0.0180849985660526,1.28955402232658,2,1,-0.263196038881226,1,0
322,0.566943006935077,2.38028394700469,0,0,0.160662567123283,0,1
323,1.00222995500069,1.24056802707644,2,1,1.10138204012002,1,1
324,0.346849522124939,0.568384185441326,2,0,1.82564961498525,0,1
325,0.0498812035140064,0.152889184720124,2,0,-0.267274586172965,0,0
326,0.0705690778673156,2.00151044810063,2,0,-0.869832175170912,0,0
327,0.0314538718925582,0.297514261631838,2,1,1.75479601005526,1,1
328,0.267720723465318,1.06858500761016,1,0,0.21944480484545,0,1
329,0.484912995145553,0.704306498048202,2,0,-0.0806690999570087,0,0
330,0.430125324055552,1.26968639902771,0,1,1.63406106919589,1,1
331,0.660738026146416,1.19174443373208,2,0,-0.462404261949607,0,0
332,0.655402352826463,1.0031156226199,2,0,0.367862294029414,0,1
333,0.175344553362164,2.14319976436432,1,1,0.567526454644799,1,1
334,0.429946018072466,0.867651025908805,2,0,-0.190216964807702,0,0
335,0.243217831787964,0.372456150939734,1,1,-0.544178951709073,1,0
336,1.94625595161255,2.1434865344734,2,1,-0.75174688998875,1,0
337,0.194764104154375,0.543631685867575,2,1,-0.0209036383355285,1,0
338,0.458944974304479,1.12990826754166,2,0,1.8362328028927,0,1
339,0.677840180902017,1.17884009296818,2,0,1.10993909354015,0,1
340,0.413916336062054,1.45613691895806,1,0,1.24219198375036,0,1
341,0.250126020117792,2.20973935423114,2,0,-1.33395539870686,0,0
342,0.420285151857469,0.807052377827548,1,1,0.475452518259865,1,1
343,0.162955775029129,0.671679404043881,1,0,-0.354516222037714,0,0
344,0.326006532239308,0.342591134831309,0,1,-0.0897633604141594,1,0
345,0.0633502891287208,2.65775530544533,2,1,-1.39334673777358,1,0
346,0.807586014224106,1.24915660019457,2,0,1.07979426409949,0,1
347,0.180641435443099,0.814795425108788,2,0,-0.390863413674745,0,0
348,0.0713699626632863,1.56014655884457,2,0,0.917029021686145,0,1
349,0.945609662014259,1.31866525726681,1,0,1.08361577837337,0,1
350,1.65507230772019,1.8767245149013,1,0,1.93515043152354,0,1
351,1.50133521291416,2.13351576887622,2,1,1.14505995089113,1,1
352,2.77178813812564,2.93515525340217,1,1,0.605709127612297,1,1
353,0.474204706131584,0.619573745745099,1,1,-0.154789697484102,1,0
354,0.561742546657721,2.33395132564007,2,1,0.677495711854319,1,1
355,0.11071542226192,0.288641101837,0,1,-0.22295362782688,1,0
356,0.0768882019416488,0.391875373334465,2,0,-0.501102579363953,0,0
357,0.0407992696664923,0.583853834057355,1,1,0.326831848257872,1,1
358,0.446127915961875,3.67734514850599,2,0,-0.223974729037627,0,0
359,0.00313742912597089,1.0750955958619,2,0,0.361318612168988,0,1
360,0.0480869388719422,0.887468333045642,0,0,-0.29503444079023,0,0
361,1.35592791971533,1.74753497242567,0,1,0.320150471203348,1,1
362,0.116174718261593,1.06869297243975,1,1,0.586137459879818,1,1
363,0.222956152282402,0.704505488715275,1,1,-0.197174314526602,1,0
364,0.64328091012107,1.39292320426641,1,0,-0.482135878339807,0,0
365,0.348044842783644,1.21102831997565,2,0,1.78333759972071,0,1
366,0.0745488761415606,0.906144252886942,2,0,1.85792284217194,0,1
367,0.776532659327937,2.09996005209784,0,1,-2.61195798484061,1,0
368,0.0496426545497444,1.06401037640363,2,0,1.13251760284123,0,1
369,0.312478064021773,2.21483209716949,2,0,0.0202487313531978,0,1
370,0.186279683063428,0.542065492551146,2,0,1.27307218142783,0,1
371,0.302940041244536,0.813215959645883,1,1,0.126447888088541,1,1
372,0.47694912697706,0.859995387399794,1,0,-0.268029422883949,0,0
373,0.0547686850445138,6,0,0,0.926959120210964,0,1
374,0.344100140759514,0.544156619946358,2,1,1.74054331441647,1,1
375,0.243174425429768,2.41863168516683,2,0,0.964848617261919,0,1
376,0.330182698865732,2.34284655839337,0,0,-0.0767330292488736,0,0
377,0.234072780133122,1.78915286431355,1,1,1.31614300175495,1,1
378,1.0663924924629,1.4234332709995,2,0,0.0852219672045676,0,1
379,0.0894600921514983,1.1438337984828,1,0,-1.04783946607046,0,0
380,0.570716395865572,2.21564840089975,1,1,-1.07249055109438,1,0
381,0.0187919154349301,3.82947075979538,2,0,0.024903792478681,0,1
382,0.621033047231472,0.674081564466566,1,0,0.978279389623752,0,1
383,0.0944630341190431,1.67116328763465,0,0,0.0471966092313537,0,1
384,0.433557205474603,1.59846957274117,1,1,0.400884428240363,1,1
385,0.997051353318027,2.22923240087175,2,1,0.239783181957565,1,1
386,0.551815081077317,0.790220129553831,2,0,0.306719530831604,0,1
387,0.174756391214601,1.43360836888068,2,1,-0.223840828989641,1,0
388,0.073983252255453,1.0376914601865,1,1,0.554980350933232,1,1
389,2.36049515284668,2.88260033723325,2,0,0.425559571133816,0,1
390,0.0858760283639034,1.54658348925789,1,0,-0.839180747881633,0,0
391,0.549249902574552,2.43526223684618,1,0,-0.0176129193714711,0,0
392,0.449240066667336,2.7935670332435,2,0,-0.151406521715577,0,0
393,0.770145852325691,2.06492679463248,1,1,0.423386993340464,1,1
394,0.171603553721474,3.34246938913556,1,1,1.53419642527874,1,1
395,0.350049741359221,1.61202256578866,1,1,-0.376992297171326,1,0
396,0.156228303805821,0.95839745579916,1,0,0.115555557068927,0,1
397,0.277927348700662,1.05307430822409,1,1,-0.576098161075239,1,0
398,0.684150652428297,0.935051503971125,1,0,2.34970431217962,0,1
399,0.0905210783498155,0.483122334683345,2,0,1.1530381518388,0,1
400,0.16217385366973,0.531279691696894,1,1,1.95890455831722,1,1
401,0.730988967956768,0.761128823650268,2,0,-1.37965979515789,0,0
402,1.21127209096761,1.31048518561393,1,1,0.479089470489018,1,1
403,0.00257092890226179,2.126991845309,1,0,0.400785610612624,0,1
404,1.02401419641542,1.16389263471884,2,1,-0.659149475747864,1,0
405,0.253036374019252,0.350336509690974,1,1,-0.344147505479742,1,0
406,0.371360074625247,1.33002185458341,1,0,-1.47653862290039,0,0
407,0.516719517913504,0.673251655120851,1,1,-0.305256471153454,1,0
408,1.78318830818537,2.73313275330181,2,1,-1.37105385409846,1,0
409,0.778968822050073,2.43687916177647,2,1,1.06396969026609,1,1
410,0.485838946058518,1.21103942700633,0,0,1.22603945249624,0,1
411,0.820725564878066,1.03326733620311,2,1,0.133085707798811,1,1
412,1.32954131787595,1.63075008131811,2,0,1.70174825958408,0,1
413,0.774690330809699,4.73955169447569,2,0,-0.742098060169028,0,0
414,0.123810075887616,0.922643852730592,0,1,-0.054679730985686,1,0
415,0.21110559555835,1.09622898410754,1,1,0.431409115353832,1,1
416,0.246055470262137,3.57769084237073,2,1,-0.28461127671463,1,0
417,0.14687157683023,0.753959897846912,1,0,-0.237402927176821,0,0
418,0.468964858990159,0.485064750525765,2,0,0.465574073225878,0,1
419,0.119877922677279,1.32542219628508,1,1,-0.813252784811081,1,0
420,0.192837420747512,0.605966215273849,1,1,1.30947866792695,1,1
421,0.167160470090558,1.32760434176946,1,0,0.344665879105991,0,1
422,0.498333542814685,0.515487920721492,1,1,-0.188712790961064,1,0
423,0.491075198062592,0.641496265616159,2,0,0.131038623193001,0,1
424,0.577998396216167,1.2159599458378,2,0,0.16732076004624,0,1
425,1.12381642783153,2.00765208080086,2,1,-0.113757724191892,1,0
426,0.539206453702516,1.10267154466627,1,0,1.21610241790835,0,1
427,0.324533386673364,2.42797012764665,2,0,-0.435397456588123,0,0
428,0.0295106943450698,1.54442651600652,2,1,0.397841001519194,1,1
429,0.0194803940960103,0.0595124402578063,1,0,-1.32233056526916,0,0
430,1.21698762261505,2.60385604106565,1,0,-1.51032823964431,0,0
431,0.727456317593654,2.48458023913874,1,1,2.17142078689094,1,1
432,0.139881385904219,3.8646690795819,0,0,-2.01117613640506,0,0
433,0.168099037061135,0.917442361902547,2,0,0.388638622267867,0,1
434,0.461512725903756,1.30908432727059,0,0,-0.533069608627757,0,0
435,0.198417048085605,1.60167168702733,2,0,0.82059778919333,0,1
436,0.259747051017582,0.782576839714351,1,0,-2.59674989809188,0,0
437,0.23616144226657,2.44357672164893,1,1,0.0363177845672637,1,1
438,0.120553058675594,0.156521946191788,0,1,-1.18397747854059,1,0
439,1.84476471816503,2.84996817522126,1,0,-1.07053472065088,0,0
440,0.788124069110897,0.9993453560853,2,0,-0.11344841363079,0,0
441,0.0104148885211684,1.40274485487007,2,0,0.924112959179434,0,1
442,0.336120258703973,4.72338104039673,2,1,0.539016363215309,1,1
443,0.0761315480081571,0.446140361328594,2,1,2.60046708096419,1,1
444,0.350103533516328,0.762723690231698,1,0,-2.23443981863237,0,0
445,0.425289418334164,1.65266100111707,0,1,0.50387005971415,1,1
446,0.253150947391987,2.89043339180966,1,1,0.539510536743614,1,1
447,1.75002128290404,2.02746114196209,1,1,-0.119146785000118,1,0
448,0.690325225910379,0.822670507792889,1,1,-1.5027634294304,1,0
449,0.965084672548387,1.29757153986582,2,0,1.21578186047583,0,1
450,0.475392588414252,1.46777536344951,2,1,-0.559640832601418,1,0
451,0.356318296140267,3.13184737662806,1,1,-0.584119915457759,1,0
452,0.0710379663440916,0.128299969842234,1,1,-0.281886364206433,1,0
453,0.075745596550405,0.253013908092017,1,1,-1.6955808290434,1,0
454,0.44445812378485,1.03781496014176,1,0,-0.670924970883428,0,0
455,0.288320294477873,0.487133411531098,1,0,-0.354411340647733,0,0
456,0.0844906143653936,0.699058570003003,1,1,-0.934501984415669,1,0
457,1.75863142633375,2.20202857199177,2,0,0.368781101476283,0,1
458,0.147434063773188,0.395288735324411,1,1,1.07404614585502,1,1
459,0.204444594888224,0.714112139229889,1,1,-0.106330002700625,1,0
460,0.057533132711056,1.53776944925388,0,0,-1.89418396859068,0,0
461,0.334899731808239,1.63071320847375,1,1,-1.83166136005747,1,0
462,0.773297034051969,1.06153346090419,1,0,0.0367690114634962,0,1
463,0.0612618655173315,1.55210984482248,2,1,-0.339141894785189,1,0
464,0.219545226233701,0.45703705761065,2,0,-0.0816997038263299,0,0
465,0.585744266605212,3.1847321519361,2,0,-0.896253274412363,0,0
466,1.653204022089,6,0,0,-0.261134282761085,0,0
467,0.161684060262309,0.474624346079714,1,1,-0.311590369097252,1,0
468,0.0574845551952574,0.127299015277444,1,0,-0.912140495537033,0,0
469,0.865605726383733,1.89249241011415,2,0,-0.0373874260877808,0,0
470,0.134166246280074,2.96066390203972,1,1,0.660123732260016,1,1
471,0.212740774473382,0.464521346318325,2,0,0.83694176284032,0,1
472,1.33202838189371,1.60668245118018,2,1,0.32483095562079,1,1
473,0.0815382496350341,0.259559685184627,1,1,0.048016988798394,1,1
474,0.340996481797149,0.464266884178893,1,0,-0.383921339962683,0,0
475,0.513289110321138,0.678581398409965,2,0,-0.873235196996246,0,0
476,1.51171389859055,1.68179079285219,2,0,-0.139518856622715,0,0
477,0.657808227050636,1.06314890397092,0,1,0.500662600304435,1,1
478,0.711667500953707,1.02269842393818,1,0,-0.656915220048715,0,0
479,0.743212895467877,2.43514262795839,1,0,0.280190786928974,0,1
480,0.218025183098184,1.74906308458656,1,0,0.0143954112592561,0,1
481,0.0989291206615144,0.662563984968185,2,0,0.496938059142228,0,1
482,0.953779494875597,1.94006488997768,1,1,0.787103705798758,1,1
483,0.447230731108501,1.37393736255903,2,0,0.320576419939044,0,1
484,0.278428331948817,0.305266116043721,1,0,-0.336655849354753,0,0
485,1.52041268840732,3.32637495912611,0,0,0.10464887260223,0,1
486,0.0437576316279204,0.110225636970336,1,1,-0.0873320750947667,1,0
487,0.0217657186344524,0.318632113967315,1,1,-0.288662010463307,1,0
488,1.18902454933665,1.68987224379947,2,1,0.629066568643066,1,1
489,0.155718996687594,0.729612049726296,1,0,1.23555434588081,0,1
490,0.426904593801333,0.438726500904606,1,0,-1.4897993147294,0,0
491,0.138484412390325,1.98126862136026,0,0,-1.96309036221751,0,0
492,0.29993182927784,0.594598366137703,2,1,1.50946868120247,1,1
493,0.160804191215408,1.42589901378531,1,0,-2.03967670765088,0,0
494,0.346281437107413,0.607326317026878,1,0,-0.737470826009648,0,0
495,0.285761638337539,0.884982346371421,2,1,0.620277588107888,1,1
496,0.471940360342463,1.88254983536332,2,0,0.5725028784451,0,1
497,0.138788323353544,0.716848324386265,1,1,-0.244198531195022,1,0
498,0.330378648100628,2.12939415747921,0,0,1.21980542662426,0,1
499,0.791807140487446,4.56519842670934,2,0,-0.601827140604412,0,0
500,2.24124339917239,2.55535076404189,1,1,-0.221303422388716,1,0
501,0.181072020208202,0.232307112530654,2,1,0.612281911816274,1,1
502,0.0374649811743034,0.343850738305948,1,1,-0.0488787875080708,1,0
503,0.0617600822200378,0.753226948431601,1,1,-0.989583014860082,1,0
504,0.801132597403368,1.88197384075366,1,0,0.515203279381186,0,1
505,0.991917955510394,2.54639501314318,0,0,0.0752969814647733,0,1
506,0.404878430999815,2.06412806796531,0,1,-0.394219560862383,1,0
507,0.0261287649886476,1.48370479854445,0,0,-0.398361417893492,0,0
508,0.0933657638314698,0.664462757607301,0,0,0.182252188329096,0,1
509,0.285227545019653,1.45323183928448,2,0,0.125150063551904,0,1
510,0.132305599852569,0.613854118885797,1,0,-1.25501601398305,0,0
511,0.0577438043223487,0.362200057269487,1,1,-0.1551004119262,1,0
512,0.750598348159757,3.65159255389695,2,1,-0.983477365815944,1,0
513,0.111268502557823,0.205273838734529,1,0,-0.311814186617424,0,0
514,0.0490123882061905,2.12630695063024,2,0,-0.405570459261498,0,0
515,0.440412719092148,0.96242254930997,1,1,0.117484994416299,1,1
516,0.573028190475371,1.25106962405593,1,0,0.88940671123004,0,1
517,0.0684419022662244,0.395064561429787,1,1,-0.579957038832769,1,0
518,0.157405521410207,0.161860318225554,1,0,-1.59839112990312,0,0
519,0.212978325887687,3.05466749370095,1,0,-0.588798848553596,0,0
520,7.56091167984531e-05,0.798194092655285,1,0,-0.215685713680442,0,0
521,0.0176987327013712,5.13528812772155,2,0,0.131368634325958,0,1
522,1.5231800451408,1.75417783349128,1,0,-1.81029581409808,0,0
523,1.17549360725086,1.5318320924756,2,0,0.219464386671443,0,1
524,0.410287569070028,1.27372108494309,0,0,-0.0594902261505612,0,0
525,0.0839206585266026,4.47760872761573,1,0,0.26933992896341,0,1
526,0.93332416373294,1.22435907359407,1,0,-0.875753416213143,0,0
527,0.435185419792747,2.1307082064246,2,0,-0.130811456158438,0,0
528,0.340509420393508,0.981875505939965,2,1,-1.32899092014196,1,0
529,0.31981306667957,1.7818593803416,1,1,-2.31720049508427,1,0
530,0.324824798541764,1.31279586311058,1,0,-1.27250910550956,0,0
531,0.0554953754806323,0.826531051512984,1,1,-0.272729586557349,1,0
532,0.838190644104958,1.12930748542628,1,1,-2.84814134832496,1,0
533,0.200991194321288,0.763800371012593,2,0,0.856623223688861,0,1
534,1.25090028982495,4.04035858821288,2,0,-0.413915932078557,0,0
535,0.306108600149552,0.418544136729091,1,0,-2.50530521975697,0,0
536,0.273176511853105,0.636806187635807,1,0,-2.06305308392246,0,0
537,0.262082182388339,0.384289689944517,2,0,0.108542444154525,0,1
538,0.691561229630477,1.10008641991612,1,0,-0.489934972210748,0,0
539,0.153875488063527,0.512057317860594,1,0,-0.946992574159563,0,0
540,0.0488166573146979,0.726154638016506,1,1,1.69424647168343,1,1
541,0.538472506321139,0.871088679504338,1,0,-0.889601156399222,0,0
542,0.913135198208703,1.58566900872098,1,1,1.02819861333978,1,1
543,0.113301759990602,0.474320062932623,2,0,0.543500938591143,0,1
544,0.0648713818727402,0.590081270867183,1,0,-0.911455287899107,0,0
545,0.77727722843895,1.1814025011825,1,1,-0.000312828403662364,1,0
546,0.00391372365734878,0.803066339798483,1,1,0.240862874351008,1,1
547,0.0235125412129694,1.0239613118271,0,0,1.2827882401564,0,1
548,0.804911044526736,1.26717779390499,2,1,0.337877890672733,1,1
549,0.0851429124466247,0.305947005347343,2,0,0.550925743704762,0,1
550,0.00727404426369402,1.86191057805449,2,0,1.3144878007892,0,1
551,0.0249479949060414,0.299848959346121,1,0,-0.00592314992217774,0,0
552,0.504456066733433,2.54427777186245,1,0,0.488367635328932,0,1
553,0.379728875640366,0.533194230546255,1,1,0.124621846262177,1,1
554,0.190006948283149,0.19536164889238,1,1,-1.77285541868645,1,0
555,0.13786684980409,0.211529680810599,1,0,-0.889014436227218,0,0
556,0.455951450599564,0.556188468562639,1,0,-0.7434818377486,0,0
557,1.66319881246093,3.25060526374998,1,1,0.951031262543684,1,1
558,0.643522553145885,0.904459294652087,1,0,0.325912408546067,0,1
559,0.0869802539207446,0.590661822518039,1,1,0.0246246395374321,1,1
560,0.140502932481468,0.405482231158685,2,0,0.826974918182589,0,1
561,0.146149568156236,1.44865687948981,2,1,0.204656814527054,1,1
562,0.330685638408694,1.91160092217167,2,0,-0.0126435621751229,0,0
563,0.0146377725204328,1.47271597894406,1,0,-0.489882879834695,0,0
564,0.180447436869144,1.60887201182879,2,0,-0.089547809701688,0,0
565,0.520122575366663,2.17753017374469,1,0,1.1757081014353,0,1
566,0.290845676683203,0.471677873621301,1,1,-2.08344676836251,1,0
567,0.124194423875047,0.754025041463072,1,1,-1.74909890300347,1,0
568,0.49616744948758,2.0097276527442,2,1,0.498738618732118,1,1
569,0.326605084405099,0.7623932727923,0,1,0.916766201323692,1,1
570,0.0721975150773257,0.731944384128295,1,0,-0.176950513283986,0,0
571,0.157761242956601,0.192676461190432,1,1,-1.72907096018116,1,0
572,0.298863049182627,4.00547256510566,1,0,-1.33244436106238,0,0
573,0.596876600757241,0.976432165031876,1,1,-0.37929833973617,1,0
574,0.0264371500085928,0.22124219189574,1,1,-1.00928391816269,1,0
575,0.231275226607971,0.433806842193007,0,0,-0.289463650867114,0,0
576,0.154580163458983,0.193649170299371,0,0,-1.76060531949012,0,0
577,0.0733818910602066,0.435322742594788,1,1,-1.29070049057928,1,0
578,0.113264655487405,2.70933571186668,2,0,-0.437892498972655,0,0
579,0.498215431968371,0.584171329910048,1,1,0.548561830506541,1,1
580,0.22819537203759,3.27369116867582,0,1,0.880988117750746,1,1
581,0.139775794388964,0.283181514077474,2,0,1.55668264784117,0,1
582,0.590516109433439,0.985231018679617,1,0,0.218951542122495,0,1
583,0.00147528428998258,0.255222676039367,1,0,0.518467550617375,0,1
584,0.176296754636698,4.33605152492722,0,0,-2.19535424286776,0,0
585,0.379687796027152,0.853339576914833,2,1,0.0930914372144075,1,1
586,1.34361152325539,1.84998400875799,2,0,1.11121468922463,0,1
587,0.430779904127121,0.664045538083643,0,1,-0.242184368299465,1,0
588,0.212703985162079,0.796650996045632,2,1,1.61011689336523,1,1
589,0.0399532841725482,0.224342077432103,1,1,-0.577731228752073,1,0
590,0.41560484510329,0.452126745840205,2,1,2.26936658605603,1,1
591,0.0631536150144206,0.365873144799128,2,0,1.52748378991602,0,1
592,1.48250337478487,1.79692051451975,1,0,-0.272276996561503,0,0
593,0.252339568816953,0.370010395795854,1,1,-0.230164951826666,1,0
594,0.0695235539910267,0.737597290426493,0,1,0.988266503628713,1,1
595,0.107478111878865,1.62114507382941,1,1,-0.884847526005377,1,0
596,1.0545947015775,1.1596272730579,0,0,0.574073907268105,0,1
597,0.886682471557992,3.8781838821971,1,0,-0.772987574977582,0,0
598,0.450609653360314,1.42789545779427,0,0,0.25473029190022,0,1
599,0.896194194293367,1.31887039061948,1,1,-0.169836338111404,1,0
600,1.6905647836945,1.98590369165871,2,0,-0.356876818621778,0,0
601,0.849840616139783,0.881748379518588,0,0,0.0956187646462169,0,1
602,0.381247140984568,2.75787608690906,2,0,1.14316122849115,0,1
603,0.20371222253064,0.689068735480623,1,0,-0.81265079519888,0,0
604,0.264395260148578,0.949132967802766,1,0,0.280290034226837,0,1
605,0.621726198846267,3.15783224258925,1,1,0.179275695143653,1,1
606,0.365732378947238,2.536536011556,2,0,0.851797895747653,0,1
607,0.711614520082043,2.0715320675418,2,0,1.19596500826083,0,1
608,0.527545843376882,0.902809540281313,1,1,-1.21376891520283,1,0
609,0.00891160944269763,1.19150965369082,1,1,1.22669455009509,1,1
610,0.574976052360379,1.15725434328167,2,1,-1.34888389045852,1,0
611,0.516754871544739,5.72490661557101,2,0,-0.741499620758656,0,0
612,0.00429241155723975,0.487589312314748,2,1,1.37278791564952,1,1
613,0.0806229735563998,1.15572259762795,2,0,-0.215262130142455,0,0
614,0.369323652444614,2.13885658356399,2,0,0.957730870060312,0,1
615,0.298856758616037,0.997972350787235,1,0,-0.476132000161638,0,0
616,1.39440019817287,2.94588743088146,0,1,-1.84829673384239,1,0
617,0.337748248130083,1.04220812979452,1,0,2.03853231465858,0,1
618,0.0426943103472392,0.0881069588968004,1,0,-0.485636853373675,0,0
619,0.639632139354944,1.01773292430056,2,1,0.105058009286743,1,1
620,0.688564618532028,1.47261960058902,1,1,-0.699223579214104,1,0
621,1.33450491245721,1.7179812407619,2,0,0.318850712110645,0,1
622,0.353439951684182,0.825149394768937,2,1,-0.487433551807452,1,0
623,0.0698582882605921,2.30726993857159,1,1,1.10731691079196,1,1
624,0.151846770725744,2.44630751714609,2,0,-1.78063516348153,0,0
625,1.39418845267231,4.03767858008456,2,1,-1.16589253656901,1,0
626,0.725685002075301,2.09027237005603,0,0,-0.484781928262475,0,0
627,0.835662229472601,0.910318472112219,0,0,-0.20200119764779,0,0
628,0.044924216629795,5.60777413791647,2,0,-0.506951654234147,0,0
629,0.636208267468545,1.52903870986569,1,1,-0.698281474303134,1,0
630,0.363892289804419,0.451026130467653,0,0,0.956876935431278,0,1
631,0.214968862839871,0.652115712167922,1,1,-0.874315416926389,1,0
632,0.269743092875514,0.880051782492957,2,1,-0.0306619542490015,1,0
633,0.0715300865057442,0.605483986679042,2,1,1.11059626893115,1,1
634,1.33242318919435,6,0,0,-0.821093821595439,0,0
635,0.798834073828009,2.51318106083137,2,0,1.21640215622568,0,1
636,0.254356490689095,0.706181162404843,2,0,0.735308565976976,0,1
637,0.222976341740125,2.02237637403111,0,0,0.499850882605076,0,1
638,0.530124170084794,2.7620705072491,2,0,-0.305235757787037,0,0
639,0.25468810787958,2.6812259348691,2,0,-0.438761398573601,0,0
640,0.309573636493749,0.514646076507333,2,1,-0.00909249443001774,1,0
641,1.02659646141399,3.8953317143023,0,0,0.874499753304161,0,1
642,0.265648231013781,0.841614442825099,2,0,-0.427602561684455,0,0
643,1.04630613349145,1.1600544519547,2,1,0.101504810101406,1,1
644,0.242700963798496,2.05941516285141,0,0,1.02185423841396,0,1
645,0.00422510431067085,3.13029447121721,1,1,1.14081801461411,1,1
646,0.518645839248266,0.821462371458191,1,0,-0.0712462802300963,0,0
647,1.19518641952389,6,0,0,-0.908912725739271,0,0
648,0.48349983834972,1.11600652945216,1,0,1.96479639864203,0,1
649,0.347183833922071,0.497138897849269,1,1,-2.48055335492256,1,0
650,0.820323452306801,1.64981186798116,2,0,0.276433866648302,0,1
651,0.186723657920943,0.795147731697605,1,0,0.139423799318852,0,1
652,0.742942617378301,0.777465170476216,1,0,0.718250523996046,0,1
653,0.186419506143365,0.981797117114666,2,1,1.52304749113354,1,1
654,0.436353456332452,0.932323988318087,1,1,1.31927655873165,1,1
655,0.57849641992814,1.65093556605617,1,1,-0.78460473997683,1,0
656,0.049234317516676,0.244869552435742,1,0,-0.321732092339484,0,0
657,0.390834180224273,1.02487281447291,2,0,1.7622185933492,0,1
658,0.434395862926398,1.65356933255628,1,0,-0.413058583704809,0,0
659,0.934655617946155,1.48395167468356,1,0,1.33255176610006,0,1
660,0.57350281212065,1.91321771765214,1,0,-1.0209751151176,0,0
661,0.0146634752551715,3.13055905426188,1,0,0.302047978630279,0,1
662,0.588492353239821,0.970905114131853,1,1,-0.215520516852313,1,0
663,0.372391641139984,1.40742380421567,2,0,0.462578656077886,0,1
664,0.290237791422341,0.857554133981466,0,1,-0.519165247980101,1,0
665,0.265954720731253,0.694063293756372,1,1,0.295777858047425,1,1
666,0.0123071836100684,0.602260988950053,2,0,0.226291651956414,0,1
667,0.345000889269972,2.11832396239952,1,0,-1.28024404245209,0,0
668,0.56297332358857,1.46451301305269,2,0,2.38660333205018,0,1
669,0.246944701019269,1.08687784457672,2,0,1.07651464962248,0,1
670,0.421299586693446,0.617380724057794,1,0,-1.74425112987712,0,0
671,0.0917983764745514,0.696902622942464,1,1,0.112260786094985,1,1
672,0.474065949415995,1.25218935094457,0,1,0.322147090102966,1,1
673,0.642872533967925,1.71554630772416,1,0,-0.825608248216721,0,0
674,0.123704428163668,0.653012838580577,1,0,-1.18676178490933,0,0
675,0.252740189122657,6,0,0,-0.305591641950688,0,0
676,1.06878965053593,1.62157612953462,1,0,-1.1689280788797,0,0
677,0.0922952074971464,2.27968454360962,0,0,-1.12484003086865,0,0
678,0.00332809581271894,2.26141915793879,1,1,2.55068035888503,1,1
679,0.0515708016696267,0.743259045853907,2,0,-1.1268261440395,0,0
680,1.03680043166182,2.0080287624061,1,0,-1.53064138594679,0,0
681,0.110754557471308,3.85159836010265,1,0,-0.14626276592373,0,0
682,0.313274053235849,0.981223199405257,1,0,1.12498206959999,0,1
683,0.935971287756841,1.54111111942637,1,0,-1.10847604836227,0,0
684,0.000793214050256198,0.29248830248331,1,0,-0.186719540461515,0,0
685,0.417228715183834,1.31246586950606,2,0,0.168924200477652,0,1
686,0.268302524669303,0.710682657802659,1,1,-0.0641884133774673,1,0
687,0.0745629922797283,0.510549958311314,1,0,-0.355394413318704,0,0
688,0.615949362205962,1.92711495932705,2,1,-0.596225959071119,1,0
689,1.34220447800525,3.25307680654481,1,1,0.291287812076151,1,1
690,0.0304956858356794,0.210462109293179,1,1,-0.286208094373792,1,0
691,0.998657334342281,1.3766819487883,1,0,0.052704409532237,0,1
692,0.831876782032861,1.33399284875675,1,0,0.463729554634733,0,1
693,0.00233790721799033,0.0254595198181871,1,0,-0.272586277325788,0,0
694,0.0194245928691493,1.16564143436752,2,0,2.86655314979936,0,1
695,0.0437022357369872,3.02168615513816,1,1,0.743678046289951,1,1
696,0.130191268399358,2.21537549359103,0,1,-1.87688723155132,1,0
697,0.515480550626914,1.93121058866382,0,0,-0.251292102943757,0,0
698,0.426516765211191,1.23319438663587,2,0,0.422749478243102,0,1
699,3.5002861182065,4.95959285051776,2,0,0.507636435498502,0,1
700,0.327209470172723,1.64449318178734,2,0,-0.0361977208499292,0,0
701,1.35656891696454,2.40431789299731,2,0,-0.255925792692497,0,0
702,1.56113811862736,2.81610611669952,1,1,0.014302834569235,1,1
703,0.024494504969981,0.650510465118572,2,0,0.175903649820735,0,1
704,0.131979330132405,1.59871439352786,2,0,0.947654719640123,0,1
705,1.1484407718126,2.4912980084058,2,0,-0.624667647173733,0,0
706,0.0099006165853805,2.11459505371749,0,0,-0.951168960967932,0,0
707,1.03518126426557,1.43009232064556,1,1,-1.20646983192045,1,0
708,1.73892398045066,3.98261958077997,2,1,0.0392410975576027,1,1
709,0.557711103206707,3.01746589399168,2,0,0.235652207915738,0,1
710,0.163858286105096,2.72225823186202,1,0,1.43254936000998,0,1
711,0.0294423336163163,0.428647476475208,2,1,1.10596870855009,1,1
712,0.543832077334325,0.637211350694306,1,1,-1.81586330415587,1,0
713,0.193117974557125,0.80733516479304,1,0,-0.0803329471878599,0,0
714,0.828068092021435,3.02445649169385,0,0,0.0402557876838234,0,1
715,0.332286728778325,0.766537117271271,1,1,-0.888296186912305,1,0
716,0.893442361337536,1.48784172909048,1,0,0.576223969446808,0,1
717,0.0874937438800576,0.708031732776225,2,0,0.0112773824732495,0,1
718,0.365579115330345,3.82609894258673,2,1,0.219343231110036,1,1
719,2.76125194490854,5.74982650366886,2,0,0.983333994890789,0,1
720,0.515103156988819,0.744780042963381,2,1,0.143074082942372,1,1
721,0.292059688621925,0.934472218354708,1,0,0.270301975820743,0,1
722,0.275739855094548,1.63614470428883,2,1,-1.76711422182379,1,0
723,0.796979621213026,1.07964306079395,2,1,-0.914767757786342,1,0
724,0.624789152986852,1.20233122624801,1,1,-0.349661627664233,1,0
725,0.528933921207984,1.26868028109375,2,0,1.82049346392991,0,1
726,0.333533647159735,0.737438417204649,2,1,2.28301519620815,1,1
727,1.56768172260669,3.62506585954738,2,0,0.860556245590126,0,1
728,1.21980920015409,1.3048728213956,0,0,0.788341818765286,0,1
729,0.8105777224266,1.61420757185928,2,1,0.0861992644320979,1,1
730,1.40709045752355,5.81929854399769,0,0,-0.0818532070299631,0,0
731,0.255455836239788,0.502203258345025,2,0,1.16084096758592,0,1
732,0.302849649451673,3.92852478765195,2,0,-0.247517944375469,0,0
733,0.574143243850105,2.87898364288214,2,0,0.200267864037849,0,1
734,0.898729059798532,0.911752319581363,1,0,0.172775115642485,0,1
735,0.163216855273479,0.565332094979039,0,0,-0.0727578366336469,0,0
736,0.663399786895348,3.96857569828797,2,0,-0.0767407552170455,0,0
737,0.0980394312904941,3.62978780549204,1,0,0.0455065283235853,0,1
738,0.666691273864773,1.21457473064462,0,1,-0.065668735182307,1,0
739,0.0446013997619351,3.85146857058006,2,0,-0.381187792251692,0,0
740,0.123388533894387,1.61315934303299,1,1,-0.894505066835772,1,0
741,0.17382377040644,0.594816988003602,2,0,0.474986166548495,0,1
742,0.339117558259103,1.79755877937582,1,0,0.411242245634628,0,1
743,0.143270960284604,0.47252823288242,0,0,0.67344807751551,0,1
744,0.575799970991082,1.06259312847084,1,0,-1.38065062862509,0,0
745,0.316359017195369,1.15404678270047,1,1,-0.474246345921946,1,0
746,0.112251279254754,1.55053596783533,1,0,-0.673262894918069,0,0
747,0.301990492130932,0.492636670048038,0,0,-0.907883054884872,0,0
748,0.39400080167171,0.52244906279034,1,1,-1.59801119226988,1,0
749,1.8360089240697,3.35595144875444,1,1,0.174596432208073,1,1
750,0.291134869105827,0.969184637885323,2,0,0.247321492317214,0,1
751,0.310634951003724,0.327239588867403,0,0,0.805420856511159,0,1
752,0.328501409125886,0.968885081793552,1,0,-1.31738155288261,0,0
753,0.440956291018261,3.97418194760879,0,1,-0.643578562203156,1,0
754,0.406830504329668,0.431612413990722,1,0,-0.428749512387695,0,0
755,0.172354361145861,0.357993760944459,1,0,-0.322819264161414,0,0
756,0.118614739427964,1.15127014908503,2,1,0.18750237684362,1,1
757,0.0776753324605875,0.377025052100244,2,0,1.24621574316377,0,1
758,0.263455443030386,0.531316411095252,1,1,0.0351508667174494,1,1
759,1.11377060719134,3.48682932749544,2,0,-0.149874054547101,0,0
760,1.62514673271372,2.1103602521188,2,0,-0.137568836847092,0,0
761,0.63957857951108,1.14653784987634,1,1,-0.381436726377936,1,0
762,0.520859410882824,0.828854494417707,0,1,-2.31013733850947,1,0
763,0.334672474095391,0.68383489739254,1,1,1.08487182323885,1,1
764,0.100764519431525,1.51185102553735,2,1,-0.0339600234018183,1,0
765,0.474042104453676,1.97423517659987,2,1,0.18247203608324,1,1
766,0.22825874043724,6,0,0,-0.461155807779769,0,0
767,0.716268725486265,0.976942372840368,1,1,1.06097445874318,1,1
768,0.0420936264304651,0.323448728117744,1,1,-0.522595717993813,1,0
769,1.16414430029162,1.50131565482742,1,0,-0.809042128236542,0,0
770,0.149502152185269,0.49989779148963,1,0,-0.162934968435114,0,0
771,0.583943469553358,1.38105617089446,1,0,0.599272074434584,0,1
772,0.301782887222038,0.372667403314209,1,0,-0.0928122329690715,0,0
773,0.476750017971628,0.934612701107064,1,1,-0.134429835245627,1,0
774,0.256366055562264,0.433770206565667,1,0,0.384339586303584,0,1
775,0.0184619224940737,1.14059206633737,1,1,-0.860114111033433,1,0
776,0.385883674542937,0.941468289675189,1,1,-0.156067306172854,1,0
777,0.530320685356855,1.78493219717831,2,1,0.193992533429451,1,1
778,0.447435846759213,0.490126190759097,1,0,-1.48503314403894,0,0
779,0.11226889899031,2.64525242564019,2,0,0.0673068241809947,0,1
780,0.0955198425799608,0.530067454316215,2,0,-0.387473810764735,0,0
781,0.62024163082242,3.23411283837822,2,0,-0.131498841584619,0,0
782,0.891009453589769,0.97407385681395,2,0,0.723814154269534,0,1
783,0.524927610531449,1.00108447405143,1,0,-0.989702665397108,0,0
784,2.22425046746806,2.60000698047632,2,0,0.135009312034586,0,1
785,0.511180511158374,3.41129292926137,2,0,0.260361866217846,0,1
786,1.24823335760469,1.58729297724195,1,1,-0.0306389792471372,1,0
787,0.488516275153375,3.79477476532622,2,1,-1.30515504322323,1,0
788,0.383562711036801,0.391207009378803,0,0,0.447054690877429,0,1
789,0.514921056003206,0.85892905678571,1,1,-0.929200989684871,1,0
790,0.224045483498938,0.265988825601226,2,0,-0.881742079986739,0,0
791,0.366464593033824,2.08832424584528,2,1,0.171691823466938,1,1
792,0.132548964620996,1.52702084818773,1,0,-0.0140255128196792,0,0
793,0.326691151907047,1.87110430480114,2,0,-0.385090154062286,0,0
794,0.183554865416986,1.12623840745441,1,1,-1.11434892073163,1,0
795,1.67023336919416,3.12370305130515,1,0,-0.340149025822021,0,0
796,0.144550728922089,0.615236543507102,1,1,1.2731013809148,1,1
797,0.361298539468812,1.15330521099167,1,1,0.383957277579708,1,1
798,0.123557055162059,0.154350140732683,2,0,2.51306093809435,0,1
799,0.723119645069043,1.13592967833434,1,0,-3.05686251743457,0,0
800,0.244888401803677,3.14630859622116,1,0,-0.204344815457013,0,0
801,0.0923048366431953,1.8444420252877,1,0,-0.876893782951118,0,0
802,0.485119658729268,2.00588334450339,2,0,-0.233654953215431,0,0
803,0.00735871286855804,0.392232028411515,1,1,0.65196470387361,1,1
804,0.584644432593551,0.908010315407968,1,0,-1.60275022181632,0,0
805,0.250414364188514,0.446915064754512,1,0,-0.300411914437306,0,0
806,0.435475741202633,1.6793776757646,2,0,0.906831431824464,0,1
807,0.0872346212377381,1.23190117271101,2,0,0.658014445728605,0,1
808,0.118717563047,0.882175473101428,1,0,-2.06355881457084,0,0
809,0.0103827167791198,2.30408345627302,1,0,1.02958988804266,0,1
810,0.855711811278939,2.14862902120834,2,1,-1.05637744204322,1,0
811,0.375735525869661,3.06248695475316,1,0,-0.465754443690769,0,0
812,0.0233371276408434,0.840774300762849,1,0,-2.02522717574719,0,0
813,0.0931538056789173,0.316964936437503,2,0,-2.27503006432968,0,0
814,0.385959200147125,1.3158655537441,1,1,-0.844536761103364,1,0
815,0.195418681068974,0.336665524203571,1,0,-0.118351098783859,0,0
816,0.154090041249513,1.29834524163912,2,0,-0.0569315039237309,0,0
817,0.384447015821934,0.825116805111369,0,0,0.58506373991844,0,1
818,0.221587166762638,1.19503151989874,2,1,-1.2768803633594,1,0
819,0.172883562846924,0.241064435491959,0,1,1.28283460404457,1,1
820,0.0731152782423629,2.19161573849998,2,0,0.976036474262731,0,1
821,0.71380663352708,2.3460049649531,2,0,-0.956065553934061,0,0
822,0.0847354432981875,1.42621278281339,2,1,0.391405428581177,1,1
823,0.429537407019072,0.554679355277847,1,1,0.0978577602972548,1,1
824,0.66069425859799,1.73558870039359,2,1,-0.490212381088312,1,0
825,0.0135870733194881,1.11314305172819,1,1,0.113269161320109,1,1
826,0.6580116527362,1.77598907932991,2,1,-0.19824295742696,1,0
827,0.644864117623203,1.31349056648711,0,0,-0.0651128727761044,0,0
828,0.517936437908146,2.15599066066236,2,1,1.22263169185507,1,1
829,0.621873248471982,0.888874390880222,0,0,-0.628192644217445,0,0
830,0.652491974954804,3.60035233732856,2,0,0.4471271405395,0,1
831,0.0198556498313944,0.886844330023043,1,1,-0.570869654108769,1,0
832,0.0733631321539482,2.08466239404128,1,0,-0.337450154893953,0,0
833,0.215336855811377,0.217890465058907,1,1,-0.513163633767248,1,0
834,0.0507888399685423,0.809332598689766,1,1,1.0934842393759,1,1
835,0.603172449309769,0.766480432523961,1,1,-0.673701389682542,1,0
836,0.0415046093985438,0.494817485556438,1,1,0.1087560022828,1,1
837,0.458175270404253,3.28355286466619,1,1,-1.88617533581586,1,0
838,0.399625152952111,0.527823023750918,1,0,0.42292495840311,0,1
839,0.157279477765163,2.54880219337451,2,1,0.00191862207544321,1,1
840,0.437296936657507,0.710239466904494,2,0,0.839916989516217,0,1
841,1.09958444820809,2.96129341553749,2,0,0.686997650358952,0,1
842,0.5129540235632,0.761835739190144,2,1,0.442577203326246,1,1
843,0.501545393942959,2.38905054622103,2,0,0.297253415520442,0,1
844,0.332711072535151,0.864306864583555,2,0,-1.09623892679944,0,0
845,0.663103845694827,1.03787813820066,2,1,-0.6369331801259,1,0
846,0.150391635898915,3.02633554183271,1,1,1.05399165280521,1,1
847,1.09069655748177,1.43214501985501,2,0,1.17728923376058,0,1
848,0.0514393501604597,0.485365654485615,1,1,-1.15930904389697,1,0
849,1.52866903687816,1.96754048190092,1,0,-1.51601437879994,0,0
850,2.42668571058292,2.77514735703828,1,0,-0.375474143879241,0,0
851,0.537955155579739,0.817487909456716,1,0,-0.941127482336974,0,0
852,1.03459194608332,6,0,0,-2.18805130791582,0,0
853,1.45396380266681,1.56407930994581,1,1,-0.417874711255446,1,0
854,0.741311214450333,1.06407044333925,1,0,-0.555467269237395,0,0
855,0.126140207155711,0.264848361137491,2,1,-0.0827979807335746,1,0
856,0.403434036092626,0.647826414723508,1,0,-0.77023980101279,0,0
857,0.308058324476911,1.59491552257143,0,1,-0.561120358177472,1,0
858,0.137814469118085,0.428241030716442,1,0,0.942284069110903,0,1
859,1.43640655502149,1.72148296876928,2,1,0.295199708029516,1,1
860,0.654213157378965,2.87369807495027,2,1,0.63626039291613,1,1
861,0.0946706010407443,1.42325711837776,1,0,0.911952934865505,0,1
862,0.306000031137555,0.82647971793181,1,0,0.796508409800415,0,1
863,0.0031553218018515,1.18231835191236,1,1,-1.45604762718976,1,0
864,0.362147237174213,1.362689282651,1,1,1.19425435010099,1,1
865,1.53005280630755,1.53172351073954,2,0,-1.66920134373913,0,0
866,0.0123538749499453,0.362160676713226,1,1,0.299025914785792,1,1
867,0.690056133704881,0.96681972509695,1,1,0.150274793690178,1,1
868,0.237118961393005,0.906311404255341,1,0,0.190244984134228,0,1
869,0.0483656441792846,0.584481511378169,1,0,-0.0250540275043522,0,0
870,0.585039866984718,5.29939496861704,0,0,0.61583867227808,0,1
871,0.665338011975918,2.6096139779466,2,0,1.34396666021811,0,1
872,2.03137505997157,2.04986524443578,1,0,-1.48524016700676,0,0
873,1.23077113901047,1.4532580501629,2,0,0.180187737996743,0,1
874,0.671816383902397,1.36628776196526,2,0,-0.00211245412351382,0,0
875,1.34512813446722,3.05892713061754,0,0,-1.28643615488949,0,0
876,0.863726487750491,1.49886137770523,1,0,1.50609611834412,0,1
877,0.289557097745216,0.723437837485544,1,1,-0.824288213925872,1,0
878,0.316006186314755,1.52375585106353,1,0,0.0898157641329374,0,1
879,0.098194913007319,1.1004334302621,1,1,-0.777337107491684,1,0
880,0.445650770949821,2.86212569308467,2,0,0.462083671554682,0,1
881,0.914479621328924,1.08269818432211,2,1,0.193732895929171,1,1
882,0.196127560921013,0.721118578855103,1,0,-0.696271297555924,0,0
883,0.245052294081284,1.79517606444686,0,0,-0.193627037591872,0,0
884,0.0378788402304053,0.656957365572453,0,0,-1.48701717232451,0,0
885,0.0356647240464455,0.499387830160657,1,0,2.15663679536841,0,1
886,0.323523598102232,0.363687665036328,1,1,0.612517296774872,1,1
887,0.065288747039934,1.0190207281641,2,1,1.01273161495377,1,1
888,0.272832929363681,1.16804876084782,1,0,-0.865055750718855,0,0
889,0.827127490142359,1.13684468856302,2,0,-0.369888321564716,0,0
890,0.0153417792569206,0.0810767538703649,2,1,1.20644702591519,1,1
891,0.269208307791915,1.06127843824935,1,0,-0.862706548527885,0,0
892,0.0580410003441021,1.13668418135611,2,0,1.06760874357827,0,1
893,0.401036258683436,3.09273810746769,0,0,-0.0307045411345613,0,0
894,0.545928087804128,1.83926480366138,1,0,-0.0300059538781799,0,0
895,0.171904036839568,0.733657018077583,2,1,-0.573069981435079,1,0
896,0.155092128289005,1.2688850282511,1,1,-0.0637522501351251,1,0
897,0.409854535634319,0.774196592779857,1,1,-0.294474457039507,1,0
898,0.610954879472653,2.16434848184387,0,0,-2.03982426638926,0,0
899,0.787420044712846,2.84481589622748,2,1,-1.59278995736339,1,0
900,0.442260011202759,0.531799452306537,0,1,-0.0226086545500207,1,0
901,0.705646130049394,2.00873717432154,2,0,0.59242519823424,0,1
902,0.674636032846239,0.965785845505103,2,0,0.64727408791778,0,1
903,0.280339018219425,0.815143048810601,1,0,0.814338346188416,0,1
904,0.467279420958625,4.39627886863657,2,1,0.109134743202192,1,1
905,0.566822135200103,2.42989547351198,1,0,-0.90798242841208,0,0
906,0.362453337551819,2.51886666848196,0,1,-1.25199295893612,1,0
907,0.77531245325474,1.7709900930652,2,0,1.11171205499872,0,1
908,0.000287779710359044,0.130683606603631,2,0,0.97236376542065,0,1
909,0.364659585886531,1.48997422618171,0,1,-0.0600057266807637,1,0
910,0.902182759567072,1.41190321020991,1,1,-0.616066963141202,1,0
911,0.685193214772476,1.62084384440824,1,1,0.210684081373673,1,1
912,0.0357110034269683,0.458825963238875,0,1,0.0810016698085836,1,1
913,0.097584899091479,0.583493684564685,2,0,2.21947589024793,0,1
914,0.899511155432245,1.96144746781117,2,0,0.878108123189169,0,1
915,0.292781703174114,1.53001240144173,0,0,0.642525647307362,0,1
916,1.43924682086012,2.29375841818991,1,0,-0.0857958574214687,0,0
917,2.34600742850937,6,0,0,-0.396036592705392,0,0
918,0.434807800805495,0.748230334903109,2,0,0.0639655052934885,0,1
919,0.260304529737267,0.295641722183268,0,1,0.00553947217146059,1,1
920,0.169499914368822,0.675059820835789,0,0,1.01632309086336,0,1
921,1.07960239462026,1.89441016806104,1,0,-1.23710491357812,0,0
922,0.980681231612643,1.07039806479454,1,0,-0.794751321740414,0,0
923,0.064331464971615,0.400463450252792,2,1,0.152986133960064,1,1
924,0.114438733499911,0.679294058900312,1,0,-1.53640329716847,0,0
925,0.070114298127455,0.157261476192103,2,0,0.434386481393269,0,1
926,0.837319953561964,1.88384536890881,1,0,-0.490251158855942,0,0
927,0.281411555285255,3.77959008974709,2,0,0.190119320528677,0,1
928,0.131634173189578,0.289906696422224,1,1,-0.779450514223582,1,0
929,0.433993747768303,5.99795433354187,0,0,0.270663373385045,0,1
930,0.174869863937298,0.187861454796114,1,0,-0.54822603443922,0,0
931,0.000231108380480682,0.817991536587423,2,1,0.169499930175682,1,1
932,0.29129871322463,0.544847790861168,2,0,-0.357803079713526,0,0
933,0.903524514241033,1.43266260196655,1,0,0.680113215234409,0,1
934,0.477924152990853,1.47907014367512,2,1,0.114315266862289,1,1
935,1.8902136625926,3.2169461902231,0,0,0.295813996257842,0,1
936,0.4765251547926,0.993565460312707,2,0,0.855771238393077,0,1
937,1.10048226283128,1.13967266244193,0,1,-1.27938742724004,1,0
938,0.252479925855166,0.538949854671955,0,1,0.0253350358891328,1,1
939,0.692946468479931,3.10054530884288,1,0,0.0439573677704889,0,1
940,0.158683889959421,0.609444712516391,2,1,0.635569784344803,1,1
941,0.171977725643424,0.254557527284169,1,0,-1.86808900238128,0,0
942,1.12176742813953,3.33377157902864,2,0,-0.767101963733204,0,0
943,0.691992514249351,1.48664070916649,1,0,-0.682918615796035,0,0
944,0.0886849572675009,0.490639290148866,2,0,0.89365330617531,0,1
945,0.145076322183759,1.05279222812549,2,0,0.650460031288399,0,1
946,0.186028036599358,0.655149272382803,1,1,0.28834067575492,1,1
947,1.37209976831502,5.46360721941562,2,0,-0.00562027150991974,0,0
948,0.501770558767021,1.54189524169293,1,1,0.746852136452131,1,1
949,0.582418642006814,1.24762575985977,1,1,0.762500256633261,1,1
950,0.020788944256763,2.71598739733796,1,0,1.17883182572654,0,1
951,0.661702417354617,0.684665860924458,1,1,0.289080675235049,1,1
952,0.233696943498505,3.54313219276567,0,1,-0.177857734033336,1,0
953,1.18603430648644,2.85413948959796,2,0,0.562368929292463,0,1
954,0.335862799547613,0.825955342548355,2,0,-0.527838334635118,0,0
955,0.33088112819112,0.930597776163794,2,0,0.346059708639416,0,1
956,0.632889772661858,1.28487593153594,2,0,1.06409135594336,0,1
957,0.539309339494341,1.35875203523071,2,1,-0.229919933341597,1,0
958,0.32612818138053,0.598613397649409,1,0,-1.00329780042034,0,0
959,0.0114593083385549,0.857401993315164,2,1,-0.223977832184537,1,0
960,0.955111805509872,1.55840812137775,2,1,0.614354230631528,1,1
961,0.134919124273987,1.96185900829732,0,0,-0.804558156803131,0,0
962,0.0650367528821031,0.672682688946449,1,0,0.423751417633763,0,1
963,0.0444574172264251,1.96792046234787,2,1,-0.453271962908341,1,0
964,0.429771222795049,0.754095409065485,0,1,-0.84324637085386,1,0
965,0.302658924419019,2.17455852345138,1,1,-0.289048916019335,1,0
966,0.639624001665248,0.711981001656877,1,1,0.549121498029083,1,1
967,0.137616393880712,1.03880353338441,2,1,1.20084147148901,1,1
968,0.308488526691993,0.340979164910311,0,0,-0.531054547304792,0,0
969,0.112357928779584,0.385021849845847,0,0,-1.27760293436857,0,0
970,0.0630514310586203,1.02828652602399,2,0,-0.0994511044236304,0,0
971,0.684890541661945,2.05787170444459,2,1,0.232486693083217,1,1
972,0.0358250954498847,5.94642086022961,2,1,-0.0970706367324855,1,0
973,0.229225247981658,1.77554343037843,1,1,-0.0378449137998993,1,0
974,0.124030819706694,0.152513783248986,2,0,0.605400581010649,0,1
975,0.408422305941894,0.449144698532396,1,1,0.494497733111673,1,1
976,0.0603231570372979,0.370562263068805,0,1,1.18105012212912,1,1
977,1.45995147211156,3.41498439481251,1,0,0.858510865060653,0,1
978,0.73798262514174,1.48184830722477,1,1,-1.63694215130484,1,0
979,0.111528722465866,0.504682627911227,2,1,1.36746429061128,1,1
980,2.39895397783224,3.71083508837861,2,0,0.33023646289878,0,1
981,0.219407202190919,2.09895651787519,0,0,-0.906440495214149,0,0
982,0.0401411888500055,1.31825675712995,2,0,1.62927022453924,0,1
983,0.21891947887424,0.552779904844749,1,1,-0.0829304750379654,1,0
984,0.279212807667156,1.33272699459921,1,0,-0.487135463595426,0,0
985,0.560820084065199,0.875726791914417,1,0,1.10773491142902,0,1
986,0.586911976958315,0.597383491403269,1,0,-0.391175883050281,0,0
987,0.297521143165132,0.656606136361515,0,1,1.07428217307159,1,1
988,0.179731769280301,0.20024413995526,1,1,-0.845476604456433,1,0
989,1.42323941642389,1.6831447995966,1,1,-2.33632377381875,1,0
990,0.218299238735603,0.922655112367175,1,1,-0.559582426733227,1,0
991,0.335385813895199,0.80371513341864,0,1,-0.219470683256041,1,0
992,0.152448358560393,2.01713059772008,2,1,1.06048798437958,1,1
993,0.25703054594083,0.460596189034313,1,1,-0.362602510750643,1,0
994,0.111038565842642,0.170560761444281,1,0,-1.18264725514434,0,0
995,0.365116031219562,0.422354521958667,1,0,-0.944308026423479,0,0
996,0.164309808363517,0.394765038806136,1,1,0.900442951934082,1,1
997,1.84914697159267,3.65846171019591,2,0,-0.392699642981574,0,0
998,0.447201642375175,0.447772677857088,2,1,0.71277586352322,1,1
999,0.0141246691700192,0.662407859227848,1,1,-0.762119086485881,1,0
1000,0.0101263484814101,1.77774449423199,2,0,-0.341721037909365,0,0
1001,0.328529411926866,1.44908699550882,2,1,1.31491079419649,1,1
1002,0.226203185092244,0.902896194363978,1,0,-1.0322139234771,0,0
1003,0.738108961118592,1.00436337691164,0,0,0.145336569056249,0,1
1004,0.255089416686032,0.418327506677345,2,0,2.01514305738017,0,1
1005,0.1824017179509,1.04002116626923,1,0,-1.04959918763838,0,0
1006,0.711459623546236,1.38627418449922,1,0,0.747270105889128,0,1
1007,1.02044638448591,2.16115559294327,2,0,-0.302790750439203,0,0
1008,0.598425965549217,1.46253042785423,1,0,-0.888937697741904,0,0
1009,0.258258871941103,3.9337868256365,1,1,-0.162285505622584,1,0
1010,0.747375023137364,1.86278390422084,2,0,0.700934272811142,0,1
1011,1.8293447614243,2.64219004014578,2,0,-0.972707273551875,0,0
1012,0.259753315301112,1.06290929629415,1,1,0.46900944861645,1,1
1013,0.203147701815599,0.258263502042057,1,0,-0.862663595863416,0,0
1014,0.892593120556779,4.38068998029715,2,0,0.345614037272059,0,1
1015,0.85968831764669,1.01479715667665,0,0,0.249591759704235,0,1
1016,0.342391925997953,1.95934616960585,0,0,-0.852248078441251,0,0
1017,0.476313965498573,0.605330306860762,2,0,0.338705842724805,0,1
1018,0.107148410235014,1.43458816444324,2,0,-0.245102066115289,0,0
1019,0.39542968540142,1.32355561885165,2,0,0.0355013608683966,0,1
1020,1.40715399131478,4.43471540536296,2,1,-0.298693291767618,1,0
1021,0.00233649168429286,0.573681592582481,1,1,0.561526706461603,1,1
1022,0.811761022602201,1.17355750563244,0,0,-1.45601583695219,0,0
1023,0.0727458111941814,0.394652122314778,2,0,0.103463527919152,0,1
1024,0.213853874140316,0.829498392855985,2,0,1.81088157849799,0,1
1025,0.292341904197302,0.960713839274646,2,1,-0.202221097166346,1,0
1026,2.71984198207164,3.5835145910581,0,0,-0.751644929657611,0,0
1027,0.721245063468814,2.08462419609229,0,0,0.208104264204592,0,1
1028,1.1389105797589,1.14007582864603,2,0,0.599951410371755,0,1
1029,1.85131099272704,1.91501703994003,1,0,0.581960061079742,0,1
1030,0.604715136707657,0.772488242316969,0,1,-0.0527918224395892,1,0
1031,1.19251246248982,2.44119091263333,2,0,0.469242647266294,0,1
1032,0.0526819497168214,0.315806969632295,1,0,-1.33665856374329,0,0
1033,0.245190650345951,0.378572877345617,1,0,-0.0340350212120007,0,0
1034,1.24570121673546,2.45134005272599,2,0,-0.653664352932593,0,0
1035,1.37459272100165,3.39054404685311,1,1,2.3075569338996,1,1
1036,0.904181030687634,2.38507399049608,2,0,0.996895937234277,0,1
1037,0.143648355136906,1.37606751340263,1,1,2.46362390704339,1,1
1038,0.0169968248034517,0.395847102318449,1,1,-1.8375893542045,1,0
1039,0.284677141616758,1.54665398902122,1,1,-0.400346995990355,1,0
1040,0.050249050060908,2.09839251477979,2,1,-0.410051160364962,1,0
1041,0.0744800541986219,0.313243408003675,2,0,0.08951899354259,0,1
1042,0.140913976368288,0.407317823132543,0,1,0.694294953302786,1,1
1043,0.975160693910069,2.42801974769771,1,0,-1.03794033303933,0,0
1044,0.984117035376087,1.08726302362096,1,0,0.156973991933881,0,1
1045,0.450742457372447,2.51789584150369,2,1,-0.022946272071597,1,0
1046,0.521031310781837,0.531997567599417,2,1,0.925166893031958,1,1
1047,0.25739798755067,0.462771274322832,1,0,0.592208187311991,0,1
1048,0.223252977182389,0.586559392524682,1,1,0.985548374072863,1,1
1049,0.076879298624893,2.52970826452,2,1,0.348283020678075,1,1
1050,1.25166194301812,2.46053121226491,1,0,-1.16824115308366,0,0
1051,1.62399702275994,1.71209842897952,0,1,-0.317754231788576,1,0
1052,0.57858957702087,0.984338670226296,1,1,0.567786216038934,1,1
1053,0.111804569347037,0.479147410603216,1,1,1.28445698998794,1,1
1054,0.197803102035683,0.338603418227402,2,0,1.17935226778976,0,1
1055,0.66261106222454,0.997235458168954,1,1,-0.976050845702171,1,0
1056,0.946025293687662,2.86889404368897,0,0,-0.513031632887942,0,0
1057,0.352404187950823,0.363754941075429,0,0,1.11003893719816,0,1
1058,0.0661178066332329,4.79653232165076,2,0,-0.738137931291423,0,0
1059,0.169689076631113,0.783942523404791,1,0,-0.51673345691525,0,0
1060,1.03798571245009,1.07793717610104,1,0,-0.371308064436141,0,0
1061,0.141761881770347,1.50036980397999,0,0,1.47624883524366,0,1
1062,0.676700614599718,0.986940660370408,0,0,0.584308033535384,0,1
1063,0.295619159005582,3.32818230183013,1,1,-0.569166575164617,1,0
1064,0.254980115589644,3.54937355638812,1,1,-0.553123382395858,1,0
1065,0.411560108057327,0.50615768145012,2,0,0.583378739207177,0,1
1066,0.149019895535376,1.03764039573501,1,1,-1.17065742081872,1,0
1067,0.123531387394501,0.729359768262366,2,0,-0.147636542589521,0,0
1068,1.51999654761091,2.83248491047633,1,1,0.099353012301416,1,1
1069,0.42820761187209,0.851194063362532,2,1,0.430218041439121,1,1
1070,0.0277430517509004,1.00605551185777,1,1,-0.395560428929657,1,0
1071,0.0642418318117658,0.972995730116963,0,0,0.876705890872666,0,1
1072,0.222522269210054,0.239125543739834,0,0,-0.23726975410089,0,0
1073,0.891041023900348,1.58175737907489,0,0,-1.34117771988434,0,0
1074,0.112110719106759,1.25783259976296,1,1,-0.901880558606313,1,0
1075,0.0407892881276354,0.414184875948196,2,1,2.2619343493101,1,1
1076,0.0991079542371962,0.164765042847693,2,1,-0.394395915759431,1,0
1077,0.282676736306813,1.05819706219031,2,1,0.511559055197,1,1
1078,0.123779915997552,0.998283705363671,0,0,0.36849433001526,0,1
1079,1.36996132213508,2.32079039575611,1,0,-0.758385004395289,0,0
1080,1.10897681567703,3.28713644276214,2,0,0.945411143070863,0,1
1081,0.235238022518573,1.20986168082417,1,1,0.294645755748455,1,1
1082,0.360871288511488,1.39906115209063,0,0,-0.439745547883493,0,0
1083,0.00522203898678223,3.61479085334608,1,1,-0.6790594775492,1,0
1084,0.327961768748032,0.750083788353301,2,1,1.25360927034034,1,1
1085,0.072619337305102,1.43451980169609,1,1,-0.966782572762885,1,0
1086,0.0383560911404651,0.109446432778965,1,1,0.083235332885715,1,1
1087,0.431177755817771,1.9806264531818,2,0,0.458508837799596,0,1
1088,0.586317899223003,1.09605535753434,1,1,1.83046423531812,1,1
1089,0.352502941774825,0.358004219616686,1,0,-0.784078637829759,0,0
1090,0.240934621542692,0.762191427867106,1,0,1.08727165053253,0,1
1091,0.211240311360194,0.47230620612182,1,1,0.198489282999523,1,1
1092,0.043695010669374,0.403143876372138,1,1,-2.01099286260148,1,0
1093,0.301292072981596,0.714394240745763,2,1,-0.367713634493256,1,0
1094,1.29012136508493,1.55157536730051,1,1,0.750116890295053,1,1
1095,0.620170476742917,0.838151573913293,2,0,-0.88532087482701,0,0
1096,0.084455455135968,0.554357770980486,2,1,0.916524364860779,1,1
1097,0.0118747467382087,0.16681609571277,2,1,0.258559952506111,1,1
1098,0.274853794478384,1.58927825638016,1,1,0.450718258308979,1,1
1099,1.63443036360744,2.13158815673255,2,1,-1.15321516494228,1,0
1100,0.799610679373069,2.18713044017281,2,1,-0.185562504715638,1,0
1101,0.0800013956096437,2.35215361056645,1,0,-0.0787979779056785,0,0
1102,0.301023346394922,1.39509490508589,2,1,-0.429935537274266,1,0
1103,0.507887501476539,2.97265048100952,2,1,0.0357175859179434,1,1
1104,0.422359534228841,0.951841307541528,2,0,-0.153012686530743,0,0
1105,2.04499098359482,3.64244844498536,2,0,-0.395978575743196,0,0
1106,0.243439655963023,1.19068136630131,2,1,-0.0277972536273515,1,0
1107,0.141390738491383,0.424271607874513,1,0,-0.0146432686754329,0,0
1108,0.501357309711559,0.504189630357716,0,0,0.738491954084518,0,1
1109,0.134079722791082,0.473525466452796,2,0,1.9999025114543,0,1
1110,0.48159619482855,1.343455594033,0,0,0.383445324300483,0,1
1111,0.651505135206713,2.5711974652861,1,1,-0.872626322588956,1,0
1112,0.0384535628470698,0.615364930019388,1,1,-0.804273106858372,1,0
1113,0.566181095006565,0.992552047276657,1,1,0.369199521753223,1,1
1114,0.412778908697267,0.866698708459531,1,0,-1.68952494339517,0,0
1115,0.53041097552826,1.58073220712443,0,0,-1.37506303748488,0,0
1116,0.566296750265691,0.715283791554285,2,0,0.665128150318211,0,1
1117,0.625453672578765,0.730805991850122,1,1,-1.31696966164613,1,0
1118,0.209701022961073,1.78645420536488,2,0,0.433037845296558,0,1
1119,0.270004797623389,3.94630883903618,2,0,1.1946155833317,0,1
1120,0.261141545553174,0.478909643671363,1,0,-1.12192130080326,0,0
1121,0.481042397829394,1.13137231654387,2,0,-0.607421540611036,0,0
1122,0.0225729580163717,0.233371599736305,1,1,0.585785641752473,1,1
1123,0.0372412803505159,0.197462673096847,1,1,-0.941556964365532,1,0
1124,0.239953223822845,0.747602969834921,2,0,0.394832531025949,0,1
1125,0.248597100808334,0.323940777297394,1,1,-1.05509276984871,1,0
1126,0.0118910588531031,0.954140531194295,1,1,0.453624238954601,1,1
1127,0.136966584767732,0.678493124018761,2,1,1.77919166767628,1,1
1128,0.736153736814029,1.05529470679661,0,1,-0.0661202879043099,1,0
1129,0.46998736923651,4.17329409522932,2,0,-0.809156037091429,0,0
1130,0.359114148277247,1.42231320555741,1,1,-1.5386981159515,1,0
1131,0.486651552944548,1.14388356429815,1,1,-1.29693235002404,1,0
1132,0.107700063122643,0.556523180017095,1,0,-1.34189458531309,0,0
1133,0.515954917710688,1.79130031134317,2,0,0.932087279010516,0,1
1134,0.693103763555683,1.04766545408866,2,0,-0.00400639995718548,0,0
1135,0.844958383129385,1.1337354830188,2,1,-1.03398129871275,1,0
1136,0.455525471414957,0.8001867219735,2,1,0.866860130804699,1,1
1137,0.142980220003261,0.145264624519594,1,1,-0.501331141709756,1,0
1138,0.210698197644055,0.7433823493145,2,0,-0.234280052108387,0,0
1139,0.220283977558745,0.635867729040073,1,1,-0.90570086311657,1,0
1140,0.210910575567848,0.419180258984834,2,0,1.52225646858824,0,1
1141,0.291655655501187,1.58435390650984,2,0,1.63851947628957,0,1
1142,0.068150056480017,0.877401548037665,1,1,-0.742471147917949,1,0
1143,0.172724745489051,0.452441616651703,1,1,0.144998054299701,1,1
1144,0.481743095960054,2.64485329101384,1,1,0.0816581590634523,1,1
1145,0.351277148971955,0.459792488140464,2,0,-0.894182867603662,0,0
1146,0.477307384523253,0.779618144618331,1,0,-0.433158381599736,0,0
1147,0.389163917447658,0.715513326592668,0,1,1.2542834992364,1,1
1148,0.517938039947749,0.810781175900313,1,1,-0.17287062989849,1,0
1149,1.46838338834016,2.97579433866221,1,0,0.20721009989511,0,1
1150,0.860980276722781,0.943032355828569,1,0,-1.48520700957578,0,0
1151,0.126485295283298,2.36025833524764,0,1,-0.165699089622126,1,0
1152,0.000814988595085751,1.06692953170218,1,1,1.31754690908535,1,1
1153,0.627987482067611,1.12891407901781,2,0,1.40808459830322,0,1
1154,0.00788723222083516,0.939084660882751,0,1,-0.333848301722738,1,0
1155,0.0577313996230563,3.66385299651462,1,1,0.986105545509529,1,1
1156,0.237742382515636,4.37203199189349,2,1,-0.773037728609741,1,0
1157,0.0328966306865351,0.631485505742953,2,0,-0.113843061146206,0,0
1158,0.373813992676636,2.45461327644686,0,0,-0.331074289208269,0,0
1159,0.343790451168186,0.370393716972311,1,1,0.503449329057464,1,1
1160,1.44730875367391,2.39439283062012,2,0,0.206054231110129,0,1
1161,0.0363020660315808,1.15959692714526,1,0,-0.182759908740465,0,0
1162,0.10525426051269,1.21762875183623,1,1,0.379002999226493,1,1
1163,0.453219226458006,3.17150317906674,2,1,-0.308742985673644,1,0
1164,0.268194353078789,0.592545528290551,1,1,-0.656288942232018,1,0
1165,1.77266135777602,2.4198769298205,1,1,0.437506399114919,1,1
1166,0.2262993086277,2.00494064182108,2,0,0.474666007389406,0,1
1167,0.668199069591032,0.972362962028665,1,1,-1.3343003017052,1,0
1168,0.394985889498558,3.20023417596526,2,1,0.607028953421308,1,1
1169,0.124890543398517,0.382164741162593,1,0,0.113867176173713,0,1
1170,0.763626363542345,1.40378281117548,1,1,2.45570157034384,1,1
1171,0.0990567573656639,0.612273728248206,1,0,-0.680563725059217,0,0
1172,0.0875969577787651,0.139988247979461,1,0,0.238368686583146,0,1
1173,2.08987406756086,3.45071086580866,1,1,0.0151584760485364,1,1
1174,0.271518395594865,2.08266306485833,1,1,-0.363261828643415,1,0
1175,0.320982211269438,1.64340360158638,1,1,-0.489866301246138,1,0
1176,0.214983177021772,0.492631541223545,2,1,-0.147075796888721,1,0
1177,0.494809615319065,1.43213024001561,1,1,-0.200826983662835,1,0
1178,0.573555991250337,1.67970952796397,2,0,0.845360377897323,0,1
1179,0.101753361970672,0.147258717763204,1,1,-0.497322234153797,1,0
1180,0.281011194276075,5.89283855351276,2,0,0.646530400101479,0,1
1181,0.0738082462811511,0.331456156639409,1,0,-0.786790511092584,0,0
1182,0.176731164360212,0.647465139764463,0,0,-0.246721876061933,0,0
1183,0.709261390794483,1.30450167368699,2,0,0.657004677114342,0,1
1184,0.359991938583092,2.52126141495419,2,0,-0.0101861629617631,0,0
1185,1.63865201579799,1.814746300179,0,0,-0.043854801313783,0,0
1186,1.11539279209542,1.37515442066148,1,0,-0.68187964428593,0,0
1187,0.451679525689946,0.605384634220254,1,0,0.425251714558693,0,1
1188,1.60078438403477,1.78992088498162,2,0,0.169194400803138,0,1
1189,2.13516795170575,2.47945012319606,2,1,0.758240715951206,1,1
1190,0.488340513677233,0.982562842140103,2,0,1.79496652065084,0,1
1191,0.0720163455439938,1.1970064169606,0,1,0.952388083156009,1,1
1192,0.0377227764369713,0.0381546708953687,1,1,0.789919873852896,1,1
1193,0.0653931451961398,0.590231136427184,2,1,1.81328651063404,1,1
1194,3.78619058245956,6,0,0,-1.18140922472907,0,0
1195,0.298782645000352,0.624186716445545,1,0,1.07704773953534,0,1
1196,0.320821963623714,0.684345162288648,1,1,-0.278659810913585,1,0
1197,0.11073140614435,0.401805024063028,2,0,2.72240669455495,0,1
1198,1.38623301969934,1.80236052520583,2,0,0.897231668009673,0,1
1199,0.682534109801054,3.74784221639184,2,0,1.42436775869493,0,1
1200,1.43593589356675,2.17204962636479,2,1,0.0496161077531711,1,1
1201,0.185784212727514,0.937861497894974,2,0,0.399980778823503,0,1
1202,0.472461378408803,0.535046433468689,1,0,-0.393295677002464,0,0
1203,0.487193521112204,6,0,0,-0.641918128433611,0,0
1204,0.99037893318767,2.42396869453865,2,0,0.180457547386436,0,1
1205,0.0546695702642943,4.87292222665984,2,0,0.200243586681279,0,1
1206,0.150708028378697,1.13884371019178,1,0,0.784214868020232,0,1
1207,0.200621503301793,1.4949259822473,2,0,0.604392336912379,0,1
1208,0.0238231705040359,0.0835665485195013,1,1,-0.489265642702195,1,0
1209,0.365847422120472,1.02855954231179,1,0,0.758986056720615,0,1
1210,0.24298973278039,0.549333057373182,2,1,1.97956427649295,1,1
1211,0.961528113065177,0.991798967566379,1,1,0.253413158778412,1,1
1212,0.0436317848248614,2.19030331106437,1,0,-0.318690579926464,0,0
1213,1.89684003727565,2.5699795278905,2,1,0.527706630291659,1,1
1214,0.0120993035079551,0.10922560987495,1,1,-0.0210514612065392,1,0
1215,0.18365309935891,1.23658883351575,2,1,0.0649265729636757,1,1
1216,0.199884259555903,0.725255696247179,2,1,0.448478613558314,1,1
1217,0.617701694783237,2.50276326827675,2,0,-0.204029247466183,0,0
1218,0.243509400316063,1.17499166478713,0,0,0.154521964539295,0,1
1219,0.0938054676064187,1.331726833027,1,1,-0.981982950398356,1,0
1220,0.0447830518414412,0.0509987924641813,0,0,-1.48463900601386,0,0
1221,0.812800900136113,1.82932481580062,2,0,1.06203981349589,0,1
1222,0.124828710182501,0.768923075199348,1,1,0.412097461532739,1,1
1223,0.321547372473611,0.610837826178304,2,1,1.28427508719873,1,1
1224,0.161926437233281,0.630413262879672,2,0,-0.421396962207923,0,0
1225,1.13350151966406,1.87555059572206,1,0,-0.176224904661921,0,0
1226,0.0853765642063485,0.0931043883029616,2,0,1.72824763709404,0,1
1227,0.0486862043634297,2.40114585186044,0,0,-0.253683149635144,0,0
1228,0.271734632622909,2.70246276321511,0,0,0.168291760245423,0,1
1229,0.027958861464934,0.335447348951791,1,1,-0.94924344682691,1,0
1230,0.378411547280848,0.965871189591329,1,0,1.23838801940578,0,1
1231,0.193395117370189,0.505748412646306,1,1,-0.815601031572711,1,0
1232,0.64670635594262,3.8947394240675,1,1,0.472392799468554,1,1
1233,0.196784536060832,1.33395735129603,1,1,1.18318823470265,1,1
1234,0.544870979109683,1.16920446885952,1,1,-0.27739924508281,1,0
1235,0.283644508777393,1.46673331731276,1,0,-1.27111696233256,0,0
1236,0.0619459275730838,0.101513241728147,0,1,0.0869459877970613,1,1
1237,0.767714741846753,0.785155808740459,1,1,-0.35075466480764,1,0
1238,0.214429453739689,0.531491857323886,2,0,1.94524602804599,0,1
1239,0.254865035604986,1.25303678977638,1,0,-0.885125069488321,0,0
1240,0.0182382100158268,0.0681771122925653,1,0,-0.0524111728022123,0,0
1241,0.261990321541351,1.0741735498309,1,0,0.252107296274045,0,1
1242,0.0114795454136704,2.21596113988731,1,0,-0.150522513099817,0,0
1243,1.30663217114439,1.98317456319502,2,0,-1.19231196166363,0,0
1244,0.487312824568815,1.5859417416442,1,1,0.916064241176767,1,1
1245,0.515904794170619,0.570639412160269,2,1,0.182869026083699,1,1
1246,0.774570006002665,0.832743266464608,2,1,0.248846929699985,1,1
1247,0.279862568196323,2.83861692894669,2,0,0.831542082138578,0,1
1248,1.92573498718211,2.67878406452715,2,1,0.931749396454364,1,1
1249,0.228761037190755,2.40359121918523,1,1,0.32514176072739,1,1
1250,0.318208278881179,2.90407580348359,2,1,-0.871638603862355,1,0
1251,0.313757955556537,1.89720203237722,1,1,-1.37775982546004,1,0
1252,0.206331623167036,1.54195228791503,1,0,0.489202692898205,0,1
1253,0.141758257523179,1.62945454025723,1,1,0.322639358905732,1,1
1254,0.494761235769976,0.522965131736797,2,0,0.463976347690713,0,1
1255,0.300500750325624,0.37944403787454,0,1,0.143087651323084,1,1
1256,0.14395853659759,1.75569083572893,1,0,0.979572416057499,0,1
1257,0.7656613830477,2.16170494584451,2,0,-0.299233330924794,0,0
1258,0.126366988341841,0.348569250209061,1,1,3.01934417115934,1,1
1259,0.279372429682149,0.359647172743282,1,1,0.294209586925866,1,1
1260,0.047193007644548,1.29589954325064,1,0,-0.981423859090281,0,0
1261,0.140201507810208,0.197835559513396,1,1,0.205994144670209,1,1
1262,0.35349179059267,2.22299260449093,2,1,-0.577719757168468,1,0
1263,0.0299453688785434,0.388857099040464,1,1,-0.764907327102959,1,0
1264,0.533065505118834,0.725380579363531,2,1,0.207774168145816,1,1
1265,0.653050448745489,1.95552201078459,1,1,-1.20734074370252,1,0
1266,0.361190887892412,0.760443826129199,2,1,0.259464818415303,1,1
1267,0.296841165713873,0.368027674182284,1,0,0.622510290502354,0,1
1268,0.899149923435198,1.95099824451383,2,1,-0.00708648366169194,1,0
1269,1.07517857671079,1.72275187532084,1,0,0.278251480258152,0,1
1270,0.636311263984276,4.35564442381783,2,0,-0.950492512941615,0,0
1271,0.908047611370555,1.50338805516778,2,1,-0.740498592472479,1,0
1272,0.665156691749063,0.811709889414565,2,0,0.740533077445528,0,1
1273,0.242822146457103,1.06019537387437,1,1,-0.135072055884575,1,0
1274,0.0287260003946491,1.10223538579018,1,0,-1.06617025538467,0,0
1275,0.198808018532064,1.41630596878336,1,1,0.456043281389217,1,1
1276,1.97416059456537,2.29244636250298,1,1,-0.250265167826133,1,0
1277,1.18337127248108,1.74417158570645,1,1,-0.553818941230794,1,0
1278,1.36970456581448,1.80641054091188,2,0,1.22121163414381,0,1
1279,0.908810950379497,1.06046787572353,1,1,-1.02170773520025,1,0
1280,0.0504078312466542,2.13595662537431,2,0,0.139258031990001,0,1
1281,0.295559720964068,0.353934626290149,1,1,0.604867762889328,1,1
1282,2.57431308485878,6,0,1,-0.688471963222217,1,0
1283,0.375882707950142,1.42895679353123,2,1,0.120961964723182,1,1
1284,0.0595743742047085,0.543150613084435,0,1,0.638714200381241,1,1
1285,0.833882115113749,0.937484555567304,0,1,0.751285015660558,1,1
1286,0.225032232701778,0.729681075881907,1,0,-0.934631261034464,0,0
1287,0.931972468622377,1.8822491231064,0,0,-0.102358849376895,0,0
1288,0.469681757232675,3.25662469056876,1,0,2.43974171195417,0,1
1289,0.0802409521409988,1.57878472780188,0,1,2.00820559383779,1,1
1290,0.652720625470667,1.65998127996633,1,0,0.744449054081759,0,1
1291,0.584785332385864,1.3979126390551,2,1,1.56723056968964,1,1
1292,0.169662071081499,0.234433193193851,1,1,0.188494710797809,1,1
1293,0.194516881989936,0.290605654041021,2,0,-0.145392729970262,0,0
1294,0.590122903490232,2.51519961341191,2,1,-0.586933834352358,1,0
1295,0.076800748354706,0.160306838339566,2,0,0.749142329247282,0,1
1296,1.10580395695535,1.15973911661699,2,1,0.764083474573931,1,1
1297,0.0771836728138998,0.884106467053281,0,0,-0.945873020479874,0,0
1298,0.138246674194104,1.08459503700336,0,0,0.560670909992281,0,1
1299,0.170609839699621,1.63478721463642,2,0,-0.568514701902772,0,0
1300,0.193494586791429,0.459221831960673,1,1,1.71752766070409,1,1
1301,0.857810750271596,1.05033961953687,2,0,-0.303320122322275,0,0
1302,0.109671620238158,0.447451700025764,1,0,-0.721375857231542,0,0
1303,0.599287974441217,0.864806171455515,1,0,-1.25593408418382,0,0
1304,0.740429864058064,2.60674927291334,2,1,-0.0884726780325135,1,0
1305,0.100403373006373,3.15923874698609,1,1,0.516175326070001,1,1
1306,0.1297354791444,0.311765990293091,1,1,-0.326894877492256,1,0
1307,1.21182158481215,1.76039552656229,1,0,0.19596146846898,0,1
1308,0.339078162279394,0.911830804610348,2,1,1.60334000626804,1,1
1309,0.330907822483116,1.63753028828664,2,0,-0.0839343541509537,0,0
1310,0.17637272261911,1.45208534486567,2,0,0.941935114146976,0,1
1311,0.216703004100257,2.64061276545187,1,0,-0.596858989665656,0,0
1312,0.44048438608926,0.441272308056542,1,1,-0.337936854144815,1,0
1313,0.326078496355977,0.741563336923718,0,0,0.337021460417069,0,1
1314,0.428924464310209,2.34598230130845,1,1,-0.873664956061287,1,0
1315,0.596974306843347,5.93354290637441,2,0,-1.18879143495977,0,0
1316,0.285346750169992,1.40368452679452,2,1,1.37102239738384,1,1
1317,0.0262774253033033,1.31447016874465,2,1,-0.089969301325962,1,0
1318,0.161476827019619,0.921907834673863,0,0,0.72098814927535,0,1
1319,0.231838804773159,1.35181311049373,1,0,-0.852685018331346,0,0
1320,0.119700056707693,1.54397932897339,1,0,0.264850505920248,0,1
1321,0.508695379830897,1.51121053107218,2,0,1.02239534436703,0,1
1322,0.374929217878605,2.41064152059456,0,1,0.623635471894423,1,1
1323,0.207957130505615,0.344592077286695,2,1,0.701901388994217,1,1
1324,0.404793951246474,0.697688829179299,2,1,1.26456489170129,1,1
1325,0.491366911058625,0.495619525419885,2,0,-0.0321204847165047,0,0
1326,0.498961453946928,0.886111982787649,0,0,0.279270029559206,0,1
1327,0.132627192493066,0.42919449818631,0,1,-0.83497816399986,1,0
1328,0.975583122162357,2.98087725233177,2,0,-1.28331437906902,0,0
1329,1.37656788957915,1.39815702006734,2,0,0.558884844560148,0,1
1330,0.476909581468337,2.02041567700372,2,1,0.653272742514201,1,1
1331,0.375233092832158,0.914466382896644,2,0,0.626142646229476,0,1
1332,0.580792668172055,1.881290698223,1,0,1.07379930503001,0,1
1333,0.138160727090306,0.413822070558073,1,1,-0.296986934391705,1,0
1334,0.322691336170667,0.711447545105324,1,0,0.152018929122555,0,1
1335,0.197673361334536,1.10273530714069,1,0,1.9473000996579,0,1
1336,1.09844862428448,1.15199742639291,2,0,0.952072852544044,0,1
1337,0.142207185013427,3.74754821175888,1,1,-0.0217301085867473,1,0
1338,2.24455748364928,2.73768734400818,1,0,-1.22552435450971,0,0
1339,0.318717577805122,0.375986372643487,1,1,-0.694612711137225,1,0
1340,0.161481478975879,1.45166473235832,1,1,1.17570967627873,1,1
1341,0.423740362231102,0.890441871717703,2,0,-0.521200060748999,0,0
1342,0.472678743923704,0.578715143225258,2,1,1.33505290225567,1,1
1343,0.502733044429786,0.834856118291849,1,0,0.22293636715905,0,1
1344,0.0441944326194182,0.40819531960182,2,1,0.486962429933471,1,1
1345,0.682396308725907,2.41230734537934,1,0,-0.850435333164078,0,0
1346,0.216111958272176,1.35034059540289,1,0,0.351326919031315,0,1
1347,0.08316325582917,1.91746036635923,1,0,-0.806902085307055,0,0
1348,0.0399946773217784,1.27005764298123,2,1,0.468907668250994,1,1
1349,0.366329951729212,0.987372168562816,2,1,1.34783486547943,1,1
1350,0.0546132331349043,0.164457573442358,2,0,0.375151283603555,0,1
1351,0.0701693559272422,3.84758976175855,1,0,-0.911418756236775,0,0
1352,0.0878403273721536,0.66886221755657,2,0,1.44288059000884,0,1
1353,0.597821578590406,2.05446643563146,2,1,0.155137447423937,1,1
1354,0.0117514912419844,0.778474843980338,2,1,1.27109944634728,1,1
1355,0.257781191207478,0.743208420694815,1,1,-0.747188892606707,1,0
1356,0.017305792632963,0.618389530138266,1,1,-1.5140895285329,1,0
1357,0.487490183570319,0.81653612665832,0,0,0.623563358968584,0,1
1358,0.337227667798403,1.09448808598336,0,0,-0.36879473550527,0,0
1359,0.799636547924426,1.09860900421514,2,0,1.0899457152492,0,1
1360,0.101418635232448,0.63410347213193,2,0,-0.116825576395058,0,0
1361,0.172169589851465,0.259702282704185,2,1,0.656278478903839,1,1
1362,1.64580755574954,2.50200377786665,2,0,0.882913688017293,0,1
1363,0.380587594894071,0.779115040642042,1,1,-0.59348002007903,1,0
1364,0.376737033369317,0.834975145015386,2,1,0.58194351533714,1,1
1365,0.741042256251805,1.3858508674317,1,1,-0.168982487810916,1,0
1366,0.160917828051447,3.14337598114288,2,0,-0.357703820953728,0,0
1367,0.217015690480669,2.29061198438037,2,1,-1.17693423435244,1,0
1368,0.664073651035627,1.12199185910272,0,0,-0.887645443312592,0,0
1369,0.316374436434772,2.03571873156111,2,1,-0.248239922137224,1,0
1370,0.609536882386439,1.13157686136758,1,0,0.671126062173304,0,1
1371,0.138362710708832,2.29590797521692,2,0,0.848958758495243,0,1
1372,0.328623874940806,3.17585452746683,2,0,1.12942656704472,0,1
1373,0.256876288607681,1.68725087393443,2,0,0.411677004314726,0,1
1374,1.97980669421225,3.51793673886697,1,1,-0.531285017590707,1,0
1375,0.211394703701669,2.08606771588073,1,0,0.266348557815162,0,1
1376,0.637326995612493,0.650188727304339,0,0,-0.144233263782649,0,0
1377,1.79897493190801,2.38883224791013,1,0,-1.41924665662369,0,0
1378,0.0262430789758545,0.81420385962991,2,0,0.00777555053352813,0,1
1379,0.396414920687675,0.519539189423311,1,1,-1.49184790434128,1,0
1380,2.14001040275497,3.61436090633266,2,0,-1.248103670769,0,0
1381,0.293866019799478,2.37120945169214,1,1,0.114061782731146,1,1
1382,1.01093674798278,2.6780711292762,1,0,-1.58711833467621,0,0
1383,0.467093837861386,1.07812731856415,2,0,1.41514522373547,0,1
1384,0.505118046680258,3.89752044652899,0,0,-2.43121889508877,0,0
1385,0.39329043917875,1.60515766601268,2,1,-0.381701990780946,1,0
1386,0.284766564145684,0.628185873826447,2,0,0.902834009242688,0,1
1387,0.094002771915661,2.10999951076945,2,1,-1.18755651721423,1,0
1388,0.258501432836056,1.33977056314103,1,1,-0.407402464894997,1,0
1389,0.860491487047421,1.15293981720322,2,0,0.714483250200182,0,1
1390,0.157372300616569,0.270740896048736,0,1,1.76038034401249,1,1
1391,0.535942936937014,0.762758364408811,1,1,0.760862608388565,1,1
1392,0.77578809211123,0.926917001836777,1,1,1.08408945674877,1,1
1393,0.0646033096647623,0.588452979848434,1,1,-0.889885234785438,1,0
1394,0.266949692741036,0.707143869501155,1,0,-1.30081103240021,0,0
1395,1.26296420122121,2.15840247149269,0,1,-0.304432914263451,1,0
1396,0.119360358441156,0.267605667746982,2,1,1.03389111984117,1,1
1397,0.520271353113155,0.864201833266414,1,1,0.975860440061036,1,1
1398,1.5986186285708,2.27343340399628,2,0,-1.43710517636944,0,0
1399,0.620682159335249,2.1033243777764,2,1,0.940956588745263,1,1
1400,1.25892161558162,2.65566154930562,2,0,-0.713022975510678,0,0
1401,0.824048410448686,2.26665015094184,2,0,-0.816452724870896,0,0
1402,0.650818575587538,3.23723180095987,2,0,0.257597221691549,0,1
1403,0.0476602465555303,0.918904230268206,2,1,-0.094310410544349,1,0
1404,0.0598941763915896,0.707228871795434,1,0,-1.7539320328699,0,0
1405,1.05576930333451,1.99959242671199,2,1,0.838804158659505,1,1
1406,0.742441145703197,1.32849608010802,1,1,1.22078003223921,1,1
1407,0.341340671293437,1.26949691098659,1,1,1.07093677797699,1,1
1408,0.179676775767284,2.85935301919299,1,1,-0.807875687636768,1,0
1409,0.13643649175974,0.152001405642297,1,1,-0.226270024011466,1,0
1410,1.19663366939758,1.57137708137797,1,0,0.962003982770775,0,1
1411,0.130198330411481,0.227819007913756,2,0,0.883546506314506,0,1
1412,0.0137725182705455,0.829653133564255,1,1,-1.16147207715544,1,0
1413,0.322708872457345,0.66347633867471,1,0,-1.84453722300056,0,0
1414,0.260094366450277,0.583736262635451,1,0,0.720511260331352,0,1
1415,1.05878978577886,1.33240323976599,1,0,-0.857343981388001,0,0
1416,0.234692247791423,2.54557848221859,1,1,-0.73881991415188,1,0
1417,0.0643290191267928,3.12034483378132,0,0,0.736072954258278,0,1
1418,0.139674823477321,1.20044353887065,2,0,-0.241185610534202,0,0
1419,0.287515404671224,1.96470372083471,2,0,0.468205342054586,0,1
1420,0.0978838494438245,2.26514718495309,0,1,1.57343582469009,1,1
1421,0.24056488490658,2.56528973889848,0,0,-0.321934676743501,0,0
1422,0.0638420738727873,2.83307740154366,0,0,-0.48767136287553,0,0
1423,1.06020065226788,1.11747347785663,1,0,-2.69258176317678,0,0
1424,0.196561939600441,1.19945374274573,0,1,1.41913723139583,1,1
1425,0.168032300037642,1.47458671817431,1,0,0.810281537384537,0,1
1426,0.334004936222401,0.500358182935756,1,1,0.983337707913659,1,1
1427,1.5093728195823,3.45791666056933,2,1,0.977872319094912,1,1
1428,2.12092288863927,2.4423454477158,2,0,0.93879574600437,0,1
1429,0.196073218363566,0.525779694733519,1,0,-0.575479188195986,0,0
1430,0.364359697991283,0.726864972073455,1,0,-1.35699811091349,0,0
1431,0.550953417292072,1.28570738801162,1,1,-0.501194919679711,1,0
1432,0.231136233131919,0.259542362585524,0,0,0.147848188169389,0,1
1433,0.541908530414932,0.884750407462073,1,1,0.248546226036431,1,1
1434,0.450208397685654,0.992296571669147,1,1,0.505737324059854,1,1
1435,0.357969674937424,1.35849437842489,2,1,1.25462417865492,1,1
1436,1.45364795082445,2.02542184338463,1,1,0.143693028574471,1,1
1437,0.993216349042486,1.46985461314519,0,0,0.399969738219656,0,1
1438,0.220674282195337,2.10278479483147,1,1,0.409100067543527,1,1
1439,0.494018504127141,2.04556326207657,1,1,-0.982378415642453,1,0
1440,0.264621848861376,6,0,0,-1.80292299951648,0,0
1441,0.173540617235833,3.96535380122562,0,0,0.760497781350944,0,1
1442,0.190406784432492,0.600780580202479,2,1,1.60421222020596,1,1
1443,0.143560507438249,0.399843480241761,2,0,0.86377196704464,0,1
1444,0.0358998428823219,0.406406722777553,1,1,0.319182579407925,1,1
1445,0.263304250977169,0.813889307545824,1,1,-1.51156922708924,1,0
1446,1.4595240995649,4.84913053399802,2,0,0.314020610921731,0,1
1447,0.299733190537334,2.12730185256677,0,0,-0.598124198779326,0,0
1448,0.0064202791452246,0.73043283695892,1,1,-1.12168218377633,1,0
1449,0.270993956857176,1.83203795608756,2,1,0.962777626304759,1,1
1450,0.121610307472276,0.9698072600506,1,0,1.17795193002447,0,1
1451,0.362838806791438,0.453493427485228,0,1,-0.504980258730477,1,0
1452,0.0359488785390943,0.57996939689781,1,0,1.33449028192666,0,1
1453,0.58064229083519,2.64566804895972,0,0,-1.34555384246307,0,0
1454,0.234096131532535,0.783803227047126,0,1,-0.0454601581278723,1,0
1455,0.34625249914825,0.363326873630285,0,1,0.254922470527032,1,1
1456,0.213759714323613,2.57242029879292,0,1,1.09577704408004,1,1
1457,0.53673911632763,3.93839981842334,2,0,0.329149372235589,0,1
1458,0.154200362869435,2.63932016031294,1,0,0.125794248939439,0,1
1459,1.53184573264885,1.99521347854856,2,1,0.275258701867874,1,1
1460,0.00302055542664607,1.25996405210221,1,0,0.71935200412931,0,1
1461,0.0394368566773358,6,0,0,-0.464301117398481,0,0
1462,0.977939076468031,2.03130850875118,2,0,0.276541778648346,0,1
1463,0.81483927343754,1.59467578702774,1,0,-0.69273689737477,0,0
1464,0.374603471718729,0.552848965550462,0,1,0.0902212045782135,1,1
1465,0.923224446420551,3.75250373966992,0,0,-1.12006244724199,0,0
1466,0.182290263991389,0.695093235673834,1,0,0.944767525034467,0,1
1467,0.208941980575522,2.10714501275731,2,1,1.65492165547276,1,1
1468,0.0420126142616134,6,0,1,-1.65063442029333,1,0
1469,0.27081907261163,0.527623978753885,0,0,0.449286017089691,0,1
1470,0.101258563291695,0.349332518288142,2,0,2.66507874922215,0,1
1471,1.35797432198222,1.605979131568,1,0,-1.80765540520302,0,0
1472,0.227274007370902,0.491906019936254,2,1,1.24796984445648,1,1
1473,0.491637471649382,1.70241808602467,2,0,0.555329527553244,0,1
1474,0.0145431982287615,1.03729160375368,1,1,-0.044528025844476,1,0
1475,0.0807367509774938,4.95046830864933,0,0,-0.364728072693358,0,0
1476,0.801582160971487,4.05415091634899,1,0,-0.108778931788158,0,0
1477,1.53500013462671,1.95699689288934,0,0,1.57798765536332,0,1
1478,0.561202746402058,1.20038650490645,2,0,-0.106974908504105,0,0
1479,1.11331199744312,1.19660078882697,1,0,-0.362317524840644,0,0
1480,0.52722407453176,0.895059194815571,1,1,-1.41083008208402,1,0
1481,0.704629147011373,0.875809160223792,2,0,-0.447879573400355,0,0
1482,0.978300137812575,2.25997043465892,2,0,-0.701798350075702,0,0
1483,0.606299455070661,2.34186600438041,2,1,-0.0685745556515041,1,0
1484,0.188092698550059,0.536484237284319,1,1,-0.937656411019711,1,0
1485,0.0323482754544325,0.941823275811431,2,0,-0.807921952693597,0,0
1486,0.250964147142238,0.73453271288285,2,0,0.533740154087016,0,1
1487,0.623529009624488,0.763423329267343,1,1,-1.45181353929012,1,0
1488,0.0177715216866798,0.494262614609335,2,0,0.424451569354542,0,1
1489,0.158860854960046,1.18222950864499,1,0,-0.641620989794751,0,0
1490,0.302026004023244,0.395376854985818,1,0,-1.45154191991285,0,0
1491,0.956311785856345,1.80032812679807,0,1,0.0841518241763309,1,1
1492,0.248160662853883,0.592791654387305,1,1,0.132402772899543,1,1
1493,0.173464980907738,1.43787013193958,1,0,-2.29709106279245,0,0
1494,2.00486247107985,3.58686409209825,2,0,1.12992062603958,0,1
1495,0.00554472744118865,0.270149471859137,0,0,0.150957180369807,0,1
1496,0.412754112336301,0.630038648755003,1,1,-0.579497748677869,1,0
1497,0.751251708198753,1.14628842590779,1,1,-0.947287672284627,1,0
1498,0.444469601550356,0.876250644427103,1,0,0.42922812805927,0,1
1499,0.620835774785115,2.25773235282489,2,0,-1.71194246167502,0,0
1500,3.25843344941277,4.91184301195806,2,1,-0.778922267249759,1,0
1501,0.254679547612586,0.982849203360831,2,1,-0.441297916679918,1,0
1502,0.414811680610809,1.56714692674099,2,1,-0.067796014014164,1,0
1503,0.107383616268635,1.11532638709363,2,0,1.13012591815473,0,1
1504,0.260801460697419,2.38573173631703,2,1,-0.327917288081462,1,0
1505,0.167418215035209,0.45701484038793,2,1,-0.547563917417434,1,0
1506,0.137869565773872,6,0,0,-0.263621952306691,0,0
1507,0.0484398966584918,1.619955952018,2,0,0.465622280771571,0,1
1508,0.733700995850894,1.3223684230897,2,1,-0.0187358670354783,1,0
1509,1.68372299512826,2.38560791737552,1,0,-0.213262451773741,0,0
1510,1.26408591861826,2.24477343918006,2,0,-0.590053747544738,0,0
1511,0.172347575943503,1.06002083116027,2,1,1.02296532565127,1,1
1512,0.0414296705275774,0.0714933283766422,2,1,1.42376316412566,1,1
1513,0.524323277899788,0.623613912552834,2,0,-0.236457621114422,0,0
1514,1.16005359316337,1.57068002991061,1,0,-1.3678814590516,0,0
1515,1.21299411263575,1.71905901505113,1,1,0.375430613198443,1,1
1516,0.231017360153298,1.59146307225684,2,0,-0.325291953015152,0,0
1517,0.498039003254639,0.6314464312633,2,1,-0.205135609972354,1,0
1518,0.810610703663376,1.60032430960984,2,0,0.00426193976360423,0,1
1519,0.116850117531916,0.57292322588524,1,0,-1.33777724729596,0,0
1520,0.0333130364447312,0.621569877562321,1,1,-0.810798287548389,1,0
1521,0.135627741447122,1.36711556875762,2,0,-0.133100708628132,0,0
1522,0.0848677043655154,2.68891807906202,0,0,1.59702945580949,0,1
1523,0.265264797748791,0.305125324420833,1,1,-1.0358564413712,1,0
1524,0.171742831866902,0.828410534009446,2,0,1.65190077211975,0,1
1525,0.112102058095237,0.496868486441421,2,0,0.730707937291788,0,1
1526,0.0640019319904243,0.596850567329651,0,0,1.59438189224708,0,1
1527,1.38332341999943,4.54688464643873,2,1,0.195083873381197,1,1
1528,0.389725792014764,0.695741884652516,1,0,0.279784821932482,0,1
1529,0.433693332691616,0.482367024954256,2,0,0.523169046271709,0,1
1530,2.30212206425537,4.24754400115317,2,0,-0.862579148333498,0,0
1531,0.307347090230422,0.625340907638781,1,1,-1.04564555246511,1,0
1532,0.0545240441115384,0.532853022838632,0,1,-1.31208308432172,1,0
1533,2.8602119388935,5.73661892630015,2,1,-1.24776143575929,1,0
1534,0.421062913309369,0.472726185220905,0,0,1.9773631399829,0,1
1535,0.710239086507095,1.31177026707501,0,1,0.8958133958069,1,1
1536,0.291045567331215,0.557032541892441,0,1,0.0790848352762603,1,1
1537,0.766069530509412,1.11543141097548,2,1,1.54021355769763,1,1
1538,0.0572829745295975,0.809646919369698,0,0,1.46541206146222,0,1
1539,0.928141183897535,2.00511841122558,2,1,-0.16326488985122,1,0
1540,0.0768056066913737,0.441842556372202,1,1,-1.23650225826955,1,0
1541,0.794909196962595,0.852013270681103,0,1,-0.343469722069714,1,0
1542,0.313363686206231,1.14157488520572,0,0,0.355002684215709,0,1
1543,0.293011115863919,0.365266489646473,1,0,0.310708525431705,0,1
1544,0.105780404175193,0.165941911884065,2,0,0.98976818996982,0,1
1545,0.961407510276455,0.991695299095613,1,1,0.924893768664866,1,1
1546,0.256381706262268,0.776172833547532,1,1,-1.27781193522408,1,0
1547,0.0599756128051215,0.0745112873812489,1,1,-1.07422309683915,1,0
1548,1.28547860556246,2.07629214883189,2,1,0.401562566476354,1,1
1549,0.236390616434316,0.69617564687257,0,1,-0.569915660042575,1,0
1550,0.0168692021604113,2.01228442095752,2,0,-1.47429440214339,0,0
1551,0.00863168181644546,1.91227482732564,2,0,-0.58629104753889,0,0
1552,0.453579085361626,0.73374903579007,1,0,-0.963770971063873,0,0
1553,0.284501787585517,0.936751171582325,2,0,1.42222381633826,0,1
1554,0.121980965034001,0.276768689876458,1,1,0.289403833376784,1,1
1555,0.163065475813121,0.499996339705329,1,0,-0.393971322454028,0,0
1556,0.958280044871582,1.08198599579535,1,0,-2.47349740081368,0,0
1557,0.0362190288595027,0.681207918056705,2,1,1.48944187548754,1,1
1558,0.478359826116098,0.650633805925237,2,1,-1.3987690719292,1,0
1559,1.20787659137913,1.22547426007272,1,0,-0.55326466412523,0,0
1560,0.155050771357878,0.394346389832943,2,1,1.6191922955806,1,1
1561,0.192213997236512,1.57567622379675,1,1,-0.950593753338947,1,0
1562,0.0223581234200133,0.186657896773868,1,0,0.0174524828473606,0,1
1563,0.375127366537021,0.936998124256939,1,0,-0.994905600804671,0,0
1564,0.018993779986398,0.182244411359231,0,1,0.0269947865541034,1,1
1565,0.270690060117178,0.553199750854819,2,0,-0.466036986583863,0,0
1566,0.744034399071501,0.866840347708641,2,1,0.347106119515179,1,1
1567,0.345842303811676,0.748477693824886,2,1,0.610674129164584,1,1
1568,0.683254212554958,1.88820214740705,1,0,-1.21708156014853,0,0
1569,0.750878175927533,1.40079219761527,2,1,0.903311855373741,1,1
1570,0.503291840561562,1.68923116023875,2,0,1.36831285861628,0,1
1571,1.77612945747449,5.00981454277741,0,0,-0.339070964302495,0,0
1572,1.85305437883365,3.55960268539743,1,0,-0.854823626080547,0,0
1573,0.0159026682376862,1.30534923973815,1,0,2.24448477431073,0,1
1574,0.273132069222359,0.827903098983685,1,1,-1.43669254797861,1,0
1575,0.00832114937818713,2.08598821903992,1,1,0.203129869337693,1,1
1576,0.446566936766936,1.14573035356131,2,0,0.734555352885937,0,1
1577,0.151984775956306,0.978660714241964,1,0,0.742250625446209,0,1
1578,0.392415330927315,4.10652741789818,0,0,0.36791033200181,0,1
1579,0.201651551191585,1.03165187554437,1,1,-1.69784157019224,1,0
1580,0.238442282813291,0.76909222381662,1,1,0.803702626950752,1,1
1581,0.00486375262504176,1.49244627604882,0,1,1.24009188192109,1,1
1582,0.0362120675682465,0.540951918810606,0,1,-0.364569812966276,1,0
1583,0.955774563628449,1.58774926292821,1,0,-1.73730856964986,0,0
1584,0.600290086844729,1.08474981486627,2,1,-0.632606526347255,1,0
1585,0.0972547879901159,0.903725671572377,0,0,-0.0623876342549616,0,0
1586,0.774528373813974,1.49021470479897,2,0,-0.982158586534369,0,0
1587,0.691722604549593,1.97317244906377,1,0,-0.302336192327656,0,0
1588,0.302147460902931,0.329750209847843,1,1,-2.50133870275686,1,0
1589,0.0767574481579747,0.634045246207018,1,0,-0.269105000725125,0,0
1590,1.04887040430772,6,0,0,-0.976708507357725,0,0
1591,0.130023676712585,0.797877443715721,0,0,-0.421636544339317,0,0
1592,0.12989649135057,0.388361292255731,2,1,-0.318305322415398,1,0
1593,0.503097862626116,0.891437046922734,1,0,2.67427371966972,0,1
1594,0.326524503115151,1.66975114265522,1,1,1.54715068099415,1,1
1595,0.0259429211210873,0.0393917095085898,0,0,-0.0953858712512268,0,0
1596,0.695493386851417,2.39624550635609,2,0,1.51725314437753,0,1
1597,0.790421968900177,1.71547084023354,1,0,-2.84680481076339,0,0
1598,2.09842275611827,2.24293802146859,2,0,0.53975747740795,0,1
1599,0.115134876487469,1.74784501084674,1,1,-0.753098599220137,1,0
1600,0.0213252168848537,0.104443441482288,2,1,0.664212601820802,1,1
1601,0.0663186899489827,1.61131994786065,1,0,0.447387390426,0,1
1602,1.72455032488517,2.31748747328917,0,0,-0.0417551083039684,0,0
1603,0.104025444015861,2.34836235807772,2,0,0.185785124679519,0,1
1604,0.232536750454342,2.11084583393147,2,1,-0.907553296661504,1,0
1605,1.42245994151766,1.92102468572557,0,0,-1.18847924509954,0,0
1606,0.259027610946861,1.45793780972889,2,1,1.25991272645502,1,1
1607,0.56094730945511,2.33627710630503,1,0,1.87787283575295,0,1
1608,1.62583082698056,2.31932088361886,1,1,0.16894612220495,1,1
1609,0.341929925812615,0.645551449279181,1,1,-0.989554700375294,1,0
1610,0.437404183774359,0.44969449435004,1,0,-0.751711967266372,0,0
1611,0.264964704281489,0.436639478287418,1,1,0.906789916459174,1,1
1612,0.172261877192391,0.176884542503739,2,0,1.92794822157528,0,1
1613,0.085873210813682,0.227275279100306,1,1,-0.957853354136293,1,0
1614,1.28093733344113,1.41887665681484,1,1,0.485208551464876,1,1
1615,0.343032245420747,0.782827092334628,0,0,1.12574247445656,0,1
1616,0.119186070809825,0.643524495267574,1,1,-0.600169653834755,1,0
1617,0.0889140029568083,0.405368995574966,1,1,-1.4011870777581,1,0
1618,0.393992705374128,1.3785780495282,2,0,0.235991610944486,0,1
1619,0.0552471881678635,0.0912710030873617,0,1,0.203511969577339,1,1
1620,0.663586240261793,0.991356134383832,1,0,-0.604233172812257,0,0
1621,0.123602468520403,0.138938600628879,2,1,0.175952684581749,1,1
1622,2.23576230505045,3.26534460126161,2,0,2.14053024570484,0,1
1623,0.837806639111387,0.941552854020422,1,1,1.0162248742334,1,1
1624,0.112941545020375,0.974064470233423,1,0,-0.0196629860252973,0,0
1625,0.21212768740952,0.50715307242569,1,1,-1.57347157312144,1,0
1626,0.362387865057422,1.46498836028952,1,1,-0.0289740942061946,1,0
1627,0.843539546645555,1.17738457139994,2,1,0.263084179715816,1,1
1628,0.514081907458603,0.806397995430112,1,1,-0.678964125173465,1,0
1629,1.00346020521688,3.71498005379182,1,1,-1.28474487353214,1,0
1630,0.0727232473178042,1.2462004115249,1,1,-0.31641415371411,1,0
1631,0.114810367987429,0.120572024443556,0,1,-1.33602113228381,1,0
1632,0.982377573594133,1.79946853158375,0,1,0.504976942958043,1,1
1633,0.311531606647703,0.550653603948888,2,0,0.021422239009805,0,1
1634,0.0158682450031241,0.480366332130248,1,0,0.639018832717859,0,1
1635,0.380285494029522,0.587452353658285,1,1,0.371922288845914,1,1
1636,0.302533199493256,0.643604243780057,1,1,0.4798137355891,1,1
1637,2.69161152535913,3.30558991174693,2,0,0.836007424524043,0,1
1638,0.984032579340551,3.7060353718698,0,1,-1.41126607100482,1,0
1639,0.320135565060708,1.27204211374285,1,1,-2.06244984683404,1,0
1640,0.829715997392386,0.839458076904217,0,0,0.224653657448267,0,1
1641,0.291967129127847,0.540018697138536,1,1,-1.27508685744977,1,0
1642,0.0913716958137881,1.13303559014425,1,1,0.0502598396046336,1,1
1643,0.52450025971565,2.25490032341168,1,0,-1.04773856166472,0,0
1644,0.420348926757773,0.477577226523924,1,1,1.93530884421662,1,1
1645,0.110445704857469,0.588067175224611,1,0,0.216867485559576,0,1
1646,0.133327676713219,0.512013251610273,1,0,-0.527584711814381,0,0
1647,0.397570410931177,1.02039451805507,1,1,-0.579896880244307,1,0
1648,1.46821375724642,2.04199168495289,2,0,-1.29822082250761,0,0
1649,0.857159374885502,1.15718155057255,1,1,1.16207785327437,1,1
1650,2.72662214407256,3.95301868508904,1,0,2.47329729370451,0,1
1651,0.328927508865794,2.03915667004447,1,1,-0.279004244667451,1,0
1652,0.387804716204604,1.54009825920164,2,1,0.174186359920795,1,1
1653,0.00225693453103304,0.356097876138387,1,1,-1.56399197130971,1,0
1654,0.973007666011085,3.35287804266755,1,1,0.534284591071064,1,1
1655,0.724554928019643,0.774289888019363,0,0,0.39741553596137,0,1
1656,0.0811525165716033,1.42707372042059,2,0,-0.204952987765445,0,0
1657,0.185503921368056,0.833901837068075,1,0,-0.974076941019219,0,0
1658,0.627837529819873,0.677039203565805,1,1,0.791608925067292,1,1
1659,0.324412192631927,1.08487095803436,1,1,-1.16400127805424,1,0
1660,0.98392332082688,3.92856363537395,2,1,-0.456688132750305,1,0
1661,1.28998182605837,1.32648929648806,1,0,-0.487379752285828,0,0
1662,0.0298336935282703,0.0767499526075492,2,0,-1.111222548909,0,0
1663,0.300912710631059,0.735249459331455,2,1,2.57532660491392,1,1
1664,0.124537383930551,2.22878302757939,0,0,0.909313884460822,0,1
1665,1.25585049386125,1.6761014449991,1,1,0.656777403981463,1,1
1666,0.252896675747908,2.06570520686489,2,1,-0.933850070054896,1,0
1667,0.665660000716647,2.864419724923,2,0,1.12035834678128,0,1
1668,1.34597848268318,1.76837731373422,1,1,0.675509136013445,1,1
1669,0.0159943103790283,0.096462435343588,2,1,-0.606640779303718,1,0
1670,1.38897282670196,1.60698132271896,1,1,-0.00183036743507034,1,0
1671,0.247286135951678,0.263958194392573,1,1,-1.30907203140375,1,0
1672,0.0634614079196639,0.229098092143734,0,1,1.61319792048417,1,1
1673,0.153293173449735,1.54610013278822,0,1,0.127506627526496,1,1
1674,0.196232845385869,1.7432685724716,1,1,-0.0316282689346868,1,0
1675,0.206808914268038,0.869758553960469,1,1,0.134207619771991,1,1
1676,0.109723179985063,0.128908618454529,1,1,0.00596493115107717,1,1
1677,0.260570995095809,1.20960765955629,1,0,-0.271531364545386,0,0
1678,0.876582027883676,2.82322843972475,2,1,0.261418065560654,1,1
1679,0.325608428001283,1.49649737800455,2,1,0.976327990848375,1,1
1680,0.0391126894188242,2.95141675227529,2,0,0.0450066008252443,0,1
1681,0.169431771732027,1.11496433626724,2,0,0.850538030767304,0,1
1682,0.312926459850536,0.391944243496247,1,1,-0.212162157632577,1,0
1683,0.534097920689318,1.20675791365405,0,0,1.4033008957413,0,1
1684,1.03939892512528,2.16489113423733,1,1,0.199905584608587,1,1
1685,0.735006124919487,0.90211460926462,2,1,0.806162648043216,1,1
1686,2.19081286952498,3.0395748714606,0,1,-0.0337212297615405,1,0
1687,0.574835531620516,0.722220034366838,2,0,1.28337928051866,0,1
1688,0.154124294511091,1.81798007620522,2,0,0.0174063179791179,0,1
1689,1.19139130740002,5.72448491945949,2,0,-0.815799066690748,0,0
1690,0.707092157358097,0.825053451405844,1,0,-0.0692408198139025,0,0
1691,0.0954094337794518,0.642947589384813,1,1,0.412639212474462,1,1
1692,0.524109897410704,0.605627635224291,2,1,1.79048872360198,1,1
1693,0.471894405782223,0.595548183472817,2,1,-0.292408457761089,1,0
1694,0.157467626656095,1.89124305572997,1,1,-0.278298885537988,1,0
1695,4.043270355478,6,0,0,-1.1299050896518,0,0
1696,0.473512627391352,0.548922286058466,0,0,-1.30137672937991,0,0
1697,0.0724704708490107,0.405506854929209,2,1,-0.00166151481635872,1,0
1698,0.597116748491923,2.13178480674477,2,1,-0.127991722779342,1,0
1699,0.701600226263205,3.46169852181152,1,0,-1.18700686951682,0,0
1700,0.304588040130006,0.452307834442718,1,1,-0.378590267718578,1,0
1701,0.228198811722298,0.596937551104295,0,1,-0.34199002479182,1,0
1702,0.81883509093426,1.93225332095894,2,0,0.829336664366369,0,1
1703,0.610569920908246,0.785948286920935,2,1,0.981019055782099,1,1
1704,0.0108069893828748,0.701698077008206,2,0,-0.811350836090185,0,0
1705,1.44009426748886,2.24081355277558,2,1,-0.500558144530577,1,0
1706,0.120014702487323,0.321546360121391,2,0,0.480071460577748,0,1
1707,0.774297432636268,4.0700828697894,2,0,0.388903871727646,0,1
1708,0.298209042153839,0.321252039193568,1,0,-1.15208270672375,0,0
1709,1.11496299478867,2.33682552481316,1,1,-1.74289029050538,1,0
1710,0.511929302389568,0.830455198737642,1,1,0.591332186642834,1,1
1711,0.639887366236912,1.92303748362318,1,1,0.081125557311769,1,1
1712,0.456152678976422,1.11283469395514,2,0,0.354038250243966,0,1
1713,0.316769479670458,0.921462699123333,1,1,0.0600133090369912,1,1
1714,1.67450978274528,3.75883370691166,2,0,-0.152492769890733,0,0
1715,0.211545609248181,2.46248493743901,2,0,0.71668913103038,0,1
1716,1.41359520450534,4.42318348439536,2,0,-0.35703990577223,0,0
1717,0.528179754813512,0.873658521063874,1,1,0.371654386936365,1,1
1718,0.224070321354601,2.61202791961808,2,1,0.433538784241953,1,1
1719,1.78192006828655,3.2640673515969,2,0,0.876680132070617,0,1
1720,0.618555805542403,4.80088280486788,2,0,-0.655556747472508,0,0
1721,0.162521922349621,3.03773546144602,2,0,-0.521815611945704,0,0
1722,0.59335140120326,0.997333177829468,2,0,1.96157154881766,0,1
1723,0.488851891520123,1.19527075129251,0,0,-1.41254307991942,0,0
1724,0.973376186724848,1.43388546160605,2,0,-0.0208022483814538,0,0
1725,1.09703985555604,2.76750312435882,2,1,-1.03259915162598,1,0
1726,0.583058346787261,2.15954485192926,1,0,-1.08171507736403,0,0
1727,2.05650057841277,2.63802717477181,2,0,-0.51298716886106,0,0
1728,0.404089256707165,0.674306818315144,1,1,0.490588471506989,1,1
1729,0.298286474102901,2.10405978030283,1,1,-0.467139353363398,1,0
1730,0.1142479553258,0.32819570250426,2,0,1.27956866263306,0,1
1731,0.318841935756306,0.37696838375011,1,1,1.10920586636831,1,1
1732,1.08616751041024,3.64854251344999,0,0,1.18080620254351,0,1
1733,0.328662294066615,4.52865105148034,1,0,1.16416708734707,0,1
1734,0.10795736581915,0.243101537953145,2,1,1.75533145976639,1,1
1735,0.211642695916812,0.83506566416129,1,1,-0.147557665763289,1,0
1736,0.544777714854313,0.930731164521532,2,1,1.01651240480368,1,1
1737,0.425532317409913,0.759470135140055,1,1,-1.82462201210471,1,0
1738,0.775724771712636,1.2236884767997,2,0,0.590167121416519,0,1
1739,0.0773543523943661,0.252983488738552,1,1,2.2666539018753,1,1
1740,1.26242786690784,1.76550797762288,1,1,0.0790478564929155,1,1
1741,0.686098007071349,4.68556759608356,1,0,-0.225845272450378,0,0
1742,0.213027382269502,0.220855399324923,1,1,-0.927528595697046,1,0
1743,0.129385501042836,1.39070530814918,0,0,-0.801790473753866,0,0
1744,0.507843720519708,0.621272788743967,1,1,0.915521010745222,1,1
1745,0.807031855561349,0.903732767656301,2,0,-1.9238973597707,0,0
1746,0.252642995263967,0.366258860760868,1,1,1.52867231190965,1,1
1747,0.285208998765383,0.921187754844902,2,1,0.040356491734506,1,1
1748,0.450217243180507,0.886162813643762,1,1,0.0764251894378498,1,1
1749,0.110541522606379,1.08673024184451,1,1,0.0132325193142935,1,1
1750,0.131005938682291,0.286202196857684,1,0,-2.91119911164951,0,0
1751,1.12082588585186,6,0,0,0.318232329882771,0,1
1752,0.560285425597686,4.60603604714076,0,1,-0.908449425634131,1,0
1753,0.136026093839771,0.922204857633426,2,1,1.78542771100719,1,1
1754,0.0264657330181864,0.589349216914841,1,0,0.369020126782965,0,1
1755,0.255046078107423,0.474401520740523,1,1,0.0185753610044879,1,1
1756,0.00880285528384977,0.235816713223719,2,0,0.739565506218019,0,1
1757,1.2381112502628,2.28086802266562,1,0,1.37126258284803,0,1
1758,0.151222983582152,0.288299359228596,1,1,0.344331907662809,1,1
1759,0.562992206671172,0.819835810147986,1,0,0.344613689173607,0,1
1760,0.177445839071584,4.33911033487804,1,0,0.57223391935988,0,1
1761,0.0458003239085277,2.11229817872565,1,1,-0.0450331189196061,1,0
1762,0.41715844689558,1.4865089854121,1,1,-0.0823340731367749,1,0
1763,0.0862273755874772,0.71410871136041,1,0,-0.343317148901303,0,0
1764,0.119657669630316,2.97789544068003,2,0,0.150490518270317,0,1
1765,2.62881165402603,2.89037903141165,2,0,0.0127020578605472,0,1
1766,0.183634443932937,2.07173483490965,1,0,-0.0337786723895204,0,0
1767,0.107302363548014,1.98266640443673,2,0,0.157315265156121,0,1
1768,0.0409409132330285,0.45201317453202,2,1,1.89102980036105,1,1
1769,0.153097474119729,0.837777659540982,1,1,-1.02373812576536,1,0
1770,2.60495379346183,3.41323108255412,2,0,0.263804501427043,0,1
1771,0.994555306383644,2.50299271579389,2,0,-0.932639689632434,0,0
1772,0.845279764036435,1.25723156411761,2,1,0.535832591876746,1,1
1773,0.0129634954242243,0.40900488796456,1,1,0.11931268345807,1,1
1774,0.25576134315016,0.518514420885892,2,1,0.743170154431637,1,1
1775,0.00314816057132928,1.29385384110113,0,1,-0.6482712744734,1,0
1776,1.17919988098568,1.99567329596529,0,0,-0.494830912157887,0,0
1777,0.0377353291130728,0.376379958111524,1,0,-0.568504619694583,0,0
1778,0.338082362173332,2.25494203302724,2,1,0.324750602679984,1,1
1779,0.803908480077664,1.05862584563076,1,1,1.07292705302934,1,1
1780,0.0742560778198831,2.30627486842387,1,0,0.217296327059908,0,1
1781,0.582137579474026,2.63894831594323,2,1,0.809982114578321,1,1
1782,0.40167758213372,0.499329441049503,1,1,-0.52917767000431,1,0
1783,1.33695347747341,1.61967640229071,1,0,-0.935706316145276,0,0
1784,0.0085132982995775,1.66636242062235,1,0,-0.499251099239274,0,0
1785,0.372137100332313,1.36215174132089,2,1,-0.404133104803019,1,0
1786,0.35526251157042,1.34617713280022,0,1,0.378372499662998,1,1
1787,0.219753951662117,0.292281330886064,1,1,1.08965139484431,1,1
1788,1.42052922289704,5.07198655940465,1,0,-0.519025863814824,0,0
1789,0.74671511279626,0.982851797095507,1,0,-0.834466090794629,0,0
1790,0.790417251233936,1.50404758357988,1,1,1.26019296349065,1,1
1791,1.35612038062978,2.39125454895086,1,0,1.21334357177523,0,1
1792,0.192893345462062,0.378356395677172,1,1,0.0863531655597395,1,1
1793,0.575058771193855,1.70001770276194,2,0,0.851221473395112,0,1
1794,1.41095133493643,2.12613379808617,2,0,-0.0796470626356409,0,0
1795,0.136317240798639,3.6091567146669,2,0,-0.136120760196303,0,0
1796,0.598034175733725,1.25687885556226,1,1,-2.04461047596425,1,0
1797,0.1405210070711,0.946155191569634,2,1,1.10114123584788,1,1
1798,0.276679842111965,1.19835646202167,0,0,0.311645337013085,0,1
1799,0.303698231146546,0.359677069043412,2,1,2.28460281444704,1,1
1800,0.0875821245393611,0.192395744477636,1,1,0.166285508721783,1,1
1801,2.81930020478935,4.03628791512838,2,0,-2.51765656447342,0,0
1802,0.0837077221989345,0.257737865424249,1,0,-0.780460448830715,0,0
1803,0.21405982474486,2.82697862834411,2,0,0.521565895271597,0,1
1804,0.0338644249778655,0.386104699763841,1,1,-0.0114041974687872,1,0
1805,0.377726704453246,1.02307018513481,0,0,0.357731260320935,0,1
1806,0.384102563204247,0.828092619736739,1,1,0.458586738681484,1,1
1807,1.79862341529758,3.0995935977747,0,0,-1.22917162952395,0,0
1808,0.214757441232602,0.86053010281479,1,0,0.142448730365008,0,1
1809,1.4668501995865,1.52848657531043,0,0,-0.499930793137814,0,0
1810,0.887932754517501,5.04924086630127,2,1,-1.13162039180316,1,0
1811,0.257414786352052,0.319694941032169,2,0,1.71876686254341,0,1
1812,0.100935315112701,0.458588699499766,0,0,-0.247696961665517,0,0
1813,0.272087629859347,0.582567908269156,1,1,-0.338391852513899,1,0
1814,0.170097071677446,0.225287055600132,2,1,-0.538989885786321,1,0
1815,0.491780746314261,1.17733232958895,1,0,-0.415928554898185,0,0
1816,0.434090673613052,1.16717004007924,2,0,1.00489908943971,0,1
1817,0.165849017082817,0.288682152350142,1,0,1.1902289509,0,1
1818,0.43364729370094,1.27280171776243,2,0,1.51508889611883,0,1
1819,0.0433058840119176,0.617500857492394,1,1,-1.54802968552353,1,0
1820,1.17289056379479,1.40652093881944,2,0,0.529359901919785,0,1
1821,0.0419038546869163,0.298498296707177,1,1,-1.95296605364108,1,0
1822,0.89882445516985,0.915966879483575,2,0,0.73556377519368,0,1
1823,0.454752751005193,1.17177978647363,1,0,-0.314789212388942,0,0
1824,1.20230801061964,1.20425088382947,1,1,-1.44701212375353,1,0
1825,0.254024462774396,1.09862069852767,2,1,-0.452237427473372,1,0
1826,0.780465305123917,1.89762521224717,0,1,0.528168167553054,1,1
1827,1.19782462735629,2.93954687503477,0,1,0.353390625710174,1,1
1828,0.844774841180788,3.27709314040452,1,1,-0.68495257404526,1,0
1829,1.2461126270638,1.64409331901476,1,1,0.0792801638481268,1,1
1830,3.07833675488072,4.80264808268557,2,0,0.988685659819256,0,1
1831,0.48736732867029,0.614683534706934,1,0,1.44534652956869,0,1
1832,0.545850441170236,1.28637916408479,0,1,-0.570627589557154,1,0
1833,1.39662999758589,1.53803035152118,2,1,0.12258830407068,1,1
1834,1.80440467255582,2.86751891009851,1,0,0.712207105160612,0,1
1835,0.25703987158421,0.9190792319026,1,0,0.196376116272947,0,1
1836,0.106739230288524,0.525456370541989,2,0,2.00157733202227,0,1
1837,0.134296442071597,0.272737915378274,2,1,1.35768879723188,1,1
1838,0.410570811021355,0.451186500585483,1,0,-0.00932553558554151,0,0
1839,0.43574301008549,0.749997667003117,1,1,0.0951348367131217,1,1
1840,0.453183067520883,0.56610055458723,1,1,-0.829224742897479,1,0
1841,1.41657010854418,4.82853170889839,2,0,0.680816409367878,0,1
1842,1.69445670268165,2.21545499904366,1,0,0.572169694143375,0,1
1843,0.0711563330198128,0.721069692039215,1,0,0.558323625260233,0,1
1844,0.587048522951314,2.79586247608005,2,0,0.0650832324406137,0,1
1845,0.391262639313936,1.09146843302645,2,1,-0.99228238375338,1,0
1846,0.0128729262060302,4.3967636645151,2,1,-1.22898003939117,1,0
1847,0.587522475462821,3.26448149979115,0,0,0.0895084591355754,0,1
1848,0.604642054790424,4.90647284064319,1,0,0.393256113288632,0,1
1849,0.337523372016019,3.76734735623558,2,0,-0.234533702909793,0,0
1850,0.729426417706741,1.63807177987267,2,0,1.25970365842999,0,1
1851,0.24474379968726,0.672540807941829,1,0,-0.912229957306392,0,0
1852,0.29597543956091,1.39601561740182,2,1,0.322142434891058,1,1
1853,0.0469074035478442,0.714568322823397,0,0,-0.309195466245474,0,0
1854,0.124376670237341,0.544501219310838,1,1,-0.262307700838974,1,0
1855,0.459488892617325,1.53321122809254,1,0,0.20897758727323,0,1
1856,0.27972207715114,0.45406856187102,1,1,0.566498660377751,1,1
1857,0.939961356167674,1.39862235091602,1,0,-0.866138723441113,0,0
1858,0.170233236211869,0.4696292948113,1,1,-1.38974724440669,1,0
1859,0.252262213425257,1.82497563515185,2,0,0.0348506737524792,0,1
1860,1.57212881155083,1.97566033966417,1,1,-0.282109304827014,1,0
1861,0.217306245523142,0.288936668509661,1,1,0.0204297189334766,1,1
1862,0.89851762991284,0.975858587746518,2,0,-0.855732811559252,0,0
1863,1.625596001237,2.61984496770271,2,0,0.0766994598313393,0,1
1864,1.30894932063389,1.47303417580379,2,0,0.0283293286290708,0,1
1865,0.491471270409723,0.679280254061074,1,1,1.62146932203897,1,1
1866,1.4458729243474,6,0,0,0.565435132064756,0,1
1867,0.0998776343961557,0.103077642523127,1,1,1.07084081992773,1,1
1868,1.04367227088486,1.10942921304483,1,1,-0.819166103161717,1,0
1869,0.0664044119831589,0.16941960088357,1,1,0.0192224651341933,1,1
1870,0.0686454233402417,3.78238662560134,2,0,1.05944322665306,0,1
1871,0.300881825904879,5.2574798187263,2,0,-0.758901501212473,0,0
1872,0.212903208232199,0.56895097728292,2,1,0.419452373090557,1,1
1873,0.631871448519329,1.02752898108497,1,1,0.143256358697292,1,1
1874,0.396707992379864,2.17468788707726,0,0,0.0645250207667846,0,1
1875,0.895867086900287,3.26035933879515,0,0,-0.102368077975431,0,0
1876,0.347274703284105,4.33384103700519,0,0,-0.620041487939969,0,0
1877,0.777261221288383,1.76668355914916,1,0,-1.07675533340621,0,0
1878,0.959867647030198,1.49388942307285,2,0,1.42881687254766,0,1
1879,0.12830285096748,2.5536187898612,2,0,0.474988347973552,0,1
1880,0.0522992413354215,1.45911758661969,2,0,-0.175967791004851,0,0
1881,0.0522708790179827,0.427243639351492,0,1,-0.953241311149684,1,0
1882,0.139939225175314,1.08505587937094,2,0,-0.243277322622153,0,0
1883,0.267321463260386,1.98154949507578,1,1,0.0622094733159112,1,1
1884,1.45520524634555,3.46265439107712,2,0,-0.529186022685856,0,0
1885,0.441667068976443,0.615077601054051,1,1,0.213604057939677,1,1
1886,0.0441406036062971,0.0480841859306311,1,1,0.19607161749255,1,1
1887,1.00046598138349,1.44403611920506,1,0,0.612363350765889,0,1
1888,0.0555958019362556,1.31029508936541,1,1,-2.22302847778911,1,0
1889,0.078495833505359,1.03627220699532,2,0,0.701737017803923,0,1
1890,2.2684487782313,6,0,0,0.206157771624961,0,1
1891,0.89943631845734,1.57403094083755,1,0,0.951089610530338,0,1
1892,0.235155267744429,3.05303816883817,2,0,0.042016669393536,0,1
1893,1.70618560776713,1.72457968749749,2,1,-0.716740691299857,1,0
1894,0.0674443399495331,1.60866396812101,0,0,0.451738086049666,0,1
1895,1.47891947270567,1.74313202698442,2,1,1.11833292209466,1,1
1896,0.51633558029102,0.871126389214112,0,1,1.0442964801629,1,1
1897,0.036934666439063,0.777026774633176,1,1,1.31876004924331,1,1
1898,1.59152907620472,2.21659055295477,2,0,0.589497564616488,0,1
1899,0.91647033264539,6,0,0,0.727046284060943,0,1
1900,0.24731045588851,0.419666171057915,1,0,-0.735011658822854,0,0
1901,0.414318686040739,0.527131828237906,1,0,0.270518576186238,0,1
1902,0.676699292121662,2.45547955484461,1,1,0.218175271229898,1,1
1903,1.05318948104449,1.28277761973499,1,0,-0.189254269904064,0,0
1904,1.12359496656691,2.81198007659379,2,1,0.392043896935766,1,1
1905,0.11336976248357,0.141299577860997,0,1,0.520338879156239,1,1
1906,0.00294417505049043,0.7418164102385,1,0,0.278727606885983,0,1
1907,0.160767510533333,0.736214628425578,2,1,0.240374392641863,1,1
1908,0.106302332650456,0.806238303003699,0,1,0.373742657655271,1,1
1909,0.129508063452725,1.09167253367503,2,0,0.709123238385604,0,1
1910,1.69965619770021,6,0,0,1.30973552243305,0,1
1911,0.00153166914565696,0.581817001673025,1,1,2.69550223643675,1,1
1912,0.216314798476996,1.73184806438871,1,1,-0.415289382679723,1,0
1913,0.0304241752665904,0.0990558921273582,1,1,-0.0343404765779222,1,0
1914,0.517257121258034,0.568370435762457,2,1,1.20995542745909,1,1
1915,0.331809079378015,0.340156382191623,1,0,0.948173660407452,0,1
1916,0.348768582464092,2.53793865355041,2,0,0.447570521139525,0,1
1917,1.08085519319079,1.3348265340742,1,1,1.59278246849299,1,1
1918,1.54875285472072,4.69835828016264,1,0,0.970602427975562,0,1
1919,0.124335108166797,0.279543862554525,2,0,2.07038510323417,0,1
1920,0.0497051773385869,0.627186455417799,0,1,0.726568958838205,1,1
1921,0.244953122196926,1.58399500562977,1,0,0.385588822288285,0,1
1922,0.495145727569858,1.45457167177223,1,1,-1.46579361412843,1,0
1923,0.181807088665664,3.22479527867355,2,0,-0.545291233341987,0,0
1924,0.554752866737545,2.72049516984788,1,0,0.358959490224223,0,1
1925,0.992629810500158,1.07313212938607,0,0,0.461517018966227,0,1
1926,0.672777696098718,1.58929714114796,2,0,0.529123802323385,0,1
1927,0.0893196252675213,0.135657202994209,1,1,-0.994750730112266,1,0
1928,1.83595518884889,2.48656933434873,2,1,0.390678095961254,1,1
1929,1.40446454592349,4.07571071950241,2,1,-1.64697197525583,1,0
1930,0.471990306137337,1.09563009962575,2,1,-1.30223218941311,1,0
1931,0.594377969909045,1.36780891093588,1,0,2.12526575245603,0,1
1932,0.243427773118897,0.593951322969869,2,0,-0.496080605734466,0,0
1933,0.331450718868938,0.768638715654078,1,1,0.240085931772361,1,1
1934,0.549149365785221,0.920347975686158,2,1,0.172726609779541,1,1
1935,0.716366286182569,0.951083225978689,1,1,-0.658990686920463,1,0
1936,0.653736690162785,0.890932511695755,1,0,-0.910990312896869,0,0
1937,0.0321515820299586,0.140571851695261,1,0,0.526389865697342,0,1
1938,0.117287220847276,0.132200383256638,1,1,1.1892901301279,1,1
1939,0.659185549140804,1.65897337128656,1,1,1.12810693348239,1,1
1940,1.93654135067201,6,0,0,-0.911564129973297,0,0
1941,0.0869258053393828,0.691466709656216,1,1,0.0972931890557737,1,1
1942,0.0548808315855945,0.265876109578797,1,1,0.0944333041479068,1,1
1943,0.575704630981717,1.19417238161366,1,1,-0.800980014907371,1,0
1944,0.423824287330111,1.80299687811355,2,0,0.452543190109262,0,1
1945,0.500075246931778,1.41402670182288,0,1,0.260593234952274,1,1
1946,0.544250884300305,0.547586317210688,0,1,-0.476117730395436,1,0
1947,0.320842014208452,1.40761083837831,2,1,-0.896829791702149,1,0
1948,0.950447508190751,3.44210329825436,1,1,0.257084284071388,1,1
1949,0.178494897360603,0.948931362684531,2,0,-0.148558410168429,0,0
1950,0.104446758940731,1.99722239576269,1,0,0.115253387956577,0,1
1951,1.13171026519903,1.49143488305616,1,0,-0.61106498510923,0,0
1952,0.188577966764569,1.16077557472529,1,0,-0.439729867284523,0,0
1953,0.309476006826784,1.75295777308444,0,1,0.167524114337381,1,1
1954,0.236714776708848,1.11307633704436,1,1,-2.52101610303522,1,0
1955,0.212013439864545,2.22051941059818,0,0,1.18822944455722,0,1
1956,0.724818801714314,2.19206680447409,1,0,0.203650689656715,0,1
1957,0.125328884977433,0.232428479939699,0,1,2.46134275786716,1,1
1958,1.42783836767377,3.37077576973545,1,1,-1.12152879330232,1,0
1959,0.194744755927887,3.5879725242641,2,1,0.264063588265849,1,1
1960,0.0166934351582917,0.373191984572261,2,0,-0.510285327719361,0,0
1961,0.568381884238786,0.908263216670107,1,0,-0.323239568870867,0,0
1962,0.140534869044364,0.187159183195574,2,0,-0.0493289892492779,0,0
1963,0.0120906815556823,1.00416492670774,0,1,1.19614423055526,1,1
1964,1.67953790512057,2.44313591386138,1,0,-1.50517946465644,0,0
1965,0.340646224714048,1.79450266828358,2,1,-0.396818624262169,1,0
1966,0.404124084549646,0.931402993765195,1,0,-1.05555127181182,0,0
1967,0.00260082691200023,0.0679836553484914,1,0,0.599623606871874,0,1
1968,0.374922822693174,2.95173648744822,0,0,-0.763271955994474,0,0
1969,0.527110090996656,1.50005778028771,1,1,1.33110446014639,1,1
1970,0.195306798236238,0.394874531775713,0,0,-0.24164557546322,0,0
1971,0.123274141612152,2.25764436548506,2,0,0.851528752546135,0,1
1972,0.25076763652679,0.463232159670798,2,0,0.289641260253553,0,1
1973,0.21226753687693,0.504345244736295,2,0,1.51659474367993,0,1
1974,1.26120240733327,2.98346352554048,2,0,-0.702634980856591,0,0
1975,0.0523440069001582,1.12946373528005,1,0,-0.809199097375948,0,0
1976,0.489694776737856,0.664346396244834,1,1,-1.80836500931467,1,0
1977,1.68923418338699,1.69227764462262,1,1,0.0872602815185385,1,1
1978,0.196855154408202,0.207936269363709,2,1,-0.17514035895488,1,0
1979,0.504449585392666,3.53105267248123,2,1,-0.929297042608654,1,0
1980,0.427740967522065,0.919996814704012,2,0,-0.237186109149359,0,0
1981,0.725227797714373,2.09185034799411,1,1,-0.185606850000455,1,0
1982,0.0816747054664625,2.40102881619285,1,1,0.388090046055415,1,1
1983,0.0771561149155345,0.232634066135728,2,1,1.05549892223346,1,1
1984,0.0142957475529866,0.4723332357951,1,1,0.107284588629161,1,1
1985,2.42306646043293,4.17698953921596,0,0,-1.3658383141998,0,0
1986,1.07558647420412,1.99292838573456,0,0,-1.27667410773655,0,0
1987,0.608789158988536,2.52266615698707,2,1,-1.72607110263186,1,0
1988,0.913651205759592,4.78603478532295,2,0,-0.0341792079282011,0,0
1989,0.00688613964126738,0.481216669007717,1,0,-0.323763225137063,0,0
1990,0.200456188572545,0.717623209942652,1,1,0.152190393478528,1,1
1991,0.445808270010746,1.47508227736225,1,0,-0.948991143363702,0,0
1992,2.00226167986854,2.58757804555647,2,0,0.306979682821721,0,1
1993,0.992966484645685,1.1460061191089,1,1,0.158431084399811,1,1
1994,3.18631229282623,4.21947433548127,2,0,0.0193161523339852,0,1
1995,0.40063518151227,1.99425878313681,0,1,1.28302956110965,1,1
1996,0.0334844691678882,0.567909854750788,1,1,-0.574419910395245,1,0
1997,0.0683325530950239,0.435174335282464,1,0,-3.17563427328854,0,0
1998,1.51313186411528,2.13407620972385,2,1,-0.676993909419083,1,0
1999,0.619149202894833,2.15834151829652,1,1,-1.55424473445882,1,0
2000,0.578188398439023,0.780271169352666,2,0,0.859062494736378,0,1
2001,0.171804325137701,0.185967697039572,2,0,1.10347967734939,0,1
2002,0.0819528974112295,0.40159436095393,1,0,-0.587866298450289,0,0
2003,0.0402540298996113,0.951250378665825,1,0,-1.47154912173226,0,0
2004,0.320484207672069,0.752743195312352,1,1,0.188633685761607,1,1
2005,0.18169612496284,0.184392939149505,2,1,0.582615576298968,1,1
2006,0.10219684905476,0.548097037563761,2,0,0.819717482729939,0,1
2007,0.43045566469017,0.871593378850096,1,0,0.0026082930104707,0,1
2008,0.165248904377222,2.13556141903003,0,0,-2.52425953766723,0,0
2009,0.0595607086427368,1.82045752042108,1,0,-2.35832885933812,0,0
2010,1.17552884746228,2.90889460696746,1,1,-0.66515301029243,1,0
2011,0.815129936502011,0.984779789604791,1,0,-0.138903334195423,0,0
2012,0.00385099044594015,0.957188408265171,1,0,1.79854430840519,0,1
2013,0.625963393702275,0.850871546253773,2,1,-0.174504172894663,1,0
2014,0.106951554512812,0.630847447410204,2,0,0.142551132022085,0,1
2015,0.0291340174928627,0.793474807093541,0,1,-2.0218891634974,1,0
2016,0.53610060726189,0.961729428465513,2,0,0.772319601247662,0,1
2017,0.16976922750473,1.89303847552301,1,1,0.689837716264871,1,1
2018,0.461343774158094,0.779695230046652,0,0,-1.71818915608178,0,0
2019,0.490621417864329,0.914514758741331,2,1,2.21067800871404,1,1
2020,0.14796748915148,0.175748942932771,2,0,0.101052947289628,0,1
2021,0.280384142256191,0.348726800196946,2,0,1.98286536316449,0,1
2022,0.187919666262918,1.56767065592822,2,0,0.125623720752349,0,1
2023,0.0207344634044502,0.217485738616394,1,0,-1.62338875276957,0,0
2024,0.629858518950641,2.44880266332567,1,1,-0.394325606520098,1,0
2025,0.240731318998668,0.341832542816804,2,0,-0.214642931631514,0,0
2026,0.821050524457971,1.04536338253449,1,1,0.0847821445694007,1,1
2027,1.11691706809204,2.7497353801654,1,0,0.435874024471619,0,1
2028,0.959477970950816,2.15841236458963,1,0,-0.122142153957481,0,0
2029,0.466954820375476,5.47026948975333,0,0,-1.81324619544665,0,0
2030,0.977878363549392,1.15593702946419,2,0,0.379746865609162,0,1
2031,0.747520736315184,1.73137363356849,0,0,-0.831612785905126,0,0
2032,0.430020682203273,6,0,0,1.17005289436231,0,1
2033,0.11380580116386,0.325272700473364,1,1,-0.414740766790488,1,0
2034,2.42903247699046,3.56095825138304,2,0,1.47241476205707,0,1
2035,0.262693869941871,0.329974322505692,0,0,0.859820435886038,0,1
2036,0.139531114966505,0.851377069351647,2,0,-0.15105089329603,0,0
2037,1.39468899405964,4.62044009848897,2,0,-0.646269361799214,0,0
2038,0.0278382029177414,1.39776870207898,1,1,-0.522602202254464,1,0
2039,0.359931181495388,0.573326051971897,1,0,-0.433409793349615,0,0
2040,0.439787616255352,0.716966862590912,1,1,1.28337251953363,1,1
2041,0.53102220362583,1.46801781730289,0,0,0.964439482183017,0,1
2042,0.176946752083798,0.518709818488534,1,0,-1.63990967983343,0,0
2043,0.189360728520673,0.65520435046626,2,0,2.11501899853163,0,1
2044,0.341283830607103,1.26805420352861,2,1,-0.207869088498844,1,0
2045,0.414128572245253,2.73756718004274,2,0,0.98493096777053,0,1
2046,0.218749421398288,0.255957444160985,1,0,-0.137758826686186,0,0
2047,1.32965525607567,3.73432689558618,2,0,-0.26977282419117,0,0
2048,0.141514104066624,0.708577483892441,0,0,0.783053967254052,0,1
2049,0.194927648854818,0.938907315827984,2,0,1.57797352012988,0,1
2050,0.201500319461856,1.58459898809998,2,0,-0.068223513018934,0,0
2051,0.692103039473295,3.68904367722824,1,0,-0.444971386323256,0,0
2052,0.225876901286363,3.40441740738849,0,1,1.82140907015714,1,1
2053,0.671530468906793,0.808092051694795,2,0,0.745917308698281,0,1
2054,0.0196010236524873,0.0870818831482297,1,0,0.0511534520211864,0,1
2055,0.00531983044412401,0.305922238841901,2,0,0.153573382628413,0,1
2056,0.846712245662689,1.11476425207545,1,0,-0.7656802398554,0,0
2057,1.09889120629838,1.21367064224499,2,1,0.461712055385561,1,1
2058,0.331051679224604,2.36276480002965,2,0,0.749429215401735,0,1
2059,0.530600670932068,2.34949661214159,2,1,-0.964264113471683,1,0
2060,1.41636329077484,1.48834282688572,2,1,1.89633428562548,1,1
2061,0.0900616294185638,3.13819278903195,2,0,-0.594750042154239,0,0
2062,1.43577107223671,1.97757089243781,1,0,0.605708068129339,0,1
2063,0.523708181766172,1.01022735338262,1,1,0.141639163757943,1,1
2064,1.18793969105325,1.23292442826285,1,1,-0.111360892021286,1,0
2065,0.184943636154963,0.687485713657602,2,1,0.475040390719571,1,1
2066,0.638093546860748,1.12564946149994,1,0,1.77862883463543,0,1
2067,0.814630199490819,6,0,0,0.590365030283015,0,1
2068,0.702038971293304,0.804008160678444,2,0,0.0924726353528619,0,1
2069,0.375716499203705,0.474616924560983,2,1,-0.960065794010482,1,0
2070,1.33640400886261,2.20694356519718,2,0,0.266590318875854,0,1
2071,0.438336225019561,1.29636585427828,2,0,1.40914011331088,0,1
2072,0.330988715092341,1.65473759131506,2,0,-0.945829649220307,0,0
2073,0.153455538675189,0.799468106208795,2,0,-0.0864327764408598,0,0
2074,1.32012063736188,1.48012656113671,1,0,0.149262243492452,0,1
2075,0.816000756864429,0.898395031678307,0,0,-0.110559382623987,0,0
2076,1.06654213012392,6,0,0,0.638336526164091,0,1
2077,0.954359757356856,1.12514730853339,0,0,0.865162971414642,0,1
2078,0.212602092263599,4.4933090594396,1,1,-0.109122487863978,1,0
2079,1.31381358946663,1.34606187486605,1,0,-0.443494961931844,0,0
2080,0.282473982304253,0.393464124451081,0,0,0.559061378186604,0,1
2081,0.216557124970995,2.58985770976561,1,0,-1.20729258317843,0,0
2082,0.352042012123598,0.400435421593989,2,0,2.46831461728223,0,1
2083,0.457224998002251,3.0615820708523,2,0,-0.206127189525745,0,0
2084,0.632328158761892,1.6968982794112,1,1,-2.33349472449636,1,0
2085,2.10776558136545,3.1154241247191,2,0,1.0923398723881,0,1
2086,0.205711889494624,1.71561948793824,2,0,0.581419820908645,0,1
2087,0.632366298490928,3.3949737989624,2,1,-0.123966723420419,1,0
2088,0.0161573095706915,2.10783154253208,1,0,-0.0151501358054165,0,0
2089,0.196472093667578,3.06275635173112,2,1,-0.489753136100731,1,0
2090,0.546745365071628,3.01293340822061,0,0,0.0878703402759759,0,1
2091,1.84831865848799,4.81946406446216,2,0,-0.877245210082323,0,0
2092,0.376270477039119,0.819135779375552,2,0,1.62701238894533,0,1
2093,1.48403163994651,3.23373657949108,1,1,-0.0792081618098038,1,0
2094,0.138588706025232,0.644803613792808,2,1,0.752949862679416,1,1
2095,0.883934283356187,2.81215890278613,2,1,0.27719080104551,1,1
2096,0.604186872951686,0.743208909666467,2,1,0.848680036852507,1,1
2097,0.564278077541126,0.634946624437968,0,0,-2.28392801337713,0,0
2098,0.575169915747311,1.85400449654386,1,1,-0.74823505086812,1,0
2099,0.0418608869451476,3.19205705799789,1,1,-0.392507893302289,1,0
2100,0.0860675190836994,0.683372019121698,1,1,-0.493243053287207,1,0
2101,0.999783063839695,1.88920078232698,1,1,-0.719780670303057,1,0
2102,0.549199419716994,0.565810928265856,1,1,0.444548043311394,1,1
2103,0.765693831361002,2.46839726946097,2,1,-1.56178859985668,1,0
2104,0.355532332305011,0.457555250414717,1,1,-0.891524959742652,1,0
2105,1.4139443466766,1.74573166989826,1,1,0.226817760688912,1,1
2106,0.0580431098371876,0.646760354857821,2,0,0.563466021407219,0,1
2107,0.0678100007792373,0.405030511153486,1,1,0.94277216447859,1,1
2108,0.611046927256717,0.689267685695027,2,1,1.06452551447687,1,1
2109,1.61540174757704,2.89384472201818,1,1,-0.394408690950084,1,0
2110,0.416674732437564,1.36261346641363,2,0,1.30212117930246,0,1
2111,0.56141768116504,1.00849607118155,1,0,-0.896726753599552,0,0
2112,0.301801312404374,0.789771228408947,2,1,1.24668052133517,1,1
2113,0.178606192246427,0.356377280147046,2,1,-0.42891735841387,1,0
2114,0.0795489512605596,1.67582857847276,1,1,0.00258367330965981,1,1
2115,0.231526232973851,1.35080592216214,2,1,-1.08024509206066,1,0
2116,2.15409902846419,2.79523044514159,0,0,0.171737401517017,0,1
2117,0.156091193825735,1.22891503630365,1,1,1.08766169280507,1,1
2118,0.0184888951480389,0.455050185004204,1,0,-0.0224487046413378,0,0
2119,0.191076731929123,1.17392401720725,2,0,-0.00671214324216556,0,0
2120,0.159437474794686,0.471294024113037,0,1,0.441755500692108,1,1
2121,0.110660510751178,0.243564154399948,2,0,-0.721472912421184,0,0
2122,0.186188179585669,1.61935955183677,2,0,0.79824783270096,0,1
2123,1.52250231652923,1.64045467334123,2,1,0.153870407092382,1,1
2124,0.212616188865569,0.233721365871182,2,1,2.07566261029189,1,1
2125,1.07605868531897,4.47924025215021,2,0,-0.175558365273307,0,0
2126,0.0186006331609355,0.399929043096292,1,1,-0.064485501381295,1,0
2127,0.104030770146185,0.828384921479894,2,0,0.163356439571037,0,1
2128,0.0287396957476934,0.120258522838118,1,0,0.978039600868128,0,1
2129,0.369497499325209,1.7611160080658,2,0,0.378831282480634,0,1
2130,0.840908063763781,1.57539625180619,1,1,-1.54347591511026,1,0
2131,0.194104360720633,3.63278071162401,2,0,-1.73477334088223,0,0
2132,0.212993384856317,0.932145443925971,2,0,0.368234216829757,0,1
2133,0.0382945451913584,0.770647845211919,1,1,1.55186501521066,1,1
2134,0.65190442579074,2.10189168155707,1,0,-1.24843091229814,0,0
2135,0.177509155962013,3.57460541637216,2,0,0.116793727190955,0,1
2136,0.0234724136625842,0.274335475017627,0,0,-0.809072587925422,0,0
2137,0.815930215130565,1.22131308230227,2,1,2.36751669715643,1,1
2138,0.335424461130478,0.899279233846125,0,0,0.479939678304532,0,1
2139,0.159304538845188,0.319732991555885,2,0,1.2373540674144,0,1
2140,0.386462069594384,0.693471795966583,1,0,0.164510631717926,0,1
2141,0.00040846514619059,0.699993380328646,1,0,-1.12865896302019,0,0
2142,0.60579410702404,2.17695670369381,2,0,1.08886239947656,0,1
2143,1.31120920383567,3.0872022267431,0,0,-0.965380196699621,0,0
2144,0.735463424999681,1.99800794252755,1,0,0.563283784857726,0,1
2145,1.75763659907182,2.16995284582178,0,0,0.504908140373951,0,1
2146,0.0253346003592014,0.0597835205457458,2,1,0.0715395623838195,1,1
2147,0.544794603354401,1.02835738122724,1,1,0.420446290292635,1,1
2148,0.45172633092616,1.41363944858313,0,0,2.27361320540931,0,1
2149,0.775705589348754,0.932489816874776,1,1,-0.472934694632485,1,0
2150,0.390265913576716,1.82394790793956,2,1,-0.185938389757728,1,0
2151,0.331758354376386,1.67718738007049,0,1,0.132384524099181,1,1
2152,0.451948034266631,0.587420911335373,2,0,1.789814459546,0,1
2153,0.051034518207113,1.46508633459213,1,0,0.00776335082799565,0,1
2154,0.746575618783633,3.04222107965867,2,1,0.198558544672399,1,1
2155,0.0690892680237691,0.884719416254,1,0,-0.15896958350461,0,0
2156,0.451114489179519,0.485591028588397,2,1,0.305641341702142,1,1
2157,0.148733757539756,0.948912650928407,1,0,-1.86484623056105,0,0
2158,0.381484870902366,0.63880027246922,0,0,0.37305935583923,0,1
2159,0.292788959729175,1.10585257893672,1,0,-0.606548742689499,0,0
2160,0.205419387550388,0.415645536903847,2,0,-0.643121523559532,0,0
2161,0.332053182646632,0.658412251776969,1,0,2.49212170943255,0,1
2162,4.08803592723118,4.09532091601644,2,0,-0.0273951801091225,0,0
2163,0.0868445883194606,0.416254259644389,1,0,0.506159995798818,0,1
2164,0.0219142157584429,0.606699532370442,2,0,0.793138518930315,0,1
2165,0.591433577032553,0.769931710237582,2,1,-0.785612115341849,1,0
2166,1.68760545969376,1.90998171680342,2,0,-1.57961919923421,0,0
2167,0.469485514842254,1.24745989218354,0,1,0.191846667075497,1,1
2168,0.824715200144066,2.39018696152509,2,0,-0.191709631340663,0,0
2169,0.457698042433612,1.07236730438116,1,1,0.685130205007006,1,1
2170,0.863896840101825,1.58096525172898,2,1,0.90605353988245,1,1
2171,0.489814409779178,2.56758574085931,0,1,-0.152912839020036,1,0
2172,0.712102339085605,1.2208369486962,1,1,0.00768475199814761,1,1
2173,0.0568620148079844,1.56686223222817,2,0,2.26609602502393,0,1
2174,0.483827753406432,1.1845500164192,2,1,-0.0359060983153204,1,0
2175,0.720621058199969,5.61514946953553,2,0,1.33753530200633,0,1
2176,0.0324034747771091,0.618502894140561,1,1,0.780278019843915,1,1
2177,1.07401137132083,1.19935534273585,0,0,-1.0931481689065,0,0
2178,0.228226428468773,0.452727633302482,1,1,-0.130296855636572,1,0
2179,0.198662496500262,1.38365130954616,2,1,-0.508901067030064,1,0
2180,0.0431247774261455,0.122490975384911,0,0,-0.694741980465637,0,0
2181,0.608080999615292,0.953328150160826,1,0,0.458836939864178,0,1
2182,0.422592635473443,0.80253203500163,1,1,0.188350898684279,1,1
2183,0.222014243536137,0.403079546749723,1,0,1.38063539959557,0,1
2184,1.22232920589018,2.290942314096,1,0,-0.818305539244389,0,0
2185,0.50579477308525,1.49978153047875,1,0,-1.20964877354642,0,0
2186,0.310360592686468,1.22408575558004,2,1,1.07665044561125,1,1
2187,0.336272201190392,1.97799199525836,2,0,-0.184196748119874,0,0
2188,0.876918064524325,1.73002995057034,2,0,1.6431285792589,0,1
2189,0.809579474302376,1.55837594601916,2,1,0.726685673599571,1,1
2190,0.059274683913423,2.22069857154587,0,0,-0.391297658272844,0,0
2191,0.947279432327893,1.02861948534816,2,1,-1.49465958642057,1,0
2192,0.0584716054921349,1.64580617443166,1,1,0.0673724161613401,1,1
2193,0.152310266469916,0.423705865818114,2,1,0.0305787132039494,1,1
2194,0.0917298134623302,1.95277236115209,1,1,0.611848812832918,1,1
2195,0.201418782687849,0.279768621130208,2,0,-0.822368734450231,0,0
2196,0.0556479063298967,0.593521681583203,1,1,1.07174575682839,1,1
2197,0.570188807323575,1.36461987796621,1,1,1.46568901824046,1,1
2198,1.34992634148533,2.25968251625697,0,1,0.471559130656984,1,1
2199,0.578165546887451,3.70089288753832,0,1,-1.75331442601663,1,0
2200,0.269645263130466,1.64797744144782,2,0,0.0691316192995754,0,1
2201,0.861005506898455,2.66364904846362,2,0,0.747802579826101,0,1
2202,0.721303172823456,2.01542525552213,0,0,-0.942839628853202,0,0
2203,0.748915875123607,1.44932015766935,2,0,1.67667556567353,0,1
2204,0.107836703211468,0.484782432228173,2,0,1.95471292963068,0,1
2205,0.966445719988027,2.47753764146664,1,0,-1.07216259442542,0,0
2206,0.148566715522773,0.456469950648925,1,1,-0.0902611109676933,1,0
2207,0.0178409764441534,0.279087748381057,2,0,0.744526140990296,0,1
2208,0.0191110015620052,0.0374010178659284,2,1,1.99690091890868,1,1
2209,0.365585828613904,0.973132469892479,2,1,0.966683051073632,1,1
2210,1.19919545895148,1.99887049830391,1,1,0.138963926099631,1,1
2211,0.851124673000323,0.956670717955885,2,1,0.843047700180161,1,1
2212,0.331580329764784,2.48934866478997,0,0,0.337196750059006,0,1
2213,0.132986129089413,0.851021298582268,1,0,0.402596383039024,0,1
2214,0.0630974477387546,4.59371681845058,1,0,-0.991610491388458,0,0
2215,2.34089644197859,4.0420160986748,2,0,1.30899351311126,0,1
2216,0.73151389343871,1.06675780229348,1,0,-0.0535668524667677,0,0
2217,0.611255335518056,0.669452536077617,2,0,1.83169133200793,0,1
2218,0.297112710049921,1.85145143030723,1,0,-0.694754747058119,0,0
2219,0.0164335721133073,0.0561723010083989,1,1,-1.08425524433443,1,0
2220,0.107825180101726,0.221194887033463,2,1,0.181829215728867,1,1
2221,2.66463581665593,4.04386144347666,2,0,0.194732502202856,0,1
2222,0.368576210199131,1.92744392636718,1,0,1.09961831169261,0,1
2223,0.546771862085675,0.903431464480489,1,1,0.915457955664516,1,1
2224,0.0457876356732514,0.948508977890015,0,1,-0.882578853955515,1,0
2225,0.0879073613840673,0.728623817364375,0,1,-0.454629612814068,1,0
2226,0.0704950350903762,1.84779561966625,2,0,0.293893339144777,0,1
2227,0.639524601089458,1.11366818453842,2,0,0.866083435684627,0,1
2228,0.231162820321818,1.47355480995734,2,1,1.17012286334142,1,1
2229,0.82026261935103,1.26236760982558,1,1,1.72858875792573,1,1
2230,0.11933733225898,0.270279901475966,1,1,-2.44598151935056,1,0
2231,0.577010741043422,1.75242097710074,1,0,-0.0806782526872269,0,0
2232,0.0204849025855462,0.720564776162271,2,0,1.28757960645272,0,1
2233,0.0529933420257921,5.33893178821331,2,0,-0.133036046399379,0,0
2234,0.416212362858156,0.783574084440867,0,0,-1.14846439591785,0,0
2235,0.49994172476646,0.953869254638751,0,0,0.43705720212773,0,1
2236,0.50404888112098,1.54858857894335,1,0,-0.300900205004504,0,0
2237,0.254351189879413,0.726020118795477,2,0,2.21856438157326,0,1
2238,0.442375152164863,1.95545889467006,1,1,0.312592231475398,1,1
2239,1.20072242997444,1.27055432026585,0,0,-0.187817222470368,0,0
2240,1.34601380360923,3.23606086206725,2,0,-0.452089206696812,0,0
2241,0.11352570882688,1.4923786932684,2,0,-1.10986700377116,0,0
2242,0.876319090603371,1.58552070675237,1,1,0.468853255106458,1,1
2243,1.06828103981765,1.59433183012009,1,1,-1.34106599558333,1,0
2244,0.212227566861551,0.400645614910845,2,0,0.174918985829007,0,1
2245,0.468575089859466,1.56723892626663,0,0,-0.928659869414775,0,0
2246,0.434032504176958,0.481822437492871,1,1,1.16308522724903,1,1
2247,1.34743931284681,1.82540322033068,0,1,-0.624134048245411,1,0
2248,1.36589605363191,1.43232328525548,1,1,-1.24850307648994,1,0
2249,0.398777937385134,1.80657524925967,0,0,-1.59573517448502,0,0
2250,0.906686537705085,4.90469611143967,2,1,0.0289430876501512,1,1
2251,0.0173471981866492,0.579435686699586,2,1,0.137621180755866,1,1
2252,0.0852234944746836,0.574460959225084,1,1,-0.172205322253115,1,0
2253,0.34162467445674,0.888347328553401,2,1,0.687180114105052,1,1
2254,1.07287624862924,6,0,0,0.606785565132558,0,1
2255,0.0264347736908123,0.352752221693702,1,0,-0.376851337514449,0,0
2256,0.296258551661345,3.42098964374383,1,0,0.638246627614249,0,1
2257,0.936130975429893,2.43472466914133,2,0,0.201027792661675,0,1
2258,0.149043388664722,0.500701246716886,1,1,-0.682431539595768,1,0
2259,1.12784110315443,1.64649673427145,0,0,-0.0466508733544621,0,0
2260,1.66181520356402,1.76670600259611,1,1,0.438980890086143,1,1
2261,0.842735432232694,1.68826541117594,1,1,-0.350579566963004,1,0
2262,0.561532732959757,2.66561580724309,1,0,-1.17727548135949,0,0
2263,1.0181138560537,2.4583663501,2,1,0.890747263897044,1,1
2264,0.22296247486439,0.333448034667956,0,1,-1.07023871555858,1,0
2265,0.708491571454538,0.813826747952166,2,0,1.03440302939467,0,1
2266,0.32596516629888,0.620803194535369,1,1,-0.314589903078987,1,0
2267,0.167828899125148,0.249744923785329,0,0,0.914286175372298,0,1
2268,1.42680886507334,1.61250627029096,1,0,-2.67925980474699,0,0
2269,0.102349468602061,0.368538204094612,0,1,-0.20047978928991,1,0
2270,1.11263332094156,3.29398344015284,1,1,-1.54365184319871,1,0
2271,0.228153435776117,0.248541933331263,2,1,-0.192388375093802,1,0
2272,0.217779342742446,4.56261582509517,1,1,-0.246146594640198,1,0
2273,0.338251656956143,1.26301089922587,0,0,-0.317192769993939,0,0
2274,0.118846774308218,0.380342624520159,1,0,0.725991144435726,0,1
2275,0.637761472931339,3.55842966041491,2,0,0.606478869347927,0,1
2276,0.389534887961215,0.491382358880079,1,1,-1.92390034878717,1,0
2277,1.86932191657294,6,0,0,-1.25498068068352,0,0
2278,0.00879803103291326,0.648205369220071,2,0,1.34745481918241,0,1
2279,0.0975162697357194,1.10752134080172,2,1,-0.4359698288543,1,0
2280,1.28722525921432,1.9956534386052,1,1,1.49223147348353,1,1
2281,0.55180205540075,6,0,0,0.479142974811775,0,1
2282,0.340046379715204,3.54513030204376,2,0,1.02054611354579,0,1
2283,0.31223617390626,1.15472787059844,0,1,-0.68793490702597,1,0
2284,1.07033603613047,1.17776250033418,1,0,0.834397100960678,0,1
2285,0.426652636379004,0.726818834814209,1,0,-1.40298232037013,0,0
2286,0.0112430944424902,3.53065672197968,2,0,-0.796295650155071,0,0
2287,0.860260448070882,2.05284393786893,2,1,0.1744061481177,1,1
2288,0.405483078211546,0.822789065809631,1,1,1.2022668112168,1,1
2289,0.492278048251238,0.993159375027085,1,0,-0.413883598361443,0,0
2290,0.165548261461986,2.98850354321311,1,1,1.00865662549864,1,1
2291,0.575696138354639,4.15768191383718,1,1,0.473825236441208,1,1
2292,0.0756333881625383,1.21911919831316,0,0,-0.659436712714228,0,0
2293,0.354022954318103,1.33497334085405,0,1,-1.50701484300305,1,0
2294,0.305334765774508,0.517215849469961,2,1,0.357170031191236,1,1
2295,0.0312745772923032,0.796391069889069,0,1,1.34469458464883,1,1
2296,0.085994109718336,0.159225331012469,2,0,0.934164065343024,0,1
2297,0.4379177937898,0.867672628861303,1,0,-0.233022775526791,0,0
2298,0.571517548523843,1.05084866129087,1,1,0.268981352286321,1,1
2299,1.17032563309174,1.23273486235827,2,0,0.381477625848636,0,1
2300,0.324703490672012,1.91500606889638,2,0,-0.349156252112266,0,0
2301,0.289639549122916,0.501262880202958,1,0,1.1039360035225,0,1
2302,0.544285174278511,3.01743928653499,0,0,-1.64791477457878,0,0
2303,0.219810517938426,0.688221329436324,0,0,-2.1638604604161,0,0
2304,0.715947471455567,0.791325494275541,1,0,-0.349909127819187,0,0
2305,0.19352464390372,0.987759899528244,1,1,-0.92533495392722,1,0
2306,1.40722841433652,2.28261709390696,1,0,0.0201342777865423,0,1
2307,0.319981635548174,0.487569815537204,1,0,-0.826747986419643,0,0
2308,0.142995730623914,0.944489109623149,0,1,-1.17608010281382,1,0
2309,0.371059881937173,2.92216265591879,2,0,0.447865785342921,0,1
2310,0.264571875644227,2.48277956309418,0,0,0.617397637398707,0,1
2311,0.409767008083289,0.68179079085604,2,1,0.642330581289053,1,1
2312,0.399235904527207,0.418179390359134,0,0,0.967651843503868,0,1
2313,0.276278484315476,1.0584166849995,2,0,0.39033776455698,0,1
2314,1.05343025565613,2.03199552372098,0,0,0.0615602397217516,0,1
2315,0.141544513068479,1.37956759444648,2,1,-0.222869163964272,1,0
2316,0.297487686491675,1.21656464632788,1,1,-0.455192632438046,1,0
2317,0.040491343209473,1.99603829335952,2,0,0.520765718300182,0,1
2318,0.0663988255770808,0.52678424150381,1,0,0.582243241195015,0,1
2319,1.57655995695064,1.7647219909475,1,1,0.776496442889729,1,1
2320,1.09766749143072,1.56703452843159,1,1,-0.508793436237725,1,0
2321,0.127480455423181,1.16801129115869,2,1,-1.33121105130477,1,0
2322,0.962210587695222,1.18637796528167,1,1,1.19810922879097,1,1
2323,0.153222416217128,0.159695746824323,2,0,0.0844021618253526,0,1
2324,0.230179885592822,0.777084573481116,2,1,-1.2054946945834,1,0
2325,1.07313995660373,1.25866199083309,1,0,-0.046299179753889,0,0
2326,0.515794279571209,1.79560322274011,1,0,1.16307634563314,0,1
2327,0.813772180588391,0.843563650760331,2,0,-0.61299191182899,0,0
2328,0.181742957538379,2.02894865282694,2,0,-0.770690235400171,0,0
2329,1.79655963620397,2.39468629507443,1,0,-0.536428377094189,0,0
2330,0.203363343866335,3.62256786478478,1,0,-1.12571490128577,0,0
2331,0.979297544967479,6,0,0,-1.39611945867959,0,0
2332,0.245438574606346,0.39484983339539,1,0,-0.469666027592584,0,0
2333,0.529517296566422,2.26226143341599,1,1,-0.344104374728513,1,0
2334,0.0711630870199034,0.696502139045576,1,1,-1.9579257273208,1,0
2335,0.220576788609227,0.338607197041492,1,0,-0.327902947559718,0,0
2336,0.583319764894744,1.29583053162704,1,1,-0.264316009029087,1,0
2337,0.206650477937526,1.1376572255575,2,0,1.87716879747831,0,1
2338,0.200500004307582,0.389586266126286,1,0,0.475683820575652,0,1
2339,0.598861911954979,1.12769639320401,1,1,-0.632565538383914,1,0
2340,0.0351405799276905,1.62428057100432,2,0,0.485482952861296,0,1
2341,0.0776020749157308,0.244761135210757,0,0,-1.49614627576752,0,0
2342,0.480215010854105,0.635359807521806,2,0,-0.194632069849346,0,0
2343,2.85565582193504,2.86120102032393,2,0,-1.66265064160076,0,0
2344,0.583221689901418,3.34249892912474,2,0,-0.821473159234385,0,0
2345,0.199123777760932,0.476780267884738,2,0,1.70151926014523,0,1
2346,1.09307625119356,2.48820240228693,2,0,0.333269227308129,0,1
2347,0.352474328175884,0.770038737955437,1,0,0.328203909144163,0,1
2348,0.162857801963886,0.688161677596571,2,0,-0.830047403059127,0,0
2349,0.633161899426745,1.26441600111624,0,1,1.39372931015951,1,1
2350,0.233584502532015,0.700089576961286,1,1,0.132665315002608,1,1
2351,0.0933775529684353,0.503024902816384,1,1,0.606297828700556,1,1
2352,0.228243310314914,1.31708517453814,2,0,-0.222789749306542,0,0
2353,0.107245181194981,0.33057771519328,1,0,-0.56381460384027,0,0
2354,0.00845793893353807,1.39437595217667,1,0,-0.149195102953237,0,0
2355,1.13184124537112,6,0,1,-0.670407088187303,1,0
2356,0.477690878841612,4.66084748678325,0,0,-0.764954186186777,0,0
2357,0.123753593331595,1.38919395564337,2,1,0.432622973958783,1,1
2358,0.444298157538657,0.662118685138872,1,0,-1.20929030237319,0,0
2359,0.294260269858771,0.752276413696893,2,0,1.27319520500996,0,1
2360,0.381097460889982,1.45049517036484,1,0,-0.152636689529679,0,0
2361,0.95077947708767,2.64893921402593,0,0,0.790177530956594,0,1
2362,1.2223015766538,1.33876861412817,1,0,-0.48869921932371,0,0
2363,1.02469739809932,1.03580584615082,1,0,1.13499089015055,0,1
2364,0.742126902979281,1.32786410636523,2,0,2.39691049288154,0,1
2365,0.829669551784382,1.3079316192798,1,0,0.722578553376975,0,1
2366,0.0477858372454938,0.387598888453533,2,0,1.37034521621955,0,1
2367,0.0735338047094876,1.16741339610735,2,1,0.259968776591364,1,1
2368,1.78207511279917,2.74407766949647,1,0,0.329068446026546,0,1
2369,0.394260700688594,1.24121084513067,2,0,0.101496453846293,0,1
2370,0.171440289064329,1.75376622142154,2,0,-1.06400650410167,0,0
2371,0.181271454526318,0.490820950517267,1,1,0.166934788873594,1,1
2372,0.056537304384013,0.306556235549318,1,1,0.174593416309943,1,1
2373,0.168492579832673,0.171570592902385,2,1,0.597383176102115,1,1
2374,0.223418208195412,1.75537367367844,1,0,-0.987392963244872,0,0
2375,0.201783613819215,0.567720895709634,1,1,-0.205565533551451,1,0
2376,0.35169064739926,0.530714016833398,1,0,1.26235902087747,0,1
2377,0.363905710271663,0.774426592229063,2,0,0.243731447141281,0,1
2378,2.7977725717184,4.48868884561383,2,0,-0.547550380955112,0,0
2379,0.0496375617674655,2.27776402935976,1,1,0.996319666445089,1,1
2380,1.18657832753627,3.28616982610915,2,0,-1.2388166987322,0,0
2381,0.429935912187729,0.929595113559785,2,0,0.732760228356557,0,1
2382,0.530361970305408,0.55753312008283,0,0,-0.541249978621736,0,0
2383,0.0318073967678679,6,0,0,-1.32349574390509,0,0
2384,0.558249215181503,2.28217396235569,1,1,-0.285371106282095,1,0
2385,1.03300851351157,1.61674944014727,2,0,-0.188514417917063,0,0
2386,0.0427832814458297,4.89554846946347,2,0,1.12775864650881,0,1
2387,0.09460366744962,0.800583964834611,0,1,0.901936835273267,1,1
2388,0.449394388351871,0.795113781187027,2,0,0.569993072885447,0,1
2389,0.283284223017593,0.960450559906206,2,1,0.0436803257723399,1,1
2390,0.509124692115519,1.09643429359345,1,1,-0.81878593087126,1,0
2391,0.766680907044146,0.891010294142606,1,1,0.689468276956399,1,1
2392,0.151817958141632,2.72608401826222,2,0,1.1121690937034,0,1
2393,0.960853662709077,4.74992582382444,2,0,0.735661039894194,0,1
2394,0.424017174583342,0.592443041075627,1,0,-0.53051444432912,0,0
2395,0.311136927662624,0.987744346063654,1,0,0.571008471576688,0,1
2396,0.269737529756977,0.335376475595302,1,0,0.453868351793126,0,1
2397,0.812727593809959,1.94261988801133,2,1,1.12845115381332,1,1
2398,1.79078578732679,2.20823068489414,1,1,-1.3388253579078,1,0
2399,1.01886163874932,1.66214063420208,2,0,-0.420387040927191,0,0
2400,0.245597685894205,1.67933682746879,1,0,0.652885028366596,0,1
2401,0.157857350772998,1.45275230561589,1,1,-1.20150333502543,1,0
2402,0.401439783163369,0.832680420329173,0,1,-0.971220968083323,1,0
2403,0.90732326140289,0.908617993407817,1,1,-0.804567298739869,1,0
2404,1.64174102237426,2.69452701345594,1,0,0.254945060075664,0,1
2405,0.0385526883312398,0.537888706260755,1,1,0.997815896201398,1,1
2406,0.155189420717458,0.222199007342146,2,1,0.913317525013784,1,1
2407,1.03281515231862,1.96012494277497,1,1,-0.445947713115048,1,0
2408,0.321332345613175,0.533759905865061,2,1,0.55137871744399,1,1
2409,0.742394132022229,1.35579918141219,1,0,-0.939404352354026,0,0
2410,0.111843571281377,0.525285724223529,2,0,0.993152225339365,0,1
2411,0.0473016510213942,2.17487103791366,2,1,-1.62356912050597,1,0
2412,1.00853618465801,1.61482383702703,0,0,-1.1214600128941,0,0
2413,0.019407347879476,1.06252793181134,1,0,-0.438190487444042,0,0
2414,0.768403047695756,1.37286668291833,0,0,0.201401549757191,0,1
2415,0.824062077074925,6,0,1,0.00706840653084888,1,1
2416,0.601838563775851,1.6270687058568,0,0,0.558529708273086,0,1
2417,0.054741390566859,2.33898693227698,2,0,0.86258876228575,0,1
2418,0.56635455487089,0.901400223374367,0,1,-0.254377877870173,1,0
2419,0.353578904954096,0.428332075427268,2,1,1.33070987595582,1,1
2420,0.516669975800647,0.770962917234254,1,0,-0.0368636620130556,0,0
2421,0.52906049001548,1.39099601981917,1,0,-0.290065900894626,0,0
2422,0.443747652591103,0.873237772664631,1,1,-0.741094900205378,1,0
2423,0.68104037652827,0.685092189038793,0,1,-0.519384966380583,1,0
2424,0.148153573585053,0.633146235582591,2,1,1.34446758974708,1,1
2425,1.60488530156284,1.90733644310226,1,1,-0.696197316813721,1,0
2426,0.134570652412044,0.688514028826746,1,1,-0.324069342796876,1,0
2427,0.229162289243605,0.591525494302164,1,1,-1.68189277099966,1,0
2428,0.0806903544192513,1.59455214768257,2,0,-0.506363503202897,0,0
2429,0.493657357162899,1.78215275370813,2,1,-0.360419241247471,1,0
2430,0.0590372059701218,1.74057504352809,1,0,-0.153775048910421,0,0
2431,0.324206153551737,1.85437462603052,0,1,1.9518597320518,1,1
2432,1.3488872183227,1.47171773339373,1,0,0.394640534688877,0,1
2433,0.34584341570735,0.490300092619683,2,0,-1.36180601225415,0,0
2434,0.0981835420760844,0.811094372725748,1,0,-1.27738775941071,0,0
2435,0.160736062514586,0.174516725227928,2,1,0.666104420233037,1,1
2436,0.439951256848872,0.602238931680978,1,1,1.21532292490736,1,1
2437,0.892643941933592,1.12792081758101,2,1,-0.861889695357515,1,0
2438,0.349686103872955,0.458846610557947,1,1,1.74484753835919,1,1
2439,0.590203749015927,3.75973758944892,2,0,1.24445623594534,0,1
2440,0.0894638166452448,0.545702784994049,1,0,-1.03281897108877,0,0
2441,0.0645207302907616,1.29296691835813,1,0,-0.117354912991972,0,0
2442,0.468856582625045,1.03172213984689,1,1,-0.966229321490322,1,0
2443,0.0885717803612351,1.0729552184542,0,1,0.0344889615095722,1,1
2444,0.228148988034162,4.03618640966587,2,0,-0.0264389043586265,0,0
2445,1.0183453479479,1.14435402478842,1,1,1.16723074766332,1,1
2446,0.190973217702574,2.01492781260348,1,1,0.170580093381433,1,1
2447,0.439343204842565,1.08016242954413,1,1,-0.987244608564572,1,0
2448,0.252992068934772,1.7048702594216,1,0,0.286494732076004,0,1
2449,0.610783765506413,1.46370543416172,2,0,-0.223804051417614,0,0
2450,0.0865563673879359,0.116992707376026,1,1,-0.427620071764378,1,0
2451,0.482585878732304,1.42957137865308,1,1,0.778192060939753,1,1
2452,0.236765128146443,0.92891141460449,1,1,-0.391155881829242,1,0
2453,0.135521054164403,3.77993844047318,2,1,-1.07136344710867,1,0
2454,0.386412995010001,0.673023476700385,1,0,0.793329727236838,0,1
2455,0.0887873901561182,1.26485023061842,2,1,-0.562326829959071,1,0
2456,0.0726003241207865,1.10900469493791,1,1,-0.811522377631244,1,0
2457,0.12725913638456,0.432879617371274,1,1,0.4883042120917,1,1
2458,0.190662397589121,0.489931146924694,0,0,-1.05890302008146,0,0
2459,0.88383921210436,1.04360762379113,1,0,-0.210254567871674,0,0
2460,0.0810931746159948,1.77554861841558,1,1,0.0103849572784408,1,1
2461,4.05431857181198,6,0,0,0.197910805902441,0,1
2462,0.506480520901581,2.88403976335611,1,0,-0.674728786190351,0,0
2463,0.343563437394212,2.48088205871113,1,1,0.032594979463841,1,1
2464,0.20765475049201,0.419230859955557,1,1,-0.893384443831852,1,0
2465,0.231941782131531,0.538548442407603,1,1,-0.346524142344987,1,0
2466,0.629194337978131,0.75127171145992,1,1,-0.283951632177454,1,0
2467,0.00422497968488927,2.26517357242604,0,1,0.509598992633372,1,1
2468,0.898972111449544,1.72843697012196,2,1,1.0663075126968,1,1
2469,0.278348261585198,0.495066982567155,2,1,0.240084286300753,1,1
2470,0.486796399474972,1.31182359178415,1,1,0.0353216885246545,1,1
2471,0.405240725039571,0.655950724288827,1,1,0.219223397290715,1,1
2472,0.29997086696548,2.54953197504309,1,0,-1.07614434693069,0,0
2473,0.068694934145444,0.925474749646265,1,1,0.128818495570551,1,1
2474,0.512372254807916,0.611103866992781,1,0,-1.60496819603788,0,0
2475,0.876985296767301,1.33382427002327,2,0,-0.102835349834228,0,0
2476,0.00781225390772348,0.047738328576088,0,0,-0.389172857884984,0,0
2477,1.39677607967093,1.51577232596095,2,0,0.583576312248928,0,1
2478,0.137654058117833,4.9858470250161,1,0,0.509136171722385,0,1
2479,0.233127599995997,0.960650229912568,1,1,-2.27591144280705,1,0
2480,1.26598338177934,5.91311749068964,2,0,-0.562711532831619,0,0
2481,0.404656539446971,1.45982142423807,0,1,-0.0874813465145237,1,0
2482,0.0349278446151319,0.178921767784841,2,1,0.849636830916726,1,1
2483,0.4545997046969,2.5568906072374,2,1,-0.557173798080397,1,0
2484,0.805669594139995,1.4370121891865,1,1,-0.68671489345365,1,0
2485,0.985398856462386,1.04764104875632,1,0,0.000715275214218947,0,1
2486,0.133474840161701,0.227528192967452,1,1,-0.889002351180115,1,0
2487,0.498204842830698,2.30263638708048,2,0,1.11116336750334,0,1
2488,0.010722046064013,0.493533588192182,1,0,0.225118883358447,0,1
2489,0.132718282104431,0.369989095869808,1,0,0.1125722692513,0,1
2490,0.58263195782072,1.22554576006496,2,1,1.00079362458793,1,1
2491,0.0219786477585634,0.295641914821799,1,0,0.461823399494496,0,1
2492,1.20879012638791,2.66357397273101,1,0,0.0650674557548973,0,1
2493,0.0229770681411624,1.63395133385115,2,0,0.823307452607889,0,1
2494,0.125385951250792,1.94193157128985,2,1,-1.18118211321164,1,0
2495,1.94022958979575,3.47829606185606,1,0,0.272556420423845,0,1
2496,1.33998716141914,1.34524228777124,2,0,-0.869491423129633,0,0
2497,0.171021026973095,0.767599696627882,1,0,-0.193674962816021,0,0
2498,1.09391340463825,4.01996769417752,1,0,-0.402118449005254,0,0
2499,0.342420595180657,2.85153193208694,2,0,0.538049482061459,0,1
2500,0.247650511769785,0.577414478926453,1,1,1.46342891857792,1,1
2501,1.09190307035514,3.2115413986104,2,0,0.470304806145652,0,1
2502,0.0733020120527731,2.29385211444388,1,1,-1.06319066683136,1,0
2503,0.482032058967484,0.619037951412901,2,1,0.672361859282962,1,1
2504,0.0569388192767898,0.220933299398866,0,0,1.30318152881768,0,1
2505,0.722356317047444,1.21177007071027,2,0,0.224005654039714,0,1
2506,0.370348899935683,1.38242887668897,1,0,0.78454057059767,0,1
2507,0.389985395595431,2.66841808080112,1,1,0.114403945171143,1,1
2508,0.0343966359893481,0.180655233969725,2,0,2.08565800016033,0,1
2509,0.416938363988366,0.667882179841399,0,0,1.06448047585228,0,1
2510,0.0400566992302437,1.70533571668491,1,0,0.0832117945121866,0,1
2511,0.0801615256609188,0.418230795707852,2,0,-0.550764979800918,0,0
2512,0.194252949619215,0.308822863189133,0,1,-0.108981172608277,1,0
2513,0.958464487098668,1.96735224065681,0,1,-0.672160841854168,1,0
2514,0.0595163832868785,0.597195618910555,2,0,0.157402916407526,0,1
2515,0.0630312531979548,0.520994855408962,1,1,-2.4637539903433,1,0
2516,0.182215682644811,0.517732618673212,1,1,-1.01385029039891,1,0
2517,0.403336164955464,1.11250810473356,2,0,0.227359422422306,0,1
2518,0.190568064897898,0.317692284594305,1,0,0.019435201283853,0,1
2519,0.0171699343870084,0.671823724693053,1,1,-0.959134142426482,1,0
2520,0.222456462474333,0.629385420441835,1,0,-0.233575360463338,0,0
2521,3.24497733660412,4.29257001563859,2,0,-0.567414516626762,0,0
2522,0.73906046907521,2.03188135382654,2,0,1.22032321098345,0,1
2523,2.81138414503042,3.23206018197566,2,0,-0.906780380247623,0,0
2524,0.209940214495321,1.11542907597171,2,1,0.393413306070191,1,1
2525,0.129066718638771,0.892740413654271,1,0,-0.816195612990518,0,0
2526,0.786603372145509,2.50077496282756,0,1,0.307668194400571,1,1
2527,0.447441695982383,0.621035134868928,2,0,-1.04609464306351,0,0
2528,1.16878126329317,3.04708454447488,0,1,0.37551111717258,1,1
2529,0.95394231581325,1.35951469617213,1,1,0.466333672073584,1,1
2530,1.02859121225246,1.75631871185495,1,1,0.59875913400153,1,1
2531,0.288938554003835,2.52148707015062,2,0,0.980146777426526,0,1
2532,1.02293958572349,1.70487356927867,1,1,-0.0836747737830161,1,0
2533,0.00495610706922081,0.343689317677642,1,0,-1.73101099730337,0,0
2534,1.76726479442985,3.29652107320726,0,0,-1.14660504683133,0,0
2535,0.00020717072658188,0.754803282519182,0,1,-0.950463103779155,1,0
2536,0.0905335249586238,0.122015161970101,1,0,-0.72516826527478,0,0
2537,1.35700756575798,3.43532807346854,2,0,0.619561558579217,0,1
2538,0.174328698776662,0.791819742032843,0,1,0.493954535301023,1,1
2539,0.701298182312813,0.889132560779438,2,0,0.33807117832717,0,1
2540,0.288333485240917,0.598664905242611,1,1,-2.0292623384877,1,0
2541,0.348214417075117,1.21715885481331,1,1,0.51411606435811,1,1
2542,1.83671788751443,2.69896087225328,2,0,0.875821740460478,0,1
2543,1.75491173077454,3.030248247087,0,1,-1.62909078256842,1,0
2544,0.788694292403222,1.01861977797232,1,1,0.287814579011958,1,1
2545,0.0206760892457703,1.01727444912388,1,1,-0.115719340507988,1,0
2546,0.448235083474881,2.05552271550665,1,0,-0.398408461536726,0,0
2547,1.02746822245718,1.05290664938022,2,0,0.484035965237094,0,1
2548,1.02261660408942,2.12635177615508,1,0,-0.964851335522886,0,0
2549,1.04921484992103,1.33646042229242,2,0,1.29418045976562,0,1
2550,0.647638921315471,0.979107709943519,1,1,0.785704639248612,1,1
2551,0.101284394040704,0.707829299430338,1,0,-0.0128177617707235,0,0
2552,0.0297650881111622,2.0107541090039,2,1,0.282594041181712,1,1
2553,0.0529915979132056,0.0998619136710962,0,1,-0.873418351829858,1,0
2554,0.481713858574216,1.92145342834589,2,1,-0.057915444118261,1,0
2555,2.03665750505794,5.75717540817106,1,0,0.13335750765348,0,1
2556,0.0785222724163037,0.271952650865137,1,1,0.702754011047348,1,1
2557,0.548065667971969,6,0,1,-1.16710405480496,1,0
2558,0.261566874364184,1.39812371201533,1,1,1.8171492030194,1,1
2559,0.0936786330767631,1.01810921083962,1,0,-1.58243608714076,0,0
2560,1.69340778019754,1.97188650004164,2,0,0.335131231068458,0,1
2561,0.283103317746686,1.62786244243933,1,0,-1.34601141299874,0,0
2562,0.876174333148215,1.28212349228022,1,1,-1.25586804775171,1,0
2563,0.523108026116259,2.38286698784168,2,0,-0.8920634208353,0,0
2564,0.280174056275023,1.51483310351521,1,0,-0.137543140995474,0,0
2565,0.00734270646104049,0.67804779709262,1,1,0.237690569435479,1,1
2566,0.0518131853659629,0.798275279192175,1,1,-0.107368736296253,1,0
2567,0.327758301274576,0.366946733341738,1,0,1.21367327166048,0,1
2568,0.0575892933918573,0.966693228110671,0,1,-1.20870152598392,1,0
2569,0.675384145643976,2.36899402175946,1,1,0.0557988612769548,1,1
2570,2.44566430559027,6,0,0,0.541051541657436,0,1
2571,0.929560983092931,2.40906740295216,1,0,0.80486610514935,0,1
2572,0.182772430901726,0.223481008964065,1,0,-0.874068449206637,0,0
2573,0.121466727454207,0.595973431888703,1,1,-0.293380214423129,1,0
2574,0.0920890855660403,0.290546213951132,2,1,2.08534703161432,1,1
2575,0.758019325116442,1.79473208529972,2,1,0.293513219479525,1,1
2576,0.603438053900997,0.677049245872848,1,0,0.220774692536245,0,1
2577,0.0815687216733251,1.78435743477406,2,0,1.34956046133151,0,1
2578,0.0229372963723209,2.01655226028982,2,0,0.582991998948998,0,1
2579,0.660501927175825,1.01259608253879,2,0,-0.323049619766497,0,0
2580,0.802705685524357,1.68489615470442,2,0,-0.645397314981162,0,0
2581,0.174064129177067,1.18380374594341,2,0,1.52045570382091,0,1
2582,1.1525914921062,2.7037341368389,2,0,-0.259906882165012,0,0
2583,0.359335838196178,2.60122982967293,2,0,1.51691345457468,0,1
2584,0.165619037097406,1.99616719217104,2,0,0.0217237886005364,0,1
2585,0.0874432914186876,0.200411623378412,1,0,-1.21194885592104,0,0
2586,0.0648419743125952,1.10463992311606,1,0,-0.230662393269431,0,0
2587,0.402972924316095,6,0,0,0.505423405564665,0,1
2588,0.103694340731535,0.59907712771045,1,1,-0.532557379348324,1,0
2589,0.352710225722856,0.696740671782676,2,0,-0.759281448091291,0,0
2590,0.325809382322153,2.52876658303565,2,0,-0.12471163015459,0,0
2591,2.46887620731431,3.24030616848013,2,0,0.699654748849621,0,1
2592,0.709726229413516,0.874132141403839,1,0,0.0567110782299333,0,1
2593,0.57483497230957,0.955113602080641,1,1,-0.253896377444574,1,0
2594,0.25231234367109,2.26834357847276,1,0,-0.324770587692612,0,0
2595,0.571253472007811,2.04221702251422,2,0,0.418127825739027,0,1
2596,0.499793134319286,1.71440189826304,2,0,-0.57285118363991,0,0
2597,1.01586043377183,1.1192629940274,2,1,0.583563273912314,1,1
2598,0.185763020482328,1.18588333529711,1,1,-1.05151728873205,1,0
2599,0.2033707222467,0.515216346115381,2,1,1.12334237929577,1,1
2600,1.54005645459196,1.66545289223288,0,0,0.0550445685358456,0,1
2601,0.230991799487836,0.906672165638141,1,1,-0.161124755518403,1,0
2602,0.885651844196532,1.29785166210537,2,1,0.870196671842607,1,1
2603,0.243798384132485,1.32952665402348,1,0,-0.127924390079017,0,0
2604,0.0346786813396547,1.35752000397849,2,1,0.115579695819,1,1
2605,0.0816330454324785,0.704186959766895,2,0,1.16364057791414,0,1
2606,0.571379231623358,4.63769067590108,2,0,-0.996193808617657,0,0
2607,0.174571485287362,0.304961356404335,1,1,0.0233868778362137,1,1
2608,0.11733242103623,2.99237029778684,1,0,-2.45267631138137,0,0
2609,0.427774658116202,0.957434776937968,1,0,-1.91723465102359,0,0
2610,0.049754474312067,0.807456325458163,2,1,1.29954950753081,1,1
2611,0.0898069914223419,0.589983711942224,1,1,-0.500988539172352,1,0
2612,2.04675275753232,4.8383317933039,2,0,1.63850017886247,0,1
2613,0.182899151825243,2.02527823663722,2,1,-1.25261236448036,1,0
2614,0.166798785018424,1.04823034757807,1,0,-0.803606207017065,0,0
2615,1.24531410940291,1.83222282708432,0,1,-0.482301598445072,1,0
2616,0.114055478785795,6,0,0,-1.04923877444605,0,0
2617,0.42424111885743,0.769610513381807,1,0,-0.263951200676192,0,0
2618,0.122190278023693,1.26860066715012,1,1,-0.04273014715114,1,0
2619,1.38716429777743,2.07699633824329,0,1,0.610594193424742,1,1
2620,0.263499690012799,0.319055385795641,1,0,1.35944930318474,0,1
2621,0.0197449097930522,0.396619339018783,1,0,-0.582194532998432,0,0
2622,0.654645158081419,2.18479787620405,0,0,-0.279613255319988,0,0
2623,0.141845158197814,0.456489907089333,1,0,-0.36584212664298,0,0
2624,0.000560158100547205,1.41695690231541,1,1,0.812553437984286,1,1
2625,0.11099634019451,0.769046442789193,1,0,-1.59843369499195,0,0
2626,0.16186160242392,0.676100606319341,2,0,0.546124840103734,0,1
2627,0.0167071705477105,0.215168176585693,1,1,-1.20535898435396,1,0
2628,0.00693739598375791,2.79493359848857,0,0,-0.307731182145041,0,0
2629,0.110427529240648,0.493894215780614,1,1,0.444697357105344,1,1
2630,0.278918788550772,5.7016426622586,2,0,0.511769919423546,0,1
2631,0.38952317322946,1.16697354704617,0,1,-1.01647984263404,1,0
2632,0.491551530236999,0.604321661856848,1,0,-1.58330690835202,0,0
2633,1.43181878447832,1.48916094741423,1,0,-0.122156645406091,0,0
2634,1.46294647926557,3.10483144483446,2,1,-0.596443468233573,1,0
2635,0.892919929343907,2.96337980777025,0,1,-0.439571979734305,1,0
2636,0.324731113699575,0.490986273448787,2,1,-0.207100534396416,1,0
2637,0.62612960787697,2.31832045619637,2,1,-0.0185731657369243,1,0
2638,0.163239293811471,0.533944232038259,1,1,-0.0637966589893842,1,0
2639,0.175664217409711,0.254081917786634,1,0,0.720559536663782,0,1
2640,0.627458007464507,1.13885771156383,1,0,-0.37564631209371,0,0
2641,1.22051036291124,2.99564849761391,0,1,0.624408259919767,1,1
2642,0.162431864711456,1.20639514261398,1,0,-1.3999889480383,0,0
2643,0.239950595284,0.801925992090842,1,0,-0.805134132241733,0,0
2644,0.281261374346084,0.868436357161401,1,1,-0.539560161952603,1,0
2645,0.17114502326068,0.670632052577319,1,1,-0.255841637225711,1,0
2646,0.343381111613578,0.859753149220965,2,0,0.363683106220969,0,1
2647,0.85151864721852,2.72137418699761,0,0,-1.21852637888667,0,0
2648,0.251502980892029,0.725902079915007,0,0,-0.41821323354292,0,0
2649,1.39677368617192,5.49012646270075,2,0,-1.28766537446099,0,0
2650,0.633161339080996,1.95137410735091,0,1,-0.813250459845458,1,0
2651,0.0529015068115503,0.398961205838015,1,1,-0.730168909110356,1,0
2652,0.228661717991619,0.706158948995993,1,1,-0.724895518029931,1,0
2653,0.110543729938407,2.61349369114286,1,0,0.0261938390928247,0,1
2654,2.23546166170573,2.25456024140109,2,0,-0.772045056500036,0,0
2655,0.279302993892796,1.11636975734112,1,1,-0.374921736214465,1,0
2656,0.599045576527715,3.38777922773724,2,1,0.401031381163691,1,1
2657,0.152474857556323,0.16044849881804,1,1,0.171579905800176,1,1
2658,0.0668908879712583,1.62870052545169,1,0,-0.315450290232546,0,0
2659,0.559389041736722,2.14462134031339,1,0,-0.0343099737733519,0,0
2660,0.16026739551767,0.692667614931842,1,0,0.307957289614078,0,1
2661,0.289828082968765,0.297156199590546,1,0,-1.08049470818312,0,0
2662,0.553200479502616,1.83611201435645,2,0,-0.316168110431608,0,0
2663,0.190890445435133,2.13608952247737,2,1,1.92152031179954,1,1
2664,0.195107250027386,0.599028904944837,2,1,-0.234115136978474,1,0
2665,1.61400721287546,2.21547134985702,1,0,-0.181049133253967,0,0
2666,0.203347978489857,0.284564071208442,1,1,1.04529087990819,1,1
2667,4.29249004127092,4.46027453462767,2,0,-0.227464802069588,0,0
2668,0.0191462960922056,0.550808116126172,1,0,-1.75164802890905,0,0
2669,0.0770258624106646,0.58439506991525,1,0,-0.898838700238663,0,0
2670,0.907394682114005,1.8524540643229,1,0,1.3539047545056,0,1
2671,0.699120363117092,1.41148224034289,2,1,0.288529440817485,1,1
2672,0.155119650169379,0.371773931401145,1,0,-0.3271530183655,0,0
2673,5.27302654639027,5.37854947411095,1,1,0.202045818996639,1,1
2674,0.0681944056931469,0.0789970050343155,1,1,-1.12723226487208,1,0
2675,0.163094233204093,0.422748049934258,0,0,-0.584692600768061,0,0
2676,0.0926488378706973,0.330168720987608,1,0,-2.61702965907706,0,0
2677,0.490751841312481,1.97364279391532,1,0,0.367307463035487,0,1
2678,0.824124682323598,2.28892768386436,1,1,-0.135677571094356,1,0
2679,0.164750965988665,0.977511422869874,2,0,0.849640164693139,0,1
2680,0.492021946960853,0.894745998605786,2,1,0.0344512557810922,1,1
2681,0.408354316212268,4.67283180178379,2,0,0.654822396328242,0,1
2682,0.163869979377422,0.217436544680277,2,1,-0.308992304975346,1,0
2683,1.15593640749953,2.1971492033576,1,1,1.10288808353466,1,1
2684,0.83282255355982,5.90789621200643,1,1,-0.761069184502426,1,0
2685,0.342091078766518,1.7909900968791,2,0,0.0368187963855892,0,1
2686,0.287639319689737,0.320432574351598,1,0,-0.207396202413679,0,0
2687,0.327350743050283,1.89329742453992,0,0,-0.554909836936485,0,0
2688,1.30812052632671,1.7951105569513,2,0,0.396770497295283,0,1
2689,0.214936604412893,0.317221088905127,2,0,-0.00467058148665938,0,0
2690,0.28636326030074,0.407060422542923,2,1,1.65269934904717,1,1
2691,0.32594474291222,6,0,0,-0.494466433224403,0,0
2692,0.274661844078865,0.483042636910605,1,1,0.523669163993053,1,1
2693,0.351699599478808,1.0184795308234,0,0,-0.127267982479522,0,0
2694,0.199026882022688,0.293971529851357,0,0,0.423525004170984,0,1
2695,2.61256605993613,3.45924965595815,2,0,-1.51835562983629,0,0
2696,0.165771173520221,1.37257495918929,2,0,1.13802637067908,0,1
2697,0.196879559722587,1.56583503643026,1,0,-0.750169704765531,0,0
2698,0.544398485993346,0.791379286457587,2,1,0.242885801060566,1,1
2699,0.390871613182955,2.92804777221407,1,1,0.271317847375716,1,1
2700,0.279151712440782,0.500530356979184,1,0,-0.958288270816135,0,0
2701,1.11628031353455,4.79931603468267,0,0,0.0274924694177831,0,1
2702,1.13797824411228,1.66679803902904,0,0,-0.67705089215941,0,0
2703,0.108594930232236,1.49139638417763,1,0,0.87689789729607,0,1
2704,0.29018541953216,1.4569362871569,1,0,-1.03582982705858,0,0
2705,0.451688345314728,1.19639097122094,2,1,0.746812412026805,1,1
2706,1.21911305515602,1.22456645914165,1,0,-0.735428714833352,0,0
2707,1.70817062249385,1.85109561237796,2,1,-0.258977768703247,1,0
2708,0.00752050190465817,1.83387651900456,2,1,1.48003096367142,1,1
2709,0.3416547569686,0.766784334869518,2,0,0.610793582061497,0,1
2710,0.362495292599003,2.549175240641,2,1,-0.41684918159386,1,0
2711,0.0281413292097958,1.06928846278768,1,0,1.2693483459796,0,1
2712,0.333612133334908,0.621206572913088,2,1,1.01245390678178,1,1
2713,0.271381721831858,0.477363985785459,1,1,-0.972258863981384,1,0
2714,0.820804382110318,0.961241698033102,1,1,0.816194009441896,1,1
2715,0.591304435705145,2.41484514923341,2,0,-0.867851004180654,0,0
2716,0.30454168924027,0.516587842285262,1,0,-0.71237106199341,0,0
2717,0.590896124744581,1.56711169164042,2,0,1.53372330305657,0,1
2718,1.3679059646143,1.58033850000897,0,0,-1.08634937967037,0,0
2719,0.023439581402474,0.680673064565537,1,1,0.158326085734026,1,1
2720,0.246515051037186,0.275181609693094,2,0,1.68822982277331,0,1
2721,1.87690467253926,2.54471003456096,0,1,0.930198379420213,1,1
2722,0.124438469920952,1.56144254008239,2,0,1.40457609024235,0,1
2723,1.07321804012508,2.72738085795338,2,0,0.918028275218616,0,1
2724,0.830948325862169,1.5989454575671,2,0,0.583720323498333,0,1
2725,0.306782133152915,0.953131985717445,2,1,-0.129839804172765,1,0
2726,0.529286613584393,0.99484934082282,2,1,0.281511439513674,1,1
2727,0.00308144009775586,2.13541559130281,0,0,-0.507318840727339,0,0
2728,0.606762732303811,3.35608039736351,1,0,-0.185420446812642,0,0
2729,0.214750130350391,0.398875579927862,1,1,-0.705010296355983,1,0
2730,0.0558801431461697,0.932633238692981,1,1,0.131152408182821,1,1
2731,0.517190963340302,0.700076928460289,1,0,-0.724375721905924,0,0
2732,0.0702924809108178,0.763710957566567,2,1,1.11509623048377,1,1
2733,1.41147909888262,1.54108196647994,2,1,-0.371415864319013,1,0
2734,0.0375733679781357,0.419078004204029,1,1,0.0440514638226171,1,1
2735,1.34263791967069,3.61665759714805,2,0,0.705546644096757,0,1
2736,0.920084623780198,1.55340988711496,1,1,0.569358526120527,1,1
2737,0.123899064792461,0.853718303811671,1,1,-1.20230095709913,1,0
2738,0.10600904568247,1.46615575759595,1,1,1.35921050328123,1,1
2739,0.0452492872460021,1.45077806121132,1,0,-0.107907881634417,0,0
2740,0.635314096386234,1.40677982823862,2,0,1.43639427273059,0,1
2741,0.458551474536459,1.06988361708812,2,1,1.57736712733217,1,1
2742,0.117498035542667,1.53957709433279,1,0,0.760407486358179,0,1
2743,0.163390955163373,0.189073100021485,1,1,-2.40799398001201,1,0
2744,0.0713281902588076,1.19506999673364,2,0,0.846488983205232,0,1
2745,0.417151040294104,2.14326361136354,1,1,0.651104553356729,1,1
2746,0.0772951262779733,0.831628178110759,1,0,-0.729567382641377,0,0
2747,0.0141725642606616,0.251296116039157,0,0,-0.514630862292463,0,0
2748,0.131043361988341,1.29341316145965,1,1,-0.414143617117726,1,0
2749,1.07524658795854,2.06565002939274,2,0,0.29296488965656,0,1
2750,0.131285330922903,0.462187642788224,1,1,-1.17742586196863,1,0
2751,0.827080915738821,1.55512160751914,1,1,0.289616820258762,1,1
2752,1.03652096659244,2.51335327823957,0,0,0.227128548715502,0,1
2753,0.0257342803254589,2.64344323407589,2,0,1.0074531161106,0,1
2754,0.00777507873458995,1.47688145890868,2,1,1.79864897574698,1,1
2755,0.362422721237135,0.757848147991282,1,1,-0.215473885031764,1,0
2756,0.0326739556880461,0.201868663231532,0,1,-0.177373554706614,1,0
2757,0.226559097257753,2.5081657525152,0,1,1.58203486391962,1,1
2758,0.161101522329181,0.228464412072716,2,1,-0.132723562345759,1,0
2759,0.533083015018039,1.05213696620412,1,0,1.25029194741327,0,1
2760,0.0660648284893897,1.0255210420753,1,0,0.256477684920492,0,1
2761,0.960927606617093,1.73932616339294,1,1,0.357225879955345,1,1
2762,0.171438895407387,1.18405704870719,0,0,0.157306733998669,0,1
2763,1.70510025978706,2.65154974184948,1,1,1.48985137187046,1,1
2764,0.176744881706933,1.2376961694517,1,0,-2.02140511107011,0,0
2765,0.187331190136397,1.48880482687943,2,0,0.202050296771008,0,1
2766,1.28173309604691,2.97070929880502,2,0,-1.11322219676502,0,0
2767,2.13812756860193,2.91566209054571,1,1,1.29257652253642,1,1
2768,1.30948236103986,2.52947216007885,1,0,-0.65517116570131,0,0
2769,0.810960223957967,1.77952785562087,1,1,1.35342413074079,1,1
2770,0.83774217606718,1.94795541340472,1,1,-0.319240555586987,1,0
2771,0.607790215354827,0.637949928459167,1,1,-1.41150090165003,1,0
2772,0.0539731327444315,1.02090586597721,0,1,2.26780369036886,1,1
2773,0.209074396019181,0.277187770617893,1,1,0.728710279997407,1,1
2774,0.349341298763951,1.04719024955442,2,0,0.830291866824721,0,1
2775,0.0267553665778703,0.166028232848367,2,1,1.76323332497394,1,1
2776,0.253690301647617,0.479058036652095,1,1,-0.610975022434357,1,0
2777,0.0967457750812173,3.90012187647899,2,0,-0.383875288580908,0,0
2778,0.11681973546481,0.582225397710329,2,1,1.05804922205323,1,1
2779,0.153640798913936,0.203198030920399,1,0,-1.62778545202849,0,0
2780,0.660627332205574,0.971341069821298,0,0,0.751906128485218,0,1
2781,0.149970358515088,2.38111123485527,1,1,0.851972347193172,1,1
2782,0.698076680095659,2.66541463788275,1,1,0.349683686042631,1,1
2783,0.429787544740571,1.25830881576786,1,0,-0.601642539240582,0,0
2784,0.0533180006147231,0.301427472490088,1,0,-0.301209861384408,0,0
2785,0.155918237090161,0.945249688087625,1,1,0.356831397636593,1,1
2786,0.148050971748592,0.404123903779163,1,0,0.325869626627393,0,1
2787,1.72153587340252,1.78911423460457,2,0,0.221552256904089,0,1
2788,0.492741760487358,0.868484406824516,1,0,-0.660088596336033,0,0
2789,0.989072731545912,3.23820396636923,0,1,0.138792092653289,1,1
2790,0.340849775820971,1.11023408607146,1,0,0.28669480366514,0,1
2791,1.41124670596058,1.7717689413976,1,1,1.00629242570044,1,1
2792,0.55207301283006,0.634160104571986,1,0,0.158541526091332,0,1
2793,0.140584020556029,0.437298977357931,1,0,0.193205693511407,0,1
2794,0.424649288050003,2.04475904111624,1,1,1.14949959292432,1,1
2795,1.13299077667216,1.44587787489096,0,0,0.355838007403128,0,1
2796,1.6161331449085,2.004865730143,1,1,-0.0868456807461253,1,0
2797,0.873312639646742,1.64360695903768,2,0,0.918126156356808,0,1
2798,0.442592550793456,0.517390772077818,2,1,0.254159718434269,1,1
2799,0.498273260891438,2.40502450058578,2,0,0.611327867351848,0,1
2800,0.834787419640038,2.07883174531162,0,0,0.616565316437312,0,1
2801,0.119818398315046,0.473376282787468,2,0,-0.387369574910874,0,0
2802,0.0534291449351313,0.48121048643519,0,0,-0.359200073815139,0,0
2803,0.109172564827734,0.466599932545042,1,0,-0.291922651004342,0,0
2804,1.08330794708896,1.21120957936648,2,0,0.232856559304321,0,1
2805,0.54176288863851,1.26627338098453,2,1,1.63577006423846,1,1
2806,0.120296438431574,3.1579210618017,2,0,0.0862801856541692,0,1
2807,0.55947107107689,0.574000196744411,1,0,-0.384837495774113,0,0
2808,0.347488948319368,0.363363853373967,1,0,-1.07264940986886,0,0
2809,1.31940769026976,3.85618404529554,1,0,0.16830409545329,0,1
2810,0.679073733174139,0.777520450452964,0,0,0.796435355261948,0,1
2811,0.396553024442659,0.564469531792638,2,0,0.417193660787247,0,1
2812,0.0187068732662333,0.0297877630421276,2,0,1.71486211840525,0,1
2813,0.175253196826412,0.774736288560563,2,0,2.74765794179196,0,1
2814,0.359792038112177,0.426706999607691,1,1,-0.514790292341484,1,0
2815,0.0658265004138985,1.69098281203451,2,0,0.0676385205325321,0,1
2816,0.32430334844523,0.475320599362139,1,1,0.825881438987933,1,1
2817,0.118899328323702,1.91230738922385,1,1,-0.102456206002341,1,0
2818,0.757712837722566,0.771812003414,1,0,-1.8811275263417,0,0
2819,0.00527437287789009,0.191315383038532,2,1,0.612054308772366,1,1
2820,0.0208354115279184,1.08892163917258,1,0,-0.25846230741767,0,0
2821,0.358897578614923,1.9875772343653,0,0,-1.10717141121935,0,0
2822,1.34594940782721,2.66607060863896,1,0,-0.0864260592674163,0,0
2823,0.333204382720093,0.913273794211804,1,0,-0.476648562410833,0,0
2824,0.626490922230813,3.10946849915482,1,0,0.921258829478728,0,1
2825,1.15811439407494,2.11560433386025,2,1,0.842651987240867,1,1
2826,0.129756105697498,0.452772286063353,2,1,0.310013209533598,1,1
2827,0.475706373237901,1.03164139355002,1,1,1.3018979590552,1,1
2828,0.600099987350404,1.05257290487644,2,0,-0.360189870428648,0,0
2829,0.159053622532632,0.286962549062156,2,1,-0.334565672561145,1,0
2830,0.341701514230717,1.63800081866726,1,0,-1.27535673132837,0,0
2831,0.170844550034166,0.396929630949199,2,1,1.1148919622325,1,1
2832,0.160658170158664,1.71177566806223,1,1,-0.755371090454557,1,0
2833,1.1007780404521,2.3933483230847,1,1,0.450054300382999,1,1
2834,0.0219249747826667,0.845621020221955,1,0,-0.125800991699146,0,0
2835,0.733887472751928,0.955050608997136,1,1,0.886153327224901,1,1
2836,0.65413324886726,0.913555142951872,1,1,0.953859258662033,1,1
2837,0.117682364458839,0.145661419013037,2,1,-1.0836282136243,1,0
2838,0.104849420358055,0.194839212270528,1,1,-0.644361224304082,1,0
2839,0.20209695574724,5.64957760786579,2,0,-1.54317383035657,0,0
2840,0.524650849401951,0.838238844529846,1,1,0.165728382810956,1,1
2841,0.529432722574307,4.52874514621801,2,0,-0.460490340627445,0,0
2842,1.60206327557748,3.34688107412306,1,1,0.686580651354202,1,1
2843,0.4823481274131,1.3621980292011,2,1,-0.0582406045016554,1,0
2844,1.00811604156091,2.42406786839133,2,1,0.00562890974716268,1,1
2845,0.557525895225505,0.899375656564734,1,1,-0.157657155860215,1,0
2846,0.593608393747773,1.27775240271552,2,1,-0.231001885358967,1,0
2847,0.0870579293150697,0.118713339884667,1,1,-0.824812337915405,1,0
2848,1.67882602445552,2.72040733028009,1,0,1.85698492401114,0,1
2849,1.05108095845714,1.93845278673929,1,0,-0.981395969223519,0,0
2850,0.0915034001486169,0.939724957650153,1,0,-1.22928754663424,0,0
2851,0.675043536660572,1.1391917543589,2,0,-0.397988779591826,0,0
2852,0.961203049039887,3.00092835910618,0,0,-1.33644195939801,0,0
2853,0.0691962899226281,0.139276585051428,2,1,0.337275106209995,1,1
2854,0.099867957158116,0.325404533715847,1,0,1.86330398074952,0,1
2855,0.0918610291723256,6,0,0,-1.25851713011457,0,0
2856,0.23604649791701,0.340664132297767,1,0,-0.14423635968431,0,0
2857,0.116350827738643,0.830936679796551,1,0,-0.322362917448155,0,0
2858,0.697094991078807,2.5099727243947,2,0,1.44170818648606,0,1
2859,1.51324060430429,3.21915715927129,1,0,0.25611082801973,0,1
2860,0.070379838728549,3.77266775821142,2,0,0.427369073784532,0,1
2861,0.301351799215708,0.430211361983703,1,0,1.57917053884838,0,1
2862,0.0580919192483028,0.548410062117454,1,0,0.230451516959566,0,1
2863,0.0549072456165344,0.108604865142438,1,0,-1.45292532527132,0,0
2864,0.0738068678662116,1.44089961479067,2,0,0.586491334423596,0,1
2865,0.660890973069602,4.05442948763569,0,0,0.971535846821779,0,1
2866,0.45361486250095,2.76964296026268,1,0,0.173464508391948,0,1
2867,1.1458283196668,1.94258535981411,2,1,0.145505247674812,1,1
2868,0.0958948987178657,1.04554866152396,1,1,0.615339009636934,1,1
2869,0.0359182494382064,2.29999181933155,1,0,-0.116416596577264,0,0
2870,0.187337934556935,0.472723014058853,2,0,0.715884650660829,0,1
2871,0.125702948619922,2.19088489810626,0,0,-1.10744461241797,0,0
2872,0.100936470035877,0.95863892641709,1,0,-0.385234769064581,0,0
2873,0.246988256026411,0.356555991964197,1,0,-0.103536131716513,0,0
2874,0.122844666125983,0.989357065561374,1,1,-0.510219434693181,1,0
2875,0.196280317363079,1.690251802168,1,0,2.12908949241892,0,1
2876,0.254171234016491,2.04801917816458,2,0,0.969318574458437,0,1
2877,0.197192874137677,0.934633360762756,1,1,0.406933873424329,1,1
2878,0.819062067976939,1.33636886253953,0,0,-0.36934078060502,0,0
2879,1.65705703189574,2.32743270463585,2,0,-0.904979332297009,0,0
2880,0.0269229861345863,3.10628214463484,2,0,-0.330710040792105,0,0
2881,0.148180468628804,0.62777570235365,2,0,1.93901224700921,0,1
2882,1.06484817129342,1.5124795819075,1,1,0.689441626720216,1,1
2883,0.103632517986827,0.148429690549771,0,1,-0.241217994024363,1,0
2884,0.126932022008574,0.695587757838065,2,1,-0.283876371703276,1,0
2885,0.21304373949122,0.607487061088403,1,0,0.183496100678288,0,1
2886,0.880134607515084,1.00278509749992,1,0,-0.157167026672206,0,0
2887,0.796435225755575,0.944893957950865,1,1,0.791199813094221,1,1
2888,0.368337056392597,4.01891311995732,1,0,0.47406861003253,0,1
2889,0.141876100355552,0.185615384827972,1,0,-1.87887995601649,0,0
2890,0.0529007872097353,1.37679318475294,0,0,-2.09398339198095,0,0
2891,0.186653169040932,2.67129881031128,1,0,-0.775084249069576,0,0
2892,0.0208409359810236,1.59025784066211,2,1,0.950011764800036,1,1
2893,0.0335250215397941,0.142862695343885,1,1,-1.02122688020628,1,0
2894,0.339716673932142,0.682203598334148,1,1,-1.36498996525914,1,0
2895,0.423763230339521,2.19673891516494,1,0,-0.595537729169835,0,0
2896,0.700532326785227,3.02358185096078,0,0,-0.641976700814509,0,0
2897,0.321937645785511,1.19066523136768,1,1,-1.45330514237625,1,0
2898,0.107891819904787,0.595962190008971,2,0,-0.166018868085072,0,0
2899,0.0668677172590397,1.15730567574529,1,1,-0.784951560304764,1,0
2900,0.0116089607278506,1.53658048870421,2,0,0.346126130154598,0,1
2901,0.549397540485693,0.60104603258272,0,0,0.441986888898144,0,1
2902,0.312487992147605,2.94696836746716,2,0,0.512889753209456,0,1
2903,0.465164114203718,0.67154186414244,1,1,-0.354933434244887,1,0
2904,0.0192515303105788,0.50277747821855,2,0,1.22362079252313,0,1
2905,1.28756710808001,2.6739720854152,1,0,0.0435616117971134,0,1
2906,0.0976118569572767,0.348959647451623,1,1,0.192093430288893,1,1
2907,0.0751374819147582,0.372037075199039,2,0,0.413522598420773,0,1
2908,0.0226973938859171,0.681174462666658,2,1,0.962942748171427,1,1
2909,0.912350879178252,1.1367132936232,1,0,0.700401146097268,0,1
2910,0.341558889485896,0.777537819588445,2,1,0.602245765713649,1,1
2911,0.134935502970768,0.889985038982312,1,1,0.0199402901027731,1,1
2912,0.497671253461805,2.80827877537329,2,1,-0.235123981634896,1,0
2913,0.857822415889647,1.82612961780001,2,0,-0.281001010440071,0,0
2914,0.138270436372194,0.182413158090927,1,1,0.285201632932919,1,1
2915,0.144004379916522,0.592035248766271,0,0,1.26927906402478,0,1
2916,0.811022625568523,0.827388133610262,1,0,-1.72133375036154,0,0
2917,0.0645958202829016,0.560831410723765,1,1,0.380223361382192,1,1
2918,1.47485544693438,3.21728218946228,2,1,-0.830162926144153,1,0
2919,1.85340190503931,1.85637411934166,1,0,-0.290612627516097,0,0
2920,0.55676955005361,1.25105777170911,2,1,1.42882593830396,1,1
2921,0.229904851376254,0.997353525279266,1,0,0.116405311828206,0,1
2922,0.0666600605472922,0.700945140173038,0,0,-1.16453192070053,0,0
2923,0.486133961707257,1.87082415738163,2,0,-1.15431097108452,0,0
2924,1.297411390844,3.08764761148236,2,0,-1.06750562957185,0,0
2925,0.495647052302957,2.0333448256795,1,0,-0.759421219935905,0,0
2926,0.135664669279423,2.09368872112622,1,1,1.01030253678897,1,1
2927,0.209900608601254,2.09549205935358,2,1,0.534363520254123,1,1
2928,0.033529881001046,0.140719822329552,2,0,0.907450270689166,0,1
2929,0.0381105972660912,1.86190177076817,1,0,-0.901687625362405,0,0
2930,0.109017775911424,0.174996489206238,1,1,-0.252103300782584,1,0
2931,1.35391314198873,1.70930515399319,2,1,1.60963427437944,1,1
2932,0.140710182798405,1.21774279748924,2,0,0.0436192309176939,0,1
2933,0.546932981039087,0.737104671253433,1,1,0.0410571009105214,1,1
2934,0.284949943630232,1.48806511424482,0,0,0.204565428079313,0,1
2935,1.57947929454521,3.36077115188042,0,0,-0.646049697973743,0,0
2936,0.246303929533396,2.50870936881718,2,1,0.382064406008359,1,1
2937,0.98381478334766,1.06424456507433,1,0,-0.300685839405296,0,0
2938,0.848867043599169,2.22397572676629,2,0,0.917487368364161,0,1
2939,0.78120049287232,1.26991945627967,1,1,-0.139914743375716,1,0
2940,1.63346686393764,2.40544014847682,1,0,-0.685967918330565,0,0
2941,0.0741137743643163,1.3301720951584,1,0,-0.844538871463502,0,0
2942,0.377965337700314,5.42945644827856,2,1,-0.247534362268097,1,0
2943,0.69125080636392,1.95998002464573,0,1,0.603717638456585,1,1
2944,0.496002831496298,1.23755398845364,0,0,-1.34201679991611,0,0
2945,1.57972301379956,1.72261024497121,1,1,-1.30948437722981,1,0
2946,0.0192963835776615,0.10544797081181,1,0,-1.41807972501503,0,0
2947,2.92060263647872,4.57557982026942,2,0,0.671453644057682,0,1
2948,0.618489558498065,0.811373133562857,1,0,-0.493650989797125,0,0
2949,1.40417386566071,3.29662947141935,1,1,-0.156831950906158,1,0
2950,0.206237445705372,0.329732090871104,1,1,-2.44089133148361,1,0
2951,0.02946866999357,0.238138294979365,1,0,-0.0447417710417233,0,0
2952,0.829897519774485,4.13794070263882,2,0,1.7415892443299,0,1
2953,0.192521621162693,0.947073052753384,1,0,-0.336112134133608,0,0
2954,0.0147055555135012,0.362021592614211,2,1,0.561065829495002,1,1
2955,0.146800140953726,0.556826682155323,1,1,2.15896345095323,1,1
2956,0.260560985404078,3.68442451860862,1,0,-0.128986615992261,0,0
2957,1.40324635840424,1.48191013729328,2,0,1.16416186811923,0,1
2958,0.425884993826611,0.588724835281023,1,0,-0.508940263846681,0,0
2959,0.18945448514488,1.65341205895396,1,0,-0.155002390592738,0,0
2960,0.772566082323273,0.778717918550366,1,0,0.56340971128076,0,1
2961,0.174120224118848,0.573195788439913,1,0,-0.703222252852173,0,0
2962,1.2353177473619,2.99630322301274,0,1,0.287794047487483,1,1
2963,2.87208900239202,4.54962097428648,1,0,-0.594731708779663,0,0
2964,0.485706529062655,1.01607338321423,1,0,0.989452827052261,0,1
2965,0.304812417469091,4.33275576511918,1,0,-0.656217290061422,0,0
2966,1.41964850218231,2.12219419933751,2,0,0.355012623297499,0,1
2967,1.09452860114774,2.85070664812577,2,0,-1.426278086077,0,0
2968,0.129893676242448,4.19956493719662,2,1,0.0882768091892136,1,1
2969,0.799823742727121,1.11230578273535,0,0,-0.166194439564479,0,0
2970,0.15256413206872,1.24747278171583,2,1,0.901791659042161,1,1
2971,2.65155504340169,3.45282630374034,0,0,-0.151708285257711,0,0
2972,0.92476798113321,3.77250787465153,2,0,1.02072921883274,0,1
2973,0.836099008766661,0.964691625474217,2,0,-0.496234689308399,0,0
2974,0.924505842802935,1.13192181609879,1,0,-0.318394940028314,0,0
2975,0.17758090980351,1.12651275892714,2,0,0.835887948224513,0,1
2976,0.326497725004123,0.500049584142051,2,1,-0.060862171266255,1,0
2977,0.0144046343242129,1.14775625172803,2,0,0.955640796501244,0,1
2978,0.635080427795384,0.900970977347931,1,1,0.0817864918996735,1,1
2979,0.00611396661649148,0.630865815571649,2,0,1.82917610497197,0,1
2980,0.892939947291891,1.59638478105962,1,1,-0.43183591525777,1,0
2981,1.21786295535135,2.70433653056826,2,0,-1.07426551677833,0,0
2982,0.331669595713417,0.954495031642446,2,0,-0.520093947498073,0,0
2983,0.0555501312074788,1.66983050149941,2,0,0.916614182382412,0,1
2984,0.0556521168778238,2.88946637612336,1,1,-1.51935009412652,1,0
2985,0.161937416495661,0.767110360517301,1,1,-0.335725618625038,1,0
2986,0.497315326291654,2.7368911453717,2,0,-0.0206619837759608,0,0
2987,0.494569885130558,1.76199812583158,2,1,0.403313922177064,1,1
2988,0.661739220635759,2.81353438460735,2,1,0.529761303445895,1,1
2989,0.150647787144967,2.07007965262904,2,0,-0.00162652914142932,0,0
2990,0.491368228880068,0.95665316630387,1,1,-0.601597353406818,1,0
2991,0.942036448413809,1.00113293761727,1,1,0.927045077158028,1,1
2992,1.5334393994209,2.12399675929849,2,0,0.621883095355554,0,1
2993,0.662058024770684,1.58962890456061,2,0,-0.755862536188025,0,0
2994,0.209317388426926,3.69759558267705,2,0,0.436600172436208,0,1
2995,0.00543620385643509,1.05788552419094,1,1,0.252310552591653,1,1
2996,0.276547668294774,1.58243468259909,1,0,-0.853961218283079,0,0
2997,0.0445190483514258,0.242765804967846,1,1,-2.29085935457606,1,0
2998,0.153774999467296,0.806315105986912,1,1,0.788815917532123,1,1
2999,0.784395476756507,2.15874769414465,0,0,0.319473902022906,0,1
3000,1.07921600947778,1.77581793595447,1,1,-0.688456137687051,1,0
