"id","L","X","status","z1","z2","cgroup","tgroup"
1,0.184237204481977,0.334687537203232,0,0,0.571317818530961,0,1
2,0.0642068365002759,0.324162701902012,1,1,-0.0442697737405443,1,0
3,0.122031401842833,2.3268689934114,1,1,-0.0365549334310925,1,0
4,0.236730257377466,1.35309675091797,1,1,0.587015974646054,1,1
5,0.248171854246822,1.44370274402134,2,1,1.35230538022825,1,1
6,0.0768721471023228,0.461286110445649,1,0,2.51480781739899,0,1
7,0.459666423913505,1.49165220387756,1,1,1.1003831697462,1,1
8,0.598689379274017,1.91575424263862,1,1,0.268233530692254,1,1
9,0.100827291457727,0.261496847052768,2,0,-0.131912476568848,0,0
10,0.251406906686314,0.805060827337931,2,1,0.123709127687805,1,1
11,0.134305509961757,0.383799461986591,2,1,0.361537888324666,1,1
12,0.550113848100106,0.716593796296607,1,0,-0.748110620538246,0,0
13,0.432634005943934,1.01392599263467,2,1,1.45867420966997,1,1
14,0.137550223411785,1.81728385961904,2,0,-0.968269656457679,0,0
15,0.274364818404946,1.97388177806596,1,1,-0.22165318378441,1,0
16,0.763126349904471,4.72086012872636,1,1,0.0871462672402284,1,1
17,0.627183363152047,2.24894835637924,1,1,0.270974716665042,1,1
18,0.127421651241269,0.297611679407527,2,1,1.1790558639135,1,1
19,0.411986993310848,0.416230068314846,2,0,0.272387946212435,0,1
20,1.21881046534712,1.45254491538478,1,1,-0.735630587271811,1,0
21,0.00583864452581759,0.388709996443759,2,0,0.674911476572842,0,1
22,0.0766739321665631,0.596840649015184,1,0,-0.192902339003867,0,0
23,0.457180707903425,1.23911933089601,1,1,-0.807349781833401,1,0
24,0.694893658038323,1.11433540340067,1,0,-2.83127688589342,0,0
25,0.0783406955216331,0.374831864047753,1,0,-2.05032450214435,0,0
26,0.135296621463365,1.65622204582486,1,1,-1.0191751446768,1,0
27,0.287097026076582,1.51250974224923,2,1,0.592006942449245,1,1
28,0.833539383232276,2.95933696727079,2,0,1.43679974185864,0,1
29,0.755915184401804,1.22160377923464,1,0,0.048676377227207,0,1
30,1.48915469848747,1.80373244543694,2,0,0.448594911271697,0,1
31,0.0712594746922453,1.40195434982869,2,0,1.16376034644227,0,1
32,0.332933258679178,0.826898163921486,1,1,0.416560928008072,1,1
33,0.0931726101165017,0.243387191245953,0,0,0.339351255674782,0,1
34,0.382716620030502,1.16591516090216,1,1,0.328898725598737,1,1
35,1.22834445490077,1.73735933976316,1,0,0.992621119379259,0,1
36,0.242783834950791,1.37528644996454,1,0,-0.285887818430881,0,0
37,0.635057979573806,0.938607378316354,1,1,-0.0546920966242049,1,0
38,0.0385751249268651,0.594251871500935,1,0,1.29966891178214,0,1
39,0.133942020022207,0.639275963877276,0,0,-0.030719567151707,0,0
40,0.0173586294814086,0.507318203249992,1,1,-1.98754759679301,1,0
41,0.0480647753870836,0.434721120934745,1,0,-1.30922442690851,0,0
42,0.0686892344512873,0.720330351168056,1,1,-0.094808857357336,1,0
43,0.588615886970527,2.85312357780412,2,1,-0.221141357010345,1,0
44,1.35009047570627,1.3774550737434,2,1,0.135259947484114,1,1
45,0.0478296494111419,4.00077238637546,2,0,0.907435887489942,0,1
46,0.469173967527847,1.71703972759209,0,0,-0.818240096787347,0,0
47,0.0852422043681145,0.65393932885697,2,1,2.55850772119301,1,1
48,0.19228735110826,1.97720669693126,1,0,0.447315539307602,0,1
49,0.901672583440622,1.30115557151536,0,0,-0.905976932388977,0,0
50,0.314169331039819,0.842407362439455,1,0,0.36107981059146,0,1
51,0.139484364440436,0.738705311333944,1,0,0.675877760770303,0,1
52,0.824996672730989,0.916773186595661,1,1,-0.369506303737388,1,0
53,0.0251345419732721,1.42255102460805,1,1,0.0846786199139602,1,1
54,0.793603804536674,0.86986091130463,2,1,-0.16445853403263,1,0
55,0.140761997964647,0.433292938443989,1,0,-1.47366505326695,0,0
56,0.0097023964756065,0.204147266481237,2,0,0.585815124870237,0,1
57,0.413740749160449,2.30198344901148,2,1,-1.45501040287666,1,0
58,1.25915110003089,3.32958628820059,2,0,-1.27128613806308,0,0
59,0.624882960174647,2.52574703656137,0,1,-1.39112721451633,1,0
60,0.627131506207185,0.859016455247456,2,1,-0.0508373142976296,1,0
61,0.379994516778323,1.77058653300752,2,0,0.243376293220009,0,1
62,0.313223353810508,1.09971152677087,1,1,-0.728261515182495,1,0
63,0.754718129109177,1.23669796889197,1,0,-0.483908955574537,0,0
64,0.359528642147779,0.660804376627008,0,0,0.866141278077422,0,1
65,0.235313672261934,0.433650903932621,1,0,-0.746821400761728,0,0
66,0.243193332830237,3.26905186320454,2,1,0.00272795907390199,1,1
67,0.92151068440585,2.19795325198926,2,0,0.49531166827963,0,1
68,0.00969759188592434,0.183454040178898,2,1,1.9350050851069,1,1
69,0.0423860317096114,1.28817025521759,1,0,1.23040090260652,0,1
70,1.10278479543297,2.07025603585702,2,0,0.823685351709938,0,1
71,0.187439826420612,0.707088129982164,2,0,-0.395535770685531,0,0
72,0.051858546729717,0.876348140065742,1,1,1.24546147861863,1,1
73,0.0897519538799922,2.84915362605008,2,1,-0.217586826728439,1,0
74,0.50222793697483,1.79740781252659,1,0,-1.22834490023223,0,0
75,0.383075994128982,0.445894363575496,1,1,1.38073029717531,1,1
76,0.371050732210279,4.53992126385234,2,0,0.374783511161402,0,1
77,0.725082026070191,1.08150294981897,0,0,-0.00407473108764721,0,0
78,0.231352300929462,0.511763745525584,2,1,0.605708038885032,1,1
79,0.217646736965863,0.602334150989606,2,1,-0.1088240561861,1,0
80,2.35302798642951,3.27438042541816,1,0,-0.858248449943655,0,0
81,0.370867899619043,0.683207909266154,0,1,0.661691077538802,1,1
82,0.4924803516931,2.07932291482454,2,0,1.28854180264486,0,1
83,0.151623738454545,0.703172764142172,1,1,-0.406516137654876,1,0
84,0.173643000113467,0.87913172781507,2,0,1.67925276401828,0,1
85,0.493314607172377,0.552146444598047,2,0,0.277177752800001,0,1
86,1.3043938431836,1.78545097831338,2,0,0.419952136834432,0,1
87,0.843284261469722,2.53259308067957,2,0,1.79701100479001,0,1
88,0.283152884803712,0.327843330542709,2,0,0.415013816023983,0,1
89,0.128031407354482,0.350828878156612,1,1,0.303332607893846,1,1
90,0.260317862201665,3.19281043809903,1,0,-0.0324188025617264,0,0
91,0.167935336177366,0.975895218067201,1,1,1.11738786335342,1,1
92,1.98944618088275,2.33649292178367,1,0,0.796257987233681,0,1
93,0.27103288927012,1.13204954447918,2,0,-0.446017754901278,0,0
94,0.441114163129694,0.563449956248954,1,1,-2.25147275069163,1,0
95,0.307440207386696,0.488314121555919,0,0,0.262500431256871,0,1
96,0.369295856087572,0.755916904984441,2,0,-0.642485905933517,0,0
97,0.222186201472282,2.02263744377018,2,0,-1.05066675660546,0,0
98,2.79141799644555,3.62596945419713,2,0,0.524052103439517,0,1
99,0.43993371228377,2.21373481432298,1,1,-1.72978177195177,1,0
100,0.975491002983199,5.83318509782016,0,0,-0.513580703378994,0,0
101,0.216065873630645,0.489483558085435,1,1,0.244966694358219,1,1
102,0.191702691631185,1.21262053990511,1,0,-0.665022520138515,0,0
103,0.321482414276236,0.468750497486934,1,1,1.08819741273439,1,1
104,0.227304914345344,0.443422225988393,1,1,0.780080499946929,1,1
105,0.356634504964802,0.663359055028562,2,0,1.61812646590956,0,1
106,2.19612726725409,2.26574379662796,2,0,0.794137403292295,0,1
107,0.060698130271501,0.105269704252788,1,0,-0.84488504963051,0,0
108,0.109535885546442,0.3805566243752,1,1,1.26018400514961,1,1
109,0.089227806729823,1.08880087913499,2,0,0.472804426866904,0,1
110,0.115554330825395,0.774304517990968,2,0,0.151226482406879,0,1
111,0.429302506769697,0.610364290575186,0,0,-0.924195049535057,0,0
112,0.258400911051366,0.421432275120861,1,1,-1.64783882168862,1,0
113,0.329053877905368,0.746103373610938,1,0,-0.573047236227641,0,0
114,0.0497031378302018,2.44389007833049,1,1,-1.34468543706717,1,0
115,0.206716451276508,5.74506382541789,2,0,-0.679212360636959,0,0
116,0.0244354146222274,0.774990654764842,1,1,0.265276416288383,1,1
117,0.0118026675449477,0.401121351502715,1,1,1.05384491156198,1,1
118,0.325250854819185,0.649532933409015,0,0,1.60054221603462,0,1
119,0.214876806259983,0.729846349806583,0,1,-0.0451302067013352,1,0
120,0.442003472708166,2.19184021436724,2,1,1.87006446040646,1,1
121,0.0833852475302087,5.01010754692935,2,1,-0.320011692261717,1,0
122,0.265195412604245,5.77783888123415,2,1,-1.14150814024427,1,0
123,0.976847801641109,1.99290114578869,2,0,1.4214308360409,0,1
124,0.154781412366291,1.06118416479381,0,0,0.63818709001149,0,1
125,0.119895997664167,4.20707025445363,2,0,-2.11485350898399,0,0
126,0.0158942578988755,0.426646033661258,1,0,0.300042629522899,0,1
127,0.536615973235005,1.34437649350655,1,0,-0.034546695966631,0,0
128,2.74392921256593,3.27687055895392,2,0,-0.219244470134248,0,0
129,0.226428277480106,3.78144854560904,2,0,0.308862137290277,0,1
130,0.0124925017977754,1.32085447199643,0,1,0.711187866922992,1,1
131,0.288645576171535,0.351001442206121,2,0,1.054940373737,0,1
132,0.307808563898953,2.74718041629485,2,1,0.524107989170792,1,1
133,0.336049936589396,1.70563015260715,1,1,-1.33762539087165,1,0
134,0.476752317926198,1.74475528874299,1,0,0.000348200543166849,0,1
135,0.524921889967442,1.18715069840721,2,0,-0.294819786560505,0,0
136,0.00106651077253951,0.923174084621913,2,1,2.0830615979034,1,1
137,0.0241296025275822,0.677704183668529,1,1,0.573966225769463,1,1
138,0.413993112089977,0.442403878623305,1,1,-0.303703837032439,1,0
139,0.91718747482831,1.48592334323342,1,1,0.0834360271505823,1,1
140,0.569477532990277,1.75849177539122,2,0,-1.08414392800615,0,0
141,0.897464794898587,1.98668032635663,2,0,-1.16160202549832,0,0
142,0.458106429626544,0.58832119948018,1,1,-1.59681317831728,1,0
143,0.163053967384293,0.255297150133504,1,1,0.0866159001211889,1,1
144,0.663292848298119,0.797511553730118,2,0,-0.335478276640686,0,0
145,0.804183701567819,0.81097340070165,1,1,1.49621293528396,1,1
146,0.560285065116154,1.15172219462693,0,1,0.353110124860827,1,1
147,1.00103650754824,1.54092045806518,1,0,-1.76102516554207,0,0
148,3.30985380144806,3.75808912364711,1,0,-0.323354639168505,0,0
149,1.96319052319331,3.16665941036651,1,0,-1.61684277581211,0,0
150,1.22508280491963,2.26510931544286,2,0,0.755411714408244,0,1
151,0.106328925814095,0.51051594198781,1,0,0.127634676782466,0,1
152,0.0481460429728031,0.565384310590135,1,1,0.266097742630576,1,1
153,0.141206842122806,0.305459884574672,1,1,-0.639759110371195,1,0
154,0.147332086538275,0.64373194933033,1,0,0.508431204219312,0,1
155,0.27454155076911,0.5542162666648,1,0,1.01092063087927,0,1
156,0.237138575370732,0.715922741018108,2,0,0.227397058318368,0,1
157,0.768285001007219,1.61862114223304,2,0,0.10441863681779,0,1
158,4.03173028123812,4.51544629801119,2,0,0.738356459959947,0,1
159,0.102556644835406,0.144524052325861,1,1,-1.9792391641127,1,0
160,0.0818746893977126,1.92670977363984,0,0,0.833434600940419,0,1
161,0.0306380617742737,0.213564842807593,2,1,0.300235885717906,1,1
162,0.476754560831631,0.730244191814437,1,1,-0.58412908655902,1,0
163,0.0543811702464591,0.0749531556415136,1,1,-1.4429773558228,1,0
164,0.0646331273244217,1.31348902784417,1,1,0.338875930001428,1,1
165,0.547413621203008,2.70792881563962,2,0,-0.203634120233164,0,0
166,0.417260041770836,0.920879188925028,0,0,-0.0610946263162508,0,0
167,0.981955521516843,1.25256738128389,2,1,2.80545880632855,1,1
168,0.609366272886594,1.03781617881304,1,1,-0.578716969547621,1,0
169,0.451076770615247,2.37773853086699,0,0,-1.44509671778582,0,0
170,0.219426262045523,0.534872984709515,2,1,0.493939940882104,1,1
171,1.80345003587275,6,0,0,-1.68485111276347,0,0
172,0.17301771003821,0.178742049611158,2,1,1.35620981940054,1,1
173,0.981119517190271,1.93526534872066,1,0,0.43438708034018,0,1
174,0.0942277163267136,0.439532806933966,2,0,1.34115760177243,0,1
175,0.493260682560503,1.31749860637369,2,0,-0.278417802765905,0,0
176,0.247518465206763,0.566434835286007,2,0,-0.00845794848533458,0,0
177,0.0482489091033737,1.27012712332341,1,0,-0.940851351689225,0,0
178,0.132604924858444,1.7750904682922,1,1,-0.812605482317677,1,0
179,0.109432441596356,0.866139855269063,0,1,0.406020705839438,1,1
180,0.494525379294323,0.523067705594349,2,1,0.881600938541026,1,1
181,0.711190263326797,1.11509393948912,1,1,-0.0225064660587954,1,0
182,0.0352661499961218,0.686750642141371,2,0,1.38484892228333,0,1
183,0.403672267889811,6,0,0,-0.13790202129332,0,0
184,0.854563685087376,1.2879084861035,1,0,0.514907942632174,0,1
185,0.221740363372697,0.632641634026246,1,0,-2.02097279734422,0,0
186,0.36884385575023,1.03126194408052,1,0,-0.905823958927442,0,0
187,0.326525872079013,0.38755335299104,1,1,-1.47049089595085,1,0
188,1.84239234145088,2.32842508326993,1,1,0.334866267014775,1,1
189,1.06023680517542,6,0,0,-0.0840505175609205,0,0
190,0.288309421286815,0.297973841373123,1,1,-0.237891630320725,1,0
191,0.454850703573846,0.652932332782814,1,1,0.222391459466965,1,1
192,1.07473755978152,2.7724494809353,1,1,-0.157896478514424,1,0
193,1.59186900122871,1.96398836706911,1,1,-0.0262169715708986,1,0
194,0.247458472865961,1.3364939024423,1,0,-1.55380564251765,0,0
195,0.0182811719261938,0.0693185387830172,1,1,0.101639741121192,1,1
196,0.0480894599523809,1.18151750782755,2,1,-2.47302136628688,1,0
197,0.269453828740451,2.27372039755442,2,1,2.15285161607248,1,1
198,0.158114702337318,1.47943367511419,1,0,0.95791360673004,0,1
199,0.354876435982684,1.21380020375094,1,1,-0.481430608687525,1,0
200,0.170414709078763,0.454560308487087,1,1,0.123348308665157,1,1
201,0.326899797138241,1.35903448535319,0,0,-0.347154977888744,0,0
202,0.414600460790098,1.81365177707312,2,0,-0.259639875888005,0,0
203,0.628750063478947,0.740210792429377,2,0,0.273154391824511,0,1
204,0.931760315840125,2.64110936804918,1,1,-0.542124915408704,1,0
205,0.0720228092771851,1.53079984012814,2,0,1.75399396926997,0,1
206,0.321451090793643,0.469445888521209,2,0,1.40876298652065,0,1
207,0.181003851698858,1.58941055678511,1,1,-0.567970084876702,1,0
208,1.52340017254453,1.72310041460786,1,1,-0.81285432267057,1,0
209,1.07895848543579,4.68444500339173,0,0,0.853215591599746,0,1
210,0.10049716063142,0.182199031188644,1,0,-0.297589171670361,0,0
211,0.687759560015466,0.94608036603128,0,0,-0.277728226836774,0,0
212,1.37180100914804,1.47321254216397,2,0,-0.146916482864405,0,0
213,0.229584272019565,0.482803315710964,1,0,1.2350829870266,0,1
214,0.217047418053779,2.56908735105071,2,0,1.6782949469307,0,1
215,0.616189194325772,6,0,0,-1.31300809453083,0,0
216,1.15000512549746,2.09078099268178,0,1,-0.413256766478839,1,0
217,1.65323114631532,3.69169588893342,2,0,-0.46271830910292,0,0
218,0.0928460734172,0.11917302845957,1,1,0.848362019692545,1,1
219,0.00469492987906207,0.0947816794117292,0,1,0.437742139573961,1,1
220,0.575023136722545,1.45274813754583,2,0,0.155538340200959,0,1
221,0.349697781105836,0.498963726110256,2,0,0.543817652198681,0,1
222,0.411727312020957,1.41118130099559,1,1,1.04716605759683,1,1
223,3.1475406138222,4.40220121685964,2,0,0.910731024789286,0,1
224,0.00152608586682214,0.463077072889963,1,0,-1.83647059050996,0,0
225,0.40427762704591,0.804243876509547,1,0,-0.337722105075481,0,0
226,0.130663384794393,1.28659472802051,2,1,1.31469695847154,1,1
227,0.1579000479244,1.30155796751722,1,0,-1.68804130269266,0,0
228,0.438056285493076,3.48857633449842,1,1,0.856314059507732,1,1
229,0.0102879850465331,0.351897471355358,1,1,-0.036600937637496,1,0
230,0.631373316153056,0.804558312156075,2,1,-0.42025774712211,1,0
231,0.389538331131535,0.815090885975464,2,0,0.321961522524478,0,1
232,0.401703689890078,1.54739021848106,0,1,-0.216342001519977,1,0
233,0.366953176285795,0.422405756392978,1,1,1.67501595698064,1,1
234,0.763669437211421,1.43716389058714,1,0,0.992801103502332,0,1
235,1.83903978714283,2.48852908353659,2,1,0.891429001713329,1,1
236,0.0407297743856978,2.10362625461124,2,0,0.0200837386168462,0,1
237,2.64875686609981,4.54531602305904,2,0,-1.25922882037088,0,0
238,1.45645781415504,2.09278411760934,2,1,-0.179682692222351,1,0
239,0.415820277089046,0.4571376465843,1,0,0.906692053268391,0,1
240,0.634336288688146,1.21824397687572,2,1,1.67661980878104,1,1
241,0.226392034512816,0.348574169137306,2,0,0.109762966338273,0,1
242,0.425632192960216,1.96816939863873,2,0,1.67187891295503,0,1
243,0.923121856551829,2.18276385838787,0,0,1.27700849997981,0,1
244,0.137765342887077,2.91542161573415,1,1,-0.484636880399088,1,0
245,0.31746978405863,0.548963751282537,0,0,0.83801913983541,0,1
246,0.0850509898737073,1.05463153997867,1,1,-0.185335881355243,1,0
247,0.00862965665661835,1.1495121642031,1,0,-0.588137907916165,0,0
248,0.298834072187661,0.38996992066195,2,1,0.872269313407734,1,1
249,0.158047080704231,1.55402533155996,1,1,0.274740497974376,1,1
250,0.503156997470392,2.3508928526981,2,0,0.476283343136064,0,1
251,1.04162797698736,1.59019793818465,2,0,0.171513843746718,0,1
252,0.211647433131053,0.57494048727652,1,1,-0.179367554586087,1,0
253,0.0157763798617654,0.176835547659424,1,0,-0.35261278054696,0,0
254,0.103018750540084,4.04733483369152,0,0,-0.742356800229971,0,0
255,0.2271385377066,1.42978557988918,1,0,-0.0916323548521007,0,0
256,0.316971937368893,0.829928561831161,2,0,-0.516180177222435,0,0
257,0.975821545921776,1.12032370231124,0,1,1.41466713565607,1,1
258,0.776428457470492,6,0,0,-0.560534972780094,0,0
259,0.28923201892111,4.45441928381721,0,0,-1.11940688286645,0,0
260,0.208280078238911,1.26205171589014,1,1,0.357462722245839,1,1
261,0.319613739086062,1.23492500502431,1,0,0.172179289521925,0,1
262,0.0549423002487849,0.241970704137778,1,0,-2.60814623277886,0,0
263,0.377147106660737,0.705823931442097,1,0,-0.967408994993775,0,0
264,0.837993543134478,1.77186714889314,2,0,0.541495951564538,0,1
265,0.470809121098783,0.849197974042603,0,0,1.12401660192913,0,1
266,0.133601480631243,1.59180102832653,1,1,-0.401405776360416,1,0
267,0.568314499428703,2.05000956261332,1,1,0.443702997462498,1,1
268,0.590207136960493,1.19047980638127,0,0,1.06195869081579,0,1
269,0.411738238504363,0.464989135172042,0,1,0.111261109973808,1,1
270,0.173069190544387,0.409316636389708,2,0,-0.400381826802253,0,0
271,0.222068210444548,0.236080711086591,0,0,-0.45869926556988,0,0
272,0.218462713269724,0.772621238296993,2,1,-0.177273316600608,1,0
273,0.0152857301549779,2.16160085362693,0,0,0.211053452319863,0,1
274,0.468072342399874,1.34483950115123,1,1,0.493722200830249,1,1
275,0.326301154370109,1.56614250628619,2,0,-0.0214771268127639,0,0
276,0.0249787042331364,0.376666381489543,0,1,0.433517193655797,1,1
277,0.0890724901908479,0.469541658427645,2,1,1.40246276815514,1,1
278,0.0763499555695388,0.411817280798754,1,1,-0.181770110527255,1,0
279,2.88133869761464,3.82431748053366,2,0,-0.281522484420268,0,0
280,0.680386376463705,0.859242024832896,0,1,0.0107605331747462,1,1
281,0.240637576883501,0.510479932030042,0,1,1.01481198415281,1,1
282,0.0640316806127802,0.521723924253397,1,1,-0.604318478277945,1,0
283,0.0815095462732845,0.591705436170306,1,1,-0.156653791219182,1,0
284,1.15349597499902,2.49909847915123,2,1,-0.465437238293819,1,0
285,0.097469847338895,0.18964173250326,1,1,-0.792188954214491,1,0
286,0.227178294832508,0.272691557330811,1,0,0.300804391947701,0,1
287,1.25566027950381,1.38033742365259,2,1,-0.0813526742662459,1,0
288,0.72839159415,0.853343947238109,2,0,-0.347532891561648,0,0
289,0.246618076538046,1.05933529452225,0,0,1.4522622358418,0,1
290,0.251894098085662,1.56379502846993,1,1,0.767333226833535,1,1
291,0.00766829588800337,2.58676062141919,2,1,0.51295086247889,1,1
292,0.166759538567728,5.09642758689133,0,0,-0.382325127829474,0,0
293,0.0412685181906171,0.330192397038142,0,1,0.616182068170986,1,1
294,0.0605655652988288,3.73245183058777,2,0,0.150598743355903,0,1
295,0.586852594278753,0.851068599149585,0,0,-1.63721576454873,0,0
296,1.22826802625087,1.62253483572456,1,1,1.36314030128367,1,1
297,1.58638942770431,6,0,0,-1.29203691324855,0,0
298,0.00736108670166945,0.0110157489481482,2,1,1.38292278225185,1,1
299,0.127501904240085,1.09502130893881,2,1,1.32578856004424,1,1
300,0.104581564147439,1.01581840465466,0,1,0.00400987046286829,1,1
301,0.207249635002679,0.450511559612025,1,1,-1.35981287348379,1,0
302,0.0143907484413979,0.0323887063096942,1,1,-1.43197708839612,1,0
303,1.52190443951522,1.76207570979993,0,0,0.24045113714163,0,1
304,0.406887053201596,1.82801957515898,1,0,-0.857876539135283,0,0
305,1.17710912492012,1.70313806893925,0,0,0.618941176473963,0,1
306,2.05491618698826,2.07994334511201,0,0,0.938718436172496,0,1
307,0.544711233427127,0.831608766316303,1,1,-0.42500174731365,1,0
308,1.39880308669774,2.62038907308253,1,1,0.221001261668787,1,1
309,0.744046626302103,0.824558596326944,1,1,1.23192586746508,1,1
310,0.339602253192829,0.655741044062516,1,1,-0.343326665793094,1,0
311,0.0650507734260625,1.0478666681551,2,1,1.47993971821023,1,1
312,2.94149228461157,6,0,0,-1.02126918141695,0,0
313,1.1418430403236,2.11231962563016,2,0,0.424877715688418,0,1
314,0.0311184243090301,1.98797080515549,2,0,-0.537645464157518,0,0
315,0.0753882403175036,3.46563656814396,0,0,1.43529146210575,0,1
316,0.647524961580833,1.71504816664651,1,0,-1.0781782063351,0,0
317,0.138205485418439,0.1878416114324,0,0,-2.28358462650451,0,0
318,0.288638873994251,1.09428486998436,2,0,0.668079298266952,0,1
319,0.261911393792409,0.625492517195019,2,0,2.48113759861043,0,1
320,0.00782055055929555,0.0357904343434969,2,0,0.740289951458418,0,1
321,0.0492187769506903,0.525790554020519,2,0,1.83012532657093,0,1
322,0.585299630442427,0.692056057353814,0,1,0.419885681723703,1,1
323,0.668315455938379,3.26933880026142,0,0,-1.06097149147091,0,0
324,0.768116169298689,1.28633330419998,1,1,1.48039086831497,1,1
325,0.391927655719284,0.477284626105605,1,1,-0.520019389963274,1,0
326,1.0062438507822,2.00204313848972,1,0,0.0584902026172464,0,1
327,0.0951664920689331,0.273076765584955,1,1,1.33783119993762,1,1
328,0.576283076985015,1.66578959578098,1,0,-0.193623205674224,0,0
329,0.210838423420986,0.542351120884696,2,1,0.319524824665106,1,1
330,0.123933640101718,0.693242114372435,1,0,1.9317652497129,0,1
331,0.470882955835097,0.913273096947504,1,1,-0.946485390744378,1,0
332,0.272373312359883,0.359654979159435,0,0,2.30658998276046,0,1
333,0.186672313892112,3.10573725851487,1,1,-1.04565215023072,1,0
334,0.0605139597696659,0.13311576789176,1,1,0.610728460543663,1,1
335,0.444371152358751,0.978527508264965,2,1,1.07355775468727,1,1
336,0.827402904691708,0.857301086232218,2,1,3.42009102312319,1,1
337,0.639114482328296,1.14083104495728,1,0,-1.31346161889247,0,0
338,0.0314249708834622,0.405054127840395,2,0,-0.824850888183047,0,0
339,0.0553992142279943,0.347434634757858,2,1,0.95312844755076,1,1
340,0.861620601657379,0.904492983113982,1,1,-0.873184903301586,1,0
341,2.57357486613165,3.98911830287844,1,1,-0.303878264376023,1,0
342,0.0363633621277081,0.829932566955367,1,1,-0.87364583911128,1,0
343,0.80405884003773,0.990672470282286,2,1,0.805101908814512,1,1
344,0.0223189535447293,6,0,1,1.22784480851359,1,1
345,0.0842593092885282,2.25707905320338,2,0,-0.0587030950778158,0,0
346,0.374768094366623,0.813030023127794,0,0,-0.694408564565383,0,0
347,0.108060939754877,6,0,0,-0.980055650147545,0,0
348,0.553949325519408,2.18794136806536,1,1,0.109741527134141,1,1
349,1.36775018746126,2.46340102512645,0,1,0.174491059267349,1,1
350,0.335770528763533,0.400898939744319,1,1,-0.93818250861468,1,0
351,1.99640921411186,3.83796661449405,1,0,-1.33428500848296,0,0
352,0.256846464313268,0.981504396629759,0,0,0.196940397188916,0,1
353,0.572494585067034,1.36368573329323,2,1,1.04372306969852,1,1
354,0.312607061747492,0.713526615570449,1,1,0.699253102068997,1,1
355,0.102273475207493,0.483399028716342,1,0,1.08390925832909,0,1
356,0.237675544598864,0.36649881345952,0,0,1.33292497027569,0,1
357,0.665050228126347,1.2328563496808,2,1,-0.414239990070828,1,0
358,0.066226498605168,2.3997133978414,1,1,0.126078413518399,1,1
359,0.685354629014101,1.42585131960611,0,1,1.10095631804697,1,1
360,0.912286795166825,2.37673364579678,0,0,-0.340177151002905,0,0
361,0.806447082568428,1.32172344737082,1,0,-0.656568808870064,0,0
362,1.94684091118246,3.19621065555712,1,1,-0.504475732539205,1,0
363,0.352997787607213,0.898111121983865,1,1,-1.96860818498437,1,0
364,0.317090358400404,0.520238485737002,2,0,0.234448855894382,0,1
365,0.46471131965518,1.6524143637773,1,0,1.21728595250975,0,1
366,0.186835896844665,0.352418462198903,1,1,0.528151429043374,1,1
367,2.23089272767904,2.26998161524534,0,0,-0.592497970487058,0,0
368,1.3300095772838,1.96265652134038,1,1,-0.87112346306704,1,0
369,0.934806426618191,1.58397755134892,2,0,1.37791190321756,0,1
370,0.0768240132472581,1.9396296167899,1,0,-1.06658426283342,0,0
371,0.0606074183467862,0.752347369559244,1,0,-0.501138089354002,0,0
372,0.30222307683693,1.94018272062143,0,0,-0.448642106350251,0,0
373,0.163154212964906,1.22427164369834,2,1,-0.565514077412656,1,0
374,0.533015191451543,1.53522111908543,2,0,1.43395284596669,0,1
375,0.0549396614099337,0.832287598756865,2,1,0.619083484697164,1,1
376,0.245994214970832,0.413797246176216,1,1,-0.530873060137869,1,0
377,0.149183489261996,1.88867381193198,2,0,1.57773941648993,0,1
378,0.223575204044379,0.484602358175015,1,1,-0.539926602220131,1,0
379,0.0188807578513356,0.775897674473591,0,0,0.805994476543825,0,1
380,0.269766613427136,0.451816242358144,1,1,-0.999458944989397,1,0
381,1.29236770582167,2.1505318890766,1,1,-0.19054283967983,1,0
382,0.314950406965282,0.761625562103851,2,1,0.00492597591436789,1,1
383,0.34401665493432,0.828855528277003,0,0,-0.316626285439132,0,0
384,0.284987098667087,0.965262143702789,1,0,0.305171065563515,0,1
385,0.196159600886058,0.643647980836225,1,1,-0.589984664748221,1,0
386,1.04287404044934,1.63804505390288,2,0,-0.863206256688017,0,0
387,0.355641330178413,1.72643495102723,0,0,0.391377945519622,0,1
388,0.282153430986583,0.324780721185201,1,1,0.0970285857925009,1,1
389,0.492207893791298,1.13177950213322,1,0,-2.13242991277238,0,0
390,0.0216846556092302,0.08427729247142,1,1,-0.406721255508022,1,0
391,0.452593934411804,6,0,0,-2.35970886223755,0,0
392,0.794442519498878,2.5890336342035,2,0,0.208165438327793,0,1
393,0.0952183837115224,2.40155386530419,1,0,-0.743169233997086,0,0
394,0.172653667007883,1.60870713681165,2,0,-0.473529387321583,0,0
395,1.67988609927167,1.9501804184803,1,0,-0.693589907188749,0,0
396,0.777311630293409,2.06417781112077,0,0,-0.593172797820843,0,0
397,0.615355941029872,0.972236150077102,1,1,1.16143262301168,1,1
398,0.100793814462349,0.325941537629653,2,0,0.189366683265983,0,1
399,0.26242124589367,6,0,1,1.40427890084816,1,1
400,0.218454249617126,0.483995527029037,0,1,-0.340515228640177,1,0
401,0.0406173518889284,0.273833433166146,0,1,-0.955642608973251,1,0
402,0.910964199666588,4.38329367277523,0,0,-0.464075129744289,0,0
403,0.386667686721517,1.79976157771767,1,0,-0.00367748303705718,0,0
404,0.469168512564566,1.15635329353937,1,0,-0.0868242408440742,0,0
405,1.60158546302069,1.89176507548725,2,1,0.0747250146288696,1,1
406,0.483766091056168,0.990601381005888,1,0,0.604350696080636,0,1
407,0.21403632054232,1.89074608503299,1,0,0.39956681990212,0,1
408,0.0529654366097798,0.605351219070793,1,1,-0.950518413294313,1,0
409,0.97906859379975,1.47148951514998,1,0,-0.131194882593463,0,0
410,0.681470238810612,0.925037693974863,2,1,1.90232102674037,1,1
411,0.2743608587318,1.04311499837939,2,0,1.44863655049705,0,1
412,0.572548620920214,3.63009084479168,1,0,-0.042593796780586,0,0
413,0.471943536669844,6,0,0,0.3430963880272,0,1
414,0.020620772201154,0.624081740776698,0,0,1.8048345634808,0,1
415,0.18175818967797,2.71790660724531,1,0,1.64445438260374,0,1
416,0.571306322494315,0.577141884497275,1,0,-0.585624253696815,0,0
417,0.299981599673629,4.50533110958835,0,0,0.438840993718327,0,1
418,0.41125679285162,2.44834415828345,2,0,0.243823223741061,0,1
419,0.344278750320276,1.12436529770616,2,0,-1.23822766346837,0,0
420,0.46428330656555,1.59947430844167,2,0,-1.10051844060121,0,0
421,0.0596825964748859,1.42099766238831,1,0,-1.13997031342844,0,0
422,0.949478033469465,1.0155220462931,1,1,-0.864016524572238,1,0
423,0.848451014561468,1.96542622269196,1,1,0.140190115190383,1,1
424,0.992831132431507,1.56449900361363,2,0,0.828710972160761,0,1
425,0.58044653903279,3.10454173104102,0,0,-0.167698879784428,0,0
426,0.633242419506941,0.940259620547295,0,0,-0.414668817260683,0,0
427,0.30646347891433,0.680616113764365,1,1,-1.50598330927804,1,0
428,0.0833972688350413,0.321763167080904,1,1,-1.48063156198221,1,0
429,0.136355054564774,0.462440333054099,2,1,1.12234754965331,1,1
430,0.0640360457428533,2.01847474235865,1,1,-0.691647542206179,1,0
431,0.490198366541777,0.624946955451003,1,0,0.174272711489004,0,1
432,0.912145854237689,1.96737630982872,1,0,0.307065716473609,0,1
433,0.691886990227633,1.28851138790809,2,1,0.762460354914267,1,1
434,0.722407217447956,1.04193637592663,2,0,-0.699644432462349,0,0
435,0.0745505527617875,4.59126561074121,2,0,-1.13296452024913,0,0
436,0.531231619210707,0.669199750363391,1,1,2.16296280211844,1,1
437,0.857098782547771,1.97127275653239,1,1,1.12742093328596,1,1
438,0.700005363776452,1.00837719921351,2,1,1.37371580955863,1,1
439,0.356855261036091,2.93689446061883,2,0,1.02490046395989,0,1
440,0.752994569742845,2.52112282441927,1,0,-0.514078527482287,0,0
441,1.096119810263,3.61560687407168,2,0,-0.339374684319127,0,0
442,1.3753579825524,2.57695428107301,2,0,-0.805859162006596,0,0
443,1.36809964659613,1.38429365081494,2,0,-0.0385724328390792,0,0
444,0.454138283514314,6,0,0,-0.0648994398333478,0,0
445,0.111089252038962,0.457263886362822,1,1,0.181346959066708,1,1
446,0.172770003834754,1.18096338585019,0,0,0.0935112158874254,0,1
447,0.175928954138524,0.300544866268565,2,0,0.269175696445373,0,1
448,0.325770896087626,1.47442755318064,1,0,-0.378529881823947,0,0
449,0.775420673972713,1.26695370915594,1,0,-0.264063900531515,0,0
450,1.02384053890375,2.35047122616191,1,1,0.979701725574782,1,1
451,0.513328468013141,1.31763566256295,2,0,0.624574070952174,0,1
452,1.20699246673283,3.15585904060777,2,0,0.41650735001872,0,1
453,0.397104636972977,1.0641655647471,1,0,-0.304251321284116,0,0
454,0.138900617996814,2.55230536710826,1,1,-0.558888908569147,1,0
455,0.319243661748866,0.617414784978616,1,0,-1.00478920404107,0,0
456,0.0511830693450292,0.429210340105819,1,1,2.04336572035659,1,1
457,0.0867484395665918,0.517868402647359,0,0,0.17244696114654,0,1
458,0.119385222270827,0.352361596729055,1,1,-1.29273043071064,1,0
459,0.150690648911728,1.05408837769226,2,1,-0.590290092220633,1,0
460,0.127306685661285,0.776698507669117,1,0,0.272483818065533,0,1
461,0.488078124924666,1.89110539970643,1,0,-1.49694726058116,0,0
462,0.290574288616578,0.71772295050323,0,1,0.893260612887816,1,1
463,0.281118814729982,1.65762920705332,2,1,-0.798668276435232,1,0
464,0.0926994190861782,2.48971814837427,1,0,-0.407939322474878,0,0
465,0.918673179147862,3.57695883995964,1,1,-0.491402139491061,1,0
466,1.65126456511022,1.79319977854314,1,1,-0.198501410205718,1,0
467,0.171650343398383,1.40347247550396,1,0,0.353489301671733,0,1
468,0.0195351488227079,1.36918331678305,2,1,0.045619941408949,1,1
469,0.223141077181531,1.14905547942678,2,1,1.78392928211524,1,1
470,0.778364553586987,2.1401613955136,2,0,0.792455410594606,0,1
471,0.0860338884130769,1.04215376540256,1,0,-1.09218952626318,0,0
472,0.0513918589515479,2.34832003664221,2,1,-0.756643162218358,1,0
473,0.464769514898459,0.861171279975173,1,0,-0.517451796963316,0,0
474,0.0186060892635002,2.17229192179458,1,1,-0.622378195066531,1,0
475,0.395910712476406,1.23310561954634,1,0,-0.0579237616992257,0,0
476,0.196091527773715,0.505953248931814,2,1,0.260950436548345,1,1
477,0.0685033650119317,0.468113558607799,1,1,-0.0256016252605517,1,0
478,0.352768582198417,5.03313143489351,2,0,0.204806108830008,0,1
479,2.76478542711464,3.16573654115025,1,1,-1.4607547649117,1,0
480,0.120289088744256,0.542317227673192,1,1,1.36610199549332,1,1
481,0.195337679690481,0.850904578207015,2,0,0.508246986511198,0,1
482,0.222067637886438,0.781340648173968,1,0,-1.35012616950135,0,0
483,0.0632441162856089,2.39802161971417,2,0,-1.37354702915905,0,0
484,0.709587719498409,1.01944076802874,2,0,2.11955389431575,0,1
485,0.841383448000666,1.56974023360945,1,0,1.32079140253469,0,1
486,0.20370499851803,0.226322434585019,1,1,-0.718423940269073,1,0
487,0.941872287754184,1.15143526494719,2,0,0.156195193010357,0,1
488,0.98640076707934,1.30224947626537,1,0,-0.339898669908361,0,0
489,0.151853195598556,3.1326415882116,1,0,0.36333356694234,0,1
490,0.815594036277839,0.834621370939111,2,1,1.54796268554122,1,1
491,0.964031126303488,1.32750976870423,1,1,-0.774497470158459,1,0
492,0.193567159068253,0.942515646909749,1,0,-0.892959277929551,0,0
493,0.71306839481824,1.12209375233165,1,0,-1.33236624526479,0,0
494,0.0655513153307968,0.435271110524405,2,1,0.427381840300364,1,1
495,0.480600018571648,1.03087717839153,1,0,-0.552483627195108,0,0
496,0.00444562541720089,0.254167004067103,1,0,-1.87878707650933,0,0
497,0.546311812199454,3.9406555891037,0,1,0.0108170324945842,1,1
498,0.103289094455052,0.207057055531831,1,1,-0.940129578389498,1,0
499,1.06830846720571,1.59492625854909,0,1,0.690812673457741,1,1
500,0.458616481369568,0.739784078158107,1,1,-0.824476008339621,1,0
501,0.0682756303141194,0.829332957014587,1,1,-0.367385334951159,1,0
502,0.180966987392668,0.261210712293784,0,1,0.103642400035253,1,1
503,2.56083109470575,2.89160754099162,1,1,-1.45899305001805,1,0
504,0.0324786055104492,1.15159021025843,1,1,0.969414923076267,1,1
505,0.219788170294319,0.363366768384973,0,1,0.304960941130368,1,1
506,0.450197110183696,0.927399655536267,2,1,1.22659960010494,1,1
507,0.120452474285331,0.194986283552101,2,0,-0.921901715127394,0,0
508,0.325525275742014,1.02547418946684,1,1,-0.112392456668295,1,0
509,0.554728699951536,1.08012592506572,2,0,1.71945153454958,0,1
510,1.5993774138946,2.15764703834866,2,0,0.930672687006818,0,1
511,0.0812797645154852,0.458833962315835,1,1,-1.62974157446203,1,0
512,0.0344019424584177,0.140036925129,1,1,-1.1428117549623,1,0
513,0.0884522373477618,1.63489885812791,1,1,-0.0797492767066636,1,0
514,0.285810838556952,0.48333159675869,2,0,2.70310797388622,0,1
515,0.0807001115754247,1.01512197094659,0,0,-0.327163042445253,0,0
516,1.88684728194213,1.94654109930989,2,0,-0.343972705658439,0,0
517,0.377137956301818,0.685129731218852,1,0,-1.28265907321187,0,0
518,0.326147774337894,0.743295112115765,2,0,0.545136727794945,0,1
519,0.491828829463985,0.51114653565007,1,0,-0.378497406371408,0,0
520,0.31994103149295,0.907668570677439,0,1,-0.914179727859123,1,0
521,0.753519922080967,1.25571967544827,1,0,0.402010691543433,0,1
522,0.479648592364457,0.760772340061459,1,0,-1.6438002053547,0,0
523,0.390988083866735,0.42528907553064,2,1,2.1557439665063,1,1
524,0.40055087271969,0.407662283369108,2,1,0.0802604606129743,1,1
525,1.06605443292644,1.72630474736351,1,0,-0.0798873048597885,0,0
526,0.837431510656754,1.49710581469181,1,0,-0.0477404424601552,0,0
527,0.525661023437149,0.535991062961272,1,1,-0.332151868834331,1,0
528,0.0338044127694982,0.341083797284871,2,0,-0.812509870710102,0,0
529,0.448646449690892,6,0,0,-0.989001595763647,0,0
530,0.0626480954068521,1.43052820856765,1,0,-1.01963757835171,0,0
531,0.542740229413741,1.02653135331934,0,0,0.948189666115207,0,1
532,0.221213987097144,0.287922805454602,0,0,0.971346136369386,0,1
533,1.97523351674701,6,0,0,-1.5882958048598,0,0
534,0.156772524228825,0.31397175528192,2,0,-0.293718326436872,0,0
535,0.0931008837910162,1.37562777387027,2,0,-0.00570833920241312,0,0
536,0.003504521627963,0.273481666410977,1,0,-1.1740500457718,0,0
537,0.00342657349145973,0.578036295216491,1,1,-0.229358599753894,1,0
538,1.11590333342941,1.66205511370277,1,0,-1.16825549772117,0,0
539,0.181878889496956,1.57458890070309,1,1,-0.169535515465489,1,0
540,1.87545173067784,2.05647875067363,1,1,-0.582166166958731,1,0
541,0.0190321449190378,0.168005704376585,0,1,-0.877368392187541,1,0
542,0.0449228850710723,0.0810051119575898,0,1,0.515678680582683,1,1
543,0.687233579034607,1.70236370576025,1,0,0.155677740591227,0,1
544,0.137322391707271,1.26522481315465,1,0,0.649764219072128,0,1
545,0.236221918732756,0.877867852740319,1,0,-0.660079539686677,0,0
546,1.06576627012228,1.19927234405026,1,1,0.985059096329917,1,1
547,0.00690610820634498,0.609196485695765,1,0,0.000700953573895276,0,1
548,0.554352236083812,3.47257914642493,0,0,-0.34966122527266,0,0
549,0.369536199399994,0.684760730783505,2,0,0.124828705515303,0,1
550,0.73495048046526,0.956664022616114,2,0,-0.262152165347008,0,0
551,0.766698939001395,1.25074494445272,2,0,-0.145470682750204,0,0
552,1.4295056420429,3.10409969021345,2,1,0.360797842937966,1,1
553,0.105896817745374,1.59855017173723,2,0,0.18619598671525,0,1
554,0.218205933148662,0.88840805436791,1,0,-0.400719911049476,0,0
555,0.41306956672848,0.551779486820967,2,0,2.42608421834094,0,1
556,0.293306309991357,1.09578866184655,1,1,0.0205033903824091,1,1
557,0.0439802143308851,0.137273295360441,1,1,-0.424237600867374,1,0
558,0.595858070171542,1.16160988430686,1,0,0.919772857257555,0,1
559,0.118133096645276,0.242149356641636,1,0,0.6717143731519,0,1
560,1.17377352482214,2.21820880848754,1,0,-1.34875328890322,0,0
561,0.00705343621454639,1.02777237149174,1,1,0.246731307382456,1,1
562,1.23093182526828,5.41512919916194,1,0,-0.0918668910757379,0,0
563,0.696304592096971,2.36676602696422,1,1,-0.422353645661371,1,0
564,0.189499602549606,1.97312340587432,1,1,-2.83643014681932,1,0
565,0.0226190521617399,1.85318503715085,1,1,-0.584340396374029,1,0
566,0.00325815131266912,1.2787165458238,1,1,-0.275245530207044,1,0
567,0.214983403679308,0.415282883933874,1,1,1.90940546935046,1,1
568,0.658342603387104,0.835745468391407,1,1,-0.0461383312115198,1,0
569,0.342917812905156,0.436022652843421,1,0,-0.240985005847895,0,0
570,0.0460272543180331,1.38382796726741,0,0,-0.605041311480337,0,0
571,0.358792138031004,2.69224650230265,1,1,-0.415703882843146,1,0
572,0.0533006862840719,3.71278372870304,2,1,0.512277210024422,1,1
573,0.0172967449805384,1.41004770054595,1,0,0.445868164770142,0,1
574,0.504058200038142,0.772712578400233,1,0,1.49494807934818,0,1
575,0.758706765870253,0.781337660849097,0,0,-1.16599119650625,0,0
576,0.957135526002791,1.06903969548,2,0,-1.53856661089934,0,0
577,0.304598581408621,0.537809025074893,1,1,-0.059784051437345,1,0
578,0.404824250791636,0.69965643112562,1,0,0.379282311658967,0,1
579,0.0587921158053425,0.420765206217766,0,1,-0.0359024935709214,1,0
580,0.267470069229603,1.81893140180882,1,0,-1.06294115070713,0,0
581,0.221530140694755,2.75435107016742,2,0,-0.270494367287695,0,0
582,0.297686656603487,0.94212032338418,1,0,-1.11824881491386,0,0
583,0.254985511613389,1.72405719566144,1,1,0.0627800538979928,1,1
584,0.402839077222678,0.579869490183713,1,1,0.878513234670148,1,1
585,0.952174421861573,1.24775623955405,1,0,0.128673128906416,0,1
586,1.29484170233745,3.06973847030784,2,1,-0.780889237615258,1,0
587,1.67817432424031,3.02998424197237,0,1,-0.118813730857518,1,0
588,0.222395637160371,0.660052305708329,0,0,-0.322270509360803,0,0
589,0.120498502584451,1.04477684544882,1,1,-0.530566376609274,1,0
590,0.104453698731959,0.154455743963942,2,1,0.0149640506143733,1,1
591,0.319519467755324,2.87637259185675,2,0,-0.0110082765196987,0,0
592,0.141164790505624,0.729906658896395,2,0,-0.701566198111148,0,0
593,0.892647283818039,3.75451836094279,2,0,0.378852398690875,0,1
594,0.240174324742305,0.916678324962656,0,0,-1.23717285420634,0,0
595,1.0350541513479,2.01186339756222,2,0,1.64633922125277,0,1
596,0.00413420972310834,0.59057279298721,1,1,0.368880256774359,1,1
597,0.934736202052427,2.73738060332843,2,0,0.698029099285996,0,1
598,0.125224724825886,2.6687299799616,2,0,0.805392610231606,0,1
599,1.00658166217607,3.07158517541909,1,1,1.39545277662887,1,1
600,0.445313264822794,0.785441809990071,1,0,1.2056232658661,0,1
601,0.872558672616631,1.21131633186485,0,1,-0.0104408532133603,1,0
602,0.164041712673174,1.2514968391983,2,0,-1.25006799029004,0,0
603,1.2074154324694,2.95178557788755,2,1,-0.656926786676895,1,0
604,0.531061007969905,1.23112623269359,0,1,2.23503908037301,1,1
605,0.859264768613392,1.36482307388901,0,0,0.176231480881665,0,1
606,0.340252924755073,0.643238004352483,2,1,0.505759544164263,1,1
607,1.14798027293021,2.14766681194305,0,1,-0.128402646300137,1,0
608,0.0925065856999845,2.82119786123548,1,1,1.63280962893967,1,1
609,0.0221940497350362,1.95584965994067,2,1,0.282200811927183,1,1
610,0.44919787440449,0.57849704296786,2,1,0.994870319200268,1,1
611,0.169104985718244,0.909101583974364,1,1,-0.0765014037153764,1,0
612,0.635377976319028,1.03292557007865,1,1,-0.530729268186291,1,0
613,0.348604132110874,1.86064881326431,2,0,1.58375669371975,0,1
614,0.992366565825773,1.85798288968512,1,1,-0.882358157675277,1,0
615,1.17136265458177,1.81822098350451,1,0,1.56804876339021,0,1
616,0.594550339608557,3.40567579074069,2,1,-0.102549964160455,1,0
617,0.263056027262913,0.779693966805289,1,0,-0.0667996716820779,0,0
618,0.320864580261482,0.329956238468488,0,1,-1.0310025576398,1,0
619,0.144494104423285,0.307427613892187,1,1,-0.372223511403011,1,0
620,0.0280643215944787,0.120050189773828,2,1,0.668930137414185,1,1
621,0.0763901451370365,1.55912137761459,2,1,1.12621071041321,1,1
622,2.7110838040137,4.64334982160944,2,0,0.505780506058709,0,1
623,0.0483559403154585,2.16256531134457,1,1,1.30215174768248,1,1
624,0.362021469304131,0.808536719219425,1,0,0.0353250169592292,0,1
625,0.26169389175872,0.600013811351969,1,0,0.716837073312598,0,1
626,0.227237043934482,2.7394910970122,2,0,0.633047706865372,0,1
627,0.65372895087219,0.729059506903315,2,0,0.0968453303702259,0,1
628,0.0885856712246978,0.130808618862859,1,1,-0.266158045982395,1,0
629,0.0360004991913835,0.338381015798955,2,1,0.649825649120573,1,1
630,0.117472064103644,1.53839605470353,1,1,-0.590094249365286,1,0
631,0.357680403523975,1.21976821528208,1,1,1.29465698296127,1,1
632,0.371031582148539,0.432948365361154,2,1,0.79232226890304,1,1
633,0.266884489812785,1.72724907685425,2,0,0.293984214593237,0,1
634,0.00816425880016759,0.216650434404736,2,0,-0.145878577126028,0,0
635,1.23657375844511,1.47789933060163,1,0,-1.42067769516808,0,0
636,0.650782066190408,2.37464601025237,1,0,-0.167008211885305,0,0
637,0.380294860761436,0.641029969527961,1,1,0.337861659889193,1,1
638,0.0322779472430547,0.263016167110374,1,1,0.183791913314645,1,1
639,0.670548771611518,0.835227970741502,2,0,0.362191024721362,0,1
640,0.596325379899806,0.629239368286773,1,1,-0.082209328743737,1,0
641,0.943357265611172,1.78714502451759,1,0,1.46498195498512,0,1
642,0.293051578725378,1.00243173811899,1,0,-0.424753061430398,0,0
643,0.249589970335364,1.41721095163176,1,1,1.25575043485449,1,1
644,1.98473762504527,2.73314924846031,2,1,0.897891084783107,1,1
645,0.473750372831192,2.53597355065687,0,1,-0.766169869289124,1,0
646,1.53333611160816,3.58315617710301,2,0,-0.143462960535488,0,0
647,0.0133250633413685,0.178495967856506,2,0,1.71415245837781,0,1
648,0.293843115472959,0.479522314937476,1,0,-0.191455261398536,0,0
649,0.225098618927101,0.456896899203747,1,0,-0.309892982691948,0,0
650,1.98602571660217,3.67661905785402,0,0,-1.22173202225453,0,0
651,0.206199133147796,1.567968267167,2,0,0.636337377203561,0,1
652,1.36718660795326,1.7546033798137,2,0,-0.447741352089576,0,0
653,1.04317410223485,1.10901627532303,0,0,1.48352239960584,0,1
654,0.0909875504051646,2.04233705216517,0,1,-0.512420071330516,1,0
655,0.134662387168242,0.273953145418058,1,1,0.619529128560907,1,1
656,0.390390540059242,0.598335767379584,2,1,-0.284861284857019,1,0
657,0.597438816798636,2.64370853538045,1,0,0.951205340211339,0,1
658,0.00534445357819398,0.479184249367938,2,1,0.771506437323436,1,1
659,0.0119694679354628,0.663375432659592,1,1,0.755868663725126,1,1
660,0.174044417734775,0.336540064975801,1,0,-1.45351249549524,0,0
661,0.369583768252697,1.39217549374301,1,1,1.77905643384592,1,1
662,0.396415496640623,1.88333477422186,2,1,1.29011792269209,1,1
663,0.00430479283548064,0.453821392357592,2,0,0.856442679420258,0,1
664,0.00839342311438587,1.06879499000775,1,1,0.187635072867187,1,1
665,0.0420961072591495,0.815269257181308,2,1,0.0864135881529204,1,1
666,0.782692164342947,0.978024358922823,1,1,1.39224781955774,1,1
667,0.0641615818151169,0.226791924778445,1,0,-1.31215192336064,0,0
668,0.0640963017940521,1.9208639768654,0,1,0.923336273334343,1,1
669,0.129814293026621,0.623902041389816,0,1,1.59303197495073,1,1
670,0.638700879903303,1.80831794937452,0,0,0.977158548888662,0,1
671,0.646471956020428,1.35441158799958,2,0,1.73197833130352,0,1
672,0.417538618979355,1.0849878445423,1,1,-1.4712133423054,1,0
673,0.925243959405038,1.4087186811265,2,0,0.349924746821298,0,1
674,0.663073160037302,3.53791451892478,2,0,-0.486080268838902,0,0
675,0.123331008286445,0.263759664430971,1,1,-0.34109141618565,1,0
676,1.66407903853989,2.56103513519377,2,0,0.306870174359575,0,1
677,2.90475072325174,2.99727899953723,0,0,0.602542056921438,0,1
678,1.87522224658664,3.88580561458252,2,0,-0.238204001508383,0,0
679,0.258513724224435,0.577927201711974,1,1,-1.67372020141695,1,0
680,0.693707430942191,4.92634924349183,2,0,-1.03058718733625,0,0
681,0.138668157160282,0.694057953215187,2,0,-0.226964254406576,0,0
682,0.986652150703483,1.78581235592247,1,0,0.837565315629861,0,1
683,1.17122436479364,2.14689596253554,1,0,-0.171843485824326,0,0
684,0.157622150363257,2.10455245473179,2,1,0.170420123692974,1,1
685,0.175054318200996,0.728207479873785,1,1,-0.194847171549435,1,0
686,1.28400765044293,2.52012516437013,0,0,-2.53937265762162,0,0
687,0.635178815994606,0.801458236860405,1,1,-0.932336141172211,1,0
688,0.0324247949670483,0.407062781277317,2,1,0.360243967354739,1,1
689,0.11999882861144,0.877007509892186,0,0,-0.255239489384135,0,0
690,0.420459223807686,0.458884538681076,1,0,0.157073930267535,0,1
691,0.391934670300947,0.944823403562399,1,0,-0.0944595308267831,0,0
692,0.082747353057042,0.996681963393232,1,1,-0.239572669563344,1,0
693,0.281409453803203,4.07851957971219,0,0,-1.22692878819485,0,0
694,0.0346336348189248,1.09342027099525,2,0,-0.380932048984137,0,0
695,0.123916988131663,0.328436703637174,1,1,-0.681349783254454,1,0
696,0.156797490986839,0.166170112651478,2,1,0.310527156890991,1,1
697,0.00360103582756387,1.04967496100215,1,0,-1.80796448078026,0,0
698,1.08515245081314,3.46996856421627,2,1,0.495978174021218,1,1
699,0.164452615814904,1.9750839916207,1,1,-0.551210816862811,1,0
700,1.55645682155581,2.04123689529521,1,1,-0.634558177271922,1,0
701,0.59003171355774,3.06530797695484,2,0,0.0144169081263215,0,1
702,0.018000435400654,1.1456372619917,0,0,-0.320092025474769,0,0
703,0.648430055147277,0.928578025988537,0,1,-1.02235837629556,1,0
704,1.18204692063532,2.55035544656361,1,1,-0.0288925477338366,1,0
705,0.0806312678952872,1.07891852593642,2,0,-0.597340040338164,0,0
706,1.11971055980657,1.66807765840199,1,0,-0.7043176143384,0,0
707,0.0396358591253532,0.241529907019381,1,0,-0.630367880890258,0,0
708,0.136249090627105,0.76450941494036,1,0,-0.42846235651861,0,0
709,0.863276409378788,1.24009538580334,1,1,-0.251153239204796,1,0
710,0.0418737235789498,1.47151761108863,1,0,0.137094474926579,0,1
711,1.52663578481609,5.33260250186575,2,0,-0.370062825108243,0,0
712,1.40851366535956,6,0,0,-0.950253434438818,0,0
713,0.402892789699965,2.29979501805719,1,0,-0.882087410935563,0,0
714,1.17908799705705,2.84023685433336,2,0,1.40495773517188,0,1
715,0.928669921593216,1.40223778272145,2,0,1.17304158870349,0,1
716,0.311546662511925,0.325771551338276,2,0,0.378601474686076,0,1
717,1.46305717626679,1.80041440452139,0,1,0.482292297978252,1,1
718,0.533350056244267,2.43452769194939,1,1,-0.718755021285605,1,0
719,1.47924160166219,2.11306773687764,1,0,0.382661002565114,0,1
720,0.15895703393552,0.871239464066772,1,1,0.72944612530105,1,1
721,0.113750396606823,0.537773250349842,2,0,1.01616838317855,0,1
722,0.559799418681198,0.796623375629338,1,1,-1.98133862085031,1,0
723,0.0761920136089126,2.80411919275044,2,0,0.198966834707243,0,1
724,0.0447162318009853,5.94348600362692,2,0,0.028398974185756,0,1
725,0.421448120743864,2.14353661473485,1,1,0.397856310787167,1,1
726,0.208353085132937,0.970600182264895,1,1,-0.720453717091519,1,0
727,0.441246900914444,0.536404615399301,1,0,-0.934202916977042,0,0
728,0.13411955897113,0.284049822946422,1,0,-1.40828860271579,0,0
729,0.140924700018432,1.75934358959256,1,0,0.407720729069602,0,1
730,0.692312155022389,2.94021613562619,2,0,0.708621176482613,0,1
731,0.130454047790004,0.400949719672402,0,0,1.09232618667398,0,1
732,0.139978164806962,3.20535839016491,1,1,-0.201015840192182,1,0
733,0.158427164682912,0.237551225220282,1,1,0.798498946977809,1,1
734,0.505885756574571,0.926752553493699,1,1,0.586265699551232,1,1
735,0.25225648171521,0.994246462644726,1,0,-0.267527914110605,0,0
736,0.00237686362345134,3.04800736113025,1,0,0.489503476816608,0,1
737,1.35833135283955,3.24192312394665,2,0,-1.17682461972453,0,0
738,0.499497241230739,1.29966574500956,2,1,0.75345487237629,1,1
739,1.42366513916966,3.07252537092738,2,0,-0.0807830834459862,0,0
740,0.55945320158369,0.639381554880851,1,1,0.685836093012651,1,1
741,0.803370256718566,2.33893411068382,1,1,-0.811067944759436,1,0
742,0.292797798069918,1.03051744284979,1,1,1.40014778552408,1,1
743,0.000209785536865209,0.57733722751785,1,1,-1.17982407505806,1,0
744,0.277649036401676,4.24880774841409,2,0,-0.919183459728947,0,0
745,0.133366999106047,0.804167824063929,0,1,1.36749202548441,1,1
746,0.0401693566331625,0.61249317059907,2,0,-1.18198053468805,0,0
747,1.19098707718453,1.22813829049144,2,0,1.235600063675,0,1
748,0.413038998624367,2.05987008560594,1,1,0.7470975653778,1,1
749,0.462048800351719,1.2128374738288,1,0,-2.49262082318008,0,0
750,0.617389270548355,1.04187630504405,1,0,0.405392030610878,0,1
751,0.0238927324910041,0.605897568203221,1,1,-0.620255774234474,1,0
752,0.0486735694317354,0.464367965094722,2,0,-2.09339888230976,0,0
753,0.320424539968371,0.573390004956108,1,1,-1.64227465783037,1,0
754,0.0142570993759566,0.0418098666374468,1,1,1.13688420175496,1,1
755,0.0270579403473271,0.131061451253678,1,1,-1.31626981715954,1,0
756,0.643327605600158,0.943380145520031,2,0,-0.219993108871958,0,0
757,0.487955372525857,1.25890486327357,1,1,-0.236911465661024,1,0
758,0.975142205087357,2.67392132071153,2,0,0.598975854627961,0,1
759,0.00956390673915545,2.96734706850435,2,0,0.930355066403249,0,1
760,0.186274490106925,3.13128853400272,1,1,-0.513326281527002,1,0
761,0.10616596424552,0.401635849389331,1,0,0.199211538991282,0,1
762,1.24243751802465,1.46429992158499,1,0,-0.0860935687808653,0,0
763,0.228880648501217,0.495205312555245,1,1,1.9346535442957,1,1
764,0.317556347108581,0.691095591140463,2,1,0.70693602930096,1,1
765,0.298301540315151,0.93652917133383,1,1,-0.981491876959117,1,0
766,0.275210073838631,0.639983260138836,2,1,0.904296342315467,1,1
767,0.0291575170736905,0.336668716584116,1,0,1.80688325563193,0,1
768,1.60446632765024,2.28021027894515,0,1,0.0399160343821287,1,1
769,0.0395015828253436,1.50160945177816,1,0,1.67108256348183,0,1
770,0.748753886048993,1.43800128493689,2,0,0.413283632546727,0,1
771,0.887926769292699,2.7853693595777,0,0,-0.964459152802432,0,0
772,0.933056791369796,1.57096415114119,1,0,-0.827853951317661,0,0
773,0.179518029419209,1.21731051864723,0,0,-0.633854796448048,0,0
774,0.938134491396957,1.15021920834388,1,0,0.496069340472399,0,1
775,0.937492363255852,0.973147199170181,2,0,0.258011435581685,0,1
776,0.618625073176291,3.52919862295191,0,0,-1.40373439315978,0,0
777,0.711603445104427,1.92970000296428,1,1,-0.590880143670645,1,0
778,0.14010950198604,0.989064713940024,0,0,0.622073359541703,0,1
779,0.262597721690933,2.73356351276158,2,0,0.729280353814877,0,1
780,0.289146018524965,0.527312277167298,2,0,1.39921500108069,0,1
781,0.165442326167065,3.48726944997907,0,0,-1.47241611633997,0,0
782,2.08144209648771,3.19720724060292,1,1,-1.18337349245348,1,0
783,0.0772065503729714,0.357308749171198,1,0,-0.254692064742148,0,0
784,0.721264390999244,3.96912731662444,1,0,-0.470532364964241,0,0
785,0.211505505704643,1.76852739862682,1,0,-0.495905425299555,0,0
786,0.591483776871529,3.02596499221129,1,0,0.142204650959647,0,1
787,0.989004437661516,1.29505425733844,1,1,-0.284412551209451,1,0
788,0.895201547231621,1.39828140814512,2,1,0.532299161181654,1,1
789,0.227134113797962,0.478308952907643,1,0,-0.441379427501253,0,0
790,0.26579009472496,1.89664900744757,2,0,0.808397644339638,0,1
791,0.734737380407751,4.8014007487647,2,0,-0.670880090955472,0,0
792,0.212792788713819,1.6843611605508,1,0,0.554420277409374,0,1
793,1.59714721365658,2.98902029254635,2,1,0.635898017653258,1,1
794,0.650771917361352,0.743463572446878,1,0,-0.326223032772243,0,0
795,1.58172635766138,2.16974656718473,0,1,-2.02509277501592,1,0
796,0.987658839005245,3.19396854088737,2,0,0.565097451357353,0,1
797,0.271597534625067,0.700992595443598,1,1,0.2103545436383,1,1
798,0.0171563401818275,1.01738306907459,2,0,-1.15394512129278,0,0
799,0.657990583115154,1.03769010085355,0,0,1.32673474952815,0,1
800,0.0103061325434181,0.405675668623307,1,0,-1.30077394642204,0,0
801,0.0542059566618668,0.385883529639349,0,1,-0.456250141897039,1,0
802,0.809415699867421,0.851510838140479,2,0,1.42638042671708,0,1
803,0.643621382510496,1.26386287205724,1,0,0.0354607283141454,0,1
804,0.771926464466267,1.01882975656244,1,1,0.537783623024462,1,1
805,0.139389766587151,1.72136490102583,0,1,-0.135733018695482,1,0
806,0.147857803401011,0.623132781511815,2,0,0.900426677408663,0,1
807,0.919443572693312,1.27419096805935,1,0,-1.53528706440576,0,0
808,0.0220096442434523,0.0640903497482397,1,0,-0.131300889914155,0,0
809,0.135404781127969,5.8731861986761,2,0,-0.405046654340193,0,0
810,0.704371572679116,1.61489299346304,2,1,-0.504655933660599,1,0
811,1.06036725552845,1.65147210781773,0,0,-0.0980133709437505,0,0
812,0.538971161262857,0.625025820176624,1,0,-0.190025547139628,0,0
813,0.199272064492106,0.50440805597827,1,1,1.07565024071788,1,1
814,0.727191247149474,1.91387969394973,2,0,0.725153254523401,0,1
815,0.462993507911227,0.857424938622005,1,0,-0.618195818885352,0,0
816,0.427799257449806,0.739372572865494,1,1,-0.403035881456615,1,0
817,0.0293007761131278,1.2886069099402,1,1,-0.889418416897314,1,0
818,0.00619811626772086,0.0464759078754485,1,1,-1.16417615007751,1,0
819,0.764286586911314,1.70345790373782,0,0,0.350281516889796,0,1
820,1.57551376139723,1.80259967876011,2,1,-1.19612276608495,1,0
821,0.0895779631617997,3.65503598629607,2,0,-1.04316490452581,0,0
822,0.346730743638343,0.529094669998742,2,0,0.489142722229173,0,1
823,0.248720000704957,0.946246091267108,1,1,-0.215333264236463,1,0
824,0.454501595037679,2.8928736934922,1,0,-0.530140345254143,0,0
825,1.94981220479412,3.52082070657978,1,0,-0.648932679200057,0,0
826,2.27136274583409,3.73674379661679,0,1,0.636544506340205,1,1
827,0.136147870105263,0.929071176530421,1,0,-0.191690432113972,0,0
828,0.589066602082716,2.66421413556494,1,1,1.07007729666985,1,1
829,0.0503069572732704,0.659442508180899,1,1,-0.143410075884064,1,0
830,0.481645279150042,0.553802173840181,2,0,1.34200224128873,0,1
831,0.558416458985044,0.816906422701901,2,0,0.510839658704497,0,1
832,0.917183218684144,1.27681405333688,1,0,0.97568451984079,0,1
833,0.357154322684639,0.452142076687633,2,0,1.04471118661308,0,1
834,0.0669864989403221,0.80255269410404,1,1,0.709315789633886,1,1
835,0.627825517828266,1.14913487148303,1,1,0.667759720873509,1,1
836,1.28753405473598,1.64602175355852,2,0,0.406948469400334,0,1
837,0.39097654995405,0.884214548824555,1,1,0.42977655352645,1,1
838,0.0506784016680386,0.216423243123499,2,1,1.86962952922998,1,1
839,0.111113746924524,0.18518700948494,1,1,-0.820131446249944,1,0
840,0.288160752194623,0.293196672191189,1,1,-0.772350439687709,1,0
841,0.873057701860975,1.33195637084226,2,0,0.174853006845272,0,1
842,0.739741709290279,1.4341582972166,1,1,0.965651564707649,1,1
843,0.00695088676944272,0.0590782524416518,1,1,1.27297612990895,1,1
844,0.391112376107938,0.83027383312583,0,0,0.477127437411554,0,1
845,1.10734425997868,1.97894244979993,1,0,0.391408158315224,0,1
846,2.05455459595242,2.32060061810661,2,0,1.57679557913763,0,1
847,0.111730541102588,1.98657952412424,2,1,0.744728219363269,1,1
848,0.343045017274844,0.969089061439564,2,0,0.971716903768911,0,1
849,0.785151271450543,0.826592753787831,2,1,0.892485743778403,1,1
850,0.154373365142708,0.6089395296913,2,0,-0.0288336222367956,0,0
851,0.0955475209386125,1.50300971113715,2,0,-0.264231426901561,0,0
852,0.259431495848871,1.84245382867306,2,0,0.413673120621062,0,1
853,0.459950613375339,0.780004990355821,2,1,1.16766898771278,1,1
854,1.92063766832752,3.88299989352816,1,0,1.08715888093154,0,1
855,0.699129612144015,1.35638165354806,2,0,1.37825858413234,0,1
856,0.155644916618864,1.95106740092563,2,1,0.67853480124406,1,1
857,0.114913950674236,0.396251320588841,1,0,0.409414562593284,0,1
858,0.216558390057166,1.04089796543121,0,1,0.366146438179092,1,1
859,0.244804139559468,1.12378651185885,1,0,-0.846613061566638,0,0
860,0.0111442755222208,0.468694789880686,1,0,-0.563469721369933,0,0
861,0.426637069892616,2.46927363420771,1,0,-0.855170832655284,0,0
862,0.642440362005598,2.80057087961118,2,0,0.693449649715059,0,1
863,0.724465463620921,1.64220537679891,0,0,-1.14725244052979,0,0
864,0.60037087286926,0.718977026029625,1,1,-1.94018927635074,1,0
865,0.324147089074055,4.64807020277078,2,0,-0.452594200159575,0,0
866,0.222752688769357,1.00135089637606,1,1,-0.40879206360479,1,0
867,0.643098596483469,1.14776224499133,2,1,-0.418224035070214,1,0
868,0.384215824823413,0.530182103025415,0,0,-0.623343001526992,0,0
869,1.0324093914271,2.38497124591019,1,0,0.588303998947978,0,1
870,0.628790063783526,0.781787262081896,1,1,0.184067893133663,1,1
871,0.211250884458423,1.09397166242078,1,0,1.27984535536157,0,1
872,0.276121099272536,1.28307699556604,2,1,0.965854443593845,1,1
873,0.150942006665799,0.746840843643559,2,0,0.75981678717715,0,1
874,0.453159450553358,0.471990524277671,1,0,-1.02520511021493,0,0
875,0.446649158063034,1.54425390181261,1,0,1.31883100705044,0,1
876,0.218986322456824,1.71853199526612,0,0,-0.371223694701061,0,0
877,0.404901937064197,0.799700187938738,1,1,-0.0398307279149485,1,0
878,0.0718408909616682,0.282997101167166,1,1,-0.61132444009957,1,0
879,0.0173185003383771,2.06351881969434,1,1,-0.225784782067723,1,0
880,0.0983753937892495,1.24586662048115,2,0,1.32621461715304,0,1
881,0.0774396428217491,1.29938298104483,1,1,-1.87711350086469,1,0
882,0.462488341145217,0.624476467950223,1,1,0.362740641907457,1,1
883,0.761146256700158,1.17289000596415,2,0,0.410729463167159,0,1
884,0.192436465015682,1.03254786519146,1,1,-0.251529411730936,1,0
885,0.116604035720229,1.9865653389839,2,0,0.358872385539782,0,1
886,0.293131530698803,1.62603927174749,1,1,-0.563531621372626,1,0
887,1.09654826831786,1.40354337445176,2,1,-0.174564561065556,1,0
888,1.00032569215001,1.2313915108956,2,1,-0.150842932497887,1,0
889,0.232224712251789,0.837891399195013,2,0,1.23722046925641,0,1
890,1.21161252359021,1.57001044765673,1,0,1.64382176924099,0,1
891,0.19476048493137,0.350279206468748,1,0,-1.36387156831708,0,0
892,1.19294067495421,4.02440243407689,2,0,0.408195798139564,0,1
893,0.101481744916075,0.992860674493972,2,1,-0.263060398531577,1,0
894,0.11825309764244,0.915129020189246,0,0,-0.114476019555671,0,0
895,1.17371973473464,1.37672252487766,2,1,1.2631688393612,1,1
896,0.205703865115841,1.10057083906219,0,1,-0.810416346218302,1,0
897,0.515265252648128,2.94397501585384,0,0,-0.311996355723301,0,0
898,0.61145157291339,0.824034803637103,2,1,0.986897524870833,1,1
899,0.129313276977175,3.71545122833253,1,1,0.174785199076619,1,1
900,0.365776640052597,2.09500710581687,1,0,1.1271868264442,0,1
901,0.369929837373396,0.538935945708113,1,0,-0.142787563948742,0,0
902,0.0227535963623506,1.01974837346485,2,1,1.49852936712741,1,1
903,0.203470867644582,3.10766236433723,2,1,-0.531456437880529,1,0
904,0.0740503850910399,0.428814165202276,0,0,0.722572822929409,0,1
905,0.271763761734797,0.51466240247587,1,1,-0.393038260675645,1,0
906,0.395068474010461,0.435133030878417,2,0,0.55054413002288,0,1
907,0.389427377118005,1.14863148143111,2,0,-0.498779551395709,0,0
908,0.181641118729206,4.59357587402921,2,0,-0.927482390597997,0,0
909,0.400967448829674,3.97415267560027,2,1,-1.13957538862968,1,0
910,0.174521377833191,0.805506144948945,1,1,1.33690166495106,1,1
911,1.52272427967325,2.38582920081372,1,0,-0.529820529137359,0,0
912,0.488205126279758,1.2924243320529,2,0,0.610477559603194,0,1
913,0.361523752411207,0.621680883797403,1,0,-1.17054466964173,0,0
914,0.454545206804242,2.96312581437329,0,1,0.107454073242642,1,1
915,1.40118347993627,3.06443659567452,2,1,0.306418725273788,1,1
916,0.161372444432909,0.475759500657764,1,1,-0.17894377178106,1,0
917,0.0190289065034853,0.10119933930993,1,0,-1.05338574302942,0,0
918,0.439361685680019,0.750286425998608,1,0,-2.28787420530731,0,0
919,0.45699094215201,0.829256310258603,1,0,0.603881465543834,0,1
920,0.189948470021288,1.96221696371881,2,0,1.00010428978948,0,1
921,0.957638618274521,2.20710649465521,0,0,-1.44120021596297,0,0
922,0.178742373569144,0.720759684386645,1,1,-1.26500610021692,1,0
923,0.720417122356594,1.20441880904632,1,0,0.126133526355522,0,1
924,0.186079522180888,0.534780003347894,1,0,-0.443819473099175,0,0
925,0.0937745841695149,0.154706886787013,1,1,-1.00300242171988,1,0
926,0.120594788653155,1.36902683694052,1,1,1.45396604173519,1,1
927,1.90754010022285,2.98303242065545,2,0,-0.829823035558208,0,0
928,0.069940541870892,0.394924188056407,1,1,1.38349619553024,1,1
929,0.0623025351915156,0.490848989531898,1,0,0.0774522389107337,0,1
930,0.130671056721643,0.736055129737202,1,1,-1.67219066021628,1,0
931,0.128614970275925,0.518146287401156,2,0,0.244133910853382,0,1
932,0.956213216187639,1.7992631289771,1,0,-0.765959181916458,0,0
933,0.257602954463071,0.496348564823469,0,1,1.5239169685253,1,1
934,0.239762382892271,0.427503593310536,0,0,-1.67998815280802,0,0
935,0.603706814894425,1.06092813278926,2,0,-0.40203084884933,0,0
936,1.42048025188646,3.0978351769348,0,0,0.218023720796923,0,1
937,0.298887491226196,3.33143464544469,1,1,-1.2147981681771,1,0
938,0.801701116225468,0.959862542585682,1,0,2.30750756266741,0,1
939,1.85153790636794,2.85182449035347,0,0,0.172538080398201,0,1
940,0.00186486845624655,0.00885362062407532,1,0,-0.947084406047837,0,0
941,0.225066164671899,0.644914510970314,0,0,-1.78558667177428,0,0
942,0.460752175293035,1.07560460144941,1,1,0.752024939381538,1,1
943,1.7319415405287,1.76085634369522,2,1,0.658757912304442,1,1
944,0.0713964058493186,0.129986620113829,1,0,-1.04886747276579,0,0
945,0.0560857195200192,3.230814303695,2,0,0.156146097442852,0,1
946,1.4715254875468,1.56948041843619,2,0,1.93980684196314,0,1
947,0.144788621303936,0.475866499248534,1,1,-1.12894105077862,1,0
948,0.129744239254958,0.547993615789719,2,0,-1.21063669180357,0,0
949,0.0914788334113028,0.752701136654481,1,1,0.931146234553228,1,1
950,0.463703055922394,1.21498873976264,1,0,-0.985081048047856,0,0
951,0.0941274894608392,0.422899029452136,1,1,-1.30117389170729,1,0
952,1.98375520183579,1.99001324984933,1,0,-0.120830020416301,0,0
953,0.71778938277728,0.744252273340591,1,0,1.46763794976283,0,1
954,0.864706911977514,1.21887512757904,2,1,-0.57184373885013,1,0
955,0.296243063994072,0.555024014008035,1,0,-0.93584518059725,0,0
956,0.537664244572322,4.44877843775359,1,1,-0.245399873642384,1,0
957,0.0787398597064132,0.43660957008937,1,1,-0.275919171900229,1,0
958,0.161140977611972,1.40500924992947,2,0,-0.0326289570507776,0,0
959,0.675762300896976,2.77246286774399,2,1,0.619809195018358,1,1
960,0.00771476946956419,1.9737790307651,0,0,-0.498011055754553,0,0
961,0.68715325763656,0.736638535180998,2,0,1.50493207708965,0,1
962,0.0997896523587645,4.49336193373251,1,0,0.029920372191708,0,1
963,0.226151385448045,2.01427245773284,1,0,-0.0444088952837065,0,0
964,0.19975081914001,0.618325158995093,1,0,-0.268084958546974,0,0
965,0.105297700501978,0.488642343347701,1,0,0.543305545779191,0,1
966,1.04411010904977,1.38660094828909,0,1,1.5601541785824,1,1
967,0.731109264306724,0.998639173811033,2,1,-0.356176008889954,1,0
968,0.234283311925117,0.502079727130126,1,1,-1.46911784625513,1,0
969,0.130673745750553,0.240900429586569,0,1,0.469701919941228,1,1
970,1.45062968233693,3.61787183245499,1,1,-0.243793604949643,1,0
971,0.103096608589921,2.50376095635251,1,0,-1.68290733277475,0,0
972,0.274596421255006,6,0,0,-1.23121677673447,0,0
973,0.219026206889086,0.712469141512349,1,1,-2.03379010516929,1,0
974,0.0113845346627871,2.55127220089955,2,1,0.902669279835246,1,1
975,0.976496883103927,6,0,0,0.603860692574466,0,1
976,0.435359551467829,1.02789984254583,2,0,2.54025049695,0,1
977,1.50932578779229,2.99957517674439,2,0,0.606214507531619,0,1
978,0.532894023280177,2.27311025949582,1,1,-0.458106089181904,1,0
979,1.26259816184939,1.73689196207976,1,1,0.0287555009894113,1,1
980,0.203831760316259,0.81801904848752,1,0,0.887788736314514,0,1
981,0.0603817470578684,0.190631973629345,1,0,-1.0505190433275,0,0
982,0.0734533317801025,0.0819994074602922,0,1,-1.37504152643081,1,0
983,1.2835678048847,1.80189751243687,1,1,0.0553414251462858,1,1
984,0.705002601154976,1.76802601665258,0,0,-0.980052655850352,0,0
985,0.0394519051122997,0.756806132210593,2,0,-1.34258526736451,0,0
986,1.61777972494254,5.08678141497807,2,0,-0.555229150136064,0,0
987,0.969497400838109,1.92971937958685,0,0,-0.672746040376582,0,0
988,0.0926404503277607,3.10380112853519,1,0,1.11082694094279,0,1
989,0.234554873572456,0.832763561318632,1,0,2.06287662672409,0,1
990,0.18291391430508,3.51840377961316,2,0,1.84247801264108,0,1
991,0.217476255363888,0.302964054066901,1,1,-1.37356053164864,1,0
992,0.582220384644138,1.21401461057919,0,1,0.418281994838837,1,1
993,0.244155318165819,3.0182132489867,2,0,-0.653485225023043,0,0
994,0.0567314487699122,1.0752323611329,0,0,0.380460109499741,0,1
995,0.47223765556417,0.579271125940694,2,1,-0.281172012510106,1,0
996,0.0841617185829414,0.228081021905774,2,0,2.64260217453807,0,1
997,1.2401238942259,2.03264328182702,2,0,0.000211717057810761,0,1
998,0.171958722381128,2.35475882087244,2,1,0.295021487225816,1,1
999,0.858102764975049,1.5693153349814,2,1,-0.906280750268776,1,0
1000,0.0271680288844638,0.157725141104482,2,1,-0.835791424232838,1,0
1001,0.837096921638992,1.3161401598457,2,0,-0.146354911922722,0,0
1002,0.455213636159897,0.667692505545404,0,0,0.589119687267819,0,1
1003,0.00200853096044432,0.118919288488205,1,1,1.773223749966,1,1
1004,0.144599995632511,1.0419050434936,1,1,-0.225691367664699,1,0
1005,1.17524729623034,1.48269955142842,1,1,1.44121794959082,1,1
1006,0.190385650410385,1.70238520447883,1,0,-0.247555340547992,0,0
1007,0.00339234443776798,5.13707679571716,2,0,-1.54133633450728,0,0
1008,0.793047915683535,2.01328394313653,0,1,0.165088900358258,1,1
1009,0.177751516198946,5.44904079365366,2,0,-0.88456099226302,0,0
1010,0.334877030280971,0.792017872476454,2,1,0.14431644281148,1,1
1011,0.44221318533851,0.653753075605119,1,0,-0.0470365960269757,0,0
1012,0.311945257191029,0.577205509568254,0,1,-1.31300506972667,1,0
1013,0.638265623193648,0.735367184262689,1,0,-0.405714016329776,0,0
1014,0.633021452878084,0.996140413629109,1,1,0.490911116001942,1,1
1015,1.11883362440071,3.20683129686979,1,1,-0.904782883761369,1,0
1016,0.0160713255819347,1.26522352193236,1,0,-1.29536995309533,0,0
1017,0.431725912623935,1.08053939910311,1,0,0.551738298648938,0,1
1018,0.229776192381617,0.346504191339877,1,1,-0.764314877687065,1,0
1019,0.0624060165137053,2.60807343929333,1,0,0.00970666478072122,0,1
1020,1.03816714539275,2.55840705277434,1,0,0.968359922676661,0,1
1021,0.321550472742981,0.412362127875288,0,1,1.49711631676403,1,1
1022,2.06603692835175,2.54478030878262,2,0,-1.44743469288629,0,0
1023,0.333269511142539,0.447958020602252,1,1,0.700367268333513,1,1
1024,3.6119496075432,3.91569880722438,2,0,1.67247341485237,0,1
1025,1.51870362973347,3.38760474252405,1,1,0.593632840673375,1,1
1026,0.967201109308018,2.45668128365552,2,0,0.763789749004411,0,1
1027,0.0763858714589757,2.293751010015,2,1,-0.362207296369623,1,0
1028,0.217836563889351,0.562807578098751,2,1,1.53161638224897,1,1
1029,0.0374360930411428,3.29528002926862,2,1,-0.417772734058708,1,0
1030,0.268975539753834,0.490743085827326,1,1,-1.69746166012811,1,0
1031,0.0933102104398939,0.163887469097972,0,0,1.77754915007766,0,1
1032,0.105079909683102,0.347370728624217,1,0,-2.23766081632336,0,0
1033,0.829195315001276,0.951699690948536,2,1,0.238834877971845,1,1
1034,0.227559191000109,1.04920840252262,1,1,1.04351168178861,1,1
1035,0.511698778046743,0.792249563724595,1,1,-0.655382970330311,1,0
1036,0.224388203480177,0.318849192311366,0,1,-0.036832916968439,1,0
1037,0.63527869215856,0.750443011259079,2,1,2.67977974913003,1,1
1038,1.68640773743349,1.94769371799342,2,0,0.219943965139134,0,1
1039,0.637960317027238,0.67093532106181,1,1,1.17871008302634,1,1
1040,0.0139725692314324,2.96792474472531,2,1,0.547025402878684,1,1
1041,0.0664738400114907,4.21093062178381,1,1,-0.741662034505943,1,0
1042,0.307247233577073,5.4053138304348,2,0,0.194310173118288,0,1
1043,0.0524664106261399,0.190452257024081,1,0,1.56020847766278,0,1
1044,0.527124473204215,1.38687990560995,1,1,1.63645116346732,1,1
1045,0.197364984314525,0.264484354834843,1,1,-0.0340166048195863,1,0
1046,0.668266197770006,2.88493555158136,1,0,0.762441990318114,0,1
1047,1.99968785866038,2.40775190191779,2,1,0.09373302827234,1,1
1048,0.192929847786824,4.90339111256734,2,0,0.490256323833733,0,1
1049,0.246351730699341,2.57449097715169,2,0,-0.950767246276219,0,0
1050,0.118314810715617,0.195170476552024,2,0,-0.521190019823926,0,0
1051,3.23062991959321,3.76613328734065,1,1,-0.921014045669709,1,0
1052,0.185639588162303,0.376363534457918,1,0,-0.0738594137409779,0,0
1053,0.292771806319555,0.402176797787543,2,1,-0.150344558223988,1,0
1054,0.212421465872063,2.86981392948812,2,0,-2.12055321028674,0,0
1055,0.0179785227812175,1.31225154869017,1,0,0.0649606510659851,0,1
1056,1.51334461337462,4.88773109334746,2,0,0.210589559375183,0,1
1057,0.069805639795959,1.16013912051097,2,0,0.534820846889672,0,1
1058,0.733558666478429,1.86027975854557,2,0,-1.13633596610542,0,0
1059,0.0127152322481076,0.535745876996758,1,1,0.33973353773759,1,1
1060,0.287999333813787,0.842247181939872,1,1,-0.631784655037853,1,0
1061,0.586311463784013,1.93404369151969,1,0,1.39436888780919,0,1
1062,0.643206589544813,0.767737073119186,1,1,-0.75909334504918,1,0
1063,0.175705130888237,1.45592498277584,2,0,-0.548335729978634,0,0
1064,0.173591795383654,1.27650243021646,1,1,0.489205755917577,1,1
1065,0.545407815629409,0.995477743050382,1,1,-1.32088548528814,1,0
1066,1.83145549138986,1.92165995950906,2,0,-1.23163731488115,0,0
1067,0.103031612622241,0.998102575540543,0,1,0.301296658545076,1,1
1068,0.0341894058510661,2.48721814290981,2,0,0.0892262422973549,0,1
1069,1.73016275373369,3.20099809670144,1,0,-1.90779184649481,0,0
1070,0.237852185447183,1.14714864751972,1,0,0.0284555027086046,0,1
1071,0.192649368610647,0.786871197005815,1,0,-1.94654451099434,0,0
1072,0.808196094668256,1.13806315513209,1,0,0.640311433378167,0,1
1073,0.184759200195711,1.56856580506547,1,1,-0.682528014231804,1,0
1074,0.55624936496952,0.726585569493575,1,1,-0.967464303975798,1,0
1075,0.345068455466794,1.4423384508302,1,1,-0.0293256849925835,1,0
1076,0.078772586873836,1.08482175815449,2,0,0.586088522964459,0,1
1077,0.092212569175495,0.703277081888871,1,1,-1.82646518152201,1,0
1078,0.459070573560894,0.617453976077516,1,0,-1.53793269547418,0,0
1079,0.140481343389385,0.380134424719286,1,1,-1.2599778664966,1,0
1080,0.31583951993121,0.624322982235012,1,1,0.199226287406017,1,1
1081,0.202577042186426,0.214255237348978,1,1,0.729231794687968,1,1
1082,1.11683111050863,3.05785522238605,1,0,0.739746969009321,0,1
1083,0.528863642590679,0.580873188532923,1,1,-0.81122728469997,1,0
1084,0.0748730885485808,0.129604173786,1,1,-0.157892051491887,1,0
1085,1.17271791724994,3.58194892320932,2,0,-0.776296217083124,0,0
1086,0.0825231659800393,1.77415825116138,0,0,-0.416197067920064,0,0
1087,0.152345051368078,3.43466058859041,2,0,-0.0679057899550524,0,0
1088,0.0885876937487127,2.5876683733469,1,1,-0.099875174228471,1,0
1089,0.209898885179115,0.893296461045709,1,0,0.904926534904772,0,1
1090,1.00881270645693,1.2274263271964,1,1,-0.453222187753178,1,0
1091,2.65313025899305,3.1697433058444,1,1,0.179306550623122,1,1
1092,0.271983702356617,4.0865437596302,1,0,0.935846161757667,0,1
1093,0.0250673071584768,0.575005397997554,1,1,-1.43513340595451,1,0
1094,0.132140635202328,0.495959905842083,1,1,-0.0553085573533463,1,0
1095,0.12026063177595,2.05247311690653,1,1,0.6666294163339,1,1
1096,0.566316193049061,1.67964589979182,1,0,-1.08171838830632,0,0
1097,2.27660195892655,2.99587998576508,2,0,-0.211888468047904,0,0
1098,0.0702456036716037,2.24337987225866,2,1,-0.139063033524399,1,0
1099,0.163905401196745,1.93927659568832,2,0,-0.667013779834114,0,0
1100,0.491146986476249,1.26418941795112,1,1,-0.270335825230761,1,0
1101,0.538194974780911,1.06932979672941,1,1,-0.046780072964052,1,0
1102,0.187318561689393,1.06547879776005,1,1,0.45335390262899,1,1
1103,0.192252369597554,0.230186487538606,1,0,-0.202790188400687,0,0
1104,0.209463906681372,0.229641761311843,2,1,1.72543131177271,1,1
1105,0.0728139285384048,0.843322745834788,0,0,0.464170781130283,0,1
1106,1.00477537342543,3.02076787776002,2,0,-2.36059535816457,0,0
1107,0.992344797852649,1.13597908131329,2,1,-0.498100195711193,1,0
1108,0.152745260339644,3.51441831638416,0,1,-1.53870626688208,1,0
1109,0.399337369249112,0.909605033285414,1,0,-0.400545423981617,0,0
1110,0.375010265658299,1.1762675152578,2,1,0.633933907095972,1,1
1111,0.102540130933954,0.257535685474674,0,0,-0.218340477890509,0,0
1112,0.707029241861569,6,0,0,-1.67533773308444,0,0
1113,0.666109643255671,0.772523162887053,1,0,-0.244394764743217,0,0
1114,0.296991965733469,0.404457083615254,1,1,-1.18761195884324,1,0
1115,0.707614655192528,2.99831182195834,1,1,0.351465191954241,1,1
1116,0.875018187879105,1.93159006499275,1,1,1.17854236520527,1,1
1117,1.79004931089691,3.76834773872961,1,0,1.56967962175764,0,1
1118,0.0391371398129397,0.10467045160968,2,1,0.313432226273558,1,1
1119,0.00683934759152228,0.0458617071699137,1,1,0.370685538258259,1,1
1120,1.5561023063852,1.60789439811685,2,0,1.2126680231519,0,1
1121,0.150172212678525,0.307378071845248,2,1,1.51553877995937,1,1
1122,1.08463530010119,1.59587611444294,0,1,-0.773657173612822,1,0
1123,0.207569567994852,0.404686105127136,0,0,1.23381017937055,0,1
1124,2.20034346802966,2.30637343565251,1,0,-0.297994712524011,0,0
1125,0.373912600593434,0.476072581694726,1,1,0.782058694781794,1,1
1126,0.168415434762008,1.27112738371467,2,1,-0.104533516830765,1,0
1127,1.05107893748715,2.02411485446327,1,1,-0.848110243455244,1,0
1128,0.470834592253798,1.45447309212652,1,1,-1.48041223071776,1,0
1129,1.07552120043471,4.26092495210469,0,0,-0.00200288416717571,0,0
1130,0.716953954866363,0.798261328203686,2,1,0.479630626111124,1,1
1131,1.3352665708244,1.60291182506106,1,1,-0.152413793225388,1,0
1132,0.0981933504549993,0.95727410567288,2,1,0.0481332142172475,1,1
1133,1.46496679096231,3.60672397328274,1,0,-0.238441254917523,0,0
1134,0.0263259523651666,0.197652655804747,1,1,-1.31475514903382,1,0
1135,0.238354001485382,0.69698728135618,2,0,1.29079326005093,0,1
1136,0.258171277948552,0.467955128780407,1,1,-0.169532621021064,1,0
1137,0.27006885709448,0.830896418069638,1,1,0.256900790708554,1,1
1138,0.711620083699624,0.876676775717187,1,0,-2.41820712440231,0,0
1139,0.0862185187290549,0.565309023250175,0,1,-1.35289757943243,1,0
1140,0.376412724629163,0.691135071536304,2,0,0.667257007402747,0,1
1141,0.470542093842394,0.565009115444919,2,0,2.23986181239531,0,1
1142,0.421536943564812,1.12387835197506,1,1,-0.593029067713185,1,0
1143,0.286819834469093,1.53799437344525,2,0,1.02523039521828,0,1
1144,0.0665992304686057,0.154366451111847,1,0,0.175503845263202,0,1
1145,0.965629235484216,1.32511898733292,1,1,0.432531471977981,1,1
1146,0.756372477755778,3.70575189256172,2,1,-0.47473260303164,1,0
1147,1.43830809427104,1.82104619088561,1,0,-0.165979695596609,0,0
1148,0.223237330818977,0.562882938616889,1,1,-0.0308791378677919,1,0
1149,1.62970513923899,1.91284052218368,1,1,-1.21531134999924,1,0
1150,0.237871846571863,0.267288672427336,0,0,1.35552761650949,0,1
1151,0.0151890190318227,0.864489329779526,1,0,0.764852867155465,0,1
1152,0.0482684144521286,0.93202703594148,1,0,1.10837609443181,0,1
1153,0.252195838321414,0.256135815913026,1,0,-0.937963473795605,0,0
1154,0.70214111978809,3.04042972599004,1,0,-0.771743454209831,0,0
1155,0.476839761249721,0.532076981927638,1,1,1.17294001554541,1,1
1156,0.256318122458955,1.53050187523012,1,0,0.773825705630444,0,1
1157,0.117090662589433,5.04684610169747,2,0,-0.801545786388642,0,0
1158,0.427684605892495,1.63741036583345,2,1,0.640311388774882,1,1
1159,0.856988250597211,1.34390336799453,1,1,1.25352101304768,1,1
1160,0.275877157738897,0.58854024210777,1,0,-0.331948878968893,0,0
1161,0.00112673319462273,0.591385435913304,1,0,1.2865710181052,0,1
1162,0.663201616456111,0.722904517239697,1,1,0.226171673015783,1,1
1163,0.000932299829528616,0.0105276275353708,1,0,-0.591638113607617,0,0
1164,0.4565813485533,6,0,0,-0.81625147403786,0,0
1165,0.271286376997885,0.409871600647522,1,1,-0.686554573928761,1,0
1166,0.423689372837543,1.12512135634873,1,1,-0.408339565601668,1,0
1167,0.0232732024887973,0.0431089997851105,1,0,-1.23901137830235,0,0
1168,0.0972470565293988,0.457238128470185,0,0,-0.18147075455591,0,0
1169,0.492542118081311,0.940379340953605,1,1,0.833263066903803,1,1
1170,1.74273620255222,2.727851869773,2,1,-1.12293315073177,1,0
1171,0.0545355365810939,0.205541919172859,1,1,-0.351864306030834,1,0
1172,0.422055221473177,0.789939225944926,1,1,1.25988029989187,1,1
1173,0.143515992288788,0.165341460432503,1,0,-3.4592477346614,0,0
1174,0.122328949057394,0.445863591944738,1,0,-0.689930876905476,0,0
1175,0.480309236380789,0.818772911106593,1,1,-0.170458487720239,1,0
1176,0.134029203844947,3.50602565954129,0,1,0.344253612547447,1,1
1177,0.0273385447346502,0.923538832746797,1,0,0.105464463068068,0,1
1178,1.06392491902292,1.1331206895749,1,1,1.10695237079334,1,1
1179,1.72229650731487,1.77217695974366,1,0,-0.164449758358985,0,0
1180,0.264861167201565,0.503777835328415,1,0,-0.668151234990363,0,0
1181,0.288321899974512,0.353244438524533,1,1,0.390246784177007,1,1
1182,0.549087155506843,1.65216613783801,1,1,0.498326634660588,1,1
1183,0.720744352891213,2.4598257767436,2,0,-0.461690919931549,0,0
1184,0.29805648961745,0.994835460447482,1,0,0.149068808577461,0,1
1185,0.277824368741777,1.60508978473211,2,0,-0.601650167985392,0,0
1186,0.106162163069524,1.15635678900708,2,0,0.305523998000402,0,1
1187,0.495090210913784,2.13207797457774,0,0,0.501800014071004,0,1
1188,0.222108176288505,2.37338502580921,0,1,-0.507980527667256,1,0
1189,0.010460777885756,0.394301498661049,1,1,0.166162069027845,1,1
1190,2.6798629448901,3.19099085744606,2,0,0.909352561630754,0,1
1191,0.101579735572967,0.276865710220833,1,1,-1.25032067617207,1,0
1192,2.58966098046216,2.85821319284188,2,0,0.628386026000396,0,1
1193,3.86050410159767,4.70798296350851,2,0,-1.34187181787548,0,0
1194,3.29998076699682,3.96591162740314,2,1,0.338962501494625,1,1
1195,1.44140699356266,2.85257812905771,0,0,-1.11016373941285,0,0
1196,0.0493015674874187,0.168827227734404,2,1,1.53049488508475,1,1
1197,0.584217841323051,0.763770131758533,1,1,-1.6984856078005,1,0
1198,0.0513835142243949,0.988618990883925,1,1,0.0539694785263114,1,1
1199,0.61866311252945,0.692986641967687,2,1,1.11104311895228,1,1
1200,1.02882351100744,1.51988537636583,2,1,0.180052198426439,1,1
1201,0.252475016750395,1.38876531073685,1,1,-0.00856516433552909,1,0
1202,0.0420971716650658,0.396151984519323,1,1,-1.70585876353336,1,0
1203,0.67308793310076,0.716001087117533,1,0,0.837010184429702,0,1
1204,0.0895382830841285,3.61737070278996,2,0,-0.00832513663562192,0,0
1205,1.03202338843181,1.27482764440136,1,1,0.891747722392557,1,1
1206,0.126060211409115,1.18651966582105,2,1,0.375875293764449,1,1
1207,0.17577006533328,2.868323456496,0,0,-0.619984253632738,0,0
1208,0.988204226286421,1.09335695979044,1,0,-0.228900057257075,0,0
1209,1.27787870699315,2.48670519204969,1,0,-1.00289416969575,0,0
1210,0.412516148450474,0.675309604711508,1,1,0.570851418722261,1,1
1211,0.00745767024784798,3.3146869381203,2,0,-0.416455509744634,0,0
1212,1.17500620785986,1.19939611701142,1,0,0.681656700362017,0,1
1213,0.249454791934352,0.415170046483116,1,1,1.20807843860971,1,1
1214,0.629070454484059,1.76860640070809,1,1,-0.27239117766852,1,0
1215,0.2571157231513,1.0122232015301,2,0,-0.586419341024347,0,0
1216,1.13749251075388,1.58252494925291,1,1,-0.671790586653326,1,0
1217,0.0385938688284821,0.707901078431236,2,1,0.0412932026888755,1,1
1218,0.167097528982494,1.48617150808778,2,1,0.773301614197757,1,1
1219,1.04353695482315,1.49968268213011,2,0,0.121526751148374,0,1
1220,0.0470871978455442,1.52494112392852,1,0,-0.345646756129661,0,0
1221,0.545671968720853,2.52232282501093,1,1,-0.771666581323515,1,0
1222,0.0952460197923924,1.55520717782196,1,1,-1.47378560219727,1,0
1223,0.0491869434093436,0.532851138888241,2,0,-0.239887948785813,0,0
1224,0.693712353499399,1.39560845513951,1,1,0.139187218520647,1,1
1225,0.489585606588258,0.805013704644514,1,0,-0.319131141650932,0,0
1226,0.0222744678871499,1.98050082350771,0,0,0.335448455460845,0,1
1227,1.03037207711133,2.31628102195097,2,0,-0.303407684991287,0,0
1228,0.0783726208812012,1.33060796146869,2,1,0.390774967858254,1,1
1229,1.83787219837907,2.32166523792252,2,1,0.569525085180097,1,1
1230,0.352731375395476,1.91369462217676,0,0,0.0417629754022197,0,1
1231,0.172338253146151,0.432783391250546,1,1,-0.534437280254196,1,0
1232,0.311334660380251,0.759981867525833,1,0,0.326095600515892,0,1
1233,0.041059491526137,1.17266618428165,1,0,-0.671865299195159,0,0
1234,0.020422600209713,1.94829147140483,1,0,-0.254635043466103,0,0
1235,0.0737963501675174,0.322812482674474,2,1,0.222228439360903,1,1
1236,0.0281192408874631,2.69695202739548,1,1,-0.35608972956032,1,0
1237,0.133513771157983,0.188344008878967,1,1,-1.75255036189578,1,0
1238,0.445919521152973,0.573117222509831,1,1,-0.924209846374367,1,0
1239,0.0187596094070209,0.217454620263014,2,0,0.486264766314821,0,1
1240,0.338509179030856,2.31930823550003,1,0,0.570407468322812,0,1
1241,0.267263439794381,0.385736826534217,2,1,1.35760046605254,1,1
1242,0.567567573032445,1.58074001826082,1,1,0.0220317137979973,1,1
1243,0.674292984315091,0.749924554137186,2,1,0.927200098006531,1,1
1244,0.555939672825237,0.795046408026869,2,0,2.54468236591055,0,1
1245,0.452671405962772,0.86242086367003,2,1,0.868583029797634,1,1
1246,0.211625156096286,2.59619723637443,2,0,-0.263548912423947,0,0
1247,2.00066371482769,3.35588736459613,0,0,0.225945694143755,0,1
1248,0.115219853404495,0.538633773343753,2,1,1.35416540431179,1,1
1249,0.478326672388582,3.91047294939492,2,1,0.108608266754388,1,1
1250,0.226202491256926,3.65172606272002,0,0,-0.159547734684593,0,0
1251,0.216690290577348,0.438568236888359,1,1,0.204312406161083,1,1
1252,0.153508401967847,0.373968326027179,1,0,-2.29891832330205,0,0
1253,0.815358652964074,1.06461166404188,0,0,-0.146956818735344,0,0
1254,1.32319023867532,1.74079556731625,2,0,-0.346908145142711,0,0
1255,0.332144281689304,0.823066395748242,2,1,1.57717821008349,1,1
1256,0.304735980720984,1.30023211420034,1,0,-0.490481032348361,0,0
1257,0.164402508590784,0.252526197073228,1,0,1.01216630331835,0,1
1258,0.378070435900655,0.397886770183315,2,1,0.590271637088411,1,1
1259,0.135547050999271,1.17153512793344,1,0,-1.78195908650935,0,0
1260,0.84978285287732,1.43429423939161,2,0,0.0986072634505866,0,1
1261,1.1815524980373,1.70708102304747,0,1,-0.273652813810166,1,0
1262,0.0596773800336652,0.13530223360493,1,1,-2.28981078978194,1,0
1263,0.55144125647429,1.08030006071491,1,0,1.56654551859105,0,1
1264,0.150677282570771,1.76340229528053,1,0,0.651344097173721,0,1
1265,0.748110695017709,1.71276884008028,1,1,-1.7042091749817,1,0
1266,0.119395014988176,0.186976021674995,1,1,-0.548009188086917,1,0
1267,0.386737624907659,1.94468084943058,1,1,0.391487226045932,1,1
1268,0.0989913376462128,0.849484289009323,1,1,0.569160245019438,1,1
1269,0.1485465231267,0.531398671196789,1,0,-1.61007823419851,0,0
1270,0.226781470183697,1.07421937528557,0,0,-0.849485558556051,0,0
1271,1.17267499673169,2.51407723226549,1,0,1.30841864798227,0,1
1272,0.15708760779206,2.13943487132799,2,1,0.462786116364415,1,1
1273,0.608575289758543,3.0897315090747,0,0,-1.00473951361583,0,0
1274,0.604790484325753,2.01359359857937,0,0,-1.04439004063348,0,0
1275,0.170814673020357,0.252799959230431,1,0,-0.593349180754776,0,0
1276,0.211981024429781,1.23581982017159,1,1,0.129952139878818,1,1
1277,0.178988229262465,0.31881147186593,1,0,-0.787926176808501,0,0
1278,0.539098681763622,1.05599344938894,1,1,-0.722749757089028,1,0
1279,1.25194558972585,1.38671970325354,1,0,0.343524806744958,0,1
1280,0.0333686134465124,2.73857808577036,2,0,-1.13529459702281,0,0
1281,0.265987173822728,3.79361205697914,1,1,0.413223730824262,1,1
1282,0.164063271238572,0.594407424556211,2,1,-0.686478808645223,1,0
1283,0.745818013739255,2.31445066009959,0,1,0.443793147881733,1,1
1284,0.578149658006926,0.698807904089179,2,1,1.57236486219199,1,1
1285,1.05687526892168,1.11474666494228,2,1,0.364841930166841,1,1
1286,0.331012793920106,2.49036095702756,1,1,0.680300889493837,1,1
1287,0.466203615385976,0.616908436948886,2,1,1.85668853733784,1,1
1288,1.69659282381935,1.96196043775497,2,0,0.523921715752421,0,1
1289,1.0896384291298,1.15115481728277,1,1,0.207352796704997,1,1
1290,0.0146244630249137,0.0307026268921666,1,1,-0.168391732969671,1,0
1291,0.148645160823233,1.59866982088144,1,1,0.462863274846187,1,1
1292,0.361194068359004,0.496878339402636,1,1,-0.610287154090138,1,0
1293,0.0198870555808147,0.633019387383577,2,0,2.12210636955397,0,1
1294,1.97299367405985,2.56416604821123,1,0,0.325731895810652,0,1
1295,0.351987963421395,0.415851606408295,1,1,0.819353184696246,1,1
1296,0.45390023280763,0.926798336518296,1,1,-0.0979250946576736,1,0
1297,0.389532463935514,1.09305453192414,2,0,2.48692708257465,0,1
1298,0.0051609483650989,0.468921974061574,1,1,-0.203911321569805,1,0
1299,0.292626837164991,0.565452614800869,1,0,-1.23893891903776,0,0
1300,0.205207472974811,4.26773410054256,1,0,-0.0623918595007652,0,0
1301,0.299862026133471,1.32048571942099,1,1,-2.1630684229007,1,0
1302,0.596698544816011,2.71447291117829,1,1,-0.268468195910488,1,0
1303,1.02203524563347,3.23491235114411,2,0,0.702476738135125,0,1
1304,1.45670732064679,1.89850969905307,2,0,0.21701505757201,0,1
1305,0.590719625146853,2.34378333100499,2,0,0.218846938263335,0,1
1306,0.571423557897409,2.23486504343075,0,0,0.640264994058811,0,1
1307,0.640367818478909,0.844182346633207,1,0,-0.532982944846576,0,0
1308,0.225302162328006,2.03594935189504,2,1,0.17566327075561,1,1
1309,0.190463927574456,0.413862751615599,1,1,0.357757258840142,1,1
1310,0.0835212085094544,0.968607153949513,2,0,-0.343200720363258,0,0
1311,1.82598384653274,2.06735568650422,1,1,-0.130475241774181,1,0
1312,0.35561095682777,0.537257775805298,1,0,0.749168898439894,0,1
1313,0.795499928662857,1.30373205263851,0,0,-0.969657601182652,0,0
1314,0.837056382765489,0.912630086330201,1,0,0.679858963144799,0,1
1315,0.0396327094899283,1.12727870643102,2,1,1.69366111804197,1,1
1316,0.269402891422365,0.320995308711858,1,0,-1.34350246051025,0,0
1317,0.238503794082337,0.295304048594489,1,1,0.448988297009625,1,1
1318,0.510896890580043,0.84807484271434,1,0,-0.573650488610382,0,0
1319,0.242931043936147,3.70050017215889,2,0,0.797826938743722,0,1
1320,0.372321753659182,0.760176257639013,1,1,-0.0293795002728265,1,0
1321,0.138486894472346,0.142190568850857,2,1,0.186711813288665,1,1
1322,0.0156411042229997,0.493444176977898,1,0,-0.710892425536807,0,0
1323,0.116055799751646,0.833459970800591,1,1,0.726791204397785,1,1
1324,0.143289575870666,0.4532029877751,2,1,0.892116451070754,1,1
1325,0.306578502058983,3.52597461082041,0,0,-1.82067348224807,0,0
1326,0.222756918002334,0.420293934705329,1,1,0.121284572729939,1,1
1327,0.327221753800081,3.52100075120617,2,0,-0.947457089231836,0,0
1328,1.22725307854799,1.73679896624052,2,0,-0.495415050050034,0,0
1329,0.903476876193385,1.94386141685148,0,1,1.0476615540493,1,1
1330,1.02117799528243,3.05246965948749,2,0,0.274498628640889,0,1
1331,0.615508959971524,0.916180109912896,2,1,0.295259187704219,1,1
1332,0.0894012240072092,0.269143550326239,1,0,0.158574804440631,0,1
1333,0.462754462431702,0.686302386481065,0,1,-0.654682339782223,1,0
1334,0.0847213094433149,0.697121392800353,1,0,0.442779427520516,0,1
1335,1.05189529139434,1.87957992940581,0,1,1.08882500801531,1,1
1336,0.000190079833070437,0.656932169015341,1,1,-0.274422654932993,1,0
1337,0.0172391533851624,0.0898010562789053,1,0,-1.5638734666594,0,0
1338,0.333049417402073,2.69480975081743,1,1,-1.12157784054967,1,0
1339,0.0385445051102175,4.57609560157908,2,0,-0.210203918494539,0,0
1340,0.0328401784352001,1.84244002836446,0,0,-1.708881588935,0,0
1341,0.0263839313346479,1.19217560626566,0,1,-0.473049172995519,1,0
1342,0.908664583906214,1.87951993203988,2,1,-0.964604630022069,1,0
1343,0.789675485916946,5.731401874257,0,1,-1.33037163317034,1,0
1344,0.0875253608036373,0.111222566749959,0,1,0.502258221260935,1,1
1345,0.0850419544925292,0.206457699211371,2,0,2.6284043904267,0,1
1346,0.202510755220797,0.971705420012739,1,1,-0.137019459877858,1,0
1347,0.720024932589796,1.8773990481584,2,1,0.0896344442911726,1,1
1348,0.604282971471548,0.992378474881951,2,0,1.29132364739515,0,1
1349,1.21426956444429,4.27439627594024,2,0,-0.202086604987883,0,0
1350,0.97003669990733,1.83740403720484,1,0,-1.54231210967311,0,0
1351,1.00929714320734,3.24536351430522,1,1,0.602944389127573,1,1
1352,0.49959361139271,3.71616726720007,0,0,-0.00683901555575729,0,0
1353,0.376026279603442,0.61638366120557,0,0,0.137968181042357,0,1
1354,0.269068155644668,0.954058959920746,1,0,-0.438433336781106,0,0
1355,0.839466739881544,1.05816124988973,1,0,0.519246856126609,0,1
1356,0.432717191676299,1.0445883753607,2,0,0.937545767089519,0,1
1357,0.297408584091398,0.607875404384312,1,0,-1.49411087042569,0,0
1358,0.0635667557963464,1.57592705445852,1,0,-1.45247287975991,0,0
1359,0.00107327372663551,1.39059985789655,1,1,0.431044110182108,1,1
1360,0.053449087879724,0.760337158872309,1,1,0.357285631191725,1,1
1361,0.176424428221877,0.633790023490443,1,0,0.246012593572365,0,1
1362,0.720002688984904,2.53125888916353,0,0,-1.84842531863534,0,0
1363,0.806789634081735,1.00414850879714,1,0,-0.999819818190539,0,0
1364,1.15366791784235,1.46786558487677,1,1,-0.635749351579524,1,0
1365,0.107793148813976,0.984236764356133,2,1,-0.250871118805335,1,0
1366,1.19281103519401,1.6972639034325,0,0,-0.434555104033596,0,0
1367,0.718214036379423,0.965765488672418,1,1,-1.5669358720927,1,0
1368,0.881462941520426,1.3001971827499,0,1,1.2934382604618,1,1
1369,0.506070852279663,0.577207764008414,2,0,-0.183262456767908,0,0
1370,0.53656548106422,0.728593391606735,0,0,0.204758609003087,0,1
1371,0.933132735551742,0.980785971188167,2,1,0.541965687411718,1,1
1372,0.138688131959902,0.839186745156098,1,1,-0.822702458508549,1,0
1373,0.0111383282476001,3.15555282868445,0,0,-1.30030737440607,0,0
1374,0.271216957927101,0.857213498078166,1,1,0.60738891300914,1,1
1375,0.11569663679141,1.08662614551146,1,0,0.398992678589187,0,1
1376,1.12886051953138,1.98263502058884,0,0,0.0908406242192367,0,1
1377,0.618927783539726,0.872335322080477,1,0,-1.26173369423906,0,0
1378,1.06517321218518,1.53769208523912,2,1,-0.628100788901783,1,0
1379,1.07491456691889,2.06656724028684,1,1,-0.40933610265673,1,0
1380,0.338839733869665,0.56741286376642,1,1,-0.559339947294282,1,0
1381,0.0113670776287715,0.71594077562334,1,0,0.852552661441384,0,1
1382,0.419239189165334,0.748127608151164,2,1,1.09837698119406,1,1
1383,0.0853527165268092,1.08214194530139,1,0,-0.0146716403951273,0,0
1384,1.11311459805702,1.11698302953745,2,1,-0.573567950987304,1,0
1385,0.120181938012441,0.131352888953897,1,0,-0.986094498882135,0,0
1386,3.0368952762177,3.06111381963595,1,1,0.81847363568412,1,1
1387,0.242058507863566,2.00529606700084,2,0,0.682062748383715,0,1
1388,0.143648561400672,0.725168097303745,2,1,0.944088843283997,1,1
1389,1.46895312285557,2.57683348705488,1,1,0.492775967798605,1,1
1390,0.140164106626911,0.698332754836804,1,0,-0.63710477444553,0,0
1391,0.454144408512447,0.705019887525449,2,0,1.50388069476318,0,1
1392,0.913533644551564,3.03796441040231,1,0,-1.29927441829795,0,0
1393,0.315904840680155,1.40527941715812,0,1,-0.327283241645473,1,0
1394,0.690253263649841,0.951082963000982,2,0,1.00481332362494,0,1
1395,0.380696537186792,1.46138179540756,2,0,0.617555477184934,0,1
1396,0.271560637996653,0.530549323076311,1,0,-0.526992378371277,0,0
1397,0.181111511774361,1.53322642651289,2,1,-0.452320780118864,1,0
1398,0.124616226452635,1.76621374984582,0,0,-1.33521567534522,0,0
1399,0.228843200020492,0.842889246774666,1,1,-0.318915419773302,1,0
1400,0.187814658921626,2.2062520649156,1,0,0.774621658846623,0,1
1401,0.898342513118728,2.15643202067301,1,1,0.325655608919358,1,1
1402,0.08060691309058,1.05730752123511,1,1,-0.418236404139703,1,0
1403,0.699446802027524,0.840867460970149,1,0,-0.277243898947718,0,0
1404,0.280119190892965,0.60330950866531,1,0,-1.86230978922284,0,0
1405,0.0201431351403395,0.704507620054491,1,1,1.28711201860206,1,1
1406,0.0922128030409416,0.385809411777645,1,1,-0.3469763871571,1,0
1407,0.655707859744628,0.803347346980169,2,0,0.377140739904963,0,1
1408,0.0910923861259834,1.1753302211553,1,0,0.659863850830506,0,1
1409,0.817430167308794,1.02214529815081,2,0,1.25368250745411,0,1
1410,0.23571593583458,1.68689606215518,1,1,-0.330337892948218,1,0
1411,0.0689523434664895,1.41188117493583,1,1,-1.28130925519074,1,0
1412,0.00704093615899567,2.02415345085394,2,0,-0.0782953735555277,0,0
1413,3.82698083898629,4.28246234583099,2,0,-1.43313233225567,0,0
1414,0.282036293711927,0.498606199231101,2,1,-0.333618983629464,1,0
1415,0.350263316363234,0.616460020723059,2,1,1.10536846649924,1,1
1416,0.437242253554318,1.12800177526298,2,1,0.973420237990685,1,1
1417,0.25383287264655,2.81282636442768,2,0,-1.09700379217241,0,0
1418,0.598939948508309,0.93138537261899,1,0,1.94617085158645,0,1
1419,0.102252049435534,0.513032904390518,0,0,0.331218145845804,0,1
1420,0.00684334834808732,1.48364776619579,1,1,-0.716161149989667,1,0
1421,0.0333773468931516,0.239200179743237,2,1,0.0421628382597478,1,1
1422,0.784342934641255,5.60297822407133,2,1,0.51121787866861,1,1
1423,0.0921508563795069,1.09012712794195,2,0,0.0965782077915424,0,1
1424,0.6839252780709,1.12395668837417,0,1,-1.57079631658997,1,0
1425,0.817103174778833,1.38247181245496,1,1,0.464634975077839,1,1
1426,0.248815327261885,0.961865642148444,2,1,0.293430902565377,1,1
1427,0.161858142663614,0.412772288545966,0,1,-0.771922039942434,1,0
1428,0.607871803351575,1.27067443605419,1,0,-1.57569404850111,0,0
1429,0.00245165953461032,1.3687237064027,1,0,0.825501166997779,0,1
1430,0.504498570743534,1.20174516242641,1,1,1.21948304892477,1,1
1431,1.74513383034802,2.70851215347648,0,1,0.762927861052695,1,1
1432,0.0108978943899274,0.823214637380792,2,1,1.9100509793987,1,1
1433,0.0889065548180119,3.12580352739979,2,1,-0.114474356742943,1,0
1434,0.0798240169468853,1.81463710342844,0,0,0.414691615515822,0,1
1435,0.0374650862067938,0.722473160587416,1,1,0.234995628238507,1,1
1436,2.42346372869197,2.55523789363603,0,0,-0.0865047651769802,0,0
1437,1.76758616739448,3.8474037511012,2,0,0.0770148843650242,0,1
1438,0.180932425686883,4.70218153807677,2,0,-1.81433391334074,0,0
1439,2.03792537035812,2.45022416736099,2,0,-0.498209458353201,0,0
1440,0.107976907553772,0.789757809014653,0,1,0.131745504143502,1,1
1441,0.0164438529333577,0.48642186447978,0,0,-0.168446516108421,0,0
1442,0.109922514170772,0.212392057010001,1,0,0.983762930713292,0,1
1443,1.37170627971386,3.85491440383097,0,0,-1.99534435657498,0,0
1444,0.132672205173559,1.96573119712267,1,1,2.27254876961485,1,1
1445,0.168694294471708,0.549599226951078,2,1,1.42891538895636,1,1
1446,1.56103277776575,1.72272413381576,1,1,0.139466466973735,1,1
1447,0.865733787533255,1.42390802157402,1,1,0.496601597502225,1,1
1448,0.14916276247032,0.994737732893874,1,1,-0.521043363710705,1,0
1449,0.131249385368493,2.796755086367,1,1,0.0675848563925349,1,1
1450,0.0501719529435151,0.0595110889298506,2,1,1.91246318044414,1,1
1451,0.228172023263243,0.790840068987549,1,0,0.16112603669991,0,1
1452,0.29435397643182,1.66865281816874,1,1,2.37627117335245,1,1
1453,0.105062040907304,0.750033008576842,2,0,-0.537323780079522,0,0
1454,0.254956099929081,0.548161802303562,1,1,1.38057679550643,1,1
1455,0.340694221667945,0.978853131333987,0,1,-0.0157920505431479,1,0
1456,0.937729228092218,2.2640532720834,0,1,-1.32774416454274,1,0
1457,0.695003899745643,5.95240969477079,2,0,-0.916114939734529,0,0
1458,0.259324002286626,0.432179750848878,1,1,1.46474823461972,1,1
1459,0.232038032780919,0.4124001332725,1,1,-0.867430276013855,1,0
1460,0.181032296502425,1.33149054941513,2,0,1.21322625993521,0,1
1461,0.101852766238153,1.17847129813753,2,1,-0.378565281214958,1,0
1462,0.082938685370986,0.554490758838294,1,0,-1.4589885554424,0,0
1463,0.46934618252433,1.4972535148263,0,0,-1.17675714434746,0,0
1464,0.864573888847908,3.07153965475477,1,0,-0.332996431154894,0,0
1465,0.0658924551680684,0.133273521162618,0,1,-0.59085881432233,1,0
1466,0.885768839007961,2.90700185785041,2,0,0.0645599893621153,0,1
1467,0.428979326453474,0.976155459259947,0,0,-0.64679339561844,0,0
1468,0.348184825335112,1.62005523927323,1,1,1.3710456507415,1,1
1469,0.114275671852132,6,0,0,-0.562304752438712,0,0
1470,1.75434266518158,2.1594274828677,1,1,-0.767700229485505,1,0
1471,0.0480040682860433,1.70774478702202,1,1,0.265521701167299,1,1
1472,0.162276735322343,5.33016446149251,2,1,-0.365271622751342,1,0
1473,0.263650869884037,0.359724565017787,1,1,-0.464892565201421,1,0
1474,0.0465200553216987,0.642267034078638,0,0,1.17802139952299,0,1
1475,0.124560940124799,0.488806255053029,1,1,0.723819341102193,1,1
1476,0.153768912528942,0.4396389781219,2,1,-0.577788264159745,1,0
1477,0.605704027435018,1.13405119067133,1,1,0.112067533894289,1,1
1478,0.0498166540637612,0.791515253274496,1,0,0.0842742632870654,0,1
1479,0.0811863788920972,1.97982636635161,2,1,-0.751448280118567,1,0
1480,0.296402456135386,1.14968911957345,2,0,0.51320005954963,0,1
1481,0.172214155993072,1.36770452088598,1,0,-1.32044442659139,0,0
1482,0.512025261090861,0.927519029975601,0,0,-0.18725496496197,0,0
1483,0.124532983431386,0.78886224160868,1,0,-1.10375426337711,0,0
1484,0.189551801110307,1.55472101858506,2,0,-1.10233619442135,0,0
1485,1.93789256840705,3.87774969770754,1,0,0.171319302057073,0,1
1486,0.781268106034836,4.15380452196186,1,1,0.194975442171812,1,1
1487,1.04789278035952,1.82039049960823,2,0,0.379625708959476,0,1
1488,0.424645407539275,0.667296307473195,2,1,-1.0553671026678,1,0
1489,0.0963312304682202,1.9813131720933,1,1,-0.715938319001813,1,0
1490,1.37000483456919,2.23778727812291,2,0,-0.190335297571424,0,0
1491,0.640903644904666,1.36103633222597,1,0,0.239190088681676,0,1
1492,1.12887505747677,5.43114044477404,2,1,-1.49791389636922,1,0
1493,0.566759618102676,0.636695102398547,1,1,1.20153517922063,1,1
1494,0.432216699442102,1.06999861677359,1,0,0.729421527222917,0,1
1495,0.389102938680345,1.24623099292244,2,0,-0.361530790971357,0,0
1496,1.28464724036026,1.94357408380411,1,1,-0.634437699492926,1,0
1497,0.0415584633888261,0.944059384930954,1,1,-0.53220181234591,1,0
1498,0.665384834218356,0.759192209561709,1,1,1.20910480366282,1,1
1499,1.3050106001758,1.49428107933318,1,0,-2.03839790628394,0,0
1500,0.13829325218816,0.473912954529291,2,0,1.24226726657829,0,1
1501,0.28382777236402,0.305073518341308,1,1,-1.24268627230454,1,0
1502,0.00938610639423132,0.0188782721724585,2,0,1.65746571168252,0,1
1503,0.76083207813402,3.22311795937518,0,0,-0.178013163839377,0,0
1504,0.124643077839376,0.779615380294942,2,0,-0.438930506550953,0,0
1505,2.06494098726845,3.39828020893037,0,1,-0.104009768380527,1,0
1506,0.416496439526478,1.89425686690981,2,0,0.798991193591929,0,1
1507,0.389682577612499,0.445662848706351,1,0,-0.379576894286527,0,0
1508,0.0185149675235152,0.0418204790322972,2,1,0.676630380966008,1,1
1509,0.524712543831103,0.633003152973142,1,1,-0.941387727640617,1,0
1510,0.450692003489368,0.972362403743725,0,0,-0.876992871061794,0,0
1511,0.496930285460419,0.650406306910593,1,0,1.53348324434584,0,1
1512,0.677855509436793,0.797120053580708,2,0,1.59824143027425,0,1
1513,0.498970474840866,1.41559440154719,1,0,-1.37444053446005,0,0
1514,0.574848867642383,1.18000458744537,2,0,1.26588653368218,0,1
1515,0.749300717790094,1.11064801640256,1,1,-0.329918262522518,1,0
1516,0.128157356650465,0.351927090810145,0,1,0.988740387391589,1,1
1517,0.124609952068163,1.92011016110579,0,0,1.01001363138968,0,1
1518,0.564987371261749,2.60005255709932,2,0,0.196394449081696,0,1
1519,0.549836826717688,1.54579710208548,1,1,-0.884205580505747,1,0
1520,1.55625940391737,3.07923572412562,2,1,0.142478604215843,1,1
1521,0.274254260548343,0.683573745051202,2,0,1.48778401797582,0,1
1522,0.293475060413281,0.361711430707771,1,0,-0.35409553429555,0,0
1523,0.291685679306587,0.819953844147077,2,1,0.332684740748057,1,1
1524,0.453684349130425,0.72996085506382,1,1,0.563224057245379,1,1
1525,0.086643940044774,0.259592732411123,1,1,-0.0431245106092929,1,0
1526,0.793726134185651,1.98400130391187,1,1,-0.300833464718049,1,0
1527,0.213805304331122,0.770124448799946,0,0,-0.267319586742843,0,0
1528,0.857823134667248,0.974008513581816,1,0,1.48522069587843,0,1
1529,1.09152441711545,1.10009213516714,2,0,-1.33734017835934,0,0
1530,0.119382506684012,0.560498419967608,2,1,1.25389208138648,1,1
1531,0.654225106764999,1.41498190982753,1,1,1.18096330767469,1,1
1532,0.311072083810965,0.442041633277623,1,0,0.766575420741148,0,1
1533,0.0348427327763703,0.413943595954471,2,0,0.319587524066286,0,1
1534,0.0592002092928842,0.347884371708339,2,1,0.792969228996066,1,1
1535,0.352131538610492,0.564841577313111,1,1,-0.407843672282448,1,0
1536,0.619546945931183,2.40184396119316,0,0,0.455697214843757,0,1
1537,0.663735284470022,1.14423613744056,1,1,-0.0829064434834545,1,0
1538,0.0757423708084186,0.0806933858299653,1,1,-1.07915720250897,1,0
1539,0.514593679663605,2.366639332542,1,0,-0.189113166299946,0,0
1540,0.03971235084373,0.256837324148433,1,1,-0.848506702421397,1,0
1541,0.205996768135164,1.43809021244674,1,0,-1.844871611708,0,0
1542,0.131183527927432,0.33790595480622,1,0,-0.344504911386684,0,0
1543,0.0933065798340572,1.46424650224294,2,0,0.619597652702095,0,1
1544,0.357084108879398,1.01859096515878,2,1,-1.0353668631997,1,0
1545,0.323453949660891,0.880373271102907,0,1,-0.118622202684304,1,0
1546,0.00735933297484385,0.380777976817673,0,0,-0.415490373842674,0,0
1547,0.858190012014257,0.890856546886001,1,1,2.75449184970808,1,1
1548,0.110576681068374,0.567930546265356,1,1,-0.529820730581352,1,0
1549,0.587147962715891,0.675847365779359,1,0,1.187318113119,0,1
1550,0.23683630279989,0.403451363710783,1,1,-0.304969218285562,1,0
1551,1.23490682074065,4.36526867077079,2,0,-0.122331051190539,0,0
1552,0.460316909787556,1.98600824674482,1,1,-0.735904988980281,1,0
1553,0.327390500109147,0.663743491475443,1,1,-0.57272747823499,1,0
1554,0.646516543606089,4.1511004220903,2,0,-0.463146389547536,0,0
1555,0.0619780727558666,1.98324405898651,0,0,0.624980082342055,0,1
1556,0.478943715075369,1.05710905355712,0,1,-0.00297811744751762,1,0
1557,0.299929067389005,0.716334683745009,1,1,-0.185511301432305,1,0
1558,0.142134927081074,0.475956771490339,1,1,0.0946996467507512,1,1
1559,1.3016132399387,1.82701631449163,0,0,-1.39077299610483,0,0
1560,0.064293312219282,0.472255999115955,1,0,-0.693086550921992,0,0
1561,0.662541723706656,0.995165228186386,0,1,0.512744920357313,1,1
1562,0.109148930447797,1.14717622305643,0,0,0.261508201232274,0,1
1563,0.0280871257806818,2.05220851420569,1,1,-0.248627577756356,1,0
1564,0.119632376978795,3.18951107714558,0,0,-0.696474964081989,0,0
1565,0.0257702059036391,0.105390002922716,2,1,0.914048722318232,1,1
1566,0.33811689250999,0.688698785688994,2,0,-0.559514920532408,0,0
1567,0.192655988244547,1.49481376398115,2,1,0.776829509091966,1,1
1568,0.0958908323405517,1.57645207791887,1,1,-0.400722540766787,1,0
1569,0.0428555493364582,0.806352805547782,2,0,1.83789635561143,0,1
1570,0.166785491914652,0.587141334514387,2,1,-1.02421729076616,1,0
1571,1.34545098902527,1.519871354405,1,0,0.804563631396293,0,1
1572,0.0668519783677095,0.395269731058388,2,0,-1.59970286317246,0,0
1573,0.171899202614466,0.308766067185822,0,0,0.0562551115770964,0,1
1574,1.01080207666889,1.91539175595821,2,0,0.0713803255905058,0,1
1575,0.0408795191388991,0.152224191813211,1,0,-0.997397303336069,0,0
1576,0.19298095111039,1.24996255439383,1,1,0.447895867117027,1,1
1577,1.23083204854165,1.65330627303435,2,1,-0.22321350458042,1,0
1578,0.0683384495980103,1.03530880289409,1,0,0.531553275852804,0,1
1579,0.10815291432422,0.625709697371015,1,0,0.775754322133668,0,1
1580,1.07468220918014,3.01986519880174,2,0,-1.50213747649785,0,0
1581,0.06927197592126,1.09684242013458,0,0,0.191411180265203,0,1
1582,0.0761495126570784,1.01742708043246,1,1,-0.552792677589291,1,0
1583,0.413151598638958,0.4882780060448,1,0,-1.62358059218146,0,0
1584,0.846389087705642,0.896105319107818,1,0,-0.777062941654336,0,0
1585,0.167023823031616,1.41093387268484,0,0,0.0774005826571284,0,1
1586,0.366815861004094,1.60209101026652,2,1,0.31463518837862,1,1
1587,0.00111531776686509,0.341249217981665,2,0,0.815540227060965,0,1
1588,0.706416204985645,2.43433458911292,2,1,-0.0868411834118045,1,0
1589,0.209458392216927,0.540269242242899,2,0,-0.473760967170705,0,0
1590,0.350077036862633,0.957633907599295,0,0,-1.00858612027697,0,0
1591,0.307397063718074,1.09417254261053,2,0,0.686842127024737,0,1
1592,0.558164878748357,0.659173296751822,2,1,0.99117485773106,1,1
1593,0.214517397935952,1.02964957653521,1,1,-1.96240420400339,1,0
1594,0.605883747339249,0.777313359641935,1,1,-0.0747555123242366,1,0
1595,0.912047475471539,1.04830321744346,2,0,-0.206585678299007,0,0
1596,1.25112244935346,1.69210955074111,0,1,1.68845412307902,1,1
1597,0.109181710932818,0.424981124595243,1,1,-1.87865243451124,1,0
1598,1.2359032084411,3.83678819284237,2,0,1.01237959333035,0,1
1599,0.0623423176714116,1.76404982480446,2,1,0.691321481222898,1,1
1600,0.338451203016785,0.84551869292284,1,0,-1.13757964293487,0,0
1601,0.0619896685326512,1.09998314479867,2,0,-0.356831434651797,0,0
1602,0.747044984665182,0.749662832046549,0,0,-0.48749855490679,0,0
1603,0.501098176464438,0.655320223858694,1,1,-0.475323641785522,1,0
1604,1.11612845207553,5.63893738485185,0,0,-0.49728376123409,0,0
1605,0.0387263546961571,0.125056404244702,1,1,-0.820046189823602,1,0
1606,0.868962684392611,2.01903844033446,2,1,-1.01762694717789,1,0
1607,1.19511325632004,2.14965654064999,2,1,-0.293183499196728,1,0
1608,0.0162775048779117,1.60893301479518,0,0,0.468622688582903,0,1
1609,0.181594997148234,0.709236129204449,1,1,0.0769887747983425,1,1
1610,1.37738964412247,4.78302222123297,2,0,-0.0681486874237616,0,0
1611,0.0888976981389073,0.188566973741576,2,0,1.28926369548566,0,1
1612,0.0900399876344535,1.53458599398123,1,1,-0.463676093377236,1,0
1613,0.131733831949532,0.556981543606137,2,1,-0.0950909999393488,1,0
1614,1.08109417884186,1.15011986288882,1,0,-0.647710498406964,0,0
1615,0.157186289110945,0.736514354880208,0,0,0.652050909563729,0,1
1616,0.568300729307036,1.75541203550548,0,0,0.298737947130384,0,1
1617,1.68919338814523,2.06342263179073,1,1,-0.82407715480734,1,0
1618,0.330160606309918,0.750831842035399,1,1,1.61844133875462,1,1
1619,1.86753652566608,3.81422707814567,2,0,0.424255478965489,0,1
1620,0.120417295127279,0.207115914159712,1,0,-1.6612774102615,0,0
1621,0.116519718948338,0.117399199920003,2,1,0.0104582469552087,1,1
1622,0.0761375932321475,1.0205726177378,1,1,-0.755845486255949,1,0
1623,2.56904741050181,6,0,0,-0.416324285617224,0,0
1624,0.301427660096023,0.403880212296123,2,0,2.04199402425786,0,1
1625,0.98350346911584,1.67299084331917,1,1,1.48852406993621,1,1
1626,0.662279939796362,1.62687537757218,1,1,-0.461783586048592,1,0
1627,0.151787932114839,0.216134002287937,1,1,-1.9514860760796,1,0
1628,0.0823128435553776,3.05023004250069,1,0,-0.24709130856461,0,0
1629,0.136246036488526,1.59400220029056,0,1,-0.911729991651745,1,0
1630,0.14179558131016,5.7490625415922,0,0,-1.99036145946319,0,0
1631,1.18542757438643,3.24003300462681,1,0,0.424284996420571,0,1
1632,0.0445941914215964,1.07742614626918,1,0,-1.42082269440159,0,0
1633,1.25746377118231,4.67177342824594,2,0,-0.194723723707978,0,0
1634,0.0623908785527435,1.53614447512615,2,1,-1.22339176989959,1,0
1635,0.0110384904676014,1.34099362321208,1,1,1.0832593696147,1,1
1636,0.39723358479225,1.32146537924806,0,0,0.505941288808167,0,1
1637,0.176746286969218,0.391987636685371,0,0,0.583189758999148,0,1
1638,0.989414725612945,1.21688378727213,1,0,-1.27269562803531,0,0
1639,0.452862510250674,0.549590146088644,2,1,0.159025426160051,1,1
1640,0.252864189549453,0.307794180001213,1,1,0.0809399497765742,1,1
1641,0.0349397213624571,2.39137613312118,1,0,1.01748237085615,0,1
1642,0.506982109509408,1.77624618945022,0,1,-0.449041338268572,1,0
1643,0.00283468255980147,0.251522496868028,1,1,0.569944843926338,1,1
1644,1.1202751616998,3.13959140640994,0,0,0.387169189037509,0,1
1645,1.85981402578224,4.23121612335041,2,0,-0.932427988386989,0,0
1646,0.267399447556171,2.22317157734325,2,0,-1.08707916592356,0,0
1647,0.519559893509457,2.21147262678838,0,0,-0.0701534511304965,0,0
1648,0.190502807610948,0.317123124686038,1,0,0.0939109485798546,0,1
1649,2.23325693142682,2.68367624512875,1,0,-1.04647665648497,0,0
1650,0.205836608486718,2.25314971370002,0,0,1.73013012305187,0,1
1651,0.0858692304993315,1.00395305761656,1,0,-0.912786370561134,0,0
1652,0.378438889359434,2.14062961244492,1,1,-1.66022165311053,1,0
1653,1.27452987345028,1.4490670747321,1,1,0.829247320330767,1,1
1654,0.0694502051919699,0.433280772978348,1,1,2.40100780421951,1,1
1655,0.157962480249504,0.310313710822124,1,0,-0.261153148370669,0,0
1656,0.526866445110904,1.54354248444675,1,1,-0.719965607207451,1,0
1657,0.119367983295686,0.434898587377463,2,0,1.11030398106669,0,1
1658,0.0267395434073276,0.894314532007346,2,0,0.14277077161617,0,1
1659,0.107976031075749,0.476631156419999,2,1,1.49349072851326,1,1
1660,0.247637848636216,0.443546341738707,1,1,-1.34387546766321,1,0
1661,0.648708675537953,1.80184280322858,2,0,0.960892876599325,0,1
1662,1.10413966799247,1.31466318232318,0,1,-0.261376565733545,1,0
1663,0.588343025289937,0.87271051364383,1,1,0.284071317377532,1,1
1664,0.365038767019219,0.690393425735548,1,1,0.160398862651778,1,1
1665,0.070253539726966,2.23559946423663,1,1,0.041538986956958,1,1
1666,0.121941210978429,1.30402195966562,1,0,1.13193386175896,0,1
1667,0.116269044978674,0.48744209151963,1,0,0.483894204156285,0,1
1668,0.274670852438282,0.364298529733765,2,1,0.406706560169553,1,1
1669,1.06781465824579,1.29500680006371,1,0,0.803171713648149,0,1
1670,0.248192565826078,0.307843409805703,1,0,-0.576729264432708,0,0
1671,0.150201566237558,0.38955143013066,2,0,-0.117586387561697,0,0
1672,0.1476612361148,1.10211793825819,1,0,0.306597092263911,0,1
1673,1.22408659314519,2.81775764022879,2,0,1.88046527023869,0,1
1674,0.137060741480026,1.32084123307692,2,1,-0.894706314987283,1,0
1675,0.103535261522565,2.43177141591342,1,0,1.49286780046972,0,1
1676,1.11984782123203,1.47733670045176,2,1,-1.07004465750618,1,0
1677,0.443899381595353,2.20039721639913,2,0,-0.702055829456639,0,0
1678,0.0500695309084323,0.0922311734000852,1,1,-1.59429400796987,1,0
1679,0.175888214984702,0.891295023436798,0,1,0.188878510555893,1,1
1680,0.0139004550874233,0.790030742064118,0,1,0.601574471735333,1,1
1681,0.714687870091034,2.93213514494008,1,0,-0.965163137787828,0,0
1682,0.0628097241537438,0.977764552198305,2,0,-0.101125649260789,0,0
1683,0.317448547421379,2.41436361447399,2,1,-0.0775260028950361,1,0
1684,0.0957371754985717,0.146910807360886,2,0,-0.492841938029671,0,0
1685,1.11286716117099,1.19103161657952,2,1,0.799958500533402,1,1
1686,0.0570270910652147,1.14088989173373,0,0,-1.11267450863311,0,0
1687,0.038017672430707,0.173774641232866,2,0,-0.301605045100184,0,0
1688,0.566356110955875,1.37339793370401,2,0,-0.184308622720585,0,0
1689,0.0738753892727331,0.836736479153236,0,1,-0.335253162419004,1,0
1690,0.215441542397788,1.03037483775247,1,1,0.56365375139039,1,1
1691,0.073792950842422,0.342171994011431,1,1,-1.049823518688,1,0
1692,0.0668474141922262,3.66436149294293,1,0,-0.97706641673865,0,0
1693,0.193633459404939,0.821537963985826,1,0,-0.60105722449974,0,0
1694,0.404682464478621,1.18259227216921,2,0,-0.33616561590054,0,0
1695,0.018580195804437,0.119620436207608,1,1,-0.367805027358629,1,0
1696,0.115551063790917,0.229150123886729,1,0,-0.1731152520174,0,0
1697,0.0358137271056573,0.839170868010537,2,0,1.08498674761073,0,1
1698,0.45858623961983,0.933795905099062,1,0,0.213697497805182,0,1
1699,0.742362998943362,2.0921064193528,1,1,-0.624515452774984,1,0
1700,0.212215530521498,2.33386532312936,2,0,-1.23092598492825,0,0
1701,0.188277266505692,1.4976179806108,2,0,0.646876497805367,0,1
1702,0.643329755920503,1.18441887233513,1,1,-1.40256717582228,1,0
1703,0.352592847114843,1.48874133527948,1,1,-1.24523123235094,1,0
1704,0.0827597816371256,0.540298489586659,1,1,-0.615039009923893,1,0
1705,0.0715984479111827,1.53071513958891,1,0,0.42403880125286,0,1
1706,0.11957806845506,0.324328538669774,1,1,-0.459223945802794,1,0
1707,0.471755735990074,2.65608052492645,2,0,0.274931723962242,0,1
1708,0.27152529555954,0.621935033406692,2,0,0.0364474237909685,0,1
1709,0.769549063924286,1.88839233951321,1,0,0.450137244129299,0,1
1710,0.135925108980801,2.32553718644534,1,0,-1.36163868204918,0,0
1711,0.0732340705596007,2.87414174185083,2,1,-0.576579142185886,1,0
1712,1.08712272920842,2.28439126576102,2,0,1.30302319801086,0,1
1713,1.15276692539673,2.90741478738572,2,0,-0.491213382755579,0,0
1714,0.424431899532427,0.950169361456957,1,1,-1.27482254178952,1,0
1715,0.698321937686867,0.801104710624603,2,1,1.76476885845215,1,1
1716,0.175892662567397,0.445406907615112,2,1,0.938718925355504,1,1
1717,0.0777180430789789,0.187013460249669,2,1,1.69136183051625,1,1
1718,0.11138990241449,0.944984128257807,2,1,0.21099810923323,1,1
1719,0.39378953890668,0.479690906867257,1,1,0.208420855923249,1,1
1720,0.375385777507391,0.792441015795355,2,0,0.495542965239927,0,1
1721,0.308485206400161,2.77547305623507,2,1,0.968433920041866,1,1
1722,1.36360875015757,3.90382868237793,0,1,-0.77250142578716,1,0
1723,0.67346279664586,0.843176686515411,0,1,-0.826900670997325,1,0
1724,1.02737637232047,1.26835938377953,1,0,-1.67108882627464,0,0
1725,0.308986777543194,0.591365272475757,2,0,-1.24261557222227,0,0
1726,0.903584741837131,1.3885232102156,1,0,-1.703408430104,0,0
1727,0.508271282435291,0.733030257493974,2,0,0.0584085263406808,0,1
1728,0.406645290139649,0.4621595920374,0,1,0.852794619847492,1,1
1729,1.7537539492773,2.08041972834982,2,1,0.386954582865871,1,1
1730,0.182969451498338,5.1433292542278,2,0,-0.29900535055068,0,0
1731,0.0515352086060577,0.495654493140587,2,0,-0.00198388278316817,0,0
1732,0.928748605330425,1.04670300763375,1,0,0.64536705710956,0,1
1733,1.51568465240599,1.78012929396181,2,0,-0.854707160906853,0,0
1734,0.129916943068938,1.16196840256521,2,0,0.618839150110615,0,1
1735,0.207934860760967,1.38407229254397,1,1,-0.207477054200213,1,0
1736,0.0601082334547035,1.45919226389313,2,1,0.969012621912204,1,1
1737,0.209021385655635,1.10686124081017,2,1,0.29393071994084,1,1
1738,0.0104648588846127,0.630975424801034,1,1,1.73079988287148,1,1
1739,0.132332648872494,0.381554124635912,1,1,-2.80681910891663,1,0
1740,0.648429808724258,1.05312901335042,1,1,0.00491950713156047,1,1
1741,0.792394775022745,3.86691395096979,2,1,-0.33132507461058,1,0
1742,0.132400648564928,0.753530751108566,1,0,-0.485485186693115,0,0
1743,0.103733913662533,1.567553204687,2,1,-1.05220792104499,1,0
1744,0.0137326495392179,1.7404825074619,1,1,-0.360546321750824,1,0
1745,0.608242854682936,0.852695054153501,2,0,0.204971856992988,0,1
1746,0.472643760343393,0.809167729943948,1,0,-0.052749764304454,0,0
1747,0.845337446939296,1.83453839612117,2,1,0.433359318504648,1,1
1748,1.29397905840941,2.2516062662025,2,1,0.228421807257477,1,1
1749,0.566440698069831,2.20348782188203,2,0,0.774236645876613,0,1
1750,1.31535288045275,1.9750595279038,0,1,0.732423195291484,1,1
1751,0.10605459411939,0.540929226158194,1,1,-1.69406240774817,1,0
1752,0.435197370954686,2.18878766446074,2,0,-0.177172160810789,0,0
1753,1.54593677561087,1.59597608386273,2,1,-1.72036171910597,1,0
1754,1.59796072574996,1.82241363571665,1,0,-0.855779391127511,0,0
1755,0.207505413951973,2.27736453884884,1,1,-0.302736186069467,1,0
1756,0.644991231771807,0.923210016650397,0,0,0.24540528652417,0,1
1757,0.328879801349507,1.60685863454747,2,0,-0.167114428061317,0,0
1758,0.150643143713867,0.254769144359234,1,1,0.481657243728993,1,1
1759,0.177474712125129,0.425986592896144,2,1,0.0765319897502841,1,1
1760,0.687796561978757,0.775732583790609,2,0,0.486777000662385,0,1
1761,0.447881013258464,1.97432194215556,0,1,2.25136892818498,1,1
1762,0.74053094153189,1.77589908626896,0,0,0.244162866557283,0,1
1763,0.184656239839064,0.429656673808817,2,0,-0.19347756023509,0,0
1764,0.145259083559116,0.939648052919257,1,0,-0.356907920857319,0,0
1765,0.671935663041141,2.39785617838303,0,0,0.4097476017483,0,1
1766,0.608819122943613,1.69423130787375,2,1,-0.30947936156184,1,0
1767,0.96803995701449,1.03598769952913,1,1,0.00696089079768184,1,1
1768,0.123793770973053,1.1153576851381,1,0,-0.741999981632783,0,0
1769,0.00303250996188985,0.899065763830975,1,1,0.317686607438429,1,1
1770,0.305607978047596,0.740099956965757,0,0,0.165731188370413,0,1
1771,0.00706420849180884,1.1426179167729,2,1,-0.02357088093584,1,0
1772,1.88224493375374,2.10786918002756,0,0,-0.542074307046754,0,0
1773,0.140984729024594,0.721915124562851,1,1,-0.52081735942774,1,0
1774,0.0703083216730091,0.312938970002254,1,1,-0.0483640220723109,1,0
1775,0.277119995966646,0.845165306933729,2,1,0.821744864114989,1,1
1776,0.268902770347065,1.09979704207971,2,0,0.388600074451115,0,1
1777,0.802759720394165,1.3567205778647,1,0,0.252924257717295,0,1
1778,0.544973442641397,1.07007810624492,2,1,0.380341698177025,1,1
1779,0.0588404345657414,0.919661765535454,1,0,0.871365087620122,0,1
1780,0.279370166050891,0.911045230273861,0,0,0.653762563922996,0,1
1781,0.0894876848906279,0.564786625664617,1,0,0.330090825150914,0,1
1782,0.286007249810153,1.29224874369525,2,0,-0.697023346785912,0,0
1783,1.51953308217527,2.49083634923058,2,0,2.31044987506766,0,1
1784,3.83063065490331,6,0,0,-0.977870073018611,0,0
1785,0.415893078214715,1.34306140552848,2,0,-0.756407942935194,0,0
1786,1.15307753910838,1.20899317922112,1,1,0.503486564377856,1,1
1787,0.330920894112852,1.16222518964626,0,0,-1.18927736744466,0,0
1788,0.124160467853977,0.345890871584094,1,1,-2.24693651414428,1,0
1789,0.0137408535019989,2.93796955549384,2,1,-0.775054581970162,1,0
1790,1.55911441649756,4.66252065546123,0,0,-1.54732968253109,0,0
1791,0.111202677013172,0.979544129186307,2,0,-0.399845794715019,0,0
1792,0.766027314174506,1.19315595897969,1,1,0.27389097728209,1,1
1793,0.644248667069607,1.61971275440475,2,1,-0.263053520760708,1,0
1794,1.15005855754317,3.05619398131967,0,0,0.146690269210089,0,1
1795,1.91635026936997,2.78886403267582,0,0,-0.295987509471142,0,0
1796,0.818657716169899,0.988234817377177,1,1,-1.85155515026413,1,0
1797,0.145459225297802,2.05743114474761,1,0,-1.43090576103374,0,0
1798,0.181244006297222,6,0,0,-1.52127496107924,0,0
1799,1.33255139092076,5.02182766767152,0,0,-1.05709478316922,0,0
1800,0.0711001295389401,0.897615435075726,1,0,-1.53087351407191,0,0
1801,0.55966938742333,1.26758080127423,1,0,0.277552097920866,0,1
1802,0.538007263094187,1.13093449500957,2,1,0.898857152231072,1,1
1803,0.112622410265936,0.837388196810822,1,0,-1.1120417534403,0,0
1804,0.215668014975058,3.14162998851064,1,1,1.15367266492258,1,1
1805,1.08224995119176,1.14410267732865,1,0,-0.725006871382082,0,0
1806,0.0970794282184279,0.496162234127947,2,1,0.031888456802005,1,1
1807,0.0931810989831627,0.3918967577366,1,1,-0.411121513297468,1,0
1808,0.639270100121697,1.22290030963217,2,1,1.39990376861788,1,1
1809,0.148964791248242,0.169910307619871,1,0,-0.533585526527266,0,0
1810,1.57098970597007,1.6459892119033,1,1,-0.188397270367006,1,0
1811,0.455218140186449,0.875794782366185,2,1,-0.339659043166045,1,0
1812,0.175024167548421,1.87642611859314,2,0,0.601755633935555,0,1
1813,0.0782519998028874,3.02126614793642,1,1,0.0977038749805765,1,1
1814,0.392438057111026,0.810781563325707,1,1,-0.169092144797533,1,0
1815,1.4375991932581,2.83420980907977,0,1,-0.221132431909412,1,0
1816,0.392620255653229,1.14391104745906,1,1,-1.1037645785833,1,0
1817,1.47909969397189,1.55667782354253,1,1,-1.74945811758634,1,0
1818,0.073571604055663,2.13320779363303,2,1,-1.05732163919667,1,0
1819,0.76519469368375,0.881643509967686,1,1,0.673918517899218,1,1
1820,0.279874475672841,1.12103422482808,0,1,-0.471746728661022,1,0
1821,1.37135132935611,3.21696704874436,0,0,0.179543428061406,0,1
1822,0.241813699612996,1.38785203676108,2,0,0.982873506628226,0,1
1823,0.533116780529497,1.65932363740216,1,1,-1.62229039272666,1,0
1824,0.313428454101086,1.07207611452197,2,0,1.34056417975933,0,1
1825,1.26913322131138,1.42251857263946,2,1,-0.490632189878309,1,0
1826,0.17053230793875,0.701563140868877,0,1,0.366181214721487,1,1
1827,0.647249344425897,1.14826788759087,2,0,0.251118599646475,0,1
1828,0.136058247234258,0.372134743623676,1,0,-0.48255157807178,0,0
1829,0.4272040585619,2.31537927873433,0,0,-1.6414737922185,0,0
1830,0.094389377368821,0.829719527030485,1,1,-1.33414582082199,1,0
1831,1.10696745562683,1.72705410704594,0,0,-0.591272584585701,0,0
1832,3.77961533746327,3.81318297237158,0,0,-0.364855876329888,0,0
1833,0.349636577690641,0.429807029960207,1,1,0.639794802802369,1,1
1834,0.0603570168194118,0.245671869299068,2,1,-0.825935309763818,1,0
1835,0.641973171797064,4.92083242135056,0,0,-0.26744228827276,0,0
1836,0.354382863992618,0.402814714208079,0,0,-0.772648569988308,0,0
1837,0.727528079619838,2.01036825268025,2,1,-0.284970563775794,1,0
1838,0.358410028929262,0.902436319042386,2,0,1.64221305370089,0,1
1839,0.351623429192437,0.750555242803246,1,0,-1.46461428495247,0,0
1840,0.200405026682549,1.33052862680454,1,1,0.372670642021076,1,1
1841,0.4328482479064,1.01409760506516,1,0,-1.74596391475087,0,0
1842,0.152084255463299,0.261725045352358,1,0,-0.609676266760067,0,0
1843,0.994977774872308,1.0626810965073,2,1,-0.109790837923035,1,0
1844,0.248905527382339,1.01495005600752,1,1,0.524944762672035,1,1
1845,0.0562291157767916,0.306039650301129,0,0,-0.0228821877248934,0,0
1846,0.826911864587574,2.05185376418134,0,0,0.275277330119846,0,1
1847,0.456972181693547,0.845078507271486,1,1,-0.79962456851062,1,0
1848,0.418304131987194,1.10451662883362,2,0,0.18817270763652,0,1
1849,0.0492978388292502,2.82527641810221,2,0,-0.196524915640748,0,0
1850,0.487461282561223,2.28016441867092,2,0,0.594336974746695,0,1
1851,0.0286075803968641,0.768654481618933,2,0,-1.6882022798274,0,0
1852,0.0924234718291296,0.487760213767507,2,0,0.539073264633075,0,1
1853,0.0534848662876379,2.55148557560159,2,0,1.14146823160927,0,1
1854,1.8899640336527,2.24972020185628,2,0,0.05680383377654,0,1
1855,0.084428406941394,0.126370576703517,1,1,-0.158254403799493,1,0
1856,0.452125038848155,2.1953450398794,1,0,0.170604625489346,0,1
1857,0.103564198749761,1.19622185104826,1,1,0.230083627147413,1,1
1858,0.0831716070117592,0.317554192952656,2,0,1.48163376058608,0,1
1859,0.15590799610234,1.44365755239392,2,1,-1.72129414802383,1,0
1860,0.186997929381,1.28104461182549,2,1,-0.264750536991199,1,0
1861,0.230096964062088,0.990022926549873,1,1,1.0226782907499,1,1
1862,0.328278758873542,2.80087991111972,1,1,-0.141115198692797,1,0
1863,0.899355073924084,2.52205778476551,2,1,-0.295258684965844,1,0
1864,0.94274691615153,1.43122934872085,1,1,0.622589044137727,1,1
1865,0.301197320222855,0.81782912109295,1,1,1.38468072390466,1,1
1866,0.257669113897226,0.622795877111864,1,1,0.861403982113525,1,1
1867,1.19087550991411,4.25156839250383,1,0,1.24991647959108,0,1
1868,0.0174743528578719,0.427545298704957,1,0,-0.216451585826019,0,0
1869,1.0491780684596,2.04529254022271,2,1,2.363461908279,1,1
1870,0.340819384695755,1.09864894819711,1,1,-0.848330438013569,1,0
1871,0.646277066423661,2.05370092993157,1,0,0.0973108918444341,0,1
1872,0.0554410668296946,0.527914698661003,2,0,1.02139639629661,0,1
1873,0.941192390637242,1.76352140647067,1,0,-0.168586352950792,0,0
1874,0.797076022412724,1.03171681281457,2,1,0.370029898602867,1,1
1875,1.73261322899596,2.37699613570855,1,1,0.644695674915423,1,1
1876,0.521501057869183,0.908629434783754,1,0,-0.859669604773946,0,0
1877,0.443358387155623,1.98722609521857,0,0,-0.35258733678191,0,0
1878,2.18582403526309,2.2626092597572,1,0,0.223506948754637,0,1
1879,0.537851688762506,0.645386166870594,0,1,-0.484001349301635,1,0
1880,0.898319647290323,2.3245603711699,1,1,1.09588349319725,1,1
1881,0.451882381716536,0.927024907276292,1,1,-0.286778271588007,1,0
1882,1.41757178529569,2.10338036947201,1,1,-0.111843926427156,1,0
1883,0.445524403928883,1.46645195923776,2,0,0.632249848050279,0,1
1884,0.133375550586475,2.10236243173094,2,1,0.57617908522924,1,1
1885,0.347481707835363,0.630670283295454,1,1,-0.770889773343645,1,0
1886,0.00772055569218265,0.0606098771090558,2,0,0.5289935345788,0,1
1887,0.555254202336073,1.00944759244307,1,1,0.885385851810294,1,1
1888,0.254883407615125,2.19134333958454,2,1,0.0905506756521546,1,1
1889,0.191471830734776,0.986625519955486,1,0,0.334951318334643,0,1
1890,1.13938582021629,6,0,1,-0.0243140051409468,1,0
1891,0.870283414666534,1.32185346757372,0,1,0.283926950211827,1,1
1892,0.0697561051614909,1.29254593039958,1,1,-1.06106067617426,1,0
1893,1.4149562475943,3.08409416427215,0,0,-0.407049803402765,0,0
1894,0.722828518288831,1.18926392383949,1,0,1.5366352493938,0,1
1895,1.27052237378526,1.93796054432922,0,0,-0.271188004623346,0,0
1896,0.180455508331458,0.718609203224216,1,1,-1.34359010452874,1,0
1897,1.78278446809056,1.90692761912942,0,0,1.01573339215263,0,1
1898,0.507948704537827,2.29701370867518,2,1,-0.303426310557667,1,0
1899,0.337890142231081,1.16771213399867,0,0,1.14806064787307,0,1
1900,0.0481374132343464,0.9800222844695,1,1,-0.929389777166166,1,0
1901,0.28713446834849,0.706498622049644,2,0,0.957696625182525,0,1
1902,1.57635278945178,2.02943256076389,1,1,-0.303610446582177,1,0
1903,0.390600821328614,2.48154755931971,1,1,-0.200452150081604,1,0
1904,0.237335713990874,0.737615079068638,1,1,-0.219453150607284,1,0
1905,0.422055590897799,1.16665418500751,1,0,-0.906735799773041,0,0
1906,0.364685809860627,0.709869999781376,1,0,-0.0589177395400833,0,0
1907,0.47413131273869,1.56369576434031,1,0,-0.451565407037589,0,0
1908,0.134923281933514,0.860400886793992,1,1,-0.706133528977255,1,0
1909,0.269796264901585,0.458690326020045,1,0,-1.46370778830578,0,0
1910,0.361237263617416,2.9364972623686,0,1,-1.35569266763622,1,0
1911,0.165149529459246,2.67186400445018,2,0,-1.07052224101144,0,0
1912,1.57354712476932,1.67893036889533,0,1,-1.6660082424172,1,0
1913,0.371073465276923,3.08028095434783,2,0,1.21053383341726,0,1
1914,0.218807736722132,0.641074379581413,2,0,0.962559688407783,0,1
1915,0.855538413502786,0.952752996854179,1,1,-0.0471983858664985,1,0
1916,0.32807597454362,6,0,0,-0.107422154388691,0,0
1917,0.62807755648262,0.644110611950358,0,0,-0.0964239934988173,0,0
1918,0.0478080319316273,0.0860935839831332,0,0,0.0331771818897613,0,1
1919,0.507884504687455,0.624664127147553,0,0,-1.11896665643535,0,0
1920,0.282058261024455,3.58747894254824,0,0,-0.591290942379373,0,0
1921,0.0306583128662573,2.25985523586438,1,0,0.0303003196779805,0,1
1922,1.05767757240538,3.33602555766022,2,1,-0.60383989662747,1,0
1923,0.14748961561256,0.525377716476555,1,1,-0.450787272341235,1,0
1924,0.373183399858895,2.58519555799586,2,0,0.462145113304405,0,1
1925,1.46251005135807,4.64282216451993,2,0,-2.09604352902699,0,0
1926,0.969738203778545,1.2766293048974,1,0,0.445145300408368,0,1
1927,1.17840839648712,3.46329466870236,1,1,0.301138033283724,1,1
1928,1.62036744040518,4.30743058916193,1,0,1.12463454225914,0,1
1929,0.197776745565716,0.585578940385594,1,0,-1.41214243674346,0,0
1930,0.146292525281879,0.316018151754441,1,0,0.678849203926846,0,1
1931,1.8943617988686,2.94560158096993,1,1,0.872872840920959,1,1
1932,0.0551619789459639,0.453477698796302,1,1,-0.283327735200117,1,0
1933,0.00987318220900099,4.71554769760137,2,0,0.256629928772834,0,1
1934,0.950706781138574,1.78673577494919,0,0,1.02950894693291,0,1
1935,3.65838528488615,6,0,0,-0.932837660479366,0,0
1936,0.291498027121027,0.57448157832284,0,0,-1.56641115701134,0,0
1937,0.465308065629668,1.05309056200161,1,1,-0.0701076913164205,1,0
1938,0.271507150763014,2.4410472461028,1,0,0.564245374185039,0,1
1939,0.449316764063082,0.876216259161643,1,0,0.604021024990956,0,1
1940,0.111657209294647,0.912829459110134,1,1,0.130858036055044,1,1
1941,1.79883689092864,2.35157901403596,1,1,-0.490321693457708,1,0
1942,0.841431774980174,1.37058889438236,1,0,0.510885414393075,0,1
1943,0.160155419880537,0.205394178628922,0,0,-2.37308419270615,0,0
1944,0.0599732839812835,0.457627787673467,1,0,-0.431421133276555,0,0
1945,0.75158398029291,3.33276855448882,0,0,-0.995576777102814,0,0
1946,0.0732553952063123,4.08163886796153,1,1,-0.760593609899989,1,0
1947,0.656185665651028,1.00609641929556,2,0,1.14873318026769,0,1
1948,0.458168802886373,0.808222011352579,0,1,0.0535797921394531,1,1
1949,0.145091110870749,0.863768951926903,1,0,0.130994957833266,0,1
1950,0.186668408827649,1.00857902404391,1,1,-0.971743916769851,1,0
1951,0.869599737914561,0.978325395589338,2,1,1.00092424072652,1,1
1952,0.742164215900832,2.30963439576225,2,0,-0.237177699122919,0,0
1953,0.368592164789637,0.763817720198469,2,0,1.23729169398771,0,1
1954,0.40765259577609,1.07566437958322,1,0,-0.0147931091379095,0,0
1955,0.0461256136703822,0.957199077923621,1,0,-1.82877890639328,0,0
1956,0.198493819787271,1.83876338083587,2,0,-3.09105964833887,0,0
1957,0.146198314097193,0.490394518705278,2,0,1.93833267310503,0,1
1958,0.0476463915159305,2.8924533786873,0,0,-2.62504020738245,0,0
1959,0.158731162858506,1.11105944097945,2,1,-0.523079433521837,1,0
1960,0.759984493359096,1.73755099102319,1,1,1.21134197269535,1,1
1961,0.0563761770681318,2.25632361836026,2,0,-0.11516897464149,0,0
1962,0.0560456727231154,2.10795792360851,1,1,0.0508742893480666,1,1
1963,0.30169119954937,0.725353987938942,2,0,-1.04533179704608,0,0
1964,0.44284843943759,0.79230172267937,1,1,-0.0857072786784962,1,0
1965,0.214762490553161,0.281445119665245,2,1,1.11668491435369,1,1
1966,0.359898719729649,0.499082743061293,2,0,2.94711068159513,0,1
1967,0.166680086656314,0.822799890597947,2,0,-0.297617387688187,0,0
1968,0.336676223927902,1.06327846238302,1,0,-0.608125432106126,0,0
1969,0.344239633394418,0.650454135395925,2,1,-1.27024470629896,1,0
1970,1.03678046964676,1.84810070368917,2,0,-0.0171845981359466,0,0
1971,0.311662422803541,0.489417394263119,1,1,-0.388122576417363,1,0
1972,1.41826196982928,1.88361546731944,2,0,-0.281471435659332,0,0
1973,0.334705646340692,0.522631779695427,0,0,-0.111594664538547,0,0
1974,0.451958880035414,0.672377979000515,1,0,0.472516990859624,0,1
1975,0.354066972827746,2.43948775361485,2,1,0.409411930457176,1,1
1976,0.302891600877047,1.34350788260989,2,1,1.00951184810332,1,1
1977,0.856587205863344,3.85496514228483,0,0,-0.382328865522803,0,0
1978,0.0966061676407246,0.480986302381559,2,1,1.44927384344268,1,1
1979,0.0123479204658644,0.491628389090875,2,0,0.575934783059737,0,1
1980,1.79692038946764,6,0,0,-0.313252654653363,0,0
1981,0.80661632633343,1.6201244890611,2,1,1.53255215496836,1,1
1982,0.040598071904646,0.562773230877944,1,1,-1.45421064227979,1,0
1983,0.0719759220097565,0.0848100063420628,2,1,2.84571409444998,1,1
1984,0.373598204718696,3.20189363658526,2,0,-0.989941225167734,0,0
1985,0.984972653242959,1.90278070302396,1,1,-0.815716554091955,1,0
1986,0.262201871205467,0.620999139962992,1,0,-0.471793767730879,0,0
1987,0.400608939429124,1.36610818945692,2,1,-1.09427887547468,1,0
1988,0.113271916699078,0.811599467162213,2,0,1.8307526064218,0,1
1989,0.372167542162869,2.81396186444511,1,1,0.719588880544454,1,1
1990,0.756312205145756,1.0714703654502,0,0,-0.322938401176107,0,0
1991,0.300039554420165,0.697397173692783,0,0,0.72437176710027,0,1
1992,0.986130764247325,1.08993261588409,2,1,0.235745212298426,1,1
1993,1.34835046400926,1.38270240460943,1,1,-2.21163744475554,1,0
1994,0.0869274848244257,0.500349655551227,1,0,-1.01838246546361,0,0
1995,0.67033312179976,0.941349689520891,2,1,0.783285195045139,1,1
1996,1.17858729506029,2.77709022725385,2,1,-0.392285507691183,1,0
1997,0.0280183235633822,0.0893685641040064,2,0,0.84506768380722,0,1
1998,0.878369070664226,2.02029443590683,1,0,0.302666114943304,0,1
1999,0.164329742502594,1.11228947337953,2,0,-1.8336093497723,0,0
2000,0.0109007851117187,1.51735596030172,2,1,0.60742059954546,1,1
2001,0.564475587349651,2.65278964924316,0,0,-0.0722492516037239,0,0
2002,0.0790867036569587,1.30251137768508,2,0,-1.06388908560227,0,0
2003,1.20224938930208,1.78915304419009,1,0,-0.00743528756409244,0,0
2004,0.11981720625172,1.92577852749131,2,1,-0.600238990353087,1,0
2005,0.613196389264587,0.878752345510149,0,1,0.369597892824591,1,1
2006,0.0456416911993057,0.312479903483091,1,1,0.112853722428769,1,1
2007,0.862511958259358,2.96565104326612,1,0,-0.205876821966242,0,0
2008,0.261908934809182,1.39836242486956,1,0,-0.680787985290721,0,0
2009,0.241771511544462,0.25681428557783,0,0,0.0800469963676113,0,1
2010,0.82487156403033,2.2634833960109,2,0,-1.26727866364511,0,0
2011,0.143986935727298,1.44171619935255,1,1,1.32830777908824,1,1
2012,0.291083493517085,0.918100376461721,0,0,0.792160788496092,0,1
2013,0.426570430087547,1.70427623929359,2,0,1.56492237456591,0,1
2014,0.0250594261593875,1.5186130983344,2,0,-0.966330897339584,0,0
2015,1.13169617532327,2.08072508813265,1,1,1.42017664894816,1,1
2016,0.929396775771779,1.54718359500328,1,1,0.993856294861339,1,1
2017,0.72467477629996,1.41906805429529,1,0,-1.09107097810104,0,0
2018,1.09741512563055,2.11144921099922,1,0,0.199962895167991,0,1
2019,0.0284653829617633,0.162591315974462,2,1,1.22926874795203,1,1
2020,0.20237254910171,1.12531538565949,1,1,-2.15167035158109,1,0
2021,0.188445969904389,2.24291232414544,0,0,-1.00862082526484,0,0
2022,0.135228389158105,4.57280358417129,2,0,-1.72823448909811,0,0
2023,0.23250759837942,1.6371412556139,2,0,0.377371742841066,0,1
2024,0.033534177990404,0.869585578524796,1,0,-1.47847980653873,0,0
2025,1.44008531954853,2.37891908291755,2,0,0.0764494844087531,0,1
2026,1.14904872447552,3.01251764409244,0,0,0.145707673147949,0,1
2027,0.171470772992406,0.679345439518269,2,0,1.36475837771043,0,1
2028,0.00574849633222774,0.593906728723598,1,1,-1.48723056641541,1,0
2029,0.308225005341366,2.57105636584532,2,1,-0.600242870646564,1,0
2030,0.138016451871848,2.2059597633661,2,0,-0.34052761149053,0,0
2031,0.809085306975259,1.89541993976412,0,0,-0.457957535030802,0,0
2032,0.297519992519584,2.21176001112617,1,0,-0.757381564314334,0,0
2033,0.622297401229541,2.82612943565334,0,1,0.261998047637439,1,1
2034,1.90885215635248,3.10917425328496,1,1,-1.19607919926158,1,0
2035,0.119839939288795,0.281518228424238,1,0,-0.138686721162876,0,0
2036,0.64698813288197,0.8440730534015,1,0,-0.296913280301811,0,0
2037,0.013729421283181,0.166070149796371,1,0,-0.540197862488177,0,0
2038,0.819786972253497,1.14284223346688,1,0,0.560410664246789,0,1
2039,0.252363606630016,1.85805173931156,1,1,1.02666770357128,1,1
2040,1.26316982627214,1.42811312265089,2,0,1.13043749164498,0,1
2041,2.42419506864178,2.46535482757646,2,1,0.679739139928626,1,1
2042,0.56842566623042,0.574076700780075,1,0,-1.23471342813355,0,0
2043,0.0319105615566699,0.639327040905026,1,0,-0.434628279122616,0,0
2044,0.226731477822695,0.494217253895396,1,1,-0.929639402889466,1,0
2045,0.56080525689241,1.92527896253064,2,0,1.56931339001211,0,1
2046,0.835558820676155,2.26616888595867,2,0,0.0386717872380458,0,1
2047,0.108434618968103,3.43059523426115,1,0,-3.06450154694765,0,0
2048,0.195893535597457,1.06007358680169,0,0,0.204112585206849,0,1
2049,0.992240564230098,3.04950579379996,0,0,-0.671642341424987,0,0
2050,1.13736603714825,1.23504288366348,1,1,-0.343938171375001,1,0
2051,0.584248043564737,0.596167099712446,2,0,1.18647876874791,0,1
2052,0.25664560082886,4.5504638691296,2,0,0.238459490432439,0,1
2053,0.453552311389811,3.90562696159085,2,1,0.0513875160691514,1,1
2054,0.0100532826019659,0.748076801283949,1,0,0.252599354435209,0,1
2055,0.631029289240824,0.859774461691776,2,1,0.822955341020304,1,1
2056,0.193576045437819,1.53446185411045,1,1,0.141707810706533,1,1
2057,0.544354141068955,0.638591817908309,1,0,1.42745873252817,0,1
2058,0.643427002554139,0.667106576778047,1,1,-1.0238842560977,1,0
2059,0.645312316094836,1.708552426414,2,0,0.0065289648554009,0,1
2060,2.56549793178079,2.73751207627356,0,1,-0.410892587520907,1,0
2061,0.236556981690228,2.08346432385345,0,0,0.0849015592032831,0,1
2062,1.47327592384783,1.80166326238967,1,0,0.324023568492216,0,1
2063,0.110106090636796,0.560718666141232,0,0,-1.73195577690289,0,0
2064,1.36928031630286,3.00070250798982,1,0,0.266721787353289,0,1
2065,0.363138620224264,1.46627654491846,2,0,-0.186783907581076,0,0
2066,0.113883851690754,4.1584694707999,1,1,-2.45627903540498,1,0
2067,0.318387696289364,0.720106180475319,2,0,-0.573130816909122,0,0
2068,0.137807222393652,0.879506105589153,1,1,-0.823890473140996,1,0
2069,0.0242527957177824,0.0813234168815911,1,1,-0.392865132034785,1,0
2070,0.556682705775731,0.779137546289647,2,0,1.16592814245993,0,1
2071,0.000957719364663285,1.32319301995791,1,1,-0.277086026521357,1,0
2072,1.13324719789376,2.24888941636576,1,1,0.741008925601034,1,1
2073,0.670740631305509,1.29789376442691,2,0,0.967101766193803,0,1
2074,1.21164027605218,2.31736032387583,2,0,0.476241552056512,0,1
2075,0.200160573133164,0.283933217089487,1,1,-0.935308037775368,1,0
2076,0.932154275637216,5.88054337593177,2,0,-1.07782357756149,0,0
2077,3.69060928716749,3.76164375538695,2,0,-0.406897125076764,0,0
2078,0.705570351953308,1.42983583284752,1,1,1.60619786348804,1,1
2079,0.44788780880885,0.573823313274841,1,0,-0.329765969224599,0,0
2080,0.434883624936144,1.67529741718777,2,1,0.859906447856699,1,1
2081,0.108796188317241,0.59631364918528,1,1,-0.561483959636174,1,0
2082,0.258859047769672,1.66338961110083,2,0,-1.19952433949602,0,0
2083,1.29793521943491,1.68840432089823,2,0,-0.338435602054768,0,0
2084,0.91467338195577,0.945668952522312,1,1,0.322061357920759,1,1
2085,0.0171333139583002,0.173888770413188,1,1,0.242942033035218,1,1
2086,1.09650746086705,1.1460715365422,0,1,0.685813989036935,1,1
2087,0.0209526060562995,0.716432872684412,1,1,1.58180101113925,1,1
2088,0.256386063992977,0.284402441858485,1,1,0.279560020220706,1,1
2089,0.403847039586487,0.783080521334604,2,1,-0.512273614454866,1,0
2090,0.145485536712739,1.70354060277802,1,0,-0.71068230761753,0,0
2091,0.632173117353684,1.18284090976584,2,1,2.03320282509669,1,1
2092,0.628918409864936,2.60034234974697,0,1,-0.143756478662767,1,0
2093,0.720527698285878,0.838786145506329,1,1,-1.93299035645654,1,0
2094,0.122293367361029,0.774898460166144,1,1,0.13464000783531,1,1
2095,0.2073303704149,0.82562091159138,2,1,-0.360662276714301,1,0
2096,0.976921751710812,2.9397947806865,0,0,0.279580967196783,0,1
2097,0.542441856943899,1.7853685758461,2,0,1.24401498441944,0,1
2098,2.83087029418254,3.19195649642523,0,0,0.750764237022019,0,1
2099,0.102969860244128,1.2962347920984,0,0,0.273513482914144,0,1
2100,0.70068021874047,0.778917962064346,0,0,2.19650459332408,0,1
2101,1.59050403567423,2.42170975024844,1,0,0.34332747868985,0,1
2102,0.542089969126715,5.87945681147698,2,0,0.0215879041083151,0,1
2103,1.91168003395799,2.20504654569909,1,0,0.987250943996885,0,1
2104,0.435580893212722,2.15082203969359,0,1,0.968184712869173,1,1
2105,0.712938179882864,2.63857008413788,2,0,-0.528358032699615,0,0
2106,0.527998927053521,0.842919936245318,1,0,-0.28023955490724,0,0
2107,0.0476128209589256,0.550713667503192,1,0,-1.15917732436564,0,0
2108,0.560730041729079,2.00668272251884,0,0,0.303587081540836,0,1
2109,0.374046597215864,0.393635122999241,2,1,0.674400428424613,1,1
2110,0.874996031070431,3.02794644298653,0,0,-0.818453021035169,0,0
2111,0.030300731962096,0.238811060734102,1,1,-0.243785557448076,1,0
2112,0.25823757932004,0.508609081739304,1,1,1.55660760729935,1,1
2113,0.0228610950418645,0.0259441913415988,0,0,0.217071678216556,0,1
2114,0.300773544133537,0.950648138124347,2,0,2.24617457755184,0,1
2115,0.791263929004153,1.0285873725878,2,0,1.01428222255515,0,1
2116,0.067698050600787,0.37561631676417,1,1,0.775350549305317,1,1
2117,1.27945417286646,1.78866236984855,1,0,-0.737092492043761,0,0
2118,1.0331009535172,6,0,0,-0.642983548535252,0,0
2119,0.723479403079384,0.866298625583259,1,0,-2.04824800855158,0,0
2120,0.533574088476598,5.37009711419953,2,0,-1.65373359632923,0,0
2121,0.714940483578377,1.18134493739665,1,0,-0.517754377326833,0,0
2122,0.144690110658606,2.56582811281709,0,0,-0.572299794583392,0,0
2123,0.167378978286352,1.93598439657206,2,0,0.528134099881216,0,1
2124,1.63056449105001,3.33879214378705,2,1,-0.712393897285343,1,0
2125,0.568907804166277,1.07389293261342,1,1,-0.633016321085808,1,0
2126,0.822509675136553,1.73217651005559,1,1,-0.671000463644176,1,0
2127,0.135208470551174,0.428867635328415,1,0,-0.181610561222386,0,0
2128,1.65091232697768,2.03564404902265,2,0,0.291533455732126,0,1
2129,0.796326660202598,0.810780865505321,1,0,-0.255614011410147,0,0
2130,0.534705598321226,1.04848058177455,2,0,0.170961280082865,0,1
2131,0.778425431586337,1.77094831357722,2,1,1.43362078391292,1,1
2132,0.00331748468951801,2.08373181122464,2,0,0.734580351540234,0,1
2133,0.206188269806504,2.57747887012859,0,0,-0.780157133669219,0,0
2134,0.129905763185687,0.77209906439845,2,1,0.487579581600405,1,1
2135,0.391378506707648,1.04902804972716,1,0,-1.47849873681256,0,0
2136,0.202182750743437,1.13541291095316,0,0,1.18892527468742,0,1
2137,0.170868156309008,0.488889256811881,1,0,1.37003723610655,0,1
2138,1.35472701754306,3.88548074170115,2,0,0.104638475383042,0,1
2139,0.041212214414314,1.14307245361609,2,1,-0.0263768591260151,1,0
2140,1.62168172857621,2.13466948694517,2,0,-0.451297622157408,0,0
2141,0.244204257614911,0.300950676140917,2,1,0.165183027901596,1,1
2142,0.0934785997702016,0.848058736382247,1,1,-1.24032401413356,1,0
2143,1.14372699413334,1.17667738316027,1,1,1.42858868378301,1,1
2144,0.36976665413628,0.839400654658675,0,1,-0.535285453593769,1,0
2145,0.477797793745351,2.68416879230452,2,1,0.328631755556611,1,1
2146,0.103341160058193,1.20909992858577,1,0,0.844542745977435,0,1
2147,2.47828942399128,2.56440356994669,0,0,1.15768296673363,0,1
2148,0.0476127314969344,0.336769319962935,2,0,-0.877541058536539,0,0
2149,0.183376290300134,0.67465034513956,2,0,0.8285811952038,0,1
2150,0.0508052627914928,0.698287195011211,2,0,-0.479077874582526,0,0
2151,0.135042666438873,0.159440155756453,1,0,-0.380561060359032,0,0
2152,0.530958229468928,0.954685886072742,1,0,-0.616174254130497,0,0
2153,0.466116144218379,0.73247667230846,1,0,-1.02203934354976,0,0
2154,0.305091693686942,0.429459505102341,1,1,0.165182421970159,1,1
2155,0.548686868925061,4.1580037528918,2,0,0.132126904982965,0,1
2156,0.3750343936392,1.29846206293947,2,0,1.35815772276602,0,1
2157,0.5575614877873,2.79732687595081,1,1,-0.652836854706548,1,0
2158,0.444023638135857,3.19223071448505,0,0,0.897447146518291,0,1
2159,0.00689706761879355,0.612910385756927,1,1,-1.24521532194958,1,0
2160,0.954372178095593,4.18742719155874,2,0,-0.183358291752416,0,0
2161,0.335430303174588,4.48963101161655,1,1,-0.141609398215253,1,0
2162,0.259272049491604,0.873009883709393,2,0,0.150816706036856,0,1
2163,0.23644212615682,0.903312599850661,1,1,0.237073399239578,1,1
2164,0.0159844792344504,0.122108903498553,1,1,0.0221445338956313,1,1
2165,0.395544902352928,0.773495125020165,1,0,-0.264071292309295,0,0
2166,0.794992502732092,2.19131564936668,2,0,-1.13203526422093,0,0
2167,1.48506979581388,2.51785506177952,1,0,-0.679618119398969,0,0
2168,0.0803008126833128,0.474105100053333,2,1,0.57402371363846,1,1
2169,0.0055531024730281,0.331528345879019,1,0,-1.87346564591978,0,0
2170,0.102025516524755,2.92352338942389,0,0,0.534204270089455,0,1
2171,0.294725898032387,1.08822836606021,1,1,0.043388089158279,1,1
2172,0.0607383598760622,1.01071790763363,1,1,-1.15768464526132,1,0
2173,0.0166536926241596,0.266989016990187,0,1,-0.701450986121654,1,0
2174,0.143710358792709,1.80735747919223,1,1,-0.900069036974452,1,0
2175,0.797831913823565,1.72786828558258,2,0,-0.30919012183957,0,0
2176,0.432559537360485,1.11602222193203,2,0,-0.261054628013181,0,0
2177,0.636100778873596,2.72442905813288,1,1,0.140374839586525,1,1
2178,1.74921130338248,2.41947111888548,1,1,0.0460439625885697,1,1
2179,0.895137255649035,1.41363270969513,2,0,-1.26288758970894,0,0
2180,0.0193110800953683,0.0719039300005935,2,0,3.21244383403243,0,1
2181,0.193162793293595,1.77716326565806,2,0,-0.336919483511849,0,0
2182,0.650821348341803,1.44688419794214,1,0,-1.19080531102767,0,0
2183,0.217197435494098,0.911837566454031,1,0,-0.456373753147194,0,0
2184,0.11740588531312,0.448647035390795,1,1,-0.283334087467254,1,0
2185,0.86002870768608,3.40351523243505,2,0,0.38785240741002,0,1
2186,0.161391342901609,2.79555045114228,2,0,0.180803944913003,0,1
2187,0.551791306481593,1.74991288139041,2,0,-1.73174982899512,0,0
2188,0.126022302039537,1.0018719577541,0,1,0.987786863560218,1,1
2189,1.54207825237449,2.0268710471844,0,0,-0.496963162992933,0,0
2190,0.520020865267826,0.831147666245253,1,1,-1.67247908844137,1,0
2191,0.676541896536946,1.28542666037284,1,1,-0.370992056512641,1,0
2192,2.05060551347603,2.72908366735518,1,1,-1.85277432971314,1,0
2193,0.736495382669899,0.7829127585672,2,0,1.24359356944407,0,1
2194,0.661621612703635,1.76030869906147,0,0,-1.43625145016303,0,0
2195,0.65308740724706,0.738330408930779,0,1,-0.436839427977281,1,0
2196,0.150152790755051,0.170461962330741,2,1,1.23333963557958,1,1
2197,0.195108218015068,1.15053603177917,2,0,1.13753107989057,0,1
2198,0.238648484357529,0.825643579786023,0,0,0.39725237674684,0,1
2199,0.525406632972911,0.554405109039216,1,0,-0.995816794247568,0,0
2200,0.137429776632699,0.266265672214341,2,0,0.294572953218047,0,1
2201,0.347063765447173,1.84481761964074,1,0,-1.62068453458132,0,0
2202,0.249535898034366,0.820209275244787,2,0,1.3474892317079,0,1
2203,1.05337091262461,1.24195866302833,1,0,0.457269084696976,0,1
2204,0.482870845418415,1.39646572340189,2,0,-0.0816389217217282,0,0
2205,0.176881214396821,0.388887060425156,1,1,-0.432923392813185,1,0
2206,0.142537442892449,0.957478294664228,1,1,-0.208529980757985,1,0
2207,0.122592005775207,2.40103840532923,2,0,-0.674989005213092,0,0
2208,0.849221247305155,4.72611609074643,2,1,-0.217546365605771,1,0
2209,0.493198247729904,0.949923410911203,0,1,0.599276526101974,1,1
2210,0.620779055170715,1.31528254965579,2,0,-0.364709447349488,0,0
2211,1.00934394459913,1.63225805542106,1,0,-0.523812592576723,0,0
2212,0.0858044381149941,0.336153731898769,1,0,-0.48527336155464,0,0
2213,0.0292094750862289,0.565176266231728,2,0,0.133310217804353,0,1
2214,0.0130274462410145,0.787417907738088,1,0,-0.0481684836733053,0,0
2215,0.0114196199583595,0.0436232269123062,2,0,1.38035911183593,0,1
2216,0.322744433457653,0.698170031986162,1,1,-0.823501487527233,1,0
2217,0.155153808547048,0.2990213834375,1,0,0.111183848622341,0,1
2218,0.233311638776542,1.39608655132392,2,0,-0.315708994374691,0,0
2219,0.137284908575797,2.59981371531833,2,0,-0.494505079743542,0,0
2220,0.104767679652803,2.18852709251478,1,1,-0.698781008335668,1,0
2221,0.674449257656104,0.897153300832369,1,1,0.49694164073268,1,1
2222,0.201248580451278,0.410566960513264,1,1,1.49595073188115,1,1
2223,0.564226320841246,0.6922799935027,1,1,0.210552221429855,1,1
2224,0.210028566523559,1.42845883029891,2,0,0.861201088999319,0,1
2225,0.215739283917679,1.588027766519,1,1,-0.182174176098974,1,0
2226,0.526393033667571,1.70138314649805,1,1,-1.046257471972,1,0
2227,0.0826422108577285,1.38112894763049,2,0,0.868334037731558,0,1
2228,0.0264282679806153,1.81082513041521,2,0,-0.102125053647863,0,0
2229,0.020185217468275,2.09968913732833,1,0,-0.351041907854504,0,0
2230,2.53318717275299,2.93830395757516,2,0,0.286083012809571,0,1
2231,0.546737801697519,2.82104330716045,1,1,1.30553135053809,1,1
2232,0.102483233308754,3.84558441013961,1,1,-0.771113323997361,1,0
2233,0.134009702510237,0.234220592803814,1,1,-0.0841911718453382,1,0
2234,0.786934695677307,3.26693789922239,2,0,0.340730073862531,0,1
2235,0.451180727428032,1.1918971616352,1,1,0.369021479648057,1,1
2236,0.481287317040066,1.24979883373304,2,0,-1.46844648045451,0,0
2237,0.50502425007936,0.684023577099045,0,0,-0.307036374342087,0,0
2238,0.126991033967998,0.182446672891577,0,1,-0.893393587272906,1,0
2239,0.195373314846721,1.16120195153444,2,0,0.634530598712313,0,1
2240,1.98059179914265,3.52481560574036,2,1,1.22539475141864,1,1
2241,0.238951068475015,0.37697180484732,0,0,-0.308593256425149,0,0
2242,0.142023770345582,2.68615450061038,1,0,0.0310900879265577,0,1
2243,1.08694433229964,2.40991652360696,1,0,-0.0106569141830368,0,0
2244,0.18367269438588,2.20708782829672,2,0,0.583078344691332,0,1
2245,0.155729640087975,1.81447034608193,1,1,0.286458204960547,1,1
2246,1.13250353782841,1.86091777558128,0,1,-0.322540026876714,1,0
2247,0.924972253287514,1.36576847550491,2,1,1.01856396690559,1,1
2248,0.598968828821348,0.867161564434309,2,1,0.128598728843569,1,1
2249,0.139837320376601,0.706904931453022,0,0,0.831962034882791,0,1
2250,0.199519857867724,0.382790653645994,2,1,0.793352027208545,1,1
2251,0.345845617880166,0.610060389074395,1,1,-0.234824454800504,1,0
2252,0.168013881581525,2.76412649625327,2,0,-0.912185177369661,0,0
2253,0.326022236711449,3.21882018340153,2,0,0.524215586035906,0,1
2254,0.387924807146192,1.27296200629779,2,0,0.310734276305779,0,1
2255,0.666730791951219,1.45000797777117,1,0,-1.02125075704537,0,0
2256,0.352032310846779,1.47731840816955,1,0,-0.268064676044777,0,0
2257,0.169851459148857,0.825858768075705,0,1,0.0855228311523397,1,1
2258,2.42206411840371,2.51565346022339,1,1,1.62569715302439,1,1
2259,0.152540593115089,0.286187349158569,1,1,0.363657093691616,1,1
2260,0.332401600575167,2.79407392876844,0,0,0.102713476734051,0,1
2261,0.251574678760436,1.17823236192418,1,0,-1.08065561781456,0,0
2262,0.590766901667747,1.41420976561378,1,0,0.711527189598307,0,1
2263,0.0453858538013366,0.208817638447257,2,1,1.09739411493675,1,1
2264,1.67821529415517,2.68600086745776,0,0,-1.10626933807171,0,0
2265,0.203160964504074,1.06214855123426,1,0,0.280033995201746,0,1
2266,2.09761694478263,2.60777273574142,1,0,0.268504774436745,0,1
2267,0.171448534270174,2.27486490222829,1,0,-0.806937497410741,0,0
2268,0.333452285393355,2.28016224594572,2,0,0.661396409265927,0,1
2269,0.0852399836311507,0.969560154196044,1,1,-1.30197612477937,1,0
2270,0.71935971112301,1.37303783583888,1,0,-0.847441215756954,0,0
2271,0.570203384325806,1.35528402218698,0,1,-0.0847243960747888,1,0
2272,0.351271554895441,1.19523714386057,2,0,0.225022690506459,0,1
2273,1.28713455667398,2.60315819298196,1,0,-0.298660629488935,0,0
2274,1.28351169477148,2.73408608611808,2,1,-0.941551209959549,1,0
2275,0.648313947539363,1.44324019469735,1,0,2.09390453909849,0,1
2276,0.0819337731815822,0.567733700788693,2,1,0.0376150019051492,1,1
2277,0.419970867224038,0.75921748933457,1,0,-0.240654551441699,0,0
2278,0.260068908230298,0.738623123772878,1,1,0.0569242550326542,1,1
2279,0.139258251421981,0.64327395560677,1,0,-0.78325368455672,0,0
2280,1.52971756861089,4.42111784900243,2,1,1.3496323980671,1,1
2281,1.05905517724125,1.63800536805445,2,0,1.52891506968058,0,1
2282,0.152725352284809,0.35313079791077,1,1,-0.143445401051452,1,0
2283,0.775474678264406,1.36420031686106,2,0,-0.109960678930699,0,0
2284,0.249002173336016,1.60888485437837,2,0,0.347695912170962,0,1
2285,0.362457309105488,1.87022661282365,2,0,0.330051868725947,0,1
2286,1.1111857596732,2.41992961274169,2,0,2.16878490914638,0,1
2287,0.0435042722771565,1.4846828255577,1,0,0.609444733502232,0,1
2288,0.0211803456002335,1.2136423556755,0,1,-0.385286338154173,1,0
2289,0.125195605076419,2.09450692250394,2,0,0.111959903632191,0,1
2290,0.399646117972831,0.497968030605398,1,1,-0.925434391325352,1,0
2291,0.0523293597830666,1.09420161219174,2,0,0.00720500801001852,0,1
2292,0.310237952508032,3.86120795322437,0,1,-0.0661036865582216,1,0
2293,1.0797518348876,1.91297721541848,2,0,0.20556899472867,0,1
2294,0.705965564379262,0.967860945740293,1,0,0.999235516101668,0,1
2295,0.286114437486144,1.42127098250175,1,0,-0.628407617836904,0,0
2296,1.43986481133734,2.30113391378538,1,0,0.952683124703725,0,1
2297,0.27873777732667,0.691059051414147,1,1,-0.389148736038204,1,0
2298,0.36004603943891,0.827025439970763,1,1,-0.78716690843342,1,0
2299,0.241287258076236,1.56065859893929,1,1,1.47262411169074,1,1
2300,0.852211481948376,1.09551134428427,2,0,0.0881135336315056,0,1
2301,0.729238995247417,1.2737699785296,2,1,0.0692565702419198,1,1
2302,0.545572911182212,1.37176936302846,1,1,0.604981604250707,1,1
2303,0.897396054903824,3.40517382633845,2,0,-0.950546810876957,0,0
2304,1.15765330934644,1.27199623527011,2,0,-0.987951369814342,0,0
2305,0.0684826541692019,0.869684219360352,0,0,-0.132366920754865,0,0
2306,0.47085128985843,0.473456864533803,2,1,0.594969962390463,1,1
2307,0.0662937480956316,3.66195171672096,1,1,-0.247293895469736,1,0
2308,0.155978750230538,0.827758185664423,1,1,-0.761864172458531,1,0
2309,0.477386009720815,0.727753429573464,2,1,0.372540610986886,1,1
2310,0.133313877142504,1.22068650089204,0,1,0.157778016264846,1,1
2311,0.0597669467381101,2.4023212586794,2,0,0.930113370581132,0,1
2312,0.161176296985812,0.311552868156783,2,0,0.6795144199872,0,1
2313,0.843778364313656,1.95348663255572,0,0,-0.054997955421758,0,0
2314,0.0396868110530906,0.331447109960807,1,1,1.35834839187226,1,1
2315,0.487366315080888,6,0,0,-0.570802671895473,0,0
2316,0.43902363628149,0.677720462374744,1,1,0.478542719749751,1,1
2317,0.0999952743186191,0.489604286849499,0,0,0.520587552632971,0,1
2318,0.539636443783012,0.791881543357579,1,0,-0.574561280231888,0,0
2319,0.620532400595645,4.02864624435703,0,1,-1.08950079164256,1,0
2320,0.311325294379559,0.660390863105252,2,1,-0.743730905269097,1,0
2321,0.165360056116047,1.30139352677455,0,0,-0.566060522729821,0,0
2322,1.06964550390311,1.58982435557997,2,0,1.04449153167581,0,1
2323,0.0260985197706355,0.124937688001842,2,1,0.0443670958971057,1,1
2324,0.27932478994545,1.24785871086047,1,0,0.162938660292222,0,1
2325,0.307763907023602,0.71326768545858,2,1,1.14135467154698,1,1
2326,0.0229532876983285,0.103840399697918,2,1,1.64593443640367,1,1
2327,0.465059189206701,0.469879005773833,1,0,0.586123288208484,0,1
2328,0.0449886649019188,0.3897497394062,2,0,0.663345733236465,0,1
2329,0.650272804519369,0.678132676209013,0,0,-0.486447119930116,0,0
2330,0.730149020026955,1.04555457846118,2,0,-0.128645155292041,0,0
2331,0.498563667887109,0.873992125528796,1,1,1.14719600204826,1,1
2332,0.17927810911917,0.939490708636264,2,0,0.53631052158442,0,1
2333,0.112862951358456,0.328562666018388,1,1,1.21848201093132,1,1
2334,0.158321670153075,6,0,0,-0.048920966060089,0,0
2335,0.413019513297412,1.4783817276031,1,1,-1.15704548558378,1,0
2336,0.159536403264823,0.462396507773093,2,1,-0.557249571138118,1,0
2337,0.00822868692220563,1.02282149878514,1,1,-0.0237877160604704,1,0
2338,0.431678574014869,0.703090922682017,1,0,-0.366155618420828,0,0
2339,0.657713574667772,1.01019892921766,2,0,-0.497105833016352,0,0
2340,0.869678139846868,1.305845853671,1,1,-0.264803845136523,1,0
2341,0.0205922359600663,0.698852625922731,1,0,-1.00284758458405,0,0
2342,0.231375484911188,0.546243532250325,0,1,0.635700988375479,1,1
2343,0.371975106601086,0.982820863163711,2,0,-0.19963862454647,0,0
2344,0.112789493675033,0.587265803235326,2,0,-0.423076474979188,0,0
2345,0.279330187994573,1.15314953409576,1,1,-0.0999881687103756,1,0
2346,0.379953587220775,1.70778428698863,1,1,-0.557160704330181,1,0
2347,0.875225882033969,1.36497101904122,1,1,-0.410715104158904,1,0
2348,0.492850558107926,5.95498768259559,2,0,-1.51315365522019,0,0
2349,0.483285078985824,0.986404207457787,1,0,-0.123865501609433,0,0
2350,0.803119109588314,1.21597769633631,2,0,0.151633522996543,0,1
2351,0.0429215287375781,0.498819371708214,2,1,-1.40760662028248,1,0
2352,0.479765796723465,1.71536119315483,1,0,0.45137720922151,0,1
2353,0.522490323831638,1.67946909960205,2,1,0.804155280400494,1,1
2354,0.115370987914503,0.730333430225695,1,1,-0.8965883119862,1,0
2355,0.592260063211951,1.61646500139146,2,0,0.429116881813505,0,1
2356,0.295407302781112,1.24857281487309,1,0,-1.12102356826549,0,0
2357,0.0282768646462096,0.335554244055624,1,0,-0.114344830442661,0,0
2358,0.153485092127489,1.7586725474102,1,1,-0.120813369226657,1,0
2359,0.305707327918046,2.46880300172523,1,1,1.03131894599756,1,1
2360,0.221788060474135,0.245569932196297,1,0,-0.714269668646041,0,0
2361,0.616351099063953,0.706374076837947,1,0,-1.29249255803453,0,0
2362,0.604484165965523,2.31357557401687,1,0,-1.33150923911393,0,0
2363,0.120501617590586,0.168929619241448,2,0,1.02458471740611,0,1
2364,0.545187752383451,0.551408377619442,0,1,0.905859789140592,1,1
2365,0.910051283539377,3.16860888437441,1,0,-0.503816091647081,0,0
2366,0.792646244256969,0.843057280829684,1,0,2.38265140117523,0,1
2367,0.454576892985238,1.41900579354781,1,1,0.84057847894335,1,1
2368,0.956031796993163,1.68083968734284,1,1,-0.885005412281663,1,0
2369,0.212524345972472,0.414059037764852,2,0,1.42021268913111,0,1
2370,0.414882187394832,1.01742997245525,1,1,-0.100933066352762,1,0
2371,0.116897882823246,0.125252358169905,1,1,-0.0319431539754197,1,0
2372,0.0978259571517507,2.26493635822699,2,0,-0.939804933126038,0,0
2373,0.0718050346606308,1.73331456859504,2,1,0.663658141185719,1,1
2374,0.19429135757188,0.752175252230617,1,1,-1.13519728102553,1,0
2375,0.214757109578285,2.07514932705515,1,1,-0.831991038660866,1,0
2376,0.758960367594328,3.73229626139718,2,0,1.32175679345801,0,1
2377,0.596340763279133,1.16045045059694,1,1,-1.57523046173945,1,0
2378,0.0732292870814003,0.450934833271071,1,1,0.559900190436627,1,1
2379,0.638462144157125,1.56325461707967,1,1,0.80625543006117,1,1
2380,0.801034510816468,1.4616449627577,1,0,-1.29340234715975,0,0
2381,0.57055100125985,0.841680438098081,1,1,-0.28533387034554,1,0
2382,0.361883828106026,2.08955271365347,1,1,0.21239061970815,1,1
2383,0.649384497147467,1.43771109114932,2,0,0.47507671604141,0,1
2384,0.0936149500196495,0.407610569755633,1,0,-1.12822802305597,0,0
2385,0.0568979525797662,1.24555806546777,0,1,-0.956324659197386,1,0
2386,0.244778000439207,0.58442242196014,1,1,-0.0244080080452177,1,0
2387,0.902610236577614,1.30989832820326,2,0,0.421297443814144,0,1
2388,0.475099459807906,2.54782132228081,2,0,-0.273983108753595,0,0
2389,0.0512629962520356,0.296233069977384,1,1,-0.981372688267177,1,0
2390,0.506559895972411,0.742965498730093,1,1,-0.921286134349626,1,0
2391,0.104553062042648,1.09443488116395,1,1,-1.86842029149572,1,0
2392,0.0337341076901,0.212744599877897,1,1,0.0108280278276172,1,1
2393,0.168201600683899,0.279718141389415,1,1,0.5358439907421,1,1
2394,0.117716719037606,0.261147991668219,2,0,0.154759037440022,0,1
2395,0.27673885691911,0.516307527764299,1,1,-1.19134122560139,1,0
2396,0.366018359652824,1.80132500474578,2,0,0.43767368042783,0,1
2397,0.878510545478609,1.26289947610264,1,0,0.103464789606612,0,1
2398,0.531258599546485,0.932719430084081,1,0,0.16587590726839,0,1
2399,1.51388950020374,2.57073239517181,1,0,-0.576356204563953,0,0
2400,0.731377174767355,2.72615155352939,2,0,-0.105733448363029,0,0
2401,0.126910379363431,0.218233877684026,1,1,-0.468296603961081,1,0
2402,0.0296174310561683,0.438172612376147,1,1,-0.558299919367394,1,0
2403,0.0980144946111573,2.21151057897987,1,0,-0.105924912998378,0,0
2404,0.119316039361416,2.28646538612743,2,1,0.997099300616405,1,1
2405,0.147963371645245,0.809030966650253,0,1,-0.572111406557921,1,0
2406,0.565682460760905,3.6723304439706,1,1,-0.842178040437028,1,0
2407,5.00893922701619,5.85007847609934,1,0,0.0569703676003136,0,1
2408,1.36690971333419,2.15647548747559,0,0,-0.576428964927434,0,0
2409,0.109756952854599,0.298732756610275,1,1,1.05396464013873,1,1
2410,0.19503246475425,1.25858504888395,1,1,0.114976142781201,1,1
2411,0.516888737264607,0.834168242246577,1,0,-1.3435842729805,0,0
2412,0.280227568517956,3.01947149750976,2,0,-2.32464261502151,0,0
2413,0.0808795463914673,0.953889770352401,1,1,-0.350799650597961,1,0
2414,0.372331977511446,0.390512776206998,1,1,-0.352241432150427,1,0
2415,0.306732372038607,0.646807379848842,1,1,-0.9296956633061,1,0
2416,0.0240945620614277,0.123797321583412,1,0,-0.343508926015711,0,0
2417,0.115833757249004,0.157872446629519,1,1,0.407551028758807,1,1
2418,0.13946078872929,0.750184953944277,2,0,1.9852338947652,0,1
2419,1.17255874379602,1.59863027123113,0,1,-0.195208994677472,1,0
2420,0.504729924206105,0.540234012216079,2,0,-0.62229838242012,0,0
2421,0.0465090821186702,2.59911113108198,0,0,-0.0538159950271014,0,0
2422,1.36281030661829,1.9597378630525,2,0,0.937344712258393,0,1
2423,0.0752347350741426,2.19581298837576,2,0,0.46143038084831,0,1
2424,0.37650093746682,1.42646084230987,2,0,0.687339531732074,0,1
2425,0.213529882021248,1.64928031253156,2,0,-0.739832485998808,0,0
2426,1.97533565253618,2.05291068530579,2,0,-0.441483912332183,0,0
2427,0.0343041386629952,0.252032410519317,1,1,-0.880783597226405,1,0
2428,0.0430945952136603,0.188734419773559,1,0,-0.928644524942452,0,0
2429,0.471340785216954,2.08281193135581,2,0,-0.247304693647729,0,0
2430,0.0889205489484002,1.45379791092675,1,1,0.548866442961544,1,1
2431,0.496386145241559,0.915704253021046,1,0,-1.43380180782318,0,0
2432,0.345061251901766,1.24030080772456,2,0,0.449188043631069,0,1
2433,0.371020787085096,1.31593694801993,2,1,0.991427895827576,1,1
2434,0.668639380277859,1.52011398832586,1,1,-0.151975202381548,1,0
2435,0.22415884770453,0.22445988395426,1,1,-0.567053636616577,1,0
2436,0.13540858961033,1.20226807294004,2,1,1.75250050807023,1,1
2437,0.312692294311192,1.14882635846961,2,0,0.0340370120924632,0,1
2438,0.985598717252096,1.83964102720297,1,0,-1.13152764327389,0,0
2439,1.61508301812691,2.54303043223101,1,0,0.390699364439482,0,1
2440,0.00460482561830169,0.0274933701996495,2,1,0.676939742615641,1,1
2441,0.368517142099639,0.601033344055258,1,0,0.00255777021389827,0,1
2442,0.314859101801978,0.538706377510523,2,1,0.561671054702086,1,1
2443,0.208077190650834,0.240466506260319,1,1,0.555200320505137,1,1
2444,0.0827458855212198,0.525484673637333,0,0,-0.0359573237386431,0,0
2445,0.428578132399905,0.943849948603412,2,0,-0.0971586681023135,0,0
2446,0.306988990244766,1.6247931209023,2,0,-0.571161411897351,0,0
2447,0.094162174500525,4.08390751804422,2,0,1.07649639802674,0,1
2448,0.945595803934349,3.53023389606966,2,0,0.806847583811991,0,1
2449,0.532914809882641,0.928658772308413,2,1,-0.0683781839495002,1,0
2450,0.200536949042645,0.795238544255062,0,1,0.34129257439084,1,1
2451,0.0719037538187371,0.218047654563996,2,1,0.476050014149903,1,1
2452,0.631551724641489,1.21404258867855,2,0,-0.517871399342352,0,0
2453,0.0745933528782593,0.168296854348157,2,0,0.68910173091775,0,1
2454,0.651446749042306,1.33840627464294,0,1,0.569709425262478,1,1
2455,0.436124940924218,1.19296528832379,1,1,0.379165184091209,1,1
2456,0.184938034785235,4.6259087349842,2,0,-1.29649514416872,0,0
2457,0.755173507043057,1.31072368844084,2,0,-0.0820764830703956,0,0
2458,0.0455543511204488,0.470644570955769,1,1,0.849735631486748,1,1
2459,0.465133014755944,0.685557537813802,0,0,0.754385178227464,0,1
2460,0.500771181032673,0.678333478302674,1,0,0.0174494341825785,0,1
2461,0.0624425414328774,1.26447582185591,2,1,1.04363682435757,1,1
2462,0.566638955949909,1.75753272195713,2,1,0.449833548578504,1,1
2463,0.107893976900313,1.10333738344193,2,1,-0.054289594225056,1,0
2464,0.0242267290337218,1.51177251362866,2,0,0.707665903324626,0,1
2465,0.0612957878650634,0.117035671313554,2,0,1.1797734541726,0,1
2466,0.0165274257272575,4.26522409499235,2,1,-1.37666099840123,1,0
2467,0.288171081079377,1.01569421780485,2,0,-0.821260150457212,0,0
2468,0.521315094083548,0.582372943425163,2,0,0.5062056521372,0,1
2469,0.348152987555497,2.28749736725514,2,0,0.245623198493488,0,1
2470,0.852083975764802,1.10023402583662,1,1,-0.074630382272312,1,0
2471,1.83166176647793,1.92874437467525,2,1,-0.36948308858823,1,0
2472,0.180739368713389,1.22930710292768,1,1,-0.996456096767609,1,0
2473,1.69331573354472,6,0,0,-0.188072475603905,0,0
2474,0.00464578267102172,0.0613855091530202,1,0,-1.07580961448402,0,0
2475,0.0146635181994902,1.80513152893219,1,1,1.21042242718931,1,1
2476,0.172889353014531,0.48606196810705,1,0,0.0906942604587577,0,1
2477,1.33540459800397,1.72161199015823,1,0,-0.5668712481895,0,0
2478,0.256402592646672,0.751626178274972,1,1,0.142343941293608,1,1
2479,0.025457803470393,0.341963302984454,1,0,-0.858111784504576,0,0
2480,0.0822390003696949,1.09437078872236,1,1,0.781621163781218,1,1
2481,0.458576654394468,0.793320194268726,2,1,1.20826445824521,1,1
2482,0.13572988876452,1.46736656708053,0,1,-0.310069234961056,1,0
2483,0.255095828841958,0.712028202835051,2,0,0.967486184345506,0,1
2484,0.485306754190889,1.55030158348382,0,0,-0.350476402666967,0,0
2485,0.0605625019598832,1.09571166778013,1,1,0.56625197797261,1,1
2486,0.136148528092437,1.09830333551613,2,1,-0.558541154182841,1,0
2487,0.41089859428919,1.19721625288535,2,0,-0.977112915066593,0,0
2488,0.0735724872968645,2.0375873670508,2,0,0.566660888491475,0,1
2489,0.251956279187566,0.681859261073058,1,1,-0.252827262604997,1,0
2490,0.696982902267741,1.03436599849891,1,1,0.210868647527598,1,1
2491,0.00451122876256704,0.239587917583076,0,1,-0.853644367275738,1,0
2492,1.02689728757045,2.83320560430487,0,1,0.237472039457239,1,1
2493,1.21947788111337,2.68586550772038,0,0,-1.50268013697328,0,0
2494,1.11875269971259,1.62049351523427,2,1,-0.342533438072052,1,0
2495,0.162594347881774,2.38348073756984,1,0,-0.543444601833053,0,0
2496,0.0904432973927922,0.481221383855246,2,1,1.44007937339135,1,1
2497,0.889925384433415,1.4518496597835,2,0,0.279797500361022,0,1
2498,0.304177777531246,1.11228876223305,2,1,0.519146670380275,1,1
2499,0.736411269754171,2.68080812443716,2,0,0.641545545506844,0,1
2500,0.51243265408638,0.518009233317708,1,1,-1.96104613142554,1,0
2501,0.115972187163101,1.62806915758986,1,1,-0.812733801308543,1,0
2502,0.0287927965858547,0.0766051291202415,1,1,-1.49748315595118,1,0
2503,0.0892511398221056,0.133423528489528,2,0,1.45334362543419,0,1
2504,1.29195435071456,3.02461155765936,1,0,0.164472557189405,0,1
2505,0.0605142282115089,0.368117053325731,2,0,0.439227579916185,0,1
2506,0.145067370807131,0.698848921719514,2,0,1.45838249874272,0,1
2507,0.495014404360619,0.865237206841509,0,0,-2.25106797757952,0,0
2508,0.722938930201862,0.812899705170157,2,0,0.0799462110849658,0,1
2509,0.0401312191715065,0.301583500705917,1,0,-1.41654349801889,0,0
2510,0.687677394598722,0.868248276867167,1,0,1.44548230319502,0,1
2511,0.549029841398199,1.44819055407611,0,0,-1.03113920553073,0,0
2512,0.383754391227027,0.492374911242784,1,1,-0.910728951787919,1,0
2513,0.0578262355141394,0.157573252799878,1,1,-0.875064415301717,1,0
2514,1.12869227300387,2.09973271635958,2,0,-0.749229993769592,0,0
2515,1.19588303064606,1.90765381501735,1,1,-0.645475628735876,1,0
2516,0.136259590379066,1.43539825383611,1,0,-0.793599118212506,0,0
2517,0.0839849716673295,0.328793101864581,2,1,1.55002750159132,1,1
2518,0.034127957187593,0.802689365421732,0,0,-1.83649593325162,0,0
2519,0.877591289740152,1.282463117018,1,1,-1.13922938110985,1,0
2520,0.388670464874142,0.431079497731041,1,0,-0.894392217645488,0,0
2521,0.482920019163026,2.4451460223645,0,0,-0.975804366953216,0,0
2522,0.308378291730252,2.08678893086148,1,1,1.52611649917686,1,1
2523,1.31568768574431,3.06438174688921,2,0,0.0257267968625837,0,1
2524,1.00531734831931,1.09652744916578,0,0,1.95099202873059,0,1
2525,0.00665889806705125,2.58033064709198,2,0,-0.319143891711783,0,0
2526,0.378743771774073,0.418227630882476,2,1,2.51912550902512,1,1
2527,0.171886175974376,2.06773580724722,1,1,-0.890286916900197,1,0
2528,0.393955417805248,0.734163525537624,1,1,1.17027788779155,1,1
2529,1.10984791750889,1.1649541956703,1,0,-0.737662028240162,0,0
2530,0.801343946231691,1.01107183470714,1,1,-1.6205784681298,1,0
2531,0.364623978320095,2.13964638728637,2,0,-0.256488224443624,0,0
2532,0.473115479884048,1.32390171289444,0,0,0.00034678359976858,0,1
2533,0.717017078358266,3.28922416065415,2,0,-0.454024647782194,0,0
2534,0.137812653039065,0.844252035421096,1,0,0.930400828952141,0,1
2535,1.066143409817,2.54633135704468,1,1,-0.259631909086802,1,0
2536,0.386332227434549,1.39718874571611,1,1,0.488928159217509,1,1
2537,0.407510947746535,2.41936549276063,2,1,-1.33746531136718,1,0
2538,1.75463923554224,2.81441495885237,2,1,0.0367428390561774,1,1
2539,0.688320314511657,1.01888815670511,0,0,1.14715887108251,0,1
2540,0.496911663148138,0.854556625654168,2,0,1.62940232397272,0,1
2541,0.020904953384565,0.0358696609553423,2,1,0.384508862347715,1,1
2542,0.0307681121759945,1.23718313415493,1,1,-1.14850238399073,1,0
2543,0.0916972714993689,1.6488123840342,0,1,-0.276965396021583,1,0
2544,1.92940119418654,2.02481048638212,2,0,-0.554797210797635,0,0
2545,0.393937690617038,3.74992364115251,1,0,2.0421892417736,0,1
2546,0.207373822314381,0.646886090198729,2,1,0.867479384660584,1,1
2547,1.03421925251982,1.55785338642697,0,0,0.262722507797293,0,1
2548,0.707629992005726,0.989192268718706,1,0,1.73094968007221,0,1
2549,1.12237344961776,1.13470641797849,1,1,0.28714608824152,1,1
2550,0.265449283437596,0.651843091198523,1,0,-0.285019970323277,0,0
2551,0.156448318596331,1.15556009548481,1,1,0.120068021664075,1,1
2552,0.268057871530057,5.01489335034461,2,0,-0.0169575251520026,0,0
2553,2.12385148421529,4.07501491576589,2,0,-0.779909685818977,0,0
2554,0.104652389159633,1.60754450001049,1,1,-1.25196293282512,1,0
2555,0.0459241195800502,0.0695255044854815,1,1,-1.44006197752774,1,0
2556,0.0128268517760767,1.49237450250792,2,0,-0.164630908720489,0,0
2557,0.0291597051545978,1.85759187891498,0,1,0.371250913694,1,1
2558,0.171330842292971,0.200725000375746,1,0,0.408184565336428,0,1
2559,0.0257021677582418,0.395191101911623,2,0,1.1472710860234,0,1
2560,0.864873605009265,3.34673073147778,2,0,0.921501351203785,0,1
2561,0.409421722611619,2.64583560352053,2,1,1.82059775681712,1,1
2562,0.22208433236099,1.6956205502286,1,1,0.290359550855437,1,1
2563,0.0245717576601439,1.90103188696227,2,0,0.228799055878106,0,1
2564,0.259599422544447,1.56824698764855,2,1,0.279158947470808,1,1
2565,0.497214921957089,2.00776136090933,2,0,0.682751097800889,0,1
2566,0.967498507510967,2.18328133608595,2,0,0.602596616657481,0,1
2567,0.0550103866306358,0.175444088142519,2,1,-0.223773648760945,1,0
2568,0.546355284750462,0.995293264670344,2,0,1.16395740702241,0,1
2569,0.322451189470788,2.6426578857908,2,0,0.0875676656222281,0,1
2570,0.720086843292746,1.14700238316315,2,0,1.01021468101967,0,1
2571,2.07031551950702,2.79163363283774,1,0,-1.08660912547775,0,0
2572,0.0735631746129217,4.24534042858869,0,0,-0.663070443555491,0,0
2573,0.0458989975353082,0.18086271154946,2,1,0.646062582850172,1,1
2574,0.467650375535919,1.47856208449322,1,0,-2.15142339510138,0,0
2575,0.422710055071447,0.713895618294676,0,1,-0.528724558951246,1,0
2576,0.353139931749966,2.18022260896011,2,0,0.42771797450644,0,1
2577,0.0529103038004703,0.309994630043836,1,1,-0.393839365431188,1,0
2578,0.162550749567648,0.715383838916637,2,1,0.550337373251411,1,1
2579,0.00472744254188405,1.15096383882733,1,1,-1.81356303117241,1,0
2580,0.291252689849999,0.591591886983578,1,0,0.263246878272102,0,1
2581,0.339732400701467,3.66127118352681,2,0,0.331990960645323,0,1
2582,3.73770799055237,4.31465350874349,2,0,0.228219967316729,0,1
2583,0.0781456717393465,1.40201948437185,1,1,0.312899116274585,1,1
2584,0.160174628030855,1.26313473910739,2,0,0.222503517432578,0,1
2585,0.00410880980742442,1.36820966683031,1,0,0.326160260368005,0,1
2586,0.247224089689553,1.13552838528058,2,0,0.876614980667114,0,1
2587,0.0702227365442028,0.135296557116555,1,1,-1.17431553029922,1,0
2588,0.00638488317943282,1.21987832739217,1,1,-1.41609897083741,1,0
2589,0.459402035404411,2.38763468722605,1,1,-1.64479143932099,1,0
2590,0.532543158883022,1.34294894090264,1,0,1.84296872292833,0,1
2591,0.72088874100397,3.96667962950831,2,0,-0.770076548597775,0,0
2592,0.105035166747219,0.677738400797049,0,1,-1.37248005397795,1,0
2593,0.226616786081848,2.53624829463661,0,0,0.524727899422023,0,1
2594,0.125797640842696,2.80402065254748,0,0,2.15438225428962,0,1
2595,0.104530895150754,0.299584679985841,1,1,-0.407119038577435,1,0
2596,0.348351237157153,0.684329543348712,1,0,0.109760811820414,0,1
2597,0.00348140758012862,0.536429300948493,2,1,-0.419959434652191,1,0
2598,0.459398090218504,0.786492851415324,1,1,-0.321016283970268,1,0
2599,0.291504012938175,0.375916078328229,1,1,0.709899851164825,1,1
2600,0.574065334847136,0.886671409241949,2,0,-0.247074497876807,0,0
2601,0.232835610707601,0.572735928323788,0,1,0.0896906272806031,1,1
2602,0.172845383066297,1.79474856083592,0,1,-0.492086639870108,1,0
2603,0.158730717375875,1.59722906374561,0,0,-0.264575171019681,0,0
2604,0.43513469139321,1.02390010262051,1,0,-0.931132621023713,0,0
2605,0.905971173150354,2.08238603902278,1,0,0.0238791543858678,0,1
2606,0.747797984319429,2.35326483170807,2,1,0.219433122794003,1,1
2607,0.0318041288604339,0.379118934007898,1,1,-0.554847812199544,1,0
2608,0.144240171648562,1.1822605989195,2,0,1.00187435884533,0,1
2609,0.133192461326564,2.61030540863135,1,1,-0.469057464805039,1,0
2610,0.374085124411603,0.89390101953931,0,0,0.412318722840431,0,1
2611,0.32185806789332,1.16945637745844,1,1,-0.847175753934233,1,0
2612,0.58313908158905,0.964885667252316,1,0,0.971706195542859,0,1
2613,0.353927529003057,3.06741094941871,2,0,-0.876756109089736,0,0
2614,0.429053397642242,0.581135555161406,1,1,-0.420100662511538,1,0
2615,0.226802548430285,3.09946287001748,1,1,0.058615987672434,1,1
2616,0.102678690825727,1.65926479521899,1,1,-0.737784799653647,1,0
2617,1.27692468252746,1.34103788958106,1,1,0.674102798058563,1,1
2618,0.291228289308966,2.33751757520005,1,0,-0.765064480623756,0,0
2619,0.13478572788579,1.39613598950839,1,1,-0.513439036467508,1,0
2620,0.335280109817783,0.875676056720819,2,1,-1.25429691387868,1,0
2621,0.560031922327148,2.8055684428507,2,1,-0.233009852195218,1,0
2622,0.655412629453672,0.661335186191572,2,1,2.26333487111261,1,1
2623,1.22833713056612,2.63118171239836,1,0,-1.67384358316845,0,0
2624,0.330263131188501,0.739923955817639,1,1,-0.69984840993426,1,0
2625,0.413854950521555,1.04501697667942,1,0,-1.43114255257592,0,0
2626,0.331109162523515,0.586102888383031,1,0,0.477516960219616,0,1
2627,0.579117039839427,0.60899994027643,0,0,0.749679805472899,0,1
2628,0.867246818938398,1.59884195318981,2,0,0.758599554034962,0,1
2629,1.12223218656332,1.81216940594216,0,1,0.299719860678046,1,1
2630,0.533783330314891,0.755329985389234,2,0,0.766869526873104,0,1
2631,1.53284252202645,1.82577637709106,2,0,-0.792189381971299,0,0
2632,0.00223429137069526,0.564574699910506,2,1,0.625887703083422,1,1
2633,0.0879192792086138,1.47869057728491,1,0,0.18276834919712,0,1
2634,0.275644904209508,2.08472953351968,0,1,-0.757580570533544,1,0
2635,0.436330142741402,1.36151165729574,1,1,-1.41780480524875,1,0
2636,0.134912627335224,0.371837488569046,2,1,0.083550662221066,1,1
2637,0.251202343238725,2.58637049493456,1,1,-0.237811282373641,1,0
2638,0.086857293628984,1.73190817284864,2,0,1.7740970784536,0,1
2639,0.0402575136265821,1.0083355262998,1,0,-1.54056270066251,0,0
2640,0.294160632096967,0.712912990617519,2,0,0.542368018138711,0,1
2641,1.41453778263067,1.77638391019217,1,1,-0.552385872235063,1,0
2642,0.168086189140867,0.296729195553554,2,0,0.059172849072308,0,1
2643,0.165728770367059,0.612579915787739,1,1,0.267683601580275,1,1
2644,0.532585611640967,1.09974237683227,2,1,0.877138276490827,1,1
2645,0.288022534412053,1.37715807904107,2,0,-0.0357058442256995,0,0
2646,0.816169723614733,1.47181475224594,0,0,0.275618925403102,0,1
2647,0.0421185641077185,0.214933170010466,1,1,-0.936961243378812,1,0
2648,0.888679610104707,2.78174147245043,2,0,-0.930178273380361,0,0
2649,0.132006374705169,3.26361402605472,2,1,0.492855274218959,1,1
2650,0.243015923640794,0.666503379197717,1,1,-0.488090011779792,1,0
2651,0.0503685787151167,0.225631991854972,2,1,1.71965047930454,1,1
2652,0.139842284843326,0.172286224743426,2,1,0.0384858380971512,1,1
2653,0.355724163043002,0.854730968865721,1,1,1.08524718770329,1,1
2654,0.696917297835979,1.93187868030787,1,1,0.428778580697762,1,1
2655,0.389035923613442,0.414480611186388,1,1,0.532369038707825,1,1
2656,0.565033201128244,1.01203228036563,0,0,0.11261221102128,0,1
2657,0.0733044997268275,0.192608909614344,2,1,0.215189831739569,1,1
2658,0.894925927262926,1.89952989510609,2,0,-1.00263372119122,0,0
2659,0.396532130220698,1.85686284390536,1,1,1.25138300961464,1,1
2660,1.35747788262335,5.82807373317748,2,0,-0.807312041014413,0,0
2661,0.134824230976178,1.70955411902765,2,1,-0.615203859412054,1,0
2662,0.0715188046847324,1.17358545422358,2,0,1.40096697128626,0,1
2663,0.877169267960326,1.17860996843914,1,0,-0.886495399978223,0,0
2664,1.16390534878904,1.35266242869986,1,0,0.0565600122352924,0,1
2665,0.0648578887598382,0.436361065755288,0,0,0.742643252052663,0,1
2666,1.37828306600751,1.73932126437898,1,1,-0.355126010583557,1,0
2667,0.385242365818057,0.986334581979334,2,1,0.119060268079429,1,1
2668,0.546970442454848,2.06512073818173,1,0,-0.457873520609591,0,0
2669,0.217085439297888,0.224206053341428,0,0,0.383272078228024,0,1
2670,0.490857976385289,4.07239163294435,0,0,0.636322585312777,0,1
2671,0.594284047062198,1.2543097489535,1,1,-0.558858198404479,1,0
2672,0.10963342091082,0.251302337941786,1,0,-0.544826091026918,0,0
2673,0.984349029298968,3.70421591835717,0,0,-0.537514319378107,0,0
2674,1.77274057218369,3.50838490731241,2,0,-0.740563266942357,0,0
2675,0.356247301806653,0.518776225469208,2,0,1.83906292857428,0,1
2676,0.0418563640155237,2.03749507044752,0,1,1.29365894685822,1,1
2677,0.51210727697154,1.81784762444649,1,1,-0.645168005660851,1,0
2678,0.00546645735287004,0.315902601617264,1,0,0.459054285971254,0,1
2679,0.113511891621682,0.672248667457402,2,0,-0.0099113790835729,0,0
2680,0.354624336834019,0.798674178704688,1,1,-0.476396781447079,1,0
2681,0.550685332187836,2.31836539883871,2,0,-0.518014576946461,0,0
2682,0.511751664388511,0.769931744985669,2,0,0.85239794993145,0,1
2683,0.178904771411193,0.889794831881155,1,0,0.595608930786178,0,1
2684,0.811563545077227,1.05313553451106,0,0,-0.0407900751913944,0,0
2685,0.0382536478961508,0.780555403297296,1,1,-1.19472745045827,1,0
2686,0.187245087905063,0.565726482320372,0,0,0.412808104939532,0,1
2687,0.316205236853825,2.01766632316439,1,1,0.824337577717989,1,1
2688,0.275865150806943,1.16846426807812,1,0,-1.13874401300386,0,0
2689,0.829370110818888,2.77065380277919,2,0,-0.0976610972311804,0,0
2690,0.175573845497436,2.39436705199025,2,0,0.429306152005198,0,1
2691,0.610812492151227,4.31858598875503,0,0,0.537618877036485,0,1
2692,0.642021547278596,0.693664884197195,1,1,0.680457361613461,1,1
2693,0.213635788920025,0.56231450763887,1,1,0.416757388461991,1,1
2694,1.78099360100696,2.0034035530915,1,1,-0.367698372095551,1,0
2695,0.00536329400065503,0.63203226916859,1,1,0.567689594019311,1,1
2696,0.0480678744821085,0.703029378006856,0,0,0.469220696208878,0,1
2697,0.142966111827552,3.08609327766961,1,1,0.608217737138126,1,1
2698,0.000998073567946752,6,0,0,-0.968404087351271,0,0
2699,0.746761614249812,1.71648844382188,2,1,-1.45716477857503,1,0
2700,0.340296237005128,0.936943462180758,0,0,-1.51332279315519,0,0
2701,0.402905967396994,4.6499516267898,1,0,-1.43191708551626,0,0
2702,0.358819780974752,0.693625170566328,1,1,0.938562310718189,1,1
2703,1.34974941192701,1.40999537544478,2,0,-0.522484546939042,0,0
2704,0.398183650110838,2.2159060295836,1,1,0.817371138296122,1,1
2705,0.710139647643599,3.40287767040233,0,0,-0.303184191024702,0,0
2706,1.2966016886496,5.02784794765114,2,0,-0.0714146061938318,0,0
2707,0.178882943609015,0.434647436188416,1,0,-0.528022507450632,0,0
2708,0.210170586418125,0.266392909021541,1,0,-0.014990969267057,0,0
2709,1.16264009326168,1.36862378473565,2,1,0.206523388173935,1,1
2710,0.0698426510724756,5.65832548956503,2,0,0.870509387369479,0,1
2711,0.187641358243625,0.935159891005404,1,1,0.0922407932495413,1,1
2712,0.375066556745123,1.62628558182901,2,0,-0.0610908509305819,0,0
2713,0.210051464123858,0.79215833077443,2,1,0.306996573648693,1,1
2714,0.0530679596381055,0.667185381700704,1,1,-1.06087474143976,1,0
2715,0.37185901362035,1.64295871341078,1,1,0.214704265385621,1,1
2716,0.0149753234452671,0.514804534614086,0,1,-0.732302126175688,1,0
2717,0.197273486934776,1.53745751858116,2,1,-0.363080698548818,1,0
2718,0.0449770814517973,1.84000420046222,1,0,-0.964788873856801,0,0
2719,0.475634410459962,0.616545795382783,1,1,-1.47251129399501,1,0
2720,0.341438151442742,1.13887642537345,2,0,-1.11520226163234,0,0
2721,0.401486316695809,0.509609639885031,2,0,-0.276428420187382,0,0
2722,0.0976618694969349,0.229909932551097,1,1,-0.0204044013303368,1,0
2723,0.447666773365604,0.939583763307335,1,1,0.0914307217406392,1,1
2724,0.778706277129996,1.36631005290971,2,1,0.412260173681492,1,1
2725,0.0070582242268655,1.97653255677395,1,1,0.521330354681121,1,1
2726,0.103978617344591,1.54684551116338,2,0,0.104440579347734,0,1
2727,1.36475802911952,2.02496100298961,1,1,-0.772094232617371,1,0
2728,0.226220503035519,0.304118546592536,2,1,0.253977028814897,1,1
2729,0.019795268567072,0.953124760690202,0,0,-0.922186150812313,0,0
2730,0.0394822722846357,0.213302555321004,0,1,0.434403132768834,1,1
2731,0.264259120966825,1.11519700520359,1,1,-0.286611698975938,1,0
2732,1.35802794346678,1.61301088519394,0,1,1.63776401502356,1,1
2733,0.313905992855628,0.347887447656193,1,1,1.92695914324108,1,1
2734,0.405776124551064,2.52571344398489,1,1,-0.506918664210465,1,0
2735,0.929864808880728,2.01507388436562,1,0,-0.190150057522041,0,0
2736,0.467646378830479,0.845356823918683,1,1,-1.01740611812159,1,0
2737,0.784255779405117,1.08979590571853,2,1,0.641081469082458,1,1
2738,0.882997428951674,1.63281648920388,1,0,1.54759144219538,0,1
2739,0.110687816308604,0.870993551076283,1,0,-0.676856197181132,0,0
2740,0.475877740213441,2.44521636361277,2,1,0.0713277334609864,1,1
2741,0.0132893957197666,1.04830351806994,1,0,1.56031684961097,0,1
2742,2.24957354357444,2.68011848399871,1,1,-0.609252833646255,1,0
2743,0.503576390134792,0.706606618035191,1,1,0.0366120235372128,1,1
2744,0.0498361615962772,1.292224638261,2,0,-0.379202232594186,0,0
2745,4.05937011737877,4.44811240680459,2,1,0.148958811045938,1,1
2746,0.382477279959454,1.33002285369966,2,0,-0.338640061880778,0,0
2747,0.374678186037474,0.953589512110292,2,0,0.832402234849971,0,1
2748,1.17605408131548,1.621252629548,2,1,-0.159453730580625,1,0
2749,1.9018518716819,1.97915240501364,0,1,-0.698489679092729,1,0
2750,0.304109437080721,1.37779742167556,1,0,-0.852818032354236,0,0
2751,0.214144740668665,2.13782634058661,0,0,1.77549414420713,0,1
2752,0.0965265210510956,2.57988223185142,0,1,-2.87980848727604,1,0
2753,0.507186572584841,0.670525355247195,1,1,-0.224704348885703,1,0
2754,0.241213011773739,1.30574350199406,0,0,0.273110291386336,0,1
2755,1.89016306349572,2.49060557289993,1,0,0.439317773773592,0,1
2756,0.761358675857385,1.2500358065966,1,0,0.917123144318499,0,1
2757,0.16014932654798,1.42355204995166,1,1,0.0647805218439136,1,1
2758,2.28469640628102,4.15938488828639,0,0,-1.84839830925721,0,0
2759,0.137061547591454,2.36009279353474,2,1,1.21676373763072,1,1
2760,0.0995365985437135,0.334092201904403,1,0,-0.620011935912233,0,0
2761,0.335232541013208,0.378176090010566,1,1,-0.325996394300129,1,0
2762,0.444822920382851,1.3666068483144,0,0,-0.191917878674293,0,0
2763,0.193679238330433,0.482967647515896,1,1,1.74930113748431,1,1
2764,1.83974280737111,2.31512913791991,1,1,-0.138844110363792,1,0
2765,0.150337319218592,0.69930547537903,0,1,0.241712145585306,1,1
2766,0.15510534039802,1.85117206536233,0,1,1.35616883743419,1,1
2767,0.012121653287775,0.617386837769954,1,1,-0.173645777115308,1,0
2768,0.245943394011647,0.930322210167836,1,1,-0.149122938509511,1,0
2769,0.29691252598746,2.00909643367955,2,1,-0.687901574671167,1,0
2770,0.749565871018502,1.35795718172329,0,0,-1.91089932079533,0,0
2771,0.94187373394239,1.49720887001294,2,1,0.141692169247411,1,1
2772,0.0399793096682866,0.493427704398831,0,0,-1.403896185156,0,0
2773,1.26760396894781,2.01940245290402,0,0,-1.08624941445013,0,0
2774,0.0277604390349653,0.106881852803648,1,0,0.662841239106405,0,1
2775,0.223734606874449,1.4685244994957,1,1,0.710075195751157,1,1
2776,0.0337831231041087,0.446759086908514,1,1,0.58752714096902,1,1
2777,1.17040357598916,1.18185206658528,1,1,-0.74979677670301,1,0
2778,2.64871317672303,4.15084874567886,0,1,0.323835306669933,1,1
2779,0.19603537659675,0.379591906312399,1,1,0.0790954002838273,1,1
2780,0.761442584399548,1.83997518136434,1,1,1.70164741133068,1,1
2781,0.131018124520779,2.08359124003275,2,1,1.29752774546373,1,1
2782,0.323726945404153,1.43833107373525,1,1,-0.344371303814274,1,0
2783,0.520360390138295,2.43457554308206,1,0,-1.18473720164481,0,0
2784,0.676982270864149,0.932996282353997,0,0,-0.301599996322372,0,0
2785,0.0269083797724711,1.833824132639,1,0,0.346053286149344,0,1
2786,0.582717568613589,2.54007499816121,1,0,-0.442593304576931,0,0
2787,0.271611402535604,0.304000677221516,1,0,0.841157115493403,0,1
2788,0.203171944304407,0.519473704819878,0,1,-1.49698534455942,1,0
2789,0.676197045379215,2.61660855953585,2,1,0.534970537449032,1,1
2790,0.033346700689031,0.433295126054913,2,1,-0.408797939516899,1,0
2791,0.837635967005968,2.27840336694754,1,0,0.185894933423367,0,1
2792,0.450050670964023,2.18307828121489,1,1,-1.10658556557769,1,0
2793,0.0361480496616827,3.17022845206368,2,0,0.00683503721174265,0,1
2794,0.165580632631738,4.68041528372099,2,1,0.65974824487349,1,1
2795,1.22075041387117,2.08237513919141,1,1,1.95625967697558,1,1
2796,0.127822045340306,0.336515464741816,1,0,1.17886544815933,0,1
2797,2.01985690395458,6,0,0,-1.74071221820586,0,0
2798,0.627788067277935,1.93979435754181,2,0,-0.569289782592024,0,0
2799,0.429713474069205,1.13913597822581,1,0,-1.40126454348053,0,0
2800,0.248199486587611,1.27604874313395,2,0,0.722074477463708,0,1
2801,0.0808756156580775,0.854578530415893,0,1,-0.99300878565587,1,0
2802,0.884425390525129,2.56718331434622,2,0,-1.27651117944311,0,0
2803,0.839288598175503,2.93286833791207,1,1,-1.61583827195944,1,0
2804,0.147089501842856,0.392986707500016,0,1,1.46316984856159,1,1
2805,0.470764644237028,1.76563100788642,1,0,0.216423019421936,0,1
2806,0.355126811708841,0.779527277887966,0,0,0.226067677399291,0,1
2807,0.61235667568528,2.82549708372036,0,1,-0.93114574087439,1,0
2808,1.02867194815837,2.9369320645843,1,0,-1.8146782786345,0,0
2809,0.21447177665929,2.23716664627544,2,0,-0.217863698102543,0,0
2810,0.526463937324782,1.1602099192564,1,0,0.379924186035235,0,1
2811,0.87848273204732,1.57023599094055,0,0,-0.265303569046982,0,0
2812,0.323239271011617,1.72078527494366,0,1,0.59254417169491,1,1
2813,0.0384581845807306,0.903506956891309,1,0,0.263492036432594,0,1
2814,0.100360327799371,0.244837700456996,2,0,2.30150648976575,0,1
2815,0.709458820832272,1.49630677175922,1,0,1.4641189758481,0,1
2816,0.351551621117526,2.10372670366274,2,1,-0.176062430813413,1,0
2817,0.0482722934519948,0.492434863963633,1,1,-0.57674245695538,1,0
2818,0.359516265388164,0.434281511664905,1,1,-0.777216228507445,1,0
2819,0.0764662989725669,1.93859818089983,1,0,-0.55953395986453,0,0
2820,0.731373441198634,1.01555906446041,2,0,1.02499183487677,0,1
2821,0.727558272580306,0.881969697865219,1,1,-0.682782630719908,1,0
2822,1.34654914438196,2.32892061255546,2,0,0.134580514283679,0,1
2823,0.309538269329305,2.58641726448818,1,1,1.169997667539,1,1
2824,0.291844242148929,0.627362409372323,1,1,-1.81856697538059,1,0
2825,0.113168397090501,0.705007431005046,1,1,1.74624728860115,1,1
2826,0.149468906327254,2.77210701170693,1,0,-0.651808588356752,0,0
2827,0.714631477474339,0.843185538089123,2,0,0.103786957062643,0,1
2828,0.774108826446547,1.62503484420296,1,0,0.363234839068612,0,1
2829,0.832128325016644,1.34173716410015,2,0,1.74358121154063,0,1
2830,0.31609116639528,0.565121555156073,1,1,-0.997814060817233,1,0
2831,0.281196801612775,0.310654960085721,0,1,-0.411429857455043,1,0
2832,2.69417690513105,3.08537002652884,0,1,0.426256344833807,1,1
2833,0.206707880004413,1.12882447650696,2,0,0.208163040649538,0,1
2834,0.210906016743845,0.244622727235158,0,0,1.38020954307928,0,1
2835,0.229639129506217,1.09389480971178,1,1,0.233339616350378,1,1
2836,0.938383947183371,3.00332884032183,2,1,-1.46268539147755,1,0
2837,0.737827421786885,1.15996865535298,0,0,-0.748279406691603,0,0
2838,0.807118492361254,3.91374173396311,2,0,-0.052765229481624,0,0
2839,0.184998638514015,0.662620184258402,2,0,-1.06155871338235,0,0
2840,0.506793127602173,1.60413220691132,1,1,-0.372733286721285,1,0
2841,0.723895531975561,1.68416791253495,1,1,0.331099009876219,1,1
2842,0.668404910506474,2.60927272650103,0,0,0.0629523387103637,0,1
2843,0.211499693493048,1.96835467013476,0,0,-0.3162463530843,0,0
2844,0.206464835856524,1.26161525611908,2,1,0.25725996037189,1,1
2845,0.313223542956015,0.564827607053449,1,1,-0.264669837692217,1,0
2846,0.0378905397115482,0.0635051373269505,1,1,-1.3730114398839,1,0
2847,0.0902895855737002,1.10711594462606,2,1,-1.330798029315,1,0
2848,0.137968133111449,1.46727949185388,0,1,0.989843393163621,1,1
2849,0.337588975412978,0.346342538542345,1,1,-1.47655262779773,1,0
2850,1.60434893410898,2.51952453363605,2,0,1.26970000136824,0,1
2851,0.846029722809474,1.01734434868557,1,1,0.489642787289809,1,1
2852,0.657894310748412,1.00999440129587,2,1,1.03473728943022,1,1
2853,0.296824393897421,1.76750496545599,1,0,-1.03682039494029,0,0
2854,0.722940654183428,0.728562413487288,1,1,1.28077640342038,1,1
2855,0.129253572991325,0.569146895656508,1,1,-0.0734263220590236,1,0
2856,0.227669714432624,0.857920081690347,0,1,-0.968827201136901,1,0
2857,0.0214887262689142,0.059897480532527,0,0,-1.07028260482031,0,0
2858,0.200975786170198,0.41727632740156,2,0,-0.7914905468772,0,0
2859,0.105878107974099,0.329520474008715,2,0,0.0193785334916579,0,1
2860,1.14182283786735,2.64650601826768,1,0,0.741864136031712,0,1
2861,0.301106055267155,1.99799046292977,1,1,-1.63362710616525,1,0
2862,0.322788443105916,0.485639246829025,2,1,-0.166810826590105,1,0
2863,0.480239950637851,1.42827901402296,1,0,-0.880127595472683,0,0
2864,0.357889767943157,1.89606812357659,1,1,0.280679536184219,1,1
2865,0.589485920758711,2.37843317513508,2,0,0.62567095149388,0,1
2866,0.481917589075036,1.54820851428468,2,1,-0.32888760294284,1,0
2867,0.752454544934962,1.52839526461249,2,0,0.0158515093547985,0,1
2868,1.85752005824383,2.43321735870276,1,1,1.41718200190246,1,1
2869,0.0193704007121739,0.773413594903843,2,1,1.32143830228086,1,1
2870,0.59359989542928,3.30839788424498,2,0,-1.50690170436404,0,0
2871,0.783586771077262,0.982142342254519,0,0,-1.67297344283646,0,0
2872,0.437025561825269,0.793616910590219,1,0,0.884939309844525,0,1
2873,0.101048231450338,1.1487381936862,1,1,0.120331526991588,1,1
2874,0.0470431371488505,1.45448377977101,1,0,-0.80753067485804,0,0
2875,0.495763721151484,0.556990733991067,0,1,0.387212991603078,1,1
2876,0.518186832778156,1.74984883597486,1,1,-1.82419865727101,1,0
2877,1.86877037699623,3.07051889727356,2,0,2.18117799678609,0,1
2878,0.614639974406196,0.796136634831964,1,1,-1.47816425415945,1,0
2879,0.104157393655871,1.43767769806564,2,0,-0.354169559869222,0,0
2880,0.563130083837583,6,0,1,-1.55854388381072,1,0
2881,0.191987989547192,0.791049703211131,1,1,-2.54315081434553,1,0
2882,0.546051808569415,4.72679621833789,2,0,-0.261204331931031,0,0
2883,0.232063085875577,0.771923730400691,2,1,3.38490449172173,1,1
2884,0.183576687839634,1.97648193504292,1,1,2.22230473874301,1,1
2885,0.688167373753256,1.71303152178927,1,1,-0.296704962683763,1,0
2886,0.0656807651767379,0.495778495616527,1,1,0.706232624554527,1,1
2887,0.233780382097595,0.724864514109493,2,0,0.960937823198959,0,1
2888,0.102481301356521,0.178003377161636,0,0,-0.193474337250724,0,0
2889,0.0025845411017724,0.214388023214048,1,0,-0.822081371762678,0,0
2890,1.84075842498676,6,0,0,0.240225515900446,0,1
2891,1.16216822633956,3.07762278864781,0,0,0.662274209569754,0,1
2892,0.411030711709625,0.756012958940816,0,1,0.228676400760276,1,1
2893,0.0252935980029651,1.89280568393103,0,0,-1.64304048634345,0,0
2894,0.225679381336603,0.601878464167927,1,1,-0.804783637832894,1,0
2895,0.536935511045158,1.95739553126465,2,0,0.320340320734468,0,1
2896,1.43738097506564,2.52019181349444,2,0,-0.274325731809554,0,0
2897,0.295398666316436,6,0,0,-0.218798588655453,0,0
2898,0.0569836070968045,0.731900069631606,2,1,0.179503192383701,1,1
2899,0.278473286169273,0.567488474903547,2,1,-0.844640737751756,1,0
2900,0.390530071003438,0.619170954613466,2,0,0.590976260542938,0,1
2901,0.282152586409615,2.11527887579491,1,0,-0.518033280224615,0,0
2902,0.384209737078183,0.785284954933594,2,0,0.083013796302205,0,1
2903,0.160575133332499,2.89859794998325,2,0,0.504065211680482,0,1
2904,0.3911623963974,1.22086635605739,1,1,1.3231076791942,1,1
2905,0.194191968162137,1.19554577284286,1,1,0.545544191656177,1,1
2906,1.30892337709137,1.50911866326645,2,0,0.264391276303653,0,1
2907,0.0718624201706714,0.64721800969018,1,0,-0.0929493797241456,0,0
2908,0.496666985563934,1.27842230196619,2,1,1.46876071676306,1,1
2909,0.111431653818323,0.458363712190645,1,1,-0.878217352075078,1,0
2910,1.28415863885928,3.12289443798363,0,0,0.0159187681035068,0,1
2911,0.064171654373161,0.482993249551014,2,0,1.35077442566263,0,1
2912,0.93418594859012,1.21369931155488,2,0,-1.46687710042539,0,0
2913,0.335836247023609,1.07317850090814,1,1,-0.680959642006833,1,0
2914,1.62064554051585,2.40116225302784,2,0,-0.0248263734668226,0,0
2915,0.331146504936947,0.668022111058235,0,0,-1.61228018704277,0,0
2916,0.137336953129205,1.06051152122746,2,1,-0.808581456332531,1,0
2917,1.12297633968593,1.29591174479606,2,0,0.560352731322607,0,1
2918,0.0285907772680124,2.68229671492378,1,1,-0.180656145873257,1,0
2919,0.0915468965346615,0.443019095695902,2,0,1.01896985456676,0,1
2920,0.259499485937132,0.578011775524539,2,0,0.228425702017063,0,1
2921,0.1272381702438,1.95431555931767,0,0,-0.623284279409826,0,0
2922,0.101681497051484,0.812635140071201,2,0,0.287793952001147,0,1
2923,0.118325673457649,0.800982359796762,0,0,-0.0115755113074553,0,0
2924,0.350818835874259,0.3645858238042,1,1,0.427451516617772,1,1
2925,0.599702590973013,1.09514935028481,1,0,-1.25404974034854,0,0
2926,0.876553210444824,1.85963432787314,2,1,-0.6633296240596,1,0
2927,0.103659729162852,0.364836470802423,1,1,-1.99773751619593,1,0
2928,2.14393022564321,2.38941143652725,2,0,-0.0629997081264484,0,0
2929,0.0730414028669583,0.375622612955614,2,0,-0.306727451442552,0,0
2930,0.597630402309131,1.53563582281984,2,1,-0.108321490914217,1,0
2931,0.399625882775033,0.499035373428139,2,1,-0.0689449353625206,1,0
2932,0.319224260028029,0.93476427024828,2,0,0.709292045769585,0,1
2933,0.268020982233187,2.732097884176,2,0,-0.415132145004995,0,0
2934,0.380469435412023,0.62824878233306,1,0,-0.839480566844895,0,0
2935,0.735953591970934,1.17024018243654,1,1,0.406824012251345,1,1
2936,0.0890482305031684,0.525353111490157,2,1,0.688134313453611,1,1
2937,0.769872875470254,0.995637116736987,2,1,0.762463328938886,1,1
2938,0.694655312432183,1.88027190575275,1,1,1.70808997065958,1,1
2939,1.42938224076696,2.67570725340214,2,0,-0.498722986660979,0,0
2940,0.36372102641811,1.77069411613047,0,1,-0.184888839831431,1,0
2941,0.378438747074041,1.04784513245057,2,0,-0.573986202766447,0,0
2942,0.702341617498961,0.757964166320891,1,1,-0.411175835283333,1,0
2943,2.0590060575863,2.79945469984364,1,0,0.0784337453332491,0,1
2944,0.254483435944748,0.642227765448494,1,0,0.310915615358827,0,1
2945,0.153975492762433,0.268681533195186,2,0,-1.10665769891577,0,0
2946,0.373899352380011,6,0,0,-1.95005640507872,0,0
2947,0.0190734431171099,0.370434533647627,2,0,-0.30165828338525,0,0
2948,1.74142556933384,3.28474833502582,1,0,-0.399851499121428,0,0
2949,2.09981704121433,6,0,0,-1.0118889154548,0,0
2950,0.352659224429064,0.753477401729902,1,1,0.0756260269680251,1,1
2951,1.58329749470555,3.07560498826206,0,0,-0.842653388399831,0,0
2952,1.30744825662567,1.65725124013939,0,0,0.257117573352839,0,1
2953,0.360486001397173,0.945243938648092,1,1,0.3353993871651,1,1
2954,0.2556652115244,3.58469563316792,2,1,0.350777203008309,1,1
2955,0.476433632946852,1.60812543991318,1,1,-0.449596626460645,1,0
2956,0.568475710331566,0.62775319486743,1,1,-1.6857344311149,1,0
2957,2.36653280335812,2.69166102629933,2,0,-0.14796200178429,0,0
2958,0.452158607852956,0.462247051659501,1,1,-1.76749492298659,1,0
2959,0.815449653095921,1.16227770569539,0,1,1.59528038538258,1,1
2960,0.639594403199024,2.64924230496817,2,0,-0.413821400546939,0,0
2961,0.0792454665022592,1.54175136711422,2,1,1.92813474418011,1,1
2962,0.128627805556405,1.96619698243011,2,0,2.27252001812925,0,1
2963,0.589470791423486,1.08615337307274,1,1,0.577392000529553,1,1
2964,0.68640308920294,1.15053052278181,2,0,0.708059173456809,0,1
2965,1.63565065909362,2.90056670989066,1,0,-0.713923295236314,0,0
2966,1.10687051584623,2.68274565296282,1,0,0.21039527023931,0,1
2967,0.0765231181562109,1.55625525536381,1,0,0.587566839778244,0,1
2968,0.303651604594456,1.44527681792776,0,0,-1.26399796109459,0,0
2969,0.0214613894692377,0.488082764112027,1,1,-2.48754278119126,1,0
2970,1.02768420133625,1.20520559332813,1,0,1.415233455022,0,1
2971,0.445395214085968,1.34271659716579,1,1,0.285276117399959,1,1
2972,0.875126032319016,0.996099374606884,1,0,-1.56149633821237,0,0
2973,0.148510119308291,2.70704267708394,1,1,-0.974946852044944,1,0
2974,0.572860630539556,1.19214791527475,2,0,0.780099537119078,0,1
2975,0.00554299953610772,0.433245850829117,1,1,0.301983683339746,1,1
2976,2.82203002715347,3.079360584967,1,1,1.57677735456412,1,1
2977,0.894552282313905,1.08742720471138,1,0,0.938429141112022,0,1
2978,1.11958923227557,6,0,0,-1.86116570158621,0,0
2979,0.129962470382452,1.10735088586807,0,1,-0.622215217354597,1,0
2980,1.59687694337258,3.91838543009825,1,0,-0.375424264507285,0,0
2981,0.161184825313588,0.553052116080891,2,1,-0.0652553717683293,1,0
2982,0.644913321464426,0.769685997185791,2,0,0.797095949519656,0,1
2983,0.332373948767781,0.650188738902984,1,1,-1.4142471530062,1,0
2984,1.6141478861266,1.84542489708496,1,0,-1.4445126258234,0,0
2985,0.422125368689497,0.617068017560638,0,1,0.290025694375728,1,1
2986,1.96387074464496,3.00304734590354,1,0,0.794420499111274,0,1
2987,0.0315019857045924,0.0522910834600528,0,0,1.55556813461832,0,1
2988,0.334967772195371,1.46053848507961,2,0,-1.14877970838293,0,0
2989,0.10742495254002,0.98136434295628,2,0,0.160013177456293,0,1
2990,0.116156412598987,0.493725716923159,0,0,-0.299703402214605,0,0
2991,0.710298076478971,2.91504175012814,2,1,0.827232497879365,1,1
2992,1.24144690934454,1.44765778854528,2,1,0.669517974060655,1,1
2993,0.263169814905114,0.518798021199938,2,0,0.0735782935440686,0,1
2994,0.317369525709977,1.24142285684827,2,0,0.599105789497691,0,1
2995,0.168764041139767,0.703779930649228,1,1,-0.714010418894365,1,0
2996,0.145718206444548,0.255177915657468,2,0,-0.845288409195851,0,0
2997,0.0382778741833237,0.792023145283262,0,0,0.663486231295889,0,1
2998,0.0959149996439616,0.609365800016576,2,0,0.542498917736668,0,1
2999,0.704862696325613,1.82266410928357,1,0,0.501738941881427,0,1
3000,0.824635448922396,0.912776102001468,0,0,-0.581885628872811,0,0
