"id","L","X","status","z1","z2","cgroup","tgroup"
1,0.0246927269010486,0.270928353794304,2,0,-0.178963172417685,0,0
2,1.12168229904739,6,0,0,-0.146503066494486,0,0
3,0.167984863122304,0.755652199017324,2,0,0.338314117584272,0,1
4,0.495051673820449,0.635402309593775,1,1,-2.23332552507985,1,0
5,0.281728793112732,0.881413258612156,0,0,0.0560088538872184,0,1
6,0.655237570301526,3.18198575993612,2,0,-0.214682338242256,0,0
7,0.632072541759246,0.650475455349086,2,1,0.848417452593856,1,1
8,0.633236988861528,1.31480085449947,1,0,-0.316615181784044,0,0
9,0.796267751350681,1.52890932424906,2,0,1.50809727456618,0,1
10,0.660922771009306,0.917574490415108,1,0,-1.02951902493554,0,0
11,0.0909924113916026,0.238083339187267,1,0,-1.05608764771902,0,0
12,0.495388398966816,1.66249484444658,0,0,0.270721759401688,0,1
13,0.300833020462758,0.987041409373008,1,0,-0.423182803379928,0,0
14,0.100083821970556,4.43356208813687,0,0,0.30439099185987,0,1
15,0.52433091836671,1.45155888905408,1,0,-1.09864721095752,0,0
16,0.317969630587484,1.68098084782397,2,0,0.369538859948427,0,1
17,0.339584191226297,4.03901784488386,2,0,-1.02377452812997,0,0
18,0.0267759542513443,3.2668250849466,2,0,-0.249655845108999,0,0
19,0.631652047547201,1.96259400756209,1,0,-0.860754189798321,0,0
20,0.0496718442688386,0.783643155531436,1,1,1.00520096842698,1,1
21,0.439444952199725,1.14595259850224,0,0,0.395915418678549,0,1
22,0.0975172604537673,0.968160293775603,1,1,0.331602795798744,1,1
23,0.633837412525382,2.15492904310641,1,1,-0.84216813813792,1,0
24,0.687517863180902,3.33033296666238,2,1,0.0814079304487728,1,1
25,1.18412901659936,1.56162091767804,1,0,-1.2829686426441,0,0
26,0.0948386127129197,0.2106713574676,1,1,-0.720495651774979,1,0
27,0.199826933547027,1.35849458615355,2,0,-0.175761040642603,0,0
28,0.0574197009619739,0.152670234770565,0,0,-0.425947718362387,0,0
29,0.0144252077572876,0.311608120951304,1,1,0.175070069442781,1,1
30,0.529079999671214,1.4307605593639,1,1,0.118772128080903,1,1
31,0.525037779783209,1.33857298500093,2,1,0.680887808146721,1,1
32,0.560618368908763,4.60556731248895,0,0,-1.26494935549473,0,0
33,0.136942202559835,0.985540157886912,2,0,1.09178723993056,0,1
34,0.853690547695241,0.905174771310447,2,0,0.533237181703712,0,1
35,0.214825247286372,0.473617729743614,1,1,-1.59934097166046,1,0
36,0.0127496404780282,0.468044445539514,0,1,0.0224134734476214,1,1
37,0.544464655487557,1.09741581668616,1,0,0.992662929817176,0,1
38,1.57900407958421,3.2766991489469,2,1,-0.645964158700971,1,0
39,0.125392465933488,0.468068308258657,2,0,1.87155134178728,0,1
40,0.0826590464559367,0.548056960154587,1,0,0.121914695202326,0,1
41,0.36095028432707,0.617706061651309,0,1,1.070196998841,1,1
42,0.0742800430291229,1.43673092081393,0,1,2.48839658197095,1,1
43,0.454370020371344,3.5695742908058,2,0,-0.371886458987473,0,0
44,1.66966704184769,2.23671799112482,1,0,0.0583166417605318,0,1
45,0.476899469892184,1.18801447488367,1,0,1.14728531414347,0,1
46,0.0285249995067716,0.521996882074436,1,1,-0.183810010556002,1,0
47,1.20389069011941,6,0,0,-0.0346203639349276,0,0
48,1.10018591108666,1.18625340959797,1,1,0.794265352374131,1,1
49,0.357224287775656,0.743802436784874,1,0,0.648894112157634,0,1
50,0.745262329777082,1.01126736373801,2,0,1.04190326367331,0,1
51,0.0970429611008802,1.35062381935616,0,1,-0.638873834208679,1,0
52,0.789694681483685,1.65660676856836,0,0,-0.205020690019267,0,0
53,0.243954878403909,1.3432321209468,0,0,-1.5263239716556,0,0
54,0.270500157054081,1.39795606240443,1,1,-0.857335359045186,1,0
55,0.00258851744648483,0.292581385945483,1,1,-0.852309988705653,1,0
56,1.17244858497018,1.17847348148349,2,0,0.242429774741819,0,1
57,0.374008701700303,3.35500149494521,2,1,-1.13215475129384,1,0
58,0.687593608680699,1.73304321111229,0,0,-0.0221689101670698,0,0
59,0.0910337952276071,0.706533456344585,1,1,-1.31902582949394,1,0
60,0.0882865331267504,0.871992999066909,0,0,-1.1943232655489,0,0
61,0.00860060151252482,0.984885086567023,2,0,-0.664127576226249,0,0
62,0.715869500612219,0.949128970507393,0,0,-0.0805502803805454,0,0
63,0.238720110307137,2.42774339608744,1,1,-0.596551929594008,1,0
64,0.277132682191829,0.549574384469389,2,0,1.85332716933595,0,1
65,1.02948240575453,1.09591499212048,2,1,1.11285530630254,1,1
66,0.411656507794187,3.73381206258045,0,0,-1.18613259444292,0,0
67,0.309570706449449,1.07455449002238,1,0,-0.393067733518654,0,0
68,0.102399196082086,5.04259461458451,2,1,0.0184247523061317,1,1
69,1.66597242268727,1.94939388576368,1,0,-1.4346721668676,0,0
70,0.778611105716573,2.29707701131701,0,1,0.342835382471647,1,1
71,0.272188534339269,2.06664531928001,1,1,1.77647344950358,1,1
72,0.40422877503766,0.966944136609899,2,1,-0.636614342991028,1,0
73,0.0390832126140594,1.88432767919681,1,1,1.22264979002871,1,1
74,0.918045717555298,1.19847103257344,1,1,-0.333645476494962,1,0
75,1.1085056471689,3.06682691527926,2,1,-1.19441429031608,1,0
76,0.0913187897660666,1.21158381709742,2,1,-0.835520737400434,1,0
77,1.62496985232818,3.82561525287707,2,1,1.13180735593988,1,1
78,2.12967017449209,2.46611442574204,1,1,0.0996926402774377,1,1
79,1.55551334898013,2.00372778025274,0,0,-1.24531365786224,0,0
80,0.0476544614260395,0.53258870512216,2,0,0.96002879437744,0,1
81,1.84688765546285,4.1833654539757,2,1,-0.0108651850245966,1,0
82,0.496785221621394,0.795021404686155,2,0,0.261877078695021,0,1
83,0.212851169312166,0.73462736547054,2,0,0.128197275898987,0,1
84,0.673354572306077,1.27347889096485,0,0,-0.427594177591623,0,0
85,0.230624071943263,0.600799822593281,1,1,0.0501276722362869,1,1
86,0.0139289012541572,1.9052751848531,1,1,1.07903634908036,1,1
87,0.702301443864902,1.21880022731748,2,0,-0.398604854047054,0,0
88,0.231827612363372,2.37102582118618,2,1,0.251852593225961,1,1
89,1.43410546493499,2.03847776167095,0,1,-1.71767633905287,1,0
90,1.22135232465695,4.44288994333907,2,0,0.283522329368528,0,1
91,0.451092706196351,0.52463423342493,1,1,0.716598620195729,1,1
92,0.176261127409008,1.16008694125379,2,0,-0.601793301470625,0,0
93,0.100301344299787,0.568633319026937,1,1,-0.723290546228241,1,0
94,0.459947325289249,1.86078419557459,2,0,-0.419690382872334,0,0
95,0.145164418983189,1.25202141706079,1,0,0.549186607763815,0,1
96,0.101531726225497,2.35505696171934,1,1,-0.36470332728925,1,0
97,1.88595428780585,5.18519330184796,2,0,-0.407332637936975,0,0
98,0.989494616533002,5.06000084543826,0,0,-0.802617415399713,0,0
99,0.180284293471939,3.06973664097337,1,1,0.02269646460851,1,1
100,1.1812831874884,1.86931623953145,2,1,-0.0785941565857749,1,0
101,1.39927034572066,1.85083929540451,2,0,-0.229536744369551,0,0
102,0.282048348679372,2.65918166935205,1,0,0.26258734393314,0,1
103,1.0529376803948,1.52582560062985,1,1,1.14055509805023,1,1
104,0.0777179871996244,0.138970828247806,1,1,-0.78692096138324,1,0
105,0.507325712177489,1.96899602485607,1,1,1.4757377013802,1,1
106,0.517014072069691,0.532698799359761,1,1,-1.03584030676169,1,0
107,0.396115031233272,0.574675823461878,1,0,-0.36321757126096,0,0
108,0.356377876631291,2.76995845814296,1,0,1.63057601027049,0,1
109,0.183204379864037,0.95432402217537,1,1,0.0563139957556507,1,1
110,0.386124912442433,5.43630708116976,1,1,0.115677559369649,1,1
111,0.424593065658377,4.31487784475781,2,0,-2.339986993955,0,0
112,0.568075216380722,1.79709667035876,1,0,-1.31991660724591,0,0
113,0.10665486773683,0.636321651910369,2,0,0.422333127648736,0,1
114,0.488814587911798,0.713831897204121,0,1,-0.161489892562261,1,0
115,0.993255068397867,1.2713072502428,2,0,-0.262543524382685,0,0
116,0.420711684144206,0.664492549301019,2,0,-0.412722464018309,0,0
117,0.0674563511792156,0.260654832595656,2,1,-0.0203148154838458,1,0
118,0.0453345074760811,0.836129976455472,1,0,-1.42187157597216,0,0
119,0.379609257086284,1.31539710027724,1,1,0.807470675734003,1,1
120,0.441759331669245,3.23421350225522,2,0,-1.08213837500109,0,0
121,0.16768681138874,0.882775869076481,1,1,-0.497852066142227,1,0
122,0.289367723221608,0.331635734692046,1,0,0.594946353108126,0,1
123,0.486396230343315,0.583485523858236,0,0,0.439645689924657,0,1
124,0.203886540710098,1.36991669411947,2,0,0.793491626576682,0,1
125,0.042446864147981,0.234601978305205,1,1,-1.10670610013697,1,0
126,0.637860395428207,0.64676505130143,2,0,0.14019205746554,0,1
127,0.442676343437698,0.698639750061478,1,0,-0.278720386727794,0,0
128,1.2502417009271,1.27266647452877,1,1,0.749451076172326,1,1
129,0.695505327959028,1.1148334396689,2,0,1.2629569621568,0,1
130,0.101122294310856,1.24491897983796,2,0,1.30315068348252,0,1
131,0.00503030657354328,0.0613065728977718,1,1,-0.797178341631299,1,0
132,1.84278902277949,1.94402671164707,1,0,1.86028464069442,0,1
133,2.59317148341036,3.42963689868538,2,0,-0.818200332610035,0,0
134,0.070180368816687,0.868731783686844,1,1,-2.28107847229117,1,0
135,0.145351811208659,1.20300086569602,1,0,-0.841628998047096,0,0
136,0.248253893599481,0.909002823962842,1,0,-1.6850374391056,0,0
137,0.350443951578604,1.52397765970109,2,1,0.191041621846102,1,1
138,0.0906911538913846,2.82221280614516,2,0,1.01360981556234,0,1
139,0.14913120203548,1.4667077663447,1,0,-0.220823868495462,0,0
140,0.574690029025078,0.909339665972719,2,0,-0.0111358472473312,0,0
141,0.978598250898316,1.04871541577019,1,0,-0.635772594011811,0,0
142,0.14595794905391,0.485710128086325,1,0,1.42421651923688,0,1
143,0.55176779265619,1.3188681946197,1,0,0.691145963523421,0,1
144,0.430692265638047,1.23797516999304,2,0,-0.0267012533069869,0,0
145,0.373312058962054,2.52043017457497,1,0,-1.61672671742404,0,0
146,0.353574074488265,0.951659838471247,2,0,2.80627993999346,0,1
147,0.194120731886072,0.266667630839073,2,0,-0.211621055050479,0,0
148,0.311974326254016,4.27292142684261,0,0,-0.578940033856737,0,0
149,1.27059710310864,1.93895922486292,1,1,-0.135415337912714,1,0
150,0.859733732991431,1.00036631878427,2,0,0.00327808579929674,0,1
151,0.438701859675348,1.19214641218837,2,1,1.18413886090962,1,1
152,0.050869476981461,1.31881029498118,2,0,0.157060559174681,0,1
153,1.00414531909196,1.69368093267669,2,0,0.401101857515538,0,1
154,1.03859478499626,2.26489636449025,2,1,0.378984537393512,1,1
155,1.12141603495811,1.78853167860069,1,0,-0.563676806789403,0,0
156,0.0752016557643383,0.540116225080784,1,1,-1.30960551874168,1,0
157,0.16909524572029,1.28187749408655,2,1,0.0614963761913469,1,1
158,1.81070791415927,2.14310394888576,1,1,0.69738214698372,1,1
159,0.146545741914047,1.18904014348178,2,0,0.710691744475556,0,1
160,0.187411766352691,3.15000356478568,1,1,0.409290680390737,1,1
161,0.0268721715029743,0.760611672873939,1,0,-0.479761661919186,0,0
162,0.413802558452719,1.02713090003381,2,0,1.8361035324122,0,1
163,0.215040617672111,1.09163019269656,1,1,0.611190838097254,1,1
164,0.457628877936966,0.902065683735812,2,1,0.754837686075671,1,1
165,0.0500101880687806,0.118154279140085,1,1,-0.968288305250132,1,0
166,0.197475326454474,0.244690941193169,1,0,-0.720511151845213,0,0
167,0.00614488549116585,0.51928428090967,1,1,-0.983104343693063,1,0
168,0.18996107440113,1.70324609982812,1,0,-0.150825719405511,0,0
169,0.579799847263429,1.66318207398214,1,1,-0.291780032316789,1,0
170,1.43447010048861,2.08739684747808,2,0,-0.570477505792857,0,0
171,0.181713164266613,0.698303251042896,0,0,-1.07630334999398,0,0
172,1.07622657070029,1.11195187584478,1,0,0.974346646182256,0,1
173,0.556255360276543,0.663120822190569,1,1,0.862806180763293,1,1
174,0.796107500744873,1.09078600661764,2,0,0.468354842773001,0,1
175,0.371318459510803,1.88599047721016,1,0,-0.205077189073869,0,0
176,0.256681151352069,1.64057890347778,1,1,0.785686126660215,1,1
177,0.117404523564785,1.64463894441724,0,0,1.21828037107739,0,1
178,0.243049216353231,0.378254749384252,1,0,-0.658184075084379,0,0
179,0.0624921747172872,1.46422206616381,1,0,0.335741739337251,0,1
180,0.632407498132024,0.744697567620999,1,1,-0.0859559819489789,1,0
181,0.708577784502672,0.823926719519022,1,1,-0.271063825533152,1,0
182,0.210768534283364,0.922545421247681,0,1,0.720523608266918,1,1
183,1.47672283872434,3.94931101228654,1,0,0.0118271460871574,0,1
184,0.936018906280081,0.947714160245525,2,0,0.715903174473343,0,1
185,0.0486319159384347,0.432433529446522,0,0,-0.622605613397511,0,0
186,0.0663223298680451,0.616885398045552,1,1,-0.146130996348099,1,0
187,0.580425802100864,2.22685679582942,1,1,-0.212782885641667,1,0
188,0.213195812474522,0.43078356200147,1,1,-0.588143347375115,1,0
189,1.59184808041531,4.44455579260346,2,0,1.18338998279355,0,1
190,0.0989460733541619,0.612840734958547,1,1,0.482927731107228,1,1
191,0.314715062909988,2.18282811026067,1,1,1.34871504605055,1,1
192,0.251766888346049,1.3578658768246,1,1,0.251468105259188,1,1
193,0.214625786143751,1.84297344957789,0,0,-0.239379058251383,0,0
194,0.422539345862269,0.491364569059058,0,1,0.835609309629407,1,1
195,0.563352988618943,0.731303253696097,1,1,0.131860168190878,1,1
196,0.0153867517494493,0.56522749353066,2,1,0.914525191484,1,1
197,0.0813306216150522,0.6619238922334,1,0,-0.919232955996573,0,0
198,0.914395410313028,1.42596503047307,2,1,0.882319528058242,1,1
199,0.129451108579006,0.654133858931258,2,0,-0.158803387766315,0,0
200,0.0947575555700395,1.17759884311708,1,0,-0.701181236209297,0,0
201,0.0378257217299607,0.231469934075311,2,1,0.316207819021562,1,1
202,0.493263082268337,1.5353468606634,2,0,-0.00960210206431242,0,0
203,0.345470741915332,0.50594710841485,1,0,1.95620415664783,0,1
204,0.22641531568472,0.727868360723348,1,0,0.837599694909548,0,1
205,0.495100982694162,0.869330057545346,1,1,-0.30885606936567,1,0
206,0.235600876621902,2.69983505591845,1,0,-0.466904657013434,0,0
207,0.605692302083804,0.736587205070037,1,0,-0.0755446199449569,0,0
208,0.390888258504371,0.579048352298227,1,1,-2.23662219699131,1,0
209,0.259659714065492,1.34243689253235,2,0,2.03972867058134,0,1
210,0.162500255036759,0.170032760749261,0,0,-0.0899084298174301,0,0
211,3.1280139583469,3.19523116971222,1,0,-0.613848077922025,0,0
212,1.00048929698439,3.08170887335175,2,0,0.527451082788441,0,1
213,0.759419121055139,0.809145256166681,1,1,-1.31072078050277,1,0
214,0.1097482281533,0.819845209682749,2,0,0.43320112716185,0,1
215,0.164910483402727,0.249852406682435,1,0,1.11681903388004,0,1
216,2.45600121495695,5.29675790457849,2,0,0.552547785371745,0,1
217,0.786160251461321,0.867748255054852,2,0,-0.0718911129317302,0,0
218,0.370217181949152,0.756581149949614,1,0,-1.45289027014133,0,0
219,0.630263937119808,2.01856764247008,1,0,0.082400499628742,0,1
220,1.58502703093693,4.92763455824446,2,0,0.764271516409062,0,1
221,0.303515933660997,1.95515862258821,1,0,-0.233285343506616,0,0
222,0.286315356174277,0.443234232894467,1,1,-1.92753505011345,1,0
223,0.196392757611142,0.638160342350602,0,1,-0.154884943139219,1,0
224,0.0148676206461257,0.105992557197282,1,1,0.435509420642095,1,1
225,0.169643285270366,1.7839503015906,2,1,-0.12690617247458,1,0
226,0.158828214431802,1.56479428985619,2,0,0.531553706890305,0,1
227,3.37553602107239,3.88660502821311,1,1,-0.532155273155568,1,0
228,0.935680163563636,0.936295501184665,2,0,0.380417563325871,0,1
229,0.126517372102373,2.34949460328167,1,0,-1.03077104925466,0,0
230,1.50397684420448,3.77043667805432,2,0,0.382307775969865,0,1
231,0.0460565157441629,2.28718200791326,2,1,0.0472889297726309,1,1
232,0.190343195055094,0.843733090628134,2,1,-1.78618220182682,1,0
233,0.111154778860509,0.77338070811517,2,0,0.557383933462746,0,1
234,0.206391599010613,1.1240719817589,2,0,-0.0105196614188879,0,0
235,0.38212120801621,0.633377517705906,2,0,-0.00520633218437576,0,0
236,0.0295364685705583,0.0750679510947319,1,0,-1.13901145652599,0,0
237,0.29034958117538,0.932302298021277,1,0,-1.51937501976746,0,0
238,0.323046354783906,1.51052206700567,1,1,0.385482541199261,1,1
239,0.253422602804171,0.962838075658082,1,1,0.0422188438253666,1,1
240,0.767216492030356,1.21352251148553,2,1,1.09452973004958,1,1
241,0.291380447128581,1.13640563380473,2,0,-0.147535722379758,0,0
242,0.493405105856558,0.736224846914411,0,0,0.474856415782037,0,1
243,0.244593521994021,0.437979931011796,0,0,-0.652450698960064,0,0
244,2.86296142251198,5.11710451972739,2,0,-0.442512962661305,0,0
245,0.00641725181291501,0.925070269033068,1,1,-0.479093706840428,1,0
246,0.812432222642515,1.57533851070141,2,0,-0.781198547172627,0,0
247,0.251072677375311,0.964961629565776,1,1,-1.92143763401868,1,0
248,0.210819427027471,1.02908316842336,1,1,-2.22395948556218,1,0
249,0.346971562862963,6,0,0,-0.173432531123562,0,0
250,0.54118255806457,0.881988844284196,2,1,2.78826908787236,1,1
251,0.0489983262701167,0.4901341486997,1,0,-0.726306659988792,0,0
252,0.491370196557707,0.73367471502466,0,0,1.80735081429646,0,1
253,0.365957030509081,3.71594479564706,2,0,1.27309451948736,0,1
254,0.0658009434118867,0.875348373170666,2,0,0.84527494946047,0,1
255,0.515365104106348,0.643902347448845,2,1,1.3490541281549,1,1
256,1.35825767133852,1.80750554881933,2,0,0.666325992975686,0,1
257,0.297549473018282,0.871187118392914,2,1,1.44799965894672,1,1
258,0.184383977609819,0.462016137020856,1,1,-0.157667217442127,1,0
259,0.0376278108880801,0.188511635139042,0,0,1.28009521600202,0,1
260,0.450806940595309,0.905808228852816,2,0,0.0170611945787018,0,1
261,0.378731831183864,1.4586411822418,2,0,0.773884296405695,0,1
262,0.513231765168409,0.514512891270331,1,0,1.39725476730052,0,1
263,0.226502789494892,1.95517881462971,0,1,-0.382345638289309,1,0
264,0.0164088863460837,0.151933604085036,2,1,0.34029911039538,1,1
265,0.41393139710029,1.09023248380087,2,0,0.0287175712790475,0,1
266,0.0711893807286858,3.37467796221543,1,1,0.791954560230053,1,1
267,0.120577672412249,0.65710334920837,1,1,-0.936493094581309,1,0
268,1.77842480431599,1.91538440254327,1,0,-0.36541423734382,0,0
269,1.8409576804168,3.44971323522298,1,0,0.650221251942615,0,1
270,0.11881360784173,1.83058475499219,2,1,0.0531671404559956,1,1
271,0.279309232719243,3.75035404191312,2,0,-1.27803626956596,0,0
272,0.0146573192129533,2.09926747587562,2,0,-0.540776515261477,0,0
273,0.847695557767829,0.87703157315495,2,0,0.601957521868248,0,1
274,0.741888891077704,0.763105034114217,1,1,-1.20535671146704,1,0
275,0.854110473280007,2.64571318402886,0,0,0.521697656236463,0,1
276,0.0597397419162397,1.91857111207416,2,0,0.291214162667425,0,1
277,0.398582455660275,1.50312126125812,0,0,-1.93635368383865,0,0
278,0.365461158152256,1.02251136863581,1,0,1.1243064250204,0,1
279,0.582419286688997,1.07596704841792,2,0,0.419316747485048,0,1
280,0.00246110921725404,0.556766922972141,2,0,1.38981901152692,0,1
281,0.174354673363268,2.18228261296948,0,0,0.32181262668479,0,1
282,0.328818888196515,3.11113870265222,2,1,0.414039767815268,1,1
283,0.334533183938927,0.423379098428945,2,0,0.505586323005779,0,1
284,1.36064796496896,1.54672563336325,2,0,-0.403673712775629,0,0
285,0.763044506311417,1.34444101285036,1,1,1.92817559013936,1,1
286,0.0417246452222268,0.128859538520859,1,0,-1.16926639741668,0,0
287,0.236527602049166,1.06709853573309,1,1,0.100482857918941,1,1
288,0.418814365855522,0.977840911594177,1,1,0.769313566869985,1,1
289,0.654982624368535,0.875333786232123,1,0,2.05314725043104,0,1
290,0.102774735880939,2.23882463951381,1,0,0.495188431080122,0,1
291,1.45224125326807,5.14021559862302,1,0,-0.16963556900246,0,0
292,0.214086246366302,0.711596827283515,2,1,0.691455381371309,1,1
293,0.399545206067463,0.959923528205686,1,1,-0.130158207498652,1,0
294,0.618406024554537,1.43765959556991,1,1,0.782202699255703,1,1
295,0.411916469327278,1.32582083197804,1,1,-1.12802970399419,1,0
296,0.373269251754714,0.536651063985836,1,1,-1.5969230162843,1,0
297,0.404870010291537,0.819872923508715,2,1,0.912416707795869,1,1
298,0.0102656598513325,0.0789081810801838,0,0,1.0309789785432,0,1
299,0.0414612707005181,0.982327423928707,1,1,-0.8932439295655,1,0
300,0.286856342314018,1.71877417130503,2,0,1.06707618412438,0,1
301,0.706114953176843,2.85058585971326,1,0,-0.910961540316063,0,0
302,0.0224731610975229,0.822918551932737,2,0,-0.394694723639311,0,0
303,0.0859848332280914,0.497900384153535,2,1,1.69723517448938,1,1
304,1.39555715820515,2.37154764744143,0,0,-0.854320430000748,0,0
305,0.0156464805412624,0.888503477928373,1,1,-0.894435239761565,1,0
306,0.467282885478603,4.67188340229704,1,0,-0.552491897919237,0,0
307,0.37278103341914,2.01331192942885,2,0,1.01394560406173,0,1
308,1.09384666088854,1.42833954654634,0,0,-0.823141523027806,0,0
309,0.227184127498832,0.540092174059149,1,1,-0.851544366657841,1,0
310,0.316227082577017,2.05239785392489,2,1,0.34795967988928,1,1
311,1.11855139330329,2.83749689348042,0,0,-0.261923267748765,0,0
312,0.244351117871702,6,0,0,-0.425169935929457,0,0
313,0.293927817508843,1.58659122160261,2,1,0.109895411430703,1,1
314,0.480811311345961,0.675336051662721,1,0,0.553175159622131,0,1
315,0.737172159780231,1.28231508376618,2,0,0.312893756166755,0,1
316,0.00853799490465058,2.21914850178826,1,0,0.794698775170046,0,1
317,0.557314750428001,1.02202310520096,1,1,0.979626151005691,1,1
318,0.0684927021049791,1.18580733965401,1,0,-0.051961070032584,0,0
319,2.07285732113842,2.77280231691858,2,1,0.808072492954102,1,1
320,0.64016643135498,0.731808122662081,1,1,0.420588238832597,1,1
321,0.537249168638207,1.01035821398236,2,0,-0.0369059359486646,0,0
322,0.143519984664402,0.475172979293054,2,1,0.951776333731668,1,1
323,0.0566937308758497,0.584913067668273,2,1,1.42878102013209,1,1
324,0.101436492941383,0.508220680976891,1,0,-0.769510732121694,0,0
325,1.35660128870244,1.3777302582603,1,1,-0.877614868118851,1,0
326,0.233718949473567,0.621410568465659,2,1,-0.0498111656711104,1,0
327,0.868536116922577,1.36529846607245,1,1,-0.156542882229278,1,0
328,0.0903545992655887,2.10725055867713,1,0,0.369353581225441,0,1
329,0.328762170731721,1.0647086901156,1,0,-1.78586398891205,0,0
330,1.42296150425541,1.73179707541556,2,0,-0.643794881351354,0,0
331,0.234859518598613,0.480926204454158,2,0,-0.124261288324261,0,0
332,0.411245465899507,0.468319442050961,1,1,-0.0710796083714369,1,0
333,0.145188781639768,1.10145512852291,2,1,0.410852470947373,1,1
334,0.40504346963846,0.480909097426878,2,1,0.234227246380489,1,1
335,0.320824632229299,1.78186418433918,2,0,0.460687218877495,0,1
336,0.789479297469803,2.6935687349207,2,0,-0.392080424060761,0,0
337,0.979103712805483,2.01226321745931,2,0,0.925727482188207,0,1
338,0.478312724476887,0.540219243705476,1,1,-0.460289039408983,1,0
339,0.492266811660519,0.576939442087662,1,1,-1.5718862190049,1,0
340,0.00583635487904151,1.02415324881479,1,1,-1.47674558512718,1,0
341,0.502118269602458,0.660200992218111,1,1,0.20474644403873,1,1
342,1.64324207635988,4.55655212690448,1,0,1.20155219530768,0,1
343,0.262768148548073,2.02042307680395,2,0,0.35859082622358,0,1
344,1.12897410363258,1.52424095696888,1,1,-0.221219494560664,1,0
345,0.0944478359694282,0.444384931224548,1,1,-0.242153239931322,1,0
346,0.045289214701386,1.38324986908789,2,0,-1.12723525692196,0,0
347,0.0592409571011861,1.93502903530139,2,0,-0.321110946132583,0,0
348,0.371457588238021,0.38446852316459,0,1,0.883851478431651,1,1
349,2.28270201624039,2.64530139755618,1,0,-0.417167068756349,0,0
350,0.0230492232367396,4.10490276909784,2,0,-0.287183413037144,0,0
351,0.271823689238065,0.469259798674083,1,0,-1.87753004804772,0,0
352,1.16216081227112,2.18267039178177,1,1,-1.30394021992764,1,0
353,0.124376795939028,0.468903090639962,1,1,1.12818251157448,1,1
354,0.0465409975084994,0.694095548517633,1,1,-0.7710230339292,1,0
355,0.316858439504048,4.3307823967127,1,0,-0.74595688292305,0,0
356,0.213092740376041,0.9696357169499,0,1,-0.0381718367469761,1,0
357,1.09423609756233,1.25889636967572,2,0,-0.258243754571176,0,0
358,0.355029247390727,1.01763658885786,1,1,1.84618557693993,1,1
359,0.300546601518161,1.55828960024261,1,1,0.359150187174327,1,1
360,0.2051453349284,1.26310238229007,1,0,-0.842382740920371,0,0
361,0.445206931067838,0.63919897322779,1,1,-2.35774390549028,1,0
362,0.165182530052132,1.05424311114406,1,0,0.561944743178329,0,1
363,0.297705574617812,1.35922100381187,1,0,-0.953558967250276,0,0
364,0.115802305129667,0.526611163194314,1,0,-0.593839000906159,0,0
365,0.830859544556437,1.74730848911337,2,1,0.173374949033379,1,1
366,0.309647091457413,1.55935578145648,1,0,0.804973619111703,0,1
367,0.259471252664096,0.275303938318488,0,0,0.187444792277804,0,1
368,1.17002168562149,1.48090646233565,1,1,0.146369655136631,1,1
369,0.441149845719337,1.96026912890375,0,1,-0.979945600019141,1,0
370,1.71085139675132,1.86776764304846,2,1,1.44245554887978,1,1
371,0.153674902394414,0.19603578963748,1,0,-0.32008934020916,0,0
372,1.27738584759634,5.92540477215679,2,0,-0.589028876006232,0,0
373,0.396554774294297,0.692320717350585,2,1,0.21548533914825,1,1
374,0.0858522827426593,0.785365292129496,1,1,1.70277724318234,1,1
375,0.161348964708547,0.50324821770859,2,0,-0.264252862952123,0,0
376,0.590033422534665,1.07448219632109,0,0,1.83758085849674,0,1
377,0.396545220782228,0.40924730912798,2,0,1.23503073457033,0,1
378,0.180089625322984,0.378463405259927,1,0,1.18094465155855,0,1
379,1.50737657724455,3.54645952071087,2,1,0.0663515759302712,1,1
380,0.612361500971019,0.865956537628637,1,0,-0.226600078843345,0,0
381,0.333878366897504,0.389177070024994,2,0,0.085336903204912,0,1
382,2.01256778909699,2.14344013303185,2,0,1.80713041493232,0,1
383,0.085850044981473,0.875506244626875,2,0,1.00604122758843,0,1
384,0.056841068694161,0.821570553498883,0,0,0.896084490300242,0,1
385,1.19990184794997,1.22168627211154,2,1,-0.00799367804035416,1,0
386,0.0158765875837869,0.201513055776011,1,0,0.425096611662686,0,1
387,0.0467487913293877,0.37896892985782,1,0,-0.110391983075172,0,0
388,0.677908542566001,1.66923095968411,2,0,0.124121163668782,0,1
389,0.22033827793267,0.378886468490627,1,0,1.48779909764796,0,1
390,0.90022389772337,1.20327403006135,0,1,-0.115959756349619,1,0
391,0.20536689821959,1.54425965793917,0,0,-1.27906295764074,0,0
392,2.11366894453724,2.90039513260126,0,0,-0.634953727644451,0,0
393,0.356640323464602,1.08670143401295,1,1,-0.941725767726394,1,0
394,0.117510330494706,0.676090567365001,2,1,-0.103821593922986,1,0
395,0.872938252083984,4.2212482355535,0,0,0.0926665904738091,0,1
396,1.01773162781664,1.24564707100693,1,1,-1.19398873561557,1,0
397,0.122350569731459,0.134031953143842,2,0,0.213253663992525,0,1
398,0.0371273942629131,0.424037171882995,1,0,-0.703109421810168,0,0
399,0.762734570437008,2.54384746809032,1,1,0.274840283687482,1,1
400,0.366129447568091,0.958206108770476,1,1,-1.71914231698582,1,0
401,0.184164952909256,0.228760042126817,2,0,0.857363937957575,0,1
402,0.481532133287854,0.92645756095335,2,0,0.515399621226121,0,1
403,0.39326189758463,1.24188498253983,2,1,0.693293344334155,1,1
404,0.434100489244325,0.910417711741251,1,1,1.13888663974639,1,1
405,0.164971658959985,3.55949586116667,1,0,-2.26875121341215,0,0
406,0.0695633867548572,0.46090779632103,2,1,0.338144280701111,1,1
407,2.10361173160145,2.67053901528319,0,0,0.145564055672681,0,1
408,1.394824340065,2.52239818063875,0,0,-0.488281544161309,0,0
409,0.385229899030593,0.933054017873199,1,0,-1.19271898327773,0,0
410,0.297986093982628,1.60152844546496,1,1,-0.145380664640395,1,0
411,0.323869483227916,1.88465448372201,1,0,-0.0294145437982849,0,0
412,0.733380333727433,1.40870573907429,1,1,1.1582716055683,1,1
413,0.604022533322374,2.17077118129454,1,0,-1.18701415753203,0,0
414,0.818724440777978,1.61207729066243,1,0,-1.23871761446846,0,0
415,0.069775679657811,0.442550216601175,2,0,0.240022050819479,0,1
416,0.0187846486003978,0.618798580388677,1,0,-1.34064442617846,0,0
417,0.752688466260831,1.23276649460329,2,1,-0.921242444967697,1,0
418,1.30344307252402,3.12903838853041,0,0,-0.865133348998119,0,0
419,0.0263870226501609,0.412132382556927,2,1,0.340733553292897,1,1
420,0.129869110080111,0.316379139414828,1,1,1.18684594715816,1,1
421,0.0311946945700827,6,0,0,-1.1616359563788,0,0
422,0.797427073576716,1.59359599380466,2,0,0.595537168770526,0,1
423,0.932150288541794,1.35405849463713,1,1,-1.15253520513066,1,0
424,0.187224916492899,0.20419400446239,1,1,0.373362911664244,1,1
425,0.247975779243273,0.39738689995071,2,1,1.36750940491701,1,1
426,0.60977893748375,1.29139900687229,1,0,-0.683354474532376,0,0
427,0.427142783689002,0.571654942946533,1,0,0.0136616081981423,0,1
428,0.125680763560933,0.132525849806843,1,1,-0.217764356688989,1,0
429,1.10704188644358,2.93455569165065,2,0,0.0437329451247335,0,1
430,1.29064527542526,1.4883338942556,1,0,-0.0030155911254688,0,0
431,0.171404185497926,1.93904623835674,1,0,0.2364195900666,0,1
432,0.278595446870819,0.359030770811831,2,1,-0.230021194903226,1,0
433,1.07794682697589,3.23906136830234,1,0,1.15907843882389,0,1
434,0.386259500454697,0.665044119877628,1,0,-1.92464934586997,0,0
435,0.28713713451806,1.55127197119833,2,0,0.159500843646146,0,1
436,0.11135923417492,1.09178193979565,1,1,-0.314750961655396,1,0
437,1.19963757482139,1.40186898886684,1,0,-0.486533390799705,0,0
438,0.952372961734414,2.27681690129959,2,0,-0.116705168804164,0,0
439,1.14027464757662,1.76679031322065,1,0,-1.56048610884771,0,0
440,0.00851528977768289,0.103006520338872,2,0,1.59439686604163,0,1
441,0.294347179846631,3.22033216763128,2,1,-0.281964436039552,1,0
442,0.496386617111663,1.70206659488095,1,1,-0.830115389745636,1,0
443,0.760017960953216,1.5671285906317,2,0,0.740171010235732,0,1
444,0.930480865921921,1.78296409482375,2,0,1.21913249053224,0,1
445,0.201849584053788,1.03988066544084,2,0,-0.365261554493756,0,0
446,0.833618200427305,0.92439665600268,0,1,0.51953710221048,1,1
447,0.441110226459639,0.748617785766796,2,1,0.379395357161829,1,1
448,0.757750350361069,1.34325172104665,2,1,0.149068196088725,1,1
449,0.198883567936718,0.583216979890012,2,1,0.666475119136622,1,1
450,0.0651816371828318,0.415363538484724,2,0,0.159930182168209,0,1
451,0.790509509768772,1.23585587987325,1,0,-0.262314205173719,0,0
452,0.00460826636602481,0.390031127996511,2,0,-0.0103137068003169,0,0
453,0.207817438058555,0.909076948150048,1,1,-1.84674187879075,1,0
454,0.327880037948489,0.393980453645456,2,0,2.59393050002879,0,1
455,0.0322673428389761,0.167890224154884,0,0,0.897590695555668,0,1
456,0.236847906683882,0.586630569187096,1,1,0.935400124847236,1,1
457,0.64052499882463,1.40313329794216,2,1,0.381168830025248,1,1
458,2.2656159039895,6,0,0,0.920367778309094,0,1
459,0.948058473313531,1.32439060782891,1,1,-0.38142058158962,1,0
460,0.0137230412413677,0.330427698791027,0,1,0.313483816370467,1,1
461,0.523026580922306,0.848980068611599,1,1,0.0196217764195665,1,1
462,1.18647377415963,3.26331335477471,2,0,0.0684996862716663,0,1
463,1.32051969149346,2.6530051852266,0,0,-0.782076817318796,0,0
464,0.363497718547781,0.500906025204262,1,0,-0.498379140106974,0,0
465,0.368933319114149,1.41073836309804,2,0,-0.555311231893387,0,0
466,0.368464600108014,1.0810091903618,2,1,0.283719048617798,1,1
467,0.237528682272467,1.64577268824124,2,1,0.0908091357861137,1,1
468,0.0836063422636832,1.94224020679002,2,0,1.26894862957498,0,1
469,1.15498161663083,2.41322286407941,2,0,0.582273368537864,0,1
470,0.254110619425774,2.36127909570645,2,0,0.603041792847453,0,1
471,0.323641081827001,1.86112439525399,2,0,-1.07667820238261,0,0
472,0.9114785336733,1.23249354198029,1,1,-0.174359756432159,1,0
473,0.280420455698495,1.30158566217179,2,1,1.09478793139825,1,1
474,0.459869413564567,1.14150601861268,0,1,-0.00271708943992684,1,0
475,0.216550026088953,0.844856469807396,1,0,1.68554372436966,0,1
476,0.0348999298746007,0.530093750125006,1,0,-1.21711929506931,0,0
477,0.0922398745185799,1.01120013056384,1,1,-1.98997198814057,1,0
478,0.27069373211513,1.57041864780088,0,1,-0.277200783343224,1,0
479,0.0313667777097887,0.246848516854922,1,1,-0.329398018695819,1,0
480,0.0897599415232738,0.149822284616858,0,1,-0.906019124136513,1,0
481,0.327691919486509,3.88712766877392,1,0,-0.0882255468274468,0,0
482,0.146399030474812,1.37069633640342,1,1,-0.297394238455291,1,0
483,0.531514119876105,0.55441767280905,1,0,-0.562649442023714,0,0
484,0.130068091675639,0.423445504628558,1,1,-1.31779558478465,1,0
485,2.62668375118809,6,0,0,0.051763586547715,0,1
486,0.187164441557921,1.35268436686816,2,0,0.409851757859332,0,1
487,0.670149753698044,1.02849882860389,2,1,0.107617849952028,1,1
488,0.11790047948356,2.14595490693409,1,0,-0.390827594079508,0,0
489,2.48322641049065,2.95843399418945,2,1,0.190937271867563,1,1
490,0.335091096349061,1.29250318033816,1,1,0.392014643153903,1,1
491,0.0320390922327836,0.296243299976128,0,1,0.873321737998401,1,1
492,0.659488670838376,4.35074968263507,0,0,-1.46165661327275,0,0
493,0.2752568345103,1.05900332021217,0,0,-0.0203650645154926,0,0
494,0.0421753220956831,2.04807064494844,2,0,-1.0391032471471,0,0
495,0.125137725327578,1.68080470929602,2,0,-0.111193701976209,0,0
496,0.694563852416144,2.14315353889816,1,1,-0.441848895665602,1,0
497,0.443076924420893,1.76763313529603,1,1,-0.242795036696883,1,0
498,0.330861818252338,0.531642164374025,1,1,1.08789833942453,1,1
499,0.676960508959989,2.47375272351866,2,0,0.272764466119979,0,1
500,0.20461375411186,2.5911565610187,2,0,-1.04733701881792,0,0
501,0.341872396982378,2.2996864484239,1,0,-0.826738371820117,0,0
502,2.24385524573196,2.30331910437967,1,1,-0.319150859864821,1,0
503,0.186267830786565,1.04786905625275,2,1,1.19583141804903,1,1
504,0.840304431769265,2.06020875796639,1,0,-0.369285962124897,0,0
505,0.102866956628174,2.77384795218031,1,1,-0.191111139227279,1,0
506,0.17552607017913,1.19368704557536,1,0,-1.55515578050064,0,0
507,0.0351909475608004,5.20159780576486,2,1,-0.0327076909868812,1,0
508,0.297119990526694,1.46363294072559,2,1,0.295498121826361,1,1
509,0.236864785080851,0.239165056670633,1,1,-0.116063979664329,1,0
510,0.20519005600363,4.61132117857536,0,0,1.45640689399347,0,1
511,0.198380486625764,0.706366657354271,1,1,-0.501813477544212,1,0
512,0.078271486431842,2.16352568167745,1,0,0.370350108363746,0,1
513,0.130426596022314,1.22379127968363,1,1,-0.96933015786108,1,0
514,0.190106324763307,1.68835918175034,2,0,0.592894865173382,0,1
515,0.0298107647155904,0.204260082269218,2,1,-0.570656193199972,1,0
516,0.0270731591254771,0.36942205682332,2,0,1.51822235246971,0,1
517,0.292344129023453,0.558868537359576,2,0,1.25969985293133,0,1
518,0.774892695040061,4.0123456168496,2,0,-0.968625190144322,0,0
519,1.07024483688475,1.73836851561721,2,0,0.108128284972418,0,1
520,0.264809312787727,0.801473933329388,1,0,-0.321152799440456,0,0
521,1.09286498777769,1.5246923301304,2,0,0.935212899139783,0,1
522,1.41046709686817,2.31365507561008,2,0,-0.00220881751500681,0,0
523,0.025995757120351,1.73231475464119,1,1,-1.28251832051002,1,0
524,0.446625786005623,0.693963801412066,0,0,-0.803762240548423,0,0
525,0.262563464024829,0.38237310670181,1,0,0.288465645433663,0,1
526,2.08293637044499,2.87908680771621,2,1,-0.568792464954199,1,0
527,1.43774883713459,2.51159075648158,2,0,0.106454972844518,0,1
528,0.555880348094636,2.30531515103534,1,0,0.693311966526628,0,1
529,0.883725285920487,2.27866096465719,2,1,-0.711919557475123,1,0
530,0.468005955012308,0.939589894618036,1,0,2.21926291581231,0,1
531,0.280646328002972,2.05522614076882,2,0,-0.12399388231559,0,0
532,0.397017838226424,0.555782106661154,2,1,0.813340447751933,1,1
533,0.718771223910153,2.12676133650257,2,1,-0.649189031615807,1,0
534,1.1303680602727,1.56344173192051,1,0,0.538926215466582,0,1
535,0.697038701424996,3.61277572226309,2,0,0.293796374543547,0,1
536,0.0539461419814163,1.81998452337611,1,1,-1.24789352457142,1,0
537,0.578003074878841,1.11191118840444,1,0,0.631888205779603,0,1
538,0.73383841301418,0.782873059443973,0,1,-0.264406065294187,1,0
539,0.615513085180687,3.43611235921003,2,1,-0.788151954575122,1,0
540,2.44570579844419,3.84190859583517,0,0,-0.617294931951756,0,0
541,0.287048255060442,0.31590940431489,0,1,0.270532674040612,1,1
542,0.202685236335895,2.63711286509847,2,0,-0.0461337360078038,0,0
543,0.796183775937094,0.847778826331099,0,0,0.982864305462787,0,1
544,0.0455118907201621,0.696849487202589,1,1,-0.307003055564399,1,0
545,0.674502635374665,1.36262691723897,2,0,0.514231153136121,0,1
546,0.135602452792227,2.01548285055486,2,0,1.15647930518238,0,1
547,0.336520912436148,0.689539449910323,0,1,0.64587715236958,1,1
548,0.0568532716068957,1.12267833070872,1,0,0.605536694276379,0,1
549,0.486567447789841,6,0,0,-0.40931151370844,0,0
550,0.746157840929098,1.67254892806774,1,1,1.12427964553843,1,1
551,0.176494436889164,0.917426586935841,2,0,0.703720152125323,0,1
552,0.555903387980329,1.13793260176767,2,0,-0.47469395483519,0,0
553,0.365292945773237,0.441104428707341,1,1,-0.841188933134418,1,0
554,0.0490978717183073,0.994383466934995,1,1,1.18748849768139,1,1
555,1.18966101043226,1.42418629872509,0,1,0.292548095988908,1,1
556,1.54578235689793,1.71039247267375,2,0,-0.490870320937379,0,0
557,0.125526640460723,4.16669574876626,0,0,-1.08908056349388,0,0
558,0.496920406197508,1.38851128058251,2,1,-0.244867658151013,1,0
559,0.488239909108314,1.11491053150381,1,0,0.315598665080355,0,1
560,0.120254014101293,0.725778492210301,0,0,-0.124829382041834,0,0
561,0.624337308626208,3.79226227494642,2,0,0.0768654664309014,0,1
562,0.457805632319139,0.768474652747516,1,1,0.397385571465659,1,1
563,1.79990705507268,1.89537782222033,0,0,0.65220662919521,0,1
564,0.0347034043415773,0.258031986076584,1,0,-0.309554694447294,0,0
565,0.111452357636558,1.48946123464484,1,1,-0.578722515000133,1,0
566,0.451329759736028,0.479124216362834,0,0,-1.93569126678264,0,0
567,0.426908532280488,0.808857729037603,0,1,-0.133951372748179,1,0
568,0.361657626926899,0.607849479877898,1,0,-1.59018952697614,0,0
569,0.351438375200985,2.74658834348038,2,0,1.07964432697062,0,1
570,0.0984594784677029,0.244499603249362,2,0,0.0999843458130347,0,1
571,0.00911561507726375,3.37136843637131,1,1,0.737758275697857,1,1
572,0.666457542425228,1.99527808270907,2,0,-0.259168125615993,0,0
573,0.110610300010029,0.749126706350138,1,1,-0.32698246844768,1,0
574,0.0586033824624287,0.719050432865818,0,0,-0.427266073332335,0,0
575,1.52010213889481,3.60865691068255,1,0,-0.137651474118098,0,0
576,0.279232931054868,0.455980116716877,1,1,0.116861155712955,1,1
577,0.129861547611654,4.75421232053728,1,0,-1.08575319811866,0,0
578,0.265773415323537,0.38205506428258,1,1,0.787318871927865,1,1
579,0.60395527838005,1.75330672239726,2,0,-0.996397386828331,0,0
580,0.0904701660490698,1.6295970455532,1,1,-0.316230302238707,1,0
581,0.662182490858767,2.17274007262431,2,1,-0.725631789157284,1,0
582,0.0685215705971488,2.36069410242143,2,1,0.113025742590901,1,1
583,0.0710763052726785,0.903390382253722,1,0,-0.450108511797532,0,0
584,1.5763350540375,1.59284233170864,2,0,1.57577704773568,0,1
585,0.598465228039357,0.964246033318164,1,0,0.338167679343739,0,1
586,0.475118342848544,2.19405592705022,2,1,0.702295407277932,1,1
587,0.196488876008437,1.53423773958121,2,1,-1.47715147735506,1,0
588,1.59057443124323,2.9425268671419,2,1,-1.26548491480054,1,0
589,0.229682296090061,0.53132821352745,1,0,0.587994833610674,0,1
590,2.09668483575784,3.37992752591769,0,0,-0.136724029592503,0,0
591,0.172024936311775,0.694852621855588,1,1,-1.71355730174236,1,0
592,0.135799812980824,0.488417934212995,2,0,0.315120422029982,0,1
593,0.214244562408163,1.74817627706674,1,1,-0.339385005450687,1,0
594,0.0908665364155321,0.208797149952003,1,1,0.216226345101947,1,1
595,0.133811936506795,0.594097402631053,1,1,-1.14280962695578,1,0
596,0.113430588195721,0.356433800043572,2,1,1.37172278383954,1,1
597,1.34731968963611,5.71651409817775,1,0,0.0781505013940609,0,1
598,0.253226409355799,0.417502990510236,2,1,0.201180391228181,1,1
599,0.426037833809227,2.17200331734794,2,0,0.271762348551301,0,1
600,1.0999120367845,1.24010863093065,1,0,-1.20364990612935,0,0
601,0.0702137808817435,0.881528680448859,1,0,-0.245549404524022,0,0
602,0.597241064533591,2.06384703938721,1,0,-0.150577799181066,0,0
603,0.891633779798627,1.05439416154688,1,1,0.409434486556501,1,1
604,1.99194562030943,3.22627057631811,0,0,-0.464747125098627,0,0
605,1.39266142099567,1.6608082100161,1,0,0.144512541716203,0,1
606,2.51561884029942,5.35318200204825,2,0,-0.271797307751841,0,0
607,0.402181193542977,3.02181753640374,0,0,0.609390894384473,0,1
608,1.77693352687862,1.81432230773766,2,1,-0.32480507367081,1,0
609,0.791698351142059,4.79250392538118,0,0,-1.31022142000916,0,0
610,0.773884949810767,1.70711849906673,2,0,0.275794385008556,0,1
611,0.140320191721425,0.916188993773186,1,0,0.399369571872875,0,1
612,1.64751807011435,2.00533646507096,1,1,-0.224054853461316,1,0
613,0.021595584179707,1.01295802133325,1,0,-0.865175257656453,0,0
614,0.229919768275379,5.90519904306223,2,0,-1.48365684598048,0,0
615,1.00993739876353,4.20832040586821,1,1,-0.696353559812237,1,0
616,0.804065226203054,0.948093496873184,1,0,1.5033773056717,0,1
617,0.328583831955559,1.25117403110966,1,0,-0.409495226993675,0,0
618,0.240949869880246,3.69731516334701,1,1,0.525276433010014,1,1
619,0.353699593989113,0.437343425869473,1,1,0.091012042126268,1,1
620,1.13639629648263,2.57668269487719,0,0,-0.350564863057898,0,0
621,0.24556877453708,2.77102283602903,2,0,0.530057024098373,0,1
622,0.569387155895432,0.586589213602599,2,1,0.38124110694655,1,1
623,0.187873217380709,3.24617729832729,0,0,-1.04817237361429,0,0
624,0.196908763577858,1.31844735157464,1,0,-0.877781859110919,0,0
625,0.0411548930102261,0.112068942213646,0,0,-0.534741872007002,0,0
626,0.00834752289480781,0.0862930691630517,1,1,-0.606008625584783,1,0
627,0.138599270705156,1.03116749611738,1,1,-0.177229317328051,1,0
628,0.892568410637988,2.25160252493967,2,1,0.0283891369804953,1,1
629,0.547290825181537,0.808628097897161,1,1,-2.12281232980506,1,0
630,0.696976552199986,1.58981858431641,1,0,0.71420967569113,0,1
631,0.169444889244106,0.682885842862857,1,0,-0.279743572067777,0,0
632,2.49605961336928,5.51750071279559,0,0,0.0830903435546985,0,1
633,1.40589603988293,4.88163704344177,2,0,-0.249218352843335,0,0
634,0.0186313375502588,0.0861467431344142,2,0,2.45015382008597,0,1
635,0.182932221020261,1.54247745527193,1,0,0.651979234340388,0,1
636,0.223029340203438,0.894865098045704,1,1,-0.656999072762413,1,0
637,0.339139576121416,1.11773290683424,1,0,-0.577036094536388,0,0
638,0.243079175965654,1.50022018039052,1,0,-0.0209724151852264,0,0
639,0.749901347897119,3.25421791834136,0,1,1.25744155214462,1,1
640,0.417459424481624,3.0949001696541,1,1,-1.34648656083695,1,0
641,0.241071379324899,0.406109125157005,1,0,-0.0381336349207714,0,0
642,0.52022031818827,1.32100685951071,1,1,0.505859018904404,1,1
643,0.0233737224092086,0.625249589991667,1,0,0.444635511173975,0,1
644,0.163263925962711,1.30304895962278,0,1,-0.215150685731633,1,0
645,0.0440160852546493,0.461969090310987,2,1,-1.20350042522477,1,0
646,1.27367736353114,1.90907565765728,1,1,0.36749027053657,1,1
647,0.143879215521047,3.68191108493745,1,1,0.127072577026289,1,1
648,1.02522039056951,1.34109205846708,2,0,1.2075546736369,0,1
649,0.0780959100444071,0.697827775785227,1,0,-1.21697334983255,0,0
650,0.383772396335088,0.397703295526997,1,1,0.139930875346966,1,1
651,0.344547861152225,0.775595090041558,0,1,-1.71357311766282,1,0
652,1.01422640400228,1.63787056380354,2,1,0.495324469843806,1,1
653,0.112253186396427,3.36369252223305,2,0,-0.868452094597097,0,0
654,0.834435279330956,1.49242747331522,1,1,-0.0355509610186175,1,0
655,1.70678620734747,4.840615675454,2,0,0.279901534943399,0,1
656,0.292643262590799,0.48592472453841,1,0,0.159734537320511,0,1
657,0.150651538829286,1.98100908181265,2,0,1.39753685359778,0,1
658,0.106050353497267,0.562215057079021,1,1,2.10739327226709,1,1
659,0.0215166433405752,1.4779237303487,1,0,-2.31312969393626,0,0
660,0.711581852907936,2.08060365338722,0,0,0.348794535794532,0,1
661,0.426414465832016,1.3984859515948,2,0,0.941065235760385,0,1
662,0.398518412063519,2.10552657777781,2,0,0.30693969315891,0,1
663,0.153693319298327,0.363290287911907,1,0,0.152708815339565,0,1
664,0.0324469877199994,0.702430944601078,1,0,0.903711110988663,0,1
665,0.366592769924965,0.786916272336778,0,0,-0.0754711348959048,0,0
666,0.339132799870438,0.628904093548803,1,1,-1.76543328543379,1,0
667,0.882629255428892,1.01434445769431,2,0,1.06481236867638,0,1
668,0.377779334727735,1.7392417793924,1,0,-1.59405903329431,0,0
669,0.148850866179499,1.73888703128406,0,0,-1.22522508773683,0,0
670,0.748974152633713,2.17181192400555,0,0,-0.638656472159147,0,0
671,0.0925646290370172,0.538088183482036,1,1,-0.492285844899432,1,0
672,2.91674092604952,6,0,0,0.298248098080123,0,1
673,0.42322335143884,1.38702854560046,2,1,0.666434201189209,1,1
674,0.0953999534249306,0.944364650415042,1,0,-1.68891906756366,0,0
675,0.235330077509085,1.16713152663705,1,1,0.318772622962282,1,1
676,0.0447825651732812,0.858719086877315,2,0,0.296154486840439,0,1
677,0.370414026288523,0.904221155991157,0,1,1.14369245669001,1,1
678,0.139526582275704,0.390000340300667,2,0,1.32736407456821,0,1
679,1.08054139587825,2.41948620999655,2,1,0.352145593848652,1,1
680,0.349854623058082,2.33458283148817,2,1,0.465318998454568,1,1
681,0.0481095972160498,0.236607240378914,1,1,-1.80602528414701,1,0
682,0.208368488173518,0.586950804850979,2,1,-0.768362016907652,1,0
683,0.355964286977218,0.405335376193839,1,0,-2.19741874305312,0,0
684,1.04144152785224,2.69856084929981,1,1,-1.11429145363735,1,0
685,0.337664448759622,0.959152468099512,2,0,0.00069738426280551,0,1
686,0.305479783233163,3.75735486094654,1,1,-1.05221372811725,1,0
687,0.63801512018674,1.48440464119442,1,1,-1.20154225510529,1,0
688,1.19287340897124,3.72710360882513,2,0,-1.0300967120374,0,0
689,0.153869463441273,0.446530873763012,1,0,0.0454430293672389,0,1
690,0.730780883588725,1.31817991328494,1,1,0.854947330900253,1,1
691,0.437316603751646,1.11584218034315,1,1,-0.507277092779673,1,0
692,0.174977232223856,0.240368169421951,0,0,-1.14518814524311,0,0
693,0.153425655120777,3.52543956788434,1,0,-0.117476779621343,0,0
694,0.672864524854554,1.42370665774351,1,1,0.216072709994376,1,1
695,0.584590156148705,1.31915561850601,0,0,-0.393646956788564,0,0
696,0.219378421704671,1.47551519222973,2,1,0.349938055342245,1,1
697,1.12783517557114,2.58305380741755,0,0,-0.869428101599267,0,0
698,1.23276111044289,1.54046672603635,2,1,-1.33219752478178,1,0
699,1.07869907769508,1.20941037098122,2,0,0.257393774523555,0,1
700,0.779751088009623,0.844587549533394,1,0,-0.0471960725707978,0,0
701,0.320818228795256,0.869111833165446,1,1,0.666596871938177,1,1
702,0.0977308334161838,0.396751872943659,2,1,0.873518082659572,1,1
703,1.67791199521382,2.00834953771229,1,0,-0.787150768430149,0,0
704,0.411265090491443,2.01621330749632,2,0,-0.505228570512669,0,0
705,0.148518732748926,0.22004552828392,1,1,0.460855287562281,1,1
706,1.4589247086343,3.96301818607979,2,0,-0.125421639667806,0,0
707,0.00520185826139318,0.477281328622406,1,0,-1.14487468778177,0,0
708,0.151781482725508,4.35112618249149,1,0,0.00907974605467013,0,1
709,0.805556019168551,3.12463832890566,1,1,2.21783812235842,1,1
710,0.125610764935435,0.506312797466914,0,0,0.647368857139008,0,1
711,0.0910858784077896,2.53347295646866,0,1,0.563315456871703,1,1
712,0.504109303260015,2.19030464818809,2,1,0.544518750238155,1,1
713,0.312066546951731,0.617270841985502,0,1,0.642158383261969,1,1
714,0.401337624340389,0.504992004946375,1,0,0.276022741913695,0,1
715,0.843069775811182,0.867161953079005,2,1,0.158716556666446,1,1
716,1.06313446738953,2.67494080315204,2,0,-0.0561018137563495,0,0
717,0.225961472341739,0.474941998241449,1,0,-1.21473533031032,0,0
718,0.422694038555065,6,0,0,-1.51797926934117,0,0
719,0.0997948030795558,0.260793712175642,1,1,0.769809555808935,1,1
720,0.139750382923125,0.360250243222535,1,0,-1.22031040897503,0,0
721,0.197029085829854,0.616106290228808,1,1,0.741327160824152,1,1
722,0.278484344331429,0.90201539399289,1,0,1.14145128516169,0,1
723,0.0931767831654492,1.91073631212835,2,0,0.286338061336397,0,1
724,0.166877322416339,1.74724896664866,1,1,-1.73335121769893,1,0
725,0.389801054779026,1.14530063325453,1,0,-1.35719197274769,0,0
726,0.645809095456368,0.804201139204598,1,1,0.798251213310193,1,1
727,0.503663824767702,0.547026507556438,0,1,0.245354859690302,1,1
728,0.524530169976469,0.715428672841756,1,0,0.0172509844131197,0,1
729,0.424752916830281,3.26768379692754,1,1,0.0465285735976237,1,1
730,0.142890722016266,0.634164719793727,1,0,-1.8460766366974,0,0
731,1.82530730953418,2.15380247398288,2,0,-0.968001824693039,0,0
732,0.0716049605496878,2.23864739220862,2,0,1.0757981770899,0,1
733,0.514026334405773,1.6525275349743,0,0,0.468681152271222,0,1
734,0.22225097908328,0.815969618054521,1,0,-2.93483786127066,0,0
735,0.63541368374394,2.85334210540381,1,1,-1.20208291945724,1,0
736,0.69995834854328,1.32702317583173,1,0,0.342000482365622,0,1
737,0.695119412710408,3.17518046386529,2,1,0.103066997489296,1,1
738,0.334056170346836,0.346303396618466,1,0,-1.09744960073248,0,0
739,0.347549438787003,1.10885675347104,1,0,-1.5763775735461,0,0
740,0.0261082945184575,1.24079379308368,2,0,0.434804725163656,0,1
741,0.295654559714677,0.536339257157897,0,1,-0.101120434627106,1,0
742,0.558085895867811,1.87569154906311,2,0,-0.512931468503591,0,0
743,0.341053234102825,0.809908463252499,2,0,1.55184765960605,0,1
744,0.119535868122417,0.917802403370539,0,1,-0.667013475279937,1,0
745,0.0343617170842157,0.6108530408221,1,0,-0.854015778807765,0,0
746,0.407461087840299,1.04604494310468,1,1,1.88746074650786,1,1
747,2.58271820622256,2.61166380439797,0,0,0.0547037654823737,0,1
748,0.729499755220281,1.07505817173372,1,1,1.66822466721018,1,1
749,0.468898489036494,0.837022937814849,2,0,-0.27727790124127,0,0
750,0.0246038491731601,0.0879620284043904,2,1,-0.888543422766681,1,0
751,0.389879029244184,0.741917559273598,1,0,-0.977737595963568,0,0
752,0.198312004511011,1.21437363332487,2,0,1.07164669732251,0,1
753,0.165753228486412,3.85480171140554,1,0,0.136570272049017,0,1
754,0.0137802896400293,2.07548599042692,2,0,-1.73564641954905,0,0
755,0.186430183756683,0.196002275809846,0,1,0.0261049114308957,1,1
756,0.320332742159404,1.15114053376746,1,1,1.52234187978381,1,1
757,0.415344971439077,1.26047240022078,1,0,-2.56328218954385,0,0
758,0.187642165563173,0.462575805586396,1,0,-2.13542067604761,0,0
759,0.125576028412733,1.89754175336911,2,0,1.05111516942558,0,1
760,1.0360628531572,2.56648046306319,2,0,0.010862412442144,0,1
761,0.355923821011351,2.07360067591035,1,1,0.296478180597483,1,1
762,0.0367769780051377,3.03418656248952,2,0,-0.590930164327864,0,0
763,0.157254756842222,3.32318136087568,2,0,-0.814577532033133,0,0
764,0.170005679440995,0.763993064865596,1,1,-1.17616341820337,1,0
765,0.0289836650093397,0.785822167290892,2,1,2.2169371424218,1,1
766,0.0310929890515076,2.46769083238404,1,1,-1.09122973552643,1,0
767,1.08039566621484,1.72593634289395,0,0,-0.909984985933239,0,0
768,0.993421542308079,1.39406749568975,2,0,0.956969585118386,0,1
769,0.303836635106968,3.2517232435445,0,0,-0.266162598801701,0,0
770,0.115149098758896,4.283993554612,0,0,0.225846463437967,0,1
771,0.32053596754041,0.659452408710963,2,1,0.386798671100043,1,1
772,0.433763632964757,1.54371554683964,1,1,-1.80670961107479,1,0
773,0.128502289040221,1.5398887648985,2,1,-0.944273654290455,1,0
774,0.141039206271097,0.650474660758247,2,0,-1.64809004511538,0,0
775,0.324157691196525,0.514570804265576,1,1,-1.15153847851188,1,0
776,0.196139818160898,0.859017751775218,1,1,0.485141548471416,1,1
777,0.35372623539486,1.65244704747847,2,1,0.18799494663321,1,1
778,1.51527301507163,2.36517969355769,2,0,-0.504721762383579,0,0
779,2.69661531459196,2.76141422779761,1,0,0.254765073247139,0,1
780,0.689919313622846,0.850253229339918,0,1,-0.563088370308945,1,0
781,0.464246777507166,0.577537912592436,1,1,-0.0887251378088964,1,0
782,0.194476355947077,0.368040250905376,1,0,-0.51359480667453,0,0
783,0.128187861603995,1.06567698780902,1,0,-0.802725888472286,0,0
784,1.08188948796327,3.74214610084891,0,0,1.5778594539221,0,1
785,0.306757100754314,2.60536020037795,2,0,-0.0988499970727615,0,0
786,0.0698187933641641,0.381364171653903,1,0,-0.057091903668501,0,0
787,1.42772557416195,1.5822621321787,1,1,1.34769231265773,1,1
788,0.326390814133274,1.81737404667127,2,0,0.233408189877281,0,1
789,0.245583451084529,0.973718802755078,0,0,-0.263300671251627,0,0
790,0.357726601262887,4.47113560195798,2,0,-0.019341538932819,0,0
791,0.0186662987580026,0.104501458119952,2,1,1.56794184873571,1,1
792,0.295049641054283,3.52016521257719,2,0,0.105796191712673,0,1
793,1.98314711856116,2.12486983478148,1,0,0.639031165206049,0,1
794,0.901546408850024,1.03424361664513,0,1,-1.17458547971548,1,0
795,1.53016261234351,2.95205186724606,2,0,0.422815417519803,0,1
796,0.379230475777553,0.432000346546602,1,1,-0.437041519585493,1,0
797,1.16147701416878,1.50581988066452,2,0,-2.26173789051769,0,0
798,0.00264395183573167,0.417255688120072,2,0,1.18284059020719,0,1
799,0.69007384383844,0.861244327132122,2,0,-1.08011414441293,0,0
800,0.0447549220795433,3.66450615688236,2,0,-0.26481404518227,0,0
801,0.154000228374369,6,0,0,-1.34581054888991,0,0
802,0.0541190968619453,0.252889742445151,1,0,-1.31282759168822,0,0
803,1.52033995983607,2.30206131503101,1,1,-0.654166198340338,1,0
804,0.95395467963783,2.11104509110252,0,0,-0.141522924152109,0,0
805,0.263970220131944,2.24080183150169,2,0,1.61091525946682,0,1
806,0.497110671500374,1.67285015185674,0,0,0.56904538522908,0,1
807,0.248138245919512,0.274956904769914,1,1,0.373008893360649,1,1
808,1.81875776283214,2.90240543948705,2,1,0.671515376134163,1,1
809,0.559663936599261,1.99822280121549,2,0,0.587881479177882,0,1
810,0.013966616243124,0.501848655463084,1,1,-1.54370079968445,1,0
811,0.113421343784365,0.183962758524844,1,0,-0.935923518120026,0,0
812,0.288257855502586,1.62276278933009,2,1,-1.42824976166398,1,0
813,0.653870867358314,1.71901124294276,1,0,-1.17712362630115,0,0
814,1.60482696765598,2.52366691744943,1,0,1.39175470423537,0,1
815,0.103065136187398,0.676256036385894,0,0,0.396023020312457,0,1
816,0.0835598513690962,3.74573255353771,2,1,-0.743250154967603,1,0
817,0.265492861573067,0.490871680195416,2,1,-0.183034654041816,1,0
818,0.508544521033224,1.38472880054518,1,0,-0.345025525378598,0,0
819,2.23682117328647,3.12465118677898,2,0,-0.263977279263107,0,0
820,1.52765418605144,1.72287306946603,2,1,1.05878708935482,1,1
821,0.394074270605213,1.14042562060426,1,0,-0.342635189284823,0,0
822,0.277935377736059,0.967045538235477,1,0,-0.0427750658167911,0,0
823,1.37588251480925,1.3852268937521,2,0,1.18644895201064,0,1
824,0.360600396783816,0.476031947230158,1,0,-0.306948329227854,0,0
825,0.0297516211867332,0.0585078908687416,2,1,0.763967974919077,1,1
826,0.201372121357256,0.497501359311937,2,1,-0.491138707650926,1,0
827,0.263241014650298,0.444033428452811,1,1,0.218411894195286,1,1
828,0.774628352998282,1.69918304857224,2,0,0.752417494535644,0,1
829,0.433127252488501,0.435967181701565,2,0,0.740268369279251,0,1
830,0.205437606763748,0.23353651061084,2,0,0.129333240614038,0,1
831,0.224481526658767,0.717516052298644,1,1,0.0185602893058016,1,1
832,2.10340749670005,4.15803052094105,2,0,-1.57818119821177,0,0
833,0.382254535021881,0.878997634292526,1,1,-0.909498023202692,1,0
834,0.286418999585013,0.400748119379083,0,1,0.577192896269541,1,1
835,0.652548574532072,0.697516013829943,0,0,-1.50529945851991,0,0
836,1.69551033724284,3.19115107838949,2,0,0.280056318086928,0,1
837,0.479663422641655,1.21881752761862,2,1,0.838930031949093,1,1
838,0.597333361187743,0.786582046546001,2,0,1.26500320426435,0,1
839,0.35819337134146,0.512495915887446,1,1,1.10187723578714,1,1
840,0.208722587364415,0.254552682185116,1,1,-0.933264259643467,1,0
841,0.021282578728965,0.748950039836543,1,0,1.19683282318823,0,1
842,0.76371874091112,2.16914834157953,1,1,-0.329191301424399,1,0
843,1.7531056908164,3.14957230802149,2,1,0.352566297061578,1,1
844,0.215358570114606,0.374056076472154,1,1,-1.97639236059794,1,0
845,0.0653101675522243,0.223155843327063,1,0,-1.94124889889366,0,0
846,0.184717236811088,0.366112699018038,1,1,-0.239819167056176,1,0
847,1.46320093521941,1.96412768132132,2,0,-0.793071578462177,0,0
848,0.0943116377260643,1.30043471462087,1,0,-2.01617193835465,0,0
849,1.09992624152544,4.22768684659508,2,0,0.634510216886607,0,1
850,0.102310231886804,0.151793057209944,1,1,0.763500265394712,1,1
851,0.359950015942256,1.04534422096101,2,0,0.181168770526177,0,1
852,0.0214518763081383,0.727475211884814,1,1,-0.622703115260694,1,0
853,1.4351829265088,2.63993804343045,0,1,-0.321875647211328,1,0
854,1.54833722002851,1.60194101108418,1,0,1.05189174182541,0,1
855,1.58904739893772,2.09560534947287,1,1,-0.656917313899109,1,0
856,1.35855551390484,2.66143037778316,2,0,-0.0963138042143808,0,0
857,0.096433832958152,0.172532482322273,1,0,-0.0331975326272288,0,0
858,0.112977291837038,1.59061887422264,2,1,-1.77967992043482,1,0
859,0.367294818230695,0.669882159368175,0,0,0.5971804996659,0,1
860,0.188908115443256,1.2950392244087,1,1,0.234334695495499,1,1
861,0.453105389864908,1.18196049407743,1,0,-0.796116976525808,0,0
862,0.0963186199197813,0.11813316873584,1,0,-1.99597064542505,0,0
863,0.139197046971983,1.05059289063017,0,0,0.832559829068107,0,1
864,0.541674427481161,1.61553396918778,2,0,-0.736789467090687,0,0
865,0.201313704148763,1.25110459203521,0,0,0.369546207643678,0,1
866,0.0209747101915536,2.02593124945281,1,1,1.23671287523186,1,1
867,0.296767080617963,0.457985065423662,1,1,-0.612644588740348,1,0
868,0.127062155451212,0.183939574114707,1,1,0.419788385168485,1,1
869,0.143115297136709,0.896295784352013,1,1,-0.464609042632632,1,0
870,1.4938280441228,2.06391195841025,2,0,1.43554092869184,0,1
871,0.942001085182064,3.43348555647014,1,0,-1.80398770923875,0,0
872,0.032605550562342,0.0859721578930375,1,1,0.288957174702914,1,1
873,0.600985147369405,1.08478595884311,1,1,0.042992691509926,1,1
874,0.0828670578237617,1.82175727253008,1,0,0.492128272800704,0,1
875,0.0524691699279679,0.10451669023795,1,1,-1.30437414616997,1,0
876,1.06794136261246,1.51059989193919,2,0,0.238577094737827,0,1
877,0.160530182119045,0.351688783004478,0,1,-0.350322941061023,1,0
878,0.71019624101205,1.17599539042705,1,1,0.79612122705833,1,1
879,0.51930376224453,0.883116955302318,1,0,-1.46796988033636,0,0
880,0.356279459988905,3.30823936446524,0,1,-0.0722181884184079,1,0
881,0.397114641895723,1.06256605606037,2,0,0.172363318589349,0,1
882,0.511040431447327,0.824729920629195,1,0,-0.526989650553571,0,0
883,0.485481815930042,1.17428194138398,1,1,0.633875116173724,1,1
884,0.20725765369214,0.416154716454963,1,1,0.121448403727468,1,1
885,0.541256040645142,2.30148152213492,2,0,-0.59942618023699,0,0
886,0.412977883178327,0.542099078183108,2,1,0.811069109737096,1,1
887,1.95493459071321,2.80763789080083,0,0,-0.226960850592736,0,0
888,0.553534349633588,0.743332684688788,1,1,-1.5755259988231,1,0
889,0.227159704081714,2.32441360393647,2,0,0.889016962962499,0,1
890,0.0757729303505686,0.124459339299177,2,0,0.734994181585743,0,1
891,0.728758350014687,1.17294252850115,0,0,1.31509995771427,0,1
892,0.931074305139305,1.58424661406792,2,1,-0.58964608043609,1,0
893,0.178010083283908,3.79567771902499,2,0,-0.516421666073309,0,0
894,0.0588643452566531,0.161880394051764,2,1,0.431478043042201,1,1
895,0.835034927304566,2.19786066830678,2,1,0.467955648139941,1,1
896,1.23034913916026,2.26393031266828,0,0,-1.56221849336377,0,0
897,0.00857121466348569,0.131676507557944,2,0,1.64269271951931,0,1
898,0.149174769222957,0.517376575825187,1,1,0.734062820961944,1,1
899,0.258753879294073,0.625379765869506,1,0,0.514677739673631,0,1
900,0.350630953273676,0.989316329284972,1,1,0.0917250971676293,1,1
901,0.15687947897116,0.991147918807111,0,1,0.529693339425775,1,1
902,0.276678609463657,1.06012356951369,1,0,-0.66806486914054,0,0
903,0.130635961922234,0.304662522002175,2,1,0.920867886969433,1,1
904,0.996115569806444,1.59902799479221,1,1,-2.03184255681805,1,0
905,0.235207349889808,1.29679359286655,1,0,0.720903180713896,0,1
906,1.71135830933845,1.85620872855441,0,0,0.571075030513253,0,1
907,0.21768806000595,1.16367152876114,1,1,-0.0445578162377146,1,0
908,0.0947553416093191,1.1900833676354,1,1,-0.961223713158557,1,0
909,0.414214108209019,1.22568356368996,1,1,0.309278564214434,1,1
910,0.584698763365547,1.23612289149198,1,1,-0.469400973907084,1,0
911,0.405211817058458,0.453123537499117,1,0,1.44176982696633,0,1
912,0.861644854515473,1.11394816063648,1,1,0.834159699622801,1,1
913,0.0704454697875513,0.616434236768635,1,0,-0.944515021939004,0,0
914,0.449990793648693,1.21212977940432,1,0,-0.637197618597818,0,0
915,0.21897305165314,0.232692280894804,2,0,2.36365568251874,0,1
916,0.349225923826069,0.776468271675847,1,0,0.598388620555105,0,1
917,0.991265284264763,2.06250988348249,1,1,-0.354333553279612,1,0
918,0.667524128738377,1.24458555126305,1,0,-0.796354250777569,0,0
919,0.884371628576817,1.10314620402934,1,1,0.997426247519086,1,1
920,0.818197354627663,0.914738247256153,1,0,1.35440886072014,0,1
921,0.168216481002219,0.366007022451943,1,0,-0.213650399171505,0,0
922,1.41572756481139,1.44125608497219,2,0,-1.14740474826475,0,0
923,0.829256437672191,1.79509778027003,1,0,-0.0323594519829246,0,0
924,0.00632264237436983,0.538896404601027,1,1,-0.966876806846734,1,0
925,0.373520294928716,0.443943453331788,0,0,1.07255573333991,0,1
926,0.146155850444403,0.352818121725061,1,1,-1.34772925026631,1,0
927,0.0414792158537441,0.195856612471332,1,0,0.0953285504012582,0,1
928,1.23878556092052,1.42744361869411,1,1,0.0255232035320935,1,1
929,0.263836973139809,0.469798996531739,1,0,-1.1637930227277,0,0
930,0.122739762688677,1.20990234542703,2,0,-0.061937529754636,0,0
931,0.206174824593796,2.8249167603563,1,0,-0.105344936607807,0,0
932,2.9201867729479,4.09276982068027,2,0,-0.343350078149803,0,0
933,0.171248408755581,0.494948276611059,2,0,0.400081664469945,0,1
934,0.719616524357763,0.752855610379987,1,1,-0.156632886040931,1,0
935,0.269937635813322,0.901667055467315,1,0,-0.85407022615298,0,0
936,0.264365083561695,1.18653985464541,0,1,-0.682543724314762,1,0
937,1.22130766092375,1.68202082481971,1,0,0.766266405799845,0,1
938,0.57828346154858,0.916579737145737,0,0,-0.719081794416258,0,0
939,1.61692897323109,2.0017333411505,1,1,0.248892141107199,1,1
940,0.00296805830051502,0.229985120169539,1,1,-1.09196028997004,1,0
941,0.459643614271449,0.620232976371465,1,1,0.314804024039901,1,1
942,1.38608090408957,2.39462728510424,2,1,-0.394045880720275,1,0
943,0.104435629948095,2.3782878216416,1,1,-0.0115563771800071,1,0
944,0.390275981691149,1.77382453818028,2,1,-1.2134283219993,1,0
945,0.0697039104496263,0.383407589377903,2,0,1.96163661703556,0,1
946,0.328932131847574,0.49081849596655,1,1,-0.321182852212694,1,0
947,0.0372033007442951,0.0489500798658542,1,1,-0.08961580802724,1,0
948,0.652994006458256,5.9788334202847,2,0,0.262275554678147,0,1
949,0.1940830853962,0.426921159113633,0,0,-1.10768599624533,0,0
950,0.996757185726611,1.27405472053216,2,0,-0.130183000253744,0,0
951,0.0193551456969645,1.25021850311403,2,0,-0.320824512669838,0,0
952,0.0648916336811251,0.858806808234256,2,0,1.66407103996235,0,1
953,0.0834128860798147,5.46445204204501,2,0,-0.020533134703057,0,0
954,0.246410389534301,0.313218861358046,1,1,0.849123697405063,1,1
955,0.0493107592054225,0.481973665399894,2,0,0.790065852127949,0,1
956,0.328541906587414,0.365046681353052,1,1,0.350471047524431,1,1
957,0.370721460527016,1.02148067426065,2,1,-0.953373233130488,1,0
958,0.138944532308314,1.72194829204436,2,0,1.33288103260618,0,1
959,0.346605383625871,0.638749404102349,2,1,0.608861871479787,1,1
960,0.853289490991758,3.29920253716409,0,0,0.265737834883233,0,1
961,0.341943015863428,1.38968351271694,1,0,-0.432134751194771,0,0
962,1.26307052762444,1.76857693574305,1,1,1.27261628645907,1,1
963,0.602546042452256,1.4013799158538,1,0,-0.662249246865464,0,0
964,0.219901429178814,0.412013100242127,1,0,-0.956559315409192,0,0
965,0.337803010160723,0.959983469316786,1,1,0.59702246624624,1,1
966,0.208150339737625,0.536562162427829,2,0,-1.03490577139833,0,0
967,0.34883229372402,1.10868835949,2,1,1.38420583458233,1,1
968,0.269199842587113,0.818964969366789,0,0,0.920205777138746,0,1
969,0.432567978739863,1.2026991869754,1,1,-1.3921198960572,1,0
970,0.0542932118802716,0.798493890933212,1,1,0.494596763524172,1,1
971,1.47510850073034,1.60246277104367,2,1,0.155634564283,1,1
972,0.303529403689835,1.13088078327641,2,1,1.18659725946861,1,1
973,0.302383343999585,1.00575412611457,2,1,0.399251467751351,1,1
974,0.882530576376406,1.9476845545047,1,0,0.203068621346508,0,1
975,2.35565122894167,2.85953851790673,1,0,-1.35002309000285,0,0
976,0.113442452994163,2.27862701444719,2,0,0.788915567629127,0,1
977,0.441645381765233,2.3802429861863,0,1,0.00505512452404213,1,1
978,1.52377306685979,1.73443692347917,1,1,1.46001754410774,1,1
979,0.134174348230381,0.570628294159709,1,1,-0.822987227071963,1,0
980,0.513577239277462,1.03227663747055,2,1,-0.121797103693753,1,0
981,0.55015893601295,0.880131965823047,0,1,0.954661851302998,1,1
982,0.152495749191278,0.275353460262219,0,0,-0.815758670708988,0,0
983,3.26727672564856,4.52178617562716,2,0,1.50688546737809,0,1
984,1.73022066847943,1.7896093730685,2,1,0.413807263902061,1,1
985,0.402882244705149,0.574803699798001,2,0,0.779276564706617,0,1
986,0.182251381594159,0.780557017206646,1,0,0.87208394404924,0,1
987,0.13804384443932,1.02619386225557,2,0,-0.256585337332119,0,0
988,1.4772153986772,2.50576711880972,0,0,0.813709287912456,0,1
989,1.91607348608884,6,0,0,-0.617548719869946,0,0
990,0.320714679029253,1.84522450653745,1,1,0.167599548912188,1,1
991,0.116712521865136,0.201305551779742,1,0,0.430352061435766,0,1
992,0.509422510740319,1.07693434434896,1,0,0.636224382240681,0,1
993,0.28517083523588,1.07784148809526,2,1,0.968553617711425,1,1
994,0.132649309713966,0.179392727697474,1,1,-0.11465420708698,1,0
995,0.0195238853080405,3.20390724329671,1,1,0.0720097836230971,1,1
996,0.353493041011909,5.72135776382668,2,0,1.06306600737291,0,1
997,0.0339367401061787,0.596269409737755,2,1,-0.0861802921180673,1,0
998,0.178423905227747,0.194643468104957,1,1,0.841106626804152,1,1
999,0.168711842141218,2.6766861714175,1,0,-0.83036659344805,0,0
1000,0.0239020835489286,2.54855578471072,2,1,1.41331167206461,1,1
1001,0.308491818399893,0.350441290065646,0,1,1.69132882165006,1,1
1002,0.249347006592564,0.791613689313332,0,0,-1.04457341467628,0,0
1003,1.15356770611477,1.74928453678236,2,0,-0.667776152878612,0,0
1004,0.112403105356428,0.331035705120792,1,1,-0.566554504100905,1,0
1005,0.0063847362374266,0.288785314543775,1,1,-0.196918720934472,1,0
1006,0.781365726096445,1.93401386821962,2,0,-0.109369700157529,0,0
1007,0.962960939393785,2.86272177545014,1,0,-1.43657549909045,0,0
1008,0.141051528802153,0.766142027049808,1,1,-1.17920088022504,1,0
1009,0.63764958952864,1.82128144484495,0,0,0.722519738087605,0,1
1010,0.0867433288336413,0.788950687805368,1,1,-1.89757566304109,1,0
1011,1.18528750504973,1.30603776649741,1,0,-0.744824726075084,0,0
1012,0.230205411401888,0.67214264223973,0,0,-0.379927366273567,0,0
1013,0.182750068811907,0.510156435212769,1,1,0.299684021857334,1,1
1014,1.0543371157047,2.36049315311208,2,1,0.547939851616141,1,1
1015,0.274726550301744,3.03315070782178,1,1,0.19922450319806,1,1
1016,0.183727442183428,0.338680359719383,1,0,-0.447208528051057,0,0
1017,0.117876491923299,0.544261120107145,1,1,-0.308843171732919,1,0
1018,0.326057302558588,0.493477602234047,0,0,0.198281315482932,0,1
1019,1.44784882970454,1.81328403898963,2,0,0.40821645707323,0,1
1020,0.517160245734784,0.623243856450311,1,1,-0.703116806551371,1,0
1021,0.187325557947658,0.795105355776204,2,1,0.354903430588578,1,1
1022,0.174584451748176,0.235891226206708,2,1,1.31664863184334,1,1
1023,0.0958438815851487,0.10915506823893,1,1,0.507014103343432,1,1
1024,1.13219720824197,4.9416564025652,1,0,1.1831681177166,0,1
1025,0.334989914360146,1.24754561211264,2,0,-0.973642991971694,0,0
1026,0.570270087983873,0.718685869450024,1,0,-1.48827852141093,0,0
1027,0.590269236514966,0.970402673348921,1,1,-0.261196068571096,1,0
1028,0.0237419846076591,0.518611930568952,2,0,0.313776834021189,0,1
1029,0.241806740652807,0.476760890823232,2,0,0.935699555002009,0,1
1030,1.26100663815407,1.78023338641552,1,1,-0.977685581123472,1,0
1031,0.805063664845205,1.09637258866469,1,0,0.269174033691638,0,1
1032,0.0759915014108022,0.0922308114558252,2,1,0.828677009465363,1,1
1033,1.00840690023669,1.04106300572753,1,0,0.437757784681387,0,1
1034,0.298982944029073,0.972553938018853,2,0,0.175997543284765,0,1
1035,0.163557337493532,1.57835288386,1,1,-0.461775114704054,1,0
1036,0.248590836094485,0.545010614071531,2,0,1.6305486709634,0,1
1037,1.24251266145346,2.64925733865246,2,0,0.783258948757452,0,1
1038,0.207375020513104,1.04557433903682,1,1,-1.73494158770265,1,0
1039,0.123200675783058,1.50259134175991,1,1,-0.3173647801157,1,0
1040,0.264179073216918,0.591160354262921,2,0,0.303759027251942,0,1
1041,0.067730268670453,1.18105534460163,2,0,0.35701304846747,0,1
1042,0.151013346480869,0.207466602747049,1,1,-1.10402921077547,1,0
1043,0.28789300368064,1.07272022351575,2,0,1.16094687869106,0,1
1044,0.296063162386417,0.356021241397938,0,0,-1.29893502472286,0,0
1045,0.906800530390289,1.70401623082965,1,1,-0.234684219553255,1,0
1046,0.677553498082691,0.766253708318224,2,1,2.13142183458262,1,1
1047,0.687957864461674,0.95854291848625,1,0,-1.30644640772893,0,0
1048,0.35249860330564,0.647007497160137,1,0,-2.3121431697794,0,0
1049,1.27240016948317,1.37511575275701,1,0,1.03811345375019,0,1
1050,0.359539544664848,2.51234065224017,2,1,-0.906338463701539,1,0
1051,0.156797427687701,2.07502753942463,1,0,-0.511679979381586,0,0
1052,1.33231384571527,4.03560484986105,2,0,1.36719527061759,0,1
1053,1.3423375050174,2.26117783062298,1,0,1.19990426232523,0,1
1054,0.789855619273021,1.4128806686363,2,0,0.0986495031623269,0,1
1055,0.0558979954755743,1.6879335231861,1,0,-0.651154849953708,0,0
1056,0.0607098328570525,0.243716158355128,1,0,-0.421287467698076,0,0
1057,0.265130727137956,0.368948998376563,1,1,-1.66016370433063,1,0
1058,0.346731621668571,1.15875933455003,2,0,1.0643690323322,0,1
1059,0.418631967364086,0.523436607971937,0,1,-2.0326993642263,1,0
1060,0.145280276321703,1.47346717045843,1,0,-0.680612217715489,0,0
1061,0.437005503206617,0.61618190028009,0,0,0.54105037490412,0,1
1062,0.0456444119863327,0.240124946048005,1,1,0.828257953766464,1,1
1063,0.464815152809024,0.555217928247159,1,0,0.109049430654189,0,1
1064,0.0551208242601012,2.19258998516244,1,0,0.330869451826394,0,1
1065,0.106243966147304,0.790695220082758,1,1,-0.623015069336356,1,0
1066,0.0436704427138605,0.535513122255604,0,0,0.467452784191215,0,1
1067,0.170901324599981,1.52231587268609,1,0,0.46032575045249,0,1
1068,0.273752919002627,0.920175736149152,0,1,0.229395755294803,1,1
1069,0.154109091241645,0.27230762094378,2,0,0.20335495159448,0,1
1070,0.568538929906286,1.32705817619474,1,0,-0.983500901668449,0,0
1071,0.471759631412528,0.889943535751923,2,1,0.167222495387248,1,1
1072,0.472857820180555,0.703803611765677,2,1,0.490048515079008,1,1
1073,0.22432560308112,0.618390880396644,2,1,0.556613677666184,1,1
1074,0.557826764157249,1.46910891920324,1,0,0.449790034670054,0,1
1075,0.00104668083390428,1.43527938045273,2,0,1.52535073559986,0,1
1076,0.382403983197331,1.42744178287394,2,0,-0.0810327416442134,0,0
1077,0.105359273754993,0.216157429051706,2,1,-0.523288309744151,1,0
1078,0.821388064733492,2.37953406800561,1,1,1.00531216127477,1,1
1079,0.89862153805007,1.0150123967421,1,0,-1.36278747127377,0,0
1080,0.0632055359480903,0.418010595946676,2,0,0.589374939775742,0,1
1081,0.0142902363505628,2.77201692020262,1,0,0.00734325921574189,0,1
1082,0.22623404829235,0.264661614895673,1,0,-1.68955654510077,0,0
1083,0.256420487744941,0.445081608657628,1,0,0.659479942685617,0,1
1084,0.145108296225468,0.836636035670671,1,0,-0.154360876746845,0,0
1085,0.000198262536691295,0.200401645319041,1,1,-0.815205411901248,1,0
1086,0.883439062101911,2.38048710711223,0,1,-1.66849776993945,1,0
1087,0.28835722851446,1.19566415706535,1,1,1.50224800286092,1,1
1088,1.21798554120264,1.83234245700745,2,1,-1.75142510557533,1,0
1089,0.853688298781395,1.1937664018009,1,1,0.495209722796955,1,1
1090,0.557056494609025,0.91879096799126,1,0,0.511891540761053,0,1
1091,0.866218558983353,0.882199530683818,2,0,1.12609915193466,0,1
1092,0.448342008085101,0.548129764076719,1,1,-2.00985278615771,1,0
1093,1.4451590097146,2.35937912875228,2,0,-0.775215548637297,0,0
1094,0.448352443054318,0.998748983710922,1,1,-1.22643531638396,1,0
1095,0.0621502825783359,1.1969432003011,2,0,0.650582693882457,0,1
1096,0.390620270433525,1.64580333076083,1,1,0.409940746521674,1,1
1097,0.610624340155886,2.05413529040643,2,1,0.0871747902021862,1,1
1098,1.01025913009512,1.05845503509045,0,1,-0.0234492139255392,1,0
1099,0.682911349770923,1.80868188850034,1,1,0.0451400551961908,1,1
1100,0.0190602154988382,0.784336808680181,1,0,0.572900255628635,0,1
1101,0.902375372907864,1.20148354889434,1,1,-0.652349410004542,1,0
1102,0.544411564866702,0.627795551493942,1,0,0.527584537814655,0,1
1103,0.441944331035759,0.835852222386187,1,0,1.70716957264243,0,1
1104,0.332830265923917,1.02771258655837,1,1,-0.0917030282447236,1,0
1105,0.835353517066229,2.4695008307454,1,0,-0.691883415178188,0,0
1106,0.54352489155996,1.78009235259597,1,1,1.82159752198644,1,1
1107,0.206749265679212,2.71087058702775,2,0,-0.582347956827103,0,0
1108,1.92844742692778,3.99607567149996,2,0,-0.0521033546994093,0,0
1109,0.294329653907981,0.475737386899861,0,1,0.361240638596373,1,1
1110,0.267678625985152,0.588325332851887,2,0,0.990876286555755,0,1
1111,0.194740961823199,2.71488600410521,0,0,0.25510375732383,0,1
1112,2.06729742999477,3.22133428176614,1,0,-0.104352787150374,0,0
1113,0.233363916153853,0.95265902279277,2,1,0.949340948610676,1,1
1114,0.792820165004345,2.09653112737426,0,1,0.662704443881312,1,1
1115,0.349192571722799,0.979667659903765,1,1,-0.375053653089676,1,0
1116,1.042287403464,2.63035184082886,0,0,-0.259362340723764,0,0
1117,1.45845555281773,2.22486277142147,2,0,-0.348077466043522,0,0
1118,0.599643425177243,1.88606445047029,2,0,-0.374945359737873,0,0
1119,0.682956501841545,1.20288388711125,2,0,0.898249584080704,0,1
1120,0.0832324480223987,1.14526870646535,1,1,-2.0604460005693,1,0
1121,0.912744657400264,1.28612392662227,1,0,-0.233636703036477,0,0
1122,0.313218571766849,1.57663939099898,2,0,0.411387852855238,0,1
1123,0.725677769320707,3.04725865965027,2,0,-0.0925803720684922,0,0
1124,0.396113776498371,1.06846752048958,1,0,-1.2912022191664,0,0
1125,0.637980970140133,0.863282324113163,1,1,-1.19871336476655,1,0
1126,0.327723150969379,0.547878697650003,1,1,-0.430267993571737,1,0
1127,0.160360288168219,0.42742626142089,2,0,0.86021183585702,0,1
1128,1.9537288239327,2.33631594693094,2,0,0.617152323027202,0,1
1129,1.24690453926776,1.42857034324185,1,0,-0.67892538944746,0,0
1130,1.37059433277582,1.99369265954015,1,1,0.189518524203579,1,1
1131,0.481548782231079,5.50621395860993,2,0,-1.17133940474144,0,0
1132,0.171456567163897,0.800411986807982,0,1,0.481964482266966,1,1
1133,0.795638448483872,1.1978509194371,1,0,1.00290679773767,0,1
1134,0.90876123035419,1.49089692160543,1,0,-1.68591935588121,0,0
1135,0.373932082309491,1.16065621691281,2,1,2.90781899994855,1,1
1136,0.0213196935419414,1.14354244889187,1,0,-0.182644772563822,0,0
1137,0.153048624181085,1.21478269187113,0,1,0.885996262438264,1,1
1138,0.770518403039721,1.43565251904575,1,1,-1.46749296865211,1,0
1139,0.121662120954771,0.156488772162452,1,0,0.562042160974272,0,1
1140,0.137069003106127,3.92316900504132,0,0,-0.476565782099815,0,0
1141,0.104137594915099,0.584290074889749,1,1,0.22116224733005,1,1
1142,0.360811018848802,0.674859395753419,1,0,0.543709348132503,0,1
1143,0.593758823039631,2.57328162850748,1,1,0.171991249983927,1,1
1144,0.139437119683458,0.180025755050136,1,1,-0.61075556124207,1,0
1145,1.52897052358721,2.73124467903427,2,1,0.239584945314487,1,1
1146,0.138914202753868,1.93747125135669,2,0,-0.654491943490349,0,0
1147,0.226172669273284,0.450504853700598,0,0,0.0757865903060646,0,1
1148,0.780031605473505,2.50351799511731,1,0,-1.45422620155485,0,0
1149,0.296719899504549,1.05071121429921,1,1,0.72567841242826,1,1
1150,0.404548098126219,6,0,1,-0.595773215534785,1,0
1151,0.149658714007172,0.293737079631214,1,0,0.347177599794808,0,1
1152,0.15108964095513,1.09287139028311,0,0,-1.12824368880298,0,0
1153,1.4042406766726,1.41200669210307,1,0,-1.42908552719087,0,0
1154,0.629278100613091,1.23046444310559,2,1,1.42349080658654,1,1
1155,0.0931534579851561,0.65645898976261,2,1,0.0581265289914856,1,1
1156,1.30494832677445,6,0,0,0.0963019649480101,0,1
1157,0.100758996688657,0.393163241845479,2,0,2.43648955088968,0,1
1158,0.204705832422607,1.00187857258796,2,0,-0.617794547847576,0,0
1159,0.25287694327272,0.562603006908832,1,1,0.204254151879399,1,1
1160,0.0615470577031374,2.96849397119222,2,0,1.29318870343869,0,1
1161,0.940930553561794,1.40868948308507,1,0,-0.765098381010268,0,0
1162,0.422312754852564,2.91744944803375,2,0,-0.135584698764754,0,0
1163,0.241892835539248,0.769087837017764,1,1,-0.173675965456906,1,0
1164,0.358372656111088,1.45937248926361,2,0,1.04346867767734,0,1
1165,0.0808055362560683,0.688264595226783,1,1,-0.573407444533512,1,0
1166,0.0957526045868178,0.239095063322062,0,0,-1.1005637191763,0,0
1167,0.082211290051309,0.566399327734285,1,1,1.9037470229449,1,1
1168,0.154149095113907,1.29315655793134,2,0,0.992079133859341,0,1
1169,1.55694660320853,1.8098546795902,1,1,-0.71236528694943,1,0
1170,0.281028582889982,3.99485369578538,2,0,-0.539563755397427,0,0
1171,0.581776902286543,0.649020201176713,1,0,1.17711197816123,0,1
1172,0.368588481408854,0.847330803882821,1,0,0.816974707293865,0,1
1173,0.282421877968494,1.88348975354981,2,0,0.283271367743904,0,1
1174,1.01050817928429,1.08777149269978,0,1,0.31406060071247,1,1
1175,0.552372608540787,2.23620885596492,2,1,-1.32476395902268,1,0
1176,0.157398522040119,1.38881861902396,1,0,-1.39958780622564,0,0
1177,0.121530304766364,1.41232326051321,2,0,0.397238799078094,0,1
1178,0.362826937697305,1.30414080289801,1,1,0.621300444057891,1,1
1179,1.58683359801801,2.09361825918551,1,1,-0.248790716958313,1,0
1180,0.200064234930647,0.628783917213244,1,0,0.264380558605473,0,1
1181,0.358275442073743,1.12308156055709,0,0,0.240325922426785,0,1
1182,0.198428835202422,0.723116930362365,2,1,2.05066824300709,1,1
1183,0.249089492071006,0.675801419729296,1,1,-0.245594236233127,1,0
1184,0.302946682915919,3.31658944177131,0,1,-1.53019130582194,1,0
1185,0.0588834166733755,0.913555110093584,1,1,-0.184027744478156,1,0
1186,1.09710973993243,1.68375710372712,1,1,-0.185750501907032,1,0
1187,0.241182243658437,0.284409804534187,2,1,-0.204171597180683,1,0
1188,0.216319012559123,0.60249096740292,2,0,0.172629057979359,0,1
1189,0.0183467986062169,0.216990906070595,1,1,-1.53174568591304,1,0
1190,0.666349745976428,1.22641098605682,2,0,0.0363552439212657,0,1
1191,1.15833643922675,3.69678713784894,2,0,-0.738127765023962,0,0
1192,0.166151252471738,1.24399416069974,2,1,1.58733916392303,1,1
1193,1.37985682627693,2.88943381048739,0,0,-1.35313503123693,0,0
1194,1.06763411437889,5.92540830457643,0,0,0.0682811584928066,0,1
1195,0.58046522602025,2.30787486141416,2,1,-0.338062588303241,1,0
1196,0.579099928339322,1.89988161016792,0,1,-0.127394055770901,1,0
1197,0.639395621708698,0.783657234806186,2,0,-0.326079526847527,0,0
1198,0.414252846708728,0.991648059959213,0,0,-0.419633003380818,0,0
1199,0.317257468899091,0.496081023734048,2,0,0.525596939131898,0,1
1200,0.0630189037296295,2.65485164953493,2,0,0.405245485112699,0,1
1201,0.490448783131835,0.869697878078634,1,1,-0.859631965880753,1,0
1202,1.40710439838768,2.26655907928944,0,0,1.0327708798059,0,1
1203,0.353869793212248,3.43084319026139,1,1,0.256762213525509,1,1
1204,0.160450227558613,1.11519151400689,1,1,-0.67068637840468,1,0
1205,1.02901614576878,1.4387662563592,0,0,-0.866710823251576,0,0
1206,0.19878754650967,0.353231897539934,2,1,0.0583656659595211,1,1
1207,0.45281852543768,0.493038202393982,2,1,0.946799538809577,1,1
1208,0.0512558920308948,0.670328750009097,1,1,-1.41191326977145,1,0
1209,0.0264250134299618,0.379572425441924,2,0,0.636309744644954,0,1
1210,1.38549962593749,2.4586787279977,1,0,0.238967642424537,0,1
1211,0.13362303427938,3.42077521349487,2,0,-0.16670729280307,0,0
1212,0.296293414818744,0.727755427360535,0,0,-0.410854688485007,0,0
1213,0.832385057536774,3.10053981808212,2,0,0.346510033825317,0,1
1214,0.181104038633642,0.426801155082895,1,1,-1.29992517477888,1,0
1215,0.624542991216812,0.844907207007727,0,1,0.729567492082337,1,1
1216,0.0621091657214695,0.288831346832631,1,1,-1.13396363807662,1,0
1217,0.0610343397905429,2.24944904127536,1,0,-0.840150060828194,0,0
1218,0.632690445830425,0.847479816781304,2,0,0.780500648635745,0,1
1219,0.716395275149908,1.80520247209998,1,0,-1.19733509281954,0,0
1220,0.812965266152899,2.38183647512842,2,0,1.01449582254909,0,1
1221,0.16473949736836,0.454485669617758,1,0,-1.3109684004426,0,0
1222,1.28559024068516,2.00759004110208,1,0,0.885689811983048,0,1
1223,0.0774905959972077,1.00419367974003,0,1,0.0994247971214365,1,1
1224,0.518043822505408,1.38011948311648,1,1,-0.108461632541006,1,0
1225,0.964373076908801,3.45120494965472,2,0,0.138478237599358,0,1
1226,0.173684908056986,1.17140927694788,1,1,-2.06982936783006,1,0
1227,0.727747119445768,0.890860856070221,1,1,-1.2296855501299,1,0
1228,0.00548868439277965,1.52989587746561,0,1,-1.00167036733225,1,0
1229,0.31173303257674,6,0,0,-2.52702666077056,0,0
1230,0.308048070615364,1.10783378789211,0,1,0.887349353215485,1,1
1231,0.131836685145067,0.746198346305779,1,0,-0.217734604943972,0,0
1232,0.107875863142486,2.96582663091594,2,0,0.189693667941161,0,1
1233,0.368447803064353,2.23100664942495,1,0,0.0138956181998644,0,1
1234,0.875360964008276,4.56721539474733,2,0,-1.78245198020946,0,0
1235,0.659505087985761,1.5904236056487,2,1,-1.20258409624529,1,0
1236,0.890292883319275,2.25625711019194,2,1,0.439818867059407,1,1
1237,0.494583433287011,0.841660003558482,1,0,0.230941880314076,0,1
1238,0.258663244959381,0.930615877751113,1,1,0.627569311917794,1,1
1239,1.10420929263335,1.26384675813218,0,0,-0.388436979143788,0,0
1240,0.453162850915558,0.792124337484799,0,1,0.809472284857607,1,1
1241,0.369232000841529,2.41271714369456,0,0,0.456939597965338,0,1
1242,2.6054705533144,6,0,0,-0.120877189606771,0,0
1243,0.399909877321786,0.629874531726451,2,0,1.83207638235371,0,1
1244,0.325986338882811,2.28417248465121,0,0,-1.55833660969845,0,0
1245,0.456367602861159,1.66357887206683,1,0,-0.480506986511309,0,0
1246,0.585556035964853,2.52984843708141,2,0,-0.461743892787241,0,0
1247,0.0293185328662135,2.46992176530793,2,0,0.492669758227464,0,1
1248,0.759101378627949,2.0308160102878,2,0,-1.4031119507186,0,0
1249,0.356860330535306,0.867598391817733,2,1,0.902867604616316,1,1
1250,0.413688221015036,1.63473089276785,2,0,-0.942658406373372,0,0
1251,0.360041705167128,0.649934529016415,0,0,2.36497328911435,0,1
1252,0.368753843423393,2.43521010503173,0,0,0.79185105961688,0,1
1253,0.29422999256187,0.437173627537968,2,1,-0.0496467061853187,1,0
1254,0.684522025597592,4.53343609805994,2,0,0.0219727087228444,0,1
1255,0.41876418929961,0.433784358698035,2,0,0.878976558079801,0,1
1256,0.840060119987872,1.83330118400755,1,1,1.5218369798652,1,1
1257,0.385931088630774,1.48259668878333,2,1,0.338581030512517,1,1
1258,0.111023438062301,2.02864611949301,2,1,-0.0510793288369666,1,0
1259,1.28058733517396,1.71545799061977,1,0,-2.06736969431464,0,0
1260,0.0928397025241545,0.522443654432949,1,0,-0.288609129538935,0,0
1261,0.591560049085981,2.23993557843717,2,1,1.07280134176428,1,1
1262,0.285416296947956,0.830274757484779,1,1,0.15735181325289,1,1
1263,0.0602797393309993,0.424133464694023,0,1,1.68772299559655,1,1
1264,0.621537020326489,1.81554813580946,1,0,-0.427005891093824,0,0
1265,0.831143014707181,1.17898060068877,1,1,0.125990492278429,1,1
1266,0.0427234685048461,1.61868274731278,2,0,-0.505746863390728,0,0
1267,1.07799243480951,5.86564196025297,2,0,-0.68903874304691,0,0
1268,0.978779673579789,1.66207896805257,2,1,0.534953289797894,1,1
1269,0.271452789505323,1.48071614285641,1,0,-0.413309055054237,0,0
1270,0.154376089986828,0.193014377134672,1,1,-2.05707286101902,1,0
1271,0.509364790697065,1.11418600885201,2,1,1.17308467591557,1,1
1272,0.254453305196434,2.38908752178152,0,0,-0.247770957024808,0,0
1273,0.403811392488651,0.784313349423065,1,0,-1.31093197676938,0,0
1274,0.0421092110772996,0.848166052755025,2,0,1.46135886360357,0,1
1275,0.00921384431421757,1.13557968041453,2,0,-1.07076301597067,0,0
1276,0.261874633311152,0.893844584284921,2,0,0.35768294247441,0,1
1277,0.00518100162847575,0.241770509829573,1,1,-0.0899902654721849,1,0
1278,3.13968828964106,4.4849198005596,2,0,-0.17730834894386,0,0
1279,0.50949376852562,2.05068410390599,2,1,0.646270111432079,1,1
1280,0.840635702815058,0.927383220509502,0,1,0.157761865517762,1,1
1281,0.109909513137407,1.68392433851451,1,0,-0.202785170020314,0,0
1282,0.382334735554241,1.03489612606135,2,0,-1.34413613797271,0,0
1283,1.54105626865164,1.97277990535428,2,1,-0.0889257236183111,1,0
1284,0.590613991953433,1.21122235926254,2,1,-0.615194621287834,1,0
1285,0.0128200619171063,0.159842266659512,1,1,-0.0870635848912129,1,0
1286,0.136741794542306,0.723363068205404,1,0,0.0477288892741484,0,1
1287,0.777609686630978,5.59883852086974,2,0,0.107817594877743,0,1
1288,0.201438099863565,0.602732907365021,1,0,-0.319289810069472,0,0
1289,0.732549646765822,0.856803060789642,2,0,2.23172143534389,0,1
1290,0.248083201108142,4.27867327378353,2,0,-0.826447525156868,0,0
1291,0.395318201950027,1.01251216153089,2,1,1.4461299196662,1,1
1292,0.0985494343977835,1.80416595190763,0,1,-0.574178371643623,1,0
1293,0.767385577782989,0.813998086377978,0,0,-0.0802441121196839,0,0
1294,0.396270366421285,1.4784397153968,2,0,-0.906862781041089,0,0
1295,0.53040596915202,1.9842236229177,1,0,0.96722405592233,0,1
1296,0.0094951218408015,0.438692938160769,1,0,-0.917670005486341,0,0
1297,0.410891285993987,0.459189543345275,0,0,-0.0960093139512553,0,0
1298,0.165936480839831,0.894858847665421,1,1,-1.00560885782018,1,0
1299,0.024685846840635,0.916775603245893,1,1,0.592099236017561,1,1
1300,0.0716741974337178,4.2996322363615,0,1,-1.24828660002449,1,0
1301,0.292302593071428,0.815790420700409,2,0,0.176328259440092,0,1
1302,0.113508201252897,0.643363645269705,2,1,-0.0307130020154426,1,0
1303,0.555858709332016,1.19477462644378,0,0,-1.15913806722272,0,0
1304,0.327732941756646,1.56751426415677,1,0,-1.51035640868368,0,0
1305,0.0960889013691081,0.254621633018057,0,0,2.18036119772046,0,1
1306,0.039788423002594,0.445471265130583,1,0,-0.537386444577483,0,0
1307,0.42265645124846,1.08841858082867,1,0,-0.198543655943255,0,0
1308,0.383072460289057,5.10861664164612,2,0,-0.611755370194651,0,0
1309,0.432546165668302,2.28704805669488,2,0,-0.282432610051606,0,0
1310,0.153451727496253,1.24676530870299,0,0,0.127322549789958,0,1
1311,0.272299705797599,0.803140079577928,2,1,0.942316224454368,1,1
1312,0.0342785241082311,0.319000274368208,2,1,0.71124827964744,1,1
1313,0.0760987468270792,1.60531980476747,1,0,0.754575974028254,0,1
1314,0.612290405875279,6,0,0,-1.54058690593081,0,0
1315,0.944214226217416,2.71117399112914,2,0,1.50393022742717,0,1
1316,0.928558975458453,1.14587539496521,0,0,0.696051804306928,0,1
1317,0.0304409519256396,0.184583457449566,1,0,3.47868997518204,0,1
1318,0.255022354405079,2.69315259235022,0,0,0.785444394693079,0,1
1319,0.363390993637343,0.733628195666806,2,1,1.36976876270517,1,1
1320,0.91133151819608,1.35552011379377,2,0,0.27137315399629,0,1
1321,0.531403809562186,1.35398128772208,2,1,-0.288179900992642,1,0
1322,1.03914166278609,4.45540748220249,2,0,-0.137850983865118,0,0
1323,0.453774364852327,0.833008209935258,1,0,0.188517787136167,0,1
1324,0.410390821182066,0.411665303340649,1,1,0.601026829513915,1,1
1325,0.00826753831158082,0.55871001710603,0,1,-1.06459111180415,1,0
1326,0.535138790081773,2.9889076048458,1,1,0.174550735363038,1,1
1327,0.613431286894613,2.42832031637559,1,1,0.0650655922552134,1,1
1328,0.462914607239254,0.465692345066767,1,1,-1.24469868020519,1,0
1329,0.0954125736318767,1.13592351069215,1,1,-0.387976794021818,1,0
1330,0.0910054933693674,1.56243110069865,1,1,-1.01886812566902,1,0
1331,1.56508262363344,2.4683049277322,2,0,0.599254969504898,0,1
1332,0.88330851035285,2.49636065854019,2,1,-0.0386998625593325,1,0
1333,1.64223086844202,2.36634425351648,0,1,1.65223107176254,1,1
1334,1.3924949977908,2.97203822613947,0,1,-1.39143310078562,1,0
1335,0.168869787206252,0.203758919845282,2,0,-0.821825135180904,0,0
1336,0.707704596117967,1.30345971481393,1,1,-0.080937916129594,1,0
1337,0.0867340775827567,0.681765870924159,1,0,-0.197657232678085,0,0
1338,0.271577660201324,2.72448844882853,1,1,2.5114863126068,1,1
1339,0.174621833565165,0.253068128187538,0,1,1.0992447346316,1,1
1340,0.427081443162428,1.01103699480318,2,0,1.19922590556777,0,1
1341,0.351492401419414,1.287027384717,2,0,0.16172946364554,0,1
1342,0.621971683609553,1.23901067381836,1,0,0.530184523853694,0,1
1343,1.39639396215778,2.89816237365206,0,1,-0.129929416724644,1,0
1344,0.410086930713202,1.06323701930161,2,1,-0.376886257939787,1,0
1345,0.183407811836306,0.923510899967736,1,0,-2.1778893344214,0,0
1346,0.397884096713163,2.4056359133433,1,1,-0.547027742631845,1,0
1347,0.136502691899006,0.295626190298062,2,0,1.14982627182948,0,1
1348,0.162176400866902,1.13510912771998,2,0,-0.978051247836105,0,0
1349,0.478603033245438,0.621190152961681,2,1,0.2412555410947,1,1
1350,0.0890626163325376,2.49901077942022,2,0,-0.951206861860451,0,0
1351,0.680613636246158,3.25203308807374,2,0,0.772547025832803,0,1
1352,0.543822837733345,0.870089239259059,1,1,-1.02019479808729,1,0
1353,0.378759552517699,0.475714303268362,2,1,0.211148376015432,1,1
1354,1.38875002628851,1.51100874337065,1,0,0.47115386646413,0,1
1355,0.94507206222744,1.85485044301495,1,0,1.35015004919456,0,1
1356,0.367182847076504,5.64369422500575,1,1,0.932037053126946,1,1
1357,0.0705167273473409,0.0759010084182243,1,0,-2.0736700133069,0,0
1358,0.0452896048966388,0.388822973047615,1,1,-2.42302037341847,1,0
1359,0.0773294675845274,0.19003800548905,1,1,0.783583866447764,1,1
1360,0.450613069761958,1.01333062080868,1,0,-0.67552064232197,0,0
1361,0.11871676526268,0.126748780449557,1,0,-0.223414955497944,0,0
1362,0.0409819841524699,1.92361003319831,1,1,-1.81379568951702,1,0
1363,0.526753516039915,1.38455740243771,2,0,1.80075913927925,0,1
1364,0.169348757691991,1.2147687028547,1,0,1.19606169504943,0,1
1365,0.950907113811718,1.37457099660779,0,0,0.799397156388168,0,1
1366,0.0519169584748557,1.68716987483415,2,1,-0.0427637604574604,1,0
1367,1.09376927522621,1.54660543178842,2,0,1.05799003980447,0,1
1368,1.05900626107522,4.46020495329462,2,0,0.14510264885993,0,1
1369,0.0158746804421147,0.487019589651312,2,1,0.735800968352934,1,1
1370,0.508713790638841,3.39410405474662,2,0,-0.00125982975376189,0,0
1371,0.014782066250013,0.14305221049017,0,0,-1.49163375570477,0,0
1372,0.760520636621449,1.25109552290993,1,1,0.989843041121083,1,1
1373,0.703346375375986,1.79308603291356,2,1,0.573355311379186,1,1
1374,1.26038802058632,1.38196268774291,1,0,0.103544107703127,0,1
1375,0.335611630584682,1.09253542087648,2,1,1.14621542956338,1,1
1376,1.16461605346337,4.52346896470566,2,0,-0.450721945839777,0,0
1377,0.313478199661606,0.445052248093206,2,1,0.720455845884346,1,1
1378,0.478413042000201,0.640303613018289,1,0,-0.0313974078175364,0,0
1379,0.348711793881987,0.472979399157328,1,0,0.678761191822627,0,1
1380,0.706641943090492,1.81485955542704,0,1,0.455590760458605,1,1
1381,0.522091684138609,3.3392165327479,1,0,-1.20005335355501,0,0
1382,0.72216271629764,0.877215993177489,1,1,-0.212979068378983,1,0
1383,2.12732210125131,2.58075620665942,2,1,-0.415788729283497,1,0
1384,0.0279719315262304,2.11907347783785,1,1,0.331843187993959,1,1
1385,0.110933213598198,0.134425683189424,1,0,0.314001592980478,0,1
1386,0.595435742806229,0.966947506420885,0,0,2.22182592417542,0,1
1387,0.871528360437719,6,0,0,-1.21769755645022,0,0
1388,0.923447546812905,1.30983303857934,1,0,-0.49683495194863,0,0
1389,0.223566713328991,2.38420994423937,0,0,-0.384714367867856,0,0
1390,0.613907115120027,0.851361032156043,1,0,-0.823489646647615,0,0
1391,0.510569722081666,0.607577783267119,1,1,-0.658388773919075,1,0
1392,0.890483201053835,1.56319569683172,2,0,0.240041884981923,0,1
1393,0.33672834429376,0.371393605044609,1,1,0.0201302590284538,1,1
1394,0.0545137644641929,0.595631162335192,0,0,0.00765390580638937,0,1
1395,0.0127687594948488,0.240471616873851,2,1,1.01046052278669,1,1
1396,1.16564914456176,1.24876000899085,2,0,0.408100134210904,0,1
1397,0.425092347690629,2.18982772083121,1,1,-0.265201085791749,1,0
1398,0.513757039896316,1.08771571351488,1,1,-0.796058408602528,1,0
1399,0.0449010957446363,1.10373964187598,1,0,1.59649852545887,0,1
1400,1.36269342046116,1.88036589303627,2,1,0.527745380638431,1,1
1401,0.311860773338646,2.79662110269949,1,0,0.694205941585788,0,1
1402,0.916275001187802,0.97795202502501,1,1,-1.33833487501163,1,0
1403,0.650874506164756,2.41538271493739,2,1,-0.22479340548362,1,0
1404,0.574652124196291,2.79054906987882,1,0,-1.31054493110567,0,0
1405,0.310728145365556,0.36588276802169,1,0,-0.105842415173331,0,0
1406,0.259661284896235,0.597777472191834,1,1,-0.347753911822619,1,0
1407,0.347665892396536,0.95500812477407,1,0,-0.768477508139508,0,0
1408,0.0308471493836906,0.391661931085217,1,0,-0.783692172262763,0,0
1409,1.37726418462364,1.65259959732446,1,0,-1.21888430835699,0,0
1410,0.230424490317835,2.74949451204992,1,1,-0.757484432125483,1,0
1411,1.46844873717561,3.35379672461889,1,1,0.223955852740532,1,1
1412,1.04651411885821,3.55985406976529,1,0,-1.20012849817675,0,0
1413,0.1238343827566,0.444025729324623,2,1,0.735474076400867,1,1
1414,0.834233147148967,2.16864113057289,2,0,1.62876395294079,0,1
1415,0.59530390943918,1.50575330791374,0,1,0.24692381494818,1,1
1416,0.569049989701145,1.09838987700641,0,0,0.0680792624299235,0,1
1417,0.387271624146758,0.856446865130294,2,0,0.818686247909726,0,1
1418,0.0279364186031434,0.317952279001474,0,1,1.1510886990245,1,1
1419,0.112554921458165,0.242781318222603,1,1,-1.10022510725221,1,0
1420,3.27182079771509,5.42642987234291,1,0,-1.2621396429442,0,0
1421,0.288042869394617,1.32343835522294,2,1,0.785933514697552,1,1
1422,0.719254871623384,4.08604847841452,2,0,-1.77561662242763,0,0
1423,0.00217052435295449,0.332049002575537,1,0,-0.187532124151861,0,0
1424,0.1045219724377,0.27592844568902,2,0,1.84439841443375,0,1
1425,0.507215478767951,0.887305772866497,1,1,0.615868237004363,1,1
1426,0.167514680263897,0.269754121804289,1,1,-0.138243528164013,1,0
1427,0.347528872597549,1.97661900703383,1,0,0.641896896002838,0,1
1428,0.661869000810577,5.4928746837587,2,0,0.505691985085998,0,1
1429,0.664406365508007,0.994017518822928,1,1,-1.16287013358009,1,0
1430,0.758386102711989,1.32379555760321,2,0,0.753446839620308,0,1
1431,0.144118223024268,6,0,0,0.144534436076761,0,1
1432,0.657818146670858,0.660689539723995,0,0,-0.120627503641407,0,0
1433,0.512718837708235,2.83201224363662,2,0,1.34867322212082,0,1
1434,0.0376248835270957,0.128815369313137,1,1,-0.473889515839108,1,0
1435,0.832492806129076,1.59109516793189,2,0,-0.828441592979453,0,0
1436,0.461135914859672,2.31825259137268,1,1,0.551682059760161,1,1
1437,0.0505498475912545,1.4511643989313,1,1,0.575752238679685,1,1
1438,0.196866606258684,0.608617716913779,1,1,-0.440880763558146,1,0
1439,0.0449537040872706,0.503076877257447,1,1,-1.68318139344147,1,0
1440,0.935258494895543,1.12845080884194,2,1,-0.101794819959427,1,0
1441,0.0282567273825407,1.6361960377238,2,1,1.35040473705685,1,1
1442,0.712362879680263,1.32663509105524,1,1,0.449749470464234,1,1
1443,0.773347297429721,4.0560206847065,1,1,-0.725240807115855,1,0
1444,0.123976617016726,0.700267181103229,2,0,0.699593841496063,0,1
1445,0.00871822273039406,2.29536105294632,2,0,-0.140616074464419,0,0
1446,0.128433201979432,0.210815034615219,1,0,-2.34277442002001,0,0
1447,0.818106541346732,0.92412013551241,1,1,1.58061781882923,1,1
1448,0.587478178139362,1.08866666956285,1,1,-0.0925108627016289,1,0
1449,0.424150319045617,0.592436392139454,2,1,0.922000496015348,1,1
1450,0.806981528959023,0.84337123552141,1,1,1.52965272934143,1,1
1451,0.91620433243084,3.83261289757987,0,0,-0.0993526255916823,0,0
1452,0.711246945688294,0.925768806300025,0,1,-0.287214113029447,1,0
1453,0.18582521730827,1.78287370881529,2,0,0.958424851968689,0,1
1454,0.191159087440206,0.24022248950092,2,0,1.2460948448077,0,1
1455,0.496848138670127,0.655789421962843,2,1,1.89057882855155,1,1
1456,0.470399385298112,1.5757650230898,2,0,0.41174443714507,0,1
1457,2.50677144554824,4.23320508872469,0,0,-0.303147787762284,0,0
1458,0.315496779253913,0.897137681427551,2,0,0.757334789291625,0,1
1459,0.461487326150139,1.47042134233833,2,0,1.03379846936601,0,1
1460,0.705594079465502,0.973053760040748,1,0,-1.13618289066244,0,0
1461,0.0113324799980239,0.228628055541199,1,1,0.264427466171337,1,1
1462,0.892278321929323,1.32607866444557,2,1,0.813367028342646,1,1
1463,0.070265085539884,1.5754191357322,1,1,0.0256946202920529,1,1
1464,0.1173563470033,0.335077484833828,2,0,-0.562489114051683,0,0
1465,0.360678901892191,0.536638775751964,1,1,1.63510152585394,1,1
1466,0.865801905959527,2.54823584353078,2,0,1.64794242572901,0,1
1467,0.00187011953029368,0.0996090130277004,1,1,-0.705288745239398,1,0
1468,0.29320802177406,1.11476330658232,1,0,0.422117287223976,0,1
1469,0.76108744678398,0.821138306795552,1,1,0.509417092131263,1,1
1470,2.39616024190423,6,0,0,-0.866021349917101,0,0
1471,1.80439448969712,6,0,0,-0.659166876684417,0,0
1472,0.301057652880748,0.397647994749809,1,1,-0.330912451293335,1,0
1473,0.553085176895062,3.47503732043535,2,0,-0.727967901810603,0,0
1474,0.34582559724148,0.762468846936512,1,0,0.0614511183285821,0,1
1475,0.0943346942464511,0.577418235977974,2,0,1.77839196103819,0,1
1476,1.36395699029467,3.8474933244288,0,0,1.42614227267975,0,1
1477,1.3267698226805,2.41465297838052,0,0,-1.42994135881725,0,0
1478,0.0915527778367202,0.621976488051615,1,0,-0.848434523009037,0,0
1479,0.148076237608482,0.157493164293187,0,0,-0.624858881684169,0,0
1480,0.744248025843667,1.02971226901421,1,1,-0.312397524525592,1,0
1481,0.682708448213008,0.786989430473711,2,0,1.52563946236658,0,1
1482,0.187512730450263,0.694108714888865,1,0,-1.07623629724756,0,0
1483,0.0394036496678988,0.281677658067029,2,1,0.00366038388826065,1,1
1484,0.164971205566451,1.64473715092346,1,1,0.605381341012468,1,1
1485,0.196197631561922,0.720656326174597,1,1,-1.00327516608142,1,0
1486,0.0814345221212788,0.333204836254023,2,0,0.946188383848164,0,1
1487,0.140823318312566,0.160597274042902,1,1,-1.57407602516935,1,0
1488,0.188278277508087,1.38303401907738,1,1,1.86600456106532,1,1
1489,0.674079189387461,1.16696606253468,2,0,0.178684997452334,0,1
1490,0.486734143665267,1.08569521472389,2,0,-0.396520516388716,0,0
1491,0.420870009499292,1.25837591838384,1,0,1.27037640452553,0,1
1492,1.43395258316035,2.6191273137062,2,0,-0.112091161494706,0,0
1493,0.171549973698954,0.672260487299731,0,0,-2.21049025494636,0,0
1494,0.184302613471677,0.54426369878153,0,1,-1.15841939439232,1,0
1495,0.842705218639616,0.960667946763839,1,0,-1.27910761903734,0,0
1496,0.166288169774539,1.15718840721637,2,1,0.59379341333123,1,1
1497,0.0353635664728836,1.58810184967152,2,1,-0.038658674598161,1,0
1498,0.182067214304374,0.847597408216165,1,1,-0.691600510713013,1,0
1499,0.193098977518578,1.50124969208927,1,1,-1.39508165489776,1,0
1500,0.666191150020394,0.668990443325732,2,0,1.14440622148434,0,1
1501,1.28291243165203,1.61790230421371,1,1,0.0691481885926242,1,1
1502,0.0304592861276534,0.268775657938312,1,0,-1.98910807842754,0,0
1503,0.841226909053126,1.30283192639012,2,0,1.12534514484439,0,1
1504,0.770511553871329,1.42583363334319,2,1,-1.33804536050187,1,0
1505,1.39525645878824,4.1217827498567,2,0,0.811832637122288,0,1
1506,0.287032959361871,0.516636795762252,1,1,1.98251414595581,1,1
1507,1.59765515122352,1.63276311041854,1,0,0.695385601587906,0,1
1508,0.35151989391096,1.85953455760432,1,0,0.657078295717721,0,1
1509,0.748218720675343,2.65888200510595,1,0,0.482390253636767,0,1
1510,0.907645869494249,1.30610698648641,2,0,0.340270060614709,0,1
1511,0.198972073038493,1.58491744375512,2,0,-0.67445283065854,0,0
1512,0.577728918029202,1.32124355468224,1,1,-1.11285252561019,1,0
1513,0.279640578147438,0.737598658114625,1,0,-0.551692837249541,0,0
1514,0.402504076353378,2.02390088129206,2,0,-0.61804161975862,0,0
1515,0.216485757613712,2.88588430609846,1,1,0.503229222254689,1,1
1516,0.2705153793312,1.20244331470916,2,1,0.668065378641401,1,1
1517,0.435848405791654,0.44577443623389,2,0,0.926135153878175,0,1
1518,0.11913128869815,0.45110158156476,1,0,-0.224864473951229,0,0
1519,0.616234573535621,0.789371805397154,1,1,1.0694166868487,1,1
1520,0.21476944470296,0.852276642977919,2,0,-1.19117161364006,0,0
1521,0.0926401631699668,2.95994842218886,1,1,0.0952012583682499,1,1
1522,0.324332191505366,0.777064734819393,2,1,0.802131245878068,1,1
1523,0.287446427779893,0.331066177318213,2,1,0.0197317800908545,1,1
1524,0.681848294580012,1.53862261375847,2,0,1.08956050343374,0,1
1525,0.185216920028111,0.966692122009704,1,1,0.601737744989356,1,1
1526,0.201405007909569,1.05925720540022,1,0,-1.09292862925317,0,0
1527,0.439220932829711,0.705986913914482,0,0,0.291625451840069,0,1
1528,0.297602848186167,0.432691906414854,1,1,-0.863672401149703,1,0
1529,2.21242389942808,5.23927528361462,2,0,-0.363746385181866,0,0
1530,0.00513126446529673,0.259010634131359,2,0,1.41709443155722,0,1
1531,0.30107625760138,1.69297976733396,2,1,0.443617191777745,1,1
1532,0.573495409140984,1.8617412458041,1,0,0.989796883927375,0,1
1533,1.07865956503783,1.59188039650526,1,0,0.0638155707959642,0,1
1534,0.00799249133302106,0.677912284067247,0,0,0.0653184600667034,0,1
1535,2.26292151948415,4.45305349374993,2,0,-1.42968991697709,0,0
1536,0.244694030413839,1.79589343765661,1,0,-0.332967054488138,0,0
1537,0.0712205617406003,0.932821605850442,1,1,0.7440817527438,1,1
1538,0.327650146359066,2.51893518411536,1,0,0.617166192448999,0,1
1539,0.465973942126665,0.786797096837687,1,0,-1.93159387126665,0,0
1540,0.820797146768716,2.303437534062,2,0,-1.85771847991961,0,0
1541,0.0999970584073001,0.165642861597044,2,1,1.345932751974,1,1
1542,0.290350425574515,0.786333535217084,1,0,-1.4305333587057,0,0
1543,0.146287181973908,0.259485243810405,0,1,-0.356377319497914,1,0
1544,0.0316938522058793,1.11374424987279,2,0,0.51975302147217,0,1
1545,0.336155933237413,0.529346310056256,1,1,-0.795458906808739,1,0
1546,0.00516611668798659,0.896095616364368,1,0,-0.34591202367897,0,0
1547,0.592923149880436,1.34536593448907,2,0,0.769402908574409,0,1
1548,1.20659341099661,1.51450366628823,1,0,-1.41667617611759,0,0
1549,0.349865171851383,3.25916315509344,2,0,0.538033656247633,0,1
1550,0.113591149242388,0.791447462805582,1,0,-1.98457156803757,0,0
1551,0.725112284223239,1.061746357566,1,0,1.64322575908006,0,1
1552,0.411996400853839,1.15332998662213,1,1,-1.22267059449793,1,0
1553,0.30214402358979,1.03891804635913,1,0,-0.510682716290784,0,0
1554,0.00318461718658606,0.708704901238283,0,1,-0.0698560145350002,1,0
1555,0.139052896177166,2.50933028933708,1,1,0.208523826521076,1,1
1556,0.535013502797561,4.51089766050993,2,0,-0.977283558234509,0,0
1557,1.34826697818406,2.03363441822359,2,0,1.20768615535457,0,1
1558,0.515811721173426,1.60119558439751,2,0,0.65938514341511,0,1
1559,0.0293351368357738,0.50283377595565,2,0,-0.0699636377829625,0,0
1560,0.878176640465538,1.54203625963493,1,1,-1.44631350553636,1,0
1561,0.0628193522109024,0.298829049679005,0,1,0.0636729646622479,1,1
1562,0.045587695721123,0.487604379372312,1,1,0.458494581489468,1,1
1563,0.064083180110033,0.311940816225761,1,1,0.858974804980417,1,1
1564,0.00833124646710025,0.443290988132956,1,1,-0.843368296697346,1,0
1565,0.420022248807881,2.13029341373149,1,0,0.3462325038986,0,1
1566,0.116313257185081,0.653289498676736,1,1,0.154028631579207,1,1
1567,0.0882121663227789,4.36504305477636,2,1,-0.0653151884424806,1,0
1568,2.17833792660936,4.14308544869224,0,0,0.087632822233571,0,1
1569,0.062200438523532,1.3352699358198,1,1,0.00402615902295968,1,1
1570,1.57167744680059,2.21327737453995,2,1,0.026485319799868,1,1
1571,0.175295217326331,1.15541314399712,2,1,1.06846273047438,1,1
1572,0.277005967994531,0.96618158210705,1,0,-1.18530481069036,0,0
1573,0.0446105448345863,0.723950643384954,1,0,-0.665361342698964,0,0
1574,0.208071650660503,2.00959476198144,2,0,-0.564141750152403,0,0
1575,0.765119143761694,3.0528115625368,2,1,-0.147742211931769,1,0
1576,0.784755013287944,1.03688042610884,0,0,0.459630762749301,0,1
1577,0.229195798747241,1.76329427369329,0,0,0.443737701642845,0,1
1578,0.103782423668438,0.632804771834099,1,0,1.50095811629607,0,1
1579,0.345349798185958,0.422207007731503,2,0,1.41986632924705,0,1
1580,0.447682370949123,0.544845622528896,1,0,1.00169528715302,0,1
1581,0.627125571481884,1.09831660545344,1,1,0.0695162579802979,1,1
1582,1.76455109045079,6,0,0,0.150134769854058,0,1
1583,0.626842202618718,0.699049667018546,2,0,1.16627881177983,0,1
1584,0.454108356746733,0.785865313832379,1,0,1.28894579786636,0,1
1585,0.0721722199685044,0.20776132695085,2,0,0.278367266152395,0,1
1586,0.106406669528453,0.352829509608908,1,0,-0.346701290166119,0,0
1587,0.263723386969003,0.402871129019876,1,0,-1.15347116974578,0,0
1588,0.708135568226377,0.893672794724504,0,0,0.0652994331638002,0,1
1589,0.733555180744992,1.39012904103768,2,0,0.285117363178644,0,1
1590,0.084523500667678,2.02644458461516,1,1,0.678506839784854,1,1
1591,0.367527301940653,1.35099065348528,1,0,-0.975235112633934,0,0
1592,0.570154787623017,1.3400848117123,2,0,0.617736793709466,0,1
1593,0.806870029655957,2.20324460800855,2,0,-0.187152529904487,0,0
1594,1.45398091209731,3.32916268457969,0,1,-1.23354529089682,1,0
1595,1.56197072626179,2.99483670044287,2,1,-0.709950543440535,1,0
1596,0.0562740022176435,0.0928115599143234,1,1,0.643937871164551,1,1
1597,1.81835834548476,2.0803087888597,2,0,-0.0362563563382925,0,0
1598,0.148941495248841,2.15873258287794,1,1,-0.653824457383794,1,0
1599,0.566732318968409,1.24245855646829,0,1,-1.662863535345,1,0
1600,0.272405323391288,1.16353302683982,2,1,-0.285068445556199,1,0
1601,0.801371297648894,3.52579893070961,2,1,1.11865887432025,1,1
1602,1.09420567953224,2.51451373069375,1,0,-1.25414411179027,0,0
1603,0.127658253735882,0.499849356440705,1,1,-0.734016031678676,1,0
1604,0.244426481529242,2.43009865947306,1,1,1.22285615281382,1,1
1605,0.075502370961205,0.381202021656858,2,0,-0.872708716147651,0,0
1606,0.115409039399471,3.09481878144046,0,0,-0.278811517149792,0,0
1607,0.650567451698913,1.42843433655798,0,1,0.00898055589590189,1,1
1608,0.0798562969076414,1.24009952293017,2,1,0.848428417060824,1,1
1609,0.29237931330264,0.685695545369473,1,1,1.45914980490392,1,1
1610,1.00327023612432,2.43704264476255,2,0,-0.382279666410051,0,0
1611,1.53662702064019,1.96651309723289,1,1,1.56905579178615,1,1
1612,0.193744098966694,2.09220220595562,2,0,-0.041259791975428,0,0
1613,0.61981110005743,1.97578095653477,1,1,-0.87596142058539,1,0
1614,0.0338026482818855,0.68674322955599,1,1,0.728463634257109,1,1
1615,0.690746559347543,3.99934666231275,0,0,-0.0215627821628387,0,0
1616,1.76755051015751,1.79833177477121,0,0,-0.32603081819052,0,0
1617,0.441021754199432,1.19330345652997,0,1,0.687497181300044,1,1
1618,0.270227671300259,2.26249226834122,1,0,0.0839727601041082,0,1
1619,0.234419459787508,2.6051542501569,0,1,-1.29346345572631,1,0
1620,1.82756821098198,3.53721675569038,2,1,-0.127654646869164,1,0
1621,0.835147540348782,1.61775595653991,2,0,-0.705867545323807,0,0
1622,0.63919629332506,0.657671776900961,2,1,0.587667875250644,1,1
1623,0.788748161820584,1.38527919009672,1,0,-0.897128347414755,0,0
1624,0.301425994184103,0.447127995524153,1,0,0.405783330117668,0,1
1625,0.100134092376608,0.796995708600425,0,1,-0.205757341708498,1,0
1626,1.27410280720527,1.56714427339211,2,0,-0.129245705698611,0,0
1627,0.291315083724149,2.82827605953936,1,1,-0.685402415177316,1,0
1628,0.120818801781475,0.217803579856901,1,0,-0.0808391836127581,0,0
1629,0.0889302572071259,1.81317472894658,2,1,-0.0229646093070694,1,0
1630,0.0172071655591329,0.0517542336951261,2,1,1.68518160026255,1,1
1631,0.0971857390310053,0.742346201942286,2,1,-0.775440236413362,1,0
1632,0.443431338709262,4.46097975884657,2,0,-0.0697294411244398,0,0
1633,0.076207641170005,0.180859847950475,2,0,1.01573419090781,0,1
1634,0.239999394615758,3.60372459536881,1,1,-1.05449278372224,1,0
1635,0.491816174342401,1.58811703193171,2,0,0.359050359350709,0,1
1636,0.446033271189976,3.66147420747929,2,1,-0.923224122403982,1,0
1637,0.197695306398802,0.624610610495389,1,1,-0.687154245960117,1,0
1638,0.157218623078532,0.248139533565637,1,1,0.733385809140683,1,1
1639,0.598652584583461,1.92583202940534,1,1,1.76835793621843,1,1
1640,0.389321282402509,0.523541786781121,2,0,0.811615156981769,0,1
1641,0.403705835859809,1.20939094363935,1,1,-0.336440491786843,1,0
1642,0.177213971280765,2.18479960454499,2,0,-0.406931634369278,0,0
1643,0.454239308317799,1.66891319267782,1,1,-0.573899214154979,1,0
1644,0.617945457084311,1.42724623744675,1,1,0.48289986593002,1,1
1645,0.359549059798442,1.28744999719528,1,1,0.215342039166981,1,1
1646,0.110929705667096,0.276514637300237,1,1,-2.54993595153664,1,0
1647,0.788719769320012,2.83768052235246,0,0,-0.920485161710338,0,0
1648,1.17412847580747,2.19432816800821,2,0,-0.227116764453586,0,0
1649,1.30425921015741,1.9977429831167,1,0,-0.785642586029248,0,0
1650,0.750883283714453,0.973667881141106,0,0,-0.110819141154935,0,0
1651,1.44056311493418,2.07568337059876,1,1,0.916374262211913,1,1
1652,0.0764101021179494,0.471326353019603,1,1,-0.636543169627471,1,0
1653,0.0887940672289278,0.115684794404852,1,1,-0.0617916902848971,1,0
1654,0.234823155527314,1.91144549971451,2,0,-1.11972969002406,0,0
1655,0.480079026892781,2.18755822163643,1,0,1.16096515800162,0,1
1656,0.550874560140073,0.663937298741508,1,0,-0.387607157876233,0,0
1657,1.01450623406997,1.07428062776196,2,1,-0.779050339635678,1,0
1658,0.106443357653916,0.886821359433771,2,0,0.844833583708641,0,1
1659,0.936636812938267,1.0704226593042,1,0,-0.789757710824504,0,0
1660,1.31928878805735,1.32318772182469,1,1,-0.0981301751027055,1,0
1661,0.0504365966965755,0.272124772768812,2,0,0.663375071187685,0,1
1662,0.0691890597550405,0.182541400217789,2,1,0.974700129119479,1,1
1663,1.32180749020114,2.23069117404521,0,1,-0.769460503503882,1,0
1664,0.0681237419703847,0.137104114191882,2,1,0.661531301338434,1,1
1665,0.874691401665092,4.22737195090045,1,1,-0.987587875726827,1,0
1666,1.24322827797269,1.45888402608393,1,1,0.557813878604547,1,1
1667,1.47365131100318,2.23311380373571,2,1,0.143040959341118,1,1
1668,0.831146271231784,4.02807090077852,1,0,0.189406265018729,0,1
1669,0.504380629604889,1.40223803035974,1,1,-0.95049491992197,1,0
1670,0.0612932340227883,0.260030758241223,1,1,-0.346878019287032,1,0
1671,1.09894194532071,3.10684077656756,2,0,0.603833651671062,0,1
1672,0.499719710399707,0.599730329751285,1,0,-1.16999215903986,0,0
1673,0.361209952431057,1.05199387878981,0,1,-0.34096951884914,1,0
1674,0.560394657465319,0.71568857191221,1,1,-0.951563292932151,1,0
1675,0.981267683368273,1.5678967963036,1,1,0.322854499178735,1,1
1676,0.0504179692572371,0.345664450402807,1,1,-0.127363440854231,1,0
1677,0.117678535688255,1.54677277201417,2,1,-0.789285613309123,1,0
1678,0.45630303521951,1.85013164059975,2,1,0.409023156590555,1,1
1679,0.194081283795337,0.314638327246237,1,1,-0.478388527831745,1,0
1680,0.0149616188003127,0.820920844138495,2,0,1.86334037340665,0,1
1681,0.315648520952356,0.964462573950489,0,1,-0.251100131240375,1,0
1682,1.76130680448993,2.19995880166886,2,1,0.507319097499584,1,1
1683,0.416190424002707,3.09761806955404,2,0,1.0928664834356,0,1
1684,0.203190135976507,0.211281454741633,2,1,0.259059799981167,1,1
1685,0.077223124810391,0.136276002516062,1,1,0.105161485610636,1,1
1686,0.0736070921023687,0.436408578430553,2,0,1.86088614854958,0,1
1687,0.154927260138922,1.36375254145933,1,0,1.69758945598879,0,1
1688,0.31106213418146,0.966959996271111,2,0,-1.01098956362121,0,0
1689,0.640564144382046,1.32975426383225,1,1,1.18221375404149,1,1
1690,1.32153464787008,1.93442423933818,1,1,-0.0973676086548964,1,0
1691,0.0482065841141674,2.3063839977048,2,1,-1.74320880931182,1,0
1692,0.167826456017792,0.453485138714314,0,0,-1.18809705753739,0,0
1693,0.743791094670693,2.34055003198403,2,0,0.179882912292945,0,1
1694,0.0538608194137234,1.31007083156686,1,1,-0.645972472928826,1,0
1695,0.762939690094855,1.41098826482139,1,1,0.00104223691570131,1,1
1696,0.638293287613326,1.5028583081653,2,1,1.66386162071261,1,1
1697,0.431825721946855,3.72192947010832,2,1,-0.174205722625533,1,0
1698,0.199732953786022,1.03567947564202,0,1,-0.255722136646381,1,0
1699,1.15943785338238,1.2198356579799,2,0,0.582797372512306,0,1
1700,1.70466142386797,2.27225109387821,2,1,1.00423615033236,1,1
1701,2.70156507863031,5.24051402302035,0,0,-0.873467833589029,0,0
1702,0.110723554260201,0.281816923942735,2,1,2.19515650901987,1,1
1703,0.855309288488176,1.42011447244034,1,0,-0.915205719550224,0,0
1704,0.177808965963275,0.506839488240199,1,0,-0.247830815748055,0,0
1705,0.484099599222342,1.04928698490328,1,0,0.251118000490148,0,1
1706,0.0805447053378532,1.66812715233039,1,1,-0.068739533321056,1,0
1707,2.26410537327928,2.34715991918504,1,1,0.362310609106502,1,1
1708,0.369682296489676,0.387196642670593,2,0,0.993542412316044,0,1
1709,0.749492020760146,2.8505821658171,1,1,-1.29371701392116,1,0
1710,0.86473014903727,1.23122817873541,1,0,1.79813415256277,0,1
1711,0.0851476063124008,3.85793990466597,2,1,-0.241818440262471,1,0
1712,0.320113197616912,1.15278208078841,1,1,-1.71578760919808,1,0
1713,1.28608099691959,1.86469763768516,2,1,-1.15283642082932,1,0
1714,0.282694600242325,0.789159535694391,1,1,0.3607827600557,1,1
1715,0.106571189438303,0.586071396246552,0,0,-0.146533122453556,0,0
1716,0.582664646208286,2.20587377611565,2,0,1.46955930876475,0,1
1717,0.930582238800138,4.85932053349225,0,1,-0.456871070914981,1,0
1718,0.349858823335833,2.1772849850921,1,1,-0.403977754622374,1,0
1719,0.0421371455427747,0.0658735657024896,2,1,1.49366378283206,1,1
1720,1.12755738918451,1.72065567298579,1,1,0.0346008122946647,1,1
1721,0.359944414554371,5.32111248398819,2,0,-0.504324721501376,0,0
1722,0.37214627644668,0.556097089953492,1,1,-0.632618399054413,1,0
1723,0.0396124002496369,0.692113332774024,1,0,-1.12423281000227,0,0
1724,0.403752896106905,1.13347542474554,1,1,0.103004437816095,1,1
1725,0.0507692796074682,4.79944694138376,0,0,-1.06266012778238,0,0
1726,0.1378901489079,2.16730359326188,0,0,0.521446318404878,0,1
1727,0.652503925893042,0.870957617234389,2,0,0.50786977739738,0,1
1728,0.0167449268822869,6,0,0,-0.485822717292854,0,0
1729,0.888290437305649,1.51919806507641,1,0,1.6010697749092,0,1
1730,0.054359064860526,1.26897977716868,1,1,0.187424947103277,1,1
1731,0.0064858380291197,1.12554895223664,2,0,0.958691619453422,0,1
1732,0.926716233453499,6,0,0,0.117067709837693,0,1
1733,0.259342918478082,1.12499322713771,2,1,-0.615998226622775,1,0
1734,0.627341764565143,5.01323357442338,2,0,0.227225487328282,0,1
1735,0.546281991216044,1.10313173693915,0,0,1.46910817611291,0,1
1736,0.320363521141099,0.818290700583117,1,0,-0.0130054975179106,0,0
1737,0.141195729374886,0.267034108064207,2,0,-0.0260547380541895,0,0
1738,0.0240077331869139,0.373694004779689,1,0,-0.298160107874843,0,0
1739,1.95589321138729,6,0,0,-0.215173661788034,0,0
1740,0.725820470704801,0.92099190403728,0,0,-0.0852716085258485,0,0
1741,0.218872687234643,0.684424029383015,1,1,1.1669979094057,1,1
1742,0.0073517490925703,0.406881635693788,2,0,0.111049752550452,0,1
1743,0.441035942898856,1.73943965064275,1,0,1.50891421805181,0,1
1744,0.710805646247334,3.61468913486404,2,0,0.254163873244202,0,1
1745,0.141029643515746,0.755321730598206,1,0,-0.66656886784999,0,0
1746,0.370425169045726,0.634740992352963,2,0,1.30206745049503,0,1
1747,0.53684092613768,5.13302329278795,0,1,-1.19560543015541,1,0
1748,0.419167377986014,0.484770103235884,1,0,-1.07928406536401,0,0
1749,0.57543001551595,1.58728325429062,0,1,0.0765826182321131,1,1
1750,0.124190020087113,0.416026311003599,2,1,0.177294213162776,1,1
1751,1.1720192142192,1.27970222202915,1,1,-0.727076689887002,1,0
1752,0.0650424122189482,0.369721213959317,2,0,0.440062772309223,0,1
1753,1.02213478435544,1.04990257139931,1,0,-0.492973571649818,0,0
1754,0.792253993197958,1.14190390581139,1,1,-0.196607556119322,1,0
1755,0.287822398676353,1.35235630495194,1,1,-0.519992075157787,1,0
1756,0.240368395008975,0.375111015154693,0,0,-1.09267894198116,0,0
1757,0.491153288943072,0.7554313435084,0,0,-0.0277695676634463,0,0
1758,0.133919057229327,0.449654539004637,2,0,-0.269377470423982,0,0
1759,0.720147372016476,5.52346639073974,1,0,-0.609434152897528,0,0
1760,0.597349065873358,2.1898165796742,2,1,0.422301179563318,1,1
1761,0.237027996530135,0.305819023627365,1,0,-1.5043189265949,0,0
1762,0.470609615184167,0.563365397974849,0,1,-0.695835241031773,1,0
1763,0.0305469028858675,1.23463364569564,1,1,-0.22232310904296,1,0
1764,0.206655981936821,1.21186102676155,1,1,-2.31484751765953,1,0
1765,0.0620144988299179,2.59452183817031,1,1,-0.959679372844423,1,0
1766,0.0496181107699874,1.58000600365396,1,1,-0.247438434061281,1,0
1767,0.252359016901917,2.87184341599951,2,0,-0.519738379950372,0,0
1768,0.706103446686433,1.10990563423046,2,1,0.52182240831501,1,1
1769,0.480856939425899,0.513008429324159,1,0,-1.22240745158158,0,0
1770,0.294680196621714,0.698570872315531,1,0,-0.698395628866368,0,0
1771,0.345066677157912,5.26968603289943,2,0,-0.296991420639463,0,0
1772,0.532888361914086,0.711740919699272,0,1,-0.843348666074485,1,0
1773,0.0740236747595999,0.124745412992707,1,0,-0.342573690421918,0,0
1774,1.1953459089776,1.78111791824065,1,0,0.241463178778482,0,1
1775,0.386433842841105,1.4976892326542,2,0,0.871077214884696,0,1
1776,0.0532001939912637,0.664908362248916,1,0,0.379742459539066,0,1
1777,0.49406883203321,2.21948590813737,2,0,-0.526860949137961,0,0
1778,0.378743222799609,1.76666225008685,1,0,-0.240592417342471,0,0
1779,0.0814419751986861,0.249627425024907,0,0,0.0807894121473474,0,1
1780,0.343746725055907,4.19292582486127,1,0,-1.24522766813504,0,0
1781,0.21575235246228,0.381451899129541,1,1,1.61896986603728,1,1
1782,0.295552937831316,1.03340225597944,0,0,-0.131948960340278,0,0
1783,0.829053359242674,1.44539441597805,1,0,0.0851611366902681,0,1
1784,0.0882759566108386,0.342943725143244,1,1,-1.8997005402505,1,0
1785,1.13194857985594,5.48767267387915,0,0,-0.382906096674308,0,0
1786,0.0734703520755816,2.08849406169539,2,0,0.338989508966462,0,1
1787,0.108745113085598,0.219321634349851,1,0,-0.276192900099249,0,0
1788,0.755672105588019,0.943442626243649,1,0,-0.859759307917678,0,0
1789,0.334724535027312,0.495445023396242,2,1,1.46345151852054,1,1
1790,0.728037078077061,1.96144232777291,1,1,1.16921626405283,1,1
1791,0.0763231448622213,0.224479307372635,2,0,1.16779280111845,0,1
1792,0.189185074737502,0.451512854957793,1,0,0.329284527890265,0,1
1793,0.987886986966141,1.13378901117871,1,1,0.728653703272071,1,1
1794,2.8282288357043,4.27371318469607,1,1,-0.366521132166294,1,0
1795,0.23139753844589,0.405485831587542,1,1,-1.36059126608927,1,0
1796,1.12949317383723,1.66665258817375,0,0,-1.21359787441438,0,0
1797,0.178439558431261,0.942249633061699,2,1,0.141527032431813,1,1
1798,1.42381087147827,1.45800153044239,1,0,-0.955427199650794,0,0
1799,0.402400951522092,2.22344449646392,1,1,-0.646230301801437,1,0
1800,0.0349235353577468,0.91135705619421,1,1,-0.241177164947069,1,0
1801,0.538846854017013,0.604282033086221,1,0,-1.35067890606035,0,0
1802,0.212513554013438,0.320563971762695,1,0,0.0617112646032174,0,1
1803,0.0993404992752605,0.39398949563497,2,1,0.251240192453297,1,1
1804,1.71524493253681,5.86822269844624,1,0,-0.282468540538298,0,0
1805,0.586602952745226,1.61538616876585,2,1,0.480899983748775,1,1
1806,0.512935169972479,2.61879770085216,0,0,-0.268290225596787,0,0
1807,0.578441256139841,3.30338028347313,1,0,0.189553102635597,0,1
1808,0.161551124830213,0.509854932061994,1,0,-1.21527232614411,0,0
1809,0.465508503321972,0.476371774233305,1,0,-0.564579023240025,0,0
1810,0.70455827543305,0.827427307383538,1,1,1.04759901252791,1,1
1811,0.206617920864493,2.00349882931274,1,0,-2.34619746915441,0,0
1812,0.770670173979763,1.49818645972672,1,1,-0.384000995237964,1,0
1813,1.06120994723805,1.13873510907797,1,1,-1.2089004656521,1,0
1814,0.41084804572165,1.86576795817611,1,1,-0.22176848468079,1,0
1815,0.0454018151180612,0.527740481851348,2,0,1.49258043440718,0,1
1816,1.28099766658711,1.44758154948552,0,0,0.0325820237891203,0,1
1817,0.0773190479311678,1.7690458030393,2,0,-0.678240061550357,0,0
1818,0.0396620539120502,0.404053501870127,1,0,0.672763168125497,0,1
1819,0.72210131213069,0.878530576294317,2,1,-0.867636552323892,1,0
1820,2.34220834848852,3.51015463471413,0,0,-0.577145441588696,0,0
1821,0.366391067703565,0.836436796237171,1,0,1.42088554953446,0,1
1822,0.157211870989866,2.73608753322747,1,1,-0.748702340448448,1,0
1823,0.559306457742221,0.946900543832962,2,0,0.510318572543453,0,1
1824,0.0373086012252278,0.524920455235885,1,1,-1.34366449035221,1,0
1825,0.0631012151845627,0.453836477051179,0,0,1.31055320347058,0,1
1826,0.214674466600021,0.218137943412125,1,1,0.212694298466244,1,1
1827,0.275664248296784,0.540257110859851,0,0,-1.15183632256059,0,0
1828,0.170980707949234,0.337481981597185,1,1,-1.16316218619472,1,0
1829,0.869723506916302,2.40244577099234,1,0,0.0142773129396453,0,1
1830,0.150428888284498,0.769616305530322,2,0,-1.43386219802736,0,0
1831,0.359726423501141,0.975097148505004,1,0,1.5374643994525,0,1
1832,1.25870867938103,1.66995018454008,2,0,1.6479302838206,0,1
1833,0.789434073653168,0.914225493174102,2,0,-0.853493440168406,0,0
1834,0.00968452129099104,1.52055006974847,1,0,-0.290814124063789,0,0
1835,1.86698155054386,2.55824850224911,0,0,-0.387555531892522,0,0
1836,0.769843916512198,1.10038805117357,1,1,-0.461833478553977,1,0
1837,0.462637247724666,2.13383568140368,0,0,0.530997012051368,0,1
1838,0.110548573235671,0.348242469395968,2,0,0.688095884870576,0,1
1839,0.294220800408059,0.873002476895836,2,1,0.213260244435835,1,1
1840,1.21584591040873,1.23291101547354,2,0,-0.997153489680863,0,0
1841,0.208493732898903,1.54172938720229,2,1,0.952668706996917,1,1
1842,0.00364983493064302,1.83695940954117,1,1,0.847462120924845,1,1
1843,0.978013801652207,4.71356644577591,0,0,0.0344662786675943,0,1
1844,0.0649398358331786,0.496081050696971,2,0,-0.36195929408712,0,0
1845,0.131767623014441,2.05904629740184,1,0,0.443346133018101,0,1
1846,0.440808082100932,1.37080309192895,0,1,0.975920802101882,1,1
1847,0.21461821517235,0.601528862813482,1,0,-1.03529225873255,0,0
1848,0.181737046481835,0.340688110767323,2,0,1.43583285263031,0,1
1849,0.170615177628061,1.18451231653807,1,0,-0.411008279116321,0,0
1850,0.280653844690985,0.524830293484364,2,1,0.956441980090026,1,1
1851,1.2683752509816,6,0,0,-0.116563524946452,0,0
1852,0.937503329965995,1.22748400082389,2,0,-0.87334048091069,0,0
1853,0.764041719958186,0.917044519100639,1,1,-0.561030059350254,1,0
1854,1.17548174530567,1.51685006496552,2,0,1.46996719894951,0,1
1855,0.0794225605204701,0.303591429981853,2,1,0.240550840154882,1,1
1856,1.27000329390468,1.59734465585684,2,1,0.10664873565978,1,1
1857,0.942525976394296,0.979037811083757,2,1,-1.64986458174176,1,0
1858,0.54942524324147,3.1400962021902,1,1,0.253061488320124,1,1
1859,2.52568540727283,4.124955379742,1,1,-0.638280646607048,1,0
1860,0.0771943020481855,0.305924510215526,1,1,-0.0532324797646355,1,0
1861,0.706745634476344,0.714077738424142,0,0,0.424875685976827,0,1
1862,0.850423011468199,1.357433904336,1,0,-0.327339431792943,0,0
1863,0.098817951252891,0.556077354785279,2,1,1.10056572567813,1,1
1864,0.185319134034216,0.560800899852153,1,1,-0.303692605133971,1,0
1865,2.06170171903838,3.12377876235781,2,0,0.368250761625935,0,1
1866,0.683007027126021,1.08863720514674,2,1,-0.305328544206981,1,0
1867,1.42672083025477,4.89511394845255,0,0,-0.396961576937077,0,0
1868,0.215060023071867,0.402002725916901,1,0,-0.140577787574407,0,0
1869,0.267977737304237,1.88662568241796,2,0,-0.497581971135454,0,0
1870,0.036317519628496,0.508170271428016,2,1,-1.18768833653331,1,0
1871,0.696212799391813,0.714795920176163,2,0,-0.04392818235662,0,0
1872,0.821524609040565,4.13008225087989,2,0,-0.420328621277715,0,0
1873,0.00771620311434647,0.567352589584269,2,1,1.57611912440148,1,1
1874,1.08374167229038,1.81281112732869,1,0,0.992407862827782,0,1
1875,0.752845055734118,1.79414992179308,1,1,0.416672420067854,1,1
1876,0.324187056796335,0.731690234845842,2,1,0.64301505381198,1,1
1877,1.53233483946457,4.5353091094002,2,0,-0.152376328980586,0,0
1878,0.797496834309247,1.55099532256524,0,0,-0.153184771873853,0,0
1879,0.677142555618452,3.2815463833695,0,0,0.861158279769731,0,1
1880,0.435315471452971,0.542002269169848,0,0,2.06603653511186,0,1
1881,0.892221580937187,1.02948332246359,1,1,-1.31562304869835,1,0
1882,0.483019434226056,1.2550077951866,1,0,-0.817297726872238,0,0
1883,0.299523112533347,2.79398748384322,2,0,0.50899163894456,0,1
1884,2.01680638300647,2.25715926217306,2,1,0.161463175656374,1,1
1885,0.326290705448223,0.535322263325413,1,1,-0.791623246876431,1,0
1886,0.495168847135372,0.506787484422311,1,0,-0.816834898142643,0,0
1887,0.929581245598441,2.99636692046755,1,1,-1.42158767451387,1,0
1888,0.205237813345483,0.45556848204281,1,1,0.174794108292459,1,1
1889,0.362487950155305,0.477408176459556,2,1,0.966653904889375,1,1
1890,0.618021747925215,0.640703372411863,1,1,0.31235702825644,1,1
1891,1.34260454520883,1.76506960839604,1,0,-0.498726697396303,0,0
1892,0.133107275570211,2.7880381811824,1,1,-0.275223911868616,1,0
1893,0.619510936861237,1.12635013519971,1,1,-0.52508933916928,1,0
1894,0.148747729209581,0.571703295236256,0,0,0.101264604039155,0,1
1895,0.0420281510619281,0.190886823939647,1,1,-0.71199759400326,1,0
1896,0.185874647253917,1.37027241720754,2,0,-0.432131730408401,0,0
1897,0.162477293767581,0.473574119455183,1,0,-0.381023168449085,0,0
1898,0.133188911196258,0.138206015183017,1,1,-0.621554549346676,1,0
1899,0.244670884890689,1.1247047808981,0,1,-0.535116386152079,1,0
1900,0.553028252907097,0.766129296629411,0,1,0.642507254747824,1,1
1901,2.71681486511466,3.34823704463712,1,1,0.304668408216613,1,1
1902,0.637719245731003,2.69605305798651,2,0,-0.477989463251708,0,0
1903,0.0156746778844131,0.0677190697952466,2,0,1.61481185269972,0,1
1904,0.2320126145842,1.2119329195355,1,1,-0.492365774687003,1,0
1905,0.0694984466479578,0.785636940896072,2,0,0.199438750846519,0,1
1906,0.254466111978723,0.724029649669925,0,0,0.50945756642466,0,1
1907,0.323867230460011,0.757615950211626,1,1,-0.0120208660406138,1,0
1908,0.385176732929217,0.442411167173807,2,1,-0.0240633207555033,1,0
1909,0.0641260109841824,0.502549104092074,1,1,-1.32157830703883,1,0
1910,1.22893689299095,1.85317638430177,2,0,-0.460203195161516,0,0
1911,0.412503639236093,0.532777577854927,1,0,-0.986867442338395,0,0
1912,0.680735786445439,2.34019806615456,0,0,-0.335271919890194,0,0
1913,0.789197532206456,1.22820100848238,2,1,-0.272887470469917,1,0
1914,0.439453922386916,6,0,0,-2.07439857895876,0,0
1915,0.811231301843802,1.04883017438212,1,0,0.477525100399449,0,1
1916,0.259139507684433,0.693197850999877,0,0,-0.798479350548899,0,0
1917,1.61954466737122,6,0,1,0.179516479748484,1,1
1918,0.366383950329489,0.381183547345125,1,1,-0.901592642600288,1,0
1919,1.27381706916095,1.58524626522199,2,0,1.32842145220929,0,1
1920,0.774984818112201,0.874414247452598,1,1,1.61835719948689,1,1
1921,0.675065803031127,0.828551599886784,0,0,-0.114507649142352,0,0
1922,0.581617883096139,2.44042054439584,0,0,-0.81203117876783,0,0
1923,0.0737087707966566,1.35248197863499,0,0,-0.294477499055896,0,0
1924,1.70138716067476,2.17143031919567,1,0,-0.153643688478893,0,0
1925,0.20819031377087,0.480987359663578,0,0,0.350832169438291,0,1
1926,0.0503473489373727,0.276078426457259,2,0,-0.313892202965327,0,0
1927,0.0294942381830542,4.6055142612507,0,0,-0.662916481034894,0,0
1928,0.0459973030667086,0.0969984599340167,2,0,1.25910061705968,0,1
1929,0.520694372761581,0.576017319032324,1,1,-0.0176505878383502,1,0
1930,0.0535398540604446,0.286853576309298,1,1,-1.68428629532165,1,0
1931,0.269839092571702,0.36568992752957,1,1,-1.67051185403281,1,0
1932,0.496217008266184,0.793388361268096,1,0,-1.02384963483697,0,0
1933,0.247615538537502,0.30082991226145,2,1,0.497099067179178,1,1
1934,0.146381029755705,1.65551484760491,2,0,0.827539260846624,0,1
1935,1.14546548172504,1.44069461527464,1,1,-1.45283488624892,1,0
1936,0.741086063078708,0.803567397901505,1,1,-0.724747408868538,1,0
1937,2.86520209770306,3.18701128240687,1,1,0.166291638481228,1,1
1938,0.225756764411926,0.320210257822723,1,1,-0.269219405045694,1,0
1939,0.624221045937803,2.31896823140124,2,1,-0.363057372459967,1,0
1940,1.3443272881157,6,0,0,0.214306618776586,0,1
1941,0.326138066852258,2.53793506344408,1,1,-0.937936531294253,1,0
1942,0.30674716975126,0.344021862762029,1,0,-2.66562013442645,0,0
1943,0.317408883323272,3.52348881817462,1,0,-0.658153156808866,0,0
1944,0.13743860820733,0.397063502792767,2,0,-0.383899978020808,0,0
1945,1.70165633677295,1.76336258469745,2,0,1.37778173327399,0,1
1946,2.10173371342092,3.62468730253302,2,0,0.520666564191214,0,1
1947,0.178356919851568,1.50585094888074,2,0,0.0289072647289476,0,1
1948,0.747308740909729,2.37431045621634,0,1,1.05273922805664,1,1
1949,0.315564191486273,0.335529748160779,2,0,0.282933041543245,0,1
1950,0.59288513329294,2.98927664109295,2,0,-0.0338527668458685,0,0
1951,0.653577233768172,1.01188841249577,1,1,-0.140205840716088,1,0
1952,0.263974624173951,0.70586862151833,1,1,0.29802316694626,1,1
1953,1.95471113124426,2.02168282484586,2,0,-1.75513201046346,0,0
1954,0.181699046451184,0.185424975790328,1,1,-0.290160921132812,1,0
1955,0.857681923076982,1.27457595923375,1,1,1.17506856060174,1,1
1956,0.36793716562291,0.909720113553677,1,0,1.08953990746495,0,1
1957,0.374708208772871,0.451940253715886,1,1,-0.344616334658041,1,0
1958,0.21942569396714,0.429999070773653,1,1,0.90743697416176,1,1
1959,0.619694008491933,1.45731905453069,1,1,1.37001887212787,1,1
1960,1.07191506197808,2.61714909830069,1,1,0.438649243676737,1,1
1961,0.394727009170202,0.429491913462303,2,0,-1.17953093606083,0,0
1962,0.901474629792585,3.83700232842161,2,0,0.0350938692206382,0,1
1963,0.163318656591906,6,0,1,-1.18717399139414,1,0
1964,0.823992512288956,1.21217787445415,2,1,1.65814290367696,1,1
1965,0.333357282173814,0.660337252585536,0,1,2.22296223571505,1,1
1966,0.340963787813154,2.70725770639023,0,0,0.406672804900373,0,1
1967,0.790872385615723,0.810887714747696,2,0,-1.40133605288318,0,0
1968,1.33043939036099,5.5458369522803,2,0,-0.811104337207505,0,0
1969,0.122003100500194,1.04597826906047,2,0,-0.571403797774103,0,0
1970,0.163942085992959,1.61812354810536,0,0,-0.975784536363285,0,0
1971,0.309264792336358,1.79724724963307,0,0,-0.655877145782245,0,0
1972,0.0392424760179387,1.48047899004569,1,1,-0.572032311070944,1,0
1973,0.793622897953866,0.984163482071461,1,1,-0.00408511609902679,1,0
1974,0.453180946513183,1.15138217873659,1,1,0.0809865510177946,1,1
1975,0.188323953706357,2.12947252445476,2,1,-1.00139567973859,1,0
1976,0.190042665914079,0.323455590793049,1,1,-1.19042824561176,1,0
1977,0.153259684124755,0.324547492661481,1,1,-0.384312371999431,1,0
1978,1.85475768512093,3.93280691407957,1,1,-1.23761040155237,1,0
1979,0.403329690711366,1.32361995061422,1,1,-0.698782515402972,1,0
1980,0.445147716966916,0.824547414409238,0,1,-0.311797205969806,1,0
1981,0.026459373637206,0.471527849154363,1,0,0.466328135936056,0,1
1982,1.66204953556858,1.90668987545955,2,0,0.394136135248549,0,1
1983,0.283591987358199,1.01864894620366,1,1,0.0971613639036732,1,1
1984,0.582141676165545,1.06081383454812,1,1,-0.173090835350949,1,0
1985,0.690439486255248,0.863665796031783,1,1,-0.524506467112675,1,0
1986,0.824309670916283,1.65935816553732,0,0,0.577973724343104,0,1
1987,0.323793703897132,0.56085542639913,1,0,-1.37427583232611,0,0
1988,0.961746930408491,2.36224323542051,0,1,-1.5073517112946,1,0
1989,0.581913619923095,0.615270695513264,1,0,-0.792181576481443,0,0
1990,0.0862310180026624,2.63097551039543,1,1,-0.512806165999491,1,0
1991,0.473034224059019,3.20791010723767,2,1,-2.04276071534904,1,0
1992,0.124301893843545,0.856669998346435,1,1,0.751491909733047,1,1
1993,0.482250541481139,1.16664703307423,1,1,-1.18409379856191,1,0
1994,0.100337031206147,0.144018336189367,1,1,0.29223436076864,1,1
1995,1.21184854169246,2.33097473886818,1,0,-0.819487217137009,0,0
1996,0.226983711537388,0.752196777206114,2,0,2.11110942117513,0,1
1997,0.0286705522901482,0.862672558552958,1,0,0.0613021181950728,0,1
1998,0.746841775253415,1.19854747331666,1,1,-0.0799367108540331,1,0
1999,0.233655460507055,0.376500373467489,1,1,-0.0358021530013969,1,0
2000,0.0564923195099929,0.0715872934662883,2,0,-0.935576057844277,0,0
2001,0.128880170253645,0.195281415891423,2,0,0.290585289791047,0,1
2002,0.440441986246557,0.533955900027373,1,1,0.850826255928092,1,1
2003,0.65520159744968,0.839506636148752,2,1,1.2522780427982,1,1
2004,0.539196234342496,3.92408734624399,1,0,-0.764352979961515,0,0
2005,0.219570989517371,1.57777158062775,1,0,0.789184558221469,0,1
2006,0.207297440825237,2.17225063516183,2,0,-0.478397195565526,0,0
2007,2.22637574282556,5.22145207739261,1,1,0.559813472655732,1,1
2008,0.469214059806407,0.594570649159464,1,1,1.20239908292345,1,1
2009,4.27111152743141,6,0,0,0.430710537148409,0,1
2010,0.113865842835771,1.00737291388214,0,0,-0.878501392921544,0,0
2011,0.228173454800944,1.8862631304467,1,1,1.66445068083465,1,1
2012,0.0798215654989084,0.374590188642805,2,0,1.0815580434607,0,1
2013,0.108553801352779,1.19669282915688,2,0,1.20042302191513,0,1
2014,0.498925928129918,1.23773789307852,2,1,0.315711744341755,1,1
2015,0.404822507666217,0.41430331292463,1,1,0.427949855649757,1,1
2016,3.99350206654774,4.00484498362339,2,1,1.10483801419443,1,1
2017,0.379893818042345,2.21266736986218,1,1,1.12556022465741,1,1
2018,0.189405131257243,0.969070584586815,1,0,-0.411813572598993,0,0
2019,0.195658599326647,1.79000444356265,1,0,0.563954484863345,0,1
2020,0.19032144769066,3.07550834214907,2,1,-1.03563051616863,1,0
2021,0.0832141930651334,1.38345844925987,2,1,-0.0474723391553458,1,0
2022,0.48581095567594,2.89452631647388,0,0,0.73454621698072,0,1
2023,0.184731032285425,0.641561015870822,1,0,-2.03126443799643,0,0
2024,0.94565867338215,6,0,0,-2.05266225589818,0,0
2025,0.359471322718838,0.573771986978085,2,0,0.394099132193525,0,1
2026,0.313383046434157,2.05651303404658,1,0,-1.27879189911724,0,0
2027,0.0827503085343374,0.126599109290112,1,0,-1.34758490735166,0,0
2028,0.0541935085008542,0.322172208196066,1,0,-0.826438338026244,0,0
2029,1.20801236432071,1.63911318800195,2,0,-0.0664379814197569,0,0
2030,0.471545142225093,2.02409087222632,1,0,-1.22658021138481,0,0
2031,0.936445031889293,1.23424796915671,0,0,-0.641463050069216,0,0
2032,0.626644774650534,3.06698434550555,2,0,0.246660897291998,0,1
2033,0.0135834721200384,2.37603697194377,1,0,0.992908191585086,0,1
2034,0.773874192141507,2.54780171286558,2,1,0.283616391821774,1,1
2035,0.245648726661881,0.323611246421933,0,0,-0.317276067294075,0,0
2036,0.246223106446942,0.294783629313684,1,0,-0.440026493117756,0,0
2037,0.835611919515345,2.54702971917143,1,1,0.228501655735115,1,1
2038,0.535454532235033,0.73666955402671,2,0,-0.537807659772146,0,0
2039,0.212714808165199,1.950182381193,1,0,-0.119020418847076,0,0
2040,1.00303109006221,1.0439813181632,2,0,-0.146329817714279,0,0
2041,1.30194440375899,2.17279505295058,0,0,1.93229494449132,0,1
2042,0.315307736293309,1.06439265179378,1,0,-1.32783691539171,0,0
2043,0.492935211824964,0.53910528482468,2,1,0.718542287492214,1,1
2044,0.116358972671959,5.06954917301485,2,0,0.00653139892385745,0,1
2045,0.301291100784308,0.316186361014843,0,0,-0.474831336599881,0,0
2046,0.423565630594061,0.607389669976292,1,1,-1.46606381954253,1,0
2047,0.194529109220538,1.09134057623255,2,0,1.6732094812503,0,1
2048,0.698377297570308,1.21068269299603,1,0,-2.0279288124607,0,0
2049,0.262408259117769,0.471747557358258,1,1,0.124205729203476,1,1
2050,0.604273872967396,1.78642383805155,2,0,1.46666937663746,0,1
2051,0.21869087850468,0.35028896240083,1,0,1.41935304054308,0,1
2052,0.177229317422542,1.99563837308956,1,1,0.556991314369202,1,1
2053,0.26321209811916,0.525225949438879,0,0,1.02963529857656,0,1
2054,0.545386410732236,1.85245495198046,2,0,1.00761955544292,0,1
2055,1.82320740647318,2.0191346624509,1,1,-0.0657718478263404,1,0
2056,0.32097443941214,0.36922726769428,2,1,0.574909725525324,1,1
2057,0.94855167380937,1.52033337625682,1,0,1.66181546978333,0,1
2058,1.05117651939691,2.55061909440773,1,0,0.593128847511949,0,1
2059,1.19725298856167,2.1196571054558,0,0,-1.58389913206255,0,0
2060,0.406563289256559,0.483928655576213,1,0,-1.65737647527461,0,0
2061,0.595534800344871,1.03364847751783,1,1,0.384095961403474,1,1
2062,0.399460520388352,0.489822302968681,1,1,-0.461793468373323,1,0
2063,0.377550879493356,2.56511449006348,2,0,0.450446196061421,0,1
2064,0.0201847936139555,0.0968699414830687,1,0,-0.308526322287856,0,0
2065,1.0965681789597,1.53528860374782,1,1,-1.22134752847825,1,0
2066,0.176701999066222,1.0954954565349,1,0,0.628048499852881,0,1
2067,0.550333579174346,0.984919369220734,0,0,0.562468789333243,0,1
2068,0.0981655375411113,3.2517856963414,1,1,-0.733893176049752,1,0
2069,1.88730321815215,2.22830561222113,1,0,0.81389647547747,0,1
2070,0.271453195148044,1.56634274249276,0,0,-0.0146301577340583,0,0
2071,0.394787541795148,0.790182897657975,1,0,0.988037458711533,0,1
2072,0.470927510824468,1.40332496977681,2,0,0.059128127325554,0,1
2073,0.740946133414076,0.909479792571402,1,0,0.255196234414097,0,1
2074,0.530601895621253,1.1359389015809,2,0,1.27474593890223,0,1
2075,0.0407565445415329,0.541818421500142,1,0,-0.200196493130901,0,0
2076,0.0254517056214945,2.65667929934959,0,0,-0.394928903500394,0,0
2077,0.493732878110475,1.84833791805172,1,1,1.12140259455211,1,1
2078,0.879281591577345,1.79847044817148,2,0,0.567582740988532,0,1
2079,0.661966177220974,1.04198309683432,2,0,0.378595617486624,0,1
2080,0.235113862694965,1.36087883211954,2,1,0.699473581931065,1,1
2081,0.907818172080332,2.22426918291905,2,1,0.62337923290216,1,1
2082,0.152715577933526,1.1535100823853,1,1,-0.371458457892029,1,0
2083,0.0258904771348826,1.27669978002776,1,0,0.797558775314105,0,1
2084,0.998515237694447,1.68963227110604,0,1,0.473080486451258,1,1
2085,1.1077547621343,1.87311108534535,0,1,-1.10386190868342,1,0
2086,0.00497713070568168,0.00687861189143534,1,1,-0.00676152584600624,1,0
2087,0.0192183041806228,0.252203761289517,0,1,-0.782944582730096,1,0
2088,0.632501305598352,0.696991817370481,1,1,-1.4193872302369,1,0
2089,0.249963872031205,1.08318514563949,1,1,-0.448027763174426,1,0
2090,0.654957670614951,1.91172441501338,1,0,-0.591081788837305,0,0
2091,0.472014473958148,6,0,0,0.846166922479562,0,1
2092,0.893969618231747,1.21199908247575,1,0,-0.546204145570022,0,0
2093,0.733195355989867,3.37139483802427,2,0,-0.3780462105431,0,0
2094,0.0212402522770895,0.135631276167302,2,0,-0.947358313124455,0,0
2095,0.432976873384582,1.0227022801551,0,0,-0.608414326760558,0,0
2096,0.964046524170055,1.96703745334478,1,0,0.839361074937759,0,1
2097,1.02842896861634,1.85701277888928,2,0,-0.0310408781218593,0,0
2098,0.00271915398105117,0.845437605956842,1,0,-0.0265256273360478,0,0
2099,0.0558312185522583,0.510361470799208,1,1,-0.484134267517793,1,0
2100,0.0463719419735809,0.37521265521524,1,0,1.14551558891768,0,1
2101,1.39706676159437,2.52571667010837,2,0,0.89247477075378,0,1
2102,0.26672322768718,0.575115541997642,1,1,0.13429558528804,1,1
2103,0.311899200936294,1.83027724443052,2,0,0.610673624093159,0,1
2104,1.20263415629002,2.90300014655653,1,1,0.176167606241787,1,1
2105,0.715614879607327,2.45151426198206,1,1,-1.23598949621151,1,0
2106,0.735861313943234,0.851795635575041,1,1,-1.18440815507561,1,0
2107,0.258790719033742,0.834626842819418,2,0,0.347435811811292,0,1
2108,1.35910484935146,2.22902855150392,1,1,2.05290773535329,1,1
2109,0.957266507209685,1.1984016217735,1,0,-0.27031753296559,0,0
2110,0.0459874597274595,1.44673660371936,0,0,-0.0175021996087991,0,0
2111,0.00899861308021678,0.664278998635647,1,1,0.440258159712326,1,1
2112,0.678437003969318,0.925473297635714,0,0,1.09789978788893,0,1
2113,0.824462258106815,2.79858308578526,1,1,-0.848120533694821,1,0
2114,0.25991427556922,1.40432871109686,2,0,2.0782420816349,0,1
2115,0.810143632974572,0.838423953760187,2,1,-0.108338269370008,1,0
2116,0.101010026385919,0.668821045665862,2,0,0.444501103382561,0,1
2117,0.918179469964253,2.33269504429179,2,0,0.532401187322482,0,1
2118,0.216468651066502,1.32779868630071,0,0,-0.435154974418519,0,0
2119,1.039448206796,2.2206320269246,2,1,-0.302581903122551,1,0
2120,0.283468144578578,0.679841620643372,1,1,-1.06059262263506,1,0
2121,1.35462413226864,1.41934719868004,0,1,0.0772931360490414,1,1
2122,0.96513648544748,2.03911914639619,1,0,1.37899244185724,0,1
2123,0.135088895969083,1.2026268155625,0,0,-1.1612766882228,0,0
2124,0.0434917077008221,0.744189478474375,1,0,-0.108235140466967,0,0
2125,0.435872985464003,0.99251579425427,2,1,-0.238108768626355,1,0
2126,1.84757281085454,5.07045584549244,2,0,0.324551876381877,0,1
2127,0.415811811366843,2.56366726073444,2,1,-0.884859047282448,1,0
2128,0.16903667393408,0.340862121485428,2,0,-0.557351715087891,0,0
2129,0.174945045598441,0.521756395076712,0,0,-0.230701605365846,0,0
2130,0.64788994896743,1.21397561074848,2,1,0.540535655404228,1,1
2131,0.875971875003325,1.47402694458356,1,0,0.975786197556945,0,1
2132,0.564872982601325,1.1526915703687,2,1,0.78052805489671,1,1
2133,0.0246936207996402,0.797049503307452,2,0,-1.24631129242204,0,0
2134,1.11004829609031,4.05579185548018,2,0,0.832590061125073,0,1
2135,0.188844090638061,1.23581239062057,1,0,-0.340370809226043,0,0
2136,0.927240882266307,1.18836416900601,2,1,0.224071690351739,1,1
2137,0.587298578789665,1.36794914897867,0,0,-1.48107490989322,0,0
2138,0.580018481964038,0.94902828845206,1,1,0.0338088393873206,1,1
2139,1.14320077514782,3.28796415900191,0,0,0.32165363480945,0,1
2140,0.684352604568833,0.828624744928923,2,1,0.295556714046082,1,1
2141,0.0873651616333833,0.166622040771033,1,1,-1.35594866391031,1,0
2142,0.53677942034685,3.31535060118489,2,0,0.296642946318963,0,1
2143,0.6037637591362,2.50321246237908,2,0,-0.035384768889273,0,0
2144,0.209116081416268,0.280261897139672,1,1,-0.181998909484839,1,0
2145,0.647757263440225,1.13206959329545,0,1,0.933169050173625,1,1
2146,0.0517173194491051,0.0960155047952489,2,0,0.900797804986704,0,1
2147,0.696726645239525,2.79342542092005,0,1,-1.17732047651393,1,0
2148,0.769862681627274,1.80304933446243,1,1,-0.647346932491487,1,0
2149,2.06028060357375,4.02046462619287,2,0,-0.354627675871745,0,0
2150,1.01974189483757,1.23760363183368,0,0,1.20364703045914,0,1
2151,0.0964400784133267,0.125129029893767,1,1,0.439136184205168,1,1
2152,0.163849587339745,0.271709775676479,1,0,-1.6512262786679,0,0
2153,1.11487786901793,2.43222157198803,1,0,0.897227282791911,0,1
2154,0.321707273833454,0.412328780929124,1,1,-1.51226923336761,1,0
2155,0.0281625872270929,0.356530973663359,1,0,-1.17999595575479,0,0
2156,0.175607528330551,0.849560732849131,1,1,-1.05130030463526,1,0
2157,0.738898557093408,2.01816599960054,2,0,-0.459152868231406,0,0
2158,1.88496319981684,2.16923279587426,2,1,0.173750035909355,1,1
2159,1.22140817753442,2.82554916188853,1,1,-0.210710703723093,1,0
2160,0.0794367926816146,0.211133983669976,2,0,0.15597552470408,0,1
2161,0.785539110868852,1.01574043731904,2,1,0.534035667489894,1,1
2162,0.300771620427227,0.391585439957836,0,0,-0.0433619350838213,0,0
2163,0.312378514144156,2.39856077399352,2,0,-0.917423374384238,0,0
2164,0.693500498309731,0.914470853129375,1,0,-0.469132975517716,0,0
2165,0.300501650141698,1.68688192516088,1,1,-0.08900276090392,1,0
2166,1.32047920379673,4.27616449723925,2,0,-0.409547174396062,0,0
2167,0.17312090430966,0.238246542282991,2,0,-0.125274515424838,0,0
2168,0.23101104526884,0.764477875026533,1,0,-0.0842054346596034,0,0
2169,0.0256302373276816,0.153970519562795,1,1,-1.27176665140322,1,0
2170,0.077323017348572,0.768820974739578,1,0,-0.535151099834318,0,0
2171,0.208763158880174,0.561568683541799,2,1,0.836709059007402,1,1
2172,0.995175810260124,3.82502350862891,2,1,-0.629841845048535,1,0
2173,0.438697222206328,1.00211219765671,1,1,-1.1576809042342,1,0
2174,0.130724716100247,5.7484363451283,0,0,0.550972151490199,0,1
2175,0.306932705247568,0.670406049691657,2,0,0.0532898587948458,0,1
2176,0.228289664826459,1.91336392735442,0,0,-0.923563648353566,0,0
2177,1.68699347125486,3.83502710300187,0,0,0.0498199937164254,0,1
2178,0.0321991477062479,3.18812369321573,1,0,1.91587429324032,0,1
2179,0.284444101465245,0.593253311167535,2,1,0.700831186742711,1,1
2180,0.102800971621441,1.24815545665721,0,1,-0.181115012197219,1,0
2181,0.0806371070858505,0.467573690649134,1,0,-0.291430758776506,0,0
2182,0.158453073485253,0.392052036697503,1,0,-1.04850240925058,0,0
2183,1.37869221360619,2.09690399654342,2,0,-0.824018572559588,0,0
2184,0.10045173474484,1.10775232986494,1,0,0.121033916955473,0,1
2185,0.10295657078839,1.45846016470644,1,1,0.221923120432296,1,1
2186,1.02665334417888,2.21806089297177,1,0,-0.842251049143737,0,0
2187,0.0294054293131515,0.119724294988463,2,0,-0.143408197634021,0,0
2188,0.0656556696686353,1.5611964456402,1,0,0.142157501177566,0,1
2189,0.159120726295643,3.85837185313579,2,0,0.65553172149585,0,1
2190,0.32542102297561,2.76011002134373,1,1,0.144279605264288,1,1
2191,0.111239322372485,0.424286737879343,1,1,0.600687325401368,1,1
2192,0.150818357037173,0.264197333365414,2,1,0.430662344841743,1,1
2193,0.613949996165553,1.16778685905847,1,1,-2.29319253211827,1,0
2194,0.282436733720293,1.02713673427742,2,1,-0.591381759019059,1,0
2195,0.113861393700871,0.719298835390392,2,0,-0.339573094898702,0,0
2196,0.885572290033045,1.04521586386474,2,1,-0.836244973223633,1,0
2197,0.225680064278544,3.10735960221307,1,1,-0.325014063350692,1,0
2198,0.202226616508103,1.32297034293551,2,0,3.11034788351427,0,1
2199,0.414342378369636,1.85705491072403,1,1,-0.90614872976581,1,0
2200,0.339649174258941,2.09134074042161,1,1,1.24668577007776,1,1
2201,0.106191734472911,0.496863942027672,2,0,-0.26353585654161,0,0
2202,0.100355498774482,1.37662880276761,2,0,0.94906797878893,0,1
2203,0.72130875286993,0.765051953702444,2,1,1.45590391043926,1,1
2204,0.306965658027265,0.475697076569001,0,0,0.188952727585125,0,1
2205,2.12517405126429,2.36881008992517,2,0,-0.215432287914854,0,0
2206,0.32556621513019,0.526826870710859,0,1,-1.77233619034313,1,0
2207,0.856039702972801,1.54031755862909,2,0,2.26578757134769,0,1
2208,0.0399714354707031,0.0512258709608385,2,0,1.51228047316112,0,1
2209,0.0972848826955774,0.785275589042473,2,0,-0.551062903636195,0,0
2210,3.18943813424513,4.84258772221933,2,0,-1.02367939971585,0,0
2211,0.930748141013596,2.15984667651355,0,0,-0.0783801299050871,0,0
2212,0.268794811434216,0.412968618405564,1,0,-0.774472461499308,0,0
2213,0.773897864291748,1.16565706480393,2,1,0.702199240250365,1,1
2214,1.54525146415862,1.66678372999834,1,1,0.662051586528195,1,1
2215,0.0771624796713392,3.02912233220565,2,0,-1.01128817805413,0,0
2216,0.00649183550333333,0.333327531038272,1,1,0.0320089056416378,1,1
2217,0.174601484595822,3.21871935283052,1,0,-0.0195799573441441,0,0
2218,0.380533918117483,1.41391426635285,0,0,-1.24656361498484,0,0
2219,2.84150340683829,5.4498053877013,2,0,0.287977753701774,0,1
2220,0.614123385813501,0.958687895661397,1,0,-0.195378178673536,0,0
2221,0.625138470075197,0.859124977679205,2,1,-1.78218663397265,1,0
2222,0.066385683384949,1.82006081981179,1,0,-0.416697579983578,0,0
2223,0.523536495553951,1.3116291152262,2,1,1.30922726948553,1,1
2224,0.0827799811625641,0.322942872072192,0,1,-0.414095601141131,1,0
2225,0.0520302432899674,0.628386728651269,0,0,0.355428024609273,0,1
2226,0.620505932925476,3.78411121175755,2,0,0.724024135320323,0,1
2227,1.20892566313646,2.09746887216721,2,0,-0.22859844214688,0,0
2228,0.315426820371714,0.399321322567216,2,0,0.372999521962088,0,1
2229,0.745560355587966,2.22963246657351,2,0,-0.279663579892448,0,0
2230,0.174576472649754,0.705614578956133,2,1,-0.118194397460194,1,0
2231,0.394059672538866,0.482511229925364,0,1,0.622206737236555,1,1
2232,0.797323369863762,6,0,0,-0.647374567321491,0,0
2233,0.00921644307272265,0.551002133965569,1,0,-1.3354590567422,0,0
2234,0.425973412994709,1.43145448144045,1,0,-0.252685647567466,0,0
2235,0.894243106371352,1.55574661390399,1,0,2.10787146116924,0,1
2236,0.2590762420247,1.76633824553948,1,1,0.0327611850508598,1,1
2237,0.527039952058759,0.537970021168376,1,0,-1.0598013159479,0,0
2238,0.18139454527548,1.15823165126422,1,0,0.767223829240729,0,1
2239,0.0573316195772754,0.726115067179004,0,1,-0.840986108222457,1,0
2240,0.0454870275118285,0.692195552965203,1,0,-0.149214958891513,0,0
2241,0.156196619526287,0.165452992300122,1,1,0.130937298871541,1,1
2242,0.240089748986065,2.54632477958997,0,0,-0.248059515933211,0,0
2243,0.279197616813084,1.71067745885322,2,1,0.290133977040726,1,1
2244,2.48687685970701,4.01629025427004,0,0,-0.276786564681839,0,0
2245,0.0241943065904909,0.229384326978396,1,1,-0.0850166046664315,1,0
2246,0.221476088431133,0.958288203195382,2,1,0.114021100922857,1,1
2247,0.126055943158766,0.171107367584329,1,1,-1.4151840890054,1,0
2248,0.306919704313257,1.12975860953748,0,1,-0.111034697583366,1,0
2249,0.313747451665303,6,0,0,0.783479760512233,0,1
2250,1.1502731487516,1.96320023091585,1,1,-0.834871518745945,1,0
2251,0.361992664531701,1.31319601364858,1,1,0.241804299838054,1,1
2252,0.372988425782364,0.525822633256515,0,0,0.328370961937814,0,1
2253,0.974386889673294,3.29014487947258,1,1,0.299185738142076,1,1
2254,0.539343275336756,2.01413800869814,1,0,1.17435803812729,0,1
2255,0.468508148716249,0.723063404337063,1,0,-0.713066569933481,0,0
2256,0.673290809823407,0.906186411616755,1,0,0.663309301828604,0,1
2257,0.771746340556317,1.82811977184725,1,1,-0.0653378121027442,1,0
2258,1.20774409211644,1.92034628317865,1,1,-1.11566889689196,1,0
2259,0.263177590657296,3.41769372907335,1,1,1.13184369376819,1,1
2260,0.780335805435658,1.07280492427856,2,0,1.09408869250013,0,1
2261,0.271679870784283,0.298926136622475,1,0,-1.64403638808703,0,0
2262,0.0325987013690101,2.31659344785849,2,0,0.22472348962945,0,1
2263,1.81250763005009,5.41038578311548,0,0,-0.535817742755074,0,0
2264,0.32555211651432,1.40728183090687,0,1,-0.0106315041624303,1,0
2265,1.11363364378911,2.08325972303532,2,0,0.71679600953526,0,1
2266,0.0232756975148762,1.697110396365,1,1,0.473261868352398,1,1
2267,0.171060516602463,6,0,0,-0.368454411346086,0,0
2268,0.514603992406693,0.608733503621167,1,1,2.19050940733867,1,1
2269,0.568550801835954,0.69133246341691,1,1,0.921677203106467,1,1
2270,1.15373627243648,1.29097414072632,2,1,0.283141446703884,1,1
2271,0.787875278843686,0.815068784621777,2,1,-1.05510515948936,1,0
2272,1.39699290398394,2.72316823588953,1,1,-0.35216421565311,1,0
2273,0.0385689498235816,1.18126154388075,2,1,0.858926416335398,1,1
2274,0.846464987797552,1.83593030171422,1,0,1.28223286513361,0,1
2275,0.225288833801945,0.99450559262503,2,0,-0.35237005816272,0,0
2276,0.0668087979364726,0.227614860567272,1,1,-0.591435484843929,1,0
2277,0.33181425753153,0.937774203271303,1,0,-2.17805486376679,0,0
2278,0.219755322703967,1.38253557418316,1,1,-0.531359430711954,1,0
2279,0.0799992901982897,0.406947219744325,0,0,-1.03784487851813,0,0
2280,0.339292399585247,0.476415996169141,1,0,0.437010815743714,0,1
2281,0.474833154843913,0.500250686259698,1,0,-0.508512473466573,0,0
2282,0.0411554194869092,0.867438156217545,1,1,-0.390673530720098,1,0
2283,0.708435036035048,0.852216921081013,2,0,0.283404435798438,0,1
2284,0.171235743392673,1.19997618039368,2,0,-0.309549071385941,0,0
2285,0.573814739990566,1.96685990256223,1,0,-0.132498143120582,0,0
2286,0.195049424655735,0.720098800427198,0,1,-0.429097198615265,1,0
2287,0.587607405355407,0.982247214427597,1,0,-0.375705600265149,0,0
2288,0.123930573980841,0.414212822023004,1,1,0.3387256818631,1,1
2289,0.208588207310631,1.21263543800639,2,0,0.0342260902758124,0,1
2290,1.14878048519594,4.34617090659837,0,1,-0.235916825935645,1,0
2291,0.271169318196674,2.80664809964157,2,0,0.164249015970582,0,1
2292,0.617237648305794,0.75212054460205,1,1,-1.35227832141173,1,0
2293,0.554551270375541,1.70375137610492,2,1,1.92432707188097,1,1
2294,0.116565366172128,0.261341224744907,0,0,-0.40114091541634,0,0
2295,0.58290026564565,1.71828268527017,1,1,1.61039628996802,1,1
2296,0.0495236245232928,3.24627586462363,2,1,-0.354369132020607,1,0
2297,0.0840688812442952,2.3750292416662,0,0,-1.20490999269732,0,0
2298,1.18443348957732,1.46150866523385,0,0,-0.209174625469126,0,0
2299,0.167535160999555,0.240381944278898,1,0,-1.28899009995513,0,0
2300,1.03068634119281,1.61737564356182,1,0,-0.480273732720178,0,0
2301,0.351086554841863,0.622138650847315,2,1,2.51685358779863,1,1
2302,0.177930889444219,0.922333283889794,2,1,-0.550708531753042,1,0
2303,2.11384672869182,2.72507157172788,1,1,0.877947599998135,1,1
2304,0.0700906568856669,0.823837566636772,1,0,-0.111655609983284,0,0
2305,0.871258822947423,3.69259134877983,2,1,-0.99158615160567,1,0
2306,2.73110298839778,3.5318679626408,2,0,0.444998486079042,0,1
2307,0.00124270872523387,1.22910651690052,2,1,0.401155884853958,1,1
2308,1.16142417760843,2.9481951420077,2,0,-0.0393518539197823,0,0
2309,0.126673659314546,3.54822824324008,2,1,1.36572644921269,1,1
2310,0.159144150610599,2.98055573088968,0,0,-1.23688236490754,0,0
2311,0.425236670093404,1.20138463467366,1,0,0.386013822208258,0,1
2312,0.554437773405678,0.583864037568371,0,0,-0.877587469861634,0,0
2313,0.0986673983020915,0.565537432833354,1,1,1.66173190778915,1,1
2314,0.0539137681739198,1.0097074881196,0,1,-0.170503885074959,1,0
2315,0.233204449113044,1.22089349454726,1,1,0.862484220383349,1,1
2316,0.292334865468244,0.620497723064684,2,1,0.561515758027578,1,1
2317,0.106296047775282,0.189997243680658,1,0,0.711982389352353,0,1
2318,0.104368220911258,0.650324341868677,1,1,2.032534924447,1,1
2319,0.589481195848849,1.06485752574128,2,1,0.922514444816605,1,1
2320,0.343366835473312,2.02825299360613,0,0,-0.133842488838297,0,0
2321,0.569585729627806,2.07875748371794,1,0,-0.441131954930315,0,0
2322,0.0549062231471725,0.182853794483176,2,1,0.065037654370149,1,1
2323,0.205987391874962,1.22849229515159,1,1,-0.9432070233802,1,0
2324,0.652745462333163,0.890439892816811,1,1,0.262098918861286,1,1
2325,0.191757622645282,0.261741265223565,2,1,0.342925394725555,1,1
2326,0.452239053427345,2.17707177411388,2,0,1.1597643131708,0,1
2327,0.176569995617697,0.436157237129766,1,1,-1.07460345379349,1,0
2328,0.419374644342396,3.17485083094732,2,0,-1.1670594720916,0,0
2329,0.5389070417732,6,0,0,-0.677930034937244,0,0
2330,0.710103531988959,1.43253561080435,2,0,1.06759894165267,0,1
2331,0.539603096226023,2.43305004064203,1,0,0.421194052301713,0,1
2332,0.308042647730973,1.68537160225608,1,1,0.281265167541012,1,1
2333,1.2640659293314,1.98512834636182,1,0,0.261154268286527,0,1
2334,0.0576947510109546,0.41106294482172,1,1,1.56639003592381,1,1
2335,0.109445805314249,0.155940960703446,1,1,-2.58063158462538,1,0
2336,1.84649817814878,2.95103345384298,1,0,-1.11277332270734,0,0
2337,0.0366977948902382,0.673754137117916,1,1,-1.83479042034385,1,0
2338,0.193859913077899,3.23150121405546,2,0,-0.0469778836986652,0,0
2339,0.28796107818683,1.18266820652544,1,0,-1.18364569646632,0,0
2340,0.225007636989984,0.406625858830719,2,1,2.05077961122496,1,1
2341,0.252429142397309,0.274171911956185,0,1,0.391910698557061,1,1
2342,0.805016499379953,0.842297470138353,1,1,-0.160964467983453,1,0
2343,2.02039928476614,5.86502175861949,0,0,1.15243717599493,0,1
2344,0.748304161243141,0.816221988788343,1,1,-1.15592937155113,1,0
2345,0.0202324024091164,1.56479182653129,0,1,-1.19530776946711,1,0
2346,0.0940028924701942,2.47692437104881,2,0,-1.08207778899253,0,0
2347,1.72237097379833,4.59067537759741,0,1,0.0520820694647794,1,1
2348,0.65825442726546,3.10447599125536,1,1,-0.0420216408626349,1,0
2349,0.100873529704081,1.42089359119188,2,0,-0.559687125984566,0,0
2350,0.217171529204481,2.43707847649061,2,0,1.11315529548729,0,1
2351,0.0165232920962981,1.25090615142249,1,0,0.995224006879968,0,1
2352,0.453367654441985,1.54870297197717,1,0,0.190783111176506,0,1
2353,0.645137245559858,2.06453350838575,1,0,-0.595920262654851,0,0
2354,0.0357371291150927,2.09475788712736,2,0,0.998450633331107,0,1
2355,0.0970210882899668,0.477814676324789,0,0,1.10483188320968,0,1
2356,0.330159622393855,2.45544062552807,2,0,-0.475989503572876,0,0
2357,0.71301124472585,1.34831942233028,1,1,0.581823844894223,1,1
2358,0.275026119298485,1.02376624004384,1,1,0.175596228192306,1,1
2359,0.0502842788894971,0.320124546941401,1,1,-0.184803302655522,1,0
2360,0.182556080528431,1.96407147404962,1,1,-0.42890328292091,1,0
2361,0.49752092661543,0.745163392554092,1,0,-0.818098762225335,0,0
2362,0.2055349573493,0.561422224291118,1,0,1.07775173613613,0,1
2363,0.400308459065855,1.27072936547423,2,0,1.560192643634,0,1
2364,0.372687874672314,0.934101610410011,1,0,0.358270005979422,0,1
2365,0.610861677365999,5.45646296933568,0,0,-1.63081917049046,0,0
2366,0.248649052033822,1.14561226095602,1,1,-1.38064137145866,1,0
2367,0.0615748135136768,0.4316052764814,2,1,1.30215344106316,1,1
2368,1.12272026323081,2.40357319713943,1,1,0.299664574452287,1,1
2369,1.24401637244855,1.28606878738484,1,1,-0.765304147587982,1,0
2370,0.383593226600837,3.86318410408043,1,1,0.417291544403222,1,1
2371,0.797409949635693,1.05243239999345,1,0,0.13754092119377,0,1
2372,0.357921186721826,0.451296514105488,2,1,0.767931787008745,1,1
2373,1.91366859598891,2.19802860170603,0,0,-1.33364483987204,0,0
2374,0.159487775526941,2.17726728924722,2,0,0.171329905323453,0,1
2375,0.127639102025165,0.261587673953205,1,0,-1.70900600771142,0,0
2376,0.850379786880445,1.47889856040262,0,0,-0.55790398287667,0,0
2377,0.014343514373593,0.781040550375726,2,0,-1.02975530845673,0,0
2378,0.0733906687754724,1.28305322714097,1,1,-0.865000350347348,1,0
2379,0.347341186613204,0.669239763501874,2,0,1.59262557789146,0,1
2380,0.585471225706625,1.68771580731891,1,1,0.157218711059101,1,1
2381,0.948197705878781,2.03548052360154,1,0,-1.16454515448511,0,0
2382,0.19299379079361,0.568502101041285,2,1,0.928293264589074,1,1
2383,0.402835653670513,1.6826296990213,1,0,0.324603236821471,0,1
2384,0.724454071993629,1.85233799752459,1,1,0.464135632427468,1,1
2385,1.53697474234106,1.98082751497364,1,0,-0.520298666175016,0,0
2386,1.70802253806527,2.7778246848705,1,0,0.434164922458358,0,1
2387,0.569316083047953,0.892342708611591,1,0,0.0157251407024237,0,1
2388,0.371458431602352,1.15045429674563,1,1,0.287213689742907,1,1
2389,0.325065475251982,0.563040485389728,1,0,-1.77542188374062,0,0
2390,0.801613964753674,1.55791404514182,2,1,1.16878447475814,1,1
2391,0.0740070185727543,0.894375923885253,1,0,0.856353804298495,0,1
2392,0.70217847203215,3.88608646796262,2,0,0.721266210163137,0,1
2393,0.984751207383429,1.62097694816482,2,0,0.0559072121852583,0,1
2394,0.133137483563688,0.197189399663505,1,1,0.239662632644032,1,1
2395,0.436192156953944,2.87595202525457,0,0,-1.53613738039761,0,0
2396,0.0808417204938897,2.0760120798612,2,0,-0.505590710937669,0,0
2397,1.84275786693496,4.34438983788641,1,1,-0.0953425188085426,1,0
2398,2.44885181132777,2.50390091290077,0,0,-0.928296146778826,0,0
2399,0.252444818615913,0.29838326666069,1,1,1.56303435521071,1,1
2400,0.318669478050585,3.67082246504161,2,0,0.901390623988486,0,1
2401,0.184512527579312,0.205071207405092,1,0,0.197405466068963,0,1
2402,1.65227240179153,1.95225527111394,1,0,-1.05178016400478,0,0
2403,1.02746085758637,2.60988716472247,1,0,-0.261219766323772,0,0
2404,0.752807308712767,1.50505750574803,1,1,0.365400704015549,1,1
2405,0.498297787120392,0.715370408340643,1,0,-0.0442543491719057,0,0
2406,0.0185548146772716,0.0912564969803143,1,0,-2.25174061365963,0,0
2407,0.582384458126429,1.46835946481526,2,0,1.15042920536631,0,1
2408,1.32600158034399,1.51758705576261,0,0,-0.550654705457257,0,0
2409,0.699476109714144,1.3776976275665,1,1,-0.393252373178994,1,0
2410,0.0221836222331571,1.908820264265,1,0,-0.338210119886642,0,0
2411,0.315902053545589,0.995844730162643,2,0,0.157150396098489,0,1
2412,0.395133216594477,3.30097104096631,2,0,0.512406570697785,0,1
2413,0.117558833055718,1.09207336480419,0,0,-0.83444161695431,0,0
2414,0.583427513336337,2.13218862017633,2,0,1.29174143241345,0,1
2415,1.60537589250949,1.95428552643535,1,0,-1.0025207799691,0,0
2416,0.246117136696575,0.759908271930115,1,1,0.118932283488574,1,1
2417,0.178090011080106,0.585827782838477,1,0,-0.41926227089868,0,0
2418,1.50665184478264,1.52299052947481,1,0,1.31537894038761,0,1
2419,0.0130093247733182,0.226026351253192,0,1,0.253215285541336,1,1
2420,0.0909539343168338,0.127622086466601,1,0,-0.283741188594717,0,0
2421,0.19418491412782,1.16965576203424,2,1,-0.138963294636532,1,0
2422,0.0685384521006807,0.339190740115306,0,1,-0.689145540664227,1,0
2423,0.218364454081489,1.7646089813678,0,1,1.12413316421076,1,1
2424,0.617517701143192,6,0,0,-0.406604319276176,0,0
2425,0.519054940280815,3.80965498773399,1,0,-0.349813315066141,0,0
2426,0.0557194101727671,0.952908036609491,0,1,0.620878334884407,1,1
2427,0.503055974177098,1.35223583939175,0,1,0.445914859865431,1,1
2428,0.906728747150647,1.19416661691645,1,0,-0.612793717263058,0,0
2429,0.786977470768238,1.75593856434517,1,0,0.34177987718586,0,1
2430,0.0868265646406346,0.193152479851378,2,1,1.56192984244545,1,1
2431,0.20802314651923,0.290377290217936,1,1,-0.385444836184572,1,0
2432,0.0560545170293007,3.26298478983853,2,1,-1.07562841776931,1,0
2433,0.247332545307775,0.493822040000369,1,1,0.161824465028154,1,1
2434,0.103830030956456,4.60602236077233,2,0,-0.0444159577202703,0,0
2435,0.819794725993951,1.16018958687714,2,0,0.711236282878952,0,1
2436,0.392592414799664,0.587217304218654,2,0,0.806282731034744,0,1
2437,0.422955418212546,0.588326951825938,2,0,1.87229006306976,0,1
2438,1.00042693011898,4.26961783353154,1,1,0.405344165063382,1,1
2439,1.85894647810793,4.31681792797262,2,0,-1.28445866422084,0,0
2440,0.248871002992442,1.94976392562403,2,0,0.712311782116075,0,1
2441,0.179983616496126,0.256991955419792,2,1,1.88579338440576,1,1
2442,0.0980831260685614,0.516774931843803,1,0,-0.168272074077024,0,0
2443,0.126762053308388,0.185806201770902,0,1,-0.123828666473103,1,0
2444,0.143046925998396,0.807024042863979,2,1,0.598462463476783,1,1
2445,0.532961218203935,1.22826519182596,1,0,-0.205235665881036,0,0
2446,1.82742025693856,2.26992366214593,0,0,0.106500321788224,0,1
2447,0.527271040611797,3.58934444685777,0,0,-0.14784164750889,0,0
2448,0.425895681708223,1.07662244731866,1,0,0.393011525547538,0,1
2449,0.369615361301435,0.475119549510643,1,1,0.451371832282245,1,1
2450,0.362725761822528,0.395676988413381,1,1,0.335493114979484,1,1
2451,0.0471814784148699,0.413053401432141,1,1,1.20683058340731,1,1
2452,0.584682821710077,1.06594362204678,2,1,-0.439786044879254,1,0
2453,0.147500806304597,1.81440987616017,2,0,0.322760600741907,0,1
2454,0.730741933091647,0.99304340202003,1,0,0.153070943577596,0,1
2455,0.453397512642874,2.48154869700979,1,1,-0.397063103074356,1,0
2456,0.0736836879230214,0.64325005436937,0,1,1.42853645596421,1,1
2457,0.0018882166929597,0.109196381269314,2,0,1.32531044944622,0,1
2458,1.18168681855302,1.87641916054368,1,0,-0.1051669243803,0,0
2459,0.0643325979924864,0.344572137685092,1,1,-0.689333068576551,1,0
2460,0.606123525773529,1.83496080028514,0,1,1.83956582764833,1,1
2461,0.623040750312309,5.22350608258437,2,1,-0.939423061265376,1,0
2462,0.752543321707183,3.77592456656153,1,1,1.09364349593131,1,1
2463,1.2678839972533,3.13157506625715,2,0,1.20464565104812,0,1
2464,0.205204380641569,0.358337909783499,1,1,-0.43104716813061,1,0
2465,0.791370366389643,0.819063457545669,2,1,1.85765260939273,1,1
2466,0.568126426279936,2.36070259846438,1,0,0.0623500560259805,0,1
2467,0.0548456449755379,0.299611168153505,1,1,-0.547945915731381,1,0
2468,0.887179477381732,0.942175195653487,1,0,0.491058872766226,0,1
2469,0.41714572865102,1.18642651762851,0,1,-1.13664300239654,1,0
2470,0.234873846897648,6,0,0,-0.456862595279299,0,0
2471,0.481067016824252,0.601888189169743,2,0,-0.263826823201445,0,0
2472,1.74558688640383,3.9686585634456,1,0,-0.389162113196721,0,0
2473,0.188174220836825,1.7689964546307,2,1,0.330025634631172,1,1
2474,0.191946126940232,3.8587523476244,2,0,-0.256723518869685,0,0
2475,0.113163524177092,0.460930461256114,1,1,-0.139502099825259,1,0
2476,0.00172002137951199,0.72951246984303,0,1,-0.502335666340815,1,0
2477,0.226895577377743,0.580311909878653,1,1,-0.00467923862483514,1,0
2478,1.31404102671777,1.6333294240889,1,1,1.778768565493,1,1
2479,0.673944577057328,1.03596011222719,2,0,-1.01691301847511,0,0
2480,0.00418176609859322,0.168544839446304,2,0,1.31565761337155,0,1
2481,0.373629048742932,0.773034821072174,1,1,1.82040359637329,1,1
2482,0.068349362512852,0.347060285774588,1,0,-1.46595242788157,0,0
2483,0.236435148906229,1.85378372208006,2,0,-0.441631310086093,0,0
2484,0.316833411343396,0.431663808861728,1,0,1.93544100793802,0,1
2485,0.0982830238838991,0.197455247192088,1,1,-0.225944988827124,1,0
2486,1.39520192721123,1.54196198954444,1,1,0.473399391670479,1,1
2487,0.853410917746075,1.03866385283188,0,0,-0.737904645968464,0,0
2488,0.216663147799392,0.993625727570915,1,0,-0.277757248909547,0,0
2489,0.0476814842679434,1.44524458776185,1,0,-0.470791887726191,0,0
2490,0.101230421310498,3.3066434340525,1,0,0.562821737866545,0,1
2491,1.01589417908226,1.16405914925964,2,0,1.00706032380018,0,1
2492,0.23418580578952,0.364187814260264,1,1,-1.05556335101779,1,0
2493,0.492237535898862,1.22441612382854,2,1,0.445006018638658,1,1
2494,0.43796193268564,2.02847625502053,2,1,0.428256650166846,1,1
2495,0.00109004477659861,0.168339796593619,2,1,0.0217879861821681,1,1
2496,0.524817485258811,3.46430180444842,1,1,1.11824560534085,1,1
2497,1.85869650078087,3.5094499848788,2,0,1.78081425536572,0,1
2498,0.276246320766707,2.82345695731541,0,0,0.0935059472456356,0,1
2499,0.236542746942076,0.639212226591524,1,1,1.17012765608881,1,1
2500,0.416087408343123,3.97035658049087,0,0,0.322757014662545,0,1
2501,0.42191693197108,1.12261548418907,2,1,0.208606645904192,1,1
2502,0.352684727145566,0.406215972599988,2,1,0.246569129513059,1,1
2503,1.16406705684548,1.58884387632295,1,1,-0.38866761888465,1,0
2504,0.0159111293032765,0.848956813165776,1,1,0.158814584674653,1,1
2505,0.328997314118442,0.824527191871978,2,1,0.421449634968693,1,1
2506,2.01273420790335,5.06371698695796,2,1,0.425988995448499,1,1
2507,0.636400287556979,2.5800647379857,2,1,0.192552107514467,1,1
2508,1.77436085408531,2.6382728890627,1,0,-0.690474048524422,0,0
2509,0.143414302211669,2.97379862115929,2,0,-1.85333193497605,0,0
2510,0.266055373164515,2.28892599304676,2,1,-0.514041985056175,1,0
2511,0.497688381518755,0.676543339085479,2,0,1.42835836098763,0,1
2512,0.137140356107718,0.332215285059819,2,1,0.863953446105204,1,1
2513,0.575300776399672,0.633388752357716,1,1,-1.62620840033188,1,0
2514,0.253542377096083,0.497115067115529,1,0,-0.0553677425794355,0,0
2515,0.232168671985467,0.434562375177723,1,0,-0.553757528850798,0,0
2516,0.184316552865009,0.700034374992053,0,0,-0.588248054318988,0,0
2517,0.251352042994565,0.786583811156609,1,1,-0.532732960527324,1,0
2518,0.00438723904546296,1.23605725499009,1,1,1.87579482646397,1,1
2519,1.02472519497376,1.85723973532954,1,1,0.0356733563201776,1,1
2520,0.575310317799449,1.80190433639392,1,0,-1.50335899954398,0,0
2521,0.164715751225734,0.484669362790498,1,1,1.42235276168364,1,1
2522,0.203198683965537,1.79603086328451,1,1,1.06364876233941,1,1
2523,0.0983056219087707,1.52588378533648,1,1,-0.446060576665823,1,0
2524,0.190189936094814,1.04738476696114,2,0,-0.521689028413023,0,0
2525,0.733674275171426,1.26785698516502,1,1,-0.0394849874217819,1,0
2526,0.447838452334205,1.71992036148315,1,0,1.00302888771443,0,1
2527,0.150607989376618,0.700887191509381,1,0,0.395949101548915,0,1
2528,0.0981770859410366,0.465283644351877,1,1,-1.23754073947314,1,0
2529,1.3962466000216,1.69395737249488,2,1,0.0209327596545922,1,1
2530,0.155521154066274,1.76204301727315,0,0,0.575388444561273,0,1
2531,0.949440587058346,1.04695102383993,2,1,1.2376989254616,1,1
2532,1.14796205782587,1.50287509221474,1,0,0.334647358076114,0,1
2533,0.247003854666319,0.464951085760359,1,0,-0.687281860619456,0,0
2534,0.0824596153365241,0.276384937334227,1,0,-0.783282635066052,0,0
2535,0.069999200390347,0.16948185240229,0,1,-1.96457123776472,1,0
2536,1.59066360955163,2.1269572204997,0,0,0.42503015087582,0,1
2537,0.675315539766517,1.0617505126507,1,0,-1.32243770907317,0,0
2538,0.468806631408108,0.725690006136337,1,1,-0.196536867378514,1,0
2539,0.603199080150161,1.74173303594022,1,0,0.0779172788425309,0,1
2540,0.901291552533741,1.92182629009314,1,1,2.33534513900475,1,1
2541,1.50687806200122,2.87557658554696,2,0,0.839708726722534,0,1
2542,1.58989749632547,1.68897104227477,1,1,-1.45851964025294,1,0
2543,0.198862167444558,0.375257822033424,1,1,0.315590370496076,1,1
2544,0.283686641810669,1.25229899553466,2,1,0.109640855908511,1,1
2545,0.473788807996445,1.47378245799214,2,0,1.16485127525178,0,1
2546,0.755587828138636,0.88164746761322,0,0,-0.0243262724920922,0,0
2547,1.51030716585088,1.82785180901118,1,1,-0.132350651252823,1,0
2548,0.468809178823398,1.01288562179088,1,0,-0.639435513410135,0,0
2549,0.136252365326418,0.174061207076021,1,1,0.66473692949372,1,1
2550,1.82049178198579,6,0,0,-0.22040359800399,0,0
2551,0.312327382127331,0.674049423677468,1,1,-1.40338990823405,1,0
2552,0.227307469791008,1.91543304340099,1,1,-0.00641327244151774,1,0
2553,0.0842253909772601,0.305493926583446,1,0,0.077301029199881,0,1
2554,0.192355101774128,1.02817252642072,2,0,0.330043305690473,0,1
2555,0.0957450136128399,0.455201134706537,0,1,-0.029225301138865,1,0
2556,1.34583551121554,1.58750446462574,1,1,0.89616721228981,1,1
2557,0.342647086795642,0.458728356245256,1,0,-0.290946179165029,0,0
2558,0.268586096353829,1.36726434300333,1,1,0.232282010236915,1,1
2559,0.161014985707071,0.194472669710974,1,0,-0.889013693442826,0,0
2560,1.08833084085221,3.46490788894395,0,0,0.744458617710484,0,1
2561,0.796366355934818,2.44822510815774,2,0,-0.474407891163129,0,0
2562,0.212058623631795,0.637097340798535,2,1,0.73212374228472,1,1
2563,1.29139299154152,2.27518945910271,0,0,-0.587105998950503,0,0
2564,0.709149522913827,2.16279302287677,2,0,0.0880478937895712,0,1
2565,0.542292548860941,0.757485087960958,0,0,1.33503110553627,0,1
2566,0.459616511232323,3.89629347106072,2,0,0.985723851873355,0,1
2567,0.0659475547985898,2.05107074940452,2,0,-0.599668332629121,0,0
2568,0.203530198584,1.04732314017622,1,1,-1.1558742810059,1,0
2569,0.401932965823275,1.66861724768952,1,1,1.55637067903938,1,1
2570,0.860633029452311,3.02003509054581,0,0,-0.172535080751557,0,0
2571,0.0212931749687992,0.601875079946359,1,0,-2.45860577225006,0,0
2572,2.01502476499083,3.46907429442302,1,1,-0.23869383941666,1,0
2573,1.06305704343949,1.68305417094052,1,1,-1.4823700083493,1,0
2574,0.0923067657276988,0.237613632268481,2,0,-0.306648310599407,0,0
2575,0.275572074004922,0.710702668907016,1,1,1.22217168355331,1,1
2576,0.273386906935937,1.04146488805383,2,0,-0.458661427575398,0,0
2577,0.309628317546513,0.45120460178501,2,0,-0.826373029257137,0,0
2578,0.300171769017147,0.498546628083649,2,0,1.6211517069057,0,1
2579,0.316679645847115,1.16316857747734,0,0,0.203703717317098,0,1
2580,0.0146265038185649,3.15265422066053,0,1,-0.437808640740011,1,0
2581,0.080056292775558,1.20679241645553,2,0,0.896656634723663,0,1
2582,1.493150516263,6,0,0,0.00492973966347212,0,1
2583,0.72020970033762,0.992584929684562,1,0,-1.1205070733459,0,0
2584,0.593076946541406,3.79110067805962,2,0,0.293077212644933,0,1
2585,0.681372349046999,1.97034033099874,1,1,-0.853040209791236,1,0
2586,0.209348456830614,1.29866836919347,1,1,1.45077588384031,1,1
2587,0.497827766992327,2.29932779446244,0,0,-1.52152283010626,0,0
2588,0.20545516990953,1.06198755778712,1,0,0.459684138526849,0,1
2589,0.217854403373268,0.738314075573983,1,1,-0.188390894382957,1,0
2590,1.03424886029927,1.58997118422571,1,1,-0.984130498551063,1,0
2591,0.177859911281202,1.07527513377708,2,0,1.39259222257701,0,1
2592,1.10685425081486,1.31327993146267,1,0,1.4077815424721,0,1
2593,1.75686126358578,2.0466703030227,2,1,0.414053485995318,1,1
2594,3.03779893230303,6,0,0,0.878316201527188,0,1
2595,0.723526167372863,0.829082150430356,1,1,-0.203104798606098,1,0
2596,0.591378984455433,1.79192989030515,2,0,0.145527691004252,0,1
2597,0.939956739912113,1.41981880934081,1,1,0.252276729694827,1,1
2598,0.831259267564959,1.39215939782492,1,0,1.61800711275605,0,1
2599,0.163556515199984,0.205419592800816,2,0,1.51581690613557,0,1
2600,0.88574407241719,1.03348999408723,1,1,0.0209594305398436,1,1
2601,0.206601467087037,0.696302635071142,1,0,-1.84394172535951,0,0
2602,1.11547420003647,4.14634441830841,2,1,-0.904961108554146,1,0
2603,0.112207742519185,0.329301033137331,2,0,1.42449500189694,0,1
2604,1.10542893612022,1.16439494091644,1,0,1.08799070423981,0,1
2605,0.0330554518100787,0.573420993358418,2,0,0.739687178753028,0,1
2606,2.09192480054765,2.4793466365149,1,0,0.412178595063953,0,1
2607,0.916700180987199,1.65217424318493,1,1,-0.678256545721123,1,0
2608,0.370311113074422,0.657889735851052,1,0,-0.0545129562701075,0,0
2609,0.282941670047366,1.78320054752632,1,0,-0.889389772491864,0,0
2610,0.583792294686039,2.66863083156447,0,0,-0.119395225738743,0,0
2611,0.059132249508467,0.529444986041599,1,1,-1.53866409874592,1,0
2612,0.127333608559436,1.81999624635926,1,1,-0.67096830272212,1,0
2613,0.164469260618918,0.632121076814226,1,0,-0.284413536105142,0,0
2614,0.895486277233381,2.25388427640578,1,0,-0.247861880426166,0,0
2615,0.0867564147200242,0.849007756138841,0,1,0.299437142911548,1,1
2616,0.352948293651353,1.06844330351178,2,1,-0.563037524594268,1,0
2617,0.16119487480157,1.65442666836305,2,0,-1.11547699208012,0,0
2618,0.311292406792442,0.917194466944242,1,0,-0.0851051530761737,0,0
2619,0.530024002202683,0.968589360515277,0,1,-0.550934247725074,1,0
2620,0.236182930982775,0.926910276400403,1,0,0.498688148524479,0,1
2621,0.571889262903427,0.727817191754499,1,0,-0.922629082196421,0,0
2622,0.485226336038775,0.605601522450646,0,0,-1.30589844308294,0,0
2623,1.01178484343292,2.85347139776324,2,0,1.24895774971634,0,1
2624,0.341487536724243,3.63860120942066,1,0,-0.528481243295916,0,0
2625,0.13343811656038,0.379523356477502,1,1,0.653766546934288,1,1
2626,2.38588465777607,2.6355915749256,2,1,0.48553613863138,1,1
2627,0.362626632365088,1.32614422340631,1,1,-0.644055328553215,1,0
2628,0.496516135107312,1.47782111420025,2,1,0.589450656526191,1,1
2629,0.154252290568297,0.328500401259862,1,1,-1.81607572230447,1,0
2630,0.947271962086042,2.71928496581407,2,0,-0.177383265118342,0,0
2631,0.146587003810137,0.211826089545579,1,0,-0.43750448413579,0,0
2632,0.345864687776559,0.61681850337299,1,1,-0.0326741867197374,1,0
2633,0.124876701150197,1.14156375870268,2,1,0.280067022414929,1,1
2634,0.387125563186904,1.10820390386936,0,1,-1.93646759214996,1,0
2635,0.420063219240142,0.811137145365669,1,0,0.0773957177563717,0,1
2636,0.00441862270236015,2.17060102202264,1,1,-0.916413421459899,1,0
2637,0.309435414685525,0.604588345934947,0,0,0.595464002750482,0,1
2638,0.405579455093377,1.18845860854761,2,0,1.08922829118214,0,1
2639,0.260426043015387,0.461218054924353,2,0,-0.796915476633994,0,0
2640,0.0543445254250992,2.03878076602473,1,1,0.0631978835762426,1,1
2641,0.473903540728821,0.939525269662179,1,0,-1.08586287344216,0,0
2642,0.601143250759277,1.14568360660618,2,1,-1.37956640891606,1,0
2643,0.590313370339572,2.30860689651221,2,1,0.679687353284897,1,1
2644,0.99410363675291,1.62569249643773,2,0,-0.0576872451184591,0,0
2645,0.169986218420996,0.761362601841701,2,1,0.823389598755121,1,1
2646,0.428126167195539,2.23965883754164,2,0,0.346149374476732,0,1
2647,0.418761289830742,1.06345621513326,1,1,-0.00144899616080937,1,0
2648,0.686106224958267,1.73231548417871,1,1,-0.71900322647714,1,0
2649,1.28260736659469,1.39506997063635,2,0,-1.04794630988318,0,0
2650,1.02749150552155,1.94157676944448,1,0,-2.41013813522435,0,0
2651,1.09818749849467,1.79414753486492,0,0,-1.40479079235158,0,0
2652,0.0788369153936704,4.48021920087437,0,0,-0.178159020252163,0,0
2653,0.113128217765027,0.930603340299917,2,0,-0.25841869935694,0,0
2654,0.506448037982711,6,0,0,-0.406688622445118,0,0
2655,0.250954881517424,0.861726626458271,0,0,2.18022722160919,0,1
2656,2.05496881354785,2.34827417259415,0,1,1.70124734650775,1,1
2657,0.326132105352978,2.1332461695225,2,0,0.204010864239851,0,1
2658,0.06474230417134,0.545425695543007,1,1,1.56272865800262,1,1
2659,0.0339651414744294,0.911761454810258,1,1,-0.400405473560651,1,0
2660,0.0843560160108462,0.166623375068108,0,0,-1.06644768036362,0,0
2661,0.206611669725842,0.944529821676371,1,0,-2.05260666177295,0,0
2662,1.28159510285021,1.97183360622977,2,1,-0.234696806984863,1,0
2663,0.097531129916509,1.18314132493196,1,0,-1.29513211035465,0,0
2664,0.0238566561084655,1.88393727368369,2,1,0.439476911871386,1,1
2665,0.435035014525056,0.564110758060579,1,1,-1.87254641853786,1,0
2666,0.242670935810082,0.353148572870405,1,1,1.39302949085398,1,1
2667,0.533246462129884,0.99497502290454,2,1,0.639891196689246,1,1
2668,0.272643807240658,0.761613863219481,2,0,1.05417534946782,0,1
2669,1.59151009224728,1.70755309673647,0,1,-0.16148501156447,1,0
2670,0.312094583383037,0.355354476099213,0,1,-1.53775096837099,1,0
2671,0.0490824662916994,0.693002557747241,1,1,1.39022504363634,1,1
2672,1.82192447896404,3.10183138780608,2,1,-1.14378636455549,1,0
2673,0.959144985517726,1.52621263871285,1,0,-0.851570476695294,0,0
2674,0.291867778085262,1.57912085624687,2,1,1.83734758096122,1,1
2675,0.92209754403566,2.21452678718584,1,0,-0.0408902068312114,0,0
2676,0.144432773296748,0.166287145190527,1,0,-1.36384166823786,0,0
2677,1.92941977943582,2.29701873185686,2,1,0.236637652216137,1,1
2678,0.126620439802189,0.73185980553511,1,0,-0.269403307735983,0,0
2679,0.731156789180305,2.5005314152054,1,1,-0.415151658156352,1,0
2680,0.924738002970011,1.13710856494975,2,1,1.10967820851332,1,1
2681,0.0409531257011824,2.42862258230861,2,0,0.436893140951887,0,1
2682,0.186277954425249,2.88944627481919,2,0,0.499021924311802,0,1
2683,0.411534099322226,2.90896836978694,0,0,-0.786759006166812,0,0
2684,2.01600828050191,3.94209730561837,2,0,-2.31521380496085,0,0
2685,0.449357298202813,3.93029039130658,1,0,-1.05248091414423,0,0
2686,0.00979703191147047,1.01272092577207,2,0,-0.712887443541343,0,0
2687,0.659344594718681,0.987590442713177,2,0,1.81783387601499,0,1
2688,0.167274040480455,0.279389287525094,1,1,-2.18573829577413,1,0
2689,1.12862745605709,1.27868720599015,1,1,-0.436082883765193,1,0
2690,0.918146958889109,1.72329343807321,1,0,-1.73860000339162,0,0
2691,1.20031631292627,6,0,0,-0.282868020064527,0,0
2692,0.142210280311556,1.62147536640264,1,0,0.91098447579629,0,1
2693,0.394726603732948,3.34770834073424,0,0,-0.819800294544623,0,0
2694,1.05448668404057,6,0,0,-0.0713510019262873,0,0
2695,0.618917940494915,3.85138719298675,2,1,0.283124643237609,1,1
2696,0.0423390790820122,1.3276472720483,1,1,-1.24485131182006,1,0
2697,0.103321153567069,0.348960874386157,1,0,1.21223892259393,0,1
2698,0.133500642414677,3.13786365428491,2,0,-0.871653534695013,0,0
2699,0.555671604149767,0.975713385269046,0,1,-0.240784407294481,1,0
2700,0.642356710611946,2.94787971050581,1,1,0.444955997105045,1,1
2701,0.527187160009311,2.24308549943218,1,1,0.571280150216029,1,1
2702,0.874732045617051,0.929486252428757,1,1,1.60146660726508,1,1
2703,0.104524354180057,1.66350549086928,0,1,0.00646836430219065,1,1
2704,1.38828657873274,2.47108315434615,1,0,-0.54359901123718,0,0
2705,0.300341594595305,1.04467119557566,2,0,2.09274795275704,0,1
2706,0.129709508207426,2.60995724410418,2,0,-0.0411014581811134,0,0
2707,2.06205314015947,2.33189686112315,2,1,0.253035428703317,1,1
2708,0.463762985956338,2.8803726376849,1,0,-0.469504018054259,0,0
2709,0.297276093107131,1.65533585498362,1,0,0.470588130938385,0,1
2710,0.0679892051217986,2.36125678693711,1,1,-0.663921100019721,1,0
2711,0.45611968005283,1.27270513086614,2,1,-0.0181557294205771,1,0
2712,0.5657004373562,1.04340917150212,2,0,1.23869336663666,0,1
2713,0.0855696611423845,0.450511330978723,1,1,-0.806057403617527,1,0
2714,1.37188575018911,2.51827219494878,2,1,0.0764376237564273,1,1
2715,0.388191090031232,0.639072995012005,0,1,-1.48798512532179,1,0
2716,0.155849971084131,3.59326225581303,1,1,0.296055041238557,1,1
2717,0.64234189533939,1.06753456703437,2,1,0.595210257258106,1,1
2718,2.43789543901123,3.83257100711216,2,0,-0.0725584777798065,0,0
2719,0.425292213136951,1.35128666469526,1,1,0.384402859106418,1,1
2720,0.324274809617135,0.814288662006798,1,1,-0.925685139423287,1,0
2721,0.29128872944663,4.29460345586884,2,0,0.163812783773067,0,1
2722,0.750757950978975,1.03615416225169,1,1,-0.0993716052225943,1,0
2723,0.631999934299125,0.836292792736673,1,1,-0.226640446468805,1,0
2724,0.784580759547653,2.73568727386494,0,0,-0.582853234337467,0,0
2725,1.42080073550643,1.49731792351061,1,1,0.313032120107591,1,1
2726,1.15411579846716,1.2799986556279,2,0,1.37514754907681,0,1
2727,0.451072509297066,2.07644175843405,2,0,-0.567289876304229,0,0
2728,0.0174218082972305,0.364645837495724,0,0,-2.15037674181363,0,0
2729,0.117356047004835,0.29356496394709,1,1,-1.95224476210356,1,0
2730,0.8217315712639,2.63874045501353,1,1,-0.863518459189686,1,0
2731,0.629540595950352,1.34457935203624,2,1,-0.217459039927621,1,0
2732,0.927104519963827,1.41854609600834,1,1,0.187938574757802,1,1
2733,0.985193814681124,1.4019510119716,1,1,0.734038757050355,1,1
2734,0.666716810729769,0.672567798668527,2,0,0.13043327720701,0,1
2735,0.125181826127237,0.13298365520792,2,0,1.85334734985835,0,1
2736,0.322886768521534,1.06547919090185,1,1,0.737815177768153,1,1
2737,0.131429408906145,0.158516983881482,1,1,-1.41460710099691,1,0
2738,0.670353231123752,1.73408066680309,1,1,1.1365539189452,1,1
2739,0.536859561905991,0.711746520222804,1,1,-0.717781683889663,1,0
2740,0.616222632945412,0.81401069440674,1,0,-1.79368092739771,0,0
2741,0.456718058946232,1.1125877375404,0,1,-0.269031022333138,1,0
2742,0.061762535220219,1.90078003952901,0,1,-0.0593194329063198,1,0
2743,0.29293570201844,1.52546678111226,2,1,0.956712216854338,1,1
2744,0.259518691131638,1.54781051005725,1,0,2.22129415022252,0,1
2745,0.166048008638124,3.56819251552224,0,1,-0.946098396228684,1,0
2746,1.60737122568932,4.23667874465034,2,0,0.89785926892065,0,1
2747,0.147497126168028,0.98524374739181,1,1,1.22881479604268,1,1
2748,0.0609941387342082,0.436110474650401,0,1,0.763780594439914,1,1
2749,0.1113591661104,0.404112843246605,0,1,-1.27866178116054,1,0
2750,1.32873026132055,2.70442275012956,2,0,0.161086153645026,0,1
2751,0.0904173350691088,0.841798001895617,2,1,0.582696859068799,1,1
2752,0.647435504425731,0.774423240994414,0,0,-0.843763926496097,0,0
2753,1.76010735091754,3.20729657306086,0,1,-1.14670095593089,1,0
2754,0.079386581081665,2.67271210936374,1,0,1.32321634261512,0,1
2755,1.89535499023665,2.79856114216212,1,1,0.79309521753083,1,1
2756,2.81211712901033,3.59429561757231,1,0,-0.0257964979579001,0,0
2757,0.549608503675295,0.720638512344004,2,1,1.08963757501602,1,1
2758,0.0226873556972908,0.164784654649853,1,1,-0.00175250337478024,1,0
2759,0.863908342425685,1.32564350587329,1,1,0.341543661397737,1,1
2760,0.463497127509779,0.761996061480768,1,1,-0.730112822432938,1,0
2761,0.361338882293138,1.99407260899552,1,0,-0.211838557724473,0,0
2762,0.203199507151213,1.73502575419728,2,0,0.451438392371062,0,1
2763,0.263861880519233,0.764312254237662,1,1,1.07677022499235,1,1
2764,0.23036523670372,2.5291524244089,1,0,-0.519151353818564,0,0
2765,0.409927210356626,0.568571724771909,1,0,0.0154252936365001,0,1
2766,0.707481552122368,0.71884999895623,1,0,-1.46345027137598,0,0
2767,0.103691590182847,3.04741845848196,2,1,-1.39605167614973,1,0
2768,0.0890614030261835,0.139185987366686,0,1,-0.803059929829561,1,0
2769,0.163821794714548,0.499512406454446,2,0,0.774932641938622,0,1
2770,0.0960861342002672,2.76151890349911,1,0,0.0576303308910453,0,1
2771,0.697582435483734,1.79113784110379,1,1,-1.23996690287923,1,0
2772,0.731205719833573,0.893326021873196,1,0,0.885492046616947,0,1
2773,0.197658596249918,1.05933596453821,1,1,-1.37902756997691,1,0
2774,0.391098273297151,0.461528818948189,1,1,0.82664144651957,1,1
2775,0.847546016336825,0.903956110201355,0,1,0.342437266636467,1,1
2776,0.149635322991835,0.629470759514963,2,1,-0.179941948882706,1,0
2777,0.19330331020885,1.5216615832557,2,0,-0.138075147531673,0,0
2778,0.445174282520182,3.32752687189165,2,0,1.68034083475046,0,1
2779,0.109632749938303,0.324764262044194,2,0,0.602490270147935,0,1
2780,0.627186983927257,0.944213956669155,1,1,-1.32901613452688,1,0
2781,0.394961922313033,1.4706572794811,1,1,0.0962869279461508,1,1
2782,0.147483947933045,0.612092571525397,1,0,-0.262783048323471,0,0
2783,0.77317557189499,2.21415679539818,1,1,0.274031388487897,1,1
2784,0.94360917905438,0.993686716572334,2,0,0.938921891079539,0,1
2785,0.957377586078319,1.09518799677224,1,0,0.518361086368712,0,1
2786,0.583697518126832,1.03555320497004,1,1,0.0629182521068725,1,1
2787,0.164442979280908,0.658396948416118,1,1,-0.795876140608835,1,0
2788,0.231174294733339,1.45512487149019,2,0,1.02196379535756,0,1
2789,0.7468791730288,2.1087217665781,2,0,2.11997570492131,0,1
2790,1.00276978267863,3.61040212213993,0,0,0.264150412417889,0,1
2791,0.155152898902694,2.79643304576511,1,1,-0.547686263648988,1,0
2792,0.389298338753482,1.15104640659,0,0,0.191573295516567,0,1
2793,0.928735017713198,4.56745331500666,1,1,-0.205436969120202,1,0
2794,0.18463280849371,0.713563869026347,2,1,0.11409502520197,1,1
2795,0.201949502031008,1.14948365714392,2,0,0.883479522201437,0,1
2796,0.187030538238668,0.43482833771561,2,0,-0.0403597464515427,0,0
2797,0.170012764573489,0.667787834148477,2,0,0.0425622206456172,0,1
2798,0.0268615859707464,1.09638792339143,2,0,1.84517853567467,0,1
2799,1.09338751161563,1.2630356710778,2,1,-0.0652542876290079,1,0
2800,0.397863215766847,0.984256571779649,0,1,-0.00855051172315819,1,0
2801,0.272222948778007,0.355472253639853,1,1,0.00911188974475499,1,1
2802,0.136143130380575,0.317242120703061,0,1,-0.70922041943429,1,0
2803,0.0321428244933486,1.17062202549699,1,0,-2.2104756842749,0,0
2804,0.394819436284403,1.96209200231037,2,0,-0.543025779159854,0,0
2805,0.389814184875124,1.51623318282266,0,0,-2.53058164862516,0,0
2806,0.117352043558505,0.269665557192493,1,0,-0.366189669293316,0,0
2807,0.789319334809964,0.99853353176898,1,0,0.0933177242175126,0,1
2808,0.714492643148535,5.45810889392307,1,0,0.466250563104758,0,1
2809,0.0212874744708339,0.30463866146522,1,0,-0.578953511930455,0,0
2810,0.400142250962289,1.58060231988042,1,1,-1.06817954379095,1,0
2811,1.11368457575111,4.1386274745067,0,0,-1.41264678138508,0,0
2812,1.10842688216594,1.17193132377526,2,0,1.43447751342455,0,1
2813,1.89206738735216,4.85485955242689,2,0,-0.814826945487268,0,0
2814,0.802195369308509,0.976494325841733,1,0,-0.0608882917784339,0,0
2815,0.000277705904510286,0.115987987567981,0,0,-1.43425995107418,0,0
2816,0.188229100571738,1.1822007689625,0,1,-1.24445915635509,1,0
2817,0.405934887110359,0.58960283623177,2,0,-1.25979386597591,0,0
2818,0.781539230457293,0.951219941153372,0,0,-0.31067973922064,0,0
2819,0.412312175148744,1.96251905476229,2,0,0.368896824818899,0,1
2820,0.635879199124045,0.803302210853434,1,1,0.00859292170006957,1,1
2821,0.16651855658071,0.174808328156379,2,0,0.33897585646145,0,1
2822,0.441867579809493,0.605224434900342,1,0,-0.72081138451748,0,0
2823,0.451615112833679,1.81738702255436,1,1,-0.75792269715534,1,0
2824,0.496530875066416,1.33872506610833,2,0,-0.407897960571153,0,0
2825,1.62300135887944,1.70018479491366,2,1,0.273046804575872,1,1
2826,0.365763111248718,0.849640661020147,2,1,0.883065418676065,1,1
2827,0.401641094229288,0.825296927724028,2,1,0.887843391751212,1,1
2828,0.0870051632971043,0.422018043958784,2,0,0.217252935559895,0,1
2829,0.445195711735222,1.86660689134922,1,1,-0.00441588247631291,1,0
2830,0.237851810331146,0.329055220744595,1,1,-0.301228001915276,1,0
2831,0.00310983679861272,0.14663007989069,1,0,-0.411568886709927,0,0
2832,0.946867833281239,1.47839453381797,0,0,-0.37247233249938,0,0
2833,0.257625538959271,0.429648260612364,1,1,1.1028695855317,1,1
2834,0.0301383789976979,0.695675860445956,1,1,-0.547280894309937,1,0
2835,0.905072311306676,2.01544738135009,2,0,0.759692089603768,0,1
2836,0.719669760308332,1.18724848186033,0,0,-0.39071553108058,0,0
2837,0.184967150057575,0.411525437049615,1,0,-0.841542815695021,0,0
2838,1.04759056012963,1.15595649533449,1,0,-1.2196293141065,0,0
2839,0.0421642983625204,2.2396838059971,2,1,0.103202025627187,1,1
2840,0.289556130559908,1.02657227275263,1,1,0.197728205838462,1,1
2841,0.090480051520798,0.117490296541487,1,1,-1.15626111994959,1,0
2842,0.603852782708903,1.25019323638643,2,1,0.193953385289224,1,1
2843,0.379582349624899,1.8351051649871,1,1,-0.266362240966845,1,0
2844,1.48726702559625,2.22742195992196,2,1,-0.781204838841101,1,0
2845,0.582875304131044,3.65311887871341,2,1,-0.867706447467828,1,0
2846,0.649682727514756,0.816079438993021,0,0,-2.2244466814182,0,0
2847,0.00597620700147207,0.199047595403999,1,0,-0.808886087177894,0,0
2848,0.304382890582204,0.683782674375302,2,0,2.01592525604336,0,1
2849,0.112547310483125,0.814046996898326,1,1,-2.01053935704065,1,0
2850,0.013272591556112,0.381800675143798,0,0,0.256090678455393,0,1
2851,0.176743377103574,0.512329653032727,1,1,-0.470944350900913,1,0
2852,0.0457719306998984,0.576480764236981,1,1,-0.283752805138808,1,0
2853,0.610939613430401,0.97413110395352,0,0,0.680784769890385,0,1
2854,0.573150615414811,1.69427036917902,1,0,-0.691511375779743,0,0
2855,0.624696002341807,1.19028994112546,2,1,1.03884134405464,1,1
2856,0.271854618978169,0.912620387595009,2,0,-0.566477369481156,0,0
2857,0.689883648624851,0.846759041824109,2,1,0.437768440273874,1,1
2858,0.471735866800182,0.627089393631391,0,1,0.623995236037784,1,1
2859,0.235671775288976,1.17008503216008,0,0,0.129947050933459,0,1
2860,0.413493214485546,0.620133948626053,1,0,-2.00036805960752,0,0
2861,0.55587029817139,1.84859736201664,0,0,-0.531182590375482,0,0
2862,0.159802964542103,2.05432447457046,2,0,0.428439002588466,0,1
2863,0.299293866070608,0.924331437175473,0,1,0.79418091143664,1,1
2864,0.0603724778112438,0.458500828538588,1,1,-0.204675540601052,1,0
2865,0.26899068618062,0.635525735908114,1,1,-0.791141081617537,1,0
2866,0.227898950647413,2.25424345098676,2,0,-2.58686236132668,0,0
2867,0.380165330134332,0.943424271573838,1,0,1.45207761381076,0,1
2868,0.164877917161801,1.36150736982624,0,0,-0.152898207961612,0,0
2869,0.162552693962223,6,0,0,-0.645427232343094,0,0
2870,0.157377721948756,0.598954169112398,0,1,0.351654963960115,1,1
2871,0.498627859892117,0.624563898891211,0,0,0.406669181840156,0,1
2872,0.707739119728406,1.39881161894232,1,0,2.39803099436677,0,1
2873,0.200693563747004,1.82147467009577,1,0,-0.147988168599555,0,0
2874,0.642508275082542,0.95895268571566,2,1,-0.266032277743866,1,0
2875,0.0357997096661064,0.485341829290029,2,1,0.242045091610819,1,1
2876,0.657402859586808,1.64827556349337,0,1,-0.726110563931306,1,0
2877,0.547627979992992,0.606542046953479,1,1,0.0242509739346976,1,1
2878,0.581477653338677,2.54136211243357,2,0,-0.91695975809127,0,0
2879,0.305122160497394,2.96282615512609,0,0,0.227227799499304,0,1
2880,0.0165608954719371,1.3206040777363,2,0,-1.32048051486171,0,0
2881,0.21689772605896,2.25861760166784,0,1,-1.54968831029221,1,0
2882,0.419345827782565,1.44639510146293,0,0,1.21307275759541,0,1
2883,0.246318799650504,0.330704010087321,1,0,-0.420698990186549,0,0
2884,0.397073021675977,2.00484608779254,2,0,0.583128106087696,0,1
2885,0.613403736820651,0.697441236292684,1,0,0.363467813511071,0,1
2886,0.19031943556707,0.406214666949018,1,0,0.62359506752883,0,1
2887,0.647809310919709,0.788813061758624,2,0,-0.534410198444174,0,0
2888,0.517953014415171,2.31751055456698,0,1,-0.554974831330679,1,0
2889,0.693322791097065,1.75422859274629,2,0,1.01569778245422,0,1
2890,0.426999968476593,0.648067870352297,1,1,1.17013388044454,1,1
2891,0.054530593510166,1.00948434714186,1,0,-0.139503764013661,0,0
2892,1.29940894634659,4.62076041999712,2,1,-0.810906843375088,1,0
2893,0.53304689625899,0.546674745948076,1,1,1.32346168027094,1,1
2894,0.063271653941936,0.0722262584389787,2,1,0.591508470823195,1,1
2895,0.0751288210505507,0.885719796293555,1,1,1.58619042723836,1,1
2896,0.460536455397651,1.02971007481415,1,1,0.196914073298315,1,1
2897,0.570487536800404,0.726044621939461,0,1,0.822086803587463,1,1
2898,0.221974603417847,0.720164171752621,2,1,0.10597539309463,1,1
2899,0.0579508982351537,0.38417797993988,2,0,1.15046023740201,0,1
2900,0.466775589932998,2.44278991032746,2,1,0.0776651621934078,1,1
2901,0.166508070441926,0.94036166970757,2,1,-0.395279186119917,1,0
2902,0.487595964740548,0.651740852853842,1,0,1.34768471157112,0,1
2903,0.258371044571201,0.80502152753373,0,1,-1.18400749260478,1,0
2904,0.364828386033575,0.666591177235741,1,1,-0.841066563520738,1,0
2905,0.178563321112759,0.911789982109581,0,1,1.27063544081177,1,1
2906,0.0949033173627838,2.0128176578631,0,0,0.449775300862501,0,1
2907,0.297424343720477,1.52171612391423,1,0,0.441844846807,0,1
2908,1.30705528680948,1.36639888642129,2,0,1.03325325398337,0,1
2909,0.156806855852224,0.548455215369662,0,1,-0.521936161728028,1,0
2910,1.34897064723374,1.50653187396676,1,0,1.09501564404751,0,1
2911,0.375164087551336,2.1345655423549,2,0,0.660813843721704,0,1
2912,0.161485601113074,0.698103437836752,1,1,1.32239485841297,1,1
2913,0.176994063270589,0.382255112079517,1,1,-0.433180573299636,1,0
2914,0.0324639424474703,2.74206003104435,2,0,0.0438293787217843,0,1
2915,0.787544966009943,0.98769613908305,1,1,-0.452157668578336,1,0
2916,0.50444888820556,2.05130556116244,2,0,-1.24181072189781,0,0
2917,0.102172533774541,1.21988020360542,2,0,-0.807635985314412,0,0
2918,0.224705278976924,0.831119550965642,2,1,1.92513150941612,1,1
2919,0.328979736918377,5.46951954947297,0,0,-0.171046878003283,0,0
2920,0.585900354716513,6,0,0,-1.19303810069605,0,0
2921,0.219499343074858,2.14010656955834,0,0,0.0806906161646914,0,1
2922,0.201209463377184,0.298901702961271,2,1,0.13786908326984,1,1
2923,1.04138431962465,2.76117628600255,1,1,0.0930295334349371,1,1
2924,0.303986013952957,0.316718031341831,0,1,-0.588135111877591,1,0
2925,0.129180860498713,0.24685601877594,2,0,-0.600885079481091,0,0
2926,0.058785469216537,1.76268267851151,2,1,0.758247987649473,1,1
2927,0.0867617663203014,1.75769814857243,1,0,1.08433731958766,0,1
2928,0.110303268560933,0.902279774734876,1,1,-1.04230093873049,1,0
2929,0.139700206410554,0.334242329576831,1,0,-0.0622427875768623,0,0
2930,0.000840478266278903,2.42686891294496,1,1,-0.225619942498372,1,0
2931,1.56296229601505,2.27127564449991,2,0,-1.10586667681918,0,0
2932,0.680499136344426,0.830082278023412,1,1,-0.140989125860051,1,0
2933,1.78640155112349,2.31705602212375,2,0,-0.37759025848974,0,0
2934,0.0949822609416313,0.194717645626274,1,1,0.498045161311089,1,1
2935,2.03991251056992,2.77551835980015,2,0,0.266298534744983,0,1
2936,0.204805360986832,0.381942453699493,2,0,0.159654188318141,0,1
2937,0.99811729246015,1.33163529771704,1,1,1.3055028581093,1,1
2938,0.958420714449837,3.37284775922052,0,0,0.920908423345447,0,1
2939,0.287429696741812,1.75228495756224,2,0,-0.582094061557031,0,0
2940,0.157823344073218,0.210991363457942,1,1,-1.53271798355872,1,0
2941,0.534909006932543,0.563811774375372,2,0,0.528520822108193,0,1
2942,0.189075617547565,1.89166463227531,1,1,0.480296752722674,1,1
2943,0.103939975462325,0.371185901365571,1,1,-0.231268177755601,1,0
2944,0.310602642388807,0.922046921833135,2,1,0.516038398905858,1,1
2945,1.84403186033768,4.53481036232984,1,1,1.50055809361941,1,1
2946,0.017069584896995,0.278230754238889,1,0,-1.00457208362242,0,0
2947,1.56276977441248,5.87148867519506,0,0,0.0479451464165544,0,1
2948,0.134169259108603,1.09493405195696,2,0,1.15718596899532,0,1
2949,0.079192019973731,6,0,0,-0.499587620478454,0,0
2950,0.421377452886582,1.00717562164324,2,0,-1.03838493957858,0,0
2951,1.14208480855956,1.1849893190109,1,1,0.352086818049834,1,1
2952,1.35755770524642,2.90008419133586,1,0,-1.29048810537558,0,0
2953,0.100843604240153,3.18868099274713,1,1,0.102276133262191,1,1
2954,0.301275328836507,2.03833124988179,2,0,0.146639388472396,0,1
2955,0.251789762535029,2.84955472947552,2,0,0.53962018899929,0,1
2956,0.511105538656314,0.539754290754596,0,0,-0.406346124447164,0,0
2957,0.0886043104000441,1.00045261343041,0,0,-0.249033546136577,0,0
2958,0.19098297589355,0.441274663647838,1,1,0.496368777013003,1,1
2959,0.403930911173423,0.506160674784231,1,1,-0.311251819710369,1,0
2960,0.903704015556528,4.26667164966624,2,1,-0.762738168657917,1,0
2961,0.66495059730692,1.04782867364782,1,1,1.18090184399057,1,1
2962,0.254270921372243,1.12617865184771,1,1,-0.94917105924883,1,0
2963,1.48046780269478,1.62785011810314,1,1,-1.55549422785623,1,0
2964,0.428623585030437,2.44977973177143,2,0,-0.150941134939964,0,0
2965,0.0310264770212438,0.0873853189121351,0,1,0.371966080402453,1,1
2966,0.247920292119185,0.584754821730404,1,0,0.405232024390893,0,1
2967,0.599287565694087,0.754480460600073,1,1,-0.160603557508133,1,0
2968,0.0721051845876758,0.385124637895395,2,0,-0.370035912688293,0,0
2969,0.55962177614371,1.51043634493245,2,1,1.05421749731449,1,1
2970,1.09870332638756,2.27117629847785,1,1,1.24588460230652,1,1
2971,0.116384745472007,0.299351917924488,1,0,-1.48247303041536,0,0
2972,0.819577246650736,2.4346555871572,1,1,-0.915111034232831,1,0
2973,2.67363164352944,4.2795230833529,2,0,0.590459477397198,0,1
2974,0.117917086204721,2.76817383638136,2,0,0.886378327211311,0,1
2975,0.793488773535924,1.02957778517419,2,0,0.840804141510234,0,1
2976,0.280621972245475,1.32742411384138,1,0,-2.10958095528346,0,0
2977,0.0582337617460224,0.313085313202506,2,0,1.58334017035857,0,1
2978,0.329083064053622,0.704142497977029,1,0,-0.732489724153125,0,0
2979,0.314641060658842,0.509159532392295,1,1,1.17926761684739,1,1
2980,0.727841100241575,0.896423771175157,1,1,-1.33163915825551,1,0
2981,0.668730257182486,1.61302138119936,0,0,0.934845214950518,0,1
2982,0.0889039220702317,0.858320293228651,1,1,-0.24129346667777,1,0
2983,0.192230562162068,0.957249703139736,2,1,0.887060265890345,1,1
2984,0.52739711633573,2.18736080763241,0,1,-2.60129191059814,1,0
2985,0.90357656175596,3.65970691705514,2,1,0.558129922410932,1,1
2986,0.838066384977447,2.34421583029962,2,1,-0.486883792014118,1,0
2987,1.42751047124648,2.13673916646048,1,1,0.493449313717924,1,1
2988,0.048558219782554,0.550121822418911,2,1,0.454157393630539,1,1
2989,0.158378134171168,0.259418887154311,2,1,0.613336314553711,1,1
2990,0.0573534273549209,0.288021977369984,0,1,1.40614658058627,1,1
2991,0.0223170148415698,2.60078525404855,1,1,-0.608693402536644,1,0
2992,0.465473478349547,6,0,0,0.565018395078361,0,1
2993,0.306208499500321,2.77074700947426,2,1,-0.475579602314879,1,0
2994,0.171828035058247,1.43055361206878,1,0,-0.717923952983809,0,0
2995,0.388567419205275,0.946450976716362,1,0,1.46151418670967,0,1
2996,0.829939674489932,1.06446433781825,1,0,-1.08595256648327,0,0
2997,0.332796746968395,0.907611044256592,1,1,-0.704597051644332,1,0
2998,0.517080282378528,1.17272361859263,2,0,2.58044233169602,0,1
2999,0.310748328107417,0.39597511818535,1,0,-0.0969179031256555,0,0
3000,0.0838058476977688,0.705268479277408,1,0,-0.399605116087819,0,0
