"id","L","X","status","z1","z2","cgroup","tgroup"
1,1.39218577098227,1.66939329596809,1,1,-0.549239681682486,1,0
2,0.387571512837894,0.577882612597421,2,0,0.0112442498786021,0,1
3,0.327275838125187,1.04572097650316,2,0,0.242759822882453,0,1
4,0.0459379726210531,0.749622842206124,2,1,0.0733142783381275,1,1
5,0.0278387864818797,0.684730416784684,0,1,0.584025740044724,1,1
6,0.991843612812102,1.04033055573651,1,0,0.850758150509661,0,1
7,0.28564661857672,0.753842585592149,2,1,1.2771091456216,1,1
8,0.357693959085736,0.445369719753909,2,1,1.01563633137223,1,1
9,1.17797201313078,1.19156676760583,2,0,-0.84342313652294,0,0
10,1.22188770025969,2.84768366673187,2,1,-0.172896313009435,1,0
11,0.843489171937108,1.00807445020795,1,0,-0.50282985621399,0,0
12,2.71959615676644,4.30821360399326,0,1,-0.249970521732532,1,0
13,0.51344495322258,2.60255426093441,2,0,0.776679512384779,0,1
14,0.176388961554039,0.194689454913053,2,1,1.21169480907563,1,1
15,0.246895136369858,0.258209855075769,1,0,1.1971828686489,0,1
16,0.124185530797484,0.649158400616251,1,1,-2.18364318252336,1,0
17,0.115489454958339,0.233219667078185,2,1,0.140118819826049,1,1
18,0.00904334796359763,0.273775678360107,0,1,0.659868760396943,1,1
19,0.1992353398691,0.566753769914309,0,1,0.3362623394966,1,1
20,0.855876808610566,3.55478078160861,2,0,0.163029726094725,0,1
21,0.647505540358585,0.831572980098442,1,0,-0.735931936589581,0,0
22,0.189645581995137,0.970201618740801,2,0,0.319825752388788,0,1
23,0.387547313584946,0.460541082905558,2,1,2.04075263684371,1,1
24,0.714868938640513,1.14116124359694,2,1,0.696178356812196,1,1
25,0.0847953511196752,1.46291133859908,1,1,-0.0963389697691137,1,0
26,0.19354123622179,0.954671875516292,1,0,-2.0852112915436,0,0
27,0.045085282126935,1.41345768228228,0,1,0.359692047691081,1,1
28,0.0367125325374577,0.771160850608183,2,0,-0.621933012850538,0,0
29,0.694619949326775,0.890675981874851,1,1,0.0689882979385216,1,1
30,0.430788467929233,0.438856635841588,1,1,0.00299589746708242,1,1
31,0.694119621158399,0.85585024537371,2,1,0.23498020267985,1,1
32,0.0295919485614793,3.44900624205669,0,0,-0.793530225646689,0,0
33,0.0661390915735756,0.498172806104157,2,0,0.277109114513455,0,1
34,0.308969461766537,0.343690204123656,0,1,1.88795111805356,1,1
35,0.378521415404975,0.462589471067994,1,1,0.979435458460824,1,1
36,0.889116608252391,1.0439169600272,2,0,0.735321435603302,0,1
37,0.132583212794434,0.655880659340684,1,1,1.55754584735413,1,1
38,0.172833256656304,0.18224229816549,2,0,2.04053391397729,0,1
39,0.532697680630879,2.91613339353693,1,0,-0.674117349740434,0,0
40,0.00123473117496144,0.041443960212275,2,1,0.876898802450956,1,1
41,0.185544996109259,0.704031671747457,2,0,1.08611080498158,0,1
42,0.220374549739063,0.860295036276393,1,0,-0.121285980197045,0,0
43,0.0244715517871077,0.115054019227276,1,1,-0.532763854564236,1,0
44,3.26475913060789,5.0501273008186,2,0,-0.763680732442689,0,0
45,1.56739453022164,2.69849162689155,2,0,-0.537572853472491,0,0
46,0.219417164335027,0.221415827496748,2,1,0.494923666456297,1,1
47,0.550196711905301,0.884296445868612,1,1,-0.155199151915475,1,0
48,0.335465621028561,2.24233741010906,2,0,0.743116117626609,0,1
49,0.496931595235884,0.807525860619814,2,1,0.320716161895315,1,1
50,1.73896050619779,1.89401793604096,0,0,-0.867576998309002,0,0
51,0.0406347112730145,0.05052085983806,1,0,-0.618477616091417,0,0
52,0.709658447653055,3.5946509285904,2,0,-0.619286159899644,0,0
53,0.044753578491509,0.343463198893382,1,1,-0.335611441369712,1,0
54,0.0118403544451415,1.57095690269991,1,1,1.35686990685765,1,1
55,0.429848007042892,0.723127421612541,0,1,0.424612857365375,1,1
56,1.44514598145024,2.45428668731196,1,0,-0.730466927664898,0,0
57,0.209425139647977,0.358888593812784,0,1,0.360903567161032,1,1
58,0.416479289706331,1.15295346344158,1,1,0.52196251071215,1,1
59,1.32134659588337,1.54283474307196,1,0,-0.328652322978536,0,0
60,0.035662304610014,1.24955419500313,2,1,-0.738047861516716,1,0
61,0.606532033592482,0.775241671992705,1,0,-1.68024741960361,0,0
62,0.13600554846016,0.979813967055004,2,1,0.451487073292505,1,1
63,0.393949614081066,1.23475447318992,2,0,1.24024070349555,0,1
64,0.173718369565904,0.185551137772449,1,1,-0.840598826130024,1,0
65,0.953788446262479,1.58107092945661,1,0,-0.856438140901662,0,0
66,1.18883309065701,1.7211999665311,1,1,0.273697146214815,1,1
67,0.67413205649872,1.45516193322612,2,0,-0.720118613486081,0,0
68,0.0883798586389511,1.9573916391431,2,0,0.588456093744117,0,1
69,1.64990474666845,2.68222152255476,0,1,-1.75386323590445,1,0
70,0.89089419131749,1.44351132619287,1,1,1.43318615669194,1,1
71,0.230095861188602,1.41132228673365,2,1,1.15946616337609,1,1
72,0.225132962261783,0.739813305224989,1,1,-0.88256158920297,1,0
73,1.01406602183694,1.53164885771093,2,0,0.385597668376686,0,1
74,0.643059679397203,2.45101109767954,0,0,0.405367421359846,0,1
75,0.0076263152115639,1.82639629179477,1,0,0.512185025550477,0,1
76,0.647330260419125,2.58078184289237,0,0,-1.09212766831843,0,0
77,0.24143438488577,0.41344311155126,2,0,1.59347488538518,0,1
78,2.04936772837669,2.1204040940251,1,0,-0.601268614176191,0,0
79,0.475755603232931,0.840450100597302,0,0,0.657908781454643,0,1
80,0.319676883518696,0.709755571581031,1,1,-0.222881868805932,1,0
81,0.0783894310521636,1.25196256729226,2,1,-0.828211368201457,1,0
82,0.470923022340804,0.936334883190729,2,0,0.791676057108173,0,1
83,0.281303387018852,5.36430384751812,1,0,0.989011402091425,0,1
84,0.0372607598546892,0.0887151869634787,0,1,0.562261260765159,1,1
85,0.150533562526107,1.377024904786,0,1,-0.519545925431801,1,0
86,0.33312721789116,0.470345460523034,2,0,1.21638247596473,0,1
87,0.20944301597774,0.548174918318788,0,1,-0.366228580348572,1,0
88,0.0399501435773177,0.420639136884922,1,0,-1.51750145665252,0,0
89,0.43117835331941,0.735452548416103,2,1,0.492000649243624,1,1
90,0.158770683337934,1.54719486203509,1,0,0.813758351393412,0,1
91,0.216240851732437,2.82024253197977,2,1,0.661284112613924,1,1
92,0.0497220502520572,0.511489441751451,2,1,0.877569703857517,1,1
93,0.205186577222776,0.500910056699244,1,1,0.786632860861682,1,1
94,0.0211435295641422,0.645372690174171,1,1,-0.134784389720477,1,0
95,0.0530645804246888,0.64390066869716,2,1,0.149304008114338,1,1
96,0.229405833408237,1.19706228685876,0,1,-0.43585876015771,1,0
97,0.579290482215583,0.907148059724851,1,1,-1.52153840663444,1,0
98,0.713568979874253,0.910238893761263,1,1,-0.670578598198629,1,0
99,0.12033371347934,0.337048353313899,1,1,-0.891078098439518,1,0
100,0.112751415290404,0.70968389008058,1,0,0.981085700275538,0,1
101,0.0961646527866833,0.213673339107669,1,1,0.488231349086522,1,1
102,1.8864178470217,3.70497303701547,2,0,0.427605440063014,0,1
103,0.602292869861859,1.10381635100196,2,0,1.4894414804482,0,1
104,0.695787842731246,1.02331839869956,2,1,0.0189865241009367,1,1
105,0.166780921096002,1.25983387473024,2,0,0.617667250005839,0,1
106,0.0868730444926769,0.79651414166955,0,1,1.1793252513032,1,1
107,0.129271076285844,1.20090762304286,1,1,-0.533169534964481,1,0
108,0.131821618415415,1.88712052333418,2,0,-0.421604901749839,0,0
109,0.778019784457803,3.04012889903879,1,0,0.387366319556574,0,1
110,0.389303838834167,1.65309917492171,0,1,-0.694939088082503,1,0
111,0.238426680676639,0.789356815839193,1,1,-0.0123517578044241,1,0
112,0.695955628716245,1.27234751048187,0,0,-0.638522543286491,0,0
113,1.42449164638801,1.94053798031212,2,1,1.42013527232809,1,1
114,0.178457336511942,0.549151850281636,1,1,0.821450672073358,1,1
115,0.0840626490280035,0.199574288180708,1,0,1.06764099710421,0,1
116,0.0842589931562543,2.80448378304008,2,1,-0.21136511642318,1,0
117,0.0649567632288096,0.581510348027481,1,0,-2.04770300039306,0,0
118,0.26995035536719,0.500070909616985,1,0,1.86811028172659,0,1
119,0.26829289534362,1.62651109205268,2,0,2.47553645926168,0,1
120,0.494506986552671,2.62966099536868,2,1,0.0942070091642245,1,1
121,0.00315213284920901,1.09251334943561,2,1,2.16788081163447,1,1
122,0.0134082427122975,0.29348639569123,1,1,-2.46694037907558,1,0
123,3.55675529671793,4.26540604836024,1,0,-0.0668373022651739,0,0
124,0.420523861830588,2.6052775428537,1,1,0.111341222410468,1,1
125,1.21171697037631,2.33739134234687,0,1,1.00317915672242,1,1
126,0.592582813464105,1.7310966091224,1,1,-0.499504616820621,1,0
127,0.0638181256363168,0.82215843461391,2,0,0.19106273254674,0,1
128,0.287517702672631,0.322866784263229,1,0,0.857688100984475,0,1
129,0.109534694347531,0.322844555854783,2,1,0.327571041077389,1,1
130,0.826622386462986,0.871190717067123,1,1,-0.0913701140097747,1,0
131,0.188821515979361,0.715506772200267,0,0,-0.717016658134262,0,0
132,0.896781262239139,1.13591362767421,1,0,0.111312452904327,0,1
133,0.364125043270178,0.91823235220815,2,0,0.577992975905699,0,1
134,0.360110878694432,1.05260568483775,1,1,0.169494264620545,1,1
135,0.132844696974275,0.601342038461499,1,0,-0.254697859161765,0,0
136,0.585533696878879,1.38399869017266,2,0,0.438411509903131,0,1
137,0.0798991990908694,0.465044991561694,2,1,-0.0777374538328002,1,0
138,0.848361353388509,1.13201357904076,1,1,-0.436357241047087,1,0
139,0.830704504015677,0.91060852987865,1,1,0.522948633942986,1,1
140,0.0412887590937316,0.211163851072733,2,1,1.24489404570046,1,1
141,0.258455765380213,2.97838520232331,2,0,1.77220095759741,0,1
142,0.0219189792066669,0.370800504460931,0,0,1.30808069941573,0,1
143,0.346653279734519,1.11409905113993,1,0,-0.159851971913458,0,0
144,0.14181071940436,2.16254542060769,2,0,-0.292796789345586,0,0
145,0.0600360019879769,0.406633336841807,1,1,0.338167213176244,1,1
146,1.38830035543981,4.0333803078951,2,0,-0.306496919967841,0,0
147,0.551821412492365,0.581740100875356,0,1,1.21859020211818,1,1
148,0.267071209673304,1.20256160857727,2,0,0.600478926639826,0,1
149,0.0247771295835264,0.0562140112860302,1,1,0.647133243774877,1,1
150,0.0861368636833504,1.21151834902818,2,1,0.784619915237459,1,1
151,0.241636216815095,0.428567591417967,2,0,1.48201087308682,0,1
152,0.741424776613712,2.52281409400273,1,0,-0.772155622026249,0,0
153,1.22296080337243,1.24736239584908,2,1,1.78037478425177,1,1
154,0.062159338966012,0.367804386963447,0,0,-0.375807732409635,0,0
155,0.733611023053527,2.37828208731754,2,1,-0.0560731794459054,1,0
156,0.0880776899401115,1.74164708941926,1,0,-0.416429545069885,0,0
157,0.456769037965506,1.18807494355113,1,0,1.07760074841935,0,1
158,0.197704751044512,0.720391252179755,1,1,-0.983621448466551,1,0
159,0.00964401917869244,0.493179189883338,2,0,1.77274141393078,0,1
160,0.471151852707004,0.71501000931461,1,1,-0.203642898332734,1,0
161,0.187073113745445,0.575945762428812,2,1,0.705189061988516,1,1
162,0.221100365160964,4.32464205166247,1,1,0.0910597981084543,1,1
163,0.11305145690863,0.201226022417851,1,1,0.862990694901363,1,1
164,0.387592743209098,3.84321399006401,1,0,0.478833954547857,0,1
165,0.524056951954782,0.725068334687493,2,0,0.150945456154695,0,1
166,0.276800014544278,1.25998860722311,1,0,0.576562430993587,0,1
167,0.402501750795636,1.05359361118563,0,0,0.70018871782558,0,1
168,0.0272010226035491,0.047541345600888,1,1,0.205283230905027,1,1
169,0.237262542359531,2.20150695016475,1,0,0.232086810643709,0,1
170,0.0123369359062053,0.133561510005033,0,0,1.42375903198212,0,1
171,0.172517245810013,1.19088576350567,1,0,0.151607619559939,0,1
172,0.479340625270643,1.11849274372323,0,0,0.0819202024916801,0,1
173,1.18627351819874,1.34327085329069,1,0,1.81496810724038,0,1
174,0.262669337971602,2.04954355334242,0,1,0.100936034150206,1,1
175,2.23825678145201,6,0,0,-0.140547567301981,0,0
176,0.553905966829252,1.12029380773049,1,1,-0.125845053070531,1,0
177,0.073547265783418,0.197106337381091,1,1,0.429380376068833,1,1
178,2.32422251618447,4.3428062244008,0,0,-0.0981961067952112,0,0
179,0.0635114195756614,1.38385161491218,1,1,1.04186480517411,1,1
180,1.64444420362397,2.9061201187369,1,1,0.393453451799411,1,1
181,0.518508990674603,0.631987354425056,1,1,1.23465990936202,1,1
182,0.0519601520492997,0.211942374888587,1,1,-1.28434619643562,1,0
183,0.0899630473577417,0.182032821471147,2,0,0.0613636476114632,0,1
184,0.121442393574398,0.67413271192283,2,0,1.54592532360683,0,1
185,0.506678583552265,1.17721330944658,0,1,0.461897927390104,1,1
186,0.226496404968202,0.246964022578132,1,0,-0.797533866947787,0,0
187,0.240532785246614,0.508958446862115,2,0,0.972961747533255,0,1
188,0.0368913253769279,0.0808459953373584,1,1,-0.973138436356985,1,0
189,0.289853998844006,2.94709755059747,0,0,0.846800141828027,0,1
190,0.258759779680986,0.265318153949372,2,1,0.431752619364703,1,1
191,0.396211087354459,0.668321804754285,1,1,1.20637863893052,1,1
192,0.424546997819562,0.521823149582987,1,1,1.04679303887218,1,1
193,1.32644581731222,1.4901679857913,1,0,0.223410720363375,0,1
194,0.544955850578845,0.648467535213619,1,0,-1.24297552549472,0,0
195,0.0134261755738407,0.97790119632803,1,1,0.449124332515147,1,1
196,0.292123101380625,0.29274596673708,1,1,-0.848292228043259,1,0
197,0.625840494609806,1.92360900972383,2,0,-0.0152817187373591,0,0
198,0.500076028375708,2.21274137186507,0,1,0.0613789312469594,1,1
199,0.752240769565105,2.28640221517182,1,1,-0.553845908585187,1,0
200,0.291955413413234,0.562189119204261,1,1,0.900120140103217,1,1
201,0.156140571460128,0.288707709412784,1,0,-1.28688131089676,0,0
202,0.419406154251192,0.498658717542809,2,1,1.30335852014889,1,1
203,0.111892930442905,0.377988814460265,1,0,-2.28438909858553,0,0
204,0.300979609918296,0.716994384070997,1,1,-0.758477219172577,1,0
205,0.541491307318211,1.49044744329754,0,1,-0.814755040389469,1,0
206,2.7750280921302,3.78736090441407,2,0,-0.77870522626772,0,0
207,2.74127826086226,6,0,0,-1.45976240240374,0,0
208,0.334414426179137,0.460582566219563,0,1,0.363915855004392,1,1
209,0.0622296417063612,0.661699799643608,1,0,0.122970219734606,0,1
210,0.153730611200444,0.321673783772144,2,1,0.638241863486577,1,1
211,0.19742233576553,0.760421737407645,0,1,0.745499057163473,1,1
212,0.213926296273712,0.986358852436145,0,1,0.000685420851277744,1,1
213,0.757635403398246,0.853692226589277,2,1,0.650276990502226,1,1
214,0.157704101584386,0.713710572341784,2,1,0.959749522634652,1,1
215,0.287505747110117,0.827683181488114,1,1,0.0324825432893822,1,1
216,2.13415380091149,2.78761620845091,2,0,0.383632757087904,0,1
217,0.822964991442859,2.62472450424359,1,1,-0.681187645736931,1,0
218,1.13739568181336,1.74354727962252,1,0,-1.76107462370643,0,0
219,0.35963667469332,2.20998605065724,0,0,1.03872803200396,0,1
220,0.230596354813315,1.32498179973867,1,0,0.437172360501329,0,1
221,0.858681974906296,1.13309534068848,1,1,0.227048740012563,1,1
222,0.139880666392855,0.168011884640353,1,1,2.03975076280211,1,1
223,1.21837134234944,1.32017727537611,2,1,0.3528525849948,1,1
224,0.151245177548844,0.400093737956461,1,0,1.11886986004779,0,1
225,2.78928108869081,3.17985715973791,2,0,-0.276467558678952,0,0
226,1.51324409515972,2.0729465845933,1,0,-0.0236880077917025,0,0
227,3.30504923669581,6,0,0,-1.89403504458409,0,0
228,0.0226520758587867,0.0294602652799759,2,0,4.01737293061939,0,1
229,0.30241478321841,0.641365288543425,1,1,0.628723426690531,1,1
230,0.234284781242909,0.607068359878484,1,0,0.611483672984809,0,1
231,0.119829687478915,3.37790875457162,2,1,-0.0840453007381718,1,0
232,0.301740666327532,4.17975257726672,2,0,0.0356876173821908,0,1
233,0.00930440053343773,0.43713315084895,1,1,-0.30116547148812,1,0
234,0.390999891969841,1.96945783024757,2,1,1.24504246127656,1,1
235,0.00282588967820629,0.356005248191986,2,1,0.686136211044059,1,1
236,0.0189087968319654,0.130971610396887,1,1,-2.64150538883317,1,0
237,0.0641243893187493,0.350665953572672,0,1,0.749762340031959,1,1
238,0.163188697188161,0.478132964896679,2,0,0.784333704800284,0,1
239,0.629205300517759,0.736818179983448,0,0,1.27082584886094,0,1
240,1.47921546912732,2.74093171813532,2,1,-1.14195519984921,1,0
241,0.575823140289037,0.743553148482118,1,0,-0.424618916488755,0,0
242,0.0748889399692416,0.377134821621603,1,0,-1.38760687032771,0,0
243,0.176010609502139,3.52855392458512,1,0,0.96539216413819,0,1
244,0.0677644443931058,0.257429956774611,2,1,0.895726287384789,1,1
245,0.33361016972552,0.450239364026862,2,0,-0.25574947860586,0,0
246,0.0527070611715317,6,0,0,-1.77168256703987,0,0
247,0.655068746974513,0.677721807918087,1,1,0.687269908764194,1,1
248,0.02166060561909,0.780549604930899,1,0,1.82952511941202,0,1
249,0.814557159293264,3.3460621012875,2,0,1.14622489478565,0,1
250,0.334423094056547,3.06900509943565,0,1,-0.0424256563198282,1,0
251,0.0309139115410462,0.448749747508447,2,0,1.08713123714036,0,1
252,0.112557933568554,0.370994137057634,2,1,1.06387477148317,1,1
253,1.22222075932065,1.48221381253859,1,1,0.166244319910247,1,1
254,0.549012987062299,0.933106567564454,2,0,1.0014537811051,0,1
255,0.877999808639288,1.91113920669463,1,1,-0.825617495060424,1,0
256,0.112270232732735,0.803611324497871,1,1,0.661739978159753,1,1
257,0.0485759932480467,0.108687533021731,1,1,-0.736933947438984,1,0
258,0.454441271264706,1.17261131675839,2,0,-0.199112635993425,0,0
259,0.250643898907583,2.24690195166806,2,0,0.600588432406626,0,1
260,1.19111407194761,4.79529183240814,2,0,0.440654940383301,0,1
261,0.351753157563508,0.383717013953628,1,1,-1.19035937969329,1,0
262,0.198438170482405,1.10037378656367,0,1,0.561272339827569,1,1
263,0.109045615827199,1.41949413965146,0,1,0.660880574049901,1,1
264,1.14448209479451,1.51394296118742,1,0,-1.23696701503312,0,0
265,0.271889958821703,0.567836354112568,2,0,0.689977169741091,0,1
266,1.80058599439192,1.81606146296176,0,0,0.553866121470182,0,1
267,0.274541926919483,1.04208181433637,2,1,0.0633796119898686,1,1
268,0.0478356619714759,1.69588237814146,2,0,1.10367851162937,0,1
269,0.665748558213756,0.83933534503503,2,1,1.24535761178541,1,1
270,0.961867859534562,2.95581850229091,2,0,0.0182748702854264,0,1
271,0.354604038611577,1.6264974862805,1,0,-1.61289091540854,0,0
272,1.56196106403115,3.55289223293463,0,0,-1.60723622454495,0,0
273,0.333684270270169,2.77290523411496,2,0,-0.845432256429046,0,0
274,0.219669789657928,0.619492931291461,0,0,0.800131106638249,0,1
275,0.183463109133299,0.583480647162508,1,1,1.51503504544247,1,1
276,0.716614347882569,1.37786862210328,1,1,-0.594662535055945,1,0
277,0.142383627724299,0.487860594340796,2,1,0.259224069068998,1,1
278,0.709652132354677,0.834245308756176,1,0,-0.313936899696402,0,0
279,0.413381035323255,2.32846287110889,2,1,0.205156893444843,1,1
280,0.347260785289109,0.414198183704065,1,0,-1.09150347969698,0,0
281,0.480023853645934,1.52904707317551,0,0,-0.384852408063352,0,0
282,0.0756478947828312,1.85455769894023,2,1,-0.61441777120918,1,0
283,0.135905210405409,0.371541910285413,1,0,1.07377279267047,0,1
284,0.0920375372515991,1.06480559132238,0,1,1.5288830582983,1,1
285,0.0224803271703422,0.741563534707954,2,0,0.144696875862826,0,1
286,2.52260942934992,3.48464332387641,1,1,-0.680413978901452,1,0
287,1.99179908563823,3.75022501063844,0,0,-0.911544053467424,0,0
288,1.10670951655471,1.41446891749421,2,0,0.64200957938203,0,1
289,0.211688049894292,1.35936260566354,1,0,0.085418346374364,0,1
290,0.118675360572524,0.444765810437375,1,0,0.189820068479421,0,1
291,0.736146733164787,1.44139433682396,1,1,-1.34680096575961,1,0
292,0.231016564274114,0.658967049169863,1,0,0.664779312376837,0,1
293,0.255180706270039,3.4596228414242,2,0,-1.69575617843455,0,0
294,0.375943361509839,0.42661354000595,1,0,0.467351028407296,0,1
295,0.283712942618877,0.551478764917046,2,1,1.62266266412376,1,1
296,0.147213340565451,3.0883013264215,1,1,1.688938294691,1,1
297,1.06997197605075,1.21171645257918,1,0,0.564181559867649,0,1
298,0.55094419978559,0.654408286499747,1,1,-0.623799584184164,1,0
299,1.9269082713032,2.88577864333354,2,0,-0.140046842827807,0,0
300,0.36946064356016,1.55399847458507,2,1,1.84916861206892,1,1
301,0.112543277442455,4.46301115459673,1,0,-0.0162252371796603,0,0
302,0.947559612803161,1.98396410172184,0,0,-0.835607733350052,0,0
303,0.16976759955287,0.377534933553854,2,1,-0.472763419319174,1,0
304,1.03039983753115,2.40862776080801,2,0,-0.532569143671689,0,0
305,0.131195799447596,0.748694134950613,1,0,-1.03526179668966,0,0
306,0.228082431156068,0.412768317891713,2,1,0.541687229193102,1,1
307,0.0929601969722767,0.275222886432624,2,0,1.5485116674642,0,1
308,0.544057751074433,0.942426177983483,0,1,-0.393004271717515,1,0
309,1.19167687831783,1.48915247143295,2,1,1.02695619383746,1,1
310,0.817091762411229,1.83547500726813,1,0,0.0598819877935964,0,1
311,0.367727732285857,3.61606692682461,2,0,-0.212520681145518,0,0
312,0.150693805189803,0.934096249976404,1,0,0.220629737934228,0,1
313,0.0417869724333286,2.36997061904402,2,0,0.265054054369552,0,1
314,0.147344532422721,0.308119175153649,1,1,-0.379527719734146,1,0
315,0.982237642630935,1.14193977444407,1,1,-0.530943473815192,1,0
316,0.494326136906644,1.10125721303653,1,1,0.72077797296114,1,1
317,0.607839486561716,1.24033657116613,1,0,-1.97071773854776,0,0
318,0.826946686112143,1.74734138988902,2,0,1.04509666816418,0,1
319,0.14875012603682,0.711871503541867,0,1,0.209561278739888,1,1
320,0.25618200562969,1.7245703746791,1,1,0.534935931452495,1,1
321,1.05297791010883,3.19669516802874,2,1,0.97342981321703,1,1
322,0.320361439953558,0.761696357900898,0,1,0.241333256779316,1,1
323,0.0488440492031191,1.32164746954934,2,0,0.648502382542279,0,1
324,0.0854393219924532,0.854451003023643,1,0,1.8665459670101,0,1
325,0.0325529974188947,1.28955402232658,2,1,-0.263196038881226,1,0
326,0.318905441400981,2.38028394700469,0,0,0.160662567123283,0,1
327,0.563754349687889,1.24056802707644,2,1,1.10138204012002,1,1
328,0.195102856195278,0.568384185441326,2,0,1.82564961498525,0,1
329,0.0897861663252115,0.152889184720124,2,0,-0.267274586172965,0,0
330,0.127024340161168,2.00151044810063,2,0,-0.869832175170912,0,0
331,0.017692802939564,0.297514261631838,2,1,1.75479601005526,1,1
332,0.150592906949241,1.06858500761016,1,0,0.21944480484545,0,1
333,0.241945494781248,1.26968639902771,0,1,1.63406106919589,1,1
334,1.18932844706355,1.19174443373208,2,0,-0.462404261949607,0,0
335,0.368663823464885,1.0031156226199,2,0,0.367862294029414,0,1
336,0.0986313112662174,2.14319976436432,1,1,0.567526454644799,1,1
337,0.773902832530439,0.867651025908805,2,0,-0.190216964807702,0,0
338,0.350575387477875,0.543631685867575,2,1,-0.0209036383355285,1,0
339,0.258156548046269,1.12990826754166,2,0,1.8362328028927,0,1
340,0.381285101757385,1.17884009296818,2,0,1.10993909354015,0,1
341,0.201029873355934,0.343093015263394,1,1,0.492366157661718,1,1
342,0.476673356580369,0.723509128831724,2,0,1.13875302903127,0,1
343,0.232827939034905,1.45613691895806,1,0,1.24219198375036,0,1
344,0.450226836212025,2.20973935423114,2,0,-1.33395539870686,0,0
345,0.236410397919826,0.807052377827548,1,1,0.475452518259865,1,1
346,0.293320395052433,0.671679404043881,1,0,-0.354516222037714,0,0
347,0.114030520431697,2.65775530544533,2,1,-1.39334673777358,1,0
348,0.454267133001059,1.24915660019457,2,0,1.07979426409949,0,1
349,0.325154583797577,0.814795425108788,2,0,-0.390863413674745,0,0
350,0.0401456039980985,1.56014655884457,2,0,0.917029021686145,0,1
351,0.531905434883021,1.31866525726681,1,0,1.08361577837337,0,1
352,0.930978173092608,1.8767245149013,1,0,1.93515043152354,0,1
353,0.844501057264216,2.13351576887622,2,1,1.14505995089113,1,1
354,1.55913082769567,2.93515525340217,1,1,0.605709127612297,1,1
355,0.315980182494968,2.33395132564007,2,1,0.677495711854319,1,1
356,0.199287760071456,0.288641101837,0,1,-0.22295362782688,1,0
357,0.138398763494968,0.391875373334465,2,0,-0.501102579363953,0,0
358,0.0229495891874019,0.583853834057355,1,1,0.326831848257872,1,1
359,0.803030248731375,3.67734514850599,2,0,-0.223974729037627,0,0
360,0.00176480388335863,1.0750955958619,2,0,0.361318612168988,0,1
361,0.086556489969496,0.887468333045642,0,0,-0.29503444079023,0,0
362,0.762709454839871,1.74753497242567,0,1,0.320150471203348,1,1
363,0.065348279022146,1.06869297243975,1,1,0.586137459879818,1,1
364,0.401321074108323,0.704505488715275,1,1,-0.197174314526602,1,0
365,1.15790563821793,1.39292320426641,1,0,-0.482135878339807,0,0
366,0.1957752240658,1.21102831997565,2,0,1.78333759972071,0,1
367,0.0419337428296278,0.906144252886942,2,0,1.85792284217194,0,1
368,1.39775878679029,2.09996005209784,0,1,-2.61195798484061,1,0
369,0.0279239931842312,1.06401037640363,2,0,1.13251760284123,0,1
370,0.175768911012247,2.21483209716949,2,0,0.0202487313531978,0,1
371,0.361491012416237,0.530019967868318,1,0,0.92917419500376,0,1
372,0.104782321723178,0.542065492551146,2,0,1.27307218142783,0,1
373,0.170403773200052,0.813215959645883,1,1,0.126447888088541,1,1
374,0.858508428558707,0.859995387399794,1,0,-0.268029422883949,0,0
375,0.030807385337539,6,0,0,0.926959120210964,0,1
376,0.193556329177227,0.544156619946358,2,1,1.74054331441647,1,1
377,0.136785614304245,2.41863168516683,2,0,0.964848617261919,0,1
378,0.594328857958317,2.34284655839337,0,0,-0.0767330292488736,0,0
379,0.131665938824881,1.78915286431355,1,1,1.31614300175495,1,1
380,0.599845777010384,1.4234332709995,2,0,0.0852219672045676,0,1
381,0.161028165872697,1.1438337984828,1,0,-1.04783946607046,0,0
382,1.02728951255803,2.21564840089975,1,1,-1.07249055109438,1,0
383,0.0105704524321482,3.82947075979538,2,0,0.024903792478681,0,1
384,0.81857069218234,1.30752511076719,2,0,0.171987568329582,0,1
385,0.349331089067703,0.674081564466566,1,0,0.978279389623752,0,1
386,0.0531354566919617,1.67116328763465,0,0,0.0471966092313537,0,1
387,0.243875928079464,1.59846957274117,1,1,0.400884428240363,1,1
388,0.56084138624139,2.22923240087175,2,1,0.239783181957565,1,1
389,0.310395983105991,0.790220129553831,2,0,0.306719530831604,0,1
390,0.314561504186281,1.43360836888068,2,1,-0.223840828989641,1,0
391,0.0416155793936923,1.0376914601865,1,1,0.554980350933232,1,1
392,1.32777852347626,2.88260033723325,2,0,0.425559571133816,0,1
393,0.154576851055026,1.54658348925789,1,0,-0.839180747881633,0,0
394,0.988649824634194,2.43526223684618,1,0,-0.0176129193714711,0,0
395,0.808632120001205,2.7935670332435,2,0,-0.151406521715577,0,0
396,0.433207041933201,2.06492679463248,1,1,0.423386993340464,1,1
397,0.0965269989683293,3.34246938913556,1,1,1.53419642527874,1,1
398,0.630089534446597,1.61202256578866,1,1,-0.376992297171326,1,0
399,0.0878784208907746,0.95839745579916,1,0,0.115555557068927,0,1
400,0.500269227661192,1.05307430822409,1,1,-0.576098161075239,1,0
401,0.384834741990917,0.935051503971125,1,0,2.34970431217962,0,1
402,0.0509181065717712,0.483122334683345,2,0,1.1530381518388,0,1
403,0.0912227926892228,0.531279691696894,1,1,1.95890455831722,1,1
404,0.0987302316934802,0.147598152158492,2,1,2.08009522585875,1,1
405,0.681340551169283,1.31048518561393,1,1,0.479089470489018,1,1
406,0.00144614750752226,2.126991845309,1,0,0.400785610612624,0,1
407,1.71728256267069,2.78320272090054,2,1,0.444804010589137,1,1
408,0.775609837702297,1.37128702593042,1,1,1.04340814250822,1,1
409,0.271444105310366,0.463417063690301,1,1,1.97645737518147,1,1
410,0.668448134325445,1.33002185458341,1,0,-1.47653862290039,0,0
411,0.654153000112259,0.934938745588199,1,0,1.43050356582747,0,1
412,0.107746619905811,0.121862714489301,0,1,0.277424326700834,1,1
413,0.438169962403166,2.43687916177647,2,1,1.06396969026609,1,1
414,1.19862734218465,1.4512317826581,2,1,0.163235520632646,1,1
415,0.273284407157917,1.21103942700633,0,0,1.22603945249624,0,1
416,0.461658130243912,1.03326733620311,2,1,0.133085707798811,1,1
417,0.747866991305224,1.63075008131811,2,0,1.70174825958408,0,1
418,1.39444259545746,4.73955169447569,2,0,-0.742098060169028,0,0
419,0.222858136597709,0.922643852730592,0,1,-0.054679730985686,1,0
420,0.118746897501572,1.09622898410754,1,1,0.431409115353832,1,1
421,0.442899846471846,3.57769084237073,2,1,-0.28461127671463,1,0
422,0.264368838294414,0.753959897846912,1,0,-0.237402927176821,0,0
423,0.263792733181965,0.485064750525765,2,0,0.465574073225878,0,1
424,0.215780260819102,1.32542219628508,1,1,-0.813252784811081,1,0
425,0.108471049170475,0.605966215273849,1,1,1.30947866792695,1,1
426,0.0940277644259389,1.32760434176946,1,0,0.344665879105991,0,1
427,0.276229798910208,0.641496265616159,2,0,0.131038623193001,0,1
428,0.325124097871594,1.2159599458378,2,0,0.16732076004624,0,1
429,0.303303630207665,1.10267154466627,1,0,1.21610241790835,0,1
430,0.584160096012056,2.42797012764665,2,0,-0.435397456588123,0,0
431,0.0165997655691017,1.54442651600652,2,1,0.397841001519194,1,1
432,0.0350647093728185,0.0595124402578063,1,0,-1.32233056526916,0,0
433,2.19057772070709,2.60385604106565,1,0,-1.51032823964431,0,0
434,0.40919417864643,2.48458023913874,1,1,2.17142078689094,1,1
435,0.251786494627595,3.8646690795819,0,0,-2.01117613640506,0,0
436,0.0945557083468884,0.917442361902547,2,0,0.388638622267867,0,1
437,0.830722906626761,1.30908432727059,0,0,-0.533069608627757,0,0
438,0.111609589548153,1.60167168702733,2,0,0.82059778919333,0,1
439,0.467544691831647,0.782576839714351,1,0,-2.59674989809188,0,0
440,0.132840811274946,2.44357672164893,1,1,0.0363177845672637,1,1
441,0.00585837479315722,1.40274485487007,2,0,0.924112959179434,0,1
442,0.484976383714758,0.581145857049145,1,1,0.666259987284203,1,1
443,0.189067645520985,4.72338104039673,2,1,0.539016363215309,1,1
444,0.0428239957545884,0.446140361328594,2,1,2.60046708096419,1,1
445,0.63018636032939,0.762723690231698,1,0,-2.23443981863237,0,0
446,0.239225297812967,1.65266100111707,0,1,0.50387005971415,1,1
447,0.142397407907993,2.89043339180966,1,1,0.539510536743614,1,1
448,1.58658729890911,1.61173350217587,1,1,0.536277443486066,1,1
449,0.542860128308468,1.29757153986582,2,0,1.21578186047583,0,1
450,0.855706659145653,1.46777536344951,2,1,-0.559640832601418,1,0
451,0.64137293305248,3.13184737662806,1,1,-0.584119915457759,1,0
452,0.127868339419365,0.128299969842234,1,1,-0.281886364206433,1,0
453,0.136342073790729,0.253013908092017,1,1,-1.6955808290434,1,0
454,0.800024622812729,1.03781496014176,1,0,-0.670924970883428,0,0
455,0.152083105857709,0.699058570003003,1,1,-0.934501984415669,1,0
456,0.989230177312732,2.20202857199177,2,0,0.368781101476283,0,1
457,0.0829316608724184,0.395288735324411,1,1,1.07404614585502,1,1
458,0.368000270798802,0.714112139229889,1,1,-0.106330002700625,1,0
459,0.103559638879901,1.53776944925388,0,0,-1.89418396859068,0,0
460,0.602819517254829,1.63071320847375,1,1,-1.83166136005747,1,0
461,0.434979581654233,1.06153346090419,1,0,0.0367690114634962,0,1
462,0.110271357931197,1.55210984482248,2,1,-0.339141894785189,1,0
463,0.395181407220662,0.45703705761065,2,0,-0.0816997038263299,0,0
464,1.05433967988938,3.1847321519361,2,0,-0.896253274412363,0,0
465,2.97576723976021,6,0,0,-0.261134282761085,0,0
466,0.291031308472157,0.474624346079714,1,1,-0.311590369097252,1,0
467,0.103472199351463,0.127299015277444,1,0,-0.912140495537033,0,0
468,1.55809030749072,1.89249241011415,2,0,-0.0373874260877808,0,0
469,0.0754685135325417,2.96066390203972,1,1,0.660123732260016,1,1
470,0.119666685641278,0.464521346318325,2,0,0.83694176284032,0,1
471,0.749265964815214,1.60668245118018,2,1,0.32483095562079,1,1
472,0.166314567904919,0.210160951748572,1,1,1.30069742355687,1,1
473,0.187778417603113,0.206134517773637,1,0,0.529901451516843,0,1
474,0.0458652654197067,0.259559685184627,1,1,0.048016988798394,1,1
475,0.282611681614071,0.333412319691204,2,0,0.248636879904916,0,1
476,0.370017127715982,1.06314890397092,0,1,0.500662600304435,1,1
477,0.418057253700681,2.43514262795839,1,0,0.280190786928974,0,1
478,0.122639165492728,1.74906308458656,1,0,0.0143954112592561,0,1
479,0.0556476303721019,0.662563984968185,2,0,0.496938059142228,0,1
480,0.357958418899216,0.632849160990805,1,1,0.290637679433134,1,1
481,0.536500965867524,1.94006488997768,1,1,0.787103705798758,1,1
482,0.251567286248532,1.37393736255903,2,0,0.320576419939044,0,1
483,0.855232137229115,3.32637495912611,0,0,0.10464887260223,0,1
484,0.0787637369302567,0.110225636970336,1,1,-0.0873320750947667,1,0
485,0.0391782935420143,0.318632113967315,1,1,-0.288662010463307,1,0
486,0.668826309001867,1.68987224379947,2,1,0.629066568643066,1,1
487,0.0875919356367714,0.729612049726296,1,0,1.23555434588081,0,1
488,0.249271942302585,1.98126862136026,0,0,-1.96309036221751,0,0
489,0.406564899603836,0.46616462378768,2,1,1.17202174112604,1,1
490,0.168711653968785,0.594598366137703,2,1,1.50946868120247,1,1
491,0.289447544187734,1.42589901378531,1,0,-2.03967670765088,0,0
492,0.160740921564866,0.884982346371421,2,1,0.620277588107888,1,1
493,0.265466452692635,1.88254983536332,2,0,0.5725028784451,0,1
494,0.24981898203638,0.716848324386265,1,1,-0.244198531195022,1,0
495,0.430380036705174,0.441907445561212,1,0,0.254407516005916,0,1
496,0.185837989556603,2.12939415747921,0,0,1.21980542662426,0,1
497,1.4252528528774,4.56519842670934,2,0,-0.601827140604412,0,0
498,0.101853011367114,0.232307112530654,2,1,0.612281911816274,1,1
499,0.0674369661137462,0.343850738305948,1,1,-0.0488787875080708,1,0
500,0.312718807253987,0.514516538629929,0,1,0.330583450105933,1,1
501,0.111168147996068,0.753226948431601,1,1,-0.989583014860082,1,0
502,0.450637086039394,1.88197384075366,1,0,0.515203279381186,0,1
503,0.557953849974597,2.54639501314318,0,0,0.0752969814647733,0,1
504,0.728781175799668,2.06412806796531,0,1,-0.394219560862383,1,0
505,0.0470317769795656,1.48370479854445,0,0,-0.398361417893492,0,0
506,0.0525182421552017,0.664462757607301,0,0,0.182252188329096,0,1
507,0.160440494073555,1.45323183928448,2,0,0.125150063551904,0,1
508,0.238150079734623,0.613854118885797,1,0,-1.25501601398305,0,0
509,0.261773339880165,0.315907344589983,1,1,0.112754625272777,1,1
510,0.103938847780228,0.362200057269487,1,1,-0.1551004119262,1,0
511,1.35107702668756,3.65159255389695,2,1,-0.983477365815944,1,0
512,0.200283304604082,0.205273838734529,1,0,-0.311814186617424,0,0
513,0.088222298771143,2.12630695063024,2,0,-0.405570459261498,0,0
514,0.301210597972386,0.48341686414126,0,1,0.334737343376187,1,1
515,0.247732154489333,0.96242254930997,1,1,0.117484994416299,1,1
516,0.142380549590775,0.180303362004254,2,1,0.427268323741223,1,1
517,0.322328357142396,1.25106962405593,1,0,0.88940671123004,0,1
518,0.123195424079204,0.395064561429787,1,1,-0.579957038832769,1,0
519,0.383360986597836,3.05466749370095,1,0,-0.588798848553596,0,0
520,0.000136096410237216,0.798194092655285,1,0,-0.215685713680442,0,0
521,0.00995553714452132,5.13528812772155,2,0,0.131368634325958,0,1
522,0.66121515407861,1.5318320924756,2,0,0.219464386671443,0,1
523,0.17621607312449,0.191054779546829,2,0,1.72030315341921,0,1
524,0.73851762432605,1.27372108494309,0,0,-0.0594902261505612,0,0
525,0.047205370421214,4.47760872761573,1,0,0.26933992896341,0,1
526,0.783333755626945,2.1307082064246,2,0,-0.130811456158438,0,0
527,0.99880908610636,1.09781641463304,2,1,0.95632762822108,1,1
528,0.612916956708314,0.981875505939965,2,1,-1.32899092014196,1,0
529,0.575663520023227,1.7818593803416,1,1,-2.31720049508427,1,0
530,0.584684637375176,1.31279586311058,1,0,-1.27250910550956,0,0
531,0.0998916758651381,0.826531051512984,1,1,-0.272729586557349,1,0
532,0.89070200087883,0.997600905217634,1,0,0.413943925200447,0,1
533,0.893511664916532,1.56339172752076,2,1,0.20291735552653,1,1
534,0.113057546805725,0.763800371012593,2,0,0.856623223688861,0,1
535,2.25162052168491,4.04035858821288,2,0,-0.413915932078557,0,0
536,0.49171772133559,0.636806187635807,1,0,-2.06305308392246,0,0
537,0.147421227593441,0.384289689944517,2,0,0.108542444154525,0,1
538,0.351458237390094,0.567880814285391,1,0,1.26425191316638,0,1
539,0.530914617203375,0.546636367153051,2,1,0.813575210944391,1,1
540,0.325842296588235,0.425233347318323,2,0,1.5334133511143,0,1
541,0.276975878514349,0.512057317860594,1,0,-0.946992574159563,0,0
542,0.0274593697395176,0.726154638016506,1,1,1.69424647168343,1,1
543,0.365968195546884,0.536547878117754,2,1,2.59466965661792,1,1
544,0.513638548992395,1.58566900872098,1,1,1.02819861333978,1,1
545,0.0637322399947139,0.474320062932623,2,0,0.543500938591143,0,1
546,0.116768487370932,0.590081270867183,1,0,-0.911455287899107,0,0
547,0.00220146955725869,0.803066339798483,1,1,0.240862874351008,1,1
548,0.640355166952878,0.832698821691219,0,0,0.945294838438723,0,1
549,0.0132258044322953,1.0239613118271,0,0,1.2827882401564,0,1
550,0.452762462546289,1.26717779390499,2,1,0.337877890672733,1,1
551,0.330311315483414,0.399602013780006,2,1,1.0927714560682,1,1
552,0.0478928882512264,0.305947005347343,2,0,0.550925743704762,0,1
553,0.00409164989832789,1.86191057805449,2,0,1.3144878007892,0,1
554,0.0449063908308744,0.299848959346121,1,0,-0.00592314992217774,0,0
555,0.283756537537556,2.54427777186245,1,0,0.488367635328932,0,1
556,0.213597492547706,0.533194230546255,1,1,0.124621846262177,1,1
557,0.935549332009271,3.25060526374998,1,1,0.951031262543684,1,1
558,0.361981436144561,0.904459294652087,1,0,0.325912408546067,0,1
559,0.0489263928304188,0.590661822518039,1,1,0.0246246395374321,1,1
560,0.0790328995208256,0.405482231158685,2,0,0.826974918182589,0,1
561,0.0822091320878826,1.44865687948981,2,1,0.204656814527054,1,1
562,0.595234149135649,1.91160092217167,2,0,-0.0126435621751229,0,0
563,0.0263479905367791,1.47271597894406,1,0,-0.489882879834695,0,0
564,0.605336038253091,0.691485681044604,0,0,1.41794363250826,0,1
565,0.32480538636446,1.60887201182879,2,0,-0.089547809701688,0,0
566,0.292568948643748,2.17753017374469,1,0,1.1757081014353,0,1
567,0.223549962975085,0.754025041463072,1,1,-1.74909890300347,1,0
568,0.279094190336764,2.0097276527442,2,1,0.498738618732118,1,1
569,0.682915352491483,0.919315297079856,0,1,0.712832110718956,1,1
570,0.183715359977868,0.7623932727923,0,1,0.916766201323692,1,1
571,0.129955527139186,0.731944384128295,1,0,-0.176950513283986,0,0
572,0.537953488528728,4.00547256510566,1,0,-1.33244436106238,0,0
573,0.294050945085473,0.340947441263425,2,1,0.636866547956995,1,1
574,0.047586870015467,0.22124219189574,1,1,-1.00928391816269,1,0
575,0.416295407894347,0.433806842193007,0,0,-0.289463650867114,0,0
576,0.132087403908372,0.435322742594788,1,1,-1.29070049057928,1,0
577,0.203876379877329,2.70933571186668,2,0,-0.437892498972655,0,0
578,0.280246180482209,0.584171329910048,1,1,0.548561830506541,1,1
579,0.128359896771144,3.27369116867582,0,1,0.880988117750746,1,1
580,0.0786238843437923,0.283181514077474,2,0,1.55668264784117,0,1
581,0.332165311556309,0.985231018679617,1,0,0.218951542122495,0,1
582,0.000829847413115203,0.255222676039367,1,0,0.518467550617375,0,1
583,0.317334158346057,4.33605152492722,0,0,-2.19535424286776,0,0
584,0.213574385265273,0.853339576914833,2,1,0.0930914372144075,1,1
585,0.138748388271779,0.205632990155759,1,0,0.458463059138343,0,1
586,0.755781481831156,1.84998400875799,2,0,1.11121468922463,0,1
587,0.11964599165367,0.796650996045632,2,1,1.61011689336523,1,1
588,0.0719159115105867,0.224342077432103,1,1,-0.577731228752073,1,0
589,0.233777725370601,0.452126745840205,2,1,2.26936658605603,1,1
590,0.6636936613096,1.03123028345784,1,0,1.21654711883172,0,1
591,0.0355239084456116,0.365873144799128,2,0,1.52748378991602,0,1
592,0.0391069991199525,0.737597290426493,0,1,0.988266503628713,1,1
593,0.193460601381958,1.62114507382941,1,1,-0.884847526005377,1,0
594,0.593209519637344,1.1596272730579,0,0,0.574073907268105,0,1
595,1.59602844880438,3.8781838821971,1,0,-0.772987574977582,0,0
596,0.253467930015177,1.42789545779427,0,0,0.25473029190022,0,1
597,0.493711056161493,0.607817977868354,2,0,1.70124322345647,0,1
598,0.478035346578628,0.881748379518588,0,0,0.0956187646462169,0,1
599,0.21445151680382,2.75787608690906,2,0,1.14316122849115,0,1
600,0.366682000555152,0.689068735480623,1,0,-0.81265079519888,0,0
601,0.148722333833575,0.949132967802766,1,0,0.280290034226837,0,1
602,0.349720986851025,3.15783224258925,1,1,0.179275695143653,1,1
603,0.205724463157821,2.536536011556,2,0,0.851797895747653,0,1
604,0.400283167546149,2.0715320675418,2,0,1.19596500826083,0,1
605,2.27920075927784,3.98353858892599,2,1,0.389001865527069,1,1
606,0.00501278031151742,1.19150965369082,1,1,1.22669455009509,1,1
607,1.03495689424868,1.15725434328167,2,1,-1.34888389045852,1,0
608,0.930158768780529,5.72490661557101,2,0,-0.741499620758656,0,0
609,0.583806794374255,0.634142429062575,2,1,0.914891845028565,1,1
610,0.00241448150094736,0.487589312314748,2,1,1.37278791564952,1,1
611,0.14512135240152,1.15572259762795,2,0,-0.215262130142455,0,0
612,0.207744554500096,2.13885658356399,2,0,0.957730870060312,0,1
613,0.537942165508866,0.997972350787235,1,0,-0.476132000161638,0,0
614,2.50992035671117,2.94588743088146,0,1,-1.84829673384239,1,0
615,0.189983389573172,1.04220812979452,1,0,2.03853231465858,0,1
616,0.0768497586250305,0.0881069588968004,1,0,-0.485636853373675,0,0
617,0.359793078387156,1.01773292430056,2,1,0.105058009286743,1,1
618,1.23941631335765,1.47261960058902,1,1,-0.699223579214104,1,0
619,0.0618249765830114,0.086937713677597,1,0,0.344586789311602,0,1
620,0.114917104287218,0.177206347386042,0,0,1.31634995044626,0,1
621,0.750659013257183,1.7179812407619,2,0,0.318850712110645,0,1
622,0.636191913031527,0.825149394768937,2,1,-0.487433551807452,1,0
623,0.039295287146583,2.30726993857159,1,1,1.10731691079196,1,1
624,0.273324187306339,2.44630751714609,2,0,-1.78063516348153,0,0
625,2.50953921481016,4.03767858008456,2,1,-1.16589253656901,1,0
626,1.30623300373554,2.09027237005603,0,0,-0.484781928262475,0,0
627,0.0808635899336309,5.60777413791647,2,0,-0.506951654234147,0,0
628,1.14517488144338,1.52903870986569,1,1,-0.698281474303134,1,0
629,0.261413549596909,0.337328247174795,2,1,0.0299287808159304,1,1
630,0.204689413014986,0.451026130467653,0,0,0.956876935431278,0,1
631,0.729513140369028,0.793395980233413,1,0,0.709158989750723,0,1
632,0.386943953111768,0.652115712167922,1,1,-0.874315416926389,1,0
633,0.485537567175925,0.880051782492957,2,1,-0.0306619542490015,1,0
634,0.0402356736594811,0.605483986679042,2,1,1.11059626893115,1,1
635,0.212908062385395,0.229742993587468,1,1,0.440860279941721,1,1
636,0.941192430857212,1.34916460003433,2,0,1.04019977837213,0,1
637,2.39836174054983,6,0,0,-0.821093821595439,0,0
638,0.449344166528255,2.51318106083137,2,0,1.21640215622568,0,1
639,0.143075526012616,0.706181162404843,2,0,0.735308565976976,0,1
640,0.844034420740818,1.00874814803856,2,1,0.823243635945819,1,1
641,0.12542419222882,2.02237637403111,0,0,0.499850882605076,0,1
642,0.95422350615263,2.7620705072491,2,0,-0.305235757787037,0,0
643,0.458438594183243,2.6812259348691,2,0,-0.438761398573601,0,0
644,0.180791700258851,0.284729568847635,1,0,0.227964454150092,0,1
645,0.577460509545369,3.8953317143023,0,0,0.874499753304161,0,1
646,0.478166815824807,0.841614442825099,2,0,-0.427602561684455,0,0
647,0.58854720008894,1.1600544519547,2,1,0.101504810101406,1,1
648,0.136519292136654,2.05941516285141,0,0,1.02185423841396,0,1
649,0.00237662117475235,3.13029447121721,1,1,1.14081801461411,1,1
650,1.06581992115231,1.83032348701682,2,1,0.349049688993041,1,1
651,2.151335555143,6,0,0,-0.908912725739271,0,0
652,0.271968659071717,1.11600652945216,1,0,1.96479639864203,0,1
653,0.461431941922575,1.64981186798116,2,0,0.276433866648302,0,1
654,0.105032057580531,0.795147731697605,1,0,0.139423799318852,0,1
655,0.417905222275294,0.777465170476216,1,0,0.718250523996046,0,1
656,0.104860972205643,0.981797117114666,2,1,1.52304749113354,1,1
657,0.245448819187004,0.932323988318087,1,1,1.31927655873165,1,1
658,1.04129355587065,1.65093556605617,1,1,-0.78460473997683,1,0
659,0.0886217715300169,0.244869552435742,1,0,-0.321732092339484,0,0
660,0.219844226376154,1.02487281447291,2,0,1.7622185933492,0,1
661,0.781912553267516,1.65356933255628,1,0,-0.413058583704809,0,0
662,0.525743785094712,1.48395167468356,1,0,1.33255176610006,0,1
663,1.03230506181717,1.91321771765214,1,0,-1.0209751151176,0,0
664,1.32749382980673,1.96226070305179,2,0,0.884276330560286,0,1
665,0.00824820483103395,3.13055905426188,1,0,0.302047978630279,0,1
666,0.209470298141241,1.40742380421567,2,0,0.462578656077886,0,1
667,0.522428024560213,0.857554133981466,0,1,-0.519165247980101,1,0
668,0.366184337472077,0.51675701295436,1,0,1.82507258709813,0,1
669,0.14959953041133,0.694063293756372,1,1,0.295777858047425,1,1
670,0.00692279078066349,0.602260988950053,2,0,0.226291651956414,0,1
671,0.62100160068595,2.11832396239952,1,0,-1.28024404245209,0,0
672,0.316672494518571,1.46451301305269,2,0,2.38660333205018,0,1
673,0.138906394323339,1.08687784457672,2,0,1.07651464962248,0,1
674,0.0516365867669352,0.696902622942464,1,1,0.112260786094985,1,1
675,0.266662096546497,1.25218935094457,0,1,0.322147090102966,1,1
676,1.15717056114227,1.71554630772416,1,0,-0.825608248216721,0,0
677,0.698836734642378,0.837989830941717,2,1,0.204460750420651,1,1
678,0.799222234630571,0.843149932728968,1,1,0.230356836292542,1,1
679,0.222667970694602,0.653012838580577,1,0,-1.18676178490933,0,0
680,0.454932340420783,6,0,0,-0.305591641950688,0,0
681,0.166131373494864,2.27968454360962,0,0,-1.12484003086865,0,0
682,0.0018720538946544,2.26141915793879,1,1,2.55068035888503,1,1
683,0.0928274430053281,0.743259045853907,2,0,-1.1268261440395,0,0
684,1.86624077699127,2.0080287624061,1,0,-1.53064138594679,0,0
685,0.199358203448355,3.85159836010265,1,0,-0.14626276592373,0,0
686,0.176216654945165,0.981223199405257,1,0,1.12498206959999,0,1
687,0.00142778529046116,0.29248830248331,1,0,-0.186719540461515,0,0
688,0.234691152290907,1.31246586950606,2,0,0.168924200477652,0,1
689,0.382244522043038,0.541227242264966,1,1,0.203057644212916,1,1
690,0.482944544404745,0.710682657802659,1,1,-0.0641884133774673,1,0
691,0.134213386103511,0.510549958311314,1,0,-0.355394413318704,0,0
692,1.10870885197073,1.92711495932705,2,1,-0.596225959071119,1,0
693,0.754990018877953,3.25307680654481,1,1,0.291287812076151,1,1
694,0.0548922345042229,0.210462109293179,1,1,-0.286208094373792,1,0
695,0.685358243036837,0.860892050549973,2,1,0.70663692401314,1,1
696,0.561744750567533,1.3766819487883,1,0,0.052704409532237,0,1
697,0.467930689893484,1.33399284875675,1,0,0.463729554634733,0,1
698,0.0042082329923826,0.0254595198181871,1,0,-0.272586277325788,0,0
699,0.0109263334888965,1.16564143436752,2,0,2.86655314979936,0,1
700,0.0245825076020553,3.02168615513816,1,1,0.743678046289951,1,1
701,0.234344283118844,2.21537549359103,0,1,-1.87688723155132,1,0
702,0.927864991128445,1.93121058866382,0,0,-0.251292102943757,0,0
703,0.239915680431295,1.23319438663587,2,0,0.422749478243102,0,1
704,1.96891094149116,4.95959285051776,2,0,0.507636435498502,0,1
705,0.660846253714346,0.981036283961688,1,1,1.33676723968647,1,1
706,0.588977046310902,1.64449318178734,2,0,-0.0361977208499292,0,0
707,0.878140191727892,2.81610611669952,1,1,0.014302834569235,1,1
708,0.0137781590456143,0.650510465118572,2,0,0.175903649820735,0,1
709,0.135404631677067,0.162088874566709,1,1,0.433140701966234,1,1
710,0.0742383731994778,1.59871439352786,2,0,0.947654719640123,0,1
711,2.06719338926268,2.4912980084058,2,0,-0.624667647173733,0,0
712,0.0178211098536849,2.11459505371749,0,0,-0.951168960967932,0,0
713,0.978144739003495,3.98261958077997,2,1,0.0392410975576027,1,1
714,0.313712495553773,3.01746589399168,2,0,0.235652207915738,0,1
715,0.0921702859341167,2.72225823186202,1,0,1.43254936000998,0,1
716,0.0165613126591779,0.428647476475208,2,1,1.10596870855009,1,1
717,0.347612354202824,0.80733516479304,1,0,-0.0803329471878599,0,0
718,0.465788301762057,3.02445649169385,0,0,0.0402557876838234,0,1
719,0.598116111800986,0.766537117271271,1,1,-0.888296186912305,1,0
720,0.229603555344511,0.346750011174517,2,0,1.24818422953312,0,1
721,0.502561328252364,1.48784172909048,1,0,0.576223969446808,0,1
722,0.0492152309325324,0.708031732776225,2,0,0.0112773824732495,0,1
723,0.205638252373319,3.82609894258673,2,1,0.219343231110036,1,1
724,1.55320421901105,5.74982650366886,2,0,0.983333994890789,0,1
725,1.39108854920177,1.85615839314008,2,1,0.224446668966542,1,1
726,0.827226055526927,0.863957068548039,2,1,0.110187238977484,1,1
727,0.289745525806211,0.744780042963381,2,1,0.143074082942372,1,1
728,0.164283574849833,0.934472218354708,1,0,0.270301975820743,0,1
729,0.496331739170187,1.63614470428883,2,1,-1.76711422182379,1,0
730,1.12462047537633,1.20233122624801,1,1,-0.349661627664233,1,0
731,0.741023099954993,1.19442713937298,2,1,0.935963072424953,1,1
732,0.297525330679491,1.26868028109375,2,0,1.82049346392991,0,1
733,0.187612676527351,0.737438417204649,2,1,2.28301519620815,1,1
734,0.756276461735189,1.13987849404415,0,0,0.762536913407549,0,1
735,0.88182096896626,3.62506585954738,2,0,0.860556245590126,0,1
736,0.686142675086677,1.3048728213956,0,0,0.788341818765286,0,1
737,0.455949968864963,1.61420757185928,2,1,0.0861992644320979,1,1
738,2.53276282354238,5.81929854399769,0,0,-0.0818532070299631,0,0
739,0.143693907884881,0.502203258345025,2,0,1.16084096758592,0,1
740,0.959831223150624,1.44789962559984,2,0,0.0783415702842405,0,1
741,0.517863304029559,0.769664227547287,1,0,0.432725938112732,0,1
742,0.0711130516720004,0.12160824137844,2,1,0.0592971464157358,1,1
743,0.545129369013011,3.92852478765195,2,0,-0.247517944375469,0,0
744,0.322955574665684,2.87898364288214,2,0,0.200267864037849,0,1
745,0.505535096136674,0.911752319581363,1,0,0.172775115642485,0,1
746,0.293790339492261,0.565332094979039,0,0,-0.0727578366336469,0,0
747,0.11374723049812,0.13481172555097,2,1,1.02930708060432,1,1
748,0.45303784166919,0.564103378391684,2,0,0.679804699801934,0,1
749,1.19411961641163,3.96857569828797,2,0,-0.0767407552170455,0,0
750,0.0551471801009029,3.62978780549204,1,0,0.0455065283235853,0,1
751,1.20004429295659,1.21457473064462,0,1,-0.065668735182307,1,0
752,0.0802825195714831,3.85146857058006,2,0,-0.381187792251692,0,0
753,0.222099361009896,1.61315934303299,1,1,-0.894505066835772,1,0
754,0.0977758708536227,0.594816988003602,2,0,0.474986166548495,0,1
755,0.190753626520745,1.79755877937582,1,0,0.411242245634628,0,1
756,0.605996362366721,0.726130128943133,2,1,1.17507842457615,1,1
757,0.0805899151600897,0.47252823288242,0,0,0.67344807751551,0,1
758,1.03643994778395,1.06259312847084,1,0,-1.38065062862509,0,0
759,0.569446230951664,1.15404678270047,1,1,-0.474246345921946,1,0
760,0.202052302658558,1.55053596783533,1,0,-0.673262894918069,0,0
761,1.0327550197892,3.35595144875444,1,1,0.174596432208073,1,1
762,0.163763363872028,0.969184637885323,2,0,0.247321492317214,0,1
763,0.174732159939595,0.327239588867403,0,0,0.805420856511159,0,1
764,0.591302536426594,0.968885081793552,1,0,-1.31738155288261,0,0
765,0.79372132383287,3.97418194760879,0,1,-0.643578562203156,1,0
766,0.310237850062549,0.357993760944459,1,0,-0.322819264161414,0,0
767,0.740684616586015,0.987930912494277,2,1,0.277106053432641,1,1
768,0.0667207909282297,1.15127014908503,2,1,0.18750237684362,1,1
769,0.0436923745090805,0.377025052100244,2,0,1.24621574316377,0,1
770,0.148193686704592,0.531316411095252,1,1,0.0351508667174494,1,1
771,2.00478709294441,3.48682932749544,2,0,-0.149874054547101,0,0
772,0.0273875682614744,0.030620067049444,1,0,0.326776784029819,0,1
773,0.544603692225002,0.652610808423865,1,0,1.9289057158208,0,1
774,0.188253266678657,0.68383489739254,1,1,1.08487182323885,1,1
775,0.385695351287723,0.646993132258647,0,1,0.0381374670279473,1,1
776,0.181376134976745,1.51185102553735,2,1,-0.0339600234018183,1,0
777,0.266648683755193,1.97423517659987,2,1,0.18247203608324,1,1
778,0.410865732787032,6,0,0,-0.461155807779769,0,0
779,0.402901158086024,0.976942372840368,1,1,1.06097445874318,1,1
780,0.0757685275748372,0.323448728117744,1,1,-0.522595717993813,1,0
781,0.122599978298436,0.14400364228892,2,1,0.522046456136243,1,1
782,0.269103873933484,0.49989779148963,1,0,-0.162934968435114,0,0
783,0.328468201623764,1.38105617089446,1,0,0.599272074434584,0,1
784,0.858150032348931,0.934612701107064,1,1,-0.134429835245627,1,0
785,0.144205906253774,0.433770206565667,1,0,0.384339586303584,0,1
786,0.411109441483859,0.587137165104965,1,0,0.30156052465612,0,1
787,0.0332314604893327,1.14059206633737,1,1,-0.860114111033433,1,0
788,0.694590614177287,0.941468289675189,1,1,-0.156067306172854,1,0
789,0.298305385513231,1.78493219717831,2,1,0.193992533429451,1,1
790,0.0631512556820493,2.64525242564019,2,0,0.0673068241809947,0,1
791,0.171935716643929,0.530067454316215,2,0,-0.387473810764735,0,0
792,1.11643493548036,3.23411283837822,2,0,-0.131498841584619,0,0
793,0.501192817644245,0.97407385681395,2,0,0.723814154269534,0,1
794,0.944869698956609,1.00108447405143,1,0,-0.989702665397108,0,0
795,0.225861181388609,0.302174334858285,2,0,0.573850274130519,0,1
796,1.25114088795078,2.60000698047632,2,0,0.135009312034586,0,1
797,0.287539037526585,3.41129292926137,2,0,0.260361866217846,0,1
798,0.879329295276075,3.79477476532622,2,1,-1.30515504322323,1,0
799,0.215754024958201,0.391207009378803,0,0,0.447054690877429,0,1
800,0.206136333581526,2.08832424584528,2,1,0.171691823466938,1,1
801,0.238588136317792,1.52702084818773,1,0,-0.0140255128196792,0,0
802,0.158570714702364,0.227580132117058,2,0,0.823974105629223,0,1
803,0.588044073432684,1.87110430480114,2,0,-0.385090154062286,0,0
804,0.330398757750575,1.12623840745441,1,1,-1.11434892073163,1,0
805,3.00642006454949,3.12370305130515,1,0,-0.340149025822021,0,0
806,0.081309785018675,0.615236543507102,1,1,1.2731013809148,1,1
807,0.203230428451207,1.15330521099167,1,1,0.383957277579708,1,1
808,0.0695008435286582,0.154350140732683,2,0,2.51306093809435,0,1
809,0.440799123246618,3.14630859622116,1,0,-0.204344815457013,0,0
810,0.166148705957751,1.8444420252877,1,0,-0.876893782951118,0,0
811,0.873215385712683,2.00588334450339,2,0,-0.233654953215431,0,0
812,0.0041392759885639,0.392232028411515,1,1,0.65196470387361,1,1
813,0.244955104426481,1.6793776757646,2,0,0.906831431824464,0,1
814,1.47416848533588,1.73301144002012,1,0,0.204176166612441,0,1
815,0.0490694744462277,1.23190117271101,2,0,0.658014445728605,0,1
816,0.2136916134846,0.882175473101428,1,0,-2.06355881457084,0,0
817,0.38441748911282,0.431099783833328,1,1,0.0592397831631629,1,1
818,0.00584027818825489,2.30408345627302,1,0,1.02958988804266,0,1
819,0.488353073825867,0.72375320584434,2,1,0.271596006870502,1,1
820,1.54028126030209,2.14862902120834,2,1,-1.05637744204322,1,0
821,0.67632394656539,3.06248695475316,1,0,-0.465754443690769,0,0
822,0.0420068297535181,0.840774300762849,1,0,-2.02522717574719,0,0
823,0.167676850222051,0.316964936437503,2,0,-2.27503006432968,0,0
824,0.694726560264826,1.3158655537441,1,1,-0.844536761103364,1,0
825,0.277362074249124,1.29834524163912,2,0,-0.0569315039237309,0,0
826,0.457125363728784,0.49639412201941,0,0,0.370415125765596,0,1
827,0.216251446399838,0.825116805111369,0,0,0.58506373991844,0,1
828,0.398856900172748,1.19503151989874,2,1,-1.2768803633594,1,0
829,0.0972470041013947,0.241064435491959,0,1,1.28283460404457,1,1
830,0.0411273440113291,2.19161573849998,2,0,0.976036474262731,0,1
831,0.297794136567973,0.368644415738581,2,0,0.301129230746391,0,1
832,1.28485194034874,2.3460049649531,2,0,-0.956065553934061,0,0
833,0.0476636868552305,1.42621278281339,2,1,0.391405428581177,1,1
834,0.241614791448228,0.554679355277847,1,1,0.0978577602972548,1,1
835,1.18924966547638,1.73558870039359,2,1,-0.490212381088312,1,0
836,0.00764272874221206,1.11314305172819,1,1,0.113269161320109,1,1
837,1.18442097492516,1.77598907932991,2,1,-0.19824295742696,1,0
838,1.16075541172177,1.31349056648711,0,0,-0.0651128727761044,0,0
839,0.291339246323332,2.15599066066236,2,1,1.22263169185507,1,1
840,0.367026735912077,3.60035233732856,2,0,0.4471271405395,0,1
841,0.0357401696965098,0.886844330023043,1,1,-0.570869654108769,1,0
842,0.132053637877107,2.08466239404128,1,0,-0.337450154893953,0,0
843,0.028568722482305,0.809332598689766,1,1,1.0934842393759,1,1
844,0.257742793764919,0.325462389965457,1,0,0.28279699731332,0,1
845,0.0233463427866809,0.494817485556438,1,1,0.1087560022828,1,1
846,0.824715486727655,3.28355286466619,1,1,-1.88617533581586,1,0
847,0.224789148535562,0.527823023750918,1,0,0.42292495840311,0,1
848,0.0884697062429041,2.54880219337451,2,1,0.00191862207544321,1,1
849,0.901976646802962,0.969097637911554,1,1,1.30083744524656,1,1
850,0.245979526869848,0.710239466904494,2,0,0.839916989516217,0,1
851,0.435980397275398,0.590071341827006,2,0,0.845792099815194,0,1
852,0.618516252117053,2.96129341553749,2,0,0.686997650358952,0,1
853,0.2885366382543,0.761835739190144,2,1,0.442577203326246,1,1
854,0.282119284092914,2.38905054622103,2,0,0.297253415520442,0,1
855,0.598879930563271,0.864306864583555,2,0,-1.09623892679944,0,0
856,0.0845952951931395,3.02633554183271,1,1,1.05399165280521,1,1
857,0.613516813583493,1.43214501985501,2,0,1.17728923376058,0,1
858,0.0925908302888274,0.485365654485615,1,1,-1.15930904389697,1,0
859,1.86226550294998,6,0,0,-2.18805130791582,0,0
860,0.22705237288028,0.264848361137491,2,1,-0.0827979807335746,1,0
861,0.55450498405844,1.59491552257143,0,1,-0.561120358177472,1,0
862,0.0775206388789229,0.428241030716442,1,0,0.942284069110903,0,1
863,0.807978687199585,1.72148296876928,2,1,0.295199708029516,1,1
864,0.367994901025668,2.87369807495027,2,1,0.63626039291613,1,1
865,0.0532522130854187,1.42325711837776,1,0,0.911952934865505,0,1
866,0.172125017514875,0.82647971793181,1,0,0.796508409800415,0,1
867,0.0056795792433327,1.18231835191236,1,1,-1.45604762718976,1,0
868,0.203707820910495,1.362689282651,1,1,1.19425435010099,1,1
869,0.00694905465934426,0.362160676713226,1,1,0.299025914785792,1,1
870,0.783393079155877,1.32578070963737,2,0,1.13472853076874,0,1
871,0.388156575208995,0.96681972509695,1,1,0.150274793690178,1,1
872,0.133379415783565,0.906311404255341,1,0,0.190244984134228,0,1
873,0.0870581595227122,0.584481511378169,1,0,-0.0250540275043522,0,0
874,0.329084925178904,5.29939496861704,0,0,0.61583867227808,0,1
875,0.374252631736454,2.6096139779466,2,0,1.34396666021811,0,1
876,0.692308765693389,1.4532580501629,2,0,0.180187737996743,0,1
877,1.20926949102432,1.36628776196526,2,0,-0.00211245412351382,0,0
878,0.76367722705175,0.766371592376185,1,0,0.146353051138334,0,1
879,2.42123064204099,3.05892713061754,0,0,-1.28643615488949,0,0
880,0.485846149359651,1.49886137770523,1,0,1.50609611834412,0,1
881,0.521202775941389,0.723437837485544,1,1,-0.824288213925872,1,0
882,0.17775347980205,1.52375585106353,1,0,0.0898157641329374,0,1
883,0.176750843413174,1.1004334302621,1,1,-0.777337107491684,1,0
884,0.250678558659274,2.86212569308467,2,0,0.462083671554682,0,1
885,0.51439478699752,1.08269818432211,2,1,0.193732895929171,1,1
886,0.353029609657824,0.721118578855103,1,0,-0.696271297555924,0,0
887,0.441094129346311,1.79517606444686,0,0,-0.193627037591872,0,0
888,0.0681819124147296,0.656957365572453,0,0,-1.48701717232451,0,0
889,0.0200614072761256,0.499387830160657,1,0,2.15663679536841,0,1
890,0.181982023932505,0.363687665036328,1,1,0.612517296774872,1,1
891,0.0367249202099629,1.0190207281641,2,1,1.01273161495377,1,1
892,0.491099272854626,1.16804876084782,1,0,-0.865055750718855,0,0
893,0.643711256259362,0.888649160260161,2,0,0.104603622110149,0,1
894,0.305512547194236,0.461036842794038,0,1,0.145250487681306,1,1
895,0.00862975083201786,0.0810767538703649,2,1,1.20644702591519,1,1
896,0.484574954025447,1.06127843824935,1,0,-0.862706548527885,0,0
897,0.0326480626935574,1.13668418135611,2,0,1.06760874357827,0,1
898,0.721865265630186,3.09273810746769,0,0,-0.0307045411345613,0,0
899,0.98267055804743,1.83926480366138,1,0,-0.0300059538781799,0,0
900,0.309427266311222,0.733657018077583,2,1,-0.573069981435079,1,0
901,0.27916583092021,1.2688850282511,1,1,-0.0637522501351251,1,0
902,0.737738164141774,0.774196592779857,1,1,-0.294474457039507,1,0
903,1.09971878305078,2.16434848184387,0,0,-2.03982426638926,0,0
904,1.41735608048312,2.84481589622748,2,1,-1.59278995736339,1,0
905,0.396925948152784,2.00873717432154,2,0,0.59242519823424,0,1
906,0.379482768476009,0.965785845505103,2,0,0.64727408791778,0,1
907,0.157690697748426,0.815143048810601,1,0,0.814338346188416,0,1
908,0.262844674289227,4.39627886863657,2,1,0.109134743202192,1,1
909,1.02027984336019,2.42989547351198,1,0,-0.90798242841208,0,0
910,0.652416007593274,2.51886666848196,0,1,-1.25199295893612,1,0
911,0.436113254955791,1.7709900930652,2,0,1.11171205499872,0,1
912,0.000161876087076962,0.130683606603631,2,0,0.97236376542065,0,1
913,0.99848536420019,1.49823858313992,2,0,1.96773783749121,0,1
914,0.656387254595757,1.48997422618171,0,1,-0.0600057266807637,1,0
915,0.363765659567434,0.611369123481036,2,0,0.96140792585055,0,1
916,0.385421183309518,1.62084384440824,1,1,0.210684081373673,1,1
917,0.0200874394276697,0.458825963238875,0,1,0.0810016698085836,1,1
918,0.0548915057389569,0.583493684564685,2,0,2.21947589024793,0,1
919,0.505975024930638,1.96144746781117,2,0,0.878108123189169,0,1
920,0.453551866365006,0.47384473275554,2,1,1.35173620706533,1,1
921,0.164689708035439,1.53001240144173,0,0,0.642525647307362,0,1
922,4.22281337131686,6,0,0,-0.396036592705392,0,0
923,0.244579387953091,0.748230334903109,2,0,0.0639655052934885,0,1
924,0.85276524708309,0.867177315225932,1,1,0.389963355084873,1,1
925,0.146421297977213,0.295641722183268,0,1,0.00553947217146059,1,1
926,0.665645191885352,0.675961624082314,1,0,0.146605723767503,0,1
927,0.0953437018324621,0.675059820835789,0,0,1.01632309086336,0,1
928,1.31935380042104,1.41371032668363,1,1,1.04659059358117,1,1
929,0.0361864490465334,0.400463450252792,2,1,0.152986133960064,1,1
930,2.01037025068629,2.18915973479549,0,0,0.219444462245268,0,1
931,0.20598972029984,0.679294058900312,1,0,-1.53640329716847,0,0
932,0.0394392926966934,0.157261476192103,2,0,0.434386481393269,0,1
933,1.50717591641153,1.88384536890881,1,0,-0.490251158855942,0,0
934,0.158293999847956,3.77959008974709,2,0,0.190119320528677,0,1
935,0.236941511741241,0.289906696422224,1,1,-0.779450514223582,1,0
936,0.573448676124036,0.943323472513897,1,1,0.488113839648504,1,1
937,0.24412148311967,5.99795433354187,0,0,0.270663373385045,0,1
938,0.000129998464020384,0.817991536587423,2,1,0.169499930175682,1,1
939,0.524337683804333,0.544847790861168,2,0,-0.357803079713526,0,0
940,0.508232539260581,1.43266260196655,1,0,0.680113215234409,0,1
941,0.268832336057355,1.47907014367512,2,1,0.114315266862289,1,1
942,1.06324518520834,3.2169461902231,0,0,0.295813996257842,0,1
943,0.268045399570838,0.993565460312707,2,0,0.855771238393077,0,1
944,0.142019958293531,0.538949854671955,0,1,0.0253350358891328,1,1
945,0.389782388519961,3.10054530884288,1,0,0.0439573677704889,0,1
946,0.0892596881021746,0.609444712516391,2,1,0.635569784344803,1,1
947,2.01918137065115,3.33377157902864,2,0,-0.767101963733204,0,0
948,1.24558652564883,1.48664070916649,1,0,-0.682918615796035,0,0
949,0.0498852884629692,0.490639290148866,2,0,0.89365330617531,0,1
950,0.0816054312283644,1.05279222812549,2,0,0.650460031288399,0,1
951,0.104640770587139,0.655149272382803,1,1,0.28834067575492,1,1
952,2.46977958296704,5.46360721941562,2,0,-0.00562027150991974,0,0
953,0.282245939306449,1.54189524169293,1,1,0.746852136452131,1,1
954,0.327610486128833,1.24762575985977,1,1,0.762500256633261,1,1
955,0.0116937811444292,2.71598739733796,1,0,1.17883182572654,0,1
956,0.372207609761972,0.684665860924458,1,1,0.289080675235049,1,1
957,0.420654498297309,3.54313219276567,0,1,-0.177857734033336,1,0
958,0.66457699958499,0.849760256601144,2,1,0.358469913561908,1,1
959,0.667144297398621,2.85413948959796,2,0,0.562368929292463,0,1
960,0.604553039185703,0.825955342548355,2,0,-0.527838334635118,0,0
961,0.186120634607505,0.930597776163794,2,0,0.346059708639416,0,1
962,0.356000497122295,1.28487593153594,2,0,1.06409135594336,0,1
963,0.970756811089814,1.35875203523071,2,1,-0.229919933341597,1,0
964,0.587030726484954,0.598613397649409,1,0,-1.00329780042034,0,0
965,0.0206267550093988,0.857401993315164,2,1,-0.223977832184537,1,0
966,0.537250390599303,1.55840812137775,2,1,0.614354230631528,1,1
967,0.242854423693176,1.96185900829732,0,0,-0.804558156803131,0,0
968,0.036583173496183,0.672682688946449,1,0,0.423751417633763,0,1
969,0.0800233510075652,1.96792046234787,2,1,-0.453271962908341,1,0
970,0.544786063954234,2.17455852345138,1,1,-0.289048916019335,1,0
971,0.359788500936702,0.711981001656877,1,1,0.549121498029083,1,1
972,0.416015512601007,0.663368069429765,1,0,1.74579272710476,0,1
973,0.0774092215579003,1.03880353338441,2,1,1.20084147148901,1,1
974,0.202244271803251,0.385021849845847,0,0,-1.27760293436857,0,0
975,0.113492575905517,1.02828652602399,2,0,-0.0994511044236304,0,0
976,0.385250929684844,2.05787170444459,2,1,0.232486693083217,1,1
977,0.0644851718097925,5.94642086022961,2,1,-0.0970706367324855,1,0
978,0.412605446366984,1.77554343037843,1,1,-0.0378449137998993,1,0
979,0.0697673360850155,0.152513783248986,2,0,0.605400581010649,0,1
980,0.229737547092315,0.449144698532396,1,1,0.494497733111673,1,1
981,0.0339317758334801,0.370562263068805,0,1,1.18105012212912,1,1
982,0.821222703062751,3.41498439481251,1,0,0.858510865060653,0,1
983,1.32836872525513,1.48184830722477,1,1,-1.63694215130484,1,0
984,0.0627349063870497,0.504682627911227,2,1,1.36746429061128,1,1
985,1.34941161253063,3.71083508837861,2,0,0.33023646289878,0,1
986,0.394932963943655,2.09895651787519,0,0,-0.906440495214149,0,0
987,0.0225794187281281,1.31825675712995,2,0,1.62927022453924,0,1
988,0.394055061973631,0.552779904844749,1,1,-0.0829304750379654,1,0
989,0.502583053800881,1.33272699459921,1,0,-0.487135463595426,0,0
990,0.315461297286674,0.875726791914417,1,0,1.10773491142902,0,1
991,0.724124275121659,0.794772610769927,1,0,0.211681335816321,0,1
992,0.370000851107761,0.594577358197562,2,1,0.873485658977376,1,1
993,0.981354833722415,1.30463910489855,0,1,0.433710123184536,1,1
994,0.167355643030387,0.656606136361515,0,1,1.07428217307159,1,1
995,0.384171575133223,0.508831864207902,2,0,0.59535231024296,0,1
996,0.392938629724085,0.922655112367175,1,1,-0.559582426733227,1,0
997,1.50271671817081,1.96536752463868,0,1,1.36567188148119,1,1
998,0.603694465011358,0.80371513341864,0,1,-0.219470683256041,1,0
999,0.0857522016902209,2.01713059772008,2,1,1.06048798437958,1,1
1000,0.0924242672044784,0.394765038806136,1,1,0.900442951934082,1,1
1001,3.3284645488668,3.65846171019591,2,0,-0.392699642981574,0,0
1002,0.0645800386803435,0.0877837882003431,2,0,0.98107882926332,0,1
1003,0.251550923836036,0.447772677857088,2,1,0.71277586352322,1,1
1004,0.0254244045060346,0.662407859227848,1,1,-0.762119086485881,1,0
1005,0.0182274272665381,1.77774449423199,2,0,-0.341721037909365,0,0
1006,1.04944034590723,1.77699172558884,0,0,0.461962310825453,0,1
1007,0.184797794208862,1.44908699550882,2,1,1.31491079419649,1,1
1008,0.407165733166039,0.902896194363978,1,0,-1.0322139234771,0,0
1009,0.415186290629208,1.00436337691164,0,0,0.145336569056249,0,1
1010,0.620548683192402,0.724580650122121,2,1,1.2637408243626,1,1
1011,0.143487796885893,0.418327506677345,2,0,2.01514305738017,0,1
1012,0.328323092311621,1.04002116626923,1,0,-1.04959918763838,0,0
1013,0.400196038244758,1.38627418449922,1,0,0.747270105889128,0,1
1014,1.83680349207463,2.16115559294327,2,0,-0.302790750439203,0,0
1015,1.07716673798859,1.46253042785423,1,0,-0.888937697741904,0,0
1016,0.612352728468187,0.706823115835218,2,0,0.613772445745583,0,1
1017,0.464865969493985,3.9337868256365,1,1,-0.162285505622584,1,0
1018,0.420398450514767,1.86278390422084,2,0,0.700934272811142,0,1
1019,0.370989687216934,0.603452256328528,1,0,0.758312371345332,0,1
1020,0.146111239856875,1.06290929629415,1,1,0.46900944861645,1,1
1021,0.502083630313188,4.38068998029715,2,0,0.345614037272059,0,1
1022,0.542009351748794,0.852406187024594,1,0,0.142334595785461,0,1
1023,0.483574678676263,1.01479715667665,0,0,0.249591759704235,0,1
1024,0.616305466796316,1.95934616960585,0,0,-0.852248078441251,0,0
1025,0.267926605592947,0.605330306860762,2,0,0.338705842724805,0,1
1026,0.192867138423026,1.43458816444324,2,0,-0.245102066115289,0,0
1027,0.222429198038299,1.32355561885165,2,0,0.0355013608683966,0,1
1028,2.53287718436661,4.43471540536296,2,1,-0.298693291767618,1,0
1029,0.00131427657241473,0.573681592582481,1,1,0.561526706461603,1,1
1030,0.0409195187967271,0.394652122314778,2,0,0.103463527919152,0,1
1031,0.375269261421636,0.37912364410382,2,1,0.703661832087715,1,1
1032,0.120292804203928,0.829498392855985,2,0,1.81088157849799,0,1
1033,0.526215427555144,0.960713839274646,2,1,-0.202221097166346,1,0
1034,0.405700348201208,2.08462419609229,0,0,0.208104264204592,0,1
1035,0.640637201114379,1.14007582864603,2,0,0.599951410371755,0,1
1036,1.25941462576726,1.71122766278661,2,1,0.123402336636686,1,1
1037,1.32232396273448,1.76245896468202,1,0,0.317628090978948,0,1
1038,1.04136243340896,1.91501703994003,1,0,0.581960061079742,0,1
1039,0.670788260150522,2.44119091263333,2,0,0.469242647266294,0,1
1040,0.0948275094902785,0.315806969632295,1,0,-1.33665856374329,0,0
1041,2.24226219012382,2.45134005272599,2,0,-0.653664352932593,0,0
1042,0.773208405563429,3.39054404685311,1,1,2.3075569338996,1,1
1043,0.508601829761794,2.38507399049608,2,0,0.996895937234277,0,1
1044,0.0808021997645097,1.37606751340263,1,1,2.46362390704339,1,1
1045,0.0305942846462131,0.395847102318449,1,1,-1.8375893542045,1,0
1046,0.127342937048525,0.167548927631933,1,0,0.47259414376461,0,1
1047,0.512418854910164,1.54665398902122,1,1,-0.400346995990355,1,0
1048,0.0904482901096344,2.09839251477979,2,1,-0.410051160364962,1,0
1049,0.0418950304867248,0.313243408003675,2,0,0.08951899354259,0,1
1050,0.164169540218309,0.191452536485573,1,0,0.0225678650862995,0,1
1051,0.0792641117071622,0.407317823132543,0,1,0.694294953302786,1,1
1052,1.75528924903812,2.42801974769771,1,0,-1.03794033303933,0,0
1053,0.553565832399049,1.08726302362096,1,0,0.156973991933881,0,1
1054,0.811336423270404,2.51789584150369,2,1,-0.022946272071597,1,0
1055,0.293080112314783,0.531997567599417,2,1,0.925166893031958,1,1
1056,0.144786367997252,0.462771274322832,1,0,0.592208187311991,0,1
1057,0.125579799665094,0.586559392524682,1,1,0.985548374072863,1,1
1058,0.0432446054765023,2.52970826452,2,1,0.348283020678075,1,1
1059,2.25299149743261,2.46053121226491,1,0,-1.16824115308366,0,0
1060,0.298115013574716,0.503760116357615,2,0,0.279269021410151,0,1
1061,0.32545663707424,0.984338670226296,1,1,0.567786216038934,1,1
1062,0.0628900702577084,0.479147410603216,1,1,1.28445698998794,1,1
1063,0.111264244895072,0.338603418227402,2,0,1.17935226778976,0,1
1064,1.70284552863779,2.86889404368897,0,0,-0.513031632887942,0,0
1065,0.198227355722338,0.363754941075429,0,0,1.11003893719816,0,1
1066,0.226747027481906,0.312235113215982,2,0,0.614083020676615,0,1
1067,0.119012051939819,4.79653232165076,2,0,-0.738137931291423,0,0
1068,0.305440337936003,0.783942523404791,1,0,-0.51673345691525,0,0
1069,1.44211926606058,1.61138958608111,0,0,0.756380598409432,0,1
1070,0.0797410584958202,1.50036980397999,0,0,1.47624883524366,0,1
1071,0.380644095712341,0.986940660370408,0,0,0.584308033535384,0,1
1072,0.532114486210048,3.32818230183013,1,1,-0.569166575164617,1,0
1073,0.143793576785841,0.240709142396305,2,1,1.04994827067771,1,1
1074,0.465417602655299,0.568056618000246,1,0,0.931369842274645,0,1
1075,0.45896420806136,3.54937355638812,1,1,-0.553123382395858,1,0
1076,0.231502560782246,0.50615768145012,2,0,0.583378739207177,0,1
1077,0.268235811963677,1.03764039573501,1,1,-1.17065742081872,1,0
1078,1.02197335385477,1.3507770637588,1,1,0.111321580971866,1,1
1079,0.222356497310102,0.729359768262366,2,0,-0.147636542589521,0,0
1080,0.873503771092385,1.25203080489923,2,1,0.664473336288707,1,1
1081,0.368483805214055,0.429708322839383,2,0,1.76644895697578,0,1
1082,0.854998058031134,2.83248491047633,1,1,0.099353012301416,1,1
1083,0.240866781678051,0.851194063362532,2,1,0.430218041439121,1,1
1084,0.0499374931516208,1.00605551185777,1,1,-0.395560428929657,1,0
1085,0.0361360303941183,0.972995730116963,0,0,0.876705890872666,0,1
1086,0.201799294392166,1.25783259976296,1,1,-0.901880558606313,1,0
1087,0.0229439745717949,0.414184875948196,2,1,2.2619343493101,1,1
1088,0.159005664172582,1.05819706219031,2,1,0.511559055197,1,1
1089,0.0696262027486227,0.998283705363671,0,0,0.36849433001526,0,1
1090,1.13209820463659,1.35620790154169,2,1,1.11007439645237,1,1
1091,0.623799458818331,3.28713644276214,2,0,0.945411143070863,0,1
1092,0.132321387666697,1.20986168082417,1,1,0.294645755748455,1,1
1093,0.649568319320679,1.39906115209063,0,0,-0.439745547883493,0,0
1094,0.00939967017620802,3.61479085334608,1,1,-0.6790594775492,1,0
1095,0.184478494920768,0.750083788353301,2,1,1.25360927034034,1,1
1096,0.130714807149184,1.43451980169609,1,1,-0.966782572762885,1,0
1097,0.0215753012665116,0.109446432778965,1,1,0.083235332885715,1,1
1098,0.402683216962032,0.550268731147024,2,1,1.1730569315182,1,1
1099,0.242537487647496,1.9806264531818,2,0,0.458508837799596,0,1
1100,0.329803818312939,1.09605535753434,1,1,1.83046423531812,1,1
1101,0.135525724617764,0.762191427867106,1,0,1.08727165053253,0,1
1102,0.118822675140109,0.47230620612182,1,1,0.198489282999523,1,1
1103,0.0786510192048732,0.403143876372138,1,1,-2.01099286260148,1,0
1104,0.542325731366873,0.714394240745763,2,1,-0.367713634493256,1,0
1105,1.27743696206586,1.75168181697017,2,1,1.04518187791655,1,1
1106,0.725693267860271,1.55157536730051,1,1,0.750116890295053,1,1
1107,0.344604522688314,0.346431691868202,1,1,1.05040380631357,1,1
1108,0.047506193513982,0.554357770980486,2,1,0.916524364860779,1,1
1109,0.00667954504024237,0.16681609571277,2,1,0.258559952506111,1,1
1110,0.154605259394091,1.58927825638016,1,1,0.450718258308979,1,1
1111,1.43929922287152,2.18713044017281,2,1,-0.185562504715638,1,0
1112,0.144002512097359,2.35215361056645,1,0,-0.0787979779056785,0,0
1113,0.54184202351086,1.39509490508589,2,1,-0.429935537274266,1,0
1114,0.285686719580553,2.97265048100952,2,1,0.0357175859179434,1,1
1115,0.760247161611915,0.951841307541528,2,0,-0.153012686530743,0,0
1116,0.159680462688687,0.230014532867813,1,0,0.393959959697419,0,1
1117,0.0967953095096163,0.117851990249676,1,1,0.310390819071777,1,1
1118,0.764773876845658,1.32912398936848,0,0,0.0810764670946155,0,1
1119,0.438191380733442,1.19068136630131,2,1,-0.0277972536273515,1,0
1120,0.254503329284489,0.424271607874513,1,0,-0.0146432686754329,0,0
1121,0.459994122476138,0.670787212692692,2,0,0.120068777849449,0,1
1122,0.489253809407995,0.613098929533008,2,1,1.12605182081129,1,1
1123,0.282013486712752,0.504189630357716,0,0,0.738491954084518,0,1
1124,0.0754198440699838,0.473525466452796,2,0,1.9999025114543,0,1
1125,0.270897859591059,1.343455594033,0,0,0.383445324300483,0,1
1126,1.17270924337208,2.5711974652861,1,1,-0.872626322588956,1,0
1127,0.0692164131247256,0.615364930019388,1,1,-0.804273106858372,1,0
1128,0.318476865941193,0.992552047276657,1,1,0.369199521753223,1,1
1129,0.743002035655081,0.866698708459531,1,0,-1.68952494339517,0,0
1130,0.954739755950868,1.58073220712443,0,0,-1.37506303748488,0,0
1131,0.318541922024451,0.715283791554285,2,0,0.665128150318211,0,1
1132,0.117956825415604,1.78645420536488,2,0,0.433037845296558,0,1
1133,0.151877698663156,3.94630883903618,2,0,1.1946155833317,0,1
1134,0.470054781995714,0.478909643671363,1,0,-1.12192130080326,0,0
1135,0.865876316092908,1.13137231654387,2,0,-0.607421540611036,0,0
1136,0.0126972888842091,0.233371599736305,1,1,0.585785641752473,1,1
1137,0.0670343046309286,0.197462673096847,1,1,-0.941556964365532,1,0
1138,0.134973688400351,0.747602969834921,2,0,0.394832531025949,0,1
1139,0.00668872060487047,0.954140531194295,1,1,0.453624238954601,1,1
1140,0.225181910209358,0.370036703250914,1,1,1.2801956682288,1,1
1141,0.0770437039318494,0.678493124018761,2,1,1.77919166767628,1,1
1142,0.845977264625718,4.17329409522932,2,0,-0.809156037091429,0,0
1143,0.646405466899045,1.42231320555741,1,1,-1.5386981159515,1,0
1144,0.875972795300186,1.14388356429815,1,1,-1.29693235002404,1,0
1145,0.193860113620758,0.556523180017095,1,0,-1.34189458531309,0,0
1146,0.290224641212262,1.79130031134317,2,0,0.932087279010516,0,1
1147,0.256233077670913,0.8001867219735,2,1,0.866860130804699,1,1
1148,0.3792567557593,0.7433823493145,2,0,-0.234280052108387,0,0
1149,0.39651115960574,0.635867729040073,1,1,-0.90570086311657,1,0
1150,0.118637198756915,0.419180258984834,2,0,1.52225646858824,0,1
1151,0.164056306219418,1.58435390650984,2,0,1.63851947628957,0,1
1152,0.122670101664031,0.877401548037665,1,1,-0.742471147917949,1,0
1153,0.0971576693375914,0.452441616651703,1,1,0.144998054299701,1,1
1154,0.27098049147753,2.64485329101384,1,1,0.0816581590634523,1,1
1155,0.218904703564307,0.715513326592668,0,1,1.2542834992364,1,1
1156,0.825965655941338,2.97579433866221,1,0,0.20721009989511,0,1
1157,1.09364771162497,1.89383022120762,2,0,0.661923765439352,0,1
1158,1.45542707868426,1.85090415869298,1,0,0.282814854801149,0,1
1159,0.227673531509936,2.36025833524764,0,1,-0.165699089622126,1,0
1160,0.000458431084735735,1.06692953170218,1,1,1.31754690908535,1,1
1161,0.353242958663031,1.12891407901781,2,0,1.40808459830322,0,1
1162,0.0141970179975033,0.939084660882751,0,1,-0.333848301722738,1,0
1163,0.0324739122879691,3.66385299651462,1,1,0.986105545509529,1,1
1164,0.427936288528144,4.37203199189349,2,1,-0.773037728609741,1,0
1165,0.0592139352357632,0.631485505742953,2,0,-0.113843061146206,0,0
1166,0.672865186817944,2.45461327644686,0,0,-0.331074289208269,0,0
1167,0.358565754722804,0.517675569280982,0,1,0.106691201472769,1,1
1168,0.193382128782105,0.370393716972311,1,1,0.503449329057464,1,1
1169,0.814111173941575,2.39439283062012,2,0,0.206054231110129,0,1
1170,0.0653437188568455,1.15959692714526,1,0,-0.182759908740465,0,0
1171,0.059205521538388,1.21762875183623,1,1,0.379002999226493,1,1
1172,0.815794607624412,3.17150317906674,2,1,-0.308742985673644,1,0
1173,0.48274983554182,0.592545528290551,1,1,-0.656288942232018,1,0
1174,0.997122013749013,2.4198769298205,1,1,0.437506399114919,1,1
1175,0.127293361103081,2.00494064182108,2,0,0.474666007389406,0,1
1176,0.835298846915186,1.39556086311738,0,0,0.650832649450807,0,1
1177,0.222179562842939,3.20023417596526,2,1,0.607028953421308,1,1
1178,0.0702509306616659,0.382164741162593,1,0,0.113867176173713,0,1
1179,0.429539829492569,1.40378281117548,1,1,2.45570157034384,1,1
1180,1.16837879288347,1.86706940785615,2,0,0.711411191025134,0,1
1181,0.178302163258195,0.612273728248206,1,0,-0.680563725059217,0,0
1182,0.0492732887505554,0.139988247979461,1,0,0.238368686583146,0,1
1183,1.17555416300298,3.45071086580866,1,1,0.0151584760485364,1,1
1184,0.488733112070757,2.08266306485833,1,1,-0.363261828643415,1,0
1185,0.577767980284989,1.64340360158638,1,1,-0.489866301246138,1,0
1186,0.386969718639189,0.492631541223545,2,1,-0.147075796888721,1,0
1187,0.890657307574318,1.43213024001561,1,1,-0.200826983662835,1,0
1188,0.322625245078315,1.67970952796397,2,0,0.845360377897323,0,1
1189,2.10788294196802,2.32479184717385,2,0,0.655129170947729,0,1
1190,0.158068796780292,5.89283855351276,2,0,0.646530400101479,0,1
1191,0.132854843306072,0.331456156639409,1,0,-0.786790511092584,0,0
1192,0.318116095848382,0.647465139764463,0,0,-0.246721876061933,0,0
1193,0.398959532321896,1.30450167368699,2,0,0.657004677114342,0,1
1194,0.647985489449566,2.52126141495419,2,0,-0.0101861629617631,0,0
1195,0.254069733200595,0.605384634220254,1,0,0.425251714558693,0,1
1196,0.900441216019556,1.78992088498162,2,0,0.169194400803138,0,1
1197,1.20103197283448,2.47945012319606,2,1,0.758240715951206,1,1
1198,0.18348210665863,0.183848946862977,2,0,1.16984140495006,0,1
1199,0.500342483586061,0.873470858776989,2,0,0.232964564813702,0,1
1200,0.274691538943443,0.982562842140103,2,0,1.79496652065084,0,1
1201,0.0405091943684965,1.1970064169606,0,1,0.952388083156009,1,1
1202,0.0212190617457964,0.0381546708953687,1,1,0.789919873852896,1,1
1203,0.302560982482079,0.361182001648603,2,1,0.461419179513124,1,1
1204,0.833358597566195,0.983843952426684,2,1,2.09884523194806,1,1
1205,0.0367836441728286,0.590231136427184,2,1,1.81328651063404,1,1
1206,0.168065237812698,0.624186716445545,1,0,1.07704773953534,0,1
1207,0.577479534522686,0.684345162288648,1,1,-0.278659810913585,1,0
1208,0.0622864159561971,0.401805024063028,2,0,2.72240669455495,0,1
1209,0.779756073580876,1.80236052520583,2,0,0.897231668009673,0,1
1210,0.383925436763093,3.74784221639184,2,0,1.42436775869493,0,1
1211,0.807713940131299,2.17204962636479,2,1,0.0496161077531711,1,1
1212,0.104503619659226,0.937861497894974,2,0,0.399980778823503,0,1
1213,0.876948338001966,6,0,0,-0.641918128433611,0,0
1214,0.557088149918065,2.42396869453865,2,0,0.180457547386436,0,1
1215,0.0307516332736655,4.87292222665984,2,0,0.200243586681279,0,1
1216,0.0847732659630169,1.13884371019178,1,0,0.784214868020232,0,1
1217,0.333260749466717,0.514127562239163,1,1,0.0932296963677267,1,1
1218,0.112849595607258,1.4949259822473,2,0,0.604392336912379,0,1
1219,0.0428817069072645,0.0835665485195013,1,1,-0.489265642702195,1,0
1220,0.205789174942765,1.02855954231179,1,0,0.758986056720615,0,1
1221,0.13668172468897,0.549333057373182,2,1,1.97956427649295,1,1
1222,0.540859563599162,0.991798967566379,1,1,0.253413158778412,1,1
1223,0.0785372126847506,2.19030331106437,1,0,-0.318690579926464,0,0
1224,1.06697252096755,2.5699795278905,2,1,0.527706630291659,1,1
1225,0.0217787463143193,0.10922560987495,1,1,-0.0210514612065392,1,0
1226,0.103304868389387,1.23658883351575,2,1,0.0649265729636757,1,1
1227,0.308917866204865,0.5060526865376,2,0,0.391166071169214,0,1
1228,0.112434896000195,0.725255696247179,2,1,0.448478613558314,1,1
1229,1.11186305060983,2.50276326827675,2,0,-0.204029247466183,0,0
1230,0.136974037677785,1.17499166478713,0,0,0.154521964539295,0,1
1231,0.168849841691554,1.331726833027,1,1,-0.981982950398356,1,0
1232,0.496927921168327,0.661368968905009,1,1,0.272910665129633,1,1
1233,0.457200506326564,1.82932481580062,2,0,1.06203981349589,0,1
1234,0.0702161494776568,0.768923075199348,1,1,0.412097461532739,1,1
1235,0.180870397016406,0.610837826178304,2,1,1.28427508719873,1,1
1236,0.291467587019906,0.630413262879672,2,0,-0.421396962207923,0,0
1237,0.048024317366071,0.0931043883029616,2,0,1.72824763709404,0,1
1238,0.0876351678541735,2.40114585186044,0,0,-0.253683149635144,0,0
1239,0.152850730850387,2.70246276321511,0,0,0.168291760245423,0,1
1240,0.584031871959388,0.911217536414618,2,0,1.35923884366374,0,1
1241,0.852311340832904,1.23766578805234,1,1,1.19445208091133,1,1
1242,0.173392930300906,0.271629514394255,2,0,0.571007007642154,0,1
1243,0.0503259506368811,0.335447348951791,1,1,-0.94924344682691,1,0
1244,0.212856495345477,0.965871189591329,1,0,1.23838801940578,0,1
1245,1.7036528407274,1.96221516731657,0,0,0.768599790693242,0,1
1246,0.34811121126634,0.505748412646306,1,1,-0.815601031572711,1,0
1247,0.363772325217724,3.8947394240675,1,1,0.472392799468554,1,1
1248,0.110691301534218,1.33395735129603,1,1,1.18318823470265,1,1
1249,0.980767762397429,1.16920446885952,1,1,-0.27739924508281,1,0
1250,0.111280245298811,0.142131280519264,2,1,0.740087931339121,1,1
1251,1.12507317442784,1.96886201521316,2,0,1.88213131100325,0,1
1252,0.510560115799308,1.46673331731276,1,0,-1.27111696233256,0,0
1253,0.0348445842598596,0.101513241728147,0,1,0.0869459877970613,1,1
1254,0.120616567728575,0.531491857323886,2,0,1.94524602804599,0,1
1255,0.458757064088974,1.25303678977638,1,0,-0.885125069488321,0,0
1256,0.0328287780284882,0.0681771122925653,1,0,-0.0524111728022123,0,0
1257,0.14736955586701,1.0741735498309,1,0,0.252107296274045,0,1
1258,0.0206631817446068,2.21596113988731,1,0,-0.150522513099817,0,0
1259,1.61324132808058,2.70288497390781,1,1,0.526521772252822,1,1
1260,0.30531240219716,0.346774204051512,1,0,1.62366679476172,0,1
1261,0.274113463819958,1.5859417416442,1,1,0.916064241176767,1,1
1262,0.290196446720973,0.570639412160269,2,1,0.182869026083699,1,1
1263,0.435695628376499,0.832743266464608,2,1,0.248846929699985,1,1
1264,0.157422694610432,2.83861692894669,2,0,0.831542082138578,0,1
1265,1.08322593028994,2.67878406452715,2,1,0.931749396454364,1,1
1266,0.1286780834198,2.40359121918523,1,1,0.32514176072739,1,1
1267,0.401670187420677,0.602429248233925,2,1,1.38055193334964,1,1
1268,0.572774901986122,2.90407580348359,2,1,-0.871638603862355,1,0
1269,0.564764320001766,1.89720203237722,1,1,-1.37775982546004,1,0
1270,0.715555177276775,1.16812317022856,2,0,2.03305846368267,0,1
1271,0.116061538031458,1.54195228791503,1,0,0.489202692898205,0,1
1272,0.0797390198567882,1.62945454025723,1,1,0.322639358905732,1,1
1273,0.278303195120612,0.522965131736797,2,0,0.463976347690713,0,1
1274,0.169031672058163,0.37944403787454,0,1,0.143087651323084,1,1
1275,0.0809766768361442,1.75569083572893,1,0,0.979572416057499,0,1
1276,1.37819048948586,2.16170494584451,2,0,-0.299233330924794,0,0
1277,0.0710814309422858,0.348569250209061,1,1,3.01934417115934,1,1
1278,0.157146991696209,0.359647172743282,1,1,0.294209586925866,1,1
1279,0.0849474137601864,1.29589954325064,1,0,-0.981423859090281,0,0
1280,0.0788633481432421,0.197835559513396,1,1,0.205994144670209,1,1
1281,0.636285223066807,2.22299260449093,2,1,-0.577719757168468,1,0
1282,0.0539016639813781,0.388857099040464,1,1,-0.764907327102959,1,0
1283,0.299849346629344,0.725380579363531,2,1,0.207774168145816,1,1
1284,1.17549080774188,1.95552201078459,1,1,-1.20734074370252,1,0
1285,0.203169874439482,0.760443826129199,2,1,0.259464818415303,1,1
1286,0.166973155714053,0.368027674182284,1,0,0.622510290502354,0,1
1287,1.61846986218336,1.95099824451383,2,1,-0.00708648366169194,1,0
1288,0.604787949399819,1.72275187532084,1,0,0.278251480258152,0,1
1289,1.1453602751717,4.35564442381783,2,0,-0.950492512941615,0,0
1290,0.374150639108848,0.811709889414565,2,0,0.740533077445528,0,1
1291,0.437079863622785,1.06019537387437,1,1,-0.135072055884575,1,0
1292,0.0517068007103684,1.10223538579018,1,0,-1.06617025538467,0,0
1293,0.969558162406892,1.40085635467763,1,1,1.62845608323278,1,1
1294,0.314045889535919,0.490397254226485,0,0,1.26764818692735,0,1
1295,0.111829510424286,1.41630596878336,1,1,0.456043281389217,1,1
1296,0.224632596655283,0.229438981005311,1,1,0.391604848973123,1,1
1297,0.770458818270646,1.80641054091188,2,0,1.22121163414381,0,1
1298,0.028354405076243,2.13595662537431,2,0,0.139258031990001,0,1
1299,0.166252343042288,0.353934626290149,1,1,0.604867762889328,1,1
1300,4.63376355274581,6,0,1,-0.688471963222217,1,0
1301,0.211434023221955,1.42895679353123,2,1,0.120961964723182,1,1
1302,0.0628730689641088,0.0725094331149075,2,0,0.353774296395547,0,1
1303,0.0335105854901485,0.543150613084435,0,1,0.638714200381241,1,1
1304,0.469058689751484,0.937484555567304,0,1,0.751285015660558,1,1
1305,0.405058018863201,0.729681075881907,1,0,-0.934631261034464,0,0
1306,1.67755044352028,1.8822491231064,0,0,-0.102358849376895,0,0
1307,0.264195988443379,3.25662469056876,1,0,2.43974171195417,0,1
1308,0.0451355355793118,1.57878472780188,0,1,2.00820559383779,1,1
1309,0.36715535182725,1.65998127996633,1,0,0.744449054081759,0,1
1310,0.328941749467049,1.3979126390551,2,1,1.56723056968964,1,1
1311,0.0954349149833433,0.234433193193851,1,1,0.188494710797809,1,1
1312,1.06222122628242,2.51519961341191,2,1,-0.586933834352358,1,0
1313,0.0432004209495221,0.160306838339566,2,0,0.749142329247282,0,1
1314,0.622014725787386,1.15973911661699,2,1,0.764083474573931,1,1
1315,0.505800541114815,0.657792535237404,1,1,1.00096687862756,1,1
1316,0.13893061106502,0.884106467053281,0,0,-0.945873020479874,0,0
1317,0.0777637542341836,1.08459503700336,0,0,0.560670909992281,0,1
1318,0.307097711459318,1.63478721463642,2,0,-0.568514701902772,0,0
1319,0.108840705070179,0.459221831960673,1,1,1.71752766070409,1,1
1320,1.32824795530286,1.8519575688188,2,0,0.0436355567651403,0,1
1321,0.197408916428685,0.447451700025764,1,0,-0.721375857231542,0,0
1322,1.33277375530452,2.60674927291334,2,1,-0.0884726780325135,1,0
1323,0.0564768973160849,3.15923874698609,1,1,0.516175326070001,1,1
1324,0.233523862459921,0.311765990293091,1,1,-0.326894877492256,1,0
1325,0.681649641456835,1.76039552656229,1,0,0.19596146846898,0,1
1326,0.190731466282159,0.911830804610348,2,1,1.60334000626804,1,1
1327,0.595634080469608,1.63753028828664,2,0,-0.0839343541509537,0,0
1328,0.691927749986582,0.710683560484027,2,0,0.143966096114123,0,1
1329,0.0992096564732492,1.45208534486567,2,0,0.941935114146976,0,1
1330,0.390065407380462,2.64061276545187,1,0,-0.596858989665656,0,0
1331,0.183419154200237,0.741563336923718,0,0,0.337021460417069,0,1
1332,0.772064035758376,2.34598230130845,1,1,-0.873664956061287,1,0
1333,1.07455375231802,5.93354290637441,2,0,-1.18879143495977,0,0
1334,0.160507546970621,1.40368452679452,2,1,1.37102239738384,1,1
1335,0.047299365545946,1.31447016874465,2,1,-0.089969301325962,1,0
1336,0.0908307151985355,0.921907834673863,0,0,0.72098814927535,0,1
1337,0.417309848591685,1.35181311049373,1,0,-0.852685018331346,0,0
1338,0.0673312818980776,1.54397932897339,1,0,0.264850505920248,0,1
1339,0.647017882412121,0.723991740345634,2,1,0.974491812831037,1,1
1340,0.286141151154879,1.51121053107218,2,0,1.02239534436703,0,1
1341,0.210897685056715,2.41064152059456,0,1,0.623635471894423,1,1
1342,0.116975885909408,0.344592077286695,2,1,0.701901388994217,1,1
1343,0.227696597576141,0.697688829179299,2,1,1.26456489170129,1,1
1344,0.827773930605272,0.91835457862714,0,0,0.973500224930031,0,1
1345,0.280665817845147,0.886111982787649,0,0,0.279270029559206,0,1
1346,0.238728946487519,0.42919449818631,0,1,-0.83497816399986,1,0
1347,1.75604961989224,2.98087725233177,2,0,-1.28331437906902,0,0
1348,0.774319437888272,1.39815702006734,2,0,0.558884844560148,0,1
1349,0.26826163957594,2.02041567700372,2,1,0.653272742514201,1,1
1350,0.403105785662774,0.686642663463983,2,0,1.22878113323837,0,1
1351,0.211068614718089,0.914466382896644,2,0,0.626142646229476,0,1
1352,0.326695875846781,1.881290698223,1,0,1.07379930503001,0,1
1353,0.24868930876255,0.413822070558073,1,1,-0.296986934391705,1,0
1354,0.75924781381321,0.851064532829208,2,1,0.25576914222864,1,1
1355,0.181513876596,0.711447545105324,1,0,0.152018929122555,0,1
1356,0.111191265750676,1.10273530714069,1,0,1.9473000996579,0,1
1357,0.617877351160019,1.15199742639291,2,0,0.952072852544044,0,1
1358,0.255972933024168,3.74754821175888,1,1,-0.0217301085867473,1,0
1359,0.345387086854316,0.454713007189606,2,1,1.04027567031928,1,1
1360,0.0908333319239318,1.45166473235832,1,1,1.17570967627873,1,1
1361,0.762732652015984,0.890441871717703,2,0,-0.521200060748999,0,0
1362,0.265881793457083,0.578715143225258,2,1,1.33505290225567,1,1
1363,0.282787337491754,0.834856118291849,1,0,0.22293636715905,0,1
1364,0.0248593683484227,0.40819531960182,2,1,0.486962429933471,1,1
1365,1.22831335570663,2.41230734537934,1,0,-0.850435333164078,0,0
1366,0.121562976528099,1.35034059540289,1,0,0.351326919031315,0,1
1367,0.149693860492506,1.91746036635923,1,0,-0.806902085307055,0,0
1368,0.0224970059935004,1.27005764298123,2,1,0.468907668250994,1,1
1369,0.206060597847681,0.987372168562816,2,1,1.34783486547943,1,1
1370,0.0307199436383837,0.164457573442358,2,0,0.375151283603555,0,1
1371,0.126304840669036,3.84758976175855,1,0,-0.911418756236775,0,0
1372,1.16185406799765,1.92777198570266,1,1,1.96476836481953,1,1
1373,0.0494101841468364,0.66886221755657,2,0,1.44288059000884,0,1
1374,0.336274637957104,2.05446643563146,2,1,0.155137447423937,1,1
1375,0.00661021382361622,0.778474843980338,2,1,1.27109944634728,1,1
1376,0.46400614417346,0.743208420694815,1,1,-0.747188892606707,1,0
1377,0.0311504267393334,0.618389530138266,1,1,-1.5140895285329,1,0
1378,0.9111519017663,1.54797643573138,1,1,0.27305599800068,1,1
1379,0.274213228258304,0.81653612665832,0,0,0.623563358968584,0,1
1380,0.607009802037125,1.09448808598336,0,0,-0.36879473550527,0,0
1381,0.44979555820749,1.09860900421514,2,0,1.0899457152492,0,1
1382,0.182553543418407,0.63410347213193,2,0,-0.116825576395058,0,0
1383,0.0968453942914493,0.259702282704185,2,1,0.656278478903839,1,1
1384,0.925766750109117,2.50200377786665,2,0,0.882913688017293,0,1
1385,0.685057670809329,0.779115040642042,1,1,-0.59348002007903,1,0
1386,0.211914581270241,0.834975145015386,2,1,0.58194351533714,1,1
1387,1.33387606125325,1.3858508674317,1,1,-0.168982487810916,1,0
1388,0.289652090492605,3.14337598114288,2,0,-0.357703820953728,0,0
1389,0.390628242865205,2.29061198438037,2,1,-1.17693423435244,1,0
1390,0.56947398558259,2.03571873156111,2,1,-0.248239922137224,1,0
1391,0.342864496342372,1.13157686136758,1,0,0.671126062173304,0,1
1392,0.70092568171379,1.0070897491837,1,1,0.15498454257721,1,1
1393,0.350482705980539,0.486197722435137,1,0,1.1067456537078,0,1
1394,0.0778290247737178,2.29590797521692,2,0,0.848958758495243,0,1
1395,0.184850929654203,3.17585452746683,2,0,1.12942656704472,0,1
1396,0.237387415254489,0.357778580608918,1,0,0.0695662192843557,0,1
1397,0.14449291234182,1.68725087393443,2,0,0.411677004314726,0,1
1398,0.118909520832189,2.08606771588073,1,0,0.266348557815162,0,1
1399,0.254348455928266,0.306414500050934,2,0,0.754524032739992,0,1
1400,1.42623238132757,1.90280446161826,0,0,0.855646030963613,0,1
1401,0.0147617319239182,0.81420385962991,2,0,0.00777555053352813,0,1
1402,0.165299636137206,2.37120945169214,1,1,0.114061782731146,1,1
1403,1.819686146369,2.6780711292762,1,0,-1.58711833467621,0,0
1404,0.341017301543616,0.584924992207664,2,1,1.76605873414698,1,1
1405,0.262740283797029,1.07812731856415,2,0,1.41514522373547,0,1
1406,0.909212484024465,3.89752044652899,0,0,-2.43121889508877,0,0
1407,0.70792279052175,1.60515766601268,2,1,-0.381701990780946,1,0
1408,0.160181192331947,0.628185873826447,2,0,0.902834009242688,0,1
1409,0.16920498944819,2.10999951076945,2,1,-1.18755651721423,1,0
1410,2.23356646821745,2.96850593997615,1,0,0.644405740433851,0,1
1411,0.4653025791049,1.33977056314103,1,1,-0.407402464894997,1,0
1412,0.484026461464174,1.15293981720322,2,0,0.714483250200182,0,1
1413,0.0885219190968201,0.270740896048736,0,1,1.76038034401249,1,1
1414,0.301467902027071,0.762758364408811,1,1,0.760862608388565,1,1
1415,1.05049280432061,1.56674373439991,1,1,1.31706298989445,1,1
1416,0.436380801812567,0.926917001836777,1,1,1.08408945674877,1,1
1417,0.116285957396572,0.588452979848434,1,1,-0.889885234785438,1,0
1418,0.480509446933866,0.707143869501155,1,0,-1.30081103240021,0,0
1419,0.0671402016231501,0.267605667746982,2,1,1.03389111984117,1,1
1420,0.292652636126149,0.864201833266414,1,1,0.975860440061036,1,1
1421,0.349133714626078,2.1033243777764,2,1,0.940956588745263,1,1
1422,2.26605890804692,2.65566154930562,2,0,-0.713022975510678,0,0
1423,1.48328713880763,2.26665015094184,2,0,-0.816452724870896,0,0
1424,0.36608544876799,3.23723180095987,2,0,0.257597221691549,0,1
1425,0.0857884437999546,0.918904230268206,2,1,-0.094310410544349,1,0
1426,0.107809517504861,0.707228871795434,1,0,-1.7539320328699,0,0
1427,0.59387023312566,1.99959242671199,2,1,0.838804158659505,1,1
1428,0.417623144458048,1.32849608010802,1,1,1.22078003223921,1,1
1429,0.192004127602559,1.26949691098659,1,1,1.07093677797699,1,1
1430,0.323418196381111,2.85935301919299,1,1,-0.807875687636768,1,0
1431,0.673106439036139,1.57137708137797,1,0,0.962003982770775,0,1
1432,0.0732365608564578,0.227819007913756,2,0,0.883546506314506,0,1
1433,0.024790532886982,0.829653133564255,1,1,-1.16147207715544,1,0
1434,0.580875970423222,0.66347633867471,1,0,-1.84453722300056,0,0
1435,0.146303081128281,0.583736262635451,1,0,0.720511260331352,0,1
1436,0.79517100061924,0.895005932968889,1,1,0.420960499481691,1,1
1437,0.422446046024561,2.54557848221859,1,1,-0.73881991415188,1,0
1438,0.0361850732588209,3.12034483378132,0,0,0.736072954258278,0,1
1439,0.251414682259178,1.20044353887065,2,0,-0.241185610534202,0,0
1440,0.161727415127564,1.96470372083471,2,0,0.468205342054586,0,1
1441,0.0550596653121513,2.26514718495309,0,1,1.57343582469009,1,1
1442,0.433016792831843,2.56528973889848,0,0,-0.321934676743501,0,0
1443,0.114915732971017,2.83307740154366,0,0,-0.48767136287553,0,0
1444,0.110566091025248,1.19945374274573,0,1,1.41913723139583,1,1
1445,0.0945181687711738,1.47458671817431,1,0,0.810281537384537,0,1
1446,0.187877776625101,0.500358182935756,1,1,0.983337707913659,1,1
1447,0.849022211015046,3.45791666056933,2,1,0.977872319094912,1,1
1448,1.19301912485959,2.4423454477158,2,0,0.93879574600437,0,1
1449,0.352931793054419,0.525779694733519,1,0,-0.575479188195986,0,0
1450,0.65584745638431,0.726864972073455,1,0,-1.35699811091349,0,0
1451,0.991716151125729,1.28570738801162,1,1,-0.501194919679711,1,0
1452,0.130014131136704,0.259542362585524,0,0,0.147848188169389,0,1
1453,0.304823548358399,0.884750407462073,1,1,0.248546226036431,1,1
1454,0.25324222369818,0.992296571669147,1,1,0.505737324059854,1,1
1455,0.201357942152301,1.35849437842489,2,1,1.25462417865492,1,1
1456,0.817676972338751,2.02542184338463,1,1,0.143693028574471,1,1
1457,0.558684196336398,1.46985461314519,0,0,0.399969738219656,0,1
1458,0.124129283734877,2.10278479483147,1,1,0.409100067543527,1,1
1459,0.889233307428854,2.04556326207657,1,1,-0.982378415642453,1,0
1460,0.476319327950478,6,0,0,-1.80292299951648,0,0
1461,0.0976165971951559,3.96535380122562,0,0,0.760497781350944,0,1
1462,0.107103816243277,0.600780580202479,2,1,1.60421222020596,1,1
1463,0.0807527854340151,0.399843480241761,2,0,0.86377196704464,0,1
1464,0.0201936616213061,0.406406722777553,1,1,0.319182579407925,1,1
1465,0.473947651758904,0.813889307545824,1,1,-1.51156922708924,1,0
1466,0.820982306005255,4.84913053399802,2,0,0.314020610921731,0,1
1467,0.539519742967201,2.12730185256677,0,0,-0.598124198779326,0,0
1468,0.0115565024614043,0.73043283695892,1,1,-1.12168218377633,1,0
1469,0.152434100732161,1.83203795608756,2,1,0.962777626304759,1,1
1470,0.0684057979531553,0.9698072600506,1,0,1.17795193002447,0,1
1471,0.489030359868713,0.521991221855084,0,0,0.134181350519047,0,1
1472,0.0202212441782405,0.57996939689781,1,0,1.33449028192666,0,1
1473,1.04515612350334,2.64566804895972,0,0,-1.34555384246307,0,0
1474,0.421373036758563,0.783803227047126,0,1,-0.0454601581278723,1,0
1475,0.19476703077089,0.363326873630285,0,1,0.254922470527032,1,1
1476,0.120239839307033,2.57242029879292,0,1,1.09577704408004,1,1
1477,0.994094856887992,1.24734999922415,0,1,0.44205271038628,1,1
1478,0.301915752934292,3.93839981842334,2,0,0.329149372235589,0,1
1479,0.952888369577502,1.50247259133914,1,1,0.863836513345712,1,1
1480,0.0867377041140571,2.63932016031294,1,0,0.125794248939439,0,1
1481,0.861663224614978,1.99521347854856,2,1,0.275258701867874,1,1
1482,0.00169906242748841,1.25996405210221,1,0,0.71935200412931,0,1
1483,0.0709863420192044,6,0,0,-0.464301117398481,0,0
1484,0.689391376773648,0.996573686927246,2,1,0.48782659853219,1,1
1485,0.550090730513267,2.03130850875118,2,0,0.276541778648346,0,1
1486,1.46671069218757,1.59467578702774,1,0,-0.69273689737477,0,0
1487,0.210714452841785,0.552848965550462,0,1,0.0902212045782135,1,1
1488,1.66180400355699,3.75250373966992,0,0,-1.12006244724199,0,0
1489,0.102538273495156,0.695093235673834,1,0,0.944767525034467,0,1
1490,0.117529864073731,2.10714501275731,2,1,1.65492165547276,1,1
1491,0.0756227056709042,6,0,1,-1.65063442029333,1,0
1492,0.152335728344042,0.527623978753885,0,0,0.449286017089691,0,1
1493,0.0569579418515787,0.349332518288142,2,0,2.66507874922215,0,1
1494,2.23029962145634,2.94715321312348,0,0,0.293081196273525,0,1
1495,0.127841629146133,0.491906019936254,2,1,1.24796984445648,1,1
1496,0.276546077802777,1.70241808602467,2,0,0.555329527553244,0,1
1497,0.0857893013844762,0.107322678358087,2,1,1.73549380106332,1,1
1498,1.46199225789441,1.73711048416442,2,0,0.927109140427357,0,1
1499,1.93082463165781,3.34604168983526,1,0,0.0672557038000824,0,1
1500,0.676603276139407,1.18610877675671,0,1,1.51611409395795,1,1
1501,0.0261777568117708,1.03729160375368,1,1,-0.044528025844476,1,0
1502,1.23281871778296,1.66808554261933,2,1,0.160134977526902,1,1
1503,0.145326151759489,4.95046830864933,0,0,-0.364728072693358,0,0
1504,1.44284788974868,4.05415091634899,1,0,-0.108778931788158,0,0
1505,0.68254606737458,0.877667134388092,2,1,0.751995036457351,1,1
1506,0.863437575727523,1.95699689288934,0,0,1.57798765536332,0,1
1507,1.01016494352371,1.20038650490645,2,0,-0.106974908504105,0,0
1508,1.76094024806263,2.25997043465892,2,0,-0.701798350075702,0,0
1509,1.09133901912719,2.34186600438041,2,1,-0.0685745556515041,1,0
1510,0.338566857390106,0.536484237284319,1,1,-0.937656411019711,1,0
1511,0.0582268958179784,0.941823275811431,2,0,-0.807921952693597,0,0
1512,0.141167332767509,0.73453271288285,2,0,0.533740154087016,0,1
1513,0.00999648094875738,0.494262614609335,2,0,0.424451569354542,0,1
1514,0.285949538928083,1.18222950864499,1,0,-0.641620989794751,0,0
1515,0.193925501371268,0.269959962962568,2,0,3.01693369451271,0,1
1516,0.537925379544194,1.80032812679807,0,1,0.0841518241763309,1,1
1517,0.214182589843404,0.250437952821408,2,1,0.15960699953541,1,1
1518,0.139590372855309,0.592791654387305,1,1,0.132402772899543,1,1
1519,0.312236965633929,1.43787013193958,1,0,-2.29709106279245,0,0
1520,1.12773513998242,3.58686409209825,2,0,1.12992062603958,0,1
1521,0.00311890918566862,0.270149471859137,0,0,0.150957180369807,0,1
1522,0.399912502616644,0.618914505466819,0,1,0.821543877495365,1,1
1523,0.250014150872075,0.876250644427103,1,0,0.42922812805927,0,1
1524,1.11750439461321,2.25773235282489,2,0,-1.71194246167502,0,0
1525,0.458423185702654,0.982849203360831,2,1,-0.441297916679918,1,0
1526,0.746661025099456,1.56714692674099,2,1,-0.067796014014164,1,0
1527,0.0604032841511071,1.11532638709363,2,0,1.13012591815473,0,1
1528,0.469442629255354,2.38573173631703,2,1,-0.327917288081462,1,0
1529,0.301352787063376,0.45701484038793,2,1,-0.547563917417434,1,0
1530,0.24816521839297,6,0,0,-0.263621952306691,0,0
1531,0.0272474418704016,1.619955952018,2,0,0.465622280771571,0,1
1532,1.32066179253161,1.3223684230897,2,1,-0.0187358670354783,1,0
1533,0.0969455114682205,1.06002083116027,2,1,1.02296532565127,1,1
1534,0.0233041896717623,0.0714933283766422,2,1,1.42376316412566,1,1
1535,0.682309188357609,1.71905901505113,1,1,0.375430613198443,1,1
1536,0.415831248275936,1.59146307225684,2,0,-0.325291953015152,0,0
1537,0.455968520810649,1.60032430960984,2,0,0.00426193976360423,0,1
1538,0.210330211557448,0.57292322588524,1,0,-1.33777724729596,0,0
1539,0.0599634656005162,0.621569877562321,1,1,-0.810798287548389,1,0
1540,0.24412993460482,1.36711556875762,2,0,-0.133100708628132,0,0
1541,0.0477380837056024,2.68891807906202,0,0,1.59702945580949,0,1
1542,0.0966053429251321,0.828410534009446,2,0,1.65190077211975,0,1
1543,0.0630574076785706,0.496868486441421,2,0,0.730707937291788,0,1
1544,0.0360010867446136,0.596850567329651,0,0,1.59438189224708,0,1
1545,0.778119423749678,4.54688464643873,2,1,0.195083873381197,1,1
1546,0.219220758008305,0.695741884652516,1,0,0.279784821932482,0,1
1547,0.243952499639034,0.482367024954256,2,0,0.523169046271709,0,1
1548,4.14381971565967,4.24754400115317,2,0,-0.862579148333498,0,0
1549,0.553224762414759,0.625340907638781,1,1,-1.04564555246511,1,0
1550,0.0981432794007691,0.532853022838632,0,1,-1.31208308432172,1,0
1551,5.14838149000831,5.73661892630015,2,1,-1.24776143575929,1,0
1552,0.23684788873652,0.472726185220905,0,0,1.9773631399829,0,1
1553,0.399509486160241,1.31177026707501,0,1,0.8958133958069,1,1
1554,0.12946013972396,0.210159495828129,2,1,0.437250690385703,1,1
1555,0.257923777389806,0.418293362160584,0,1,0.428838702753167,1,1
1556,0.163713131623808,0.557032541892441,0,1,0.0790848352762603,1,1
1557,0.430914110911544,1.11543141097548,2,1,1.54021355769763,1,1
1558,0.0322216731728986,0.809646919369698,0,0,1.46541206146222,0,1
1559,1.67065413101556,2.00511841122558,2,1,-0.16326488985122,1,0
1560,0.138250092044473,0.441842556372202,1,1,-1.23650225826955,1,0
1561,0.176267073491005,1.14157488520572,0,0,0.355002684215709,0,1
1562,0.164818752673455,0.365266489646473,1,0,0.310708525431705,0,1
1563,0.0595014773485463,0.165941911884065,2,0,0.98976818996982,0,1
1564,0.540791724530506,0.991695299095613,1,1,0.924893768664866,1,1
1565,0.310072410211433,0.369393441265669,1,0,0.887614511765811,0,1
1566,0.461487071272083,0.776172833547532,1,1,-1.27781193522408,1,0
1567,0.723081715628883,2.07629214883189,2,1,0.401562566476354,1,1
1568,0.425503109581769,0.69617564687257,0,1,-0.569915660042575,1,0
1569,0.0303645638887404,2.01228442095752,2,0,-1.47429440214339,0,0
1570,0.0155370272696018,1.91227482732564,2,0,-0.58629104753889,0,0
1571,0.160032255516853,0.936751171582325,2,0,1.42222381633826,0,1
1572,0.0686142928316258,0.276768689876458,1,1,0.289403833376784,1,1
1573,0.293517856463618,0.499996339705329,1,0,-0.393971322454028,0,0
1574,0.0203732037334703,0.681207918056705,2,1,1.48944187548754,1,1
1575,0.472735858612515,0.630937910569373,0,1,0.602296725665714,1,1
1576,0.0872160588888065,0.394346389832943,2,1,1.6191922955806,1,1
1577,0.345985195025721,1.57567622379675,1,1,-0.950593753338947,1,0
1578,0.0125764444237575,0.186657896773868,1,0,0.0174524828473606,0,1
1579,0.675229259766638,0.936998124256939,1,0,-0.994905600804671,0,0
1580,0.0106840012423489,0.182244411359231,0,1,0.0269947865541034,1,1
1581,0.487242108210921,0.553199750854819,2,0,-0.466036986583863,0,0
1582,0.41851934947772,0.866840347708641,2,1,0.347106119515179,1,1
1583,0.194536295894068,0.748477693824886,2,1,0.610674129164584,1,1
1584,0.657984800028436,0.749240222158732,2,0,1.10280193240821,0,1
1585,1.22985758259892,1.88820214740705,1,0,-1.21708156014853,0,0
1586,0.422368973959237,1.40079219761527,2,1,0.903311855373741,1,1
1587,0.283101660315879,1.68923116023875,2,0,1.36831285861628,0,1
1588,3.19703302345408,5.00981454277741,0,0,-0.339070964302495,0,0
1589,0.0551323688705452,0.0681533096665751,2,1,1.57567271153963,1,1
1590,0.615780954222947,0.937052472147756,1,1,2.65861056915582,1,1
1591,3.33549788190057,3.55960268539743,1,0,-0.854823626080547,0,0
1592,0.00894525088369846,1.30534923973815,1,0,2.24448477431073,0,1
1593,0.491637724600247,0.827903098983685,1,1,-1.43669254797861,1,0
1594,0.557732485441312,0.709524827246869,2,0,1.3531106958468,0,1
1595,0.00468064652523026,2.08598821903992,1,1,0.203129869337693,1,1
1596,0.251193901931401,1.14573035356131,2,0,0.734555352885937,0,1
1597,0.0854914364754222,0.978660714241964,1,0,0.742250625446209,0,1
1598,0.220733623646615,4.10652741789818,0,0,0.36791033200181,0,1
1599,0.212900033802725,0.311414759795357,1,1,0.616986861309024,1,1
1600,0.255350577224119,0.285278722938655,1,1,0.821174428842413,1,1
1601,0.362972792144854,1.03165187554437,1,1,-1.69784157019224,1,0
1602,0.134123784082476,0.76909222381662,1,1,0.803702626950752,1,1
1603,0.45783106817101,0.608467301180846,2,1,0.664849571911097,1,1
1604,0.494142938890566,0.740353467609325,1,1,0.226692926728442,1,1
1605,0.00273586085158599,1.49244627604882,0,1,1.24009188192109,1,1
1606,0.0651817216228437,0.540951918810606,0,1,-0.364569812966276,1,0
1607,1.08052215632051,1.08474981486627,2,1,-0.632606526347255,1,0
1608,0.175058618382209,0.903725671572377,0,0,-0.0623876342549616,0,0
1609,1.39415107286515,1.49021470479897,2,0,-0.982158586534369,0,0
1610,1.24510068818927,1.97317244906377,1,0,-0.302336192327656,0,0
1611,0.900628612091407,1.32537366867733,1,1,1.12140921494204,1,1
1612,0.138163406684354,0.634045246207018,1,0,-0.269105000725125,0,0
1613,0.490043650582512,0.748651598890622,0,0,1.497569175999,0,1
1614,0.177208134846296,0.185048990092704,2,0,2.82756450435638,0,1
1615,1.8879667277539,6,0,0,-0.976708507357725,0,0
1616,0.234042618082652,0.797877443715721,0,0,-0.421636544339317,0,0
1617,0.233813684431026,0.388361292255731,2,1,-0.318305322415398,1,0
1618,0.28299254772719,0.891437046922734,1,0,2.67427371966972,0,1
1619,0.183670033002272,1.66975114265522,1,1,1.54715068099415,1,1
1620,0.391215030103922,2.39624550635609,2,0,1.51725314437753,0,1
1621,0.469052909536837,0.488316943984445,1,1,1.62962124793646,1,1
1622,1.42275954402032,1.71547084023354,1,0,-2.84680481076339,0,0
1623,1.18036280031653,2.24293802146859,2,0,0.53975747740795,0,1
1624,0.207242777677444,1.74784501084674,1,1,-0.753098599220137,1,0
1625,0.0119954344977302,0.104443441482288,2,1,0.664212601820802,1,1
1626,0.0373042630963027,1.61131994786065,1,0,0.447387390426,0,1
1627,0.0585143122589216,2.34836235807772,2,0,0.185785124679519,0,1
1628,1.57590605659916,1.88689405477492,2,1,0.61107297826148,1,1
1629,0.418566150817816,2.11084583393147,2,1,-0.907553296661504,1,0
1630,0.521095475456652,0.738671607466253,1,1,0.21536178644834,1,1
1631,0.145703031157609,1.45793780972889,2,1,1.25991272645502,1,1
1632,0.315532861568499,2.33627710630503,1,0,1.87787283575295,0,1
1633,0.914529840176568,2.31932088361886,1,1,0.16894612220495,1,1
1634,0.615473866462708,0.645551449279181,1,1,-0.989554700375294,1,0
1635,0.784143831671037,1.26134305374215,1,1,1.47424634149253,1,1
1636,0.149042646158337,0.436639478287418,1,1,0.906789916459174,1,1
1637,0.662396038544972,0.86421848502906,1,0,1.52332987998917,0,1
1638,0.0968973059207201,0.176884542503739,2,0,1.92794822157528,0,1
1639,0.154571779464628,0.227275279100306,1,1,-0.957853354136293,1,0
1640,0.720527250060633,1.41887665681484,1,1,0.485208551464876,1,1
1641,0.19295563804917,0.782827092334628,0,0,1.12574247445656,0,1
1642,0.0170709009398706,0.0243938484173827,1,1,0.116528585533574,1,1
1643,0.214534927457684,0.643524495267574,1,1,-0.600169653834755,1,0
1644,0.160045205322255,0.405368995574966,1,1,-1.4011870777581,1,0
1645,0.221620896772947,1.3785780495282,2,0,0.235991610944486,0,1
1646,0.0310765433444232,0.0912710030873617,0,1,0.203511969577339,1,1
1647,0.0695263885427266,0.138938600628879,2,1,0.175952684581749,1,1
1648,1.25761629659088,3.26534460126161,2,0,2.14053024570484,0,1
1649,0.471266234500155,0.941552854020422,1,1,1.0162248742334,1,1
1650,0.203294781036675,0.974064470233423,1,0,-0.0196629860252973,0,0
1651,0.381829837337136,0.50715307242569,1,1,-1.57347157312144,1,0
1652,0.65229815710336,1.46498836028952,1,1,-0.0289740942061946,1,0
1653,0.474490994988124,1.17738457139994,2,1,0.263084179715816,1,1
1654,1.80622836939039,3.71498005379182,1,1,-1.28474487353214,1,0
1655,0.130901845172048,1.2462004115249,1,1,-0.31641415371411,1,0
1656,0.5525873851467,1.79946853158375,0,1,0.504976942958043,1,1
1657,0.175236528739333,0.550653603948888,2,0,0.021422239009805,0,1
1658,0.00892588781425729,0.480366332130248,1,0,0.639018832717859,0,1
1659,0.213910590391606,0.587452353658285,1,1,0.371922288845914,1,1
1660,0.165454734524246,0.285049412865265,2,0,1.00125589641887,0,1
1661,0.170174924714956,0.643604243780057,1,1,0.4798137355891,1,1
1662,1.51403148301451,3.30558991174693,2,0,0.836007424524043,0,1
1663,1.77125864281299,3.7060353718698,0,1,-1.41126607100482,1,0
1664,0.576244017109275,1.27204211374285,1,1,-2.06244984683404,1,0
1665,0.466715248533217,0.839458076904217,0,0,0.224653657448267,0,1
1666,0.525540832430124,0.540018697138536,1,1,-1.27508685744977,1,0
1667,0.421040990331676,0.446031128323006,2,1,1.11401795148305,1,1
1668,0.0513965788952558,1.13303559014425,1,1,0.0502598396046336,1,1
1669,0.94410046748817,2.25490032341168,1,0,-1.04773856166472,0,0
1670,0.236446271301247,0.477577226523924,1,1,1.93530884421662,1,1
1671,0.0621257089823261,0.588067175224611,1,0,0.216867485559576,0,1
1672,0.239989818083793,0.512013251610273,1,0,-0.527584711814381,0,0
1673,0.715626739676118,1.02039451805507,1,1,-0.579896880244307,1,0
1674,1.10833318549545,1.38920548735703,1,1,0.143324008432063,1,1
1675,0.0947089266264811,0.152685393762541,1,1,0.183971859055438,1,1
1676,0.482152148373095,1.15718155057255,1,1,1.16207785327437,1,1
1677,1.53372495604081,3.95301868508904,1,0,2.47329729370451,0,1
1678,0.236975028083399,0.409925829793348,1,0,0.116670981705518,0,1
1679,0.592069515958428,2.03915667004447,1,1,-0.279004244667451,1,0
1680,0.218140152865089,1.54009825920164,2,1,0.174186359920795,1,1
1681,0.00406248215585947,0.356097876138387,1,1,-1.56399197130971,1,0
1682,0.547316812131235,3.35287804266755,1,1,0.534284591071064,1,1
1683,0.407562147011049,0.774289888019363,0,0,0.39741553596137,0,1
1684,0.419078249542508,0.69899072473376,2,1,1.31802546528838,1,1
1685,0.146074529828886,1.42707372042059,2,0,-0.204952987765445,0,0
1686,0.333907058462501,0.833901837068075,1,0,-0.974076941019219,0,0
1687,0.353158610523678,0.677039203565805,1,1,0.791608925067292,1,1
1688,0.583941946737468,1.08487095803436,1,1,-1.16400127805424,1,0
1689,1.77106197748838,3.92856363537395,2,1,-0.456688132750305,1,0
1690,0.0537006483508865,0.0767499526075492,2,0,-1.111222548909,0,0
1691,0.169263399729971,0.735249459331455,2,1,2.57532660491392,1,1
1692,1.19828339428046,1.35865007949612,1,0,1.6870200178592,0,1
1693,0.0700522784609348,2.22878302757939,0,0,0.909313884460822,0,1
1694,0.805150566077683,0.996219788955781,2,1,1.03501975424002,1,1
1695,0.706415902796954,1.6761014449991,1,1,0.656777403981463,1,1
1696,0.455214016346234,2.06570520686489,2,1,-0.933850070054896,1,0
1697,0.374433750403114,2.864419724923,2,0,1.12035834678128,0,1
1698,0.75711289650929,1.76837731373422,1,1,0.675509136013445,1,1
1699,0.028789758682251,0.096462435343588,2,1,-0.606640779303718,1,0
1700,0.035697041954811,0.229098092143734,0,1,1.61319792048417,1,1
1701,0.0862274100654759,1.54610013278822,0,1,0.127506627526496,1,1
1702,0.353219121694565,1.7432685724716,1,1,-0.0316282689346868,1,0
1703,0.116330014275771,0.869758553960469,1,1,0.134207619771991,1,1
1704,0.0617192887415978,0.128908618454529,1,1,0.00596493115107717,1,1
1705,0.469027791172456,1.20960765955629,1,0,-0.271531364545386,0,0
1706,0.493077390684568,2.82322843972475,2,1,0.261418065560654,1,1
1707,0.183154740750722,1.49649737800455,2,1,0.976327990848375,1,1
1708,0.0220008877980886,2.95141675227529,2,0,0.0450066008252443,0,1
1709,0.183156471466646,0.25985351352533,1,0,0.0399576874557331,0,1
1710,0.0953053715992654,1.11496433626724,2,0,0.850538030767304,0,1
1711,0.280432912404649,0.370047610590915,1,1,1.10327320631856,1,1
1712,0.300430080387741,1.20675791365405,0,0,1.4033008957413,0,1
1713,0.584661895382971,2.16489113423733,1,1,0.199905584608587,1,1
1714,0.260777134681121,0.297948236677786,2,0,1.71343289328014,0,1
1715,0.413440945267212,0.90211460926462,2,1,0.806162648043216,1,1
1716,0.32334498653654,0.722220034366838,2,0,1.28337928051866,0,1
1717,0.0866949156624885,1.81798007620522,2,0,0.0174063179791179,0,1
1718,2.14450435332003,5.72448491945949,2,0,-0.815799066690748,0,0
1719,0.0536678065009416,0.642947589384813,1,1,0.412639212474462,1,1
1720,0.294811817293521,0.605627635224291,2,1,1.79048872360198,1,1
1721,0.283441727980971,1.89124305572997,1,1,-0.278298885537988,1,0
1722,0.130446847528219,0.405506854929209,2,1,-0.00166151481635872,1,0
1723,1.07481014728546,2.13178480674477,2,1,-0.127991722779342,1,0
1724,1.26288040727377,3.46169852181152,1,0,-1.18700686951682,0,0
1725,0.410757861100137,0.596937551104295,0,1,-0.34199002479182,1,0
1726,0.460594738650521,1.93225332095894,2,0,0.829336664366369,0,1
1727,0.343445580510888,0.785948286920935,2,1,0.981019055782099,1,1
1728,0.0194525808891747,0.701698077008206,2,0,-0.811350836090185,0,0
1729,2.22185781446414,2.55510727281798,2,1,0.416130647767041,1,1
1730,0.0675082701491192,0.321546360121391,2,0,0.480071460577748,0,1
1731,0.435542305857901,4.0700828697894,2,0,0.388903871727646,0,1
1732,2.00693339061961,2.33682552481316,1,1,-1.74289029050538,1,0
1733,2.15612831515002,2.48739789807952,1,1,0.769576320117487,1,1
1734,0.287960232594132,0.830455198737642,1,1,0.591332186642834,1,1
1735,0.359936643508263,1.92303748362318,1,1,0.081125557311769,1,1
1736,0.256585881924237,1.11283469395514,2,0,0.354038250243966,0,1
1737,0.178182832314633,0.921462699123333,1,1,0.0600133090369912,1,1
1738,3.0141176089415,3.75883370691166,2,0,-0.152492769890733,0,0
1739,0.118994405202102,2.46248493743901,2,0,0.71668913103038,0,1
1740,2.54447136810961,4.42318348439536,2,0,-0.35703990577223,0,0
1741,1.59709780352695,1.83271847497601,2,0,0.876312485021118,0,1
1742,0.297101112082601,0.873658521063874,1,1,0.371654386936365,1,1
1743,0.126039555761963,2.61202791961808,2,1,0.433538784241953,1,1
1744,1.00233003841119,3.2640673515969,2,0,0.876680132070617,0,1
1745,1.11340044997633,4.80088280486788,2,0,-0.655556747472508,0,0
1746,0.292539460229319,3.03773546144602,2,0,-0.521815611945704,0,0
1747,0.333760163176834,0.997333177829468,2,0,1.96157154881766,0,1
1748,0.713445855627589,0.714190588893703,1,0,1.07782080364725,0,1
1749,0.879933404736221,1.19527075129251,0,0,-1.41254307991942,0,0
1750,1.97467174000087,2.76750312435882,2,1,-1.03259915162598,1,0
1751,0.598568310352795,0.726507828769847,1,0,0.517048306530935,0,1
1752,1.04950502421707,2.15954485192926,1,0,-1.08171507736403,0,0
1753,0.22730020689778,0.674306818315144,1,1,0.490588471506989,1,1
1754,0.536915653385222,2.10405978030283,1,1,-0.467139353363398,1,0
1755,0.0642644748707625,0.32819570250426,2,0,1.27956866263306,0,1
1756,0.179348588862922,0.37696838375011,1,1,1.10920586636831,1,1
1757,0.719901163281515,1.06637012707737,2,0,0.365256165687839,0,1
1758,0.610969224605762,3.64854251344999,0,0,1.18080620254351,0,1
1759,0.184872540412471,4.52865105148034,1,0,1.16416708734707,0,1
1760,0.0607260182732716,0.243101537953145,2,1,1.75533145976639,1,1
1761,0.380956852650261,0.83506566416129,1,1,-0.147557665763289,1,0
1762,0.306437464605551,0.930731164521532,2,1,1.01651240480368,1,1
1763,0.436345184088358,1.2236884767997,2,0,0.590167121416519,0,1
1764,0.0435118232218309,0.252983488738552,1,1,2.2666539018753,1,1
1765,0.710115675135662,1.76550797762288,1,1,0.0790478564929155,1,1
1766,1.23497641272843,4.68556759608356,1,0,-0.225845272450378,0,0
1767,0.350570033187978,0.352413642201446,2,1,0.175477064115449,1,1
1768,0.163391410605982,0.242549483552893,1,1,0.437319951998896,1,1
1769,0.232893901877105,1.39070530814918,0,0,-0.801790473753866,0,0
1770,1.12261840719135,1.27949229234042,2,0,1.32101222187231,0,1
1771,0.285662092792336,0.621272788743967,1,1,0.915521010745222,1,1
1772,0.142111684835982,0.366258860760868,1,1,1.52867231190965,1,1
1773,0.160430061805528,0.921187754844902,2,1,0.040356491734506,1,1
1774,0.253247199289035,0.886162813643762,1,1,0.0764251894378498,1,1
1775,0.0621796064660884,1.08673024184451,1,1,0.0132325193142935,1,1
1776,0.235810689628124,0.286202196857684,1,0,-2.91119911164951,0,0
1777,0.630464560791671,6,0,0,0.318232329882771,0,1
1778,1.00851376607583,4.60603604714076,0,1,-0.908449425634131,1,0
1779,0.0765146777848713,0.922204857633426,2,1,1.78542771100719,1,1
1780,0.0148869748227298,0.589349216914841,1,0,0.369020126782965,0,1
1781,0.204444102607692,0.323092605580254,1,1,1.66593202178146,1,1
1782,0.143463418935426,0.474401520740523,1,1,0.0185753610044879,1,1
1783,0.68264686790929,0.793844168001796,2,1,0.778713384874603,1,1
1784,0.0049516060971655,0.235816713223719,2,0,0.739565506218019,0,1
1785,0.696437578272827,2.28086802266562,1,0,1.37126258284803,0,1
1786,0.0850629282649606,0.288299359228596,1,1,0.344331907662809,1,1
1787,0.316683116252534,0.819835810147986,1,0,0.344613689173607,0,1
1788,0.0998132844777661,4.33911033487804,1,0,0.57223391935988,0,1
1789,0.0824405830353498,2.11229817872565,1,1,-0.0450331189196061,1,0
1790,0.750885204412043,1.4865089854121,1,1,-0.0823340731367749,1,0
1791,0.155209276057459,0.71410871136041,1,0,-0.343317148901303,0,0
1792,0.49735276200111,0.852714042060073,1,1,0.447797979207827,1,1
1793,0.0673074391670525,2.97789544068003,2,0,0.150490518270317,0,1
1794,1.47870655538964,2.89037903141165,2,0,0.0127020578605472,0,1
1795,0.330541999079287,2.07173483490965,1,0,-0.0337786723895204,0,0
1796,0.0603575794957578,1.98266640443673,2,0,0.157315265156121,0,1
1797,1.61208703756838,1.93385189181271,1,0,1.5752393977837,0,1
1798,0.0230292636935785,0.45201317453202,2,1,1.89102980036105,1,1
1799,0.275575453415513,0.837777659540982,1,1,-1.02373812576536,1,0
1800,1.46528650882228,3.41323108255412,2,0,0.263804501427043,0,1
1801,1.79019955149056,2.50299271579389,2,0,-0.932639689632434,0,0
1802,0.475469867270495,1.25723156411761,2,1,0.535832591876746,1,1
1803,0.00729196617612615,0.40900488796456,1,1,0.11931268345807,1,1
1804,0.143865755521965,0.518514420885892,2,1,0.743170154431637,1,1
1805,0.00566668902839271,1.29385384110113,0,1,-0.6482712744734,1,0
1806,0.872910824784652,1.22845642403113,0,0,0.391141957634745,0,1
1807,0.40940757986391,0.721643229320744,2,0,1.71238005173743,0,1
1808,0.512961846277767,0.597386695948961,1,1,1.02106616708583,1,1
1809,0.0679235924035311,0.376379958111524,1,0,-0.568504619694583,0,0
1810,0.190171328722499,2.25494203302724,2,1,0.324750602679984,1,1
1811,0.452198520043686,1.05862584563076,1,1,1.07292705302934,1,1
1812,0.0417690437736842,2.30627486842387,1,0,0.217296327059908,0,1
1813,0.327452388454139,2.63894831594323,2,1,0.809982114578321,1,1
1814,0.0153239369392395,1.66636242062235,1,0,-0.499251099239274,0,0
1815,1.09346326551737,1.71437168872628,2,0,1.70808363005876,0,1
1816,0.669846780598164,1.36215174132089,2,1,-0.404133104803019,1,0
1817,0.199835162758361,1.34617713280022,0,1,0.378372499662998,1,1
1818,0.123611597809941,0.292281330886064,1,1,1.08965139484431,1,1
1819,2.55695260121467,5.07198655940465,1,0,-0.519025863814824,0,0
1820,0.444609703819089,1.50404758357988,1,1,1.26019296349065,1,1
1821,0.582111094819203,0.856357391606467,2,1,1.05168476318271,1,1
1822,0.76281771410425,2.39125454895086,1,0,1.21334357177523,0,1
1823,0.10850250682241,0.378356395677172,1,1,0.0863531655597395,1,1
1824,0.323470558796544,1.70001770276194,2,0,0.851221473395112,0,1
1825,0.24537103343755,3.6091567146669,2,0,-0.136120760196303,0,0
1826,1.07646151632071,1.25687885556226,1,1,-2.04461047596425,1,0
1827,0.0790430664774936,0.946155191569634,2,1,1.10114123584788,1,1
1828,0.15563241118798,1.19835646202167,0,0,0.311645337013085,0,1
1829,0.273516847519204,0.426466881077394,2,1,2.37979736750873,1,1
1830,0.170830255019932,0.359677069043412,2,1,2.28460281444704,1,1
1831,0.0492649450533906,0.192395744477636,1,1,0.166285508721783,1,1
1832,0.150673899958082,0.257737865424249,1,0,-0.780460448830715,0,0
1833,0.120408651418984,2.82697862834411,2,0,0.521565895271597,0,1
1834,0.0609559649601579,0.386104699763841,1,1,-0.0114041974687872,1,0
1835,0.212471271254951,1.02307018513481,0,0,0.357731260320935,0,1
1836,0.216057691802389,0.828092619736739,1,1,0.458586738681484,1,1
1837,0.260375193320215,0.409247029019141,2,0,0.879790482939678,0,1
1838,1.45450680653484,1.46265055847559,1,0,0.0893720714481557,0,1
1839,0.120801060693339,0.86053010281479,1,0,0.142448730365008,0,1
1840,0.531538698108762,0.689115522377982,1,1,0.211594068990386,1,1
1841,1.5982789581315,5.04924086630127,2,1,-1.13162039180316,1,0
1842,0.144795817323029,0.319694941032169,2,0,1.71876686254341,0,1
1843,0.181683567202862,0.458588699499766,0,0,-0.247696961665517,0,0
1844,0.489757733746824,0.582567908269156,1,1,-0.338391852513899,1,0
1845,0.885205343365669,1.17733232958895,1,0,-0.415928554898185,0,0
1846,0.244176003907342,1.16717004007924,2,0,1.00489908943971,0,1
1847,0.0932900721090846,0.288682152350142,1,0,1.1902289509,0,1
1848,0.243926602706779,1.27280171776243,2,0,1.51508889611883,0,1
1849,0.0779505912214518,0.617500857492394,1,1,-1.54802968552353,1,0
1850,0.659750942134568,1.40652093881944,2,0,0.529359901919785,0,1
1851,0.0754269384364493,0.298498296707177,1,1,-1.95296605364108,1,0
1852,0.505588756033041,0.915966879483575,2,0,0.73556377519368,0,1
1853,0.818554951809347,1.17177978647363,1,0,-0.314789212388942,0,0
1854,0.457244032993913,1.09862069852767,2,1,-0.452237427473372,1,0
1855,0.439011734132204,1.89762521224717,0,1,0.528168167553054,1,1
1856,0.673776352887913,2.93954687503477,0,1,0.353390625710174,1,1
1857,1.52059471412542,3.27709314040452,1,1,-0.68495257404526,1,0
1858,0.700938352723387,1.64409331901476,1,1,0.0792801638481268,1,1
1859,1.73156442462041,4.80264808268557,2,0,0.988685659819256,0,1
1860,0.274144122377038,0.614683534706934,1,0,1.44534652956869,0,1
1861,0.982530794106424,1.28637916408479,0,1,-0.570627589557154,1,0
1862,0.785604373642065,1.53803035152118,2,1,0.12258830407068,1,1
1863,1.01497762831265,2.86751891009851,1,0,0.712207105160612,0,1
1864,0.144584927766118,0.9190792319026,1,0,0.196376116272947,0,1
1865,0.0600408170372948,0.525456370541989,2,0,2.00157733202227,0,1
1866,0.321660696063191,0.374953228064009,2,1,0.825863958283723,1,1
1867,0.0755417486652732,0.272737915378274,2,1,1.35768879723188,1,1
1868,0.368813113018405,0.44521208401644,1,1,0.570914367799645,1,1
1869,0.245105443173088,0.749997667003117,1,1,0.0951348367131217,1,1
1870,0.7968206860561,4.82853170889839,2,0,0.680816409367878,0,1
1871,0.953131895258428,2.21545499904366,1,0,0.572169694143375,0,1
1872,0.0400254373236447,0.721069692039215,1,0,0.558323625260233,0,1
1873,0.330214794160114,2.79586247608005,2,0,0.0650832324406137,0,1
1874,0.704272750765085,1.09146843302645,2,1,-0.99228238375338,1,0
1875,0.0231712671708544,4.3967636645151,2,1,-1.22898003939117,1,0
1876,0.330481392447837,3.26448149979115,0,0,0.0895084591355754,0,1
1877,0.340111155819613,4.90647284064319,1,0,0.393256113288632,0,1
1878,0.607542069628835,3.76734735623558,2,0,-0.234533702909793,0,0
1879,0.573624229265198,0.657372625802625,0,0,1.23827135147303,0,1
1880,0.410302359960042,1.63807177987267,2,0,1.25970365842999,0,1
1881,0.440538839437068,0.672540807941829,1,0,-0.912229957306392,0,0
1882,0.406099973479286,0.416531455976552,1,1,1.44214402010072,1,1
1883,0.166486184753012,1.39601561740182,2,1,0.322142434891058,1,1
1884,0.0737088813912123,0.0816234231460457,2,0,1.23040576674237,0,1
1885,0.0844333263861196,0.714568322823397,0,0,-0.309195466245474,0,0
1886,0.223878006427213,0.544501219310838,1,1,-0.262307700838974,1,0
1887,0.322971602436155,0.326903413522053,2,0,0.923707209185398,0,1
1888,0.258462502097245,1.53321122809254,1,0,0.20897758727323,0,1
1889,0.157343668397516,0.45406856187102,1,1,0.566498660377751,1,1
1890,0.306419825181365,0.4696292948113,1,1,-1.38974724440669,1,0
1891,0.141897495051707,1.82497563515185,2,0,0.0348506737524792,0,1
1892,0.122234763106767,0.288936668509661,1,1,0.0204297189334766,1,1
1893,0.837932780824423,0.98988383577313,2,0,0.240529537928297,0,1
1894,0.91439775069581,2.61984496770271,2,0,0.0766994598313393,0,1
1895,0.736283992856562,1.47303417580379,2,0,0.0283293286290708,0,1
1896,0.276452589605469,0.679280254061074,1,1,1.62146932203897,1,1
1897,0.813303519945413,6,0,0,0.565435132064756,0,1
1898,0.776134981552164,1.04915020791674,1,0,0.924277494327491,0,1
1899,0.0561811693478376,0.103077642523127,1,1,1.07084081992773,1,1
1900,0.0373524817405269,0.16941960088357,1,1,0.0192224651341933,1,1
1901,0.038613050628886,3.78238662560134,2,0,1.05944322665306,0,1
1902,0.541587286628783,5.2574798187263,2,0,-0.758901501212473,0,0
1903,0.119758054630612,0.56895097728292,2,1,0.419452373090557,1,1
1904,0.355427689792123,1.02752898108497,1,1,0.143256358697292,1,1
1905,0.223148245713674,2.17468788707726,0,0,0.0645250207667846,0,1
1906,1.61256075642052,3.26035933879515,0,0,-0.102368077975431,0,0
1907,0.625094465911388,4.33384103700519,0,0,-0.620041487939969,0,0
1908,1.39907019831909,1.76668355914916,1,0,-1.07675533340621,0,0
1909,0.539925551454486,1.49388942307285,2,0,1.42881687254766,0,1
1910,0.973617414604164,1.34086250699514,1,0,0.0173313940557314,0,1
1911,0.0721703536692075,2.5536187898612,2,0,0.474988347973552,0,1
1912,0.0941386344037587,1.45911758661969,2,0,-0.175967791004851,0,0
1913,0.0940875822323688,0.427243639351492,0,1,-0.953241311149684,1,0
1914,0.251890605315566,1.08505587937094,2,0,-0.243277322622153,0,0
1915,0.150368323083967,1.98154949507578,1,1,0.0622094733159112,1,1
1916,2.61936944342198,3.46265439107712,2,0,-0.529186022685856,0,0
1917,0.248437726299249,0.615077601054051,1,1,0.213604057939677,1,1
1918,0.0248290895285421,0.0480841859306311,1,1,0.19607161749255,1,1
1919,0.562762114528215,1.44403611920506,1,0,0.612363350765889,0,1
1920,1.20234234369697,1.93364571594331,1,0,0.495739611294094,0,1
1921,0.10007244348526,1.31029508936541,1,1,-2.22302847778911,1,0
1922,0.0441539063467644,1.03627220699532,2,0,0.701737017803923,0,1
1923,1.27600243775511,6,0,0,0.206157771624961,0,1
1924,0.505932929132254,1.57403094083755,1,0,0.951089610530338,0,1
1925,0.132274838106241,3.05303816883817,2,0,0.042016669393536,0,1
1926,0.0379374412216123,1.60866396812101,0,0,0.451738086049666,0,1
1927,0.831892203396939,1.74313202698442,2,1,1.11833292209466,1,1
1928,0.290438763913698,0.871126389214112,0,1,1.0442964801629,1,1
1929,0.0207757498719729,0.777026774633176,1,1,1.31876004924331,1,1
1930,0.895235105365157,2.21659055295477,2,0,0.589497564616488,0,1
1931,0.515514562113032,6,0,0,0.727046284060943,0,1
1932,0.233054260897916,0.527131828237906,1,0,0.270518576186238,0,1
1933,0.380643351818435,2.45547955484461,1,1,0.218175271229898,1,1
1934,0.632022168693885,2.81198007659379,2,1,0.392043896935766,1,1
1935,0.0637704913970083,0.141299577860997,0,1,0.520338879156239,1,1
1936,0.00165609846590087,0.7418164102385,1,0,0.278727606885983,0,1
1937,0.0904317246749997,0.736214628425578,2,1,0.240374392641863,1,1
1938,0.0597950621158816,0.806238303003699,0,1,0.373742657655271,1,1
1939,0.072848285692158,1.09167253367503,2,0,0.709123238385604,0,1
1940,0.956056611206366,6,0,0,1.30973552243305,0,1
1941,0.000861563894432038,0.581817001673025,1,1,2.69550223643675,1,1
1942,0.389366637258592,1.73184806438871,1,1,-0.415289382679723,1,0
1943,0.0547635154798627,0.0990558921273582,1,1,-0.0343404765779222,1,0
1944,0.290957130707644,0.568370435762457,2,1,1.20995542745909,1,1
1945,0.186642607150134,0.340156382191623,1,0,0.948173660407452,0,1
1946,0.368873238330707,0.486445301318704,1,0,0.447027948653898,0,1
1947,0.196182327636052,2.53793865355041,2,0,0.447570521139525,0,1
1948,0.607981046169818,1.3348265340742,1,1,1.59278246849299,1,1
1949,0.871173480780405,4.69835828016264,1,0,0.970602427975562,0,1
1950,0.0699384983438236,0.279543862554525,2,0,2.07038510323417,0,1
1951,0.0279591622529551,0.627186455417799,0,1,0.726568958838205,1,1
1952,0.137786131235771,1.58399500562977,1,0,0.385588822288285,0,1
1953,0.891262309625745,1.45457167177223,1,1,-1.46579361412843,1,0
1954,0.327252759598196,3.22479527867355,2,0,-0.545291233341987,0,0
1955,0.312048487539869,2.72049516984788,1,0,0.358959490224223,0,1
1956,0.558354268406339,1.07313212938607,0,0,0.461517018966227,0,1
1957,0.378437454055529,1.58929714114796,2,0,0.529123802323385,0,1
1958,1.0327247937275,2.48656933434873,2,1,0.390678095961254,1,1
1959,2.52803618266227,4.07571071950241,2,1,-1.64697197525583,1,0
1960,0.312539545158749,0.539497066140358,1,0,0.928229974041062,0,1
1961,0.849582551047206,1.09563009962575,2,1,-1.30223218941311,1,0
1962,0.334337608073838,1.36780891093588,1,0,2.12526575245603,0,1
1963,0.438169991614015,0.593951322969869,2,0,-0.496080605734466,0,0
1964,0.186441029363777,0.768638715654078,1,1,0.240085931772361,1,1
1965,0.308896518254187,0.920347975686158,2,1,0.172726609779541,1,1
1966,0.0180852648918517,0.140571851695261,1,0,0.526389865697342,0,1
1967,0.0659740617265925,0.132200383256638,1,1,1.1892901301279,1,1
1968,0.370791871391702,1.65897337128656,1,1,1.12810693348239,1,1
1969,3.48577443120961,6,0,0,-0.911564129973297,0,0
1970,0.0488957655034028,0.691466709656216,1,1,0.0972931890557737,1,1
1971,0.0308704677668969,0.265876109578797,1,1,0.0944333041479068,1,1
1972,1.03626833576709,1.19417238161366,1,1,-0.800980014907371,1,0
1973,0.238401161623187,1.80299687811355,2,0,0.452543190109262,0,1
1974,0.281292326399125,1.41402670182288,0,1,0.260593234952274,1,1
1975,0.577515625575213,1.40761083837831,2,1,-0.896829791702149,1,0
1976,0.534626723357298,3.44210329825436,1,1,0.257084284071388,1,1
1977,0.321290815249085,0.948931362684531,2,0,-0.148558410168429,0,0
1978,0.058751301904161,1.99722239576269,1,0,0.115253387956577,0,1
1979,0.339503739087377,0.569115195754613,0,0,0.439745532995811,0,1
1980,0.339440340176225,1.16077557472529,1,0,-0.439729867284523,0,0
1981,0.174080253840066,1.75295777308444,0,1,0.167524114337381,1,1
1982,0.426086598075926,1.11307633704436,1,1,-2.52101610303522,1,0
1983,0.119257559923807,2.22051941059818,0,0,1.18822944455722,0,1
1984,0.407710575964302,2.19206680447409,1,0,0.203650689656715,0,1
1985,0.0704974977998063,0.232428479939699,0,1,2.46134275786716,1,1
1986,2.57010906181278,3.37077576973545,1,1,-1.12152879330232,1,0
1987,0.109543925209437,3.5879725242641,2,1,0.264063588265849,1,1
1988,0.4383462908265,0.716359215705372,2,0,0.441163241579549,0,1
1989,0.0300481832849251,0.373191984572261,2,0,-0.510285327719361,0,0
1990,0.00680100837507128,1.00416492670774,0,1,1.19614423055526,1,1
1991,0.613163204485286,1.79450266828358,2,1,-0.396818624262169,1,0
1992,0.727423352189362,0.931402993765195,1,0,-1.05555127181182,0,0
1993,0.412416270410176,0.531015538005044,2,1,0.2299163420327,1,1
1994,0.00146296513800013,0.0679836553484914,1,0,0.599623606871874,0,1
1995,0.674861080847713,2.95173648744822,0,0,-0.763271955994474,0,0
1996,0.296499426185619,1.50005778028771,1,1,1.33110446014639,1,1
1997,0.878374270988768,1.0551573168681,0,0,1.43418739577825,0,1
1998,0.351552236825228,0.394874531775713,0,0,-0.24164557546322,0,0
1999,0.0693417046568356,2.25764436548506,2,0,0.851528752546135,0,1
2000,0.141056795546319,0.463232159670798,2,0,0.289641260253553,0,1
2001,0.35264542355435,0.586519514520963,0,1,0.762480017722373,1,1
2002,0.119400489493273,0.504345244736295,2,0,1.51659474367993,0,1
2003,2.27016433319988,2.98346352554048,2,0,-0.702634980856591,0,0
2004,0.0942192124202847,1.12946373528005,1,0,-0.809199097375948,0,0
2005,0.950194228155181,1.69227764462262,1,1,0.0872602815185385,1,1
2006,0.336822512908839,0.577335206632748,2,0,1.07795736635845,0,1
2007,0.908009253706798,3.53105267248123,2,1,-0.929297042608654,1,0
2008,0.769933741539717,0.919996814704012,2,0,-0.237186109149359,0,0
2009,1.30541003588587,2.09185034799411,1,1,-0.185606850000455,1,0
2010,0.0459420218248852,2.40102881619285,1,1,0.388090046055415,1,1
2011,0.0434003146399882,0.232634066135728,2,1,1.05549892223346,1,1
2012,0.00804135799855494,0.4723332357951,1,1,0.107284588629161,1,1
2013,1.93605565356741,1.99292838573456,0,0,-1.27667410773655,0,0
2014,1.09582048617936,2.52266615698707,2,1,-1.72607110263186,1,0
2015,1.64457217036727,4.78603478532295,2,0,-0.0341792079282011,0,0
2016,0.0123950513542813,0.481216669007717,1,0,-0.323763225137063,0,0
2017,0.112756606072057,0.717623209942652,1,1,0.152190393478528,1,1
2018,0.802454886019343,1.47508227736225,1,0,-0.948991143363702,0,0
2019,1.12627219492605,2.58757804555647,2,0,0.306979682821721,0,1
2020,0.558543647613198,1.1460061191089,1,1,0.158431084399811,1,1
2021,1.79230066471475,4.21947433548127,2,0,0.0193161523339852,0,1
2022,0.225357289600652,1.99425878313681,0,1,1.28302956110965,1,1
2023,0.0602720445021987,0.567909854750788,1,1,-0.574419910395245,1,0
2024,0.122998595571043,0.435174335282464,1,0,-3.17563427328854,0,0
2025,1.06608595950592,1.18990792144297,0,1,0.830617156584547,1,1
2026,1.1144685652107,2.15834151829652,1,1,-1.55424473445882,1,0
2027,0.325230974121951,0.780271169352666,2,0,0.859062494736378,0,1
2028,0.096639932889957,0.185967697039572,2,0,1.10347967734939,0,1
2029,0.147515215340213,0.40159436095393,1,0,-0.587866298450289,0,0
2030,0.0724572538193004,0.951250378665825,1,0,-1.47154912173226,0,0
2031,0.180272366815539,0.752743195312352,1,1,0.188633685761607,1,1
2032,1.12934252009133,1.18716293229198,1,1,0.286691256053949,1,1
2033,0.102204070291597,0.184392939149505,2,1,0.582615576298968,1,1
2034,0.0574857275933027,0.548097037563761,2,0,0.819717482729939,0,1
2035,0.710372119758219,1.20402917739922,2,1,0.327157570084109,1,1
2036,0.242131311388221,0.871593378850096,1,0,0.0026082930104707,0,1
2037,0.297448027879,2.13556141903003,0,0,-2.52425953766723,0,0
2038,0.107209275556926,1.82045752042108,1,0,-2.35832885933812,0,0
2039,2.11595192543211,2.90889460696746,1,1,-0.66515301029243,1,0
2040,0.00216618212584134,0.957188408265171,1,0,1.79854430840519,0,1
2041,0.0601602494134568,0.630847447410204,2,0,0.142551132022085,0,1
2042,0.0524412314871529,0.793474807093541,0,1,-2.0218891634974,1,0
2043,0.301556591584813,0.961729428465513,2,0,0.772319601247662,0,1
2044,0.0954951904714108,1.89303847552301,1,1,0.689837716264871,1,1
2045,0.275974547548685,0.914514758741331,2,1,2.21067800871404,1,1
2046,0.0832317126477077,0.175748942932771,2,0,0.101052947289628,0,1
2047,0.0260273602991613,0.0390575786961309,1,0,0.117737291104283,0,1
2048,0.157716080019108,0.348726800196946,2,0,1.98286536316449,0,1
2049,0.105704812272891,1.56767065592822,2,0,0.125623720752349,0,1
2050,0.719585772961781,0.722946157719194,2,1,1.06217909298983,1,1
2051,0.0373220341280103,0.217485738616394,1,0,-1.62338875276957,0,0
2052,1.13374533411115,2.44880266332567,1,1,-0.394325606520098,1,0
2053,0.461840920007609,1.04536338253449,1,1,0.0847821445694007,1,1
2054,0.628265850801774,2.7497353801654,1,0,0.435874024471619,0,1
2055,1.72706034771147,2.15841236458963,1,0,-0.122142153957481,0,0
2056,0.840518676675856,5.47026948975333,0,0,-1.81324619544665,0,0
2057,0.550056579496533,1.15593702946419,2,0,0.379746865609162,0,1
2058,0.270652310282458,0.319703381865296,1,1,0.120138700897125,1,1
2059,1.34553732536733,1.73137363356849,0,0,-0.831612785905126,0,0
2060,1.05875381961802,1.72991120578621,2,1,0.483064878600183,1,1
2061,0.241886633739341,6,0,0,1.17005289436231,0,1
2062,0.204850442094948,0.325272700473364,1,1,-0.414740766790488,1,0
2063,1.36633076830713,3.56095825138304,2,0,1.47241476205707,0,1
2064,0.429833296802826,0.665755711034825,1,0,0.974372112830771,0,1
2065,0.0791792919157612,0.0931418657754599,2,1,0.0187588662893356,1,1
2066,0.147765301842302,0.329974322505692,0,0,0.859820435886038,0,1
2067,0.251156006939709,0.851377069351647,2,0,-0.15105089329603,0,0
2068,2.51044018930736,4.62044009848897,2,0,-0.646269361799214,0,0
2069,0.0501087652519345,1.39776870207898,1,1,-0.522602202254464,1,0
2070,0.247380534143636,0.716966862590912,1,1,1.28337251953363,1,1
2071,0.298699989539529,1.46801781730289,0,0,0.964439482183017,0,1
2072,0.318504153750837,0.518709818488534,1,0,-1.63990967983343,0,0
2073,0.106515409792878,0.65520435046626,2,0,2.11501899853163,0,1
2074,0.614310895092785,1.26805420352861,2,1,-0.207869088498844,1,0
2075,0.567357172814019,0.802907386165375,0,0,1.08071805577023,0,1
2076,0.232947321887955,2.73756718004274,2,0,0.98493096777053,0,1
2077,2.39337946093621,3.73432689558618,2,0,-0.26977282419117,0,0
2078,0.0796016835374758,0.708577483892441,0,0,0.783053967254052,0,1
2079,0.109646802480835,0.938907315827984,2,0,1.57797352012988,0,1
2080,0.36270057503134,1.58459898809998,2,0,-0.068223513018934,0,0
2081,1.24578547105193,3.68904367722824,1,0,-0.444971386323256,0,0
2082,0.127055756973579,3.40441740738849,0,1,1.82140907015714,1,1
2083,0.377735888760071,0.808092051694795,2,0,0.745917308698281,0,1
2084,0.0110255758045241,0.0870818831482297,1,0,0.0511534520211864,0,1
2085,0.00299240462481976,0.305922238841901,2,0,0.153573382628413,0,1
2086,0.61812630354284,1.21367064224499,2,1,0.461712055385561,1,1
2087,0.18621656956384,2.36276480002965,2,0,0.749429215401735,0,1
2088,0.955081207677722,2.34949661214159,2,1,-0.964264113471683,1,0
2089,0.796704351060845,1.48834282688572,2,1,1.89633428562548,1,1
2090,0.162110932953415,3.13819278903195,2,0,-0.594750042154239,0,0
2091,0.80762122813315,1.97757089243781,1,0,0.605708068129339,0,1
2092,0.294585852243472,1.01022735338262,1,1,0.141639163757943,1,1
2093,0.104030795337167,0.687485713657602,2,1,0.475040390719571,1,1
2094,0.358927620109171,1.12564946149994,1,0,1.77862883463543,0,1
2095,1.08154736176071,1.32525252562252,2,1,1.89746002062005,1,1
2096,0.458229487213586,6,0,0,0.590365030283015,0,1
2097,0.394896921352483,0.804008160678444,2,0,0.0924726353528619,0,1
2098,0.75172725498522,2.20694356519718,2,0,0.266590318875854,0,1
2099,0.310628070146777,0.347598104852943,1,0,0.417841126524121,0,1
2100,0.750883726260446,0.759207146241723,2,1,2.26161046014831,1,1
2101,0.246564126573503,1.29636585427828,2,0,1.40914011331088,0,1
2102,0.595779687166214,1.65473759131506,2,0,-0.945829649220307,0,0
2103,0.27621996961534,0.799468106208795,2,0,-0.0864327764408598,0,0
2104,0.74256785851606,1.48012656113671,1,0,0.149262243492452,0,1
2105,1.37072557326948,1.89289470860995,1,0,0.731380570787621,0,1
2106,0.599929948194705,6,0,0,0.638336526164091,0,1
2107,0.536827363513231,1.12514730853339,0,0,0.865162971414642,0,1
2108,0.382683766074479,4.4933090594396,1,1,-0.109122487863978,1,0
2109,1.66390293852,1.68871223800877,2,0,0.801201957709106,0,1
2110,1.01074572116814,1.13472981808264,1,0,0.0840224696581595,0,1
2111,0.158891615046142,0.393464124451081,0,0,0.559061378186604,0,1
2112,0.389802824947791,2.58985770976561,1,0,-1.20729258317843,0,0
2113,0.293643988843542,0.443776781389842,1,1,0.1761065477581,1,1
2114,0.198023631819524,0.400435421593989,2,0,2.46831461728223,0,1
2115,0.823004996404052,3.0615820708523,2,0,-0.206127189525745,0,0
2116,1.13819068577141,1.6968982794112,1,1,-2.33349472449636,1,0
2117,1.18561813951807,3.1154241247191,2,0,1.0923398723881,0,1
2118,0.689875371727914,1.11814752021049,1,0,1.3164115142221,0,1
2119,0.115712937840726,1.71561948793824,2,0,0.581419820908645,0,1
2120,1.13825933728367,3.3949737989624,2,1,-0.123966723420419,1,0
2121,0.0290831572272447,2.10783154253208,1,0,-0.0151501358054165,0,0
2122,0.35364976860164,3.06275635173112,2,1,-0.489753136100731,1,0
2123,0.518939809381783,0.633744650351379,1,0,1.006543220797,0,1
2124,0.307544267852791,3.01293340822061,0,0,0.0878703402759759,0,1
2125,3.32697358527837,4.81946406446216,2,0,-0.877245210082323,0,0
2126,1.83789482329714,2.4185371080988,2,0,2.09123638649009,0,1
2127,0.211652143334504,0.819135779375552,2,0,1.62701238894533,0,1
2128,2.67125695190373,3.23373657949108,1,1,-0.0792081618098038,1,0
2129,0.077956147139193,0.644803613792808,2,1,0.752949862679416,1,1
2130,0.497213034387855,2.81215890278613,2,1,0.27719080104551,1,1
2131,0.339855116035324,0.743208909666467,2,1,0.848680036852507,1,1
2132,1.03530584834516,1.85400449654386,1,1,-0.74823505086812,1,0
2133,0.0753495965012657,3.19205705799789,1,1,-0.392507893302289,1,0
2134,0.154921534350659,0.683372019121698,1,1,-0.493243053287207,1,0
2135,1.79960951491145,1.88920078232698,1,1,-0.719780670303057,1,0
2136,0.308924673590809,0.565810928265856,1,1,0.444548043311394,1,1
2137,1.3782488964498,2.46839726946097,2,1,-1.56178859985668,1,0
2138,0.795343695005587,1.74573166989826,1,1,0.226817760688912,1,1
2139,0.032649249283418,0.646760354857821,2,0,0.563466021407219,0,1
2140,0.038143125438321,0.405030511153486,1,1,0.94277216447859,1,1
2141,0.343713896581903,0.689267685695027,2,1,1.06452551447687,1,1
2142,0.23437953699613,1.36261346641363,2,0,1.30212117930246,0,1
2143,0.169763238227461,0.789771228408947,2,1,1.24668052133517,1,1
2144,0.321491146043568,0.356377280147046,2,1,-0.42891735841387,1,0
2145,0.0447462850840648,1.67582857847276,1,1,0.00258367330965981,1,1
2146,0.416747219352931,1.35080592216214,2,1,-1.08024509206066,1,0
2147,1.2116807035111,2.79523044514159,0,0,0.171737401517017,0,1
2148,0.0878012965269762,1.22891503630365,1,1,1.08766169280507,1,1
2149,0.03328001126647,0.455050185004204,1,0,-0.0224487046413378,0,0
2150,0.343938117472422,1.17392401720725,2,0,-0.00671214324216556,0,0
2151,0.884156656825469,1.46795190792095,1,0,1.16222140533942,0,1
2152,0.525069385375657,0.686009608207873,2,0,1.23600613104052,0,1
2153,0.595624388052903,1.05866225684045,1,0,1.44279245438666,0,1
2154,0.122609297527474,0.146397671195154,2,0,0.659132985047688,0,1
2155,0.0896835795720108,0.471294024113037,0,1,0.441755500692108,1,1
2156,0.199188919352121,0.243564154399948,2,0,-0.721472912421184,0,0
2157,0.189931087661535,0.267070876155465,2,0,1.65476572685836,0,1
2158,0.104730851016939,1.61935955183677,2,0,0.79824783270096,0,1
2159,0.856407553047694,1.64045467334123,2,1,0.153870407092382,1,1
2160,0.119596606236883,0.233721365871182,2,1,2.07566261029189,1,1
2161,0.341637263773009,0.55104761115947,2,0,0.924722366826628,0,1
2162,1.93690563357415,4.47924025215021,2,0,-0.175558365273307,0,0
2163,0.0334811396896839,0.399929043096292,1,1,-0.064485501381295,1,0
2164,0.0585173082072288,0.828384921479894,2,0,0.163356439571037,0,1
2165,0.179695815269332,0.211651808776024,1,1,1.18612634620258,1,1
2166,0.0161660788580775,0.120258522838118,1,0,0.978039600868128,0,1
2167,0.20784234337043,1.7611160080658,2,0,0.378831282480634,0,1
2168,1.51363451477481,1.57539625180619,1,1,-1.54347591511026,1,0
2169,0.349387849297139,3.63278071162401,2,0,-1.73477334088223,0,0
2170,0.119808778981678,0.932145443925971,2,0,0.368234216829757,0,1
2171,0.0215406816701391,0.770647845211919,1,1,1.55186501521066,1,1
2172,1.17342796642333,2.10189168155707,1,0,-1.24843091229814,0,0
2173,0.715709832703516,0.767161477816067,1,1,1.70368072365966,1,1
2174,0.0998489002286322,3.57460541637216,2,0,0.116793727190955,0,1
2175,0.0422503445926516,0.274335475017627,0,0,-0.809072587925422,0,0
2176,0.458960746010943,1.22131308230227,2,1,2.36751669715643,1,1
2177,1.15884735825808,1.55813843470398,0,0,0.245467531756212,0,1
2178,0.188676259385894,0.899279233846125,0,0,0.479939678304532,0,1
2179,0.0896088031004183,0.319732991555885,2,0,1.2373540674144,0,1
2180,0.217384914146841,0.693471795966583,1,0,0.164510631717926,0,1
2181,0.303661314828787,0.469905411074565,1,1,0.596688895969284,1,1
2182,0.000735237263143063,0.699993380328646,1,0,-1.12865896302019,0,0
2183,0.340759185201023,2.17695670369381,2,0,1.08886239947656,0,1
2184,2.36017656690421,3.0872022267431,0,0,-0.965380196699621,0,0
2185,0.41369817656232,1.99800794252755,1,0,0.563283784857726,0,1
2186,0.9886705869779,2.16995284582178,0,0,0.504908140373951,0,1
2187,0.563131680802263,0.639538940169633,2,1,0.433186044420169,1,1
2188,0.0142507127020508,0.0597835205457458,2,1,0.0715395623838195,1,1
2189,0.306446964386851,1.02835738122724,1,1,0.420446290292635,1,1
2190,0.254096061145965,1.41363944858313,0,0,2.27361320540931,0,1
2191,0.0936912451288663,0.15927163609944,1,0,0.0446846477977267,0,1
2192,0.702478644438088,1.82394790793956,2,1,-0.185938389757728,1,0
2193,0.90409878731012,1.60696351213623,2,0,1.46145841381929,0,1
2194,0.186614074336717,1.67718738007049,0,1,0.132384524099181,1,1
2195,0.25422076927498,0.587420911335373,2,0,1.789814459546,0,1
2196,0.028706916491501,1.46508633459213,1,0,0.00776335082799565,0,1
2197,0.638169659805581,0.653366995234795,1,0,0.17408048617514,0,1
2198,0.419948785565794,3.04222107965867,2,1,0.198558544672399,1,1
2199,0.124360682442784,0.884719416254,1,0,-0.15896958350461,0,0
2200,0.253751900163479,0.485591028588397,2,1,0.305641341702142,1,1
2201,0.26772076357156,0.948912650928407,1,0,-1.86484623056105,0,0
2202,0.214585239882581,0.63880027246922,0,0,0.37305935583923,0,1
2203,0.527020127512515,1.10585257893672,1,0,-0.606548742689499,0,0
2204,0.369754897590699,0.415645536903847,2,0,-0.643121523559532,0,0
2205,0.186779915238731,0.658412251776969,1,0,2.49212170943255,0,1
2206,0.0488500809296966,0.416254259644389,1,0,0.506159995798818,0,1
2207,0.0123267463641241,0.606699532370442,2,0,0.793138518930315,0,1
2208,0.374701444234233,0.412820473424669,2,0,1.50518367324583,0,1
2209,0.264085602098768,1.24745989218354,0,1,0.191846667075497,1,1
2210,0.73696150949473,0.794810966221561,1,0,2.01004099149498,0,1
2211,1.48448736025932,2.39018696152509,2,0,-0.191709631340663,0,0
2212,0.257455148868906,1.07236730438116,1,1,0.685130205007006,1,1
2213,0.485941972557277,1.58096525172898,2,1,0.90605353988245,1,1
2214,0.88166593760252,2.56758574085931,0,1,-0.152912839020036,1,0
2215,0.400557565735653,1.2208369486962,1,1,0.00768475199814761,1,1
2216,0.0319848833294912,1.56686223222817,2,0,2.26609602502393,0,1
2217,0.870889956131577,1.1845500164192,2,1,-0.0359060983153204,1,0
2218,0.405349345237482,5.61514946953553,2,0,1.33753530200633,0,1
2219,0.0182269545621239,0.618502894140561,1,1,0.780278019843915,1,1
2220,0.410807571243791,0.452727633302482,1,1,-0.130296855636572,1,0
2221,0.378553519549314,0.562108970091942,2,1,1.02955122182469,1,1
2222,0.357592493700471,1.38365130954616,2,1,-0.508901067030064,1,0
2223,0.0776245993670619,0.122490975384911,0,0,-0.694741980465637,0,0
2224,0.342045562283602,0.953328150160826,1,0,0.458836939864178,0,1
2225,0.237708357453812,0.80253203500163,1,1,0.188350898684279,1,1
2226,0.124883011989077,0.403079546749723,1,0,1.38063539959557,0,1
2227,2.20019257060232,2.290942314096,1,0,-0.818305539244389,0,0
2228,0.91043059155345,1.49978153047875,1,0,-1.20964877354642,0,0
2229,0.174577833386138,1.22408575558004,2,1,1.07665044561125,1,1
2230,0.605289962142706,1.97799199525836,2,0,-0.184196748119874,0,0
2231,0.493266411294933,1.73002995057034,2,0,1.6431285792589,0,1
2232,0.455388454295086,1.55837594601916,2,1,0.726685673599571,1,1
2233,0.106694431044161,2.22069857154587,0,0,-0.391297658272844,0,0
2234,0.316933977592271,0.414419258703484,2,1,0.722525159146442,1,1
2235,0.0328902780893259,1.64580617443166,1,1,0.0673724161613401,1,1
2236,0.0856745248893276,0.423705865818114,2,1,0.0305787132039494,1,1
2237,0.0515980200725608,1.95277236115209,1,1,0.611848812832918,1,1
2238,0.0313019473105669,0.593521681583203,1,1,1.07174575682839,1,1
2239,0.320731204119511,1.36461987796621,1,1,1.46568901824046,1,1
2240,0.759333567085497,2.25968251625697,0,1,0.471559130656984,1,1
2241,0.747725994998411,0.894576385039385,2,0,0.439418129691342,0,1
2242,0.0331442844059508,0.0376072004529728,1,1,0.041455378168577,1,1
2243,1.04069798439741,3.70089288753832,0,1,-1.75331442601663,1,0
2244,0.151675460510887,1.64797744144782,2,0,0.0691316192995754,0,1
2245,0.484315597630381,2.66364904846362,2,0,0.747802579826101,0,1
2246,1.29834571108222,2.01542525552213,0,0,-0.942839628853202,0,0
2247,0.421265179757029,1.44932015766935,2,0,1.67667556567353,0,1
2248,0.0606581455564507,0.484782432228173,2,0,1.95471292963068,0,1
2249,1.73960229597845,2.47753764146664,1,0,-1.07216259442542,0,0
2250,0.267420087940991,0.456469950648925,1,1,-0.0902611109676933,1,0
2251,0.0100355492498363,0.279087748381057,2,0,0.744526140990296,0,1
2252,0.0107499383786279,0.0374010178659284,2,1,1.99690091890868,1,1
2253,0.205642028595321,0.973132469892479,2,1,0.966683051073632,1,1
2254,0.674547445660207,1.99887049830391,1,1,0.138963926099631,1,1
2255,0.478757628562682,0.956670717955885,2,1,0.843047700180161,1,1
2256,0.163028576353099,0.23406202656445,1,1,1.22473635466,1,1
2257,0.186513935492691,2.48934866478997,0,0,0.337196750059006,0,1
2258,0.074804697612795,0.851021298582268,1,0,0.402596383039024,0,1
2259,0.113575405929758,4.59371681845058,1,0,-0.991610491388458,0,0
2260,0.676206995823242,0.900802131817926,2,0,0.670145911697271,0,1
2261,1.31675424861296,4.0420160986748,2,0,1.30899351311126,0,1
2262,0.343831126228906,0.669452536077617,2,0,1.83169133200793,0,1
2263,0.534802878089857,1.85145143030723,1,0,-0.694754747058119,0,0
2264,0.0295804298039532,0.0561723010083989,1,1,-1.08425524433443,1,0
2265,0.0606516638072208,0.221194887033463,2,1,0.181829215728867,1,1
2266,1.49885764686896,4.04386144347666,2,0,0.194732502202856,0,1
2267,0.207324118237011,1.92744392636718,1,0,1.09961831169261,0,1
2268,0.307559172423192,0.903431464480489,1,1,0.915457955664516,1,1
2269,0.0824177442118526,0.948508977890015,0,1,-0.882578853955515,1,0
2270,0.158233250491321,0.728623817364375,0,1,-0.454629612814068,1,0
2271,0.0396534572383366,1.84779561966625,2,0,0.293893339144777,0,1
2272,1.3279087270288,1.52631065469476,2,0,0.597975998426427,0,1
2273,0.35973258811282,1.11366818453842,2,0,0.866083435684627,0,1
2274,0.130029086431023,1.47355480995734,2,1,1.17012286334142,1,1
2275,0.461397723384954,1.26236760982558,1,1,1.72858875792573,1,1
2276,1.04733591311948,1.17023501275226,1,0,1.95950115242012,0,1
2277,1.02647290676238,1.81293684363268,2,1,1.1515021215469,1,1
2278,0.214807198066164,0.270279901475966,1,1,-2.44598151935056,1,0
2279,1.03861933387816,1.75242097710074,1,0,-0.0806782526872269,0,0
2280,0.0115227577043697,0.720564776162271,2,0,1.28757960645272,0,1
2281,0.157775271022859,0.231930163294436,1,0,0.467247538760423,0,1
2282,0.0953880156464257,5.33893178821331,2,0,-0.133036046399379,0,0
2283,0.749182253144681,0.783574084440867,0,0,-1.14846439591785,0,0
2284,0.281217220181134,0.953869254638751,0,0,0.43705720212773,0,1
2285,0.907287986017764,1.54858857894335,1,0,-0.300900205004504,0,0
2286,0.14307254430717,0.726020118795477,2,0,2.21856438157326,0,1
2287,0.248836023092736,1.95545889467006,1,1,0.312592231475398,1,1
2288,2.42282484649661,3.23606086206725,2,0,-0.452089206696812,0,0
2289,0.165980786829381,0.173063489964747,2,1,1.15774365635684,1,1
2290,0.204346275888383,1.4923786932684,2,0,-1.10986700377116,0,0
2291,0.492929488464396,1.58552070675237,1,1,0.468853255106458,1,1
2292,0.244218219304457,0.299056719359074,1,0,0.624309627378092,0,1
2293,0.119378006359622,0.400645614910845,2,0,0.174918985829007,0,1
2294,0.843435161747038,1.56723892626663,0,0,-0.928659869414775,0,0
2295,0.244143283599539,0.481822437492871,1,1,1.16308522724903,1,1
2296,0.717800287293241,1.80657524925967,0,0,-1.59573517448502,0,0
2297,0.510011177459111,4.90469611143967,2,1,0.0289430876501512,1,1
2298,0.00975779897999018,0.579435686699586,2,1,0.137621180755866,1,1
2299,0.15340229005443,0.574460959225084,1,1,-0.172205322253115,1,0
2300,0.408044258365408,0.462270493929585,0,1,0.160339096907394,1,1
2301,0.285744214197621,0.503353365246368,2,0,0.994099971431421,0,1
2302,0.192163879381917,0.888347328553401,2,1,0.687180114105052,1,1
2303,0.603492889853947,6,0,0,0.606785565132558,0,1
2304,0.0475825926434622,0.352752221693702,1,0,-0.376851337514449,0,0
2305,0.166645435309507,3.42098964374383,1,0,0.638246627614249,0,1
2306,0.526573673679315,2.43472466914133,2,0,0.201027792661675,0,1
2307,0.643821041422717,0.66174536147246,2,0,0.84853688716275,0,1
2308,0.2682780995965,0.500701246716886,1,1,-0.682431539595768,1,0
2309,0.186767185985606,0.214339868347104,2,0,1.11879920284711,0,1
2310,0.934771052004763,1.76670600259611,1,1,0.438980890086143,1,1
2311,1.51692377801885,1.68826541117594,1,1,-0.350579566963004,1,0
2312,1.01075891932756,2.66561580724309,1,0,-1.17727548135949,0,0
2313,0.572689044030204,2.4583663501,2,1,0.890747263897044,1,1
2314,0.398526508943178,0.813826747952166,2,0,1.03440302939467,0,1
2315,0.586737299337983,0.620803194535369,1,1,-0.314589903078987,1,0
2316,0.0944037557578958,0.249744923785329,0,0,0.914286175372298,0,1
2317,0.18422904348371,0.368538204094612,0,1,-0.20047978928991,1,0
2318,2.00273997769481,3.29398344015284,1,1,-1.54365184319871,1,0
2319,0.392002816936403,4.56261582509517,1,1,-0.246146594640198,1,0
2320,0.608852982521057,1.26301089922587,0,0,-0.317192769993939,0,0
2321,0.0668513105483726,0.380342624520159,1,0,0.725991144435726,0,1
2322,0.358740828523878,3.55842966041491,2,0,0.606478869347927,0,1
2323,3.3647794498313,6,0,0,-1.25498068068352,0,0
2324,0.00494889245601371,0.648205369220071,2,0,1.34745481918241,0,1
2325,0.175529285524295,1.10752134080172,2,1,-0.4359698288543,1,0
2326,0.724064208308056,1.9956534386052,1,1,1.49223147348353,1,1
2327,0.310388656162922,6,0,0,0.479142974811775,0,1
2328,0.191276088589802,3.54513030204376,2,0,1.02054611354579,0,1
2329,0.562025113031268,1.15472787059844,0,1,-0.68793490702597,1,0
2330,0.602064020323388,1.17776250033418,1,0,0.834397100960678,0,1
2331,0.0202375699964823,3.53065672197968,2,0,-0.796295650155071,0,0
2332,0.483896502039871,2.05284393786893,2,1,0.1744061481177,1,1
2333,0.228084231493995,0.822789065809631,1,1,1.2022668112168,1,1
2334,0.886100486852229,0.993159375027085,1,0,-0.413883598361443,0,0
2335,0.0931208970723674,2.98850354321311,1,1,1.00865662549864,1,1
2336,0.323829077824485,4.15768191383718,1,1,0.473825236441208,1,1
2337,0.136140098692569,1.21911919831316,0,0,-0.659436712714228,0,0
2338,0.637241317772586,1.33497334085405,0,1,-1.50701484300305,1,0
2339,0.171750805748161,0.517215849469961,2,1,0.357170031191236,1,1
2340,0.0175919497269206,0.796391069889069,0,1,1.34469458464883,1,1
2341,0.847120204099275,1.06749229508096,2,0,0.420736969930654,0,1
2342,0.048371686716564,0.159225331012469,2,0,0.934164065343024,0,1
2343,0.788252028821639,0.867672628861303,1,0,-0.233022775526791,0,0
2344,0.239268502336927,0.335972844192666,1,0,0.252656193922176,0,1
2345,0.321478621044662,1.05084866129087,1,1,0.268981352286321,1,1
2346,0.658308168614105,1.23273486235827,2,0,0.381477625848636,0,1
2347,0.584466283209622,1.91500606889638,2,0,-0.349156252112266,0,0
2348,0.16292224638164,0.501262880202958,1,0,1.1039360035225,0,1
2349,0.97971331370132,3.01743928653499,0,0,-1.64791477457878,0,0
2350,0.784055627274148,1.35644236241201,2,0,0.75580337282881,0,1
2351,0.395658932289167,0.688221329436324,0,0,-2.1638604604161,0,0
2352,1.30987751173361,2.01369059836443,1,1,1.6132515551833,1,1
2353,0.348344359026697,0.987759899528244,1,1,-0.92533495392722,1,0
2354,0.30664301593788,0.504197351492325,1,0,0.28535669298188,0,1
2355,0.791565983064294,2.28261709390696,1,0,0.0201342777865423,0,1
2356,0.512237559351471,0.87478781224986,1,1,0.0928647731811851,1,1
2357,0.257392315123045,0.944489109623149,0,1,-1.17608010281382,1,0
2358,0.20872118358966,2.92216265591879,2,0,0.447865785342921,0,1
2359,0.148821680049878,2.48277956309418,0,0,0.617397637398707,0,1
2360,0.23049394204685,0.68179079085604,2,1,0.642330581289053,1,1
2361,0.224570196296554,0.418179390359134,0,0,0.967651843503868,0,1
2362,0.155406647427455,1.0584166849995,2,0,0.39033776455698,0,1
2363,0.592554518806572,2.03199552372098,0,0,0.0615602397217516,0,1
2364,0.254780123523262,1.37956759444648,2,1,-0.222869163964272,1,0
2365,0.126278499663209,0.184697201487702,2,1,1.74736263437431,1,1
2366,0.535477835685015,1.21656464632788,1,1,-0.455192632438046,1,0
2367,0.0227763805553286,1.99603829335952,2,0,0.520765718300182,0,1
2368,0.0373493393871079,0.52678424150381,1,0,0.582243241195015,0,1
2369,0.886814975784736,1.7647219909475,1,1,0.776496442889729,1,1
2370,0.229464819761726,1.16801129115869,2,1,-1.33121105130477,1,0
2371,0.541243455578563,1.18637796528167,1,1,1.19810922879097,1,1
2372,1.50418751283123,1.7364749521804,0,0,0.651742836571559,0,1
2373,0.0861876091221347,0.159695746824323,2,0,0.0844021618253526,0,1
2374,0.414323794067079,0.777084573481116,2,1,-1.2054946945834,1,0
2375,0.290134282258805,1.79560322274011,1,0,1.16307634563314,0,1
2376,1.28795532737264,1.66973949521417,1,1,2.10916496257047,1,1
2377,0.327137323569081,2.02894865282694,2,0,-0.770690235400171,0,0
2378,0.366054018959403,3.62256786478478,1,0,-1.12571490128577,0,0
2379,1.76273558094146,6,0,0,-1.39611945867959,0,0
2380,0.953131133819559,2.26226143341599,1,1,-0.344104374728513,1,0
2381,0.128093556635826,0.696502139045576,1,1,-1.9579257273208,1,0
2382,1.04997557681054,1.29583053162704,1,1,-0.264316009029087,1,0
2383,0.116240893839858,1.1376572255575,2,0,1.87716879747831,0,1
2384,0.112781252423015,0.389586266126286,1,0,0.475683820575652,0,1
2385,1.07795144151896,1.12769639320401,1,1,-0.632565538383914,1,0
2386,0.0197665762093259,1.62428057100432,2,0,0.485482952861296,0,1
2387,0.139683734848315,0.244761135210757,0,0,-1.49614627576752,0,0
2388,1.04979904182255,3.34249892912474,2,0,-0.821473159234385,0,0
2389,0.112007124990524,0.476780267884738,2,0,1.70151926014523,0,1
2390,0.614855391296379,2.48820240228693,2,0,0.333269227308129,0,1
2391,0.198266809598935,0.770038737955437,1,0,0.328203909144163,0,1
2392,0.293144043534994,0.688161677596571,2,0,-0.830047403059127,0,0
2393,0.356153568427544,1.26441600111624,0,1,1.39372931015951,1,1
2394,0.131391282674259,0.700089576961286,1,1,0.132665315002608,1,1
2395,0.0525248735447448,0.503024902816384,1,1,0.606297828700556,1,1
2396,0.410837958566844,1.31708517453814,2,0,-0.222789749306542,0,0
2397,1.77235143248665,1.86726487059938,1,0,0.323132254099648,0,1
2398,0.193041326150967,0.33057771519328,1,0,-0.56381460384027,0,0
2399,0.0152242900803685,1.39437595217667,1,0,-0.149195102953237,0,0
2400,2.03731424166801,6,0,1,-0.670407088187303,1,0
2401,0.496517003021956,0.586342193807165,0,0,1.29880622757872,0,1
2402,0.859843581914902,4.66084748678325,0,0,-0.764954186186777,0,0
2403,0.0696113962490221,1.38919395564337,2,1,0.432622973958783,1,1
2404,0.165521401795559,0.752276413696893,2,0,1.27319520500996,0,1
2405,0.685975429601967,1.45049517036484,1,0,-0.152636689529679,0,0
2406,0.0674439998692833,0.0786447207433948,0,1,1.48485618398299,1,1
2407,0.534813455861814,2.64893921402593,0,0,0.790177530956594,0,1
2408,0.523079941996811,0.929851082038962,1,1,0.521186003305403,1,1
2409,0.576392286430866,1.03580584615082,1,0,1.13499089015055,0,1
2410,0.417446382925846,1.32786410636523,2,0,2.39691049288154,0,1
2411,0.466689122878715,1.3079316192798,1,0,0.722578553376975,0,1
2412,0.0268795334505903,0.387598888453533,2,0,1.37034521621955,0,1
2413,0.0413627651490868,1.16741339610735,2,1,0.259968776591364,1,1
2414,1.00241725094953,2.74407766949647,1,0,0.329068446026546,0,1
2415,0.221771644137334,1.24121084513067,2,0,0.101496453846293,0,1
2416,0.308592520315792,1.75376622142154,2,0,-1.06400650410167,0,0
2417,0.101965193171054,0.490820950517267,1,1,0.166934788873594,1,1
2418,0.0318022337160073,0.306556235549318,1,1,0.174593416309943,1,1
2419,0.0947770761558786,0.171570592902385,2,1,0.597383176102115,1,1
2420,0.402152774751741,1.75537367367844,1,0,-0.987392963244872,0,0
2421,0.363210504874587,0.567720895709634,1,1,-0.205565533551451,1,0
2422,0.197825989162084,0.530714016833398,1,0,1.26235902087747,0,1
2423,0.204696962027811,0.774426592229063,2,0,0.243731447141281,0,1
2424,0.0279211284941994,2.27776402935976,1,1,0.996319666445089,1,1
2425,2.13584098956528,3.28616982610915,2,0,-1.2388166987322,0,0
2426,0.241838950605597,0.929595113559785,2,0,0.732760228356557,0,1
2427,0.899103319918379,1.00121743556433,1,0,1.24031565852552,0,1
2428,0.0572533141821623,6,0,0,-1.32349574390509,0,0
2429,0.200418885506224,0.300917669284893,2,1,0.0845186841859987,1,1
2430,1.00484858732671,2.28217396235569,1,1,-0.285371106282095,1,0
2431,0.586103695069261,0.809316371757176,2,1,1.87876521481904,1,1
2432,0.0240655958132792,4.89554846946347,2,0,1.12775864650881,0,1
2433,0.0532145629404113,0.800583964834611,0,1,0.901936835273267,1,1
2434,0.252784343447927,0.795113781187027,2,0,0.569993072885447,0,1
2435,0.296277323795948,0.331782779292844,1,1,0.32816699853546,1,1
2436,0.159347375447396,0.960450559906206,2,1,0.0436803257723399,1,1
2437,0.916424445807934,1.09643429359345,1,1,-0.81878593087126,1,0
2438,0.431258010212332,0.891010294142606,1,1,0.689468276956399,1,1
2439,0.0853976014546682,2.72608401826222,2,0,1.1121690937034,0,1
2440,0.540480185273856,4.74992582382444,2,0,0.735661039894194,0,1
2441,0.175014521810226,0.987744346063654,1,0,0.571008471576688,0,1
2442,0.151727360488299,0.335376475595302,1,0,0.453868351793126,0,1
2443,0.54600534720387,0.563120160241098,2,1,1.52411240853409,1,1
2444,0.457159271518102,1.94261988801133,2,1,1.12845115381332,1,1
2445,0.482696877999053,0.527823902225483,1,1,0.431186800492167,1,1
2446,0.13814869831549,1.67933682746879,1,0,0.652885028366596,0,1
2447,0.284143231391396,1.45275230561589,1,1,-1.20150333502543,1,0
2448,0.722591609694064,0.832680420329173,0,1,-0.971220968083323,1,0
2449,0.923479325085521,2.69452701345594,1,0,0.254945060075664,0,1
2450,0.0216858871863224,0.537888706260755,1,1,0.997815896201398,1,1
2451,0.0872940491535701,0.222199007342146,2,1,0.913317525013784,1,1
2452,1.85906727417352,1.96012494277497,1,1,-0.445947713115048,1,0
2453,0.180749444407411,0.533759905865061,2,1,0.55137871744399,1,1
2454,1.33630943764001,1.35579918141219,1,0,-0.939404352354026,0,0
2455,0.0629120088457744,0.525285724223529,2,0,0.993152225339365,0,1
2456,0.0851429718385095,2.17487103791366,2,1,-1.62356912050597,1,0
2457,0.276691147009842,0.455669974548706,2,0,0.0674096671248296,0,1
2458,0.0349332261830568,1.06252793181134,1,0,-0.438190487444042,0,0
2459,0.432226714328863,1.37286668291833,0,0,0.201401549757191,0,1
2460,0.463534918354645,6,0,1,0.00706840653084888,1,1
2461,0.565548024579704,0.830894608460697,1,0,0.104841302669393,0,1
2462,0.338534192123916,1.6270687058568,0,0,0.558529708273086,0,1
2463,0.0307920321938582,2.33898693227698,2,0,0.86258876228575,0,1
2464,0.198888134036679,0.428332075427268,2,1,1.33070987595582,1,1
2465,0.952308882027864,1.39099601981917,1,0,-0.290065900894626,0,0
2466,0.798745774663985,0.873237772664631,1,1,-0.741094900205378,1,0
2467,0.0833363851415925,0.633146235582591,2,1,1.34446758974708,1,1
2468,0.242227174341679,0.688514028826746,1,1,-0.324069342796876,1,0
2469,0.41249212063849,0.591525494302164,1,1,-1.68189277099966,1,0
2470,0.145242637954652,1.59455214768257,2,0,-0.506363503202897,0,0
2471,0.888583242893219,1.78215275370813,2,1,-0.360419241247471,1,0
2472,0.106266970746219,1.74057504352809,1,0,-0.153775048910421,0,0
2473,0.182365961372852,1.85437462603052,0,1,1.9518597320518,1,1
2474,0.758749060306519,1.47171773339373,1,0,0.394640534688877,0,1
2475,0.579601632474937,0.890613125465344,1,0,0.504898526367023,0,1
2476,0.176730375736952,0.811094372725748,1,0,-1.27738775941071,0,0
2477,0.0904140351644549,0.174516725227928,2,1,0.666104420233037,1,1
2478,0.24747258197749,0.602238931680978,1,1,1.21532292490736,1,1
2479,0.196698433428537,0.458846610557947,1,1,1.74484753835919,1,1
2480,0.331989608821459,3.75973758944892,2,0,1.24445623594534,0,1
2481,0.161034869961441,0.545702784994049,1,0,-1.03281897108877,0,0
2482,0.116137314523371,1.29296691835813,1,0,-0.117354912991972,0,0
2483,0.84394184872508,1.03172213984689,1,1,-0.966229321490322,1,0
2484,0.0498216264531948,1.0729552184542,0,1,0.0344889615095722,1,1
2485,0.410668178461492,4.03618640966587,2,0,-0.0264389043586265,0,0
2486,0.572819258220695,1.14435402478842,1,1,1.16723074766332,1,1
2487,0.107422434957698,2.01492781260348,1,1,0.170580093381433,1,1
2488,0.790817768716618,1.08016242954413,1,1,-0.987244608564572,1,0
2489,0.142308038775809,1.7048702594216,1,0,0.286494732076004,0,1
2490,1.09941077791154,1.46370543416172,2,0,-0.223804051417614,0,0
2491,0.271454556786921,1.42957137865308,1,1,0.778192060939753,1,1
2492,0.426177230663598,0.92891141460449,1,1,-0.391155881829242,1,0
2493,0.243937897495925,3.77993844047318,2,1,-1.07136344710867,1,0
2494,0.217357309693125,0.673023476700385,1,0,0.793329727236838,0,1
2495,0.159817302281013,1.26485023061842,2,1,-0.562326829959071,1,0
2496,0.130680583417416,1.10900469493791,1,1,-0.811522377631244,1,0
2497,0.071583264216315,0.432879617371274,1,1,0.4883042120917,1,1
2498,0.305940088583156,0.464913062887794,1,0,0.682854823225107,0,1
2499,0.343192315660417,0.489931146924694,0,0,-1.05890302008146,0,0
2500,0.0456149107214971,1.77554861841558,1,1,0.0103849572784408,1,1
2501,2.28055419664424,6,0,0,0.197910805902441,0,1
2502,0.911664937622845,2.88403976335611,1,0,-0.674728786190351,0,0
2503,0.193254433534244,2.48088205871113,1,1,0.032594979463841,1,1
2504,0.373778550885618,0.419230859955557,1,1,-0.893384443831852,1,0
2505,0.417495207836755,0.538548442407603,1,1,-0.346524142344987,1,0
2506,0.649091745118432,0.86721180861347,1,1,0.725891913418114,1,1
2507,0.00237655107275022,2.26517357242604,0,1,0.509598992633372,1,1
2508,0.505671812690369,1.72843697012196,2,1,1.0663075126968,1,1
2509,0.156570897141674,0.495066982567155,2,1,0.240084286300753,1,1
2510,0.273822974704672,1.31182359178415,1,1,0.0353216885246545,1,1
2511,0.227947907834759,0.655950724288827,1,1,0.219223397290715,1,1
2512,0.539947560537864,2.54953197504309,1,0,-1.07614434693069,0,0
2513,0.0386409004568122,0.925474749646265,1,1,0.128818495570551,1,1
2514,0.0140620570339023,0.047738328576088,0,0,-0.389172857884984,0,0
2515,0.7856865448149,1.51577232596095,2,0,0.583576312248928,0,1
2516,0.0774304076912813,4.9858470250161,1,0,0.509136171722385,0,1
2517,0.419629679992795,0.960650229912568,1,1,-2.27591144280705,1,0
2518,2.27877008720281,5.91311749068964,2,0,-0.562711532831619,0,0
2519,0.728381771004548,1.45982142423807,0,1,-0.0874813465145237,1,0
2520,0.0196469125960117,0.178921767784841,2,1,0.849636830916726,1,1
2521,0.0986273415037431,0.164328963498066,2,1,1.15562123349373,1,1
2522,0.818279468454421,2.5568906072374,2,1,-0.557173798080397,1,0
2523,0.554286856760092,1.04764104875632,1,0,0.000715275214218947,0,1
2524,0.280240224092267,2.30263638708048,2,0,1.11116336750334,0,1
2525,0.00603115091100729,0.493533588192182,1,0,0.225118883358447,0,1
2526,0.0746540336837423,0.369989095869808,1,0,0.1125722692513,0,1
2527,0.327730476274155,1.22554576006496,2,1,1.00079362458793,1,1
2528,0.0123629893641919,0.295641914821799,1,0,0.461823399494496,0,1
2529,0.679944446093201,2.66357397273101,1,0,0.0650674557548973,0,1
2530,0.0129246008294038,1.63395133385115,2,0,0.823307452607889,0,1
2531,0.225694712251425,1.94193157128985,2,1,-1.18118211321164,1,0
2532,1.09137914426011,3.47829606185606,1,0,0.272556420423845,0,1
2533,0.307837848551571,0.767599696627882,1,0,-0.193674962816021,0,0
2534,1.96904412834885,4.01996769417752,1,0,-0.402118449005254,0,0
2535,0.19261158478912,2.85153193208694,2,0,0.538049482061459,0,1
2536,0.139303412870504,0.577414478926453,1,1,1.46342891857792,1,1
2537,0.473778860823879,0.533042910894979,2,0,0.272621559286699,0,1
2538,0.614195477074765,3.2115413986104,2,0,0.470304806145652,0,1
2539,0.131943621694992,2.29385211444388,1,1,-1.06319066683136,1,0
2540,0.27114303316921,0.619037951412901,2,1,0.672361859282962,1,1
2541,0.0320280858431943,0.220933299398866,0,0,1.30318152881768,0,1
2542,0.406325428339187,1.21177007071027,2,0,0.224005654039714,0,1
2543,0.0635015671880642,0.0756137227990285,1,1,0.589049067720412,1,1
2544,0.208321256213821,1.38242887668897,1,0,0.78454057059767,0,1
2545,0.285760707047302,0.361559525491967,2,0,0.442188281795987,0,1
2546,0.21936678502243,2.66841808080112,1,1,0.114403945171143,1,1
2547,0.0193481077440083,0.180655233969725,2,0,2.08565800016033,0,1
2548,1.51186553637071,1.63719190871321,2,1,0.0350453805296545,1,1
2549,0.234527829743456,0.667882179841399,0,0,1.06448047585228,0,1
2550,1.02177348124533,1.17340313728501,1,0,0.256296678288383,0,1
2551,0.0225318933170121,1.70533571668491,1,0,0.0832117945121866,0,1
2552,0.144290746189654,0.418230795707852,2,0,-0.550764979800918,0,0
2553,0.569012089373365,0.861348902749499,0,1,0.956861059701826,1,1
2554,1.7252360767776,1.96735224065681,0,1,-0.672160841854168,1,0
2555,0.0334779655988692,0.597195618910555,2,0,0.157402916407526,0,1
2556,0.113456255756319,0.520994855408962,1,1,-2.4637539903433,1,0
2557,0.32798822876066,0.517732618673212,1,1,-1.01385029039891,1,0
2558,1.02560384193772,1.47760671164928,2,1,1.68727066413381,1,1
2559,0.496776212795459,0.713516491079234,2,0,2.01990001733865,0,1
2560,0.226876592787448,1.11250810473356,2,0,0.227359422422306,0,1
2561,0.107194536505068,0.317692284594305,1,0,0.019435201283853,0,1
2562,0.030905881896615,0.671823724693053,1,1,-0.959134142426482,1,0
2563,0.400421632453799,0.629385420441835,1,0,-0.233575360463338,0,0
2564,0.609135765544899,0.706700216004607,1,0,0.896207248587396,0,1
2565,0.415721513854805,2.03188135382654,2,0,1.22032321098345,0,1
2566,0.118091370653618,1.11542907597171,2,1,0.393413306070191,1,1
2567,0.232320093549788,0.892740413654271,1,0,-0.816195612990518,0,0
2568,0.442464396831849,2.50077496282756,0,1,0.307668194400571,1,1
2569,0.65743946060241,3.04708454447488,0,1,0.37551111717258,1,1
2570,1.36837393619625,1.65689088343438,2,0,0.45980933313323,0,1
2571,0.536592552644953,1.35951469617213,1,1,0.466333672073584,1,1
2572,0.578582556892008,1.75631871185495,1,1,0.59875913400153,1,1
2573,0.162527936627157,2.52148707015062,2,0,0.980146777426526,0,1
2574,0.00892099272459745,0.343689317677642,1,0,-1.73101099730337,0,0
2575,3.18107662997374,3.29652107320726,0,0,-1.14660504683133,0,0
2576,0.000372907307847385,0.754803282519182,0,1,-0.950463103779155,1,0
2577,0.763316755738862,3.43532807346854,2,0,0.619561558579217,0,1
2578,0.0980598930618726,0.791819742032843,0,1,0.493954535301023,1,1
2579,0.394480227550957,0.889132560779438,2,0,0.33807117832717,0,1
2580,0.51900027343365,0.598664905242611,1,1,-2.0292623384877,1,0
2581,0.195870609604754,1.21715885481331,1,1,0.51411606435811,1,1
2582,1.03315381172686,2.69896087225328,2,0,0.875821740460478,0,1
2583,0.251531063695438,0.255893720448109,1,1,0.389775460209543,1,1
2584,0.443640539476813,1.01861977797232,1,1,0.287814579011958,1,1
2585,0.701818259523072,1.04630890902919,1,1,0.0865297098619604,1,1
2586,0.0372169606423866,1.01727444912388,1,1,-0.115719340507988,1,0
2587,0.806823150254786,2.05552271550665,1,0,-0.398408461536726,0,0
2588,0.577950875132166,1.05290664938022,2,0,0.484035965237094,0,1
2589,1.84070988736095,2.12635177615508,1,0,-0.964851335522886,0,0
2590,0.590183353080578,1.33646042229242,2,0,1.29418045976562,0,1
2591,0.364296893239953,0.979107709943519,1,1,0.785704639248612,1,1
2592,0.182311909273267,0.707829299430338,1,0,-0.0128177617707235,0,0
2593,0.0167428620625287,2.0107541090039,2,1,0.282594041181712,1,1
2594,0.0953848762437701,0.0998619136710962,0,1,-0.873418351829858,1,0
2595,0.867084945433589,1.92145342834589,2,1,-0.057915444118261,1,0
2596,0.478729183403209,0.811295712741754,1,0,1.22092150097804,0,1
2597,0.336755239986815,0.408320967047762,2,0,0.498197022746532,0,1
2598,1.14561984659509,5.75717540817106,1,0,0.13335750765348,0,1
2599,0.0441687782341708,0.271952650865137,1,1,0.702754011047348,1,1
2600,0.986518202349544,6,0,1,-1.16710405480496,1,0
2601,0.147131366829854,1.39812371201533,1,1,1.8171492030194,1,1
2602,0.168621539538174,1.01810921083962,1,0,-1.58243608714076,0,0
2603,0.952541876361114,1.97188650004164,2,0,0.335131231068458,0,1
2604,0.509585971944034,1.62786244243933,1,0,-1.34601141299874,0,0
2605,0.941594447009265,2.38286698784168,2,0,-0.8920634208353,0,0
2606,0.386171026329976,0.421803421270723,2,1,1.13516893999835,1,1
2607,0.504313301295042,1.51483310351521,1,0,-0.137543140995474,0,0
2608,0.00413027238433528,0.67804779709262,1,1,0.237690569435479,1,1
2609,0.0932637336587333,0.798275279192175,1,1,-0.107368736296253,1,0
2610,0.184364044466949,0.366946733341738,1,0,1.21367327166048,0,1
2611,0.103660728105343,0.966693228110671,0,1,-1.20870152598392,1,0
2612,0.379903581924736,2.36899402175946,1,1,0.0557988612769548,1,1
2613,0.198681368329079,0.241451632322921,1,0,0.166020309245934,0,1
2614,0.504432843855403,0.620726642196012,2,0,0.846434066132164,0,1
2615,1.37568617189453,6,0,0,0.541051541657436,0,1
2616,0.638036532301277,0.714174051513181,2,0,1.20601771088351,0,1
2617,0.522878052989774,2.40906740295216,1,0,0.80486610514935,0,1
2618,0.218640109417573,0.595973431888703,1,1,-0.293380214423129,1,0
2619,0.0518001106308977,0.290546213951132,2,1,2.08534703161432,1,1
2620,0.426385870377999,1.79473208529972,2,1,0.293513219479525,1,1
2621,0.339433905319311,0.677049245872848,1,0,0.220774692536245,0,1
2622,0.0458824059412454,1.78435743477406,2,0,1.34956046133151,0,1
2623,0.0129022292094305,2.01655226028982,2,0,0.582991998948998,0,1
2624,0.310556932236068,0.468688161893501,2,0,1.7581105438936,0,1
2625,1.44487023394384,1.68489615470442,2,0,-0.645397314981162,0,0
2626,0.0979110726621002,1.18380374594341,2,0,1.52045570382091,0,1
2627,2.07466468579116,2.7037341368389,2,0,-0.259906882165012,0,0
2628,0.20212640898535,2.60122982967293,2,0,1.51691345457468,0,1
2629,0.0931607083672911,1.99616719217104,2,0,0.0217237886005364,0,1
2630,0.157397924553638,0.200411623378412,1,0,-1.21194885592104,0,0
2631,0.116715553762671,1.10463992311606,1,0,-0.230662393269431,0,0
2632,0.226672269927803,6,0,0,0.505423405564665,0,1
2633,0.186649813316762,0.59907712771045,1,1,-0.532557379348324,1,0
2634,0.634878406301141,0.696740671782676,2,0,-0.759281448091291,0,0
2635,0.586456888179876,2.52876658303565,2,0,-0.12471163015459,0,0
2636,1.3887428666143,3.24030616848013,2,0,0.699654748849621,0,1
2637,0.399221004045103,0.874132141403839,1,0,0.0567110782299333,0,1
2638,0.454162218607962,2.26834357847276,1,0,-0.324770587692612,0,0
2639,0.321330078004394,2.04221702251422,2,0,0.418127825739027,0,1
2640,0.289216976088937,0.317447899431232,1,0,0.520740600976844,0,1
2641,0.322130229615141,0.326227449474286,1,1,0.511642885763216,1,1
2642,0.899627641774714,1.71440189826304,2,0,-0.57285118363991,0,0
2643,0.571421493996652,1.1192629940274,2,1,0.583563273912314,1,1
2644,0.334373436868191,1.18588333529711,1,1,-1.05151728873205,1,0
2645,0.114396031263769,0.515216346115381,2,1,1.12334237929577,1,1
2646,0.866281755707979,1.66545289223288,0,0,0.0550445685358456,0,1
2647,0.415785239078104,0.906672165638141,1,1,-0.161124755518403,1,0
2648,0.498179162360549,1.29785166210537,2,1,0.870196671842607,1,1
2649,0.438837091438472,1.32952665402348,1,0,-0.127924390079017,0,0
2650,0.0195067582535557,1.35752000397849,2,1,0.115579695819,1,1
2651,0.0459185880557691,0.704186959766895,2,0,1.16364057791414,0,1
2652,1.02848261692204,4.63769067590108,2,0,-0.996193808617657,0,0
2653,0.098196460474141,0.304961356404335,1,1,0.0233868778362137,1,1
2654,0.211198357865214,2.99237029778684,1,0,-2.45267631138137,0,0
2655,0.769994384609163,0.957434776937968,1,0,-1.91723465102359,0,0
2656,0.0279868918005377,0.807456325458163,2,1,1.29954950753081,1,1
2657,0.447783139424306,0.48553938325949,2,0,1.64231489866921,0,1
2658,0.161652584560215,0.589983711942224,1,1,-0.500988539172352,1,0
2659,1.15129842611193,4.8383317933039,2,0,1.63850017886247,0,1
2660,0.329218473285437,2.02527823663722,2,1,-1.25261236448036,1,0
2661,0.300237813033164,1.04823034757807,1,0,-0.803606207017065,0,0
2662,0.400138241238892,0.513159024218718,0,1,1.24355302231458,1,1
2663,0.205299861814432,6,0,0,-1.04923877444605,0,0
2664,0.763634013943374,0.769610513381807,1,0,-0.263951200676192,0,0
2665,0.219942500442648,1.26860066715012,1,1,-0.04273014715114,1,0
2666,0.780279917499803,2.07699633824329,0,1,0.610594193424742,1,1
2667,0.1482185756322,0.319055385795641,1,0,1.35944930318474,0,1
2668,0.416728852142114,0.481896239022414,0,0,0.651699768210922,0,1
2669,0.0355408376274939,0.396619339018783,1,0,-0.582194532998432,0,0
2670,0.422689372790046,0.603659878673272,0,0,1.65163070417944,0,1
2671,1.17836128454655,2.18479787620405,0,0,-0.279613255319988,0,0
2672,0.255321284756064,0.456489907089333,1,0,-0.36584212664298,0,0
2673,0.000315088931557803,1.41695690231541,1,1,0.812553437984286,1,1
2674,0.199793412350118,0.769046442789193,1,0,-1.59843369499195,0,0
2675,0.0910471513634548,0.676100606319341,2,0,0.546124840103734,0,1
2676,0.0300729069858789,0.215168176585693,1,1,-1.20535898435396,1,0
2677,0.0124873127707642,2.79493359848857,0,0,-0.307731182145041,0,0
2678,0.0621154851978645,0.493894215780614,1,1,0.444697357105344,1,1
2679,0.156891818559809,5.7016426622586,2,0,0.511769919423546,0,1
2680,0.701141711813027,1.16697354704617,0,1,-1.01647984263404,1,0
2681,0.153420983697288,0.182580331580021,1,1,1.09631707409598,1,1
2682,2.63330366267803,3.10483144483446,2,1,-0.596443468233573,1,0
2683,1.60725587281903,2.96337980777025,0,1,-0.439571979734305,1,0
2684,0.372232880035881,0.492427206826705,1,1,0.276259331010611,1,1
2685,1.12703329417855,2.31832045619637,2,1,-0.0185731657369243,1,0
2686,0.293830728860648,0.533944232038259,1,1,-0.0637966589893842,1,0
2687,0.0988111222929624,0.254081917786634,1,0,0.720559536663782,0,1
2688,1.12942441343611,1.13885771156383,1,0,-0.37564631209371,0,0
2689,0.686537079137571,2.99564849761391,0,1,0.624408259919767,1,1
2690,0.29237735648062,1.20639514261398,1,0,-1.3999889480383,0,0
2691,0.4319110715112,0.801925992090842,1,0,-0.805134132241733,0,0
2692,0.506270473822951,0.868436357161401,1,1,-0.539560161952603,1,0
2693,0.308061041869223,0.670632052577319,1,1,-0.255841637225711,1,0
2694,0.193151875282638,0.859753149220965,2,0,0.363683106220969,0,1
2695,1.53273356499334,2.72137418699761,0,0,-1.21852637888667,0,0
2696,0.452705365605652,0.725902079915007,0,0,-0.41821323354292,0,0
2697,2.51419263510945,5.49012646270075,2,0,-1.28766537446099,0,0
2698,0.217589887559508,0.27036687048773,0,0,0.659480614175535,0,1
2699,1.13969041034579,1.95137410735091,0,1,-0.813250459845458,1,0
2700,0.0952227122607906,0.398961205838015,1,1,-0.730168909110356,1,0
2701,0.411591092384914,0.706158948995993,1,1,-0.724895518029931,1,0
2702,0.462584865136825,0.488934511526256,2,1,0.0402244077776251,1,1
2703,0.062180848090354,2.61349369114286,1,0,0.0261938390928247,0,1
2704,0.502745389007032,1.11636975734112,1,1,-0.374921736214465,1,0
2705,0.33696313679684,3.38777922773724,2,1,0.401031381163691,1,1
2706,0.476520983246816,0.654360185490222,1,1,0.119373884120403,1,1
2707,0.0857671073754318,0.16044849881804,1,1,0.171579905800176,1,1
2708,0.120403598348265,1.62870052545169,1,0,-0.315450290232546,0,0
2709,1.0069002751261,2.14462134031339,1,0,-0.0343099737733519,0,0
2710,0.0901504099786892,0.692667614931842,1,0,0.307957289614078,0,1
2711,0.995760863104709,1.83611201435645,2,0,-0.316168110431608,0,0
2712,0.107375875557262,2.13608952247737,2,1,1.92152031179954,1,1
2713,0.593152221382417,0.793326160188424,2,0,1.84212844720594,0,1
2714,0.575036634082727,0.640193134241744,1,0,0.34863309549657,0,1
2715,0.351193050049295,0.599028904944837,2,1,-0.234115136978474,1,0
2716,0.114383237900545,0.284564071208442,1,1,1.04529087990819,1,1
2717,0.360857579798903,0.510077407193297,2,0,1.5878264633538,0,1
2718,0.03446333296597,0.550808116126172,1,0,-1.75164802890905,0,0
2719,0.138646552339196,0.58439506991525,1,0,-0.898838700238663,0,0
2720,0.510409508689128,1.8524540643229,1,0,1.3539047545056,0,1
2721,0.393255204253364,1.41148224034289,2,1,0.288529440817485,1,1
2722,0.279215370304883,0.371773931401145,1,0,-0.3271530183655,0,0
2723,2.96607743234453,5.37854947411095,1,1,0.202045818996639,1,1
2724,0.293569619767368,0.422748049934258,0,0,-0.584692600768061,0,0
2725,0.166767908167255,0.330168720987608,1,0,-2.61702965907706,0,0
2726,0.276047910738271,1.97364279391532,1,0,0.367307463035487,0,1
2727,1.48342442818248,2.28892768386436,1,1,-0.135677571094356,1,0
2728,0.0926724183686242,0.977511422869874,2,0,0.849640164693139,0,1
2729,0.27676234516548,0.894745998605786,2,1,0.0344512557810922,1,1
2730,0.229699302869401,4.67283180178379,2,0,0.654822396328242,0,1
2731,2.0137951056354,2.12331507262727,2,0,1.46096311163087,0,1
2732,0.650214229218483,2.1971492033576,1,1,1.10288808353466,1,1
2733,1.49908059640768,5.90789621200643,1,1,-0.761069184502426,1,0
2734,0.192426231806166,1.7909900968791,2,0,0.0368187963855892,0,1
2735,0.244001786340959,0.342871954204664,2,1,0.939087883692257,1,1
2736,0.58923133749051,1.89329742453992,0,0,-0.554909836936485,0,0
2737,0.735817796058774,1.7951105569513,2,0,0.396770497295283,0,1
2738,0.161079333919166,0.407060422542923,2,1,1.65269934904717,1,1
2739,0.0654200773265021,0.0792706829659399,2,1,1.14991640058257,1,1
2740,0.586700537241995,6,0,0,-0.494466433224403,0,0
2741,0.154497287294362,0.483042636910605,1,1,0.523669163993053,1,1
2742,0.633059279061854,1.0184795308234,0,0,-0.127267982479522,0,0
2743,0.111952621137762,0.293971529851357,0,0,0.423525004170984,0,1
2744,0.82352689290122,1.13799786960917,2,1,0.941224160934754,1,1
2745,0.0932462851051241,1.37257495918929,2,0,1.13802637067908,0,1
2746,0.354383207500657,1.56583503643026,1,0,-0.750169704765531,0,0
2747,0.306224148371257,0.791379286457587,2,1,0.242885801060566,1,1
2748,0.219865282415412,2.92804777221407,1,1,0.271317847375716,1,1
2749,0.627907676363185,4.79931603468267,0,0,0.0274924694177831,0,1
2750,0.0610846482556325,1.49139638417763,1,0,0.87689789729607,0,1
2751,0.522333755157888,1.4569362871569,1,0,-1.03582982705858,0,0
2752,0.254074694239534,1.19639097122094,2,1,0.746812412026805,1,1
2753,0.00423028232137022,1.83387651900456,2,1,1.48003096367142,1,1
2754,0.192180800794838,0.766784334869518,2,0,0.610793582061497,0,1
2755,0.652491526678205,2.549175240641,2,1,-0.41684918159386,1,0
2756,0.0158294976805101,1.06928846278768,1,0,1.2693483459796,0,1
2757,0.187656825000886,0.621206572913088,2,1,1.01245390678178,1,1
2758,0.416560263838619,0.511084838810893,0,0,0.907676652098721,0,1
2759,0.461702464937054,0.961241698033102,1,1,0.816194009441896,1,1
2760,1.06434798426926,2.41484514923341,2,0,-0.867851004180654,0,0
2761,0.332379070168827,1.56711169164042,2,0,1.53372330305657,0,1
2762,0.0131847645388916,0.680673064565537,1,1,0.158326085734026,1,1
2763,0.532265281627707,0.837200948825513,1,0,0.427511433827692,0,1
2764,0.138664716208417,0.275181609693094,2,0,1.68822982277331,0,1
2765,0.386091065302026,0.57829368904057,2,1,0.269172952000115,1,1
2766,1.05575887830333,2.54471003456096,0,1,0.930198379420213,1,1
2767,0.0699966393305356,1.56144254008239,2,0,1.40457609024235,0,1
2768,0.0528547519934364,0.0565939579461103,1,1,1.13983563405288,1,1
2769,0.603685147570356,2.72738085795338,2,0,0.918028275218616,0,1
2770,0.46740843329747,1.5989454575671,2,0,0.583720323498333,0,1
2771,0.552207839675248,0.953131985717445,2,1,-0.129839804172765,1,0
2772,0.297723720141221,0.99484934082282,2,1,0.281511439513674,1,1
2773,0.00554659217596054,2.13541559130281,0,0,-0.507318840727339,0,0
2774,1.09217291814686,3.35608039736351,1,0,-0.185420446812642,0,0
2775,0.386550234630704,0.398875579927862,1,1,-0.705010296355983,1,0
2776,0.0314325805197205,0.932633238692981,1,1,0.131152408182821,1,1
2777,1.19647526526229,1.32080827319778,1,0,1.25197593088241,0,1
2778,0.039539520512335,0.763710957566567,2,1,1.11509623048377,1,1
2779,0.559071908911511,0.858298376337871,2,1,0.700874719262045,1,1
2780,0.317371506534982,0.363348735293518,1,1,1.14334072838357,1,1
2781,0.0211350194877014,0.419078004204029,1,1,0.0440514638226171,1,1
2782,0.482928202228442,0.835166779843858,1,0,0.457430864259403,0,1
2783,0.0316970070873667,0.0469714575813069,1,1,0.97998854613372,1,1
2784,0.755233829814762,3.61665759714805,2,0,0.705546644096757,0,1
2785,0.517547600876361,1.55340988711496,1,1,0.569358526120527,1,1
2786,0.319079112668987,0.408463606034743,2,0,0.423941460854531,0,1
2787,0.22301831662643,0.853718303811671,1,1,-1.20230095709913,1,0
2788,0.0596300881963892,1.46615575759595,1,1,1.35921050328123,1,1
2789,0.0814487170428038,1.45077806121132,1,0,-0.107907881634417,0,0
2790,0.357364179217257,1.40677982823862,2,0,1.43639427273059,0,1
2791,1.26008714427577,1.57722573106488,0,0,0.32076965774886,0,1
2792,0.257935204426758,1.06988361708812,2,1,1.57736712733217,1,1
2793,0.0660926449927501,1.53957709433279,1,0,0.760407486358179,0,1
2794,0.0401221070205793,1.19506999673364,2,0,0.846488983205232,0,1
2795,0.234647460165434,2.14326361136354,1,1,0.651104553356729,1,1
2796,0.139131227300352,0.831628178110759,1,0,-0.729567382641377,0,0
2797,0.0255106156691909,0.251296116039157,0,0,-0.514630862292463,0,0
2798,0.235878051579013,1.29341316145965,1,1,-0.414143617117726,1,0
2799,0.604826205726677,2.06565002939274,2,0,0.29296488965656,0,1
2800,0.236313595661226,0.462187642788224,1,1,-1.17742586196863,1,0
2801,0.465233015103087,1.55512160751914,1,1,0.289616820258762,1,1
2802,0.58304304370825,2.51335327823957,0,0,0.227128548715502,0,1
2803,0.0144755326830706,2.64344323407589,2,0,1.0074531161106,0,1
2804,0.00437348178820685,1.47688145890868,2,1,1.79864897574698,1,1
2805,0.652360898226844,0.757848147991282,1,1,-0.215473885031764,1,0
2806,0.501485501273356,0.879620861931943,1,0,0.391218726710603,0,1
2807,0.058813120238483,0.201868663231532,0,1,-0.177373554706614,1,0
2808,0.127439492207486,2.5081657525152,0,1,1.58203486391962,1,1
2809,0.299859195947647,1.05213696620412,1,0,1.25029194741327,0,1
2810,0.0371614660252817,1.0255210420753,1,0,0.256477684920492,0,1
2811,0.540521778722115,1.73932616339294,1,1,0.357225879955345,1,1
2812,0.0964343786666552,1.18405704870719,0,0,0.157306733998669,0,1
2813,0.959118896130223,2.65154974184948,1,1,1.48985137187046,1,1
2814,0.31814078707248,1.2376961694517,1,0,-2.02140511107011,0,0
2815,0.105373794451723,1.48880482687943,2,0,0.202050296771008,0,1
2816,1.78349298880178,1.92989693369068,1,1,0.501156930903387,1,1
2817,2.30711957288444,2.97070929880502,2,0,-1.11322219676502,0,0
2818,1.20269675733858,2.91566209054571,1,1,1.29257652253642,1,1
2819,2.35706824987176,2.52947216007885,1,0,-0.65517116570131,0,0
2820,0.456165125976357,1.77952785562087,1,1,1.35342413074079,1,1
2821,1.50793591692092,1.94795541340472,1,1,-0.319240555586987,1,0
2822,0.639407305835568,0.914448193727504,1,1,0.0543382720730847,1,1
2823,0.0303598871687427,1.02090586597721,0,1,2.26780369036886,1,1
2824,0.117604347760789,0.277187770617893,1,1,0.728710279997407,1,1
2825,0.196504480554722,1.04719024955442,2,0,0.830291866824721,0,1
2826,0.0150498937000521,0.166028232848367,2,1,1.76323332497394,1,1
2827,0.0951287416868893,0.108832168824041,2,0,0.469847586319824,0,1
2828,0.45664254296571,0.479058036652095,1,1,-0.610975022434357,1,0
2829,1.4409998209825,1.58532661099757,1,1,0.368109193603478,1,1
2830,0.174142395146191,3.90012187647899,2,0,-0.383875288580908,0,0
2831,0.0657111011989556,0.582225397710329,2,1,1.05804922205323,1,1
2832,0.371602874365635,0.971341069821298,0,0,0.751906128485218,0,1
2833,0.0843583266647369,2.38111123485527,1,1,0.851972347193172,1,1
2834,0.749724375221187,1.18739132773195,1,0,1.12817922262278,0,1
2835,0.392668132553808,2.66541463788275,1,1,0.349683686042631,1,1
2836,0.773617580533028,1.25830881576786,1,0,-0.601642539240582,0,0
2837,0.0959724011065015,0.301427472490088,1,0,-0.301209861384408,0,0
2838,0.0877040083632155,0.945249688087625,1,1,0.356831397636593,1,1
2839,0.0832786716085828,0.404123903779163,1,0,0.325869626627393,0,1
2840,0.464034001478541,0.652329395552801,2,1,1.45271828196329,1,1
2841,0.968363928788916,1.78911423460457,2,0,0.221552256904089,0,1
2842,0.855684457320541,1.25572900795131,2,0,0.161140464571719,0,1
2843,0.556353411494576,3.23820396636923,0,1,0.138792092653289,1,1
2844,0.191727998899296,1.11023408607146,1,0,0.28669480366514,0,1
2845,0.793826272102826,1.7717689413976,1,1,1.00629242570044,1,1
2846,0.310541069716909,0.634160104571986,1,0,0.158541526091332,0,1
2847,0.0790785115627661,0.437298977357931,1,0,0.193205693511407,0,1
2848,0.238865224528126,2.04475904111624,1,1,1.14949959292432,1,1
2849,0.637307311878089,1.44587787489096,0,0,0.355838007403128,0,1
2850,0.491238359801293,1.64360695903768,2,0,0.918126156356808,0,1
2851,0.248958309821319,0.517390772077818,2,1,0.254159718434269,1,1
2852,0.167306763469242,0.240651690668061,2,1,0.416070144362093,1,1
2853,0.280278709251434,2.40502450058578,2,0,0.611327867351848,0,1
2854,0.469567923547521,2.07883174531162,0,0,0.616565316437312,0,1
2855,0.215673116967082,0.473376282787468,2,0,-0.387369574910874,0,0
2856,0.0961724608832362,0.48121048643519,0,0,-0.359200073815139,0,0
2857,0.19651061668992,0.466599932545042,1,0,-0.291922651004342,0,0
2858,0.609360720237538,1.21120957936648,2,0,0.232856559304321,0,1
2859,0.304741624859162,1.26627338098453,2,1,1.63577006423846,1,1
2860,0.0676667466177605,3.1579210618017,2,0,0.0862801856541692,0,1
2861,0.742166825776741,3.85618404529554,1,0,0.16830409545329,0,1
2862,0.381978974910453,0.777520450452964,0,0,0.796435355261948,0,1
2863,0.223061076248996,0.564469531792638,2,0,0.417193660787247,0,1
2864,0.0105226162122563,0.0297877630421276,2,0,1.71486211840525,0,1
2865,0.337034229305573,0.46924714275963,1,1,0.47971856921999,1,1
2866,0.0985799232148565,0.774736288560563,2,0,2.74765794179196,0,1
2867,0.0370274064828179,1.69098281203451,2,0,0.0676385205325321,0,1
2868,0.182420633500442,0.475320599362139,1,1,0.825881438987933,1,1
2869,1.69771170352159,2.90638036094606,0,0,0.131519289334985,0,1
2870,0.214018790982664,1.91230738922385,1,1,-0.102456206002341,1,0
2871,0.00296683474381317,0.191315383038532,2,1,0.612054308772366,1,1
2872,0.0375037407502532,1.08892163917258,1,0,-0.25846230741767,0,0
2873,0.646015641506861,1.9875772343653,0,0,-1.10717141121935,0,0
2874,2.42270893408897,2.66607060863896,1,0,-0.0864260592674163,0,0
2875,0.163678445130894,0.184655887742085,2,1,1.49975189304841,1,1
2876,0.902120643242836,1.23043119790199,0,0,1.07988949487208,0,1
2877,0.599767888896167,0.913273794211804,1,0,-0.476648562410833,0,0
2878,0.352401143754832,3.10946849915482,1,0,0.921258829478728,0,1
2879,0.651439346667154,2.11560433386025,2,1,0.842651987240867,1,1
2880,0.0729878094548426,0.452772286063353,2,1,0.310013209533598,1,1
2881,0.267584834946319,1.03164139355002,1,1,1.3018979590552,1,1
2882,0.286296520558737,0.286962549062156,2,1,-0.334565672561145,1,0
2883,0.615062725615291,1.63800081866726,1,0,-1.27535673132837,0,0
2884,0.18972635618411,0.297909387672322,1,0,0.967661889965284,0,1
2885,0.0961000593942181,0.396929630949199,2,1,1.1148919622325,1,1
2886,0.289184706285596,1.71177566806223,1,1,-0.755371090454557,1,0
2887,0.619187647754304,2.3933483230847,1,1,0.450054300382999,1,1
2888,0.0394649546088,0.845621020221955,1,0,-0.125800991699146,0,0
2889,0.412811703422959,0.955050608997136,1,1,0.886153327224901,1,1
2890,0.513227371076491,0.85194600308634,1,0,1.24724299426153,0,1
2891,0.367949952487834,0.913555142951872,1,1,0.953859258662033,1,1
2892,0.76666783946269,1.30097016398285,2,1,0.552403968045883,1,1
2893,0.365572800219525,0.61458104467092,2,0,0.388357579499388,0,1
2894,0.188728956644498,0.194839212270528,1,1,-0.644361224304082,1,0
2895,0.363774520345032,5.64957760786579,2,0,-1.54317383035657,0,0
2896,0.295116102788597,0.838238844529846,1,1,0.165728382810956,1,1
2897,0.253192003292497,0.374866261457404,0,0,0.0242713082637014,0,1
2898,0.952978900633752,4.52874514621801,2,0,-0.460490340627445,0,0
2899,0.90116059251233,3.34688107412306,1,1,0.686580651354202,1,1
2900,0.86822662934358,1.3621980292011,2,1,-0.0582406045016554,1,0
2901,0.214837060775608,0.373343284626391,1,1,0.223919425236285,1,1
2902,0.567065273378012,2.42406786839133,2,1,0.00562890974716268,1,1
2903,1.06849510874599,1.27775240271552,2,1,-0.231001885358967,1,0
2904,0.944339638756231,2.72040733028009,1,0,1.85698492401114,0,1
2905,1.89194572522285,1.93845278673929,1,0,-0.981395969223519,0,0
2906,0.16470612026751,0.939724957650153,1,0,-1.22928754663424,0,0
2907,2.78837290809569,3.8431896114101,0,1,0.4018951862719,1,1
2908,1.7301654882718,3.00092835910618,0,0,-1.33644195939801,0,0
2909,0.0389229130814783,0.139276585051428,2,1,0.337275106209995,1,1
2910,0.0561757259014403,0.325404533715847,1,0,1.86330398074952,0,1
2911,0.165349852510186,6,0,0,-1.25851713011457,0,0
2912,0.209431489929557,0.830936679796551,1,0,-0.322362917448155,0,0
2913,0.943058108543712,1.37686939948158,1,1,0.462823048241179,1,1
2914,0.392115932481829,2.5099727243947,2,0,1.44170818648606,0,1
2915,0.851197839921162,3.21915715927129,1,0,0.25611082801973,0,1
2916,0.0395886592848088,3.77266775821142,2,0,0.427369073784532,0,1
2917,0.169510387058835,0.430211361983703,1,0,1.57917053884838,0,1
2918,0.0326767045771703,0.548410062117454,1,0,0.230451516959566,0,1
2919,0.0988330421097619,0.108604865142438,1,0,-1.45292532527132,0,0
2920,0.041516363174744,1.44089961479067,2,0,0.586491334423596,0,1
2921,0.371751172351651,4.05442948763569,0,0,0.971535846821779,0,1
2922,0.255158360156785,2.76964296026268,1,0,0.173464508391948,0,1
2923,0.644528429812573,1.94258535981411,2,1,0.145505247674812,1,1
2924,0.0539408805287994,1.04554866152396,1,1,0.615339009636934,1,1
2925,0.0646528489887714,2.29999181933155,1,0,-0.116416596577264,0,0
2926,0.105377588188276,0.472723014058853,2,0,0.715884650660829,0,1
2927,0.22626530751586,2.19088489810626,0,0,-1.10744461241797,0,0
2928,0.181685646064579,0.95863892641709,1,0,-0.385234769064581,0,0
2929,0.221120399026769,0.989357065561374,1,1,-0.510219434693181,1,0
2930,0.110407678516732,1.690251802168,1,0,2.12908949241892,0,1
2931,0.142971319134276,2.04801917816458,2,0,0.969318574458437,0,1
2932,0.110920991702443,0.934633360762756,1,1,0.406933873424329,1,1
2933,0.894353360995927,0.925701667486196,1,0,0.66947325027297,0,1
2934,0.0484613750422554,3.10628214463484,2,0,-0.330710040792105,0,0
2935,0.0833515136037022,0.62777570235365,2,0,1.93901224700921,0,1
2936,0.232913101208396,0.234658385937413,0,0,0.703038986328873,0,1
2937,0.598977096352547,1.5124795819075,1,1,0.689441626720216,1,1
2938,0.228477639615433,0.695587757838065,2,1,-0.283876371703276,1,0
2939,0.119837103463811,0.607487061088403,1,0,0.183496100678288,0,1
2940,0.796812649906434,1.41007268868546,1,0,0.80998364882108,0,1
2941,0.447994814487511,0.944893957950865,1,1,0.791199813094221,1,1
2942,0.207189594220836,4.01891311995732,1,0,0.47406861003253,0,1
2943,0.0952214169775236,1.37679318475294,0,0,-2.09398339198095,0,0
2944,0.335975704273678,2.67129881031128,1,0,-0.775084249069576,0,0
2945,0.0117230264893258,1.59025784066211,2,1,0.950011764800036,1,1
2946,0.216224600533959,0.217714238803819,2,1,0.218534898677695,1,1
2947,0.0603450387716293,0.142862695343885,1,1,-1.02122688020628,1,0
2948,0.611490013077855,0.682203598334148,1,1,-1.36498996525914,1,0
2949,0.762773814611137,2.19673891516494,1,0,-0.595537729169835,0,0
2950,1.26095818821341,3.02358185096078,0,0,-0.641976700814509,0,0
2951,0.579487762413919,1.19066523136768,1,1,-1.45330514237625,1,0
2952,0.194205275828616,0.595962190008971,2,0,-0.166018868085072,0,0
2953,0.120361891066271,1.15730567574529,1,1,-0.784951560304764,1,0
2954,0.783744557385154,0.85972055605204,2,0,1.32204980242808,0,1
2955,0.00653004040941596,1.53658048870421,2,0,0.346126130154598,0,1
2956,0.292813005362804,0.351041353811753,1,0,0.254800914530565,0,1
2957,0.309036116523203,0.60104603258272,0,0,0.441986888898144,0,1
2958,0.175774495583028,2.94696836746716,2,0,0.512889753209456,0,1
2959,0.0108289857997006,0.50277747821855,2,0,1.22362079252313,0,1
2960,0.724256498295005,2.6739720854152,1,0,0.0435616117971134,0,1
2961,0.241600544541143,0.414773456658305,1,0,0.399796576518961,0,1
2962,0.0549066695384681,0.348959647451623,1,1,0.192093430288893,1,1
2963,0.0422648335770515,0.372037075199039,2,0,0.413522598420773,0,1
2964,0.0127672840608284,0.681174462666658,2,1,0.962942748171427,1,1
2965,0.513197369537767,1.1367132936232,1,0,0.700401146097268,0,1
2966,0.192126875335816,0.777537819588445,2,1,0.602245765713649,1,1
2967,0.0759012204210572,0.889985038982312,1,1,0.0199402901027731,1,1
2968,0.895808256231248,2.80827877537329,2,1,-0.235123981634896,1,0
2969,0.0901535831508227,0.154146451312483,2,0,0.695654699343416,0,1
2970,2.59347649627276,2.86451812033966,1,1,0.303098499856589,1,1
2971,1.54408034860137,1.82612961780001,2,0,-0.281001010440071,0,0
2972,0.0777771204593591,0.182413158090927,1,1,0.285201632932919,1,1
2973,0.0810024637030438,0.592035248766271,0,0,1.26927906402478,0,1
2974,0.983534992876222,1.70993718585686,1,1,1.38459720066804,1,1
2975,0.407900244754273,0.461034911047973,1,0,0.682759862733953,0,1
2976,0.0363351489091321,0.560831410723765,1,1,0.380223361382192,1,1
2977,2.65473980448189,3.21728218946228,2,1,-0.830162926144153,1,0
2978,0.55223529457283,0.604337155239217,1,1,0.23746246302045,1,1
2979,0.313182871905155,1.25105777170911,2,1,1.42882593830396,1,1
2980,0.859107367551707,1.2706825986594,2,0,0.722898531914602,0,1
2981,0.129321478899143,0.997353525279266,1,0,0.116405311828206,0,1
2982,0.119988108985126,0.700945140173038,0,0,-1.16453192070053,0,0
2983,0.875041131073062,1.87082415738163,2,0,-1.15431097108452,0,0
2984,2.3353405035192,3.08764761148236,2,0,-1.06750562957185,0,0
2985,0.892164694145322,2.0333448256795,1,0,-0.759421219935905,0,0
2986,0.0763113764696755,2.09368872112622,1,1,1.01030253678897,1,1
2987,1.50689194087444,1.97757974465794,1,0,0.103457253132866,0,1
2988,1.03736463928932,1.41670810017342,1,1,0.734258564715591,1,1
2989,0.118069092338205,2.09549205935358,2,1,0.534363520254123,1,1
2990,0.0188605580630884,0.140719822329552,2,0,0.907450270689166,0,1
2991,0.0685990750789642,1.86190177076817,1,0,-0.901687625362405,0,0
2992,0.76157614236866,1.70930515399319,2,1,1.60963427437944,1,1
2993,0.400310755358078,0.561094187453459,2,0,1.47237279834547,0,1
2994,0.0791494778241031,1.21774279748924,2,0,0.0436192309176939,0,1
2995,0.307649801834486,0.737104671253433,1,1,0.0410571009105214,1,1
2996,0.160284343292005,1.48806511424482,0,0,0.204565428079313,0,1
2997,0.149220548919402,0.239043643451568,1,1,0.67271392477079,1,1
2998,1.39722348997875,1.70344847810601,0,1,0.149063593854121,1,1
2999,2.84306273018138,3.36077115188042,0,0,-0.646049697973743,0,0
3000,0.138545960362535,2.50870936881718,2,1,0.382064406008359,1,1
