"id","L","X","status","z1","z2","cgroup","tgroup"
1,0.0382503002765588,0.254885818100969,1,0,0.850479380746339,0,1
2,0.305156171321869,0.543240071584388,1,1,-1.18740430911654,1,0
3,1.30568735875694,6,0,0,0.249356519758697,0,1
4,0.617652163557654,2.50195706188765,2,1,0.0874979104629142,1,1
5,0.139500225195661,0.804487645576621,1,1,0.849675034354332,1,1
6,0.104460004383978,0.458358218731014,0,0,-0.598412702243994,0,0
7,0.1784215279622,0.223411471746639,1,0,1.38627720970298,0,1
8,2.01149377404692,2.24164653829992,0,0,-0.524792488651573,0,0
9,0.78074885762465,0.822788992275794,0,1,0.046425244208772,1,1
10,0.830866412259638,1.17889198429539,0,1,-0.696716637243091,1,0
11,0.208011964859907,4.43636605826517,0,1,0.75279584537761,1,1
12,0.598192557692528,2.58458935716331,2,1,-0.328719761512534,1,0
13,0.287554438691586,1.01320407563088,2,1,1.12789255561954,1,1
14,1.75061993665042,2.45743320278413,1,1,-0.692523551393934,1,0
15,0.250092630740255,0.475622298231483,1,0,0.0852064788437231,0,1
16,0.0160880195010401,0.228212837329251,1,1,-0.64090301028341,1,0
17,0.116680995561182,1.72038728025569,1,1,1.20457295066755,1,1
18,0.0662354324012995,0.747096137774537,1,1,-0.528613900045792,1,0
19,0.0161477897199802,0.247684790431125,1,1,1.28641534807514,1,1
20,0.00255822247904104,0.59296192965016,2,1,0.285305346547539,1,1
21,0.540817480308689,1.49047481486197,1,1,0.476744903629026,1,1
22,2.40021231948378,3.22773682574431,0,1,-0.0501153940451352,1,0
23,1.05882335099728,1.18790165822932,1,1,1.64158695004505,1,1
24,0.812737352072083,2.46168473710074,2,0,0.844807641574947,0,1
25,0.142360304889735,0.717233866182538,2,0,1.84756960753704,0,1
26,0.267569731920958,0.283415312986238,2,1,-1.14439438272941,1,0
27,0.646787281703957,1.61854815231921,1,0,0.913295202793529,0,1
28,1.1303719105199,1.15785423791374,1,0,-0.882271251096514,0,0
29,0.173346169292927,0.62802744809196,1,1,-1.08592098981482,1,0
30,0.309781956317684,0.728711522715641,1,1,0.0875027704208392,1,1
31,0.599322013556957,2.30849121274507,1,1,-0.902866481187125,1,0
32,0.977164098992944,1.67113369163101,2,1,-1.38567444534327,1,0
33,0.09658882316138,0.12203368017836,1,0,0.445950773337787,0,1
34,0.422979589202441,0.463522962666407,1,1,0.0811349731866107,1,1
35,0.223362212418579,0.381443003227989,2,0,1.0106769176011,0,1
36,0.646079211120315,2.17376124677675,2,0,0.270012551461048,0,1
37,0.191586711845886,0.340934945597228,2,0,0.748944758112219,0,1
38,1.16950379543053,1.20862671419403,0,1,0.240761372062503,1,1
39,0.42924098263029,2.65134834980467,1,1,1.38034861444785,1,1
40,0.397212805401068,1.26795428373492,2,1,0.654828831234899,1,1
41,0.198586594779044,1.2167688655454,1,1,0.816061809671312,1,1
42,0.0992777370551676,0.121924842640209,2,0,0.831070706038926,0,1
43,0.138447694480419,0.432560664291183,0,1,-0.932749014179991,1,0
44,0.00999048724770546,0.100191880575893,1,1,-0.929324804560962,1,0
45,0.430663505394477,0.572805142076998,2,1,0.973420772957944,1,1
46,1.36212431701405,3.66802758903149,1,1,0.970580865559745,1,1
47,0.662293973119751,3.1876522120455,2,1,0.0404092442278649,1,1
48,0.551044010557234,0.754911388250447,0,0,-0.116152995726116,0,0
49,0.622272999025881,1.19753902836368,1,1,-1.3236596269962,1,0
50,0.198521061229133,0.74928833153462,2,0,-0.0790714192728649,0,0
51,0.505215314889148,0.97207714920811,2,1,0.616411988264432,1,1
52,0.723448441686861,3.20034774336015,2,0,0.854820785178853,0,1
53,0.404461774975061,0.487276842402137,1,1,-0.47353688460738,1,0
54,0.0493029113858938,2.37181052267836,2,0,-1.17968299571107,0,0
55,1.10450299327671,1.52628201911663,2,1,-1.26334104332376,1,0
56,0.150757017254364,1.4772784583939,1,0,0.838378626269967,0,1
57,1.49515043586998,1.82722968770401,1,1,1.01784809106116,1,1
58,0.0531039501146359,0.415221935936167,1,1,-0.560525832375058,1,0
59,0.228993917698972,0.734362973568675,1,1,1.72333437240683,1,1
60,0.508999371316657,1.91149138700166,1,0,-1.81201900678421,0,0
61,1.14713520370424,2.29894294735074,2,0,-0.00511471292854062,0,0
62,0.261069390922785,4.68306361807755,1,1,-0.760639428033048,1,0
63,0.15188133897027,0.258868702122419,2,0,1.65631460457621,0,1
64,1.54902829780223,2.08563345079588,2,1,-0.894404532280333,1,0
65,0.385917076200712,0.432750379914233,1,1,0.575366985534272,1,1
66,0.450693757809181,0.479422622479186,1,0,0.948202661082199,0,1
67,0.0902930392096353,2.8954775264309,1,1,1.20744380375475,1,1
68,1.06092611273403,2.66682809529205,0,1,1.58892203833358,1,1
69,0.343942156961604,0.618966520946543,1,1,-0.0752417263104506,1,0
70,1.19595963153394,2.07648038096334,2,1,1.77357175406728,1,1
71,0.457694146364944,1.03725588885059,0,0,0.228001680201984,0,1
72,0.156983544293325,2.4190526382875,2,1,0.797622517639276,1,1
73,0.0222955990466289,0.597823042908952,2,0,1.1581804941065,0,1
74,0.102372804358264,0.336255345208193,1,1,-0.268072679706338,1,0
75,0.164872978813946,1.0960100383825,2,1,-0.189198502890317,1,0
76,1.04335590079427,2.25480795585944,1,0,-0.546826627460074,0,0
77,0.468175853602588,3.09228449042928,2,0,-2.5717485447123,0,0
78,0.108933801432206,1.18243346153916,2,1,-0.0914852370907844,1,0
79,0.695927699535906,1.05390235310714,2,1,0.573709961352195,1,1
80,0.988797307945788,1.91079800017178,0,0,-0.259799755715743,0,0
81,0.259971120685805,0.76566844512937,2,1,1.60159976646676,1,1
82,0.242121773771942,0.41164684063826,1,0,0.806784520185325,0,1
83,0.055728597799316,0.897158089525696,2,0,1.95803385427049,0,1
84,0.214610418619318,0.553312672246386,1,0,-0.59875834944051,0,0
85,0.941660898737609,2.83570662617451,2,0,-0.190771338079188,0,0
86,2.51546495213153,6,0,0,-1.21356284100637,0,0
87,0.41929273694857,6,0,0,-0.943023556747879,0,0
88,0.227124107070267,1.00456747929049,1,1,-0.298304556982329,1,0
89,0.277308080112562,1.99627285397527,2,0,0.874439738598894,0,1
90,0.418248280184343,0.57304607190791,2,0,0.0796628802708641,0,1
91,0.458722764716305,0.804199771955609,0,1,0.704884665317728,1,1
92,0.206820273015182,1.12617142694598,0,1,1.11608797736766,1,1
93,0.0976741760969162,0.316666713980885,1,1,-0.218684184318369,1,0
94,0.116318066429812,0.687047482231338,1,1,1.76434253064345,1,1
95,0.184945608518128,0.464850184514715,2,1,-0.202957891129324,1,0
96,0.363497076614294,1.23418902033013,1,0,0.731193449637901,0,1
97,0.119853961805347,0.256726450029453,1,0,0.588209172801247,0,1
98,0.467930606742507,0.490028871196554,2,0,1.03692751802059,0,1
99,0.0739079195773229,1.16694421298957,1,1,0.75818033217132,1,1
100,1.47426980754205,2.29983829505759,1,0,0.559627201398334,0,1
101,0.142687196843326,0.44130050331337,1,1,-0.302087750715391,1,0
102,0.341883289562806,0.439363089837397,2,1,1.0586594027396,1,1
103,0.363798506732564,1.01013533930389,2,0,0.141113295165755,0,1
104,0.123843972105533,1.76602202370886,1,0,1.59807321352774,0,1
105,0.614561072379599,2.20293838797355,2,0,-0.736729124834308,0,0
106,0.454708001317278,3.13911914947462,1,1,0.0696504941475317,1,1
107,1.1818920308724,3.58025915279322,2,0,-0.419312054183239,0,0
108,0.126103176270593,1.32201713965945,2,0,1.55909811969912,0,1
109,0.327963342890143,3.10570479269354,2,1,-0.54646986457147,1,0
110,1.45483754194322,1.51055821002679,1,0,-0.684225777517709,0,0
111,0.770603639513076,1.76288185096024,1,0,0.524713934423137,0,1
112,0.189158756285906,1.85278594665974,1,0,-0.247488235235493,0,0
113,0.177743436652236,1.09833665438823,1,1,0.0868585720693202,1,1
114,0.250648471992463,0.582668249224035,2,1,1.07010912873697,1,1
115,0.009974593995139,0.195350177149719,2,1,2.06985338173537,1,1
116,2.58597251363941,3.18485957081217,2,0,0.197537440206517,0,1
117,0.0633448828587216,1.12393490974007,1,1,0.375035441797856,1,1
118,0.536866218873121,1.6864944777141,0,1,0.128352034827107,1,1
119,0.320327281369828,0.751364875594489,2,1,1.17095485450582,1,1
120,0.212711359375771,1.3722000302754,1,0,-0.050811556346725,0,0
121,0.796692959239528,1.85334562449221,1,0,0.300538426109406,0,1
122,0.276332175708376,0.482600571010116,0,1,0.41709958426741,1,1
123,0.042673312900185,0.455006016725284,2,0,0.233867953877161,0,1
124,2.01705033985319,2.34825539517145,1,0,-1.62651506889861,0,0
125,0.340217803895939,1.21282660091917,0,0,0.214329390079129,0,1
126,0.452357492055311,1.05210521819671,1,1,0.482732258689803,1,1
127,0.255462994408602,0.311224175175515,1,0,-2.34516696702674,0,0
128,0.952331126847878,1.17708924847345,0,1,0.0499268552255832,1,1
129,1.03786405673598,1.81654729987269,2,1,0.264920335519058,1,1
130,0.0745956127933526,0.695929628991028,2,1,0.521399397303253,1,1
131,0.0682731624434604,0.304597598793928,1,1,1.14598430342652,1,1
132,0.560271872552906,2.0954083073611,2,1,-0.118461237951797,1,0
133,0.100812514078958,1.60004304634579,1,0,0.486484108245491,0,1
134,0.0274017176707275,1.24153942417076,2,0,1.36389860223842,0,1
135,0.194211977650411,0.949506180518847,1,1,0.0655190902964638,1,1
136,0.0179788148784967,0.361700719413992,1,0,0.482851198219613,0,1
137,0.584573468632817,1.20195137200336,2,0,0.922694660852029,0,1
138,0.0250614666712063,0.448889025003228,2,0,1.16586957464747,0,1
139,0.0591629082919098,1.78466888611617,1,1,0.161444990500113,1,1
140,0.715706947259605,1.83752112077568,1,0,-1.41109330655646,0,0
141,0.0167340516531319,0.431809386692312,1,1,0.0121777697149971,1,1
142,0.228945988872644,0.794398007688648,1,0,0.240019276645545,0,1
143,0.0474508007755503,0.231284941647042,1,1,0.686622567513645,1,1
144,0.119188773969654,0.279426046209419,2,0,1.64653013062816,0,1
145,0.0682131392532941,1.20823158329907,1,1,-2.02420233925922,1,0
146,0.020564528034191,1.06999689803647,2,1,1.52054386059269,1,1
147,0.0364233573782258,1.17459323011015,2,1,0.106431103171563,1,1
148,0.770312282230526,1.36965245986003,2,1,0.900217474040769,1,1
149,1.86765334187987,2.56365363357294,0,1,-0.379616781046396,1,0
150,0.795484617093399,0.923367809981587,1,1,0.617136726389984,1,1
151,0.10730340582218,1.79970163844818,1,1,-0.106614981809485,1,0
152,3.20898773504381,3.48453922296651,2,0,-0.637989585013323,0,0
153,0.248743989560211,1.04601124273906,1,1,-0.727969611339121,1,0
154,0.00488808902446181,2.40154567509966,2,0,1.02915968633393,0,1
155,0.126113402488413,2.26524635262369,2,0,0.163246855879715,0,1
156,0.125651201524306,1.54101527749235,1,1,1.41425300420539,1,1
157,0.146689635876101,1.59961406972156,2,1,1.29359908519708,1,1
158,0.100668042432517,1.04200485480753,1,0,0.945998743410006,0,1
159,0.334479120501783,2.13911043261325,2,0,0.311894859006223,0,1
160,0.346171329781098,0.353956188965118,1,1,-1.07296712624416,1,0
161,0.10280872345902,1.39754898949296,1,0,2.5130579307037,0,1
162,2.16268553390148,2.45938910658667,1,0,-0.300699926488607,0,0
163,0.744123912273728,0.917963109287241,2,0,0.812919054334352,0,1
164,1.99229497267845,4.13019951240705,2,1,-0.825052940700119,1,0
165,1.7657774563331,4.1019446730725,2,0,0.31898754500273,0,1
166,0.205691135779489,0.340013224631548,0,1,0.545923061703842,1,1
167,0.0340822345689251,0.0651301443568694,1,0,0.278376723991931,0,1
168,0.0235106999354927,1.3441842928087,1,1,0.761408217915075,1,1
169,0.459891500379914,1.06599738612381,1,1,0.294586248144257,1,1
170,0.776270750767373,2.14110030482213,0,0,1.13701626758612,0,1
171,0.0917768926592544,0.925435426955422,0,0,0.16267562964446,0,1
172,0.41653074149508,1.67169590297145,2,1,0.079804368017627,1,1
173,0.872373030235634,1.44378127524717,2,1,0.0348523355682462,1,1
174,0.141322423005477,0.464288379285618,0,1,0.620474849898854,1,1
175,0.547376906589426,0.750335611194188,2,0,1.0950423693087,0,1
176,1.45739850020947,1.47176670265392,2,0,-0.0929441313577013,0,0
177,0.0338747426283571,1.56141580816199,2,1,1.75184155082885,1,1
178,0.233804991540682,0.24612865512169,2,0,-0.592222328962269,0,0
179,0.989849432635027,1.36923778180998,1,0,0.25855349941414,0,1
180,0.0773911905650051,0.153523572789598,2,0,0.671987061680601,0,1
181,0.0501215906115249,0.982552012758437,1,1,0.341040885187256,1,1
182,0.374225977284368,0.415949523871004,1,0,1.96221563510926,0,1
183,0.0363698806613684,2.93383696537963,2,1,-0.391550919871121,1,0
184,0.125911200878651,0.668557426745024,1,1,0.0815540084451361,1,1
185,0.0166306929585848,1.03509941244176,2,1,0.947922137324397,1,1
186,0.329267525521573,1.64129458982182,2,1,0.788366116476627,1,1
187,0.0752301177151583,0.591774593316497,0,1,0.246271173270555,1,1
188,0.025823380317601,0.841003238790914,2,1,1.79867627877201,1,1
189,0.0572223156083455,0.0983974627795581,1,1,0.133905853571116,1,1
190,0.175218877382576,1.90502808433214,1,0,-0.7186846203545,0,0
191,0.368926941591781,1.54475399562984,1,1,1.22771094158448,1,1
192,2.07958496165204,4.2288647849494,1,0,1.13014915546987,0,1
193,0.15878290166816,0.717427600931939,2,0,0.568994312367984,0,1
194,0.497827626730045,2.294091761504,1,1,-0.280128551996504,1,0
195,0.178175281733274,2.23233473425498,2,0,-0.797287804109808,0,0
196,0.0116552619147114,0.357302983219776,2,0,0.306046262671374,0,1
197,0.410200078913476,0.8146427696278,2,0,1.122833689801,0,1
198,0.504619590716273,0.765772293794831,0,0,0.128114469405821,0,1
199,0.511336195958002,4.24362953260288,1,0,-0.328281025357466,0,0
200,0.13044516325768,0.158400653963666,1,0,0.393947748305533,0,1
201,0.355828549072612,1.39359083304101,2,1,0.960426334002236,1,1
202,0.138830453157425,2.01131675049152,2,1,-1.20802680142385,1,0
203,0.276133310399018,0.45199424200433,2,1,0.674382041845168,1,1
204,1.11612067063861,4.0772730510551,2,0,1.01993067951544,0,1
205,0.156306637451053,0.937222275696566,0,1,-0.0185834850026201,1,0
206,0.0426478628474242,0.66681355279092,2,1,0.464595275296069,1,1
207,0.17572207046828,0.624071923723916,0,1,0.387024692363831,1,1
208,0.510746205664992,0.622198806119394,2,0,1.89634437696884,0,1
209,0.31132957231639,0.408462855373848,1,0,-1.47945489000248,0,0
210,0.638610423167058,0.900631363485354,2,1,0.891432038547761,1,1
211,0.477368934053749,1.44345723701036,2,1,1.33570254161709,1,1
212,0.174220488115679,0.53876803877453,0,0,1.02101223562816,0,1
213,0.000814140774309635,0.859854371583387,1,1,-0.585522665720536,1,0
214,0.174856882048008,0.610746944877204,2,0,0.886132760220893,0,1
215,0.0592344760661945,0.90231013952773,1,0,0.401362760428206,0,1
216,0.257089807651937,0.81488877856577,1,1,-0.479957385627596,1,0
217,0.63603490870446,1.89670961631926,1,0,-0.200297316799024,0,0
218,0.0398380365222692,0.572460790497674,1,1,-1.05591127952841,1,0
219,0.603849941954769,0.645613250500585,0,0,0.497125062341715,0,1
220,0.717393309433766,2.91978153255308,1,0,0.748682098394038,0,1
221,0.680650968104601,0.692878308338602,1,1,-2.09504294823645,1,0
222,1.26539790648373,1.70164241145055,0,0,0.399952485823089,0,1
223,0.574969505515702,0.678161565050515,2,1,0.349483382023214,1,1
224,0.0180844005774822,0.0631646429606876,1,1,-0.546434528577015,1,0
225,0.0681917799700864,0.174572315007377,2,0,1.20331223353929,0,1
226,0.283381299232133,1.22629144966934,2,0,0.625707265510203,0,1
227,0.0424270059349325,0.710285838770543,2,1,0.47947716849457,1,1
228,0.152856603381224,1.59542758796743,1,0,0.0287047664237253,0,1
229,0.972242989577353,1.09811819175255,2,1,-0.369338926857782,1,0
230,0.191776507620327,2.67732945891718,0,1,0.417481101553204,1,1
231,0.102838862379446,0.721298191952477,1,1,0.409545256501386,1,1
232,0.143209797773647,0.184779606847289,2,0,0.758700977992118,0,1
233,0.0788250981713645,1.43372021356009,2,1,0.42954339296418,1,1
234,0.536591454266392,2.79259875106315,0,0,1.81935241239709,0,1
235,0.15255584003171,0.362265136781149,1,1,2.67451670088711,1,1
236,0.0671692308118013,0.560048211874931,1,1,0.103098153118537,1,1
237,0.0773336107977749,0.110732939778619,1,1,1.4928394810417,1,1
238,0.466500322334468,0.757726755550319,1,0,-1.80940950680044,0,0
239,0.246281397994608,0.556814566508384,2,1,0.892249801556044,1,1
240,0.207172693044413,0.422794639253301,2,1,0.750817346090905,1,1
241,0.319116126629524,0.516408238481779,1,0,0.816191464405703,0,1
242,0.107125025276208,2.56606998741416,2,0,0.0715131499493544,0,1
243,0.355931696249172,2.45084548985745,2,0,0.182609917599373,0,1
244,0.55595268352367,0.641972524493495,1,1,0.818984735009072,1,1
245,0.0367133304825984,0.409111020465692,0,0,0.262454786249191,0,1
246,0.940886758267879,1.21856828734187,2,0,-0.269800393500588,0,0
247,0.529569185429074,0.801775886229193,2,1,0.122017308608222,1,1
248,0.133857663720846,0.459696878864256,2,0,-0.315389645977635,0,0
249,0.435472794729907,0.481448836060167,1,1,1.04677212057384,1,1
250,0.553189093453631,0.59152495853312,2,0,0.837009521454499,0,1
251,0.10822930111317,0.229765436409995,1,1,1.8297067431178,1,1
252,0.369440110400319,0.449850112281175,2,1,-0.370194867896888,1,0
253,0.154362250177655,0.507971594860283,1,1,2.1189252778088,1,1
254,1.15532335825264,2.32652111274469,2,0,-0.0570200251041171,0,0
255,0.474191224176258,1.82022367473971,2,0,0.426546264557802,0,1
256,0.00230116176579475,0.0284711220316608,1,1,0.483332040579092,1,1
257,0.0994969296152703,0.229490162172818,1,1,0.0232441558367405,1,1
258,1.03092713405449,2.24409825027633,2,0,-0.388250278426197,0,0
259,2.55094566592466,5.58773214839089,2,0,-0.840352193097405,0,0
260,0.222535768407397,0.958578185241137,1,1,1.27251781067814,1,1
261,0.0567340137074682,0.738080644625468,1,1,0.27876039215249,1,1
262,0.808559915982187,0.88405771007699,1,0,-1.16445231087457,0,0
263,0.28748200480486,1.60169104424616,0,0,0.8497818815833,0,1
264,0.301226349547505,1.15659873314575,1,1,-0.106820963106451,1,0
265,0.90408175252378,1.43666200410282,2,1,-0.676227399499414,1,0
266,0.0510624432936311,0.789490745168236,1,1,-0.334462028164345,1,0
267,0.847745300244361,1.34369497237997,2,0,0.957973066444893,0,1
268,0.808136595270418,1.03782598550121,0,1,1.52374700128764,1,1
269,0.0575967729673721,0.677458324603019,1,0,0.068946689481901,0,1
270,0.0997753245966414,0.347648951593693,2,1,1.04312951138098,1,1
271,0.684286631484084,1.36717958642817,2,0,0.783699321041003,0,1
272,0.0894164384226315,1.01575830552128,2,0,1.78201024909928,0,1
273,0.383690156973898,3.96610317443076,2,0,-0.0143244409453654,0,0
274,0.938600164838135,6,0,1,-1.2033000980709,1,0
275,0.12485211223693,4.33090074589308,1,1,0.194616222741493,1,1
276,0.0917190534528345,0.177140126032107,2,0,1.29710635704232,0,1
277,0.00768890022300184,1.30342931334988,2,0,0.143008618571946,0,1
278,0.0452053251988564,3.18941586650908,0,1,0.0448417225749938,1,1
279,0.581020850594673,3.18241982409731,1,1,-1.18235605009641,1,0
280,0.277247005131116,1.15743955974878,2,1,-1.25320459191631,1,0
281,0.461377787403762,0.796637923146288,0,1,-1.57813456237642,1,0
282,0.706373189433299,1.37881807361527,1,1,0.475923461084751,1,1
283,0.144607523164207,0.727699191726372,2,1,0.266970753956774,1,1
284,0.420485697104596,2.02034684944029,1,1,1.8339364563887,1,1
285,0.654551908347577,1.44723562583804,1,0,0.606944507126203,0,1
286,1.47165990077464,2.78203265532492,2,0,0.346238936458657,0,1
287,0.0840176919584038,0.453142273346777,2,0,0.727931941379533,0,1
288,0.072682935569901,0.486381474904243,2,0,0.531362943355941,0,1
289,0.495702868916187,1.73027165767994,2,0,0.503886964544058,0,1
290,0.520542836379176,1.47521238557592,1,0,-1.18951970810826,0,0
291,0.583471044314911,0.755862404281894,0,0,-1.76701797158235,0,0
292,0.181973932485562,0.405239664607622,2,1,1.55625306775688,1,1
293,0.268876644782722,4.52378885820508,0,1,-0.676001554381598,1,0
294,0.0134271340419118,0.25134578468593,1,1,0.263783385366444,1,1
295,2.03992756073105,4.13779915418966,2,0,0.291782739527415,0,1
296,0.18154797173338,0.449724943404786,2,1,0.60597263295453,1,1
297,0.595263069495559,4.68193871459402,2,0,-0.20583276453574,0,0
298,1.15084833925927,1.15413966278235,0,0,0.86781454292245,0,1
299,0.996709038920652,1.08671259748138,1,0,1.29509766076957,0,1
300,0.903920757677623,2.25495144415163,1,0,0.0261109904284343,0,1
301,0.0842507266275882,0.282647835433172,1,1,-1.22455167591971,1,0
302,0.0632844629581086,0.188576608825062,1,0,1.04121848996483,0,1
303,0.075178881525062,0.106531051581294,2,0,0.608903929937134,0,1
304,0.513146218598204,1.33030761292219,1,0,-1.24964978521204,0,0
305,0.179166700789741,0.413556175519631,1,1,0.327948313476283,1,1
306,0.0706467937561683,0.143963556936429,1,1,1.58730074085006,1,1
307,0.0793520535808057,0.169111883667631,2,0,0.56915370103123,0,1
308,0.0317537724609778,0.36728405401754,1,1,-0.111286820636934,1,0
309,0.051291981653776,0.247755955366288,2,0,1.49495329553046,0,1
310,0.40834605897544,0.801735497490313,2,0,1.98351051701674,0,1
311,1.14108171965927,2.16007804899806,1,1,-0.170574508864289,1,0
312,0.108820497472525,1.01808049466851,1,1,1.05125348596304,1,1
313,0.251703234098386,0.697411047840483,1,1,1.39344085031584,1,1
314,0.385161798447371,1.37553258354569,2,0,-0.251122078253995,0,0
315,0.0161165345343761,3.12143904987135,2,1,1.02301625013811,1,1
316,2.42992448956616,3.35824555225674,2,0,0.172570846814569,0,1
317,0.40625850786455,0.698039194789041,2,0,0.642793598427016,0,1
318,0.0583664891379878,0.23013622191917,0,0,-0.306526201819076,0,0
319,0.416502238132535,0.837855804904282,1,1,-0.822543315481235,1,0
320,0.0912695424631238,0.276789565259443,1,1,-1.93951032047076,1,0
321,0.395621883682907,1.15673595105337,1,0,-0.802183853724611,0,0
322,0.245634396851528,0.542904279734242,0,1,0.307387947554472,1,1
323,1.32179443317182,1.96561593814854,2,1,0.212843378381436,1,1
324,0.675745453331456,0.844884467960437,1,1,-0.0378489554621296,1,0
325,0.320850701071322,1.22994360147429,1,1,-0.766690367954901,1,0
326,0.490995128212843,1.02437758329846,2,1,0.694488184824245,1,1
327,0.0817004851996899,1.12539267749589,2,1,-0.319649832550439,1,0
328,0.939644147822276,1.6313846122476,2,0,0.579717939412185,0,1
329,0.943126940398435,5.10898553799877,2,0,-0.144943328205574,0,0
330,0.528777979490684,1.75013420172036,0,1,-0.101643947596272,1,0
331,0.0101023318711668,0.769325299351088,1,1,0.827323807545362,1,1
332,0.0594164348445975,0.506068046084714,0,0,-0.150908337704039,0,0
333,0.0404595804866403,0.10596762023325,2,1,2.37426416414516,1,1
334,0.305728774110321,1.45022933782264,2,0,1.24956811152486,0,1
335,0.287342832889408,3.41335859660454,2,0,0.378988143906204,0,1
336,0.130255879834294,0.609727867505009,1,1,-0.530828746840131,1,0
337,0.760802172563791,1.36767629683178,2,1,0.675765626499976,1,1
338,0.186905384995043,0.333410894476571,1,1,-0.0829910895536776,1,0
339,0.667300618343808,1.00994695274346,1,0,0.00993282078262012,0,1
340,0.657323140159071,1.12573213001834,2,1,0.598018640928511,1,1
341,0.0401278401093079,0.101331811074011,1,1,0.347594475298044,1,1
342,0.158196959528141,0.208892307208787,2,1,0.124706859156272,1,1
343,1.65798768092382,2.14871796214346,1,1,-0.11473238243894,1,0
344,0.417804277676623,0.528894859369431,2,1,1.00215141411173,1,1
345,0.00513049977598712,0.228940592014079,1,1,0.408819626870666,1,1
346,0.949677560478449,1.0816526578839,2,0,-0.522443275458255,0,0
347,1.00401776099576,2.51719380418993,1,1,0.496475992350298,1,1
348,0.244850859045982,0.808788840272562,1,1,-1.56908792247844,1,0
349,0.00721267220797017,0.820286450907588,0,0,1.33790880219527,0,1
350,0.216301611204401,4.11953879896913,2,0,-0.33988850956139,0,0
351,0.470546706886984,4.79963477850209,2,0,-0.666266667170456,0,0
352,0.227313832379878,0.246199297658586,2,1,-0.465784282205154,1,0
353,0.273984293453395,0.619848112886151,0,0,0.711047220508731,0,1
354,1.20536645036191,2.98454266662399,0,1,-1.86605285094304,1,0
355,0.216227816551565,1.10351879510554,2,1,0.403990418654564,1,1
356,0.460311083562493,1.86526048265311,1,1,0.844581476853543,1,1
357,0.122680631448736,0.234593816034878,2,1,-0.282340053308052,1,0
358,0.212183077788659,1.41776930919633,1,1,-0.949189261023478,1,0
359,0.62577639063523,3.54595972507921,1,0,0.725012995066739,0,1
360,0.533407426529385,0.620003574775446,1,1,0.162871156903703,1,1
361,0.626174557811402,0.84112904024258,1,1,0.863137463111553,1,1
362,0.5876034150186,0.752297954576134,2,0,0.0737394246413924,0,1
363,1.91476543239298,3.12303786786894,0,0,-0.730502049341875,0,0
364,0.430670504458249,2.81295119163891,0,1,-1.07338118009598,1,0
365,0.294826077588368,0.713215837420597,2,1,0.540673645838531,1,1
366,0.0733436067821458,0.289852059893234,0,0,0.774475030666808,0,1
367,0.219302357290871,0.484007587664545,2,1,0.922895604505074,1,1
368,0.859074998646975,1.16166583322838,1,0,-2.86847994095348,0,0
369,0.0135252759371056,0.886414376429624,1,0,1.4060824817499,0,1
370,0.00191370863467455,4.14466726904114,0,1,-0.00809828001902331,1,0
371,0.633379008620977,0.756972390609923,0,1,-0.917908335154537,1,0
372,0.601644340759896,1.47738413592481,2,1,0.362032217366456,1,1
373,0.207601518853393,1.38994707164858,1,0,-0.105967688496245,0,0
374,0.020540906698443,1.82624240640398,1,1,0.165752088572524,1,1
375,0.676959523089983,0.824633316898324,0,0,1.03699061813061,0,1
376,0.136063250829466,0.341297125207013,2,0,1.75342226713462,0,1
377,1.06609780573562,1.40884561471184,1,1,1.18627293691852,1,1
378,0.527995910257848,0.778757779776551,1,1,0.489421744982897,1,1
379,0.214441587983361,1.09590889575581,0,0,-0.251421677506516,0,0
380,0.162120747379959,0.403923991126659,1,0,-0.191097197178264,0,0
381,0.33126870998014,1.975555925966,2,1,1.08079074940384,1,1
382,1.87162476210835,4.85967334894959,2,0,-0.0357742704303772,0,0
383,0.0648254269563363,0.688611729970448,1,1,1.28041470538908,1,1
384,0.29924578149803,1.21760395767598,2,0,1.31488260719561,0,1
385,0.0336866779252887,0.317268188915459,1,1,0.998686319005661,1,1
386,0.470728049328282,1.94399958729496,1,1,1.48758389449975,1,1
387,0.0777973693320744,1.13531499899095,2,0,0.493134404236894,0,1
388,0.938166909851134,1.02531351446464,1,1,-1.15184397707787,1,0
389,1.61626760094407,3.50114020518959,0,0,-1.67961838695721,0,0
390,0.109276877241552,1.39038765375682,2,0,0.00127909973979198,0,1
391,0.512627300896503,1.58470191657055,2,0,0.459046430571628,0,1
392,0.983529453829565,1.87093196620258,1,1,-1.89218462761257,1,0
393,0.110756637295708,1.46705027843074,2,0,0.750128487274837,0,1
394,1.23015179759228,2.70025080661398,1,0,1.43548238640919,0,1
395,0.959824711084366,1.41795743060823,1,1,-0.0612001071242748,1,0
396,0.0164494769631424,0.10005066128556,2,1,2.91187729887036,1,1
397,0.20262663019821,3.74340979122761,2,0,0.0777645441605485,0,1
398,0.190326711745001,0.894242547389387,1,0,1.95172622183846,0,1
399,0.164818394465187,0.216750764457053,2,1,0.967594951674564,1,1
400,0.21616149781039,0.877984026984274,2,0,0.448336990838186,0,1
401,0.463019178688347,1.98700049666688,2,0,0.296859435911138,0,1
402,0.401555128046311,1.04007323169264,1,1,1.17339565571092,1,1
403,0.104168902521786,2.20762780246635,0,1,0.588457026869638,1,1
404,0.732310418970883,1.64252062054805,1,0,-0.145968984949399,0,0
405,0.42582988680806,2.19909890668714,1,0,1.09230072800628,0,1
406,0.138861595478375,1.78141096445375,2,1,1.30644744457552,1,1
407,0.169272268249188,0.401498051025849,1,0,0.375353222493495,0,1
408,0.595736401129335,1.13877904594231,2,0,0.174885829859455,0,1
409,0.0506573549772899,0.227006468568358,1,0,-0.213376845325704,0,0
410,0.180090978101362,0.644783986191122,2,0,0.279269236996973,0,1
411,0.878846665093318,3.07444033628559,1,0,0.370861853498383,0,1
412,0.261330919340253,0.780841921756394,1,0,-0.212073293405713,0,0
413,0.575600359562606,0.698781121652724,2,0,0.154329322971345,0,1
414,0.586550368927419,0.97308547525095,2,1,-1.27760558785363,1,0
415,0.0733692746143788,0.225701524695199,2,0,0.077470035258983,0,1
416,0.611488536848477,3.23193050335743,2,1,-0.097034598952001,1,0
417,0.051014838190462,0.931678437680414,1,1,0.173851728372002,1,1
418,0.21660903567729,1.69638010277613,1,1,0.549221880144337,1,1
419,0.939428880758226,1.24993890764463,2,1,0.317039126041125,1,1
420,0.395738599763718,0.825775111411455,0,1,0.255062523295236,1,1
421,0.42287358577596,0.806681506326869,2,1,1.29840095866142,1,1
422,0.0029848312260583,0.442369755379731,2,1,1.41270048460131,1,1
423,0.799686675865025,0.89413635307084,1,0,1.51603125035758,0,1
424,0.189638546144124,2.47156912942835,1,1,1.11868003803439,1,1
425,0.00884754685910406,1.01405812966506,2,1,1.29730056668825,1,1
426,0.541077653152689,2.10250099646548,1,0,0.74322524938796,0,1
427,0.0804504994302988,0.267836479160373,1,0,-1.18594524991666,0,0
428,0.171249092556536,1.9299005779254,2,1,-1.66218385402591,1,0
429,0.228563853015658,2.89785759299635,2,0,0.0225586352423942,0,1
430,0.663408777676523,0.972435084724418,1,0,-1.70209852189869,0,0
431,0.00588444992899895,0.925908480143904,1,1,0.357098520997413,1,1
432,0.0416615555164474,2.07248190393015,2,1,0.503057442675663,1,1
433,0.365829637157731,3.99144245636029,2,0,0.378239212329734,0,1
434,0.258828439223176,2.66997006901982,2,0,-0.275346916506499,0,0
435,0.939528359766061,1.76692858569145,2,0,0.409835767642674,0,1
436,0.120189278386533,0.500717798028443,1,1,1.01578621954453,1,1
437,0.146988262713421,0.200590194528411,2,0,1.13857224222972,0,1
438,0.327973999195249,0.63362856960076,1,1,0.658562586699388,1,1
439,0.184378989709473,0.755007179441395,1,0,-3.0975662800417,0,0
440,0.00396448316660883,0.976698483070478,2,0,0.309474003503463,0,1
441,0.389279677183367,1.25425222329795,0,1,0.0836222782286679,1,1
442,0.0475132950290197,0.915076117792977,1,0,0.236490929275437,0,1
443,0.401538799051195,1.96542089996187,2,0,0.609288956504325,0,1
444,0.621719745660022,0.94763584745427,0,0,2.15711628327046,0,1
445,0.197826965595596,0.329202237277331,0,1,1.35196707875467,1,1
446,0.0557842614944093,1.04462304768081,2,0,0.250898860932109,0,1
447,1.84839341036024,3.94619526908395,1,1,-0.440478674808684,1,0
448,0.191229257034138,0.75974733396962,2,0,0.00792905001246899,0,1
449,0.101845736191419,0.758959243388268,1,0,0.254068469075806,0,1
450,0.306204947876872,0.757744593399981,2,0,-0.0540887127292551,0,0
451,0.0424976777301759,0.740775193255054,1,1,0.378089766129807,1,1
452,0.375774782150984,1.60274682659598,1,0,0.622269514142132,0,1
453,0.113190856404168,0.483211545894543,0,0,0.399990883463347,0,1
454,0.0228717971469315,0.24708639969966,2,1,0.577509749631435,1,1
455,0.254866986360867,0.543275041760188,1,0,0.766747743989155,0,1
456,0.323501751699951,1.05920722144561,1,1,0.812135681618236,1,1
457,0.200226394164716,1.34385044996937,0,0,0.835184455991721,0,1
458,0.652426516000592,1.18106685944945,1,0,0.0851219711089459,0,1
459,2.10953069097343,2.33965836695452,2,0,-1.36810373665193,0,0
460,0.0880306769977324,0.998090043547285,1,0,0.355572136157625,0,1
461,0.0907151406933041,0.34733796453967,1,1,-1.74068580804666,1,0
462,0.315155615406488,1.96357823403026,1,0,-1.56968331685991,0,0
463,0.550590567290783,1.40803779785832,0,0,-0.0710936106434733,0,0
464,0.0210507764131762,1.72757268927053,1,1,0.00387574714089234,1,1
465,0.116190346899805,1.7251384154787,0,0,-0.612083233034659,0,0
466,0.0772163120931543,1.23351116869222,1,1,0.124941871602062,1,1
467,0.0116601475747302,2.39842585219744,1,0,0.000472405512425323,0,1
468,0.565280512906611,2.01526412932703,2,0,-0.0730733044226868,0,0
469,0.0640277865054001,6,0,0,0.412381455046703,0,1
470,0.842901440893121,1.66053016049167,0,0,0.584349934927886,0,1
471,0.414853445254266,2.24964598223473,1,0,-0.681917163590976,0,0
472,0.311340699554421,0.884519152399639,1,0,0.51703368688901,0,1
473,0.213537786039524,0.698582733616358,1,1,1.15901807366526,1,1
474,0.419147778011393,0.904819357969748,2,1,0.533444380103369,1,1
475,0.945116860041037,4.06066602007134,2,0,0.0409028184734621,0,1
476,0.197425411034454,0.48410671474971,1,1,-1.61963594195873,1,0
477,0.0232363259419799,2.50883347127738,2,1,0.0462898570949571,1,1
478,0.0890173888183199,1.6619786243507,2,1,0.849656414257125,1,1
479,0.203704142225325,1.26709067306837,1,1,-0.238417956780873,1,0
480,0.403005675179884,2.24864006352921,0,1,0.0840663667713594,1,1
481,0.44960029129573,0.780093878000122,2,1,0.778643073080883,1,1
482,0.014219312579371,0.493226052352828,2,0,1.6555792139965,0,1
483,0.379719043240909,4.35543590459463,2,0,0.125010157432899,0,1
484,0.025723403262944,2.80903427870091,1,1,0.636179450005514,1,1
485,0.916732925921679,1.39092144308295,2,0,-1.14455687764339,0,0
486,0.561364692038824,0.848462707137952,2,0,-0.363080600777789,0,0
487,0.0722741102799773,0.310879581614089,1,1,-0.208329814922691,1,0
488,0.132411810373227,0.724300238909066,2,1,2.58446056984648,1,1
489,0.718014562263189,1.94216345747312,0,0,-0.44573456383725,0,0
490,0.593522951155839,1.07961238982777,0,1,-0.174629973327112,1,0
491,0.408621540426978,1.38169396805584,1,1,-0.941221946315852,1,0
492,0.960973964072764,1.77128993843818,1,1,-0.444810063743602,1,0
493,1.22264709667639,1.22702291405464,1,0,1.06250738114741,0,1
494,0.0954113149782643,1.88606586696239,1,0,0.0204868164458972,0,1
495,0.185755391430575,0.202180611974039,2,1,0.598616991559243,1,1
496,0.330821558309253,0.719640599057937,2,1,1.13004794282394,1,1
497,0.0849099771585315,1.00967727048144,2,1,2.54793443433926,1,1
498,0.00250379322096705,0.30096526764363,2,0,0.204347846278214,0,1
499,0.569792399015801,0.906564464302049,1,1,0.284855623862611,1,1
500,0.10285785195273,0.32728419765232,1,0,-0.509198782837702,0,0
501,0.440639553681769,0.86782627279538,2,1,1.05375158453687,1,1
502,0.310417583799493,0.354171636047215,1,1,-0.507453929503569,1,0
503,2.75946529573741,6,0,1,-0.299054848133111,1,0
504,0.06619500045202,0.560770408438346,1,1,-0.159116309627647,1,0
505,0.0233192116138525,1.14922889843698,2,1,0.252804387066749,1,1
506,0.304152698954567,1.99909682734258,2,1,0.283347512089545,1,1
507,0.15301340026781,2.15545844249255,2,0,0.247396160321183,0,1
508,0.296933295827232,1.25137082835478,2,1,1.33648241676603,1,1
509,0.347547540441155,0.406471535679536,1,1,0.355166807701169,1,1
510,0.312586713116616,0.497569559442164,1,1,0.490024163950793,1,1
511,0.326965593267232,0.402414905974131,2,0,1.89655788918123,0,1
512,0.109742041677237,0.22074829660422,1,1,-0.245609673066273,1,0
513,0.517908235580012,1.15346287128282,2,0,0.225793757379253,0,1
514,1.10065196072922,1.45856637934663,1,0,0.947314735164415,0,1
515,0.307015395374037,2.64663863635823,2,0,0.115928623319696,0,1
516,0.124570961052086,0.903309996459921,1,1,0.19377351205068,1,1
517,0.581002268298892,6,0,0,-1.25645788133768,0,0
518,0.419276107099458,0.91697926446464,1,0,-0.777084918754242,0,0
519,0.357197338889819,0.917928562592931,1,0,0.41161947275148,0,1
520,0.108492433901026,1.10605466043909,1,1,-1.78062917623733,1,0
521,1.26710508944804,4.92271885075749,1,1,1.72942104062269,1,1
522,0.579537734953888,1.04147992204457,2,0,0.170554577826348,0,1
523,0.0157311062423619,1.23009943459704,2,0,0.422261031043796,0,1
524,0.76554399388545,1.57614563591778,0,0,0.745186764274431,0,1
525,0.175478406250477,0.345994269368064,1,1,-0.578477943447505,1,0
526,0.945722101256251,1.57968672876977,1,1,-0.459979669906107,1,0
527,0.475310283337541,0.80385927799124,1,0,0.49119666457918,0,1
528,0.00192617163164104,0.640732387531736,2,1,1.86628820206598,1,1
529,0.520219128785476,2.82043257747143,2,0,0.0852949574369708,0,1
530,0.100394298646823,1.15109495700957,1,0,0.654272067427503,0,1
531,1.09162121282805,1.25821703394052,1,1,0.411911167922054,1,1
532,1.34554251097143,1.84022127900461,2,0,-1.15056558001628,0,0
533,0.17212563107023,0.329396386634699,2,0,0.144513702366851,0,1
534,0.161035394286826,1.35014122365042,0,0,1.46109361005699,0,1
535,1.82586117171425,3.97932728416579,2,0,0.923623227888736,0,1
536,0.00493359519168735,1.67225659701008,1,0,0.420963718945511,0,1
537,3.33842631466675,5.50734627502494,2,0,-0.486354627931973,0,0
538,0.554222917972885,1.52316783559795,1,1,0.423682578015406,1,1
539,0.169373762793839,3.62904855363174,2,1,-0.0784580900750638,1,0
540,0.498571785990347,1.09183449394911,1,0,0.983789800415944,0,1
541,0.138021635822952,0.264453870596223,1,0,-1.15214666889201,0,0
542,0.240123704092167,0.659236678184149,0,1,0.522699141070489,1,1
543,0.398022125475109,0.906674756776292,1,0,-0.153776971615682,0,0
544,0.066261634347029,3.35435857239149,2,0,0.411830467513665,0,1
545,0.405490609118715,3.53798315956259,1,1,0.260451653858352,1,1
546,0.262352156278212,0.522528170450894,2,0,1.92510872918966,0,1
547,0.182089067995548,1.91388465192714,0,0,-0.158531101304251,0,0
548,0.386672297492623,1.50063551252513,1,0,-0.883845287507328,0,0
549,0.43973679593467,1.69129327250024,0,0,0.880134593963957,0,1
550,0.451938747428358,1.65561452006069,1,1,-0.400627763068295,1,0
551,0.64783700928092,3.12585967282454,0,1,-0.391007621180963,1,0
552,0.0541179021820426,0.288803046569228,0,0,-0.765088976997802,0,0
553,0.304145741527329,1.30501740317031,1,1,-0.591729684681646,1,0
554,0.531441198661923,0.684116009477744,1,0,-2.38353704676579,0,0
555,0.50371637288481,3.06924332270051,2,0,-0.035531138698893,0,0
556,0.179207400942687,0.84267645106472,2,1,0.180907933517414,1,1
557,1.86791592455449,2.25600051712827,2,0,-0.756115662149795,0,0
558,0.228997775188512,0.246502174589654,2,1,0.0149752249428267,1,1
559,0.45902137874794,3.66196020613226,2,0,0.349268273423305,0,1
560,0.0282736569095006,0.458968772675455,1,0,0.396284764568382,0,1
561,0.481116148267694,0.534655330665753,2,0,1.02105449384388,0,1
562,0.136225763561084,1.27590728452353,1,0,1.50203628875691,0,1
563,0.618435927291222,1.18672749338051,0,1,0.384921360458163,1,1
564,0.736376254819334,2.10042952055553,1,1,-1.78970389901044,1,0
565,0.0292986780405045,0.455264013916878,1,0,-2.10872125348894,0,0
566,0.203913933269484,0.635335759239257,2,1,0.336522810933936,1,1
567,0.104708276689053,2.85552750875875,2,0,-0.0677165025268094,0,0
568,0.113858646713197,1.06429031200194,2,1,-0.0185178831521762,1,0
569,0.496423975430642,0.733690078680714,0,1,0.0631076537410514,1,1
570,1.05004294188099,1.17349371736403,2,0,1.00255256068506,0,1
571,0.717381103287272,2.76102236590837,2,0,0.929626107066149,0,1
572,0.547787085498504,0.698191553307719,2,1,0.38743710433259,1,1
573,0.252555556071457,0.409123062466582,0,0,0.690049499814769,0,1
574,0.0358390808105469,0.14163817919786,1,0,0.895913611996891,0,1
575,0.168564533814788,0.258661534502158,1,1,-0.289193230362585,1,0
576,0.0164138795807958,5.19261914883033,2,0,-1.02678657308522,0,0
577,0.283218715838363,0.72669546023203,2,1,0.148800295309594,1,1
578,0.591507866978645,2.52769052160775,2,0,-0.562949012555367,0,0
579,0.327557476600382,1.55676892321075,1,0,0.0559377397008488,0,1
580,1.57477308173238,1.7810298159959,1,1,0.224912932886336,1,1
581,0.354890630121038,0.364589340116808,2,1,1.11578955307869,1,1
582,0.0828791651292704,0.581370174858769,1,1,1.33462937999251,1,1
583,0.833169264925465,3.21863185303907,0,0,0.217590623235338,0,1
584,1.62225808279229,3.07835995084113,1,0,-1.22201101018558,0,0
585,0.192812831955962,0.300056757993193,2,0,0.747511692997671,0,1
586,0.0913872355392223,2.71760623026569,1,1,0.612174496677453,1,1
587,0.137665265356191,0.607609533286473,1,1,0.582519375082236,1,1
588,0.272109701246649,1.36189485214835,1,0,-0.538499788846493,0,0
589,0.0810981830582023,0.620859330394557,1,1,-1.88379880472159,1,0
590,0.22026482707588,0.815779767248779,2,0,0.543425649898927,0,1
591,0.290567871124949,0.356724776167192,2,0,0.2261021377151,0,1
592,0.0966498877546128,0.918291773010558,1,1,1.04087372964294,1,1
593,1.53123944244328,1.87792498810673,2,1,-0.425152835641493,1,0
594,0.469370402835131,2.98922936141682,1,0,0.805238161203066,0,1
595,0.55715133439844,1.61973163795968,0,0,-0.0109642991388182,0,0
596,0.474257825873792,1.87975403741119,1,0,-0.501839503155386,0,0
597,0.074038586218166,0.491493827662399,2,0,0.928170695453858,0,1
598,0.110859472188167,0.620683594687347,2,0,0.602003342973327,0,1
599,0.292794764973223,0.398672222588244,1,1,3.2309226157867,1,1
600,1.01742026274429,1.58666960555534,1,0,0.9354802045218,0,1
601,0.409011910669506,3.23973735490576,2,0,0.228155483944684,0,1
602,0.0599787992585654,0.382076441752,1,1,1.35922090995748,1,1
603,0.220099348807707,0.551912158586108,2,1,1.05641726900033,1,1
604,0.141311537881847,0.350865594907985,1,1,0.541603604128303,1,1
605,0.0842431976523856,0.354052947816976,1,1,-0.698669958401353,1,0
606,0.198044116013987,0.524741803960119,1,1,0.246593171810375,1,1
607,0.280153914354742,0.735138520568639,1,1,-0.7282100645032,1,0
608,1.32972704662474,2.91413181645032,2,1,1.11810985926937,1,1
609,0.362516191788018,0.789988215624805,1,1,-0.363985388415787,1,0
610,0.0568582149571739,0.0904828077115388,2,1,0.976663692864239,1,1
611,0.00444011123069718,1.92464477150823,1,0,1.36383805821171,0,1
612,0.725355096161366,2.83558523963876,1,0,-0.496113661062544,0,0
613,0.298687320645183,1.34411360512333,1,1,0.740820671957123,1,1
614,0.0103457812120876,0.355396045411199,1,1,-0.271592489540877,1,0
615,0.211189316647964,2.82711580693348,0,0,-0.591201137781563,0,0
616,2.8125914359843,2.84407120022832,2,0,0.893587009533994,0,1
617,0.581598513363524,0.665798636360343,1,0,-0.0528992022480703,0,0
618,0.184881069289986,0.272067053797378,2,1,2.00098445204606,1,1
619,0.389556874579284,5.35162336679945,0,0,0.210686705885557,0,1
620,0.593456523466677,2.59804351904924,2,0,0.00820622277579121,0,1
621,0.726462823207712,4.61393826754304,2,0,-0.211418980305682,0,0
622,0.496501875109971,0.6816482487336,1,1,-0.896105030245523,1,0
623,0.935130619857103,1.76139199390707,1,1,0.505533453376098,1,1
624,0.0820154033711118,0.204742391273896,2,0,0.355032292521128,0,1
625,1.32941410318017,2.61209697624619,1,1,-1.03029019270144,1,0
626,0.306073595420457,0.778186986244016,0,0,0.750598438997835,0,1
627,0.409782619215548,2.35859731971851,2,0,-0.695122589732377,0,0
628,0.0328539588372223,0.215406082231722,2,0,0.140448455927102,0,1
629,0.088252573274076,4.11308533559087,2,0,-1.22605339227801,0,0
630,0.227663275045844,1.32079884300128,2,1,-0.818285677280257,1,0
631,0.102200343588471,0.53103799921573,1,1,0.678094018359677,1,1
632,0.896550663746893,1.51794717221082,2,0,-0.822361109533454,0,0
633,0.9166667779434,2.75208755030034,1,0,-1.8004773359831,0,0
634,0.383243590767961,1.70057085032264,0,1,0.382632656218792,1,1
635,0.0358949141809717,0.622246101179578,2,0,1.38922807537085,0,1
636,0.0731219463050365,1.40599644877916,1,0,-0.710624894607685,0,0
637,0.06504679636994,0.0763702150913458,2,0,1.35926431959757,0,1
638,0.199808239005506,3.26564824951188,2,0,-0.209134914551137,0,0
639,1.71570707476678,2.13664811928705,1,1,-0.3455267156932,1,0
640,0.343506474047899,0.490184884039851,1,0,-0.507746926201785,0,0
641,0.719156190726727,1.38938720200075,2,0,0.215272299425078,0,1
642,1.30412514662875,1.35195170186065,1,0,0.978541345733001,0,1
643,0.456947430476368,0.647484687645539,2,1,0.288993172374252,1,1
644,0.207228274957743,0.905569529702345,2,0,2.01138997581448,0,1
645,1.6975969622521,6,0,1,1.11763003879756,1,1
646,0.0742919990443625,0.340948433832213,1,1,0.0681067563498074,1,1
647,0.248751709877979,1.47314830672808,1,0,0.304766730307917,0,1
648,0.0316516524032455,0.289178284527852,2,1,0.186169854862944,1,1
649,0.264353627862874,3.22153906343373,2,0,0.104965914903737,0,1
650,0.500566067617735,4.38495356430704,2,0,-0.0456655399971886,0,0
651,0.212539722560905,0.404319993889608,0,0,0.592147831535735,0,1
652,0.607766889700306,1.45039948570385,2,1,0.986777281487654,1,1
653,0.129614359274345,0.669456928347548,0,1,-1.29977019319785,1,0
654,0.144252297177445,0.641148032796773,2,1,2.26333270510756,1,1
655,0.904555919097114,0.973655782971145,1,0,-0.829915913275484,0,0
656,0.371370717475656,0.676844688132405,0,1,0.883148829804348,1,1
657,0.122709623537958,0.465391101869003,1,1,-0.281218293796757,1,0
658,0.085150524682831,0.274035576809882,1,0,0.421643635737422,0,1
659,0.109629582613707,0.457879502787535,2,0,-0.704983208153676,0,0
660,0.209217446099501,0.628590116650272,1,1,1.51455378563668,1,1
661,0.445532238716199,1.37714113381659,1,1,-1.43767519833483,1,0
662,0.781705619767308,2.76660700328648,0,0,-0.38302529211374,0,0
663,0.238519859106076,1.08257952689789,1,0,-0.841652325018648,0,0
664,0.778232297860086,2.24054379195889,2,0,-0.389607404086491,0,0
665,0.870205191378702,1.56347801287969,0,1,0.724415198442446,1,1
666,0.0556089921155944,0.440294769001379,1,0,0.577503063947027,0,1
667,0.0273256844957359,0.0916950393619817,1,1,0.409713328132895,1,1
668,0.0185210239142179,0.486642190983001,1,1,-0.734131044502689,1,0
669,0.883933513982511,5.84720441422669,0,0,0.558392489352657,0,1
670,0.301681043087565,2.11718741441601,2,0,-0.76677038166629,0,0
671,0.0469883281066469,0.381871899091575,1,0,-0.768582015820295,0,0
672,0.0470056396443397,1.67389637499625,2,1,1.18415238730758,1,1
673,1.75139294183793,2.1558248324736,1,0,-0.3291812911962,0,0
674,0.25240185703939,0.646575712882328,1,1,0.140360770901621,1,1
675,0.232267496979997,0.665769214757449,1,0,0.362763777616927,0,1
676,1.15677090827376,2.15040391341417,2,0,-0.779216582688167,0,0
677,0.243002369534224,0.617043176447482,2,0,0.0585363755003835,0,1
678,0.858205770142376,0.991255091985955,1,1,-0.357465708829919,1,0
679,0.0382607314822229,1.19186782640005,1,1,1.74072840042394,1,1
680,0.318647956009954,1.91829179139781,2,0,0.887417300578146,0,1
681,0.263323369210882,0.305574256926775,0,1,0.412175430831452,1,1
682,0.576026245808981,1.2902954087821,1,0,0.261434112657743,0,1
683,0.49337583873421,3.40262760869427,2,0,-0.509229387633645,0,0
684,1.13318828777097,1.53952571008955,2,0,-0.0622468407850993,0,0
685,0.858539017290336,1.8246049160449,1,0,-0.895198513226982,0,0
686,0.630749701496035,1.92638382820673,2,1,1.56205184603764,1,1
687,0.126525314117316,0.567192544817589,2,1,0.312948600395087,1,1
688,0.249583817785606,4.86509982691217,2,1,0.64592960053899,1,1
689,1.93494706406238,1.9365463856087,2,1,-1.26791683228884,1,0
690,0.261887906651745,0.52016141455601,2,0,0.135423026774213,0,1
691,0.839041902683675,1.19408523507682,2,1,-0.219245062498405,1,0
692,2.89941326987927,5.05270803886897,2,1,-0.701696581080392,1,0
693,0.438706661314191,1.60146276960537,2,1,0.0412386937292422,1,1
694,0.282563343644142,2.24552812671739,2,0,-0.512353186665908,0,0
695,0.0197851741686463,0.640387081911126,1,1,-2.11024290558095,1,0
696,0.216509954919599,0.297793476998305,1,1,-0.122592995020057,1,0
697,1.21154218208382,1.26463027742232,2,1,0.696573408046731,1,1
698,0.690219583611366,0.952726846869041,2,0,1.72499257773657,0,1
699,0.391413646575529,0.401649158447981,0,0,0.230640148610207,0,1
700,2.57477478860858,6,0,0,-0.71640673815597,0,0
701,0.124313821084797,0.129859394704302,0,1,-0.18009884684212,1,0
702,0.148814498718317,0.313469750004701,2,0,-0.414265124655828,0,0
703,0.0367561823408869,0.650935385674727,2,0,2.31242950860453,0,1
704,0.0337002085871063,1.02181746687266,0,1,1.08525225260054,1,1
705,0.0596569417393766,0.432065185970673,1,1,0.340210659749829,1,1
706,0.773752498740505,1.76673366428418,1,1,0.0631039922130959,1,1
707,0.451073314153411,1.24934738969167,2,1,0.703820466411383,1,1
708,0.0062771700322628,0.955717609221389,1,1,-0.0712756544608627,1,0
709,0.292913227078492,1.15348123602173,1,0,-0.980363943551298,0,0
710,0.515843567528583,1.99098335380726,0,1,0.27923019381134,1,1
711,0.0679938051580212,0.298743930201559,1,0,0.661631888327411,0,1
712,0.0879700230434537,0.390295398732099,1,1,-0.994605875012289,1,0
713,0.151636570104333,0.721727147946629,1,1,-0.719168012124374,1,0
714,0.00272662503888739,0.505366786084403,2,1,1.06008875246711,1,1
715,1.32937491640045,2.36844375892261,1,1,0.0670597124495971,1,1
716,0.18531953159254,0.664037224131272,2,1,1.08362717136934,1,1
717,0.109638799757311,0.233680298335664,0,0,2.72068790087365,0,1
718,0.619451016510658,0.80212417398612,2,0,1.11548584527001,0,1
719,2.75974698915126,5.2268043744155,2,0,-0.353532850885597,0,0
720,0.386196958832443,1.40899739655777,1,1,-1.06230414033073,1,0
721,0.114680376427714,0.310661036778637,1,1,1.16790108875391,1,1
722,0.961860240128424,6,0,1,-0.280258878062567,1,0
723,0.323529791828917,0.327150573183532,1,1,-0.283715334681568,1,0
724,0.340515133575536,0.447086322903862,2,0,0.154841477396689,0,1
725,0.546122088536441,1.80069913264917,2,0,1.42108295505944,0,1
726,0.27260910224868,0.844593732946222,2,0,0.0507555296629787,0,1
727,0.059920634770031,0.725747264037839,0,0,1.02302433555339,0,1
728,0.193869516951963,1.06751455598331,1,0,0.197475300724298,0,1
729,0.692485591254018,0.918200806370954,2,0,1.42918424158506,0,1
730,0.158343170267277,0.217486517465616,1,0,0.850716713653983,0,1
731,0.161599805074059,0.873692340714293,1,1,-0.0853015563106232,1,0
732,0.0977212134825189,0.721823767208767,0,0,0.525729748626734,0,1
733,0.21071753744036,2.38365335201533,1,1,-0.842582801655177,1,0
734,0.118610375012374,0.337174586898606,0,1,0.85094993401726,1,1
735,0.246383299527224,0.269709716861447,0,0,0.0300223623476277,0,1
736,0.0305347712128423,0.0577437743104841,0,0,0.504059032277686,0,1
737,0.163841554737414,0.290468480631624,2,1,0.221983804942502,1,1
738,5.03095564593501,6,0,0,-0.637683228345825,0,0
739,0.672473032905401,1.00911644287407,0,0,0.454303952032755,0,1
740,0.204974309004137,2.68079214731088,1,0,-0.659682147216861,0,0
741,0.144361269776709,2.39605791225626,2,1,0.364580758791055,1,1
742,0.274138742956839,0.353259988947868,1,0,-1.49008261611019,0,0
743,0.15312091622036,0.466496154593619,0,1,0.128393034734061,1,1
744,0.0430064019077012,1.15323765603276,1,0,1.52913550424946,0,1
745,0.524130458335213,1.84226654674874,2,0,1.42319557438639,0,1
746,0.116571444461598,0.910325785927942,2,1,1.04534087719993,1,1
747,1.27598896156996,2.51946982681635,2,1,-0.478465656469119,1,0
748,0.468075030340634,0.786700255961029,2,0,0.0747073365508065,0,1
749,0.172187014832161,1.29593599451183,2,0,0.548816591999038,0,1
750,0.372131184674799,0.389166672597999,1,0,-1.12062154676539,0,0
751,0.656718727524214,2.32501017977623,2,1,0.539917376119771,1,1
752,0.576864864677191,4.55277522699788,2,0,-0.55426506863598,0,0
753,0.119252971399778,1.33513681154825,2,0,-0.72683400197073,0,0
754,0.367702229123097,1.39949852610372,1,0,0.180862620682629,0,1
755,0.192725803414098,2.4347340819037,2,0,1.00391351347124,0,1
756,0.0757963955402374,0.0990344159761648,1,0,1.74928965673488,0,1
757,0.338837487586541,2.01616113258849,2,1,0.00943102774315889,1,1
758,0.0866821800955912,0.344614475358265,2,0,0.964563563081937,0,1
759,0.175153082236648,1.05588902466156,2,1,0.513457532123212,1,1
760,1.30232176328807,2.44290669062995,1,1,0.317154744018261,1,1
761,0.211015699605923,0.930905733257532,0,1,0.635783348716637,1,1
762,0.180259251083971,0.45891411083325,1,1,0.963809606088144,1,1
763,0.179604266290923,0.592200622854637,2,1,1.38648591788489,1,1
764,0.0390603442792781,2.00199859837691,0,1,1.27472529512092,1,1
765,0.410847903112881,1.19452049184043,2,1,0.561827301975718,1,1
766,0.168150793801152,1.21194581190745,0,0,0.322819226769068,0,1
767,0.855077888091847,1.57672741450369,0,1,0.155182188241905,1,1
768,0.000341463019140065,3.86240611668338,1,1,0.313885058185827,1,1
769,1.48106468835659,2.55471883255841,1,0,-0.207918611005771,0,0
770,0.605240311466761,0.932864308546753,2,0,0.495368016563269,0,1
771,0.216650001239032,0.305447398407208,1,0,0.834144333378061,0,1
772,0.0876416557002813,0.141608303461084,2,0,1.01107441454165,0,1
773,0.556645346197121,1.16566507031441,2,1,0.757065410015436,1,1
774,1.53833742648922,4.74421122496918,0,0,-0.343479588274962,0,0
775,0.184875141829252,0.379156917233724,1,0,-1.03969652689367,0,0
776,0.457180074161153,1.24327640911015,2,1,1.62030086138046,1,1
777,0.312209561467171,3.79965709889111,2,1,-0.523106998786992,1,0
778,1.02947053313255,1.19023412466049,0,1,-0.112433121631364,1,0
779,0.0816742199822329,0.618504832188288,0,1,1.36829450684153,1,1
780,0.0165915883470685,0.372222411153172,1,0,1.69648742923644,0,1
781,0.84542012188752,1.32383140694183,1,1,0.578491299568574,1,1
782,0.0306168926865827,0.286423727295418,0,0,1.20366322043486,0,1
783,0.229956732364371,0.511637786435783,1,1,0.906544004847253,1,1
784,0.0416234441217966,0.131798811685179,2,1,0.0108348241483516,1,1
785,0.115150164717628,0.74877597083958,1,1,-1.32279339847223,1,0
786,0.17274979618378,1.41103272667743,2,1,0.759612434503751,1,1
787,0.475020827352564,4.50223154631782,2,0,-0.279570021573725,0,0
788,1.54237549773471,1.6551738027267,2,1,-0.501073893197556,1,0
789,0.383016228443012,0.618294301484768,1,1,0.679505967412486,1,1
790,0.0745747340843081,1.4507825271325,1,1,-0.890027063699143,1,0
791,0.853674702203654,1.72767466446115,1,1,0.26352840611805,1,1
792,0.227248567098286,2.59824489031174,0,1,0.159236131637142,1,1
793,3.417355235498,6,0,0,-1.41517461864445,0,0
794,0.0118167358197947,1.11084877023925,1,0,0.442506213311676,0,1
795,0.701641500901252,0.770862098185918,1,1,1.17093688785878,1,1
796,0.0737418108546855,1.89014197948078,0,0,0.549761412663605,0,1
797,0.95696487557143,1.84727314780504,1,0,-1.21746247726267,0,0
798,1.04287319927813,1.1460608801688,2,0,1.06222820139288,0,1
799,0.0390193378271096,1.37244122433623,2,0,0.923285741760825,0,1
800,0.14564091747161,0.543433582286803,1,1,0.374850734746908,1,1
801,8.90498631633818e-05,0.40688889671018,1,1,0.669918802328512,1,1
802,0.594073855318129,1.71826377705408,2,0,-1.68048994859794,0,0
803,0.769123458277255,1.64943799376488,0,0,0.672460101653044,0,1
804,0.569716942496598,6,0,0,-0.388823876566379,0,0
805,0.585294713356353,2.0693500693672,2,1,0.677518137074497,1,1
806,2.89882346153004,3.38434394688029,1,0,-1.11720798125108,0,0
807,0.338980750530027,1.78743594760279,1,1,2.43957144445072,1,1
808,0.143167624913493,0.479624735951487,2,1,1.15099216202049,1,1
809,0.624058132991195,4.49528603193661,0,0,-0.95665500671504,0,0
810,0.73916084654332,3.13751415693651,1,1,0.347341444292251,1,1
811,0.593175577788435,4.46109236075824,1,1,0.282627944938151,1,1
812,0.0345389897120185,0.233507258471633,2,1,0.346054280095779,1,1
813,0.647844452855415,1.99855171821266,2,0,1.40815227543299,0,1
814,1.30883367383058,1.57298857431099,2,1,0.552059580689391,1,1
815,0.0303288287250325,1.39016228407623,1,0,0.738401147498453,0,1
816,0.241070978809148,0.369337142128003,2,0,0.939117183811205,0,1
817,1.03217318830657,1.27422613412103,2,1,0.100192646734415,1,1
818,0.702001309228882,0.960164991694117,2,0,3.02197546911422,0,1
819,0.353837908092718,0.705840764502747,2,0,-0.675170269670883,0,0
820,0.454561883201767,1.06326823502355,2,0,0.656902769835597,0,1
821,0.321149968076497,1.34256133450851,1,0,0.827156887424676,0,1
822,0.570017356632099,2.94734484512563,2,0,1.02531893387259,0,1
823,0.0611776343755183,2.13967323924104,0,0,0.149477106214673,0,1
824,0.457090747365778,0.686453417493281,1,0,0.537385458720153,0,1
825,0.130623142176773,1.24635460708007,2,0,1.02805584376625,0,1
826,0.841746725196429,3.27025608703387,2,0,-0.759695872045172,0,0
827,0.676574058830738,1.28446972595799,2,0,-0.115636379001846,0,0
828,0.175117852496169,0.358444035008886,1,1,-0.00221487534708813,1,0
829,0.524803766139604,1.39936496429196,2,0,1.15029270972411,0,1
830,0.193855529068969,0.46560626062368,1,0,0.426360972366045,0,1
831,0.0239084189524874,1.26402472277186,1,1,0.0384682833835088,1,1
832,0.434086422232511,2.11128955666585,2,0,0.439318907598671,0,1
833,2.35063890918138,4.98889356550096,2,0,-1.21996300628256,0,0
834,0.126840360553156,0.476549270504117,2,1,2.04888878067583,1,1
835,1.26775672566146,1.58204203037319,2,1,-0.205113338796769,1,0
836,0.147160636468119,3.06969219634645,2,1,0.174355413754044,1,1
837,0.153005978791043,3.84384802274749,1,0,0.489646119202585,0,1
838,0.102076863870025,0.27637517079711,0,1,-1.35633085967138,1,0
839,2.17748802705648,2.81335970026098,2,1,-0.846042403540198,1,0
840,0.238579195865896,0.288864667668769,2,0,0.645689339690076,0,1
841,0.209525470904347,0.700833444547836,2,1,-0.216750582851071,1,0
842,0.263620224278825,1.51962078863843,1,0,-1.01671835558477,0,0
843,0.324128837673925,1.06684869636148,2,0,1.80669221672139,0,1
844,0.000584518711548299,1.73381298458217,1,1,0.642569770268003,1,1
845,0.232552595552988,1.67041892263675,0,0,0.251238088735603,0,1
846,0.126698183807938,0.458761652192353,2,0,0.723076050439336,0,1
847,2.33089991091731,4.5589654831428,2,0,-0.00559381474882562,0,0
848,0.152528416365385,0.601321861968865,2,1,1.47850896488262,1,1
849,0.503713691697277,0.719848646601075,2,0,0.71683173958937,0,1
850,0.10131340380758,1.564118212909,1,0,-0.504910749431873,0,0
851,0.62686694608704,3.0998324198808,1,0,0.250584037287205,0,1
852,0.0437372320448048,0.101173668230019,1,0,0.0302795574198281,0,1
853,0.411993485875428,0.454327549776313,1,1,-0.548377535760753,1,0
854,0.34721135860309,0.899471658207954,2,1,1.02870579318393,1,1
855,0.32865952514112,3.85695755784945,2,0,-0.274472431970107,0,0
856,1.43975829697194,1.46432240804036,0,0,-1.15860565758812,0,0
857,0.601216493174434,0.613191674705173,1,1,-0.736712999704624,1,0
858,0.145455959136598,1.50250972599303,2,1,0.840060171819661,1,1
859,1.4886938748453,4.66630731301264,2,0,-0.568535422018288,0,0
860,1.66541789649966,1.97379755274001,2,0,-1.19090226644444,0,0
861,0.965125407039762,2.00406843227498,2,0,0.571842970207294,0,1
862,0.10692676753448,1.24715956803738,2,1,0.174166792836621,1,1
863,0.276896298391022,1.30996712179212,1,1,-0.184915876193953,1,0
864,1.1563565453455,1.46664581763239,0,1,0.132658988533462,1,1
865,0.52833634309639,1.25130685397297,2,1,0.682728717599178,1,1
866,0.412339394388255,0.747620018047241,2,0,2.25414531373871,0,1
867,0.326472940427556,0.388768991155133,2,1,0.435188716549827,1,1
868,0.408362477028277,0.927821745475133,0,0,1.19197479276998,0,1
869,0.482974637299776,0.856915741009617,1,1,-1.80462794795278,1,0
870,0.277655838988721,1.03362144811638,1,1,-0.0882771687428247,1,0
871,0.238092744722962,4.93716343199481,0,0,-0.827354871549767,0,0
872,1.95706975572705,2.08665211106201,1,0,-0.500146311937386,0,0
873,1.71438552989605,4.66022664926904,2,1,-0.605711299646441,1,0
874,0.170977445668541,0.910737163914592,1,0,0.903182329963054,0,1
875,0.303701724019429,0.598300671874812,1,1,0.197956969102932,1,1
876,0.457737464258088,2.043976696829,0,1,0.870790955271888,1,1
877,2.8455617699277,3.60346446761598,1,0,-0.997437024902364,0,0
878,0.214668319560587,0.745658634670643,1,1,-1.39125329404077,1,0
879,0.686918931288466,2.22150988545033,2,0,0.693169088197238,0,1
880,0.987489332444966,2.43630514111373,1,1,-1.46064352222387,1,0
881,0.924459764750122,1.67691334480485,1,1,0.319485529462758,1,1
882,0.0449541282407068,0.735666302079023,0,0,0.11717646930069,0,1
883,0.124903209071869,0.553559118939965,1,0,-1.16102753097652,0,0
884,0.286200182211542,1.37699244940359,1,0,-0.589840719219791,0,0
885,0.367874735966325,0.454153099651045,1,1,-1.48372741694219,1,0
886,0.699764999561012,1.28647291197741,2,0,-0.0138385411348364,0,0
887,0.248696810004978,0.381399450422949,1,0,-1.53393636426748,0,0
888,0.407625348307192,1.34488337243857,2,0,0.0910023853033507,0,1
889,0.0663140299599433,0.372937706496299,0,0,0.56149209918319,0,1
890,0.0628744287258556,1.63852140634564,2,1,0.333196443887395,1,1
891,0.280215949751437,0.40480846780402,2,1,1.17120929440281,1,1
892,2.00509944363477,3.10351973709961,0,0,-1.41674361695016,0,0
893,0.151405903161503,0.827222054763716,2,0,1.82628437792049,0,1
894,0.208214030135423,1.1515529526731,2,0,0.448712366127713,0,1
895,0.427822074852884,1.04423549750651,1,0,-0.0523431889353898,0,0
896,3.24218431470876,6,0,0,-1.47260310451995,0,0
897,0.808252501301467,0.980418926873099,0,1,-0.509997898234599,1,0
898,1.7262829082696,2.85466450445409,2,0,1.39401941602685,0,1
899,0.87679247972943,1.72955839924208,2,0,1.55522176834549,0,1
900,0.112928573807913,0.395535613238186,1,0,-1.40090586664361,0,0
901,0.481361004032016,2.01812968458267,1,1,0.336288268673459,1,1
902,0.473364356158012,3.9561365829343,2,1,0.357022508592911,1,1
903,0.21879968320718,0.947513621460344,2,1,1.07213161929938,1,1
904,0.0788880855543539,0.903020408000266,1,1,0.500477304845415,1,1
905,0.126127603035856,0.296540836192407,1,1,0.200269580677504,1,1
906,0.126804359392577,0.72808693552535,1,1,1.49826058777956,1,1
907,0.155059311474049,1.65265368724541,1,0,0.247137181023961,0,1
908,0.100142426954381,0.658074062554015,2,1,-0.12758226187427,1,0
909,0.482640207388186,0.81305537756333,1,0,0.0575461318671521,0,1
910,0.916238834875023,0.952331694970459,1,0,0.0383385135597906,0,1
911,0.676352355629206,1.21732884084678,1,1,-0.0552133875471272,1,0
912,0.0643374007195234,0.292493208902594,1,0,-0.0592502947135101,0,0
913,0.539323823606358,1.45331336314492,1,1,0.171059475058788,1,1
914,0.0173385193920694,0.854464726370081,2,0,0.265396345272364,0,1
915,0.225071225697991,0.744385188839937,1,0,-0.788727064652626,0,0
916,0.317105097696185,2.21175119930124,0,0,-1.0648088266663,0,0
917,0.397749629628379,0.498095666514582,1,0,0.107891123057707,0,1
918,0.32722358853789,0.400439885376103,1,1,1.26830211897044,1,1
919,0.951000152801737,1.31192216066635,1,1,0.445944643093095,1,1
920,0.259153578663245,0.265833308105867,2,1,1.86589433396835,1,1
921,0.0360401167151493,0.139929957469414,1,1,0.494009721056019,1,1
922,0.187331539636943,0.585916745271029,1,0,0.0351772950364173,0,1
923,0.0925203305087052,0.452888611036157,2,0,0.102698178421276,0,1
924,0.207673810422421,0.238583895466365,1,1,-0.652505860087682,1,0
925,0.426568760536611,0.555553567496416,2,1,-0.342410949736411,1,0
926,1.00028212293388,3.20331191316584,1,1,1.60760014349561,1,1
927,0.280240043942808,4.13764334283769,0,0,0.249092610252212,0,1
928,0.459643785699092,1.27933892307951,1,1,0.528714217707634,1,1
929,0.22040393872885,0.381849573781036,1,1,0.677871392604111,1,1
930,0.178683038834475,2.48081500636466,1,0,-0.044971338039391,0,0
931,1.06231646705419,1.27395321433403,1,1,-0.364510638921191,1,0
932,0.207916713552549,0.293003830581374,1,1,0.123366789521231,1,1
933,0.162876997989943,5.22528780498014,2,0,0.852263720167772,0,1
934,1.05739812905418,1.12180290743709,0,1,-1.02296534429363,1,0
935,0.133675067011087,2.56701798799137,0,0,1.01856939400517,0,1
936,0.21308963856427,1.03547396810415,1,0,0.487875301044418,0,1
937,0.337277964281384,0.422151191160083,0,0,0.77232489777919,0,1
938,0.372478970966768,1.18277877659032,0,0,0.715253128267964,0,1
939,0.0991616019746289,0.829103094595722,1,1,0.308241656717755,1,1
940,0.476251460469149,1.66887462638942,2,0,1.28658855259491,0,1
941,0.560776594767168,0.619379472896465,1,0,0.0250337420138309,0,1
942,3.68494286371355,3.91268166293019,2,0,-0.767005398498414,0,0
943,3.54666481895332,5.03138624486814,2,0,-1.29886574902929,0,0
944,0.0975297149270773,0.430201216099311,1,1,-1.09784429472594,1,0
945,0.308177592232823,1.75004195827595,0,0,2.03886714702768,0,1
946,0.677977760761798,0.796129596881867,2,0,0.0770586699285939,0,1
947,0.103433359472547,0.899985949737542,2,1,0.210761192305923,1,1
948,0.0765534906531684,3.00105096834627,2,0,2.47122291393118,0,1
949,0.392230481957085,2.91985189731832,1,0,0.945788657367673,0,1
950,0.46778331857343,1.26936545970433,1,0,0.00293810251283887,0,1
951,0.202931367126019,0.662435062691085,1,1,-0.494337612295252,1,0
952,1.36171411909163,1.46248269733854,2,1,-0.46064339472154,1,0
953,0.423226161510684,0.605730811024111,1,0,0.205430763357049,0,1
954,0.609997513212085,0.644144008318365,1,0,0.842906402118455,0,1
955,0.466269580047518,0.58178277882862,1,1,0.350210275563345,1,1
956,0.384424740914255,0.562213344181112,2,0,0.463912981963832,0,1
957,0.104958827879225,0.388876184200247,0,1,-0.236968896842244,1,0
958,0.252198377374306,4.79496595030273,0,0,-0.970079101903499,0,0
959,0.560266704653482,1.02681133171965,2,0,1.34310498469073,0,1
960,2.56077353089097,4.95153598214295,2,0,-0.508619326499926,0,0
961,0.247961476852652,0.496596458345586,2,0,0.672095254749972,0,1
962,0.38140875287354,0.629708922111028,1,0,-2.05431679703149,0,0
963,0.0646178671740927,0.121965972826448,1,1,2.12031965636973,1,1
964,1.20765060931444,1.43129869279679,0,0,-0.151520496451206,0,0
965,0.307404058985412,1.77433912021418,0,1,1.31948725045186,1,1
966,0.25834377593128,1.20578293695273,1,1,0.778668299597559,1,1
967,0.187996347914572,2.45274327607408,2,0,-0.504363034143604,0,0
968,0.117051858396735,0.240711951609514,1,1,0.416539540712,1,1
969,0.224788008781616,3.53524232488448,2,0,0.6383553960325,0,1
970,0.20550740591716,0.206611849929543,1,0,1.22155624585606,0,1
971,0.00698144285927262,1.51306246814018,2,0,-0.211614310061734,0,0
972,2.27075554235818,2.3512583484538,1,1,-0.0621819320723914,1,0
973,0.0700357130769978,0.737698720727638,2,0,0.337746203627643,0,1
974,0.210228838957846,1.50172809093088,1,0,-1.2428094228134,0,0
975,1.34495486970991,1.92627182958677,2,0,-0.940520753054891,0,0
976,0.14322058763355,0.672088183484405,1,1,0.888399528533907,1,1
977,0.439656420991571,0.655908417998605,2,1,-0.445654557938696,1,0
978,0.85939588313625,0.945261524143192,1,1,0.603129653788073,1,1
979,0.180929989553988,0.364403406365936,1,0,-0.0390137236225868,0,0
980,1.73361239478666,2.22138465606914,2,0,0.570232556981601,0,1
981,0.250632565876003,1.20824379621146,2,0,0.585097040950122,0,1
982,0.391322576906532,1.62502136271676,2,0,0.224708728468808,0,1
983,0.0638694266672246,0.695939586897272,1,0,0.924218319176771,0,1
984,0.724435720450066,0.980721911138961,1,1,0.354278028066493,1,1
985,0.274445921531878,1.4570911535305,2,0,1.03898480640882,0,1
986,0.100258480849176,0.130561320056402,1,1,-1.80448350894735,1,0
987,0.121981112461071,0.353031362682464,2,0,1.37987408589825,0,1
988,0.0667246441159908,0.527783119428578,2,0,0.268660069603166,0,1
989,0.331665500067174,0.576417802734854,2,0,-0.0142240579605773,0,0
990,0.0776409897953272,1.23413323281173,1,1,-0.607681709464683,1,0
991,0.176140430849046,0.947123166120498,2,0,1.3024574658428,0,1
992,1.43238759777489,1.44471630652491,2,0,-0.683946195232723,0,0
993,1.07777361292392,1.81548437393746,1,1,-0.0678010299231341,1,0
994,0.480251240052104,1.28370855017552,1,1,0.316175642201665,1,1
995,0.620903444333755,0.700543550990122,0,0,0.460064168797921,0,1
996,0.463964380323887,0.875610724350495,1,1,-0.93024735725223,1,0
997,1.05175522528589,2.35339291327422,1,1,-0.446311031956961,1,0
998,0.174113061879664,1.10880156454799,2,0,0.746312461896423,0,1
999,1.2312694946304,1.49118908052453,1,0,-0.379909735686683,0,0
1000,0.181937503202578,1.39991481557118,2,0,1.74802002092901,0,1
1001,0.171735706802512,1.76937790133787,2,0,2.30430329004204,0,1
1002,0.32422255538404,0.46058541462639,1,1,-0.789479090136884,1,0
1003,0.091620517487172,0.184935302479698,1,0,1.25313977756,0,1
1004,0.810452141423531,0.811597500372678,2,0,0.742355391095874,0,1
1005,0.424044483129703,2.18404228009659,1,0,-0.676701602184196,0,0
1006,0.0972750186920166,0.998865738417881,1,1,-0.313048536961222,1,0
1007,0.0279803646844812,0.810888172058847,1,1,1.62729807434938,1,1
1008,0.181512119015679,0.680312183641437,1,1,0.239781841164005,1,1
1009,0.119590756366961,0.548112195880347,1,0,0.847634218395919,0,1
1010,2.02731284490767,2.20454433215695,1,1,-0.160850916663671,1,0
1011,0.673684408888221,1.45808242810083,2,1,-0.584453627566141,1,0
1012,0.109509287576657,0.110740960701178,2,0,0.181522578008983,0,1
1013,0.109267827356234,1.73568514368852,1,0,1.04262093777513,0,1
1014,0.0392889896668689,0.434443611295433,1,1,0.353366209327575,1,1
1015,1.45096607870402,1.52589441175978,2,0,-0.0174597963444946,0,0
1016,0.849534926211283,2.09736273096736,2,0,0.788479214525862,0,1
1017,0.490345688740329,0.748342720997068,1,1,1.23531090598713,1,1
1018,0.0849640642991289,0.766412041158146,2,0,1.09477698324247,0,1
1019,0.238523861335125,0.256297639920176,1,1,0.486902385265105,1,1
1020,0.104116344983028,0.647217588929325,1,0,0.198297132527893,0,1
1021,0.080809828825295,0.186145917822015,2,0,-0.951475504283919,0,0
1022,0.794636693291187,0.879692348071372,2,1,0.348260427611228,1,1
1023,3.3050471691597,3.52810954605517,0,1,-1.24932843320374,1,0
1024,0.326400647871196,1.64026960946989,1,0,-1.84206363891889,0,0
1025,0.579968720550024,0.602531540155474,1,1,0.205485599494493,1,1
1026,0.91766956448555,1.58831884270079,1,1,-0.116774831785596,1,0
1027,0.199877316481434,1.30042798279138,2,1,0.788793940046142,1,1
1028,2.34820662802997,2.89995171687946,2,0,-0.605123407074006,0,0
1029,0.518576303423983,1.93071861350439,2,0,0.757582694789026,0,1
1030,0.38873202749528,1.73083312955569,1,0,0.692872257346412,0,1
1031,0.1697341693216,3.68600980575429,2,1,0.00893247401610222,1,1
1032,0.30938935931772,2.23639226448325,2,0,0.198992713042241,0,1
1033,0.0407144159392219,0.703286328419827,2,1,0.0822777899181774,1,1
1034,0.0802733748717505,0.235408169459933,1,0,0.204131761121249,0,1
1035,0.959581852890551,1.61702859668578,1,1,-2.20544902385352,1,0
1036,0.315439019759651,1.20130404715563,1,1,0.88239711954549,1,1
1037,0.0370537496048261,0.608237890494254,1,1,1.05407837020443,1,1
1038,0.0446291333414832,1.24807782287617,2,1,1.09841540818302,1,1
1039,1.38536813653048,1.43411334953699,1,0,0.0607355264773402,0,1
1040,1.97004308543148,6,0,0,-1.47025677506046,0,0
1041,0.363904066907708,0.505581531635787,1,1,1.14881433368079,1,1
1042,0.158992450684309,4.13525062613189,0,0,-0.796461564678707,0,0
1043,0.151922713033855,0.452893764416258,1,0,-0.614182030757091,0,0
1044,0.564510277446181,2.32484489003004,2,1,0.124541607966572,1,1
1045,0.0938597710802259,1.28272322627405,0,1,0.787134812749932,1,1
1046,0.254989510576706,2.68757548843873,1,1,1.53267575957219,1,1
1047,0.711454116363831,0.856177094652567,2,0,0.394174973419241,0,1
1048,0.389070383971557,0.923921925326188,0,1,0.475480327588279,1,1
1049,0.15809631620381,0.267336278365759,2,0,1.80336660162205,0,1
1050,0.162695361068472,0.301872338180106,2,1,0.648805270885864,1,1
1051,0.155038158409297,0.406675457334972,1,1,-0.24360120316611,1,0
1052,0.156271442538127,4.5818946013848,0,0,0.16110732022737,0,1
1053,0.6753160877472,0.819710214630604,1,0,-0.389571793278789,0,0
1054,0.0347239347804032,0.226894341055539,1,1,-0.248353216248567,1,0
1055,0.451417320717964,1.21628164345232,1,1,2.26586133704507,1,1
1056,0.581168857144013,0.697175873511027,2,1,1.13430758611597,1,1
1057,0.643083208679974,1.56122061297633,2,1,0.496666938490918,1,1
1058,0.118381463632003,1.8610873541293,2,0,0.229063038194998,0,1
1059,0.272589287778828,1.34860085074736,2,0,1.1025284595329,0,1
1060,0.321747548847003,1.4616799260204,0,0,0.682785386007231,0,1
1061,0.567256348414168,0.570603070686658,2,0,0.268400061228214,0,1
1062,1.84671693387284,6,0,1,-2.08711598894823,1,0
1063,0.213924983981997,0.751024738811635,2,1,1.44302906484832,1,1
1064,0.0863712138379924,1.09046349175601,1,1,1.42453339628836,1,1
1065,0.168923383171204,0.174384545980035,1,0,0.34281221441494,0,1
1066,0.491562217622794,1.10555787336659,1,1,-1.17343436482166,1,0
1067,0.0847921433160082,1.28762962614855,1,1,0.234408221158708,1,1
1068,0.354371524881572,2.27299336274096,2,1,0.621408466521177,1,1
1069,0.0469036195427179,0.281604691166419,1,1,-0.737687964082267,1,0
1070,0.874381762929261,1.59339486502275,2,0,-0.488022116046154,0,0
1071,0.157408497045088,0.488507837113692,2,1,1.87752599991613,1,1
1072,1.08865364268422,1.77099867103,0,0,-0.563748926528421,0,0
1073,0.188233353625142,0.423136886915346,2,0,1.70364601757258,0,1
1074,0.0566824078412141,0.815441031148213,1,1,1.08544150143081,1,1
1075,0.11829161999827,0.513677660304629,1,1,0.784270601489172,1,1
1076,2.46224646075609,2.72963344944823,2,0,-0.615538300436293,0,0
1077,0.00979825205615032,0.204233000205864,2,1,1.24052659238045,1,1
1078,0.0250014756371815,0.731845772961138,1,0,-0.185514610992092,0,0
1079,0.717882828396367,1.2445409167978,1,0,0.681077553454721,0,1
1080,0.359467959497124,0.847807755309568,1,0,1.82311217616108,0,1
1081,0.594546448529519,1.40143153082097,1,1,1.68434024541308,1,1
1082,0.57545370887965,1.41813712189084,1,0,-1.06371720701168,0,0
1083,0.0198940857080743,0.282599831737346,2,0,0.27720895531017,0,1
1084,1.49076309605482,3.77201029804113,2,1,-0.540909951245403,1,0
1085,0.0124457566468434,1.77195128363868,0,0,0.266754569257652,0,1
1086,0.263284214670601,0.371587797062314,1,1,0.282422566084622,1,1
1087,0.216907674039248,0.872602254390215,2,1,0.0396799129140802,1,1
1088,0.243385435062339,1.08313968351965,2,0,1.16712308963548,0,1
1089,0.262820491334423,1.4995841241964,1,0,0.994099239379978,0,1
1090,0.0796845782315359,0.647432159252207,1,1,0.458030231519004,1,1
1091,0.0878344178199768,0.396844531094099,1,1,-2.26812687236435,1,0
1092,0.94976531714201,1.16934563400694,1,0,-0.77059327109787,0,0
1093,0.388838020634342,4.44634601987262,2,0,-0.789604677392675,0,0
1094,0.73980138285254,1.19318625685161,2,1,1.08506637088759,1,1
1095,0.0298679136160785,0.0724331804358052,2,0,0.65480096054264,0,1
1096,0.53894718552039,1.07772472824913,2,1,2.59183128522433,1,1
1097,0.283134438122041,0.450282424187475,1,0,-0.696443101772799,0,0
1098,0.215859241725411,0.529030860470267,2,0,0.998191514745105,0,1
1099,0.482665795690201,1.83558906204562,1,1,0.695616336302839,1,1
1100,0.362837510183454,1.91562694174481,1,0,0.879283880003787,0,1
1101,0.547248178034765,0.994317748561424,2,0,2.50006922461922,0,1
1102,1.84832037319529,2.67990954119407,1,0,-0.619602743320076,0,0
1103,0.0607590983906309,0.152380318216587,2,0,0.5346375443405,0,1
1104,0.625134679113336,1.18264702956047,1,0,0.649810302327081,0,1
1105,1.53459339045493,1.70989824748485,2,0,0.331859508232308,0,1
1106,0.100962887518108,0.32959277741611,0,1,-0.431772781914381,1,0
1107,0.384911680594087,0.473516629803101,2,1,0.582116503247346,1,1
1108,1.29711602343583,1.30361364424779,1,0,0.365003422612359,0,1
1109,0.153439584037141,0.290069223902659,1,0,0.0900346532712054,0,1
1110,0.0530091338441707,0.503865944449226,2,1,1.05025470934086,1,1
1111,0.0843290711054578,0.0965325410630459,1,0,0.69783929318288,0,1
1112,0.498980910655365,1.04676581603541,2,1,0.0340470000374968,1,1
1113,0.395665510732215,2.87820347596286,2,0,0.200024482612197,0,1
1114,0.273349753115326,0.728615224830672,1,0,1.03431511818401,0,1
1115,0.396887822425924,1.46825708407972,1,1,0.919015305251045,1,1
1116,0.149647871730849,0.39078064432996,2,0,0.795474822443859,0,1
1117,0.0738016789546236,0.984772159106938,2,0,0.865330471724105,0,1
1118,0.418995397631079,3.35658145373281,1,0,1.07308850496907,0,1
1119,0.0839667563559487,0.748035426562031,0,1,0.898852453590231,1,1
1120,0.365325964055955,1.75716444173345,2,1,-0.285369228224316,1,0
1121,0.32372664718423,0.722517508338309,1,1,0.261230783336597,1,1
1122,0.925822481513023,1.68967045536025,2,1,-1.08043228375995,1,0
1123,0.751970189131618,6,0,0,0.0848706801712018,0,1
1124,0.430017164617311,0.810488884647687,0,0,0.83885711595833,0,1
1125,0.699807453757905,1.15503313265449,1,0,0.47989752911356,0,1
1126,0.657131301526298,1.99877079176313,0,0,0.0423064543948925,0,1
1127,0.0147009808570147,0.261683747286183,1,1,-1.75380258073466,1,0
1128,0.14797498957931,0.412448170263375,1,1,-1.90797326372597,1,0
1129,0.11232681106776,0.4317696307747,1,1,-1.2772105044079,1,0
1130,1.91745314366164,2.49817947546641,0,1,-0.356458170351275,1,0
1131,0.27353754529031,0.457559602524348,2,0,0.59579690052109,0,1
1132,0.634540845097568,0.90311217707115,2,0,1.56513175261981,0,1
1133,0.00399863405618817,0.193471688377746,1,0,0.0268031438243643,0,1
1134,0.137287708632443,1.55181803243278,2,0,0.771755554204416,0,1
1135,0.0340445055705096,1.16732648954978,1,0,0.676344815410922,0,1
1136,0.739835520481512,2.19590760063092,1,1,1.51092602523035,1,1
1137,0.199047650523654,0.248273982533042,1,1,-0.701274272373134,1,0
1138,0.0321384723065421,2.32792153477546,2,0,0.0597902453589245,0,1
1139,0.412503623481221,0.977797439608413,1,0,-0.854634503875651,0,0
1140,0.00548376730876043,0.0697291230342732,2,1,0.731258688143129,1,1
1141,0.0205896630818401,0.682393041408892,2,0,1.48273602870413,0,1
1142,0.474556231608713,1.1334944240556,2,1,0.119198499482378,1,1
1143,1.24942571967246,1.32806999298433,0,1,0.501946477178026,1,1
1144,0.659331951290369,1.15452827191853,1,0,-2.1676572909574,0,0
1145,0.0997877967893146,1.12879419726754,2,0,0.674017713244378,0,1
1146,0.38489478174597,2.17980166381764,2,0,0.874502838878957,0,1
1147,0.231300242245197,0.405995213503072,1,1,-0.334220327230157,1,0
1148,0.0311158659277764,1.4457150912233,1,0,0.136678869277773,0,1
1149,0.242206596303731,1.70916759366089,2,0,1.49523658524358,0,1
1150,0.167143264667585,2.43730187815822,1,0,-0.291789347941475,0,0
1151,0.11139631878182,0.672640305628672,2,0,0.70474972794909,0,1
1152,0.249483571096789,2.93234495841261,1,1,2.11474431221767,1,1
1153,0.0432943963096477,0.568798245888847,2,0,0.802701174349001,0,1
1154,0.44408516490069,2.90144841583403,2,0,0.200381618809241,0,1
1155,1.13815623242408,1.85558194203589,1,1,-0.506644164922529,1,0
1156,0.144846732728183,0.149048890680425,1,1,0.491385366929136,1,1
1157,0.154004903729613,4.11542627323112,2,0,0.68659966539274,0,1
1158,0.0532853518652541,2.90293543505917,1,1,0.786873212454346,1,1
1159,0.311178605768594,3.8576408937958,2,1,0.657739666161563,1,1
1160,0.297149280377198,0.766782190788491,2,0,0.277070086703464,0,1
1161,0.0694194621113511,1.67737759125518,0,1,0.617857597511021,1,1
1162,0.459666739239801,1.45685835195427,1,1,0.219411830921313,1,1
1163,0.0402559293434024,2.38109243723253,0,0,0.700606599337878,0,1
1164,0.042402939288877,1.45432488938335,2,1,0.863306032206004,1,1
1165,0.144008905726783,1.29501866046843,1,0,0.479734194839092,0,1
1166,1.92463828614893,2.06983033675358,2,1,-0.0451433505486332,1,0
1167,0.29663538839668,2.02846511141592,1,1,-0.495122267679917,1,0
1168,0.043546998671604,0.395150074309914,2,1,-0.913382221827572,1,0
1169,0.130225803877693,0.493074896183558,2,1,0.523610294029031,1,1
1170,0.144849166782891,1.15184789258791,2,1,0.429296427624159,1,1
1171,0.25000058230944,1.1218494069928,0,1,0.728746755557627,1,1
1172,0.244097492366547,1.51734494245823,1,1,0.18425438341912,1,1
1173,0.632694610829395,0.992232042675217,0,0,0.847909472173924,0,1
1174,0.242100081522949,0.567335834391987,0,0,0.747376071818298,0,1
1175,0.434637374684036,0.918589599865199,1,0,0.229166954018761,0,1
1176,0.70146740702615,0.950291213115135,1,1,1.33379714518727,1,1
1177,0.239301786350552,0.288882492243429,2,1,0.101318361305048,1,1
1178,0.144931145476315,3.83399947856863,0,1,1.82592602789565,1,1
1179,0.0551111753555247,0.940363813782118,2,1,0.519032912381031,1,1
1180,0.835249234197483,2.2241752586545,1,1,0.860864755785968,1,1
1181,0.217440418693076,0.523607835006076,2,0,1.65113144384039,0,1
1182,0.08473226276692,0.774721119588508,0,1,0.19825652546705,1,1
1183,0.253007485007402,1.76137842555808,2,0,0.233481114494579,0,1
1184,0.437858190960602,2.31203864149076,2,0,0.834696061404421,0,1
1185,0.837111611009397,1.06029224192434,0,1,1.02243628096229,1,1
1186,0.196913150024319,0.320580722982371,2,0,1.08283037678775,0,1
1187,0.371421086601913,0.80107018209222,2,0,0.981756223961452,0,1
1188,0.753411755259974,0.927889618514182,1,0,1.27009407011249,0,1
1189,1.01124697227051,1.29744253487654,2,0,1.73439736489058,0,1
1190,0.246274164273563,0.419836703508596,1,1,0.783743395329373,1,1
1191,0.703494259479277,3.92378148001929,0,0,0.149363897005387,0,1
1192,1.07171975303778,1.14870973918991,2,1,1.56337544344999,1,1
1193,1.03612207181081,1.86423650191171,2,0,0.433649546100005,0,1
1194,1.87874855347083,6,0,0,-0.776278587508917,0,0
1195,0.813343378715217,3.18347693005069,1,0,-0.566403794532268,0,0
1196,0.197775007691234,0.68913347779972,1,1,0.363915878858081,1,1
1197,0.0455527263693511,0.637039232439824,2,1,1.0836367506919,1,1
1198,0.4292070196243,1.70921051943355,2,0,0.173637720972679,0,1
1199,1.85802688811648,2.66479945920385,0,1,0.96586290477987,1,1
1200,0.946283970208481,1.64996078224921,2,1,0.948054299456895,1,1
1201,1.59032765581253,6,0,0,-0.085036082811191,0,0
1202,0.803297478705645,2.39132327329735,1,0,-1.33972718941185,0,0
1203,0.384442270733416,0.757722274089853,0,0,-0.00773185039565909,0,0
1204,0.962747797369957,2.97799668904517,2,1,-1.61756416045248,1,0
1205,0.12302522547543,0.245975366915596,2,0,0.0886829073415755,0,1
1206,0.175607537676115,0.477077076211572,0,0,0.580184837398018,0,1
1207,1.97108049688499,2.2475883549239,2,0,-1.18975886160502,0,0
1208,2.04038316189292,5.49089780332479,0,0,-0.536964898565931,0,0
1209,1.01010571699589,1.21518580516743,2,0,-0.323357553583281,0,0
1210,0.218217289366294,0.966907605127749,1,1,2.22564487357075,1,1
1211,0.465673742462121,0.769428026986884,1,1,-1.28808040474744,1,0
1212,0.991217875800669,1.05224292395942,2,0,1.08715801388353,0,1
1213,0.212559387857776,1.07371127481713,1,1,1.13915269445307,1,1
1214,0.32644730352331,0.731646042000353,1,0,0.398782525159607,0,1
1215,1.14117255429143,2.55783046119114,1,0,1.06358292041528,0,1
1216,0.264153305441141,1.37357800374051,1,1,-0.909761512599478,1,0
1217,0.457839180715382,3.6623899619618,1,0,-0.555192375387398,0,0
1218,0.0601626504212618,0.312156224485953,0,1,-0.504139452393312,1,0
1219,0.0852087995735928,0.943164327015085,1,1,0.00125802904205151,1,1
1220,0.809769381859161,4.41870379388939,2,0,0.202351923831872,0,1
1221,0.285246997037653,2.21024749800563,0,0,-0.762914528801876,0,0
1222,0.00685514154611155,1.13817152543838,1,1,0.109183888728281,1,1
1223,0.453722238639813,1.1885216526089,1,0,-0.123586025742135,0,0
1224,0.047988472705396,0.39212445704698,1,1,-1.96782967938902,1,0
1225,1.87037161153955,2.25846921327789,1,1,-0.440460947605753,1,0
1226,0.316451306571253,1.37512310694298,2,0,0.412793558675626,0,1
1227,0.185410425279974,0.653151860441647,0,1,0.0638797359058178,1,1
1228,0.0947665921213368,1.11451345686298,0,1,0.606010499488127,1,1
1229,0.951507788151503,1.67249236479134,2,0,-0.297914294870633,0,0
1230,0.117210423049983,4.15403054406246,0,0,0.041807366590832,0,1
1231,0.590099296705024,3.98282116102786,2,0,-0.074767950662234,0,0
1232,0.299890831112862,0.645344843147879,0,1,-0.241818050236816,1,0
1233,1.04982865503395,1.15794044608871,0,0,0.431419867057781,0,1
1234,0.0927525250864255,0.773123027823866,2,0,0.754110681306527,0,1
1235,1.7034206855202,1.86560186023665,1,1,-0.128141703819402,1,0
1236,0.382961579598486,0.903595448680356,2,1,0.347997069970861,1,1
1237,0.464379889282219,2.63373223106015,2,0,0.563380680002335,0,1
1238,0.118709810078144,0.959240053536094,1,0,-0.614468600236904,0,0
1239,0.0176478053283561,5.58568176794038,2,0,0.261549812922584,0,1
1240,0.354516453226097,1.78721211850643,0,0,0.657336306577454,0,1
1241,0.368317517645981,0.815668929992947,1,1,1.77369234631886,1,1
1242,0.0278529153845,0.0897181233131766,1,1,-1.05247219932378,1,0
1243,0.63735586995893,6,0,0,0.270365300281588,0,1
1244,2.3927177376205,2.58988035532335,0,1,-0.585180914035748,1,0
1245,0.70723219073546,1.27385858853296,1,1,1.60011355975205,1,1
1246,0.452891468890463,1.58314430037522,1,0,2.14073088672125,0,1
1247,2.7425352129245,6,0,0,-1.168338851091,0,0
1248,0.463138797257066,0.700085389354715,1,1,-0.639529356374427,1,0
1249,2.09559157668593,2.20135454949118,2,0,-0.971686997387215,0,0
1250,1.6235733625157,1.80911080189828,2,1,0.958277809878656,1,1
1251,0.742268632721909,3.70593718669332,2,0,0.84051171518308,0,1
1252,0.115242673316796,0.295451722879143,1,1,2.15481765044153,1,1
1253,0.430579571984708,1.57352659828427,1,0,-0.0282353404427583,0,0
1254,0.273810578510165,1.8127581554868,1,0,0.458972139667759,0,1
1255,0.0280621036654338,0.0471700821071863,0,0,0.622695330589963,0,1
1256,0.16034283915788,1.50218263569388,2,0,0.749815306732921,0,1
1257,0.892455917783082,0.99294306315768,1,0,-1.6285719591888,0,0
1258,0.0896573815890089,0.274982530720647,2,0,1.26778361615332,0,1
1259,0.0524542331695557,0.152563858674227,1,0,-1.8402832304661,0,0
1260,0.00720041251042858,1.90746075507331,2,0,1.35938312720726,0,1
1261,0.229261540516745,0.526149129210091,2,1,0.906322855573843,1,1
1262,0.0120670316391625,2.05719046599816,2,1,0.741487539930825,1,1
1263,0.889283325470627,1.2431549817417,2,1,0.0742254170939347,1,1
1264,0.569679038572878,0.743896702818753,2,0,1.87603581507403,0,1
1265,0.796038872186847,4.84948425099631,2,0,0.190315025580479,0,1
1266,0.00918717676540837,2.62972238817287,2,0,1.81675821485662,0,1
1267,0.882010814770331,0.886033697308064,2,0,0.393991992479289,0,1
1268,1.12337413709611,2.75730144325495,1,1,-0.576224903685784,1,0
1269,0.428291473072022,3.14069088345025,1,0,0.45594814175056,0,1
1270,0.129455130372662,0.645439946452159,1,0,0.248658205004137,0,1
1271,0.566329339519143,1.14579143964124,2,0,-0.144265086420588,0,0
1272,0.1129243944888,0.347675901007703,1,1,0.111135427668108,1,1
1273,2.40177922873738,2.94776133543621,2,0,-0.585217334511958,0,0
1274,0.239613823068794,0.318405631939605,1,0,0.616931015935853,0,1
1275,0.0211980389431119,1.12598085911942,1,0,-0.901579162161259,0,0
1276,0.1445154177272,1.54946625764249,1,0,-1.05144467193971,0,0
1277,0.10445097082993,0.526883685961366,0,0,0.480848523022581,0,1
1278,1.11443432624789,1.14796436031443,2,1,0.450437068064518,1,1
1279,0.0137997087334106,0.0316025709799841,2,0,2.45180665614736,0,1
1280,1.99783704874912,2.02662068062357,1,0,-1.38091590312231,0,0
1281,0.082220169424545,0.113948910989018,2,1,0.793461102341985,1,1
1282,0.0924500482506119,1.29755399445621,1,0,0.445334534832646,0,1
1283,0.344926165511761,1.06013640920455,1,0,0.698619704491668,0,1
1284,0.069818993191294,2.69745531550529,2,0,0.191475779192388,0,1
1285,0.737544104337853,1.01693485863507,0,0,0.471144408904147,0,1
1286,0.0915300802444108,0.197127258061566,1,1,0.249106264570954,1,1
1287,0.415824050433002,1.3168665001268,2,0,0.850201711725188,0,1
1288,0.280962509277742,0.289396800672419,1,1,1.22578067074301,1,1
1289,1.28623193823138,1.29221356806705,2,0,0.731346666151818,0,1
1290,0.532634855248034,0.719779515036164,2,0,-0.125794059254143,0,0
1291,0.00449751407862994,0.12051773568161,1,1,0.423349399640741,1,1
1292,0.732121377342202,0.809961414425259,2,0,2.09653576029783,0,1
1293,0.407929816865362,1.37458777771189,2,1,0.953732294017296,1,1
1294,0.0402892945567146,1.2048092757622,2,1,2.85526954652483,1,1
1295,0.282393999805208,0.482545288784331,2,1,0.82125094781444,1,1
1296,1.21918232087046,2.06291680075206,1,0,-0.128537894404986,0,0
1297,0.259100602706894,0.856985564414121,1,1,1.31107536047771,1,1
1298,1.23535130079836,2.62393752379833,1,0,-0.224769078899391,0,0
1299,0.363341649936046,1.17144186864747,2,1,1.25404386438454,1,1
1300,0.613804748636595,1.81852864699412,1,1,-0.316437368388872,1,0
1301,0.0306519758305512,0.214876900102972,2,1,0.680864930053192,1,1
1302,1.67357576071265,1.91136091309548,1,0,-0.325426229647419,0,0
1303,0.875253885626407,1.5917072010537,0,1,1.20902226487952,1,1
1304,2.21451669177952,6,0,0,-0.190264059960705,0,0
1305,0.0581739602730865,0.527918033427217,1,0,0.407972992325029,0,1
1306,0.106565638445318,2.03395199559194,1,0,-1.00571568634239,0,0
1307,2.12071420802715,2.73710574411832,1,1,-0.217019983952888,1,0
1308,0.298271360807121,0.515265285833085,1,1,-1.52701405445712,1,0
1309,0.0518641555681825,0.113398008290189,2,0,-1.47494214775155,0,0
1310,0.496313367886476,1.99383983698984,0,1,1.69784964128825,1,1
1311,0.0509145273695819,1.52239164951842,2,0,1.26006272774727,0,1
1312,0.125450008490589,0.503052907732588,1,1,1.29224027971658,1,1
1313,0.585491295179173,2.46778201585401,2,1,1.09486369137422,1,1
1314,0.911610065959394,1.85364873915885,1,1,-1.23930903398904,1,0
1315,2.06327129705789,5.64790120320328,0,0,-1.71143363856834,0,0
1316,0.109062751871534,0.178079807277104,1,1,1.37097142902539,1,1
1317,0.177112918600264,0.465084456682669,1,1,-1.08714800136432,1,0
1318,0.160656645894051,0.665140472064148,1,0,-1.35649336381303,0,0
1319,0.141999480957406,0.92048402191893,1,1,1.72069873176519,1,1
1320,0.216895127668977,1.5252347707474,1,0,-1.19941498807648,0,0
1321,0.120371174003654,0.944501862687773,2,1,1.68097146748734,1,1
1322,0.252139319200069,0.782585834350518,1,0,0.812805482331801,0,1
1323,0.440501194296694,2.04983805013216,1,1,1.56458464443133,1,1
1324,0.220805451273918,0.329328716724578,2,0,-0.61448937802279,0,0
1325,0.108316812771591,0.172350329311465,2,1,1.86595215801609,1,1
1326,0.292655220401768,2.25271386090515,1,1,-0.921330400709229,1,0
1327,0.123082904132246,0.134364285467083,2,0,2.41482765670953,0,1
1328,0.525131669826806,1.80745951404028,2,1,-0.138783664303606,1,0
1329,0.000799800782823011,0.603806742777427,0,1,-1.70507274775871,1,0
1330,0.126596917398274,0.697491715535395,2,0,-0.400218239293911,0,0
1331,0.0947544316934556,0.591129878038783,1,1,0.25773250371428,1,1
1332,0.81928987635468,1.94095228452598,1,1,0.231809655070616,1,1
1333,0.183432069607079,1.55620464729826,1,1,0.380081015535251,1,1
1334,0.0205991741583716,0.31386496963291,1,0,0.889119399601783,0,1
1335,0.0458864839747548,0.893647753064702,1,0,-1.24617810314635,0,0
1336,0.752582231626667,1.90612477418556,2,1,0.276768396729493,1,1
1337,0.933309476822615,1.42386964012362,2,0,-0.0315001481309796,0,0
1338,1.22358711156994,1.42630284007287,1,0,-1.40861625422667,0,0
1339,0.0138107003294863,0.439458115467871,1,0,0.586072159306568,0,1
1340,0.241677797748707,1.23370453404884,0,1,0.798178695146153,1,1
1341,0.72252129856497,0.843705323835214,0,1,-2.09185559314313,1,0
1342,0.788239871009074,1.5239233821603,1,1,0.655036033229369,1,1
1343,0.633824134432545,3.32865832193528,2,0,1.13587780490124,0,1
1344,0.0659110064890335,0.100503213601452,1,1,0.835925122077705,1,1
1345,0.141179913654923,2.9832818855842,0,0,-0.972415268481594,0,0
1346,1.46248689844253,2.4098819612536,2,0,-0.520662549473097,0,0
1347,0.205781673139427,0.713815937439601,0,0,1.95690131039199,0,1
1348,1.11137159144024,1.12971343559519,1,1,0.487895918359874,1,1
1349,0.252949776265058,0.550430121648547,2,1,-0.924670274748141,1,0
1350,0.202008028514683,6,0,0,-0.367429593670239,0,0
1351,0.204493917393008,3.49248245358467,0,1,-0.287966845756732,1,0
1352,0.659763554550529,0.742791071377392,2,0,0.18406706461114,0,1
1353,1.03301501087844,1.08890206997415,1,1,-0.4809777964123,1,0
1354,0.158735242672265,0.183568505996548,2,0,-0.186475291700194,0,0
1355,0.562989952132858,0.910843247481918,2,0,0.750945214734539,0,1
1356,0.292189259489533,0.363486998649727,2,1,0.00646973798024158,1,1
1357,0.189458820677828,2.94551937566497,1,1,0.0116011961329341,1,1
1358,0.184160638600588,2.48980769241389,2,1,-0.243914285747188,1,0
1359,1.00135715789498,4.44941189591501,2,0,0.0574410832044009,0,1
1360,0.682952603325248,3.30361299109214,2,0,-0.289513301965756,0,0
1361,1.17564001400024,6,0,0,-0.601053633505536,0,0
1362,1.51558437260373,1.57872257905624,1,0,0.456255132201695,0,1
1363,0.856903917711981,2.56657297177966,1,1,0.790933726651978,1,1
1364,0.48705820646137,0.706600079935431,0,0,-1.53881692367792,0,0
1365,0.432506652141456,0.783612212863621,2,0,1.09998922642584,0,1
1366,0.835946258157492,6,0,0,-1.39266098972618,0,0
1367,2.36341465600677,3.32258062668307,2,0,0.629782175215278,0,1
1368,0.22493774914583,0.329872889793373,2,0,1.91567255724479,0,1
1369,0.681718302631572,1.07915664717441,1,1,0.835744641021479,1,1
1370,0.477281849902157,1.47923006337816,1,0,1.39040201569053,0,1
1371,0.0729932870941634,0.811337561283715,1,1,0.533541017644062,1,1
1372,1.2595434281975,3.99462118353504,1,0,-0.427435693549993,0,0
1373,0.950860081886515,2.23992717321937,1,0,0.477080877744673,0,1
1374,0.462535998784006,1.53528474871918,2,1,-0.446421374526024,1,0
1375,0.0992539906874299,1.26580709129706,2,0,-0.514039436998251,0,0
1376,0.392504281189758,0.470958915487334,1,1,1.60980946784624,1,1
1377,1.50286851145825,1.54205973949936,1,1,-2.05074161365164,1,0
1378,0.265096687713679,0.311513509260647,1,1,1.17493681399161,1,1
1379,0.0130207386142661,0.0470179568128046,2,1,0.583295067511629,1,1
1380,4.17158081881885,4.95776695991424,2,1,-1.11188055561014,1,0
1381,0.087374773574993,0.178282533597642,2,1,3.80949030299099,1,1
1382,0.177164928754792,0.427778108666341,0,1,0.569505895227992,1,1
1383,0.0232871906658388,6,0,0,-1.88600376458179,0,0
1384,0.121309722599108,1.51635070417418,2,0,1.36823031832558,0,1
1385,0.308213573007379,0.606945834142675,2,0,1.56176025132712,0,1
1386,0.784757764346036,1.09203411155156,2,1,1.53095258659451,1,1
1387,0.768916663321612,1.41586533491217,2,0,0.278053485968846,0,1
1388,0.479267191960846,1.93988545091774,1,1,-0.0939039169091577,1,0
1389,0.19847809995849,1.44314993057934,2,0,2.22444209006947,0,1
1390,0.662173830179319,1.23321205154183,2,0,0.879797328002532,0,1
1391,0.0142484591924585,0.188196267613967,1,1,1.25769248681731,1,1
1392,0.677204119041562,1.23404620095864,1,1,-1.18563019756252,1,0
1393,0.801211335320778,1.00995089690124,0,0,0.166359058118216,0,1
1394,0.0271827951073647,2.57933421027142,1,1,-1.34084295640571,1,0
1395,1.21999229770154,5.15548310526975,2,0,-0.299598847592069,0,0
1396,0.715701241864931,0.845825615321526,1,1,-0.374150669753062,1,0
1397,1.28253669007087,1.98880066825324,2,0,0.925963224986808,0,1
1398,1.07711361832322,1.8290012957401,2,0,0.769393034180661,0,1
1399,0.431234267121998,1.406504700824,1,1,-0.699811998966588,1,0
1400,0.451667400749222,4.76157133502505,2,0,0.683672892376938,0,1
1401,0.0300741251558065,0.0757306734146719,1,0,-1.11023444366902,0,0
1402,0.206539945793338,0.527134933869525,1,1,0.51929978285194,1,1
1403,0.51613251850643,0.851508789447117,2,1,0.819860583718262,1,1
1404,1.18001680001022,1.36627993026847,1,0,0.888836586677179,0,1
1405,0.0532653526170179,0.496122254564238,0,0,1.06589496821278,0,1
1406,0.179484698746819,3.83375393537927,0,0,0.423127640059,0,1
1407,0.289788300578948,2.87741641947979,1,0,0.166004658901802,0,1
1408,0.0991721713216975,1.88269839271039,2,0,0.236079842405873,0,1
1409,0.284576859177382,0.866771542699406,2,0,-0.642131800018452,0,0
1410,0.239351194468327,1.28375326528522,2,0,0.759716454385374,0,1
1411,0.377075458236504,0.65263210804323,2,0,0.332934041854268,0,1
1412,0.773336252287783,2.14686443094648,1,0,1.27121761504129,0,1
1413,0.344488040404956,2.47903230803228,1,1,0.0473187487071134,1,1
1414,0.233555842132773,1.91735741857557,2,0,0.088075229817815,0,1
1415,0.376137766055763,1.96422566587271,1,1,-1.11558846535421,1,0
1416,0.482666439355653,3.32688006436644,2,0,0.216567531600639,0,1
1417,0.284756866749376,0.59372252809279,2,1,0.928578296512837,1,1
1418,0.343205859244335,0.774064203241935,1,1,0.276034865525007,1,1
1419,0.228463753126562,3.95932572771368,2,0,-0.154711432419247,0,0
1420,0.0142841724538481,0.984231693221712,2,1,-0.28220311740185,1,0
1421,0.616631243377924,4.86424659397229,2,0,-0.117945182006473,0,0
1422,0.158073365164455,1.61795047248374,1,1,0.790855025945672,1,1
1423,0.116649227857124,1.35385441978891,2,1,1.74131099482792,1,1
1424,0.0362095926539041,1.00635582266346,1,0,0.130746842740328,0,1
1425,0.136894569543834,0.514519582879127,1,1,0.784465932806651,1,1
1426,0.248279923107475,1.26868573432902,1,1,1.09443635063963,1,1
1427,0.0175958132604137,0.810135804867229,0,0,0.0882748361936836,0,1
1428,0.0371009382070042,0.230894949418988,1,1,0.166310926007076,1,1
1429,0.232220267644152,1.01964132748482,2,1,1.12151189424732,1,1
1430,2.48852907874083,5.20076588305919,0,0,-0.772148880973121,0,0
1431,0.016601461393293,0.917358449099407,2,0,1.1013669419751,0,1
1432,0.76022831276345,1.06765916828348,1,1,0.0138496011075367,1,1
1433,0.131198628514539,0.763786390587464,2,0,0.635291757409015,0,1
1434,0.307212896645069,0.415646225563374,0,1,-0.760651112459242,1,0
1435,0.691999613307416,1.17909289606296,2,0,-0.396214538842971,0,0
1436,1.13635622244328,3.31941301287028,1,0,-1.48664414950325,0,0
1437,0.349872139340732,0.918861215947846,1,1,0.735366854960696,1,1
1438,0.317515307979193,0.870382909227155,1,0,1.18566790994567,0,1
1439,0.304795673873741,0.788121670110659,0,1,0.140004633179141,1,1
1440,0.48364651527427,0.623799191497903,1,0,1.75310388554175,0,1
1441,0.257144416682422,0.35532788678459,1,1,0.0202247191183762,1,1
1442,1.00100162043742,1.20766894641033,1,0,0.524397037867237,0,1
1443,0.0371015051496215,0.0631819510211547,0,0,1.09776351742467,0,1
1444,0.110800874998203,4.48984739991526,0,1,0.154973014350226,1,1
1445,0.0218187223072164,0.896490049725477,2,0,1.11300481955334,0,1
1446,0.650933172649167,1.84775222538523,1,1,-0.0289153691651122,1,0
1447,0.0602403646917082,2.97923481940449,2,0,0.673552665793274,0,1
1448,0.00823985973559729,0.626331405999715,0,1,2.16173505775221,1,1
1449,0.687918424125147,2.56898908216943,1,1,-0.56740241684193,1,0
1450,0.026679891623001,0.245465186188857,2,1,0.535695467283264,1,1
1451,0.26353413425386,0.794450921867751,0,0,-0.924769543087966,0,0
1452,0.309829886377891,1.23510395642436,1,1,-0.545820934388099,1,0
1453,0.404630138073117,0.441082054367818,1,1,0.15885548313343,1,1
1454,0.840045220075928,0.896739524560833,2,0,1.1224730217348,0,1
1455,0.0137794557958841,5.83103530765486,2,1,-0.516820226186543,1,0
1456,0.705258589237928,1.61935686562053,1,1,-0.726460818406617,1,0
1457,0.762913510141596,1.08813608065248,0,1,1.07252774465729,1,1
1458,0.188353668898344,0.620708288121195,1,1,-1.06295263365089,1,0
1459,0.0403652121894993,1.11057631655415,2,0,2.67645966049641,0,1
1460,0.142581595637117,1.2945321979592,2,0,-0.624831597096167,0,0
1461,0.459521504836896,0.942617016311895,1,1,0.749709697557543,1,1
1462,0.0116876878178838,0.118009690112403,2,1,1.27650386602132,1,1
1463,0.103995455428958,0.550718401314379,1,1,-0.756521182596912,1,0
1464,0.431168293580413,1.80351561190186,2,0,0.637447731960232,0,1
1465,0.0135939568281174,0.951706690439124,1,0,0.398022552595551,0,1
1466,0.593453567482363,3.60159881378405,1,1,-1.10573129831585,1,0
1467,0.19563325564377,0.464077811387877,1,1,0.81719600653018,1,1
1468,0.0741486251354218,0.854653042430679,0,0,0.296515532723784,0,1
1469,0.0756096987739554,1.60347310515742,0,1,1.78780699690902,1,1
1470,0.597095125354826,1.59110701152813,2,0,-0.138113716722885,0,0
1471,0.0530783212866397,0.181002894047902,2,1,1.75011214227549,1,1
1472,0.132978076289874,0.54301751156648,0,0,0.941895858566398,0,1
1473,0.372056845517363,0.747608076496898,2,1,1.32768253740914,1,1
1474,0.080657599224917,0.619567853718348,2,1,-0.141013322978576,1,0
1475,1.48434929425402,2.63710037327914,2,0,0.0797553346972756,0,1
1476,0.512860761929125,1.38652745555582,2,1,0.323621994774443,1,1
1477,1.05110547877848,2.00212473532384,2,0,-0.312520817479382,0,0
1478,0.680496736429632,0.790342508475626,1,0,-1.99197467781998,0,0
1479,0.344462293724064,0.780700945583098,1,1,0.124958506877328,1,1
1480,0.805191616527736,2.15801258571446,0,1,-0.55954850657509,1,0
1481,0.293614689619995,1.5458020678074,1,0,-2.05918792316529,0,0
1482,0.431460154359229,0.788035350170222,1,0,0.261600820302119,0,1
1483,0.264270074861757,0.492905127549579,2,0,0.528506087492899,0,1
1484,0.325162593508139,1.04741375025438,1,1,1.69598486987777,1,1
1485,0.0278587592765689,0.401753171177776,1,0,0.0657102740906222,0,1
1486,0.22496621881146,0.517851931117171,2,0,0.368573893919729,0,1
1487,0.00115553437106122,1.43317287420756,2,0,-0.0324673658775181,0,0
1488,1.47252461077514,1.53435965271524,1,1,-0.313752631102095,1,0
1489,0.308650679362472,2.20479930445695,1,1,0.116608718218129,1,1
1490,3.1004034912396,5.53058749260809,2,1,-0.591354434996369,1,0
1491,0.065094462770503,0.616346740002407,1,1,1.40415657995584,1,1
1492,0.196385508594568,2.90102694890897,1,0,0.552890624332179,0,1
1493,0.26045078993775,0.393315439461739,2,0,1.68779842978845,0,1
1494,0.08531260676682,0.774930705481273,1,0,-1.62726762494733,0,0
1495,0.0320394548836404,0.27984180969133,1,0,-0.734817132716454,0,0
1496,0.829287147149444,2.09622580562775,1,1,-0.951629943774151,1,0
1497,0.465808603886336,2.38597326004751,1,1,0.196829778337357,1,1
1498,0.27272321190685,1.93037789604548,1,1,-0.344704308609763,1,0
1499,0.359953381412197,1.31800344308355,2,1,0.0437173313877246,1,1
1500,0.0371680527853324,0.406854898177131,2,0,0.343736870593942,0,1
1501,0.446532525334544,1.43673968389533,2,0,-0.274569291313083,0,0
1502,0.221791908021682,0.370180518620747,1,0,-0.0362774293982946,0,0
1503,0.625563469339915,2.27803612144689,1,1,0.548512506789531,1,1
1504,1.14010335605747,1.16021465198873,1,0,0.471193748987014,0,1
1505,0.0330676714656875,0.199992066013826,2,1,3.11513364286539,1,1
1506,0.0405076681636274,0.855627014921459,1,1,0.781576593566657,1,1
1507,0.877012942961182,1.18461603878156,1,1,1.56803405296021,1,1
1508,0.200067000045002,2.28317184455749,2,1,-0.534726807299902,1,0
1509,0.11621415335685,5.31490426394743,2,0,-0.2310649062998,0,0
1510,0.0921477153897285,1.12829405956989,1,0,-1.01431449656244,0,0
1511,0.414926817466039,2.14476209857693,2,0,0.468687959024858,0,1
1512,0.168402156268712,0.306507585743901,2,1,1.40847209466338,1,1
1513,0.0777099476545118,0.576789831257165,2,0,1.08255256685915,0,1
1514,0.303052107337862,2.67422932893065,1,0,0.118760521655627,0,1
1515,0.134238774480764,1.152614063109,2,0,0.214030324223608,0,1
1516,1.02983623296281,3.42992880430192,1,1,0.61912870249654,1,1
1517,0.00699969044068833,0.861435050141116,1,1,-0.37481170276388,1,0
1518,0.00846728787864309,0.513966167481476,2,0,1.21589345640183,0,1
1519,0.0177577496974957,1.9343352302692,2,0,-0.738080843802417,0,0
1520,0.660024391487241,0.663989705175382,1,0,-0.903847103960161,0,0
1521,0.414233359508216,0.462087046259233,1,1,-0.0916930297346169,1,0
1522,0.409689072985202,1.98125845703148,1,1,1.1945464995294,1,1
1523,0.578987294133987,1.40999487293417,2,0,2.19420434909558,0,1
1524,0.160550215223338,0.914943562054377,1,0,0.00351453889769935,0,1
1525,0.0608168949193037,0.415444365358511,1,0,0.838624673434226,0,1
1526,0.583388014321037,0.81168309164544,0,1,0.539708104185578,1,1
1527,0.446912064217031,0.467363396048617,1,1,-3.17876404192748,1,0
1528,0.206536760088056,0.417432990058054,2,0,0.0233348107383321,0,1
1529,0.50598372798413,2.86296241741464,1,1,-0.67143710550042,1,0
1530,0.0897521180398918,0.150096724228364,1,0,0.128789247396359,0,1
1531,0.395760161597574,0.855906986116173,1,0,-1.14037650194928,0,0
1532,0.236303303759343,1.44892486743629,0,0,-0.713241171509526,0,0
1533,0.0362473164568655,0.961057643632158,1,1,0.744527225891709,1,1
1534,0.0477406927104761,0.961523436265108,1,1,0.750837689719196,1,1
1535,0.468270432199396,2.56843021139503,0,1,0.34799215421933,1,1
1536,0.03423136983052,0.731332948148031,1,0,-1.77906584582899,0,0
1537,0.0778366540907882,0.0791378654743282,1,1,0.212001948333639,1,1
1538,0.513445034131229,2.49147906081161,1,0,1.03116904877183,0,1
1539,0.0159611080871149,0.212644880556963,2,0,0.788926953674603,0,1
1540,0.0453270248970845,0.297175980887953,2,0,0.796499550519425,0,1
1541,0.0165922082960606,0.873504976431529,0,0,-0.0848983050682069,0,0
1542,0.516788048527025,0.608260731474394,2,0,1.60258097268325,0,1
1543,0.948475045784381,1.20067252384683,2,1,0.0668709172610922,1,1
1544,0.640468022786081,0.920882311960061,0,0,-1.40008300808564,0,0
1545,0.0514633345301263,0.787192889655009,2,0,0.279129757452949,0,1
1546,0.234494064061437,1.97640519278745,0,0,0.807906846858504,0,1
1547,0.0484004206955433,0.712524600859214,1,1,-0.464655082238282,1,0
1548,1.44772516769599,2.80485176481307,0,0,-0.721988954527102,0,0
1549,0.0507439933717251,0.130145548265844,1,0,-0.534201641362287,0,0
1550,0.184637671336532,1.30965865756345,1,0,0.635297958161753,0,1
1551,0.0559700762818349,0.847418381617451,2,1,0.0952814670573425,1,1
1552,4.53070970252156e-05,0.110978811951807,2,1,1.56615874593901,1,1
1553,0.779129660196424,1.84693302248787,1,1,1.11336790130354,1,1
1554,1.6623933072293,4.0697294714353,1,1,-0.713745359206013,1,0
1555,0.12803165736841,0.611442553593157,0,0,0.265036418480187,0,1
1556,1.40990634067895,2.41786003584148,1,1,-0.0832504001996843,1,0
1557,0.0938458362361416,1.48034132082343,2,0,0.0694456999483309,0,1
1558,0.0752387724377356,0.517971772047833,1,1,0.104768776920887,1,1
1559,0.834395313259967,1.17216520608381,1,0,0.0159094427627152,0,1
1560,0.431660369806043,3.05772503764046,2,0,-0.0667764373057201,0,0
1561,0.271629494603939,3.58406399168566,2,1,0.284183698416273,1,1
1562,0.589920806788661,0.745964882190895,2,1,1.58641922299661,1,1
1563,2.11221902809086,3.20778778548928,0,0,-0.841976421296113,0,0
1564,0.603331621360786,3.71108762827969,2,1,1.13308317402043,1,1
1565,0.44369107298553,1.21309698559344,0,1,-0.0943355161745849,1,0
1566,1.25722240284085,4.71947453267185,0,0,-0.950116006291635,0,0
1567,0.528494558730083,1.19635354191241,2,0,-0.498250605831099,0,0
1568,1.27619955683464,1.59116300292091,1,1,0.196847146298043,1,1
1569,0.221187602437567,0.802285444612304,0,1,0.0303415155903947,1,1
1570,0.089846346527338,0.148879750057101,1,0,-1.27970041964627,0,0
1571,0.0977911970072274,0.104849880332137,1,1,-1.00001036083151,1,0
1572,0.245123396334316,0.286177859331171,0,0,0.615927972817026,0,1
1573,0.835021942631801,0.909291589183737,1,0,0.939032934571538,0,1
1574,0.166557882145219,1.35480236113008,1,1,1.23818641119048,1,1
1575,0.0763773836811504,1.12837015159025,1,1,0.102678568819189,1,1
1576,0.152868682926055,0.196389573070048,2,0,1.00092208196988,0,1
1577,0.139597163943108,3.21715707899851,1,0,0.210194748822403,0,1
1578,0.115444129787666,1.48579906298476,1,0,-0.550358265142974,0,0
1579,0.201344018946535,0.778645487379944,1,0,-0.459541884561594,0,0
1580,1.08817748021671,2.89897640121312,2,0,0.0806977021249791,0,1
1581,0.467448268272695,1.78433842187349,1,0,-0.599985884948348,0,0
1582,0.600195107955307,1.47655508791407,0,0,1.07083499546002,0,1
1583,0.0897400273242965,0.208290871153887,2,1,0.623741638497736,1,1
1584,0.78637718617856,0.918689407118731,2,1,-0.339960416105913,1,0
1585,0.0964401429519057,0.278338489058981,2,0,0.0360112139401258,0,1
1586,2.33924386866069,3.31607384042702,2,1,-0.817617964603702,1,0
1587,0.304733186864148,1.59263324889796,2,0,-1.15560871800638,0,0
1588,1.64994464131577,2.92711201866991,2,0,0.615680450256857,0,1
1589,0.0329185440205038,0.961788322295055,2,0,1.22285584065965,0,1
1590,1.90454979374039,1.923459982029,1,0,-0.278855846583078,0,0
1591,0.170837923472902,0.232184733543311,2,1,0.916987148850129,1,1
1592,0.189896640327987,0.464361879773637,1,0,2.50236173015386,0,1
1593,0.304129849828314,0.659668696858407,2,0,0.22175095160926,0,1
1594,0.103233935078606,0.926809860104143,2,0,0.309378724956893,0,1
1595,0.0211026237402168,0.200515585020185,0,0,0.987722014682216,0,1
1596,0.88916685897857,2.9885069779,2,0,-0.0073019997935806,0,0
1597,1.07840628241526,1.54052888561037,2,0,1.43699866809266,0,1
1598,0.396045232690432,0.52032309619676,1,0,-0.800459393900388,0,0
1599,0.343411031644791,0.571146846738112,1,1,0.58157118462384,1,1
1600,0.310541284270585,0.486081892862286,1,0,0.247218174510192,0,1
1601,0.216312648553867,1.08806354696174,2,0,0.539014809650891,0,1
1602,0.192263052798808,1.79194746092232,1,1,-0.20479387802383,1,0
1603,0.880259789939612,1.61308897070569,2,0,0.42373722966171,0,1
1604,2.08270459891039,6,0,0,0.197347838511285,0,1
1605,0.0778551638359204,0.215004161397679,2,1,0.948458020042832,1,1
1606,0.321279151539784,1.38456464269926,2,1,0.271868257044905,1,1
1607,0.126641085080337,1.10513067045623,2,1,0.398963778748116,1,1
1608,0.0658945928365134,0.233940651347783,1,0,0.0599226473482518,0,1
1609,0.0604262083652429,0.577383716154434,1,1,0.328929278284027,1,1
1610,0.658984469538112,1.12488457985806,0,0,1.7998228970304,0,1
1611,0.0273521142080426,3.00481300072659,1,0,-0.276682308852421,0,0
1612,0.0462223912472837,0.757841597254511,2,1,1.55541527832153,1,1
1613,0.0131071899086237,0.851191853981056,1,0,-0.727071595960198,0,0
1614,0.159513235092163,0.432554311965604,1,1,-0.894491774132299,1,0
1615,0.328646689756886,0.688625623967685,1,1,-1.96851635719096,1,0
1616,0.376044266372059,4.2013345255206,0,0,-0.691550744966383,0,0
1617,0.156084809452295,0.382950998234993,1,0,-0.0138923568213769,0,0
1618,2.01065809830072,3.47798672700208,2,0,-0.390172211913947,0,0
1619,0.395957253349479,1.70755223763125,1,1,1.01355424009971,1,1
1620,0.0378521026753955,0.540932049187446,2,1,0.660705730633142,1,1
1621,0.193904683925211,2.4462380227302,1,0,-0.289932238353839,0,0
1622,1.36664278011383,2.10094880563414,1,1,0.0835144692934321,1,1
1623,0.856060936115682,0.927461092974502,1,1,-1.45230341266621,1,0
1624,0.0620824433378686,1.13531687642755,2,0,0.396374992053496,0,1
1625,0.999477312214638,2.93968551616786,1,1,0.431150184647496,1,1
1626,0.418961256434014,0.637883154032381,0,1,-1.7558056762303,1,0
1627,0.0160359425353818,0.033300164487426,2,0,1.3716797077119,0,1
1628,0.0756101566366851,1.68073198339586,2,1,0.268162271032563,1,1
1629,0.704756858758628,1.47227120216755,1,0,-0.522926747930925,0,0
1630,0.221639485098422,2.42447693657921,2,0,-0.251427415095358,0,0
1631,1.10368308256717,2.84386543558771,0,0,0.197245570785597,0,1
1632,0.0190593405712575,0.257564866915345,0,1,-0.876748739762338,1,0
1633,0.353704941459,0.523387024410201,1,1,-0.0667968919219158,1,0
1634,0.1791136310203,0.295426541318496,0,1,1.0037793656378,1,1
1635,0.150660139005669,2.56876518851331,2,0,0.399655604500621,0,1
1636,0.186459346650077,0.695063794824198,0,1,-0.060858855233005,1,0
1637,0.504338400438428,2.25801632868638,1,1,-0.879725626865968,1,0
1638,0.0805081990281871,0.424426527637409,1,1,1.10849146254642,1,1
1639,0.144836524113755,0.86187870469942,0,0,0.49208110703919,0,1
1640,1.07360243904176,1.83729315013462,1,1,-0.443419483173629,1,0
1641,0.160935182066169,0.699097297479322,2,1,1.09385651223864,1,1
1642,0.49080472542567,1.22122877979135,2,0,2.21909928052048,0,1
1643,0.0370214678850082,3.71927640250087,1,1,1.64014542256594,1,1
1644,0.45076869826159,1.09588251645053,1,0,0.638882495215846,0,1
1645,0.135135972663217,0.344390299995468,2,0,0.0606994132180694,0,1
1646,0.309224585653283,1.00023093245675,2,0,0.202844650909873,0,1
1647,0.226390904281288,0.390074803754513,2,0,0.34707481908686,0,1
1648,0.152565344288433,0.818772738121053,2,0,0.437092825325317,0,1
1649,0.145933975193565,2.89624136923245,2,0,0.440196796882266,0,1
1650,1.53978530981188,3.22354067550912,2,0,-1.13491897249919,0,0
1651,0.0679486919475592,1.6013410980434,0,0,1.15894865333651,0,1
1652,0.126432013869062,0.857161013409495,0,0,-1.22850165376918,0,0
1653,0.192511564130608,1.14459470152324,1,1,0.861571600353214,1,1
1654,2.42138010785826,4.70825791829482,2,0,0.790654509844257,0,1
1655,0.0915257604792714,3.05906581382864,0,0,-0.526084395590561,0,0
1656,0.734051022195556,1.81475025603404,2,0,-0.646010311575661,0,0
1657,0.126026170619298,0.86210976305027,0,1,1.66833252280432,1,1
1658,0.235003613866866,1.07358287751705,1,1,-0.690469754665474,1,0
1659,0.0979315038421191,2.52739188094923,1,1,0.522410848473001,1,1
1660,0.199922074563801,0.532699627801776,0,0,-1.39172045925767,0,0
1661,0.0527629610151052,0.718540491070964,1,1,-1.05247046995725,1,0
1662,2.14837136111202,3.16266031258024,1,0,-0.66666688931652,0,0
1663,0.117317341464797,1.21410524432537,1,0,-0.210713924506376,0,0
1664,0.314456717460416,0.700729454552437,1,1,0.563441041081871,1,1
1665,0.389475570700597,2.31911395443199,2,0,0.733742570539015,0,1
1666,1.08938023559798,3.89054248483706,2,0,0.0434870300412496,0,1
1667,0.841330318336196,1.95379823289683,2,0,1.70615049686531,0,1
1668,0.308760087005794,0.354561145106378,1,0,-1.98836316894036,0,0
1669,0.417925811780151,2.37942052222591,1,0,0.175982580013295,0,1
1670,0.461930851425797,0.479727918585965,1,1,1.16823683168398,1,1
1671,0.682059404181138,0.741104135946785,2,0,0.409476433755187,0,1
1672,0.0484826266765594,6,0,0,-1.0243936340903,0,0
1673,0.164066323486622,0.641629033417491,1,1,1.3482533060106,1,1
1674,0.158073642814998,0.574613759947244,2,0,1.92304451002352,0,1
1675,0.323943586255593,0.570931508033864,0,0,-0.796580167942658,0,0
1676,0.0463305523057714,0.77206254340484,1,1,0.962265326029991,1,1
1677,0.94850751061668,4.97306038965576,2,1,-0.992108655401673,1,0
1678,0.0437679821308178,0.388924919690207,1,1,-1.20565920584171,1,0
1679,0.0864328751340508,0.157312332359895,1,0,-1.15446396484363,0,0
1680,0.955206719227135,1.14554324497804,1,1,-0.0704564367927801,1,0
1681,0.289076112094335,0.946692473626033,1,1,1.04084609822597,1,1
1682,0.0563858461100608,0.515706048657497,0,1,0.611875276128929,1,1
1683,0.410862975753844,0.851902259828218,1,1,-1.30401750957164,1,0
1684,0.743693671189249,1.61396562561351,1,1,-1.19611144834613,1,0
1685,0.0209087233170354,2.66930015975345,1,1,1.25224116626515,1,1
1686,1.07692196494305,1.85278014070522,2,0,0.170208705696207,0,1
1687,0.393311965453904,0.432621949592355,1,1,0.177111766670262,1,1
1688,0.593457284199737,1.72449179468605,2,0,-1.52784050005724,0,0
1689,0.839473860661321,1.76056927499398,2,0,0.419982887265151,0,1
1690,0.0256424733358186,0.497996082080595,1,1,-2.03937405123322,1,0
1691,0.334031802776735,1.3137477240249,2,0,1.01606567218876,0,1
1692,0.232303336754672,1.60973020506966,2,0,1.48288764062159,0,1
1693,1.00211188541131,2.53980597841913,1,0,0.128251533105728,0,1
1694,0.976532548666,1.55588638896741,1,0,-0.855576928183809,0,0
1695,0.129651452956976,0.55461360379903,1,1,0.375183621237734,1,1
1696,0.204161222288137,0.230574150128656,1,0,-3.22076834158255,0,0
1697,0.646019168293198,0.698236941169605,1,1,0.353216055518198,1,1
1698,0.426000716900475,2.84642005739344,2,1,1.16093100233971,1,1
1699,0.362238825473469,0.799324214458466,0,1,0.639058211899261,1,1
1700,0.339802416530254,0.574666867032647,0,1,0.971255738361997,1,1
1701,0.122285528555925,0.882786251824577,2,1,0.138200734081675,1,1
1702,0.129267417942174,2.79104778432021,2,0,2.32270174090567,0,1
1703,0.283237386835872,2.36588674597442,0,0,-0.36588638137267,0,0
1704,0.295725382165983,0.927822839702392,2,0,1.15968684088646,0,1
1705,0.544040474109352,0.842032015374907,1,1,-1.26937767315761,1,0
1706,0.894490604638037,3.52705927447928,1,0,-0.926300444221358,0,0
1707,0.71165332198143,2.2629187796151,1,1,-0.270568014706043,1,0
1708,0.162066652332833,0.415080776438117,0,1,0.149746463354641,1,1
1709,0.945193570107222,1.42503312929703,0,0,-0.864173930261382,0,0
1710,0.668587551669212,1.97565242523596,1,1,0.216927084280428,1,1
1711,0.442272204064585,1.00382750078335,2,0,0.235592502101156,0,1
1712,0.261502030937487,0.590994322902062,2,1,1.86712141935423,1,1
1713,0.0510828960686922,0.798639545543595,1,0,-0.492056376992341,0,0
1714,0.997883952813687,4.78843108260869,2,0,0.191244439900591,0,1
1715,0.595435630503863,3.13330432723351,1,0,0.674147232794991,0,1
1716,0.0363855621133809,2.01234347338593,1,1,-2.1818610110187,1,0
1717,0.129688166489359,0.17858993100272,0,1,0.597380481643593,1,1
1718,0.0935716027296147,1.66044186562816,1,1,0.717593425267396,1,1
1719,0.332255930406973,0.629853753163174,1,1,0.751330107316555,1,1
1720,0.314752918668091,2.62725467165607,2,0,-0.668380767433623,0,0
1721,0.206213542842306,1.00029694880158,1,0,0.148335040204167,0,1
1722,0.177756439894438,0.577650602737353,1,0,-0.876264329533676,0,0
1723,1.19075787132011,1.27482074362621,2,1,0.437282458189589,1,1
1724,0.11771835910622,1.94078085885883,2,0,0.325803067429679,0,1
1725,0.0944103911751881,1.4578091423435,1,1,0.972933825951006,1,1
1726,1.15663232654333,1.33011635208047,1,0,-0.466751079888302,0,0
1727,0.0299895442209662,0.372697429928106,2,0,1.12468443063266,0,1
1728,0.0200056194444187,0.65212625663099,1,0,0.798221716194843,0,1
1729,0.260770040759385,0.744096035508249,2,0,-0.361891396955822,0,0
1730,0.365609718486667,5.60384777973586,2,0,-0.655377087559301,0,0
1731,0.20657063316321,1.44223255185139,2,0,1.41238967762394,0,1
1732,0.568412844091654,2.55864934647851,1,1,-1.49204651938878,1,0
1733,1.32691059168428,2.61385045014322,0,1,-0.123306058506809,1,0
1734,0.597817123026408,0.781051727300475,2,0,0.656611079524351,0,1
1735,0.122007380414288,0.406409393846538,1,0,0.252136442521743,0,1
1736,0.504925320677514,0.924340337575572,1,1,0.82361449549015,1,1
1737,0.000702352845109999,1.51198221380716,2,0,0.476612458465628,0,1
1738,0.863322198830366,2.06602419214672,1,0,0.671500388815199,0,1
1739,0.0102195274666883,0.279621506480576,1,0,0.312214373137407,0,1
1740,0.980264901995174,4.93668251283962,2,0,-0.0421437907164846,0,0
1741,1.42045971580355,1.67736248526071,1,1,0.229787910211075,1,1
1742,0.479879891473621,0.554221243600709,2,1,0.809100911071987,1,1
1743,0.19761309975453,1.01478652387105,1,1,0.495385879385162,1,1
1744,1.06321773114611,1.3843820598554,1,1,0.736743357513405,1,1
1745,0.15167712175753,0.271620303770267,2,0,2.08718076593989,0,1
1746,0.00931006215978414,0.462119751098736,2,0,0.302729084113693,0,1
1747,0.00649946193993175,1.94489886243741,1,0,1.28607373915926,0,1
1748,0.443603888435371,0.740409168458145,2,0,1.2436518119059,0,1
1749,0.0513896742010772,0.11770163571899,1,0,1.49318376843821,0,1
1750,0.147310917912579,0.207520245263974,0,0,0.121819733721988,0,1
1751,0.786319173872471,1.53721172022553,2,0,-0.360296142814591,0,0
1752,0.87639509112911,1.80531626267158,1,1,1.09993065903955,1,1
1753,0.391821109515149,1.21064610932106,1,1,1.41909866491518,1,1
1754,0.249411322533467,0.433524997103196,1,0,-1.62405329575293,0,0
1755,0.2229201013688,0.970609015537945,2,1,0.284273496599614,1,1
1756,0.26619737688452,1.96210270794238,1,1,-0.584278170278406,1,0
1757,0.00767255600516527,0.733742610949138,1,0,1.07294630783206,0,1
1758,0.015262298528144,0.0214512315376525,1,0,-1.26022871150898,0,0
1759,1.13535347799887,1.99956515692162,1,0,0.0359402363988858,0,1
1760,0.0913588112652866,0.496392203745577,2,1,-1.02294430425542,1,0
1761,0.439827382189043,0.743967502394933,2,1,1.06291927498885,1,1
1762,0.196430469863117,0.405925636525551,1,0,-0.776446764450334,0,0
1763,0.720373332124956,0.939951510670562,2,1,0.562160568580799,1,1
1764,0.0617025319422988,0.914099612793521,1,1,1.33652144681763,1,1
1765,0.288148551990148,0.541680408641696,0,1,0.446817300276906,1,1
1766,0.0585562552441843,1.25658635636936,2,0,1.77091439840615,0,1
1767,0.696972027420998,0.726266788442423,1,1,-0.212538823632708,1,0
1768,0.00521720107644796,0.106475116667005,1,1,-1.22285000935712,1,0
1769,0.00351613890261776,0.687668926757137,1,1,-1.29831633789485,1,0
1770,0.0828080429346301,0.497049442234657,1,0,0.0790512239662422,0,1
1771,0.274193551740609,2.08479927951733,1,0,0.0485806669446916,0,1
1772,2.10277796085635,2.22749349191231,1,1,-0.024216102918155,1,0
1773,0.0182282656896859,0.245898975261807,2,0,1.12520575042911,0,1
1774,0.589464494233772,0.866967818132947,2,1,0.665185780680286,1,1
1775,0.342996444600622,0.526284104143918,2,0,2.35645789641838,0,1
1776,0.389515155926347,0.627600829371055,1,0,-0.365067559683788,0,0
1777,0.0338100651494067,0.286294808337696,1,1,-2.99679343995198,1,0
1778,0.350822428881656,0.600936871312374,2,1,0.999719223161133,1,1
1779,0.0773642622778815,0.578117055777261,2,0,-0.465716596780933,0,0
1780,1.47867168874054,2.00386865656552,1,1,0.498349783376758,1,1
1781,1.07844892144203,2.84295833637109,1,0,-1.64493525686335,0,0
1782,0.0435308464844219,0.458720014214844,2,1,1.44226665263942,1,1
1783,0.274073078180663,0.607624529942497,2,0,1.47887094027034,0,1
1784,0.298413326963782,1.05061095133851,1,0,0.544642107578851,0,1
1785,0.212189487181604,3.05016533683557,1,1,-1.73010997676659,1,0
1786,0.0212372336652369,0.6077365608265,0,1,-0.593706339715534,1,0
1787,0.129597342165653,1.68068287825166,2,0,0.316653477342498,0,1
1788,0.0181859013369804,0.753505858551953,2,1,1.45241222691127,1,1
1789,0.0225907267501193,0.66671600067256,2,1,0.125546952378911,1,1
1790,0.375643375393967,6,0,0,-1.25136982106368,0,0
1791,0.0980267343481479,0.405576208461624,2,1,1.02596461473832,1,1
1792,0.244506811432075,2.56217218591987,1,0,1.51481670847892,0,1
1793,0.621676797047257,1.15572523147202,1,0,-0.710018853182508,0,0
1794,0.0908064047448991,2.1592709485433,1,0,-2.17419571858751,0,0
1795,0.155938999207418,1.70336623469079,1,1,-0.735671028178643,1,0
1796,0.116511672569458,1.38474421662089,2,0,1.13878058705571,0,1
1797,0.300521866593044,0.660632831079407,1,1,0.381238250384099,1,1
1798,0.218379009658956,0.376976069262106,1,0,0.731188623977964,0,1
1799,1.4173790730214,2.7058698296306,1,0,1.4767186304509,0,1
1800,1.26392523664981,6,0,0,-0.597707406186583,0,0
1801,0.256775177549571,0.303672638182801,2,1,0.865249791618374,1,1
1802,0.049871037179833,1.86690773116813,2,1,0.0747022596214092,1,1
1803,0.00111996848136187,0.949563944179857,1,0,-0.934188930095685,0,0
1804,0.407383826095611,1.04478710609271,1,0,1.087262914514,0,1
1805,0.903870512213201,1.32294643181828,1,1,1.28599785252516,1,1
1806,0.629311626777053,1.48150241382137,2,1,-0.0412463856482846,1,0
1807,0.250595688121393,1.15570454779651,2,0,0.254260939265845,0,1
1808,0.364066702895798,0.412219052769831,2,0,2.00676044935406,0,1
1809,0.0331889459630474,0.145968854244085,1,0,0.692692161888523,0,1
1810,0.102022600185592,2.02508784349043,1,0,1.47882510384318,0,1
1811,1.13395215012133,2.82351748707394,0,1,-0.523010555335785,1,0
1812,0.251012488574068,2.40065369648039,1,1,-1.4205892190489,1,0
1813,0.152650010131765,0.800107492696394,1,1,0.435005680761417,1,1
1814,0.292129545996431,0.461589565639462,1,0,0.0667564528644862,0,1
1815,1.83444653731373,2.63185914949614,1,1,-1.12146149490239,1,0
1816,0.821891481729046,2.68880322858664,1,0,0.863469196801469,0,1
1817,0.0178257070365362,1.07125546930257,2,0,0.714291188065594,0,1
1818,0.0782688159961253,0.942754792073535,2,0,1.03763092092596,0,1
1819,0.605435393750668,0.733664966426632,1,0,-1.47502666762726,0,0
1820,0.399963812198593,2.31010379405554,1,1,-1.79245786829976,1,0
1821,0.441413218721955,0.884491103140255,1,0,0.581095134542243,0,1
1822,0.0884972398521153,0.84557095667371,2,0,1.8885799867237,0,1
1823,0.948472670284737,2.33166219631115,2,0,0.404860940777812,0,1
1824,0.286421562034537,0.436686756809936,1,1,-0.384879540444769,1,0
1825,0.818461798454456,1.18049233341314,1,1,1.77235082184405,1,1
1826,2.02342780532639,2.87548693027621,2,0,-0.827682643902058,0,0
1827,0.0765905712614767,1.38653542994517,1,0,0.0785824105632725,0,1
1828,0.505348367616534,1.46220428337957,1,0,-1.98308440894818,0,0
1829,0.558926057070494,0.742599373998523,1,0,-0.037006217759643,0,0
1830,0.116394527887509,1.52103934416161,1,1,0.115384025720961,1,1
1831,0.118394709541476,0.144376685364823,2,0,-0.800680575918577,0,0
1832,0.561157226626064,0.746250718491905,1,1,0.554427643783763,1,1
1833,0.0740504078567028,0.276725022859874,1,0,0.0571513293251885,0,1
1834,0.0413033782631943,1.40321303605943,2,0,1.54711542495332,0,1
1835,0.850840093693025,0.876807267146289,2,1,-0.437629569576287,1,0
1836,1.05775246117264,1.89447085189571,1,0,-0.870519088080231,0,0
1837,0.214850161282811,2.10761807969922,0,1,1.18263071434463,1,1
1838,0.341849304735661,0.736711692184329,0,0,-0.862294367015464,0,0
1839,0.141703255940229,1.19810716039738,2,1,0.60123737413963,1,1
1840,0.289671266218647,2.75238001342924,2,0,0.0650387098413922,0,1
1841,0.761441192226463,1.298323129832,2,0,-1.46097603948985,0,0
1842,0.0632521163788624,0.253772855272996,1,0,1.01787592261099,0,1
1843,0.735703872606911,1.220652584858,2,0,0.775730291571477,0,1
1844,0.350226591108367,1.36385141293157,2,1,0.578401999849434,1,1
1845,1.20712186796814,2.85550146501287,2,0,1.69624364989573,0,1
1846,0.0714051179238595,3.05932478926403,2,1,0.969953543740218,1,1
1847,0.283756757155061,0.566718395836168,1,1,-0.809476785890808,1,0
1848,0.0764740849263035,0.367364914573597,1,0,0.0580767278411598,0,1
1849,0.0476979855448008,0.325275656587777,1,1,-0.033991632211096,1,0
1850,0.145783563202713,1.51595762948975,2,0,0.19588929037899,0,1
1851,0.129074318908521,1.40832419507205,0,0,0.248963004109112,0,1
1852,0.550956135986731,1.34364657564951,2,0,0.931018424130355,0,1
1853,0.146721087803598,0.178232038522891,2,0,0.730553552249369,0,1
1854,2.51912246636095,3.91320987914999,0,1,-1.9926961844919,1,0
1855,0.386341370176524,2.04794076598676,2,0,0.580229625867734,0,1
1856,0.411948823893908,2.17098724407454,0,1,0.139135758934282,1,1
1857,0.689256515353918,0.828743473230763,1,1,-1.31523640234021,1,0
1858,0.496513392904722,0.96035525513192,0,0,0.271230047760461,0,1
1859,0.329776513390243,1.23233584816901,1,0,0.227843350402202,0,1
1860,1.56790724807492,1.71820833276924,1,1,-0.771031396093634,1,0
1861,0.0876460428116843,0.249152686446905,0,0,0.455828057009705,0,1
1862,0.44905849296452,1.09359377741436,1,1,-1.20694881115931,1,0
1863,0.454471056021815,1.31590885967629,2,0,0.729163203818115,0,1
1864,0.0500345844193362,0.324105584747165,2,1,0.860065288334716,1,1
1865,0.0285515666473657,1.08937050106879,1,0,0.0508446812393325,0,1
1866,0.658966570600689,0.807534199121471,1,0,0.547577734390458,0,1
1867,0.565692357459858,2.02437985836702,1,1,0.354937754443778,1,1
1868,1.00376013079064,1.24560457268709,1,1,1.32385876939465,1,1
1869,0.25294708670117,0.454242160214037,2,1,0.843573015053882,1,1
1870,0.0189428167207095,0.731569696372125,1,1,-0.957382984554616,1,0
1871,0.362412440881599,1.01306903220454,2,1,0.732158206800069,1,1
1872,0.241652298724566,0.887248961316906,2,1,0.580390390033582,1,1
1873,0.157674890011549,0.407562270601905,1,1,-1.5395706749553,1,0
1874,0.0159901957958937,2.59779113344848,0,1,-1.33639405426165,1,0
1875,0.288830104691442,1.56395904295354,2,0,0.618708276439711,0,1
1876,0.377855775376438,0.739682346192809,0,0,-1.16695480382869,0,0
1877,1.05281481714523,2.03172227684718,1,0,0.14049498088842,0,1
1878,0.032518192289252,0.968399807563153,2,1,-0.344504547856403,1,0
1879,0.122106300128759,0.857751963126401,1,0,1.66600413952963,0,1
1880,0.507222454452873,1.39244609924698,2,0,0.243168558314819,0,1
1881,0.0595784282053375,0.619436894908378,1,1,-0.486466830896404,1,0
1882,0.218625961279031,1.2221659850035,1,0,0.908894480979395,0,1
1883,0.233179267961532,0.56761427919906,1,1,0.773112739916083,1,1
1884,1.84528130561787,1.93069392146307,2,0,0.623421689128392,0,1
1885,0.799542206196867,1.10300884730336,1,0,0.535378038289098,0,1
1886,0.309923161112238,0.786925901969274,0,0,1.68792074522476,0,1
1887,0.307947374880314,1.0069852812705,1,1,-0.381430259853348,1,0
1888,0.467801662733638,1.71155156322056,0,0,1.80651893131468,0,1
1889,0.616910329527974,1.61657762625518,0,0,1.71312232210696,0,1
1890,0.363448751776282,0.512483394752417,1,0,-0.499392482066438,0,0
1891,0.421418222249486,2.52647675711629,1,1,0.222385091655486,1,1
1892,0.886961308418719,1.00802133546783,1,1,0.457095956502938,1,1
1893,0.129400101068358,0.303991537328679,1,1,0.744979536623866,1,1
1894,0.299552541109733,0.408986272911231,0,0,1.06457314471244,0,1
1895,0.0279045555452586,0.314563953870065,2,0,0.11335796092501,0,1
1896,0.166437335145812,1.36718702867385,2,1,0.0248444412096701,1,1
1897,0.344466091115056,2.23815558260168,1,1,1.21082755445799,1,1
1898,0.0365246627479792,0.55590074769103,1,0,-1.04773126881361,0,0
1899,0.444036671769613,0.884621999632665,2,1,1.6260606946506,1,1
1900,1.11395440064371,2.23382202409416,1,0,-0.148888324953768,0,0
1901,0.388943722355179,3.16958356338243,0,1,0.562415810811623,1,1
1902,0.537716013913278,2.73691461876508,2,0,0.932582702748887,0,1
1903,0.00960611313994007,1.14276895039457,1,0,-0.854028085293316,0,0
1904,0.943541214801371,2.87721009223718,2,0,-1.69519400528982,0,0
1905,0.133810266035004,0.84096622166452,2,0,0.791416877484207,0,1
1906,0.1951544123345,0.53532849948997,1,1,1.10138477730655,1,1
1907,0.0243233815527001,1.48572165458404,1,0,1.30461182926824,0,1
1908,0.0364504926255904,0.119382824454934,1,1,0.639121231112473,1,1
1909,0.304082299699076,1.58939849688217,2,0,0.166817543910431,0,1
1910,0.1350463059498,1.21022839071778,1,1,0.952261675568097,1,1
1911,0.343532239203341,0.882269988093266,2,0,0.38099060121784,0,1
1912,0.0248734644264914,0.194898483441202,2,1,0.583637719992482,1,1
1913,0.211434293026783,0.22939671780382,2,0,-0.00248890663139675,0,0
1914,1.06103058718145,2.64909693962288,1,0,-1.19552751282381,0,0
1915,0.30577605967212,0.861556413821021,0,0,-0.352680353375161,0,0
1916,0.339486362354364,0.626895897725143,1,0,1.06932857980621,0,1
1917,0.275305482500698,4.08001458515386,2,1,0.461068715788078,1,1
1918,0.0420582323567942,0.250341950650341,1,0,0.451652450178865,0,1
1919,0.544694035532595,1.41541451909445,1,1,-0.620691466407889,1,0
1920,0.271561281755567,0.447194097046201,0,1,-1.04904571269656,1,0
1921,0.133809432577675,1.41746454207293,2,0,1.40974503984101,0,1
1922,1.58646383198483,1.90617050581534,1,1,0.641480490006698,1,1
1923,0.573290530592203,0.915854044463898,2,0,-0.148755547632619,0,0
1924,0.48303459212184,0.496106520295143,0,0,-0.00184203593986455,0,0
1925,0.0194519717479125,0.864299718911449,0,1,1.61072425454622,1,1
1926,1.01625419715939,6,0,0,-0.748255277805711,0,0
1927,0.295157706019565,0.336610352124736,1,0,0.0295720833392888,0,1
1928,0.0328982356586494,2.50968951426061,2,0,0.812359452159142,0,1
1929,0.210527212475426,0.647175693074286,2,0,1.64237372650525,0,1
1930,0.520890455783166,2.56244863734393,2,0,1.3093287663345,0,1
1931,0.334716930519789,5.50552110706439,2,0,0.0700514709063974,0,1
1932,0.130731384386491,0.562810404226184,0,1,0.647622724165075,1,1
1933,1.52852591677549,2.45090394557766,1,0,-0.510196402264738,0,0
1934,0.645164310673073,1.9472143656589,2,0,0.795222484142395,0,1
1935,1.39012945856441,1.6418334896592,1,1,0.234586194774739,1,1
1936,0.522275876693249,1.60168912523947,1,1,0.0644642911007035,1,1
1937,0.147164434019942,0.221269895630479,1,0,1.36603081455271,0,1
1938,0.344058038666844,1.6966649888826,2,1,-1.44535729015092,1,0
1939,0.499199587143425,0.729910321856517,2,0,0.306125457915743,0,1
1940,0.0465849754982628,1.13419655248756,1,0,0.315480146850481,0,1
1941,0.0968145972001366,0.409472629636506,2,0,0.616105422530273,0,1
1942,0.639970320812599,1.39601152700682,0,0,1.31876744185746,0,1
1943,0.235029887408018,0.968460438144606,2,0,-0.130977874512018,0,0
1944,0.821286434630685,3.05604749127805,2,1,0.662732102616923,1,1
1945,0.410553938709199,2.19962164992302,0,1,0.777953823115411,1,1
1946,0.125580285675824,0.462618911260385,1,0,-1.64977465077326,0,0
1947,0.0737861953675747,0.892354917402069,0,0,-2.46394053108173,0,0
1948,0.263802721165121,0.283290107981716,1,0,-0.28286715584118,0,0
1949,0.354817406914663,0.647204938448266,2,0,1.30702133244754,0,1
1950,0.0972336609265767,0.308257682201319,1,0,1.20089781178132,0,1
1951,0.186780635785995,0.766526514862845,2,0,1.42534908288508,0,1
1952,0.0547910932449572,2.20340996449248,2,0,0.863871979134805,0,1
1953,0.0643577746814117,3.46369655052257,2,0,0.36097934032892,0,1
1954,0.837263775989413,2.34196823097785,2,0,-0.759165698521327,0,0
1955,0.0119887409164875,1.45305718914996,1,1,0.249384971097614,1,1
1956,0.452913344462223,2.0752989811386,2,1,0.36667093010239,1,1
1957,0.151086758608765,0.719105236915355,1,1,0.932233900380987,1,1
1958,0.486918053589761,0.695535176415355,1,0,-0.370166128155403,0,0
1959,0.0354754708491735,0.28187315895428,1,1,-0.472011808481836,1,0
1960,1.08389497119666,1.30826126766737,1,1,0.459250873520153,1,1
1961,0.236539301877194,1.36313231661551,0,0,1.75047077725052,0,1
1962,0.979130301635289,3.10317554821571,0,1,-0.709793860780845,1,0
1963,1.0668232532283,1.3938416692935,1,1,0.62646238767482,1,1
1964,0.0410057247586626,1.18161275547981,2,0,0.688177705576515,0,1
1965,0.157043749466538,0.838780602019059,1,0,-1.18070213274859,0,0
1966,0.471480473382644,1.10597299017719,2,0,0.212584395919829,0,1
1967,0.510190772448488,0.756161368789466,1,1,0.966452461717184,1,1
1968,0.39400199544616,1.45797087810934,0,0,0.868749731566527,0,1
1969,0.455688983175725,1.01712015034318,1,0,0.594040306586904,0,1
1970,0.170293429109734,0.27485671979784,2,0,0.442378776534748,0,1
1971,0.332499343494419,1.15745016591544,0,0,1.37962182946275,0,1
1972,0.106879384431275,4.7764222164539,2,0,0.587961071776649,0,1
1973,1.2511539477855,3.06052822199151,2,0,-0.388503485715375,0,0
1974,0.12388136059066,0.727247692916085,2,1,0.269602190053404,1,1
1975,1.55139750420096,2.24966108795408,1,0,-1.86427534444224,0,0
1976,0.0746816370519809,0.647430951372663,2,1,0.784753696829722,1,1
1977,0.0239887987169082,1.26302670282129,2,1,0.924265831732219,1,1
1978,0.00686997018579354,3.00927885935054,2,0,0.352414522054492,0,1
1979,0.0542258555651642,0.0679812698659585,2,0,2.14209227318042,0,1
1980,0.246381778852083,0.885891958554343,1,0,0.323640380556381,0,1
1981,0.11250660568952,1.87045380012874,2,0,0.755001363095712,0,1
1982,0.0519388848915696,0.280742292943208,2,0,-0.356829010674502,0,0
1983,0.914409040473402,1.40466046068975,2,0,-0.637433936911233,0,0
1984,0.182660192711021,0.332814323865665,0,1,-0.56204402540718,1,0
1985,0.0172052103363359,0.971573923005461,2,0,0.751726607987735,0,1
1986,0.337387680192478,1.94225526643109,2,0,0.29957006354007,0,1
1987,0.158227520724865,2.4577888722405,1,0,0.132386011526455,0,1
1988,0.69033543658071,1.0186906620251,1,0,-0.0919909392305013,0,0
1989,0.156692662276328,0.184755279684471,1,1,-1.29588492935106,1,0
1990,0.301988956095759,0.772243697817127,0,1,-0.454900273579886,1,0
1991,0.198879517614841,0.484366205831369,0,0,-0.702568234056429,0,0
1992,0.300076920134427,0.678664717872007,0,1,-0.0213521536218771,1,0
1993,0.276313090289477,1.1371878379335,0,1,1.71921502191386,1,1
1994,0.417111271526664,0.992663201679222,1,0,0.824296847042205,0,1
1995,0.0238906906724077,0.103081495183659,1,0,-0.0899696313349597,0,0
1996,0.910237965174019,4.05989011749625,0,0,-0.524814797057061,0,0
1997,0.0780272783595137,0.337051250767502,2,0,1.90269553186319,0,1
1998,0.26461031899089,0.685299162322192,2,0,0.739233071350228,0,1
1999,0.54732833811716,0.679399352592906,2,0,0.566179667042347,0,1
2000,0.0548189996920461,0.147615185258979,2,1,0.521178508653208,1,1
2001,1.08253226493822,2.51322468600497,2,0,1.44880702501068,0,1
2002,0.0991614691021439,1.52124459455268,1,1,0.294726619110597,1,1
2003,0.672977547835946,1.09068743540054,1,1,1.26931358853486,1,1
2004,0.109250894456636,1.13733501163016,1,1,0.200082345783311,1,1
2005,0.935443735681474,0.979857585072473,1,1,-0.624631392410956,1,0
2006,2.00282672810544,5.2817052520669,0,0,-0.576603176431895,0,0
2007,0.236030684318393,1.15517679405266,2,0,0.10567031387423,0,1
2008,0.0824445858597755,0.156391200919946,0,0,1.41630308750563,0,1
2009,0.423360074055381,0.728173377665968,1,1,0.056371498172678,1,1
2010,0.744325309616335,0.866919461262191,2,0,0.628829966016443,0,1
2011,0.635899312884368,0.70875888753238,0,0,0.655457866546763,0,1
2012,0.502908548779607,0.511530302145615,2,1,1.65206863708605,1,1
2013,0.0412260793575274,0.430040583734815,2,0,0.472096576644258,0,1
2014,0.377657494973391,0.68970391396937,2,0,0.600091443098228,0,1
2015,0.989939548950418,3.71949911117554,0,0,-0.599240652550412,0,0
2016,0.594033211424574,3.21038389912257,2,1,-1.07028371936349,1,0
2017,1.26896407100709,2.64655964085597,2,1,0.603628239908139,1,1
2018,2.51654199316146,3.44607816696122,1,0,-0.133846724787071,0,0
2019,0.336345627147239,1.04404077677951,1,1,0.215172717602157,1,1
2020,0.502467108282082,0.659345699903488,1,1,0.204502968135073,1,1
2021,0.227651122957468,0.666862564964839,1,1,-0.744769685281309,1,0
2022,1.56124710679559,1.71907651591609,1,0,1.04173789057531,0,1
2023,0.692880437683135,1.69108852748408,2,0,0.940094657700862,0,1
2024,0.688574041679323,0.843485631702385,2,0,0.924505843670285,0,1
2025,0.444442344289274,2.19852404462114,2,1,0.163555713867464,1,1
2026,0.176780012402631,1.92718684962986,2,0,-0.166074442271498,0,0
2027,0.928955441288293,1.9658108841676,2,1,0.268784048126783,1,1
2028,0.344613123161253,1.19303700414256,2,0,0.447177500005006,0,1
2029,0.262910263554659,0.923654137945954,1,0,0.392672820372908,0,1
2030,0.309966533436833,0.689543995557999,1,0,-0.141999703102313,0,0
2031,0.0501271177157901,0.145437764496201,1,1,-1.34914536869844,1,0
2032,0.304926716321655,0.872230848098641,2,0,-0.0651417075210657,0,0
2033,0.234928072430193,0.401683645322919,0,0,-0.188315331218098,0,0
2034,0.826353661224067,1.80753663638984,2,1,0.418190774884506,1,1
2035,0.0665728756575845,0.181724309173295,2,0,0.462439230845516,0,1
2036,0.102500913457331,0.163600424016594,1,1,-0.595177962481324,1,0
2037,0.436823244063936,1.39801824242112,1,1,0.0202100884757236,1,1
2038,0.164075150387362,0.389497334440622,1,1,0.0143152738257148,1,1
2039,1.49660510561409,2.47306077411852,0,0,-0.793996293534241,0,0
2040,0.104205998650286,2.6826507349809,0,0,0.208875261499143,0,1
2041,0.316425887867808,0.480126291513443,0,0,1.31651200184544,0,1
2042,0.344416623914631,1.47816298414842,2,0,0.439467917236041,0,1
2043,0.556941401354858,0.796194825361262,2,0,0.512420329387107,0,1
2044,0.0576780806295574,1.50086528343001,2,0,0.291486872766857,0,1
2045,0.126614666884942,0.45805218629539,0,0,-1.78064935432615,0,0
2046,0.0137323443777859,0.262755606365724,1,1,0.558400047895556,1,1
2047,0.524580568149414,1.41168800837753,0,0,0.549678650655631,0,1
2048,0.214285272178731,0.53340434975017,1,0,-0.718934675104586,0,0
2049,0.269055780611261,1.31702445222758,2,1,-0.449567892681462,1,0
2050,0.970213330272076,1.37990373769276,2,1,0.208141128780832,1,1
2051,0.09546231374259,0.579033067520458,2,1,1.43058918159768,1,1
2052,0.550056725597762,0.912972626586755,0,0,0.0438570044935007,0,1
2053,0.0038831178098917,0.347181420120281,1,1,-0.0256728986240602,1,0
2054,0.0268470848095603,0.0386056382825892,2,0,0.89842068314191,0,1
2055,0.32341663929401,0.54732417066892,0,0,1.3328528706675,0,1
2056,0.134516929101665,2.71800178092216,2,1,1.32799029235531,1,1
2057,0.0177255237940699,1.08523993835794,2,1,0.0255264357720204,1,1
2058,0.0762992215021087,2.67819551850095,1,1,-0.149239281795267,1,0
2059,0.0766028808429837,2.42113978603695,1,0,-0.133096913172022,0,0
2060,0.103202317899909,0.557467582273991,1,0,-0.66052444417298,0,0
2061,0.234740422747564,1.19600139756823,2,0,0.0627546402580187,0,1
2062,0.0795036216732115,1.92767749967034,1,0,1.18936438051718,0,1
2063,0.204573668306693,2.59816009098907,2,0,0.00142974066107137,0,1
2064,0.460747628213659,0.684194534897508,1,1,1.27070088771999,1,1
2065,1.04322362802328,1.90545177325418,2,0,1.23084853084601,0,1
2066,0.0286437882459722,1.10687054566246,2,1,0.521269434566246,1,1
2067,0.300882954150438,2.01823687801758,0,0,-0.191005610844951,0,0
2068,0.923508977044532,2.49737997104284,1,0,-2.54791181387908,0,0
2069,0.187065320420132,0.836701193865294,2,1,1.89945570823329,1,1
2070,0.238623357727192,0.727896791467054,1,1,0.637303548976217,1,1
2071,0.886391081096247,1.82185047665167,1,1,1.35978842016542,1,1
2072,0.429961659462078,0.549089098679462,1,0,0.519561452213465,0,1
2073,0.0129804769530892,3.0426109302789,0,1,-1.09157162030691,1,0
2074,0.693919728510082,0.800989520801621,1,0,-0.362590502510466,0,0
2075,0.0779017052182713,0.153419234096903,2,1,1.85424986948252,1,1
2076,1.17032085656525,1.32644347223077,2,0,0.155951377617818,0,1
2077,1.57016254371537,1.79656193281213,0,0,0.745661619906984,0,1
2078,0.0232551532099023,0.800095384978052,1,1,0.563531580657951,1,1
2079,0.11365875788033,1.87254424820356,1,1,-1.0870879102408,1,0
2080,1.06263502030039,1.07148650555046,2,0,2.33958076419684,0,1
2081,0.195003477922672,0.601303172770628,1,1,-0.694570682682573,1,0
2082,0.313565728429239,0.613219677702898,1,1,0.0918809941790384,1,1
2083,0.0406322414055467,0.370931063986252,2,0,-0.584674546408173,0,0
2084,0.101944543421268,1.3199924767608,2,1,-0.114537446126018,1,0
2085,0.00792040218847908,0.12633907199469,1,1,-2.18903824683694,1,0
2086,1.14993190418162,2.14939729849123,2,0,1.54553270886188,0,1
2087,0.984201702469602,3.42210313163788,2,0,0.483744182629042,0,1
2088,0.642908168930382,1.18247317081088,1,1,0.604849563221567,1,1
2089,0.376242628553882,1.87912373748965,2,0,0.346103130955186,0,1
2090,0.621703873586425,1.97579617838242,2,1,0.325102892327959,1,1
2091,0.488492680713534,2.75419970261911,1,1,-0.389311483587601,1,0
2092,0.0745628081832051,0.809911759570241,0,0,0.566457259471404,0,1
2093,0.232701768691186,0.537540334093169,0,0,0.231491674325895,0,1
2094,0.51957006379962,2.1691903223828,1,0,-1.16056653190295,0,0
2095,0.0570525439917006,2.3625384991126,1,1,2.31918141478132,1,1
2096,0.117509106328827,6,0,0,-0.432223214363176,0,0
2097,0.287052729072206,5.27962195950176,2,0,-0.370934293646368,0,0
2098,0.305315127188805,0.997117925424912,2,1,0.672095424612292,1,1
2099,0.397117023915806,1.21605828093986,0,0,-0.704896108564368,0,0
2100,1.17410224042238,2.54115460115287,2,0,0.123778162356913,0,1
2101,0.0171733981284598,0.143540408275574,1,0,-0.326083456753465,0,0
2102,0.333718296897132,1.26876638889793,2,1,0.248974965935553,1,1
2103,0.137730452232063,1.48744661581518,1,1,-0.337777940653753,1,0
2104,0.709135560318828,1.44272511283988,0,1,-0.340987532304019,1,0
2105,0.0593599972255845,0.450931277097931,1,1,-1.24433982808173,1,0
2106,0.336736714525614,0.514638313971053,2,0,0.371005933417382,0,1
2107,0.0974016141175374,3.90722613450921,2,0,0.0464568095977056,0,1
2108,0.256819371116648,1.7470018912788,1,1,0.594455128594429,1,1
2109,0.474161497018709,0.578978336387902,1,0,0.0257803616100624,0,1
2110,0.705212070580393,0.811204348380367,0,1,1.30860094546467,1,1
2111,0.533474123777643,3.00758396918547,2,0,0.312690078985115,0,1
2112,0.514245924397193,3.99538949526761,2,0,0.685894780286771,0,1
2113,1.06893895938993,1.87454898856039,1,1,-0.967527925706837,1,0
2114,1.10530805168952,2.81076475074675,2,0,-0.499600840675281,0,0
2115,0.234509138390422,0.354353656008695,2,1,0.106476162610296,1,1
2116,0.132242057820292,0.780985223415417,1,1,0.946714256403597,1,1
2117,0.38527202559635,0.768536878049211,1,1,0.128537443533993,1,1
2118,0.772464980152738,2.97498530918921,2,0,0.721365332654895,0,1
2119,0.318817790396489,0.635395565380653,0,0,2.58530405549088,0,1
2120,0.00209852296393365,0.0376796530175579,2,0,0.370312841300174,0,1
2121,1.43074419675931,3.06072986063858,0,0,-0.295640682408739,0,0
2122,0.0254038078317439,0.65353034179059,1,1,1.17370246288535,1,1
2123,0.0900473346700892,0.0986726674096011,2,1,0.719814180333987,1,1
2124,0.119635212300009,6,0,0,-0.56768459445067,0,0
2125,0.537071659229696,1.04435435826783,1,1,-1.85325341410588,1,0
2126,0.616260004669529,1.07382908458703,2,1,0.873496221798424,1,1
2127,0.342948672187049,1.13508402024574,2,1,2.04466431466532,1,1
2128,0.268119965679944,1.0124502709192,1,0,-0.325396759968635,0,0
2129,0.195812358458025,1.46881096685926,0,0,0.847646996585079,0,1
2130,0.158242260603827,2.75350318066019,2,0,0.475414651168829,0,1
2131,0.487273395288063,0.804983302137976,1,0,-0.635169940985795,0,0
2132,0.227601483347826,0.422353892959027,2,1,0.761753387140506,1,1
2133,0.10940529522486,0.925362166787511,1,1,1.42301314728239,1,1
2134,0.0773311089142226,0.360410485788293,2,1,0.404232640520769,1,1
2135,0.40070023573935,1.65241688330235,1,1,-0.373353645222384,1,0
2136,0.111703936127014,2.66197576533116,2,0,0.18611974253647,0,1
2137,1.63735610424521,2.03458664402726,1,0,-0.711348380143988,0,0
2138,0.7331620814249,2.88239530718637,1,0,1.52270218320854,0,1
2139,0.15874349832302,0.329622173268334,1,1,0.436623724559498,1,1
2140,0.12717736326158,0.226207042502504,1,1,-0.393320007310141,1,0
2141,0.429013154644053,0.674548317701998,2,0,0.506724916563512,0,1
2142,0.903178839891792,1.29622597052052,1,0,0.588890189571914,0,1
2143,0.0343328973800783,1.11477950721133,1,1,-2.18579487422078,1,0
2144,0.0834168214350939,0.176686029448998,2,1,0.0942041903163672,1,1
2145,2.14919342451985,2.78776183572474,2,0,-0.109037954788732,0,0
2146,0.0917893871665001,1.42180158149487,1,0,-0.692625134023486,0,0
2147,0.00587666686624289,0.915547131135422,2,1,-0.308235985040707,1,0
2148,0.102829749521334,0.553596862975761,2,0,0.725252830261231,0,1
2149,0.00270784536814554,1.97148043640601,1,1,1.64956498773464,1,1
2150,0.530625300027205,0.857532408811485,2,0,-1.02888133645715,0,0
2151,0.158084419137551,1.57677271092931,0,0,0.122496907700384,0,1
2152,0.164567159883949,1.52040277934466,1,1,0.284793004468683,1,1
2153,0.579667570418145,0.82666474333022,2,1,0.873861981420334,1,1
2154,0.883734758943319,0.98295862476031,0,0,-1.54135759631519,0,0
2155,0.44868744320843,2.39223521072151,2,0,-0.275322542288664,0,0
2156,0.308917931489782,2.63549846748439,1,1,1.0559226892814,1,1
2157,0.563275046646595,0.859663074687606,1,1,-1.31931022363817,1,0
2158,0.962363947130382,1.69796767632343,2,1,0.427447320594459,1,1
2159,0.560250802896917,6,0,0,-1.51033464249664,0,0
2160,0.225237962432535,0.486373630011055,1,0,0.28468824076276,0,1
2161,0.209073176054634,0.286777165407936,0,0,0.513124646001175,0,1
2162,0.146225591597613,4.92154004935029,2,0,0.00136821362261305,0,1
2163,1.60216599321904,2.0522206141727,1,1,-0.397792297577073,1,0
2164,1.2600500950996,1.48209900642056,0,1,0.871610078091712,1,1
2165,0.207485590944998,1.08623726000812,2,0,0.346540771025184,0,1
2166,0.540829325301394,1.6571033200946,1,1,0.239380205403258,1,1
2167,0.0397330043505151,0.260851435095522,2,1,0.43295358282229,1,1
2168,1.24749342910945,1.84009296563294,0,0,-1.39308534942183,0,0
2169,0.1659701079241,0.600258788786855,2,1,0.528173724856006,1,1
2170,0.0900284657254815,0.270858759001518,1,0,-1.73161479810826,0,0
2171,0.0241309230117066,0.962462394187848,0,0,1.54774202241029,0,1
2172,0.306876331742387,2.74248408727793,2,0,0.807325620677464,0,1
2173,0.358550114033278,0.822430120949927,2,1,0.256240721120265,1,1
2174,0.853476572781801,0.883040664096673,0,0,-1.49360295921122,0,0
2175,0.380242921528406,1.32069021096634,1,0,0.0329565368025045,0,1
2176,0.0571258082497625,4.01659570444746,1,1,0.301069296789873,1,1
2177,0.781522361768231,1.19475964009834,1,1,1.07060810137599,1,1
2178,1.34107649434863,2.98348296418373,1,0,0.601644226012059,0,1
2179,0.829287088682696,1.50686910921687,1,0,0.507558436062745,0,1
2180,0.220927609604325,0.905860028368742,1,0,1.25537425714799,0,1
2181,0.334494669514243,0.499200539562963,1,1,0.259596459659086,1,1
2182,0.178618301870301,0.381478865941366,0,0,0.447273324218303,0,1
2183,0.497781155630946,6,0,0,-1.60339528876306,0,0
2184,0.147406750475056,3.2449665216794,1,1,0.198512635387086,1,1
2185,0.859230620786548,0.866038389424612,1,0,-1.06306640196947,0,0
2186,1.36464706249535,1.38950223631897,1,1,-0.436534184349839,1,0
2187,0.504609288647771,0.761185553449896,1,1,-0.793474933935761,1,0
2188,0.314061784883961,0.334288314370983,1,1,0.0314085928623757,1,1
2189,0.179054175387137,1.07177322730422,0,1,0.688310662677117,1,1
2190,0.0929803439850919,2.28608513045215,1,1,1.24396291201409,1,1
2191,0.25405216467334,0.446215319251048,2,1,0.381985531178986,1,1
2192,3.64408245363781,6,0,0,-0.95146448806065,0,0
2193,0.162809037074425,0.500334031864788,1,1,0.117986623164237,1,1
2194,0.812451688572764,2.45369089767337,0,0,-0.387668103480005,0,0
2195,0.49347454155498,1.03706392137255,2,1,0.450577124933827,1,1
2196,0.27973653137451,0.490604248282552,1,1,0.385428382331015,1,1
2197,0.0405867928941522,4.95819039724362,2,1,-0.795430642971346,1,0
2198,1.85359445324742,3.03459390180535,2,0,-0.104917268283145,0,0
2199,1.68577993630005,2.22042610163028,1,0,0.203663779743012,0,1
2200,0.085343793356712,1.06562033166155,1,1,-0.0706963608583403,1,0
2201,0.0364725375548005,0.263401227772501,1,0,-1.35748796180679,0,0
2202,1.63131554486735,1.99949745150887,1,1,0.249655019976191,1,1
2203,0.246719419956207,0.273475140622444,1,1,-0.266564938164368,1,0
2204,0.471797425972119,0.658546610663901,2,0,0.864877803545312,0,1
2205,0.293774367019068,0.903846111782565,2,0,0.0112365122651816,0,1
2206,0.260277630094427,0.57084582630187,1,1,-0.887919274313918,1,0
2207,0.0798684060573578,0.697193946219391,1,1,-0.248422751944408,1,0
2208,0.93534920271486,1.20999613788438,1,0,-0.989315385672344,0,0
2209,0.639406713281579,1.63260796135513,2,1,1.09262230027666,1,1
2210,0.882034772075713,2.27020434990848,1,0,-0.759646358123324,0,0
2211,0.233949926681817,0.631201595738019,2,0,-0.722738018413264,0,0
2212,0.0866480864351615,0.976884640244423,2,0,0.27309586130466,0,1
2213,0.108398273295223,0.46951785024989,2,1,-0.693559788784586,1,0
2214,0.275189599487931,1.63873856243621,1,1,0.914057507311441,1,1
2215,1.94303392842138,3.35000568852349,2,0,-0.498467093813829,0,0
2216,0.0503222047700547,0.350995839883884,0,1,0.0489866695702154,1,1
2217,0.188586353615392,0.681325619178832,1,1,1.72452704219331,1,1
2218,0.160104807466269,0.332197400425129,0,1,-0.033718041889524,1,0
2219,0.00441189913544804,0.22371026687324,0,0,0.0103600289046784,0,1
2220,0.0060218955302678,0.217860955443897,1,1,-1.54218258737532,1,0
2221,0.284958675503731,1.27143197638605,2,0,-0.682288197722024,0,0
2222,0.538283672894432,1.82944795926555,2,0,0.750435445437621,0,1
2223,1.072867099158,2.28884133940951,2,0,0.159350761868017,0,1
2224,0.260227081365883,2.52732644620888,1,1,-0.19427423123782,1,0
2225,0.0630110042706691,0.202327684709535,2,0,0.584405973346231,0,1
2226,0.671314034235485,1.61629842257355,1,0,1.25326868127144,0,1
2227,0.763195913142346,1.17018500199048,2,1,1.42857623612702,1,1
2228,0.151775811391417,0.217615557684697,2,0,1.78307627131603,0,1
2229,0.568795578411602,1.31609185348996,1,1,0.337432615948893,1,1
2230,0.206617575846086,3.72710678702923,2,0,0.2320891983961,0,1
2231,1.67728180875466,3.76668379154295,2,1,0.285499053675636,1,1
2232,0.420201514789369,1.70385199343409,0,0,0.889730944555982,0,1
2233,0.790708624962775,1.20155156178087,2,0,0.223492008743085,0,1
2234,1.28212389908731,3.4789182320817,2,0,-0.117089573680449,0,0
2235,0.131416002113838,0.215095360472808,1,0,0.705664349093565,0,1
2236,0.0406471868079136,0.449267811410899,2,1,0.499004222255121,1,1
2237,0.398404079896864,0.85574016387558,2,0,0.914656267505568,0,1
2238,0.0170551372814249,0.970907825928003,2,0,0.71740126292081,0,1
2239,0.122917898443084,0.447302793931271,1,1,0.0280184706748901,1,1
2240,0.877412209287286,2.64650170473187,2,0,-0.703490345688568,0,0
2241,0.0676396797643974,1.44978484279287,2,0,0.803886126674518,0,1
2242,0.728608678095043,2.4401527575436,1,0,-1.05245956111064,0,0
2243,0.917772778723032,0.946937473714897,2,0,1.88707815944126,0,1
2244,0.136020382051356,1.15023938531891,2,1,1.14124182752373,1,1
2245,0.193479773588479,0.642127056478568,1,1,-0.251014814538667,1,0
2246,0.847810023088761,0.869036532594493,2,1,0.64056829652116,1,1
2247,0.047234614030458,0.171702879178601,1,1,0.754537727740881,1,1
2248,0.499973452650011,1.78008848863494,2,0,-1.05985372340888,0,0
2249,0.084896024200134,0.586548011711789,2,0,1.76759932963919,0,1
2250,0.0614672270603478,0.173292705353349,2,1,1.78963424244128,1,1
2251,0.373969519510865,2.00275229653961,2,0,-1.06843066268248,0,0
2252,0.08974597818451,0.29963364203771,0,0,0.566659044358185,0,1
2253,1.63703088640215,2.08103866974921,1,1,-0.0688499314349579,1,0
2254,0.299105466983747,1.20050663763839,2,1,1.2824026476548,1,1
2255,0.246009564143606,0.545528160852997,2,0,0.140216132978794,0,1
2256,0.170830238477877,0.505774955575665,0,1,1.58561764739487,1,1
2257,0.0640972359105945,0.396160292347423,1,0,-1.98881721643309,0,0
2258,0.258907478419133,2.01936570968076,1,1,1.89195300025919,1,1
2259,0.178987957187928,0.291909503057386,2,1,1.66290974072174,1,1
2260,0.501149315065107,1.3176405600522,2,0,0.420838847617129,0,1
2261,0.0210796241911985,0.0338611194276093,1,0,-1.21097320080572,0,0
2262,0.00080893310951069,1.17527840819009,1,1,1.25098002676285,1,1
2263,0.101468134962488,0.206073816868392,2,1,0.543313749312636,1,1
2264,0.186749036224221,1.86997478751688,1,0,1.37753020334787,0,1
2265,0.897773090749979,0.988133417401974,1,1,-1.75982576212351,1,0
2266,0.40329032111913,0.936081956434283,2,1,0.269585876640862,1,1
2267,0.417635974881705,2.77866133473524,2,1,0.0428062584671098,1,1
2268,0.326029090792872,2.40401172465981,1,0,0.884092214937763,0,1
2269,0.373880800034385,2.78710910475716,1,1,0.975953145152814,1,1
2270,0.0547756776213646,0.334212126201268,1,1,-0.334729891329911,1,0
2271,1.02345896143512,1.52822102036978,2,1,0.755184283111008,1,1
2272,0.164094068750273,0.327079553095343,1,1,1.42994063733508,1,1
2273,0.468824630926184,0.940342376979541,2,0,0.911649246662499,0,1
2274,0.633995623185121,4.32781932801481,2,0,0.0370407063334303,0,1
2275,1.62453851919871,6,0,0,-0.565084921681087,0,0
2276,0.217473720170076,1.04099728453754,2,1,0.286855687636504,1,1
2277,0.493727379335843,2.02018745930316,2,1,0.511189350513974,1,1
2278,0.894787047788634,2.21322748187379,1,0,1.37004227823413,0,1
2279,0.709767306080841,1.39057209674621,2,1,0.139947609502087,1,1
2280,0.0702155003028572,0.136197637708021,1,0,0.34847684898672,0,1
2281,0.613039769444777,1.10469773574258,2,0,-0.815954911302822,0,0
2282,0.339901154645498,0.510466807910908,1,0,0.210868946402128,0,1
2283,0.211228266707622,0.313716367490292,2,0,1.18559149517936,0,1
2284,0.472922482157519,1.14476672458501,2,0,0.589784148542717,0,1
2285,0.0544861797243357,2.80999820866501,1,1,0.178823469808378,1,1
2286,0.162689422683812,0.313267104821314,2,1,0.252378366183139,1,1
2287,0.51579768396914,0.805680497289625,1,1,-0.744969436648493,1,0
2288,0.366304718481842,0.766140610600511,0,1,0.638299102992696,1,1
2289,0.404900334588562,0.869177737417044,1,1,-0.513894427911432,1,0
2290,0.0137988888930173,0.610265057694848,2,0,0.629139761171147,0,1
2291,0.16915216948837,1.21686287778012,2,1,-1.22933768928704,1,0
2292,0.519055824216947,1.39817748969695,1,1,1.22585585940613,1,1
2293,0.114575643486788,5.54173250965087,0,0,-1.27193618342881,0,0
2294,0.808371944217236,1.47286115438624,1,1,0.262856286677009,1,1
2295,0.210629523731768,1.95213563777455,1,1,-2.07827493102516,1,0
2296,1.26538404636085,3.59504445037518,2,0,-0.626322307124435,0,0
2297,0.7755534844473,4.40686714947993,2,0,-0.836439945943241,0,0
2298,1.69942271716211,4.4625076589485,0,0,-1.76600861747286,0,0
2299,0.215993512259473,1.08249232379875,1,1,0.679523797663775,1,1
2300,0.142144966315392,0.986048083868181,1,0,1.39668513707331,0,1
2301,0.366000081523875,6,0,0,-1.51086402558315,0,0
2302,1.3660836564377,1.42985019378584,1,0,-0.772492774309565,0,0
2303,0.617156316462291,1.17274253177203,2,0,0.338795444215041,0,1
2304,0.326541070535313,0.551908473864225,1,0,2.10231549980057,0,1
2305,0.0306211563004392,1.14268520497176,1,0,0.160210182272305,0,1
2306,0.101078483394982,4.73102897970073,1,0,0.216271093416245,0,1
2307,0.000782414800403336,5.20989898896143,0,0,0.0717193754768217,0,1
2308,0.237246822798625,0.87309481886526,0,0,1.36078455829145,0,1
2309,0.152097714133561,0.645537123140118,1,1,-0.835879555771316,1,0
2310,0.246942488476634,0.872862845477296,1,1,-0.830176261447426,1,0
2311,0.150415189855266,0.250975837310155,0,1,1.57091043780521,1,1
2312,4.86524958510823,6,0,0,-1.11411793604582,0,0
2313,0.0868811938899344,0.749072037882387,1,0,-0.064490711508775,0,0
2314,0.303926569176838,1.73828011433037,2,0,1.20130582795511,0,1
2315,0.0452295850845985,4.1203533785553,1,0,2.75607437879062,0,1
2316,0.0571450833231211,0.450655637387714,1,0,-1.45112343243304,0,0
2317,1.11756306136364,1.18552824489612,1,0,0.728381861014894,0,1
2318,0.376227466389537,3.11070266721873,2,0,-0.147443685862302,0,0
2319,0.00176993413952066,0.102376543559859,1,0,1.12044875921148,0,1
2320,0.556177889203474,1.40627508931995,2,1,0.117209264919081,1,1
2321,0.0579701198148541,0.532057665199795,2,0,1.41436746204531,0,1
2322,0.930241183377802,1.04479477245816,1,1,-0.14440120723867,1,0
2323,0.664805724285543,0.723045159440615,1,1,-0.403278178989087,1,0
2324,0.181292844354175,0.465481989433057,0,1,0.231141715836659,1,1
2325,0.163733386137725,0.979580190032721,0,0,1.25676893977921,0,1
2326,0.144678543147165,0.214298110106994,1,0,0.270669440935646,0,1
2327,0.286626139648274,0.507233684027595,1,1,-1.09294291632244,1,0
2328,1.12718554213643,1.49827245773945,1,0,-0.115917143558089,0,0
2329,0.681241016834974,3.516892005379,0,0,-0.0646815105015166,0,0
2330,0.147465050468524,0.378908315800311,1,1,-0.724934725398601,1,0
2331,0.08123947356067,0.695744649836567,1,0,0.310582545806815,0,1
2332,0.030171331949532,5.78493472353295,2,0,-0.920389979451805,0,0
2333,0.0727124750156641,0.34582614388366,2,0,1.06810300781786,0,1
2334,0.13844709872501,0.559505408541489,2,0,0.657921438744964,0,1
2335,0.139976709876351,3.99970321752834,0,0,0.130003795343202,0,1
2336,0.967746851544057,1.24442037427995,1,1,0.696858833739022,1,1
2337,1.4927632267678,2.20010739298855,2,0,-0.202858564713623,0,0
2338,0.22399570530979,0.664119424462663,1,1,0.688194299458737,1,1
2339,0.824630370529667,1.21995067586757,1,1,-0.321573375235106,1,0
2340,0.00300256628906564,0.612406835890806,2,0,0.995436305814121,0,1
2341,0.374855039699469,1.24015044210086,2,0,0.744037911411081,0,1
2342,0.736665097996593,2.79847429729344,1,1,-0.0988068354484298,1,0
2343,0.274320212483872,1.47220454799632,0,0,0.406093231599846,0,1
2344,1.04386990883299,2.30647527783855,1,1,-1.02640975523006,1,0
2345,0.0722744222730398,0.29258365687558,1,0,0.233344310075888,0,1
2346,0.796376269982949,1.31073183251901,2,0,0.267233337314168,0,1
2347,1.92652328117731,2.15498810904097,2,0,-0.0257292809117226,0,0
2348,0.0194985826965421,0.743024554833757,1,0,0.573006894979984,0,1
2349,0.504205055084486,0.774358394009766,0,0,0.312154279765392,0,1
2350,0.161520945548546,1.28341689588585,1,1,0.835353951391459,1,1
2351,0.194842994213104,0.830858563087394,1,0,-1.48968452415635,0,0
2352,0.264572949381545,1.11917953616601,1,0,0.838212235736988,0,1
2353,0.601761190310873,1.02831004467543,2,1,0.107877404964148,1,1
2354,0.232610251114238,1.27683672557235,2,1,1.02819241411835,1,1
2355,0.321604562923312,0.854141653493194,2,0,1.94245112208693,0,1
2356,0.831735397197128,1.22084029487592,2,0,1.51010850031829,0,1
2357,0.234650185448118,0.915770731207274,2,1,0.363382109493865,1,1
2358,0.331741553090978,3.87837304832969,1,0,0.358652030561026,0,1
2359,0.666234129556803,1.42913031885054,1,1,-0.324534390216886,1,0
2360,1.57080212785842,1.61796146693329,0,0,-0.584285570462917,0,0
2361,0.516804553309277,3.17766481835052,1,0,0.864342185769082,0,1
2362,0.531509066143759,1.9169625867869,2,0,0.49812650501543,0,1
2363,0.132304442115128,1.6623366546059,2,1,-0.214444833243877,1,0
2364,0.598879693981081,0.79772326960963,0,1,1.20541449659379,1,1
2365,0.381566217401996,0.50602162436653,1,1,0.131968565343793,1,1
2366,0.16233757105194,0.272556251164645,2,0,-0.307470121967363,0,0
2367,0.161101745176217,0.383565298950895,1,0,0.310099920572067,0,1
2368,0.0162306593847461,0.0810420792549849,0,1,0.244675532039843,1,1
2369,0.478064257843659,1.065445760563,1,1,0.741599861535273,1,1
2370,0.193495387211442,0.206236811371371,2,1,0.865614163849709,1,1
2371,0.170881352318856,0.572514750304765,2,1,0.460949641366793,1,1
2372,0.498324242607336,1.36150713041062,1,1,1.01541955492791,1,1
2373,0.0124893302563578,0.7632575246195,0,1,0.542842069726608,1,1
2374,0.721363645253524,1.31494632764897,2,1,0.260804206682958,1,1
2375,0.00803480274043977,0.669073585373631,2,0,0.159062812047075,0,1
2376,3.5953907368887,3.63698414216439,0,1,-0.0593896858263423,1,0
2377,0.444074561793178,1.69095319118434,2,0,0.310979359859965,0,1
2378,0.43412085684029,0.71953925695046,2,0,0.224225199087415,0,1
2379,0.139127225847915,0.355661834279696,0,0,0.623197129290014,0,1
2380,0.280389046296477,1.54736608342522,2,1,-0.0617788396181934,1,0
2381,0.270876951981336,1.78023389799582,2,1,0.43046005608922,1,1
2382,0.486596369274713,1.84480267874895,2,1,0.333276311069992,1,1
2383,0.21596968252119,0.721327778833494,0,0,0.798255304778846,0,1
2384,0.0787555193528533,1.11000117215386,1,0,-0.872566077136139,0,0
2385,0.232480831909925,1.41091328589872,1,1,0.797208812960909,1,1
2386,0.377979251206852,0.858345048432807,0,0,0.736006832700068,0,1
2387,1.82645092707801,2.14978068973282,1,1,0.204807036941834,1,1
2388,0.00890192150227694,1.56667361511989,2,1,1.08478198474977,1,1
2389,0.0643231711001135,0.422260972212708,0,0,0.312276494211416,0,1
2390,1.27966214623302,1.35015841421718,2,1,-0.309401441623514,1,0
2391,0.660595524214961,1.0451286559122,2,0,1.46717298814227,0,1
2392,3.47816651670222,3.91787302116853,2,0,-0.226277246757712,0,0
2393,0.159306237321987,0.533054865204033,2,1,0.651876688414247,1,1
2394,0.354429762210015,0.777267761614891,1,0,0.636304791591348,0,1
2395,0.184380516409874,1.4544025975892,1,0,-0.426772964924893,0,0
2396,0.405840476742014,1.031444769276,2,1,0.314723360550832,1,1
2397,2.68008056274595,4.94317073432942,2,0,-1.12396689243958,0,0
2398,0.306273872556631,1.03079510231813,0,0,1.45030494529092,0,1
2399,0.694878995418549,1.73350154654237,1,1,-0.78722626175548,1,0
2400,0.206813102995511,0.706257795797368,2,0,0.538395707074817,0,1
2401,1.11001829262228,1.5529194722573,0,0,0.740504089055158,0,1
2402,0.366275401680401,2.50339745023373,1,0,-0.412579292725608,0,0
2403,0.515811356573187,0.526739193026403,2,1,0.630812286570444,1,1
2404,0.817095699514195,1.55428243490557,0,0,0.212418834595654,0,1
2405,0.529994051295154,0.854036159251764,1,1,0.537941113910296,1,1
2406,0.26134009702728,0.863167591548049,1,1,0.149897250941237,1,1
2407,1.29273003776895,1.39862064049609,2,1,0.930337012802499,1,1
2408,0.436312119683072,2.66447476313344,2,1,0.875417731077911,1,1
2409,2.46344460911098,3.10624127422928,1,1,-0.239180281404329,1,0
2410,0.260612615588049,0.812126831439591,1,1,-0.0829995732153345,1,0
2411,0.25029069656739,2.61010432486509,2,0,0.856487740657017,0,1
2412,1.70810962670057,2.21590339858315,1,1,0.585138533141007,1,1
2413,0.319505588558968,0.914334817197187,2,0,1.73714282983126,0,1
2414,0.517631636440575,0.839334880518998,1,0,0.633195778306127,0,1
2415,0.04491276293993,2.79510570950472,2,0,-0.135795746837159,0,0
2416,0.368747052270919,2.89106821255312,2,0,0.769398441933576,0,1
2417,0.766545849593178,3.37222620202466,1,0,0.181093606699596,0,1
2418,0.432992388377897,0.86560412773314,2,0,0.399232760924313,0,1
2419,0.0533835515379906,3.68424272785584,0,0,-2.15621242852772,0,0
2420,0.00882670810595704,2.71946254091422,2,0,0.00952178265159158,0,1
2421,0.239370926865377,1.09650113895625,2,1,1.79914615916292,1,1
2422,0.0473939934244619,0.0528118254825838,2,1,0.774831668359802,1,1
2423,0.36644784238888,1.96567295676102,1,0,1.78670523209582,0,1
2424,1.05859847177773,1.61656611282084,1,1,0.348982573445953,1,1
2425,0.194707537011709,0.267444733246857,2,0,2.09042237943982,0,1
2426,1.49421239606007,1.71489208907308,1,1,0.0641201959859862,1,1
2427,0.080782922450453,1.12177049980487,1,0,0.161975239293318,0,1
2428,0.87488909997046,1.32192028931859,2,1,-1.28206321372919,1,0
2429,0.0990590846741272,0.449255459539256,1,0,0.416429661537169,0,1
2430,0.691634996302247,1.90890274472981,2,0,1.9412027196231,0,1
2431,1.04352620244026,1.11630249282409,1,0,-2.4285147901453,0,0
2432,1.60784987142815,1.71358357168705,1,1,0.466390199928606,1,1
2433,0.439451067414234,0.748436440699466,1,1,0.0221453569961152,1,1
2434,1.34734331164509,3.69530310058233,1,1,-0.534869756313726,1,0
2435,0.252476833120454,0.720009958992402,0,1,1.127351615114,1,1
2436,0.423192775051575,0.85180091379393,2,0,0.0813144377463922,0,1
2437,0.133591321424437,0.885118144216918,1,0,-2.22280031750186,0,0
2438,0.00360256992280483,0.106639272705193,1,0,1.61895725049006,0,1
2439,0.278341256082058,1.13490713512182,0,1,-0.565164761855863,1,0
2440,0.562083485975683,1.08730669620989,0,0,1.13891099844269,0,1
2441,0.00263483694708821,0.912101708316692,2,1,-0.680617159742764,1,0
2442,0.164148132277251,0.693113893976976,2,0,1.65408483167397,0,1
2443,0.972346555441618,1.19152293335401,1,0,-0.0547389433430835,0,0
2444,0.805499360986807,3.26784191292405,1,0,0.746517001493714,0,1
2445,0.602641180586126,1.17440687445202,2,1,1.10891917201056,1,1
2446,0.190665785676748,0.20565406655071,1,0,-2.18643946477041,0,0
2447,0.19618910504505,0.86354096320978,1,1,0.119772515347887,1,1
2448,0.38786985038314,0.592301766827991,0,1,0.614764672748426,1,1
2449,0.148475631140172,1.76027392612233,1,1,-1.33163421526809,1,0
2450,1.26192905753851,1.53940821671369,1,1,-0.318142034451125,1,0
2451,0.681771756472819,0.925200536474775,1,1,0.685370397023279,1,1
2452,0.0762071282952093,1.28657676758102,1,1,0.747391723716056,1,1
2453,0.0755420600762591,0.814798130432325,1,1,0.837467292299226,1,1
2454,0.907324060046688,1.43851455266407,1,0,0.800993039788005,0,1
2455,0.766192893219543,0.912167415808503,1,1,-0.558054412096151,1,0
2456,0.462009537705973,3.63173219258852,1,1,1.24914009640913,1,1
2457,0.187799610139336,1.97115915227904,2,0,0.635573793742412,0,1
2458,0.656958951614797,1.01575331709647,1,0,-1.51668252259826,0,0
2459,0.430681878060568,1.26025399091615,2,0,0.323395932745112,0,1
2460,0.564109653906718,1.56413455383954,2,1,0.758545504358452,1,1
2461,0.577973715712053,0.986198610953654,2,0,0.744248678288058,0,1
2462,0.0355509552173316,1.09870322997749,1,0,0.480144470513526,0,1
2463,0.646814098581672,3.79414278914824,2,0,-0.664968534458036,0,0
2464,0.0192632855032571,0.0303044572740526,2,0,0.702230400770224,0,1
2465,1.24077220907772,2.57561378951023,2,0,1.51132580051973,0,1
2466,0.17880302411007,0.206590027462649,2,0,0.808290391151223,0,1
2467,0.906711906414868,2.26559227755023,2,0,0.624340354657971,0,1
2468,0.587933888865456,1.48332384292692,2,1,1.13992727678896,1,1
2469,0.422729568672366,1.83867110501944,2,1,1.88342961650247,1,1
2470,0.485907796770334,1.83192582626178,1,1,-0.336497629828484,1,0
2471,0.384339556912892,1.16114749667543,1,0,0.424781969117798,0,1
2472,0.042436236401723,0.248159597235497,2,0,1.35706955699085,0,1
2473,0.524854565129437,1.47923063971497,1,1,1.68113271229024,1,1
2474,0.762761959314168,1.50207370140214,1,1,0.0539107803314174,1,1
2475,0.263738772191573,0.62279362826847,2,1,2.85851763514787,1,1
2476,0.958000645041466,1.91585674571494,0,0,-2.00243562382727,0,0
2477,0.0399248333997093,0.445826229875836,2,1,1.22256463687668,1,1
2478,0.54580297583631,1.5730714879296,1,1,1.0733259848785,1,1
2479,0.0098593847360462,0.314200093152086,2,1,0.916743921238943,1,1
2480,0.264477889332055,0.403503962305206,1,1,-0.856004125016065,1,0
2481,1.95102922051194,4.51544880246123,0,0,-1.12784242310467,0,0
2482,0.138531894423068,1.43063334193645,1,0,-0.473260811592164,0,0
2483,1.18917451519519,3.32311920821667,0,0,-0.199855653839408,0,0
2484,0.484672310508286,1.35359516773509,2,1,0.558781373205376,1,1
2485,0.447584611462054,1.71439464511579,2,0,0.730919719341661,0,1
2486,1.31760548707098,2.24261494730988,1,1,-1.05767413589476,1,0
2487,0.0529387890128419,1.63040418192061,2,0,1.06783599886949,0,1
2488,0.564112176044665,1.21968754794641,1,1,0.126185165833099,1,1
2489,0.278810019663069,0.319803466548129,2,1,1.43677073403668,1,1
2490,0.135263321921229,0.335982299808355,1,1,-1.49158556724326,1,0
2491,0.445278291564256,0.605040432235593,2,0,1.04939310643447,0,1
2492,0.353725836030208,0.535056653982676,1,0,0.451975632823306,0,1
2493,0.0876376382083823,0.741131302830672,2,0,2.27889675197771,0,1
2494,0.805639098398387,0.905405508352106,2,1,-0.276625194348689,1,0
2495,0.181353597901762,0.588969364762306,0,0,-1.3017967575029,0,0
2496,0.0176515852217562,0.363874562705557,0,0,0.154511306221779,0,1
2497,1.18155885580927,1.2420670791539,2,0,-0.214195403524482,0,0
2498,0.123371059571985,2.11630764354091,1,1,0.738136716347678,1,1
2499,0.183739751577377,1.05474488290331,1,1,-0.244896204947994,1,0
2500,0.81068451423198,0.929683827117535,1,1,-0.24207356023063,1,0
2501,0.347799404989928,1.24546555377283,1,1,0.126508345670453,1,1
2502,0.612194483033344,2.53186827088467,1,1,0.142347541174778,1,1
2503,0.788022798343383,1.13639806157537,2,0,0.666574127444777,0,1
2504,0.209906283416785,0.359063696271347,2,1,1.2939421118787,1,1
2505,0.114455400325824,0.719859206516275,1,1,0.917830294899487,1,1
2506,0.598130031113334,0.668562128213037,1,0,0.216541961586978,0,1
2507,0.307958967459854,0.493110618596072,2,0,0.844247624189503,0,1
2508,1.53960537343266,3.62051075548559,1,0,-0.536023603807099,0,0
2509,0.65130265050655,1.0251091354104,1,1,-0.287192792817698,1,0
2510,0.233608288981486,1.35064054025561,1,1,0.232682251221448,1,1
2511,0.377328163012862,1.38917775521502,2,1,0.336574092145176,1,1
2512,0.386852759984322,0.535801422962767,2,0,1.04162233402821,0,1
2513,0.0513498635262299,4.57544008211804,2,0,1.29993626564527,0,1
2514,0.390641383128241,1.13488641567528,0,1,0.856891477479459,1,1
2515,1.8225094894724,3.39185541259972,2,0,-0.0992373845655058,0,0
2516,0.0270312870370949,0.374392152845724,0,0,0.409550974855006,0,1
2517,0.0544301564944747,1.25655964938468,1,1,0.475943129603262,1,1
2518,1.56414137399735,1.59600523921351,0,1,-0.698931757526194,1,0
2519,1.02670019851365,1.38286151761246,1,0,0.227734503226531,0,1
2520,0.174143663316499,0.625765083408125,2,0,0.372662819885153,0,1
2521,0.197976474501347,0.378996941341485,1,1,-1.26974356815481,1,0
2522,0.304898045957088,0.576115732006947,1,0,-1.94377676644865,0,0
2523,0.202418990825828,0.884859043773517,1,0,0.246795061116625,0,1
2524,0.0958546007136245,0.920177027874374,0,0,0.425194490569578,0,1
2525,1.69998101695421,2.88771188902696,1,0,-2.10912077124455,0,0
2526,0.16003987431759,0.299022545867552,2,1,1.24796482367205,1,1
2527,0.237577219855482,0.582177623966741,1,1,-0.84498291136998,1,0
2528,1.77040820374134,4.32400588567058,0,1,-0.82426813758446,1,0
2529,0.423682187392842,1.65799143246005,1,1,0.385116872353391,1,1
2530,0.431970547651872,0.719942517421062,2,0,0.52248260895987,0,1
2531,0.803700755906113,1.77452524464734,0,0,1.46858024999931,0,1
2532,0.724433771334589,1.02205788476208,1,1,-0.618637912388546,1,0
2533,0.285375705861952,0.530599798890526,2,0,0.930660706333594,0,1
2534,0.422179523436625,0.803902533514578,1,1,-0.28134061364344,1,0
2535,0.163772481319029,0.392683623073582,1,1,0.689190232863509,1,1
2536,0.280578156086592,2.54225632975489,2,1,0.738788737560656,1,1
2537,0.211040085018811,1.49997986109852,1,0,0.343352846698306,0,1
2538,0.120310628844891,2.77893259324969,2,0,0.929461436936585,0,1
2539,1.37497393212338,1.99799684664516,1,0,0.65005661687425,0,1
2540,0.181272688595838,0.456198224840336,2,0,0.885813738777432,0,1
2541,2.00897426336052,2.94357583688777,0,1,-0.281188378851531,1,0
2542,0.00832194100993646,0.51961185823632,2,0,0.165199145131374,0,1
2543,1.08237762930208,1.26556425939836,0,0,1.57323039013363,0,1
2544,1.05715293064713,1.12899787942134,0,1,-0.293261673673494,1,0
2545,0.154037962667644,1.87737215905223,2,0,-0.860570882318462,0,0
2546,0.0913155460148118,2.16450738720596,0,0,0.022705819589306,0,1
2547,0.197528258431703,2.43803611277819,1,0,0.779583074254445,0,1
2548,0.111564752206721,0.265037610111215,2,1,0.406865405283829,1,1
2549,0.655661751489908,1.60904352341812,2,0,0.010613574556126,0,1
2550,0.954873267561197,1.44185332722331,2,0,-0.0640182095908114,0,0
2551,0.555645707158917,1.14494637024684,2,0,0.702553545535367,0,1
2552,0.412525155581534,2.51037701667718,1,1,-0.651083412369876,1,0
2553,1.44488658166064,2.48151441308496,1,1,1.76847370050717,1,1
2554,0.340441254957113,0.797713004906149,2,0,2.63668265680869,0,1
2555,0.0217346151774308,0.0651809334424775,1,1,0.432332433553815,1,1
2556,0.0118657786515541,0.644865108768396,1,1,0.767388833419134,1,1
2557,1.08179704280907,1.32406961090708,2,0,0.313446031756495,0,1
2558,0.456166479826726,3.52889570407569,0,0,0.635491124345154,0,1
2559,0.0554928275199768,1.51774970173904,2,1,-0.201424237914048,1,0
2560,0.029704636975148,0.321793665549394,2,0,1.67513622337319,0,1
2561,0.071291606987309,1.23621914602946,2,0,0.0804829328942998,0,1
2562,0.0067222889708489,1.39984694850023,1,0,0.517513121847523,0,1
2563,0.146044881839771,1.87958952749931,2,1,0.606696421189137,1,1
2564,0.0903678122241691,0.206347000374624,0,1,0.272294901503139,1,1
2565,0.0183333564099268,1.10570362387209,2,0,1.19722529349141,0,1
2566,0.490418853561215,2.81912167009372,2,0,0.378484926909742,0,1
2567,0.0748761848080903,0.42020938347166,1,1,1.11178835073637,1,1
2568,1.27392490971239,1.9918634549713,2,1,0.295664359042969,1,1
2569,0.905330959812436,2.37317524454579,1,0,0.674610521857186,0,1
2570,0.575189074125893,0.734314912891093,1,1,1.84156181293724,1,1
2571,0.274785084475297,1.83201897268494,0,1,0.443562668657487,1,1
2572,0.810781438429759,1.33630218176995,1,1,-1.05510212500113,1,0
2573,0.913873542990746,3.64692464971195,1,1,0.71552637623415,1,1
2574,3.9935487693358,5.08671970064349,1,1,-0.775174403817313,1,0
2575,0.771995118971858,4.90330511042982,2,1,-1.17852331160523,1,0
2576,0.0575585658631263,3.29480471339843,2,0,0.542037771982205,0,1
2577,0.133236091351137,1.73185504494521,1,0,0.916507777630754,0,1
2578,1.02583404257894,1.31843731040578,1,1,-1.40561949828422,1,0
2579,0.17618706508074,1.46629006133755,1,1,0.104126046629873,1,1
2580,0.0212011183612049,1.12631265694896,0,0,1.17186646099597,0,1
2581,0.0986426795134321,0.803914150397193,2,1,1.30059036195868,1,1
2582,0.0710891241827819,0.113153548470064,1,1,-0.601909087303212,1,0
2583,0.132716900641091,0.697034029593121,2,0,-0.141934660698712,0,0
2584,0.181513636489399,1.79286817707096,1,1,0.455656761611329,1,1
2585,0.156835924286789,0.317795640440757,1,0,-0.761523138856941,0,0
2586,0.106663198093884,2.26083952344288,1,0,0.120164570107427,0,1
2587,0.351797803014051,1.17798301637318,1,1,0.518949135754307,1,1
2588,0.800905288752921,1.63023615329965,1,1,0.162622458060048,1,1
2589,0.0400291205733083,0.717132233930698,2,1,1.5128571839921,1,1
2590,0.20495572093881,0.755149802771125,1,0,1.09161400994944,0,1
2591,0.659186219166477,0.693991692245564,1,0,0.2803974004396,0,1
2592,2.36425051829758,3.45903054253671,2,0,-0.2060970360223,0,0
2593,0.351783196965698,1.2398572834322,1,1,0.355183495235186,1,1
2594,0.352154695719946,0.428646439686418,0,1,0.680301763861691,1,1
2595,0.360731152759399,0.802330189062991,2,1,0.547598272256559,1,1
2596,0.820763299915004,6,0,0,-1.10302469609775,0,0
2597,0.0612004851065597,0.596508131773281,2,0,1.36532657780884,0,1
2598,0.172891456168145,0.699547683796975,2,0,1.12112259466013,0,1
2599,0.38747371698264,0.623972910942505,1,0,0.143434850290219,0,1
2600,0.178681362012867,1.7408890437551,1,0,0.315509785269668,0,1
2601,1.01369109097868,1.92105892482667,2,0,-1.23112989541864,0,0
2602,0.820323040708899,0.856534277460519,1,0,-1.03648426674261,0,0
2603,0.154285854640337,0.465421692442641,1,1,-0.869603874706582,1,0
2604,0.285101235871157,0.604563175436026,2,1,-0.000471828743507545,1,0
2605,0.204188295762055,1.84612724754263,1,1,0.507658640957797,1,1
2606,2.11698052336339,2.69470065832138,0,0,-1.03461709442152,0,0
2607,0.529204006306827,0.535990214859151,1,1,-1.02727180831541,1,0
2608,0.0292247082793113,0.654022444426968,2,0,0.654370923476794,0,1
2609,0.0850285234628245,1.65215600082068,1,1,0.143713636458095,1,1
2610,0.733347113104265,0.806335165042893,2,0,0.119281209888443,0,1
2611,2.00472519165816,2.15690770315136,2,0,-0.464171736733472,0,0
2612,0.193465305492282,2.04713823733581,1,0,-0.449914926477664,0,0
2613,0.273722514684778,0.582579387873851,2,0,0.637293374638395,0,1
2614,0.593101468958713,1.50039971517332,1,0,0.347671684249504,0,1
2615,0.126649989688303,0.431008534505963,0,0,0.29595829210725,0,1
2616,1.31298179381101,1.68114181186515,1,0,0.0532602028204991,0,1
2617,0.343061289053464,4.19626361834789,1,1,0.930582007632501,1,1
2618,0.134936253307387,0.637827605629961,0,1,1.7169819970426,1,1
2619,0.158419415354729,0.445386606896558,1,0,-1.03699088404807,0,0
2620,1.5866339522505,1.70863784476284,1,1,-1.3132897581834,1,0
2621,0.223895126022398,0.723758238729915,1,0,-1.214114549559,0,0
2622,0.0138807641342282,0.366422781800549,1,0,-0.0515184051061633,0,0
2623,0.154063977301121,3.38132943678576,2,0,-0.368846908146591,0,0
2624,0.0485638407990336,0.268204782581339,1,1,-1.509203467939,1,0
2625,0.0135624033282511,2.20373612716366,1,0,0.638775407869344,0,1
2626,3.61271904019599,4.55849548973262,2,0,-2.09539868791211,0,0
2627,0.576793723739684,1.05089616264795,1,0,-0.784596050073893,0,0
2628,1.36269834466784,2.09844155292517,2,0,0.378427830093827,0,1
2629,1.06456282921135,1.95832712818154,1,1,-0.673324425016203,1,0
2630,0.280904814135283,0.796174242642907,1,0,0.917644455608812,0,1
2631,1.02985564614052,2.2748192489201,1,0,0.0984005117173617,0,1
2632,1.21967297233641,6,0,0,-0.694591314174377,0,0
2633,0.1785136340186,1.16551645426046,1,0,-1.32580778816433,0,0
2634,0.458357220605768,0.878793546455592,2,0,0.218640227270764,0,1
2635,0.584638453993768,0.813181688358303,1,1,0.0466791175279876,1,1
2636,0.399784316250589,1.28522019336395,1,1,0.848445032241865,1,1
2637,0.903043552563792,1.0438402374584,2,0,1.49449713896051,0,1
2638,0.15782837610459,1.16403230689591,1,1,0.917422222893443,1,1
2639,0.395413486286998,1.08705633957406,1,0,-0.406683226956609,0,0
2640,0.385031660087407,1.23632144096059,1,1,-0.3978615200559,1,0
2641,1.55437943330946,2.46486425812423,1,0,-0.182694341123061,0,0
2642,0.302614981192164,1.22646992564193,2,1,0.556478483471222,1,1
2643,0.057736462331377,1.76601142034644,1,1,0.239299294528375,1,1
2644,0.226577187888324,2.30734789856589,1,1,-0.0619124434367198,1,0
2645,0.159402785822749,0.80917205859415,1,1,-0.608223178337763,1,0
2646,1.11805746743403,3.39045579050013,2,1,-0.542875018605329,1,0
2647,0.308762286149431,1.16806114210842,2,1,1.00730279782304,1,1
2648,1.25849690748715,1.73325909038455,2,0,1.26229154837634,0,1
2649,0.749652472414829,0.809509824853544,2,0,0.0711574010879137,0,1
2650,0.645179469828352,1.5881476529762,0,0,-0.751509213272956,0,0
2651,0.468206494115293,0.608338861948961,2,0,-1.00143357166515,0,0
2652,0.0785518009215593,1.12143218676236,1,0,-2.19231781123404,0,0
2653,1.01141757331789,3.11697409651654,1,1,-1.13127102369091,1,0
2654,0.312729201279581,2.33054921195281,2,0,-0.426852160241652,0,0
2655,0.119730097205751,0.427053089401274,1,1,-0.340259884175701,1,0
2656,0.209835283458233,1.06048876177733,2,1,-0.260464070676106,1,0
2657,1.69878712234078,2.70851746123596,1,0,-0.893591198546663,0,0
2658,0.0531979938386939,1.69464741212626,0,0,0.196236888885945,0,1
2659,0.526266628267996,0.856783127003033,2,0,2.57337787197143,0,1
2660,0.0660959882631645,1.32956304467707,2,0,-0.420055896851794,0,0
2661,0.764567548150018,0.814830042042126,0,0,0.477327768094704,0,1
2662,0.499419881827773,0.527925019239667,2,0,1.39964741793127,0,1
2663,0.195739094401695,0.602347517088178,2,1,1.54583514287559,1,1
2664,1.07504337839782,1.12168815119747,1,0,-0.0706429926500779,0,0
2665,1.49285107567814,3.498456661279,0,0,-0.863268498742714,0,0
2666,0.548902489218682,0.861366570343737,1,1,0.208518207097778,1,1
2667,0.770727224345191,0.814025329125946,2,0,0.449921236548002,0,1
2668,0.473303884557111,1.25678520960112,0,1,0.435638456836601,1,1
2669,0.162905043980572,0.534288051308332,1,0,0.640527890874253,0,1
2670,0.662262621221438,1.62226400652996,2,1,1.17626029263529,1,1
2671,0.020776462121772,1.28798351744105,1,1,0.526446968336274,1,1
2672,0.735313827145666,0.783141968678022,2,0,0.0157247107096158,0,1
2673,0.222368576505687,0.4344801207632,2,0,0.975341942104999,0,1
2674,0.161667531938292,0.287502764306013,2,0,1.43673094813118,0,1
2675,0.524839656401247,1.06523348559327,1,1,0.73760517847026,1,1
2676,0.503278875905033,3.06579959420689,2,0,1.07047068314451,0,1
2677,0.417666890134569,0.587751092844976,1,0,0.480663303953124,0,1
2678,0.288305679860059,0.951451487980332,2,1,1.39062513133792,1,1
2679,3.29346281222493,3.64959094659893,2,0,-0.552929398209323,0,0
2680,0.322279909451026,0.388232364008824,0,1,0.185008423066282,1,1
2681,0.161236825904266,1.14649816509649,1,1,-0.209828404523747,1,0
2682,0.104452857187305,0.600713285233143,1,1,0.813968027373928,1,1
2683,0.771217015545637,1.04546930404099,2,1,0.431669339314465,1,1
2684,0.0101510481990265,1.35841282564132,2,0,0.486289843101209,0,1
2685,0.190143717452884,0.876164990488957,1,1,-0.459846589755006,1,0
2686,0.348604894243181,1.22859768221748,2,0,-1.15533742980718,0,0
2687,0.0183629272505641,0.577387621512233,1,1,-1.28291712613181,1,0
2688,0.104889155481942,0.6320334087045,2,0,0.40938127859217,0,1
2689,0.141543772271315,0.29159948849476,1,0,-0.494701088198439,0,0
2690,0.113277353499445,0.641099559143186,0,0,0.894147559378357,0,1
2691,0.0654474245384336,0.735303182871197,1,0,-1.66293466831499,0,0
2692,0.291110821708571,1.0387867529074,2,0,0.694118785431223,0,1
2693,0.69271642421075,2.1466708582931,1,0,0.761602948019601,0,1
2694,0.417231877509039,1.47447499490135,2,0,0.438508984162501,0,1
2695,0.157574322473776,0.437363581731915,0,0,0.091887264342545,0,1
2696,0.0400367028666871,0.176561214016623,2,1,1.97129098695592,1,1
2697,0.446530343964696,0.902109024251811,1,0,-1.50076156859094,0,0
2698,3.04002762569075,4.42697919600327,2,0,-1.90849829539352,0,0
2699,0.0606006259054698,0.395155271252414,2,1,2.50379898891188,1,1
2700,1.80551896933178,2.14390534197578,2,0,-0.579146352219636,0,0
2701,0.313832694664598,1.08447625341261,1,1,0.24676960470799,1,1
2702,0.118960739346221,0.518308267732608,2,1,2.21487966030603,1,1
2703,0.671056541158436,1.41096642240882,0,0,0.490487728330427,0,1
2704,0.101037310320505,0.322265475217837,2,0,0.85744441701556,0,1
2705,3.56831329299097,4.05607351735861,2,0,-1.0894571130669,0,0
2706,0.228071137389634,1.08980179455982,2,1,0.57309049177902,1,1
2707,0.608393820438683,1.78304303790832,2,1,-1.10324245527241,1,0
2708,0.121148464337615,0.937428478534048,2,1,-0.384236259192746,1,0
2709,0.199042537133209,0.430723152614257,2,1,1.33326946515943,1,1
2710,0.000274980277811716,1.76007303619475,1,0,-0.562452606025327,0,0
2711,0.00326877272132952,0.573550405420974,1,1,-0.807670783623155,1,0
2712,0.187689338810742,0.200133700579763,2,0,-0.456440454755216,0,0
2713,0.590582933786687,1.83468779572573,2,0,-1.2660191615906,0,0
2714,0.25167616084218,0.316962070517409,1,0,-1.4842962911884,0,0
2715,0.0255438149906695,0.304352377389058,2,1,0.271364063412203,1,1
2716,0.281393618206494,0.594342516002635,1,1,0.12527783266885,1,1
2717,0.359313332475722,4.78570731728786,2,0,-1.81814147914047,0,0
2718,0.123542972981311,0.287812726007892,1,1,1.72034658703858,1,1
2719,2.01849287872025,2.83581418654968,0,0,-1.51149184328789,0,0
2720,0.131255615269765,1.58712081616761,2,1,1.07184024327762,1,1
2721,0.00234071926650477,0.260783741561781,2,1,0.720238983910706,1,1
2722,0.0145972144673578,0.106608426819245,0,1,0.355027433090881,1,1
2723,0.00601300821025608,2.38777662347555,2,0,0.0792651418771767,0,1
2724,0.279836376139428,2.53077363597791,1,0,0.557124810796598,0,1
2725,0.200343746429283,0.358253518704144,2,0,1.46730485281792,0,1
2726,0.89445640793407,1.25710167819696,2,0,0.445566948692823,0,1
2727,0.180737205955666,0.560081183227141,2,0,0.624747561025549,0,1
2728,0.134700481139589,3.71068580302379,1,0,0.169001010880991,0,1
2729,0.168144651979674,0.848541711716689,1,1,0.669665802693831,1,1
2730,3.33071758074309,3.9680725770692,0,1,-2.47346282680074,1,0
2731,0.342497224046383,0.46585191351672,0,0,0.540039467342522,0,1
2732,0.147239429302928,2.14446004173984,1,1,0.257462048265373,1,1
2733,0.010231016528415,0.350922718546249,0,0,1.13511951426897,0,1
2734,0.182802109047771,0.410210992941859,2,1,2.380443666668,1,1
2735,0.472735471903785,0.915087700278665,1,0,-1.6809559255833,0,0
2736,0.0019044813234359,0.109293117630422,2,0,1.0470642390305,0,1
2737,0.878005666838601,0.956384254741034,2,1,1.56953833355914,1,1
2738,1.95641579098048,5.82266074059235,2,0,-0.549740359649441,0,0
2739,0.0190721120452508,0.182680969497424,1,1,1.14462925758942,1,1
2740,0.00565882568480447,0.399288403072502,2,0,1.17594175291303,0,1
2741,0.105198120290879,0.790320235347821,2,0,1.798492621083,0,1
2742,0.960349962062776,1.51786328757794,2,0,0.898141273078647,0,1
2743,0.462457167424083,0.962368754523381,1,0,1.27488330219462,0,1
2744,0.220666693987025,0.323013189484985,2,1,0.0243736477024149,1,1
2745,0.0789353542973147,2.40916067286564,2,0,0.0701854706574398,0,1
2746,0.214669854030944,0.88921058018575,2,1,0.621524169165889,1,1
2747,0.390427255092275,1.00144121398784,0,0,-1.41738172057517,0,0
2748,0.326243866672791,0.614912780397305,1,1,-1.63856259810304,1,0
2749,0.146607013593893,1.84062993921301,1,0,0.65763054690833,0,1
2750,0.070218130590497,0.111669347132363,1,1,-1.26138341985488,1,0
2751,0.13490673790584,0.653894271445172,1,1,-2.01904437475826,1,0
2752,0.181384172969795,0.447704593340556,0,0,0.0240954429586747,0,1
2753,0.509641118672992,0.805640879172395,2,0,0.547944408441899,0,1
2754,0.175487590604462,0.662623380112024,1,1,0.763085042484423,1,1
2755,0.251347471494228,0.786388505300162,1,0,0.337437195989057,0,1
2756,0.851212093606591,5.13736076624998,0,0,-0.451390294281988,0,0
2757,0.133572354097851,0.898620339927991,2,1,0.111517564102899,1,1
2758,0.125676871102769,2.00296401351178,2,1,0.540739902305365,1,1
2759,0.901274170726538,1.1367628137615,1,0,-0.485640865410459,0,0
2760,0.206126912465966,1.52847748277567,1,0,0.335561261992225,0,1
2761,0.169722612015903,0.178373296134085,2,1,-0.00863588940351322,1,0
2762,0.744984287335868,1.76790980829233,2,0,1.57112891481181,0,1
2763,0.902633315883577,2.8470977428685,1,0,-2.503647251916,0,0
2764,0.0859765594059197,1.36164829872618,1,1,-0.330721504177391,1,0
2765,0.00329927977873012,5.21980342555841,2,1,0.0359043077681708,1,1
2766,0.407708470593207,0.931613498056928,0,1,0.0381137529531746,1,1
2767,1.88484440735521,2.58827138086709,1,1,-0.171010041574789,1,0
2768,0.315855936496519,0.403137397582717,2,1,1.37958452183242,1,1
2769,0.0307051903442192,0.473816066498379,1,0,0.254311242059978,0,1
2770,0.89857096894981,0.902742939006423,0,0,0.568546172344473,0,1
2771,0.106179247089951,0.842795025716925,2,0,0.248231639756653,0,1
2772,0.247544295154512,0.76468058473346,1,1,-0.407595854899796,1,0
2773,0.0945519519154914,0.172749629235954,2,1,0.0788820091093133,1,1
2774,0.659650423887007,1.09129380016595,2,0,0.726324870178128,0,1
2775,0.248418298142496,0.73518984640638,0,0,1.00633553914585,0,1
2776,2.15579868135524,3.5705267414147,2,0,-0.318386252857353,0,0
2777,1.03142697940917,1.23130046428294,1,1,1.9559258546746,1,1
2778,0.103815442125779,0.299365784352024,0,0,0.541209040349197,0,1
2779,0.043185334361624,1.07782997549424,2,0,0.914877754276089,0,1
2780,0.331804693326239,0.36743187177511,1,1,-0.725320668817752,1,0
2781,0.00696932055881127,1.47786451386621,1,1,0.315549113981272,1,1
2782,0.651682555675507,1.4150109492748,1,1,-0.75599332683129,1,0
2783,0.112385480726844,1.62941520984293,2,1,0.877204677082078,1,1
2784,0.0576685990348596,0.160228990652121,1,1,-0.488633279214489,1,0
2785,0.92965953405747,1.13073778607992,2,1,0.467278495553728,1,1
2786,1.18931838963181,2.98153442403896,2,1,-0.102803209281333,1,0
2787,1.38959349124672,2.27634943965543,0,0,-0.746163847600396,0,0
2788,0.623594163890749,2.71363152927355,2,0,0.791830272759593,0,1
2789,0.723591084341363,2.88461666341238,1,1,-0.230036381687218,1,0
2790,0.0935830667731352,2.10550258864409,1,0,0.354966785009051,0,1
2791,1.07507027547206,1.51930790139561,2,1,-0.970187201190742,1,0
2792,0.388495192455593,0.759534450616084,1,0,0.335019199602322,0,1
2793,0.836680114269257,5.19121372010077,2,0,-0.658404179989596,0,0
2794,1.92444061293247,6,0,0,-0.16766871978101,0,0
2795,0.368473456474021,0.854233523222003,1,0,1.28512623945827,0,1
2796,0.360314249992371,1.67459906078875,0,0,0.400540955937504,0,1
2797,0.435717367567122,3.73995939493282,2,0,-0.237760063766145,0,0
2798,0.203772075474262,0.637544345262028,1,0,-0.0480463714632966,0,0
2799,1.10350593337195,5.20352875695156,2,0,1.01739653023895,0,1
2800,0.646822290119536,1.11644260680391,1,1,0.0798998151149775,1,1
2801,0.0314041553065181,0.743204196998134,1,1,1.68258958221395,1,1
2802,0.78046034145803,1.30685440855551,1,0,0.00669472546474375,0,1
2803,0.105729252755955,0.388262701326362,2,0,0.441695985797981,0,1
2804,0.316332468646578,1.59764409171789,1,0,1.77592794103545,0,1
2805,0.378485658729915,2.07277939770881,1,0,1.46536771005541,0,1
2806,0.40166060810227,0.670008908989881,1,1,-0.303637452904696,1,0
2807,0.522544075475827,0.59853462981761,2,0,0.590390765019327,0,1
2808,0.396991368528026,1.88766391517398,2,0,-0.574962519870556,0,0
2809,0.512468789704144,0.60542668165304,1,1,-0.830989772115409,1,0
2810,0.406165522581432,0.686762690251549,2,1,0.504382524468957,1,1
2811,0.504443234211792,2.79330465982379,1,0,-0.465233339577813,0,0
2812,0.0708982782089151,0.666722337990318,2,1,0.631894254797218,1,1
2813,0.340310943211779,2.69454763223476,1,1,1.44446177177814,1,1
2814,0.826778139919043,1.22664097593358,2,0,-1.0699124104492,0,0
2815,0.916328709878141,1.35158542084707,1,1,0.272223640379146,1,1
2816,0.61550740711391,1.28404953079325,1,1,-0.114642136084524,1,0
2817,0.827788908034563,2.40591581329825,2,1,-0.344314008124778,1,0
2818,0.81625340692699,1.90912678752207,1,1,-2.25665665521612,1,0
2819,1.02700890507549,6,0,0,-1.47837995106263,0,0
2820,0.6079065315773,2.91639071808958,2,1,0.845499599941382,1,1
2821,0.00732427342256469,0.778630714453641,1,0,0.231112165491635,0,1
2822,0.428818297514226,0.4661251470529,2,1,2.33800987923664,1,1
2823,0.0285451673096791,0.0544243930360476,2,1,-0.469896861049289,1,0
2824,0.0808113679968609,0.713509645243177,2,0,1.68766665285211,0,1
2825,0.0897995711420663,0.65263828530644,0,1,0.222260872230349,1,1
2826,0.0494694765712785,2.04163531434792,2,0,0.00926861095663074,0,1
2827,0.659610353410244,1.07258981554694,0,0,-0.314438439603738,0,0
2828,0.642338170360859,1.37837003654263,2,0,0.234929082118214,0,1
2829,0.490981019352767,3.57898353599012,0,1,0.360151205872108,1,1
2830,0.416031982749701,1.49593756334796,2,0,0.637783216684856,0,1
2831,0.660874413998619,4.17527211404396,2,0,0.619632352597788,0,1
2832,0.137410541938152,1.87649432006692,1,1,0.93509664297413,1,1
2833,0.477958185598254,0.493637711953775,1,1,-0.692275793277035,1,0
2834,0.895282080591244,3.76265201956676,2,0,0.424403389284588,0,1
2835,0.478029534657709,1.37421131123059,2,0,0.311331471899145,0,1
2836,0.102023093853356,0.556592219406075,2,1,1.66905564915984,1,1
2837,0.722009937136255,0.738678791375542,1,0,0.394948773584287,0,1
2838,0.745592153372064,1.6210904420281,2,0,0.363442948582881,0,1
2839,0.037041778180012,0.27613815617447,1,1,-0.96407888653065,1,0
2840,0.391622543007573,0.418491798105535,1,0,-0.114021298491119,0,0
2841,0.176478104826184,0.289306456497428,2,0,0.54202946528406,0,1
2842,2.27507392336426,3.53056039017436,1,1,-0.667583998451385,1,0
2843,0.0209573222673498,0.0787081432192901,1,1,0.686822329999589,1,1
2844,0.273755136295222,0.504348135748217,1,0,1.35714283525957,0,1
2845,0.613705919124186,0.784791985701337,1,0,-0.165011082133624,0,0
2846,0.909063316367824,5.50651612353134,0,0,-0.909647864995387,0,0
2847,1.20899627078325,1.91568628188024,2,0,-0.334043555172017,0,0
2848,0.0438328659819931,0.470016369258855,1,1,1.07502187494812,1,1
2849,0.406049372395501,2.19848533069567,0,0,0.994758511901352,0,1
2850,0.874214919083552,2.13706049757699,0,0,0.659943271387704,0,1
2851,0.299081287230365,1.11069104471586,1,1,0.929144073196201,1,1
2852,0.301483209186699,0.354610860303486,2,1,1.70062754197156,1,1
2853,0.243861553899478,5.22922526254984,1,0,1.40902358293853,0,1
2854,0.503791961818933,1.42474803662964,1,0,-0.742596849613106,0,0
2855,0.627957786174312,0.814207344655328,1,1,1.02266230562969,1,1
2856,0.171816266141832,0.935931664388422,1,1,-1.19273394394295,1,0
2857,0.120726521709003,1.82482391906281,0,1,0.910868559974592,1,1
2858,0.904334372401095,1.72007117631914,2,1,-0.65195787477732,1,0
2859,0.93913896754384,5.16449026216283,2,0,-0.18242049321735,0,0
2860,0.55986597109586,3.00213061466889,1,0,-0.0670151939052468,0,0
2861,0.355001766708372,1.35617366237374,2,0,0.58476017713537,0,1
2862,0.146677196418472,0.390095447036719,2,1,2.41134323899575,1,1
2863,0.670098973761134,0.718667240701794,1,1,0.19854033066878,1,1
2864,0.129043723456562,0.760750029979033,1,0,-1.89653720201307,0,0
2865,0.1201440859586,0.839739821533535,2,0,-0.208975736649206,0,0
2866,0.48464757297188,1.79808256248596,1,1,-0.719453374246174,1,0
2867,0.0625979274627753,0.106358370454709,1,0,0.135104960067579,0,1
2868,0.000771615887060761,2.48772226496662,2,0,0.515264708411671,0,1
2869,0.241779570933431,0.924458069105943,0,0,1.79077957218616,0,1
2870,0.478793029583367,0.574643450912916,2,1,0.621181717122176,1,1
2871,0.784881331026554,2.95115986621831,1,1,-1.26172115489434,1,0
2872,0.0204059136303004,1.08534859076808,2,1,0.502801949680777,1,1
2873,0.241176403069403,0.885022010112161,2,1,1.03781094150484,1,1
2874,0.0109234494075392,0.620989619096243,2,1,0.52431469990174,1,1
2875,0.36940031364793,0.66284593893807,2,0,1.25883931060807,0,1
2876,0.514446598800652,0.94918080333201,1,1,0.315067558153192,1,1
2877,1.47527258486061,1.8788677547127,0,0,0.328011167363218,0,1
2878,0.00240015850194991,0.603424384405662,1,1,1.67996976193641,1,1
2879,0.194467291008428,3.99623657887181,0,0,-0.495206147934622,0,0
2880,0.157182849432377,0.720327642533348,1,0,-0.668970997520249,0,0
2881,0.939882817858473,3.01343816765875,2,0,0.588720863650981,0,1
2882,0.0264764137682505,0.110684943695863,0,0,0.33913182067401,0,1
2883,0.828147538006306,0.828382265188853,0,0,-0.0817540457056613,0,0
2884,0.0901993159204721,0.109271569503909,1,1,-2.00912029828395,1,0
2885,0.645718956339926,1.47408853814145,1,1,1.87998486169562,1,1
2886,1.13828485738486,2.0053913226972,0,1,-0.522906628758991,1,0
2887,0.461818924173713,4.487452491497,0,1,-0.981890192359567,1,0
2888,1.08251393586397,3.3918912670322,1,0,-0.974539826731243,0,0
2889,0.21838220990109,5.38468461715807,1,1,-1.06327266064997,1,0
2890,0.180317320253956,2.6988028189101,1,1,1.62827482471149,1,1
2891,1.24706321582198,6,0,0,-0.116658903509114,0,0
2892,0.207527667225804,2.17358033541504,1,1,0.204368439055309,1,1
2893,0.0344415655126795,0.694988896251689,2,0,1.3889177031696,0,1
2894,0.164407425618265,0.562083726933038,2,0,0.548325059674807,0,1
2895,0.50517461725679,0.677401557744374,1,0,0.222979192236167,0,1
2896,0.116980936378241,0.893187724435899,1,0,-1.36224194982371,0,0
2897,0.0683617431316263,1.09288214219847,1,1,1.28759810518424,1,1
2898,0.257454015536394,5.25851815156006,2,0,1.14288227787423,0,1
2899,0.477352249257821,0.831007817598739,2,1,0.902956326178307,1,1
2900,0.137417791218865,0.469693203146259,0,0,0.869893267083128,0,1
2901,0.271560611436144,1.81813560985095,1,0,0.714003494865053,0,1
2902,0.275898599757037,1.73952326488992,0,1,-0.931116453542207,1,0
2903,0.280440201196629,1.04811922837259,1,1,0.837580516912311,1,1
2904,0.0176573135806342,1.27010614669249,2,0,1.84825820126144,0,1
2905,0.174223556241486,6,0,0,0.479453885360513,0,1
2906,0.0901598858763464,0.545952595867539,0,0,0.161690354347623,0,1
2907,0.0303739649404317,1.14412639062834,1,1,1.06865722512104,1,1
2908,0.0441274598720334,1.39715328864434,1,1,-1.10691185556516,1,0
2909,0.109369719575625,1.12792502702201,2,1,0.595904962294459,1,1
2910,0.422615955467336,0.919484576185933,2,1,1.27967621576477,1,1
2911,0.205129999277003,5.09351029684251,2,1,-0.627760248083369,1,0
2912,0.293479177344125,2.41132182827431,1,0,0.0770085762702256,0,1
2913,1.08957687206566,4.81418915064939,0,1,-0.0510418696922255,1,0
2914,0.165659363299351,1.99239841060332,2,0,0.30969634228366,0,1
2915,0.65881969180654,2.53433468254505,1,1,2.9901564552586,1,1
2916,0.964236262254417,1.46257160507583,1,1,-0.121916896138016,1,0
2917,0.316058836469892,0.437227775264297,2,1,0.39270504521384,1,1
2918,0.100063910358585,1.40155411160481,2,0,0.174432780750011,0,1
2919,0.192455614562743,0.458622542742983,2,0,1.34686857074289,0,1
2920,0.397434381884523,1.45395642492695,1,1,0.45898044981535,1,1
2921,0.378989698682108,0.526979411851727,2,1,0.116446030174901,1,1
2922,0.388455738560533,0.412453110952724,1,0,0.803423106339603,0,1
2923,0.719725947102353,0.869862195066783,1,0,0.433860165677602,0,1
2924,1.21667525958607,1.74337607918651,1,1,2.1005899742055,1,1
2925,0.116537297144532,0.970253314202031,0,1,0.812530915579346,1,1
2926,0.132742688292637,1.1078040972367,1,0,0.648570099770064,0,1
2927,0.0369878391980875,0.554831390970723,1,1,0.481825490947256,1,1
2928,1.23209457937628,1.67470174664642,1,0,-0.418613917862054,0,0
2929,0.273764468729496,1.44366086291031,2,1,1.72334070404462,1,1
2930,0.79820690732152,1.17065045672158,0,0,0.637670540636951,0,1
2931,0.523084419850455,2.26378289932613,1,1,0.638109434427266,1,1
2932,0.233681940590031,1.9825333016705,2,0,1.85273087162627,0,1
2933,1.27169889491051,1.3260333506197,2,1,-0.233466576720055,1,0
2934,0.264897826186937,0.36979575454417,2,1,1.13757207181757,1,1
2935,0.488822248854496,0.637033635968446,1,0,0.124036575463779,0,1
2936,0.196838881529402,0.628165798261762,0,0,1.11577872039795,0,1
2937,0.929221243079394,2.65235075642691,2,1,0.568255342426249,1,1
2938,0.177851744228974,0.217705644692926,1,0,1.80375469560514,0,1
2939,0.549208401285262,0.776214526617544,2,1,0.861656689441998,1,1
2940,0.585631584591274,1.51197710819777,1,1,0.0632164149645436,1,1
2941,0.284055761992931,1.39085962535584,1,0,-1.79727729165168,0,0
2942,0.719026930720367,0.741546907914662,1,1,1.13722651479528,1,1
2943,0.106742877072006,1.06163427799137,2,0,0.0152999087255138,0,1
2944,0.0214823028072715,1.76612195078408,1,1,-0.893824925264527,1,0
2945,0.726750566365019,1.50119681289172,0,0,0.315362137610819,0,1
2946,0.427186315064318,1.19545988771521,2,1,0.412559577967886,1,1
2947,1.14357179840432,2.24511321024049,2,1,0.309736385908089,1,1
2948,1.429813209571,2.5084284072121,0,1,-1.48727720694867,1,0
2949,0.563974438783372,0.880621081775779,1,1,0.113218498566508,1,1
2950,0.107019904069602,0.581048109368486,1,1,-0.374731538646979,1,0
2951,0.213634994851122,0.493241695527179,2,0,0.886046753743994,0,1
2952,1.17377038690598,1.34141459064528,1,0,1.21670202174643,0,1
2953,0.185101862027799,0.520080555650999,1,1,-1.71778839484369,1,0
2954,0.170330990222283,1.48378203413994,2,0,1.75772921386618,0,1
2955,0.697730315267179,3.95511481190826,2,0,-0.664280995420507,0,0
2956,0.159048120258376,0.691731143903501,1,1,0.895786005495515,1,1
2957,0.15268581378226,1.33306988844674,1,0,-0.51893629581164,0,0
2958,0.174083457350264,1.21616601378478,2,1,1.17530607106501,1,1
2959,0.582355796359479,2.30804312353333,0,1,-0.59145067859492,1,0
2960,1.72419225043597,1.82960539643712,2,0,-0.200247072265945,0,0
2961,0.117852162802592,0.632213809741093,1,0,0.496359502588304,0,1
2962,0.0600982400584656,0.516516142674319,2,1,0.662463249100262,1,1
2963,0.0917335572830869,3.10584317800049,2,0,0.222123036612882,0,1
2964,0.369814536621894,1.95834369365868,1,1,0.0373837500715467,1,1
2965,0.454677250823178,0.640541991962829,2,0,1.38665233247606,0,1
2966,0.126087894941924,0.696193156609793,1,1,1.3360435400741,1,1
2967,0.451003574972794,1.05810498197873,0,1,0.0465053624879137,1,1
2968,0.308176559747337,0.676997526252583,1,1,0.844560530742603,1,1
2969,0.937523197904477,2.58759355545416,2,0,1.55673609039377,0,1
2970,0.139210777115744,1.05745261820738,0,0,0.143309434610353,0,1
2971,0.28751062520314,0.552556752714429,2,1,0.208269657826419,1,1
2972,0.863976924421087,2.11657882337146,2,0,0.172387776287956,0,1
2973,0.100063707751891,1.06046740894637,1,1,-1.81982750302439,1,0
2974,0.203434872091748,0.212892205758681,1,1,0.343034857751378,1,1
2975,0.0652941799489781,1.06649414412364,1,1,0.817920791616405,1,1
2976,0.00337008072553839,2.01549467608655,1,1,1.23814530836284,1,1
2977,1.31559687309472,1.79644942728422,2,1,0.188861962396185,1,1
2978,0.166997626456974,0.282751057684534,1,0,0.749984926396383,0,1
2979,0.339869505551178,1.51129032175767,1,0,0.680384224512529,0,1
2980,1.20510272588581,6,0,0,-1.08898794571734,0,0
2981,0.65290394468756,0.91664052085797,2,0,-0.860577867023921,0,0
2982,0.807195738889277,2.13613751654824,0,0,-0.198347611989862,0,0
2983,1.01789891999215,1.07204265990247,1,0,-0.993454476358421,0,0
2984,0.5795950890489,1.57237774295615,1,0,0.291981957422847,0,1
2985,0.332143601961434,0.805250930129044,1,0,-0.306931772804558,0,0
2986,0.419468139880337,0.690006402543423,1,1,0.927953290482624,1,1
2987,0.0207971906638704,0.163173605011053,2,0,0.870919809942968,0,1
2988,0.164399007335305,0.271157740338206,1,1,-0.87559110851194,1,0
2989,0.859275568276644,1.32165498053919,2,0,-0.149751345034496,0,0
2990,0.710736242445938,2.68102933716243,1,0,1.13533558581762,0,1
2991,0.264784656465054,0.335603482001218,1,0,-0.613132692710611,0,0
2992,0.114963553205598,0.440500547899108,2,0,0.663738843093403,0,1
2993,0.0275111827068031,0.159483818537024,0,0,0.879812593601614,0,1
2994,0.196113240672275,0.550643787645306,2,1,1.33846839363935,1,1
2995,0.809047106860027,3.80850347005533,2,0,0.514228734587175,0,1
2996,0.465756528984577,0.727452574016277,0,1,0.186523735107687,1,1
2997,0.0140087329782546,0.062526906796482,1,1,0.148222777324769,1,1
2998,0.566314703875043,1.77616551958296,1,0,0.45587384577918,0,1
2999,0.0633088403264992,0.350533373829593,1,1,0.194771220144521,1,1
3000,0.00191929371794686,0.160796981190899,2,0,1.88556984011772,0,1
