"id","L","X","status","z1","z2","cgroup","tgroup"
1,0.068996446498204,0.2674970540106,2,1,0.748013336371556,1,1
2,0.218518625714204,0.43746661430225,2,0,0.675775357140072,0,1
3,0.0950964563358886,1.13674426862941,2,1,0.263297719756868,1,1
4,0.859415681307957,1.40744306293922,1,1,0.117835506077342,1,1
5,0.144723066393654,0.256968775014713,2,1,2.31848234725226,1,1
6,0.124640421941876,0.739257783486587,2,0,-0.527155029029228,0,0
7,0.196201789192855,0.763329610504045,2,1,-0.722859820085166,1,0
8,0.528035571045537,0.836706229796012,0,1,2.12940058680413,1,1
9,0.863207638004616,1.28798836149336,2,0,0.206378858640126,0,1
10,0.308038893563207,2.75709818969983,2,0,0.896077360725061,0,1
11,0.049320106755445,0.49719984976468,0,0,0.834386519597816,0,1
12,0.252827601507306,0.499949254096426,1,0,-0.091496851067126,0,0
13,0.853676148081951,2.37109526712456,2,0,0.309058662169338,0,1
14,0.207189674547408,1.27030107555194,2,0,0.206736094884199,0,1
15,0.246640747063793,2.48583083718452,2,0,0.275174234873934,0,1
16,0.291868004947901,1.0061400621511,1,1,-0.407048412534552,1,0
17,0.0150176232954224,1.93398393341211,2,0,0.134880314212659,0,1
18,0.700640354559083,1.57008131756368,1,0,-0.740199207505263,0,0
19,0.333938695839606,0.807670371980962,1,1,1.54857787077414,1,1
20,0.328446670609992,0.700545254065694,2,0,0.0930645375410051,0,1
21,0.308866410632618,2.50571571617305,1,1,0.241971838438584,1,1
22,0.0653044846726213,0.0921952623528804,2,1,2.38667715888201,1,1
23,0.563667052397556,0.592962186559672,1,1,-0.678727559198599,1,0
24,0.508806663539082,1.01898474845812,1,0,0.00811383340831082,0,1
25,1.64727899051251,2.89382437558072,2,0,-0.718172414598125,0,0
26,1.05958829261363,2.15673573853459,2,0,-0.607124791850962,0,0
27,0.911713942081211,1.1835981036226,0,0,0.518745105735409,0,1
28,0.128753963571617,0.292247518446838,1,0,-1.38724236672095,0,0
29,0.254486565912286,2.28188195531697,2,0,1.62317932375005,0,1
30,0.770661452024266,1.74621184436017,1,0,1.94173403184583,0,1
31,1.10921667949728,1.55529880453159,0,0,0.547827545230729,0,1
32,1.82476584232392,1.95138587296719,0,0,-0.249179073789685,0,0
33,0.363564911822323,0.379497286592269,2,1,0.603533770830012,1,1
34,2.29962954593061,2.86595589123338,2,0,0.336383365971376,0,1
35,0.365576037205756,0.379578398110052,1,1,-0.652434074011709,1,0
36,0.543234282740671,0.733288719990076,2,1,0.00747310164668418,1,1
37,0.309151520777959,3.09326126550635,0,0,0.544773465326462,0,1
38,0.498634650238144,3.70387631463508,1,0,0.118785664036735,0,1
39,0.522447567671539,0.794095930953821,0,0,1.51924940542859,0,1
40,0.156551236909092,2.40043110935554,1,1,0.849597956819717,1,1
41,1.77726358911934,3.32011842212259,2,0,-0.629689049606874,0,0
42,0.26014170027338,1.56488332764968,2,1,0.455192878446651,1,1
43,0.754515162669122,0.919546429465734,1,1,-1.15259583781675,1,0
44,0.420902988370034,0.567767240966375,2,0,-0.433408647654838,0,0
45,0.238397316075861,0.848341971537961,1,0,-0.219161362087527,0,0
46,0.310027835366782,1.27084896589319,0,0,1.31017481500458,0,1
47,0.0945107609732077,0.147591493037516,2,1,0.553797654720033,1,1
48,0.227889810048509,0.98212329667341,1,0,0.628641146400214,0,1
49,0.0527178833726794,0.661189838708634,1,0,0.959844735979137,0,1
50,0.0232378544751555,0.683122230225888,1,1,0.73508290245288,1,1
51,0.680482595762639,2.13234823807271,2,0,0.664237248679472,0,1
52,0.307459782349242,3.36540807038546,0,0,-0.95792748160547,0,0
53,0.43009441025788,0.85195336061566,1,0,0.250659075199632,0,1
54,0.586431017701335,3.04421100262666,2,0,0.600404196653287,0,1
55,1.027310074953,1.79692909830729,1,1,0.660965512251103,1,1
56,1.04562553111464,1.98916924728182,2,0,-0.618113929732459,0,0
57,0.416451246477664,0.860084172575279,1,0,-0.282242124379299,0,0
58,0.419099950231612,0.591489088818654,2,1,-0.266993121677495,1,0
59,0.251754205673933,1.87128921622254,2,1,-0.442648395498262,1,0
60,0.0226432522758842,0.118677092451699,1,0,-0.651566432555475,0,0
61,0.0680280229425989,2.52701248188605,2,0,1.01007558710089,0,1
62,0.261318975244649,1.16154597555033,0,1,0.436970452556279,1,1
63,1.26356080081314,3.22130409224313,1,0,-0.699442116274511,0,0
64,0.152236535840293,0.30954640152367,2,1,2.15343476946523,1,1
65,1.45305877194314,2.97969161132881,2,0,0.384347675501196,0,1
66,0.0483945431187749,1.03137454821822,2,1,0.278735253762775,1,1
67,0.574327555448789,0.832289438694715,0,1,0.329446949293987,1,1
68,0.0315059325657785,1.63806162464122,0,0,0.948047128852524,0,1
69,0.0134335790081691,1.35235896077234,0,0,-0.777595397904193,0,0
70,0.843401984867461,0.891639491014602,1,0,0.520401947684014,0,1
71,0.298600397591986,3.50099940932904,1,1,0.740036603945598,1,1
72,0.604113560271714,3.40189325588755,1,0,-0.807094189309424,0,0
73,0.0345096713863313,0.504030835168915,2,0,0.87812463167825,0,1
74,0.152605712064542,0.388925710325328,1,0,1.13461166017751,0,1
75,0.541957495734096,1.32132027300308,1,0,-1.48173853097952,0,0
76,0.109355994865493,1.25226038847401,1,0,0.719867958372294,0,1
77,0.0388160664588213,1.72766272947362,2,1,-0.542986441908587,1,0
78,0.720199230127037,0.993506256490946,0,0,-0.486782710933271,0,0
79,0.0954377939787006,2.05382954950134,0,1,0.137610335506649,1,1
80,0.702952588300042,0.754788066970282,2,0,0.245428841626497,0,1
81,0.429466222412884,0.496847347445015,0,0,-0.819994504509264,0,0
82,0.073431279452052,3.04716426640364,1,1,1.07879660600583,1,1
83,0.0595009834068133,0.452539263351631,2,0,0.844451789661652,0,1
84,0.217725285673111,0.555691877147804,2,0,-0.592568653280268,0,0
85,0.2507286317891,0.412376783895409,2,0,1.87826571427164,0,1
86,0.239673067408148,1.12712791496867,2,0,0.899231742781541,0,1
87,0.231805233634077,0.6302069482903,1,0,0.486253963779608,0,1
88,0.35494118738238,1.59435359761119,0,1,0.105080229095987,1,1
89,4.02557764185553,4.40798743007084,0,0,-0.423684501040146,0,0
90,0.533876653618001,1.05778790670684,1,1,0.0598470200497873,1,1
91,0.632602249272168,3.0525804994007,0,1,-0.35599958528189,1,0
92,2.10453125172037,2.16708882242749,2,0,0.227787551501016,0,1
93,0.713591316572212,1.52053387524831,1,1,0.727691592706336,1,1
94,0.106737971073017,0.536900255306191,1,1,0.55387137979511,1,1
95,0.0629198385286145,0.419879499129482,2,0,0.335416636107955,0,1
96,0.835469558343113,0.863537125140913,2,0,1.56042887979626,0,1
97,1.25718047656119,1.6123458696253,2,0,-0.159164809354417,0,0
98,0.628640128299594,0.725777256829815,2,1,-0.700549835854839,1,0
99,0.192559223622084,1.45709954689759,1,1,-0.962925337237457,1,0
100,0.0410175835713744,1.22609960967958,1,1,0.628608373698066,1,1
101,0.138290731236339,1.50661918766035,1,0,-0.84674649469364,0,0
102,1.47783529377523,4.39222206819152,2,0,-0.446856140106058,0,0
103,2.07481770209017,2.92878757701662,2,0,-0.619103958980151,0,0
104,1.16594546818511,1.21264830181111,1,1,0.114847713910635,1,1
105,0.396424956270494,4.77988644529456,2,0,0.907831771271053,0,1
106,0.0425453501520678,0.583802318481457,2,0,0.385404290730124,0,1
107,0.0219856097828597,1.67946291635432,1,1,0.72177202255023,1,1
108,0.591713890294933,0.860922790047791,1,1,0.221479370189485,1,1
109,0.207601717265788,2.02618274234708,2,0,1.22805000779894,0,1
110,0.620531080505903,6,0,0,1.36739209301281,0,1
111,0.0359407649375498,1.51599064331993,1,1,1.48331158892169,1,1
112,0.567564985714853,0.803823408649569,1,0,-1.62416690331965,0,0
113,0.212694684043527,1.89028631225055,0,1,-1.32069726911876,1,0
114,0.671329718735525,1.13171245744594,1,0,-0.809722826079433,0,0
115,0.146546453237534,0.553372659265339,1,1,-0.765880502422539,1,0
116,0.342808761633933,0.553384737595188,1,0,0.796690284912226,0,1
117,0.903097835369408,1.42934847965386,1,0,-0.35084793831902,0,0
118,0.359112887526862,1.21736366287238,2,0,0.47490547812478,0,1
119,0.241970105562359,0.699129513887844,2,0,1.01310503024794,0,1
120,0.201677012664732,1.58611775462894,1,1,0.414659551281093,1,1
121,0.358672255775653,0.470132454156812,1,1,-1.47842611826418,1,0
122,0.321761071390938,1.26595957521264,2,0,1.22823988966494,0,1
123,0.102987063582987,2.20506885742926,2,0,0.259529986435058,0,1
124,1.03273882525378,1.11136434577256,1,1,0.731824739143736,1,1
125,0.123359323084701,0.140718528927224,1,1,-1.57884753983356,1,0
126,0.195733071595896,0.260926202601863,0,1,0.318548055006667,1,1
127,0.0771283844369464,1.12258139688417,1,0,2.01156147144705,0,1
128,0.117386967758648,2.03182052753922,2,0,0.444774250780203,0,1
129,0.356146861799061,0.389861115951672,1,0,-2.23683107114421,0,0
130,4.51371264059968,6,0,0,-1.58174431186203,0,0
131,1.65113167945462,1.86208014232984,1,0,-0.228239271353593,0,0
132,0.240257241763175,0.472706073841425,1,1,-0.39245710100847,1,0
133,0.30425142205786,0.590826927518993,2,1,1.85636892675483,1,1
134,0.145506212487817,1.15924272766483,1,0,-0.367602229473566,0,0
135,0.245539766923833,0.327807088895712,1,1,1.3289920116774,1,1
136,0.399270693887956,0.638484889641404,0,0,0.209762853700337,0,1
137,0.687228273383921,2.99026168862477,2,0,0.679648211819591,0,1
138,0.258687237510458,1.35737342203853,1,0,0.300875593372102,0,1
139,0.0118532669148408,0.0284086638214108,2,0,1.9625321821379,0,1
140,0.189153490818941,0.265558922139873,2,1,1.29238511943292,1,1
141,0.223147011711262,1.15834268119511,2,1,1.30490342706831,1,1
142,0.274453038582578,1.24320058459108,1,1,1.38621874153626,1,1
143,0.139919443055987,0.527476413796345,0,0,-0.0334045074500435,0,0
144,0.578997591664203,1.0708158312835,2,0,-0.141769800318792,0,0
145,1.5309936980808,2.21297722179325,2,0,-1.01867263443165,0,0
146,1.44479350364747,3.68162175950905,0,0,-0.081181431142475,0,0
147,0.0454783820896409,0.638401442362184,2,1,0.594105221614139,1,1
148,0.732778809964657,1.1739476632141,1,0,-1.08426002395408,0,0
149,0.257543131883722,1.65761331156727,0,0,0.550188009082919,0,1
150,0.0608154819929041,0.0748851825311631,1,0,0.510583868817777,0,1
151,0.0832112913485616,1.26758628042058,1,1,0.677989408786807,1,1
152,0.243386926595122,1.50837078144054,1,0,0.385507464722219,0,1
153,0.0598995064501651,0.943514838193854,0,1,0.758701421123345,1,1
154,0.344594714406412,2.80972223669132,1,0,0.158249483043712,0,1
155,1.09609150904568,1.21646628411283,1,0,2.08558442981837,0,1
156,1.02010006364435,1.84881103225052,0,0,-0.522490436931004,0,0
157,0.297388598555699,0.32342703762329,1,0,1.09018600919312,0,1
158,0.997827707271666,1.69478696085551,1,1,1.18247742208454,1,1
159,0.575694300324477,2.6882597273648,2,1,1.06983620198584,1,1
160,0.473383031230515,1.78826996244515,0,1,-0.129554280708422,1,0
161,0.25914413126884,1.33228111352284,1,1,0.809429643303232,1,1
162,0.0316447096825132,0.720802604531248,0,1,0.641373950258862,1,1
163,0.417204336534501,1.68699574035903,0,1,-0.985509277098479,1,0
164,0.320254717633572,0.434367497449468,1,1,-0.37272252976241,1,0
165,1.25501865050161,1.68270273370593,1,1,1.04923599239368,1,1
166,0.113741243840195,0.275045615102661,2,1,1.08738089724669,1,1
167,0.0708033159025945,0.322910622016673,1,1,1.78123048863211,1,1
168,2.82819442757996,5.35735202406987,2,0,-0.72315922117749,0,0
169,0.383760935761663,1.57366804432821,2,0,0.964126648108697,0,1
170,0.384597370575648,0.797180752866777,1,0,0.119986893905385,0,1
171,0.335174443025608,1.23079264465969,1,0,0.485124682842388,0,1
172,0.483971936628222,2.63673707988049,1,0,-0.590374502225737,0,0
173,0.430719821306411,2.22658816588738,2,1,0.733681945340733,1,1
174,0.215911570382208,0.934864528199949,2,0,1.39944458762281,0,1
175,0.152648997764077,3.35357038890136,2,0,1.12003163655891,0,1
176,0.247519525000826,0.967877251689785,1,1,2.00401917036374,1,1
177,0.480225304569163,0.867490745648691,2,1,0.73361335046327,1,1
178,0.274479746818542,1.9317269767179,1,0,-0.418941404671076,0,0
179,0.385797504859511,0.517246506676579,1,0,0.55881168147001,0,1
180,0.148038677460069,0.172663292710275,2,0,1.47516112433403,0,1
181,0.0619299095706083,0.079771330508261,2,1,0.288998539750315,1,1
182,1.15929976012558,1.16186657610039,0,0,-0.954645031645597,0,0
183,0.787917330718421,1.00596203932359,2,0,2.50544304543925,0,1
184,0.175064587034285,0.276816436805466,1,0,-1.06036467633701,0,0
185,0.777788676760912,0.794061378161377,1,1,1.40129796920525,1,1
186,1.0141456716003,2.26762237091627,2,1,-0.125337824909892,1,0
187,0.409400303615257,0.972866806059034,1,0,0.194294333685798,0,1
188,0.295714090578258,0.447044555791466,0,0,-0.322212375496999,0,0
189,0.540742010317564,0.996385187923496,2,1,2.16064681673572,1,1
190,0.411943228391465,0.611421723202337,2,1,0.401648833625341,1,1
191,0.24960180465132,0.262534391755859,0,0,-0.235333048568336,0,0
192,0.281053221551701,0.343129591199303,0,0,0.648380125945671,0,1
193,0.333432087791152,1.48397780390063,1,1,0.00808338980882257,1,1
194,0.0747532254951091,0.889189208286481,2,0,0.649388905385001,0,1
195,0.795622407836764,1.4185681228128,2,0,-0.685744565939445,0,0
196,0.0157521237269975,0.718123604809278,1,1,0.237599822499743,1,1
197,0.667240290902555,0.758129829706089,1,0,-0.209950961879604,0,0
198,1.01246265880764,3.83700600578709,2,0,-0.319856518059805,0,0
199,0.0367039084085263,0.141477538941197,2,0,0.900082534810406,0,1
200,0.139326110365801,1.7738611759243,2,0,0.222308720452572,0,1
201,1.03365740617143,6,0,1,0.00832397707020618,1,1
202,0.819551158320911,0.946800281953803,2,1,0.0755454091814992,1,1
203,0.223709216137732,1.94554349939123,2,1,-0.30855761596155,1,0
204,1.28247676761226,3.1241064877237,2,0,0.139574042785874,0,1
205,0.0348562133246513,0.734520668977216,2,1,1.71868228636342,1,1
206,1.12529017957264,1.78873570308596,2,1,0.321627128528639,1,1
207,0.092050542499019,1.59731373148474,1,1,0.437545260709182,1,1
208,0.199790588580072,0.593187015852375,0,0,-2.172845844795,0,0
209,0.127608146225675,0.418881344611653,1,1,1.12112957803192,1,1
210,0.293520405248273,0.424298838018534,2,1,1.27183349601268,1,1
211,0.152439520070824,3.48474795035043,2,0,0.708615479350925,0,1
212,0.824054225787342,1.90687675890188,2,0,0.543396926854478,0,1
213,0.562574535348822,1.52257392521319,1,0,-0.508043790430208,0,0
214,0.169783350720536,1.92166798576494,2,0,0.967845187098457,0,1
215,0.68368299677968,1.59752750958625,1,0,-1.78350053720288,0,0
216,0.690866303428795,1.52686060566811,1,1,0.304995960426825,1,1
217,0.398037957784254,1.17761105982443,1,0,0.790365548066002,0,1
218,0.39191554998979,1.0410819409551,2,0,0.908341305776282,0,1
219,0.219937006186228,1.18214846554492,2,1,1.27040647604906,1,1
220,0.697003045119345,1.49989977105169,1,1,-0.275555003897003,1,0
221,0.0359922824427485,0.0884512480635152,0,0,-0.689484314956971,0,0
222,0.595704688139285,0.843482060601467,1,0,0.218814299113777,0,1
223,0.161124093694498,0.220640045704329,2,0,0.597607543003432,0,1
224,0.283295044791885,0.427580596049539,2,1,1.81253487789872,1,1
225,2.52613148457351,3.20493531007482,0,0,-0.578538754891054,0,0
226,0.924378357827663,1.21723575663033,1,1,-0.744455887589543,1,0
227,0.342324519879185,0.384069425330973,2,1,1.01248285709034,1,1
228,0.0559473720085015,0.805870080169969,1,0,0.585465863678616,0,1
229,2.70318929097595,2.98262064087174,1,0,-0.280841194582901,0,0
230,0.0487533464911394,0.549322754402587,2,1,0.209019148533211,1,1
231,0.389106285001617,0.621779993261621,2,0,2.4794400193229,0,1
232,0.778158478607536,6,0,0,-0.609606933394027,0,0
233,0.383476983988658,3.06639779196104,2,0,0.466799375827173,0,1
234,1.14781099473568,1.98502092783006,1,1,0.77232857268795,1,1
235,0.0816234096419066,0.705816973566368,1,1,1.92596577687174,1,1
236,0.433359624585356,1.53817929549588,2,0,-0.255613219156338,0,0
237,0.336250950349495,1.3041436854807,1,1,0.574343538988701,1,1
238,0.149533469613102,0.380711502207351,2,0,0.79869814850258,0,1
239,0.686445876335967,1.67036785744131,0,0,1.51174441340137,0,1
240,0.743782436475158,1.22043861917906,1,0,-1.36807198132405,0,0
241,0.183071361097973,0.898141316986974,1,1,1.07528779871428,1,1
242,0.0101372276549228,1.15033024874368,1,0,0.975952862801814,0,1
243,0.0915256980887207,1.80170507306463,1,1,0.724061501602975,1,1
244,0.868658332567305,1.90744709241188,1,0,0.595188891487735,0,1
245,0.0760067743673661,0.750911416209706,1,0,0.0610477922832264,0,1
246,0.0511955886031501,0.658508601288001,0,0,1.53647858930431,0,1
247,0.0650368964542457,0.071891461273026,1,1,1.15470841151604,1,1
248,1.9175834468657,3.22858416164915,0,0,-0.402657682318279,0,0
249,0.777756203897297,1.10502785382171,0,0,-0.3224751117872,0,0
250,0.108007950410815,0.878863874757579,1,1,0.025568555819064,1,1
251,0.246434515865985,1.69474662559691,1,0,1.50009305434242,0,1
252,1.08420946864888,1.56034922865592,2,1,0.309443418039405,1,1
253,0.2099268801976,0.359455257343379,2,1,1.17909610895067,1,1
254,0.136173601262271,0.181332472328776,2,0,-0.0536968959561303,0,0
255,0.189374480396509,1.10441821220766,1,0,0.961137093808318,0,1
256,0.0607158134807311,0.352089787305219,2,0,1.10319740337037,0,1
257,0.575606511344291,1.28210449280838,0,0,-2.09476339397044,0,0
258,0.0364661760977469,0.588158092896194,2,1,1.1821247200658,1,1
259,0.0570658227230317,0.12051458193334,1,0,0.919568325798041,0,1
260,0.00350585003616288,2.02084990844437,1,0,0.693406161166123,0,1
261,0.266284898854792,1.02575050922345,1,0,-0.767918922695964,0,0
262,0.941029598418266,3.42073340829052,1,1,0.369587589621476,1,1
263,0.478604624451089,0.53982291457238,2,0,0.716215830100898,0,1
264,0.506723911940873,0.566132427627576,1,1,1.41896821478702,1,1
265,0.191679659838352,0.370352586952375,1,0,0.356239484327024,0,1
266,0.248390712668899,0.372786949331642,1,1,0.335916521050412,1,1
267,0.138710856438427,2.31894199490758,2,1,0.229168811018046,1,1
268,0.35120407526847,2.38944534109105,1,0,0.571558025195039,0,1
269,0.169905226219377,1.0839834203697,1,0,0.373714324089588,0,1
270,0.218294562655501,0.658745627148582,2,0,0.544077560660183,0,1
271,0.260504932142794,3.65257212761437,2,0,-0.627798327245846,0,0
272,0.271727160550654,2.08040770444239,1,0,-1.70650886513475,0,0
273,0.104803241265472,1.97212677334482,1,1,0.326525594518916,1,1
274,0.590172326408847,4.9213237449873,2,0,-0.677624333681374,0,0
275,0.245463863015175,3.82892838719596,2,0,-0.219223092405593,0,0
276,0.735027221362502,0.862943461785714,0,0,0.0691973160811511,0,1
277,0.231189311947698,0.523120619962573,1,0,0.0572938738089551,0,1
278,0.343734471115872,1.68954600917224,1,1,0.03265653004733,1,1
279,0.0985188567577085,0.594333370710877,1,0,1.05083939200536,0,1
280,0.258745936735068,0.723798790572995,1,1,0.105707097130361,1,1
281,0.0217493751551956,0.675193133327118,2,1,2.04200070288055,1,1
282,1.11188708100805,1.33804805495864,0,1,0.905524560519152,1,1
283,0.857099360775534,1.93433576884369,0,0,-0.128620261670842,0,0
284,0.437706999338053,1.2237356368586,2,1,1.03571232158869,1,1
285,0.297328146116342,3.28740014110277,2,1,1.01310958751184,1,1
286,0.0913543421668275,0.354297285395278,1,1,-0.480457357205419,1,0
287,0.229568872018717,1.2238277276737,2,0,1.57688109392135,0,1
288,0.00915600847850602,0.241574404569262,1,1,0.170907500635995,1,1
289,0.392374681250658,1.7059192682306,0,0,0.00605068326805548,0,1
290,0.408096353639849,1.69618423610611,1,1,0.0895450568553328,1,1
291,0.438870895278461,0.536104106405596,2,1,1.33388646999514,1,1
292,0.0420096398969844,2.09807347534939,1,1,0.0165268576321673,1,1
293,0.98995538190344,1.57423022751505,0,0,0.960171311158729,0,1
294,0.153481248766184,0.265493585408769,1,0,-0.259592855305024,0,0
295,0.240311099654747,0.730959044174924,2,1,-1.28486577073581,1,0
296,0.0887141874409281,0.673334442296835,2,1,0.528708904683229,1,1
297,0.141233429174696,0.544188544558371,2,1,0.205481184731478,1,1
298,2.11481931821745,6,0,0,-1.3036386932891,0,0
299,0.27545466698939,0.47415367960482,1,1,1.639828821051,1,1
300,1.03624700475484,1.45896944879812,1,1,-0.411295555115745,1,0
301,0.208033702336252,1.09319437418593,1,1,-0.495768904593037,1,0
302,0.10609445322116,0.379987575573478,2,1,1.13234991794739,1,1
303,0.745473491959274,1.41850097415348,0,1,-0.935464247320211,1,0
304,0.874152697622776,0.93382203279813,1,1,-0.514822528973706,1,0
305,0.200642235286068,1.2091484417518,0,0,0.928051704348829,0,1
306,0.173369131051004,0.721770959249,1,1,-1.95288154016001,1,0
307,0.178352724760771,2.14129136904014,1,0,-0.0960915363110942,0,0
308,0.814630615033031,1.42418016681079,1,1,1.51851308116266,1,1
309,0.172239788225852,0.821908693760633,0,1,0.719136038328546,1,1
310,0.315388929394326,0.378410717256843,1,1,-2.19126821352791,1,0
311,0.0173160017595669,0.99249467508317,2,1,0.330313370416114,1,1
312,0.127351160626858,1.4128045813794,2,0,0.847965957616513,0,1
313,0.01365458779037,0.208872044975959,1,0,-0.796850000241179,0,0
314,0.879340800456703,1.35436371589186,2,0,-0.223083838836221,0,0
315,0.0330372264640542,0.632673413698675,0,0,-1.11894956631748,0,0
316,0.107342712290119,1.59140612082357,1,1,1.71974603094782,1,1
317,1.40744490657507,1.5748002296178,0,0,1.06549828621743,0,1
318,0.0138281602994539,0.289987508828441,0,0,0.639669800624939,0,1
319,0.0170140847420448,0.055444962133294,1,1,-2.45856889843881,1,0
320,0.932584702916086,4.93215251371085,1,1,0.208542502268186,1,1
321,0.857999826522365,1.22500468617358,0,0,0.443036591327611,0,1
322,0.495711669995606,0.710340042693367,1,1,-1.09305542240274,1,0
323,0.810274356976151,2.55436776106583,1,1,-0.777283855711185,1,0
324,0.944810167368144,0.966469372057876,2,0,1.02602964693988,0,1
325,0.258371493546292,1.61944212577309,2,1,0.320477865882487,1,1
326,0.432306041184347,0.672193468026501,2,0,1.24688449825753,0,1
327,0.225892660964746,0.251658762176552,1,0,0.475361279329227,0,1
328,0.650229274249692,4.3931610103028,2,0,0.177688754178857,0,1
329,0.771371675655246,1.9138988189604,2,1,-1.4092705646078,1,0
330,0.573449205806298,1.51213379580613,1,1,0.113065652072334,1,1
331,0.178507325763348,0.459520717694866,2,0,1.0559238341358,0,1
332,0.306913284002803,0.980434072649992,2,0,1.33455283805236,0,1
333,0.267343374725897,2.88845657507574,2,1,0.283110018846552,1,1
334,1.55799701191336,3.76454606638765,2,0,-0.313408578021709,0,0
335,0.0336374616017565,0.906452160537807,2,1,0.680037148456975,1,1
336,0.0577248723129742,3.51262670464766,2,0,1.46243217046456,0,1
337,0.327397231694528,1.55597027343974,1,1,-0.151675251162921,1,0
338,1.28374114725739,2.95444876746634,1,0,-0.05203034520859,0,0
339,3.06089619960428,4.25599142971295,2,0,-0.102290702688766,0,0
340,0.49749059195821,0.993876858794538,1,0,-0.549378820572493,0,0
341,0.0612343875691295,0.80210307848595,1,0,-0.49319649936512,0,0
342,0.00587066111620516,0.171211150035187,1,0,0.539556515722143,0,1
343,0.28680360323051,3.93174460778634,0,1,0.910093645840927,1,1
344,0.869685748030113,1.06358930232037,1,1,-0.950353028655057,1,0
345,0.0732092547696084,0.64882533821628,1,1,0.340339607630596,1,1
346,0.48236030199587,1.3122818717024,1,0,0.291469735356152,0,1
347,0.0237098449970957,0.223617116742282,2,0,0.478770439473512,0,1
348,0.316286260520632,3.02453779633432,1,0,-1.35840967358401,0,0
349,0.442336541673502,1.33166510280887,1,0,0.0664053047930392,0,1
350,0.59078687042632,1.55531637366602,1,1,0.995354794053555,1,1
351,0.969718276703373,1.2950572456284,2,0,2.44667663775079,0,1
352,0.223931808816143,1.68410120929515,1,1,0.474626255207303,1,1
353,0.145950366568286,0.542138381658506,2,1,0.285036696970016,1,1
354,1.92977894275429,6,0,0,-0.0325584761326847,0,0
355,0.0517326497356407,0.14723032296315,2,1,1.23112637882359,1,1
356,1.99827948017957,2.72846700929408,1,1,-0.010365898475997,1,0
357,0.434544074788511,0.790974250785632,2,1,0.654830664675617,1,1
358,1.25678512961009,1.63456969492081,1,1,0.141190794675212,1,1
359,0.053992695188067,1.84062248354367,0,0,-1.48542317278679,0,0
360,0.306182240310591,0.507685617916172,2,0,1.30875937668126,0,1
361,0.0371569465100042,0.746442933256428,0,0,1.06474266506357,0,1
362,0.101346798473969,1.26210377272745,2,0,0.0107432693513095,0,1
363,0.551462625709184,1.06479248652856,0,0,0.840152003754578,0,1
364,0.840547412633896,1.1543738830855,1,0,-0.933290844949189,0,0
365,0.0215095735620707,0.495233383118523,2,1,1.62208676442311,1,1
366,0.215159516956192,0.438643212506768,1,1,0.694749017580852,1,1
367,0.612489832451495,1.19362931852586,1,1,-1.17023322715085,1,0
368,0.0885592312644226,1.79480946001907,0,0,-0.0416045482729681,0,0
369,0.550123270924024,0.944593938522814,2,0,0.399357553347868,0,1
370,0.0535578032461202,1.36143078406652,0,1,0.118803336870642,1,1
371,0.156080233864486,0.485307389692831,1,1,-0.267170011077804,1,0
372,0.392501392542902,1.02074042120942,1,0,-0.417365649143359,0,0
373,0.484327472746372,3.4131313475705,2,0,-0.159158161818806,0,0
374,0.282682833785657,3.08136470769566,1,1,1.64819413141597,1,1
375,0.0831393406011875,2.50737641163436,1,0,0.473366479120528,0,1
376,0.0444261980010197,2.50747773408078,0,0,0.63454993618766,0,1
377,0.661273636479683,1.32091274197133,2,1,1.47779983740869,1,1
378,0.158805096062902,0.288436238222595,1,0,1.07482735206586,0,1
379,0.16571358893998,0.457537593400345,2,0,1.47889089774849,0,1
380,0.267500640801702,0.698438621493397,1,0,0.86989081338092,0,1
381,0.191699244896881,0.322474317825374,2,1,1.26793309322952,1,1
382,0.112350785077364,0.618012137114627,2,0,0.497445537768831,0,1
383,0.687196933664382,0.992832693336128,1,1,-0.387426593116962,1,0
384,0.0468666097149253,0.682438757891456,0,1,-0.398337404328205,1,0
385,0.165749402076472,3.04595745168626,0,0,0.0617481782281186,0,1
386,0.0953670263605766,0.922067434768958,2,0,1.24954567624476,0,1
387,0.411456252331845,3.33702252845446,2,0,0.151850286403717,0,1
388,0.0535431408206932,0.313435443638921,2,0,0.980456923952737,0,1
389,0.0207212404347956,0.535750860515867,1,1,1.26475471187845,1,1
390,0.616770262687288,1.41080905432351,1,1,1.23151205178356,1,1
391,0.219166145834606,0.912788109143197,2,1,0.199532517240177,1,1
392,0.552942989134982,0.903530822490045,2,0,0.284285788534383,0,1
393,0.112464508176411,0.552032407147258,2,1,0.697091369361153,1,1
394,0.0195200376149544,1.42721889802623,1,1,-0.974986962562406,1,0
395,2.59473549379947,2.99088800263213,2,0,-0.206484396569469,0,0
396,1.12344861123711,1.25157784659218,1,0,-0.650371593319884,0,0
397,0.308648212812841,1.75534249481176,2,0,0.817761304729868,0,1
398,0.935562857951798,3.33527488860922,1,1,-1.55968316676767,1,0
399,0.190841838717461,0.206182918821772,0,0,-0.595988183995479,0,0
400,0.740099832738571,1.48077854826394,2,0,0.406586064501591,0,1
401,0.0360050750946373,1.70939874090181,2,1,0.0135090900387224,1,1
402,0.104481185557667,0.128858590966001,1,1,0.433576962178385,1,1
403,0.23200832598377,0.529957972466946,0,0,1.0361058263619,0,1
404,3.28398334590678,4.78390856602723,0,0,-0.751855083852563,0,0
405,0.197016843303572,1.10365284808596,1,0,0.943906324999888,0,1
406,0.110188485705294,0.341631337692338,1,1,1.28513489369428,1,1
407,0.0236043171025813,0.466777249973963,2,1,2.77323769364498,1,1
408,0.0809658030048013,1.21670011798413,1,1,-1.23859457675839,1,0
409,0.0848151673720797,0.909699004946484,1,0,-1.43615717074095,0,0
410,0.0699421501485631,1.3403064198792,0,1,0.297296523036033,1,1
411,0.109831067966297,0.888144629113949,2,0,0.107010177813392,0,1
412,0.272278181997966,0.738929775220171,1,1,-0.0264570881863652,1,0
413,0.454522296786308,0.609326892746273,1,1,-1.18012710753569,1,0
414,0.174330884938889,0.916319938727122,2,1,0.201163761791428,1,1
415,0.0802519850549288,0.2743315266383,2,0,1.17583924880192,0,1
416,0.0519381213234738,0.424602265963293,1,1,1.16647106930158,1,1
417,0.96893123909831,1.10553563986291,2,1,-0.196232905267986,1,0
418,0.00451814363529863,0.213564443600575,2,1,0.215630684879889,1,1
419,0.0585773825878277,0.105444078871896,2,0,1.49758415146305,0,1
420,0.0109524047002196,1.49602932922786,2,0,0.145753819422555,0,1
421,0.0187142888898961,0.290537582582029,1,0,0.75044351109282,0,1
422,0.617629650048912,2.44675564368314,1,0,-2.1489914499007,0,0
423,0.0682262339978479,0.800307821384456,1,1,0.0539706846336538,1,1
424,0.532248622193916,3.64117351902861,1,1,0.868811707113641,1,1
425,0.222556997905485,0.985230741402758,2,0,0.687537711451113,0,1
426,0.173655586550012,1.32130657779785,2,0,0.270217158324449,0,1
427,0.279397936450397,2.18896269492908,2,0,-0.891258145391963,0,0
428,0.206182878755499,1.28518195828523,2,0,1.77511872571288,0,1
429,0.0518053316464576,1.10680959205965,0,0,-1.02072537709553,0,0
430,0.027179769028723,0.62977024262023,2,1,1.41997816834167,1,1
431,0.0314888116554357,0.254581723887475,1,1,0.0180210080876238,1,1
432,0.181099911278579,0.436356340035195,2,1,1.11565705155011,1,1
433,0.120052859128918,1.81396691617233,2,1,0.953068272419663,1,1
434,1.03183575160801,3.43767006260653,0,1,-0.552646221155036,1,0
435,0.224122615814486,0.961916790802454,1,1,-0.045056370836744,1,0
436,0.193631557631306,1.11816423107653,1,0,1.49427908725968,0,1
437,0.566246533766389,2.78249006407956,0,0,-1.00728957157307,0,0
438,0.289849351684097,0.412934949469635,2,0,1.53999041335305,0,1
439,0.263343625300395,0.294116946558158,0,0,-0.27162044205828,0,0
440,0.226235370793798,0.407255497813518,2,0,1.26632856340133,0,1
441,0.498400656480163,0.520610425711082,2,1,1.01193780324461,1,1
442,0.00574511068407446,2.74263190281398,2,1,0.0268385150528337,1,1
443,0.122095053666271,0.986659379081935,1,1,0.362772108422931,1,1
444,0.0967260784818791,0.625589582951792,1,0,1.55528923225255,0,1
445,1.15371066489594,1.90809077298888,1,1,1.84136338632908,1,1
446,1.45753370473667,3.0385780013343,1,1,0.889527152854297,1,1
447,0.220653150038133,0.4552680653876,1,1,-0.639304953099913,1,0
448,0.250654141127598,1.79777739551595,2,0,1.00734365355537,0,1
449,0.0155453039333224,0.151636522208518,2,0,-0.15001318089039,0,0
450,0.00591444378659178,0.191458771993562,0,1,0.118429905498752,1,1
451,0.0200779701117426,1.79724467486817,1,0,0.0222106560268742,0,1
452,0.469725578415029,1.29372833515847,1,1,0.226219685373025,1,1
453,0.791225766161615,0.871516946914644,1,1,-1.45417229444938,1,0
454,0.678136703472707,1.43839534151795,1,1,0.0547392066364999,1,1
455,0.165902655571699,1.91771944363912,0,1,-1.33788848386576,1,0
456,0.445828887452264,1.23882133203248,0,1,0.20494040064293,1,1
457,0.855741422829971,3.53193181579736,1,1,0.0415010137853785,1,1
458,0.0752798255416565,0.421472721164797,1,0,0.685914440212561,0,1
459,0.205665491521358,1.31342715375084,0,0,0.293156181377555,0,1
460,1.72492920995264,2.27417911490719,1,0,0.967669171025886,0,1
461,0.694654810332515,0.708386779362734,2,0,1.66515533864338,0,1
462,0.0448069799018445,0.758728555714091,0,0,0.599694937808551,0,1
463,0.0538332486381079,1.30286544250945,0,1,0.875094575302875,1,1
464,0.0742344988975674,1.13704942156659,2,1,0.387695688082569,1,1
465,0.273143477388658,0.708357375537202,1,1,0.952503686769474,1,1
466,0.0425557681592181,0.272733037056175,2,1,1.27897688431873,1,1
467,1.46242660211405,3.37651296120421,1,1,-1.11302346314296,1,0
468,0.171344249509275,0.255921433423187,1,1,-1.10794061729191,1,0
469,0.507810329410069,0.850207093295054,2,0,0.936093442599752,0,1
470,1.92460840853604,1.96933996390478,1,0,0.751532890118439,0,1
471,0.411386038359988,5.65315003265092,2,0,-0.0741983007426825,0,0
472,0.135423043102492,0.246952784847823,2,0,0.48874704620924,0,1
473,0.105744658553504,0.3128059329932,1,0,1.5139065079913,0,1
474,0.709697776447803,2.36692633846963,1,1,0.180333381386749,1,1
475,1.48758348069134,3.14085142320052,2,0,-0.031236080034936,0,0
476,0.822355476531021,1.02746665846642,1,1,0.744377484622161,1,1
477,0.32697620918043,2.26211280797697,2,0,0.957017855586995,0,1
478,0.122753278701566,0.92606309605411,2,0,0.482661836861214,0,1
479,0.214929316425696,0.407577946147895,1,1,1.16881534177209,1,1
480,1.11377221992576,6,0,0,0.0242520563842621,0,1
481,0.290108664194122,0.755228859027687,1,1,1.28289115737274,1,1
482,0.150577553431503,0.881641285486547,2,1,2.10188278075613,1,1
483,0.0304188745212741,1.63746536930045,1,1,1.17774101487844,1,1
484,0.278458794346079,2.04168560503216,2,1,0.198892159740708,1,1
485,0.0319337016055667,0.105452078275308,2,0,1.09313104318872,0,1
486,0.541398106698699,1.00800902893146,0,1,0.196358083115014,1,1
487,0.89544696174562,4.11003978292094,2,1,-0.376562791934861,1,0
488,2.40700751162114,3.30445866386027,1,1,-1.17773874447326,1,0
489,0.281684197543655,0.835925107431973,1,1,0.148391347536157,1,1
490,0.446652977235437,1.32588621737481,2,1,0.170792060577502,1,1
491,0.00157831877004355,2.07540452775151,1,0,0.122478151091613,0,1
492,1.6809835225953,2.60539426368115,2,0,0.514757659677765,0,1
493,0.214130403473973,1.33157243985888,2,0,-0.26186285450738,0,0
494,0.349324651178904,1.87559416668281,1,1,0.377618864321728,1,1
495,0.357144646986853,6,0,0,0.887125882416881,0,1
496,0.212546743494088,1.4437242078883,2,1,-0.0311463682207448,1,0
497,0.679047390008822,1.14394915252809,1,1,1.58848969775478,1,1
498,0.25285243603417,0.352139103504162,2,0,-0.774881810560654,0,0
499,0.664241151508697,1.14296686194359,2,1,1.22921852430414,1,1
500,0.117538939239455,0.35243441362568,2,1,1.218967001819,1,1
501,0.848484156277783,1.19100841892203,2,0,0.640238075027174,0,1
502,0.0847065646644815,1.50092887071272,0,0,-0.687952466555358,0,0
503,0.11246355046751,0.887992159311387,1,1,0.254113269242867,1,1
504,0.418132196064107,0.505844657946163,2,0,0.043579567126832,0,1
505,0.131192597618792,2.54368280793697,2,0,0.0805374892674224,0,1
506,0.241882028989494,0.575937547923367,1,0,-0.450795056424909,0,0
507,0.68792274801229,1.23043327669619,1,0,0.516030213791922,0,1
508,0.341324586421251,0.649993586541217,1,0,-0.622605524165262,0,0
509,0.35829664331728,0.747359850008756,1,0,-2.18292053271186,0,0
510,0.190895221603569,1.47382945282187,2,0,1.4638584847889,0,1
511,0.172559460400543,2.48690001456452,0,0,0.968037928398497,0,1
512,0.509866557523429,0.562193195235436,1,1,1.20217050058711,1,1
513,0.0221457073348574,0.576872808843355,1,1,1.35801231273959,1,1
514,0.0113788826274686,2.52692574928384,2,0,0.721687884867135,0,1
515,0.427544487756677,0.546943569253468,2,1,0.364730094800816,1,1
516,0.0407341656602874,0.212938582383217,1,0,-2.54784961872199,0,0
517,1.09706772956997,3.14571170446773,0,0,-1.3149989868415,0,0
518,0.195022333413363,0.503907490442938,1,1,-0.460744466927781,1,0
519,0.354785101080779,1.51034405079807,2,0,1.07093199476232,0,1
520,0.246727821358945,0.513467163810255,1,0,0.307215131975996,0,1
521,0.0283240795144782,1.62699858258597,2,0,0.702783836574812,0,1
522,0.221642114047427,1.04527957176809,1,1,0.731165595922204,1,1
523,0.569344260236413,1.56519846127543,2,1,-2.16059628126821,1,0
524,0.981481047347188,1.86169050633907,0,0,-1.22001224977794,0,0
525,0.253195834520739,1.12397236932075,1,1,2.02232478762402,1,1
526,0.93780714739114,1.2072697042875,2,1,-1.34757020681528,1,0
527,1.15285634342581,1.51002094874891,2,1,-0.628395353777165,1,0
528,0.47077169594434,0.735735663271018,2,0,0.0595124858574425,0,1
529,0.208786131814122,0.482742915531853,2,0,-0.118654466154656,0,0
530,0.27259910851717,0.470055760453742,2,1,-0.54800688013152,1,0
531,0.00381328555454412,0.421131796839246,1,0,0.895007304409023,0,1
532,0.360292102268431,0.659506959416105,1,0,0.611908505054978,0,1
533,0.987196017469853,1.73086404350541,2,0,1.1138795378148,0,1
534,0.163180129020475,0.468957049956821,1,0,0.767286783992807,0,1
535,0.209257773123682,0.586651572273492,1,0,-0.864726211335851,0,0
536,0.221911784901749,1.82417346166551,1,0,0.396710957400077,0,1
537,0.275829435850028,1.17041680676422,0,0,0.549532181543106,0,1
538,0.171280693029985,0.465742624440616,0,1,0.867284039588592,1,1
539,0.1474979048362,1.29687395125163,2,1,1.65089209707666,1,1
540,0.266359040979296,0.766847098095036,0,0,0.0905578325946192,0,1
541,0.28593569342047,1.18885909059019,0,1,-0.611319528659201,1,0
542,0.252323691915055,1.51822040805848,1,0,-0.0295749898356297,0,0
543,0.037751118070446,1.59761668798221,1,0,2.21068558208942,0,1
544,1.79616920173842,1.9449941248375,1,1,0.825008366256555,1,1
545,0.174284769118497,0.25635630925504,1,0,0.682260903253523,0,1
546,0.348820429353509,0.757329403637611,1,1,0.586604145985257,1,1
547,0.00551776015919596,0.782455716425405,1,1,0.823457662093872,1,1
548,0.599510997391127,1.14648124597627,2,0,0.345421600357952,0,1
549,0.0405442517513651,0.571194489082388,2,1,0.0296703567753771,1,1
550,0.436765599613832,0.860788051120112,2,0,0.397299827867187,0,1
551,1.090596803464,3.19247515722731,1,1,-0.36034121192744,1,0
552,0.133700023405254,3.27812515745755,1,0,-1.38230630026069,0,0
553,0.000781851361865309,0.446822934976512,2,1,1.37532944299384,1,1
554,0.401237557234708,1.61453510945042,0,1,0.284973504774314,1,1
555,0.0238205168535449,1.86422536770503,0,0,-1.31353640739509,0,0
556,0.596271674148738,0.627975160956744,1,0,-1.71231302234474,0,0
557,0.0596166586701038,1.96784493612124,2,1,1.48691528737985,1,1
558,1.65457579182966,3.71068936564753,2,0,0.224476431411733,0,1
559,0.247801442630589,2.38807431331325,2,0,-1.53556422622899,0,0
560,0.669294376857579,0.797527854347091,1,1,-0.371309098048925,1,0
561,0.432531047554221,0.463318914638007,1,1,0.634504016508591,1,1
562,0.305877381761093,0.848532873361496,2,0,2.70509945776109,0,1
563,1.04144046379239,1.94972578435729,1,1,1.10605691837421,1,1
564,0.327118462882936,0.33133758883844,1,0,-0.551200515571578,0,0
565,1.12652701511979,3.64210602311196,2,1,-0.807219475272501,1,0
566,0.546525533983305,1.243166063744,1,1,1.31914360598374,1,1
567,0.137077941559255,0.336622651279103,1,1,-2.11649888404671,1,0
568,1.09460979606956,2.38581990299926,1,1,-0.0624195148418005,1,0
569,0.720215714939225,1.05551837763869,1,0,-0.141537481360707,0,0
570,0.22999006905593,0.528092457388837,1,1,0.156854333461126,1,1
571,0.209873811341822,0.628172943789692,1,1,-2.53732010641325,1,0
572,0.0820553689845838,1.49056480969746,1,1,0.89909987520885,1,1
573,0.686788072899737,0.946212275646457,2,0,0.563168618753367,0,1
574,0.0467381576891057,0.858962470384075,2,0,1.25544737068706,0,1
575,0.130396599706728,0.585076735038979,1,1,0.54392314567494,1,1
576,0.064155712898355,1.2376015693346,1,0,0.216983010197608,0,1
577,0.143779496390204,1.18754138113156,1,1,-0.0743647376513949,1,0
578,0.028938824003229,0.415162724917589,1,0,-0.528087430833811,0,0
579,1.68205401885001,2.99920777246269,2,1,-0.522700242967695,1,0
580,1.8980327117348,2.57228189439393,1,0,-0.0679359734961898,0,0
581,0.110156231559813,0.272414618854197,1,1,-0.79525230766681,1,0
582,0.504130944609642,1.76853878113131,0,1,-0.238270192362959,1,0
583,0.423257437360007,1.55861133148981,2,0,1.57809916439394,0,1
584,0.032077498617582,0.101346955503782,0,0,1.79733798372291,0,1
585,0.0213375009522693,1.47485248436496,2,0,2.26103429485691,0,1
586,0.409559721553355,1.56829764825551,1,0,-0.561366062863105,0,0
587,0.329255668330006,0.718100204920969,0,1,0.46534175101394,1,1
588,0.0324387253051749,0.694091967591768,1,0,2.49176984338694,0,1
589,0.0494666998057574,0.233018634064501,1,0,-1.02532007596293,0,0
590,0.199658649973571,0.546126772142597,0,0,-0.136015907033439,0,0
591,0.13903815113008,0.532039132968295,0,0,-1.1862924489955,0,0
592,0.0562774407796869,1.94492110406882,2,1,0.68304514937696,1,1
593,0.000376329408027232,1.46666631159777,2,0,0.301891836918927,0,1
594,0.389885787444655,0.446149145892511,1,0,2.2179114868899,0,1
595,0.500117706807152,2.2495723328553,2,0,1.36480329835163,0,1
596,0.0464279131847434,0.846488731746489,2,1,1.49484424583601,1,1
597,0.0566273555159569,0.536958815261468,2,1,0.340006087505649,1,1
598,0.0868484530675655,1.3779596168766,2,1,0.458589090012865,1,1
599,0.00611038614492595,0.0080216868610345,1,0,0.624596749638452,0,1
600,0.0533953710972799,0.130369638577855,1,1,-0.691434392854901,1,0
601,0.404764772392809,0.513798120572888,2,1,-0.547052414276331,1,0
602,0.523699088953435,0.88811013468505,1,1,-1.07619631790652,1,0
603,0.232487674578872,0.803053617086172,1,1,-0.21474858290453,1,0
604,0.98563570407556,2.23557186209047,1,1,0.0303199290745962,1,1
605,0.157345405747497,0.786069998624417,2,0,2.00651272647959,0,1
606,0.456670768558979,0.77544018877693,1,0,-0.669555222191543,0,0
607,0.528029039475569,3.43418703071029,1,1,-1.90532236993844,1,0
608,0.292995122435968,0.960533168167818,1,0,0.417522800214157,0,1
609,0.688451707363129,1.83749132753977,1,0,-0.0340431635032254,0,0
610,0.062229980112429,0.435738039958549,1,1,1.39514754399819,1,1
611,1.06135400355372,1.21637737337824,0,0,0.0343031766144424,0,1
612,0.341516780317761,0.462910039583621,2,1,0.25403251270632,1,1
613,0.448235869551976,0.790892251022733,2,1,1.31735617375348,1,1
614,0.11098898248747,0.527385720705598,1,0,0.552711062275293,0,1
615,0.458004667280994,1.34445968204269,2,0,0.680399652745525,0,1
616,0.269043748849072,0.828390984322319,1,1,0.422383276144782,1,1
617,0.0300697790225968,1.08927092622634,2,0,0.386622409100977,0,1
618,0.854620581492782,1.00473935401731,1,0,-0.14598604649045,0,0
619,0.216557887033559,2.0864204509383,1,0,0.544009257943078,0,1
620,0.138779449334834,0.244147573101433,1,1,0.772798931400834,1,1
621,0.555444362790732,1.04734413109388,2,1,-0.0541977156595705,1,0
622,0.156181792357725,2.74329100416641,2,1,-1.08230635170464,1,0
623,0.671924319118261,1.8504996064166,1,1,-0.0747342927466721,1,0
624,0.0365494695109447,1.38949474630257,0,1,-0.417699721902628,1,0
625,0.52544677336403,2.46665314581314,2,0,1.22376496829924,0,1
626,0.467112255838521,0.714857768755265,1,1,1.1283010473667,1,1
627,0.155711228825389,1.30711198784411,0,1,2.42332874492493,1,1
628,0.447073349470094,0.713327902101451,1,1,0.315390988393003,1,1
629,0.533911603825919,1.34213362067965,2,0,0.943499997319993,0,1
630,0.144471968524158,0.267457855753916,1,0,0.632778680737981,0,1
631,1.21586225368083,3.8153203235182,2,1,-1.33920417530541,1,0
632,0.0468942185996552,0.574188005725847,1,0,0.975834757518247,0,1
633,0.218847024867518,1.17070924125034,0,1,-0.02209770735357,1,0
634,1.81406857064905,1.84357388766296,1,0,-1.56101122847748,0,0
635,0.172740154899657,1.78024592962442,1,0,-0.0189104038882544,0,0
636,0.517543220749877,0.908776921358934,2,1,0.186366503284579,1,1
637,0.788390732460477,2.43850888215329,1,1,0.535287218698739,1,1
638,0.499684176407754,0.733456366786421,1,0,-0.854854845809415,0,0
639,0.240567489002632,1.27642452504031,1,1,0.288765087814384,1,1
640,1.02667959983797,2.97003820290594,0,1,0.508693543808566,1,1
641,2.80475561676507,3.42098237698967,2,0,-0.812178436489167,0,0
642,0.449662763831958,1.37036038672381,0,0,1.37254325852083,0,1
643,0.635564923260182,1.00048381352844,1,1,0.355305875686526,1,1
644,0.316052130423486,3.00047789695481,1,0,-0.781966584138495,0,0
645,0.0866099513950758,0.595116387910452,1,0,1.80890764522188,0,1
646,0.1738887099782,0.449179668600361,0,0,1.17292827813622,0,1
647,0.684205479389088,1.46620053542069,1,1,0.111165152361448,1,1
648,0.1486129606467,0.676098564956848,2,1,-0.465548690098657,1,0
649,0.406344301998615,1.08018810985012,1,1,-1.73207511718614,1,0
650,0.0643393498610146,0.649399838359023,2,1,1.61062843878667,1,1
651,0.817682596945025,1.18125609988488,2,0,0.321453301598741,0,1
652,0.140710346458945,0.218530241959304,2,0,1.28061850294989,0,1
653,1.54397618671858,1.56018211100063,2,1,-1.35395111793975,1,0
654,0.13271610281663,0.576558991779105,2,0,1.14164204136455,0,1
655,0.00883741100551561,1.12504436656911,1,1,0.298639143101039,1,1
656,0.5199719212155,1.57548833628884,2,0,1.67138506537627,0,1
657,2.26742606229129,4.3247520395865,0,0,-0.0201883093203841,0,0
658,0.354570138268173,2.22105757448975,0,0,-0.922223959883643,0,0
659,0.0971932802349329,0.830689311953005,1,1,0.680417934447079,1,1
660,0.00194157386431471,2.63301613188665,2,0,0.529706940201613,0,1
661,1.07301887404174,3.80043630336635,2,0,-0.101804690804679,0,0
662,0.479319107869596,0.637321655890877,0,0,-0.288711194874903,0,0
663,0.200397443957627,0.226996433087431,1,1,-1.31294260187391,1,0
664,0.528031067773612,0.843235282986769,1,0,-0.484869878231586,0,0
665,0.647935044089175,1.7296524734057,1,0,-0.341451046810219,0,0
666,0.0460078998003155,0.915406421243908,2,0,2.31957042232827,0,1
667,0.168297856580466,1.04720358042111,0,0,0.931699422436442,0,1
668,1.39085322237554,1.93268850795114,1,1,-0.993440632397456,1,0
669,0.114774341489263,0.757009082400562,2,1,-1.07587062396361,1,0
670,0.0355415167286992,2.21804320214277,1,1,-0.561303256547878,1,0
671,0.22047156188637,0.372947713447733,1,1,-0.874734186484442,1,0
672,0.177127247046036,0.503964763677424,1,1,0.214503171047186,1,1
673,0.0859091908205301,2.22749489490772,1,0,0.592071482094839,0,1
674,0.223395031876862,1.23712871036934,1,1,-1.77743646775978,1,0
675,0.172541987558361,0.782947753371919,2,0,0.300079742311532,0,1
676,0.292206836678923,0.318334382672692,1,0,1.83519469970059,0,1
677,0.301224671304226,0.562609452036979,1,0,-0.648411595884074,0,0
678,0.0238065619487315,1.76166469032448,2,0,0.173265541307437,0,1
679,1.20580084150994,2.96225085664855,1,0,0.060435307367303,0,1
680,0.283838124596514,1.92355162553708,2,0,2.08710553862345,0,1
681,0.0048880536437868,1.15664617189747,1,1,1.64969085563998,1,1
682,0.64146402105689,1.11597836245531,1,1,-0.0210670716828347,1,0
683,0.141855510125439,3.88739530789035,2,1,-0.610240238674077,1,0
684,0.538459751875678,1.86443498069106,2,1,1.69317240427071,1,1
685,0.532183562405407,1.69727711582959,1,0,-0.0843510193285245,0,0
686,0.548525200548403,3.29638221894901,1,1,1.06643373714114,1,1
687,1.41778019360174,1.45983557993368,0,1,-0.45469680904481,1,0
688,0.256660027662292,1.29779959992156,2,0,0.577329473517596,0,1
689,0.172996415863007,0.319381305888246,1,0,0.878465003321188,0,1
690,0.136583375418995,1.72816150053974,0,0,-1.03679867643049,0,0
691,1.22931780288333,1.94148432494563,2,0,1.65528727171359,0,1
692,0.390618629523457,0.49167783639138,2,1,0.998875199018528,1,1
693,0.164905506244395,0.348595748932397,2,0,0.496517993139553,0,1
694,0.576901304535568,0.594925622992054,1,0,-2.22214688419401,0,0
695,0.00675003655487671,2.20991404696784,1,1,1.45378350300636,1,1
696,0.524703130125999,1.93464911692798,1,1,-0.223400910855916,1,0
697,0.0345605141025532,0.616955367659946,2,1,0.550096650948051,1,1
698,1.06210689712316,1.89405181371594,1,0,-0.435700502978345,0,0
699,0.625056422557726,1.84342110340599,0,0,1.19602550222121,0,1
700,0.545256910845637,1.25812355881783,1,0,-0.341599138698977,0,0
701,0.47645394038409,0.743056992788787,1,1,-0.608832273018733,1,0
702,0.177608075318858,1.69637759316986,2,0,1.57384759312836,0,1
703,0.135069655463133,0.997525918042354,2,0,0.000664114080382217,0,1
704,1.90297685741427,3.64006820782805,2,0,-0.940383461879135,0,0
705,0.148317223680473,0.725511568139857,1,1,1.76080830920462,1,1
706,0.401408717443701,3.07153821415352,1,1,2.70613805572967,1,1
707,0.174992395564914,1.36615579455153,1,0,-0.010900342243572,0,0
708,0.373562712338753,1.38508221710604,1,0,1.37135479977352,0,1
709,0.313752030488104,0.568498331136719,1,1,0.48664878300002,1,1
710,0.440935602411628,0.503921285451292,1,0,-0.59691001406124,0,0
711,0.0587269879179075,0.30658017522837,1,1,0.221930665561879,1,1
712,0.297640632197727,0.320111377209,2,0,1.77525879890207,0,1
713,0.523061535178505,0.860595112225939,2,0,0.897376098644331,0,1
714,0.0501858426773965,1.5715731470326,2,1,0.246186326412286,1,1
715,0.491412130184472,1.84037215479706,2,0,-0.412688474303814,0,0
716,0.00789995596278459,0.49433246747598,2,1,1.09607331550637,1,1
717,0.0647606760064531,1.34204892470852,1,0,0.153748384184411,0,1
718,0.209224396967329,0.479090856712011,2,1,1.74057309401951,1,1
719,0.0393704296339713,2.53782101483618,1,1,1.20360607148363,1,1
720,0.271085727436002,0.418408458404477,1,0,0.895689944096389,0,1
721,0.0647143105743453,0.271321615794815,1,0,1.06927137951707,0,1
722,0.916924311261267,1.60485063572458,0,1,0.896646225675637,1,1
723,0.988255110516787,1.06385493344548,1,0,1.24341284838257,0,1
724,1.17356424482879,3.17390277877712,1,0,-2.27870526545401,0,0
725,0.157694816589355,0.627086347741426,0,0,-1.32722977008253,0,0
726,0.412441512744408,0.435987532831982,1,1,0.140024757000995,1,1
727,0.410626287572086,1.85052669370118,1,1,-0.632768800959222,1,0
728,0.14459460817653,2.3494532580177,0,1,-1.24928224610641,1,0
729,0.282425468553818,0.627335419611453,2,0,-0.972374390570016,0,0
730,0.184056228693762,0.8228351971141,0,0,0.0440094724407543,0,1
731,0.265867289166762,0.295432087005094,1,0,0.483707394169865,0,1
732,1.34006261080503,3.00806921596328,0,1,-0.799241024671231,1,0
733,0.570411618836542,1.18266622569058,1,1,-0.442236536069117,1,0
734,0.557933945066117,0.903795015267346,1,1,1.50183896723872,1,1
735,0.202637054026127,1.91878239995495,0,0,0.913649465097423,0,1
736,0.0903148637280584,1.37074874112567,1,1,0.873230869658211,1,1
737,0.382439103559591,1.76905100787934,0,1,0.729872325951828,1,1
738,0.0971329510211945,6,0,0,-0.497893054347701,0,0
739,0.520778787878163,2.08426964660262,2,1,0.194839150153669,1,1
740,0.0413503963500261,0.809956817393987,1,0,-1.26720512678045,0,0
741,0.195994155074004,2.71918702352118,2,0,0.0391992247716848,0,1
742,0.123220961249899,1.41391112754748,1,0,1.69386802321201,0,1
743,0.200511725250265,0.292271750482332,2,0,0.405461822399555,0,1
744,0.0397602494986884,0.567174615253225,0,0,-0.0518865836092543,0,0
745,0.159293840639293,0.520056233149335,1,0,-2.15561300869338,0,0
746,0.288212571293116,1.55225444150686,2,0,-0.0405696563764003,0,0
747,0.118250895175152,0.399288932738544,2,0,0.520030820825439,0,1
748,0.297145946824457,1.52255304407429,2,0,0.890471706743767,0,1
749,0.247350779362023,0.286692192747049,0,0,-0.592942968264954,0,0
750,0.129767680191435,0.249220182547801,1,1,0.807752066246814,1,1
751,0.184249851936653,0.386427951355775,0,1,1.3541367609679,1,1
752,0.0511621840996668,0.444169754526358,2,0,2.35759486255981,0,1
753,0.193641930818558,1.61686953128835,1,1,-1.12089743086108,1,0
754,0.208168808312621,1.9318341713502,1,1,0.387096342462363,1,1
755,0.932005987829136,0.96532814627831,2,0,-0.33882470860436,0,0
756,0.445365957331984,4.60707116320653,1,1,0.190661854730461,1,1
757,2.15255283555927,2.64763650484383,0,1,-1.34592648822688,1,0
758,1.73118310413303,2.54619573916316,2,0,-0.40493984275148,0,0
759,0.5623190523794,1.28846100531518,0,0,0.123425089751405,0,1
760,0.075069441460073,0.486971892553698,1,0,-1.4394566277712,0,0
761,0.175326030002907,1.37678174814877,1,1,1.32158277762501,1,1
762,1.23110989685507,1.30111222195348,1,0,0.747681264269766,0,1
763,0.134831504840613,0.164302577382817,1,1,0.3046123264334,1,1
764,0.0606021286099702,3.25695126007001,0,0,0.106662131216525,0,1
765,0.201830372679979,0.230634476180984,1,1,0.0521588873524569,1,1
766,0.0778291492425964,0.954471881107967,1,1,1.94415212849244,1,1
767,0.644293558990404,0.659712692258297,1,1,0.559797990196095,1,1
768,1.86617119043114,2.31562068743193,2,0,-0.553437878652892,0,0
769,0.85034276265651,1.16450356446118,2,0,-0.220070934515717,0,0
770,0.167937482284879,1.49285628548715,1,1,0.777805240307849,1,1
771,0.300446457381823,0.71800889520262,1,0,-0.0967861853045962,0,0
772,0.473511746153235,0.914642481290262,1,1,-0.0601156022998908,1,0
773,0.350540762115572,2.63582549678783,0,0,-0.976836519493098,0,0
774,0.0526775218895636,1.80613439392559,2,0,0.697162125541069,0,1
775,1.91427013582332,6,0,0,-0.00125991010305847,0,0
776,0.52460982345213,1.00526951463439,1,0,0.461638328944468,0,1
777,0.147520939052691,2.31235418250212,1,0,-0.143882886693383,0,0
778,0.144746879232116,0.620096297934651,0,0,0.283439085657601,0,1
779,0.0788822234608233,0.153830455675526,1,0,2.32693683231803,0,1
780,0.167590949859004,0.600815914389464,1,1,0.0681077573665693,1,1
781,1.00125128123909,1.65051878538514,1,0,-0.319347512673908,0,0
782,0.0861961394548416,0.205731064191755,1,0,-1.9603287218205,0,0
783,0.757728152067222,0.792229507030173,2,0,1.54053074604913,0,1
784,0.0309489254141226,0.0431856591929155,1,1,1.35432731400016,1,1
785,0.334227012062911,0.906618684212227,2,0,1.04803363920354,0,1
786,1.13300856668502,1.60730293897895,1,0,-0.388992239598818,0,0
787,0.895197411999106,2.88656881418984,1,0,-0.956732485554406,0,0
788,0.0301160596745755,0.509375100811774,2,1,0.493528755573592,1,1
789,0.486844727769494,2.29922032789356,2,0,-0.58881862677367,0,0
790,0.601792049216046,0.67445273715315,1,1,-0.89799936622185,1,0
791,0.0429552968420812,2.68099402344188,2,0,0.627225011994275,0,1
792,0.0778614063165151,0.779200450437889,2,1,0.175923988292468,1,1
793,0.300632405094802,1.22092392624641,1,0,-1.06818328803853,0,0
794,0.320402305143826,0.463175947037314,1,0,0.0889814241448555,0,1
795,1.6463117840791,2.30105684759716,0,1,-0.663430679015517,1,0
796,0.465855860524075,2.81555983113195,1,1,0.547123840523385,1,1
797,0.484498165547848,0.882720658877124,2,1,-0.379483128722203,1,0
798,0.182606533814333,0.392204017635281,1,1,0.339204031358653,1,1
799,0.427288937498815,1.11213735431679,1,1,0.534468986159577,1,1
800,1.21290689893067,1.63589079553882,0,0,-2.32460748600402,0,0
801,1.26295702410267,1.76874696764317,2,1,0.343958441502285,1,1
802,1.0695345858112,5.74351302183079,2,0,-1.67509074484785,0,0
803,0.576052637744516,2.73468280192851,2,0,0.545176708180279,0,1
804,0.304108532436658,1.15782325565714,1,1,1.0622724274228,1,1
805,0.251929010846652,0.497472686693072,0,0,0.537064266696385,0,1
806,1.11574113363737,1.22961961533682,2,0,0.065779403660777,0,1
807,0.314830059360247,0.618238018852352,2,0,2.01919239283546,0,1
808,0.0244703039512964,0.485972174279067,1,1,-1.09574844860133,1,0
809,0.0193559736730635,1.83756700265776,1,1,-0.140855792641978,1,0
810,0.0166536048054695,2.68052742940233,1,0,-0.322221155987378,0,0
811,0.0215566219412722,0.763016963998477,0,0,0.535578017142867,0,1
812,0.00162723874035379,0.704257135932384,1,0,0.636626333724061,0,1
813,0.00587815564358607,0.233437277489298,1,1,0.364243450332142,1,1
814,0.21350860450184,0.703788772014976,1,1,0.513047332392976,1,1
815,0.0355407354072668,0.412359985267001,1,1,0.544289566295279,1,1
816,3.23038434220438,3.27018951807791,2,0,-0.279656098808315,0,0
817,0.5095048231043,2.17215857013146,2,0,1.12658738762507,0,1
818,0.205485403421335,0.410651451254057,0,0,1.03425760758254,0,1
819,0.601637946980478,1.4958483375414,1,0,-1.22883180419735,0,0
820,0.0650436538837867,4.39713970758986,2,0,0.699234866602363,0,1
821,0.374227880965918,0.620080273627502,0,0,0.621693906003462,0,1
822,0.201837030763272,1.95126315990892,1,0,0.887599798483948,0,1
823,1.30704848204313,1.75418524282945,2,1,0.840157125721632,1,1
824,0.102396608854178,0.709563779334227,0,0,0.38560590786554,0,1
825,0.827357887147747,1.07283464250171,2,0,1.89557260754021,0,1
826,0.0829100606557572,0.178113365545869,0,1,0.811253936129568,1,1
827,0.0039204554579117,0.707484130427102,1,0,-0.628927555487699,0,0
828,0.0963505708657397,0.54970406684002,1,0,1.80907625469246,0,1
829,0.579210953411467,0.701173530998207,1,1,0.455583799080455,1,1
830,0.784079888835549,3.47464813518081,2,1,-0.255745393622013,1,0
831,0.388282074709423,2.43661187147125,2,0,0.321972936561815,0,1
832,0.461125643504987,0.62027046384119,2,0,0.550504465158193,0,1
833,0.308877775969449,0.668233406345867,2,0,0.794920555670601,0,1
834,1.72363434351029,2.29598903097212,0,1,-0.947009767320086,1,0
835,0.445176735520363,0.707095836599668,0,0,-0.846525086754443,0,0
836,0.00133179593831301,0.245316576331072,2,0,1.17611868519531,0,1
837,0.570256807935295,0.763143058438584,1,1,0.0347172692659461,1,1
838,0.418205690803006,0.779870602208479,1,1,1.04920205752536,1,1
839,0.227420401759446,0.27121353026408,2,0,-0.844110849542774,0,0
840,0.629906610093832,1.39852221893653,1,0,2.20073607518434,0,1
841,0.391645326453727,0.646278563230823,1,1,0.17186547839339,1,1
842,0.0491711713702924,0.227162530645728,0,1,1.17289498125462,1,1
843,1.4895628333701,2.88224927998205,2,0,0.4376082415143,0,1
844,0.0666187740146957,0.518728715057174,0,1,-0.990987807758122,1,0
845,0.210899218525403,0.837693151677144,1,0,1.14594196953824,0,1
846,0.0509210339449081,0.210921967693438,2,0,2.72861177324168,0,1
847,0.995178639892977,1.08437750224524,1,1,0.428080696273411,1,1
848,0.0221790434124565,0.365140348369857,2,1,0.446539676727263,1,1
849,0.530150106034063,2.1222890095038,2,0,1.02147781728652,0,1
850,1.06858204863966,2.12210550363313,1,0,-0.409148407082128,0,0
851,0.438388531884931,1.83789163056748,2,1,2.38234694033644,1,1
852,0.120878885209095,1.12090538547603,1,1,0.820922112662499,1,1
853,0.198404342518188,1.18431623302854,2,0,0.0137850150570878,0,1
854,0.0383514686836861,0.480170610413887,1,0,0.857809898754525,0,1
855,0.339684880746063,1.58324147633997,2,1,0.846015732572736,1,1
856,0.0120361223049668,0.982997586355251,0,1,1.99409000614314,1,1
857,0.0192781032393902,0.135913793479369,0,0,0.510273627339835,0,1
858,0.0695240423963267,0.375521012294374,1,0,1.00661245561853,0,1
859,1.3203526539728,1.66629903542388,1,1,-0.508124481862398,1,0
860,0.0728577308473177,0.293014078451171,2,1,0.501617324012161,1,1
861,0.420996720902622,1.48153376156284,1,1,-0.269408886555874,1,0
862,0.0787260904326104,0.121974749490619,0,0,0.889465706663064,0,1
863,0.468337091941061,1.42033886378701,2,0,0.655579650027918,0,1
864,0.119439012371004,1.18149220887418,1,0,-0.274440217452179,0,0
865,0.717305299825966,1.09156999865817,1,1,-0.00412105313152241,1,0
866,0.721558146152467,2.86441241426903,2,0,2.14758931295579,0,1
867,0.954248924739659,1.3807164487903,1,1,-0.966186614911367,1,0
868,0.345245475764386,0.874402699671768,1,1,0.293730856151497,1,1
869,0.0719571430236101,0.741541585627014,1,0,-0.882389826267754,0,0
870,0.0313425334388825,0.690786335159204,1,0,2.19680540266973,0,1
871,0.059139286185777,2.08162174115529,1,0,-0.586888474510366,0,0
872,0.117544737644494,6,0,0,-1.20115137756484,0,0
873,0.146000456603806,0.370578724356898,1,1,-0.83161640817288,1,0
874,0.399223838932812,0.530144656732372,1,0,-1.52292978292376,0,0
875,0.364432270076409,1.0698864288881,1,1,-0.638473577746557,1,0
876,0.0131839583666654,3.67490269378752,2,0,0.476815916463436,0,1
877,0.0428285715867965,0.24127810606886,2,0,0.126877901007493,0,1
878,0.139517183889121,0.723381181834592,1,1,0.453124534744898,1,1
879,0.92357029318215,2.17629019627894,2,0,0.314902658505103,0,1
880,0.925933347063294,1.4234238101833,2,1,0.938332060377353,1,1
881,0.161159655835945,0.657267899433178,1,0,0.0140468838564065,0,1
882,0.161171866443795,1.26043057229569,2,0,0.702036304680905,0,1
883,1.06097023696044,2.40844594907854,1,1,0.416127282015422,1,1
884,0.615257018917993,3.62687437193583,2,0,0.936116852125878,0,1
885,0.265128001919948,0.683431305595823,2,1,1.6175599659088,1,1
886,0.0108079114231334,0.361747798003444,1,0,1.17409611813763,0,1
887,0.666033225107759,1.67685994481267,1,1,0.215959847161949,1,1
888,0.112598074600101,0.258622544783453,1,1,-0.202484961410643,1,0
889,0.0682565676352628,0.732536989574631,0,0,0.100111219663179,0,1
890,0.155765696428716,0.953105045122384,2,0,-0.512415666652472,0,0
891,0.175645733523468,1.36612515482068,1,0,-0.658392376662921,0,0
892,1.41012140192597,1.81611251994756,2,1,0.268561953498045,1,1
893,0.764376152406922,3.64551077946449,1,1,-0.365369333946562,1,0
894,0.0500360527075827,0.178841010977825,0,0,0.899215673303972,0,1
895,0.250132806249894,0.997392010355198,2,0,0.111659434356925,0,1
896,0.913391222818061,1.91583229915847,2,0,-0.814735053051932,0,0
897,0.214606243534945,0.401592751344045,0,1,0.167155921693509,1,1
898,0.0346454323153012,0.60039642039051,2,0,1.83633998206575,0,1
899,3.09342554868446,3.44678359459422,2,0,0.811961580005206,0,1
900,0.133320920867845,2.33526910059445,2,1,0.338989660148782,1,1
901,0.0711715483339503,1.09322954604561,2,0,0.691249189549143,0,1
902,0.285550649277866,2.03082871553134,1,1,-0.65846077855765,1,0
903,0.578400582075119,0.868196158071009,0,0,-0.730512442173282,0,0
904,0.247853197750396,0.667621131164026,1,1,0.153401543481013,1,1
905,0.940266256220639,1.61473408661192,2,0,-1.08569379414008,0,0
906,0.873137148097157,1.37803751633825,0,0,-0.309515121719237,0,0
907,0.401663238692508,1.47508358688081,2,0,-1.79606868956303,0,0
908,0.0795062445104122,0.41775670375103,2,0,0.673352005730928,0,1
909,0.441380384119049,4.07128473961439,2,0,0.181035943640287,0,1
910,0.276915811700746,0.634704625822448,2,1,0.98810373129244,1,1
911,0.343372438655966,0.748762007538179,1,1,1.25534139614762,1,1
912,0.145096770429518,0.397724273709944,1,1,0.885688165544073,1,1
913,0.407410640618764,1.01360397115459,1,0,0.0216452841652398,0,1
914,0.071155565790832,0.81224002254506,0,1,-1.25372431108374,1,0
915,0.431708895193879,1.05997016622714,0,1,0.521843770710022,1,1
916,0.75828188276272,1.0615091887028,1,1,0.546790304394419,1,1
917,0.444904508633439,1.41875033461484,1,0,1.98602551675647,0,1
918,0.186505707970355,0.973226954487942,0,1,0.983471286502537,1,1
919,0.0189246533827358,1.82830738855964,2,1,0.111263081338952,1,1
920,0.0273350806673989,0.643178907533487,0,0,0.222142754187997,0,1
921,0.429625251854304,2.27193224554261,0,1,0.094879178188217,1,1
922,1.01054116496222,3.75345329391611,2,1,0.150454715507247,1,1
923,0.354890555900056,0.548254352183639,2,1,0.448915929274665,1,1
924,0.151280362042598,1.24477023092869,1,1,0.895343163619685,1,1
925,0.757955993150182,1.40833941145216,2,1,0.559082867577356,1,1
926,0.272705283015966,2.14479976703568,2,0,-0.326924176709236,0,0
927,1.04957587365061,2.39949139455954,0,1,-0.566144156182433,1,0
928,0.932342947460711,1.03023645198379,0,0,-1.6716214960837,0,0
929,0.272528344357852,1.18524795398116,0,0,0.820931414749687,0,1
930,1.06693400070071,2.58407935892235,2,0,-1.52459176062405,0,0
931,1.04764975369313,1.77178917805816,2,0,0.408847444691284,0,1
932,0.124453140306287,1.71708272770047,0,0,0.756329847573084,0,1
933,0.0933456923201317,0.607285695541051,2,0,1.41296963777858,0,1
934,0.806275918763005,1.72971627134221,1,1,0.709831291646856,1,1
935,0.565719625140893,0.799430632032057,1,0,-0.0792917887156039,0,0
936,0.0178724183969018,1.49537162741236,0,0,0.477011587436372,0,1
937,0.153639073839209,4.44963511389991,0,0,-0.904944780726075,0,0
938,1.39414125299993,2.95794220330815,0,0,-1.11789797015927,0,0
939,0.128215537697542,0.994514982664015,1,0,0.347723277365729,0,1
940,0.331838304700796,0.347640409374362,2,0,0.0357396566288671,0,1
941,0.454273526110341,2.64632748437307,1,0,-0.149662252114558,0,0
942,0.540838478632149,0.722684056565289,1,0,0.521969141326921,0,1
943,0.365080515854061,1.37478949804351,2,0,-0.530917721088591,0,0
944,0.348137768916786,0.368364199359595,1,0,-0.140194657468134,0,0
945,1.4762002750391,1.9493898498559,2,0,-0.658858418311452,0,0
946,4.61152095694966,6,0,1,-1.67386618162746,1,0
947,0.853404714117579,1.26060509013793,1,0,0.267781357215417,0,1
948,0.152691338263839,0.296705523020404,2,1,1.13339736724348,1,1
949,0.428729886189103,2.37368111188213,0,0,-1.36559176346056,0,0
950,0.652536008247927,3.23002028020117,2,0,1.22032986422989,0,1
951,0.108777523432223,2.76530024140831,2,1,0.671091060696263,1,1
952,0.456716064363718,0.839138875642141,2,1,-1.21304188111412,1,0
953,0.30719665590644,0.63971299913592,1,0,0.338333536349431,0,1
954,0.349089968682293,0.479947440567108,1,1,-1.4907236320645,1,0
955,1.87609112352599,2.31609709694335,1,1,0.660616669110027,1,1
956,0.0195088115287945,0.970573801165176,2,1,0.648652677444572,1,1
957,0.114066893790117,0.255952349668082,2,1,-0.467332040533774,1,0
958,0.225255517289042,0.668427065791117,2,0,1.62262717181087,0,1
959,0.138756266901551,0.602303602293464,0,0,1.15517316815954,0,1
960,0.0184255509520881,0.957383702844195,2,0,0.930014594508207,0,1
961,0.264483239152469,0.998447724017919,2,1,0.111709159640225,1,1
962,0.340687190481607,2.40417654364424,1,0,-0.0139223689408602,0,0
963,0.579159051805915,0.934278342906986,1,1,-0.377856716437732,1,0
964,0.17872473459755,0.539342611754846,2,1,1.3056976171538,1,1
965,0.246088039786364,0.530135520733602,2,1,-0.979675776436346,1,0
966,0.364173265988939,2.31446533885384,1,0,0.293720292255469,0,1
967,0.011683681311946,1.73609526571433,2,0,0.898468929031037,0,1
968,0.06771108216955,0.182011169061485,2,1,1.33187968042479,1,1
969,0.0480324788287284,0.112089151518595,1,1,0.327156695102451,1,1
970,0.171054743518733,0.722014744081024,1,0,-1.56007667877201,0,0
971,0.430006740498357,0.654562799014573,2,1,0.908943195777386,1,1
972,0.616680830108754,5.43119218229414,1,1,0.26105966576067,1,1
973,0.281753680038519,4.07486346860727,0,0,-0.6787732138028,0,0
974,0.10133645409951,1.47963030104482,2,0,1.29184106543767,0,1
975,0.290323692315724,5.71518398958939,1,0,0.74246204883686,0,1
976,0.588273411241181,0.705079289244073,2,0,0.00124982297783087,0,1
977,0.119910961366259,0.306099868348948,2,0,1.27085053783346,0,1
978,0.196920450252946,0.910559964378062,0,0,0.116229323626311,0,1
979,0.0878519474645145,0.179723316529279,1,0,0.841506396779977,0,1
980,0.0738727189600468,0.0893377100074949,1,0,-0.174141490612903,0,0
981,0.0481435132678598,2.5576258605967,0,1,0.316260829897979,1,1
982,0.300787847372703,1.00252464278396,2,0,0.810256024433643,0,1
983,0.918363338586775,1.02955115909484,1,1,0.995689395319833,1,1
984,0.165120963356458,0.384717128079452,0,1,0.597397604918191,1,1
985,1.11120138894172,1.58140712770181,1,0,0.734757461743008,0,1
986,0.131581706518773,3.27161374358445,2,0,0.75290388261183,0,1
987,0.542195638767893,1.55714124858372,1,0,0.58429015031692,0,1
988,0.366426505688641,0.967190425161346,1,1,-0.38989752887096,1,0
989,1.21396059630775,1.4773802346146,2,0,0.300246098782233,0,1
990,0.308657847715951,0.992237783666112,1,0,-1.20858913799554,0,0
991,1.10874966345727,2.79931848222964,2,0,-0.0248461408940799,0,0
992,0.490764565765858,1.88182108761639,1,0,-0.871848190171069,0,0
993,1.18787225563416,2.34895574787259,1,0,0.670793853531201,0,1
994,0.0414432790130377,0.780810427071302,1,0,-0.549806694518557,0,0
995,1.58257829740049,3.98806723545537,2,0,-0.741832695751181,0,0
996,0.417338535189629,0.528931546003043,1,1,-0.348197500977728,1,0
997,0.724539030928803,1.20784891725528,2,0,-0.405088014912378,0,0
998,0.159624799782534,0.306721377020849,2,1,1.09626290939528,1,1
999,1.37961437102912,3.12188610744973,0,0,0.175282235079342,0,1
1000,0.471496097717255,1.40557606261664,2,1,0.975541438110752,1,1
1001,0.278639062889852,1.40892646397477,1,1,1.33354725223818,1,1
1002,0.503579663080013,1.68258782327794,0,0,-0.403253085177717,0,0
1003,0.143267951570365,1.25933309822967,1,1,0.293516308532327,1,1
1004,1.5450331649421,3.34344987910725,1,1,0.680148064123042,1,1
1005,0.615623491440721,2.71791323891053,1,0,2.37499349773351,0,1
1006,3.40171274153476,6,0,0,-1.13246356319314,0,0
1007,0.0656591021106578,0.102117625483949,2,1,2.12752295167407,1,1
1008,0.704611594348304,1.98431958057132,2,0,0.402356373334546,0,1
1009,0.746300740839735,1.80208492559946,1,0,1.61648840030064,0,1
1010,0.454188906316422,0.739180202949463,1,0,-0.908256633589886,0,0
1011,0.319070349796675,0.644210417730399,1,0,0.403673908485713,0,1
1012,0.451499465244644,1.45630701031077,2,0,0.922069329912676,0,1
1013,1.13900574151763,1.72360290570267,2,1,1.07861793663644,1,1
1014,0.0171778362710029,0.690131726286831,1,1,0.79030254596721,1,1
1015,0.0337548900279216,0.224028981727426,1,1,0.925396412303466,1,1
1016,0.600297645665705,1.83636955266228,2,1,-0.278978600664542,1,0
1017,0.0675735489002613,0.912465416127461,2,0,0.145732133397256,0,1
1018,0.240486182156019,0.366993702198533,1,0,0.105967779410783,0,1
1019,0.0322991734719835,0.0584976709145026,2,1,0.471344271027282,1,1
1020,0.567236099715166,1.33886007841504,1,0,0.0312209255743399,0,1
1021,0.140781444851635,0.691987373149976,2,0,0.0251322823387254,0,1
1022,0.186623382833592,1.52427286225539,1,0,-0.317705519813625,0,0
1023,1.18076664581895,2.6131673857695,2,0,-0.721045625618135,0,0
1024,0.591040805421591,1.16776295316716,0,0,2.14450995346729,0,1
1025,0.272229733566235,2.20484313311212,1,0,1.09085106967016,0,1
1026,0.586270756294772,1.24309528967208,0,0,0.016462830583749,0,1
1027,0.0957345071947202,2.70212531503329,2,1,1.8854031226931,1,1
1028,0.013377721006631,0.375020447840571,1,0,0.272020372560086,0,1
1029,0.492547391913831,1.03437558068633,1,0,-0.327167994723102,0,0
1030,0.205601551861037,0.276261326111538,2,0,2.44522830398543,0,1
1031,0.0456166161670397,0.366486321163348,1,1,0.0529369591633316,1,1
1032,0.236857874121761,0.442292407577592,2,0,1.02067009049869,0,1
1033,0.0116337900981307,0.718358913291643,1,1,-0.230339297574645,1,0
1034,0.215242185629904,3.93395453692501,2,0,-0.506691382795136,0,0
1035,0.0496244517853484,1.61841434750307,1,1,0.250002772278117,1,1
1036,0.438538109674116,1.34274482167704,1,1,0.620871233789256,1,1
1037,0.19153923459418,2.3728544952615,0,0,-1.48434053911094,0,0
1038,0.499770166908212,2.73712387845637,2,0,0.684867248903127,0,1
1039,0.220143636106513,0.313510912141416,2,0,0.897046124502835,0,1
1040,0.867194647683526,1.76724966784309,1,0,0.391341229630467,0,1
1041,2.31581464028897,6,0,0,-0.889190961146114,0,0
1042,0.0807489723733833,1.48711849647178,1,1,-2.07900332614258,1,0
1043,0.537558160948257,0.551661339423531,2,0,0.105223722783416,0,1
1044,1.37245270516723,2.85802302400304,1,0,-1.68262008792688,0,0
1045,0.575667874887586,3.06084989325061,2,1,-0.272789404958035,1,0
1046,0.175132848322392,4.16350078716215,1,0,-0.44750804813568,0,0
1047,0.219589193584397,0.358619564932357,2,0,0.364687795628321,0,1
1048,1.03993692155927,3.29800552944392,2,1,-0.145910213245673,1,0
1049,0.308580982837501,1.07287642235557,0,1,-0.566995424784637,1,0
1050,1.14717157557607,3.43902675533866,2,0,-0.0559119667024551,0,0
1051,1.00014493335038,1.57095256888589,2,0,-0.812111560833805,0,0
1052,1.19828153862023,2.44039490109004,1,1,0.889310676034424,1,1
1053,0.656820166024889,0.713821255052504,1,1,-0.242585630699589,1,0
1054,0.199159416370094,0.307186991083032,2,0,-0.23011983819142,0,0
1055,0.231829678203812,0.645059063048709,1,1,0.899178490725464,1,1
1056,0.582307148116462,0.763990727260819,2,1,0.323537390849176,1,1
1057,0.263854017562626,0.815708017538833,2,1,1.58557230961858,1,1
1058,0.518291204326607,0.958271453979359,1,1,1.16233902869116,1,1
1059,0.521878940274094,0.589734675999856,1,0,-1.54529659173395,0,0
1060,0.0218339425529572,1.56719431280754,2,0,0.147377677078178,0,1
1061,1.7991179357374,2.32785643525602,0,0,-1.48157460365777,0,0
1062,0.257726960408036,1.70623191067069,1,0,1.47177213925708,0,1
1063,0.37240038451273,0.446649618662152,0,0,0.379213550338912,0,1
1064,0.0205352282500826,0.864649821592265,2,0,0.724475245463259,0,1
1065,2.29304426341298,2.39622637716142,0,0,-0.957943460954801,0,0
1066,0.705849704073563,0.847248782804788,1,0,0.285922172991008,0,1
1067,0.265305683715269,0.433571636287214,1,1,0.406670930006867,1,1
1068,0.15252904035151,2.80823123887926,2,0,-0.497656655442932,0,0
1069,0.355989430099726,1.97237119389077,0,0,-0.978955116573815,0,0
1070,0.0345736318917913,0.268404523266504,1,1,-0.557128895310897,1,0
1071,0.112345399684273,1.43862593194167,1,0,1.06354072279849,0,1
1072,0.034549274683854,0.442883692060908,0,0,1.31339570793555,0,1
1073,2.31302449815817,2.56154903743652,2,1,0.448236118817263,1,1
1074,1.65946504945117,2.01962156243381,2,0,-0.497780947359242,0,0
1075,0.0890652113594115,0.179074354453156,2,1,0.712444977404432,1,1
1076,0.165818665118422,0.715106080438781,2,1,1.22448380586553,1,1
1077,0.747675398571238,0.893271147033902,2,0,0.133743222651427,0,1
1078,1.14488344234979,1.58031535938533,1,1,-0.34932689399744,1,0
1079,1.48272224489152,2.04693508527288,2,0,0.560262713195612,0,1
1080,0.605967374841504,0.643923079595866,0,1,0.757876316596977,1,1
1081,0.0565060256049037,1.89283559030046,1,1,-0.560352572046511,1,0
1082,0.87481865654105,0.948966682578127,0,0,1.39779547643998,0,1
1083,1.50577376960757,2.24831718256449,1,1,-0.575299178540482,1,0
1084,0.0591816703672521,0.317964888699308,2,1,1.55519650392826,1,1
1085,0.294026951305568,1.13253697204365,1,1,0.326683626225625,1,1
1086,0.189023402926978,0.695042904107953,1,1,1.86513573682672,1,1
1087,0.466287194310299,3.23331909564634,0,0,0.659185346244467,0,1
1088,0.243508013663813,1.2239632918182,1,0,0.7949411373976,0,1
1089,0.283321943134069,0.47288601907591,0,1,-0.291628080953931,1,0
1090,0.107238753519431,0.128192429543957,1,1,0.430671538498999,1,1
1091,0.585424702185093,3.46487118707114,2,0,1.07032061320722,0,1
1092,0.38975443050731,1.4148358215457,1,1,0.79955147479891,1,1
1093,0.0652797561358916,2.36406420879248,2,0,-0.197588446442929,0,0
1094,0.404632218414918,1.75185320462911,2,0,0.100039695735717,0,1
1095,0.0319215626223013,1.41884863376617,0,0,0.247133740362852,0,1
1096,0.365338554247137,1.53898416809255,1,0,-0.981221522641239,0,0
1097,0.721248195506632,0.725515863163367,1,1,-1.34149889511178,1,0
1098,0.050183704122901,0.923752548793952,0,1,-1.67676508933101,1,0
1099,0.210383262892719,6,0,0,1.14283527016538,0,1
1100,0.491148221604951,1.96810895216366,1,0,1.16050564149328,0,1
1101,0.698507746047223,3.02946953102946,0,1,0.801157916364877,1,1
1102,0.415039084909949,1.46021899751481,1,1,0.0353769949378719,1,1
1103,0.313266863231547,0.746156130630655,1,1,0.00112247833894566,1,1
1104,0.815583811464541,1.03491157828074,1,1,0.21106490445045,1,1
1105,0.22454958578638,0.284010422863939,1,1,-0.482894294343928,1,0
1106,0.820886571891606,1.44868826097102,1,0,-0.157270321391983,0,0
1107,0.226893900544383,0.315042953817018,2,1,1.06252479235936,1,1
1108,1.38950554263576,4.88722824180461,2,0,-1.08231991386323,0,0
1109,0.455558773130178,0.561962961084638,1,1,-0.393583689945974,1,0
1110,1.55024323045256,3.15017866192756,2,0,-0.218798202944055,0,0
1111,1.07371581713809,3.10232063423573,2,1,0.184644949130387,1,1
1112,0.364340039668605,1.38163357662658,0,1,0.531592485165083,1,1
1113,0.264989650459029,2.30101032447166,1,1,1.30286721488396,1,1
1114,0.213050036691129,1.84490631828191,1,0,-0.152253170465323,0,0
1115,0.379601790918969,0.597259688880186,2,1,1.02521631239054,1,1
1116,0.362823945761193,3.45840849239174,1,1,0.613384723187733,1,1
1117,0.370894209190737,4.42674983575942,2,0,0.824705518958963,0,1
1118,0.136780658026744,2.4363545306827,2,1,0.428115853904778,1,1
1119,0.0415232393237909,0.0537758264238666,0,0,0.503609427703955,0,1
1120,0.323210668750107,0.643134908323509,1,0,-0.426499828358278,0,0
1121,0.59613308808469,0.922275143283734,2,1,0.369309284003122,1,1
1122,0.287438091095131,0.639942559651508,1,0,0.276566464979962,0,1
1123,0.62613187764659,1.92610018386523,2,0,0.079898892870273,0,1
1124,0.495255961692807,1.78232481789157,1,0,0.0395420958843124,0,1
1125,0.33830901586666,1.40807147621536,1,0,-1.92668868333379,0,0
1126,1.59999230985104,1.61875936140959,0,0,0.646790512540253,0,1
1127,0.489700786975965,0.558708377476048,2,1,0.650127123226499,1,1
1128,1.62828270337524,5.47648096057586,0,1,-0.235135771151076,1,0
1129,0.110393387492317,0.644929945853,1,0,-0.0744192607937471,0,0
1130,0.599426779017999,0.728243116626795,1,1,-1.38607083259534,1,0
1131,0.153877782868221,1.0622773381571,0,0,0.971391589933361,0,1
1132,1.39472738207071,1.70984442770075,1,1,-0.794425734136374,1,0
1133,0.0566628633532673,1.35572106135318,2,0,0.724348812614481,0,1
1134,0.974805163820759,1.48039357014158,1,1,0.480487259201473,1,1
1135,0.729679982961807,5.13474367423661,2,1,0.163177520943577,1,1
1136,1.04944116091498,2.55487610100074,2,0,0.387142495560181,0,1
1137,0.458549452016774,1.71836305510646,1,0,0.17114725651534,0,1
1138,1.24052945710719,4.93419159876819,2,0,-0.283468893303772,0,0
1139,1.75186685091796,3.32891235818582,2,0,-1.69519254094914,0,0
1140,0.622454582454458,1.74146009938635,2,1,0.0477057876606214,1,1
1141,0.171916519175284,0.19025043796763,2,0,1.51396704496278,0,1
1142,0.21616709185722,1.93768475450971,1,0,-1.15784192578132,0,0
1143,1.19192761899672,2.61015938492354,1,0,0.541852150389405,0,1
1144,0.152876891952474,0.723944130624097,2,1,1.33003095439811,1,1
1145,0.0378067763522267,6,0,0,-0.846286872488157,0,0
1146,0.110353154304903,1.84284044397746,2,0,0.576749718426251,0,1
1147,0.167968035158198,0.303720980882645,0,0,0.204744724336696,0,1
1148,0.656575281636035,1.52042224946576,2,0,-0.771683623440049,0,0
1149,0.0423198635075151,0.224927605523785,1,1,-0.774008861208411,1,0
1150,1.40462015165521,1.46972438093745,2,0,0.716288006109003,0,1
1151,0.283379956381395,0.75084728034032,2,1,0.530429898685479,1,1
1152,0.241734909650404,1.08728945215826,2,1,1.1485423082704,1,1
1153,1.16740463645534,1.22823817514034,2,1,0.778468022441138,1,1
1154,0.176124697551131,0.597565285022562,1,1,-0.529580409349046,1,0
1155,0.0628137802705169,2.39714335626297,2,0,-0.346667187266357,0,0
1156,0.512949929080725,0.543297051064721,0,1,1.6335010227651,1,1
1157,0.687252581675358,1.07978309543041,1,0,0.457273908166555,0,1
1158,0.649062558760589,1.90263289873457,1,0,1.09005923506101,0,1
1159,0.666072810143598,6,0,0,-2.14595830737536,0,0
1160,0.0447469505991872,0.535474903468347,1,1,0.500008055834437,1,1
1161,1.84626168190482,4.23039958557846,2,0,-0.99840764302368,0,0
1162,0.0195552792865783,0.0420322651724774,2,1,0.90808613190591,1,1
1163,0.0921993542222226,0.161586799536981,1,0,0.848213073919716,0,1
1164,0.732120230793953,1.34891922895906,1,1,-0.473993841680468,1,0
1165,0.342431860044599,2.43552472799124,1,0,-0.927144922250934,0,0
1166,0.775144225309424,1.03768063272743,1,0,1.41591040060082,0,1
1167,0.519469953142107,1.53028867055326,1,0,-0.538513985465533,0,0
1168,0.275694218871649,1.91969064302129,2,0,2.55031785489025,0,1
1169,1.59141225731912,1.85227143409494,1,1,-0.300550705025345,1,0
1170,0.0406342560649384,0.496350603583385,1,0,0.157191485834686,0,1
1171,0.423316374362912,1.48556546730105,1,1,1.22233511896008,1,1
1172,0.420304492290597,0.779076466770574,2,0,2.83507754243501,0,1
1173,0.312215897529227,2.04804926504607,2,0,1.44902388802442,0,1
1174,0.232528212363832,0.521377571241136,2,1,0.313070222232086,1,1
1175,0.459678628337631,0.646300206785058,2,0,0.304912383179911,0,1
1176,0.12985938321799,1.50694023166258,2,1,-0.284423589257037,1,0
1177,0.306142652407289,0.481926308139795,2,0,2.71467833249538,0,1
1178,0.0548996310681105,2.68468200931851,2,0,0.760041483975758,0,1
1179,0.218385472835507,3.34364359577497,0,0,1.27422732002634,0,1
1180,0.187296002113726,0.856455809747179,0,0,0.135116811639266,0,1
1181,0.220179041207302,0.505473334093867,1,1,0.618331588536923,1,1
1182,0.404939078434836,1.40429752929734,1,1,1.25142610612962,1,1
1183,0.673104173859073,3.62911118991633,2,1,-1.01282997725179,1,0
1184,0.506888809005551,0.868065596931276,1,1,0.0190550989457933,1,1
1185,0.155976703681517,0.453245693934033,1,0,0.0821692681840719,0,1
1186,0.256757629686035,0.892378509393298,2,0,0.600296223719018,0,1
1187,0.165169622923713,0.196994730644689,1,1,0.818640836052455,1,1
1188,0.939995999448001,1.37900443297658,2,0,-0.157971655674545,0,0
1189,1.87426771612392,4.28734828718007,0,1,-0.279343296055616,1,0
1190,0.434058568134974,1.20088060778897,1,0,0.12393101266991,0,1
1191,1.17108292988838,1.40799278823601,2,1,0.815287989988839,1,1
1192,0.475785809126556,0.746238535245354,1,1,-1.07070681927775,1,0
1193,0.174273543525487,1.72596567785564,2,1,0.913016636357929,1,1
1194,0.631538174115121,0.645028907646388,0,1,-0.408491704706263,1,0
1195,0.322927777306177,1.91820911534468,2,0,1.35523475335376,0,1
1196,0.075824954284311,0.690563449623491,1,1,2.01156081626275,1,1
1197,0.178991506400052,0.622169046715443,2,1,1.57134716923176,1,1
1198,0.0695987630613078,0.667657625729201,2,1,2.00939472499191,1,1
1199,0.226454850286245,3.0219502436618,0,0,-0.340207745796671,0,0
1200,0.0470214737579226,0.403183971705536,1,0,-0.713182252655921,0,0
1201,0.111500962309897,0.116815027306333,2,1,0.154012273891093,1,1
1202,0.36282211728394,2.92616367087468,2,0,-0.230362301207928,0,0
1203,0.413082077284344,2.69264399861297,2,0,0.322621711430473,0,1
1204,1.7860565612905,2.30868867747161,2,0,1.12200673761177,0,1
1205,0.23092355660921,1.65201546543186,1,1,-0.567254767283377,1,0
1206,0.209823587909341,0.435976638823382,1,1,-0.396702395067562,1,0
1207,0.443839511855498,0.736990918715795,0,1,1.91320685874852,1,1
1208,0.385734918527305,0.603174095717703,1,1,0.478672234192838,1,1
1209,0.124431875534356,4.0476421180207,1,0,-0.351632388952457,0,0
1210,0.0881325564114377,0.381511204261097,1,1,1.01499791818726,1,1
1211,1.08574022184463,2.91590566126009,0,0,0.0116204345160861,0,1
1212,0.456604617920904,2.396201024925,2,1,0.944982072177731,1,1
1213,0.14860229275655,2.07674975654745,1,0,0.069136923313104,0,1
1214,0.211515302362386,0.857906467938112,1,0,0.670516110817337,0,1
1215,0.0317599470145069,0.693634505474038,1,1,0.227925242988164,1,1
1216,0.103373456513509,0.525536992023032,1,1,0.67260719573333,1,1
1217,0.656680683579117,1.9877601855348,2,0,1.14753972971722,0,1
1218,1.12064216751605,2.64771621360847,0,0,-0.687868762761963,0,0
1219,0.453716234304011,1.04848659286896,0,0,-0.635842433336057,0,0
1220,0.158804629929364,0.261536398386144,1,1,-0.81723648610265,1,0
1221,1.30840755432206,1.44498787655209,1,1,0.357090353493056,1,1
1222,0.302897622808814,0.518379729862015,0,0,-0.827756695282729,0,0
1223,0.121619409474079,0.285492358813771,2,1,1.0592237280349,1,1
1224,0.815108045935631,3.11322991026575,2,0,-0.202513038054753,0,0
1225,0.100954708072294,0.522360559313239,1,1,0.329157468372147,1,1
1226,0.618493051707566,2.16559828769606,1,1,0.182353253000449,1,1
1227,1.00640469321679,1.66713753770416,1,0,1.19961081418433,0,1
1228,0.212388504005503,0.538750790623026,1,1,0.835815403278208,1,1
1229,0.347704467467047,0.927283940094348,1,0,-1.94454127997573,0,0
1230,0.0745392244425602,2.20249523316916,1,0,0.194840036402923,0,1
1231,0.0957051678564222,1.86864056314031,0,1,0.075876672203208,1,1
1232,0.518747734578148,1.212184863664,1,0,0.00810598525613746,0,1
1233,0.513895928134963,1.48060577718761,1,1,0.303242959483342,1,1
1234,2.21203140906038,4.37412244102222,2,0,-0.602594642725318,0,0
1235,0.543270367171437,1.03433816799369,1,0,0.57427998893367,0,1
1236,2.37890765435042,4.69650413687223,0,0,-1.01129343962873,0,0
1237,0.346725845998545,0.591672682002535,1,0,0.218790567121866,0,1
1238,0.186315953615122,2.40239526538491,1,0,0.183841168910318,0,1
1239,0.0213817727369733,0.955401408154144,2,0,0.591577644411687,0,1
1240,0.336809423209214,0.75085462465724,1,0,-2.36486388154396,0,0
1241,0.0324287088005804,0.391126969107994,1,1,0.740903036714738,1,1
1242,2.36653383999112,2.79279608589908,0,1,-0.366918847071762,1,0
1243,0.490118504289998,0.828497066748063,2,1,0.874883936857061,1,1
1244,0.031580955088856,1.10883078918246,1,1,0.413547367006556,1,1
1245,0.0359334108769492,1.38491255615743,2,0,0.267853950717163,0,1
1246,0.0247202866012231,0.0677744747270233,2,1,0.917194482178215,1,1
1247,0.205163691425696,3.1504745479395,1,1,0.176735057944894,1,1
1248,2.71454996607246,3.78535685439905,0,0,-1.05303342980419,0,0
1249,0.186624818805021,0.36255267781124,2,1,1.40375368797542,1,1
1250,0.276717602214568,3.47566951293616,2,0,0.474336084059947,0,1
1251,1.12624843604863,1.86953540809475,2,0,-0.70903541411428,0,0
1252,0.353101299260743,1.29752302442917,2,1,1.42709551889343,1,1
1253,0.207632754754741,0.548469517734305,2,1,0.928187750065315,1,1
1254,0.0999348853271277,3.94947210326791,0,0,0.799451791524056,0,1
1255,0.226930386386812,0.353204533714915,1,1,-1.06521920763858,1,0
1256,0.00136557529913262,0.752501192813118,0,0,0.765404926152499,0,1
1257,0.841009605766095,5.04485954674492,0,0,0.20690372224305,0,1
1258,0.671082864515483,5.18941149708438,0,0,-1.02583109222521,0,0
1259,0.348793884913903,0.619252640653796,1,0,0.226754190341821,0,1
1260,0.8283971913362,1.0386791359142,2,1,0.225685972429918,1,1
1261,0.407888522022404,0.62189077903362,2,0,1.15623616951197,0,1
1262,0.104447578196414,0.448235980934819,2,0,0.387890091063855,0,1
1263,0.971980472095311,1.6919790232091,1,0,-2.27706785940549,0,0
1264,0.196820793673396,2.12987336962503,2,0,-1.17776427050039,0,0
1265,0.581367451205671,2.22432178238541,1,0,0.746439569560774,0,1
1266,0.0250613918284932,0.575855442889214,1,1,0.455956812850661,1,1
1267,0.194047765385003,0.434771771968225,1,0,0.553798377504872,0,1
1268,0.546442855614789,1.01543725182745,2,1,0.167857695073261,1,1
1269,0.633370541798083,1.90276565442221,2,0,0.662900495095449,0,1
1270,0.980512883514166,2.42754949741911,2,0,-0.153012251036746,0,0
1271,0.275968387722969,0.616449313238263,0,0,-1.17042322017771,0,0
1272,0.11091375354464,0.554491039900871,0,0,1.62462021855658,0,1
1273,0.0457205194979906,0.569646916103825,1,1,-1.11604041123473,1,0
1274,0.560476294207339,0.642003650310111,2,0,0.263965372982447,0,1
1275,0.192817573188597,0.565856009100874,0,0,1.07219767045623,0,1
1276,1.4474164519137,3.62331122597505,2,0,0.325961152870417,0,1
1277,0.0171106401830912,1.1851367342045,2,0,-0.545423002919031,0,0
1278,0.188603797927499,1.75900369339338,2,0,-1.26399088374232,0,0
1279,0.30272753268946,2.23999236505909,0,0,1.72638348960276,0,1
1280,0.42993897292763,1.15643350926832,1,0,-0.455795991415942,0,0
1281,0.240285145409871,0.30176119397835,2,0,1.08140872946429,0,1
1282,1.08586187702009,1.11798261439392,2,0,1.11288994240717,0,1
1283,0.323416473162946,0.863369687745709,2,1,0.765224896490109,1,1
1284,0.0986670978808745,0.258881889616254,2,1,0.878376222294908,1,1
1285,0.47142523461882,0.719929534208651,2,1,1.31875603416558,1,1
1286,0.151766183844302,0.627036609733215,1,0,1.73685438902038,0,1
1287,0.00492552324431017,1.08146781825662,2,0,0.42508211513227,0,1
1288,0.475951830235654,1.15612146026591,1,1,0.0712466342080386,1,1
1289,0.0215217615331409,0.208251223380081,1,0,-1.23851812114036,0,0
1290,0.476666918813072,0.908116008488075,1,0,0.0939661790996602,0,1
1291,1.30698788352311,1.51280765054522,1,1,-0.222704339719427,1,0
1292,0.739967901582651,0.787718033080192,1,0,0.570139142994532,0,1
1293,0.234882402291987,2.01329119381897,2,0,1.34995919037036,0,1
1294,1.52289785942451,2.67667696811259,0,0,-0.0618575603959035,0,0
1295,0.217424873262644,0.68406671834921,1,1,-1.19659555710317,1,0
1296,0.00574634352271723,3.22666511488497,2,0,1.70054001077616,0,1
1297,0.405574053002056,2.81452276371103,1,1,0.323614221092148,1,1
1298,0.0610375578980893,0.135708384454161,2,1,2.1446247386091,1,1
1299,2.521889667874,2.66253194150825,0,0,-1.16539920287403,0,0
1300,0.0757030081003904,0.442354176890033,1,1,-1.61639769662107,1,0
1301,1.00426310207695,1.41726236830072,1,1,-0.222821913119383,1,0
1302,0.47571802450978,0.926124455716609,2,0,0.433923219208736,0,1
1303,0.244059260585345,0.582619630622327,1,1,0.186114790496692,1,1
1304,2.34321393064203,4.80168640561652,2,0,-0.0462580838135001,0,0
1305,0.0191969322622754,0.10482820028732,2,1,0.618712451329119,1,1
1306,0.203522342490032,0.37947188607454,0,1,0.792356319699272,1,1
1307,0.0178055297583342,1.00674931167739,1,1,-0.705960223769028,1,0
1308,1.87272613214529,2.18198063486577,2,0,-0.0306060671423165,0,0
1309,0.76193308222276,0.984313372188499,1,1,1.07971415483498,1,1
1310,0.93505082064645,2.35737897070078,2,0,1.17806803255439,0,1
1311,0.382562608574517,2.4417208679431,2,0,0.947243930519126,0,1
1312,0.00252578058280051,1.14463477319443,1,0,0.122113446095442,0,1
1313,0.659921900139341,2.00988028444209,1,0,-0.595199491103316,0,0
1314,0.041715614347579,0.160353197335419,1,0,-0.370401562294022,0,0
1315,0.380563198414166,1.15277283819971,1,1,1.33100731554996,1,1
1316,0.0369357605814002,0.0660373671463465,2,1,2.29376971720941,1,1
1317,0.274348680395633,0.909048221911276,2,0,0.421583677488427,0,1
1318,0.028190223544056,0.133874928578734,0,1,-0.0718473558213601,1,0
1319,0.067370425676927,0.508516171727367,1,1,0.891675312112622,1,1
1320,0.913554343394935,2.36421068015714,1,0,-0.768900555641532,0,0
1321,0.131870490149595,1.1100849195773,1,1,0.931751241545379,1,1
1322,0.159368882589285,0.44373222750263,1,0,0.0561860439307684,0,1
1323,0.343537329754326,0.392428696195981,2,0,0.919266705433956,0,1
1324,0.254152026027441,0.828306441325456,1,1,-0.297980504160519,1,0
1325,0.0272515579126775,1.03156675626012,2,0,0.510986006642978,0,1
1326,0.512416894999397,4.64112727669375,2,0,0.0146916667752249,0,1
1327,0.122787001866507,0.537248137435953,1,1,-0.55300121624853,1,0
1328,0.000713115558028221,0.726449764178227,1,1,-0.814631016557085,1,0
1329,2.62380450955572,4.23642057053373,2,0,-0.496443579328389,0,0
1330,0.747451425022707,0.769896280077239,1,1,0.528038000376491,1,1
1331,0.108321556181181,0.369804342435135,2,1,0.250538258254703,1,1
1332,0.0196411088109016,0.649206750823361,2,1,0.73406656367683,1,1
1333,0.955998180434108,1.98377431092568,1,1,-0.617171001693997,1,0
1334,1.38813578838787,1.92391353520957,2,0,0.368201905875214,0,1
1335,0.532621167923145,0.672426794966062,0,0,0.271460635030816,0,1
1336,0.0626154689234681,0.867844598489779,1,1,1.67562392219674,1,1
1337,0.180808519013226,6,0,0,-1.20229293558094,0,0
1338,0.933304788544774,1.48570778754397,2,1,-0.74592302371,1,0
1339,0.00658499862765893,0.10101647194139,2,1,0.500930636735473,1,1
1340,0.892346611892447,2.24527136952667,1,1,0.695608633042114,1,1
1341,0.0241752146393992,0.328962940399048,1,0,0.396502486939176,0,1
1342,0.923445791652069,1.019581775957,1,1,0.113214164898361,1,1
1343,1.45813392280581,2.46606480087338,1,0,-0.869156191747554,0,0
1344,0.419926698959898,0.781867248460051,1,1,1.01973738123253,1,1
1345,0.732099168002605,0.901209749598843,1,1,-0.797081318438401,1,0
1346,1.0038923494924,1.34914653387008,1,0,0.410827641892743,0,1
1347,0.23630695146407,0.74289168213335,2,0,1.55304774656426,0,1
1348,0.0734442032990046,0.194051987036371,2,0,0.403061423419831,0,1
1349,0.580909337453679,0.659548591462983,1,1,-0.537585636699303,1,0
1350,0.0122408017935556,1.72287013305833,1,1,1.39746796518143,1,1
1351,1.21191273629665,1.8584907711682,1,0,-1.47991256592802,0,0
1352,0.443253780073863,1.13289807113742,1,0,1.48513009687107,0,1
1353,0.351968159375247,1.59777375641326,1,1,0.386738807514844,1,1
1354,1.96433170503917,3.17602790136814,1,0,-1.67304518902764,0,0
1355,1.11624244129622,1.39538563364659,2,0,1.63517267315432,0,1
1356,0.264917031454388,1.46799696148084,1,0,0.648902041998838,0,1
1357,0.350224913272541,2.02717034923348,1,0,1.1428760243926,0,1
1358,0.0561944200376529,0.869666735750597,2,0,0.416094991420518,0,1
1359,2.11536527704819,3.35538006387651,0,1,-0.678846688971992,1,0
1360,0.404462483711541,1.8340266789082,1,0,-1.40228142283858,0,0
1361,0.135677274905427,0.553151720974439,1,1,-0.288552575000979,1,0
1362,0.949803986182649,1.5606859659569,1,1,1.32329108539606,1,1
1363,0.259976765454213,0.313331915526396,2,1,-0.858108633178126,1,0
1364,0.306099171750247,0.831213184996278,1,1,-1.67815717555479,1,0
1365,0.244129097554833,0.285188388973921,2,0,1.72354796525315,0,1
1366,0.510729075150386,1.2695581076132,1,1,0.665604550899559,1,1
1367,0.132448995485902,1.01070859538372,2,0,-0.0571796963946223,0,0
1368,0.00289815967549619,1.94975886579029,1,0,-0.141899099559653,0,0
1369,0.287470052363062,0.464273345167905,2,1,0.655170257455388,1,1
1370,0.0794513852451928,1.6291189812156,1,1,0.989735173818688,1,1
1371,0.907860209234059,1.14737943785335,1,0,-1.11953299719545,0,0
1372,0.187825897010043,0.858243476178393,1,1,0.338496710275244,1,1
1373,0.232152079988737,0.728473964744325,2,0,1.65978572806282,0,1
1374,0.279936991631985,0.613064926279523,0,0,-1.40351757497042,0,0
1375,0.777124625720836,1.85703570302261,2,0,0.520118313143524,0,1
1376,0.121870565926656,0.589913726712315,1,0,0.63112916445314,0,1
1377,0.171265458638406,4.72540458449771,2,0,-0.239513556725386,0,0
1378,0.421507026114435,0.442543820893678,1,1,-0.112066076028211,1,0
1379,0.0763969842228107,1.71178394554894,1,1,1.05246237339886,1,1
1380,0.0566833797878222,1.67073602206843,1,1,0.666157768607497,1,1
1381,0.629945028573275,0.938944375401411,1,0,-1.9606478674563,0,0
1382,0.642309186488211,1.41739654303044,2,1,0.940036962242341,1,1
1383,0.11824774206616,0.90144464886096,2,0,0.784193099767904,0,1
1384,0.0598571766749956,3.61893880065862,2,0,0.798454101946775,0,1
1385,0.909374894574285,2.91929805796421,2,0,-0.914782911317965,0,0
1386,1.54055510756134,1.88079354041628,1,0,0.725667715639814,0,1
1387,0.535948646694243,0.607257511540026,0,0,0.426179052789766,0,1
1388,0.42591102537699,4.31052856500898,1,1,0.0325750455525275,1,1
1389,0.13329335787741,1.73787793256498,0,0,0.387796306109914,0,1
1390,0.0656820423319004,2.65311459939221,1,1,0.566517719508135,1,1
1391,0.561622976325452,3.82768683488539,1,1,-1.02774881183775,1,0
1392,0.537746988236904,0.899591151310093,1,1,-0.888942206990218,1,0
1393,0.739885047103661,5.69285295576822,2,0,-1.41999189817583,0,0
1394,1.23680275743233,1.7470675324854,1,1,0.0275509978076696,1,1
1395,0.124510661099481,0.228632133682632,1,1,-0.368556531438306,1,0
1396,0.446345346452713,1.10874458277166,2,0,0.486822543144783,0,1
1397,0.435725232586265,1.03862828875813,0,1,-1.45508286019348,1,0
1398,0.196068957668105,0.206183379790492,1,1,-1.1079632230992,1,0
1399,0.3631901438348,1.14462857585568,2,1,0.776080118636531,1,1
1400,0.365056779992301,1.3085260264958,2,1,0.50910855366047,1,1
1401,0.183771747486558,0.237955621860025,1,1,-0.299160401831424,1,0
1402,0.180751554891288,1.83398311744581,2,0,-1.23674158498633,0,0
1403,0.541969099962045,1.73975837849904,2,0,1.60598331263847,0,1
1404,0.0125445183366537,0.55740075185895,0,0,-0.361275801459137,0,0
1405,0.381179005188965,1.32112861605602,0,1,-0.726827447366662,1,0
1406,0.246759435161948,0.30443726983956,2,0,-0.82355237594199,0,0
1407,0.0214321445673704,1.44772945231498,1,0,0.202891912456363,0,1
1408,0.137677464467302,1.15794980686705,1,0,1.66228414858407,0,1
1409,0.0151876164142208,0.619778572689744,1,1,0.737049581451327,1,1
1410,0.299777059699409,0.339871654755586,1,1,0.206204280966815,1,1
1411,0.167324996956708,2.96847261726649,1,0,0.232170242055006,0,1
1412,0.151170955039561,0.542921188187846,1,0,-2.02253432170169,0,0
1413,0.703524491413364,2.48434726148844,0,0,-0.441087384531431,0,0
1414,1.95567382155864,2.00558110212625,1,1,-0.570870473896389,1,0
1415,1.19968444569373,1.73878966209789,0,0,0.455213335909616,0,1
1416,0.31717394158477,2.19912895441866,2,0,1.12882003939678,0,1
1417,0.336509865592234,0.83492708495503,1,1,0.772114140379152,1,1
1418,2.01276721734583,4.5245622576423,2,0,-1.19349379226374,0,0
1419,1.61145531750264,5.09158352982577,2,0,-0.162727911206849,0,0
1420,0.572733109113774,1.01047959758885,2,0,0.581923732406798,0,1
1421,0.193841282278299,0.205786635486504,1,1,-0.520226499326422,1,0
1422,0.371195801533759,3.9086578369662,1,0,-0.549819316588526,0,0
1423,0.37787946726894,1.24690496436369,2,0,1.05417199865787,0,1
1424,0.115903589969793,2.00142147359804,2,0,-0.518603287185586,0,0
1425,0.299450953273363,0.450154014578312,1,1,-2.83417515199473,1,0
1426,0.0625317927915603,0.649090457719832,1,0,0.934408745633485,0,1
1427,0.0480472652070033,0.117823086668415,2,0,1.0108543185515,0,1
1428,0.121052135364152,1.8155485468256,1,0,0.197895708529498,0,1
1429,0.306976664284647,0.819285024538705,1,1,-0.947988585531654,1,0
1430,0.147794880904257,2.6171333173614,1,0,-0.766828666014386,0,0
1431,0.491469400003552,1.06178136608599,1,1,-0.352443278670778,1,0
1432,1.78605637509279,3.01100979842545,2,1,-1.68230994870219,1,0
1433,0.204141757450998,0.288982109891125,2,1,-0.465845399172746,1,0
1434,1.04835529904813,1.54583600480318,2,0,-0.0267207726381222,0,0
1435,0.711694058819495,2.33484045179855,2,0,0.635807781375137,0,1
1436,0.653626234402772,0.991799088310272,1,1,0.515304579700688,1,1
1437,0.199631506577134,0.204990487746823,1,1,-0.646693709648251,1,0
1438,0.0170066553982906,1.84265787549467,2,0,1.92735811562313,0,1
1439,0.383900688894064,1.18609697868427,0,0,0.164768793631943,0,1
1440,3.24006358206791,5.99956723829903,2,1,-0.700185874773525,1,0
1441,0.464405394119158,3.02823199991876,2,0,0.0595174660290951,0,1
1442,0.113280019493716,1.00994275462722,2,0,0.107648998133018,0,1
1443,0.31839115486946,0.362933515291619,1,1,0.749576529180404,1,1
1444,0.27599166991422,2.39217588982904,2,0,0.339873297865091,0,1
1445,0.691901908202399,1.9840481151944,0,0,-1.588585564987,0,0
1446,0.115301368641667,0.556774663991818,1,1,0.0175346883380865,1,1
1447,0.0835051044123247,0.3656330989422,2,0,0.576090858525993,0,1
1448,0.0046671845484525,2.52891747267047,2,0,0.814616658019716,0,1
1449,0.636269174516201,1.22071883298039,2,1,-0.557844614558326,1,0
1450,0.409658383578062,0.63897498626931,2,1,0.726120680986618,1,1
1451,0.674344933332697,1.37036358006299,0,0,0.338580041092042,0,1
1452,0.193780711560976,0.347875974451502,0,0,0.505505792996145,0,1
1453,0.486161483451724,1.13488699093233,1,1,-0.397170544594665,1,0
1454,0.46430569093638,0.626941043039234,1,0,-0.193874650294773,0,0
1455,0.0813587689772248,1.30356047923366,0,0,-0.206754817377722,0,0
1456,0.134912146754419,1.03672896155801,1,1,0.595704150298125,1,1
1457,0.0162924621254206,0.371723215964038,2,1,-0.131833331956819,1,0
1458,0.510260569836766,2.63976079121673,0,0,0.160741251715858,0,1
1459,1.80606833278182,2.1346458281334,1,1,-0.345260471405318,1,0
1460,0.105504042003304,0.700258981807489,2,0,0.673393475472719,0,1
1461,0.03032939392142,0.473952715368327,2,0,0.664028072843792,0,1
1462,1.30542662568896,1.62239222795968,1,0,0.444065083952982,0,1
1463,0.238361154366425,1.39523178942699,2,0,0.431333851737472,0,1
1464,0.156265692494344,1.95133809799015,1,0,1.59736606886886,0,1
1465,0.333015322394203,0.85133794449884,1,1,0.333361413058025,1,1
1466,0.582707834520198,1.15436200703936,2,1,0.280634566363538,1,1
1467,0.15906730970703,4.56027030944824,0,1,-1.14256825691107,1,0
1468,0.1692569127772,0.366092660817529,1,1,0.157182569154913,1,1
1469,0.392101932317019,1.1413720001777,0,1,-0.0460194811677407,1,0
1470,0.0280666143278096,0.403770529419619,1,1,1.68090712210065,1,1
1471,0.776403996724531,3.9295594394207,0,0,0.114219816681263,0,1
1472,0.454327060760056,2.86318226096531,0,0,0.717720904442446,0,1
1473,2.18866875010962,2.89666233843112,1,1,-0.291536642952129,1,0
1474,3.15349451364265,3.78466492168488,2,1,0.118439829229328,1,1
1475,0.321075844403822,0.356758031441757,1,1,0.93546224826999,1,1
1476,0.124498460647896,0.361946239460974,1,1,0.531488209350851,1,1
1477,0.172630736283399,0.93337590207683,1,1,0.409434012770547,1,1
1478,0.0771944770846475,3.34501632119037,1,0,0.0351762090872905,0,1
1479,0.671048196963966,2.98092840835285,2,0,-1.85734239653826,0,0
1480,0.177207590080798,0.508394912304223,2,0,-0.0265496063697859,0,0
1481,0.164811065023482,1.54410525913411,2,1,0.262601691549106,1,1
1482,0.0913056529473271,2.16373146027967,1,0,1.22452613245646,0,1
1483,0.0408084215596318,0.563008320455667,2,0,-0.0263875915704197,0,0
1484,0.217842044658028,0.49105319970275,0,0,0.596971020266538,0,1
1485,0.0843409905792214,1.81651713331172,1,0,0.171584245343822,0,1
1486,0.205584488692588,2.4316398473212,2,1,0.569022296998988,1,1
1487,0.437923112979543,1.45550346001983,0,0,0.141309526828773,0,1
1488,0.511347876101432,1.95642205832493,2,0,-0.0484707160003534,0,0
1489,1.12138007394969,2.68133635710884,2,0,-1.19638670002848,0,0
1490,0.00494885607622564,0.607573372984417,2,1,1.20688565249181,1,1
1491,0.551748990520656,0.824278417651758,2,0,0.754515356812911,0,1
1492,0.0914889824929174,0.807107233752807,0,1,0.173317430203626,1,1
1493,1.27352037112565,1.87761694238874,2,0,2.01796257007963,0,1
1494,1.03117737919092,1.114679216525,2,0,-1.04562625358858,0,0
1495,0.0553162349079179,1.60884609640819,1,1,0.177318614666749,1,1
1496,0.124765779452677,1.0859150454159,1,1,1.02601872356309,1,1
1497,0.441074432751674,0.50736314657225,2,1,-0.36811070890292,1,0
1498,0.745270782473318,1.30535666320941,0,0,0.154709925052657,0,1
1499,0.126825814034681,0.410353430949975,1,0,0.278624150589454,0,1
1500,0.855388849132516,1.27071929164231,0,1,0.862420499031781,1,1
1501,0.0890306307701394,1.246924114724,0,0,0.0617376071898622,0,1
1502,0.0383911449097494,1.95051188722435,2,1,0.598938483536092,1,1
1503,0.589482259005308,0.68310489598512,1,1,-0.0995203220894814,1,0
1504,1.65130403185378,3.87039160355926,0,0,-0.757826007852737,0,0
1505,0.138296550277222,1.16657773034899,1,1,0.70114892610914,1,1
1506,0.253550898924004,1.18831326253712,0,1,0.0418013072148617,1,1
1507,0.910646879114211,2.67175154692679,1,1,-0.710060616635878,1,0
1508,0.96455247951077,1.76725960957507,0,0,1.38268343302604,0,1
1509,0.0554725965484977,0.233994349119162,1,0,-0.774932157031025,0,0
1510,1.25051906425506,1.34703987358395,1,0,-2.32102717692893,0,0
1511,0.224662958644331,0.629265155197227,1,0,-0.0305117390928129,0,0
1512,0.82497702152171,2.16667688842901,1,0,0.119879339331291,0,1
1513,0.240388749516569,1.15009542528109,1,1,0.677331030573912,1,1
1514,0.00566813512705266,0.624956427358156,1,0,0.770911149765971,0,1
1515,0.17738502821885,0.714753157080658,2,0,1.80096033437906,0,1
1516,0.249994792044163,1.35241004317505,1,0,-0.547188884590573,0,0
1517,0.232288189581595,2.58469842194043,1,1,0.0288908363492307,1,1
1518,1.85557616398412,2.70207572499025,2,0,0.74167699725366,0,1
1519,2.37718757419827,3.73531532438683,2,1,-0.43043690699922,1,0
1520,1.34760260209441,1.74443403410836,1,1,-0.600980013794709,1,0
1521,0.0704255202435888,0.247497354517028,2,1,0.618722302551681,1,1
1522,0.714412117376924,0.919724868220574,1,0,-1.55496603001867,0,0
1523,0.341457386008793,3.16774283386204,2,0,2.01075704768015,0,1
1524,0.633715182167299,1.07849265950174,2,0,0.810995561979484,0,1
1525,0.131269061937928,1.86401503457029,1,0,-0.580244306821807,0,0
1526,0.91046196519734,1.32793053168039,1,0,0.208669048430894,0,1
1527,0.823824324153185,1.90599704893521,1,0,1.1201018898754,0,1
1528,1.54468935557215,6,0,0,0.738632503916463,0,1
1529,0.487486484460533,1.55553955854009,1,0,-0.818739595543653,0,0
1530,0.246686553582549,0.931277022332201,0,0,-1.37869178405305,0,0
1531,0.544492885009053,2.41921446270547,2,0,0.383494954658177,0,1
1532,0.0639669422525913,0.539397994694023,1,1,0.293357477252327,1,1
1533,0.761282456107438,1.47256628342673,1,0,-0.81761985845049,0,0
1534,0.970258567482233,1.01492581279722,1,0,-1.05572466209383,0,0
1535,0.146651208924595,1.91478412561239,2,0,1.36593640587734,0,1
1536,0.0938685076456298,0.796134114666445,2,0,-0.235771084919314,0,0
1537,0.614088078012428,1.13479408936753,1,1,1.37229879539483,1,1
1538,0.694796185099341,0.949981710298508,2,0,0.253857973159091,0,1
1539,0.0529562623705715,2.50171369803515,2,0,0.535270088178909,0,1
1540,0.339618358120788,1.30748064525264,1,1,0.828890912862099,1,1
1541,0.0371733421343379,0.294651504915623,2,1,0.153185088143656,1,1
1542,0.0627073574988527,2.2185014684995,0,0,0.726522031195656,0,1
1543,0.469159153165808,3.45213555900462,2,0,-1.06731208743108,0,0
1544,1.2935501306234,2.23282600348021,1,0,-0.168466284671332,0,0
1545,0.700603975654623,0.940116121997317,2,0,1.33069492742778,0,1
1546,0.338155656063464,0.827042169359799,0,0,0.242979537813495,0,1
1547,0.134861698898021,1.30840712558851,1,1,0.0232017972889721,1,1
1548,1.01273149531335,1.13551495907207,0,0,-0.0293753247199078,0,0
1549,0.0447188012185507,0.136227916197688,1,0,0.373553313687585,0,1
1550,0.49060691593329,1.1378544463684,1,0,0.422148443238762,0,1
1551,0.0209489365806803,1.01520922554978,2,1,0.983963345482438,1,1
1552,1.70086096847935,2.32100959079201,2,0,0.00729021994347568,0,1
1553,1.09689665120095,1.72055637942007,1,0,-1.61392025974638,0,0
1554,0.446696254631326,2.47060154184438,1,1,0.893340362390622,1,1
1555,0.696493263213717,1.81944007942923,2,0,0.510393470748103,0,1
1556,0.376147092755374,5.43758000529615,0,0,-0.318049582839861,0,0
1557,0.0965399979031645,2.40365847387859,1,0,0.460925346552478,0,1
1558,0.0241544051095843,0.430143032684144,2,1,-0.316955241478004,1,0
1559,0.278166892530862,0.93134468283231,1,1,0.0462008771639304,1,1
1560,0.0180087663466111,0.408816019491401,2,1,1.28968636057868,1,1
1561,1.52846911099313,1.83879153736039,1,0,0.406229233339004,0,1
1562,0.121232393722636,0.445213897830536,1,0,-0.0761606804674013,0,0
1563,0.254905679263175,2.09632846656597,1,1,-0.283291108203693,1,0
1564,1.62177176735016,6,0,1,-0.570468078143121,1,0
1565,0.0638693329528905,0.230565563549173,1,1,0.20918121675257,1,1
1566,0.598448400213377,1.16209231668657,2,1,-0.397474908394048,1,0
1567,0.0999896615394391,0.213166954613315,2,1,0.677384170202023,1,1
1568,0.783374207068056,0.829594816661914,0,1,0.223018793808471,1,1
1569,3.18931759427481,3.46810000963772,2,0,-0.935905239012393,0,0
1570,0.372063430259004,1.35364000439081,2,0,0.25565876133654,0,1
1571,0.186886006458437,1.69717386419414,2,0,1.53840667807748,0,1
1572,0.423735777440015,0.846351070286112,1,1,0.345091104490593,1,1
1573,0.268730674870312,1.39851900861883,2,0,0.130801171711674,0,1
1574,0.241659120365512,1.2834181809258,1,1,0.2539856559192,1,1
1575,1.87195064119043,3.67438878142982,1,0,-0.700805479358594,0,0
1576,0.0099216739437085,1.47020289637099,2,0,2.00223861996128,0,1
1577,0.0807380553230277,0.304676817349987,0,1,1.03969414288981,1,1
1578,0.0359244449064136,2.1403621033113,1,0,-1.30226089609385,0,0
1579,0.473207660225973,0.49775877043527,1,1,1.60612068635266,1,1
1580,2.03582673323083,3.15869112707446,1,1,1.26680258568318,1,1
1581,0.165482652082574,2.37468922490858,2,0,0.361691364768036,0,1
1582,0.092014198016841,0.154503776719618,1,1,0.241599804993686,1,1
1583,0.997935054823756,1.13627281247211,2,0,-1.09676307861968,0,0
1584,0.0866943912591661,0.424602043725738,1,1,0.440884290158792,1,1
1585,0.338514846807811,1.3522450017049,2,0,0.815055387263652,0,1
1586,0.221155222534231,1.77037103670865,2,0,0.0557799529110255,0,1
1587,0.0253723107744008,0.579172447478358,1,1,2.08625461089896,1,1
1588,0.270581659569871,0.58519617676764,2,0,0.0271116398277,0,1
1589,0.374859200674109,2.37798616720407,2,0,0.863686542100274,0,1
1590,0.169878760352731,1.58941889855397,1,1,-0.500209310272565,1,0
1591,0.730443951298304,1.79578665402861,0,0,0.108571735899466,0,1
1592,0.374460177542296,2.05123279554149,0,0,-0.213453057272928,0,0
1593,0.0229272173601203,0.345212876618659,1,0,0.324714945658172,0,1
1594,2.68078651643338,4.00799535567331,2,1,-0.241340056061452,1,0
1595,0.0387775794428739,0.143603468117781,1,0,-0.310816204816931,0,0
1596,0.00610691116889939,1.28003555590317,0,0,0.0612681681842477,0,1
1597,0.201741569458315,0.334581990603622,2,0,1.11864728751392,0,1
1598,0.474069789902287,1.1459905488049,1,0,-0.266442746024406,0,0
1599,0.138354626911305,0.39706848792572,2,0,0.0981754212511683,0,1
1600,0.312010809976379,0.478598705858863,1,0,-0.532798276965642,0,0
1601,0.356880956387613,2.13161880546088,2,0,0.598754198779918,0,1
1602,0.165715928014833,0.287933077576574,2,1,1.90493047356721,1,1
1603,0.23178274394013,0.301674418298165,2,0,0.233945767654858,0,1
1604,0.161863649555016,2.87512983816365,0,0,0.0835305725919927,0,1
1605,0.388617111602798,1.10571443899157,2,0,0.936321924474989,0,1
1606,0.0200920590991773,0.750525954165301,2,0,0.106023855900881,0,1
1607,0.054576240089834,0.586817582771407,2,0,1.61060817475843,0,1
1608,0.26388853941966,1.30868193611951,2,1,1.0007776767944,1,1
1609,1.32681915629655,1.50672443485426,1,0,-2.38558403834569,0,0
1610,0.233011411861694,1.98784050838461,1,1,-1.57846323375599,1,0
1611,0.51519214173016,0.814610570604002,1,0,1.002914011243,0,1
1612,1.40057992740514,1.97471314440742,2,1,-0.0588517752038957,1,0
1613,0.0150509853847325,0.875676348156492,1,0,0.793070562591204,0,1
1614,0.210130835475866,1.32829631867909,1,0,0.262411873724945,0,1
1615,0.0699228138546459,0.165933294434643,2,1,0.953447751132616,1,1
1616,0.568370470883788,1.22645702918874,1,0,0.343031479998388,0,1
1617,0.236220427255961,2.88560932502151,0,0,-0.973390223631057,0,0
1618,0.294037737185135,0.532443279853208,0,0,0.454516008261076,0,1
1619,0.851239537561134,1.36583436037733,1,0,0.13775382166818,0,1
1620,0.216926569403564,1.62914264752231,0,0,-2.11894115451656,0,0
1621,0.222750384418759,1.03130980984404,1,1,0.5373382852386,1,1
1622,0.210334612763825,1.28664163674788,1,1,0.137176680438039,1,1
1623,0.0499557191506028,0.451644930594642,1,1,-0.514268923975209,1,0
1624,0.514392208398141,0.940142915284929,1,1,0.181037532761603,1,1
1625,0.0274815599550493,0.550578557403914,2,0,0.492940237277205,0,1
1626,0.0163969959248789,1.41766378777332,1,1,1.34114071015578,1,1
1627,0.865851162790142,2.119373071124,2,0,0.491119222174503,0,1
1628,0.10116567384445,0.541985738633039,1,1,2.33104303652145,1,1
1629,0.681965320371091,2.49575469545938,1,0,-0.683648706512007,0,0
1630,0.596203570903506,1.6693921033481,1,1,0.373864852725109,1,1
1631,0.492416258392426,1.15775944420983,1,0,0.260679180375888,0,1
1632,0.138177316111978,1.18762965816255,2,1,0.22417138712398,1,1
1633,0.219175272499641,1.19882060102172,1,0,-1.81148297094848,0,0
1634,0.0730779641599054,1.90540514995949,1,1,0.0898003406543237,1,1
1635,0.568991946612306,1.25087528144182,2,0,0.459780240813585,0,1
1636,0.158124641084202,0.212888465856021,1,0,-0.660061614901399,0,0
1637,0.688075118788339,3.29096790092687,0,0,0.86680743072515,0,1
1638,1.45320931627395,6,0,0,-1.9722224515531,0,0
1639,0.443017093624958,0.956521279484667,2,0,1.58332423095137,0,1
1640,0.960779568360761,1.05121076279774,2,1,1.37133286189726,1,1
1641,0.377865729969926,1.13847492883603,0,1,0.248968912707043,1,1
1642,0.768545404076576,0.791563635195249,1,1,-0.874087813064939,1,0
1643,0.409761424176395,0.685848014873234,1,1,-1.87134169418515,1,0
1644,0.502267640221404,1.08130453064437,0,0,-0.97335917376719,0,0
1645,0.430059528909624,4.37177625396797,2,1,-0.614077755360379,1,0
1646,0.570159262280324,0.916805362114027,2,0,-1.69911436358382,0,0
1647,0.14731757575646,1.3852741745344,1,1,0.357003842331939,1,1
1648,0.631331094747231,3.07465901732812,1,0,0.314768113624957,0,1
1649,0.27999971905956,0.288537616296615,2,0,1.46206009310802,0,1
1650,0.323266256018542,0.377420669044319,2,0,2.95568391056945,0,1
1651,1.54377309228165,1.76213641777727,1,1,1.55362887793523,1,1
1652,1.29827866907568,2.14992807227009,2,0,0.731523368889471,0,1
1653,0.064071336237248,0.941716930283717,2,0,0.777949466143113,0,1
1654,1.86570654987338,3.89931191442719,2,0,-1.68666985111751,0,0
1655,1.213219194673,1.87385132047924,0,1,-0.097510654194546,1,0
1656,0.242949653641981,0.830222261200341,2,0,-0.155769286517102,0,0
1657,1.14117386279964,2.2562700755077,0,0,0.491246085318305,0,1
1658,0.192728553833371,1.22547189179919,2,1,0.967556301225836,1,1
1659,0.975508504268817,1.62352288871764,1,1,1.20744049464781,1,1
1660,0.174254434241448,0.445560438752962,2,0,1.31536349065757,0,1
1661,0.781463692520566,1.08451399448294,2,0,1.36394043008288,0,1
1662,0.407233499572612,1.09438709336564,1,1,0.0834026458219955,1,1
1663,0.967325173318386,4.12500012782111,1,0,-0.0907193866897322,0,0
1664,0.0364378364756703,0.616913822998751,2,0,-1.08579113594039,0,0
1665,0.408051601843908,0.47412519189778,1,0,0.840392269218545,0,1
1666,0.0652618432688412,1.06422411236277,2,1,-0.0756931106531269,1,0
1667,1.39192009468252,1.5145026633284,1,0,0.732139355758775,0,1
1668,0.541217193796121,0.848190676843015,2,0,0.279590787588561,0,1
1669,0.50722296256572,3.81716677300785,1,1,-1.29788155588718,1,0
1670,1.07022015941797,4.11633315475307,2,0,-1.00827940273637,0,0
1671,0.134252155839931,4.25446904574831,0,0,0.589206436615697,0,1
1672,1.61614942914786,4.02585009351971,1,0,-1.04499566378935,0,0
1673,0.030766268610023,4.72586323971071,1,1,1.35417781507714,1,1
1674,0.0165585134155315,1.43917883534683,1,0,0.713776012990564,0,1
1675,0.925002948651108,1.41702591170062,2,0,0.356861532628733,0,1
1676,3.03802832199221,4.72075800123293,2,0,-0.651238551315433,0,0
1677,2.15789266853573,2.49137798070293,1,0,-0.849635286204549,0,0
1678,0.280983311240561,1.27490067513276,2,1,1.9197889587505,1,1
1679,0.439032601399168,3.3938829023364,0,1,0.203667847375251,1,1
1680,0.416160285531078,1.15408529778649,0,0,0.370696215192061,0,1
1681,0.283425594680011,0.366751399512092,0,1,-0.494166500898153,1,0
1682,2.72578541553559,5.54312626620628,2,0,-0.053644156835971,0,0
1683,0.477868354620233,0.642523751218573,1,1,0.299256819582625,1,1
1684,0.525105358495435,2.03995540262375,2,0,1.61813038951682,0,1
1685,0.251705011567046,0.993338789895378,1,1,1.37763059005766,1,1
1686,0.0666301813150817,0.386848130289823,2,1,0.122657421321771,1,1
1687,0.199569744989276,2.98918033363578,2,0,-1.12996484653214,0,0
1688,0.300524953636341,0.496811674286922,0,1,0.175168655262404,1,1
1689,0.969440812425331,2.19779006456572,2,1,1.73414923256744,1,1
1690,0.448424860343158,1.32949829165534,1,1,1.11441291761527,1,1
1691,1.951826704582,3.37263968845071,2,1,-1.27414803979575,1,0
1692,1.2879332806915,1.78034633037744,1,1,-1.08362557174747,1,0
1693,0.185597968520597,0.603618537856171,2,0,1.06055587644374,0,1
1694,0.090650818310678,2.8447397699014,2,0,0.231162526022614,0,1
1695,0.556634830109072,3.52372505150139,2,0,-0.0337916417164809,0,0
1696,0.0441704290102384,0.547024257723808,2,1,1.05119032514944,1,1
1697,0.390127363207284,1.50568211126581,1,0,2.22451010414308,0,1
1698,0.0705062792722011,0.455041540150952,1,1,0.0243061738174965,1,1
1699,0.381688785173248,0.548124931717496,1,1,-1.87108693126826,1,0
1700,0.102720299196093,0.513754607998761,1,1,-0.866947769767058,1,0
1701,0.580574330334345,3.00911095989636,1,1,-0.0758783430912085,1,0
1702,0.50531714502722,1.24780542606,2,0,-0.0637955992781663,0,0
1703,0.0500315308217118,0.138887204332106,1,0,0.103450702793607,0,1
1704,0.0719036542536162,0.0825355354013995,2,1,0.802255409758652,1,1
1705,0.103410623992017,0.563159077994764,1,0,0.182049838454465,0,1
1706,1.22095447726884,2.14396176473382,2,0,0.652037734011827,0,1
1707,0.00526234216522425,2.23441831999267,2,1,0.571503107757537,1,1
1708,0.172232899049387,0.643717921530827,0,0,0.952516551459607,0,1
1709,0.138869484217174,2.38732482281203,2,0,-0.186312615306976,0,0
1710,0.049799834669102,0.206957006743269,1,1,0.181067158285132,1,1
1711,0.400567166507244,0.957914577895869,1,1,-0.440905496087438,1,0
1712,0.0338939542416483,0.551819949597559,2,1,0.695378068181554,1,1
1713,1.41012234949526,2.44778775902993,1,1,-0.249399335415867,1,0
1714,0.613169646365038,1.10348935587701,1,1,-1.20877460844443,1,0
1715,0.695219123127692,0.696019802694606,2,0,1.41829879578134,0,1
1716,0.779489195905626,1.0818235296756,0,0,-0.599166458045318,0,0
1717,0.253825637919363,2.14780107826881,2,0,1.40244269656792,0,1
1718,0.91166648077184,2.04642451702173,2,0,0.405009024016111,0,1
1719,0.0697761698393151,0.219214164341489,0,1,0.161973861380897,1,1
1720,0.287957755848765,0.28874166016397,1,1,-0.707142548324972,1,0
1721,0.465985780494026,3.10767436935844,1,0,-0.0115951376382298,0,0
1722,0.345054639910813,0.655959273378054,0,0,0.0629002246920248,0,1
1723,1.65986773762269,6,0,0,-0.690014742123273,0,0
1724,0.0844993454862648,1.22403536635674,1,1,-0.702477477176448,1,0
1725,0.40982833947055,0.469339080361046,1,1,0.145379065736161,1,1
1726,0.0411777265253477,1.09986890552371,2,1,1.15960437595935,1,1
1727,1.58312107079236,1.60453483840478,1,1,0.966269203042733,1,1
1728,0.0685740932822227,0.801095856991372,1,0,-0.460291260788321,0,0
1729,0.171848129481077,0.654798795779546,0,0,-2.39000795284303,0,0
1730,0.350160298869014,0.637158496322058,1,0,-0.278211305250328,0,0
1731,1.05691808648407,1.64856370455672,2,0,-0.0175336008143272,0,0
1732,0.0737507944413891,3.63345734953627,2,1,-0.621926780547328,1,0
1733,0.869203617647252,1.10523711690257,1,1,1.76858680234715,1,1
1734,0.126065303134392,0.548718633310422,1,1,-0.562494608588244,1,0
1735,0.127048112123297,0.817597871646285,0,1,0.289619560289223,1,1
1736,0.014828734973748,0.42365402760527,1,1,-0.748852323118825,1,0
1737,0.159732698948456,1.37980067270962,1,1,-0.357262823864488,1,0
1738,0.100092600347548,0.343640120418086,1,1,-0.200676687684535,1,0
1739,0.345099315047264,0.473495265979639,1,0,-0.406833304236086,0,0
1740,0.596540780362494,0.935769230950359,2,0,0.176510156799322,0,1
1741,0.130239233230066,1.51758635738265,2,0,-0.179372072240471,0,0
1742,0.086706095316913,0.831014872056787,1,0,0.489618561141166,0,1
1743,0.0364962387830019,0.155246958131629,1,0,-1.23014348274979,0,0
1744,1.0475792409327,1.2737082948611,2,0,0.635274450006613,0,1
1745,0.522361401719965,1.83967833178089,2,1,0.183356336269564,1,1
1746,0.272943827323616,0.318570160062425,2,1,-0.153130428530091,1,0
1747,2.4301982167268,2.83054852887305,2,0,-0.821870939481548,0,0
1748,1.49627245838328,5.63242092912395,1,1,0.210606031406061,1,1
1749,0.408199044759385,4.29714344517925,2,0,0.422409496773469,0,1
1750,0.0279708713735619,0.496817851481258,0,0,-1.44874394116841,0,0
1751,0.0467798242966328,0.799608733802837,1,1,-0.0459797830695612,1,0
1752,0.152925525954616,1.70333914362304,1,0,0.230634250592253,0,1
1753,0.210524734739524,0.685323446585383,1,1,0.21341743225305,1,1
1754,0.132841849239303,0.697402459292626,1,1,0.363996938639636,1,1
1755,0.0975467299576849,1.5124110908558,0,0,0.562861350657845,0,1
1756,0.170209863281343,0.329239005355757,1,1,0.392467990631467,1,1
1757,1.07780854497105,2.88231447924734,1,1,-1.93316107132017,1,0
1758,0.436393210919587,1.25413638229171,0,0,-0.214507161726934,0,0
1759,0.386712472536601,0.84016087382111,2,0,0.277045275926391,0,1
1760,0.169289839071783,0.305857903634508,0,0,0.183530916969134,0,1
1761,0.455862363424905,0.920469874989589,2,0,1.70867775376286,0,1
1762,0.298175174975768,1.42475638484595,1,1,0.781735233557795,1,1
1763,1.22459715576248,2.0970995883203,2,0,0.602448816716334,0,1
1764,0.254347848171327,2.13441319189115,1,1,0.674489979801184,1,1
1765,0.753399407927042,1.727061444767,1,1,0.0733899849201078,1,1
1766,0.630836668820802,0.856377085427815,1,0,0.863671876419317,0,1
1767,0.0348217817372642,1.86411052738419,1,0,1.11564783151942,0,1
1768,0.233732498250902,0.39408660558327,2,1,-0.163564782625249,1,0
1769,0.82533895675727,2.00212535442538,1,1,0.557746786774911,1,1
1770,1.17135516013356,1.1873612701467,2,0,1.0967618685775,0,1
1771,0.38391207868699,4.15897496665518,0,0,0.512068370207837,0,1
1772,0.683212390841738,2.27011727922592,2,0,2.36104247966214,0,1
1773,0.159775164211169,0.262690179027291,1,0,0.907775952529919,0,1
1774,0.804390099830925,1.11867684002824,2,0,-0.257064174637335,0,0
1775,0.30942080571549,0.403217286763136,2,1,1.24962679315325,1,1
1776,0.292366789071821,1.67431543374093,1,1,0.198407153207686,1,1
1777,0.670121423291795,0.885570020833939,2,0,0.593979972386104,0,1
1778,0.243628963653464,2.04495777778936,1,0,0.296029476602503,0,1
1779,1.24677779618651,2.68960983238318,2,1,-0.304253940760029,1,0
1780,1.01551041658968,1.45520400215463,1,0,-0.970107146462508,0,0
1781,0.0489548158132674,0.322984410127749,1,1,1.05398295780708,1,1
1782,1.05911008522693,1.63046215987674,2,1,-0.751391851436299,1,0
1783,0.0554705336711711,0.602497367610987,1,1,-0.999449107190033,1,0
1784,0.138329795551581,2.88619712287211,0,0,-0.863682034545021,0,0
1785,0.0513897745629363,1.14171960737926,2,0,1.26628734138598,0,1
1786,0.295192042831331,0.912056343292352,1,0,1.23380284069025,0,1
1787,3.328268289398,6,0,0,-1.7551375779534,0,0
1788,0.93175412266852,1.58863381997082,1,0,0.0247884859307963,0,1
1789,0.297413762658834,0.43166036096712,0,0,-0.0167682044433953,0,0
1790,0.203225824225228,0.456653553218254,1,1,0.0303371625743315,1,1
1791,0.846778150854454,1.21830035621921,0,1,0.878036792895162,1,1
1792,0.0886871045181636,0.372568262015022,1,1,0.356228006812405,1,1
1793,0.326906187983695,4.4489477701459,2,0,0.0892842611881298,0,1
1794,0.187095767888282,1.51539575390981,2,0,0.364181018325216,0,1
1795,0.0186769666890418,0.0212285455776184,1,1,-0.0706320812158916,1,0
1796,0.148840052133892,0.469655830696146,1,1,0.590454366764135,1,1
1797,0.764984696045768,2.17124014162388,2,0,-0.545718259753651,0,0
1798,0.209967730566859,0.821092961636646,1,1,-1.20397843182847,1,0
1799,0.255789149960037,0.658273092609889,2,1,0.842892878185925,1,1
1800,0.749217054193233,1.53057462961784,2,0,1.44357482928335,0,1
1801,0.205682435916035,1.44337651697433,2,0,1.18949954606184,0,1
1802,0.217702493071556,1.60184124847643,1,1,-1.98719834290425,1,0
1803,0.359221315011382,1.12064938772684,2,0,-0.271639876000607,0,0
1804,0.738595355302095,1.3956144083467,1,1,-0.566508915416313,1,0
1805,0.304860934556928,2.39019524499821,2,1,0.482405721665901,1,1
1806,0.478228896856308,2.88848725029619,2,0,-0.193620255962216,0,0
1807,0.280368600040674,0.872272031318776,2,0,-0.077567630049711,0,0
1808,0.552554891728853,1.92979703036447,0,0,1.5294953328191,0,1
1809,0.39283555583097,0.469253380124909,2,0,1.17963380096219,0,1
1810,0.0413652053102851,0.749491805213285,2,0,-0.103756985506529,0,0
1811,0.575473013590056,0.880037238939512,1,0,1.16627947284708,0,1
1812,0.134580343030393,0.682176948978129,1,1,-0.623155175266147,1,0
1813,0.0563885796465963,0.43866375305776,1,1,-1.1261924318906,1,0
1814,0.835486011902623,1.43480258732254,1,1,1.91401196031628,1,1
1815,0.34388848929666,1.26573827435696,1,1,0.564931137395729,1,1
1816,0.650764370739901,1.78724933409067,2,1,-1.09501796066873,1,0
1817,0.0249519647011766,2.33818615211222,1,0,-0.231324260079421,0,0
1818,0.624597493416451,0.901888231992237,1,1,0.621561222248887,1,1
1819,0.979957284818977,1.96742514347048,1,1,2.48759181221288,1,1
1820,0.635988875382262,2.44354827680724,2,0,0.795661756542167,0,1
1821,0.508978749249883,2.14805181840347,1,0,0.98722448669036,0,1
1822,0.333747997879982,6,0,0,-0.490535538250694,0,0
1823,0.60204285569489,2.77446224980766,2,0,-0.761867284259351,0,0
1824,0.0961682639899664,1.25134178437293,0,0,0.63455992046538,0,1
1825,1.39973685882034,3.00740315056483,1,0,-1.70824242920428,0,0
1826,0.173275058157742,1.48652635536678,1,1,-0.799303861102326,1,0
1827,1.30484686885029,1.54279799390533,1,1,-0.0114989852221503,1,0
1828,0.239297760790015,1.40619210277994,0,0,-1.15673848709724,0,0
1829,0.339815216429997,1.15749377129861,1,0,0.99886470657956,0,1
1830,0.878575791086644,1.1784730042468,1,1,0.901264072430772,1,1
1831,0.0951032623829333,0.256006291783519,2,0,1.52212307790448,0,1
1832,0.00310554935792065,0.188165892895208,2,0,0.753957173572554,0,1
1833,0.098424396419432,0.363444473803246,1,1,0.252996860496483,1,1
1834,0.17931186943315,1.43705873424723,2,1,0.964062228529655,1,1
1835,0.293077674577944,1.56885053759394,1,1,0.114896546355371,1,1
1836,0.279946646487169,1.93315813624826,2,0,0.39076387871466,0,1
1837,0.136836750965812,0.646517394159655,1,1,-0.570860764775529,1,0
1838,0.381443972000852,0.437574544911294,2,1,1.01474346568829,1,1
1839,0.0450251321883143,1.8758914139085,2,0,1.1379827221564,0,1
1840,0.882705458154544,2.0781131770682,2,0,1.05290169999784,0,1
1841,0.881587704591096,3.04065156446241,2,0,0.606786655986843,0,1
1842,0.465358798365861,0.46988857868959,2,0,0.187229798951511,0,1
1843,0.150711248570587,1.86759800367134,1,1,0.197890562640892,1,1
1844,0.482580128565252,0.53984963891498,1,1,0.201604654501306,1,1
1845,0.637700915659599,1.53156948698183,1,1,1.47384132987553,1,1
1846,0.29742724087555,2.56954136721939,2,1,0.200637636086682,1,1
1847,1.19864227477798,2.17620566346799,2,0,2.13696185498297,0,1
1848,0.184094820804167,0.764223794683917,1,0,0.365817573104841,0,1
1849,0.666026615045786,1.67410432866192,1,1,1.33714671290929,1,1
1850,0.955245310467474,1.45602133787705,1,0,-0.126279121479395,0,0
1851,0.391141154977959,0.696749944044645,1,1,0.509488335450091,1,1
1852,0.497001662427552,3.6360485076792,1,1,0.0530920467330694,1,1
1853,0.547670171389878,2.59245422810166,1,0,-1.25960979550024,0,0
1854,0.352658247174523,1.24720119993295,2,0,-1.15221123815678,0,0
1855,0.04439320006042,0.375016007305506,2,0,1.04606612818473,0,1
1856,1.22553754627879,2.08335315498213,0,1,-0.440622285373977,1,0
1857,0.285852472297847,3.58288711509574,2,0,-0.873314835320812,0,0
1858,0.137508005718701,1.17038902935876,1,1,0.156098541793747,1,1
1859,0.533838290112846,1.35550372565461,2,1,1.07954028190565,1,1
1860,0.672406637432806,0.914460781371011,2,0,1.93148129491908,0,1
1861,0.565765498878256,1.62672915868569,1,1,1.51960318785492,1,1
1862,0.0354886954301037,5.19066734184286,2,0,0.0624911304577043,0,1
1863,0.159758729506314,0.49441147291177,2,0,1.42290981176856,0,1
1864,0.879671322944494,1.83418771932676,1,1,0.372805977238636,1,1
1865,0.318893813528121,0.362152083165691,2,1,0.408238670573988,1,1
1866,0.0306828101747669,0.84636209941308,2,0,0.392066172284442,0,1
1867,0.57736342959106,1.16562430443712,1,1,-1.59446718658292,1,0
1868,3.18245891837363,3.75470549282498,2,0,-0.792760352416584,0,0
1869,0.00331327551975846,2.14460807499339,1,0,0.440801574752496,0,1
1870,0.456295031122863,0.613997077110737,1,1,-0.277921881141563,1,0
1871,0.00236633990425617,0.739942113269354,1,1,0.642902364276278,1,1
1872,0.67638408462858,1.06314356121026,1,1,0.231126390865837,1,1
1873,1.35396767873317,3.95062127471292,2,0,-0.206053603195726,0,0
1874,0.514982406412281,0.602322620133322,1,1,-1.78014171951922,1,0
1875,0.536248547025025,0.843152850866318,0,0,-2.06401052749481,0,0
1876,0.331187815754674,1.0312148851723,2,0,1.604135473725,0,1
1877,0.96114220097661,2.2103389081983,1,1,-0.600035226779387,1,0
1878,1.29194996785372,2.38951107213665,2,0,-0.571879442294298,0,0
1879,0.0192916976818963,1.82917382351016,2,1,0.793419760309698,1,1
1880,0.0414193543838337,0.505454746309013,1,0,0.231080282366215,0,1
1881,0.348956636735238,1.4947176474159,2,0,0.368111313556036,0,1
1882,0.0178790148440034,1.44556640647352,0,0,1.06483972308596,0,1
1883,0.033890008344315,0.375658907388568,0,0,0.290043133612809,0,1
1884,0.498869484582066,5.32741494452968,2,1,0.151695260462443,1,1
1885,0.386566445813514,1.06313668812315,0,0,0.576610281408266,0,1
1886,0.00713701080530882,0.106170845299492,1,0,-0.423223209628735,0,0
1887,0.0164575117621152,0.230631280446166,2,0,0.524992026891182,0,1
1888,0.49284493796555,1.62041245659258,0,0,-0.278913566318012,0,0
1889,1.09010796435177,1.27914911407417,1,0,-0.382717170086839,0,0
1890,0.45957857301081,3.01993567865292,1,1,0.259193322221818,1,1
1891,0.219254270195961,0.917021377954865,2,0,1.26629729347444,0,1
1892,0.400155004754197,2.40394270377711,2,1,0.457759972344499,1,1
1893,0.185678629750425,2.1388266466537,2,0,-0.396615670224797,0,0
1894,0.580046565504897,1.08633370855494,2,1,-0.343847441598781,1,0
1895,0.334238919429481,0.428497020047977,1,0,-0.0976168874211064,0,0
1896,0.337022146850359,0.438156961527695,1,1,1.37415492102609,1,1
1897,0.0454740799614228,1.18999031607018,1,1,1.83027893399378,1,1
1898,0.0502236308529973,2.45997534658527,2,0,-0.044745794267434,0,0
1899,0.236124291084707,0.541724377705506,0,1,-0.959722231043468,1,0
1900,0.316361988370772,1.17783085045718,0,1,0.255701062588784,1,1
1901,0.073821741680149,0.188596903470564,2,1,0.0772842979256444,1,1
1902,0.026260165614076,0.0959558339154815,1,0,0.0307962780653022,0,1
1903,0.156840763811488,0.27729050184383,1,1,1.07226637305304,1,1
1904,0.32161692380221,1.4667795374857,1,0,0.954987966099543,0,1
1905,0.344898660667241,0.69348626412728,1,1,-0.673608698610709,1,0
1906,0.244327750988305,1.52919076019018,0,1,-0.0476682185565557,1,0
1907,0.209668790339492,0.934428999665299,2,1,1.11895409102907,1,1
1908,0.682403921984239,1.27019481972296,1,1,0.290315285570431,1,1
1909,0.780744159594178,4.61648012986722,2,1,-0.564023909808735,1,0
1910,0.755688612672322,0.854150731705777,2,1,0.299810527767514,1,1
1911,0.560035232583141,0.815227118677873,1,1,0.837780691204449,1,1
1912,0.637086234055459,0.82254264495735,1,1,-0.0207649664416138,1,0
1913,0.156641495414078,0.869702791801543,1,1,-0.552894474052964,1,0
1914,0.219563459824897,0.432080544479271,1,1,-1.79136825089989,1,0
1915,1.7108350264931,2.56528371892111,2,1,-0.356694918326187,1,0
1916,0.555208410566998,1.54092357070121,2,0,1.14617608358147,0,1
1917,0.50272077435796,3.13021925075461,1,0,0.668055157607269,0,1
1918,0.0784098364034649,1.67981549404169,2,1,0.238570331815575,1,1
1919,0.235233037965372,0.37228069304837,2,0,0.0689766542233211,0,1
1920,2.18289567894282,3.67376274342688,2,0,-0.28383936539648,0,0
1921,0.373492582866564,1.05901847034945,1,0,-0.809785661051635,0,0
1922,0.00211491045774892,0.48158296249745,2,0,0.842622812488929,0,1
1923,0.223323376331838,0.948503393157593,1,0,-0.110980967751086,0,0
1924,1.00299500953406,1.07875403327247,0,0,-2.4359065397077,0,0
1925,0.612759906772345,0.799318370186704,2,0,1.57939263461064,0,1
1926,0.452940611168742,1.77430124844228,2,0,-0.573148363122871,0,0
1927,0.415731473825872,1.38765967029279,1,0,-0.219267018333838,0,0
1928,0.506517502707774,0.559289592974662,1,0,-1.23895883427546,0,0
1929,0.774633459746838,1.39112754593358,1,1,-0.547867989961403,1,0
1930,0.0120269757588464,0.278933310244158,1,0,0.189533168172655,0,1
1931,1.59618012715636,1.85958233569916,1,1,0.312370741518674,1,1
1932,0.651588577777147,2.63057859603227,2,0,-0.21866562358505,0,0
1933,0.414438762702048,0.788086223790714,2,0,-0.184769905625644,0,0
1934,0.387490147724748,2.54333781136464,1,1,-0.215962369577546,1,0
1935,0.321066358592361,0.607577071578609,2,0,0.822022897573046,0,1
1936,0.352234978636261,1.09443386602006,1,0,0.958949931584243,0,1
1937,0.414798300189432,0.721211063755522,2,1,0.740946868625732,1,1
1938,0.0288484030170366,0.246594657066642,2,0,0.0512445296401101,0,1
1939,0.52173106711079,0.640667754535874,0,1,0.989247037333041,1,1
1940,0.316143555101007,5.06433141357908,2,0,0.629122198356947,0,1
1941,0.28921989549417,0.421680327160009,2,1,1.57651010108157,1,1
1942,0.0194663764386907,3.6547200443844,0,0,0.556143017644146,0,1
1943,0.189238118197997,2.89068828355401,1,1,-1.0761623543181,1,0
1944,0.492297848686576,0.50629408463016,1,0,-0.8248528851519,0,0
1945,0.24003636353882,0.883262690328931,2,0,1.02039914862231,0,1
1946,0.329506758716889,2.26724080626011,2,0,0.0363659090453358,0,1
1947,0.386363523024035,0.783626294554994,1,1,0.4809438462829,1,1
1948,0.331874027033336,0.480259434647632,2,1,2.60189847501421,1,1
1949,1.70759305932133,3.8139834100999,2,0,0.348504840599221,0,1
1950,0.193612927809933,0.349227379527728,1,0,0.900140558853233,0,1
1951,1.10359780135901,1.66216896451442,0,1,1.0289056182679,1,1
1952,0.775914626448968,2.17785100478834,2,1,-0.677526770890177,1,0
1953,1.6638618757518,2.30235846402744,0,0,-0.557232007876521,0,0
1954,0.0210178554914389,0.765447858515479,2,0,2.6776599059802,0,1
1955,0.797995925505467,1.10653184865321,1,0,0.494984055600223,0,1
1956,0.335871480752417,1.68029912747443,0,0,0.763859995345027,0,1
1957,0.0535273106907828,0.816857161589663,1,0,0.0586052100811139,0,1
1958,1.81461142181399,1.93502841792862,1,0,-1.09851146844413,0,0
1959,0.387654806487262,0.744457065176535,1,0,-1.12724765429839,0,0
1960,0.007354677820852,0.666873494172492,1,1,0.292152937389823,1,1
1961,1.0723715123661,2.40685659150283,0,0,0.0660294965416506,0,1
1962,0.394798067281954,1.13144228387007,1,0,0.558676273618671,0,1
1963,0.126455290010199,0.333140036266563,2,0,1.15984956546778,0,1
1964,0.315330528537743,1.07934188150368,2,1,0.626365245311347,1,1
1965,0.372050298319664,2.15213932900765,1,0,0.23831616305267,0,1
1966,0.284131111047739,1.17146457914118,1,1,1.26963314296243,1,1
1967,0.520009728082614,2.57247016240154,1,1,1.19005145296252,1,1
1968,0.148822495830245,1.21707058538542,2,1,0.944440876895834,1,1
1969,0.305980318807997,1.70223310636016,2,1,0.81664094351351,1,1
1970,0.533367657891296,3.48855914829805,1,0,0.623759811322662,0,1
1971,0.319657744548749,0.455613307337727,1,1,0.541770475574766,1,1
1972,0.118093403871171,0.466549416933898,2,1,0.416886947216266,1,1
1973,0.104445087781642,1.72223917208768,2,0,1.33397767657533,0,1
1974,0.916993424304582,4.19460726281007,0,0,-2.13403554174616,0,0
1975,0.0669195992969223,1.26646357986934,2,1,0.576840300225936,1,1
1976,0.00310019851895049,1.47877736194047,1,0,0.691300368414662,0,1
1977,0.352168001118116,0.485020373674831,1,1,1.15698974780493,1,1
1978,3.94508550299292,4.80621175935269,2,0,-0.586372142606078,0,0
1979,0.339313211876975,0.386461110169012,1,1,0.0942071635087751,1,1
1980,0.161389399727341,0.697684659907226,2,1,1.78425730718576,1,1
1981,0.307449772371911,3.31985440081404,1,0,1.59864857380515,0,1
1982,0.206884025991238,0.220186604476859,0,0,0.0120264543231098,0,1
1983,0.201879313099198,0.290453062163404,2,0,0.329741302657674,0,1
1984,0.161806612334929,0.761552875355492,1,1,0.637870357816172,1,1
1985,0.0411085701451681,0.0586795309953218,2,0,1.17861192261966,0,1
1986,0.872935645282269,2.74315991908063,2,0,-0.2929776310458,0,0
1987,0.372190613416024,1.69013155387692,2,0,1.60548328553797,0,1
1988,0.014459297563707,1.02218946466649,2,0,1.07663935671647,0,1
1989,0.905985349789262,1.49003276257623,2,0,-1.53547256184474,0,0
1990,0.265999598428607,2.93110464761973,2,0,-0.618889992645421,0,0
1991,0.403651664331496,1.2493304168471,1,1,1.51240414377125,1,1
1992,0.0276450315787833,3.3331065544247,1,1,0.687520343116851,1,1
1993,0.472092281095684,1.3767405239705,2,1,-0.302175731530296,1,0
1994,0.0460361310979351,0.199808086055875,2,0,1.82640364425862,0,1
1995,0.424008556583431,1.76888248979408,0,1,0.851936129056941,1,1
1996,2.52424229272552,2.63981381721043,2,1,0.0552103588167339,1,1
1997,0.277740336314309,0.743724089374938,2,0,0.975227327212098,0,1
1998,0.195803721435368,2.62154381691184,1,1,-0.635647024250975,1,0
1999,0.107486612512751,0.625630827336633,2,0,0.710554256102251,0,1
2000,0.299513707960305,3.05844884842777,0,0,1.00394491925612,0,1
2001,0.0417305300363096,0.437874995736689,1,1,0.969841865074799,1,1
2002,0.068877493031323,0.482394828541991,2,1,0.425450755494399,1,1
2003,0.777731562239871,2.81322658061981,0,0,0.344477910960996,0,1
2004,0.139286749064922,1.10169447054067,1,1,-1.7681678755325,1,0
2005,1.09296445082873,2.89987043761698,2,0,-0.979706103818393,0,0
2006,0.331572790630162,4.37825290954929,2,1,-0.2553517562349,1,0
2007,0.297218851945252,1.34869001187077,1,0,-1.86283824462753,0,0
2008,0.0920382688387528,0.779114095697128,1,0,-0.679266698442059,0,0
2009,0.051303067302797,0.0939087747088436,2,0,0.514520921609213,0,1
2010,0.178172335258835,0.652999296360912,1,0,0.899585710891173,0,1
2011,0.125793126452508,0.523982771086386,1,1,-0.374863813093221,1,0
2012,0.400829373858869,0.948288068109502,2,1,-0.770464141980414,1,0
2013,0.378881318494678,0.645116031459563,1,1,-0.946098514103937,1,0
2014,0.240189161508846,4.22146165567432,2,1,1.10803847502443,1,1
2015,0.469264162212432,0.595156713643827,2,1,0.854502866136113,1,1
2016,0.0962158493348397,0.194692709348547,2,1,1.22055020623882,1,1
2017,0.440407667309046,1.21655530158911,2,0,-1.28551626008637,0,0
2018,0.0248425740269011,0.157723030175702,2,0,1.31942457050382,0,1
2019,0.0956528820097446,0.705612793253293,2,0,0.323511176427739,0,1
2020,0.693663032699198,1.03074354627246,1,0,0.541692250773086,0,1
2021,0.133341247274075,0.791885795004957,2,1,2.17460900955192,1,1
2022,0.14261621860242,1.48469049418666,1,1,0.712852856744808,1,1
2023,0.0520592769607902,0.242622214925806,1,0,-0.175151277293406,0,0
2024,0.0407983148470521,0.969462932048047,2,1,-0.521544619110437,1,0
2025,1.64908799326471,4.39666885099255,1,1,-0.0881016990457437,1,0
2026,1.19576231804082,1.27086840354758,1,1,0.173871882653832,1,1
2027,1.18502187537366,1.7296777559993,2,1,2.43834970245604,1,1
2028,0.201795576706477,1.30705506569449,1,1,-2.38655850709126,1,0
2029,0.00996609276626259,2.74252836273911,1,1,1.44099352326156,1,1
2030,0.0884463638067245,0.42563125279827,1,1,0.755727883188254,1,1
2031,0.459763113959344,2.30807701733199,2,0,1.96565875394581,0,1
2032,0.271496838249732,2.30560190044343,0,0,0.11212111682494,0,1
2033,0.135953545104712,2.21077781743457,0,1,0.31478264687471,1,1
2034,0.0166797364363447,1.73104199354211,2,0,0.833178154262074,0,1
2035,1.27610743040556,5.07073369137913,2,0,0.0530950849298085,0,1
2036,0.575451657615423,0.724715514291446,2,0,1.80307848133795,0,1
2037,0.0192767623229884,1.98094535509825,2,0,2.10438916523604,0,1
2038,0.0368683817214333,0.171398538858274,2,1,0.460711237963778,1,1
2039,0.188680268474855,0.351315094886112,1,1,0.665290820561154,1,1
2040,0.455767572882402,0.469647567466108,1,0,0.0259061852555039,0,1
2041,0.804132490858257,1.37117683140198,2,0,1.95200275896509,0,1
2042,0.519929746488862,2.18092104339983,2,0,0.820735468742246,0,1
2043,1.39705679371002,4.28135121937231,2,0,-0.419463747421161,0,0
2044,0.103599780413788,1.36194939142938,1,0,0.38941005030762,0,1
2045,0.266886609897483,0.743083048124302,2,0,0.390613744851296,0,1
2046,0.0312054293552327,0.157735700409544,0,1,0.391825197023981,1,1
2047,0.0567532394779846,1.0436281806415,2,0,0.555084175149529,0,1
2048,0.145195227814838,0.698703587630028,2,1,0.932569791122132,1,1
2049,0.175401691347361,0.201940278313836,1,1,-0.0815846126567128,1,0
2050,0.160049627535045,0.51414380596679,1,1,-1.98715229534918,1,0
2051,1.01923731528223,4.376451044317,2,0,-0.0489739499016167,0,0
2052,0.0789102781563997,0.246865011332315,1,1,-0.39067516853319,1,0
2053,0.783079876878879,3.57640366690854,0,1,-0.211501433020471,1,0
2054,0.0139400907210074,0.341720416182453,2,1,1.41476578199352,1,1
2055,0.100515839400109,0.379380385262912,1,1,-0.750124036005588,1,0
2056,0.00314059143420309,1.49634513603657,1,0,0.695449735367412,0,1
2057,0.213922704563167,1.83528466629696,1,0,0.253316591814039,0,1
2058,0.579236347181265,1.67702264438662,2,0,0.288966455901835,0,1
2059,0.108904392078884,4.95216476214479,1,0,-0.0201133214326954,0,0
2060,2.08082120718079,5.28506883304305,2,0,-0.362990061515219,0,0
2061,0.300808901898563,0.744325817980613,1,0,-1.33529936903926,0,0
2062,0.207426629029214,0.584034412783167,1,1,-0.0129138520808683,1,0
2063,0.22617808659561,0.458963454201774,2,1,1.78525505342747,1,1
2064,0.23203993650051,1.59165452213896,2,0,0.501278186468223,0,1
2065,0.0776535263285041,0.234562087300495,2,1,-0.356000766985867,1,0
2066,0.152543214149773,0.999824995627175,1,1,-1.08982263976088,1,0
2067,0.0588737385912938,2.8087696877149,1,1,-0.551844249227605,1,0
2068,0.508676351720288,3.72487641520265,2,0,0.662019602055783,0,1
2069,0.0259800307685509,2.82516951120381,1,0,1.00259022911815,0,1
2070,0.339417579193077,0.386777043511535,2,1,-0.346790222634646,1,0
2071,0.166485923400614,0.426980572565452,2,0,1.03498450363402,0,1
2072,0.173308318771888,0.426986647972569,1,0,0.803638027188458,0,1
2073,1.16302630160341,2.43056322874174,2,0,0.879252401411622,0,1
2074,1.53025575362608,4.14665736538169,2,1,-1.11654688825681,1,0
2075,0.0631157793282579,0.946019577340699,0,1,0.631438373689086,1,1
2076,0.0312353644403629,0.066177464808492,1,0,0.861829943613988,0,1
2077,0.111336681949509,0.457087550533127,1,0,1.45188075222421,0,1
2078,0.690537575632334,4.72307182101377,1,1,-0.324693440319439,1,0
2079,0.14434824232012,0.99321874044228,1,1,-1.38680358086982,1,0
2080,0.0117096220492385,1.92507327031235,1,1,0.529340044869641,1,1
2081,0.00571324210613966,1.37019011275992,0,0,-1.00288237386465,0,0
2082,0.0629297189880162,1.44618392289432,2,1,0.59890374564601,1,1
2083,0.085567130590789,0.255508040849855,1,1,0.059616934706996,1,1
2084,0.342236125841737,5.10277515175624,1,1,-1.46037255305952,1,0
2085,0.605960429503404,1.60606280312153,2,0,1.02044922276788,0,1
2086,0.262632728845347,1.23453497980374,1,1,0.295553262605398,1,1
2087,0.041710015386343,1.28777629523381,0,1,-1.29386410345242,1,0
2088,0.0745414002421472,0.0833254262243927,1,1,0.0309652966911629,1,1
2089,1.11668115109205,1.13645608812961,2,1,-0.0828677451293842,1,0
2090,0.577126478284419,1.70409751518967,0,1,1.44298888065643,1,1
2091,2.01979006924594,3.62033681944013,0,1,-0.249025067274649,1,0
2092,1.50796030756591,1.62852497504981,1,1,1.07438341948408,1,1
2093,0.28891317964312,0.966727396319937,1,1,-0.901287207789959,1,0
2094,0.0471912939391852,0.902416081674438,2,1,1.33144403485674,1,1
2095,0.461827158552416,3.02351101937125,2,0,0.609108866504995,0,1
2096,0.755919712595642,0.97369769415448,2,1,-0.46605908675025,1,0
2097,0.258105642292241,2.44965430899512,2,0,0.192100889985136,0,1
2098,0.256123829632998,0.382544290683817,2,1,-0.319078192471662,1,0
2099,0.189734236219947,1.49461413146973,0,0,-0.120445568022556,0,0
2100,0.464753083648907,2.21751992661855,1,0,-0.688442535260914,0,0
2101,0.0894778632209636,1.35296633301433,1,1,0.407645862312374,1,1
2102,0.145405408926308,1.63385377734373,2,0,-0.462060529767474,0,0
2103,0.26420984097058,0.728112967383462,2,0,1.15315022270817,0,1
2104,1.07599876307514,2.05425938407763,1,0,0.313726242083699,0,1
2105,0.0186106250591671,0.439872465566129,2,0,0.370233743142819,0,1
2106,0.00930457841604948,0.0464963021426734,2,1,1.60995502033761,1,1
2107,3.64047252742534,4.32127190756144,2,0,-0.357749814516528,0,0
2108,0.206804146058857,2.41470803285224,1,1,-1.46829023801531,1,0
2109,1.02832559682429,1.32548548117552,1,1,-0.650079046066328,1,0
2110,1.0581997204572,1.5204145020866,1,0,-1.06447204690432,0,0
2111,1.74661970400924,2.09690211249451,2,0,-0.268452961003858,0,0
2112,0.295402009796817,1.0086782703217,1,0,1.898724925953,0,1
2113,0.621947262526311,1.58279329538345,0,0,0.477282061952753,0,1
2114,1.23949306895362,2.64763833831766,1,1,1.85885773702441,1,1
2115,0.645462323911488,3.64065937190709,1,0,-0.261830745873578,0,0
2116,0.62901604135145,1.57368552578419,2,0,0.701509941878802,0,1
2117,0.0949921939811442,0.157722538953573,1,0,0.782933425226331,0,1
2118,0.673828241971143,1.07077413869185,1,0,0.481438369266827,0,1
2119,0.751523552462459,2.37463990419313,1,1,-1.33792257573709,1,0
2120,0.750842493117608,1.4290464259152,2,0,1.04125243311969,0,1
2121,0.125885219022166,0.577432439122133,2,0,1.48789762480718,0,1
2122,0.253926080292495,0.389246283873344,1,0,-1.1576359180979,0,0
2123,1.17581669986248,2.75723209254397,2,1,-1.02174528724037,1,0
2124,0.153382813557982,0.679606438132726,2,0,-0.157270082068451,0,0
2125,0.612359599210322,1.07370717890665,1,1,-0.133961282890677,1,0
2126,0.161093973557308,0.978770185981552,1,1,-0.591024657069686,1,0
2127,0.267675383911125,0.504283909443815,2,0,1.62684057922734,0,1
2128,0.711611377165474,1.78073643625828,2,0,1.32190980371896,0,1
2129,0.165513737959267,1.73220078045292,1,1,-0.399138426013301,1,0
2130,0.494386361652807,0.96330117969511,1,0,0.803560614158976,0,1
2131,0.249273958033882,1.43972899144586,2,0,0.337966023945887,0,1
2132,0.145950924779754,3.13998275413353,1,0,1.61628762546718,0,1
2133,0.36062039231183,3.26610985685673,2,0,0.687143035400498,0,1
2134,0.138321881509611,0.253929421659694,1,1,1.51296258334713,1,1
2135,0.176814697333612,0.987855984068703,2,0,1.01145739021128,0,1
2136,0.729249385821543,1.99799759619975,0,0,-1.02496940331299,0,0
2137,0.985365707840413,2.49962777479246,1,0,0.103302202619704,0,1
2138,1.62264192095938,2.49921484800584,1,0,-0.397365711074301,0,0
2139,0.291201499057934,0.39617391024285,2,1,1.60922273985301,1,1
2140,0.15496176230954,0.732168766909942,1,1,1.08827088059639,1,1
2141,0.239933282136917,1.93025055554088,2,0,1.115289502044,0,1
2142,0.320374957518652,0.478390999949366,1,1,0.902338478158233,1,1
2143,1.45733736831223,1.6462346065563,1,1,-0.769663215227188,1,0
2144,0.112031934550032,0.379914426265412,2,1,0.819872124615399,1,1
2145,0.448191520786196,2.1021259237153,2,0,-0.138187562976529,0,0
2146,0.487137025389238,0.52415887756883,1,1,0.161182451552406,1,1
2147,0.280374869762454,0.36142273355582,1,1,0.781076016164992,1,1
2148,0.544382821738849,0.942653928103979,0,0,0.481627145650083,0,1
2149,0.0861910047186897,2.25505277628377,2,1,0.388678959359104,1,1
2150,0.159503889886747,2.38052496892959,1,0,-0.635640491043651,0,0
2151,0.0198860177770257,1.37205923002546,1,1,-1.95037783588252,1,0
2152,0.180913408112247,1.7118569649756,0,0,0.0551199186540519,0,1
2153,0.212351801455952,3.84158551283559,1,1,0.892363098116668,1,1
2154,0.261610461748205,0.495291888471223,2,1,1.36026760529779,1,1
2155,0.753711179830134,6,0,0,-0.80471268341527,0,0
2156,0.356090069981292,1.02502188167532,1,1,1.05549145568554,1,1
2157,0.77937588897981,2.11856533075863,2,1,-0.722033423528776,1,0
2158,0.285439016245868,2.04755955358973,2,1,-0.157267685157193,1,0
2159,0.397312762215734,1.9470823990802,0,0,-1.14353995612374,0,0
2160,0.294427603948861,0.847591957342398,2,0,0.025598009278135,0,1
2161,0.953829995001846,2.52826662253028,2,1,0.626107513206838,1,1
2162,0.275766355334781,1.34639190932897,2,0,0.107836813866631,0,1
2163,0.873942667518609,1.04223715910007,2,1,2.50632052032645,1,1
2164,1.68301700369877,2.16887110000254,1,1,-0.719929282293861,1,0
2165,0.221601909957826,0.254305507392982,1,1,-0.291628865660652,1,0
2166,0.986864801909417,2.2784623925768,1,1,2.31577909851702,1,1
2167,0.19241236122396,0.254888739560651,1,1,1.44524959394523,1,1
2168,1.26955457963049,2.06971159976754,1,0,-1.81993995866608,0,0
2169,0.357688774820417,0.424069648786879,0,0,0.306109823266565,0,1
2170,0.131854328790657,0.447335613430631,2,0,1.18064120350856,0,1
2171,1.41854687236755,2.47922956397026,1,1,0.293284740495221,1,1
2172,0.27548567915801,0.425270215297739,0,0,0.00344341615974298,0,1
2173,0.792571013793349,5.01783833329675,1,1,-0.284504463676745,1,0
2174,0.0140614138303811,0.430338851000832,0,1,1.91973878335613,1,1
2175,0.345461993544101,0.673977780719509,0,0,-0.822869917577509,0,0
2176,0.472599471919239,0.662166242200332,1,0,-1.13494115327965,0,0
2177,0.341145877927851,0.633639506833983,1,0,0.521382010058457,0,1
2178,0.473652500099006,1.04842440630961,2,0,0.313618256532355,0,1
2179,0.212147729471326,1.63353948543469,0,1,-0.469102857534401,1,0
2180,0.0451994202298346,0.196069955254746,1,0,-1.3348995370419,0,0
2181,0.416916208632756,2.19333508610685,1,0,0.319569276548238,0,1
2182,0.492437834592357,0.923159351510552,1,1,1.16915257917206,1,1
2183,0.066593828938429,1.27451337823841,2,1,0.399712783204794,1,1
2184,0.29383827582933,1.28126487182191,2,0,0.26138022587829,0,1
2185,0.0137465709121898,0.959187384985326,2,0,1.89423969784978,0,1
2186,0.693580573980518,0.947859749446713,2,1,1.59853760702398,1,1
2187,0.762797830626369,2.90324531877904,2,1,-0.223532617307613,1,0
2188,1.28618578654119,2.97402204679471,2,1,0.347131545563522,1,1
2189,0.818239200135514,0.973080174181983,1,0,0.626075823341568,0,1
2190,0.19828515034169,0.483332828929027,0,1,-0.104102297951333,1,0
2191,0.290254036954138,1.06654519329921,2,0,2.12219009557803,0,1
2192,0.197328623711674,0.749508561566472,0,1,-0.537102125380453,1,0
2193,0.180140547535228,2.99094619944638,2,0,-1.24870979834958,0,0
2194,0.0449924395070411,1.55162712113863,1,0,0.720825463379797,0,1
2195,2.24270870528164,4.20893484502273,2,0,-0.485598909450472,0,0
2196,0.318488613702357,0.755851074613843,1,0,0.497514284538804,0,1
2197,0.331970064435154,1.39976997666683,2,1,0.485450551002066,1,1
2198,1.05451462604105,1.06540882983925,1,1,-0.822200219836269,1,0
2199,0.304932964034379,0.463030164007842,1,0,-1.2389468432065,0,0
2200,0.720120530432843,1.71201100125643,2,0,0.0876662360205072,0,1
2201,0.219377982232922,2.08358744501848,1,0,-0.827087654208708,0,0
2202,0.167430473841247,0.952377296416668,1,0,0.75475894844081,0,1
2203,0.556794402628958,0.940088463557202,2,0,0.449862831162148,0,1
2204,0.376397867512424,2.77564433197253,2,0,0.076875136639482,0,1
2205,0.214093698305078,0.601724955285779,0,1,1.01538174584284,1,1
2206,0.355053561506793,1.30075404564283,2,0,0.893086511195791,0,1
2207,0.145722696937952,0.26165054224174,2,1,-0.204659733680014,1,0
2208,0.0478466615194249,2.1869248279215,1,1,0.974391641153883,1,1
2209,0.898501387797296,4.3317325382183,0,0,-0.350107693563684,0,0
2210,1.10403473879337,2.95621669450272,2,0,0.397284783297258,0,1
2211,1.88714589877644,1.95820202879593,2,1,-0.21319728677163,1,0
2212,0.0225833992590196,2.3317114871563,1,1,0.896305471769321,1,1
2213,0.0927358595072292,1.21284660817195,1,0,0.720116078840435,0,1
2214,0.181996525789145,2.05023739242813,1,1,0.357028627641997,1,1
2215,1.32058271552593,3.77267158230553,2,0,1.22697874578418,0,1
2216,0.26305297476938,0.282652452261934,2,1,0.545348466706814,1,1
2217,0.202245189504022,0.897068475214036,2,0,0.537147682212637,0,1
2218,0.905942736253023,1.00985607860762,1,0,-0.409281595534478,0,0
2219,0.0196499897208738,0.420460292301346,2,0,0.954807751661534,0,1
2220,0.759900691919029,1.18997885800201,1,1,-0.731676020584661,1,0
2221,0.384440405468922,0.411974901740952,0,1,0.535773496605899,1,1
2222,0.944823944941163,1.0687075002773,1,0,-1.06470972057775,0,0
2223,2.36162125242429,3.8658305888183,2,0,-0.867029825245754,0,0
2224,0.252883269276936,0.40847409516573,0,1,0.56721813035653,1,1
2225,0.0968820154666901,1.08481550571469,1,0,-0.515311669150756,0,0
2226,0.196018879651092,0.654586422971769,0,0,0.162066439089186,0,1
2227,0.289803367049899,0.485457200556993,0,1,0.197733289732293,1,1
2228,1.41192354253473,6,0,0,-0.715414290170813,0,0
2229,1.17101431451738,5.69936301531204,0,0,-1.79967589604021,0,0
2230,0.249385827736464,0.326302458484878,1,0,0.853802078695226,0,1
2231,0.46860275825505,1.6255802578321,1,0,0.139627984713711,0,1
2232,0.846038271673024,2.1949374317497,2,0,-0.957462379480721,0,0
2233,0.0325530045665801,1.60958850159217,1,1,0.531201549401151,1,1
2234,0.156298220390454,1.54379617376091,0,1,0.564844872300767,1,1
2235,0.363598067488056,0.627263172953334,2,1,1.48060536625446,1,1
2236,0.359942470386159,0.777501858906056,1,0,0.68092267604925,0,1
2237,1.28277107253076,1.41500363662031,1,1,0.630711377858418,1,1
2238,0.356042289058678,2.79444596428662,1,1,1.20527970525786,1,1
2239,0.242402243602555,1.21543834848102,1,1,0.257249227668304,1,1
2240,1.2904748727508,1.40616748151673,2,1,0.560539626051082,1,1
2241,0.56363423053929,1.79048729417596,2,0,0.998034198867765,0,1
2242,2.23330758503618,2.57236477918923,0,0,-0.579012572847905,0,0
2243,0.11573826149106,0.191823285376268,1,1,-0.161334363844439,1,0
2244,0.282511186087504,0.884898393811451,2,0,0.453774902598958,0,1
2245,0.725150080371469,1.68107410291985,2,0,0.403512536516011,0,1
2246,0.225511156289426,0.824584677442555,2,0,0.351585118954928,0,1
2247,0.672776299528778,0.943076872973376,1,0,-0.654319295051695,0,0
2248,0.978654207044898,2.21706828599172,1,0,0.625489271842432,0,1
2249,0.412554258655291,1.12123639250244,1,1,0.639285755653633,1,1
2250,0.174224961374421,1.08178913778576,2,0,0.297901441182378,0,1
2251,0.247368592827115,0.404142912845898,2,0,1.72452819932234,0,1
2252,0.271294935082551,0.692158632589357,2,0,3.26170892561137,0,1
2253,0.352977452778072,0.449260203363371,2,1,0.617892371272762,1,1
2254,1.1215471184753,3.73681424452615,2,1,0.308826000850794,1,1
2255,0.53443611972034,2.68586479478609,2,0,-0.0583575104996986,0,0
2256,0.571430175953101,0.954044228410921,2,1,1.98306547732362,1,1
2257,1.32173712365329,4.92241788175927,2,0,-0.169968386354925,0,0
2258,1.85078953384402,2.26948303109595,1,1,-0.650406497256539,1,0
2259,0.231560153314239,1.19868023521749,1,0,-0.32693816745033,0,0
2260,0.22098902652316,0.88273045468244,2,0,0.163689832796422,0,1
2261,0.170932425813358,0.63452222874274,2,0,0.471122809147309,0,1
2262,0.312871279311366,0.413723205189424,1,0,0.224467833957938,0,1
2263,0.208635228169725,0.260416639282602,1,1,-0.675936137903425,1,0
2264,0.0682240985060636,1.56925863550609,1,1,0.0863262195792064,1,1
2265,1.02650295937771,3.15104623207154,2,1,0.852209636820187,1,1
2266,0.0354438524455951,0.0532598683912484,1,0,-2.18538642266286,0,0
2267,0.474663793548763,1.97570304386318,0,0,0.618818759788046,0,1
2268,0.731388159884893,0.863363513742743,2,1,1.31291727327974,1,1
2269,0.244985489989631,0.321482036598114,2,0,0.16113157843331,0,1
2270,1.92740090369227,2.86252091664855,0,0,-0.632289835476188,0,0
2271,0.0364720119978301,0.294035355752165,2,1,1.33928435910192,1,1
2272,0.169180863595102,0.665271083513896,0,1,1.85481589921238,1,1
2273,0.125923943909646,0.140403009192056,2,1,0.194615432425597,1,1
2274,1.11695574037731,2.03335949537692,0,1,-0.894946123184321,1,0
2275,1.79089405563402,2.16959615819702,1,0,0.90789284071356,0,1
2276,0.464246379211545,1.79346721128373,2,0,-0.390242964295131,0,0
2277,0.130007788090999,2.55199003368156,2,0,-0.361441080585186,0,0
2278,0.0342298657051288,0.680896601901203,2,0,1.31730410706468,0,1
2279,0.4167102240026,0.583033092474234,1,0,-0.15081967611771,0,0
2280,0.266226924955845,1.1471101791587,2,1,-0.644877037053583,1,0
2281,0.037774183745258,1.20730629772113,1,1,0.79782545975381,1,1
2282,0.208917484851554,0.884835854867287,2,0,2.1064590831908,0,1
2283,0.075918952061329,0.251306986542866,1,0,0.533776625763213,0,1
2284,0.640133981333867,1.86528881991895,1,1,0.407580506088902,1,1
2285,0.511290015975766,0.64954317257274,2,1,0.444152465271338,1,1
2286,0.310561693927669,1.09752173078192,1,1,0.745985351625183,1,1
2287,0.384665465971921,0.652677078196785,1,0,0.098764483554128,0,1
2288,0.662945563645855,1.45151270243029,0,0,2.06347224849372,0,1
2289,0.0823003280675039,1.5594111700901,1,0,0.781097535929195,0,1
2290,0.521883584052621,1.95742046936926,1,1,0.0486403844081175,1,1
2291,0.251077222055756,0.251211104340902,1,1,0.15329478139072,1,1
2292,0.84105980870948,1.47460060522488,2,0,0.570683171036355,0,1
2293,0.350620357966294,1.67349611321457,1,0,-1.13537493864332,0,0
2294,0.360691352725041,1.31599382535034,1,0,0.457874349780872,0,1
2295,0.310154452797539,1.74807646340056,1,1,-1.07384428739883,1,0
2296,0.349417458928656,1.26383539982161,2,1,0.282773224436973,1,1
2297,0.084620299379883,0.351148297982089,1,1,-0.205826450521684,1,0
2298,0.802758216715239,2.41905095807458,2,1,0.639640535812109,1,1
2299,0.202054279561645,0.486200261509438,1,1,0.798373956081219,1,1
2300,0.0914215776720084,0.723451044422255,2,0,0.334309060032955,0,1
2301,0.579365643112272,1.51957588707028,1,1,0.262832335007589,1,1
2302,0.536571385429062,1.61221996757052,2,0,0.154115811520458,0,1
2303,0.264557664340828,0.60481764756993,1,0,1.99351387172398,0,1
2304,0.625320466907516,0.801138564784901,2,1,1.32255939374248,1,1
2305,0.0220047058859833,1.08226984967126,0,1,0.393739359886196,1,1
2306,0.458849053221576,0.996199169414831,1,1,0.127367733832781,1,1
2307,0.305814848108477,0.609599407896973,2,1,1.12117775519866,1,1
2308,0.777795129455626,1.87292615883052,0,0,-0.923471637743939,0,0
2309,0.439564949881861,2.03658579427931,2,0,0.733830889875723,0,1
2310,0.0190238322832303,0.655095032781293,1,0,1.12885814694904,0,1
2311,0.864157922565937,2.7264789664372,2,0,-0.337431780184812,0,0
2312,0.25315521954326,1.11150502848128,0,0,1.80464924916887,0,1
2313,0.0580407027155161,3.01613427497801,1,1,2.05085213255515,1,1
2314,0.118659701198339,0.601996749064904,1,1,-1.36510957245969,1,0
2315,0.386285626445897,1.80644446590918,1,0,0.856250085748352,0,1
2316,0.0793278876844517,0.885183417210303,1,1,0.364475393827996,1,1
2317,0.780937091304742,0.971898474580733,1,0,1.6893710306855,0,1
2318,0.586041154580522,0.909981123698926,2,0,1.0870122838871,0,1
2319,0.314704635180533,1.19870136396961,2,1,-0.864513546066925,1,0
2320,0.302559514238965,0.480124314440286,2,0,0.11131641764318,0,1
2321,0.25110262358794,2.21580753816072,1,1,0.67656331394345,1,1
2322,0.0702142654989577,1.62455362888674,0,1,0.498984427940028,1,1
2323,0.162703703117277,0.715678854095232,1,0,0.837802287084423,0,1
2324,1.4534877463335,2.85731153962431,1,1,-0.693150425332618,1,0
2325,0.788005358746097,1.1176861445054,0,0,1.65286571840403,0,1
2326,0.915798000060022,2.02482345071354,1,1,-0.725461126884833,1,0
2327,0.158095879654939,0.33852867772905,2,1,1.23792517907362,1,1
2328,1.638811711376,2.38305315784025,2,0,0.626540177136098,0,1
2329,1.38755401704966,1.53290868749814,1,0,1.44797241107037,0,1
2330,0.330714785242032,1.21602727068479,1,0,1.19294655159518,0,1
2331,0.104822283319663,1.0088695581111,2,1,0.569802438749321,1,1
2332,0.22178689512657,1.15900835019281,1,1,0.14736488373339,1,1
2333,0.285261826465617,0.382747014289196,1,1,-1.28249094039476,1,0
2334,0.567433654355924,4.55383202061057,0,0,0.648690486246411,0,1
2335,0.371658556163311,1.96187860310159,1,1,-1.26330427062728,1,0
2336,1.76362877889516,2.26759064011276,0,1,-0.542055911419459,1,0
2337,0.0755839992780238,4.40330917420755,2,1,0.11578418200957,1,1
2338,0.00700226332992315,0.468010456930402,1,1,-2.38218622514236,1,0
2339,0.111107267439365,0.12546659662708,2,0,1.35745762602067,0,1
2340,0.279330402554478,0.857052396831869,0,0,0.211789241280257,0,1
2341,1.74354695222101,4.29079107423917,2,0,-1.03478255742958,0,0
2342,0.588803343474865,2.32113207696328,2,0,-0.520195687507148,0,0
2343,0.19824932445772,5.87063320239049,1,0,0.3516211347732,0,1
2344,0.118662926398295,0.466548691127643,2,0,0.86346820790084,0,1
2345,0.356212650076486,3.72234280618957,2,1,0.587918922696338,1,1
2346,0.489677314646542,3.23262580451631,2,0,-0.656898728998102,0,0
2347,0.70089092070008,1.53617985965347,1,1,-1.6713519447655,1,0
2348,0.295560512691736,0.339638146797813,1,1,-0.274771669173895,1,0
2349,0.292465623060707,0.430924788273751,2,0,0.239843662546109,0,1
2350,0.023373368603643,1.04207842806637,1,1,1.80987160934609,1,1
2351,0.0984917865922019,0.290096540160446,2,0,0.669013374335806,0,1
2352,0.49564344715327,6,0,0,-0.538348821909152,0,0
2353,0.0189327989937738,1.34743266636044,2,0,1.49348683996236,0,1
2354,0.53738653307949,0.833735229012257,1,0,0.122333381623602,0,1
2355,0.122252341825515,0.429910060048503,1,0,0.38732687069375,0,1
2356,0.317107897426467,1.17436609082093,2,0,0.1986462431323,0,1
2357,0.329768608789891,0.426702816613028,2,0,0.979425474238988,0,1
2358,0.0557675966410898,0.325871451153329,2,1,2.35850390289649,1,1
2359,0.230480846366845,0.382958730428499,2,0,0.837943198245331,0,1
2360,1.06575224422023,1.18593344154457,0,1,0.549418947626048,1,1
2361,0.508131918995094,0.549792652984302,2,1,1.30481880767238,1,1
2362,0.33478003606433,1.02935706543766,2,1,0.790002429149564,1,1
2363,1.70220850609192,3.6516525875777,0,0,-0.405714485209935,0,0
2364,0.327006552543025,0.773344070670698,1,1,0.418944659464839,1,1
2365,0.403601818718016,0.52192641290478,1,0,-0.23417673498543,0,0
2366,0.19864610044553,0.381683222631493,0,0,-1.55492799335951,0,0
2367,0.786745261840344,1.32406409746454,2,0,0.734882536176933,0,1
2368,1.34242600016296,1.63116989346842,0,0,-0.0606655128060521,0,0
2369,0.212968666455708,0.663118399679661,0,1,1.24026945542984,1,1
2370,0.325842712481972,0.390663743540848,0,1,0.825754055507702,1,1
2371,0.0958209950476885,0.101605306779458,2,1,2.53581888975752,1,1
2372,0.587951619501047,2.76614739559591,0,1,1.37516938534797,1,1
2373,0.138998390945899,0.148479501442919,1,1,0.771966664724221,1,1
2374,0.812602420311243,1.01302299027642,0,0,0.0679308246609643,0,1
2375,0.771072395387385,2.05019703946725,1,0,-2.7469474793571,0,0
2376,0.0169910356635228,0.224316847273727,2,1,0.599332131399099,1,1
2377,0.374470259412192,0.659112556285231,0,1,0.137544649657217,1,1
2378,0.258866621181369,0.272207732941755,1,0,-0.859038818850785,0,0
2379,0.169942512176931,0.992370747008059,2,1,-0.155939882888766,1,0
2380,0.416324573569,1.55801121157234,1,0,-0.243077477330686,0,0
2381,0.821075709510416,1.44701147141556,0,0,0.448000850550681,0,1
2382,0.471116065719918,0.561360478844664,1,1,0.210383951587022,1,1
2383,0.508983656737775,1.08953155597043,1,0,0.101277536949786,0,1
2384,0.0367589117799917,0.352640336305754,2,1,1.65510930882558,1,1
2385,0.112493757915217,0.129048854566383,0,0,0.416272532451688,0,1
2386,0.0389595776796341,0.251626200004748,0,1,-0.696602394768079,1,0
2387,0.360146663733758,1.37341028767998,1,1,0.88643993727442,1,1
2388,1.10914964269763,1.29983042467536,0,0,-1.32153336852668,0,0
2389,0.936137305572629,2.95562852485579,1,1,-0.151598266552281,1,0
2390,0.246717052068561,1.94929473927749,2,1,1.40964652810565,1,1
2391,0.987400420941412,1.51431717220162,1,0,-0.0866418802642499,0,0
2392,0.181594815667544,1.13076137111303,1,1,1.06760781598276,1,1
2393,0.48061446055279,1.99929925561808,1,0,0.304837703445683,0,1
2394,0.381323455367237,2.15982228207092,0,1,0.4566148505958,1,1
2395,0.161722795758655,0.396872636796203,1,0,0.122892117557937,0,1
2396,0.134623976245271,1.00937687084794,2,0,-0.320588153728106,0,0
2397,0.236877009738237,0.417737924461838,1,0,0.530322769023516,0,1
2398,0.154336453619935,0.7033149441324,2,1,0.538448829527151,1,1
2399,0.541449160638087,1.52974324181278,1,1,0.509632885113129,1,1
2400,0.0831946337711997,0.140839958050457,2,0,0.285222255177092,0,1
2401,0.0362884263786067,0.238854570798331,2,0,1.06249946122577,0,1
2402,0.153700855560601,1.9460133779174,1,0,-0.885035726657803,0,0
2403,0.375500404334161,0.467299344707281,1,1,0.229826649846325,1,1
2404,0.45966832766039,0.543498002865408,1,0,-0.949007809447059,0,0
2405,0.17657858581515,1.09561314060147,1,0,0.323084959811235,0,1
2406,0.482314419906408,0.568925974256485,1,0,0.280149480853178,0,1
2407,0.457054593392922,1.56329745669512,1,0,0.128707732175535,0,1
2408,0.267976149334572,0.410278377361198,1,1,0.950313699573818,1,1
2409,0.0170525099383667,0.0641365396808631,1,1,0.113172796614716,1,1
2410,1.10548239760101,1.21819543962677,0,1,-0.218216743573981,1,0
2411,0.00787509139627218,0.849764449383294,1,1,-0.731898964449077,1,0
2412,0.0237024574564649,1.15194356434444,1,1,0.414422546307399,1,1
2413,0.378650098398901,0.626462989816986,1,0,-0.545499575822089,0,0
2414,1.46567893154837,1.67633906068731,1,0,-1.88043659361567,0,0
2415,0.58305626150389,1.1531372403657,1,1,0.87433998567959,1,1
2416,0.462153664775125,1.10529062228216,1,1,-0.821897363115853,1,0
2417,0.329782354237977,1.53684922224057,2,0,0.636008470076173,0,1
2418,0.353781526209787,0.387560221921943,2,0,1.92203596209265,0,1
2419,0.100366905003445,0.505080420331223,2,1,0.310218021547123,1,1
2420,0.34477121103555,0.394616210833192,0,1,-0.998426238979927,1,0
2421,0.0570143599179573,0.650830598243578,2,1,1.13281352898375,1,1
2422,0.00728712999261916,0.119320132466582,0,0,0.714597288028899,0,1
2423,0.03320837917272,0.30265142897795,2,0,0.627996278882319,0,1
2424,0.627492857139379,0.954359540814017,1,1,0.425738935957174,1,1
2425,0.675665601156652,1.6296120206366,2,1,-0.148767148462567,1,0
2426,0.222786891274154,0.60872001999509,1,1,-0.234668633451943,1,0
2427,0.740102788433433,0.813073103005687,0,0,-1.32658219082849,0,0
2428,0.803119956515729,3.2896061996539,1,0,-0.775464299924495,0,0
2429,0.47391752185934,2.57577838730471,1,1,0.214290849750401,1,1
2430,0.264988094859291,3.92452577175048,1,1,0.298894421236088,1,1
2431,0.254188583348878,0.379521005800626,2,0,0.945067912073935,0,1
2432,0.263750396843534,0.363121144473553,0,1,1.58196851000154,1,1
2433,0.612232946790755,1.08390399783101,2,0,-0.395729422116929,0,0
2434,0.125800363719463,1.06071071487687,1,0,-0.840044942133908,0,0
2435,1.22206069342792,1.30895893779104,1,1,-1.48487119666335,1,0
2436,0.0303810555487871,0.0946385744700501,1,1,-0.460682004802157,1,0
2437,0.427182412240654,0.520970762904943,1,0,0.982323108875657,0,1
2438,0.0942566027515568,0.667757107306564,2,0,0.585658743172025,0,1
2439,0.0446674847626127,1.29725060310051,2,0,1.60199678474443,0,1
2440,0.275835909402552,0.420134695124644,1,0,-0.911124398552573,0,0
2441,0.566323879174888,2.59184392355676,1,1,-0.343013538490038,1,0
2442,0.711903425372958,2.4956698402118,2,1,0.708345851538859,1,1
2443,0.398494029068388,1.78024625095228,0,0,0.551526236048949,0,1
2444,0.252283277979698,0.336394767765853,1,1,-1.19249464405986,1,0
2445,0.376182858832181,3.12227630056441,0,0,-0.606099597675613,0,0
2446,0.759553482613348,2.12151241357038,2,0,0.39366941719582,0,1
2447,0.499739072285593,0.575281048148367,1,1,-1.20546272708164,1,0
2448,0.919300115149111,3.82790295622785,1,0,0.4245914906965,0,1
2449,0.552790252232745,1.01275558619914,2,1,1.82737181805685,1,1
2450,0.404136122625333,3.20706718272507,2,0,-0.478612049121649,0,0
2451,0.187831014934797,0.232516061594246,1,0,1.23270894801128,0,1
2452,0.0508372965850867,2.10600700697986,1,0,0.170056549020128,0,1
2453,0.00847655930556357,0.033799169381439,2,1,0.465307302314764,1,1
2454,0.673978078385636,0.69350669966181,2,1,1.15642604449168,1,1
2455,0.4032667572028,0.630151269336542,0,0,0.153804480738709,0,1
2456,0.0579032384447824,0.40023725060658,1,0,0.205693968387676,0,1
2457,0.0737841991940513,0.34815618789386,2,0,0.338748042329778,0,1
2458,1.73555424987319,3.23080584856704,2,0,-1.36229632634925,0,0
2459,0.0630442332476377,1.38403239454579,1,0,-0.534909041641231,0,0
2460,0.550778481677328,0.551236597821116,0,0,0.835633390077343,0,1
2461,1.45047318463821,1.7991447907328,1,1,1.22460976996068,1,1
2462,0.251547937223222,4.45867851066093,0,0,0.40093771250436,0,1
2463,0.0943052684968669,0.642657764697182,2,0,1.96151414832694,0,1
2464,0.518069579239756,1.21361140187331,2,1,1.14331108474064,1,1
2465,0.649719058535993,0.930822001322805,1,1,-0.922133428392296,1,0
2466,0.547013190574944,0.741057454781409,1,1,-0.30621389451597,1,0
2467,0.0805986247607027,0.129083847950027,2,1,1.05023247919019,1,1
2468,0.206296902457912,0.672146077604528,0,0,0.980323018319546,0,1
2469,0.044479341904975,0.310914132181204,1,0,0.443850733513557,0,1
2470,0.102775907726027,1.47643215671615,2,0,0.50526465203364,0,1
2471,0.551977458511278,1.33724962409908,2,0,1.47961483840634,0,1
2472,0.135082678752951,0.158619859878175,2,0,1.64193517877218,0,1
2473,0.101077379658818,0.500879233837081,1,0,1.83383696469021,0,1
2474,0.167069878079928,2.16973336525934,2,0,0.644790003831664,0,1
2475,1.60908968924525,4.1069015939281,2,0,-0.124230662386352,0,0
2476,0.0638631002594627,0.30904657072294,2,1,0.471790410617315,1,1
2477,0.423670665360987,1.00785873973809,2,1,-0.888172468182454,1,0
2478,0.458154614083469,0.801772223869193,2,0,-0.999712215209083,0,0
2479,0.278057153336704,4.95497086371783,2,0,-1.4585940474471,0,0
2480,0.126730090996716,4.16881979753574,0,1,1.18669873793292,1,1
2481,0.620273262262344,3.85306726416509,1,0,-0.887989648790402,0,0
2482,1.53565000678683,2.23807889347275,0,1,-0.245453676442967,1,0
2483,0.474670104423359,0.829549321428019,2,0,0.553728066488055,0,1
2484,0.102988251892384,2.10695894100917,2,0,1.29149369549619,0,1
2485,0.522048335961819,1.86825384385884,0,1,1.07315020007136,1,1
2486,1.07286838343704,1.26770451133592,1,0,0.90806105316809,0,1
2487,0.254847095638979,0.330929250263062,2,0,2.48949421574543,0,1
2488,0.443261795324968,1.74838899220168,0,0,-0.0247745746288045,0,0
2489,1.19470882974565,2.47628233396459,1,0,-1.67146945748967,0,0
2490,0.109613688662648,0.815660365277864,2,0,-0.0723127690162844,0,0
2491,0.260379432584159,3.02219247056166,2,1,0.43334763482186,1,1
2492,0.0472563145043946,4.08902982560297,0,0,0.930186242688426,0,1
2493,0.0113296281779185,1.12478885695286,1,1,0.235919633818301,1,1
2494,0.24412027472863,0.437415049721797,0,1,1.19355007508093,1,1
2495,0.818271231837571,2.65300002898839,2,0,-1.4587317017772,0,0
2496,0.104640381410718,0.980968934934556,2,1,-0.951103875052856,1,0
2497,0.617941736683071,1.71566815316759,1,0,0.0312870931896136,0,1
2498,0.919104595846095,3.57758276742246,1,0,1.29034726260652,0,1
2499,1.14901657961309,4.93119300565711,0,1,-0.279272542708418,1,0
2500,0.516586720123558,2.2459340297664,1,0,-0.293192172184023,0,0
2501,0.102561241656076,1.07044078798051,1,0,0.546302238705087,0,1
2502,0.0262936698368447,0.10513254270502,1,0,0.219773559227742,0,1
2503,0.966675336187713,1.65480325387913,2,0,0.336423567430638,0,1
2504,1.25295969378203,1.38174057979905,2,0,-0.282259279396494,0,0
2505,0.275965131862625,0.649361219876735,2,1,1.19871263612919,1,1
2506,0.470856466412174,3.33512452443065,1,0,0.0944819767797653,0,1
2507,0.457554789000943,0.530662973449277,2,1,0.963318126311405,1,1
2508,0.00691851234238876,0.464871167521949,1,0,0.149159058778134,0,1
2509,1.61003129199652,2.17714001761499,1,1,0.11782509688864,1,1
2510,0.880551616661251,1.55321165458523,1,1,-1.21085745414647,1,0
2511,0.256606945709854,0.745413660063127,2,0,0.329797775932596,0,1
2512,0.571101861850159,0.581866170700397,2,1,0.266134397470046,1,1
2513,0.065202183322981,0.226636668617296,2,1,1.52259582598017,1,1
2514,0.397614221728873,0.832100869540655,1,1,0.666543445818889,1,1
2515,0.779363048469469,0.891200509965693,2,1,0.0941650233235113,1,1
2516,0.0887400368810631,0.504368150466921,1,1,0.648502866312579,1,1
2517,0.00989386806021113,3.84908225206223,1,0,0.584807354055747,0,1
2518,2.17255844160135,2.76285730923216,0,0,-0.515724102702907,0,0
2519,0.301683345862686,2.41965318312097,1,0,1.33188360998454,0,1
2520,1.65553828809916,1.71624536865738,2,0,0.850771123644846,0,1
2521,1.77759173315692,2.34307439444686,2,0,0.670697232303849,0,1
2522,0.413501841947436,0.890833065969189,0,0,-0.0366254741406461,0,0
2523,0.767503135830243,1.63242515864787,2,1,0.675043710736124,1,1
2524,1.04111248638079,1.16464913678377,1,1,0.54228405955012,1,1
2525,0.359892699867487,0.772586785259363,1,0,-0.768365184318837,0,0
2526,0.0279468850931153,2.00174413471474,1,0,0.317679881602064,0,1
2527,0.070356999640353,0.491660845754107,2,1,1.41778818712755,1,1
2528,0.134318450582214,1.38672321747782,0,1,0.250834965941817,1,1
2529,0.193340678524692,1.68337354644378,1,0,0.727258324833916,0,1
2530,0.285005579702556,6,0,0,-0.812429545308042,0,0
2531,0.199340987802524,0.995577011017398,1,0,-0.813210173689123,0,0
2532,0.55530112001282,1.63204985353937,2,0,0.753675991662659,0,1
2533,0.546441751532257,0.810296051204205,0,1,-0.301656922239869,1,0
2534,0.0488355492092775,0.176212928372969,1,0,0.984169263936188,0,1
2535,0.449613879434764,1.23478138763715,1,1,-0.517142284579871,1,0
2536,0.00526314756925014,2.43105333165036,1,1,0.248743531784923,1,1
2537,0.0216024372976404,0.320395277785925,1,1,0.330137850351489,1,1
2538,0.10015732049942,0.418368432266677,1,0,-1.08039436017276,0,0
2539,0.718243396232657,0.968515336601018,2,1,0.830030483635168,1,1
2540,2.3757534957582,2.56062825127641,2,1,-0.270729795718606,1,0
2541,0.647286661008444,1.41760386153378,0,1,1.12744921306943,1,1
2542,1.13732672640459,1.21627919200661,1,1,1.0057160082477,1,1
2543,0.0254730859887786,1.4359436558434,1,1,0.483855457131368,1,1
2544,0.165957177989185,0.176821994263343,1,1,-1.68665594664421,1,0
2545,1.52069851491614,1.72350461989804,0,1,-0.751875341045414,1,0
2546,0.420459620363545,3.6027132232463,1,1,0.41932392084925,1,1
2547,0.498497528502911,2.35525109644146,0,0,0.378399162885061,0,1
2548,1.06005367171019,3.09790608803124,1,0,-0.782428382331549,0,0
2549,0.0715919749927707,1.32744939525997,2,1,0.0846032296640885,1,1
2550,0.625238043256104,0.72346464367959,1,0,-0.659696970555962,0,0
2551,0.0264047099355808,6,0,0,-1.10665433452598,0,0
2552,2.68576755180004,3.15967024924854,0,0,-1.71879289071325,0,0
2553,0.014294655598027,0.354608645683523,2,1,1.22748026477667,1,1
2554,0.755152397789061,0.963685273503264,0,0,-1.35875569306654,0,0
2555,0.207639694709204,3.49972400554333,0,1,1.2659957711993,1,1
2556,0.155128792102914,0.694347106373392,2,0,1.06832854669835,0,1
2557,0.219727198127657,0.788771125177542,0,1,0.402362108589386,1,1
2558,0.203518887865357,0.550364633622475,1,0,0.0625276273212219,0,1
2559,0.0103215055423789,0.965752383288651,2,0,0.918078155370033,0,1
2560,0.237384338397533,0.792529378826141,1,1,0.305636460613513,1,1
2561,0.978609903789943,1.39037207818009,2,0,0.829440827754274,0,1
2562,0.110085896104798,0.158603489820777,2,1,0.654284154586776,1,1
2563,0.338831589557113,2.53140375864411,2,0,-0.333342986869185,0,0
2564,1.23246026145307,1.49595018870331,2,1,-0.0267819445386624,1,0
2565,0.151941316202283,0.302262854511824,1,0,-1.48746927379835,0,0
2566,0.15122881217394,0.225573179691089,2,0,1.32701453907351,0,1
2567,0.408708589384332,1.43014660836318,2,1,0.917331334611195,1,1
2568,0.0165233608422103,1.22446943252598,1,0,0.0851763460816561,0,1
2569,2.72916689506712,4.88505252781837,2,0,-0.461758217036401,0,0
2570,1.52129609315636,2.04882594534526,1,0,-0.790114574729154,0,0
2571,0.120241375153824,0.243588677765443,1,0,0.702799913585207,0,1
2572,0.142740784312575,1.21591798241224,2,1,0.271829434861407,1,1
2573,0.0571956358958608,0.262129446044393,2,0,0.711575489841464,0,1
2574,0.244454549974762,0.27317336018296,1,0,0.860969470165561,0,1
2575,0.494795840090725,2.2087199882441,1,1,0.767558982632127,1,1
2576,0.0978541646025228,0.217249069068883,1,1,0.692734074554085,1,1
2577,0.123217294108452,0.308323126345944,2,0,2.31918540978912,0,1
2578,0.410599778115284,3.85148196392588,0,0,0.0226857823173534,0,1
2579,1.58838497466388,1.96302077112099,0,1,-1.41720302917682,1,0
2580,0.0249204060103828,0.258472487166621,1,0,-0.424804154713318,0,0
2581,0.0601056881714612,1.04539650805417,2,1,1.05853361334658,1,1
2582,0.0333782275970828,0.893540875121538,1,1,1.11352963369883,1,1
2583,0.117716774906268,1.61708553942541,0,0,0.249077068680668,0,1
2584,0.207853316387627,2.96768042763061,2,1,0.59503569698934,1,1
2585,0.347694699040518,0.827271811092207,2,0,1.15054217197703,0,1
2586,0.721058383324936,1.15652902983175,2,0,1.24411814504496,0,1
2587,0.162195637822151,1.91563085634048,1,0,-0.91402318286711,0,0
2588,0.0524793460499495,1.47385023677707,2,0,1.24496725414441,0,1
2589,0.347828030935489,3.75555580423799,1,1,0.175166634009945,1,1
2590,0.141476616691633,0.810208369293877,1,0,-2.59905501864224,0,0
2591,0.118776577680614,0.152365906784932,0,0,0.543800138402598,0,1
2592,1.5223048475249,2.17698748876128,2,0,0.727723085680311,0,1
2593,0.369696365378331,0.590324999874234,2,0,0.0476418967059875,0,1
2594,0.218050268886145,0.348551220328612,2,0,2.14653984479456,0,1
2595,0.721793842496458,2.15528675469227,2,1,-0.100273022563015,1,0
2596,3.64145100063036,6,0,0,-1.41468128587104,0,0
2597,0.00977263402083643,0.81683361753831,2,0,-1.01785483413966,0,0
2598,0.0170355246518739,2.44133381173015,0,0,0.269934022383254,0,1
2599,0.761054758913815,0.79487473672659,1,0,-2.60086771524245,0,0
2600,0.0736164519912563,0.143779704248012,1,1,0.0114113668429508,1,1
2601,0.659753219780334,0.947596380652092,1,1,1.14000319042781,1,1
2602,0.550164206625715,0.829651880646179,1,1,0.256909660518529,1,1
2603,0.140987655613571,1.72576717398752,1,1,0.609531163612919,1,1
2604,0.106470285973046,0.699443225141584,1,1,0.704057750864899,1,1
2605,0.0894499057903886,4.22605213824236,2,0,0.310425523035038,0,1
2606,0.0924729244108696,0.428378778309934,0,0,0.498729973541066,0,1
2607,0.189634634952368,0.674550823541659,1,0,0.281431828702909,0,1
2608,0.317857060512271,3.60550633942088,0,0,-1.04206263637761,0,0
2609,0.309583624721731,0.432912715086924,1,1,-0.677969420253402,1,0
2610,2.04806515379789,3.06104838848114,0,0,-1.02076021829072,0,0
2611,0.547234858942039,4.13795619948173,2,0,0.489719449944918,0,1
2612,0.125203386712462,1.11414122080155,2,1,0.942443408974475,1,1
2613,0.206647407903802,0.338874693821208,2,0,1.28171654491933,0,1
2614,0.209830653038807,2.1104218366468,1,0,0.620876051613333,0,1
2615,1.69874416655841,2.55498867537621,1,1,-1.15379451591709,1,0
2616,0.644230762629147,1.85347439721227,0,0,0.26672430676037,0,1
2617,0.49530749861151,0.667436736661761,2,1,-0.266402823794985,1,0
2618,1.44813422477784,3.40652267416752,2,0,-0.022104475689132,0,0
2619,0.751961829347357,2.49997065092127,0,0,0.55278531362541,0,1
2620,1.00108534470201,1.10383628240551,1,0,-0.766057650049007,0,0
2621,0.717881218271151,2.22719610492997,2,1,0.59739430142377,1,1
2622,0.102841939706041,0.520327873809098,2,0,0.707196125891921,0,1
2623,0.191128576399954,1.65595538155299,2,1,0.756658952937956,1,1
2624,0.0446486424159923,0.189286056410137,1,1,-1.38581992594262,1,0
2625,0.574003700841845,1.5781397400607,1,0,0.574040508729793,0,1
2626,0.87490770034492,1.77800186136777,1,1,-0.727408742420239,1,0
2627,0.285665407776833,1.22031827836685,0,1,-0.292465008549492,1,0
2628,0.541230370005986,1.3883568914038,2,0,0.656734789128938,0,1
2629,2.50573529266663,3.09876750538158,1,0,1.91885464415036,0,1
2630,0.443381833843887,0.735028990010347,1,1,-0.60974149149874,1,0
2631,0.0156469992723265,0.0712782500297705,1,1,-0.702600986737811,1,0
2632,0.362035662867129,0.608722230162394,2,1,-0.0384341349840074,1,0
2633,0.314709608792327,3.12493424645936,2,0,0.914310785436851,0,1
2634,0.349752994254231,1.57964878342913,1,1,-0.145661965055666,1,0
2635,1.68410591959002,3.13684918427932,2,0,-0.623463860445426,0,0
2636,0.239417870528996,1.07158692309128,1,1,-0.0102514486372898,1,0
2637,1.29859006404877,3.21004902688205,2,0,-0.0144914584337877,0,0
2638,0.67410946781804,1.33144742129402,2,1,0.411170119296115,1,1
2639,0.316575962097853,0.791064613528965,1,0,-0.953907516798846,0,0
2640,0.207078511011787,1.37829514693477,2,1,2.28669709422126,1,1
2641,0.0722802625969052,0.471440895961397,1,1,-1.41338648567113,1,0
2642,0.51491829007864,2.02957555332799,1,1,-1.0674729390686,1,0
2643,2.11510365634205,2.50336253231565,0,0,-0.978309209131977,0,0
2644,0.251126321672928,0.938422337963239,1,0,0.176769181121733,0,1
2645,0.263356374464054,4.2829147175485,2,0,-1.07823676949169,0,0
2646,0.188804405042902,0.474558737930983,1,1,1.65645208600022,1,1
2647,0.0355683566886,0.690671110493348,2,0,0.100683340673206,0,1
2648,1.37647166289389,5.38894770554005,2,0,-0.308101242330574,0,0
2649,0.508017470684655,1.40457733407546,2,0,0.133677595506357,0,1
2650,0.0897120060399175,0.123384428139917,1,1,-0.200372985657604,1,0
2651,0.474827449597806,1.75688678224583,1,0,0.320317117420245,0,1
2652,2.41847614162512,3.41001976785479,1,0,0.4707498139894,0,1
2653,0.140589017377428,1.67544383901514,1,0,0.463941092849233,0,1
2654,0.166169638978317,0.187231730460879,1,1,0.835816719150678,1,1
2655,0.872458755196307,3.24384417552857,2,0,-1.17452277079557,0,0
2656,0.105769235640764,1.78153170861658,1,0,-0.375397100594106,0,0
2657,0.0345135995303281,0.951469609520418,1,0,1.68840064978988,0,1
2658,0.199419125565328,1.50689149896304,0,1,0.500104206495764,1,1
2659,0.0990169541910291,1.67981989397425,1,1,-0.351648874321688,1,0
2660,1.09302203228899,2.23778415781756,0,0,1.49901514842838,0,1
2661,0.300173272553366,2.4053440620794,2,0,0.324971387785506,0,1
2662,0.263491015173436,1.06048604522835,1,0,-0.230543248927312,0,0
2663,0.218437218107283,1.31063232485023,1,0,-1.2180234730072,0,0
2664,0.0967956229578704,0.683857099816613,2,1,0.649113048221642,1,1
2665,0.302751761337277,1.29839053137268,1,1,0.574134826354714,1,1
2666,0.438394876519971,1.16497832020172,0,0,0.791525979496038,0,1
2667,0.269768080324866,0.549553675030568,2,0,0.637090496437301,0,1
2668,0.823952370529816,1.98667238647282,2,0,1.08904751545999,0,1
2669,0.630160510540009,1.09475907000731,2,1,-0.19744536816672,1,0
2670,0.83675098835659,1.25182550090055,0,1,1.02562744138139,1,1
2671,0.205267307173926,0.636592374245836,2,0,1.03186768875202,0,1
2672,1.40610794155839,1.46521268928501,0,1,-1.11610839726126,1,0
2673,0.84304129255564,2.30247767266728,2,0,-0.151491645065682,0,0
2674,0.0664362209499814,0.0892323103547146,1,1,0.252170268521168,1,1
2675,0.414782907464541,0.623918161689834,0,0,0.0876501295882628,0,1
2676,0.600623748265207,1.66909398936336,2,0,-0.529875640911398,0,0
2677,0.736506281510748,1.32526676537886,2,1,0.723712133643742,1,1
2678,0.0120965717360377,2.25858207792044,0,0,0.645033536730175,0,1
2679,0.0268591931089759,0.0811403711368879,1,1,-0.381210264558013,1,0
2680,0.258488149882678,0.520818254884172,2,1,0.550046336100168,1,1
2681,0.207880990346894,0.508470215524236,0,1,0.500829382165408,1,1
2682,0.0496542369364761,1.06029170523596,1,1,1.10410754270751,1,1
2683,0.187502102635335,0.477716584999563,2,1,0.0281365593526876,1,1
2684,0.606364317164807,2.91922124880494,2,1,-1.13014556630522,1,0
2685,0.16941059473902,1.1397719154932,1,0,-0.853447273075479,0,0
2686,0.157940643461488,1.54119874477135,2,1,0.0804458907062525,1,1
2687,0.549831803628996,1.95539980241642,1,1,1.01045173284094,1,1
2688,0.600078910912208,0.634872994488658,2,1,1.43043687491224,1,1
2689,0.0399784343317151,0.274854147348562,2,0,-0.241531436774976,0,0
2690,0.29548690043157,0.830479592784963,2,0,1.66647175045636,0,1
2691,0.4638300032558,0.704341416490601,1,1,0.428865395278301,1,1
2692,0.204274544121306,0.307413749396801,0,1,0.60392520787136,1,1
2693,0.0499974684789777,0.369332969378794,1,0,-1.40183816897937,0,0
2694,0.363305345817935,0.668655987320695,2,0,0.934614504213203,0,1
2695,0.287854058551602,2.74246904996318,2,0,0.561162627321226,0,1
2696,0.09233444166796,3.76345029100776,0,0,-1.24206547904719,0,0
2697,0.377460188174155,1.2685442925946,1,0,1.18989073151227,0,1
2698,0.65829398632175,1.51807353020597,1,1,-0.811674269818774,1,0
2699,1.5506555995995,2.97207221033596,1,0,-1.54172226601841,0,0
2700,0.45988178730875,0.552294712189618,1,1,-0.231123825412726,1,0
2701,1.47585838102384,2.07834043800436,1,0,-0.215838363367434,0,0
2702,0.974369650706649,1.34958444173599,1,1,-0.704945880102078,1,0
2703,0.0709309731610119,1.30571217576537,1,1,1.11346049837973,1,1
2704,0.603664595014937,1.18734845184366,1,0,-0.787903873418292,0,0
2705,0.141857352930559,0.240699075974938,1,1,0.718730145327616,1,1
2706,0.152787467464805,0.286397473638002,1,1,-0.82365970134839,1,0
2707,0.0690460264058801,1.52030875015818,2,1,-0.730422920166886,1,0
2708,0.0215839111478999,0.495748237956747,2,1,0.983172594310359,1,1
2709,0.121082876285072,0.838135856856491,0,0,0.36132102740374,0,1
2710,0.0747589264065027,0.623299040483886,1,1,-2.28197556884114,1,0
2711,0.0390963588142768,0.295644767114292,2,0,1.7340546735559,0,1
2712,0.592944620849386,0.749811296359025,2,0,0.347743798977137,0,1
2713,0.91632957332173,1.68367402048565,2,1,0.664385977768169,1,1
2714,0.0632764183683321,0.126593642887802,1,0,1.12189048890879,0,1
2715,0.376891035703011,0.644810153448959,1,1,0.338218431836998,1,1
2716,0.994862923346102,2.30175129889445,2,0,0.319902950734432,0,1
2717,0.463945366322632,0.570662600173822,2,0,1.2148862401938,0,1
2718,0.046301939997084,0.0779384637494495,0,1,0.133056551602145,1,1
2719,0.177816576312837,0.326671702014065,1,0,-0.874211493605473,0,0
2720,0.321329225488044,0.720423889918089,2,1,0.917909097921271,1,1
2721,0.739926508627832,4.08381191037677,2,1,-0.806703687259985,1,0
2722,0.532986182719469,2.42729459096851,1,1,-0.329824686093488,1,0
2723,0.158039893876111,0.441344949192945,2,0,0.249437086004608,0,1
2724,0.0627686949351297,0.170243635415029,2,0,0.688684096208988,0,1
2725,0.0920810454637473,0.581603172221312,1,1,-0.425423717804476,1,0
2726,0.0745318690314889,1.72767714874502,2,0,1.25594304216854,0,1
2727,0.0413935052347369,0.25531160334746,0,0,0.673545312051375,0,1
2728,0.191917843476404,1.03741187876196,1,1,0.819703764889245,1,1
2729,0.0409400969510898,0.395147175219966,0,0,0.168656972451567,0,1
2730,0.135068595409393,2.67858394080209,2,1,-0.288890384992608,1,0
2731,0.841059125959873,1.0682069146945,1,0,-1.89958957199092,0,0
2732,0.762485874557689,2.38911481046146,0,0,0.271743559418282,0,1
2733,0.321473415219818,1.52993917789092,1,0,-1.52651086953258,0,0
2734,0.321630792459473,0.596044534187102,1,1,0.466118015208397,1,1
2735,0.0915470611443239,6,0,0,0.203917520212735,0,1
2736,0.100620291907794,1.01552128735038,1,0,-1.87424615966383,0,0
2737,0.221932946005836,0.464628287549012,1,0,0.172177866816754,0,1
2738,0.205346331349574,1.65561314144393,1,1,0.255390218876848,1,1
2739,0.488257211183798,3.59775460993356,2,0,-0.346109199718085,0,0
2740,0.152965181332547,1.76310492169183,1,1,1.17789159650682,1,1
2741,1.28584982472809,2.07110200771006,0,0,0.49208575902434,0,1
2742,0.429095767438412,1.462405671676,0,1,-0.485802503863401,1,0
2743,0.248471719387453,2.50126025018593,0,0,0.239627721123984,0,1
2744,0.0666743266629055,1.02805180164675,0,0,0.484982971802724,0,1
2745,0.283134049968794,0.351012835990217,2,1,1.20380791585287,1,1
2746,0.649354584819335,1.26392546389896,1,0,-1.80857738568976,0,0
2747,0.124029188009445,0.301990640572286,2,1,1.54836899572287,1,1
2748,0.711152956329107,0.76725405951341,0,0,0.500551738513506,0,1
2749,0.488477590234771,1.37945419490263,2,0,0.773582010074616,0,1
2750,0.2789761767619,1.20138004920185,0,0,0.346519021203575,0,1
2751,0.00421540840761736,0.635325191036148,1,0,0.0152834975525819,0,1
2752,0.0244489792385139,0.268567353918734,0,0,0.342568277068765,0,1
2753,0.0656694041246207,0.846647382436605,2,1,0.553867381721833,1,1
2754,0.891684917895425,1.02060378718995,1,1,0.0509609444931198,1,1
2755,0.122088446853454,4.10560794565779,1,1,-1.37429101634947,1,0
2756,0.0295698089370783,0.222642845448598,1,1,0.842194622580209,1,1
2757,0.407259205821902,4.80152951103298,2,1,0.114707295883667,1,1
2758,0.0477445241995156,0.353561722100005,1,1,0.343164715221041,1,1
2759,0.763859053814605,1.61926434932267,2,1,1.12578076805362,1,1
2760,0.397695977240801,1.03527119951461,1,1,-0.22834842192754,1,0
2761,0.628136238469238,2.32596686763396,1,1,-0.989808679107325,1,0
2762,0.666904289947644,0.802816134271518,0,1,0.245972052033909,1,1
2763,0.308524625375867,0.586362762169774,1,1,-1.67680428130445,1,0
2764,0.0962916621938348,0.370368559549871,2,1,2.35776393812453,1,1
2765,0.0114561661030166,1.24407732859254,0,1,0.562876592446136,1,1
2766,0.110704478693295,0.477264009474103,2,1,0.603191174041471,1,1
2767,0.554169676007524,2.83315108962,2,0,0.178459966430736,0,1
2768,0.00574851006796136,6,0,1,-1.16837820918057,1,0
2769,0.00244657944256684,0.387579035472454,1,0,1.02516411705288,0,1
2770,0.226847915330422,0.244658673144386,1,1,0.658992692721142,1,1
2771,0.100738160836045,0.226852979551301,2,0,0.952434368962015,0,1
2772,0.394799462519586,1.14461130698884,1,1,0.522700711290335,1,1
2773,0.452201694689512,1.6558214998891,2,1,1.04890291220849,1,1
2774,1.03234473028557,1.31315774433959,1,0,1.63974381871067,0,1
2775,0.322947154581648,0.916636363501891,1,1,0.0266534083552199,1,1
2776,0.192923306253087,0.791785381330652,1,0,-0.555282519428919,0,0
2777,1.25599435158074,1.42045617614353,1,1,-1.5001690132967,1,0
2778,0.81885661461559,1.77656384464169,1,1,0.0120468646271358,1,1
2779,0.385560316790361,0.763348547769916,1,1,0.0544739867679703,1,1
2780,1.98658407098594,3.2818781522288,2,0,-0.488431075324281,0,0
2781,0.00138814330423029,0.0728892989575652,2,1,0.651486061035487,1,1
2782,0.702440649220099,1.51842855041476,1,0,0.206024591672585,0,1
2783,0.449181829436503,0.56956866606231,1,1,0.0184917806575708,1,1
2784,0.250857390929013,0.704899255409223,0,0,0.117020015584747,0,1
2785,0.0670815568098183,0.214409877228718,1,1,-0.144434760634472,1,0
2786,0.0397416789201088,0.270917705143959,2,0,0.587768581195036,0,1
2787,0.62667002166752,2.00145348906517,0,0,0.243925371766915,0,1
2788,0.0253563254955225,0.0320745893664027,1,1,0.394267489404226,1,1
2789,0.883552449040844,3.27929254621267,0,0,-0.732831082169081,0,0
2790,0.0620977879096397,1.05823718411598,2,0,0.51435088325656,0,1
2791,0.0733458151808009,0.674157508552746,1,1,1.59294723379724,1,1
2792,0.194746930792462,1.2131243020082,2,1,0.701261475834652,1,1
2793,0.350121377268806,0.428662946610044,0,0,0.989713785622989,0,1
2794,0.676446975404185,1.0381072666496,0,0,0.985106077735107,0,1
2795,0.340411096378804,1.54173737485698,0,0,0.581832303826909,0,1
2796,0.66638348530978,4.3815518908576,2,0,-0.390641962137417,0,0
2797,1.2683289386332,1.9447955898113,2,1,-1.25780084531704,1,0
2798,0.76612227593717,1.20484014352163,0,1,0.873755433485827,1,1
2799,0.575779284673564,6,0,0,0.0300980378194148,0,1
2800,1.19155025109649,1.38366369466509,1,1,-0.0125294831420663,1,0
2801,0.564235807396472,1.47979826053312,2,0,-0.85455464403667,0,0
2802,0.0421746479060683,0.317877517969674,2,0,0.714227873122312,0,1
2803,0.564208913741058,1.80036765073491,2,0,0.0314074946135278,0,1
2804,1.03129450418055,1.9484623366346,0,1,-1.39016807860263,1,0
2805,0.0706691341474652,0.280426851216925,2,0,1.43141776116942,0,1
2806,0.848471649197683,0.925880129663629,1,0,1.33285335673079,0,1
2807,0.031380080474691,0.410345239428724,2,0,2.96099579530331,0,1
2808,0.0424252091046217,0.196895075584151,2,1,0.659603800066443,1,1
2809,0.19184097123798,1.56790373148517,1,0,0.52119221199444,0,1
2810,0.0341186267905869,1.01884694116502,1,1,0.877383075562046,1,1
2811,0.163602393586189,1.08637453015135,0,0,0.151400656308778,0,1
2812,0.174547114009712,0.475090953657951,2,1,0.359391908139758,1,1
2813,1.02253699023277,3.60685826249519,1,1,-1.31624941705461,1,0
2814,0.0762777858833683,1.31364652130679,0,1,0.753687572525287,1,1
2815,0.294130484689958,1.35186385250523,2,0,0.531084697121262,0,1
2816,0.2143628988415,2.71120814210984,1,1,0.0432531343677801,1,1
2817,0.718110959976912,1.47041688782222,1,1,-0.11811842497164,1,0
2818,0.601891548003576,0.63526767246145,1,1,1.14040867538425,1,1
2819,0.489511911265373,0.578048597713613,1,1,0.623979147963294,1,1
2820,0.253128236508928,0.532458734055027,1,0,0.136819093802348,0,1
2821,0.0972397875739262,1.02456489719458,1,0,1.18244219238895,0,1
2822,0.190542527998332,0.2769871485881,1,0,0.467499126985995,0,1
2823,0.072906150307972,2.60176095708484,1,0,1.22930091414783,0,1
2824,0.565392561032299,1.23717445128421,2,0,1.18523760739788,0,1
2825,1.31871612649411,1.32409558050887,1,0,-0.631213780486255,0,0
2826,0.0913017717539333,1.56594699063725,1,0,1.39307754768936,0,1
2827,2.14737680506943,2.87291158533879,2,0,-0.0925218771887292,0,0
2828,0.626769812634967,0.748780534633899,1,1,0.277412830192608,1,1
2829,0.245235432870686,0.61388460919261,0,0,-1.43612459728036,0,0
2830,0.917190775057528,0.959368645315955,2,1,-0.368947777973137,1,0
2831,0.339649929373991,3.85671903271494,2,0,1.237945753561,0,1
2832,0.0829806439578533,0.187590249658896,0,0,-1.33473236777199,0,0
2833,0.049175079027364,3.48615356921835,1,0,0.408716137912775,0,1
2834,0.336780418583658,1.07150848047337,2,1,1.6862691761334,1,1
2835,2.15361949168691,2.29608243415531,1,0,-0.474341569488756,0,0
2836,0.649140426889062,2.73057131747307,1,0,-1.42698554785589,0,0
2837,1.35447769612074,3.99146600498377,1,0,-1.96499120057616,0,0
2838,1.00030236225575,1.02582678972136,2,1,-0.245660040990409,1,0
2839,0.220363077707589,0.720686653816855,1,0,-0.520810478664591,0,0
2840,0.0597507890167364,1.45832196062063,2,1,0.860059094587168,1,1
2841,0.476300020792343,1.72053113843203,1,1,0.391576835291186,1,1
2842,0.783809107352801,1.23956218578381,2,1,0.350349004535593,1,1
2843,0.500623401254416,0.98760107148282,1,1,-2.05397456942586,1,0
2844,0.364117215794977,0.891774725849045,2,0,1.17156914737925,0,1
2845,0.928349112671535,2.29319496219774,1,1,-0.699419974855949,1,0
2846,0.189352340239566,0.28394559905856,1,0,2.07697451897333,0,1
2847,0.258639701933134,0.54548503726698,2,1,1.60687664046226,1,1
2848,0.327533785894047,0.572522151079152,1,1,0.188327731309674,1,1
2849,0.0607269757892936,1.11138200701961,2,1,0.670848393166774,1,1
2850,0.119076669798233,3.51725781792196,1,0,1.91845949836975,0,1
2851,0.155824523826595,0.335771710911827,1,0,0.764161549859567,0,1
2852,2.49850333287361,2.70195703332623,0,0,-0.395108546476943,0,0
2853,0.182948412548285,0.504544553299926,2,0,2.00702449090916,0,1
2854,0.0574066693661734,1.01281426373035,1,0,0.387592737888773,0,1
2855,0.202754497858174,0.454424302605871,1,1,-0.234104346788772,1,0
2856,0.342165252950508,0.610617819366612,1,1,0.255824888155509,1,1
2857,0.161998929158925,0.364592271732849,2,1,0.510918144498636,1,1
2858,0.5425521498546,2.42072082483691,2,0,-0.329661183898789,0,0
2859,0.452147071249783,2.18394728761338,2,0,-0.647863334155399,0,0
2860,0.222762897610664,1.19729828272031,1,1,0.683043503091179,1,1
2861,0.172709160129511,0.465705371279169,1,0,-0.142051562903251,0,0
2862,0.35226867441088,2.74202333331564,2,0,-0.499476131276166,0,0
2863,1.06694950442761,1.29164572805166,0,0,-0.346568631794314,0,0
2864,0.407728013233282,0.5921600146814,2,1,0.509199461117559,1,1
2865,0.0866746044395159,0.326858037846584,1,0,0.0295423369363438,0,1
2866,0.124164674489293,0.997634208322679,1,1,1.27716317084618,1,1
2867,0.65271974247583,6,0,0,0.713594940286387,0,1
2868,0.0209522767327334,0.414991593642385,1,1,1.46602446892143,1,1
2869,0.639585255968206,1.03975413167189,2,1,1.53736562090101,1,1
2870,0.113113476866069,6,0,0,-0.263492223039531,0,0
2871,0.0794836092973128,0.764092310517195,1,0,1.58351989984255,0,1
2872,0.953386526105154,4.26555726087565,1,1,1.06295177841787,1,1
2873,0.241410228481982,0.412588985585549,1,1,0.167764479961296,1,1
2874,0.562277680502784,0.642969989316888,0,0,-0.118093928652936,0,0
2875,0.385819351358805,0.399570942057177,2,0,1.89889635837783,0,1
2876,0.0486774218734354,0.0972483580075435,1,0,0.383640633833194,0,1
2877,0.140566538029816,0.290687548072111,1,1,0.574367570823342,1,1
2878,0.614891690175802,1.72811581889932,1,1,0.0247071824218891,1,1
2879,1.57545511349759,1.62126096196817,2,0,-0.27097157916397,0,0
2880,0.0137963041565489,1.14690071561351,1,1,-0.0138110313713063,1,0
2881,0.553820693722747,0.572861223336871,1,1,0.141478773379093,1,1
2882,0.674278531313684,1.15012500706491,2,0,-1.16043952545339,0,0
2883,0.698029358146534,0.763800872388544,2,0,0.054903593388197,0,1
2884,0.0153536969446577,0.390729242648254,1,1,0.00465377835273634,1,1
2885,1.53489530660717,2.42880976454279,2,0,0.67380412697628,0,1
2886,1.22370203398168,1.73499812812268,2,0,-0.646341760462963,0,0
2887,1.04999512337704,1.16721793388327,0,0,0.948569526758624,0,1
2888,0.0894260434433818,0.90765509420195,1,1,-0.545049452473242,1,0
2889,0.0271305907517672,0.29070459144117,2,0,1.01826594893661,0,1
2890,0.0459671403998496,1.46501503235395,2,1,-0.241779029322675,1,0
2891,0.0382863711565733,0.339478718524436,1,1,-0.787514227445612,1,0
2892,0.524589750915766,0.689330688385934,1,0,-0.88506057000523,0,0
2893,0.696835427053094,1.07170261698083,0,0,0.841915594764975,0,1
2894,0.260192930698395,4.61045824499405,2,1,-0.465433413549014,1,0
2895,0.849640209900037,2.57055583317555,2,0,0.87086254243837,0,1
2896,0.717707410391266,1.61639007739723,0,1,2.09242624376541,1,1
2897,1.16274146456271,4.08804254692624,2,0,-0.525028366523669,0,0
2898,0.93772664398112,1.35497773642093,1,1,-0.971756570397259,1,0
2899,0.224713210113068,1.73779927835953,1,1,0.76754966836812,1,1
2900,2.50112386039438,3.39809500612319,0,0,-1.80625747838148,0,0
2901,0.90496191749686,1.50807566212506,2,0,0.288929045842146,0,1
2902,0.211687398131171,0.829851931581895,0,0,0.462154707805303,0,1
2903,0.297291587921791,0.554003425113481,2,0,0.602961222539964,0,1
2904,0.283997270162217,0.324740468368033,2,1,3.05810709233661,1,1
2905,0.955994242312428,1.92099922867839,1,1,0.816740248636635,1,1
2906,0.419889899007909,1.09571702581085,1,0,-0.279071185595497,0,0
2907,0.150072506512515,0.36609108315634,1,0,0.763404532473412,0,1
2908,0.0625206946484507,0.168620230160151,1,0,-0.704246883883013,0,0
2909,0.155431321472861,0.321440991360191,1,1,0.79307309425483,1,1
2910,1.03216627019718,1.16616206328782,1,1,-0.951322202778308,1,0
2911,0.842676815783426,0.993162036697763,1,1,0.606629024795881,1,1
2912,0.444003186188638,1.85559052506729,1,1,-0.298254007516055,1,0
2913,0.178445617493708,2.32856929989037,2,0,0.61384733854683,0,1
2914,0.119888389685109,0.98114338420746,1,0,0.0466348211890521,0,1
2915,1.00695864589484,3.89622340689521,2,0,0.512180237395062,0,1
2916,0.146731479617301,0.43384020662823,1,1,1.20400160089215,1,1
2917,0.29026921838522,0.693018736509905,1,0,0.632521426890235,0,1
2918,0.306967249198351,0.395566541719257,1,1,0.456692947256163,1,1
2919,0.55872005577998,1.27125836275012,1,0,1.36228775202434,0,1
2920,0.549820340238512,0.677897691989093,1,1,-0.347220512707705,1,0
2921,0.884570628352106,1.4962367922207,1,0,0.963460030094194,0,1
2922,0.0778688536956906,0.111754158552164,2,0,1.08263870003107,0,1
2923,0.0191954779936877,0.668968073110973,1,0,1.82220943947926,0,1
2924,0.0720214546890929,0.0855224471716446,2,1,0.802865415753087,1,1
2925,0.580722485875532,0.63306904770047,1,1,0.615448554992357,1,1
2926,0.0907288750750013,0.982593399859807,1,1,0.079984413739467,1,1
2927,0.0473238114354377,0.141769263915222,1,0,0.192732456947135,0,1
2928,0.1068763594958,0.355886631846875,2,1,0.574839518620026,1,1
2929,0.0210442660929283,0.1726930443874,2,0,1.72218011934912,0,1
2930,0.292217645910569,0.510401629499126,1,0,0.751534505913891,0,1
2931,1.77278098192824,3.75338114343674,1,1,0.831484738120285,1,1
2932,0.57886875173711,1.58077732970317,0,0,0.850376647470334,0,1
2933,0.735998162973494,3.6553662471613,1,1,0.376931506841815,1,1
2934,0.340623595751822,2.07282682120818,2,0,-0.397629138868694,0,0
2935,0.355920346337371,2.308153623548,2,1,0.0824448411092192,1,1
2936,0.277377921156585,0.473324681831468,2,1,1.30547178624327,1,1
2937,0.104280913921586,0.151777752595806,1,1,0.271411802481997,1,1
2938,0.423064753122162,0.74270552566539,2,0,0.478816328599742,0,1
2939,0.193258106301073,0.894105598127369,2,0,1.30269516440387,0,1
2940,0.166132271289825,0.940783194346021,0,1,-0.830617632656107,1,0
2941,0.139427223242819,0.564083191438602,1,0,-0.917145412312525,0,0
2942,0.449645780582734,2.20979900023155,1,1,1.53531206396035,1,1
2943,1.34823031832038,1.48452454790335,1,0,0.0924883473018829,0,1
2944,0.810261681882486,3.43560001891068,1,1,0.338076976136344,1,1
2945,0.215228889952408,0.487299766600567,2,0,0.234868173984014,0,1
2946,0.23928907699883,0.740712409848802,1,1,0.12186003741035,1,1
2947,0.83434746041894,0.907660738632304,1,1,-1.53274970409328,1,0
2948,0.286753406454133,0.43123945542405,2,1,0.665074143440619,1,1
2949,0.0862500468641176,0.400145280729499,1,0,-0.141285535974672,0,0
2950,0.146312814986731,0.92679120488356,1,1,0.334830561032394,1,1
2951,1.64874706036391,2.4666673458945,1,1,-0.064651768083371,1,0
2952,1.57001182774866,2.11549174650602,1,0,-0.609509686670936,0,0
2953,0.772950630635023,0.853699164554329,1,0,-1.243192385229,0,0
2954,0.600004864364684,5.12677993130851,1,0,0.229753893594961,0,1
2955,0.116249064740259,1.11582545748637,2,1,0.617106474376356,1,1
2956,0.126840025879137,0.554800637730238,2,1,0.269979518028691,1,1
2957,0.525016534348771,2.13003987780253,2,0,1.21469774847355,0,1
2958,0.220828573611049,1.20927635282108,1,1,-1.23407736411568,1,0
2959,0.0325102801434696,2.51288246749244,2,1,0.817576815824296,1,1
2960,0.568063950166106,1.00486480021833,2,0,-1.53986867084346,0,0
2961,0.0947517749587007,0.187254785465214,1,0,-0.478600465298773,0,0
2962,0.282143744604614,0.837912042868918,1,1,-0.543180474239406,1,0
2963,1.44872865687639,1.4860402578509,0,0,0.299392970566568,0,1
2964,0.229221391491592,0.635051164227,1,1,-0.581287327418103,1,0
2965,0.0645324354669389,0.0843261077442873,1,1,-0.195027466435226,1,0
2966,0.0865252805177989,1.84702083763616,1,1,-0.0796348912923448,1,0
2967,0.185729959048331,1.86353734906025,2,0,-0.0126446121977599,0,0
2968,0.0538177998715624,1.44034878286582,0,0,0.711975576235942,0,1
2969,0.265695031803727,0.916012765473456,2,0,-1.26849710042771,0,0
2970,1.64276476592331,2.27388973031707,1,0,0.618759301949179,0,1
2971,0.166807293717284,0.331756249070168,0,0,0.154407014440268,0,1
2972,0.772463643198654,1.81421215553084,1,0,0.034078239754037,0,1
2973,1.06141262566076,1.40159264446559,1,1,0.0617294952017241,1,1
2974,0.120181663176201,3.38096468534789,2,0,0.0292706063246791,0,1
2975,0.311533363536,0.855554165605325,1,0,-1.37069100559325,0,0
2976,0.532816025635049,0.881139296226465,2,1,0.69257927932941,1,1
2977,0.117689371680601,1.40014284699134,1,1,0.394001650884505,1,1
2978,3.33654797734009,4.48228934057631,1,1,0.0241733448373356,1,1
2979,0.368242936317555,0.412467391343051,1,1,-0.520969615302634,1,0
2980,1.35845785137771,3.05674243430568,2,0,1.3087080257385,0,1
2981,1.28589824866503,1.33743719542465,2,0,-0.253092463222248,0,0
2982,1.7802438828254,2.38346271085909,1,1,-0.00884086270701636,1,0
2983,0.048016547516454,0.250912945651339,1,1,0.066710067381745,1,1
2984,0.485224248233073,0.664299842243873,1,0,0.226888547801833,0,1
2985,0.427507250860799,1.50647515356317,2,1,0.572091035759608,1,1
2986,0.206247088499367,2.38160635623624,2,1,0.176957293265331,1,1
2987,0.380729717805923,0.648484472261066,1,0,-0.620513749200459,0,0
2988,0.367901719582733,0.417654166439724,1,1,0.797125728288646,1,1
2989,0.321629223413765,1.37159622295513,0,0,-1.71256628482736,0,0
2990,0.109403993410524,0.704923720436393,0,1,0.16939426000772,1,1
2991,2.06451051063685,4.46346404061894,2,0,-0.7307596971029,0,0
2992,0.29393685166724,0.86710987923046,0,1,0.345159415359218,1,1
2993,0.176519220306067,0.817779370425971,1,1,0.848028440267437,1,1
2994,0.481108959764242,0.624627885178911,1,1,-1.00407354516576,1,0
2995,0.144429213728899,0.915148902846699,2,1,1.05676479329466,1,1
2996,0.534572789445519,1.41421781780924,1,1,-0.0413681825370589,1,0
2997,0.292493165179621,0.335006187485638,2,1,0.178893905929646,1,1
2998,0.0327309584827162,1.09494389911195,1,1,1.23542072614451,1,1
2999,0.096869988977608,0.118711228788984,1,0,0.150038843623864,0,1
3000,0.215593947214074,1.77251780508158,1,1,0.178609068193424,1,1
