"id","L","X","status","z1","z2","cgroup","tgroup"
1,0.347700175671177,0.49141201430751,1,0,0.814381786996468,0,1
2,0.103633427521112,0.334687537203232,0,0,0.571317818530961,0,1
3,0.115572305700497,0.324162701902012,1,1,-0.0442697737405443,1,0
4,0.219656523317099,2.3268689934114,1,1,-0.0365549334310925,1,0
5,0.133160769774825,1.35309675091797,1,1,0.587015974646054,1,1
6,0.285737586673349,0.361384546058837,2,1,0.415117628308256,1,1
7,0.139596668013837,1.44370274402134,2,1,1.35230538022825,1,1
8,0.0432405827450566,0.461286110445649,1,0,2.51480781739899,0,1
9,0.258562363451347,1.49165220387756,1,1,1.1003831697462,1,1
10,0.336762775841635,1.91575424263862,1,1,0.268233530692254,1,1
11,0.181489124623909,0.261496847052768,2,0,-0.131912476568848,0,0
12,0.141416385011051,0.805060827337931,2,1,0.123709127687805,1,1
13,0.0755468493534884,0.383799461986591,2,1,0.361537888324666,1,1
14,0.243356628343463,1.01392599263467,2,1,1.45867420966997,1,1
15,0.247590402141213,1.81728385961904,2,0,-0.968269656457679,0,0
16,0.493856673128903,1.97388177806596,1,1,-0.22165318378441,1,0
17,0.429258571821265,4.72086012872636,1,1,0.0871462672402284,1,1
18,0.352790641773026,2.24894835637924,1,1,0.270974716665042,1,1
19,0.0716746788232139,0.297611679407527,2,1,1.1790558639135,1,1
20,0.231742683737352,0.416230068314846,2,0,0.272387946212435,0,1
21,0.0032842375457724,0.388709996443759,2,0,0.674911476572842,0,1
22,0.138013077899814,0.596840649015184,1,0,-0.192902339003867,0,0
23,0.822925274226165,1.23911933089601,1,1,-0.807349781833401,1,0
24,0.789096732597619,0.84317420586329,1,0,0.796912576845366,0,1
25,0.14101325193894,0.374831864047753,1,0,-2.05032450214435,0,0
26,0.243533918634057,1.65622204582486,1,1,-1.0191751446768,1,0
27,0.161492077168077,1.51250974224923,2,1,0.592006942449245,1,1
28,0.468865903068155,2.95933696727079,2,0,1.43679974185864,0,1
29,1.97628796555775,2.13492738514389,1,1,0.207471731300898,1,1
30,0.425202291226014,1.22160377923464,1,0,0.048676377227207,0,1
31,0.837649517899201,1.80373244543694,2,0,0.448594911271697,0,1
32,0.040083454514388,1.40195434982869,2,0,1.16376034644227,0,1
33,0.187274958007038,0.826898163921486,1,1,0.416560928008072,1,1
34,0.0524095931905322,0.243387191245953,0,0,0.339351255674782,0,1
35,0.215278098767158,1.16591516090216,1,1,0.328898725598737,1,1
36,0.690943755881682,1.73735933976316,1,0,0.992621119379259,0,1
37,0.437010902911425,1.37528644996454,1,0,-0.285887818430881,0,0
38,1.39399221747222,2.08018870644313,2,1,0.0909370823588633,1,1
39,0.0216985077713616,0.594251871500935,1,0,1.29966891178214,0,1
40,0.241095636039972,0.639275963877276,0,0,-0.030719567151707,0,0
41,1.76827925712544,2.26314247035452,2,1,0.0100787878252268,1,1
42,0.0312455330665355,0.507318203249992,1,1,-1.98754759679301,1,0
43,0.0865165956967504,0.434721120934745,1,0,-1.30922442690851,0,0
44,0.123640622012317,0.720330351168056,1,1,-0.094808857357336,1,0
45,1.05950859654695,2.85312357780412,2,1,-0.221141357010345,1,0
46,0.759425892584779,1.3774550737434,2,1,0.135259947484114,1,1
47,0.0269041777937673,4.00077238637546,2,0,0.907435887489942,0,1
48,0.844513141550124,1.71703972759209,0,0,-0.818240096787347,0,0
49,0.0479487399570644,0.65393932885697,2,1,2.55850772119301,1,1
50,0.108161634998396,1.97720669693126,1,0,0.447315539307602,0,1
51,1.5986675221151,2.58920047694373,2,0,0.399918888721983,0,1
52,1.05047627230512,1.3601118295081,2,0,0.806967636777152,0,1
53,0.176720248709898,0.842407362439455,1,0,0.36107981059146,0,1
54,0.0784599549977455,0.738705311333944,1,0,0.675877760770303,0,1
55,0.0141381798599655,1.42255102460805,1,1,0.0846786199139602,1,1
56,0.136787337688452,0.16080024766118,0,1,1.53147869586988,1,1
57,0.253371596336365,0.433292938443989,1,0,-1.47366505326695,0,0
58,0.00545759801752865,0.204147266481237,2,0,0.585815124870237,0,1
59,0.744733348488808,2.30198344901148,2,1,-1.45501040287666,1,0
60,2.2664719800556,3.32958628820059,2,0,-1.27128613806308,0,0
61,1.12478932831436,2.52574703656137,0,1,-1.39112721451633,1,0
62,0.213746915687807,1.77058653300752,2,0,0.243376293220009,0,1
63,0.563802036858914,1.09971152677087,1,1,-0.728261515182495,1,0
64,0.264708199538291,0.404280439755291,1,1,0.151766128130608,1,1
65,0.202234861208126,0.660804376627008,0,0,0.866141278077422,0,1
66,0.42356461007148,0.433650903932621,1,0,-0.746821400761728,0,0
67,0.136796249717008,3.26905186320454,2,1,0.00272795907390199,1,1
68,0.518349759978291,2.19795325198926,2,0,0.49531166827963,0,1
69,0.00545489543583244,0.183454040178898,2,1,1.9350050851069,1,1
70,0.0238421428366564,1.28817025521759,1,0,1.23040090260652,0,1
71,0.620316447431043,2.07025603585702,2,0,0.823685351709938,0,1
72,0.337391687557101,0.707088129982164,2,0,-0.395535770685531,0,0
73,0.0291704325354658,0.876348140065742,1,1,1.24546147861863,1,1
74,0.161553516983986,2.84915362605008,2,1,-0.217586826728439,1,0
75,0.904010286554694,1.79740781252659,1,0,-1.22834490023223,0,0
76,0.215480246697553,0.445894363575496,1,1,1.38073029717531,1,1
77,0.208716036868282,4.53992126385234,2,0,0.374783511161402,0,1
78,0.130135669272822,0.511763745525584,2,1,0.605708038885032,1,1
79,0.391764126538553,0.602334150989606,2,1,-0.1088240561861,1,0
80,0.208613193535712,0.683207909266154,0,1,0.661691077538802,1,1
81,0.647064248436702,0.7127290292778,2,0,1.05183626318944,0,1
82,0.277020197827369,2.07932291482454,2,0,1.28854180264486,0,1
83,0.27292272921818,0.703172764142172,1,1,-0.406516137654876,1,0
84,0.0976741875638254,0.87913172781507,2,0,1.67925276401828,0,1
85,0.277489466534462,0.552146444598047,2,0,0.277177752800001,0,1
86,0.733721536790773,1.78545097831338,2,0,0.419952136834432,0,1
87,0.474347397076719,2.53259308067957,2,0,1.79701100479001,0,1
88,0.159273497702088,0.327843330542709,2,0,0.415013816023983,0,1
89,0.0720176666368963,0.350828878156612,1,1,0.303332607893846,1,1
90,1.04481990327464,1.47755899593365,2,0,0.775347926612604,0,1
91,0.837807916078538,1.43450469256139,2,1,0.362345593963653,1,1
92,0.468572151962997,3.19281043809903,1,0,-0.0324188025617264,0,0
93,0.299212951213121,0.403494827737549,2,1,0.408738346382873,1,1
94,0.0944636265997684,0.975895218067201,1,1,1.11738786335342,1,1
95,1.11906347674654,2.33649292178367,1,0,0.796257987233681,0,1
96,0.487859200686216,1.13204954447918,2,0,-0.446017754901278,0,0
97,0.172935116655016,0.488314121555919,0,0,0.262500431256871,0,1
98,0.66473254095763,0.755916904984441,2,0,-0.642485905933517,0,0
99,0.399935162650108,2.02263744377018,2,0,-1.05066675660546,0,0
100,1.57017262300062,3.62596945419713,2,0,0.524052103439517,0,1
101,0.87127630244346,1.00197412086044,1,1,0.330726126001985,1,1
102,0.791880682110786,2.21373481432298,1,1,-1.72978177195177,1,0
103,1.75588380536976,5.83318509782016,0,0,-0.513580703378994,0,0
104,0.121537053917238,0.489483558085435,1,1,0.244966694358219,1,1
105,1.07356817223468,1.82091202898821,1,0,0.29875953975494,0,1
106,0.581654173203345,0.70699889799997,1,0,1.67022027155603,0,1
107,0.345064844936132,1.21262053990511,1,0,-0.665022520138515,0,0
108,0.180833858030383,0.468750497486934,1,1,1.08819741273439,1,1
109,0.127859014319256,0.443422225988393,1,1,0.780080499946929,1,1
110,0.200606909042701,0.663359055028562,2,0,1.61812646590956,0,1
111,1.23532158783042,2.26574379662796,2,0,0.794137403292295,0,1
112,0.0616139356198734,0.3805566243752,1,1,1.26018400514961,1,1
113,0.0501906412855254,1.08880087913499,2,0,0.472804426866904,0,1
114,0.0649993110892849,0.774304517990968,2,0,0.151226482406879,0,1
115,0.592296980229663,0.746103373610938,1,0,-0.573047236227641,0,0
116,0.0894656480943632,2.44389007833049,1,1,-1.34468543706717,1,0
117,1.26208139927463,2.08470599232302,1,1,0.746990146414641,1,1
118,0.372089612297714,5.74506382541789,2,0,-0.679212360636959,0,0
119,0.0137449207250029,0.774990654764842,1,1,0.265276416288383,1,1
120,0.0066390004940331,0.401121351502715,1,1,1.05384491156198,1,1
121,0.182953605835792,0.649532933409015,0,0,1.60054221603462,0,1
122,0.38677825126797,0.729846349806583,0,1,-0.0451302067013352,1,0
123,0.248626953398343,2.19184021436724,2,1,1.87006446040646,1,1
124,0.150093445554376,5.01010754692935,2,1,-0.320011692261717,1,0
125,0.477351742687641,5.77783888123415,2,1,-1.14150814024427,1,0
126,0.549476888423124,1.99290114578869,2,0,1.4214308360409,0,1
127,0.0870645444560386,1.06118416479381,0,0,0.63818709001149,0,1
128,0.2158127957955,4.20707025445363,2,0,-2.11485350898399,0,0
129,0.00894052006811746,0.426646033661258,1,0,0.300042629522899,0,1
130,0.965908751823008,1.34437649350655,1,0,-0.034546695966631,0,0
131,0.127365906082559,3.78144854560904,2,0,0.308862137290277,0,1
132,0.00702703226124868,1.32085447199643,0,1,0.711187866922992,1,1
133,0.162363136596488,0.351001442206121,2,0,1.054940373737,0,1
134,0.173142317193161,2.74718041629485,2,1,0.524107989170792,1,1
135,0.604889885860912,1.70563015260715,1,1,-1.33762539087165,1,0
136,0.268173178833486,1.74475528874299,1,0,0.000348200543166849,0,1
137,0.944859401941395,1.18715069840721,2,0,-0.294819786560505,0,0
138,0.000599912309553474,0.923174084621913,2,1,2.0830615979034,1,1
139,0.013572901421765,0.677704183668529,1,1,0.573966225769463,1,1
140,0.515917954590924,1.48592334323342,1,1,0.0834360271505823,1,1
141,1.0250595593825,1.75849177539122,2,0,-1.08414392800615,0,0
142,1.61543663081746,1.98668032635663,2,0,-1.16160202549832,0,0
143,0.0917178566536648,0.255297150133504,1,1,0.0866159001211889,1,1
144,0.452353332131898,0.81097340070165,1,1,1.49621293528396,1,1
145,1.38253301257773,2.23894060023367,2,0,0.796008499384686,0,1
146,0.315160349127837,1.15172219462693,0,1,0.353110124860827,1,1
147,0.68910907776729,2.26510931544286,2,0,0.755411714408244,0,1
148,0.0598100207704285,0.51051594198781,1,0,0.127634676782466,0,1
149,0.0270821491722018,0.565384310590135,1,1,0.266097742630576,1,1
150,0.254172315821052,0.305459884574672,1,1,-0.639759110371195,1,0
151,0.0828742986777797,0.64373194933033,1,0,0.508431204219312,0,1
152,0.154429622307624,0.5542162666648,1,0,1.01092063087927,0,1
153,0.133390448646037,0.715922741018108,2,0,0.227397058318368,0,1
154,0.432160313066561,1.61862114223304,2,0,0.10441863681779,0,1
155,2.26784828319644,4.51544629801119,2,0,0.738356459959947,0,1
156,0.0460545127862133,1.92670977363984,0,0,0.833434600940419,0,1
157,0.017233909748029,0.213564842807593,2,1,0.300235885717906,1,1
158,0.0363561341199872,1.31348902784417,1,1,0.338875930001428,1,1
159,0.985344518165414,2.70792881563962,2,0,-0.203634120233164,0,0
160,0.751068075187504,0.920879188925028,0,0,-0.0610946263162508,0,0
161,0.552349980853224,1.25256738128389,2,1,2.80545880632855,1,1
162,0.811938187107444,2.37773853086699,0,0,-1.44509671778582,0,0
163,0.840694293702774,1.00998420578959,1,0,1.54308884298241,0,1
164,0.123427272400607,0.534872984709515,2,1,0.493939940882104,1,1
165,3.24621006457095,6,0,0,-1.68485111276347,0,0
166,0.0973224618964932,0.178742049611158,2,1,1.35620981940054,1,1
167,0.551879728419527,1.93526534872066,1,0,0.43438708034018,0,1
168,0.0530030904337764,0.439532806933966,2,0,1.34115760177243,0,1
169,0.887869228608906,1.31749860637369,2,0,-0.278417802765905,0,0
170,0.445533237372174,0.566434835286007,2,0,-0.00845794848533458,0,0
171,0.117747764452361,0.19754877632353,1,0,0.51631561460946,0,1
172,0.582075318062499,0.614354778379052,2,1,0.444858369425291,1,1
173,0.0868480363860726,1.27012712332341,1,0,-0.940851351689225,0,0
174,0.2386888647452,1.7750904682922,1,1,-0.812605482317677,1,0
175,0.0615557483979501,0.866139855269063,0,1,0.406020705839438,1,1
176,0.278170525853056,0.523067705594349,2,1,0.881600938541026,1,1
177,0.0198372093728185,0.686750642141371,2,0,1.38484892228333,0,1
178,0.72661008220166,6,0,0,-0.13790202129332,0,0
179,0.480692072861649,1.2879084861035,1,0,0.514907942632174,0,1
180,0.399132654070854,0.632641634026246,1,0,-2.02097279734422,0,0
181,0.663918940350413,1.03126194408052,1,0,-0.905823958927442,0,0
182,1.03634569206612,2.32842508326993,1,1,0.334866267014775,1,1
183,1.90842624931576,6,0,0,-0.0840505175609205,0,0
184,0.255853520760288,0.652932332782814,1,1,0.222391459466965,1,1
185,1.93452760760674,2.7724494809353,1,1,-0.157896478514424,1,0
186,0.44542525115873,1.3364939024423,1,0,-1.55380564251765,0,0
187,0.010283159208484,0.0693185387830172,1,1,0.101639741121192,1,1
188,0.0865610279142857,1.18151750782755,2,1,-2.47302136628688,1,0
189,0.151567778666504,2.27372039755442,2,1,2.15285161607248,1,1
190,0.0889395200647414,1.47943367511419,1,0,0.95791360673004,0,1
191,0.638777584768832,1.21380020375094,1,1,-0.481430608687525,1,0
192,0.095858273856804,0.454560308487087,1,1,0.123348308665157,1,1
193,0.588419634848833,1.35903448535319,0,0,-0.347154977888744,0,0
194,0.746280829422176,1.81365177707312,2,0,-0.259639875888005,0,0
195,0.353671910706908,0.740210792429377,2,0,0.273154391824511,0,1
196,1.67716856851223,2.64110936804918,1,1,-0.542124915408704,1,0
197,0.174027211614884,0.186757067829522,1,1,0.0866306759380074,1,1
198,0.0405128302184166,1.53079984012814,2,0,1.75399396926997,0,1
199,0.180816238571424,0.469445888521209,2,0,1.40876298652065,0,1
200,0.325806933057944,1.58941055678511,1,1,-0.567970084876702,1,0
201,0.606914148057632,4.68444500339173,0,0,0.853215591599746,0,1
202,0.180894889136557,0.182199031188644,1,0,-0.297589171670361,0,0
203,0.129141153011005,0.482803315710964,1,0,1.2350829870266,0,1
204,0.122089172655251,2.56908735105071,2,0,1.6782949469307,0,1
205,1.10914054978639,6,0,0,-1.31300809453083,0,0
206,2.07000922589543,2.09078099268178,0,1,-0.413256766478839,1,0
207,2.97581606336757,3.69169588893342,2,0,-0.46271830910292,0,0
208,0.052225916297175,0.11917302845957,1,1,0.848362019692545,1,1
209,0.00264089805697241,0.0947816794117292,0,1,0.437742139573961,1,1
210,0.323450514406431,1.45274813754583,2,0,0.155538340200959,0,1
211,0.196705001872033,0.498963726110256,2,0,0.543817652198681,0,1
212,0.231596613011789,1.41118130099559,1,1,1.04716605759683,1,1
213,1.77049159527499,4.40220121685964,2,0,0.910731024789286,0,1
214,0.00274695456027985,0.463077072889963,1,0,-1.83647059050996,0,0
215,0.727699728682637,0.804243876509547,1,0,-0.337722105075481,0,0
216,0.0734981539468461,1.28659472802051,2,1,1.31469695847154,1,1
217,0.284220086263921,1.30155796751722,1,0,-1.68804130269266,0,0
218,0.246406660589855,3.48857633449842,1,1,0.856314059507732,1,1
219,0.0185183730837596,0.351897471355358,1,1,-0.036600937637496,1,0
220,0.219115311261488,0.815090885975464,2,0,0.321961522524478,0,1
221,0.72306664180214,1.54739021848106,0,1,-0.216342001519977,1,0
222,0.206411161660759,0.422405756392978,1,1,1.67501595698064,1,1
223,0.429564058431424,1.43716389058714,1,0,0.992801103502332,0,1
224,1.03445988026784,2.48852908353659,2,1,0.891429001713329,1,1
225,0.022910498091955,2.10362625461124,2,0,0.0200837386168462,0,1
226,0.233898905862588,0.4571376465843,1,0,0.906692053268391,0,1
227,0.356814162387082,1.21824397687572,2,1,1.67661980878104,1,1
228,0.127345519413459,0.348574169137306,2,0,0.109762966338273,0,1
229,0.239418108540121,1.96816939863873,2,0,1.67187891295503,0,1
230,0.519256044310404,2.18276385838787,0,0,1.27700849997981,0,1
231,0.247977617196739,2.91542161573415,1,1,-0.484636880399088,1,0
232,0.17857675353298,0.548963751282537,0,0,0.83801913983541,0,1
233,0.153091781772673,1.05463153997867,1,1,-0.185335881355243,1,0
234,0.015533381981913,1.1495121642031,1,0,-0.588137907916165,0,0
235,0.326925104891416,0.574722971661591,2,1,0.740006015475599,1,1
236,0.168094165605559,0.38996992066195,2,1,0.872269313407734,1,1
237,0.0889014828961298,1.55402533155996,1,1,0.274740497974376,1,1
238,0.283025811077096,2.3508928526981,2,0,0.476283343136064,0,1
239,0.585915737055392,1.59019793818465,2,0,0.171513843746718,0,1
240,0.367859072575811,0.449456330061902,1,1,0.221855479752929,1,1
241,0.659050810473792,0.6753590062842,0,0,0.299164179890545,0,1
242,0.380965379635895,0.57494048727652,1,1,-0.179367554586087,1,0
243,0.0283974837511778,0.176835547659424,1,0,-0.35261278054696,0,0
244,0.185433750972152,4.04733483369152,0,0,-0.742356800229971,0,0
245,0.408849367871881,1.42978557988918,1,0,-0.0916323548521007,0,0
246,0.570549487264007,0.829928561831161,2,0,-0.516180177222435,0,0
247,0.268696412385907,0.422516950217947,1,1,0.43311607882578,1,1
248,0.324867712333798,0.342693569225097,2,1,0.248656665114595,1,1
249,0.440841299758128,0.701714431246122,0,1,0.0915561289215836,1,1
250,0.548899619580999,1.12032370231124,0,1,1.41466713565607,1,1
251,1.39757122344689,6,0,0,-0.560534972780094,0,0
252,0.520617634057999,4.45441928381721,0,0,-1.11940688286645,0,0
253,0.117157544009387,1.26205171589014,1,1,0.357462722245839,1,1
254,0.17978272823591,1.23492500502431,1,0,0.172179289521925,0,1
255,0.0988961404478129,0.241970704137778,1,0,-2.60814623277886,0,0
256,0.678864791989326,0.705823931442097,1,0,-0.967408994993775,0,0
257,0.471371368013144,1.77186714889314,2,0,0.541495951564538,0,1
258,0.322310696938075,0.381481384651294,2,1,0.364728861631703,1,1
259,0.385010306199547,0.476009833613672,2,0,1.7121461864846,0,1
260,0.264830130618066,0.849197974042603,0,0,1.12401660192913,0,1
261,0.240482665136237,1.59180102832653,1,1,-0.401405776360416,1,0
262,0.319676905928645,2.05000956261332,1,1,0.443702997462498,1,1
263,0.331991514540277,1.19047980638127,0,0,1.06195869081579,0,1
264,0.231602759158704,0.464989135172042,0,1,0.111261109973808,1,1
265,0.311524542979896,0.409316636389708,2,0,-0.400381826802253,0,0
266,0.393232883885503,0.772621238296993,2,1,-0.177273316600608,1,0
267,0.00859822321217507,2.16160085362693,0,0,0.211053452319863,0,1
268,0.0679378533710996,0.074460602675875,0,0,0.167165598813271,0,1
269,0.263290692599929,1.34483950115123,1,1,0.493722200830249,1,1
270,0.587342077866197,1.56614250628619,2,0,-0.0214771268127639,0,0
271,0.0140505211311392,0.376666381489543,0,1,0.433517193655797,1,1
272,0.0501032757323519,0.469541658427645,2,1,1.40246276815514,1,1
273,0.13742992002517,0.411817280798754,1,1,-0.181770110527255,1,0
274,0.382717336760834,0.859242024832896,0,1,0.0107605331747462,1,1
275,0.135358636996969,0.510479932030042,0,1,1.01481198415281,1,1
276,0.115257025103004,0.521723924253397,1,1,-0.604318478277945,1,0
277,0.146717183291912,0.591705436170306,1,1,-0.156653791219182,1,0
278,2.07629275499823,2.49909847915123,2,1,-0.465437238293819,1,0
279,0.250595271645579,0.324632710248791,2,1,2.42307545232678,1,1
280,0.527844078579739,0.755316124038568,2,0,1.84193503401935,0,1
281,0.175445725210011,0.18964173250326,1,1,-0.792188954214491,1,0
282,0.127787790843286,0.272691557330811,1,0,0.300804391947701,0,1
283,0.138722668052651,1.05933529452225,0,0,1.4522622358418,0,1
284,0.141690430173185,1.56379502846993,1,1,0.767333226833535,1,1
285,0.0043134164370019,2.58676062141919,2,1,0.51295086247889,1,1
286,0.300167169421911,5.09642758689133,0,0,-0.382325127829474,0,0
287,0.0232135414822221,0.330192397038142,0,1,0.616182068170986,1,1
288,0.0340681304805912,3.73245183058777,2,0,0.150598743355903,0,1
289,0.690900764766116,1.62253483572456,1,1,1.36314030128367,1,1
290,1.04420671592966,1.15328653715551,0,1,1.37453863301392,1,1
291,2.85550096986775,6,0,0,-1.29203691324855,0,0
292,0.00414061126968907,0.0110157489481482,2,1,1.38292278225185,1,1
293,0.0717198211350478,1.09502130893881,2,1,1.32578856004424,1,1
294,0.0588271298329346,1.01581840465466,0,1,0.00400987046286829,1,1
295,0.373049343004823,0.450511559612025,1,1,-1.35981287348379,1,0
296,0.0259033471945163,0.0323887063096942,1,1,-1.43197708839612,1,0
297,0.856071247227311,1.76207570979993,0,0,0.24045113714163,0,1
298,0.732396695762873,1.82801957515898,1,0,-0.857876539135283,0,0
299,0.662123882767566,1.70313806893925,0,0,0.618941176473963,0,1
300,1.1558903551809,2.07994334511201,0,0,0.938718436172496,0,1
301,0.786826736267477,2.62038907308253,1,1,0.221001261668787,1,1
302,0.418526227294933,0.824558596326944,1,1,1.23192586746508,1,1
303,0.611284055747092,0.655741044062516,1,1,-0.343326665793094,1,0
304,0.0365910600521602,1.0478666681551,2,1,1.47993971821023,1,1
305,5.29468611230083,6,0,0,-1.02126918141695,0,0
306,0.642286710182026,2.11231962563016,2,0,0.424877715688418,0,1
307,0.0560131637562541,1.98797080515549,2,0,-0.537645464157518,0,0
308,0.0424058851785958,3.46563656814396,0,0,1.43529146210575,0,1
309,1.1655449308455,1.71504816664651,1,0,-1.0781782063351,0,0
310,0.724131033031091,0.932204138698013,2,1,0.723047502813325,1,1
311,0.370881036214996,0.395198787441268,2,0,0.825970545234534,0,1
312,0.162359366621766,1.09428486998436,2,0,0.668079298266952,0,1
313,0.993115712137535,1.71752823325667,2,0,1.69303413509531,0,1
314,0.14732515900823,0.625492517195019,2,0,2.48113759861043,0,1
315,0.00439905968960375,0.0357904343434969,2,0,0.740289951458418,0,1
316,0.0276855620347633,0.525790554020519,2,0,1.83012532657093,0,1
317,0.329231042123865,0.692056057353814,0,1,0.419885681723703,1,1
318,1.20296782068908,3.26933880026142,0,0,-1.06097149147091,0,0
319,0.432065345230512,1.28633330419998,1,1,1.48039086831497,1,1
320,0.566012166064985,2.00204313848972,1,0,0.0584902026172464,0,1
321,0.0535311517887749,0.273076765584955,1,1,1.33783119993762,1,1
322,1.03730953857303,1.66578959578098,1,0,-0.193623205674224,0,0
323,0.118596613174304,0.542351120884696,2,1,0.319524824665106,1,1
324,0.0697126725572161,0.693242114372435,1,0,1.9317652497129,0,1
325,0.847589320503175,0.913273096947504,1,1,-0.946485390744378,1,0
326,0.380012346431613,0.662789346073586,2,1,1.55889836219859,1,1
327,0.153209988202434,0.359654979159435,0,0,2.30658998276046,0,1
328,0.336010165005801,3.10573725851487,1,1,-1.04565215023072,1,0
329,0.0340391023704371,0.13311576789176,1,1,0.610728460543663,1,1
330,0.249958773201797,0.978527508264965,2,1,1.07355775468727,1,1
331,0.465414133889085,0.857301086232218,2,1,3.42009102312319,1,1
332,0.0565649475902319,0.405054127840395,2,0,-0.824850888183047,0,0
333,0.0311620580032468,0.347434634757858,2,1,0.95312844755076,1,1
334,0.0654540518298745,0.829932566955367,1,1,-0.87364583911128,1,0
335,0.452283097521223,0.990672470282286,2,1,0.805101908814512,1,1
336,0.0125544113689102,6,0,1,1.22784480851359,1,1
337,0.151666756719351,2.25707905320338,2,0,-0.0587030950778158,0,0
338,0.674582569859922,0.813030023127794,0,0,-0.694408564565383,0,0
339,0.362931730305611,0.427355299050659,2,0,0.546156539576729,0,1
340,0.194509691558778,6,0,0,-0.980055650147545,0,0
341,0.311596495604667,2.18794136806536,1,1,0.109741527134141,1,1
342,0.769359480446957,2.46340102512645,0,1,0.174491059267349,1,1
343,3.59353658540135,3.83796661449405,1,0,-1.33428500848296,0,0
344,0.64889295431488,0.858045482655301,1,1,1.94007574176488,1,1
345,0.163976892072242,0.203104485403925,2,0,1.58383337071694,0,1
346,0.144476136176213,0.981504396629759,0,0,0.196940397188916,0,1
347,0.322028204100206,1.36368573329323,2,1,1.04372306969852,1,1
348,0.175841472232964,0.713526615570449,1,1,0.699253102068997,1,1
349,0.288808897115138,0.333560601311054,2,0,2.28882468356156,0,1
350,0.0575288298042147,0.483399028716342,1,0,1.08390925832909,0,1
351,0.133692493836861,0.36649881345952,0,0,1.33292497027569,0,1
352,1.19709041062742,1.2328563496808,2,1,-0.414239990070828,1,0
353,0.037252405465407,2.3997133978414,1,1,0.126078413518399,1,1
354,0.385511978820432,1.42585131960611,0,1,1.10095631804697,1,1
355,1.64211623130029,2.37673364579678,0,0,-0.340177151002905,0,0
356,0.635396017692983,0.898111121983865,1,1,-1.96860818498437,1,0
357,0.728817887704122,0.899301609442866,1,1,0.654474300406021,1,1
358,0.178363326600227,0.520238485737002,2,0,0.234448855894382,0,1
359,0.261400117306039,1.6524143637773,1,0,1.21728595250975,0,1
360,0.105095191975124,0.352418462198903,1,1,0.528151429043374,1,1
361,0.525828614972732,1.58397755134892,2,0,1.37791190321756,0,1
362,0.138283223845065,1.9396296167899,1,0,-1.06658426283342,0,0
363,0.109093353024215,0.752347369559244,1,0,-0.501138089354002,0,0
364,0.544001538306475,1.94018272062143,0,0,-0.448642106350251,0,0
365,0.29367758333683,1.22427164369834,2,1,-0.565514077412656,1,0
366,0.299821045191493,1.53522111908543,2,0,1.43395284596669,0,1
367,0.0309035595430877,0.832287598756865,2,1,0.619083484697164,1,1
368,0.0839157127098729,1.88867381193198,2,0,1.57773941648993,0,1
369,0.402435367279882,0.484602358175015,1,1,-0.539926602220131,1,0
370,0.0106204262913763,0.775897674473591,0,0,0.805994476543825,0,1
371,0.177159603917971,0.761625562103851,2,1,0.00492597591436789,1,1
372,0.619229978881776,0.828855528277003,0,0,-0.316626285439132,0,0
373,0.160305243000236,0.965262143702789,1,0,0.305171065563515,0,1
374,0.353087281594904,0.643647980836225,1,1,-0.589984664748221,1,0
375,0.200048248225357,1.72643495102723,0,0,0.391377945519622,0,1
376,0.158711304929953,0.324780721185201,1,1,0.0970285857925009,1,1
377,0.885974208824337,1.13177950213322,1,0,-2.13242991277238,0,0
378,0.0390323800966144,0.08427729247142,1,1,-0.406721255508022,1,0
379,0.814669081941247,6,0,0,-2.35970886223755,0,0
380,0.446873917218119,2.5890336342035,2,0,0.208165438327793,0,1
381,0.17139309068074,2.40155386530419,1,0,-0.743169233997086,0,0
382,0.31077660061419,1.60870713681165,2,0,-0.473529387321583,0,0
383,1.39916093452814,2.06417781112077,0,0,-0.593172797820843,0,0
384,0.346137716829303,0.972236150077102,1,1,1.16143262301168,1,1
385,0.0566965206350714,0.325941537629653,2,0,0.189366683265983,0,1
386,0.141890757658985,0.200779181463062,2,1,1.03885777014283,1,1
387,0.14761195081519,6,0,1,1.40427890084816,1,1
388,0.393217649310827,0.483995527029037,0,1,-0.340515228640177,1,0
389,0.0731112334000711,0.273833433166146,0,1,-0.955642608973251,1,0
390,1.63973555939986,4.38329367277523,0,0,-0.464075129744289,0,0
391,0.696001836098731,1.79976157771767,1,0,-0.00367748303705718,0,0
392,0.84450332261622,1.15635329353937,1,0,-0.0868242408440742,0,0
393,0.922499670910947,1.26098882713824,2,0,0.554487948655933,0,1
394,0.900891822949136,1.89176507548725,2,1,0.0747250146288696,1,1
395,0.272118426219095,0.990601381005888,1,0,0.604350696080636,0,1
396,0.120395430305055,1.89074608503299,1,0,0.39956681990212,0,1
397,0.0953377858976036,0.605351219070793,1,1,-0.950518413294313,1,0
398,0.383327009330969,0.925037693974863,2,1,1.90232102674037,1,1
399,1.3109377852319,2.07554054552497,2,0,1.11230941520892,0,1
400,0.154327983036637,1.04311499837939,2,0,1.44863655049705,0,1
401,1.03058751765639,3.63009084479168,1,0,-0.042593796780586,0,0
402,0.265468239376787,6,0,0,0.3430963880272,0,1
403,1.06996539742091,1.57660500456889,0,1,0.975905896147058,1,1
404,0.0115991843631491,0.624081740776698,0,0,1.8048345634808,0,1
405,0.102238981693858,2.71790660724531,1,0,1.64445438260374,0,1
406,0.168739649816416,4.50533110958835,0,0,0.438840993718327,0,1
407,0.231331945979036,2.44834415828345,2,0,0.243823223741061,0,1
408,0.619701750576496,1.12436529770616,2,0,-1.23822766346837,0,0
409,0.274856970063411,0.455247231885169,2,0,0.788702331769895,0,1
410,0.835709951817989,1.59947430844167,2,0,-1.10051844060121,0,0
411,0.244509485200979,0.301863415614744,0,0,1.5604911911158,0,1
412,0.107428673654795,1.42099766238831,1,0,-1.13997031342844,0,0
413,0.477253695690826,1.96542622269196,1,1,0.140190115190383,1,1
414,0.558467511992723,1.56449900361363,2,0,0.828710972160761,0,1
415,1.04480377025902,3.10454173104102,0,0,-0.167698879784428,0,0
416,0.551634262045794,0.680616113764365,1,1,-1.50598330927804,1,0
417,0.150115083903074,0.321763167080904,1,1,-1.48063156198221,1,0
418,0.0766997181926854,0.462440333054099,2,1,1.12234754965331,1,1
419,0.115264882337136,2.01847474235865,1,1,-0.691647542206179,1,0
420,0.275736581179749,0.624946955451003,1,0,0.174272711489004,0,1
421,0.5130820430087,1.96737630982872,1,0,0.307065716473609,0,1
422,0.389186432003044,1.28851138790809,2,1,0.762460354914267,1,1
423,0.134190994971218,4.59126561074121,2,0,-1.13296452024913,0,0
424,0.298817785806023,0.669199750363391,1,1,2.16296280211844,1,1
425,0.482118065183121,1.97127275653239,1,1,1.12742093328596,1,1
426,0.393753017124254,1.00837719921351,2,1,1.37371580955863,1,1
427,0.200731084332801,2.93689446061883,2,0,1.02490046395989,0,1
428,1.35539022553712,2.52112282441927,1,0,-0.514078527482287,0,0
429,1.9730156584734,3.61560687407168,2,0,-0.339374684319127,0,0
430,2.47564436859431,2.57695428107301,2,0,-0.805859162006596,0,0
431,0.817448910325766,6,0,0,-0.0648994398333478,0,0
432,0.0624877042719163,0.457263886362822,1,1,0.181346959066708,1,1
433,0.0971831271570489,1.18096338585019,0,0,0.0935112158874254,0,1
434,0.0989600367029198,0.300544866268565,2,0,0.269175696445373,0,1
435,0.586387612957727,1.47442755318064,1,0,-0.378529881823947,0,0
436,0.43287117179716,0.641028965076017,2,1,1.39157196602715,1,1
437,0.575910303133361,2.35047122616191,1,1,0.979701725574782,1,1
438,0.288747263257392,1.31763566256295,2,0,0.624574070952174,0,1
439,0.678933262537219,3.15585904060777,2,0,0.41650735001872,0,1
440,0.714788346551359,1.0641655647471,1,0,-0.304251321284116,0,0
441,0.250021112394266,2.55230536710826,1,1,-0.558888908569147,1,0
442,0.574638591147959,0.617414784978616,1,0,-1.00478920404107,0,0
443,0.0287904765065789,0.429210340105819,1,1,2.04336572035659,1,1
444,0.0487959972562079,0.517868402647359,0,0,0.17244696114654,0,1
445,0.214893400087488,0.352361596729055,1,1,-1.29273043071064,1,0
446,0.0861470747622661,0.111899526849459,2,1,0.112094279552857,1,1
447,0.27124316804111,1.05408837769226,2,1,-0.590290092220633,1,0
448,0.0716100106844728,0.776698507669117,1,0,0.272483818065533,0,1
449,0.878540624864399,1.89110539970643,1,0,-1.49694726058116,0,0
450,0.163448037346825,0.71772295050323,0,1,0.893260612887816,1,1
451,0.506013866513968,1.65762920705332,2,1,-0.798668276435232,1,0
452,0.166858954355121,2.48971814837427,1,0,-0.407939322474878,0,0
453,1.65361172246615,3.57695883995964,1,1,-0.491402139491061,1,0
454,1.48745485143066,1.89589575243493,0,0,0.317793578786196,0,1
455,0.428176374116447,0.533979678560408,1,1,0.728770959433657,1,1
456,0.0965533181615905,1.40347247550396,1,0,0.353489301671733,0,1
457,0.0109885212127732,1.36918331678305,2,1,0.045619941408949,1,1
458,0.125516855914611,1.14905547942678,2,1,1.78392928211524,1,1
459,0.43783006139268,2.1401613955136,2,0,0.792455410594606,0,1
460,0.154860999143538,1.04215376540256,1,0,-1.09218952626318,0,0
461,0.0925053461127861,2.34832003664221,2,1,-0.756643162218358,1,0
462,0.836585126817226,0.861171279975173,1,0,-0.517451796963316,0,0
463,0.0334909606743004,2.17229192179458,1,1,-0.622378195066531,1,0
464,0.631161325701334,1.12130036888023,0,0,0.584852656785812,0,1
465,0.71263928245753,1.23310561954634,1,0,-0.0579237616992257,0,0
466,0.110301484372715,0.505953248931814,2,1,0.260950436548345,1,1
467,0.505099198172621,0.827064515402659,2,0,0.189781826603979,0,1
468,0.823355980074786,1.05661305794903,2,0,1.18153020380554,0,1
469,0.123306057021477,0.468113558607799,1,1,-0.0256016252605517,1,0
470,0.209341609152034,0.331017136066929,2,1,0.0976965091154855,1,1
471,0.19843232748661,5.03313143489351,2,0,0.204806108830008,0,1
472,0.0676626124186441,0.542317227673192,1,1,1.36610199549332,1,1
473,0.109877444825895,0.850904578207015,2,0,0.508246986511198,0,1
474,0.399721748195589,0.781340648173968,1,0,-1.35012616950135,0,0
475,0.113839409314096,2.39802161971417,2,0,-1.37354702915905,0,0
476,0.399143092217855,1.01944076802874,2,0,2.11955389431575,0,1
477,1.08267327183263,1.69318820530892,1,0,0.0588143151132798,0,1
478,0.473278189500375,1.56974023360945,1,0,1.32079140253469,0,1
479,0.529803161861728,1.15143526494719,2,0,0.156195193010357,0,1
480,0.0854174225241877,3.1326415882116,1,0,0.36333356694234,0,1
481,0.458771645406285,0.834621370939111,2,1,1.54796268554122,1,1
482,0.348420886322856,0.942515646909749,1,0,-0.892959277929551,0,0
483,0.0368726148735732,0.435271110524405,2,1,0.427381840300364,1,1
484,0.865080033428967,1.03087717839153,1,0,-0.552483627195108,0,0
485,0.0080021257509616,0.254167004067103,1,0,-1.87878707650933,0,0
486,0.307300394362193,3.9406555891037,0,1,0.0108170324945842,1,1
487,0.185920370019093,0.207057055531831,1,1,-0.940129578389498,1,0
488,0.600923512803212,1.59492625854909,0,1,0.690812673457741,1,1
489,0.122896134565415,0.829332957014587,1,1,-0.367385334951159,1,0
490,0.101793930408376,0.261210712293784,0,1,0.103642400035253,1,1
491,0.0182692155996277,1.15159021025843,1,1,0.969414923076267,1,1
492,0.123630845790554,0.363366768384973,0,1,0.304960941130368,1,1
493,0.362300588458311,0.460410251508297,1,1,0.703906829448881,1,1
494,0.253235874478329,0.927399655536267,2,1,1.22659960010494,1,1
495,0.585945496335626,1.02547418946684,1,1,-0.112392456668295,1,0
496,0.312034893722739,1.08012592506572,2,0,1.71945153454958,0,1
497,0.899649795315713,2.15764703834866,2,0,0.930672687006818,0,1
498,0.146303576127873,0.458833962315835,1,1,-1.62974157446203,1,0
499,0.0619234964251518,0.140036925129,1,1,-1.1428117549623,1,0
500,0.159214027225971,1.63489885812791,1,1,-0.0797492767066636,1,0
501,0.160768596688285,0.48333159675869,2,0,2.70310797388622,0,1
502,0.145260200835764,1.01512197094659,0,0,-0.327163042445253,0,0
503,0.678848321343272,0.685129731218852,1,0,-1.28265907321187,0,0
504,0.113931318046525,0.170171987318489,1,1,0.164897136404728,1,1
505,0.183458123065066,0.743295112115765,2,0,0.545136727794945,0,1
506,0.439516996178619,0.505087217316031,0,0,1.93073347390888,0,1
507,0.57589385668731,0.907668570677439,0,1,-0.914179727859123,1,0
508,0.423854956170544,1.25571967544827,1,0,0.402010691543433,0,1
509,0.728743605987922,1.02710649386454,2,0,0.574422757802347,0,1
510,0.219930797175039,0.42528907553064,2,1,2.1557439665063,1,1
511,0.225309865904826,0.407662283369108,2,1,0.0802604606129743,1,1
512,0.308364591910504,0.521090390781562,0,0,0.874649804508372,0,1
513,0.852950796807938,0.9212289764358,2,0,0.749060742891327,0,1
514,0.0608479429850967,0.341083797284871,2,0,-0.812509870710102,0,0
515,0.807563609443605,6,0,0,-0.989001595763647,0,0
516,0.186602171161212,0.307604565254801,2,1,0.227489232223384,1,1
517,0.112766571732334,1.43052820856765,1,0,-1.01963757835171,0,0
518,0.305291379045229,1.02653135331934,0,0,0.948189666115207,0,1
519,0.124432867742144,0.287922805454602,0,0,0.971346136369386,0,1
520,3.55542033014462,6,0,0,-1.5882958048598,0,0
521,0.282190543611884,0.31397175528192,2,0,-0.293718326436872,0,0
522,0.167581590823829,1.37562777387027,2,0,-0.00570833920241312,0,0
523,0.0063081389303334,0.273481666410977,1,0,-1.1740500457718,0,0
524,0.00616783228462751,0.578036295216491,1,1,-0.229358599753894,1,0
525,0.920931429813858,1.61511697367723,1,1,0.243249684495886,1,1
526,0.32738200109452,1.57458890070309,1,1,-0.169535515465489,1,0
527,0.0342578608542681,0.168005704376585,0,1,-0.877368392187541,1,0
528,1.32081132148348,1.95155246127587,2,0,0.38462409857301,0,1
529,0.0252691228524782,0.0810051119575898,0,1,0.515678680582683,1,1
530,0.386568888206966,1.70236370576025,1,0,0.155677740591227,0,1
531,0.164098665278558,0.215761294922715,2,0,0.973143370103747,0,1
532,0.0772438453353398,1.26522481315465,1,0,0.649764219072128,0,1
533,0.42519945371896,0.877867852740319,1,0,-0.660079539686677,0,0
534,0.599493526943781,1.19927234405026,1,1,0.985059096329917,1,1
535,0.00388468586606905,0.609196485695765,1,0,0.000700953573895276,0,1
536,0.446289710175234,0.520026892892696,1,1,1.73428400474095,1,1
537,0.713704262135372,1.20642843834755,1,1,0.601243544514698,1,1
538,0.997834024950862,3.47257914642493,0,0,-0.34966122527266,0,0
539,0.207864112162497,0.684760730783505,2,0,0.124828705515303,0,1
540,0.798672125066452,1.01367906806798,2,1,0.39405141951204,1,1
541,0.745235135519698,0.850090233409332,2,1,0.442947694862443,1,1
542,0.334449412766844,0.435341256542167,2,1,1.08217449694312,1,1
543,0.804096923649132,3.10409969021345,2,1,0.360797842937966,1,1
544,0.0595669599817727,1.59855017173723,2,0,0.18619598671525,0,1
545,0.0863417942309752,0.104644812946729,1,0,0.186001188080206,0,1
546,0.392770679667592,0.88840805436791,1,0,-0.400719911049476,0,0
547,0.23235163128477,0.551779486820967,2,0,2.42608421834094,0,1
548,0.578361077324309,0.847450814535105,1,0,0.603907467497858,0,1
549,0.164984799370138,1.09578866184655,1,1,0.0205033903824091,1,1
550,0.0791643857955933,0.137273295360441,1,1,-0.424237600867374,1,0
551,0.335170164471492,1.16160988430686,1,0,0.919772857257555,0,1
552,0.0664498668629676,0.242149356641636,1,0,0.6717143731519,0,1
553,2.11279234467986,2.21820880848754,1,0,-1.34875328890322,0,0
554,0.00396755787068234,1.02777237149174,1,1,0.246731307382456,1,1
555,2.21567728548291,5.41512919916194,1,0,-0.0918668910757379,0,0
556,0.535539344628784,0.945650297342434,0,0,1.00116024188419,0,1
557,1.25334826577455,2.36676602696422,1,1,-0.422353645661371,1,0
558,0.341099284589291,1.97312340587432,1,1,-2.83643014681932,1,0
559,0.0407142938911319,1.85318503715085,1,1,-0.584340396374029,1,0
560,1.71177343341096,2.20141063720273,2,0,0.577940850231751,0,1
561,0.00586467236280441,1.2787165458238,1,1,-0.275245530207044,1,0
562,0.120928164569611,0.415282883933874,1,1,1.90940546935046,1,1
563,0.0828490577724595,1.38382796726741,0,0,-0.605041311480337,0,0
564,0.645825848455807,2.69224650230265,1,1,-0.415703882843146,1,0
565,0.0299816360347904,3.71278372870304,2,1,0.512277210024422,1,1
566,0.00972941905155284,1.41004770054595,1,0,0.445868164770142,0,1
567,0.283532737521455,0.772712578400233,1,0,1.49494807934818,0,1
568,0.668639479528003,0.676644329054308,1,0,1.47931920706387,0,1
569,0.479272618514307,0.533311274589618,2,0,0.872910723212142,0,1
570,1.16660675988855,1.18833725716745,1,1,1.05814907912049,1,1
571,0.500710922034279,0.653270497974756,2,0,1.78148662058015,0,1
572,0.227713641070295,0.69965643112562,1,0,0.379282311658967,0,1
573,0.105825808449617,0.420765206217766,0,1,-0.0359024935709214,1,0
574,0.481446124613285,1.81893140180882,1,0,-1.06294115070713,0,0
575,0.398754253250559,2.75435107016742,2,0,-0.270494367287695,0,0
576,0.535835981886277,0.94212032338418,1,0,-1.11824881491386,0,0
577,0.143429350282531,1.72405719566144,1,1,0.0627800538979928,1,1
578,0.226596980937757,0.579869490183713,1,1,0.878513234670148,1,1
579,0.627575470690437,0.662287823530482,1,0,0.373255198462159,0,1
580,0.535598112297135,1.24775623955405,1,0,0.128673128906416,0,1
581,2.33071506420742,3.06973847030784,2,1,-0.780889237615258,1,0
582,3.02071378363257,3.02998424197237,0,1,-0.118813730857518,1,0
583,0.400312146888668,0.660052305708329,0,0,-0.322270509360803,0,0
584,0.216897304652012,1.04477684544882,1,1,-0.530566376609274,1,0
585,0.0587552055367269,0.154455743963942,2,1,0.0149640506143733,1,1
586,0.575135041959584,2.87637259185675,2,0,-0.0110082765196987,0,0
587,0.254096622910124,0.729906658896395,2,0,-0.701566198111148,0,0
588,0.502114097147647,3.75451836094279,2,0,0.378852398690875,0,1
589,0.43231378453615,0.916678324962656,0,0,-1.23717285420634,0,0
590,0.582217960133192,2.01186339756222,2,0,1.64633922125277,0,1
591,0.00232549296924844,0.59057279298721,1,1,0.368880256774359,1,1
592,0.776307904135257,1.106059768641,2,0,0.807150385161946,0,1
593,0.52578911365449,2.73738060332843,2,0,0.698029099285996,0,1
594,0.0704389077145606,2.6687299799616,2,0,0.805392610231606,0,1
595,0.566202184974037,3.07158517541909,1,1,1.39545277662887,1,1
596,0.538334038547993,0.585280427293695,1,1,0.690056406879781,1,1
597,0.72440286159231,0.904176170869285,1,1,0.869389775662491,1,1
598,0.250488711462822,0.785441809990071,1,0,1.2056232658661,0,1
599,0.295275082811713,1.2514968391983,2,0,-1.25006799029004,0,0
600,1.06199968465112,1.75015381716665,2,0,0.504454611853195,0,1
601,2.17334777844492,2.95178557788755,2,1,-0.656926786676895,1,0
602,0.2432482803124,0.430030452520768,1,1,0.516835314838608,1,1
603,0.298721816983072,1.23112623269359,0,1,2.23503908037301,1,1
604,0.483336432345033,1.36482307388901,0,0,0.176231480881665,0,1
605,0.191392270174729,0.643238004352483,2,1,0.505759544164263,1,1
606,0.142303458997048,0.211155633286423,1,1,0.723032991285946,1,1
607,2.06636449127438,2.14766681194305,0,1,-0.128402646300137,1,0
608,0.0520349544562413,2.82119786123548,1,1,1.63280962893967,1,1
609,0.0124841529759578,1.95584965994067,2,1,0.282200811927183,1,1
610,0.252673804352526,0.57849704296786,2,1,0.994870319200268,1,1
611,0.304388974292839,0.909101583974364,1,1,-0.0765014037153764,1,0
612,0.196089824312367,1.86064881326431,2,0,1.58375669371975,0,1
613,1.78625981848639,1.85798288968512,1,1,-0.882358157675277,1,0
614,0.658891493202247,1.81822098350451,1,0,1.56804876339021,0,1
615,1.0701906112954,3.40567579074069,2,1,-0.102549964160455,1,0
616,0.473500849073243,0.779693966805289,1,0,-0.0667996716820779,0,0
617,0.260089387961913,0.307427613892187,1,1,-0.372223511403011,1,0
618,0.0157861808968942,0.120050189773828,2,1,0.668930137414185,1,1
619,0.042969456639583,1.55912137761459,2,1,1.12621071041321,1,1
620,1.52498463975771,4.64334982160944,2,0,0.505780506058709,0,1
621,0.0272002164274454,2.16256531134457,1,1,1.30215174768248,1,1
622,0.203637076483574,0.808536719219425,1,0,0.0353250169592292,0,1
623,0.14720281411428,0.600013811351969,1,0,0.716837073312598,0,1
624,0.976795895159986,0.997429090992225,1,0,0.556975847623824,0,1
625,0.127820837213146,2.7394910970122,2,0,0.633047706865372,0,1
626,0.591657759369658,0.763557064229553,1,1,0.372923590605664,1,1
627,1.58053246068288,2.21185996843226,2,0,0.897903887880617,0,1
628,0.367722534865607,0.729059506903315,2,0,0.0968453303702259,0,1
629,0.0202502807951532,0.338381015798955,2,1,0.649825649120573,1,1
630,0.21144971538656,1.53839605470353,1,1,-0.590094249365286,1,0
631,0.201195226982236,1.21976821528208,1,1,1.29465698296127,1,1
632,0.418284325569402,0.446923494520825,1,1,0.106612017654468,1,1
633,0.414728450705297,0.671063270169201,1,1,0.247990814558548,1,1
634,0.208705264958553,0.432948365361154,2,1,0.79232226890304,1,1
635,0.362507148820441,0.503573387204964,2,1,0.375508240001506,1,1
636,0.150122525519691,1.72724907685425,2,0,0.293984214593237,0,1
637,0.414003900950775,0.558290232533126,1,1,1.47139207798812,1,1
638,0.0146956658403017,0.216650434404736,2,0,-0.145878577126028,0,0
639,1.17140771914274,2.37464601025237,1,0,-0.167008211885305,0,0
640,0.213915859178308,0.641029969527961,1,1,0.337861659889193,1,1
641,0.0181563453242183,0.263016167110374,1,1,0.183791913314645,1,1
642,0.377183684031479,0.835227970741502,2,0,0.362191024721362,0,1
643,0.458810483428461,0.483147778237859,0,0,0.18331384570775,0,1
644,0.530638461906284,1.78714502451759,1,0,1.46498195498512,0,1
645,0.52749284170568,1.00243173811899,1,0,-0.424753061430398,0,0
646,0.140394358313642,1.41721095163176,1,1,1.25575043485449,1,1
647,1.11641491408797,2.73314924846031,2,1,0.897891084783107,1,1
648,0.852750671096146,2.53597355065687,0,1,-0.766169869289124,1,0
649,2.76000500089469,3.58315617710301,2,0,-0.143462960535488,0,0
650,0.00749534812951977,0.178495967856506,2,0,1.71415245837781,0,1
651,0.773673120976247,0.984354106037416,1,0,0.817313868739989,0,1
652,0.405177514068782,0.456896899203747,1,0,-0.309892982691948,0,0
653,0.556011211029622,0.769186546971302,2,1,0.478545367738604,1,1
654,0.305712728295475,0.458553493754869,1,0,1.05087174701961,0,1
655,3.5748462898839,3.67661905785402,0,0,-1.22173202225453,0,0
656,0.115987012395635,1.567968267167,2,0,0.636337377203561,0,1
657,0.586785432507105,1.10901627532303,0,0,1.48352239960584,0,1
658,0.157289615017362,0.216182344423645,2,1,0.321395308879106,1,1
659,0.415539649839047,0.681473128666055,1,0,0.30321882666546,0,1
660,0.163777590729296,2.04233705216517,0,1,-0.512420071330516,1,0
661,0.0757475927821361,0.273953145418058,1,1,0.619529128560907,1,1
662,1.01009317279792,1.49364928043641,2,0,1.17744536876516,0,1
663,0.336059334449232,2.64370853538045,1,0,0.951205340211339,0,1
664,0.00300625513773412,0.479184249367938,2,1,0.771506437323436,1,1
665,0.00673282571369782,0.663375432659592,1,1,0.755868663725126,1,1
666,0.313279951922596,0.336540064975801,1,0,-1.45351249549524,0,0
667,0.207890869642142,1.39217549374301,1,1,1.77905643384592,1,1
668,0.22298371686035,1.88333477422186,2,1,1.29011792269209,1,1
669,0.381676815450191,0.60971652525683,1,0,0.526486950378193,0,1
670,0.00242144596995786,0.453821392357592,2,0,0.856442679420258,0,1
671,0.00472130050184205,1.06879499000775,1,1,0.187635072867187,1,1
672,0.0236790603332716,0.815269257181308,2,1,0.0864135881529204,1,1
673,0.440264342442908,0.978024358922823,1,1,1.39224781955774,1,1
674,0.11549084726721,0.226791924778445,1,0,-1.31215192336064,0,0
675,0.0360541697591543,1.9208639768654,0,1,0.923336273334343,1,1
676,0.0730205398274742,0.623902041389816,0,1,1.59303197495073,1,1
677,0.359269244945608,1.80831794937452,0,0,0.977158548888662,0,1
678,0.363640475261491,1.35441158799958,2,0,1.73197833130352,0,1
679,0.751569514162838,1.0849878445423,1,1,-1.4712133423054,1,0
680,0.520449727165334,1.4087186811265,2,0,0.349924746821298,0,1
681,1.19353168806714,3.53791451892478,2,0,-0.486080268838902,0,0
682,0.221995814915601,0.263759664430971,1,1,-0.34109141618565,1,0
683,0.936044459178686,2.56103513519377,2,0,0.306870174359575,0,1
684,1.6339222818291,2.99727899953723,0,0,0.602542056921438,0,1
685,3.37540004385595,3.88580561458252,2,0,-0.238204001508383,0,0
686,0.465324703603983,0.577927201711974,1,1,-1.67372020141695,1,0
687,1.24867337569594,4.92634924349183,2,0,-1.03058718733625,0,0
688,0.249602682888508,0.694057953215187,2,0,-0.226964254406576,0,0
689,0.554991834770709,1.78581235592247,1,0,0.837565315629861,0,1
690,2.10820385662856,2.14689596253554,1,0,-0.171843485824326,0,0
691,0.0886624595793323,2.10455245473179,2,1,0.170420123692974,1,1
692,0.315097772761793,0.728207479873785,1,1,-0.194847171549435,1,0
693,2.31121377079728,2.52012516437013,0,0,-2.53937265762162,0,0
694,0.0182389471689646,0.407062781277317,2,1,0.360243967354739,1,1
695,0.215997891500592,0.877007509892186,0,0,-0.255239489384135,0,0
696,0.236508313391823,0.458884538681076,1,0,0.157073930267535,0,1
697,0.565101725477023,0.707401009276509,0,0,0.915666593349169,0,1
698,0.705482406541705,0.944823403562399,1,0,-0.0944595308267831,0,0
699,0.148945235502676,0.996681963393232,1,1,-0.239572669563344,1,0
700,0.103000492379823,0.114703715574688,0,1,1.74082992607509,1,1
701,0.506537016845766,4.07851957971219,0,0,-1.22692878819485,0,0
702,0.0623405426740646,1.09342027099525,2,0,-0.380932048984137,0,0
703,0.223050578636994,0.328436703637174,1,1,-0.681349783254454,1,0
704,0.088198588680097,0.166170112651478,2,1,0.310527156890991,1,1
705,0.00648186448961496,1.04967496100215,1,0,-1.80796448078026,0,0
706,0.61039825358239,3.46996856421627,2,1,0.495978174021218,1,1
707,0.296014708466828,1.9750839916207,1,1,-0.551210816862811,1,0
708,0.281538824201562,0.341107746676664,2,1,0.0653024400146242,1,1
709,0.220715012983419,0.294659386421546,2,1,0.447672938262459,1,1
710,1.10319148120449,1.31790079068287,1,1,0.296024891641079,1,1
711,0.331892838876229,3.06530797695484,2,0,0.0144169081263215,0,1
712,0.144544629729353,0.20828058452738,2,1,0.428973085940464,1,1
713,0.0324007837211771,1.1456372619917,0,0,-0.320092025474769,0,0
714,0.52750236502981,0.581901859890442,1,0,0.268633277543555,0,1
715,2.12768445714357,2.55035544656361,1,1,-0.0288925477338366,1,0
716,0.145136282211517,1.07891852593642,2,0,-0.597340040338164,0,0
717,0.0713445464256358,0.241529907019381,1,0,-0.630367880890258,0,0
718,0.245248363128788,0.76450941494036,1,0,-0.42846235651861,0,0
719,0.73262193877884,0.843030409185321,1,1,0.943732358091118,1,1
720,0.0235539695131592,1.47151761108863,1,0,0.137094474926579,0,1
721,2.74794441266897,5.33260250186575,2,0,-0.370062825108243,0,0
722,2.53532459764721,6,0,0,-0.950253434438818,0,0
723,0.725207021459937,2.29979501805719,1,0,-0.882087410935563,0,0
724,0.663236998344593,2.84023685433336,2,0,1.40495773517188,0,1
725,0.522376830896184,1.40223778272145,2,0,1.17304158870349,0,1
726,0.175244997662958,0.325771551338276,2,0,0.378601474686076,0,1
727,0.822969661650069,1.80041440452139,0,1,0.482292297978252,1,1
728,0.960030101239681,2.43452769194939,1,1,-0.718755021285605,1,0
729,0.83207340093498,2.11306773687764,1,0,0.382661002565114,0,1
730,0.0894133315887302,0.871239464066772,1,1,0.72944612530105,1,1
731,0.0639845980913378,0.537773250349842,2,0,1.01616838317855,0,1
732,0.0428580076550134,2.80411919275044,2,0,0.198966834707243,0,1
733,0.0251528803880542,5.94348600362692,2,0,0.028398974185756,0,1
734,0.237064567918424,2.14353661473485,1,1,0.397856310787167,1,1
735,0.375035553239286,0.970600182264895,1,1,-0.720453717091519,1,0
736,0.241415206148034,0.284049822946422,1,0,-1.40828860271579,0,0
737,0.0792701437603682,1.75934358959256,1,0,0.407720729069602,0,1
738,0.389425587200094,2.94021613562619,2,0,0.708621176482613,0,1
739,0.0733804018818773,0.400949719672402,0,0,1.09232618667398,0,1
740,0.251960696652532,3.20535839016491,1,1,-0.201015840192182,1,0
741,0.0891152801341377,0.237551225220282,1,1,0.798498946977809,1,1
742,0.284560738073196,0.926752553493699,1,1,0.586265699551232,1,1
743,0.454061667087378,0.994246462644726,1,0,-0.267527914110605,0,0
744,0.00133698578819138,3.04800736113025,1,0,0.489503476816608,0,1
745,2.44499643511119,3.24192312394665,2,0,-1.17682461972453,0,0
746,0.273753489018418,0.31485924920603,1,1,0.394624079275776,1,1
747,0.280967198192291,1.29966574500956,2,1,0.75345487237629,1,1
748,2.56259725050538,3.07252537092738,2,0,-0.0807830834459862,0,0
749,0.314692425890826,0.639381554880851,1,1,0.685836093012651,1,1
750,1.44606646209342,2.33893411068382,1,1,-0.811067944759436,1,0
751,0.164698761414329,1.03051744284979,1,1,1.40014778552408,1,1
752,0.000377613966357375,0.57733722751785,1,1,-1.17982407505806,1,0
753,0.499768265523016,4.24880774841409,2,0,-0.919183459728947,0,0
754,0.0750189369971513,0.804167824063929,0,1,1.36749202548441,1,1
755,0.0723048419396925,0.61249317059907,2,0,-1.18198053468805,0,0
756,0.669930230916299,1.22813829049144,2,0,1.235600063675,0,1
757,0.232334436726206,2.05987008560594,1,1,0.7470975653778,1,1
758,0.831687840633094,1.2128374738288,1,0,-2.49262082318008,0,0
759,0.34728146468345,1.04187630504405,1,0,0.405392030610878,0,1
760,0.0430069184838073,0.605897568203221,1,1,-0.620255774234474,1,0
761,0.0876124249771237,0.464367965094722,2,0,-2.09339888230976,0,0
762,0.00801961839897558,0.0418098666374468,1,1,1.13688420175496,1,1
763,0.0487042926251888,0.131061451253678,1,1,-1.31626981715954,1,0
764,0.247220980527345,0.279084995635241,1,1,0.635236477400426,1,1
765,0.878319670546542,1.25890486327357,1,1,-0.236911465661024,1,0
766,0.241700974932328,0.391588652793957,2,0,0.0638319214687856,0,1
767,0.548517490361638,2.67392132071153,2,0,0.598975854627961,0,1
768,0.00537969754077494,2.96734706850435,2,0,0.930355066403249,0,1
769,0.49156537975353,0.675482983180608,2,1,0.744940640007363,1,1
770,0.335294082192464,3.13128853400272,1,1,-0.513326281527002,1,0
771,0.0597183548881052,0.401635849389331,1,0,0.199211538991282,0,1
772,0.128745364781935,0.495205312555245,1,1,1.9346535442957,1,1
773,0.178625445248577,0.691095591140463,2,1,0.70693602930096,1,1
774,0.536942772567272,0.93652917133383,1,1,-0.981491876959117,1,0
775,0.15480566653423,0.639983260138836,2,1,0.904296342315467,1,1
776,0.0164011033539509,0.336668716584116,1,0,1.80688325563193,0,1
777,0.902512309303258,2.28021027894515,0,1,0.0399160343821287,1,1
778,0.0222196403392557,1.50160945177816,1,0,1.67108256348183,0,1
779,0.421174060902558,1.43800128493689,2,0,0.413283632546727,0,1
780,0.635213337346733,0.819619897522872,1,0,0.997107090350593,0,1
781,1.59826818472686,2.7853693595777,0,0,-0.964459152802432,0,0
782,0.323132452954577,1.21731051864723,0,0,-0.633854796448048,0,0
783,0.527700651410788,1.15021920834388,1,0,0.496069340472399,0,1
784,0.527339454331417,0.973147199170181,2,0,0.258011435581685,0,1
785,1.11352513171732,3.52919862295191,0,0,-1.40373439315978,0,0
786,1.28088620118797,1.92970000296428,1,1,-0.590880143670645,1,0
787,0.0788115948671475,0.989064713940024,0,0,0.622073359541703,0,1
788,0.80378182113339,1.38562675766538,2,0,0.107710150301005,0,1
789,0.14771121845115,2.73356351276158,2,0,0.729280353814877,0,1
790,0.412438196071889,0.702421397552992,1,0,0.945725793870932,0,1
791,0.529408284320317,0.633287287593915,1,1,0.628443645667396,1,1
792,0.162644635420293,0.527312277167298,2,0,1.39921500108069,0,1
793,0.297796187100717,3.48726944997907,0,0,-1.47241611633997,0,0
794,0.138971790671349,0.357308749171198,1,0,-0.254692064742148,0,0
795,0.19384001934668,0.306286437453649,2,0,2.40773546869118,0,1
796,1.29827590379864,3.96912731662444,1,0,-0.470532364964241,0,0
797,0.380709910268357,1.76852739862682,1,0,-0.495905425299555,0,0
798,0.332709624490235,3.02596499221129,1,0,0.142204650959647,0,1
799,0.503550870317787,1.39828140814512,2,1,0.532299161181654,1,1
800,0.408841404836332,0.478308952907643,1,0,-0.441379427501253,0,0
801,0.14950692828279,1.89664900744757,2,0,0.808397644339638,0,1
802,2.53344524056561,3.34828561969635,0,1,1.54973175861159,1,1
803,1.32252728473395,4.8014007487647,2,0,-0.670880090955472,0,0
804,0.119695943651523,1.6843611605508,1,0,0.554420277409374,0,1
805,0.898395307681825,2.98902029254635,2,1,0.635898017653258,1,1
806,0.55555809694045,3.19396854088737,2,0,0.565097451357353,0,1
807,0.0939106383033696,0.132790902754123,2,0,1.48088015807406,0,1
808,0.1527736132266,0.700992595443598,1,1,0.2103545436383,1,1
809,0.0308814123272896,1.01738306907459,2,0,-1.15394512129278,0,0
810,0.370119703002274,1.03769010085355,0,0,1.32673474952815,0,1
811,1.96232912120152,3.048116417173,1,0,0.894531382294145,0,1
812,0.0185510385781527,0.405675668623307,1,0,-1.30077394642204,0,0
813,0.0975707219913602,0.385883529639349,0,1,-0.456250141897039,1,0
814,0.455296331175424,0.851510838140479,2,0,1.42638042671708,0,1
815,0.362037027662154,1.26386287205724,1,0,0.0354607283141454,0,1
816,0.434208636262275,1.01882975656244,1,1,0.537783623024462,1,1
817,0.250901579856873,1.72136490102583,0,1,-0.135733018695482,1,0
818,0.0831700144130686,0.623132781511815,2,0,0.900426677408663,0,1
819,0.0396173596382141,0.0640903497482397,1,0,-0.131300889914155,0,0
820,0.243728606030345,5.8731861986761,2,0,-0.405046654340193,0,0
821,1.26786883082241,1.61489299346304,2,1,-0.504655933660599,1,0
822,0.11209053627681,0.50440805597827,1,1,1.07565024071788,1,1
823,0.409045076521579,1.91387969394973,2,0,0.725153254523401,0,1
824,0.833388314240209,0.857424938622005,1,0,-0.618195818885352,0,0
825,0.05274139700363,1.2886069099402,1,1,-0.889418416897314,1,0
826,0.0111566092818975,0.0464759078754485,1,1,-1.16417615007751,1,0
827,0.429911205137614,1.70345790373782,0,0,0.350281516889796,0,1
828,0.161240333691239,3.65503598629607,2,0,-1.04316490452581,0,0
829,0.195036043296568,0.529094669998742,2,0,0.489142722229173,0,1
830,0.447696001268923,0.946246091267108,1,1,-0.215333264236463,1,0
831,0.818102871067822,2.8928736934922,1,0,-0.530140345254143,0,0
832,3.50966196862941,3.52082070657978,1,0,-0.648932679200057,0,0
833,1.27764154453167,3.73674379661679,0,1,0.636544506340205,1,1
834,0.539869868475961,0.64866409098054,2,0,1.40827920725828,0,1
835,0.245066166189474,0.929071176530421,1,0,-0.191690432113972,0,0
836,0.331349963671528,2.66421413556494,1,1,1.07007729666985,1,1
837,0.0905525230918866,0.659442508180899,1,1,-0.143410075884064,1,0
838,0.597014519708984,0.788088517350963,1,1,0.371054912408481,1,1
839,0.270925469521899,0.553802173840181,2,0,1.34200224128873,0,1
840,1.32643498135829,1.8968525917967,2,0,0.035268752239115,0,1
841,0.314109258179087,0.816906422701901,2,0,0.510839658704497,0,1
842,1.06238261174404,1.44435339920054,1,0,0.790586250791681,0,1
843,0.110415109957103,0.15818655477452,2,0,0.685708764876866,0,1
844,0.515915560509831,1.27681405333688,1,0,0.97568451984079,0,1
845,0.200899306510109,0.452142076687633,2,0,1.04471118661308,0,1
846,0.0376799056539312,0.80255269410404,1,1,0.709315789633886,1,1
847,0.3531518537784,1.14913487148303,1,1,0.667759720873509,1,1
848,0.724237905788988,1.64602175355852,2,0,0.406948469400334,0,1
849,0.219924309349153,0.884214548824555,1,1,0.42977655352645,1,1
850,0.0285066009382717,0.216423243123499,2,1,1.86962952922998,1,1
851,0.491094957296799,1.33195637084226,2,0,0.174853006845272,0,1
852,0.416104711475782,1.4341582972166,1,1,0.965651564707649,1,1
853,0.00390987380781153,0.0590782524416518,1,1,1.27297612990895,1,1
854,0.52225333096048,0.567134571472239,1,0,2.53813655512667,0,1
855,0.220000711560715,0.83027383312583,0,0,0.477127437411554,0,1
856,0.622881146238007,1.97894244979993,1,0,0.391408158315224,0,1
857,1.15568696022324,2.32060061810661,2,0,1.57679557913763,0,1
858,0.242457442308787,0.374287347588301,2,1,1.05757072146022,1,1
859,0.0628484293702058,1.98657952412424,2,1,0.744728219363269,1,1
860,0.1929628222171,0.969089061439564,2,0,0.971716903768911,0,1
861,0.44164759019093,0.826592753787831,2,1,0.892485743778403,1,1
862,0.277872057256875,0.6089395296913,2,0,-0.0288336222367956,0,0
863,0.171985537689503,1.50300971113715,2,0,-0.264231426901561,0,0
864,0.14593021641499,1.84245382867306,2,0,0.413673120621062,0,1
865,0.258722220023628,0.780004990355821,2,1,1.16766898771278,1,1
866,1.08035868843423,3.88299989352816,1,0,1.08715888093154,0,1
867,0.393260406831009,1.35638165354806,2,0,1.37825858413234,0,1
868,0.0875502655981109,1.95106740092563,2,1,0.67853480124406,1,1
869,1.09465920413002,1.5676586629844,1,1,0.225600425101537,1,1
870,0.336157085548621,0.5247021425196,1,0,0.100154835210785,0,1
871,0.0646390972542576,0.396251320588841,1,0,0.409414562593284,0,1
872,0.121814094407156,1.04089796543121,0,1,0.366146438179092,1,1
873,0.440647451207042,1.12378651185885,1,0,-0.846613061566638,0,0
874,0.309269182060027,0.546140185739568,1,1,0.688867051228467,1,1
875,0.0200596959399975,0.468694789880686,1,0,-0.563469721369933,0,0
876,0.178085710504092,0.238858743295094,2,0,1.12660628783505,0,1
877,0.767946725806709,2.46927363420771,1,0,-0.855170832655284,0,0
878,0.361372703628149,2.80057087961118,2,0,0.693449649715059,0,1
879,1.30403783451766,1.64220537679891,0,0,-1.14725244052979,0,0
880,0.5834647603333,4.64807020277078,2,0,-0.452594200159575,0,0
881,0.400954839784842,1.00135089637606,1,1,-0.40879206360479,1,0
882,0.580730282677746,2.38497124591019,1,0,0.588303998947978,0,1
883,0.461571065799154,0.489656562077039,2,0,0.177352300928594,0,1
884,0.353694410878234,0.781787262081896,1,1,0.184067893133663,1,1
885,0.118828622507863,1.09397166242078,1,0,1.27984535536157,0,1
886,0.155318118340801,1.28307699556604,2,1,0.965854443593845,1,1
887,0.759547164753832,1.15601366602805,1,1,0.506153688765044,1,1
888,0.447161924067706,0.488066210006149,1,1,0.0668306027899715,1,1
889,0.173180788697209,0.178919779136777,0,0,0.859220166858484,0,1
890,0.0849048787495121,0.746840843643559,2,0,0.75981678717715,0,1
891,0.251240151410457,1.54425390181261,1,0,1.31883100705044,0,1
892,0.394175380422283,1.71853199526612,0,0,-0.371223694701061,0,0
893,0.728823486715555,0.799700187938738,1,1,-0.0398307279149485,1,0
894,0.129313603731003,0.282997101167166,1,1,-0.61132444009957,1,0
895,0.0311733006090788,2.06351881969434,1,1,-0.225784782067723,1,0
896,0.0553361590064528,1.24586662048115,2,0,1.32621461715304,0,1
897,0.139391357079148,1.29938298104483,1,1,-1.87711350086469,1,0
898,0.260149691894185,0.624476467950223,1,1,0.362740641907457,1,1
899,0.428144769393839,1.17289000596415,2,0,0.410729463167159,0,1
900,0.346385637028227,1.03254786519146,1,1,-0.251529411730936,1,0
901,0.0655897700926289,1.9865653389839,2,0,0.358872385539782,0,1
902,0.527636755257845,1.62603927174749,1,1,-0.563531621372626,1,0
903,0.130626400641631,0.837891399195013,2,0,1.23722046925641,0,1
904,0.681532044519492,1.57001044765673,1,0,1.64382176924099,0,1
905,0.671029129661742,4.02440243407689,2,0,0.408195798139564,0,1
906,0.182667140848935,0.992860674493972,2,1,-0.263060398531577,1,0
907,0.212855575756392,0.915129020189246,0,0,-0.114476019555671,0,0
908,0.660217350788236,1.37672252487766,2,1,1.2631688393612,1,1
909,0.370266957208514,1.10057083906219,0,1,-0.810416346218302,1,0
910,0.927477454766631,2.94397501585384,0,0,-0.311996355723301,0,0
911,0.343941509763782,0.824034803637103,2,1,0.986897524870833,1,1
912,0.325272950576618,0.437534988147287,2,1,1.33877088241012,1,1
913,0.0727387182996608,3.71545122833253,1,1,0.174785199076619,1,1
914,0.205749360029586,2.09500710581687,1,0,1.1271868264442,0,1
915,0.0127988979538222,1.01974837346485,2,1,1.49852936712741,1,1
916,0.366247561760247,3.10766236433723,2,1,-0.531456437880529,1,0
917,0.0416533416137099,0.428814165202276,0,0,0.722572822929409,0,1
918,0.489174771122634,0.51466240247587,1,1,-0.393038260675645,1,0
919,0.222226016630884,0.435133030878417,2,0,0.55054413002288,0,1
920,0.195049270628311,0.230276870454571,1,0,0.826824193136713,0,1
921,0.700969278812408,1.14863148143111,2,0,-0.498779551395709,0,0
922,0.326954013712571,4.59357587402921,2,0,-0.927482390597997,0,0
923,0.721741407893413,3.97415267560027,2,1,-1.13957538862968,1,0
924,0.0981682750311702,0.805506144948945,1,1,1.33690166495106,1,1
925,0.274615383532364,1.2924243320529,2,0,0.610477559603194,0,1
926,0.255681678827386,2.96312581437329,0,1,0.107454073242642,1,1
927,0.788165707464151,3.06443659567452,2,1,0.306418725273788,1,1
928,0.290470399979237,0.475759500657764,1,1,-0.17894377178106,1,0
929,0.0342520317062736,0.10119933930993,1,0,-1.05338574302942,0,0
930,0.257057404960506,0.829256310258603,1,0,0.603881465543834,0,1
931,0.106846014386974,1.96221696371881,2,0,1.00010428978948,0,1
932,1.72374951289414,2.20710649465521,0,0,-1.44120021596297,0,0
933,0.321736272424459,0.720759684386645,1,1,-1.26500610021692,1,0
934,0.405234631325584,1.20441880904632,1,0,0.126133526355522,0,1
935,0.334943139925599,0.534780003347894,1,0,-0.443819473099175,0,0
936,0.0678345686173998,1.36902683694052,1,1,1.45396604173519,1,1
937,0.0393415548023768,0.394924188056407,1,1,1.38349619553024,1,1
938,0.0350451760452275,0.490848989531898,1,0,0.0774522389107337,0,1
939,0.235207902098958,0.736055129737202,1,1,-1.67219066021628,1,0
940,0.130319198432603,0.202783128836155,1,1,0.869497877389413,1,1
941,0.072345920780208,0.518146287401156,2,0,0.244133910853382,0,1
942,1.72118378913775,1.7992631289771,1,0,-0.765959181916458,0,0
943,0.144901661885477,0.496348564823469,0,1,1.5239169685253,1,1
944,0.799020141686134,3.0978351769348,0,0,0.218023720796923,0,1
945,0.537997484207153,3.33143464544469,1,1,-1.2147981681771,1,0
946,0.450956877876826,0.959862542585682,1,0,2.30750756266741,0,1
947,1.04149007233197,2.85182449035347,0,0,0.172538080398201,0,1
948,0.0033567632212438,0.00885362062407532,1,0,-0.947084406047837,0,0
949,0.405119096409419,0.644914510970314,0,0,-1.78558667177428,0,0
950,0.259173098602332,1.07560460144941,1,1,0.752024939381538,1,1
951,0.974217116547391,1.76085634369522,2,1,0.658757912304442,1,1
952,0.128513530528773,0.129986620113829,1,0,-1.04886747276579,0,0
953,0.0315482172300108,3.230814303695,2,0,0.156146097442852,0,1
954,0.827733086745076,1.56948041843619,2,0,1.93980684196314,0,1
955,0.260619518347085,0.475866499248534,1,1,-1.12894105077862,1,0
956,0.233539630658925,0.547993615789719,2,0,-1.21063669180357,0,0
957,0.625493155067608,0.879213473578741,1,1,0.254074560281086,1,1
958,0.0514568437938578,0.752701136654481,1,1,0.931146234553228,1,1
959,0.83466550066031,1.21498873976264,1,0,-0.985081048047856,0,0
960,0.16942948102951,0.422899029452136,1,1,-1.30117389170729,1,0
961,0.449279829600647,0.509725537469902,1,1,0.786905176032791,1,1
962,0.40375652781222,0.744252273340591,1,0,1.46763794976283,0,1
963,0.53323751518933,0.555024014008035,1,0,-0.93584518059725,0,0
964,0.967795640230179,4.44877843775359,1,1,-0.245399873642384,1,0
965,0.141731747471544,0.43660957008937,1,1,-0.275919171900229,1,0
966,0.29005375970155,1.40500924992947,2,0,-0.0326289570507776,0,0
967,0.380116294254549,2.77246286774399,2,1,0.619809195018358,1,1
968,0.0138865850452155,1.9737790307651,0,0,-0.498011055754553,0,0
969,0.386523707420565,0.736638535180998,2,0,1.50493207708965,0,1
970,0.056131679451805,4.49336193373251,1,0,0.029920372191708,0,1
971,0.868643090914402,1.05914705674406,1,0,0.113531367668929,0,1
972,0.407072493806481,2.01427245773284,1,0,-0.0444088952837065,0,0
973,0.359551474452019,0.618325158995093,1,0,-0.268084958546974,0,0
974,0.0592299565323628,0.488642343347701,1,0,0.543305545779191,0,1
975,0.587311936340495,1.38660094828909,0,1,1.5601541785824,1,1
976,0.421709961465211,0.502079727130126,1,1,-1.46911784625513,1,0
977,0.0735039819846861,0.240900429586569,0,1,0.469701919941228,1,1
978,2.61113342820647,3.61787183245499,1,1,-0.243793604949643,1,0
979,0.185573895461857,2.50376095635251,1,0,-1.68290733277475,0,0
980,0.49427355825901,6,0,0,-1.23121677673447,0,0
981,0.394247172400355,0.712469141512349,1,1,-2.03379010516929,1,0
982,0.00640380074781777,2.55127220089955,2,1,0.902669279835246,1,1
983,0.269816136860754,0.349048256765857,2,1,2.19762012166464,1,1
984,0.549279496745959,6,0,0,0.603860692574466,0,1
985,0.244889747700654,1.02789984254583,2,0,2.54025049695,0,1
986,0.848995755633161,2.99957517674439,2,0,0.606214507531619,0,1
987,0.959209241904318,2.27311025949582,1,1,-0.458106089181904,1,0
988,0.710211466040284,1.73689196207976,1,1,0.0287555009894113,1,1
989,0.238906336307991,0.397804067246339,2,0,1.09442942918062,0,1
990,0.114655365177896,0.81801904848752,1,0,0.887788736314514,0,1
991,0.248878160334012,0.279534866687806,0,1,0.704817018668212,1,1
992,0.108687144704163,0.190631973629345,1,0,-1.0505190433275,0,0
993,1.53025065424426,1.98948111593866,1,1,0.807070001934694,1,1
994,0.722006890247644,1.80189751243687,1,1,0.0553414251462858,1,1
995,1.26900468207896,1.76802601665258,0,0,-0.980052655850352,0,0
996,0.0710134292021394,0.756806132210593,2,0,-1.34258526736451,0,0
997,2.91200350489658,5.08678141497807,2,0,-0.555229150136064,0,0
998,1.7450953215086,1.92971937958685,0,0,-0.672746040376582,0,0
999,0.0521102533093654,3.10380112853519,1,0,1.11082694094279,0,1
1000,0.131937116384506,0.832763561318632,1,0,2.06287662672409,0,1
1001,0.102889076796608,3.51840377961316,2,0,1.84247801264108,0,1
1002,0.327498966362327,1.21401461057919,0,1,0.418281994838837,1,1
1003,0.439479572698474,3.0182132489867,2,0,-0.653485225023043,0,0
1004,0.0319114399330756,1.0752323611329,0,0,0.380460109499741,0,1
1005,0.0473409667029046,0.228081021905774,2,0,2.64260217453807,0,1
1006,0.69756969050207,2.03264328182702,2,0,0.000211717057810761,0,1
1007,0.0967267813393846,2.35475882087244,2,1,0.295021487225816,1,1
1008,1.54458497695509,1.5693153349814,2,1,-0.906280750268776,1,0
1009,0.0489024519920349,0.157725141104482,2,1,-0.835791424232838,1,0
1010,0.256057670339942,0.667692505545404,0,0,0.589119687267819,0,1
1011,0.385475445946213,0.612174807941615,2,1,0.288293580505898,1,1
1012,0.00112979866524993,0.118919288488205,1,1,1.773223749966,1,1
1013,0.26027999213852,1.0419050434936,1,1,-0.225691367664699,1,0
1014,0.661076604129568,1.48269955142842,1,1,1.44121794959082,1,1
1015,0.342694170738693,1.70238520447883,1,0,-0.247555340547992,0,0
1016,0.179012964072172,0.216315200037325,1,1,0.30043140825102,1,1
1017,0.00610621998798236,5.13707679571716,2,0,-1.54133633450728,0,0
1018,0.446089452571988,2.01328394313653,0,1,0.165088900358258,1,1
1019,0.319952729158103,5.44904079365366,2,0,-0.88456099226302,0,0
1020,0.188368329533046,0.792017872476454,2,1,0.14431644281148,1,1
1021,0.561501462943852,0.577205509568254,0,1,-1.31300506972667,1,0
1022,0.356074567243923,0.996140413629109,1,1,0.490911116001942,1,1
1023,2.01390052392128,3.20683129686979,1,1,-0.904782883761369,1,0
1024,0.0289283860474825,1.26522352193236,1,0,-1.29536995309533,0,0
1025,0.242845825850964,1.08053939910311,1,0,0.551738298648938,0,1
1026,0.0351033842889592,2.60807343929333,1,0,0.00970666478072122,0,1
1027,0.583969019283421,2.55840705277434,1,0,0.968359922676661,0,1
1028,0.180872140917927,0.412362127875288,0,1,1.49711631676403,1,1
1029,0.273654582852032,0.353549595544135,1,1,0.128703522671449,1,1
1030,1.26406428631732,1.46237425506115,0,1,0.430938025602763,1,1
1031,0.187464100017678,0.447958020602252,1,1,0.700367268333513,1,1
1032,2.03172165424305,3.91569880722438,2,0,1.67247341485237,0,1
1033,0.854270791725077,3.38760474252405,1,1,0.593632840673375,1,1
1034,0.54405062398576,2.45668128365552,2,0,0.763789749004411,0,1
1035,0.26168852171395,0.399609806982201,2,0,1.52105378902243,0,1
1036,0.137494568626156,2.293751010015,2,1,-0.362207296369623,1,0
1037,0.12253306718776,0.562807578098751,2,1,1.53161638224897,1,1
1038,0.217376245418563,0.376750236346401,1,0,0.502420901740848,0,1
1039,0.067384967474057,3.29528002926862,2,1,-0.417772734058708,1,0
1040,0.484155971556902,0.490743085827326,1,1,-1.69746166012811,1,0
1041,0.0524869933724403,0.163887469097972,0,0,1.77754915007766,0,1
1042,0.0455048560979776,0.0753174499430014,1,0,0.144675683277343,0,1
1043,0.189143837429583,0.347370728624217,1,0,-2.23766081632336,0,0
1044,0.466422364688218,0.951699690948536,2,1,0.238834877971845,1,1
1045,0.128002044937561,1.04920840252262,1,1,1.04351168178861,1,1
1046,1.13871922245586,1.52944202460986,2,0,0.00523026261644136,0,1
1047,0.35734426433919,0.750443011259079,2,1,2.67977974913003,1,1
1048,0.948604352306337,1.94769371799342,2,0,0.219943965139134,0,1
1049,0.358852678327821,0.67093532106181,1,1,1.17871008302634,1,1
1050,0.00785957019268072,2.96792474472531,2,1,0.547025402878684,1,1
1051,0.119652912020683,4.21093062178381,1,1,-0.741662034505943,1,0
1052,0.172826568887103,5.4053138304348,2,0,0.194310173118288,0,1
1053,0.0295123559772037,0.190452257024081,1,0,1.56020847766278,0,1
1054,0.296507516177371,1.38687990560995,1,1,1.63645116346732,1,1
1055,0.375899736245628,2.88493555158136,1,0,0.762441990318114,0,1
1056,3.04620872349726,3.08474027965826,2,0,0.287925432194204,0,1
1057,1.12482442049646,2.40775190191779,2,1,0.09373302827234,1,1
1058,0.108523039380088,4.90339111256734,2,0,0.490256323833733,0,1
1059,0.443433115258813,2.57449097715169,2,0,-0.950767246276219,0,0
1060,0.22682209096323,0.386767147549231,2,0,0.879509675411809,0,1
1061,0.334151258692145,0.376363534457918,1,0,-0.0738594137409779,0,0
1062,0.382358638569713,2.86981392948812,2,0,-2.12055321028674,0,0
1063,0.0101129190644348,1.31225154869017,1,0,0.0649606510659851,0,1
1064,0.851256345023222,4.88773109334746,2,0,0.210589559375183,0,1
1065,0.0392656723852269,1.16013912051097,2,0,0.534820846889672,0,1
1066,1.1938846297037,1.24665021032627,1,0,0.146919897417096,0,1
1067,1.32040559966117,1.86027975854557,2,0,-1.13633596610542,0,0
1068,0.00715231813956052,0.535745876996758,1,1,0.33973353773759,1,1
1069,0.518398800864816,0.842247181939872,1,1,-0.631784655037853,1,0
1070,1.67234741022337,2.43300685030268,1,1,0.673880223559373,1,1
1071,0.329800198378507,1.93404369151969,1,0,1.39436888780919,0,1
1072,0.316269235598826,1.45592498277584,2,0,-0.548335729978634,0,0
1073,0.0976453849033055,1.27650243021646,1,1,0.489205755917577,1,1
1074,0.981734068132937,0.995477743050382,1,1,-1.32088548528814,1,0
1075,1.33226667872204,2.15783746980498,1,0,2.11213342358921,0,1
1076,0.0579552821000107,0.998102575540543,0,1,0.301296658545076,1,1
1077,0.0192315407912247,2.48721814290981,2,0,0.0892262422973549,0,1
1078,3.11429295672064,3.20099809670144,1,0,-1.90779184649481,0,0
1079,0.13379185431404,1.14714864751972,1,0,0.0284555027086046,0,1
1080,0.346768863499165,0.786871197005815,1,0,-1.94654451099434,0,0
1081,0.454610303250894,1.13806315513209,1,0,0.640311433378167,0,1
1082,0.332566560352281,1.56856580506547,1,1,-0.682528014231804,1,0
1083,0.621123219840229,1.4423384508302,1,1,-0.0293256849925835,1,0
1084,0.0443095801165327,1.08482175815449,2,0,0.586088522964459,0,1
1085,0.165982624515891,0.703277081888871,1,1,-1.82646518152201,1,0
1086,0.252866418100893,0.380134424719286,1,1,-1.2599778664966,1,0
1087,0.177659729961306,0.624322982235012,1,1,0.199226287406017,1,1
1088,0.113949586229865,0.214255237348978,1,1,0.729231794687968,1,1
1089,0.628217499661105,3.05785522238605,1,0,0.739746969009321,0,1
1090,0.561696606863021,0.827693672306911,1,1,1.45591698830334,1,1
1091,2.1108922510499,3.58194892320932,2,0,-0.776296217083124,0,0
1092,0.148541698764071,1.77415825116138,0,0,-0.416197067920064,0,0
1093,0.27422109246254,3.43466058859041,2,0,-0.0679057899550524,0,0
1094,0.563017299838185,0.592534421703011,2,0,0.440885683474155,0,1
1095,0.159457848747683,2.5876683733469,1,1,-0.099875174228471,1,0
1096,0.118068122913252,0.893296461045709,1,0,0.904926534904772,0,1
1097,1.49238577068359,3.1697433058444,1,1,0.179306550623122,1,1
1098,0.152990832575597,4.0865437596302,1,0,0.935846161757667,0,1
1099,0.0451211528852582,0.575005397997554,1,1,-1.43513340595451,1,0
1100,0.237853143364191,0.495959905842083,1,1,-0.0553085573533463,1,0
1101,0.0676466053739716,2.05247311690653,1,1,0.6666294163339,1,1
1102,1.01936914748831,1.67964589979182,1,0,-1.08171838830632,0,0
1103,0.126442086608887,2.24337987225866,2,1,-0.139063033524399,1,0
1104,0.29502972215414,1.93927659568832,2,0,-0.667013779834114,0,0
1105,0.884064575657248,1.26418941795112,1,1,-0.270335825230761,1,0
1106,0.968750954605639,1.06932979672941,1,1,-0.046780072964052,1,0
1107,0.105366690950284,1.06547879776005,1,1,0.45335390262899,1,1
1108,0.632503312054843,0.711951459395306,2,0,0.184959087439671,0,1
1109,0.117823447508272,0.229641761311843,2,1,1.72543131177271,1,1
1110,0.0409578348028527,0.843322745834788,0,0,0.464170781130283,0,1
1111,1.80859567216578,3.02076787776002,2,0,-2.36059535816457,0,0
1112,0.27494146861136,3.51441831638416,0,1,-1.53870626688208,1,0
1113,0.718807264648402,0.909605033285414,1,0,-0.400545423981617,0,0
1114,0.210943274432793,1.1762675152578,2,1,0.633933907095972,1,1
1115,0.184572235681117,0.257535685474674,0,0,-0.218340477890509,0,0
1116,1.27265263535082,6,0,0,-1.67533773308444,0,0
1117,0.398033243545797,2.99831182195834,1,1,0.351465191954241,1,1
1118,0.492197730681996,1.93159006499275,1,1,1.17854236520527,1,1
1119,1.00690273737951,3.76834773872961,1,0,1.56967962175764,0,1
1120,0.0220146411447786,0.10467045160968,2,1,0.313432226273558,1,1
1121,0.725921118256457,1.11277107746773,1,0,0.182657059584255,0,1
1122,0.00384713302023128,0.0458617071699137,1,1,0.370685538258259,1,1
1123,0.875307547341675,1.60789439811685,2,0,1.2126680231519,0,1
1124,0.904817195789531,1.12937166971403,1,0,0.627219731609562,0,1
1125,0.0844718696316704,0.307378071845248,2,1,1.51553877995937,1,1
1126,0.116757881997104,0.404686105127136,0,0,1.23381017937055,0,1
1127,0.210325837833807,0.476072581694726,1,1,0.782058694781794,1,1
1128,0.303147782571614,1.27112738371467,2,1,-0.104533516830765,1,0
1129,0.958974099432692,1.27840054268761,1,1,2.19994656852919,1,1
1130,1.89194208747687,2.02411485446327,1,1,-0.848110243455244,1,0
1131,0.847502266056836,1.45447309212652,1,1,-1.48041223071776,1,0
1132,1.93593816078248,4.26092495210469,0,0,-0.00200288416717571,0,0
1133,0.403286599612329,0.798261328203686,2,1,0.479630626111124,1,1
1134,0.0552337596309371,0.95727410567288,2,1,0.0481332142172475,1,1
1135,2.63694022373216,3.60672397328274,1,0,-0.238441254917523,0,0
1136,0.0473867142572999,0.197652655804747,1,1,-1.31475514903382,1,0
1137,0.134074125835527,0.69698728135618,2,0,1.29079326005093,0,1
1138,0.464708300307393,0.467955128780407,1,1,-0.169532621021064,1,0
1139,0.151913732115645,0.830896418069638,1,1,0.256900790708554,1,1
1140,0.155193333712299,0.565309023250175,0,1,-1.35289757943243,1,0
1141,0.211732157603904,0.691135071536304,2,0,0.667257007402747,0,1
1142,0.264679927786347,0.565009115444919,2,0,2.23986181239531,0,1
1143,0.758766498416662,1.12387835197506,1,1,-0.593029067713185,1,0
1144,0.161336156888865,1.53799437344525,2,0,1.02523039521828,0,1
1145,0.0374620671385907,0.154366451111847,1,0,0.175503845263202,0,1
1146,0.543166444959872,1.32511898733292,1,1,0.432531471977981,1,1
1147,0.731377809980706,0.996062344585808,2,0,0.941852703702837,0,1
1148,1.3614704599604,3.70575189256172,2,1,-0.47473260303164,1,0
1149,0.401827195474159,0.562882938616889,1,1,-0.0308791378677919,1,0
1150,0.133802913696673,0.267288672427336,0,0,1.35552761650949,0,1
1151,0.00854382320540026,0.864489329779526,1,0,0.764852867155465,0,1
1152,0.0271509831293223,0.93202703594148,1,0,1.10837609443181,0,1
1153,1.26385401561856,3.04042972599004,1,0,-0.771743454209831,0,0
1154,0.268222365702968,0.532076981927638,1,1,1.17294001554541,1,1
1155,0.305901140382048,0.520608608300487,0,0,0.349534291285931,0,1
1156,0.144178943883162,1.53050187523012,1,0,0.773825705630444,0,1
1157,0.439337058897883,0.589815279295753,2,0,0.1698478205866,0,1
1158,0.21076319266098,5.04684610169747,2,0,-0.801545786388642,0,0
1159,0.240572590814529,1.63741036583345,2,1,0.640311388774882,1,1
1160,0.482055890960931,1.34390336799453,1,1,1.25352101304768,1,1
1161,0.496578883930015,0.58854024210777,1,0,-0.331948878968893,0,0
1162,0.000633787421975285,0.591385435913304,1,0,1.2865710181052,0,1
1163,0.373050909256563,0.722904517239697,1,1,0.226171673015783,1,1
1164,0.00167813969315151,0.0105276275353708,1,0,-0.591638113607617,0,0
1165,0.82184642739594,6,0,0,-0.81625147403786,0,0
1166,0.762640871107578,1.12512135634873,1,1,-0.408339565601668,1,0
1167,0.0418917644798351,0.0431089997851105,1,0,-1.23901137830235,0,0
1168,0.14860981743431,0.196416724532054,1,1,1.69767085111116,1,1
1169,0.175044701752918,0.457238128470185,0,0,-0.18147075455591,0,0
1170,0.277054941420737,0.940379340953605,1,1,0.833263066903803,1,1
1171,0.098163965845969,0.205541919172859,1,1,-0.351864306030834,1,0
1172,0.237406062078662,0.789939225944926,1,1,1.25988029989187,1,1
1173,0.220192108303308,0.445863591944738,1,0,-0.689930876905476,0,0
1174,0.0753914271627828,3.50602565954129,0,1,0.344253612547447,1,1
1175,0.0153779314132407,0.923538832746797,1,0,0.105464463068068,0,1
1176,0.598457766950391,1.1331206895749,1,1,1.10695237079334,1,1
1177,0.476750100962818,0.503777835328415,1,0,-0.668151234990363,0,0
1178,0.162181068735663,0.353244438524533,1,1,0.390246784177007,1,1
1179,0.308861524972599,1.65216613783801,1,1,0.498326634660588,1,1
1180,1.29733983520418,2.4598257767436,2,0,-0.461690919931549,0,0
1181,0.167656775409816,0.994835460447482,1,0,0.149068808577461,0,1
1182,0.500083863735199,1.60508978473211,2,0,-0.601650167985392,0,0
1183,0.059716216726607,1.15635678900708,2,0,0.305523998000402,0,1
1184,0.278488243639003,2.13207797457774,0,0,0.501800014071004,0,1
1185,0.39979471731931,2.37338502580921,0,1,-0.507980527667256,1,0
1186,0.00588418756073776,0.394301498661049,1,1,0.166162069027845,1,1
1187,1.50742290650068,3.19099085744606,2,0,0.909352561630754,0,1
1188,0.182843524031341,0.276865710220833,1,1,-1.25032067617207,1,0
1189,1.45668430150996,2.85821319284188,2,0,0.628386026000396,0,1
1190,1.85623918143571,3.96591162740314,2,1,0.338962501494625,1,1
1191,2.59453258841279,2.85257812905771,0,0,-1.11016373941285,0,0
1192,0.027732131711673,0.168827227734404,2,1,1.53049488508475,1,1
1193,0.0289032267512221,0.988618990883925,1,1,0.0539694785263114,1,1
1194,0.347998000797816,0.692986641967687,2,1,1.11104311895228,1,1
1195,0.578713224941686,1.51988537636583,2,1,0.180052198426439,1,1
1196,0.454455030150712,1.38876531073685,1,1,-0.00856516433552909,1,0
1197,0.193443694442976,0.289821167673382,2,0,0.807114885939852,0,1
1198,0.0757749089971185,0.396151984519323,1,1,-1.70585876353336,1,0
1199,0.378611962369177,0.716001087117533,1,0,0.837010184429702,0,1
1200,0.161168909551431,3.61737070278996,2,0,-0.00832513663562192,0,0
1201,1.33987590080632,1.98761439445843,1,1,1.36040506806048,1,1
1202,0.0728839269140735,0.115526611674806,1,1,0.0581468409536188,1,1
1203,0.580513155992895,1.27482764440136,1,1,0.891747722392557,1,1
1204,0.0709088689176272,1.18651966582105,2,1,0.375875293764449,1,1
1205,0.316386117599905,2.868323456496,0,0,-0.619984253632738,0,0
1206,0.623942044719087,0.7121228130356,1,1,0.736269884035321,1,1
1207,2.30018167258767,2.48670519204969,1,0,-1.00289416969575,0,0
1208,0.232040333503392,0.675309604711508,1,1,0.570851418722261,1,1
1209,0.0134238064461264,3.3146869381203,2,0,-0.416455509744634,0,0
1210,0.855016178075977,1.39775482479613,2,0,1.76296561920763,0,1
1211,0.660940991921172,1.19939611701142,1,0,0.681656700362017,0,1
1212,0.140318320463073,0.415170046483116,1,1,1.20807843860971,1,1
1213,1.13232681807131,1.76860640070809,1,1,-0.27239117766852,1,0
1214,0.462808301672339,1.0122232015301,2,0,-0.586419341024347,0,0
1215,0.400003109825775,0.66254287109712,1,1,0.119841434965887,1,1
1216,0.0217090512160212,0.707901078431236,2,1,0.0412932026888755,1,1
1217,0.0939923600526527,1.48617150808778,2,1,0.773301614197757,1,1
1218,0.586989537088022,1.49968268213011,2,0,0.121526751148374,0,1
1219,0.0847569561219796,1.52494112392852,1,0,-0.345646756129661,0,0
1220,0.982209543697536,2.52232282501093,1,1,-0.771666581323515,1,0
1221,0.171442835626306,1.55520717782196,1,1,-1.47378560219727,1,0
1222,0.105675837350251,0.134706409159898,1,0,0.768038472662736,0,1
1223,0.0885364981368184,0.532851138888241,2,0,-0.239887948785813,0,0
1224,0.390213198843412,1.39560845513951,1,1,0.139187218520647,1,1
1225,0.0125293881865218,1.98050082350771,0,0,0.335448455460845,0,1
1226,1.85466973880039,2.31628102195097,2,0,-0.303407684991287,0,0
1227,0.0440845992456757,1.33060796146869,2,1,0.390774967858254,1,1
1228,1.03380311158822,2.32166523792252,2,1,0.569525085180097,1,1
1229,0.198411398659955,1.91369462217676,0,0,0.0417629754022197,0,1
1230,0.310208855663072,0.432783391250546,1,1,-0.534437280254196,1,0
1231,0.175125746463891,0.759981867525833,1,0,0.326095600515892,0,1
1232,0.0739070847470466,1.17266618428165,1,0,-0.671865299195159,0,0
1233,0.0367606803774834,1.94829147140483,1,0,-0.254635043466103,0,0
1234,1.51464664951472,1.8588213841065,1,1,0.0490504429585311,1,1
1235,0.0415104469692286,0.322812482674474,2,1,0.222228439360903,1,1
1236,1.16342699382791,1.64560381413421,1,0,0.351184330718531,0,1
1237,0.0506146335974336,2.69695202739548,1,1,-0.35608972956032,1,0
1238,0.0105522802914493,0.217454620263014,2,0,0.486264766314821,0,1
1239,0.190411413204856,2.31930823550003,1,0,0.570407468322812,0,1
1240,0.15033568488434,0.385736826534217,2,1,1.35760046605254,1,1
1241,0.319256759830751,1.58074001826082,1,1,0.0220317137979973,1,1
1242,1.04878026404755,1.4360209737631,1,1,1.04439765864214,1,1
1243,0.379289803677239,0.749924554137186,2,1,0.927200098006531,1,1
1244,0.312716065964196,0.795046408026869,2,0,2.54468236591055,0,1
1245,0.254627665854059,0.86242086367003,2,1,0.868583029797634,1,1
1246,0.50189590401037,0.865498785378039,1,0,0.342066815457306,0,1
1247,0.20741438344489,0.218130464853343,2,1,1.87363641751699,1,1
1248,0.380925280973315,2.59619723637443,2,0,-0.263548912423947,0,0
1249,1.12537333959058,3.35588736459613,0,0,0.225945694143755,0,1
1250,0.522867923110545,0.549404398279449,0,0,1.012614161414,0,1
1251,0.0648111675400287,0.538633773343753,2,1,1.35416540431179,1,1
1252,0.269058753218577,3.91047294939492,2,1,0.108608266754388,1,1
1253,0.407164484262466,3.65172606272002,0,0,-0.159547734684593,0,0
1254,0.121888288449758,0.438568236888359,1,1,0.204312406161083,1,1
1255,0.276315123542124,0.373968326027179,1,0,-2.29891832330205,0,0
1256,0.463759701724741,0.555349762251681,2,1,1.31004219139038,1,1
1257,0.554709328545079,0.808474687721108,1,0,0.0446530228255826,0,1
1258,0.287203088228125,0.437057020117033,1,1,0.491311417038431,1,1
1259,0.186831158450233,0.823066395748242,2,1,1.57717821008349,1,1
1260,0.548524765297771,1.30023211420034,1,0,-0.490481032348361,0,0
1261,0.0924764110823162,0.252526197073228,1,0,1.01216630331835,0,1
1262,0.602160668323569,0.77258837776645,2,0,1.83662543924516,0,1
1263,0.212664620194118,0.397886770183315,2,1,0.590271637088411,1,1
1264,0.243984691798687,1.17153512793344,1,0,-1.78195908650935,0,0
1265,0.478002854743492,1.43429423939161,2,0,0.0986072634505866,0,1
1266,0.107419284060597,0.13530223360493,1,1,-2.28981078978194,1,0
1267,0.310185706766788,1.08030006071491,1,0,1.56654551859105,0,1
1268,0.0847559714460584,1.76340229528053,1,0,0.651344097173721,0,1
1269,0.426812977530062,0.576733601286104,2,0,1.18993058640173,0,1
1270,1.34659925103188,1.71276884008028,1,1,-1.7042091749817,1,0
1271,0.217539914010558,1.94468084943058,1,1,0.391487226045932,1,1
1272,0.0556826274259947,0.849484289009323,1,1,0.569160245019438,1,1
1273,0.26738374162806,0.531398671196789,1,0,-1.61007823419851,0,0
1274,0.408206646330655,1.07421937528557,0,0,-0.849485558556051,0,0
1275,0.659629685661577,2.51407723226549,1,0,1.30841864798227,0,1
1276,0.0883617793830335,2.13943487132799,2,1,0.462786116364415,1,1
1277,1.09543552156538,3.0897315090747,0,0,-1.00473951361583,0,0
1278,1.08862287178636,2.01359359857937,0,0,-1.04439004063348,0,0
1279,0.857054574854493,1.11946818516606,2,0,0.453659232816375,0,1
1280,0.119239326241752,1.23581982017159,1,1,0.129952139878818,1,1
1281,0.970377627174519,1.05599344938894,1,1,-0.722749757089028,1,0
1282,0.704219394220792,1.38671970325354,1,0,0.343524806744958,0,1
1283,0.0600635042037223,2.73857808577036,2,0,-1.13529459702281,0,0
1284,0.149617785275284,3.79361205697914,1,1,0.413223730824262,1,1
1285,0.29531388822943,0.594407424556211,2,1,-0.686478808645223,1,0
1286,0.419522632728331,2.31445066009959,0,1,0.443793147881733,1,1
1287,0.325209182628896,0.698807904089179,2,1,1.57236486219199,1,1
1288,0.594492338768447,1.11474666494228,2,1,0.364841930166841,1,1
1289,0.18619469658006,2.49036095702756,1,1,0.680300889493837,1,1
1290,0.262239533654612,0.616908436948886,2,1,1.85668853733784,1,1
1291,0.954333463398382,1.96196043775497,2,0,0.523921715752421,0,1
1292,0.612921616385512,1.15115481728277,1,1,0.207352796704997,1,1
1293,0.0263240334448447,0.0307026268921666,1,1,-0.168391732969671,1,0
1294,0.0836129029630683,1.59866982088144,1,1,0.462863274846187,1,1
1295,0.0111864687642083,0.633019387383577,2,0,2.12210636955397,0,1
1296,1.14702901507203,1.28938231559723,1,0,1.04638665898541,0,1
1297,1.10980894165867,2.56416604821123,1,0,0.325731895810652,0,1
1298,0.624420432986468,0.877850664711046,2,0,1.38223413074839,0,1
1299,0.197993229424535,0.415851606408295,1,1,0.819353184696246,1,1
1300,0.59466793278505,0.69440527685662,0,0,0.24899851487737,0,1
1301,0.817020419053733,0.926798336518296,1,1,-0.0979250946576736,1,0
1302,0.466112392093288,0.494673530012302,1,1,0.216125899484388,1,1
1303,0.219112010963727,1.09305453192414,2,0,2.48692708257465,0,1
1304,0.00928970705717802,0.468921974061574,1,1,-0.203911321569805,1,0
1305,0.526728306896985,0.565452614800869,1,0,-1.23893891903776,0,0
1306,0.36937345135466,4.26773410054256,1,0,-0.0623918595007652,0,0
1307,0.539751647040248,1.32048571942099,1,1,-2.1630684229007,1,0
1308,1.07405738066882,2.71447291117829,1,1,-0.268468195910488,1,0
1309,0.574894825668827,3.23491235114411,2,0,0.702476738135125,0,1
1310,0.819397867863819,1.89850969905307,2,0,0.21701505757201,0,1
1311,0.332279789145105,2.34378333100499,2,0,0.218846938263335,0,1
1312,0.321425751317292,2.23486504343075,0,0,0.640264994058811,0,1
1313,1.11945058574118,1.12077726663592,0,1,1.07732953686905,1,1
1314,0.325385720306276,0.566809386456837,2,0,0.156936306790779,0,1
1315,0.126732466309504,2.03594935189504,2,1,0.17566327075561,1,1
1316,0.107135959260631,0.413862751615599,1,1,0.357757258840142,1,1
1317,0.150338175317018,0.968607153949513,2,0,-0.343200720363258,0,0
1318,0.200031163215621,0.537257775805298,1,0,0.749168898439894,0,1
1319,0.598639516948544,1.03037510611778,1,1,0.0617817805559329,1,1
1320,0.470844215305588,0.912630086330201,1,0,0.679858963144799,0,1
1321,0.0222933990880847,1.12727870643102,2,1,1.69366111804197,1,1
1322,0.134158384171315,0.295304048594489,1,1,0.448988297009625,1,1
1323,0.136648712214082,3.70050017215889,2,0,0.797826938743722,0,1
1324,1.60833730238064,2.51486937867828,2,0,1.17462759166474,0,1
1325,0.670179156586528,0.760176257639013,1,1,-0.0293795002728265,1,0
1326,0.0778988781406945,0.142190568850857,2,1,0.186711813288665,1,1
1327,0.0281539876013994,0.493444176977898,1,0,-0.710892425536807,0,0
1328,0.0652813873603009,0.833459970800591,1,1,0.726791204397785,1,1
1329,0.0806003864272498,0.4532029877751,2,1,0.892116451070754,1,1
1330,0.551841303706169,3.52597461082041,0,0,-1.82067348224807,0,0
1331,0.125300766376313,0.420293934705329,1,1,0.121284572729939,1,1
1332,0.588999156840146,3.52100075120617,2,0,-0.947457089231836,0,0
1333,0.309451117645949,0.387922540120521,2,1,0.0978164527395018,1,1
1334,0.508205742858779,1.94386141685148,0,1,1.0476615540493,1,1
1335,0.0691635848488659,0.0828981767019631,2,1,1.25162194343633,1,1
1336,0.574412622346364,3.05246965948749,2,0,0.274498628640889,0,1
1337,0.616035304820918,0.903244715572496,2,0,1.39857679917144,0,1
1338,0.346223789983983,0.916180109912896,2,1,0.295259187704219,1,1
1339,0.0502881885040551,0.269143550326239,1,0,0.158574804440631,0,1
1340,0.0476557365618646,0.697121392800353,1,0,0.442779427520516,0,1
1341,0.591691101409316,1.87957992940581,0,1,1.08882500801531,1,1
1342,0.000342143699526787,0.656932169015341,1,1,-0.274422654932993,1,0
1343,0.0310304760932922,0.0898010562789053,1,0,-1.5638734666594,0,0
1344,0.599488951323732,2.69480975081743,1,1,-1.12157784054967,1,0
1345,0.0693801091983914,4.57609560157908,2,0,-0.210203918494539,0,0
1346,0.0591123211833602,1.84244002836446,0,0,-1.708881588935,0,0
1347,0.0474910764023662,1.19217560626566,0,1,-0.473049172995519,1,0
1348,1.63559625103118,1.87951993203988,2,1,-0.964604630022069,1,0
1349,1.4214158746505,5.731401874257,0,1,-1.33037163317034,1,0
1350,0.0492330154520459,0.111222566749959,0,1,0.502258221260935,1,1
1351,0.0478360994020477,0.206457699211371,2,0,2.6284043904267,0,1
1352,0.364519359397435,0.971705420012739,1,1,-0.137019459877858,1,0
1353,0.40501402458176,1.8773990481584,2,1,0.0896344442911726,1,1
1354,0.484015327556011,0.716478740796447,0,0,0.155428298600219,0,1
1355,0.339909171452746,0.992378474881951,2,0,1.29132364739515,0,1
1356,2.18568521599972,4.27439627594024,2,0,-0.202086604987883,0,0
1357,0.187518374295905,0.19272859780304,2,1,0.205242440198684,1,1
1358,1.74606605983319,1.83740403720484,1,0,-1.54231210967311,0,0
1359,0.567729643054128,3.24536351430522,1,1,0.602944389127573,1,1
1360,0.899268500506878,3.71616726720007,0,0,-0.00683901555575729,0,0
1361,0.211514782276936,0.61638366120557,0,0,0.137968181042357,0,1
1362,0.484322680160403,0.954058959920746,1,0,-0.438433336781106,0,0
1363,0.472200041183369,1.05816124988973,1,0,0.519246856126609,0,1
1364,0.243403420317918,1.0445883753607,2,0,0.937545767089519,0,1
1365,0.535335451364517,0.607875404384312,1,0,-1.49411087042569,0,0
1366,0.114420160433423,1.57592705445852,1,0,-1.45247287975991,0,0
1367,0.000603716471232474,1.39059985789655,1,1,0.431044110182108,1,1
1368,0.0300651119323447,0.760337158872309,1,1,0.357285631191725,1,1
1369,0.0992387408748056,0.633790023490443,1,0,0.246012593572365,0,1
1370,1.29600484017283,2.53125888916353,0,0,-1.84842531863534,0,0
1371,0.238272499037279,0.377538818608691,1,0,0.383098167418179,0,1
1372,0.194027667865157,0.984236764356133,2,1,-0.250871118805335,1,0
1373,0.942427222564459,1.16137551014111,1,0,0.34754122957704,0,1
1374,0.49582290460524,1.3001971827499,0,1,1.2934382604618,1,1
1375,0.301818083098624,0.728593391606735,0,0,0.204758609003087,0,1
1376,0.524887163747855,0.980785971188167,2,1,0.541965687411718,1,1
1377,0.249638637527823,0.839186745156098,1,1,-0.822702458508549,1,0
1378,0.0200489908456802,3.15555282868445,0,0,-1.30030737440607,0,0
1379,0.152559538833994,0.857213498078166,1,1,0.60738891300914,1,1
1380,0.758756069673047,0.75945505548059,1,0,1.01013120660715,0,1
1381,0.0650793581951679,1.08662614551146,1,0,0.398992678589187,0,1
1382,0.634984042236403,1.98263502058884,0,0,0.0908406242192367,0,1
1383,1.934846220454,2.06656724028684,1,1,-0.40933610265673,1,0
1384,0.00639398116618395,0.71594077562334,1,0,0.852552661441384,0,1
1385,0.2358220439055,0.748127608151164,2,1,1.09837698119406,1,1
1386,0.153634889748256,1.08214194530139,1,0,-0.0146716403951273,0,0
1387,1.70825359287246,3.06111381963595,1,1,0.81847363568412,1,1
1388,0.996614938531964,1.71062305818653,2,1,0.465094373152595,1,1
1389,0.136157910673256,2.00529606700084,2,0,0.682062748383715,0,1
1390,0.0808023157878779,0.725168097303745,2,1,0.944088843283997,1,1
1391,0.826286131606259,2.57683348705488,1,1,0.492775967798605,1,1
1392,0.0947382670795589,0.156824130800291,2,1,0.419268423549084,1,1
1393,0.252295391928439,0.698332754836804,1,0,-0.63710477444553,0,0
1394,0.131803404074162,0.204670938601018,2,0,0.24939066801248,0,1
1395,0.533471366480745,0.907085476218811,1,1,0.871094674959166,1,1
1396,0.255456229788251,0.705019887525449,2,0,1.50388069476318,0,1
1397,1.64436056019281,3.03796441040231,1,0,-1.29927441829795,0,0
1398,0.568628713224278,1.40527941715812,0,1,-0.327283241645473,1,0
1399,0.388267460803036,0.951082963000982,2,0,1.00481332362494,0,1
1400,0.21414180216757,1.46138179540756,2,0,0.617555477184934,0,1
1401,0.488809148393976,0.530549323076311,1,0,-0.526992378371277,0,0
1402,0.32600072119385,1.53322642651289,2,1,-0.452320780118864,1,0
1403,0.224309207614743,1.76621374984582,0,0,-1.33521567534522,0,0
1404,0.411917760036886,0.842889246774666,1,1,-0.318915419773302,1,0
1405,0.338581977412105,0.441497848145233,0,1,1.33660176534274,1,1
1406,0.627930114252314,0.951384141181005,2,0,0.38679321399049,0,1
1407,0.105645745643415,2.2062520649156,1,0,0.774621658846623,0,1
1408,0.505317663629284,2.15643202067301,1,1,0.325655608919358,1,1
1409,0.145092443563044,1.05730752123511,1,1,-0.418236404139703,1,0
1410,0.530765712002114,0.569135520842538,2,0,0.85758469824282,0,1
1411,0.504214543607337,0.60330950866531,1,0,-1.86230978922284,0,0
1412,0.011330513516441,0.704507620054491,1,1,1.28711201860206,1,1
1413,0.165983045473695,0.385809411777645,1,1,-0.3469763871571,1,0
1414,0.368835671106353,0.803347346980169,2,0,0.377140739904963,0,1
1415,0.0512394671958656,1.1753302211553,1,0,0.659863850830506,0,1
1416,0.459804469111197,1.02214529815081,2,0,1.25368250745411,0,1
1417,0.424288684502244,1.68689606215518,1,1,-0.330337892948218,1,0
1418,0.187792672368232,0.307139221263421,1,1,0.740093830029431,1,1
1419,0.124114218239681,1.41188117493583,1,1,-1.28130925519074,1,0
1420,0.0126736850861922,2.02415345085394,2,0,-0.0782953735555277,0,0
1421,1.39577235150348,1.80632265639476,0,1,0.0449433164119284,1,1
1422,1.30549328510223,1.68671489764623,2,1,0.110286868353398,1,1
1423,0.197023115454319,0.616460020723059,2,1,1.10536846649924,1,1
1424,0.245948767624304,1.12800177526298,2,1,0.973420237990685,1,1
1425,0.265422716911417,0.292267741427095,2,0,0.199896437436916,0,1
1426,0.456899170763791,2.81282636442768,2,0,-1.09700379217241,0,0
1427,0.336903721035924,0.93138537261899,1,0,1.94617085158645,0,1
1428,0.0575167778074879,0.513032904390518,0,0,0.331218145845804,0,1
1429,0.0123180270265572,1.48364776619579,1,1,-0.716161149989667,1,0
1430,0.0187747576273978,0.239200179743237,2,1,0.0421628382597478,1,1
1431,0.441192900735706,5.60297822407133,2,1,0.51121787866861,1,1
1432,0.0518348567134726,1.09012712794195,2,0,0.0965782077915424,0,1
1433,0.459620535813093,1.38247181245496,1,1,0.464634975077839,1,1
1434,0.13995862158481,0.961865642148444,2,1,0.293430902565377,1,1
1435,0.291344656794505,0.412772288545966,0,1,-0.771922039942434,1,0
1436,1.09416924603283,1.27067443605419,1,0,-1.57569404850111,0,0
1437,0.910360259509104,1.36368625797331,0,0,1.4695138053846,0,1
1438,0.684139830383294,1.12143783462139,1,0,0.137782959242294,0,1
1439,0.431950545753352,0.633093342401586,2,1,2.3455942659882,1,1
1440,1.55870677241373,1.8887067937052,1,0,0.709930187917108,0,1
1441,0.0013790584882183,1.3687237064027,1,0,0.825501166997779,0,1
1442,0.283780446043238,1.20174516242641,1,1,1.21948304892477,1,1
1443,0.981637779570759,2.70851215347648,0,1,0.762927861052695,1,1
1444,0.00613006559433416,0.823214637380792,2,1,1.9100509793987,1,1
1445,0.160031798672421,3.12580352739979,2,1,-0.114474356742943,1,0
1446,0.707934640205287,0.76260040151512,1,0,0.102289123257961,0,1
1447,0.044901009532623,1.81463710342844,0,0,0.414691615515822,0,1
1448,0.0210741109913215,0.722473160587416,1,1,0.234995628238507,1,1
1449,0.994267219159395,3.8474037511012,2,0,0.0770148843650242,0,1
1450,0.325678366236389,4.70218153807677,2,0,-1.81433391334074,0,0
1451,0.0607370104989968,0.789757809014653,0,1,0.131745504143502,1,1
1452,0.0295989352800438,0.48642186447978,0,0,-0.168446516108421,0,0
1453,0.0618314142210593,0.212392057010001,1,0,0.983762930713292,0,1
1454,2.46907130348495,3.85491440383097,0,0,-1.99534435657498,0,0
1455,0.0746281154101268,1.96573119712267,1,1,2.27254876961485,1,1
1456,0.0948905406403355,0.549599226951078,2,1,1.42891538895636,1,1
1457,1.60127904840319,2.14655902692822,1,0,0.303815653774223,0,1
1458,0.878080937493235,1.72272413381576,1,1,0.139466466973735,1,1
1459,0.308151956705842,0.521379055244624,1,0,0.015968279335882,0,1
1460,1.02068164700019,1.06168715337514,1,0,0.785854129270971,0,1
1461,0.486975255487456,1.42390802157402,1,1,0.496601597502225,1,1
1462,0.268492972446577,0.994737732893874,1,1,-0.521043363710705,1,0
1463,0.0738277792697772,2.796755086367,1,1,0.0675848563925349,1,1
1464,0.134580004275231,0.21907506429819,2,1,0.102549795399675,1,1
1465,0.0282217235307272,0.0595110889298506,2,1,1.91246318044414,1,1
1466,0.128346763085574,0.790840068987549,1,0,0.16112603669991,0,1
1467,0.165574111742899,1.66865281816874,1,1,2.37627117335245,1,1
1468,1.68403989654851,1.85447549451092,0,0,1.06907950799521,0,1
1469,0.189111673633147,0.750033008576842,2,0,-0.537323780079522,0,0
1470,0.143412806210108,0.548161802303562,1,1,1.38057679550643,1,1
1471,0.613249599002302,0.978853131333987,0,1,-0.0157920505431479,1,0
1472,1.68791261056599,2.2640532720834,0,1,-1.32774416454274,1,0
1473,1.25100701954216,5.95240969477079,2,0,-0.916114939734529,0,0
1474,0.145869751286227,0.432179750848878,1,1,1.46474823461972,1,1
1475,0.101830666782614,1.33149054941513,2,0,1.21322625993521,0,1
1476,0.183334979228675,1.17847129813753,2,1,-0.378565281214958,1,0
1477,0.149289633667775,0.554490758838294,1,0,-1.4589885554424,0,0
1478,0.844823128543794,1.4972535148263,0,0,-1.17675714434746,0,0
1479,1.55623299992623,3.07153965475477,1,0,-0.332996431154894,0,0
1480,0.118606419302523,0.133273521162618,0,1,-0.59085881432233,1,0
1481,0.498244971941978,2.90700185785041,2,0,0.0645599893621153,0,1
1482,0.684290018954136,0.885408681088943,1,0,0.0997083662679615,0,1
1483,1.28112704371439,1.92656467910971,1,1,0.317696883675213,1,1
1484,0.772162787616253,0.976155459259947,0,0,-0.64679339561844,0,0
1485,0.195853964251,1.62005523927323,1,1,1.3710456507415,1,1
1486,0.205696209333837,6,0,0,-0.562304752438712,0,0
1487,0.0270022884108994,1.70774478702202,1,1,0.265521701167299,1,1
1488,0.292098123580217,5.33016446149251,2,1,-0.365271622751342,1,0
1489,0.0261675311184555,0.642267034078638,0,0,1.17802139952299,0,1
1490,0.0700655288201996,0.488806255053029,1,1,0.723819341102193,1,1
1491,0.276784042552096,0.4396389781219,2,1,-0.577788264159745,1,0
1492,0.340708515432198,1.13405119067133,1,1,0.112067533894289,1,1
1493,0.0280218679108657,0.791515253274496,1,0,0.0842742632870654,0,1
1494,0.146135482005775,1.97982636635161,2,1,-0.751448280118567,1,0
1495,0.166726381576154,1.14968911957345,2,0,0.51320005954963,0,1
1496,0.30998548078753,1.36770452088598,1,0,-1.32044442659139,0,0
1497,0.921645469963551,0.927519029975601,0,0,-0.18725496496197,0,0
1498,0.224159370176494,0.78886224160868,1,0,-1.10375426337711,0,0
1499,0.341193241998553,1.55472101858506,2,0,-1.10233619442135,0,0
1500,1.09006456972897,3.87774969770754,1,0,0.171319302057073,0,1
1501,0.439463309644595,4.15380452196186,1,1,0.194975442171812,1,1
1502,0.58943968895223,1.82039049960823,2,0,0.379625708959476,0,1
1503,0.173396214842796,1.9813131720933,1,1,-0.715938319001813,1,0
1504,1.17413192050868,1.35264658580682,1,1,0.4008580285367,1,1
1505,0.360508300258875,1.36103633222597,1,0,0.239190088681676,0,1
1506,2.03197510345819,5.43114044477404,2,1,-1.49791389636922,1,0
1507,0.318802285182755,0.636695102398547,1,1,1.20153517922063,1,1
1508,0.243121893436182,1.06999861677359,1,0,0.729421527222917,0,1
1509,0.141008302452974,0.167606364211639,2,1,1.48815216684443,1,1
1510,0.700385289624621,1.24623099292244,2,0,-0.361530790971357,0,0
1511,0.440632938754466,0.744464800020191,2,0,0.647697224514914,0,1
1512,0.074805234099887,0.944059384930954,1,1,-0.53220181234591,1,0
1513,0.374278969247825,0.759192209561709,1,1,1.20910480366282,1,1
1514,0.0777899543558399,0.473912954529291,2,0,1.24226726657829,0,1
1515,0.00527968484675512,0.0188782721724585,2,0,1.65746571168252,0,1
1516,1.36949774064124,3.22311795937518,0,0,-0.178013163839377,0,0
1517,0.776089236579657,1.03062280453742,0,0,0.0818631970017519,0,1
1518,0.224357540110876,0.779615380294942,2,0,-0.438930506550953,0,0
1519,0.234279247233644,1.89425686690981,2,0,0.798991193591929,0,1
1520,0.0104146692319773,0.0418204790322972,2,1,0.676630380966008,1,1
1521,0.811245606280863,0.972362403743725,0,0,-0.876992871061794,0,0
1522,0.23462550521582,0.248327805306051,2,0,1.95132660194677,0,1
1523,0.279523285571486,0.650406306910593,1,0,1.53348324434584,0,1
1524,0.381293724058196,0.797120053580708,2,0,1.59824143027425,0,1
1525,0.898146854713559,1.41559440154719,1,0,-1.37444053446005,0,0
1526,0.32335248804884,1.18000458744537,2,0,1.26588653368218,0,1
1527,0.442492036937557,0.783146323436489,0,1,0.80362923943437,1,1
1528,0.231636567623354,0.345308407469303,2,0,0.277541020479086,0,1
1529,0.895546539634109,1.23974282234948,2,0,0.242971198275506,0,1
1530,0.0720885131158866,0.351927090810145,0,1,0.988740387391589,1,1
1531,0.0700930980383419,1.92011016110579,0,0,1.01001363138968,0,1
1532,0.128706068499014,0.157221049718357,1,1,0.678454603668294,1,1
1533,0.317805396334734,2.60005255709932,2,0,0.196394449081696,0,1
1534,0.989706288091838,1.54579710208548,1,1,-0.884205580505747,1,0
1535,0.875395914703522,3.07923572412562,2,1,0.142478604215843,1,1
1536,0.154268021558443,0.683573745051202,2,0,1.48778401797582,0,1
1537,0.164073194609955,0.819953844147077,2,1,0.332684740748057,1,1
1538,0.255197446385864,0.72996085506382,1,1,0.563224057245379,1,1
1539,0.155959092080593,0.259592732411123,1,1,-0.0431245106092929,1,0
1540,1.42870704153417,1.98400130391187,1,1,-0.300833464718049,1,0
1541,0.38484954779602,0.770124448799946,0,0,-0.267319586742843,0,0
1542,0.636529119775452,1.02992343347277,2,1,1.59396455643149,1,1
1543,0.482525513250327,0.974008513581816,1,0,1.48522069587843,0,1
1544,0.774490908344098,0.894613793908907,2,1,1.65051231304694,1,1
1545,2.21083993428297,3.04391716314045,2,0,0.77723541999235,0,1
1546,0.0671526600097569,0.560498419967608,2,1,1.25389208138648,1,1
1547,0.368001622555312,1.41498190982753,1,1,1.18096330767469,1,1
1548,0.174978047143668,0.442041633277623,1,0,0.766575420741148,0,1
1549,0.0195990371867083,0.413943595954471,2,0,0.319587524066286,0,1
1550,0.0333001177272473,0.347884371708339,2,1,0.792969228996066,1,1
1551,0.34849515708629,2.40184396119316,0,0,0.455697214843757,0,1
1552,0.92626862339449,2.366639332542,1,0,-0.189113166299946,0,0
1553,0.0714822315187139,0.256837324148433,1,1,-0.848506702421397,1,0
1554,0.370794182643294,1.43809021244674,1,0,-1.844871611708,0,0
1555,0.236130350269377,0.33790595480622,1,0,-0.344504911386684,0,0
1556,0.0524849511566572,1.46424650224294,2,0,0.619597652702095,0,1
1557,0.642751395982916,1.01859096515878,2,1,-1.0353668631997,1,0
1558,0.472289241089076,0.802366926322717,1,1,0.59977721603909,1,1
1559,0.582217109389603,0.880373271102907,0,1,-0.118622202684304,1,0
1560,0.0132467993547189,0.380777976817673,0,0,-0.415490373842674,0,0
1561,0.482731881758019,0.890856546886001,1,1,2.75449184970808,1,1
1562,0.199038025923073,0.567930546265356,1,1,-0.529820730581352,1,0
1563,0.330270729027689,0.675847365779359,1,0,1.187318113119,0,1
1564,2.22283227733316,4.36526867077079,2,0,-0.122331051190539,0,0
1565,0.644591369756319,1.13868726537704,1,0,0.391848226620263,0,1
1566,0.8285704376176,1.98600824674482,1,1,-0.735904988980281,1,0
1567,0.589302900196464,0.663743491475443,1,1,-0.57272747823499,1,0
1568,1.16372977849096,4.1511004220903,2,0,-0.463146389547536,0,0
1569,0.034862665925175,1.98324405898651,0,0,0.624980082342055,0,1
1570,0.802918284290292,1.10500408111834,1,1,0.355068232979908,1,1
1571,0.862098687135665,1.05710905355712,0,1,-0.00297811744751762,1,0
1572,0.539872321300209,0.716334683745009,1,1,-0.185511301432305,1,0
1573,0.0799508964831043,0.475956771490339,1,1,0.0946996467507512,1,1
1574,1.50256308484199,2.31122097348896,2,1,1.8285005769387,1,1
1575,0.115727961994708,0.472255999115955,1,0,-0.693086550921992,0,0
1576,0.372679719584994,0.995165228186386,0,1,0.512744920357313,1,1
1577,0.0613962733768858,1.14717622305643,0,0,0.261508201232274,0,1
1578,0.0505568264052272,2.05220851420569,1,1,-0.248627577756356,1,0
1579,0.215338278561831,3.18951107714558,0,0,-0.696474964081989,0,0
1580,0.014495740820797,0.105390002922716,2,1,0.914048722318232,1,1
1581,1.17611684016289,1.77924499810698,1,1,0.788267210032949,1,1
1582,0.313073519875711,0.319355899829266,2,1,1.02779245396045,1,1
1583,0.608610406517982,0.688698785688994,2,0,-0.559514920532408,0,0
1584,0.108368993387558,1.49481376398115,2,1,0.776829509091966,1,1
1585,0.172603498212993,1.57645207791887,1,1,-0.400722540766787,1,0
1586,0.0241062465017577,0.806352805547782,2,0,1.83789635561143,0,1
1587,0.300213885446373,0.587141334514387,2,1,-1.02421729076616,1,0
1588,0.756816181326714,1.519871354405,1,0,0.804563631396293,0,1
1589,0.120333561061877,0.395269731058388,2,0,-1.59970286317246,0,0
1590,0.0966933014706374,0.308766067185822,0,0,0.0562551115770964,0,1
1591,0.568576168126248,1.91539175595821,2,0,0.0713803255905058,0,1
1592,0.768316576696754,1.09935517269448,2,1,0.266111322172457,1,1
1593,0.0735831344500184,0.152224191813211,1,0,-0.997397303336069,0,0
1594,0.108551784999594,1.24996255439383,1,1,0.447895867117027,1,1
1595,0.250847902498208,0.431885073044043,1,1,0.0347151711975839,1,1
1596,0.0384403778988808,1.03530880289409,1,0,0.531553275852804,0,1
1597,0.0691764105015186,0.11664442841633,1,1,0.283882549221286,1,1
1598,0.0608360143073739,0.625709697371015,1,0,0.775754322133668,0,1
1599,1.93442797652426,3.01986519880174,2,0,-1.50213747649785,0,0
1600,0.0389654864557087,1.09684242013458,0,0,0.191411180265203,0,1
1601,0.137069122782741,1.01742708043246,1,1,-0.552792677589291,1,0
1602,0.47131012365856,0.47417466138927,2,0,1.76067663791152,0,1
1603,0.0939509004552838,1.41093387268484,0,0,0.0774005826571284,0,1
1604,0.206333921814803,1.60209101026652,2,1,0.31463518837862,1,1
1605,0.000627366243861616,0.341249217981665,2,0,0.815540227060965,0,1
1606,1.27154916897416,2.43433458911292,2,1,-0.0868411834118045,1,0
1607,0.377025105990469,0.540269242242899,2,0,-0.473760967170705,0,0
1608,0.630138666352739,0.957633907599295,0,0,-1.00858612027697,0,0
1609,0.172910848341417,1.09417254261053,2,0,0.686842127024737,0,1
1610,0.313967744295951,0.659173296751822,2,1,0.99117485773106,1,1
1611,0.189160939189605,0.247922197041952,1,0,0.0084628048031115,0,1
1612,0.386131316284713,1.02964957653521,1,1,-1.96240420400339,1,0
1613,0.469265314467794,0.517321150693319,2,0,0.0369516091249925,0,1
1614,0.70375637776132,1.69210955074111,0,1,1.68845412307902,1,1
1615,0.196527079679072,0.424981124595243,1,1,-1.87865243451124,1,0
1616,0.695195554748119,3.83678819284237,2,0,1.01237959333035,0,1
1617,0.177001226693392,0.259853189357079,2,0,2.09327865665998,0,1
1618,0.035067553690169,1.76404982480446,2,1,0.691321481222898,1,1
1619,0.609212165430214,0.84551869292284,1,0,-1.13757964293487,0,0
1620,0.111581403358772,1.09998314479867,2,0,-0.356831434651797,0,0
1621,0.243413491698448,0.394633383414466,2,1,0.0681472298755799,1,1
1622,2.00903121373596,5.63893738485185,0,0,-0.49728376123409,0,0
1623,0.0697074384530827,0.125056404244702,1,1,-0.820046189823602,1,0
1624,1.5641328319067,2.01903844033446,2,1,-1.01762694717789,1,0
1625,0.00915609649382532,1.60893301479518,0,0,0.468622688582903,0,1
1626,0.102147185895882,0.709236129204449,1,1,0.0769887747983425,1,1
1627,2.47930135942044,4.78302222123297,2,0,-0.0681486874237616,0,0
1628,0.0500049552031353,0.188566973741576,2,0,1.28926369548566,0,1
1629,0.162071977742016,1.53458599398123,1,1,-0.463676093377236,1,0
1630,0.237120897509158,0.556981543606137,2,1,-0.0950909999393488,1,0
1631,0.41053809429286,0.673147443280691,1,0,0.899351547837486,0,1
1632,0.0884172876249067,0.736514354880208,0,0,0.652050909563729,0,1
1633,0.319669160235208,1.75541203550548,0,0,0.298737947130384,0,1
1634,0.185715341049329,0.750831842035399,1,1,1.61844133875462,1,1
1635,1.05048929568717,3.81422707814567,2,0,0.424255478965489,0,1
1636,0.06554234190844,0.117399199920003,2,1,0.0104582469552087,1,1
1637,0.137047667817865,1.0205726177378,1,1,-0.755845486255949,1,0
1638,4.62428533890326,6,0,0,-0.416324285617224,0,0
1639,0.169553058804013,0.403880212296123,2,0,2.04199402425786,0,1
1640,0.55322070137766,1.67299084331917,1,1,1.48852406993621,1,1
1641,1.19210389163345,1.62687537757218,1,1,-0.461783586048592,1,0
1642,0.14816311839968,3.05023004250069,1,0,-0.24709130856461,0,0
1643,0.245242865679348,1.59400220029056,0,1,-0.911729991651745,1,0
1644,0.255232046358287,5.7490625415922,0,0,-1.99036145946319,0,0
1645,0.666803010592369,3.24003300462681,1,0,0.424284996420571,0,1
1646,0.0802695445588735,1.07742614626918,1,0,-1.42082269440159,0,0
1647,2.26343478812816,4.67177342824594,2,0,-0.194723723707978,0,0
1648,0.112303581394938,1.53614447512615,2,1,-1.22339176989959,1,0
1649,0.00620915088802576,1.34099362321208,1,1,1.0832593696147,1,1
1650,0.22344389144564,1.32146537924806,0,0,0.505941288808167,0,1
1651,0.0994197864201851,0.391987636685371,0,0,0.583189758999148,0,1
1652,0.254735162016004,0.549590146088644,2,1,0.159025426160051,1,1
1653,0.142236106621567,0.307794180001213,1,1,0.0809399497765742,1,1
1654,0.0196535932663821,2.39137613312118,1,0,1.01748237085615,0,1
1655,0.912567797116935,1.77624618945022,0,1,-0.449041338268572,1,0
1656,0.00159450893988833,0.251522496868028,1,1,0.569944843926338,1,1
1657,0.580401657472186,0.770426663131112,1,0,0.175446958796542,0,1
1658,0.630154778456137,3.13959140640994,0,0,0.387169189037509,0,1
1659,0.0829219652223401,0.0850493709246318,0,0,1.66437878893405,0,1
1660,3.34766524640803,4.23121612335041,2,0,-0.932427988386989,0,0
1661,0.481319005601108,2.22317157734325,2,0,-1.08707916592356,0,0
1662,0.935207808317022,2.21147262678838,0,0,-0.0701534511304965,0,0
1663,0.107157829281158,0.317123124686038,1,0,0.0939109485798546,0,1
1664,0.115783092273779,2.25314971370002,0,0,1.73013012305187,0,1
1665,0.154564614898797,1.00395305761656,1,0,-0.912786370561134,0,0
1666,0.681190000846982,2.14062961244492,1,1,-1.66022165311053,1,0
1667,0.716923053815782,1.4490670747321,1,1,0.829247320330767,1,1
1668,0.0390657404204831,0.433280772978348,1,1,2.40100780421951,1,1
1669,0.284332464449108,0.310313710822124,1,0,-0.261153148370669,0,0
1670,0.948359601199627,1.54354248444675,1,1,-0.719965607207451,1,0
1671,0.0671444906038232,0.434898587377463,2,0,1.11030398106669,0,1
1672,0.0150409931666218,0.894314532007346,2,0,0.14277077161617,0,1
1673,0.0607365174801089,0.476631156419999,2,1,1.49349072851326,1,1
1674,0.364898629990099,1.80184280322858,2,0,0.960892876599325,0,1
1675,1.39774166864795,1.52390810222384,2,0,0.894153878898562,0,1
1676,0.33094295172559,0.87271051364383,1,1,0.284071317377532,1,1
1677,0.205334306448311,0.690393425735548,1,1,0.160398862651778,1,1
1678,0.0395176160964184,2.23559946423663,1,1,0.041538986956958,1,1
1679,0.0685919311753662,1.30402195966562,1,0,1.13193386175896,0,1
1680,0.0654013378005039,0.48744209151963,1,0,0.483894204156285,0,1
1681,0.154502354496533,0.364298529733765,2,1,0.406706560169553,1,1
1682,0.600645745263256,1.29500680006371,1,0,0.803171713648149,0,1
1683,0.270362819227605,0.38955143013066,2,0,-0.117586387561697,0,0
1684,0.083059445314575,1.10211793825819,1,0,0.306597092263911,0,1
1685,0.688548708644172,2.81775764022879,2,0,1.88046527023869,0,1
1686,0.246709334664047,1.32084123307692,2,1,-0.894706314987283,1,0
1687,0.0582385846064426,2.43177141591342,1,0,1.49286780046972,0,1
1688,0.799018886871636,2.20039721639913,2,0,-0.702055829456639,0,0
1689,1.0026946738625,1.00839228645231,1,1,0.22204043028715,1,1
1690,0.0901251556351781,0.0922311734000852,1,1,-1.59429400796987,1,0
1691,0.0989371209288947,0.891295023436798,0,1,0.188878510555893,1,1
1692,0.00781900598667562,0.790030742064118,0,1,0.601574471735333,1,1
1693,1.28643816616386,2.93213514494008,1,0,-0.965163137787828,0,0
1694,0.113057503476739,0.977764552198305,2,0,-0.101125649260789,0,0
1695,0.571407385358482,2.41436361447399,2,1,-0.0775260028950361,1,0
1696,0.371008943184279,0.641910413390603,0,0,0.292536579415349,0,1
1697,0.62598777815868,1.19103161657952,2,1,0.799958500533402,1,1
1698,0.102648763917387,1.14088989173373,0,0,-1.11267450863311,0,0
1699,0.0684318103752726,0.173774641232866,2,0,-0.301605045100184,0,0
1700,1.01944099972058,1.37339793370401,2,0,-0.184308622720585,0,0
1701,0.13297570069092,0.836736479153236,0,1,-0.335253162419004,1,0
1702,0.121185867598756,1.03037483775247,1,1,0.56365375139039,1,1
1703,0.13282731151636,0.342171994011431,1,1,-1.049823518688,1,0
1704,0.120325345546007,3.66436149294293,1,0,-0.97706641673865,0,0
1705,1.82461037290025,2.63567484027651,1,0,0.317649819054168,0,1
1706,0.34854022692889,0.821537963985826,1,0,-0.60105722449974,0,0
1707,0.728428436061519,1.18259227216921,2,0,-0.33616561590054,0,0
1708,0.0334443524479866,0.119620436207608,1,1,-0.367805027358629,1,0
1709,0.207991914823651,0.229150123886729,1,0,-0.1731152520174,0,0
1710,0.0201452214969322,0.839170868010537,2,0,1.08498674761073,0,1
1711,0.257954759786154,0.933795905099062,1,0,0.213697497805182,0,1
1712,1.33625339809805,2.0921064193528,1,1,-0.624515452774984,1,0
1713,0.381987954938697,2.33386532312936,2,0,-1.23092598492825,0,0
1714,0.412128227762878,0.543546707474303,1,1,0.805409389404589,1,1
1715,0.105905962409452,1.4976179806108,2,0,0.646876497805367,0,1
1716,1.15799356065691,1.18441887233513,1,1,-1.40256717582228,1,0
1717,0.634667124806718,1.48874133527948,1,1,-1.24523123235094,1,0
1718,0.148967606946826,0.540298489586659,1,1,-0.615039009923893,1,0
1719,0.0402741269500403,1.53071513958891,1,0,0.42403880125286,0,1
1720,0.215240523219109,0.324328538669774,1,1,-0.459223945802794,1,0
1721,0.265362601494417,2.65608052492645,2,0,0.274931723962242,0,1
1722,0.152732978752241,0.621935033406692,2,0,0.0364474237909685,0,1
1723,0.432871348457411,1.88839233951321,1,0,0.450137244129299,0,1
1724,0.868322745442212,1.42838311291799,1,1,0.731414641250754,1,1
1725,0.244665196165442,2.32553718644534,1,0,-1.36163868204918,0,0
1726,0.131821327007281,2.87414174185083,2,1,-0.576579142185886,1,0
1727,0.611506535179734,2.28439126576102,2,0,1.30302319801086,0,1
1728,2.07498046571412,2.90741478738572,2,0,-0.491213382755579,0,0
1729,0.763977419158369,0.950169361456957,1,1,-1.27482254178952,1,0
1730,0.392806089948863,0.801104710624603,2,1,1.76476885845215,1,1
1731,0.0989396226941608,0.445406907615112,2,1,0.938718925355504,1,1
1732,0.0437163992319256,0.187013460249669,2,1,1.69136183051625,1,1
1733,0.0626568201081506,0.944984128257807,2,1,0.21099810923323,1,1
1734,0.221506615635008,0.479690906867257,1,1,0.208420855923249,1,1
1735,1.83500688046891,2.54879806539526,0,0,1.17336475884982,0,1
1736,0.211154499847908,0.792441015795355,2,0,0.495542965239927,0,1
1737,0.17352292860009,2.77547305623507,2,1,0.968433920041866,1,1
1738,0.910262713733094,1.25709296396939,1,1,1.06790983353817,1,1
1739,2.45449575028362,3.90382868237793,0,1,-0.77250142578716,1,0
1740,0.239388271149264,0.281965046834474,0,1,0.689855441343487,1,1
1741,0.556176199577749,0.591365272475757,2,0,-1.24261557222227,0,0
1742,0.285902596369851,0.733030257493974,2,0,0.0584085263406808,0,1
1743,0.228737975703552,0.4621595920374,0,1,0.852794619847492,1,1
1744,0.986486596468479,2.08041972834982,2,1,0.386954582865871,1,1
1745,0.329345012697009,5.1433292542278,2,0,-0.29900535055068,0,0
1746,0.0927633754909039,0.495654493140587,2,0,-0.00198388278316817,0,0
1747,0.522421090498364,1.04670300763375,1,0,0.64536705710956,0,1
1748,0.237279326247517,0.347338163339434,1,0,0.122751563516245,0,1
1749,0.0730782804762777,1.16196840256521,2,0,0.618839150110615,0,1
1750,0.37428274936974,1.38407229254397,1,1,-0.207477054200213,1,0
1751,0.0338108813182707,1.45919226389313,2,1,0.969012621912204,1,1
1752,0.117574529431295,1.10686124081017,2,1,0.29393071994084,1,1
1753,0.00588648312259465,0.630975424801034,1,1,1.73079988287148,1,1
1754,0.238198767970489,0.381554124635912,1,1,-2.80681910891663,1,0
1755,0.364741767407395,1.05312901335042,1,1,0.00491950713156047,1,1
1756,0.126525019004475,0.161059252257753,2,1,1.3958398023578,1,1
1757,0.415679346187972,0.55283616947293,0,1,0.261756739523441,1,1
1758,1.42631059504094,3.86691395096979,2,1,-0.33132507461058,1,0
1759,0.238321167416871,0.753530751108566,1,0,-0.485485186693115,0,0
1760,0.186721044592559,1.567553204687,2,1,-1.05220792104499,1,0
1761,0.0247187691705922,1.7404825074619,1,1,-0.360546321750824,1,0
1762,0.342136605759151,0.852695054153501,2,0,0.204971856992988,0,1
1763,0.475502313903354,1.83453839612117,2,1,0.433359318504648,1,1
1764,0.727863220355295,2.2516062662025,2,1,0.228421807257477,1,1
1765,0.31862289266428,2.20348782188203,2,0,0.774236645876613,0,1
1766,0.739885995254673,1.9750595279038,0,1,0.732423195291484,1,1
1767,0.190898269414902,0.540929226158194,1,1,-1.69406240774817,1,0
1768,0.783355267718434,2.18878766446074,2,0,-0.177172160810789,0,0
1769,0.373509745113552,2.27736453884884,1,1,-0.302736186069467,1,0
1770,0.362807567871641,0.923210016650397,0,0,0.24540528652417,0,1
1771,0.591983642429113,1.60685863454747,2,0,-0.167114428061317,0,0
1772,0.0847367683390504,0.254769144359234,1,1,0.481657243728993,1,1
1773,0.0998295255703852,0.425986592896144,2,1,0.0765319897502841,1,1
1774,0.386885566113051,0.775732583790609,2,0,0.486777000662385,0,1
1775,0.251933069957886,1.97432194215556,0,1,2.25136892818498,1,1
1776,0.416548654611688,1.77589908626896,0,0,0.244162866557283,0,1
1777,0.332381231710315,0.429656673808817,2,0,-0.19347756023509,0,0
1778,0.261466350406408,0.939648052919257,1,0,-0.356907920857319,0,0
1779,0.377963810460642,2.39785617838303,0,0,0.4097476017483,0,1
1780,1.0958744212985,1.69423130787375,2,1,-0.30947936156184,1,0
1781,0.544522475820651,1.03598769952913,1,1,0.00696089079768184,1,1
1782,0.222828787751496,1.1153576851381,1,0,-0.741999981632783,0,0
1783,0.00170578685356304,0.899065763830975,1,1,0.317686607438429,1,1
1784,0.171904487651773,0.740099956965757,0,0,0.165731188370413,0,1
1785,0.0127155752852559,1.1426179167729,2,1,-0.02357088093584,1,0
1786,0.25377251224427,0.721915124562851,1,1,-0.52081735942774,1,0
1787,0.126554979011416,0.312938970002254,1,1,-0.0483640220723109,1,0
1788,0.155879997731238,0.845165306933729,2,1,0.821744864114989,1,1
1789,0.151257808320224,1.09979704207971,2,0,0.388600074451115,0,1
1790,0.451552342721718,1.3567205778647,1,0,0.252924257717295,0,1
1791,0.704405856641762,1.03052917465392,1,0,1.16255118502404,0,1
1792,0.306547561485786,1.07007810624492,2,1,0.380341698177025,1,1
1793,0.0330977444432295,0.919661765535454,1,0,0.871365087620122,0,1
1794,0.157145718403626,0.911045230273861,0,0,0.653762563922996,0,1
1795,0.0503368227509782,0.564786625664617,1,0,0.330090825150914,0,1
1796,0.514813049658276,1.29224874369525,2,0,-0.697023346785912,0,0
1797,0.854737358723588,2.49083634923058,2,0,2.31044987506766,0,1
1798,0.748607540786488,1.34306140552848,2,0,-0.756407942935194,0,0
1799,0.648606115748461,1.20899317922112,1,1,0.503486564377856,1,1
1800,0.595657609403133,1.16222518964626,0,0,-1.18927736744466,0,0
1801,0.223488842137158,0.345890871584094,1,1,-2.24693651414428,1,0
1802,0.024733536303598,2.93796955549384,2,1,-0.775054581970162,1,0
1803,2.80640594969562,4.66252065546123,0,0,-1.54732968253109,0,0
1804,0.20016481862371,0.979544129186307,2,0,-0.399845794715019,0,0
1805,0.43089036422316,1.19315595897969,1,1,0.27389097728209,1,1
1806,1.15964760072529,1.61971275440475,2,1,-0.263053520760708,1,0
1807,0.646907938618034,3.05619398131967,0,0,0.146690269210089,0,1
1808,0.261826605536044,2.05743114474761,1,0,-1.43090576103374,0,0
1809,0.326239211334999,6,0,0,-1.52127496107924,0,0
1810,2.39859250365737,5.02182766767152,0,0,-1.05709478316922,0,0
1811,0.127980233170092,0.897615435075726,1,0,-1.53087351407191,0,0
1812,0.314814030425623,1.26758080127423,1,0,0.277552097920866,0,1
1813,0.30262908549048,1.13093449500957,2,1,0.898857152231072,1,1
1814,0.202720338478684,0.837388196810822,1,0,-1.1120417534403,0,0
1815,0.12131325842347,3.14162998851064,1,1,1.15367266492258,1,1
1816,0.0546071783728657,0.496162234127947,2,1,0.031888456802005,1,1
1817,1.29174899886699,1.38521914580708,1,0,0.032009425050428,0,1
1818,0.167725978169693,0.3918967577366,1,1,-0.411121513297468,1,0
1819,0.359589431318454,1.22290030963217,2,1,1.39990376861788,1,1
1820,0.819392652335608,0.875794782366185,2,1,-0.339659043166045,1,0
1821,0.0984510942459867,1.87642611859314,2,0,0.601755633935555,0,1
1822,0.0440167498891242,3.02126614793642,1,1,0.0977038749805765,1,1
1823,0.706388502799848,0.810781563325707,1,1,-0.169092144797533,1,0
1824,0.588562394233242,0.628538308484549,2,0,0.725062535533356,0,1
1825,2.58767854786458,2.83420980907977,0,1,-0.221132431909412,1,0
1826,0.706716460175812,1.14391104745906,1,1,-1.1037645785833,1,0
1827,1.03719924454914,1.39758760262196,2,0,0.568285874888481,0,1
1828,0.132428887300193,2.13320779363303,2,1,-1.05732163919667,1,0
1829,0.430422015197109,0.881643509967686,1,1,0.673918517899218,1,1
1830,0.503774056211114,1.12103422482808,0,1,-0.471746728661022,1,0
1831,0.771385122762814,3.21696704874436,0,0,0.179543428061406,0,1
1832,0.13602020603231,1.38785203676108,2,0,0.982873506628226,0,1
1833,0.959610204953094,1.65932363740216,1,1,-1.62229039272666,1,0
1834,0.176303505431861,1.07207611452197,2,0,1.34056417975933,0,1
1835,0.0959244232155471,0.701563140868877,0,1,0.366181214721487,1,1
1836,0.364077756239567,1.14826788759087,2,0,0.251118599646475,0,1
1837,0.244904845021665,0.372134743623676,1,0,-0.48255157807178,0,0
1838,0.76896730541142,2.31537927873433,0,0,-1.6414737922185,0,0
1839,0.169900879263878,0.829719527030485,1,1,-1.33414582082199,1,0
1840,0.196670574950986,0.429807029960207,1,1,0.639794802802369,1,1
1841,0.108642630274941,0.245671869299068,2,1,-0.825935309763818,1,0
1842,1.15555170923471,4.92083242135056,0,0,-0.26744228827276,0,0
1843,0.754252261118325,1.1540277628133,1,0,0.151868307591206,0,1
1844,1.30955054331571,2.01036825268025,2,1,-0.284970563775794,1,0
1845,0.20160564127271,0.902436319042386,2,0,1.64221305370089,0,1
1846,0.632922172546387,0.750555242803246,1,0,-1.46461428495247,0,0
1847,0.112727827508934,1.33052862680454,1,1,0.372670642021076,1,1
1848,0.77912684623152,1.01409760506516,1,0,-1.74596391475087,0,0
1849,0.140009359152565,1.01495005600752,1,1,0.524944762672035,1,1
1850,0.101212408398225,0.306039650301129,0,0,-0.0228821877248934,0,0
1851,0.465137923830511,2.05185376418134,0,0,0.275277330119846,0,1
1852,0.822549927048385,0.845078507271486,1,1,-0.79962456851062,1,0
1853,0.235296074242797,1.10451662883362,2,0,0.18817270763652,0,1
1854,0.650633947891472,0.910407242513248,1,0,0.515958994637377,0,1
1855,0.0887361098926503,2.82527641810221,2,0,-0.196524915640748,0,0
1856,0.274196971440688,2.28016441867092,2,0,0.594336974746695,0,1
1857,0.0514936447143555,0.768654481618933,2,0,-1.6882022798274,0,0
1858,0.0519882029038854,0.487760213767507,2,0,0.539073264633075,0,1
1859,0.0300852372867963,2.55148557560159,2,0,1.14146823160927,0,1
1860,1.06310476892965,2.24972020185628,2,0,0.05680383377654,0,1
1861,0.254320334352087,2.1953450398794,1,0,0.170604625489346,0,1
1862,0.0582548617967404,1.19622185104826,1,1,0.230083627147413,1,1
1863,0.222495442193344,0.356096395888394,2,0,1.06165196431203,0,1
1864,0.0467840289441145,0.317554192952656,2,0,1.48163376058608,0,1
1865,0.280634392984211,1.44365755239392,2,1,-1.72129414802383,1,0
1866,0.336596272885799,1.28104461182549,2,1,-0.264750536991199,1,0
1867,0.129429542284925,0.990022926549873,1,1,1.0226782907499,1,1
1868,0.590901765972376,2.80087991111972,1,1,-0.141115198692797,1,0
1869,1.61883913306335,2.52205778476551,2,1,-0.295258684965844,1,0
1870,0.530295140335236,1.43122934872085,1,1,0.622589044137727,1,1
1871,0.169423492625356,0.81782912109295,1,1,1.38468072390466,1,1
1872,0.144938876567189,0.622795877111864,1,1,0.861403982113525,1,1
1873,0.669867474326685,4.25156839250383,1,0,1.24991647959108,0,1
1874,0.0314538351441693,0.427545298704957,1,0,-0.216451585826019,0,0
1875,0.590162663508527,2.04529254022271,2,1,2.363461908279,1,1
1876,0.613474892452359,1.09864894819711,1,1,-0.848330438013569,1,0
1877,0.363530849863309,2.05370092993157,1,0,0.0973108918444341,0,1
1878,0.0311856000917032,0.527914698661003,2,0,1.02139639629661,0,1
1879,1.8960536829077,2.72947703826512,1,1,0.305405874949107,1,1
1880,0.893876570549864,1.14894597480694,0,0,0.285721606884258,0,1
1881,1.69414630314703,1.76352140647067,1,0,-0.168586352950792,0,0
1882,0.309496365080122,0.382643746250834,2,1,0.413013407258373,1,1
1883,0.448355262607157,1.03171681281457,2,1,0.370029898602867,1,1
1884,0.974594941310227,2.37699613570855,1,1,0.644695674915423,1,1
1885,0.509274006445713,0.622054311138002,1,0,0.690374297631199,0,1
1886,0.798045096880122,1.98722609521857,0,0,-0.35258733678191,0,0
1887,1.22952601983549,2.2626092597572,1,0,0.223506948754637,0,1
1888,1.21607541916297,1.36241847856082,2,0,0.546667100968832,0,1
1889,0.505304801600806,2.3245603711699,1,1,1.09588349319725,1,1
1890,0.813388287089765,0.927024907276292,1,1,-0.286778271588007,1,0
1891,0.250607477209996,1.46645195923776,2,0,0.632249848050279,0,1
1892,0.075023747204892,2.10236243173094,2,1,0.57617908522924,1,1
1893,0.625467074103653,0.630670283295454,1,1,-0.770889773343645,1,0
1894,0.00434281257685274,0.0606098771090558,2,0,0.5289935345788,0,1
1895,0.312330488814041,1.00944759244307,1,1,0.885385851810294,1,1
1896,0.143371916783508,2.19134333958454,2,1,0.0905506756521546,1,1
1897,0.107702904788312,0.986625519955486,1,0,0.334951318334643,0,1
1898,2.05089447638931,6,0,1,-0.0243140051409468,1,0
1899,0.489534420749925,1.32185346757372,0,1,0.283926950211827,1,1
1900,0.125560989290684,1.29254593039958,1,1,-1.06106067617426,1,0
1901,0.324967905010317,0.326282554506605,1,0,0.329849024439639,0,1
1902,2.54692124566975,3.08409416427215,0,0,-0.407049803402765,0,0
1903,0.406591041537467,1.18926392383949,1,0,1.5366352493938,0,1
1904,0.216577078972477,0.287954913846825,2,0,0.0645564802690365,0,1
1905,0.324819914996624,0.718609203224216,1,1,-1.34359010452874,1,0
1906,1.00281626330094,1.90692761912942,0,0,1.01573339215263,0,1
1907,0.69414496652019,0.807014474801041,2,0,0.516819663008515,0,1
1908,0.914307668168088,2.29701370867518,2,1,-0.303426310557667,1,0
1909,0.163437929295469,0.214649730948509,2,0,1.56308314625833,0,1
1910,0.190063205004983,1.16771213399867,0,0,1.14806064787307,0,1
1911,1.36212170465423,2.16005913341714,2,0,0.480681228889303,0,1
1912,0.0866473438218236,0.9800222844695,1,1,-0.929389777166166,1,0
1913,0.161513138446026,0.706498622049644,2,0,0.957696625182525,0,1
1914,0.303190865961369,0.368888851770258,2,0,0.842730097037018,0,1
1915,0.283148109738249,0.369735102721278,1,0,0.212149623079918,0,1
1916,0.703081478391505,2.48154755931971,1,1,-0.200452150081604,1,0
1917,0.427204285183573,0.737615079068638,1,1,-0.219453150607284,1,0
1918,0.759700063616037,1.16665418500751,1,0,-0.906735799773041,0,0
1919,0.656434457749128,0.709869999781376,1,0,-0.0589177395400833,0,0
1920,1.14872130645304,1.44678020754401,1,1,0.301843500329066,1,1
1921,0.263813133642543,0.404182809736857,1,1,0.578589814343225,1,1
1922,0.853436362929642,1.56369576434031,1,0,-0.451565407037589,0,0
1923,0.242861907480326,0.860400886793992,1,1,-0.706133528977255,1,0
1924,0.650227074511349,2.9364972623686,0,1,-1.35569266763622,1,0
1925,0.297269153026643,2.67186400445018,2,0,-1.07052224101144,0,0
1926,0.208728824218269,3.08028095434783,2,0,1.21053383341726,0,1
1927,0.123079351906199,0.641074379581413,2,0,0.962559688407783,0,1
1928,0.305028279544786,0.392147861546604,1,1,0.933930513601573,1,1
1929,0.590536754178516,6,0,0,-0.107422154388691,0,0
1930,0.0268920179615404,0.0860935839831332,0,0,0.0331771818897613,0,1
1931,0.507704869844019,3.58747894254824,0,0,-0.591290942379373,0,0
1932,0.0172453009872697,2.25985523586438,1,0,0.0303003196779805,0,1
1933,1.90381963032969,3.33602555766022,2,1,-0.60383989662747,1,0
1934,0.265481308102608,0.525377716476555,1,1,-0.450787272341235,1,0
1935,0.209915662420628,2.58519555799586,2,0,0.462145113304405,0,1
1936,2.63251809244453,4.64282216451993,2,0,-2.09604352902699,0,0
1937,0.545477739625432,1.2766293048974,1,0,0.445145300408368,0,1
1938,0.662854723024003,3.46329466870236,1,1,0.301138033283724,1,1
1939,0.911456685227916,4.30743058916193,1,0,1.12463454225914,0,1
1940,0.355998142018289,0.585578940385594,1,0,-1.41214243674346,0,0
1941,0.0822895454710568,0.316018151754441,1,0,0.678849203926846,0,1
1942,1.06557851186359,2.94560158096993,1,1,0.872872840920959,1,1
1943,0.099291562102735,0.453477698796302,1,1,-0.283327735200117,1,0
1944,0.00555366499256306,4.71554769760137,2,0,0.256629928772834,0,1
1945,0.534772564390448,1.78673577494919,0,0,1.02950894693291,0,1
1946,1.26878391946071,1.30329980549483,2,0,1.08760342006385,0,1
1947,0.524696448817849,0.57448157832284,0,0,-1.56641115701134,0,0
1948,1.13534639588106,1.17535369889861,1,1,0.52537732597329,1,1
1949,0.837554518133402,1.05309056200161,1,1,-0.0701076913164205,1,0
1950,0.152722772304195,2.4410472461028,1,0,0.564245374185039,0,1
1951,0.252740679785484,0.876216259161643,1,0,0.604021024990956,0,1
1952,0.0628071802282388,0.912829459110134,1,1,0.130858036055044,1,1
1953,1.28966490500012,1.72587354441091,0,0,0.435026516054914,0,1
1954,0.473305373426348,1.37058889438236,1,0,0.510885414393075,0,1
1955,0.10795191116631,0.457627787673467,1,0,-0.431421133276555,0,0
1956,1.35285116452724,3.33276855448882,0,0,-0.995576777102814,0,0
1957,0.131859711371362,4.08163886796153,1,1,-0.760593609899989,1,0
1958,0.369104436928703,1.00609641929556,2,0,1.14873318026769,0,1
1959,0.257719951623585,0.808222011352579,0,1,0.0535797921394531,1,1
1960,0.0816137498647962,0.863768951926903,1,0,0.130994957833266,0,1
1961,0.336003135889769,1.00857902404391,1,1,-0.971743916769851,1,0
1962,0.489149852576941,0.978325395589338,2,1,1.00092424072652,1,1
1963,1.3358955886215,2.30963439576225,2,0,-0.237177699122919,0,0
1964,0.207333092694171,0.763817720198469,2,0,1.23729169398771,0,1
1965,0.733774672396961,1.07566437958322,1,0,-0.0147931091379095,0,0
1966,0.083026104606688,0.957199077923621,1,0,-1.82877890639328,0,0
1967,0.357288875617087,1.83876338083587,2,0,-3.09105964833887,0,0
1968,0.0822365516796708,0.490394518705278,2,0,1.93833267310503,0,1
1969,0.920717164355904,1.05869637963291,1,0,0.546748444543713,0,1
1970,0.0857635047286749,2.8924533786873,0,0,-2.62504020738245,0,0
1971,0.285716093145311,1.11105944097945,2,1,-0.523079433521837,1,0
1972,0.427491277514491,1.73755099102319,1,1,1.21134197269535,1,1
1973,0.493159240766195,0.666658417936967,1,1,1.07508544653553,1,1
1974,0.101477118722637,2.25632361836026,2,0,-0.11516897464149,0,0
1975,0.662306881832712,0.938320128901238,2,1,0.351668781692408,1,1
1976,0.0315256909067524,2.10795792360851,1,1,0.0508742893480666,1,1
1977,0.543044159188867,0.725353987938942,2,0,-1.04533179704608,0,0
1978,0.412545888393652,0.654503821689834,1,0,1.5538386616767,0,1
1979,0.120803900936153,0.281445119665245,2,1,1.11668491435369,1,1
1980,1.19117347285488,1.84364422064046,2,0,1.84873864306962,0,1
1981,0.202443029847927,0.499082743061293,2,0,2.94711068159513,0,1
1982,0.300024155981366,0.822799890597947,2,0,-0.297617387688187,0,0
1983,0.606017203070223,1.06327846238302,1,0,-0.608125432106126,0,0
1984,0.619631340109953,0.650454135395925,2,1,-1.27024470629896,1,0
1985,0.25422687001992,0.672377979000515,1,0,0.472516990859624,0,1
1986,0.199162672215607,2.43948775361485,2,1,0.409411930457176,1,1
1987,0.170376525493339,1.34350788260989,2,1,1.00951184810332,1,1
1988,1.54185697055402,3.85496514228483,0,0,-0.382328865522803,0,0
1989,0.0543409692979076,0.480986302381559,2,1,1.44927384344268,1,1
1990,0.00694570526204875,0.491628389090875,2,0,0.575934783059737,0,1
1991,3.23445670104175,6,0,0,-0.313252654653363,0,0
1992,0.453721683562555,1.6201244890611,2,1,1.53255215496836,1,1
1993,0.0730765294283628,0.562773230877944,1,1,-1.45421064227979,1,0
1994,0.040486456130488,0.0848100063420628,2,1,2.84571409444998,1,1
1995,0.672476768493652,3.20189363658526,2,0,-0.989941225167734,0,0
1996,1.77295077583733,1.90278070302396,1,1,-0.815716554091955,1,0
1997,0.47196336816984,0.620999139962992,1,0,-0.471793767730879,0,0
1998,0.721096090972424,1.36610818945692,2,1,-1.09427887547468,1,0
1999,0.196771966584492,0.295121266196171,0,0,0.333553171214606,0,1
2000,0.0637154531432316,0.811599467162213,2,0,1.8307526064218,0,1
2001,0.523195825952249,0.619661925756981,1,1,0.809015244663875,1,1
2002,0.209344242466614,2.81396186444511,1,1,0.719588880544454,1,1
2003,0.168772249361343,0.697397173692783,0,0,0.72437176710027,0,1
2004,0.55469855488912,1.08993261588409,2,1,0.235745212298426,1,1
2005,0.156469472683966,0.500349655551227,1,0,-1.01838246546361,0,0
2006,0.377062381012365,0.941349689520891,2,1,0.783285195045139,1,1
2007,2.12145713110852,2.77709022725385,2,1,-0.392285507691183,1,0
2008,0.0157603070044025,0.0893685641040064,2,0,0.84506768380722,0,1
2009,0.494082602248627,2.02029443590683,1,0,0.302666114943304,0,1
2010,0.295793536504668,1.11228947337953,2,0,-1.8336093497723,0,0
2011,0.00613169162534177,1.51735596030172,2,1,0.60742059954546,1,1
2012,1.01605605722937,2.65278964924316,0,0,-0.0722492516037239,0,0
2013,0.142356066582526,1.30251137768508,2,0,-1.06388908560227,0,0
2014,0.21047850837931,0.365480813769874,0,0,1.05000065643372,0,1
2015,0.215670971253096,1.92577852749131,2,1,-0.600238990353087,1,0
2016,0.814690623987209,0.950331347156347,2,0,0.635046653953421,0,1
2017,0.34492296896133,0.878752345510149,0,1,0.369597892824591,1,1
2018,0.0256734512996094,0.312479903483091,1,1,0.112853722428769,1,1
2019,1.55252152486684,2.96565104326612,1,0,-0.205876821966242,0,0
2020,0.471436082656528,1.39836242486956,1,0,-0.680787985290721,0,0
2021,0.13599647524376,0.25681428557783,0,0,0.0800469963676113,0,1
2022,1.48476881525459,2.2634833960109,2,0,-1.26727866364511,0,0
2023,0.0809926513466053,1.44171619935255,1,1,1.32830777908824,1,1
2024,0.163734465103361,0.918100376461721,0,0,0.792160788496092,0,1
2025,0.239945866924245,1.70427623929359,2,0,1.56492237456591,0,1
2026,0.0451069670868974,1.5186130983344,2,0,-0.966330897339584,0,0
2027,0.636579098619342,2.08072508813265,1,1,1.42017664894816,1,1
2028,0.522785686371626,1.54718359500328,1,1,0.993856294861339,1,1
2029,1.30441459733993,1.41906805429529,1,0,-1.09107097810104,0,0
2030,0.617296008167182,2.11144921099922,1,0,0.199962895167991,0,1
2031,0.0160117779159918,0.162591315974462,2,1,1.22926874795203,1,1
2032,0.364270588383079,1.12531538565949,1,1,-2.15167035158109,1,0
2033,0.3392027458279,2.24291232414544,0,0,-1.00862082526484,0,0
2034,0.243411100484589,4.57280358417129,2,0,-1.72823448909811,0,0
2035,0.130785524088424,1.6371412556139,2,0,0.377371742841066,0,1
2036,1.40408463418989,2.20527556300962,2,1,0.101075703952901,1,1
2037,0.0603615203827273,0.869585578524796,1,0,-1.47847980653873,0,0
2038,0.810047992246047,2.37891908291755,2,0,0.0764494844087531,0,1
2039,0.482546805843532,0.705306966200481,1,0,0.569833153959644,0,1
2040,0.646339907517478,3.01251764409244,0,0,0.145707673147949,0,1
2041,0.428823201800697,0.48162662928292,2,1,1.38599888667537,1,1
2042,0.0964523098082282,0.679345439518269,2,0,1.36475837771043,0,1
2043,0.0103472933980099,0.593906728723598,1,1,-1.48723056641541,1,0
2044,0.554805009614458,2.57105636584532,2,1,-0.600242870646564,1,0
2045,0.248429613369326,2.2059597633661,2,0,-0.34052761149053,0,0
2046,1.45635355255547,1.89541993976412,0,0,-0.457957535030802,0,0
2047,0.535535986535251,2.21176001112617,1,0,-0.757381564314334,0,0
2048,0.350042288191617,2.82612943565334,0,1,0.261998047637439,1,1
2049,0.215711890719831,0.281518228424238,1,0,-0.138686721162876,0,0
2050,0.0247129583097257,0.166070149796371,1,0,-0.540197862488177,0,0
2051,0.461130171892592,1.14284223346688,1,0,0.560410664246789,0,1
2052,0.141954528729384,1.85805173931156,1,1,1.02666770357128,1,1
2053,0.456758561009798,0.493508793455584,1,1,0.251195410932696,1,1
2054,0.710533027278081,1.42811312265089,2,0,1.13043749164498,0,1
2055,1.363609726111,2.46535482757646,2,1,0.679739139928626,1,1
2056,0.0574390108020059,0.639327040905026,1,0,-0.434628279122616,0,0
2057,0.40811666008085,0.494217253895396,1,1,-0.929639402889466,1,0
2058,0.31545295700198,1.92527896253064,2,0,1.56931339001211,0,1
2059,0.470001836630337,2.26616888595867,2,0,0.0386717872380458,0,1
2060,0.195182314142585,3.43059523426115,1,0,-3.06450154694765,0,0
2061,0.110190113773569,1.06007358680169,0,0,0.204112585206849,0,1
2062,1.78603301561418,3.04950579379996,0,0,-0.671642341424987,0,0
2063,0.328639524505165,0.596167099712446,2,0,1.18647876874791,0,1
2064,0.144363150466233,4.5504638691296,2,0,0.238459490432439,0,1
2065,0.255123175156768,3.90562696159085,2,1,0.0513875160691514,1,1
2066,0.00565497146360584,0.748076801283949,1,0,0.252599354435209,0,1
2067,0.354953975197963,0.859774461691776,2,1,0.822955341020304,1,1
2068,0.108886525558773,1.53446185411045,1,1,0.141707810706533,1,1
2069,0.306199204351287,0.638591817908309,1,0,1.42745873252817,0,1
2070,0.263106454513036,0.435902971724641,2,1,1.91691476139516,1,1
2071,0.362988177803345,1.708552426414,2,0,0.0065289648554009,0,1
2072,0.133063302200753,2.08346432385345,0,0,0.0849015592032831,0,1
2073,0.828717707164407,1.80166326238967,1,0,0.324023568492216,0,1
2074,0.674573453116983,0.738930448646889,2,0,2.0907493772527,0,1
2075,0.198190963146232,0.560718666141232,0,0,-1.73195577690289,0,0
2076,0.770220177920357,3.00070250798982,1,0,0.266721787353289,0,1
2077,0.653649516403675,1.46627654491846,2,0,-0.186783907581076,0,0
2078,0.204990933043357,4.1584694707999,1,1,-2.45627903540498,1,0
2079,0.573097853320855,0.720106180475319,2,0,-0.573130816909122,0,0
2080,0.248053000308573,0.879506105589153,1,1,-0.823890473140996,1,0
2081,0.0436550322920084,0.0813234168815911,1,1,-0.392865132034785,1,0
2082,0.313134021998849,0.779137546289647,2,0,1.16592814245993,0,1
2083,0.797235090093064,0.973351074862352,2,0,0.129270463670637,0,1
2084,0.507773734681208,0.763742555514836,2,1,2.16607706414399,1,1
2085,0.00172389485639391,1.32319301995791,1,1,-0.277086026521357,1,0
2086,0.63745154881524,2.24888941636576,1,1,0.741008925601034,1,1
2087,0.377291605109349,1.29789376442691,2,0,0.967101766193803,0,1
2088,0.68154765527935,2.31736032387583,2,0,0.476241552056512,0,1
2089,1.67787769614699,5.88054337593177,2,0,-1.07782357756149,0,0
2090,0.396883322973736,1.42983583284752,1,1,1.60619786348804,1,1
2091,0.244622039026581,1.67529741718777,2,1,0.859906447856699,1,1
2092,0.195833138971033,0.59631364918528,1,1,-0.561483959636174,1,0
2093,0.46594628598541,1.66338961110083,2,0,-1.19952433949602,0,0
2094,0.51450377735012,0.945668952522312,1,1,0.322061357920759,1,1
2095,0.00963748910154388,0.173888770413188,1,1,0.242942033035218,1,1
2096,0.616785446737714,1.1460715365422,0,1,0.685813989036935,1,1
2097,0.172601463502899,0.284567241564428,1,0,0.610169946139672,0,1
2098,0.740772473483168,0.844835499111806,1,1,0.278182761603894,1,1
2099,0.0117858409066685,0.716432872684412,1,1,1.58180101113925,1,1
2100,0.14421716099605,0.284402441858485,1,1,0.279560020220706,1,1
2101,0.272781677485909,0.298982120458525,1,1,0.198786072346121,1,1
2102,0.726924671255677,0.783080521334604,2,1,-0.512273614454866,1,0
2103,0.261873966082931,1.70354060277802,1,0,-0.71068230761753,0,0
2104,0.355597378511447,1.18284090976584,2,1,2.03320282509669,1,1
2105,1.13205313775688,2.60034234974697,0,1,-0.143756478662767,1,0
2106,0.0687900191405788,0.774898460166144,1,1,0.13464000783531,1,1
2107,1.47294701651244,1.54803551361387,1,1,1.26633026056078,1,1
2108,0.37319466674682,0.82562091159138,2,1,-0.360662276714301,1,0
2109,0.549518485337332,2.9397947806865,0,0,0.279580967196783,0,1
2110,0.305123544530943,1.7853685758461,2,0,1.24401498441944,0,1
2111,1.30610919098784,1.73382838063995,1,1,1.05876887129093,1,1
2112,1.59236454047768,3.19195649642523,0,0,0.750764237022019,0,1
2113,0.0579205463873222,1.2962347920984,0,0,0.273513482914144,0,1
2114,0.394132623041514,0.778917962064346,0,0,2.19650459332408,0,1
2115,0.894658520066753,2.42170975024844,1,0,0.34332747868985,0,1
2116,0.304925607633777,5.87945681147698,2,0,0.0215879041083151,0,1
2117,1.07532001910137,2.20504654569909,1,0,0.987250943996885,0,1
2118,0.245014252432156,2.15082203969359,0,1,0.968184712869173,1,1
2119,1.28328872378916,2.63857008413788,2,0,-0.528358032699615,0,0
2120,0.305982480252363,0.32833304290184,1,0,0.423238214167975,0,1
2121,0.0857030777260661,0.550713667503192,1,0,-1.15917732436564,0,0
2122,0.315410648472607,2.00668272251884,0,0,0.303587081540836,0,1
2123,0.210401210933924,0.393635122999241,2,1,0.674400428424613,1,1
2124,1.57499285592678,3.02794644298653,0,0,-0.818453021035169,0,0
2125,0.0545413175317728,0.238811060734102,1,1,-0.243785557448076,1,0
2126,0.145258638367523,0.508609081739304,1,1,1.55660760729935,1,1
2127,0.0128593659610488,0.0259441913415988,0,0,0.217071678216556,0,1
2128,0.734641257414416,1.08811946896363,2,0,0.635988051608475,0,1
2129,0.169185118575115,0.950648138124347,2,0,2.24617457755184,0,1
2130,0.670543039424166,0.692477362139354,1,0,0.718386385972161,0,1
2131,0.445085960064836,1.0285873725878,2,0,1.01428222255515,0,1
2132,0.0380801534629427,0.37561631676417,1,1,0.775350549305317,1,1
2133,1.85958171633096,6,0,0,-0.642983548535252,0,0
2134,0.960433359257877,5.37009711419953,2,0,-1.65373359632923,0,0
2135,0.260442199185491,2.56582811281709,0,0,-0.572299794583392,0,0
2136,0.0941506752860732,1.93598439657206,2,0,0.528134099881216,0,1
2137,2.93501608389001,3.33879214378705,2,1,-0.712393897285343,1,0
2138,0.859543574598439,0.894997405212233,1,1,0.944036165369247,1,1
2139,1.0240340474993,1.07389293261342,1,1,-0.633016321085808,1,0
2140,1.4805174152458,1.73217651005559,1,1,-0.671000463644176,1,0
2141,0.192711796844378,0.30039833822349,2,1,1.85150066836731,1,1
2142,0.243375246992112,0.428867635328415,1,0,-0.181610561222386,0,0
2143,0.928638183924943,2.03564404902265,2,0,0.291533455732126,0,1
2144,0.30077189905569,1.04848058177455,2,0,0.170961280082865,0,1
2145,0.437864305267314,1.77094831357722,2,1,1.43362078391292,1,1
2146,0.159719897201285,0.210037181985285,1,0,0.253466200935173,0,1
2147,0.00186608513785388,2.08373181122464,2,0,0.734580351540234,0,1
2148,0.371138885651707,2.57747887012859,0,0,-0.780157133669219,0,0
2149,0.0730719917919487,0.77209906439845,2,1,0.487579581600405,1,1
2150,0.704481312073767,1.04902804972716,1,0,-1.47849873681256,0,0
2151,1.16365320327088,1.54003859525517,2,1,1.25321882139997,1,1
2152,0.113727797293183,1.13541291095316,0,0,1.18892527468742,0,1
2153,0.0961133379238168,0.488889256811881,1,0,1.37003723610655,0,1
2154,0.762033947367974,3.88548074170115,2,0,0.104638475383042,0,1
2155,0.0741819859457652,1.14307245361609,2,1,-0.0263768591260151,1,0
2156,0.137364894908387,0.300950676140917,2,1,0.165183027901596,1,1
2157,0.168261479586363,0.848058736382247,1,1,-1.24032401413356,1,0
2158,0.643346434200004,1.17667738316027,1,1,1.42858868378301,1,1
2159,0.665579977445304,0.839400654658675,0,1,-0.535285453593769,1,0
2160,0.26876125898176,2.68416879230452,2,1,0.328631755556611,1,1
2161,0.0581294025327335,1.20909992858577,1,0,0.844542745977435,0,1
2162,0.366801041236613,0.474183899445707,1,1,1.86679720742307,1,1
2163,1.3940378009951,2.56440356994669,0,0,1.15768296673363,0,1
2164,0.0857029166944819,0.336769319962935,2,0,-0.877541058536539,0,0
2165,0.103149163293825,0.67465034513956,2,0,0.8285811952038,0,1
2166,0.0914494730246871,0.698287195011211,2,0,-0.479077874582526,0,0
2167,0.171614077698905,0.429459505102341,1,1,0.165182421970159,1,1
2168,0.308636363770347,4.1580037528918,2,0,0.132126904982965,0,1
2169,0.21095684642205,1.29846206293947,2,0,1.35815772276602,0,1
2170,0.545407978325903,0.95472924590516,2,0,2.01661963708412,0,1
2171,1.00361067801714,2.79732687595081,1,1,-0.652836854706548,1,0
2172,0.24976329645142,3.19223071448505,0,0,0.897447146518291,0,1
2173,0.0124147217138284,0.612910385756927,1,1,-1.24521532194958,1,0
2174,1.71786992057207,4.18742719155874,2,0,-0.183358291752416,0,0
2175,0.603774545714259,4.48963101161655,1,1,-0.141609398215253,1,0
2176,0.145840527839027,0.873009883709393,2,0,0.150816706036856,0,1
2177,0.132998695963211,0.903312599850661,1,1,0.237073399239578,1,1
2178,0.00899126956937835,0.122108903498553,1,1,0.0221445338956313,1,1
2179,0.711980824235271,0.773495125020165,1,0,-0.264071292309295,0,0
2180,1.43098650491777,2.19131564936668,2,0,-1.13203526422093,0,0
2181,0.0451692071343634,0.474105100053333,2,1,0.57402371363846,1,1
2182,0.00999558445145058,0.331528345879019,1,0,-1.87346564591978,0,0
2183,0.0573893530451747,2.92352338942389,0,0,0.534204270089455,0,1
2184,0.170174748950413,0.283315445299338,2,1,1.44029415327234,1,1
2185,0.165783317643218,1.08822836606021,1,1,0.043388089158279,1,1
2186,0.109329047776912,1.01071790763363,1,1,-1.15768464526132,1,0
2187,0.0299766467234873,0.266989016990187,0,1,-0.701450986121654,1,0
2188,0.258678645826876,1.80735747919223,1,1,-0.900069036974452,1,0
2189,1.43609744488242,1.72786828558258,2,0,-0.30919012183957,0,0
2190,0.778607167248874,1.11602222193203,2,0,-0.261054628013181,0,0
2191,0.357806688116398,2.72442905813288,1,1,0.140374839586525,1,1
2192,0.983931358152643,2.41947111888548,1,1,0.0460439625885697,1,1
2193,0.242085747595411,0.389396453931847,1,1,0.551285901117111,1,1
2194,0.0108624825536447,0.0719039300005935,2,0,3.21244383403243,0,1
2195,0.347693027928472,1.77716326565806,2,0,-0.336919483511849,0,0
2196,1.17147842701524,1.44688419794214,1,0,-1.19080531102767,0,0
2197,0.390955383889377,0.911837566454031,1,0,-0.456373753147194,0,0
2198,0.211330593563616,0.448647035390795,1,1,-0.283334087467254,1,0
2199,0.48376614807342,3.40351523243505,2,0,0.38785240741002,0,1
2200,0.232722323271446,0.276526487839186,2,0,0.765558654640666,0,1
2201,0.0907826303821548,2.79555045114228,2,0,0.180803944913003,0,1
2202,0.993224351666868,1.74991288139041,2,0,-1.73174982899512,0,0
2203,0.0708875448972395,1.0018719577541,0,1,0.987786863560218,1,1
2204,1.81394283649254,2.35947773745512,1,1,0.802532216124913,1,1
2205,1.2177754137665,1.28542666037284,1,1,-0.370992056512641,1,0
2206,0.414278652751818,0.7829127585672,2,0,1.24359356944407,0,1
2207,1.19091890286654,1.76030869906147,0,0,-1.43625145016303,0,0
2208,0.744699657053508,0.929755162305267,1,0,0.523064991031964,0,1
2209,0.0844609447997161,0.170461962330741,2,1,1.23333963557958,1,1
2210,0.109748372633476,1.15053603177917,2,0,1.13753107989057,0,1
2211,0.13423977245111,0.825643579786023,0,0,0.39725237674684,0,1
2212,0.0773042493558934,0.266265672214341,2,0,0.294572953218047,0,1
2213,0.526417891999218,0.607667583018738,1,1,0.333602105846905,1,1
2214,0.624714777804911,1.84481761964074,1,0,-1.62068453458132,0,0
2215,0.140363942644331,0.820209275244787,2,0,1.3474892317079,0,1
2216,0.479435173884787,0.832088822361136,1,0,0.58904181321468,0,1
2217,0.592521138351345,1.24195866302833,1,0,0.457269084696976,0,1
2218,0.869167521753147,1.39646572340189,2,0,-0.0816389217217282,0,0
2219,0.318386185914278,0.388887060425156,1,1,-0.432923392813185,1,0
2220,0.730925770584199,1.14243131701787,2,0,0.655276117667301,0,1
2221,0.256567397206409,0.957478294664228,1,1,-0.208529980757985,1,0
2222,0.220665610395372,2.40103840532923,2,0,-0.674989005213092,0,0
2223,1.52859824514928,4.72611609074643,2,1,-0.217546365605771,1,0
2224,0.277424014348071,0.949923410911203,0,1,0.599276526101974,1,1
2225,1.11740229930729,1.31528254965579,2,0,-0.364709447349488,0,0
2226,0.154447988606989,0.336153731898769,1,0,-0.48527336155464,0,0
2227,0.0164303297360038,0.565176266231728,2,0,0.133310217804353,0,1
2228,0.0234494032338262,0.787417907738088,1,0,-0.0481684836733053,0,0
2229,0.00642353622657721,0.0436232269123062,2,0,1.38035911183593,0,1
2230,0.580939980223775,0.698170031986162,1,1,-0.823501487527233,1,0
2231,0.0872740173077145,0.2990213834375,1,0,0.111183848622341,0,1
2232,0.419960949797775,1.39608655132392,2,0,-0.315708994374691,0,0
2233,0.247112835436435,2.59981371531833,2,0,-0.494505079743542,0,0
2234,0.188581823375045,2.18852709251478,1,1,-0.698781008335668,1,0
2235,0.337051087117288,0.583964463043602,1,1,0.118210660796191,1,1
2236,0.379377707431559,0.897153300832369,1,1,0.49694164073268,1,1
2237,0.113202326503844,0.410566960513264,1,1,1.49595073188115,1,1
2238,0.317377305473201,0.6922799935027,1,1,0.210552221429855,1,1
2239,0.118141068669502,1.42845883029891,2,0,0.861201088999319,0,1
2240,0.388330711051822,1.588027766519,1,1,-0.182174176098974,1,0
2241,0.947507460601628,1.70138314649805,1,1,-1.046257471972,1,0
2242,0.0464862436074723,1.38112894763049,2,0,0.868334037731558,0,1
2243,0.0475708823651075,1.81082513041521,2,0,-0.102125053647863,0,0
2244,0.659705015105948,0.987412449243037,2,1,0.673438288207372,1,1
2245,0.176469338747333,0.188420998250308,2,0,0.181261267126884,0,1
2246,0.0363333914428949,2.09968913732833,1,0,-0.351041907854504,0,0
2247,1.42491778467356,2.93830395757516,2,0,0.286083012809571,0,1
2248,0.307540013454854,2.82104330716045,1,1,1.30553135053809,1,1
2249,0.184469819955758,3.84558441013961,1,1,-0.771113323997361,1,0
2250,0.442650766318485,3.26693789922239,2,0,0.340730073862531,0,1
2251,0.253789159178268,1.1918971616352,1,1,0.369021479648057,1,1
2252,0.866317170672119,1.24979883373304,2,0,-1.46844648045451,0,0
2253,0.109897489601281,1.16120195153444,2,0,0.634530598712313,0,1
2254,1.11408288701774,3.52481560574036,2,1,1.22539475141864,1,1
2255,0.0798883708193898,2.68615450061038,1,0,0.0310900879265577,0,1
2256,0.923114842682719,1.33513227847063,2,0,0.0794326247551071,0,1
2257,1.95649979813936,2.40991652360696,1,0,-0.0106569141830368,0,0
2258,0.103315890592057,2.20708782829672,2,0,0.583078344691332,0,1
2259,0.0875979225494861,1.81447034608193,1,1,0.286458204960547,1,1
2260,0.247134835226461,0.384135495495605,2,0,1.0678452758944,0,1
2261,0.520296892474227,1.36576847550491,2,1,1.01856396690559,1,1
2262,0.336919966212008,0.867161564434309,2,1,0.128598728843569,1,1
2263,0.0786584927118383,0.706904931453022,0,0,0.831962034882791,0,1
2264,0.112229920050595,0.382790653645994,2,1,0.793352027208545,1,1
2265,0.302424986846745,2.76412649625327,2,0,-0.912185177369661,0,0
2266,0.18338750815019,3.21882018340153,2,0,0.524215586035906,0,1
2267,0.218207704019733,1.27296200629779,2,0,0.310734276305779,0,1
2268,1.20011542551219,1.45000797777117,1,0,-1.02125075704537,0,0
2269,0.633658159524202,1.47731840816955,1,0,-0.268064676044777,0,0
2270,0.0955414457712322,0.825858768075705,0,1,0.0855228311523397,1,1
2271,1.36241106660209,2.51565346022339,1,1,1.62569715302439,1,1
2272,0.899873988184721,0.907750823992281,1,1,1.01023123987035,1,1
2273,0.0858040836272373,0.286187349158569,1,1,0.363657093691616,1,1
2274,0.186975900323532,2.79407392876844,0,0,0.102713476734051,0,1
2275,0.452834421768785,1.17823236192418,1,0,-1.08065561781456,0,0
2276,0.332306382188108,1.41420976561378,1,0,0.711527189598307,0,1
2277,0.0255295427632518,0.208817638447257,2,1,1.09739411493675,1,1
2278,0.114278042533542,1.06214855123426,1,0,0.280033995201746,0,1
2279,1.17990953144023,2.60777273574142,1,0,0.268504774436745,0,1
2280,0.308607361686313,2.27486490222829,1,0,-0.806937497410741,0,0
2281,0.187566910533762,2.28016224594572,2,0,0.661396409265927,0,1
2282,0.258934847370256,0.442021528000921,2,0,0.724111935382512,0,1
2283,0.153431970536071,0.969560154196044,1,1,-1.30197612477937,1,0
2284,1.29484748002142,1.37303783583888,1,0,-0.847441215756954,0,0
2285,1.02636609178645,1.35528402218698,0,1,-0.0847243960747888,1,0
2286,0.197590249628685,1.19523714386057,2,0,0.225022690506459,0,1
2287,2.31684220201316,2.60315819298196,1,0,-0.298660629488935,0,0
2288,2.31032105058867,2.73408608611808,2,1,-0.941551209959549,1,0
2289,0.364676595490891,1.44324019469735,1,0,2.09390453909849,0,1
2290,0.04608774741464,0.567733700788693,2,1,0.0376150019051492,1,1
2291,0.755947561003268,0.75921748933457,1,0,-0.240654551441699,0,0
2292,0.146288760879543,0.738623123772878,1,1,0.0569242550326542,1,1
2293,0.250664852559566,0.64327395560677,1,0,-0.78325368455672,0,0
2294,0.860466132343627,4.42111784900243,2,1,1.3496323980671,1,1
2295,0.595718537198201,1.63800536805445,2,0,1.52891506968058,0,1
2296,0.274905634112656,0.35313079791077,1,1,-0.143445401051452,1,0
2297,0.140063722501509,1.60888485437837,2,0,0.347695912170962,0,1
2298,0.203882236371837,1.87022661282365,2,0,0.330051868725947,0,1
2299,0.625041989816174,2.41992961274169,2,0,2.16878490914638,0,1
2300,0.0244711531559005,1.4846828255577,1,0,0.609444733502232,0,1
2301,0.0381246220804203,1.2136423556755,0,1,-0.385286338154173,1,0
2302,0.0704225278554858,2.09450692250394,2,0,0.111959903632191,0,1
2303,0.029435264877975,1.09420161219174,2,0,0.00720500801001852,0,1
2304,0.558428314514458,3.86120795322437,0,1,-0.0661036865582216,1,0
2305,0.607360407124272,1.91297721541848,2,0,0.20556899472867,0,1
2306,0.397105629963335,0.967860945740293,1,0,0.999235516101668,0,1
2307,0.515005987475059,1.42127098250175,1,0,-0.628407617836904,0,0
2308,0.809923956377253,2.30113391378538,1,0,0.952683124703725,0,1
2309,0.501727999188006,0.691059051414147,1,1,-0.389148736038204,1,0
2310,0.648082870990038,0.827025439970763,1,1,-0.78716690843342,1,0
2311,0.135724082667883,1.56065859893929,1,1,1.47262411169074,1,1
2312,0.479368958595961,1.09551134428427,2,0,0.0881135336315056,0,1
2313,0.466592278122726,0.699669908217499,2,0,0.842937298753934,0,1
2314,0.410196934826672,1.2737699785296,2,1,0.0692565702419198,1,1
2315,0.306884762539994,1.37176936302846,1,1,0.604981604250707,1,1
2316,1.61531289882688,3.40517382633845,2,0,-0.950546810876957,0,0
2317,0.123268777504563,0.869684219360352,0,0,-0.132366920754865,0,0
2318,0.264853850545367,0.473456864533803,2,1,0.594969962390463,1,1
2319,0.633935547640369,0.772712832258349,2,1,2.19550263935972,1,1
2320,0.119328746572137,3.66195171672096,1,1,-0.247293895469736,1,0
2321,0.280761750414968,0.827758185664423,1,1,-0.761864172458531,1,0
2322,0.268529630467959,0.727753429573464,2,1,0.372540610986886,1,1
2323,0.0749890558926583,1.22068650089204,0,1,0.157778016264846,1,1
2324,0.697009495898903,0.697796795729482,1,1,0.0395257113583446,1,1
2325,0.491623808021478,0.61588972725851,2,1,0.964740136292566,1,1
2326,0.0336189075401869,2.4023212586794,2,0,0.930113370581132,0,1
2327,0.0906616670545191,0.311552868156783,2,0,0.6795144199872,0,1
2328,1.51880105576458,1.95348663255572,0,0,-0.054997955421758,0,0
2329,0.0223238312173635,0.331447109960807,1,1,1.35834839187226,1,1
2330,0.877259367145598,6,0,0,-0.570802671895473,0,0
2331,0.246950795408338,0.677720462374744,1,1,0.478542719749751,1,1
2332,0.0562473418042232,0.489604286849499,0,0,0.520587552632971,0,1
2333,1.11695832107216,4.02864624435703,0,1,-1.08950079164256,1,0
2334,0.560385529883206,0.660390863105252,2,1,-0.743730905269097,1,0
2335,0.297648101008885,1.30139352677455,0,0,-0.566060522729821,0,0
2336,0.6016755959455,1.58982435557997,2,0,1.04449153167581,0,1
2337,0.0146804173709825,0.124937688001842,2,1,0.0443670958971057,1,1
2338,0.157120194344316,1.24785871086047,1,0,0.162938660292222,0,1
2339,0.173117197700776,0.71326768545858,2,1,1.14135467154698,1,1
2340,0.0129112243303098,0.103840399697918,2,1,1.64593443640367,1,1
2341,1.3042752478881,1.76905983610014,1,1,0.91661506471458,1,1
2342,0.261595793928769,0.469879005773833,1,0,0.586123288208484,0,1
2343,0.201059647643131,0.346286740941012,1,1,0.71966091141249,1,1
2344,0.0253061240073293,0.3897497394062,2,0,0.663345733236465,0,1
2345,0.713201047011472,1.21959598382349,2,0,1.36037198212377,0,1
2346,0.958104854164288,1.42032316208676,1,0,1.24644976115669,0,1
2347,0.280442063186499,0.873992125528796,1,1,1.14719600204826,1,1
2348,0.523872622844584,0.822630284816466,2,1,0.275881225103374,1,1
2349,0.100843936379533,0.939490708636264,2,0,0.53631052158442,0,1
2350,0.0634854101391318,0.328562666018388,1,1,1.21848201093132,1,1
2351,0.284979006275535,6,0,0,-0.048920966060089,0,0
2352,0.743435123935342,1.4783817276031,1,1,-1.15704548558378,1,0
2353,0.287165525876682,0.462396507773093,2,1,-0.557249571138118,1,0
2354,0.448797411906495,0.510265227918022,2,0,1.15465636307354,0,1
2355,0.0148116364599701,1.02282149878514,1,1,-0.0237877160604704,1,0
2356,0.829656739925787,1.17976344903807,2,0,0.131890966343911,0,1
2357,0.0370660247281194,0.698852625922731,1,0,-1.00284758458405,0,0
2358,0.706472716062674,0.724406059210499,0,0,0.213392506747311,0,1
2359,0.130148710262543,0.546243532250325,0,1,0.635700988375479,1,1
2360,0.669555191881955,0.982820863163711,2,0,-0.19963862454647,0,0
2361,0.20302108861506,0.587265803235326,2,0,-0.423076474979188,0,0
2362,0.502794338390231,1.15314953409576,1,1,-0.0999881687103756,1,0
2363,0.683916456997395,1.70778428698863,1,1,-0.557160704330181,1,0
2364,1.09073074461715,1.20325214823972,1,1,0.00802051033692371,1,1
2365,0.887131004594266,5.95498768259559,2,0,-1.51315365522019,0,0
2366,0.869913142174482,0.986404207457787,1,0,-0.123865501609433,0,0
2367,0.451754499143427,1.21597769633631,2,0,0.151633522996543,0,1
2368,0.0772587517276406,0.498819371708214,2,1,-1.40760662028248,1,0
2369,0.269868260656949,1.71536119315483,1,0,0.45137720922151,0,1
2370,0.293900807155296,1.67946909960205,2,1,0.804155280400494,1,1
2371,0.207667778246105,0.730333430225695,1,1,-0.8965883119862,1,0
2372,0.333146285556722,1.61646500139146,2,0,0.429116881813505,0,1
2373,0.728055282935322,0.931934795031945,0,1,1.63034939120242,1,1
2374,0.531733145006001,1.24857281487309,1,0,-1.12102356826549,0,0
2375,0.0508983563631773,0.335554244055624,1,0,-0.114344830442661,0,0
2376,0.27627316582948,1.7586725474102,1,1,-0.120813369226657,1,0
2377,0.171960371953901,2.46880300172523,1,1,1.03131894599756,1,1
2378,1.08807149873794,2.31357557401687,1,0,-1.33150923911393,0,0
2379,0.0677821598947048,0.168929619241448,2,0,1.02458471740611,0,1
2380,0.306668110715691,0.551408377619442,0,1,0.905859789140592,1,1
2381,0.520236775758391,0.578598091378808,0,0,0.857591116811997,0,1
2382,1.63809231037088,3.16860888437441,1,0,-0.503816091647081,0,0
2383,0.445863512394545,0.843057280829684,1,0,2.38265140117523,0,1
2384,0.255699502304196,1.41900579354781,1,1,0.84057847894335,1,1
2385,1.92794914346862,2.27672460536785,2,0,0.0426137488061401,0,1
2386,0.119544944609515,0.414059037764852,2,0,1.42021268913111,0,1
2387,0.746787937310697,1.01742997245525,1,1,-0.100933066352762,1,0
2388,0.176086722873151,2.26493635822699,2,0,-0.939804933126038,0,0
2389,1.00707879401149,1.31028458160329,2,1,0.0783455219263735,1,1
2390,0.0403903319966048,1.73331456859504,2,1,0.663658141185719,1,1
2391,0.349724443629384,0.752175252230617,1,1,-1.13519728102553,1,0
2392,0.386562797240913,2.07514932705515,1,1,-0.831991038660866,1,0
2393,0.396809409721754,0.471476366514847,0,0,0.882103257750128,0,1
2394,0.42691520677181,3.73229626139718,2,0,1.32175679345801,0,1
2395,1.07341337390244,1.16045045059694,1,1,-1.57523046173945,1,0
2396,0.0411914739832877,0.450934833271071,1,1,0.559900190436627,1,1
2397,0.359134956088383,1.56325461707967,1,1,0.80625543006117,1,1
2398,1.44186211946964,1.4616449627577,1,0,-1.29340234715975,0,0
2399,0.661264252822668,0.907648115729292,0,0,0.0396495190258977,0,1
2400,0.20355965330964,2.08955271365347,1,1,0.21239061970815,1,1
2401,0.36527877964545,1.43771109114932,2,0,0.47507671604141,0,1
2402,0.168506910035369,0.407610569755633,1,0,-1.12822802305597,0,0
2403,0.102416314643579,1.24555806546777,0,1,-0.956324659197386,1,0
2404,0.440600400790572,0.58442242196014,1,1,-0.0244080080452177,1,0
2405,0.507718258074908,1.30989832820326,2,0,0.421297443814144,0,1
2406,0.855179027654231,2.54782132228081,2,0,-0.273983108753595,0,0
2407,0.0922733932536641,0.296233069977384,1,1,-0.981372688267177,1,0
2408,0.188195511676767,1.09443488116395,1,1,-1.86842029149572,1,0
2409,0.0189754355756812,0.212744599877897,1,1,0.0108280278276172,1,1
2410,0.0946134003846934,0.279718141389415,1,1,0.5358439907421,1,1
2411,0.0662156544586531,0.261147991668219,2,0,0.154759037440022,0,1
2412,1.21985751781018,1.50179108097041,1,1,0.535459341152134,1,1
2413,0.498129942454398,0.516307527764299,1,1,-1.19134122560139,1,0
2414,0.410810598696116,0.551518105166464,2,0,1.47502499189861,0,1
2415,0.205885327304713,1.80132500474578,2,0,0.43767368042783,0,1
2416,0.494162181831718,1.26289947610264,1,0,0.103464789606612,0,1
2417,0.298832962244898,0.932719430084081,1,0,0.16587590726839,0,1
2418,1.55544948639853,1.58178131052643,1,1,0.749826828726369,1,1
2419,1.31647891458124,2.72615155352939,2,0,-0.105733448363029,0,0
2420,0.053311375901103,0.438172612376147,1,1,-0.558299919367394,1,0
2421,0.176426090300083,2.21151057897987,1,0,-0.105924912998378,0,0
2422,0.0671152721407964,2.28646538612743,2,1,0.997099300616405,1,1
2423,0.266334068961442,0.809030966650253,0,1,-0.572111406557921,1,0
2424,1.01822842936963,3.6723304439706,1,1,-0.842178040437028,1,0
2425,2.8175283151966,5.85007847609934,1,0,0.0569703676003136,0,1
2426,1.498417867036,2.20661845843163,2,0,1.57089776390203,0,1
2427,0.0617382859807117,0.298732756610275,1,1,1.05396464013873,1,1
2428,0.109705761424266,1.25858504888395,1,1,0.114976142781201,1,1
2429,0.504409623332322,3.01947149750976,2,0,-2.32464261502151,0,0
2430,0.145583183504641,0.953889770352401,1,1,-0.350799650597961,1,0
2431,0.552118269669493,0.646807379848842,1,1,-0.9296956633061,1,0
2432,0.0433702117105699,0.123797321583412,1,0,-0.343508926015711,0,0
2433,0.0651564884525649,0.157872446629519,1,1,0.407551028758807,1,1
2434,0.0784466936602257,0.750184953944277,2,0,1.9852338947652,0,1
2435,0.428591821109876,0.456673436826459,1,0,0.270680264305317,0,1
2436,0.0837163478136063,2.59911113108198,0,0,-0.0538159950271014,0,0
2437,0.76658079747279,1.9597378630525,2,0,0.937344712258393,0,1
2438,0.0423195384792052,2.19581298837576,2,0,0.46143038084831,0,1
2439,0.211781777325086,1.42646084230987,2,0,0.687339531732074,0,1
2440,0.384353787638247,1.64928031253156,2,0,-0.739832485998808,0,0
2441,0.0617474495933914,0.252032410519317,1,1,-0.880783597226405,1,0
2442,0.0775702713845886,0.188734419773559,1,0,-0.928644524942452,0,0
2443,0.848413413390517,2.08281193135581,2,0,-0.247304693647729,0,0
2444,0.555951414828731,0.851878459920588,2,0,0.0490948487915909,0,1
2445,0.0500178087834751,1.45379791092675,1,1,0.548866442961544,1,1
2446,0.363341227930505,0.518561918886705,2,1,1.0157520056558,1,1
2447,0.893495061434805,0.915704253021046,1,0,-1.43380180782318,0,0
2448,0.194096954194743,1.24030080772456,2,0,0.449188043631069,0,1
2449,0.208699192735367,1.31593694801993,2,1,0.991427895827576,1,1
2450,1.20355088450015,1.52011398832586,1,1,-0.151975202381548,1,0
2451,0.0761673316558108,1.20226807294004,2,1,1.75250050807023,1,1
2452,0.175889415550046,1.14882635846961,2,0,0.0340370120924632,0,1
2453,1.77407769105377,1.83964102720297,1,0,-1.13152764327389,0,0
2454,0.908484197696385,2.54303043223101,1,0,0.390699364439482,0,1
2455,0.0025902144102947,0.0274933701996495,2,1,0.676939742615641,1,1
2456,0.207290892431047,0.601033344055258,1,0,0.00255777021389827,0,1
2457,0.177108244763613,0.538706377510523,2,1,0.561671054702086,1,1
2458,0.117043419741094,0.240466506260319,1,1,0.555200320505137,1,1
2459,0.148942593938196,0.525484673637333,0,0,-0.0359573237386431,0,0
2460,0.771440638319829,0.943849948603412,2,0,-0.0971586681023135,0,0
2461,0.552580182440579,1.6247931209023,2,0,-0.571161411897351,0,0
2462,0.0529662231565453,4.08390751804422,2,0,1.07649639802674,0,1
2463,0.531897639713071,3.53023389606966,2,0,0.806847583811991,0,1
2464,0.112802033836488,0.795238544255062,0,1,0.34129257439084,1,1
2465,0.983763602868418,1.13285284246372,1,0,0.432370727832973,0,1
2466,0.0404458615230396,0.218047654563996,2,1,0.476050014149903,1,1
2467,1.13679310435468,1.21404258867855,2,0,-0.517871399342352,0,0
2468,0.0419587609940208,0.168296854348157,2,0,0.68910173091775,0,1
2469,0.366438796336297,1.33840627464294,0,1,0.569709425262478,1,1
2470,0.245320279269873,1.19296528832379,1,1,0.379165184091209,1,1
2471,0.332888462613422,4.6259087349842,2,0,-1.29649514416872,0,0
2472,0.0256243225052525,0.470644570955769,1,1,0.849735631486748,1,1
2473,0.261637320800219,0.685557537813802,0,0,0.754385178227464,0,1
2474,0.281683789330879,0.678333478302674,1,0,0.0174494341825785,0,1
2475,0.0351239295559935,1.26447582185591,2,1,1.04363682435757,1,1
2476,0.318734412721824,1.75753272195713,2,1,0.449833548578504,1,1
2477,0.194209158420563,1.10333738344193,2,1,-0.054289594225056,1,0
2478,0.0136275350814685,1.51177251362866,2,0,0.707665903324626,0,1
2479,0.0344788806740982,0.117035671313554,2,0,1.1797734541726,0,1
2480,0.0297493663090636,4.26522409499235,2,1,-1.37666099840123,1,0
2481,0.518707945942879,1.01569421780485,2,0,-0.821260150457212,0,0
2482,0.484286138063118,0.50126675208257,1,0,0.554606347454019,0,1
2483,0.293239740421996,0.582372943425163,2,0,0.5062056521372,0,1
2484,0.195836055499967,2.28749736725514,2,0,0.245623198493488,0,1
2485,0.325330863684101,1.22930710292768,1,1,-0.996456096767609,1,0
2486,3.0479683203805,6,0,0,-0.188072475603905,0,0
2487,0.0083624088078391,0.0613855091530202,1,0,-1.07580961448402,0,0
2488,0.00824822898721322,1.80513152893219,1,1,1.21042242718931,1,1
2489,0.29989139206009,0.380637401248737,1,1,0.371862606282275,1,1
2490,0.0972502610706737,0.48606196810705,1,0,0.0906942604587577,0,1
2491,0.144226458363753,0.751626178274972,1,1,0.142343941293608,1,1
2492,0.0458240462467074,0.341963302984454,1,0,-0.858111784504576,0,0
2493,0.0462594377079534,1.09437078872236,1,1,0.781621163781218,1,1
2494,0.257949368096888,0.793320194268726,2,1,1.20826445824521,1,1
2495,0.244313799776137,1.46736656708053,0,1,-0.310069234961056,1,0
2496,0.143491403723601,0.712028202835051,2,0,0.967486184345506,0,1
2497,0.8735521575436,1.55030158348382,0,0,-0.350476402666967,0,0
2498,0.0340664073524343,1.09571166778013,1,1,0.56625197797261,1,1
2499,0.245067350566387,1.09830333551613,2,1,-0.558541154182841,1,0
2500,0.739617469720542,1.19721625288535,2,0,-0.977112915066593,0,0
2501,0.0413845241044863,2.0375873670508,2,0,0.566660888491475,0,1
2502,0.453521302537619,0.681859261073058,1,1,-0.252827262604997,1,0
2503,0.392052882525604,1.03436599849891,1,1,0.210868647527598,1,1
2504,0.00812021177262068,0.239587917583076,0,1,-0.853644367275738,1,0
2505,0.489051490490854,0.582693552244538,1,1,0.435032840813475,1,1
2506,0.577629724258378,2.83320560430487,0,1,0.237472039457239,1,1
2507,2.19506018600407,2.68586550772038,0,0,-1.50268013697328,0,0
2508,0.292669826187193,2.38348073756984,1,0,-0.543444601833053,0,0
2509,0.0508743547834456,0.481221383855246,2,1,1.44007937339135,1,1
2510,0.500583028743796,1.4518496597835,2,0,0.279797500361022,0,1
2511,0.171099999861326,1.11228876223305,2,1,0.519146670380275,1,1
2512,0.414231339236721,2.68080812443716,2,0,0.641545545506844,0,1
2513,0.208749936893582,1.62806915758986,1,1,-0.812733801308543,1,0
2514,0.0518270338545385,0.0766051291202415,1,1,-1.49748315595118,1,0
2515,0.0502037661499344,0.133423528489528,2,0,1.45334362543419,0,1
2516,0.726724322276943,3.02461155765936,1,0,0.164472557189405,0,1
2517,0.0340392533689737,0.368117053325731,2,0,0.439227579916185,0,1
2518,0.0816003960790113,0.698848921719514,2,0,1.45838249874272,0,1
2519,0.406653148238547,0.812899705170157,2,0,0.0799462110849658,0,1
2520,0.382854498166125,0.674430890543873,2,0,0.574180759158331,0,1
2521,0.0722361945087116,0.301583500705917,1,0,-1.41654349801889,0,0
2522,0.386818534461781,0.868248276867167,1,0,1.44548230319502,0,1
2523,0.988253714516759,1.44819055407611,0,0,-1.03113920553073,0,0
2524,0.811533979113966,1.39688135474525,1,0,0.719879873033765,0,1
2525,0.216617346741259,0.281347198695894,1,0,1.70101324138633,0,1
2526,0.104087223925451,0.157573252799878,1,1,-0.875064415301717,1,0
2527,2.03164609140697,2.09973271635958,2,0,-0.749229993769592,0,0
2528,1.19774263346905,1.36434178084709,2,0,0.485564103187854,0,1
2529,0.319793441158254,0.324602691241362,1,0,0.923793630772644,0,1
2530,0.245267262682319,1.43539825383611,1,0,-0.793599118212506,0,0
2531,0.0472415465628728,0.328793101864581,2,1,1.55002750159132,1,1
2532,0.0614303229376674,0.802689365421732,0,0,-1.83649593325162,0,0
2533,0.0503335731150419,0.0560746478619975,2,1,0.269382655995573,1,1
2534,0.869256034493446,2.4451460223645,0,0,-0.975804366953216,0,0
2535,0.173462789098267,2.08678893086148,1,1,1.52611649917686,1,1
2536,0.740074323231176,3.06438174688921,2,0,0.0257267968625837,0,1
2537,0.565491008429609,1.09652744916578,0,0,1.95099202873059,0,1
2538,0.0119860165206923,2.58033064709198,2,0,-0.319143891711783,0,0
2539,0.213043371622916,0.418227630882476,2,1,2.51912550902512,1,1
2540,0.309395116753876,2.06773580724722,1,1,-0.890286916900197,1,0
2541,0.221599922515452,0.734163525537624,1,1,1.17027788779155,1,1
2542,0.36408482119441,0.480304585371582,2,0,1.25825241177918,0,1
2543,0.656323160976171,2.13964638728637,2,0,-0.256488224443624,0,0
2544,0.617431736292139,0.74253847326871,1,0,0.429780610253103,0,1
2545,0.266127457434777,1.32390171289444,0,0,0.00034678359976858,0,1
2546,1.29063074104488,3.28922416065415,2,0,-0.454024647782194,0,0
2547,0.0775196173344739,0.844252035421096,1,0,0.930400828952141,0,1
2548,1.91905813767061,2.54633135704468,1,1,-0.259631909086802,1,0
2549,0.217311877931934,1.39718874571611,1,1,0.488928159217509,1,1
2550,0.733519705943763,2.41936549276063,2,1,-1.33746531136718,1,0
2551,0.986984569992513,2.81441495885237,2,1,0.0367428390561774,1,1
2552,0.387180176912807,1.01888815670511,0,0,1.14715887108251,0,1
2553,0.279512810520828,0.854556625654168,2,0,1.62940232397272,0,1
2554,0.576253099107936,0.694933107222691,2,1,0.440029392379583,1,1
2555,0.0117590362788178,0.0358696609553423,2,1,0.384508862347715,1,1
2556,0.05538260191679,1.23718313415493,1,1,-1.14850238399073,1,0
2557,0.165055088698864,1.6488123840342,0,1,-0.276965396021583,1,0
2558,0.221589950972084,3.74992364115251,1,0,2.0421892417736,0,1
2559,0.637681157069102,0.712003590733254,1,1,1.19174578061686,1,1
2560,0.116647775051839,0.646886090198729,2,1,0.867479384660584,1,1
2561,0.581748329542399,1.55785338642697,0,0,0.262722507797293,0,1
2562,0.398041870503221,0.989192268718706,1,0,1.73094968007221,0,1
2563,0.631335065409987,1.13470641797849,1,1,0.28714608824152,1,1
2564,1.42676205702664,1.94888889385156,1,1,1.62661970162166,1,1
2565,0.477808710187674,0.651843091198523,1,0,-0.285019970323277,0,0
2566,0.0880021792104364,1.15556009548481,1,1,0.120068021664075,1,1
2567,0.482504168754103,5.01489335034461,2,0,-0.0169575251520026,0,0
2568,3.82293267158752,4.07501491576589,2,0,-0.779909685818977,0,0
2569,0.188374300487339,1.60754450001049,1,1,-1.25196293282512,1,0
2570,0.023088333196938,1.49237450250792,2,0,-0.164630908720489,0,0
2571,0.0164023341494612,1.85759187891498,0,1,0.371250913694,1,1
2572,0.0963735987897962,0.200725000375746,1,0,0.408184565336428,0,1
2573,0.014457469364011,0.395191101911623,2,0,1.1472710860234,0,1
2574,0.486491402817711,3.34673073147778,2,0,0.921501351203785,0,1
2575,0.230299718969036,2.64583560352053,2,1,1.82059775681712,1,1
2576,0.124922436953057,1.6956205502286,1,1,0.290359550855437,1,1
2577,0.0138216136838309,1.90103188696227,2,0,0.228799055878106,0,1
2578,0.146024675181252,1.56824698764855,2,1,0.279158947470808,1,1
2579,0.279683393600862,2.00776136090933,2,0,0.682751097800889,0,1
2580,0.544217910474919,2.18328133608595,2,0,0.602596616657481,0,1
2581,0.0990186959351444,0.175444088142519,2,1,-0.223773648760945,1,0
2582,0.307324847672135,0.995293264670344,2,0,1.16395740702241,0,1
2583,0.181378794077318,2.6426578857908,2,0,0.0875676656222281,0,1
2584,0.40504884935217,1.14700238316315,2,0,1.01021468101967,0,1
2585,0.132413714303259,4.24534042858869,0,0,-0.663070443555491,0,0
2586,0.0258181861136109,0.18086271154946,2,1,0.646062582850172,1,1
2587,0.841770675964653,1.47856208449322,1,0,-2.15142339510138,0,0
2588,0.198641211609356,2.18022260896011,2,0,0.42771797450644,0,1
2589,0.0952385468408465,0.309994630043836,1,1,-0.393839365431188,1,0
2590,0.0914347966318019,0.715383838916637,2,1,0.550337373251411,1,1
2591,0.00850939657539129,1.15096383882733,1,1,-1.81356303117241,1,0
2592,0.163829638040625,0.591591886983578,1,0,0.263246878272102,0,1
2593,0.191099475394575,3.66127118352681,2,0,0.331990960645323,0,1
2594,2.10246074468571,4.31465350874349,2,0,0.228219967316729,0,1
2595,0.0439569403533824,1.40201948437185,1,1,0.312899116274585,1,1
2596,0.0900982282673558,1.26313473910739,2,0,0.222503517432578,0,1
2597,0.00231120551667624,1.36820966683031,1,0,0.326160260368005,0,1
2598,0.139063550450373,1.13552838528058,2,0,0.876614980667114,0,1
2599,0.126400925779565,0.135296557116555,1,1,-1.17431553029922,1,0
2600,0.0114927897229791,1.21987832739217,1,1,-1.41609897083741,1,0
2601,0.826923663727939,2.38763468722605,1,1,-1.64479143932099,1,0
2602,0.2995555268717,1.34294894090264,1,0,1.84296872292833,0,1
2603,1.29759973380715,3.96667962950831,2,0,-0.770076548597775,0,0
2604,0.189063300144994,0.677738400797049,0,1,-1.37248005397795,1,0
2605,0.127471942171039,2.53624829463661,0,0,0.524727899422023,0,1
2606,0.963910148659364,1.01124808813135,0,0,0.0998343353977596,0,1
2607,0.215796202246565,0.215829636758213,2,0,1.42051227135971,0,1
2608,0.0707611729740165,2.80402065254748,0,0,2.15438225428962,0,1
2609,0.188155611271357,0.299584679985841,1,1,-0.407119038577435,1,0
2610,0.195947570900898,0.684329543348712,1,0,0.109760811820414,0,1
2611,0.408829717489425,0.42010145869227,2,1,0.404936231014003,1,1
2612,0.00626653364423151,0.536429300948493,2,1,-0.419959434652191,1,0
2613,0.163971007277723,0.375916078328229,1,1,0.709899851164825,1,1
2614,0.130970031023026,0.572735928323788,0,1,0.0896906272806031,1,1
2615,0.311121689519335,1.79474856083592,0,1,-0.492086639870108,1,0
2616,0.285715291276574,1.59722906374561,0,0,-0.264575171019681,0,0
2617,0.783242444507778,1.02390010262051,1,0,-0.931132621023713,0,0
2618,0.509608784897074,2.08238603902278,1,0,0.0238791543858678,0,1
2619,0.420636366179679,2.35326483170807,2,1,0.219433122794003,1,1
2620,1.03686754004435,1.32529406263266,0,0,0.655690333377836,0,1
2621,0.136768351242021,0.210085452148726,2,1,1.33013579626377,1,1
2622,0.057247431948781,0.379118934007898,1,1,-0.554847812199544,1,0
2623,0.0811350965523161,1.1822605989195,2,0,1.00187435884533,0,1
2624,0.239746430387815,2.61030540863135,1,1,-0.469057464805039,1,0
2625,0.210422882481527,0.89390101953931,0,0,0.412318722840431,0,1
2626,0.579344522207975,1.16945637745844,1,1,-0.847175753934233,1,0
2627,0.32801573339384,0.964885667252316,1,0,0.971706195542859,0,1
2628,0.637069552205503,3.06741094941871,2,0,-0.876756109089736,0,0
2629,0.127576433492035,3.09946287001748,1,1,0.058615987672434,1,1
2630,0.626536144383073,0.906829571455251,2,0,0.70532711288145,0,1
2631,0.184821643486309,1.65926479521899,1,1,-0.737784799653647,1,0
2632,0.718270133921698,1.34103788958106,1,1,0.674102798058563,1,1
2633,0.524210920756139,2.33751757520005,1,0,-0.765064480623756,0,0
2634,0.242614310194423,1.39613598950839,1,1,-0.513439036467508,1,0
2635,0.603504197672009,0.875676056720819,2,1,-1.25429691387868,1,0
2636,1.00805746018887,2.8055684428507,2,1,-0.233009852195218,1,0
2637,0.368669604067691,0.661335186191572,2,1,2.26333487111261,1,1
2638,2.21100683501902,2.63118171239836,1,0,-1.67384358316845,0,0
2639,0.594473636139301,0.739923955817639,1,1,-0.69984840993426,1,0
2640,0.744938910938799,1.04501697667942,1,0,-1.43114255257592,0,0
2641,0.186248903919477,0.586102888383031,1,0,0.477516960219616,0,1
2642,0.325753334909678,0.60899994027643,0,0,0.749679805472899,0,1
2643,0.487826335652849,1.59884195318981,2,0,0.758599554034962,0,1
2644,0.631255604941866,1.81216940594216,0,1,0.299719860678046,1,1
2645,0.300253123302126,0.755329985389234,2,0,0.766869526873104,0,1
2646,0.00125678889601609,0.564574699910506,2,1,0.625887703083422,1,1
2647,0.0494545945548452,1.47869057728491,1,0,0.18276834919712,0,1
2648,0.496160827577114,2.08472953351968,0,1,-0.757580570533544,1,0
2649,0.408880361937918,0.508401813634562,2,0,0.431718390493476,0,1
2650,0.785394256934524,1.36151165729574,1,1,-1.41780480524875,1,0
2651,0.0758883528760634,0.371837488569046,2,1,0.083550662221066,1,1
2652,0.452164217829704,2.58637049493456,1,1,-0.237811282373641,1,0
2653,0.0488572276663035,1.73190817284864,2,0,1.7740970784536,0,1
2654,1.25359175255859,2.12543063594842,1,0,1.04936327650493,0,1
2655,0.0724635245278478,1.0083355262998,1,0,-1.54056270066251,0,0
2656,0.165465355554544,0.712912990617519,2,0,0.542368018138711,0,1
2657,0.0945484813917374,0.296729195553554,2,0,0.059172849072308,0,1
2658,0.0932224333314706,0.612579915787739,1,1,0.267683601580275,1,1
2659,0.989924510888398,1.00621458249651,2,1,1.0696636237667,1,1
2660,0.299579406548044,1.09974237683227,2,1,0.877138276490827,1,1
2661,0.518440561941695,1.37715807904107,2,0,-0.0357058442256995,0,0
2662,0.459095469533287,1.47181475224594,0,0,0.275618925403102,0,1
2663,0.0758134153938933,0.214933170010466,1,1,-0.936961243378812,1,0
2664,0.270904118423656,0.296312376510643,1,0,1.95927106787378,0,1
2665,1.59962329818847,2.78174147245043,2,0,-0.930178273380361,0,0
2666,0.0742535857716575,3.26361402605472,2,1,0.492855274218959,1,1
2667,0.43742866255343,0.666503379197717,1,1,-0.488090011779792,1,0
2668,0.125742047093809,0.151097075467959,1,0,0.736694631115192,0,1
2669,0.0283323255272532,0.225631991854972,2,1,1.71965047930454,1,1
2670,0.0786612852243707,0.172286224743426,2,1,0.0384858380971512,1,1
2671,0.200094841711689,0.854730968865721,1,1,1.08524718770329,1,1
2672,0.392015980032738,1.93187868030787,1,1,0.428778580697762,1,1
2673,0.218832707032561,0.414480611186388,1,1,0.532369038707825,1,1
2674,0.317831175634637,1.01203228036563,0,0,0.11261221102128,0,1
2675,0.0412337810963405,0.192608909614344,2,1,0.215189831739569,1,1
2676,1.61086666907327,1.89952989510609,2,0,-1.00263372119122,0,0
2677,0.223049323249143,1.85686284390536,1,1,1.25138300961464,1,1
2678,2.44346018872204,5.82807373317748,2,0,-0.807312041014413,0,0
2679,0.29223840276245,0.422768246229818,1,0,0.350440708147401,0,1
2680,0.242683615757121,1.70955411902765,2,1,-0.615203859412054,1,0
2681,0.040229327635162,1.17358545422358,2,0,1.40096697128626,0,1
2682,0.654696758693837,1.35266242869986,1,0,0.0565600122352924,0,1
2683,0.036482562427409,0.436361065755288,0,0,0.742643252052663,0,1
2684,1.48629955357446,1.69893033141518,2,0,0.00679836586418149,0,1
2685,0.467141835253935,0.684690607004205,2,1,0.250061849182608,1,1
2686,0.216698830772657,0.986334581979334,2,1,0.119060268079429,1,1
2687,0.984546796418726,2.06512073818173,1,0,-0.457873520609591,0,0
2688,0.122110559605062,0.224206053341428,0,0,0.383272078228024,0,1
2689,0.276107611716725,4.07239163294435,0,0,0.636322585312777,0,1
2690,1.06971128471196,1.2543097489535,1,1,-0.558858198404479,1,0
2691,0.197340157639475,0.251302337941786,1,0,-0.544826091026918,0,0
2692,1.77182825273814,3.70421591835717,0,0,-0.537514319378107,0,0
2693,3.19093302993064,3.50838490731241,2,0,-0.740563266942357,0,0
2694,0.200389107266242,0.518776225469208,2,0,1.83906292857428,0,1
2695,0.969386946991602,1.57712114664416,0,0,1.31217328393353,0,1
2696,0.0235442047587321,2.03749507044752,0,1,1.29365894685822,1,1
2697,0.921793098548771,1.81784762444649,1,1,-0.645168005660851,1,0
2698,0.0030748822609894,0.315902601617264,1,0,0.459054285971254,0,1
2699,0.204321404919028,0.672248667457402,2,0,-0.0099113790835729,0,0
2700,0.638323806301234,0.798674178704688,1,1,-0.476396781447079,1,0
2701,0.991233597938105,2.31836539883871,2,0,-0.518014576946461,0,0
2702,0.348237619036809,0.46899093061136,2,0,1.26411094610241,0,1
2703,0.287860311218537,0.769931744985669,2,0,0.85239794993145,0,1
2704,0.100633933918796,0.889794831881155,1,0,0.595608930786178,0,1
2705,0.0688565662130713,0.780555403297296,1,1,-1.19472745045827,1,0
2706,0.105325361946598,0.565726482320372,0,0,0.412808104939532,0,1
2707,0.177865445730276,2.01766632316439,1,1,0.824337577717989,1,1
2708,0.496557271452497,1.16846426807812,1,0,-1.13874401300386,0,0
2709,1.492866199474,2.77065380277919,2,0,-0.0976610972311804,0,0
2710,0.0987602880923077,2.39436705199025,2,0,0.429306152005198,0,1
2711,0.343582026835065,4.31858598875503,0,0,0.537618877036485,0,1
2712,0.276433885737788,0.397412548750964,2,1,1.45586523987975,1,1
2713,0.798263408915892,0.917782044659493,2,0,0.669077895571572,0,1
2714,0.36113712034421,0.693664884197195,1,1,0.680457361613461,1,1
2715,0.120170131267514,0.56231450763887,1,1,0.416757388461991,1,1
2716,0.00301685287536846,0.63203226916859,1,1,0.567689594019311,1,1
2717,0.027038179396186,0.703029378006856,0,0,0.469220696208878,0,1
2718,0.0804184379029981,3.08609327766961,1,1,0.608217737138126,1,1
2719,0.00179653242230415,6,0,0,-0.968404087351271,0,0
2720,1.34417090564966,1.71648844382188,2,1,-1.45716477857503,1,0
2721,1.14172203186348,1.90459458457514,2,0,0.0550325077216311,0,1
2722,0.61253322660923,0.936943462180758,0,0,-1.51332279315519,0,0
2723,0.72523074131459,4.6499516267898,1,0,-1.43191708551626,0,0
2724,0.201836126798298,0.693625170566328,1,1,0.938562310718189,1,1
2725,1.26703592710534,1.44659118017041,1,0,1.09340688343281,0,1
2726,0.526210972430937,0.659941951667976,1,0,0.0849628720302345,0,1
2727,0.223978303187346,2.2159060295836,1,1,0.817371138296122,1,1
2728,1.27825136575848,3.40287767040233,0,0,-0.303184191024702,0,0
2729,0.437918454964467,0.618752007006801,2,0,2.02259222731992,0,1
2730,0.984792024775982,1.11534059943051,0,0,0.145973901290864,0,1
2731,2.33388303956928,5.02784794765114,2,0,-0.0714146061938318,0,0
2732,0.321989298496227,0.434647436188416,1,0,-0.528022507450632,0,0
2733,0.653985052459695,1.36862378473565,2,1,0.206523388173935,1,1
2734,0.0392864912282676,5.65832548956503,2,0,0.870509387369479,0,1
2735,0.105548264012039,0.935159891005404,1,1,0.0922407932495413,1,1
2736,0.675119802141221,1.62628558182901,2,0,-0.0610908509305819,0,0
2737,0.11815394856967,0.79215833077443,2,1,0.306996573648693,1,1
2738,0.0955223273485899,0.667185381700704,1,1,-1.06087474143976,1,0
2739,0.382180402812082,0.598423328764594,2,1,1.66014961193513,1,1
2740,0.209170695161447,1.64295871341078,1,1,0.214704265385621,1,1
2741,0.0269555822014809,0.514804534614086,0,1,-0.732302126175688,1,0
2742,0.355092276482597,1.53745751858116,2,1,-0.363080698548818,1,0
2743,0.0809587466132352,1.84000420046222,1,0,-0.964788873856801,0,0
2744,0.614588672596935,1.13887642537345,2,0,-1.11520226163234,0,0
2745,0.175791365094483,0.229909932551097,1,1,-0.0204044013303368,1,0
2746,0.251812560018152,0.939583763307335,1,1,0.0914307217406392,1,1
2747,0.916187958739341,1.45668825833947,2,1,1.11287011713817,1,1
2748,0.438022280885623,1.36631005290971,2,1,0.412260173681492,1,1
2749,0.00397025112761185,1.97653255677395,1,1,0.521330354681121,1,1
2750,0.0584879722563324,1.54684551116338,2,0,0.104440579347734,0,1
2751,0.127249032957479,0.304118546592536,2,1,0.253977028814897,1,1
2752,0.0356314834207296,0.953124760690202,0,0,-0.922186150812313,0,0
2753,0.0222087781601076,0.213302555321004,0,1,0.434403132768834,1,1
2754,0.475666417740285,1.11519700520359,1,1,-0.286611698975938,1,0
2755,0.763890718200065,1.61301088519394,0,1,1.63776401502356,1,1
2756,0.176572120981291,0.347887447656193,1,1,1.92695914324108,1,1
2757,0.730397024191916,2.52571344398489,1,1,-0.506918664210465,1,0
2758,1.67375665598531,2.01507388436562,1,0,-0.190150057522041,0,0
2759,1.595010874947,1.85814632485212,2,0,0.241546999082344,0,1
2760,0.841763481894862,0.845356823918683,1,1,-1.01740611812159,1,0
2761,0.441143875915378,1.08979590571853,2,1,0.641081469082458,1,1
2762,0.102976570147244,0.149017999672891,0,0,0.553416908865805,0,1
2763,0.496686053785317,1.63281648920388,1,0,1.54759144219538,0,1
2764,0.199238069355488,0.870993551076283,1,0,-0.676856197181132,0,0
2765,0.26768122887006,2.44521636361277,2,1,0.0713277334609864,1,1
2766,0.00747528509236872,1.04830351806994,1,0,1.56031684961097,0,1
2767,0.28326171945082,0.706606618035191,1,1,0.0366120235372128,1,1
2768,0.089705090873299,1.292224638261,2,0,-0.379202232594186,0,0
2769,1.11931766261683,1.18915943589999,2,0,0.268053613368694,0,1
2770,2.28339569102556,4.44811240680459,2,1,0.148958811045938,1,1
2771,0.688459103927016,1.33002285369966,2,0,-0.338640061880778,0,0
2772,0.210756479646079,0.953589512110292,2,0,0.832402234849971,0,1
2773,0.66360780209937,0.832897213636471,2,0,1.19426156069918,0,1
2774,0.0742528920733416,0.0920459182246735,2,0,1.01757794730338,0,1
2775,0.547396986745298,1.37779742167556,1,0,-0.852818032354236,0,0
2776,0.120456416626124,2.13782634058661,0,0,1.77549414420713,0,1
2777,0.161970962944906,0.179937563042853,2,0,2.07070292231545,0,1
2778,0.173747737891972,2.57988223185142,0,1,-2.87980848727604,1,0
2779,0.281307482800912,0.388779024397779,2,0,0.183081584544891,0,1
2780,0.135682319122728,1.30574350199406,0,0,0.273110291386336,0,1
2781,1.06321672321634,2.49060557289993,1,0,0.439317773773592,0,1
2782,0.428264255169779,1.2500358065966,1,0,0.917123144318499,0,1
2783,0.0900839961832389,1.42355204995166,1,1,0.0647805218439136,1,1
2784,4.11245353130584,4.15938488828639,0,0,-1.84839830925721,0,0
2785,0.0770971205201931,2.36009279353474,2,1,1.21676373763072,1,1
2786,0.179165877378684,0.334092201904403,1,0,-0.620011935912233,0,0
2787,0.800681256689131,1.3666068483144,0,0,-0.191917878674293,0,0
2788,0.108944571560869,0.482967647515896,1,1,1.74930113748431,1,1
2789,0.371907746593934,0.456193358733189,2,0,0.692881486692636,0,1
2790,0.0845647420604577,0.69930547537903,0,1,0.241712145585306,1,1
2791,0.0872467539738864,1.85117206536233,0,1,1.35616883743419,1,1
2792,0.021818975917995,0.617386837769954,1,1,-0.173645777115308,1,0
2793,0.442698109220965,0.930322210167836,1,1,-0.149122938509511,1,0
2794,0.534442546777427,2.00909643367955,2,1,-0.687901574671167,1,0
2795,1.3492185678333,1.35795718172329,0,0,-1.91089932079533,0,0
2796,0.529803975342594,1.49720887001294,2,1,0.141692169247411,1,1
2797,0.170209247406492,0.247030490712649,2,1,0.753638626876341,1,1
2798,0.0719627574029158,0.493427704398831,0,0,-1.403896185156,0,0
2799,0.015615246957168,0.106881852803648,1,0,0.662841239106405,0,1
2800,0.125850716366877,1.4685244994957,1,1,0.710075195751157,1,1
2801,0.0190030067460611,0.446759086908514,1,1,0.58752714096902,1,1
2802,1.4899011619067,4.15084874567886,0,1,0.323835306669933,1,1
2803,0.110269899335672,0.379591906312399,1,1,0.0790954002838273,1,1
2804,0.428311453724746,1.83997518136434,1,1,1.70164741133068,1,1
2805,0.073697695042938,2.08359124003275,2,1,1.29752774546373,1,1
2806,0.582708501727475,1.43833107373525,1,1,-0.344371303814274,1,0
2807,0.936648702248931,2.43457554308206,1,0,-1.18473720164481,0,0
2808,0.015135963622015,1.833824132639,1,0,0.346053286149344,0,1
2809,1.04889162350446,2.54007499816121,1,0,-0.442593304576931,0,0
2810,0.152781413926277,0.304000677221516,1,0,0.841157115493403,0,1
2811,0.404337915824726,0.640382883972416,0,1,0.181522304985901,1,1
2812,0.365709499747933,0.519473704819878,0,1,-1.49698534455942,1,0
2813,0.380360838025808,2.61660855953585,2,1,0.534970537449032,1,1
2814,0.222833918232936,0.266390256995215,0,1,0.486090785612417,1,1
2815,0.0600240612402558,0.433295126054913,2,1,-0.408797939516899,1,0
2816,0.471170231440857,2.27840336694754,1,0,0.185894933423367,0,1
2817,0.81009120773524,2.18307828121489,1,1,-1.10658556557769,1,0
2818,0.0203332779346965,3.17022845206368,2,0,0.00683503721174265,0,1
2819,0.0931391058553525,4.68041528372099,2,1,0.65974824487349,1,1
2820,0.686672107802533,2.08237513919141,1,1,1.95625967697558,1,1
2821,0.46739545955695,0.78815951702447,1,0,0.71472973306262,0,1
2822,0.0718999005039223,0.336515464741816,1,0,1.17886544815933,0,1
2823,3.63574242711825,6,0,0,-1.74071221820586,0,0
2824,1.13001852110028,1.93979435754181,2,0,-0.569289782592024,0,0
2825,0.773484253324568,1.13913597822581,1,0,-1.40126454348053,0,0
2826,0.139612211205531,1.27604874313395,2,0,0.722074477463708,0,1
2827,0.438162619848856,0.658216349159678,0,0,0.343554445232953,0,1
2828,0.145576108184539,0.854578530415893,0,1,-0.99300878565587,1,0
2829,1.59196570294523,2.56718331434622,2,0,-1.27651117944311,0,0
2830,1.51071947671591,2.93286833791207,1,1,-1.61583827195944,1,0
2831,0.0827378447866067,0.392986707500016,0,1,1.46316984856159,1,1
2832,0.264805112383328,1.76563100788642,1,0,0.216423019421936,0,1
2833,0.199758831586223,0.779527277887966,0,0,0.226067677399291,0,1
2834,1.1022420162335,2.82549708372036,0,1,-0.93114574087439,1,0
2835,1.85160950668506,2.9369320645843,1,0,-1.8146782786345,0,0
2836,0.386049197986722,2.23716664627544,2,0,-0.217863698102543,0,0
2837,0.29613596474519,1.1602099192564,1,0,0.379924186035235,0,1
2838,0.181822089944035,1.72078527494366,0,1,0.59254417169491,1,1
2839,0.021632728826661,0.903506956891309,1,0,0.263492036432594,0,1
2840,0.0564526843871459,0.244837700456996,2,0,2.30150648976575,0,1
2841,0.399070586718153,1.49630677175922,1,0,1.4641189758481,0,1
2842,0.632792918011546,2.10372670366274,2,1,-0.176062430813413,1,0
2843,0.243131471215747,0.403402312927309,2,1,1.48229186310462,1,1
2844,0.0868901282135907,0.492434863963633,1,1,-0.57674245695538,1,0
2845,0.13763933815062,1.93859818089983,1,0,-0.55953395986453,0,0
2846,0.411397560674231,1.01555906446041,2,0,1.02499183487677,0,1
2847,0.757433893714853,2.32892061255546,2,0,0.134580514283679,0,1
2848,0.174115276497734,2.58641726448818,1,1,1.169997667539,1,1
2849,0.525319635868073,0.627362409372323,1,1,-1.81856697538059,1,0
2850,0.063657223363407,0.705007431005046,1,1,1.74624728860115,1,1
2851,0.269044031389058,2.77210701170693,1,0,-0.651808588356752,0,0
2852,1.40826039590447,1.42198298224721,2,1,1.17071250564836,1,1
2853,0.401980206079315,0.843185538089123,2,0,0.103786957062643,0,1
2854,0.435436214876183,1.62503484420296,1,0,0.363234839068612,0,1
2855,0.468072182821863,1.34173716410015,2,0,1.74358121154063,0,1
2856,1.51547450913622,3.08537002652884,0,1,0.426256344833807,1,1
2857,0.116273182502482,1.12882447650696,2,0,0.208163040649538,0,1
2858,0.118634634418413,0.244622727235158,0,0,1.38020954307928,0,1
2859,0.129172010347247,1.09389480971178,1,1,0.233339616350378,1,1
2860,1.68909110493007,3.00332884032183,2,1,-1.46268539147755,1,0
2861,0.65993203981397,0.869885071581082,1,0,0.715454262764915,0,1
2862,1.45281328625026,3.91374173396311,2,0,-0.052765229481624,0,0
2863,0.332997549325228,0.662620184258402,2,0,-1.06155871338235,0,0
2864,1.98199708285263,3.48384413157502,2,0,0.506898928579543,0,1
2865,0.912227629683912,1.60413220691132,1,1,-0.372733286721285,1,0
2866,1.30829566732554,1.40491767077122,2,0,0.977948155142035,0,1
2867,0.407191236736253,1.68416791253495,1,1,0.331099009876219,1,1
2868,0.375977762159891,2.60927272650103,0,0,0.0629523387103637,0,1
2869,0.380699448287487,1.96835467013476,0,0,-0.3162463530843,0,0
2870,0.232574395486154,0.234754807837617,0,0,1.6379066520163,0,1
2871,0.116136470169295,1.26161525611908,2,1,0.25725996037189,1,1
2872,0.563802377320826,0.564827607053449,1,1,-0.264669837692217,1,0
2873,0.16252125403266,1.10711594462606,2,1,-1.330798029315,1,0
2874,0.0776070748751899,1.46727949185388,0,1,0.989843393163621,1,1
2875,0.37341703515267,0.53694935184931,1,1,0.0848490338130503,1,1
2876,0.902446275436303,2.51952453363605,2,0,1.26970000136824,0,1
2877,0.475891719080329,1.01734434868557,1,1,0.489642787289809,1,1
2878,0.370065549795981,1.00999440129587,2,1,1.03473728943022,1,1
2879,0.534283909015357,1.76750496545599,1,0,-1.03682039494029,0,0
2880,0.406654117978178,0.728562413487288,1,1,1.28077640342038,1,1
2881,0.232656431384385,0.569146895656508,1,1,-0.0734263220590236,1,0
2882,0.409805485978723,0.857920081690347,0,1,-0.968827201136901,1,0
2883,0.0386797072840456,0.059897480532527,0,0,-1.07028260482031,0,0
2884,0.361756415106356,0.41727632740156,2,0,-0.7914905468772,0,0
2885,0.0595564357354306,0.329520474008715,2,0,0.0193785334916579,0,1
2886,0.642275346300386,2.64650601826768,1,0,0.741864136031712,0,1
2887,0.541990899480879,1.99799046292977,1,1,-1.63362710616525,1,0
2888,0.864431911148131,1.42827901402296,1,0,-0.880127595472683,0,0
2889,0.201312994468026,1.89606812357659,1,1,0.280679536184219,1,1
2890,0.331585830426775,2.37843317513508,2,0,0.62567095149388,0,1
2891,0.867451660335064,1.54820851428468,2,1,-0.32888760294284,1,0
2892,0.423255681525916,1.52839526461249,2,0,0.0158515093547985,0,1
2893,1.04485503276216,2.43321735870276,1,1,1.41718200190246,1,1
2894,0.0108958504005978,0.773413594903843,2,1,1.32143830228086,1,1
2895,1.0684798117727,3.30839788424498,2,0,-1.50690170436404,0,0
2896,0.245826878526714,0.793616910590219,1,0,0.884939309844525,0,1
2897,0.523283305181619,0.806282442438115,1,1,2.45548571830128,1,1
2898,0.875563284897912,0.88965980864473,1,1,0.058856808238197,1,1
2899,0.0568396301908149,1.1487381936862,1,1,0.120331526991588,1,1
2900,0.0846776468679309,1.45448377977101,1,0,-0.80753067485804,0,0
2901,0.27886709314771,0.556990733991067,0,1,0.387212991603078,1,1
2902,0.93273629900068,1.74984883597486,1,1,-1.82419865727101,1,0
2903,1.05118333706038,3.07051889727356,2,0,2.18117799678609,0,1
2904,0.187483308580567,1.43767769806564,2,0,-0.354169559869222,0,0
2905,0.612419893247391,0.631900429321766,2,0,0.348761028864309,0,1
2906,1.01363415090765,6,0,1,-1.55854388381072,1,0
2907,0.345578381184946,0.791049703211131,1,1,-2.54315081434553,1,0
2908,0.982893255424947,4.72679621833789,2,0,-0.261204331931031,0,0
2909,1.37806407284497,2.05355663097824,1,0,0.804064707114692,0,1
2910,0.130535485805012,0.771923730400691,2,1,3.38490449172173,1,1
2911,0.103261886909794,1.97648193504292,1,1,2.22230473874301,1,1
2912,1.23870127275586,1.71303152178927,1,1,-0.296704962683763,1,0
2913,0.036945430411915,0.495778495616527,1,1,0.706232624554527,1,1
2914,0.131501464929897,0.724864514109493,2,0,0.960937823198959,0,1
2915,0.00465217398319032,0.214388023214048,1,0,-0.822081371762678,0,0
2916,1.03542661405505,6,0,0,0.240225515900446,0,1
2917,0.653719627316002,3.07762278864781,0,0,0.662274209569754,0,1
2918,0.231204775336664,0.756012958940816,0,1,0.228676400760276,1,1
2919,0.0455284764053372,1.89280568393103,0,0,-1.64304048634345,0,0
2920,0.406222886405885,0.601878464167927,1,1,-0.804783637832894,1,0
2921,0.302026224962901,1.95739553126465,2,0,0.320340320734468,0,1
2922,0.531717599369586,6,0,0,-0.218798588655453,0,0
2923,0.0320532789919525,0.731900069631606,2,1,0.179503192383701,1,1
2924,0.501251915104692,0.567488474903547,2,1,-0.844640737751756,1,0
2925,0.219673164939434,0.619170954613466,2,0,0.590976260542938,0,1
2926,0.507874655537307,2.11527887579491,1,0,-0.518033280224615,0,0
2927,1.15441341762768,1.63560929622638,1,1,1.66964628909169,1,1
2928,0.216117977106478,0.785284954933594,2,0,0.083013796302205,0,1
2929,0.0903235124995305,2.89859794998325,2,0,0.504065211680482,0,1
2930,0.220028847973538,1.22086635605739,1,1,1.3231076791942,1,1
2931,0.109232982091202,1.19554577284286,1,1,0.545544191656177,1,1
2932,0.736269399613895,1.50911866326645,2,0,0.264391276303653,0,1
2933,0.129352356307209,0.64721800969018,1,0,-0.0929493797241456,0,0
2934,0.279375179379713,1.27842230196619,2,1,1.46876071676306,1,1
2935,0.200576976872981,0.458363712190645,1,1,-0.878217352075078,1,0
2936,1.64565860868005,2.08860597534594,2,0,1.47206217005351,0,1
2937,0.722339234358347,3.12289443798363,0,0,0.0159187681035068,0,1
2938,0.0360965555849031,0.482993249551014,2,0,1.35077442566263,0,1
2939,0.561115844148964,0.704226924960058,0,0,0.0547151088209607,0,1
2940,0.604505244642496,1.07317850090814,1,1,-0.680959642006833,1,0
2941,0.596063708886504,0.668022111058235,0,0,-1.61228018704277,0,0
2942,0.24720651563257,1.06051152122746,2,1,-0.808581456332531,1,0
2943,0.631674191073336,1.29591174479606,2,0,0.560352731322607,0,1
2944,0.232151224185397,0.251700717901811,2,1,1.02416185625432,1,1
2945,1.1334195266884,1.1652270912943,2,0,0.29228883986377,0,1
2946,0.0514633990824223,2.68229671492378,1,1,-0.180656145873257,1,0
2947,0.30127696110867,0.32382837186257,0,1,0.419315485616771,1,1
2948,0.0514951293007471,0.443019095695902,2,0,1.01896985456676,0,1
2949,0.661959123072967,0.721581426203021,2,0,1.77882099281347,0,1
2950,0.145968460839637,0.578011775524539,2,0,0.228425702017063,0,1
2951,0.229028706438839,1.95431555931767,0,0,-0.623284279409826,0,0
2952,0.534158753277074,0.545652194731069,2,1,1.28982571649864,1,1
2953,0.0571958420914598,0.812635140071201,2,0,0.287793952001147,0,1
2954,0.212986212223768,0.800982359796762,0,0,-0.0115755113074553,0,0
2955,1.08974365512246,1.27856747848684,2,0,1.13481874141228,0,1
2956,0.197335595179271,0.3645858238042,1,1,0.427451516617772,1,1
2957,1.07946466375142,1.09514935028481,1,0,-1.25404974034854,0,0
2958,0.0916290635359474,0.101042405676323,2,0,1.02481601212998,0,1
2959,1.57779577880068,1.85963432787314,2,1,-0.6633296240596,1,0
2960,0.186587512493134,0.364836470802423,1,1,-1.99773751619593,1,0
2961,0.554318315090433,0.977337689469543,1,1,0.609301037397919,1,1
2962,0.131474525160525,0.375622612955614,2,0,-0.306727451442552,0,0
2963,1.07573472415644,1.53563582281984,2,1,-0.108321490914217,1,0
2964,0.238316456724667,0.24752137143537,2,0,0.4723445007378,0,1
2965,0.179563646265766,0.93476427024828,2,0,0.709292045769585,0,1
2966,0.482437768019736,2.732097884176,2,0,-0.415132145004995,0,0
2967,0.41397389548365,1.17024018243654,1,1,0.406824012251345,1,1
2968,0.546545130174428,0.752278126633824,1,1,0.216275762408205,1,1
2969,0.0500896296580322,0.525353111490157,2,1,0.688134313453611,1,1
2970,0.433053492452018,0.995637116736987,2,1,0.762463328938886,1,1
2971,0.390743613243103,1.88027190575275,1,1,1.70808997065958,1,1
2972,2.57288803338053,2.67570725340214,2,0,-0.498722986660979,0,0
2973,0.654697847552598,1.77069411613047,0,1,-0.184888839831431,1,0
2974,0.681189744733274,1.04784513245057,2,0,-0.573986202766447,0,0
2975,1.15819090739229,2.79945469984364,1,0,0.0784337453332491,0,1
2976,0.143146932718921,0.642227765448494,1,0,0.310915615358827,0,1
2977,0.673018834284021,6,0,0,-1.95005640507872,0,0
2978,0.371187669225037,0.403076371654944,2,0,0.415090967087919,0,1
2979,0.0343321976107977,0.370434533647627,2,0,-0.30165828338525,0,0
2980,3.13456602480091,3.28474833502582,1,0,-0.399851499121428,0,0
2981,3.7796706741858,6,0,0,-1.0118889154548,0,0
2982,0.176440308348288,0.295219937625833,1,1,0.189026085177218,1,1
2983,0.458138171789989,0.524308668978865,2,0,1.84249515699816,0,1
2984,0.198370813741349,0.753477401729902,1,1,0.0756260269680251,1,1
2985,2.84993549046998,3.07560498826206,0,0,-0.842653388399831,0,0
2986,0.735439644351937,1.65725124013939,0,0,0.257117573352839,0,1
2987,0.20277337578591,0.945243938648092,1,1,0.3353993871651,1,1
2988,0.143811681482475,3.58469563316792,2,1,0.350777203008309,1,1
2989,0.857580539304333,1.60812543991318,1,1,-0.449596626460645,1,0
2990,0.458690429866455,1.16227770569539,0,1,1.59528038538258,1,1
2991,1.15126992575824,2.64924230496817,2,0,-0.413821400546939,0,0
2992,0.0445755749075208,1.54175136711422,2,1,1.92813474418011,1,1
2993,0.072353140625478,1.96619698243011,2,0,2.27252001812925,0,1
2994,1.37879155502497,1.52221458359076,2,0,0.00591804954181457,0,1
2995,0.331577320175711,1.08615337307274,1,1,0.577392000529553,1,1
2996,0.259666562487837,0.339815445865194,0,1,0.924467956383315,1,1
2997,0.386101737676654,1.15053052278181,2,0,0.708059173456809,0,1
2998,0.46298897124064,0.640515100742132,2,0,1.03719725599726,0,1
2999,0.622614665163502,2.68274565296282,1,0,0.21039527023931,0,1
3000,0.0430442539628686,1.55625525536381,1,0,0.587566839778244,0,1
